# zline X=10000000 rho=0.6 C(X)=1 mode=v
# sigma t ReF ImF |F|
0.750000 0.100000 -1.251692334337e+00 -8.430013199666e-01 1.509101e+00
0.750000 0.125000 -1.105953886343e+00 -9.783054662101e-01 1.476555e+00
0.750000 0.150000 -9.543839356942e-01 -1.079435247545e+00 1.440843e+00
0.750000 0.175000 -8.045222684119e-01 -1.149788063117e+00 1.403306e+00
0.750000 0.200000 -6.615641353899e-01 -1.193978057277e+00 1.365009e+00
0.750000 0.225000 -5.286177940108e-01 -1.216894469143e+00 1.326751e+00
0.750000 0.250000 -4.071690039559e-01 -1.223116824447e+00 1.289109e+00
0.750000 0.275000 -2.975665411281e-01 -1.216627814243e+00 1.252489e+00
0.750000 0.300000 -1.994352496544e-01 -1.200727242229e+00 1.217177e+00
0.750000 0.325000 -1.119879942446e-01 -1.178060215785e+00 1.183371e+00
0.750000 0.350000 -3.424220992165e-02 -1.150698105450e+00 1.151207e+00
0.750000 0.375000 3.484012886403e-02 -1.120235113486e+00 1.120777e+00
0.750000 0.400000 9.626856330733e-02 -1.087881057450e+00 1.092132e+00
0.750000 0.425000 1.509786787528e-01 -1.054542102039e+00 1.065295e+00
0.750000 0.450000 1.998117419545e-01 -1.020887345007e+00 1.040258e+00
0.750000 0.475000 2.435099105465e-01 -9.874021566766e-01 1.016986e+00
0.750000 0.500000 2.827204808495e-01 -9.544303288976e-01 9.954236e-01
0.750000 0.525000 3.180048222338e-01 -9.222072812262e-01 9.754965e-01
0.750000 0.550000 3.498491717505e-01 -8.908863181989e-01 9.571170e-01
0.750000 0.575000 3.786755142872e-01 -8.605595202556e-01 9.401903e-01
0.750000 0.600000 4.048515010965e-01 -8.312744320308e-01 9.246199e-01
0.750000 0.625000 4.286988700727e-01 -8.030473566346e-01 9.103119e-01
0.750000 0.650000 4.505001934714e-01 -7.758738004073e-01 8.971792e-01
0.750000 0.675000 4.705040336946e-01 -7.497364422865e-01 8.851434e-01
0.750000 0.700000 4.889287577660e-01 -7.246109144808e-01 8.741352e-01
0.750000 0.725000 5.059653585812e-01 -7.004696580767e-01 8.640941e-01
0.750000 0.750000 5.217796642378e-01 -6.772841363800e-01 8.549666e-01
0.750000 0.775000 5.365142941547e-01 -6.550257274055e-01 8.467032e-01
0.750000 0.800000 5.502906529780e-01 -6.336656541070e-01 8.392568e-01
0.750000 0.825000 5.632111541663e-01 -6.131743298659e-01 8.325801e-01
0.750000 0.850000 5.753617507757e-01 -5.935204863358e-01 8.266243e-01
0.750000 0.875000 5.868147383677e-01 -5.746704064906e-01 8.213389e-01
0.750000 0.900000 5.976317001389e-01 -5.565875099189e-01 8.166721e-01
0.750000 0.925000 6.078664001918e-01 -5.392324382414e-01 8.125720e-01
0.750000 0.950000 6.175674054007e-01 -5.225636785811e-01 8.089884e-01
0.750000 0.975000 6.267802316994e-01 -5.065386570454e-01 8.058752e-01
0.750000 1.000000 6.355488628003e-01 -4.911151467582e-01 8.031914e-01
0.750000 1.025000 6.439165688330e-01 -4.762527780475e-01 8.009028e-01
0.750000 1.050000 6.519260456246e-01 -4.619144194408e-01 7.989822e-01
0.750000 1.075000 6.596189868669e-01 -4.480672188771e-01 7.974092e-01
0.750000 1.100000 6.670352762693e-01 -4.346831507458e-01 7.961693e-01
0.750000 1.125000 6.742120327386e-01 -4.217389963458e-01 7.952519e-01
0.750000 1.150000 6.811827511436e-01 -4.092157795560e-01 7.946493e-01
0.750000 1.175000 6.879767525624e-01 -3.970977705491e-01 7.943542e-01
0.750000 1.200000 6.946190954491e-01 -3.853712434578e-01 7.943593e-01
0.750000 1.225000 7.011310126220e-01 -3.740232171138e-01 7.946559e-01
0.750000 1.250000 7.075308419696e-01 -3.630404141414e-01 7.952347e-01
0.750000 1.275000 7.138353266202e-01 -3.524086414921e-01 7.960859e-01
0.750000 1.300000 7.200610876464e-01 -3.421127297239e-01 7.972008e-01
0.750000 1.325000 7.262260308377e-01 -3.321370790584e-01 7.985733e-01
0.750000 1.350000 7.323504454788e-01 -3.224667613419e-01 8.002012e-01
0.750000 1.375000 7.384575883294e-01 -3.130890339610e-01 8.020875e-01
0.750000 1.400000 7.445736149565e-01 -3.039950491179e-01 8.042405e-01
0.750000 1.425000 7.507268127696e-01 -2.951815011901e-01 8.066740e-01
0.750000 1.450000 7.569461914759e-01 -2.866519527224e-01 8.094053e-01
0.750000 1.475000 7.632595816189e-01 -2.784176165827e-01 8.124540e-01
0.750000 1.500000 7.696914658458e-01 -2.704974424676e-01 8.158393e-01
0.750000 1.525000 7.762608091643e-01 -2.629174496381e-01 8.195770e-01
0.750000 1.550000 7.829791574047e-01 -2.557093502704e-01 8.236769e-01
0.750000 1.575000 7.898492370168e-01 -2.489086035853e-01 8.281409e-01
0.750000 1.600000 7.968642199019e-01 -2.425521155415e-01 8.329611e-01
0.750000 1.625000 8.040077249866e-01 -2.366758412433e-01 8.381192e-01
0.750000 1.650000 8.112545279376e-01 -2.313125513116e-01 8.435872e-01
0.750000 1.675000 8.185718571307e-01 -2.264899892634e-01 8.493277e-01
0.750000 1.700000 8.259210819183e-01 -2.222295803568e-01 8.552962e-01
0.750000 1.725000 8.332595590127e-01 -2.185457643141e-01 8.614428e-01
0.750000 1.750000 8.405424000127e-01 -2.154459289698e-01 8.677145e-01
0.750000 1.775000 8.477239573338e-01 -2.129308343574e-01 8.740569e-01
0.750000 1.800000 8.547588907715e-01 -2.109953507340e-01 8.804157e-01
0.750000 1.825000 8.616027616025e-01 -2.096292996934e-01 8.867377e-01
0.750000 1.850000 8.682121913387e-01 -2.088181897485e-01 8.929711e-01
0.750000 1.875000 8.745447032030e-01 -2.085436756046e-01 8.990656e-01
0.750000 1.900000 8.805584228092e-01 -2.087836370465e-01 9.049717e-01
0.750000 1.925000 8.862118409757e-01 -2.095118575639e-01 9.106408e-01
0.750000 1.950000 8.914638318369e-01 -2.106973704036e-01 9.160246e-01
0.750000 1.975000 8.962740751305e-01 -2.123036160205e-01 9.210755e-01
0.750000 2.000000 9.006039600943e-01 -2.142876071499e-01 9.257465e-01
0.750000 2.025000 9.044179614929e-01 -2.165993171113e-01 9.299931e-01
0.750000 2.050000 9.076853902694e-01 -2.191814900088e-01 9.337737e-01
0.750000 2.075000 9.103823465801e-01 -2.219700206585e-01 9.370521e-01
0.750000 2.100000 9.124936539680e-01 -2.248949753117e-01 9.397991e-01
0.750000 2.125000 9.140145382852e-01 -2.278822337485e-01 9.419941e-01
0.750000 2.150000 9.149518365308e-01 -2.308556435487e-01 9.436266e-01
0.750000 2.175000 9.153245757584e-01 -2.337395026918e-01 9.446974e-01
0.750000 2.200000 9.151638421200e-01 -2.364611390728e-01 9.452189e-01
0.750000 2.225000 9.145119522416e-01 -2.389533426805e-01 9.452147e-01
0.750000 2.250000 9.134210288840e-01 -2.411564301066e-01 9.447192e-01
0.750000 2.275000 9.119511559435e-01 -2.430197778409e-01 9.437762e-01
0.750000 2.300000 9.101683326918e-01 -2.445027412304e-01 9.424373e-01
0.750000 2.325000 9.081424567449e-01 -2.455749669762e-01 9.407602e-01
0.750000 2.350000 9.059455382560e-01 -2.462161938096e-01 9.388076e-01
0.750000 2.375000 9.036502889551e-01 -2.464157043769e-01 9.366454e-01
0.750000 2.400000 9.013291487684e-01 -2.461716302160e-01 9.343419e-01
0.750000 2.425000 8.990537234124e-01 -2.454903146302e-01 9.319673e-01
0.750000 2.450000 8.968945236062e-01 -2.443859047835e-01 9.295936e-01
0.750000 2.475000 8.949208343821e-01 -2.428802799378e-01 9.272940e-01
0.750000 2.500000 8.932005122689e-01 -2.410033381025e-01 9.251431e-01
0.750000 2.525000 8.917995145344e-01 -2.387935726002e-01 9.232165e-01
0.750000 2.550000 8.907810079723e-01 -2.362987885219e-01 9.215899e-01
0.750000 2.575000 8.902039784779e-01 -2.335767508582e-01 9.203376e-01
0.750000 2.600000 8.901213554464e-01 -2.306955317697e-01 9.195306e-01
0.750000 2.625000 8.905777619870e-01 -2.277333392596e-01 9.192340e-01
0.750000 2.650000 8.916070872986e-01 -2.247776624236e-01 9.195043e-01
0.750000 2.675000 8.932301369743e-01 -2.219236523542e-01 9.203859e-01
0.750000 2.700000 8.954526400370e-01 -2.192717604114e-01 9.219086e-01
0.750000 2.725000 8.982638732016e-01 -2.169247614614e-01 9.240857e-01
0.750000 2.750000 9.016361046801e-01 -2.149843825273e-01 9.269121e-01
0.750000 2.775000 9.055249694835e-01 -2.135478224937e-01 9.303645e-01
0.750000 2.800000 9.098707784323e-01 -2.127044755112e-01 9.344025e-01
0.750000 2.825000 9.146006499600e-01 -2.125331547124e-01 9.389700e-01
0.750000 2.850000 9.196312539512e-01 -2.131000554583e-01 9.439986e-01
0.750000 2.875000 9.248718851154e-01 -2.144576065612e-01 9.494104e-01
0.750000 2.900000 9.302275504258e-01 -2.166442468601e-01 9.551220e-01
0.750000 2.925000 9.356017657325e-01 -2.196850493521e-01 9.610474e-01
0.750000 2.950000 9.408988091138e-01 -2.235930125859e-01 9.671010e-01
0.750000 2.975000 9.460252647349e-01 -2.283707640507e-01 9.731994e-01
0.750000 3.000000 9.508907979248e-01 -2.340123834028e-01 9.792625e-01
0.750000 3.025000 9.554082137433e-01 -2.405050592984e-01 9.852145e-01
0.750000 3.050000 9.594929509009e-01 -2.478303405139e-01 9.909826e-01
0.750000 3.075000 9.630622360420e-01 -2.559648219229e-01 9.964973e-01
0.750000 3.100000 9.660341598446e-01 -2.648802058195e-01 1.001690e+00
0.750000 3.125000 9.683269317743e-01 -2.745427833036e-01 1.006494e+00
0.750000 3.150000 9.698585267469e-01 -2.849124728745e-01 1.010842e+00
0.750000 3.175000 9.705468624448e-01 -2.959416201527e-01 1.014664e+00
0.750000 3.200000 9.703105534443e-01 -3.075737942403e-01 1.017892e+00
0.750000 3.225000 9.690701929255e-01 -3.197428089414e-01 1.020457e+00
0.750000 3.250000 9.667500299787e-01 -3.323721535099e-01 1.022290e+00
0.750000 3.275000 9.632798534399e-01 -3.453749461886e-01 1.023324e+00
0.750000 3.300000 9.585968702474e-01 -3.586544373720e-01 1.023494e+00
0.750000 3.325000 9.526473802654e-01 -3.721050027481e-01 1.022741e+00
0.750000 3.350000 9.453880968520e-01 -3.856134950514e-01 1.021008e+00
0.750000 3.375000 9.367870340683e-01 -3.990607781295e-01 1.018243e+00
0.750000 3.400000 9.268239642131e-01 -4.123232562750e-01 1.014403e+00
0.750000 3.425000 9.154905283809e-01 -4.252742366862e-01 1.009446e+00
0.750000 3.450000 9.027901436412e-01 -4.377850187863e-01 1.003337e+00
0.750000 3.475000 8.887378820358e-01 -4.497256809181e-01 9.960463e-01
0.750000 3.500000 8.733604925881e-01 -4.609656187893e-01 9.875464e-01
0.750000 3.525000 8.566966977598e-01 -4.713739657477e-01 9.778152e-01
0.750000 3.550000 8.387978262892e-01 -4.808200783105e-01 9.668349e-01
0.750000 3.575000 8.197287563502e-01 -4.891742906727e-01 9.545924e-01
0.750000 3.600000 7.995690513445e-01 -4.963091237933e-01 9.410810e-01
0.750000 3.625000 7.784140912436e-01 -5.021010790609e-01 9.263012e-01
0.750000 3.650000 7.563759497027e-01 -5.064330607240e-01 9.102632e-01
0.750000 3.675000 7.335837517605e-01 -5.091973677895e-01 8.929877e-01
0.750000 3.700000 7.101832736739e-01 -5.102990908458e-01 8.745087e-01
0.750000 3.725000 6.863356136402e-01 -5.096596590473e-01 8.548740e-01
0.750000 3.750000 6.622148615669e-01 -5.072202223443e-01 8.341468e-01
0.750000 3.775000 6.380048141442e-01 -5.029445347645e-01 8.124059e-01
0.750000 3.800000 6.138949013198e-01 -4.968210309930e-01 7.897456e-01
0.750000 3.825000 5.900755942495e-01 -4.888638586223e-01 7.662748e-01
0.750000 3.850000 5.667336371743e-01 -4.791127335255e-01 7.421159e-01
0.750000 3.875000 5.440474751933e-01 -4.676316116598e-01 7.174029e-01
0.750000 3.900000 5.221832314651e-01 -4.545062997461e-01 6.922798e-01
0.750000 3.925000 5.012915229667e-01 -4.398412413791e-01 6.668984e-01
0.750000 3.950000 4.815053023376e-01 -4.237557980605e-01 6.414174e-01
0.750000 3.975000 4.629387888789e-01 -4.063803846672e-01 6.160011e-01
0.750000 4.000000 4.456874221451e-01 -3.878528106025e-01 5.908190e-01
0.750000 4.025000 4.298286551993e-01 -3.683151230254e-01 5.660466e-01
0.750000 4.050000 4.154233178694e-01 -3.479111557076e-01 5.418659e-01
0.750000 4.075000 4.025172350737e-01 -3.267848702942e-01 5.184674e-01
0.750000 4.100000 3.911427870688e-01 -3.050794535597e-01 4.960506e-01
0.750000 4.125000 3.813201457917e-01 -2.829370227895e-01 4.748246e-01
0.750000 4.150000 3.730580060575e-01 -2.604987078281e-01 4.550075e-01
0.750000 4.175000 3.663537385328e-01 -2.379048342393e-01 4.368224e-01
0.750000 4.200000 3.611930061496e-01 -2.152949328863e-01 4.204905e-01
0.750000 4.225000 3.575489893646e-01 -1.928073455841e-01 4.062216e-01
0.750000 4.250000 3.553814428769e-01 -1.705782762394e-01 3.941991e-01
0.750000 4.275000 3.546358459994e-01 -1.487402388023e-01 3.845650e-01
0.750000 4.300000 3.552429058219e-01 -1.274199610620e-01 3.774035e-01
0.750000 4.325000 3.571186282775e-01 -1.067358999709e-01 3.727281e-01
0.750000 4.350000 3.601650952538e-01 -8.679559516676e-02 3.704759e-01
0.750000 4.375000 3.642719888852e-01 -6.769312238553e-02 3.705084e-01
0.750000 4.400000 3.693188028352e-01 -4.950690324511e-02 3.726222e-01
0.750000 4.425000 3.751775906412e-01 -3.229808458346e-02 3.765653e-01
0.750000 4.450000 3.817160366450e-01 -1.610962731092e-02 3.820558e-01
0.750000 4.475000 3.888006048040e-01 -9.661543007261e-04 3.888018e-01
0.750000 4.500000 3.962995280710e-01 1.312548575023e-02 3.965168e-01
0.750000 4.525000 4.040854430927e-01 2.617506133905e-02 4.049323e-01
0.750000 4.550000 4.120375431260e-01 3.820738551331e-02 4.138052e-01
0.750000 4.575000 4.200432036203e-01 4.926052669970e-02 4.229219e-01
0.750000 4.600000 4.279991152702e-01 5.938398889508e-02 4.320992e-01
0.750000 4.625000 4.358120244837e-01 6.863700304809e-02 4.411838e-01
0.750000 4.650000 4.433992200788e-01 7.708700595729e-02 4.500503e-01
0.750000 4.675000 4.506889113727e-01 8.480830910009e-02 4.585989e-01
0.750000 4.700000 4.576206163192e-01 9.188089190428e-02 4.667534e-01
0.750000 4.725000 4.641456245755e-01 9.838920539634e-02 4.744593e-01
0.750000 4.750000 4.702275299682e-01 1.044208527981e-01 4.816821e-01
0.750000 4.775000 4.758427536292e-01 1.100650281991e-01 4.884062e-01
0.750000 4.800000 4.809809178184e-01 1.154106415217e-01 4.946335e-01
0.750000 4.825000 4.856448942023e-01 1.205441302415e-01 5.003817e-01
0.750000 4.850000 4.898503482297e-01 1.255470434982e-01 5.056831e-01
0.750000 4.875000 4.936246367001e-01 1.304935671555e-01 5.105819e-01
0.750000 4.900000 4.970049856927e-01 1.354482234600e-01 5.151312e-01
0.750000 4.925000 5.000359715934e-01 1.404640127690e-01 5.193901e-01
0.750000 4.950000 5.027664350283e-01 1.455812584409e-01 5.234195e-01
0.750000 4.975000 5.052460593155e-01 1.508273666046e-01 5.272784e-01
0.750000 5.000000 5.075219246594e-01 1.562176241988e-01 5.310202e-01
0.750000 5.025000 5.096353923919e-01 1.617570418863e-01 5.346902e-01
0.750000 5.050000 5.116196706643e-01 1.674431187494e-01 5.383232e-01
0.750000 5.075000 5.134983612818e-01 1.732692813833e-01 5.419435e-01
0.750000 5.100000 5.152851912462e-01 1.792286494942e-01 5.455655e-01
0.750000 5.125000 5.169850032365e-01 1.853177190133e-01 5.491959e-01
0.750000 5.150000 5.185959332036e-01 1.915395424557e-01 5.528374e-01
0.750000 5.175000 5.201125599374e-01 1.979060283370e-01 5.564925e-01
0.750000 5.200000 5.215296904544e-01 2.044390728800e-01 5.601683e-01
0.750000 5.225000 5.228463631614e-01 2.111703668865e-01 5.638805e-01
0.750000 5.250000 5.240696195411e-01 2.181398718653e-01 5.676566e-01
0.750000 5.275000 5.252176191450e-01 2.253931124414e-01 5.715379e-01
0.750000 5.300000 5.263217488564e-01 2.329775665967e-01 5.755807e-01
0.750000 5.325000 5.274274953652e-01 2.409385338442e-01 5.798544e-01
0.750000 5.350000 5.285939935158e-01 2.493149116159e-01 5.844395e-01
0.750000 5.375000 5.298923132446e-01 2.581353063929e-01 5.894232e-01
0.750000 5.400000 5.314026843025e-01 2.674148504836e-01 5.948945e-01
0.750000 5.425000 5.332109633168e-01 2.771529970832e-01 6.009390e-01
0.750000 5.450000 5.354047093317e-01 2.873324402546e-01 6.076332e-01
0.750000 5.475000 5.380692457076e-01 2.979191710680e-01 6.150401e-01
0.750000 5.500000 5.412840494269e-01 3.088635552701e-01 6.232055e-01
0.750000 5.525000 5.451197316187e-01 3.201022182717e-01 6.321558e-01
0.750000 5.550000 5.496357691398e-01 3.315604621128e-01 6.418970e-01
0.750000 5.575000 5.548790332544e-01 3.431549222610e-01 6.524155e-01
0.750000 5.600000 5.608830553386e-01 3.547961986154e-01 6.636792e-01
0.750000 5.625000 5.676678865072e-01 3.663912573506e-01 6.756400e-01
0.750000 5.650000 5.752403591180e-01 3.778454856137e-01 6.882359e-01
0.750000 5.675000 5.835945483425e-01 3.890643739561e-01 7.013941e-01
0.750000 5.700000 5.927122599466e-01 3.999548857749e-01 7.150327e-01
0.750000 5.725000 6.025634286227e-01 4.104266350941e-01 7.290629e-01
0.750000 5.750000 6.131063875353e-01 4.203930242330e-01 7.433907e-01
0.750000 5.775000 6.242880495190e-01 4.297724874122e-01 7.579182e-01
0.750000 5.800000 6.360441088856e-01 4.384899474766e-01 7.725448e-01
0.750000 5.825000 6.482994176602e-01 4.464785285298e-01 7.871691e-01
0.750000 5.850000 6.609687032017e-01 4.536814894556e-01 8.016898e-01
0.750000 5.875000 6.739577730328e-01 4.600542661598e-01 8.160080e-01
0.750000 5.900000 6.871653006257e-01 4.655664477248e-01 8.300291e-01
0.750000 5.925000 7.004852113662e-01 4.702034747845e-01 8.436651e-01
0.750000 5.950000 7.138096031566e-01 4.739678441504e-01 8.568370e-01
0.750000 5.975000 7.270320549509e-01 4.768796334619e-01 8.694767e-01
0.750000 6.000000 7.400511121222e-01 4.789762191943e-01 8.815293e-01
0.750000 6.025000 7.527737002690e-01 4.803111417118e-01 8.929541e-01
0.750000 6.050000 7.651182147590e-01 4.809521598943e-01 9.037261e-01
0.750000 6.075000 7.770170624684e-01 4.809786216694e-01 9.138358e-01
0.750000 6.100000 7.884184899393e-01 4.804783430589e-01 9.232893e-01
0.750000 6.125000 7.992876092091e-01 4.795442276463e-01 9.321069e-01
0.750000 6.150000 8.096066166670e-01 4.782708657912e-01 9.403222e-01
0.750000 6.175000 8.193742784720e-01 4.767513288429e-01 9.479800e-01
0.750000 6.200000 8.286048167368e-01 4.750743234749e-01 9.551343e-01
0.750000 6.225000 8.373263654926e-01 4.733218046512e-01 9.618466e-01
0.750000 6.250000 8.455791707187e-01 4.715670745473e-01 9.681837e-01
0.750000 6.275000 8.534136858588e-01 4.698733312706e-01 9.742155e-01
0.750000 6.300000 8.608886695002e-01 4.682925858908e-01 9.800139e-01
0.750000 6.325000 8.680693351523e-01 4.668648460711e-01 9.856506e-01
0.750000 6.350000 8.750255460510e-01 4.656174716440e-01 9.911959e-01
0.750000 6.375000 8.818300022216e-01 4.645646389999e-01 9.967168e-01
0.750000 6.400000 8.885563419065e-01 4.637068997745e-01 1.002276e+00
0.750000 6.425000 8.952770803123e-01 4.630308744900e-01 1.007928e+00
0.750000 6.450000 9.020613359764e-01 4.625091716256e-01 1.013721e+00
0.750000 6.475000 9.089723443512e-01 4.621006559791e-01 1.019690e+00
0.750000 6.500000 9.160648207010e-01 4.617511988064e-01 1.025860e+00
0.750000 6.525000 9.233822984832e-01 4.613950220955e-01 1.032240e+00
0.750000 6.550000 9.309546226571e-01 4.609567015814e-01 1.038825e+00
0.750000 6.575000 9.387958087863e-01 4.603538239369e-01 1.045592e+00
0.750000 6.600000 9.469024806701e-01 4.595002133173e-01 1.052504e+00
0.750000 6.625000 9.552530686125e-01 4.583095639109e-01 1.059507e+00
0.750000 6.650000 9.638078898298e-01 4.566992514771e-01 1.066536e+00
0.750000 6.675000 9.725101495636e-01 4.545940593360e-01 1.073514e+00
0.750000 6.700000 9.812878079725e-01 4.519295502939e-01 1.080355e+00
0.750000 6.725000 9.900561677443e-01 4.486548477625e-01 1.086969e+00
0.750000 6.750000 9.987209645143e-01 4.447346533037e-01 1.093267e+00
0.750000 6.775000 1.007181698134e+00 4.401504151334e-01 1.099158e+00
0.750000 6.800000 1.015334934855e+00 4.349006598861e-01 1.104556e+00
0.750000 6.825000 1.023077340158e+00 4.290005932928e-01 1.109382e+00
0.750000 6.850000 1.030308264853e+00 4.224811498799e-01 1.113564e+00
0.750000 6.875000 1.036931793343e+00 4.153877156560e-01 1.117038e+00
0.750000 6.900000 1.042858258704e+00 4.077787540462e-01 1.119749e+00
0.750000 6.925000 1.048005318885e+00 3.997245331119e-01 1.121648e+00
0.750000 6.950000 1.052298756992e+00 3.913060866922e-01 1.122699e+00
0.750000 6.975000 1.055673204427e+00 3.826144544263e-01 1.122871e+00
0.750000 7.000000 1.058072982268e+00 3.737501504930e-01 1.122144e+00
0.750000 7.025000 1.059453213227e+00 3.648227247520e-01 1.120507e+00
0.750000 7.050000 1.059781280481e+00 3.559502181579e-01 1.117961e+00
0.750000 7.075000 1.059038612453e+00 3.472582886426e-01 1.114518e+00
0.750000 7.100000 1.057222670380e+00 3.388788003029e-01 1.110207e+00
0.750000 7.125000 1.054348925569e+00 3.309477271294e-01 1.105069e+00
0.750000 7.150000 1.050452551632e+00 3.236023152284e-01 1.099167e+00
0.750000 7.175000 1.045589535856e+00 3.169775611979e-01 1.092581e+00
0.750000 7.200000 1.039836939187e+00 3.112021817811e-01 1.085407e+00
0.750000 7.225000 1.033292105090e+00 3.063943525754e-01 1.077762e+00
0.750000 7.250000 1.026070725399e+00 3.026575644425e-01 1.069777e+00
0.750000 7.275000 1.018303801891e+00 3.000769726478e-01 1.061597e+00
0.750000 7.300000 1.010133677165e+00 2.987165893514e-01 1.053376e+00
0.750000 7.325000 1.001709427871e+00 2.986175960707e-01 1.045272e+00
0.750000 7.350000 9.931819992993e-01 2.997979378728e-01 1.037444e+00
0.750000 7.375000 9.846994993206e-01 3.022532204166e-01 1.030044e+00
0.750000 7.400000 9.764030547862e-01 3.059587838230e-01 1.023217e+00
0.750000 7.425000 9.684235656620e-01 3.108726943470e-01 1.017097e+00
0.750000 7.450000 9.608795800366e-01 3.169392948639e-01 1.011800e+00
0.750000 7.475000 9.538763720051e-01 3.240929025920e-01 1.007431e+00
0.750000 7.500000 9.475061538885e-01 3.322612448274e-01 1.004074e+00
0.750000 7.525000 9.418492153538e-01 3.413682803923e-01 1.001804e+00
0.750000 7.550000 9.369756741900e-01 3.513361577236e-01 1.000680e+00
0.750000 7.575000 9.329474616083e-01 3.620861950851e-01 1.000748e+00
0.750000 7.600000 9.298201570802e-01 3.735389148578e-01 1.002046e+00
0.750000 7.625000 9.276443340965e-01 3.856133012872e-01 1.004600e+00
0.750000 7.650000 9.264661711169e-01 3.982255600484e-01 1.008426e+00
0.750000 7.675000 9.263272070028e-01 4.112877236150e-01 1.013528e+00
0.750000 7.700000 9.272632585874e-01 4.247064603733e-01 1.019898e+00
0.750000 7.725000 9.293026493779e-01 4.383824071925e-01 1.027513e+00
0.750000 7.750000 9.324640038686e-01 4.522102619306e-01 1.036332e+00
0.750000 7.775000 9.367539271253e-01 4.660797578081e-01 1.046297e+00
0.750000 7.800000 9.421649061359e-01 4.798775136544e-01 1.057335e+00
0.750000 7.825000 9.486737374555e-01 4.934896320891e-01 1.069352e+00
0.750000 7.850000 9.562407118159e-01 5.068048195273e-01 1.082242e+00
0.750000 7.875000 9.648096837047e-01 5.197177409535e-01 1.095885e+00
0.750000 7.900000 9.743090394503e-01 5.321323058771e-01 1.110154e+00
0.750000 7.925000 9.846534692248e-01 5.439646096971e-01 1.124918e+00
0.750000 7.950000 9.957463629293e-01 5.551453197707e-01 1.140043e+00
0.750000 7.975000 1.007482599157e+00 5.656213850176e-01 1.155400e+00
0.750000 8.000000 1.019751486091e+00 5.753570457053e-01 1.170867e+00
0.750000 8.025000 1.032439642069e+00 5.843342092243e-01 1.186330e+00
0.750000 8.050000 1.045433663850e+00 5.925523235028e-01 1.201686e+00
0.750000 8.075000 1.058622509257e+00 6.000279120560e-01 1.216846e+00
0.750000 8.100000 1.071899602200e+00 6.067939296930e-01 1.231734e+00
0.750000 8.125000 1.085164736039e+00 6.128990585591e-01 1.246286e+00
0.750000 8.150000 1.098325892844e+00 6.184069997221e-01 1.260455e+00
0.750000 8.175000 1.111301103070e+00 6.233957397650e-01 1.274210e+00
0.750000 8.200000 1.124020440970e+00 6.279567008501e-01 1.287537e+00
0.750000 8.225000 1.136428190844e+00 6.321936318610e-01 1.300438e+00
0.750000 8.250000 1.148485139240e+00 6.362210794592e-01 1.312934e+00
0.750000 8.275000 1.160170863979e+00 6.401622975529e-01 1.325068e+00
0.750000 8.300000 1.171485819295e+00 6.441465111635e-01 1.336901e+00
0.750000 8.325000 1.182452973088e+00 6.483055383075e-01 1.348516e+00
0.750000 8.350000 1.193118748787e+00 6.527698775725e-01 1.360015e+00
0.750000 8.375000 1.203553065517e+00 6.576644719216e-01 1.371518e+00
0.750000 8.400000 1.213848353781e+00 6.631044421914e-01 1.383161e+00
0.750000 8.425000 1.224117539542e+00 6.691911300666e-01 1.395092e+00
0.750000 8.450000 1.234491121211e+00 6.760087883087e-01 1.407464e+00
0.750000 8.475000 1.245113591253e+00 6.836222011197e-01 1.420439e+00
0.750000 8.500000 1.256139556020e+00 6.920754135278e-01 1.434174e+00
0.750000 8.525000 1.267729965273e+00 7.013916075207e-01 1.448823e+00
0.750000 8.550000 1.280048863842e+00 7.115740030450e-01 1.464535e+00
0.750000 8.575000 1.293261016847e+00 7.226075068122e-01 1.481447e+00
0.750000 8.600000 1.307530640952e+00 7.344607049061e-01 1.499690e+00
0.750000 8.625000 1.323021310242e+00 7.470877175518e-01 1.519383e+00
0.750000 8.650000 1.339896916916e+00 7.604294212504e-01 1.540642e+00
0.750000 8.675000 1.358323379321e+00 7.744136015151e-01 1.563572e+00
0.750000 8.700000 1.378470629267e+00 7.889537255553e-01 1.588279e+00
0.750000 8.725000 1.400514301186e+00 8.039462057148e-01 1.614859e+00
0.750000 8.750000 1.424636505519e+00 8.192662402920e-01 1.643407e+00
0.750000 8.775000 1.451025107190e+00 8.347625420320e-01 1.674008e+00
0.750000 8.800000 1.479871046435e+00 8.502514676896e-01 1.706735e+00
0.750000 8.825000 1.511363422770e+00 8.655112179079e-01 1.741646e+00
0.750000 8.850000 1.545682293528e+00 8.802768641600e-01 1.778770e+00
0.750000 8.875000 1.582989390296e+00 8.942369657791e-01 1.818108e+00
0.750000 8.900000 1.623417200647e+00 9.070324623394e-01 1.859621e+00
0.750000 8.925000 1.667057070797e+00 9.182583723040e-01 1.903228e+00
0.750000 8.950000 1.713947133932e+00 9.274686146100e-01 1.948798e+00
0.750000 8.975000 1.764060942774e+00 9.341840191689e-01 1.996149e+00
0.750000 9.000000 1.817297677005e+00 9.379033322754e-01 2.045051e+00
0.750000 9.025000 1.873474709479e+00 9.381167807417e-01 2.095226e+00
0.750000 9.050000 1.932323161673e+00 9.343215579306e-01 2.146353e+00
0.750000 9.075000 1.993486877525e+00 9.260384531633e-01 2.198076e+00
0.750000 9.100000 2.056525018384e+00 9.128287726510e-01 2.250011e+00
0.750000 9.125000 2.120918253815e+00 8.943106959138e-01 2.301757e+00
0.750000 9.150000 2.186078314526e+00 8.701742694960e-01 2.352901e+00
0.750000 9.175000 2.251360500842e+00 8.401943464068e-01 2.403029e+00
0.750000 9.200000 2.316078612486e+00 8.042409182823e-01 2.451739e+00
0.750000 9.225000 2.379521685563e+00 7.622864401235e-01 2.498640e+00
0.750000 9.250000 2.440971886656e+00 7.144098989892e-01 2.543369e+00
0.750000 9.275000 2.499722913541e+00 6.607975164413e-01 2.585589e+00
0.750000 9.300000 2.555098275945e+00 6.017400934760e-01 2.624999e+00
0.750000 9.325000 2.606468867304e+00 5.376271049842e-01 2.661339e+00
0.750000 9.350000 2.653269280420e+00 4.689377319935e-01 2.694391e+00
0.750000 9.375000 2.695012361443e+00 3.962290903815e-01 2.723984e+00
0.750000 9.400000 2.731301536859e+00 3.201219816629e-01 2.749997e+00
0.750000 9.425000 2.761840490658e+00 2.412845606070e-01 2.772360e+00
0.750000 9.450000 2.786439820166e+00 1.604143885803e-01 2.791054e+00
0.750000 9.475000 2.805020366647e+00 7.821941902323e-02 2.806111e+00
0.750000 9.500000 2.817613007382e+00 -4.601463598844e-03 2.817617e+00
0.750000 9.525000 2.824354813113e+00 -8.737766729664e-02 2.825706e+00
0.750000 9.550000 2.825481617364e+00 -1.694851555421e-01 2.830560e+00
0.750000 9.575000 2.821317205964e+00 -2.503630231425e-01 2.832404e+00
0.750000 9.600000 2.812259504732e+00 -3.295276989907e-01 2.831500e+00
0.750000 9.625000 2.798764305548e+00 -4.065841787913e-01 2.828143e+00
0.750000 9.650000 2.781327209179e+00 -4.812338267823e-01 2.822652e+00
0.750000 9.675000 2.760464561313e+00 -5.532784599901e-01 2.815365e+00
0.750000 9.700000 2.736694203683e+00 -6.226206275123e-01 2.806626e+00
0.750000 9.725000 2.710516848389e+00 -6.892602023390e-01 2.796781e+00
0.750000 9.750000 2.682398810723e+00 -7.532875940883e-01 2.786163e+00
0.750000 9.775000 2.652756711834e+00 -8.148740485871e-01 2.775092e+00
0.750000 9.800000 2.621944602133e+00 -8.742596093689e-01 2.763860e+00
0.750000 9.825000 2.590243778300e+00 -9.317393678979e-01 2.752726e+00
0.750000 9.850000 2.557855392742e+00 -9.876486226689e-01 2.741911e+00
0.750000 9.875000 2.524895804090e+00 -1.042347509079e+00 2.731591e+00
0.750000 9.900000 2.491394506879e+00 -1.096205566122e+00 2.721895e+00
0.750000 9.925000 2.457294417076e+00 -1.149586591302e+00 2.712903e+00
0.750000 9.950000 2.422454278692e+00 -1.202834022495e+00 2.704643e+00
0.750000 9.975000 2.386652988241e+00 -1.256256994039e+00 2.697090e+00
0.750000 10.000000 2.349595694117e+00 -1.310117158926e+00 2.690169e+00
0.750000 10.025000 2.310921598096e+00 -1.364616357187e+00 2.683754e+00
0.750000 10.050000 2.270213445852e+00 -1.419885241656e+00 2.677675e+00
0.750000 10.075000 2.227008724216e+00 -1.475973037063e+00 2.671716e+00
0.750000 10.100000 2.180812571885e+00 -1.532838690692e+00 2.665621e+00
0.750000 10.125000 2.131112352228e+00 -1.590343752185e+00 2.659104e+00
0.750000 10.150000 2.077393735487e+00 -1.648247375169e+00 2.651845e+00
0.750000 10.175000 2.019158005633e+00 -1.706203845925e+00 2.643507e+00
0.750000 10.200000 1.955940163998e+00 -1.763763002349e+00 2.633735e+00
0.750000 10.225000 1.887327271044e+00 -1.820373806868e+00 2.622168e+00
0.750000 10.250000 1.812976372912e+00 -1.875391186627e+00 2.608443e+00
0.750000 10.275000 1.732631320321e+00 -1.928086069595e+00 2.592205e+00
0.750000 10.300000 1.646137815809e+00 -1.977658349735e+00 2.573111e+00
0.750000 10.325000 1.553456122998e+00 -2.023252335583e+00 2.550838e+00
0.750000 10.350000 1.454671028887e+00 -2.063974101311e+00 2.525086e+00
0.750000 10.375000 1.349998846968e+00 -2.098910089265e+00 2.495580e+00
0.750000 10.400000 1.239791457312e+00 -2.127146320716e+00 2.462079e+00
0.750000 10.425000 1.124537567616e+00 -2.147787657767e+00 2.424371e+00
0.750000 10.450000 1.004861515865e+00 -2.159976711655e+00 2.382277e+00
0.750000 10.475000 8.815199960266e-01 -2.162912186788e+00 2.335651e+00
0.750000 10.500000 7.553970592973e-01 -2.155866652460e+00 2.284379e+00
0.750000 10.525000 6.274976250808e-01 -2.138203907348e+00 2.228378e+00
0.750000 10.550000 4.989395432545e-01 -2.109396209553e+00 2.167601e+00
0.750000 10.575000 3.709440120086e-01 -2.069041657370e+00 2.102031e+00
0.750000 10.600000 2.448239137889e-01 -2.016881906915e+00 2.031687e+00
0.750000 10.625000 1.219694316405e-01 -1.952820201356e+00 1.956625e+00
0.750000 10.650000 3.830194615166e-03 -1.876939380611e+00 1.876943e+00
0.750000 10.675000 -1.081067886463e-01 -1.789519174355e+00 1.792782e+00
0.750000 10.700000 -2.123439910130e-01 -1.691051703574e+00 1.704331e+00
0.750000 10.725000 -3.074052949382e-01 -1.582253782822e+00 1.611839e+00
0.750000 10.750000 -3.918728129664e-01 -1.464074384203e+00 1.515611e+00
0.750000 10.775000 -4.644278799629e-01 -1.337695545108e+00 1.416024e+00
0.750000 10.800000 -5.238949055149e-01 -1.204525110798e+00 1.313525e+00
0.750000 10.825000 -5.692862058925e-01 -1.066180015816e+00 1.208647e+00
0.750000 10.850000 -5.998454584438e-01 -9.244593165950e-01 1.102016e+00
0.750000 10.875000 -6.150871035168e-01 -7.813068586875e-01 9.943704e-01
0.750000 10.900000 -6.148289133535e-01 -6.387642407932e-01 8.865858e-01
0.750000 10.925000 -5.992150868214e-01 -4.989155522817e-01 7.797278e-01
0.750000 10.950000 -5.687276210487e-01 -3.638261302457e-01 6.751448e-01
0.750000 10.975000 -5.241843362529e-01 -2.354782251929e-01 5.746470e-01
0.750000 11.000000 -4.667227421168e-01 -1.157069096449e-01 4.808515e-01
0.750000 11.025000 -3.977698649262e-01 -6.139757350769e-03 3.978172e-01
0.750000 11.050000 -3.189991213337e-01 9.185626674756e-02 3.319609e-01
0.750000 11.075000 -2.322762381499e-01 1.772176353018e-01 2.921615e-01
0.750000 11.100000 -1.395969928468e-01 2.492143595962e-01 2.856486e-01
0.750000 11.125000 -4.302011448670e-02 3.074657410336e-01 3.104608e-01
0.750000 11.150000 5.540101149786e-02 3.519411029024e-01 3.562749e-01
0.750000 11.175000 1.536841736583e-01 3.829458250491e-01 4.126334e-01
0.750000 11.200000 2.499783037591e-01 4.010939496049e-01 4.726156e-01
0.750000 11.225000 3.426147045182e-01 4.072694424607e-01 5.322154e-01
0.750000 11.250000 4.301473677858e-01 4.025788164452e-01 5.891489e-01
0.750000 11.275000 5.113810523963e-01 3.882982033618e-01 6.420951e-01
0.750000 11.300000 5.853866732526e-01 3.658180840610e-01 6.902901e-01
0.750000 11.325000 6.515044009670e-01 3.365887555112e-01 7.333144e-01
0.750000 11.350000 7.093356136930e-01 3.020692623312e-01 7.709753e-01
0.750000 11.375000 7.587254244016e-01 2.636819974747e-01 8.032387e-01
0.750000 11.400000 7.997378928504e-01 2.227745450861e-01 8.301862e-01
0.750000 11.425000 8.326262093484e-01 1.805896651319e-01 8.519853e-01
0.750000 11.450000 8.578001163218e-01 1.382436685378e-01 8.688684e-01
0.750000 11.475000 8.757926414828e-01 9.671285800480e-02 8.811164e-01
0.750000 11.500000 8.872278945862e-01 5.682725380976e-02 8.890459e-01
0.750000 11.525000 8.927912773839e-01 1.927050885008e-02 8.929992e-01
0.750000 11.550000 8.932030237327e-01 -1.541525160003e-02 8.933360e-01
0.750000 11.575000 8.891955695446e-01 -4.682096302608e-02 8.904274e-01
0.750000 11.600000 8.814948869143e-01 -7.465974577638e-02 8.846510e-01
0.750000 11.625000 8.708056277850e-01 -9.875467720072e-02 8.763874e-01
0.750000 11.650000 8.577997213698e-01 -1.190260606078e-01 8.660182e-01
0.750000 11.675000 8.431079554164e-01 -1.354788168419e-01 8.539236e-01
0.750000 11.700000 8.273140335492e-01 -1.481904138301e-01 8.404814e-01
0.750000 11.725000 8.109506218668e-01 -1.572995708886e-01 8.260654e-01
0.750000 11.750000 7.944969572297e-01 -1.629958383855e-01 8.110444e-01
0.750000 11.775000 7.783776672119e-01 -1.655100615813e-01 7.957797e-01
0.750000 11.800000 7.629625307367e-01 -1.651056852509e-01 7.806226e-01
0.750000 11.825000 7.485669773342e-01 -1.620708337005e-01 7.659109e-01
0.750000 11.850000 7.354531758771e-01 -1.567110978071e-01 7.519639e-01
0.750000 11.875000 7.238316000641e-01 -1.493429661683e-01 7.390775e-01
0.750000 11.900000 7.138629814297e-01 -1.402878433362e-01 7.275170e-01
0.750000 11.925000 7.056605770567e-01 -1.298666000694e-01 7.175111e-01
0.750000 11.950000 6.992926945608e-01 -1.183945981112e-01 7.092444e-01
0.750000 11.975000 6.947854358947e-01 -1.061771279113e-01 7.028516e-01
0.750000 12.000000 6.921256460112e-01 -9.350519666330e-02 6.984133e-01
0.750000 12.025000 6.912640811843e-01 -8.065161107213e-02 6.959531e-01
0.750000 12.050000 6.921188407066e-01 -6.786731820012e-02 6.954383e-01
0.750000 12.075000 6.945791286947e-01 -5.537799989167e-02 6.967832e-01
0.750000 12.100000 6.985094232638e-01 -4.338095977312e-02 6.998552e-01
0.750000 12.125000 7.037541227782e-01 -3.204239161427e-02 7.044832e-01
0.750000 12.150000 7.101427100687e-01 -2.149516635536e-02 7.104680e-01
0.750000 12.175000 7.174954256425e-01 -1.183731348708e-02 7.175931e-01
0.750000 12.200000 7.256293739511e-01 -3.131392136571e-03 7.256361e-01
0.750000 12.225000 7.343649101757e-01 4.595058621591e-03 7.343793e-01
0.750000 12.250000 7.435320786633e-01 1.134783560158e-02 7.436187e-01
0.750000 12.275000 7.529768091705e-01 1.716306238409e-02 7.531724e-01
0.750000 12.300000 7.625665338851e-01 2.210285156420e-02 7.628868e-01
0.750000 12.325000 7.721948751035e-01 2.624973756801e-02 7.726409e-01
0.750000 12.350000 7.817850751552e-01 2.970008634078e-02 7.823490e-01
0.750000 12.375000 7.912918970776e-01 3.255678714376e-02 7.919614e-01
0.750000 12.400000 8.007018125383e-01 3.492161057351e-02 8.014630e-01
0.750000 12.425000 8.100314044016e-01 3.688766601242e-02 8.108709e-01
0.750000 12.450000 8.193240340943e-01 3.853240477825e-02 8.202296e-01
0.750000 12.475000 8.286449459896e-01 3.991159029684e-02 8.296056e-01
0.750000 12.500000 8.380750901182e-01 4.105459617767e-02 8.390801e-01
0.750000 12.525000 8.477040301306e-01 4.196130361978e-02 8.487419e-01
0.750000 12.550000 8.576223581262e-01 4.260076061987e-02 8.586798e-01
0.750000 12.575000 8.679140581811e-01 4.291164812566e-02 8.689742e-01
0.750000 12.600000 8.786492465241e-01 4.280448383562e-02 8.796913e-01
0.750000 12.625000 8.898776724594e-01 4.216539272342e-02 8.908761e-01
0.750000 12.650000 9.016232971236e-01 4.086119209640e-02 9.025487e-01
0.750000 12.675000 9.138801854473e-01 3.874548248569e-02 9.147012e-01
0.750000 12.700000 9.266098590083e-01 3.566540506384e-02 9.272960e-01
0.750000 12.725000 9.397401716935e-01 3.146871983889e-02 9.402669e-01
0.750000 12.750000 9.531656923087e-01 2.601087261495e-02 9.535205e-01
0.750000 12.775000 9.667495123594e-01 1.916174748823e-02 9.669394e-01
0.750000 12.800000 9.803263446553e-01 1.081184008817e-02 9.803860e-01
0.750000 12.825000 9.937067387654e-01 8.776302326343e-04 9.937071e-01
0.750000 12.850000 1.006682210902e+00 -1.069402227027e-02 1.006739e+00
0.750000 12.875000 1.019031066312e+00 -2.392259008438e-02 1.019312e+00
0.750000 12.900000 1.030524679693e+00 -3.879178632668e-02 1.031255e+00
0.750000 12.925000 1.040933992325e+00 -5.524871137096e-02 1.042399e+00
0.750000 12.950000 1.050035983530e+00 -7.320423726557e-02 1.052585e+00
0.750000 12.975000 1.057619879629e+00 -9.253458309573e-02 1.061660e+00
0.750000 13.000000 1.063492877425e+00 -1.130839887626e-01 1.069488e+00
0.750000 13.025000 1.067485183116e+00 -1.346683501789e-01 1.075946e+00
0.750000 13.050000 1.069454202357e+00 -1.570796388188e-01 1.080928e+00
0.750000 13.075000 1.069287762755e+00 -1.800908967273e-01 1.084347e+00
0.750000 13.100000 1.066906304269e+00 -2.034615785502e-01 1.086133e+00
0.750000 13.125000 1.062264032096e+00 -2.269430082539e-01 1.086236e+00
0.750000 13.150000 1.055349085276e+00 -2.502837319248e-01 1.084621e+00
0.750000 13.175000 1.046182826226e+00 -2.732345791777e-01 1.081275e+00
0.750000 13.200000 1.034818395710e+00 -2.955532916345e-01 1.076197e+00
0.750000 13.225000 1.021338699257e+00 -3.170086326443e-01 1.069405e+00
0.750000 13.250000 1.005853991857e+00 -3.373839510026e-01 1.060929e+00
0.750000 13.275000 9.884992077101e-01 -3.564802250234e-01 1.050813e+00
0.750000 13.300000 9.694311438421e-01 -3.741186542301e-01 1.039116e+00
0.750000 13.325000 9.488255563106e-01 -3.901428878820e-01 1.025905e+00
0.750000 13.350000 9.268741736894e-01 -4.044209788104e-01 1.011263e+00
0.750000 13.375000 9.037815837070e-01 -4.168471272109e-01 9.952802e-01
0.750000 13.400000 8.797619144012e-01 -4.273432353757e-01 9.780610e-01
0.750000 13.425000 8.550352182723e-01 -4.358602375489e-01 9.597184e-01
0.750000 13.450000 8.298234811369e-01 -4.423791084470e-01 9.403756e-01
0.750000 13.475000 8.043462172933e-01 -4.469114001829e-01 9.201645e-01
0.750000 13.500000 7.788156756263e-01 -4.494991208487e-01 8.992237e-01
0.750000 13.525000 7.534317599370e-01 -4.502137575367e-01 8.776969e-01
0.750000 13.550000 7.283768504389e-01 -4.491542675623e-01 8.557292e-01
0.750000 13.575000 7.038107898687e-01 -4.464439152998e-01 8.334637e-01
0.750000 13.600000 6.798663547396e-01 -4.422259148737e-01 8.110376e-01
0.750000 13.625000 6.566455595206e-01 -4.366579430279e-01 7.885769e-01
0.750000 13.650000 6.342171319337e-01 -4.299057003615e-01 7.661921e-01
0.750000 13.675000 6.126154485684e-01 -4.221358091798e-01 7.439733e-01
0.750000 13.700000 5.918411342248e-01 -4.135084285801e-01 7.219869e-01
0.750000 13.725000 5.718634132155e-01 -4.041700297702e-01 7.002722e-01
0.750000 13.750000 5.526241678153e-01 -3.942467979648e-01 6.788402e-01
0.750000 13.775000 5.340435222140e-01 -3.838391070731e-01 6.576739e-01
0.750000 13.800000 5.160266445733e-01 -3.730174505183e-01 6.367303e-01
0.750000 13.825000 4.984713588359e-01 -3.618201118500e-01 6.159444e-01
0.750000 13.850000 4.812760925428e-01 -3.502527326006e-01 5.952341e-01
0.750000 13.875000 4.643476635782e-01 -3.382897954474e-01 5.745074e-01
0.750000 13.900000 4.476084288852e-01 -3.258779027283e-01 5.536693e-01
0.750000 13.925000 4.310023781114e-01 -3.129406076739e-01 5.326301e-01
0.750000 13.950000 4.144998466950e-01 -2.993844598616e-01 5.113132e-01
0.750000 13.975000 3.981006347513e-01 -2.851058651094e-01 4.896626e-01
0.750000 14.000000 3.818354373519e-01 -2.699983364178e-01 4.676509e-01
0.750000 14.025000 3.657656057136e-01 -2.539597250448e-01 4.452864e-01
0.750000 14.050000 3.499813566611e-01 -2.368990635895e-01 4.226205e-01
0.750000 14.075000 3.345986219373e-01 -2.187427172328e-01 3.997557e-01
0.750000 14.100000 3.197547759112e-01 -1.994396146507e-01 3.768545e-01
0.750000 14.125000 3.056035005438e-01 -1.789654062641e-01 3.541498e-01
0.750000 14.150000 2.923090442412e-01 -1.573254657162e-01 3.319576e-01
0.750000 14.175000 2.800401132065e-01 -1.345567048126e-01 3.106895e-01
0.750000 14.200000 2.689636080525e-01 -1.107282101290e-01 2.908645e-01
0.750000 14.225000 2.592383924505e-01 -8.594073202872e-02 2.731123e-01
0.750000 14.250000 2.510092605572e-01 -6.032506788322e-02 2.581565e-01
0.750000 14.275000 2.444012593641e-01 -3.403938673002e-02 2.467603e-01
0.750000 14.300000 2.395145213195e-01 -7.265548970261e-03 2.396247e-01
0.750000 14.325000 2.364197689385e-01 1.979551213880e-02 2.372471e-01
0.750000 14.350000 2.351546615284e-01 4.692925658438e-02 2.397917e-01
0.750000 14.375000 2.357211581714e-01 7.391372491554e-02 2.470379e-01
0.750000 14.400000 2.380840641347e-01 1.005262746417e-01 2.584367e-01
0.750000 14.425000 2.421709045660e-01 1.265506425946e-01 2.732431e-01
0.750000 14.450000 2.478732266489e-01 1.517840608809e-01 2.906536e-01
0.750000 14.475000 2.550493693510e-01 1.760441145164e-01 3.099060e-01
0.750000 14.500000 2.635286618255e-01 1.991750067475e-01 3.303302e-01
0.750000 14.525000 2.731169236923e-01 2.210528996028e-01 3.513648e-01
0.750000 14.550000 2.836030513105e-01 2.415900258902e-01 3.725539e-01
0.750000 14.575000 2.947663932095e-01 2.607373248691e-01 3.935368e-01
0.750000 14.600000 3.063845542316e-01 2.784854338741e-01 4.140358e-01
0.750000 14.625000 3.182412291509e-01 2.948639658039e-01 4.338459e-01
0.750000 14.650000 3.301336574031e-01 3.099391088473e-01 4.528250e-01
0.750000 14.675000 3.418793125569e-01 3.238096901985e-01 4.708866e-01
0.750000 14.700000 3.533214912560e-01 3.366019400328e-01 4.879928e-01
0.750000 14.725000 3.643335413712e-01 3.484632673587e-01 5.041484e-01
0.750000 14.750000 3.748215604800e-01 3.595554095930e-01 5.193951e-01
0.750000 14.775000 3.847254947208e-01 3.700473399464e-01 5.338059e-01
0.750000 14.800000 3.940186656737e-01 3.801083112446e-01 5.474788e-01
0.750000 14.825000 4.027058414169e-01 3.899013847598e-01 5.605311e-01
0.750000 14.850000 4.108200414524e-01 3.995777432333e-01 5.730929e-01
0.750000 14.875000 4.184183204278e-01 4.092720248686e-01 5.853012e-01
0.750000 14.900000 4.255768116394e-01 4.190988461110e-01 5.972935e-01
0.750000 14.925000 4.323853294787e-01 4.291506110573e-01 6.092022e-01
0.750000 14.950000 4.389418330265e-01 4.394966383785e-01 6.211499e-01
0.750000 14.975000 4.453470442419e-01 4.501835749021e-01 6.332450e-01
0.750000 15.000000 4.516994966422e-01 4.612370089696e-01 6.455788e-01
0.750000 15.025000 4.580912660749e-01 4.726641456529e-01 6.582241e-01
0.750000 15.050000 4.646046047407e-01 4.844573586867e-01 6.712350e-01
0.750000 15.075000 4.713096622842e-01 4.965983897393e-01 6.846479e-01
0.750000 15.100000 4.782634317473e-01 5.090629247117e-01 6.984848e-01
0.750000 15.125000 4.855100014502e-01 5.218252410401e-01 7.127563e-01
0.750000 15.150000 4.930821250348e-01 5.348625931427e-01 7.274668e-01
0.750000 15.175000 5.010040411505e-01 5.481589902312e-01 7.426192e-01
0.750000 15.200000 5.092953840757e-01 5.617080274154e-01 7.582201e-01
0.750000 15.225000 5.179759320824e-01 5.755144626384e-01 7.742842e-01
0.750000 15.250000 5.270708492927e-01 5.895942921801e-01 7.908382e-01
0.750000 15.275000 5.366159988042e-01 6.039731671813e-01 8.079235e-01
0.750000 15.300000 5.466628504435e-01 6.186831102011e-01 8.255962e-01
0.750000 15.325000 5.572824856043e-01 6.337576275663e-01 8.439268e-01
0.750000 15.350000 5.685682219179e-01 6.492254597586e-01 8.629968e-01
0.750000 15.375000 5.806364461964e-01 6.651033548850e-01 8.828936e-01
0.750000 15.400000 5.936253545405e-01 6.813883743788e-01 9.037041e-01
0.750000 15.425000 6.076914478622e-01 6.980503306191e-01 9.255070e-01
0.750000 15.450000 6.230038083104e-01 7.150250004102e-01 9.483641e-01
0.750000 15.475000 6.397363718758e-01 7.322087474046e-01 9.723128e-01
0.750000 15.500000 6.580585966802e-01 7.494551172082e-01 9.973586e-01
0.750000 15.525000 6.781250862257e-01 7.665738439006e-01 1.023469e+00
0.750000 15.550000 7.000648447419e-01 7.833325352513e-01 1.050572e+00
0.750000 15.575000 7.239709039026e-01 7.994611008175e-01 1.078551e+00
0.750000 15.600000 7.498910582097e-01 8.146587713298e-01 1.107251e+00
0.750000 15.625000 7.778203785771e-01 8.286033503391e-01 1.136481e+00
0.750000 15.650000 8.076960454649e-01 8.409621607099e-01 1.166015e+00
0.750000 15.675000 8.393948663422e-01 8.514040171756e-01 1.195606e+00
0.750000 15.700000 8.727336346740e-01 8.596114848799e-01 1.224988e+00
0.750000 15.725000 9.074722697995e-01 8.652926792668e-01 1.253889e+00
0.750000 15.750000 9.433194707812e-01 8.681919242502e-01 1.282033e+00
0.750000 15.775000 9.799404428188e-01 8.680987055676e-01 1.309152e+00
0.750000 15.800000 1.016966128594e+00 8.648545207140e-01 1.334988e+00
0.750000 15.825000 1.054003309732e+00 8.583574174961e-01 1.359301e+00
0.750000 15.850000 1.090644939471e+00 8.485642094351e-01 1.381871e+00
0.750000 15.875000 1.126480123603e+00 8.354905375176e-01 1.402498e+00
0.750000 15.900000 1.161103273349e+00 8.192090962653e-01 1.421008e+00
0.750000 15.925000 1.194122096490e+00 7.998464442826e-01 1.437248e+00
0.750000 15.950000 1.225164253998e+00 7.775788677841e-01 1.451088e+00
0.750000 15.975000 1.253882669878e+00 7.526277588564e-01 1.462419e+00
0.750000 16.000000 1.279959624311e+00 7.252549134129e-01 1.471153e+00
0.750000 16.025000 1.303109870076e+00 6.957580571783e-01 1.477219e+00
0.750000 16.050000 1.323083079859e+00 6.644667856189e-01 1.480562e+00
0.750000 16.075000 1.339665952912e+00 6.317389713964e-01 1.481148e+00
0.750000 16.100000 1.352684284723e+00 5.979575665113e-01 1.478955e+00
0.750000 16.125000 1.362005238933e+00 5.635276198402e-01 1.473982e+00
0.750000 16.150000 1.367539966491e+00 5.288732550347e-01 1.466244e+00
0.750000 16.175000 1.369246605298e+00 4.944343153970e-01 1.455782e+00
0.750000 16.200000 1.367133577493e+00 4.606623835948e-01 1.442659e+00
0.750000 16.225000 1.361262993533e+00 4.280159229075e-01 1.426967e+00
0.750000 16.250000 1.351753883012e+00 3.969543575830e-01 1.408833e+00
0.750000 16.275000 1.338784909688e+00 3.679310047199e-01 1.388423e+00
0.750000 16.300000 1.322596197197e+00 3.413848793604e-01 1.365944e+00
0.750000 16.325000 1.303489894239e+00 3.177315083122e-01 1.341655e+00
0.750000 16.350000 1.281829142407e+00 2.973529973153e-01 1.315867e+00
0.750000 16.375000 1.258035173022e+00 2.805876924505e-01 1.288946e+00
0.750000 16.400000 1.232582346395e+00 2.677198537041e-01 1.261322e+00
0.750000 16.425000 1.205991051859e+00 2.589698115831e-01 1.233483e+00
0.750000 16.450000 1.178818503382e+00 2.544851035182e-01 1.205975e+00
0.750000 16.475000 1.151647586978e+00 2.543330838209e-01 1.179397e+00
0.750000 16.500000 1.125074035915e+00 2.584954687740e-01 1.154388e+00
0.750000 16.525000 1.099692321541e+00 2.668652177583e-01 1.131610e+00
0.750000 16.550000 1.076080744993e+00 2.792460640043e-01 1.111723e+00
0.750000 16.575000 1.054786292126e+00 2.953548976686e-01 1.095358e+00
0.750000 16.600000 1.036309864822e+00 3.148270739018e-01 1.083076e+00
0.750000 16.625000 1.021092521490e+00 3.372245753321e-01 1.075337e+00
0.750000 16.650000 1.009503344060e+00 3.620468094160e-01 1.072462e+00
0.750000 16.675000 1.001829496056e+00 3.887436752712e-01 1.074609e+00
0.750000 16.700000 9.982689465103e-01 4.167304017496e-01 1.081760e+00
0.750000 16.725000 9.989262106578e-01 4.454035488029e-01 1.093727e+00
0.750000 16.750000 1.003811306499e+00 4.741574872144e-01 1.110163e+00
0.750000 16.775000 1.012841955581e+00 5.024006354957e-01 1.130599e+00
0.750000 16.800000 1.025848878303e+00 5.295707424759e-01 1.154474e+00
0.750000 16.825000 1.042583862048e+00 5.551485616156e-01 1.181174e+00
0.750000 16.850000 1.062730128283e+00 5.786693659419e-01 1.210063e+00
0.750000 16.875000 1.085914405476e+00 5.997318940265e-01 1.240519e+00
0.750000 16.900000 1.111720038837e+00 6.180044868882e-01 1.271948e+00
0.750000 16.925000 1.139700442583e+00 6.332283592458e-01 1.303800e+00
0.750000 16.950000 1.169392227983e+00 6.452181304593e-01 1.335584e+00
0.750000 16.975000 1.200327418258e+00 6.538599048034e-01 1.366865e+00
0.750000 17.000000 1.232044281650e+00 6.591073229325e-01 1.397267e+00
0.750000 17.025000 1.264096464692e+00 6.609760951314e-01 1.426474e+00
0.750000 17.050000 1.296060273636e+00 6.595375652685e-01 1.454222e+00
0.750000 17.075000 1.327540116556e+00 6.549118406185e-01 1.480295e+00
0.750000 17.100000 1.358172265609e+00 6.472609607406e-01 1.504519e+00
0.750000 17.125000 1.387627214255e+00 6.367824773042e-01 1.526762e+00
0.750000 17.150000 1.415610977759e+00 6.237036890699e-01 1.546920e+00
0.750000 17.175000 1.441865711722e+00 6.082766375891e-01 1.564921e+00
0.750000 17.200000 1.466170002920e+00 5.907738356321e-01 1.580718e+00
0.750000 17.225000 1.488339124765e+00 5.714845867646e-01 1.594286e+00
0.750000 17.250000 1.508225456379e+00 5.507116727477e-01 1.605624e+00
0.750000 17.275000 1.525719152480e+00 5.287681432468e-01 1.614749e+00
0.750000 17.300000 1.540749035957e+00 5.059739423697e-01 1.621702e+00
0.750000 17.325000 1.553283580235e+00 4.826521464466e-01 1.626543e+00
0.750000 17.350000 1.563331766823e+00 4.591246602474e-01 1.629356e+00
0.750000 17.375000 1.570943553645e+00 4.357073140615e-01 1.630247e+00
0.750000 17.400000 1.576209676692e+00 4.127044092427e-01 1.629344e+00
0.750000 17.425000 1.579260531276e+00 3.904028620129e-01 1.626800e+00
0.750000 17.450000 1.580263935676e+00 3.690661827348e-01 1.622789e+00
0.750000 17.475000 1.579421661697e+00 3.489285911508e-01 1.617505e+00
0.750000 17.500000 1.576964713674e+00 3.301896012926e-01 1.611162e+00
0.750000 17.525000 1.573147439072e+00 3.130094106424e-01 1.603985e+00
0.750000 17.550000 1.568240649613e+00 2.975053981578e-01 1.596211e+00
0.750000 17.575000 1.562524013075e+00 2.837499794654e-01 1.588079e+00
0.750000 17.600000 1.556278036155e+00 2.717699916314e-01 1.579829e+00
0.750000 17.625000 1.549775994484e+00 2.615476922869e-01 1.571691e+00
0.750000 17.650000 1.543276176285e+00 2.530233664320e-01 1.563880e+00
0.750000 17.675000 1.537014792826e+00 2.460994460340e-01 1.556592e+00
0.750000 17.700000 1.531199875124e+00 2.406459681569e-01 1.549995e+00
0.750000 17.725000 1.526006426514e+00 2.365071306077e-01 1.544225e+00
0.750000 17.750000 1.521573039262e+00 2.335086520595e-01 1.539387e+00
0.750000 17.775000 1.518000114406e+00 2.314656069730e-01 1.535546e+00
0.750000 17.800000 1.515349750723e+00 2.301903841807e-01 1.532734e+00
0.750000 17.825000 1.513647293700e+00 2.295004111371e-01 1.530947e+00
0.750000 17.850000 1.512884460435e+00 2.292252930982e-01 1.530152e+00
0.750000 17.875000 1.513023883084e+00 2.292130378020e-01 1.530288e+00
0.750000 17.900000 1.514004843617e+00 2.293350718603e-01 1.531276e+00
0.750000 17.925000 1.515749908614e+00 2.294898055676e-01 1.533024e+00
0.750000 17.950000 1.518172117871e+00 2.296045683714e-01 1.535436e+00
0.750000 17.975000 1.521182338762e+00 2.296358172399e-01 1.538417e+00
0.750000 18.000000 1.524696374257e+00 2.295676126354e-01 1.541882e+00
0.750000 18.025000 1.528641410834e+00 2.294084579938e-01 1.545760e+00
0.750000 18.050000 1.532961417071e+00 2.291867028493e-01 1.549999e+00
0.750000 18.075000 1.537621156723e+00 2.289448096325e-01 1.554572e+00
0.750000 18.100000 1.542608561409e+00 2.287328710821e-01 1.559474e+00
0.750000 18.125000 1.547935314680e+00 2.286018302228e-01 1.564724e+00
0.750000 18.150000 1.553635625003e+00 2.285968897551e-01 1.570363e+00
0.750000 18.175000 1.559763301127e+00 2.287515961746e-01 1.576448e+00
0.750000 18.200000 1.566387378121e+00 2.290830425741e-01 1.583050e+00
0.750000 18.225000 1.573586663709e+00 2.295885532789e-01 1.590247e+00
0.750000 18.250000 1.581443670127e+00 2.302440976241e-01 1.598117e+00
0.750000 18.275000 1.590038455957e+00 2.310045378124e-01 1.606731e+00
0.750000 18.300000 1.599442917479e+00 2.318056586941e-01 1.616153e+00
0.750000 18.325000 1.609716036515e+00 2.325677696208e-01 1.626430e+00
0.750000 18.350000 1.620900512401e+00 2.332005251848e-01 1.637590e+00
0.750000 18.375000 1.633021085619e+00 2.336084968025e-01 1.649646e+00
0.750000 18.400000 1.646084709978e+00 2.336969525096e-01 1.662591e+00
0.750000 18.425000 1.660082562709e+00 2.333772759409e-01 1.676407e+00
0.750000 18.450000 1.674993713112e+00 2.325714805479e-01 1.691063e+00
0.750000 18.475000 1.690790116393e+00 2.312153496510e-01 1.706526e+00
0.750000 18.500000 1.707442474579e+00 2.292598500574e-01 1.722765e+00
0.750000 18.525000 1.724926422411e+00 2.266706154454e-01 1.739756e+00
0.750000 18.550000 1.743228460208e+00 2.234254613633e-01 1.757488e+00
0.750000 18.575000 1.762351070135e+00 2.195100608759e-01 1.775969e+00
0.750000 18.600000 1.782316514455e+00 2.149120633193e-01 1.795227e+00
0.750000 18.625000 1.803168916748e+00 2.096140648547e-01 1.815312e+00
0.750000 18.650000 1.824974358750e+00 2.035859285493e-01 1.836295e+00
0.750000 18.675000 1.847818873091e+00 1.967769976361e-01 1.858267e+00
0.750000 18.700000 1.871804361794e+00 1.891087473052e-01 1.881333e+00
0.750000 18.725000 1.897042608726e+00 1.804683811072e-01 1.905607e+00
0.750000 18.750000 1.923647670403e+00 1.707038049376e-01 1.931207e+00
0.750000 18.775000 1.951727016097e+00 1.596203144049e-01 1.958243e+00
0.750000 18.800000 1.981371841208e+00 1.469792213380e-01 1.986816e+00
0.750000 18.825000 2.012646997748e+00 1.324985333789e-01 2.017004e+00
0.750000 18.850000 2.045580976026e+00 1.158556967029e-01 2.048859e+00
0.750000 18.875000 2.080156338788e+00 9.669232327705e-02 2.082402e+00
0.750000 18.900000 2.116300960865e+00 7.462075495883e-02 2.117616e+00
0.750000 18.925000 2.153880372149e+00 4.923226817136e-02 2.154443e+00
0.750000 18.950000 2.192691446606e+00 2.010669298773e-02 2.192784e+00
0.750000 18.975000 2.232457630670e+00 -1.317679497052e-02 2.232497e+00
0.750000 19.000000 2.272825863627e+00 -5.102795791290e-02 2.273399e+00
0.750000 19.025000 2.313365310857e+00 -9.383310588051e-02 2.315268e+00
0.750000 19.050000 2.353568006024e+00 -1.419422896996e-01 2.357844e+00
0.750000 19.075000 2.392851476371e+00 -1.956563430730e-01 2.400837e+00
0.750000 19.100000 2.430563401387e+00 -2.552140556573e-01 2.443926e+00
0.750000 19.125000 2.465988324354e+00 -3.207797787952e-01 2.486765e+00
0.750000 19.150000 2.498356394888e+00 -3.924317857011e-01 2.528989e+00
0.750000 19.175000 2.526854066932e+00 -4.701517227590e-01 2.570221e+00
0.750000 19.200000 2.550636611493e+00 -5.538154919379e-01 2.610069e+00
0.750000 19.225000 2.568842230587e+00 -6.431858902458e-01 2.648139e+00
0.750000 19.250000 2.580607484543e+00 -7.379072963025e-01 2.684035e+00
0.750000 19.275000 2.585083677226e+00 -8.375026347038e-01 2.717364e+00
0.750000 19.300000 2.581453791996e+00 -9.413727674047e-01 2.747742e+00
0.750000 19.325000 2.568949543753e+00 -1.048798362950e+00 2.774794e+00
0.750000 19.350000 2.546868116121e+00 -1.158944187596e+00 2.798158e+00
0.750000 19.375000 2.514588191061e+00 -1.270865658410e+00 2.817491e+00
0.750000 19.400000 2.471584950464e+00 -1.383517410057e+00 2.832464e+00
0.750000 19.425000 2.417443829869e+00 -1.495763566837e+00 2.842770e+00
0.750000 19.450000 2.351872923175e+00 -1.606389390428e+00 2.848121e+00
0.750000 19.475000 2.274714059542e+00 -1.714113998695e+00 2.848247e+00
0.750000 19.500000 2.185952682167e+00 -1.817603923781e+00 2.842899e+00
0.750000 19.525000 2.085726735076e+00 -1.915487393833e+00 2.831845e+00
0.750000 19.550000 1.974334791418e+00 -2.006369370762e+00 2.814874e+00
0.750000 19.575000 1.852243621844e+00 -2.088847538596e+00 2.791790e+00
0.750000 19.600000 1.720095297450e+00 -2.161529590313e+00 2.762415e+00
0.750000 19.625000 1.578713749497e+00 -2.223052279422e+00 2.726591e+00
0.750000 19.650000 1.429110478308e+00 -2.272102759906e+00 2.684177e+00
0.750000 19.675000 1.272488836088e+00 -2.307442711252e+00 2.635056e+00
0.750000 19.700000 1.110246031891e+00 -2.327935617410e+00 2.579134e+00
0.750000 19.725000 9.439717562956e-01 -2.332577332627e+00 2.516346e+00
0.750000 19.750000 7.754421372861e-01 -2.320529727863e+00 2.446665e+00
0.750000 19.775000 6.066076548078e-01 -2.291156787065e+00 2.370100e+00
0.750000 19.800000 4.395736920016e-01 -2.244062044056e+00 2.286709e+00
0.750000 19.825000 2.765726086742e-01 -2.179125761016e+00 2.196607e+00
0.750000 19.850000 1.199265959464e-01 -2.096539799499e+00 2.099967e+00
0.750000 19.875000 -2.799889781329e-02 -1.996837779396e+00 1.997034e+00
0.750000 19.900000 -1.648507167941e-01 -1.880917913431e+00 1.888128e+00
0.750000 19.925000 -2.883513194689e-01 -1.750055889532e+00 1.773652e+00
0.750000 19.950000 -3.963678883961e-01 -1.605905382471e+00 1.654098e+00
0.750000 19.975000 -4.869845043784e-01 -1.450484222179e+00 1.530052e+00
0.750000 20.000000 -5.585740353375e-01 -1.286144919748e+00 1.402203e+00
0.750000 20.025000 -6.098659492548e-01 -1.115529120592e+00 1.271354e+00
0.750000 20.050000 -6.400060649089e-01 -9.415065621183e-01 1.138439e+00
0.750000 20.075000 -6.486043468166e-01 -7.671001865349e-01 1.004555e+00
0.750000 20.100000 -6.357672509886e-01 -5.954001108805e-01 8.710346e-01
0.750000 20.125000 -6.021118277292e-01 -4.294700937326e-01 7.395831e-01
0.750000 20.150000 -5.487597499445e-01 -2.722508727562e-01 6.125829e-01
0.750000 20.175000 -4.773105964921e-01 -1.264652035379e-01 4.937802e-01
0.750000 20.200000 -3.897949940982e-01 5.470446550030e-03 3.898334e-01
0.750000 20.225000 -2.886095072476e-01 1.215228321541e-01 3.131505e-01
0.750000 20.250000 -1.764363566645e-01 2.201033652942e-01 2.820909e-01
0.750000 20.275000 -5.615204146664e-02 3.001108343260e-01 3.053188e-01
0.750000 20.300000 6.927034940495e-02 3.609533459221e-01 3.675401e-01
0.750000 20.325000 1.968599876004e-01 4.025487436801e-01 4.481064e-01
0.750000 20.350000 3.237431852996e-01 4.253041199549e-01 5.345028e-01
0.750000 20.375000 4.472295668140e-01 4.300763355812e-01 6.204675e-01
0.750000 20.400000 5.648855297023e-01 4.181165874150e-01 7.027924e-01
0.750000 20.425000 6.745920021912e-01 3.910029245857e-01 7.797164e-01
0.750000 20.450000 7.745846933400e-01 3.505651450522e-01 8.502220e-01
0.750000 20.475000 8.634762950145e-01 2.988066706883e-01 9.137159e-01
0.750000 20.500000 9.402613184672e-01 2.378278028101e-01 9.698729e-01
0.750000 20.525000 1.004305328590e+00 1.697542364399e-01 1.018551e+00
0.750000 20.550000 1.055321188830e+00 9.667392620909e-02 1.059740e+00
0.750000 20.575000 1.093335488758e+00 2.058443761401e-02 1.093529e+00
0.750000 20.600000 1.118648565337e+00 -5.664811517283e-02 1.120082e+00
0.750000 20.625000 1.131791452617e+00 -1.333184475658e-01 1.139616e+00
0.750000 20.650000 1.133482738845e+00 -2.079005840536e-01 1.152391e+00
0.750000 20.675000 1.124587737166e+00 -2.790569115469e-01 1.158693e+00
0.750000 20.700000 1.106081666472e+00 -3.456397237812e-01 1.158828e+00
0.750000 20.725000 1.079017780901e+00 -4.066873574949e-01 1.153115e+00
0.750000 20.750000 1.044500666465e+00 -4.614169553680e-01 1.141879e+00
0.750000 20.775000 1.003664315465e+00 -5.092156142172e-01 1.125452e+00
0.750000 20.800000 9.576541487673e-01 -5.496312486411e-01 1.104172e+00
0.750000 20.825000 9.076119125019e-01 -5.823639912528e-01 1.078382e+00
0.750000 20.850000 8.546623331391e-01 -6.072584346685e-01 1.048432e+00
0.750000 20.875000 7.999005517205e-01 -6.242965649708e-01 1.014686e+00
0.750000 20.900000 7.443796325678e-01 -6.335908946934e-01 9.775165e-01
0.750000 20.925000 6.890977986539e-01 -6.353771088798e-01 9.373152e-01
0.750000 20.950000 6.349854241061e-01 -6.300055014032e-01 8.944906e-01
0.750000 20.975000 5.828921559041e-01 -6.179305891548e-01 8.494713e-01
0.750000 21.000000 5.335747938513e-01 -5.996985186588e-01 8.027081e-01
0.750000 21.025000 4.876866982934e-01 -5.759321792699e-01 7.546762e-01
0.750000 21.050000 4.457695057452e-01 -5.473142589771e-01 7.058777e-01
0.750000 21.075000 4.082478198634e-01 -5.145687733164e-01 6.568465e-01
0.750000 21.100000 3.754273324594e-01 -4.784418229824e-01 6.081548e-01
0.750000 21.125000 3.474965525289e-01 -4.396824623055e-01 5.604235e-01
0.750000 21.150000 3.245320232396e-01 -3.990245759345e-01 5.143361e-01
0.750000 21.175000 3.065066303709e-01 -3.571705687383e-01 4.706561e-01
0.750000 21.200000 2.933003876359e-01 -3.147774933337e-01 4.302441e-01
0.750000 21.225000 2.847129505886e-01 -2.724460013647e-01 3.940663e-01
0.750000 21.250000 2.804770732910e-01 -2.307122456035e-01 3.631742e-01
0.750000 21.275000 2.802722776265e-01 -1.900426174970e-01 3.386277e-01
0.750000 21.300000 2.837381375490e-01 -1.508310112063e-01 3.213368e-01
0.750000 21.325000 2.904867628838e-01 -1.133981831980e-01 3.118360e-01
0.750000 21.350000 3.001142670864e-01 -7.799273625627e-02 3.100830e-01
0.750000 21.375000 3.122111877811e-01 -4.479329537730e-02 3.154081e-01
0.750000 21.400000 3.263719696718e-01 -1.391154516010e-02 3.266683e-01
0.750000 21.425000 3.422036970502e-01 1.460406032562e-02 3.425152e-01
0.750000 21.450000 3.593342694328e-01 4.076395299210e-02 3.616391e-01
0.750000 21.475000 3.774201527749e-01 6.463237777917e-02 3.829142e-01
0.750000 21.500000 3.961537252380e-01 8.632141087226e-02 4.054493e-01
0.750000 21.525000 4.152700938957e-01 1.059838637539e-01 4.285812e-01
0.750000 21.550000 4.345531147813e-01 1.238049109775e-01 4.518452e-01
0.750000 21.575000 4.538402310111e-01 1.399923859948e-01 4.749409e-01
0.750000 21.600000 4.730256757939e-01 1.547658438636e-01 4.977005e-01
0.750000 21.625000 4.920615846140e-01 1.683446693139e-01 5.200620e-01
0.750000 21.650000 5.109566294319e-01 1.809356864953e-01 5.420465e-01
0.750000 21.675000 5.297719224171e-01 1.927208758151e-01 5.637372e-01
0.750000 21.700000 5.486141229036e-01 2.038459006686e-01 5.852611e-01
0.750000 21.725000 5.676258969926e-01 2.144101768530e-01 6.067709e-01
0.750000 21.750000 5.869740986419e-01 2.244591736532e-01 6.284270e-01
0.750000 21.775000 6.068362381049e-01 2.339795214729e-01 6.503819e-01
0.750000 21.800000 6.273859556591e-01 2.428973289985e-01 6.727646e-01
0.750000 21.825000 6.487783095717e-01 2.510799026265e-01 6.956683e-01
0.750000 21.850000 6.711357094081e-01 2.583408355020e-01 7.191405e-01
0.750000 21.875000 6.945352801727e-01 2.644482166867e-01 7.431770e-01
0.750000 21.900000 7.189983385434e-01 2.691355234876e-01 7.677191e-01
0.750000 21.925000 7.444825148936e-01 2.721146171931e-01 7.926541e-01
0.750000 21.950000 7.708768826234e-01 2.730901726202e-01 8.178199e-01
0.750000 21.975000 7.980002786637e-01 2.717748357781e-01 8.430101e-01
0.750000 22.000000 8.256028326105e-01 2.679044156984e-01 8.679820e-01
0.750000 22.025000 8.533705789680e-01 2.612524652928e-01 8.924652e-01
0.750000 22.050000 8.809329137804e-01 2.516436787126e-01 9.161699e-01
0.750000 22.075000 9.078725740002e-01 2.389656159555e-01 9.387956e-01
0.750000 22.100000 9.337377607423e-01 2.231783487002e-01 9.600389e-01
0.750000 22.125000 9.580559883742e-01 2.043216979582e-01 9.796013e-01
0.750000 22.150000 9.803492114750e-01 1.825198023650e-01 9.971951e-01
0.750000 22.175000 1.000149753601e+00 1.579828185945e-01 1.012550e+00
0.750000 22.200000 1.017016531258e+00 1.310056186069e-01 1.025419e+00
0.750000 22.225000 1.030551033509e+00 1.019634197961e-01 1.035583e+00
0.750000 22.250000 1.040412486882e+00 7.130437037972e-02 1.042853e+00
0.750000 22.275000 1.046331614891e+00 3.953921749380e-02 1.047078e+00
0.750000 22.300000 1.048122402156e+00 7.228308890096e-03 1.048147e+00
0.750000 22.325000 1.045691305060e+00 -2.503368481658e-02 1.045991e+00
0.750000 22.350000 1.039043422179e+00 -5.663480237165e-02 1.040586e+00
0.750000 22.375000 1.028285251850e+00 -8.696392787078e-02 1.031956e+00
0.750000 22.400000 1.013623818739e+00 -1.154292823051e-01 1.020175e+00
0.750000 22.425000 9.953621373269e-01 -1.414764680889e-01 1.005366e+00
0.750000 22.450000 9.738911832062e-01 -1.646052641953e-01 9.877039e-01
0.750000 22.475000 9.496787442062e-01 -1.843844298925e-01 9.674127e-01
0.750000 22.500000 9.232557021212e-01 -2.004638940302e-01 9.447682e-01
0.750000 22.525000 8.952004330128e-01 -2.125838752136e-01 9.200955e-01
0.750000 22.550000 8.661220944172e-01 -2.205806800955e-01 8.937692e-01
0.750000 22.575000 8.366435827230e-01 -2.243891416277e-01 8.662119e-01
0.750000 22.600000 8.073848927892e-01 -2.240418635008e-01 8.378933e-01
0.750000 22.625000 7.789475023319e-01 -2.196656093171e-01 8.093282e-01
0.750000 22.650000 7.519002509837e-01 -2.114752975606e-01 7.810735e-01
0.750000 22.675000 7.267670089607e-01 -1.997661252156e-01 7.537220e-01
0.750000 22.700000 7.040162562624e-01 -1.849043414227e-01 7.278932e-01
0.750000 22.725000 6.840525427966e-01 -1.673171340982e-01 7.042179e-01
0.750000 22.750000 6.672096911755e-01 -1.474819912134e-01 6.833152e-01
0.750000 22.775000 6.537455488137e-01 -1.259157743819e-01 6.657612e-01
0.750000 22.800000 6.438380974394e-01 -1.031636183614e-01 6.520508e-01
0.750000 22.825000 6.375827803420e-01 -7.978766812752e-02 6.425557e-01
0.750000 22.850000 6.349909966597e-01 -5.635560338388e-02 6.374869e-01
0.750000 22.875000 6.359898178959e-01 -3.342888991659e-02 6.368678e-01
0.750000 22.900000 6.404230819537e-01 -1.155074061765e-02 6.405272e-01
0.750000 22.925000 6.480540922806e-01 8.766140261668e-03 6.481134e-01
0.750000 22.950000 6.585701764039e-01 2.705183276516e-02 6.591255e-01
0.750000 22.975000 6.715893283913e-01 4.289116479409e-02 6.729576e-01
0.750000 23.000000 6.866690716280e-01 5.593490820168e-02 6.889435e-01
0.750000 23.025000 7.033175390983e-01 6.590966327986e-02 7.063991e-01
0.750000 23.050000 7.210065938454e-01 7.262585194337e-02 7.246551e-01
0.750000 23.075000 7.391866243406e-01 7.598326897905e-02 7.430816e-01
0.750000 23.100000 7.573024730716e-01 7.597373679756e-02 7.611038e-01
0.750000 23.125000 7.748098160170e-01 7.268056503786e-02 7.782112e-01
0.750000 23.150000 7.911912259345e-01 6.627471633667e-02 7.939621e-01
0.750000 23.175000 8.059711364846e-01 5.700780135010e-02 8.079848e-01
0.750000 23.200000 8.187289810545e-01 4.520224418201e-02 8.199758e-01
0.750000 23.225000 8.291099040271e-01 3.123914855362e-02 8.296982e-01
0.750000 23.250000 8.368326187208e-01 1.554453406522e-02 8.369770e-01
0.750000 23.275000 8.416941942470e-01 -1.425313659842e-03 8.416954e-01
0.750000 23.300000 8.435717685157e-01 -1.919863094856e-02 8.437902e-01
0.750000 23.325000 8.424213820408e-01 -3.730241647729e-02 8.432469e-01
0.750000 23.350000 8.382742860235e-01 -5.527555498463e-02 8.400947e-01
0.750000 23.375000 8.312311838298e-01 -7.268040730783e-02 8.344026e-01
0.750000 23.400000 8.214549110780e-01 -8.911261519578e-02 8.262743e-01
0.750000 23.425000 8.091620485765e-01 -1.042090258438e-01 8.158448e-01
0.750000 23.450000 7.946139047859e-01 -1.176537696512e-01 8.032768e-01
0.750000 23.475000 7.781072167646e-01 -1.291826123737e-01 7.887579e-01
0.750000 23.500000 7.599648202351e-01 -1.385857444252e-01 7.724976e-01
0.750000 23.525000 7.405264497641e-01 -1.457091685610e-01 7.547255e-01
0.750000 23.550000 7.201397649797e-01 -1.504548128168e-01 7.356887e-01
0.750000 23.575000 6.991516681459e-01 -1.527794439005e-01 7.156498e-01
0.750000 23.600000 6.778999847105e-01 -1.526924050828e-01 6.948837e-01
0.750000 23.625000 6.567056163135e-01 -1.502521689831e-01 6.736750e-01
0.750000 23.650000 6.358653331887e-01 -1.455616925255e-01 6.523135e-01
0.750000 23.675000 6.156454334229e-01 -1.387625954389e-01 6.310898e-01
0.750000 23.700000 5.962765421111e-01 -1.300282540637e-01 6.102893e-01
0.750000 23.725000 5.779498377552e-01 -1.195560002726e-01 5.901861e-01
0.750000 23.750000 5.608149646746e-01 -1.075587260000e-01 5.710362e-01
0.750000 23.775000 5.449798141622e-01 -9.425629812505e-02 5.530707e-01
0.750000 23.800000 5.305122371822e-01 -7.986726628608e-02 5.364905e-01
0.750000 23.825000 5.174435992032e-01 -6.460138005057e-02 5.214607e-01
0.750000 23.850000 5.057739214614e-01 -4.865340964702e-02 5.081087e-01
0.750000 23.875000 4.954781947470e-01 -3.219868189672e-02 4.965233e-01
0.750000 23.900000 4.865133245995e-01 -1.539060465798e-02 4.867567e-01
0.750000 23.925000 4.788250906677e-01 1.639727719945e-03 4.788279e-01
0.750000 23.950000 4.723544920441e-01 1.878195838809e-02 4.727278e-01
0.750000 23.975000 4.670429103251e-01 3.594323226404e-02 4.684239e-01
0.750000 24.000000 4.628356491626e-01 5.304378355152e-02 4.658653e-01
0.750000 24.025000 4.596835899799e-01 7.001195052293e-02 4.649846e-01
0.750000 24.050000 4.575429174290e-01 8.677927467044e-02 4.656996e-01
0.750000 24.075000 4.563730891697e-01 1.032763183072e-01 4.679128e-01
0.750000 24.100000 4.561334253068e-01 1.194297372595e-01 4.715095e-01
0.750000 24.125000 4.567788482654e-01 1.351609849780e-01 4.763564e-01
0.750000 24.150000 4.582553947373e-01 1.503868210464e-01 4.823009e-01
0.750000 24.175000 4.604961367062e-01 1.650215761406e-01 4.891716e-01
0.750000 24.200000 4.634180874869e-01 1.789809146014e-01 4.967801e-01
0.750000 24.225000 4.669205401230e-01 1.921866609171e-01 5.049262e-01
0.750000 24.250000 4.708851069780e-01 2.045721384167e-01 5.134029e-01
0.750000 24.275000 4.751775245506e-01 2.160874203726e-01 5.220033e-01
0.750000 24.300000 4.796510828897e-01 2.267039190489e-01 5.305279e-01
0.750000 24.325000 4.841513599658e-01 2.364178308778e-01 5.387912e-01
0.750000 24.350000 4.885218091904e-01 2.452521012186e-01 5.466280e-01
0.750000 24.375000 4.926096770658e-01 2.532567491313e-01 5.538983e-01
0.750000 24.400000 4.962717231416e-01 2.605075771530e-01 5.604907e-01
0.750000 24.425000 4.993792723752e-01 2.671034594470e-01 5.663249e-01
0.750000 24.450000 5.018222388891e-01 2.731625336163e-01 5.713522e-01
0.750000 24.475000 5.035119020994e-01 2.788177028889e-01 5.755550e-01
0.750000 24.500000 5.043823701793e-01 2.842118799917e-01 5.789456e-01
0.750000 24.525000 5.043908106122e-01 2.894933737921e-01 5.815638e-01
0.750000 24.550000 5.035166449242e-01 2.948117440188e-01 5.834749e-01
0.750000 24.575000 5.017599816610e-01 3.003143430349e-01 5.847664e-01
0.750000 24.600000 4.991395921948e-01 3.061436446695e-01 5.855461e-01
0.750000 24.625000 4.956907191985e-01 3.124353466780e-01 5.859395e-01
0.750000 24.650000 4.914629552565e-01 3.193171410975e-01 5.860881e-01
0.750000 24.675000 4.865183516355e-01 3.269079865639e-01 5.861475e-01
0.750000 24.700000 4.809298297873e-01 3.353176935137e-01 5.862862e-01
0.750000 24.725000 4.747798858024e-01 3.446466458818e-01 5.866833e-01
0.750000 24.750000 4.681595135300e-01 3.549855245924e-01 5.875271e-01
0.750000 24.775000 4.611672339797e-01 3.664149580858e-01 5.890120e-01
0.750000 24.800000 4.539081102906e-01 3.790050906150e-01 5.913353e-01
0.750000 24.825000 4.464926470020e-01 3.928151177730e-01 5.946927e-01
0.750000 24.850000 4.390355130780e-01 4.078928806878e-01 5.992735e-01
0.750000 24.875000 4.316540805549e-01 4.242746294718e-01 6.052555e-01
0.750000 24.900000 4.244668240863e-01 4.419850613082e-01 6.127992e-01
0.750000 24.925000 4.175916711779e-01 4.610377120069e-01 6.220439e-01
0.750000 24.950000 4.111444212053e-01 4.814357384806e-01 6.331036e-01
0.750000 24.975000 4.052373597437e-01 5.031730820426e-01 6.460654e-01
0.750000 25.000000 3.999781837162e-01 5.262359576202e-01 6.609893e-01
0.750000 25.025000 3.954693265057e-01 5.506045794061e-01 6.779096e-01
0.750000 25.050000 3.918077371654e-01 5.762550137949e-01 6.968380e-01
0.750000 25.075000 3.890851319673e-01 6.031610466958e-01 7.177677e-01
0.750000 25.100000 3.873887068617e-01 6.312959619364e-01 7.406785e-01
0.750000 25.125000 3.868022808751e-01 6.606341449243e-01 7.655413e-01
0.750000 25.150000 3.874078346903e-01 6.911524439541e-01 7.923235e-01
0.750000 25.175000 3.892874135506e-01 7.228312334628e-01 8.209931e-01
0.750000 25.200000 3.925253738508e-01 7.556551238809e-01 8.515227e-01
0.750000 25.225000 3.972109606835e-01 7.896132494194e-01 8.838923e-01
0.750000 25.250000 4.034412010084e-01 8.246990399844e-01 9.180922e-01
0.750000 25.275000 4.113240770331e-01 8.609093523986e-01 9.541239e-01
0.750000 25.300000 4.209819029422e-01 8.982428083184e-01 9.920010e-01
0.750000 25.325000 4.325547657827e-01 9.366971726085e-01 1.031749e+00
0.750000 25.350000 4.462038135742e-01 9.762656170630e-01 1.073402e+00
0.750000 25.375000 4.621140908397e-01 1.016931758449e+00 1.117005e+00
0.750000 25.400000 4.804965475113e-01 1.058663440656e+00 1.162603e+00
0.750000 25.425000 5.015887970270e-01 1.101405346201e+00 1.210242e+00
0.750000 25.450000 5.256541879886e-01 1.145070664116e+00 1.259960e+00
0.750000 25.475000 5.529787922272e-01 1.189532195001e+00 1.311782e+00
0.750000 25.500000 5.838660060908e-01 1.234613421194e+00 1.365712e+00
0.750000 25.525000 6.186286095184e-01 1.280080189858e+00 1.421727e+00
0.750000 25.550000 6.575783194440e-01 1.325633729607e+00 1.479768e+00
0.750000 25.575000 7.010130934349e-01 1.370905731045e+00 1.539741e+00
0.750000 25.600000 7.492026637228e-01 1.415456159018e+00 1.601506e+00
0.750000 25.625000 8.023729855304e-01 1.458774328447e+00 1.664880e+00
0.750000 25.650000 8.606904417147e-01 1.500283574759e+00 1.729635e+00
0.750000 25.675000 9.242467368937e-01 1.539349601221e+00 1.795502e+00
0.750000 25.700000 9.930454238969e-01 1.575292313190e+00 1.862172e+00
0.750000 25.725000 1.066990928224e+00 1.607400681938e+00 1.929302e+00
0.750000 25.750000 1.145880777213e+00 1.634949947387e+00 1.996523e+00
0.750000 25.775000 1.229401514830e+00 1.657220296143e+00 2.063445e+00
0.750000 25.800000 1.317128513917e+00 1.673516058093e+00 2.129667e+00
0.750000 25.825000 1.408529614682e+00 1.683184462096e+00 2.194781e+00
0.750000 25.850000 1.502972252345e+00 1.685633078301e+00 2.258381e+00
0.750000 25.875000 1.599733517588e+00 1.680345240238e+00 2.320066e+00
0.750000 25.900000 1.698012444417e+00 1.666892962881e+00 2.379449e+00
0.750000 25.925000 1.796943755932e+00 1.644947125632e+00 2.436156e+00
0.750000 25.950000 1.895612323534e+00 1.614284940147e+00 2.489832e+00
0.750000 25.975000 1.993067701886e+00 1.574794941525e+00 2.540137e+00
0.750000 26.000000 2.088338273103e+00 1.526479901528e+00 2.586754e+00
0.750000 26.025000 2.180444743575e+00 1.469458146013e+00 2.629381e+00
0.750000 26.050000 2.268412955488e+00 1.403963757917e+00 2.667735e+00
0.750000 26.075000 2.351286171573e+00 1.330346065125e+00 2.701549e+00
0.750000 26.100000 2.428137138638e+00 1.249068663429e+00 2.730572e+00
0.750000 26.125000 2.498080312157e+00 1.160708031201e+00 2.754569e+00
0.750000 26.150000 2.560284619633e+00 1.065951582672e+00 2.773321e+00
0.750000 26.175000 2.613987053959e+00 9.655948111518e-01 2.786629e+00
0.750000 26.200000 2.658507229820e+00 8.605370205450e-01 2.794313e+00
0.750000 26.225000 2.693262825505e+00 7.517750560040e-01 2.796217e+00
0.750000 26.250000 2.717785595246e+00 6.403944372241e-01 2.792215e+00
0.750000 26.275000 2.731737402404e+00 5.275573756234e-01 2.782212e+00
0.750000 26.300000 2.734925520208e+00 4.144873141505e-01 2.766156e+00
0.750000 26.325000 2.727316299305e+00 3.024498512341e-01 2.744035e+00
0.750000 26.350000 2.709046228357e+00 1.927301767439e-01 2.715893e+00
0.750000 26.375000 2.680429425443e+00 8.660743171180e-02 2.681828e+00
0.750000 26.400000 2.641960694818e+00 -1.467332233805e-02 2.642001e+00
0.750000 26.425000 2.594313457964e+00 -1.099305996784e-01 2.596641e+00
0.750000 26.450000 2.538332104792e+00 -1.980763447410e-01 2.546049e+00
0.750000 26.475000 2.475018590165e+00 -2.781449249568e-01 2.490599e+00
0.750000 26.500000 2.405513400100e+00 -3.493200084857e-01 2.430745e+00
0.750000 26.525000 2.331071308299e+00 -4.109581173494e-01 2.367019e+00
0.750000 26.550000 2.253032616810e+00 -4.626077623716e-01 2.300035e+00
0.750000 26.575000 2.172790808050e+00 -5.040232427089e-01 2.230484e+00
0.750000 26.600000 2.091757717430e+00 -5.351724152962e-01 2.159134e+00
0.750000 26.625000 2.011327459852e+00 -5.562379925888e-01 2.086825e+00
0.750000 26.650000 1.932840407157e+00 -5.676121953256e-01 2.014462e+00
0.750000 26.675000 1.857548518853e+00 -5.698848569046e-01 1.943002e+00
0.750000 26.700000 1.786583279252e+00 -5.638253358682e-01 1.873440e+00
0.750000 26.725000 1.720927396000e+00 -5.503588337042e-01 1.806789e+00
0.750000 26.750000 1.661391274116e+00 -5.305379295080e-01 1.744045e+00
0.750000 26.775000 1.608595102143e+00 -5.055103253411e-01 1.686155e+00
0.750000 26.800000 1.562957178997e+00 -4.764839415238e-01 1.633974e+00
0.750000 26.825000 1.524688877680e+00 -4.446906052837e-01 1.588215e+00
0.750000 26.850000 1.493796391958e+00 -4.113496349200e-01 1.549399e+00
0.750000 26.875000 1.470089152145e+00 -3.776326311404e-01 1.517817e+00
0.750000 26.900000 1.453194535327e+00 -3.446307446435e-01 1.493501e+00
0.750000 26.925000 1.442578244477e+00 -3.133255928026e-01 1.476213e+00
0.750000 26.950000 1.437569501589e+00 -2.845648496744e-01 1.465463e+00
0.750000 26.975000 1.437390004610e+00 -2.590433363752e-01 1.460546e+00
0.750000 27.000000 1.441185448326e+00 -2.372902008479e-01 1.460590e+00
0.750000 27.025000 1.448058315444e+00 -2.196625081358e-01 1.464624e+00
0.750000 27.050000 1.457100613037e+00 -2.063452785281e-01 1.471639e+00
0.750000 27.075000 1.467425264268e+00 -1.973577274181e-01 1.480637e+00
0.750000 27.100000 1.478194964388e+00 -1.925651941081e-01 1.490685e+00
0.750000 27.125000 1.488647466858e+00 -1.916960129992e-01 1.500939e+00
0.750000 27.150000 1.498116469578e+00 -1.943623930530e-01 1.510672e+00
0.750000 27.175000 1.506047508328e+00 -2.000842398470e-01 1.519280e+00
0.750000 27.200000 1.512008518637e+00 -2.083147841250e-01 1.526291e+00
0.750000 27.225000 1.515694982001e+00 -2.184668716310e-01 1.531359e+00
0.750000 27.250000 1.516929812384e+00 -2.299388168068e-01 1.534258e+00
0.750000 27.275000 1.515658351797e+00 -2.421388192252e-01 1.534878e+00
0.750000 27.300000 1.511939020496e+00 -2.545070756169e-01 1.533210e+00
0.750000 27.325000 1.505930303049e+00 -2.665348798355e-01 1.529335e+00
0.750000 27.350000 1.497874845268e+00 -2.777801764319e-01 1.523414e+00
0.750000 27.375000 1.488081490937e+00 -2.878792103946e-01 1.515672e+00
0.750000 27.400000 1.476906105836e+00 -2.965540882211e-01 1.506385e+00
0.750000 27.425000 1.464732025153e+00 -3.036162286563e-01 1.495869e+00
0.750000 27.450000 1.451950924180e+00 -3.089658323929e-01 1.484460e+00
0.750000 27.475000 1.438944855266e+00 -3.125876379269e-01 1.472506e+00
0.750000 27.500000 1.426070118942e+00 -3.145433554787e-01 1.460347e+00
0.750000 27.525000 1.413643544808e+00 -3.149612822149e-01 1.448305e+00
0.750000 27.550000 1.401931648120e+00 -3.140236986173e-01 1.436671e+00
0.750000 27.575000 1.391143000696e+00 -3.119527248279e-01 1.425690e+00
0.750000 27.600000 1.381424010263e+00 -3.089953725456e-01 1.415560e+00
0.750000 27.625000 1.372858143190e+00 -3.054085567134e-01 1.406419e+00
0.750000 27.650000 1.365468456577e+00 -3.014448256605e-01 1.398347e+00
0.750000 27.675000 1.359223135061e+00 -2.973395233291e-01 1.391366e+00
0.750000 27.700000 1.354043565955e+00 -2.933000097714e-01 1.385445e+00
0.750000 27.725000 1.349814346007e+00 -2.894974368590e-01 1.380510e+00
0.750000 27.750000 1.346394507032e+00 -2.860614100102e-01 1.376448e+00
0.750000 27.775000 1.343629187592e+00 -2.830776732747e-01 1.373125e+00
0.750000 27.800000 1.341360972384e+00 -2.805887480250e-01 1.370394e+00
0.750000 27.825000 1.339440174131e+00 -2.785972515486e-01 1.368107e+00
0.750000 27.850000 1.337733442804e+00 -2.770714391021e-01 1.366126e+00
0.750000 27.875000 1.336130246353e+00 -2.759523687902e-01 1.364329e+00
0.750000 27.900000 1.334546962198e+00 -2.751619973563e-01 1.362619e+00
0.750000 27.925000 1.332928531829e+00 -2.746114861143e-01 1.360922e+00
0.750000 27.950000 1.331247841359e+00 -2.742090329823e-01 1.359195e+00
0.750000 27.975000 1.329503178109e+00 -2.738666451083e-01 1.357417e+00
0.750000 28.000000 1.327714258731e+00 -2.735054163106e-01 1.355592e+00
0.750000 28.025000 1.325917413904e+00 -2.730590582554e-01 1.353742e+00
0.750000 28.050000 1.324160540406e+00 -2.724756338716e-01 1.351904e+00
0.750000 28.075000 1.322498392730e+00 -2.717176344644e-01 1.350123e+00
0.750000 28.100000 1.320988689861e+00 -2.707607079726e-01 1.348452e+00
0.750000 28.125000 1.319689371380e+00 -2.695914680239e-01 1.346945e+00
0.750000 28.150000 1.318657168185e+00 -2.682048806586e-01 1.345656e+00
0.750000 28.175000 1.317947476944e+00 -2.666017332812e-01 1.344642e+00
0.750000 28.200000 1.317615363759e+00 -2.647866411365e-01 1.343958e+00
0.750000 28.225000 1.317717388778e+00 -2.627669493552e-01 1.343661e+00
0.750000 28.250000 1.318313852515e+00 -2.605527573672e-01 1.343815e+00
0.750000 28.275000 1.319471023283e+00 -2.581581441716e-01 1.344489e+00
0.750000 28.300000 1.321262914146e+00 -2.556035251786e-01 1.345760e+00
0.750000 28.325000 1.323772231655e+00 -2.529189400639e-01 1.347717e+00
0.750000 28.350000 1.327090207489e+00 -2.501479687252e-01 1.350460e+00
0.750000 28.375000 1.331315134789e+00 -2.473519066538e-01 1.354099e+00
0.750000 28.400000 1.336549549567e+00 -2.446138041640e-01 1.358750e+00
0.750000 28.425000 1.342896111147e+00 -2.420419833239e-01 1.364534e+00
0.750000 28.450000 1.350452334009e+00 -2.397726855046e-01 1.371573e+00
0.750000 28.475000 1.359304400243e+00 -2.379715621732e-01 1.379978e+00
0.750000 28.500000 1.369520334849e+00 -2.368337921972e-01 1.389848e+00
0.750000 28.525000 1.381142857016e+00 -2.365826817940e-01 1.401259e+00
0.750000 28.550000 1.394182233582e+00 -2.374666719858e-01 1.414261e+00
0.750000 28.575000 1.408609462091e+00 -2.397547397897e-01 1.428868e+00
0.750000 28.600000 1.424350105941e+00 -2.437302333511e-01 1.445053e+00
0.750000 28.625000 1.441279097307e+00 -2.496832305525e-01 1.462746e+00
0.750000 28.650000 1.459216816567e+00 -2.579015595822e-01 1.481832e+00
0.750000 28.675000 1.477926748677e+00 -2.686606730920e-01 1.502147e+00
0.750000 28.700000 1.497115003217e+00 -2.822126282276e-01 1.523482e+00
0.750000 28.725000 1.516431959836e+00 -2.987744938301e-01 1.545585e+00
0.750000 28.750000 1.535476257860e+00 -3.185165811254e-01 1.568165e+00
0.750000 28.775000 1.553801282210e+00 -3.415509694577e-01 1.590898e+00
0.750000 28.800000 1.570924204056e+00 -3.679208654273e-01 1.613434e+00
0.750000 28.825000 1.586337514080e+00 -3.975913816891e-01 1.635404e+00
0.750000 28.850000 1.599522843139e+00 -4.304423399489e-01 1.656428e+00
0.750000 28.875000 1.609966708281e+00 -4.662636821116e-01 1.676125e+00
0.750000 28.900000 1.617177663599e+00 -5.047540079711e-01 1.694119e+00
0.750000 28.925000 1.620704189770e+00 -5.455226455688e-01 1.710052e+00
0.750000 28.950000 1.620152538358e+00 -5.880955047638e-01 1.723587e+00
0.750000 28.975000 1.615203670533e+00 -6.319247741689e-01 1.734420e+00
0.750000 29.000000 1.605628405200e+00 -6.764023092574e-01 1.742287e+00
0.750000 29.025000 1.591299924490e+00 -7.208763410464e-01 1.746968e+00
0.750000 29.050000 1.572202875384e+00 -7.646709274579e-01 1.748297e+00
0.750000 29.075000 1.548438449966e+00 -8.071073896469e-01 1.746163e+00
0.750000 29.100000 1.520225013357e+00 -8.475268371619e-01 1.740513e+00
0.750000 29.125000 1.487894064205e+00 -8.853127986259e-01 1.731360e+00
0.750000 29.150000 1.451881542169e+00 -9.199129436918e-01 1.718779e+00
0.750000 29.175000 1.412714724426e+00 -9.508589072842e-01 1.702908e+00
0.750000 29.200000 1.370995164717e+00 -9.777833039660e-01 1.683950e+00
0.750000 29.225000 1.327378312588e+00 -1.000433140562e+00 1.662167e+00
0.750000 29.250000 1.282550599714e+00 -1.018678988733e+00 1.637878e+00
0.750000 29.275000 1.237204890561e+00 -1.032519455313e+00 1.611450e+00
0.750000 29.300000 1.192015265881e+00 -1.042080676951e+00 1.583298e+00
0.750000 29.325000 1.147612141322e+00 -1.047610758902e+00 1.553867e+00
0.750000 29.350000 1.104558723055e+00 -1.049469269760e+00 1.523626e+00
0.750000 29.375000 1.063329770765e+00 -1.048112090944e+00 1.493054e+00
0.750000 29.400000 1.024293577843e+00 -1.044072099554e+00 1.462622e+00
0.750000 29.425000 9.876979897711e-01 -1.037936334181e+00 1.432780e+00
0.750000 29.450000 9.536611638235e-01 -1.030320453100e+00 1.403934e+00
0.750000 29.475000 9.221676245666e-01 -1.021841439091e+00 1.376428e+00
0.750000 29.500000 8.930699889908e-01 -1.013089628781e+00 1.350528e+00
0.750000 29.525000 8.660965223672e-01 -1.004601238591e+00 1.326404e+00
0.750000 29.550000 8.408644441334e-01 -9.968326137672e-01 1.304120e+00
0.750000 29.575000 8.168986389273e-01 -9.901374311467e-01 1.283626e+00
0.750000 29.600000 7.936551524244e-01 -9.847480303017e-01 1.264760e+00
0.750000 29.625000 7.705485800738e-01 -9.807619249147e-01 1.247253e+00
0.750000 29.650000 7.469822075729e-01 -9.781343542581e-01 1.230743e+00
0.750000 29.675000 7.223795549388e-01 -9.766774771145e-01 1.214797e+00
0.750000 29.700000 6.962158306827e-01 -9.760664975022e-01 1.198925e+00
0.750000 29.725000 6.680477353947e-01 -9.758526595929e-01 1.182614e+00
0.750000 29.750000 6.375400763342e-01 -9.754826799997e-01 1.165343e+00
0.750000 29.775000 6.044877709214e-01 -9.743238243150e-01 1.146609e+00
0.750000 29.800000 5.688320239198e-01 -9.716935076013e-01 1.125948e+00
0.750000 29.825000 5.306697492657e-01 -9.668920299432e-01 1.102946e+00
0.750000 29.850000 4.902556544778e-01 -9.592368683810e-01 1.077259e+00
0.750000 29.875000 4.479967896330e-01 -9.480968493080e-01 1.048613e+00
0.750000 29.900000 4.044397573635e-01 -9.329245267196e-01 1.016818e+00
0.750000 29.925000 3.602511584388e-01 -9.132851892334e-01 9.817692e-01
0.750000 29.950000 3.161921849447e-01 -8.888811026263e-01 9.434443e-01
0.750000 29.975000 2.730885504501e-01 -8.595698485811e-01 9.019078e-01
0.750000 30.000000 2.317971507092e-01 -8.253759241574e-01 8.573070e-01
0.750000 30.025000 1.931709732964e-01 -7.864950983892e-01 8.098701e-01
0.750000 30.050000 1.580238206321e-01 -7.432913613712e-01 7.599037e-01
0.750000 30.075000 1.270963841732e-01 -6.962866291441e-01 7.077913e-01
0.750000 30.100000 1.010251178565e-01 -6.461436707751e-01 6.539937e-01
0.750000 30.125000 8.031521760538e-02 -5.936429931332e-01 5.990514e-01
0.750000 30.150000 6.531883196899e-02 -5.396546492299e-01 5.435933e-01
0.750000 30.175000 5.621941607916e-02 -4.851061261426e-01 4.883529e-01
0.750000 30.200000 5.302290381575e-02 -4.309476185945e-01 4.341973e-01
0.750000 30.225000 5.555611552706e-02 -3.781161043820e-01 3.821757e-01
0.750000 30.250000 6.347254328898e-02 -3.274997065814e-01 3.335938e-01
0.750000 30.275000 7.626536467033e-02 -2.799038510911e-01 2.901079e-01
0.750000 30.300000 9.328723297047e-02 -2.360207003390e-01 2.537879e-01
0.750000 30.325000 1.137760837835e-01 -1.964032570958e-01 2.269785e-01
0.750000 30.350000 1.368858958201e-01 -1.614453785530e-01 2.116657e-01
0.750000 30.375000 1.617210643174e-01 -1.313687146719e-01 2.083541e-01
0.750000 30.400000 1.873728084411e-01 -1.062172855431e-01 2.153850e-01
0.750000 30.425000 2.129558626807e-01 -8.586004619395e-02 2.296130e-01
0.750000 30.450000 2.376436190977e-01 -7.000136830279e-02 2.477391e-01
0.750000 30.475000 2.606999117561e-01 -5.819891959159e-02 2.671171e-01
0.750000 30.500000 2.815057793049e-01 -4.988797386375e-02 2.858921e-01
0.750000 30.525000 2.995798092750e-01 -4.441077361659e-02 3.028537e-01
0.750000 30.550000 3.145910490399e-01 -4.104923056627e-02 3.172579e-01
0.750000 30.575000 3.263639417619e-01 -3.905902245573e-02 3.286929e-01
0.750000 30.600000 3.348752773912e-01 -3.770305532814e-02 3.369911e-01
0.750000 30.625000 3.402436959989e-01 -3.628232602051e-02 3.421727e-01
0.750000 30.650000 3.427127952742e-01 -3.416244262643e-02 3.444113e-01
0.750000 30.675000 3.426293275379e-01 -3.079442782714e-02 3.440104e-01
0.750000 30.700000 3.404182811365e-01 -2.572891234726e-02 3.413892e-01
0.750000 30.725000 3.365567941761e-01 -1.862338096325e-02 3.370717e-01
0.750000 30.750000 3.315488277748e-01 -9.242709671990e-03 3.316776e-01
0.750000 30.775000 3.259023315476e-01 2.546225985384e-03 3.259123e-01
0.750000 30.800000 3.201102844449e-01 1.678463846343e-02 3.205500e-01
0.750000 30.825000 3.146365248018e-01 3.343505931603e-02 3.164080e-01
0.750000 30.850000 3.099067432677e-01 5.239600744260e-02 3.143048e-01
0.750000 30.875000 3.063044579889e-01 7.351641306616e-02 3.150033e-01
0.750000 30.900000 3.041712814592e-01 9.660831466363e-02 3.191447e-01
0.750000 30.925000 3.038103763312e-01 1.214566938138e-01 3.271887e-01
0.750000 30.950000 3.054917255462e-01 1.478257690362e-01 3.393783e-01
0.750000 30.975000 3.094577367899e-01 1.754615818453e-01 3.557399e-01
0.750000 31.000000 3.159277700296e-01 2.040912186325e-01 3.761164e-01
0.750000 31.025000 3.251004077122e-01 2.334194640235e-01 4.002186e-01
0.750000 31.050000 3.371526502116e-01 2.631240261215e-01 4.276753e-01
0.750000 31.075000 3.522356703697e-01 2.928506757968e-01 4.580737e-01
0.750000 31.100000 3.704672478409e-01 3.222096820803e-01 4.909838e-01
0.750000 31.125000 3.919214714198e-01 3.507748035609e-01 5.259709e-01
0.750000 31.150000 4.166166945652e-01 3.780858292410e-01 5.625996e-01
0.750000 31.175000 4.445030145708e-01 4.036552846371e-01 6.004336e-01
0.750000 31.200000 4.754506918672e-01 4.269794739133e-01 6.390343e-01
0.750000 31.225000 5.092409217217e-01 4.475535657519e-01 6.779606e-01
0.750000 31.250000 5.455602218574e-01 4.648899981694e-01 7.167696e-01
0.750000 31.275000 5.839994269721e-01 4.785391183227e-01 7.550199e-01
0.750000 31.300000 6.240579173002e-01 4.881107198459e-01 7.922754e-01
0.750000 31.325000 6.651532928849e-01 4.932950115934e-01 8.281116e-01
0.750000 31.350000 7.066362799848e-01 4.938815527946e-01 8.621217e-01
0.750000 31.375000 7.478102602738e-01 4.897748120763e-01 8.939237e-01
0.750000 31.400000 7.879544797554e-01 4.810052319966e-01 9.231675e-01
0.750000 31.425000 8.263497457110e-01 4.677349793993e-01 9.495419e-01
0.750000 31.450000 8.623052688438e-01 4.502579040249e-01 9.727808e-01
0.750000 31.475000 8.951852558267e-01 4.289935825840e-01 9.926692e-01
0.750000 31.500000 9.244338973885e-01 4.044756655643e-01 1.009048e+00
0.750000 31.525000 9.495975149033e-01 3.773350479190e-01 1.021821e+00
0.750000 31.550000 9.703428065045e-01 3.482786379522e-01 1.030953e+00
0.750000 31.575000 9.864703533458e-01 3.180646936415e-01 1.036479e+00
0.750000 31.600000 9.979227906301e-01 2.874758307044e-01 1.038505e+00
0.750000 31.625000 1.004787302165e+00 2.572908844927e-01 1.037206e+00
0.750000 31.650000 1.007292350920e+00 2.282568331438e-01 1.032831e+00
0.750000 31.675000 1.005798803990e+00 2.010619675327e-01 1.025698e+00
0.750000 31.700000 1.000785843583e+00 1.763114288209e-01 1.016198e+00
0.750000 31.725000 9.928322720248e-01 1.545061296295e-01 1.004783e+00
0.750000 31.750000 9.825940138110e-01 1.360259316477e-01 9.919647e-01
0.750000 31.775000 9.707787854141e-01 1.211177720486e-01 9.783051e-01
0.750000 31.800000 9.581190359522e-01 1.098892155677e-01 9.644002e-01
0.750000 31.825000 9.453443494658e-01 1.023076631492e-01 9.508642e-01
0.750000 31.850000 9.331545325692e-01 9.820517988252e-02 9.383079e-01
0.750000 31.875000 9.221945810355e-01 9.728862702744e-02 9.273122e-01
0.750000 31.900000 9.130326200617e-01 9.915451172565e-02 9.184009e-01
0.750000 31.925000 9.061417453142e-01 1.033077229247e-01 9.120117e-01
0.750000 31.950000 9.018864616139e-01 1.091831234592e-01 9.084713e-01
0.750000 31.975000 9.005141365168e-01 1.161688350240e-01 9.079763e-01
0.750000 32.000000 9.021515769489e-01 1.236299995996e-01 9.105832e-01
0.750000 32.025000 9.068065232239e-01 1.309318357835e-01 9.162102e-01
0.750000 32.050000 9.143735635879e-01 1.374609310200e-01 9.246483e-01
0.750000 32.075000 9.246437305839e-01 1.426439112625e-01 9.355818e-01
0.750000 32.100000 9.373168708428e-01 1.459628896705e-01 9.486138e-01
0.750000 32.125000 9.520157981595e-01 1.469673899438e-01 9.632930e-01
0.750000 32.150000 9.683012524247e-01 1.452827378246e-01 9.791396e-01
0.750000 32.175000 9.856867901365e-01 1.406151852435e-01 9.956661e-01
0.750000 32.200000 1.003652911431e+00 1.327542475314e-01 1.012395e+00
0.750000 32.225000 1.021659960627e+00 1.215728734471e-01 1.028868e+00
0.750000 32.250000 1.039159592860e+00 1.070261180926e-01 1.044657e+00
0.750000 32.275000 1.055604846635e+00 8.914894859238e-02 1.059363e+00
0.750000 32.300000 1.070459070725e+00 6.805369128339e-02 1.072620e+00
0.750000 32.325000 1.083204098770e+00 4.392744660423e-02 1.084094e+00
0.750000 32.350000 1.093348129673e+00 1.702958076163e-02 1.093481e+00
0.750000 32.375000 1.100433750413e+00 -1.231081763871e-02 1.100503e+00
0.750000 32.400000 1.104046435422e+00 -4.369782181056e-02 1.104911e+00
0.750000 32.425000 1.103823688598e+00 -7.667233811338e-02 1.106483e+00
0.750000 32.450000 1.099464784179e+00 -1.107170783461e-01 1.105025e+00
0.750000 32.475000 1.090740839514e+00 -1.452633319957e-01 1.100371e+00
0.750000 32.500000 1.077504746172e+00 -1.796999411103e-01 1.092387e+00
0.750000 32.525000 1.059700322928e+00 -2.133847139376e-01 1.080971e+00
0.750000 32.550000 1.037369956158e+00 -2.456582964122e-01 1.066060e+00
0.750000 32.575000 1.010659972861e+00 -2.758602783182e-01 1.047632e+00
0.750000 32.600000 9.798230520700e-01 -3.033470710779e-01 1.025706e+00
0.750000 32.625000 9.452171155095e-01 -3.275108829263e-01 1.000349e+00
0.750000 32.650000 9.073003335390e-01 -3.477989566429e-01 9.716779e-01
0.750000 32.675000 8.666221173657e-01 -3.637321401810e-01 9.398590e-01
0.750000 32.700000 8.238102199505e-01 -3.749218386077e-01 9.051131e-01
0.750000 32.725000 7.795543128248e-01 -3.810844457546e-01 8.677156e-01
0.750000 32.750000 7.345866238428e-01 -3.820524677524e-01 8.279985e-01
0.750000 32.775000 6.896603961995e-01 -3.777817147338e-01 7.863526e-01
0.750000 32.800000 6.455270523954e-01 -3.683541350182e-01 7.432294e-01
0.750000 32.825000 6.029130147890e-01 -3.539760810741e-01 6.991446e-01
0.750000 32.850000 5.624971489307e-01 -3.349720130722e-01 6.546826e-01
0.750000 32.875000 5.248897628051e-01 -3.117738516005e-01 6.105016e-01
0.750000 32.900000 4.906140223654e-01 -2.849063775860e-01 5.673392e-01
0.750000 32.925000 4.600905395086e-01 -2.549692398589e-01 5.260158e-01
0.750000 32.950000 4.336257600622e-01 -2.226162671606e-01 4.874313e-01
0.750000 32.975000 4.114046315838e-01 -1.885328914352e-01 4.525466e-01
0.750000 33.000000 3.934878670556e-01 -1.534125728174e-01 4.223365e-01
0.750000 33.025000 3.798139426294e-01 -1.179331726869e-01 3.977020e-01
0.750000 33.050000 3.702057770591e-01 -8.273424664035e-02 3.793379e-01
0.750000 33.075000 3.643818399571e-01 -4.839621951957e-02 3.675817e-01
0.750000 33.100000 3.619712306905e-01 -1.542235399303e-02 3.622996e-01
0.750000 33.125000 3.625320679507e-01 1.577567296466e-02 3.628751e-01
0.750000 33.150000 3.655723436825e-01 4.488791861343e-02 3.683179e-01
0.750000 33.175000 3.705722388903e-01 7.171157819741e-02 3.774471e-01
0.750000 33.200000 3.770067889560e-01 9.615141605398e-02 3.890748e-01
0.750000 33.225000 3.843677379451e-01 1.182152715329e-01 4.021361e-01
0.750000 33.250000 3.921834471995e-01 1.380049784947e-01 4.157562e-01
0.750000 33.275000 4.000358300203e-01 1.557033223103e-01 4.292694e-01
0.750000 33.300000 4.075734706237e-01 1.715579122602e-01 4.422084e-01
0.750000 33.325000 4.145203424283e-01 1.858630450235e-01 4.542821e-01
0.750000 33.350000 4.206798501040e-01 1.989407547133e-01 4.653482e-01
0.750000 33.375000 4.259342564340e-01 2.111222710892e-01 4.753868e-01
0.750000 33.400000 4.302398886501e-01 2.227310334343e-01 4.844744e-01
0.750000 33.425000 4.336188176887e-01 2.340682367778e-01 4.927608e-01
0.750000 33.450000 4.361479380278e-01 2.454016340504e-01 5.004468e-01
0.750000 33.475000 4.379465215757e-01 2.569580063114e-01 5.077643e-01
0.750000 33.500000 4.391633616428e-01 2.689193744545e-01 5.149583e-01
0.750000 33.525000 4.399645587102e-01 2.814226945340e-01 5.222715e-01
0.750000 33.550000 4.405228367844e-01 2.945624892855e-01 5.299315e-01
0.750000 33.575000 4.410090370496e-01 3.083956502001e-01 5.381420e-01
0.750000 33.600000 4.415861426757e-01 3.229475189784e-01 5.470772e-01
0.750000 33.625000 4.424058788924e-01 3.382183347110e-01 5.568793e-01
0.750000 33.650000 4.436076409885e-01 3.541892119151e-01 5.676599e-01
0.750000 33.675000 4.453192619029e-01 3.708269809010e-01 5.795014e-01
0.750000 33.700000 4.476589656919e-01 3.880874521964e-01 5.924613e-01
0.750000 33.725000 4.507377785341e-01 4.059169304253e-01 6.065749e-01
0.750000 33.750000 4.546616885664e-01 4.242520668693e-01 6.218578e-01
0.750000 33.775000 4.595329515134e-01 4.430183721861e-01 6.383070e-01
0.750000 33.800000 4.654501122772e-01 4.621278852534e-01 6.559009e-01
0.750000 33.825000 4.725065275340e-01 4.814765933713e-01 6.745978e-01
0.750000 33.850000 4.807874013418e-01 5.009422162154e-01 6.943339e-01
0.750000 33.875000 4.903655556458e-01 5.203829050711e-01 7.150222e-01
0.750000 33.900000 5.012963255105e-01 5.396372838639e-01 7.365503e-01
0.750000 33.925000 5.136120774647e-01 5.585260905475e-01 7.587811e-01
0.750000 33.950000 5.273168903896e-01 5.768554916324e-01 7.815532e-01
0.750000 33.975000 5.423819136254e-01 5.944219643183e-01 8.046835e-01
0.750000 34.000000 5.587418369796e-01 6.110184916258e-01 8.279710e-01
0.750000 34.025000 5.762927893195e-01 6.264417115217e-01 8.512007e-01
0.750000 34.050000 5.948918471782e-01 6.404996085428e-01 8.741488e-01
0.750000 34.075000 6.143582031691e-01 6.530193344787e-01 8.965881e-01
0.750000 34.100000 6.344759336145e-01 6.638547841821e-01 9.182935e-01
0.750000 34.125000 6.549982274768e-01 6.728936188915e-01 9.390466e-01
0.750000 34.150000 6.756528988729e-01 6.800635051902e-01 9.586413e-01
0.750000 34.175000 6.961489999639e-01 6.853374060640e-01 9.768883e-01
0.750000 34.200000 7.161843700684e-01 6.887378081780e-01 9.936196e-01
0.750000 34.225000 7.354539861998e-01 6.903397890403e-01 1.008693e+00
0.750000 34.250000 7.536590040553e-01 6.902728188768e-01 1.021997e+00
0.750000 34.275000 7.705163824564e-01 6.887211616245e-01 1.033456e+00
0.750000 34.300000 7.857689584355e-01 6.859227001503e-01 1.043035e+00
0.750000 34.325000 7.991957810833e-01 6.821659788764e-01 1.050745e+00
0.750000 34.350000 8.106224239663e-01 6.777852492754e-01 1.056646e+00
0.750000 34.375000 8.199308896255e-01 6.731533344903e-01 1.060859e+00
0.750000 34.400000 8.270686124085e-01 6.686722075138e-01 1.063562e+00
0.750000 34.425000 8.320559778746e-01 6.647613044074e-01 1.065000e+00
0.750000 34.450000 8.349917285404e-01 6.618437630545e-01 1.065480e+00
0.750000 34.475000 8.360556338338e-01 6.603309741272e-01 1.065376e+00
0.750000 34.500000 8.355078776046e-01 6.606060331621e-01 1.065117e+00
0.750000 34.525000 8.336847618688e-01 6.630068662082e-01 1.065180e+00
0.750000 34.550000 8.309905337954e-01 6.678099414937e-01 1.066075e+00
0.750000 34.575000 8.278853984729e-01 6.752155543021e-01 1.068321e+00
0.750000 34.600000 8.248700596355e-01 6.853356665516e-01 1.072425e+00
0.750000 34.625000 8.224674066591e-01 6.981851900100e-01 1.078849e+00
0.750000 34.650000 8.212022100223e-01 7.136774261757e-01 1.087984e+00
0.750000 34.675000 8.215798728641e-01 7.316241299468e-01 1.100122e+00
0.750000 34.700000 8.240653929361e-01 7.517403699015e-01 1.115436e+00
0.750000 34.725000 8.290637052435e-01 7.736540426636e-01 1.133970e+00
0.750000 34.750000 8.369024989942e-01 7.969195921338e-01 1.155633e+00
0.750000 34.775000 8.478184411188e-01 8.210352148127e-01 1.180210e+00
0.750000 34.800000 8.619475094653e-01 8.454626238879e-01 1.207378e+00
0.750000 34.825000 8.793198652517e-01 8.696483137712e-01 1.236726e+00
0.750000 34.850000 8.998594034678e-01 8.930452209484e-01 1.267784e+00
0.750000 34.875000 9.233878388351e-01 9.151337145086e-01 1.300044e+00
0.750000 34.900000 9.496329377409e-01 9.354409601073e-01 1.332986e+00
0.750000 34.925000 9.782403117070e-01 9.535578671409e-01 1.366099e+00
0.750000 34.950000 1.008788056318e+00 9.691530291801e-01 1.398896e+00
0.750000 34.975000 1.040803454000e+00 9.819832796282e-01 1.430931e+00
0.750000 35.000000 1.073780954775e+00 9.919006872704e-01 1.461805e+00
0.750000 35.025000 1.107200695112e+00 9.988559931148e-01 1.491176e+00
0.750000 35.050000 1.140546896220e+00 1.002898629759e+00 1.518767e+00
0.750000 35.075000 1.173325582964e+00 1.004173562993e+00 1.544363e+00
0.750000 35.100000 1.205081167408e+00 1.002915254269e+00 1.567820e+00
0.750000 35.125000 1.235411534067e+00 9.994390688132e-01 1.589063e+00
0.750000 35.150000 1.263981339155e+00 9.941304578561e-01 1.608087e+00
0.750000 35.175000 1.290533290058e+00 9.874322360700e-01 1.624961e+00
0.750000 35.200000 1.314897205758e+00 9.798302676932e-01 1.639824e+00
0.750000 35.225000 1.336996679243e+00 9.718378753681e-01 1.652885e+00
0.750000 35.250000 1.356853177247e+00 9.639792992095e-01 1.664424e+00
0.750000 35.275000 1.374587429482e+00 9.567725610406e-01 1.674785e+00
0.750000 35.300000 1.390417987019e+00 9.507121271520e-01 1.684374e+00
0.750000 35.325000 1.404656873371e+00 9.462518066045e-01 1.693651e+00
0.750000 35.350000 1.417702315064e+00 9.437883634159e-01 1.703120e+00
0.750000 35.375000 1.430028620800e+00 9.436463518929e-01 1.713316e+00
0.750000 35.400000 1.442173376434e+00 9.460646975948e-01 1.724791e+00
0.750000 35.425000 1.454722231306e+00 9.511855363220e-01 1.738094e+00
0.750000 35.450000 1.468291662970e+00 9.590457867912e-01 1.753753e+00
0.750000 35.475000 1.483510214635e+00 9.695718682799e-01 1.772251e+00
0.750000 35.500000 1.500998795332e+00 9.825778836862e-01 1.794006e+00
0.750000 35.525000 1.521350710765e+00 9.977674740815e-01 1.819354e+00
0.750000 35.550000 1.545112147613e+00 1.014739416903e+00 1.848531e+00
0.750000 35.575000 1.572763861620e+00 1.032996891216e+00 1.881666e+00
0.750000 35.600000 1.604704816728e+00 1.051960175065e+00 1.918775e+00
0.750000 35.625000 1.641238485950e+00 1.070982377484e+00 1.959762e+00
0.750000 35.650000 1.682562452322e+00 1.089367647356e+00 2.004430e+00
0.750000 35.675000 1.728761838335e+00 1.106391150343e+00 2.052491e+00
0.750000 35.700000 1.779806943858e+00 1.121319972073e+00 2.103585e+00
0.750000 35.725000 1.835555286711e+00 1.133434000743e+00 2.157298e+00
0.750000 35.750000 1.895758020353e+00 1.142045776583e+00 2.213180e+00
0.750000 35.775000 1.960070456771e+00 1.146518280986e+00 2.270766e+00
0.750000 35.800000 2.028066161135e+00 1.146279685625e+00 2.329594e+00
0.750000 35.825000 2.099253824263e+00 1.140834200077e+00 2.389219e+00
0.750000 35.850000 2.173095879527e+00 1.129768349843e+00 2.449229e+00
0.750000 35.875000 2.249027635729e+00 1.112752283170e+00 2.509251e+00
0.750000 35.900000 2.326475570626e+00 1.089536035552e+00 2.568964e+00
0.750000 35.925000 2.404873393460e+00 1.059941057398e+00 2.628096e+00
0.750000 35.950000 2.483674556535e+00 1.023847707400e+00 2.686429e+00
0.750000 35.975000 2.562360085305e+00 9.811797991924e-01 2.743794e+00
0.750000 36.000000 2.640440903050e+00 9.318876254597e-01 2.800061e+00
0.750000 36.025000 2.717454237492e+00 8.759311343588e-01 2.855138e+00
0.750000 36.050000 2.792954187887e+00 8.132650643533e-01 2.908951e+00
0.750000 36.075000 2.866497065980e+00 7.438278289744e-01 2.961433e+00
0.750000 36.100000 2.937622658074e+00 6.675357681124e-01 3.012512e+00
0.750000 36.125000 3.005833038545e+00 5.842840470141e-01 3.062094e+00
0.750000 36.150000 3.070570948042e+00 4.939550039175e-01 3.110048e+00
0.750000 36.175000 3.131199988106e+00 3.964341538490e-01 3.156196e+00
0.750000 36.200000 3.186988944435e+00 2.916333947173e-01 3.200304e+00
0.750000 36.225000 3.237102415039e+00 1.795202877776e-01 3.242076e+00
0.750000 36.250000 3.280599585867e+00 6.015165786100e-02 3.281151e+00
0.750000 36.275000 3.316442483740e+00 -6.629076154097e-02 3.317105e+00
0.750000 36.300000 3.343514380225e+00 -1.994652755051e-01 3.349459e+00
0.750000 36.325000 3.360648271860e+00 -3.388385697314e-01 3.377687e+00
0.750000 36.350000 3.366664583203e+00 -4.836601966687e-01 3.401229e+00
0.750000 36.375000 3.360416495193e+00 -6.329456812650e-01 3.419506e+00
0.750000 36.400000 3.340840656009e+00 -7.854702460504e-01 3.431935e+00
0.750000 36.425000 3.307010539884e+00 -9.397745142785e-01 3.437949e+00
0.750000 36.450000 3.258189422353e+00 -1.094182795455e+00 3.437009e+00
0.750000 36.475000 3.193879861483e+00 -1.246833751208e+00 3.428624e+00
0.750000 36.500000 3.113866717141e+00 -1.395722445913e+00 3.412361e+00
0.750000 36.525000 3.018251088420e+00 -1.538752067580e+00 3.387860e+00
0.750000 36.550000 2.907473069594e+00 -1.673793013236e+00 3.354845e+00
0.750000 36.575000 2.782321871032e+00 -1.798746608730e+00 3.313126e+00
0.750000 36.600000 2.643932568924e+00 -1.911610498444e+00 3.262612e+00
0.750000 36.625000 2.493769479908e+00 -2.010542700887e+00 3.203306e+00
0.750000 36.650000 2.333596850571e+00 -2.093921470207e+00 3.135312e+00
0.750000 36.675000 2.165438162477e+00 -2.160398405454e+00 3.058830e+00
0.750000 36.700000 1.991525847614e+00 -2.208942673409e+00 2.974156e+00
0.750000 36.725000 1.814243567440e+00 -2.238874715543e+00 2.881673e+00
0.750000 36.750000 1.636063424995e+00 -2.249888353422e+00 2.781852e+00
0.750000 36.775000 1.459480560192e+00 -2.242060751076e+00 2.675242e+00
0.750000 36.800000 1.286947539290e+00 -2.215850206099e+00 2.562465e+00
0.750000 36.825000 1.120810812402e+00 -2.172082200697e+00 2.444209e+00
0.750000 36.850000 9.632513023716e-01 -2.111924536146e+00 2.321223e+00
0.750000 36.875000 8.162309277790e-01 -2.036852694412e+00 2.194311e+00
0.750000 36.900000 6.814465723567e-01 -1.948606820907e+00 2.064325e+00
0.750000 36.925000 5.602927079116e-01 -1.849141908810e+00 1.932163e+00
0.750000 36.950000 4.538335675728e-01 -1.740572896231e+00 1.798766e+00
0.750000 36.975000 3.627854559074e-01 -1.625116470014e+00 1.665118e+00
0.750000 37.000000 2.875094738080e-01 -1.505031409363e+00 1.532247e+00
0.750000 37.025000 2.280146293806e-01 -1.382559300795e+00 1.401235e+00
0.750000 37.050000 1.839710021848e-01 -1.259867411914e+00 1.273229e+00
0.750000 37.075000 1.547323301182e-01 -1.138995422221e+00 1.149458e+00
0.750000 37.100000 1.393671021565e-01 -1.021807570710e+00 1.031268e+00
0.750000 37.125000 1.366969755688e-01 -9.099515899708e-01 9.201619e-01
0.750000 37.150000 1.453411052558e-01 -8.048255553481e-01 8.178436e-01
0.750000 37.175000 1.637647889813e-01 -7.075534901747e-01 7.262581e-01
0.750000 37.200000 1.903307083100e-01 -6.189702437259e-01 6.475723e-01
0.750000 37.225000 2.233509913771e-01 -5.396158116601e-01 5.840127e-01
0.750000 37.250000 2.611383460804e-01 -4.697389170343e-01 5.374457e-01
0.750000 37.275000 3.020546112395e-01 -4.093093332880e-01 5.086955e-01
0.750000 37.300000 3.445552427802e-01 -3.580381282937e-01 4.969000e-01
0.750000 37.325000 3.872284803543e-01 -3.154047577088e-01 4.994257e-01
0.750000 37.350000 4.288282105144e-01 -2.806897490191e-01 5.125235e-01
0.750000 37.375000 4.682998362684e-01 -2.530116016545e-01 5.322778e-01
0.750000 37.400000 5.047987594687e-01 -2.313664837377e-01 5.552947e-01
0.750000 37.425000 5.377013635498e-01 -2.146693265903e-01 5.789695e-01
0.750000 37.450000 5.666086347199e-01 -2.017949931016e-01 6.014703e-01
0.750000 37.475000 5.913427699713e-01 -1.916183111055e-01 6.216139e-01
0.750000 37.500000 6.119372861101e-01 -1.830519023244e-01 6.387294e-01
0.750000 37.525000 6.286212668851e-01 -1.750808864309e-01 6.525473e-01
0.750000 37.550000 6.417984714099e-01 -1.667936863263e-01 6.631179e-01
0.750000 37.575000 6.520220856202e-01 -1.574082970204e-01 6.707534e-01
0.750000 37.600000 6.599659398999e-01 -1.462935035387e-01 6.759858e-01
0.750000 37.625000 6.663930497384e-01 -1.329846447904e-01 6.795326e-01
0.750000 37.650000 6.721223692087e-01 -1.171936258393e-01 6.822630e-01
0.750000 37.675000 6.779946821734e-01 -9.881298833635e-02 6.851575e-01
0.750000 37.700000 6.848385919670e-01 -7.791396629165e-02 6.892565e-01
0.750000 37.725000 6.934376011805e-01 -5.473858870206e-02 6.955947e-01
0.750000 37.750000 7.044992901210e-01 -2.968604556862e-02 7.051245e-01
0.750000 37.775000 7.186275947588e-01 -3.293709002188e-03 7.186351e-01
0.750000 37.800000 7.362991417988e-01 2.378660881570e-02 7.366833e-01
0.750000 37.825000 7.578445111344e-01 5.081638383940e-02 7.595463e-01
0.750000 37.850000 7.834351591464e-01 7.700113049305e-02 7.872102e-01
0.750000 37.875000 8.130765496955e-01 1.015230465442e-01 8.193903e-01
0.750000 37.900000 8.466078081135e-01 1.235743004682e-01 8.555790e-01
0.750000 37.925000 8.837079471409e-01 1.423896377952e-01 8.951059e-01
0.750000 37.950000 9.239084270919e-01 1.572769749664e-01 9.371995e-01
0.750000 37.975000 9.666115230675e-01 1.676447105525e-01 9.810416e-01
0.750000 38.000000 1.011113698686e+00 1.730246146068e-01 1.025811e+00
0.750000 38.025000 1.056632946948e+00 1.730893521420e-01 1.070716e+00
0.750000 38.050000 1.102338870692e+00 1.676639458099e-01 1.115017e+00
0.750000 38.075000 1.147384150251e+00 1.567307712657e-01 1.158039e+00
0.750000 38.100000 1.190935992377e+00 1.404279890584e-01 1.199187e+00
0.750000 38.125000 1.232206175194e+00 1.190416305854e-01 1.237943e+00
0.750000 38.150000 1.270478396851e+00 9.299185428908e-02 1.273877e+00
0.750000 38.175000 1.305131794020e+00 6.281415502218e-02 1.306642e+00
0.750000 38.200000 1.335659710027e+00 2.913653013874e-02 1.335977e+00
0.750000 38.225000 1.361683048006e+00 -7.346230528673e-03 1.361703e+00
0.750000 38.250000 1.382957827096e+00 -4.589986427412e-02 1.383719e+00
0.750000 38.275000 1.399376853436e+00 -8.577826647257e-02 1.402003e+00
0.750000 38.300000 1.410965706937e+00 -1.262501703649e-01 1.416603e+00
0.750000 38.325000 1.417873514341e+00 -1.666237126529e-01 1.427630e+00
0.750000 38.350000 1.420359215414e+00 -2.062678784286e-01 1.435258e+00
0.750000 38.375000 1.418774220283e+00 -2.446300231021e-01 1.439710e+00
0.750000 38.400000 1.413542492564e+00 -2.812489089077e-01 1.441251e+00
0.750000 38.425000 1.405139168187e+00 -3.157629555511e-01 1.440181e+00
0.750000 38.450000 1.394068830213e+00 -3.479136734293e-01 1.436827e+00
0.750000 38.475000 1.380844505555e+00 -3.775445077573e-01 1.431528e+00
0.750000 38.500000 1.365968334254e+00 -4.045955570426e-01 1.424629e+00
0.750000 38.525000 1.349914693925e+00 -4.290948249011e-01 1.416472e+00
0.750000 38.550000 1.333116352890e+00 -4.511468077016e-01 1.407385e+00
0.750000 38.575000 1.315953990662e+00 -4.709193026570e-01 1.397677e+00
0.750000 38.600000 1.298749181328e+00 -4.886293369517e-01 1.387627e+00
0.750000 38.625000 1.281760702745e+00 -5.045290684798e-01 1.377483e+00
0.750000 38.650000 1.265183830663e+00 -5.188923985923e-01 1.367457e+00
0.750000 38.675000 1.249152117941e+00 -5.320028779405e-01 1.357722e+00
0.750000 38.700000 1.233741057271e+00 -5.441432938119e-01 1.348410e+00
0.750000 38.725000 1.218972988270e+00 -5.555871202009e-01 1.339616e+00
0.750000 38.750000 1.204822637203e+00 -5.665918107749e-01 1.331399e+00
0.750000 38.775000 1.191222764197e+00 -5.773937397380e-01 1.323781e+00
0.750000 38.800000 1.178069526695e+00 -5.882044635229e-01 1.316751e+00
0.750000 38.825000 1.165227332124e+00 -5.992078996719e-01 1.310269e+00
0.750000 38.850000 1.152533127120e+00 -6.105580044916e-01 1.304267e+00
0.750000 38.875000 1.139800234059e+00 -6.223765772276e-01 1.298652e+00
0.750000 38.900000 1.126821978264e+00 -6.347509178571e-01 1.293304e+00
0.750000 38.925000 1.113375435179e+00 -6.477312040580e-01 1.288084e+00
0.750000 38.950000 1.099225655696e+00 -6.613276119266e-01 1.282829e+00
0.750000 38.975000 1.084130696286e+00 -6.755073635465e-01 1.277360e+00
0.750000 39.000000 1.067847692748e+00 -6.901920217160e-01 1.271481e+00
0.750000 39.025000 1.050140082941e+00 -7.052554498004e-01 1.264982e+00
0.750000 39.050000 1.030785921441e+00 -7.205228994547e-01 1.257646e+00
0.750000 39.075000 1.009587057425e+00 -7.357716739520e-01 1.249250e+00
0.750000 39.100000 9.863787873532e-01 -7.507337404218e-01 1.239574e+00
0.750000 39.125000 9.610394655886e-01 -7.651005379335e-01 1.228404e+00
0.750000 39.150000 9.334994747310e-01 -7.785300635724e-01 1.215537e+00
0.750000 39.175000 9.037489330246e-01 -7.906561334139e-01 1.200791e+00
0.750000 39.200000 8.718435521316e-01 -8.010995295607e-01 1.184007e+00
0.750000 39.225000 8.379081511678e-01 -8.094805778060e-01 1.165053e+00
0.750000 39.250000 8.021374723732e-01 -8.154325699514e-01 1.143833e+00
0.750000 39.275000 7.647941155169e-01 -8.186153627496e-01 1.120286e+00
0.750000 39.300000 7.262035946638e-01 -8.187284583947e-01 1.094389e+00
0.750000 39.325000 6.867467041863e-01 -8.155228998673e-01 1.066161e+00
0.750000 39.350000 6.468495443472e-01 -8.088113927770e-01 1.035659e+00
0.750000 39.375000 6.069716871645e-01 -7.984761834151e-01 1.002985e+00
0.750000 39.400000 5.675930519385e-01 -7.844743672280e-01 9.682778e-01
0.750000 39.425000 5.292001031909e-01 -7.668404581814e-01 9.317173e-01
0.750000 39.450000 4.922719832016e-01 -7.456862034678e-01 8.935209e-01
0.750000 39.475000 4.572671523194e-01 -7.211977677886e-01 8.539435e-01
0.750000 39.500000 4.246110411670e-01 -6.936305282704e-01 8.132760e-01
0.750000 39.525000 3.946851295755e-01 -6.633018099802e-01 7.718456e-01
0.750000 39.550000 3.678177673535e-01 -6.305819516476e-01 7.300161e-01
0.750000 39.575000 3.442769503941e-01 -5.958841232465e-01 6.881893e-01
0.750000 39.600000 3.242651686794e-01 -5.596533253619e-01 6.468073e-01
0.750000 39.625000 3.079163546100e-01 -5.223549895599e-01 6.063557e-01
0.750000 39.650000 2.952948827648e-01 -4.844635740654e-01 5.673659e-01
0.750000 39.675000 2.863965059372e-01 -4.464515139207e-01 5.304167e-01
0.750000 39.700000 2.811510565141e-01 -4.087788421918e-01 4.961311e-01
0.750000 39.725000 2.794266961773e-01 -3.718837502149e-01 4.651632e-01
0.750000 39.750000 2.810354602792e-01 -3.361743009864e-01 4.381713e-01
0.750000 39.775000 2.857398167417e-01 -3.020214509145e-01 4.157694e-01
0.750000 39.800000 2.932599443915e-01 -2.697534720622e-01 3.984574e-01
0.750000 39.825000 3.032814343236e-01 -2.396518014463e-01 3.865393e-01
0.750000 39.850000 3.154631319660e-01 -2.119482790300e-01 3.800514e-01
0.750000 39.875000 3.294448679213e-01 -1.868236761497e-01 3.787308e-01
0.750000 39.900000 3.448548715851e-01 -1.644073665277e-01 3.820401e-01
0.750000 39.925000 3.613167200512e-01 -1.447779581333e-01 3.892434e-01
0.750000 39.950000 3.784557406519e-01 -1.279646904594e-01 3.995043e-01
0.750000 39.975000 3.959048514807e-01 -1.139494108234e-01 4.119771e-01
0.750000 40.000000 4.133098820802e-01 -1.026689749026e-01 4.258708e-01
0.750000 40.025000 4.303344578703e-01 -9.401796731823e-02 4.404851e-01
0.750000 40.050000 4.466645499625e-01 -8.785170099247e-02 4.552221e-01
0.750000 40.075000 4.620127825864e-01 -8.398951976316e-02 4.695850e-01
0.750000 40.100000 4.761225530553e-01 -8.221848645402e-02 4.831693e-01
0.750000 40.125000 4.887719579253e-01 -8.229757733074e-02 4.956520e-01
0.750000 40.150000 4.997774419155e-01 -8.396251448891e-02 5.067812e-01
0.750000 40.175000 5.089970048006e-01 -8.693134442483e-02 5.163671e-01
0.750000 40.200000 5.163327294731e-01 -9.091081272155e-02 5.242750e-01
0.750000 40.225000 5.217323453878e-01 -9.560349563877e-02 5.304193e-01
0.750000 40.250000 5.251895274191e-01 -1.007155388334e-01 5.347594e-01
0.750000 40.275000 5.267426586251e-01 -1.059647351825e-01 5.372954e-01
0.750000 40.300000 5.264718589122e-01 -1.110885640646e-01 5.380644e-01
0.750000 40.325000 5.244941962504e-01 -1.158517303284e-01 5.371367e-01
0.750000 40.350000 5.209571427971e-01 -1.200526973705e-01 5.346111e-01
0.750000 40.375000 5.160304996776e-01 -1.235287159029e-01 5.306099e-01
0.750000 40.400000 5.098971724698e-01 -1.261589126394e-01 5.252725e-01
0.750000 40.425000 5.027433148525e-01 -1.278651187455e-01 5.187488e-01
0.750000 40.450000 4.947484523219e-01 -1.286102767469e-01 5.111914e-01
0.750000 40.475000 4.860762375968e-01 -1.283944507797e-01 5.027477e-01
0.750000 40.500000 4.768664669520e-01 -1.272486584216e-01 4.935523e-01
0.750000 40.525000 4.672289025491e-01 -1.252269209868e-01 4.837196e-01
0.750000 40.550000 4.572393080731e-01 -1.223970725237e-01 4.733380e-01
0.750000 40.575000 4.469379287719e-01 -1.188309593403e-01 4.624655e-01
0.750000 40.600000 4.363304525484e-01 -1.145946916828e-01 4.511277e-01
0.750000 40.625000 4.253912985551e-01 -1.097395751409e-01 4.393183e-01
0.750000 40.650000 4.140689155397e-01 -1.042942576659e-01 4.270016e-01
0.750000 40.675000 4.022926518779e-01 -9.825849245746e-02 4.141185e-01
0.750000 40.700000 3.899806943689e-01 -9.159875660433e-02 4.005937e-01
0.750000 40.725000 3.770485669990e-01 -8.424580223083e-02 3.863457e-01
0.750000 40.750000 3.634177290825e-01 -7.609407250466e-02 3.712987e-01
0.750000 40.775000 3.490239018710e-01 -6.700280706112e-02 3.553970e-01
0.750000 40.800000 3.338248655046e-01 -5.679860174685e-02 3.386224e-01
0.750000 40.825000 3.178075828351e-01 -4.527917954441e-02 3.210169e-01
0.750000 40.850000 3.009946023348e-01 -3.221816797744e-02 3.027140e-01
0.750000 40.875000 2.834497519434e-01 -1.737075022685e-02 2.839815e-01
0.750000 40.900000 2.652831487501e-01 -4.801437963263e-04 2.652836e-01
0.750000 40.925000 2.466555137329e-01 1.871505985382e-02 2.473645e-01
0.750000 40.950000 2.277817032211e-01 4.047260983244e-02 2.313494e-01
0.750000 40.975000 2.089332643666e-01 6.503727330420e-02 2.188217e-01
0.750000 41.000000 1.904397118623e-01 9.263043345505e-02 2.117727e-01
0.750000 41.025000 1.726881315791e-01 1.234386700511e-01 2.122694e-01
0.750000 41.050000 1.561206671186e-01 1.576015362520e-01 2.218376e-01
0.750000 41.075000 1.412294564668e-01 1.951989259195e-01 2.409323e-01
0.750000 41.100000 1.285486691738e-01 2.362386105424e-01 2.689488e-01
0.750000 41.125000 1.186434510343e-01 2.806446858121e-01 3.046928e-01
0.750000 41.150000 1.120958034606e-01 3.282477769832e-01 3.468603e-01
0.750000 41.175000 1.094876887996e-01 3.787778861323e-01 3.942845e-01
0.750000 41.200000 1.113819328508e-01 4.318607080443e-01 4.459928e-01
0.750000 41.225000 1.183017592154e-01 4.870180902669e-01 5.011805e-01
0.750000 41.250000 1.307100037688e-01 5.436730743768e-01 5.591650e-01
0.750000 41.275000 1.489891922681e-01 6.011596487704e-01 6.193470e-01
0.750000 41.300000 1.734236985587e-01 6.587369970967e-01 6.811829e-01
0.750000 41.325000 2.041851246392e-01 7.156076758014e-01 7.441679e-01
0.750000 41.350000 2.413218592345e-01 7.709388363539e-01 8.078261e-01
0.750000 41.375000 2.847534934919e-01 8.238853572092e-01 8.717062e-01
0.750000 41.400000 3.342704270356e-01 8.736135952900e-01 9.353809e-01
0.750000 41.425000 3.895386191182e-01 9.193244242570e-01 9.984477e-01
0.750000 41.450000 4.501090661944e-01 9.602743020746e-01 1.060530e+00
0.750000 41.475000 5.154312565864e-01 9.957932952385e-01 1.121282e+00
0.750000 41.500000 5.848695976087e-01 1.025299261261e+00 1.180386e+00
0.750000 41.525000 6.577216543007e-01 1.048307724909e+00 1.237557e+00
0.750000 41.550000 7.332369940250e-01 1.064437341652e+00 1.292541e+00
0.750000 41.575000 8.106354972122e-01 1.073411186807e+00 1.345118e+00
0.750000 41.600000 8.891241589211e-01 1.075054406885e+00 1.395093e+00
0.750000 41.625000 9.679116458499e-01 1.069288993421e+00 1.442301e+00
0.750000 41.650000 1.046220159224e+00 1.056126571665e+00 1.486600e+00
0.750000 41.675000 1.123294452685e+00 1.035660130687e+00 1.527869e+00
0.750000 41.700000 1.198408134031e+00 1.008055562892e+00 1.566001e+00
0.750000 41.725000 1.270867613198e+00 9.735437446765e-01 1.600903e+00
0.750000 41.750000 1.340014226819e+00 9.324136984782e-01 1.632493e+00
0.750000 41.775000 1.405225161767e+00 8.850071561915e-01 1.660691e+00
0.750000 41.800000 1.465913816127e+00 8.317146217272e-01 1.685424e+00
0.750000 41.825000 1.521530184354e+00 7.729728302820e-01 1.706617e+00
0.750000 41.850000 1.571561749466e+00 7.092633417967e-01 1.724199e+00
0.750000 41.875000 1.615535228241e+00 6.411118969649e-01 1.738096e+00
0.750000 41.900000 1.653019365960e+00 5.690881088761e-01 1.748237e+00
0.750000 41.925000 1.683628833712e+00 4.938050576284e-01 1.754551e+00
0.750000 41.950000 1.707029157718e+00 4.159183890363e-01 1.756968e+00
0.750000 41.975000 1.722942515181e+00 3.361245787048e-01 1.755423e+00
0.750000 42.000000 1.731154166906e+00 2.551580952183e-01 1.749857e+00
0.750000 42.025000 1.731519260310e+00 1.737872687898e-01 1.740219e+00
0.750000 42.050000 1.723969720099e+00 9.280873576059e-02 1.726466e+00
0.750000 42.075000 1.708520938414e+00 1.304038092043e-02 1.708571e+00
0.750000 42.100000 1.685277972573e+00 -6.468726028758e-02 1.686519e+00
0.750000 42.125000 1.654440949624e+00 -1.395411438390e-01 1.660315e+00
0.750000 42.150000 1.616309359752e+00 -2.106973723355e-01 1.629984e+00
0.750000 42.175000 1.571284896361e+00 -2.773542867711e-01 1.595576e+00
0.750000 42.200000 1.519872475510e+00 -3.387468554781e-01 1.557165e+00
0.750000 42.225000 1.462679050449e+00 -3.941621366797e-01 1.514858e+00
0.750000 42.250000 1.400409839786e+00 -4.429554860478e-01 1.468794e+00
0.750000 42.275000 1.333861621334e+00 -4.845670604778e-01 1.419152e+00
0.750000 42.300000 1.263912816892e+00 -5.185380445256e-01 1.366147e+00
0.750000 42.325000 1.191510210678e+00 -5.445259109079e-01 1.310040e+00
0.750000 42.350000 1.117652305084e+00 -5.623179374588e-01 1.251139e+00
0.750000 42.375000 1.043369514810e+00 -5.718421560666e-01 1.189800e+00
0.750000 42.400000 9.697016214250e-01 -5.731749179415e-01 1.126433e+00
0.750000 42.425000 8.976731373186e-01 -5.665443331627e-01 1.061503e+00
0.750000 42.450000 8.282674403817e-01 -5.523289836392e-01 9.955372e-01
0.750000 42.475000 7.624007171136e-01 -5.310515133995e-01 9.291235e-01
0.750000 42.500000 7.008968727537e-01 -5.033669574664e-01 8.629222e-01
0.750000 42.525000 6.444646167160e-01 -4.700459634020e-01 7.976703e-01
0.750000 42.550000 5.936779002822e-01 -4.319533663680e-01 7.341915e-01
0.750000 42.575000 5.489607683104e-01 -3.900228752014e-01 6.734061e-01
0.750000 42.600000 5.105774922160e-01 -3.452288894789e-01 6.163379e-01
0.750000 42.625000 4.786285893142e-01 -2.985566740385e-01 5.641112e-01
0.750000 42.650000 4.530530213941e-01 -2.509722503772e-01 5.179229e-01
0.750000 42.675000 4.336365250747e-01 -2.033934121063e-01 4.789671e-01
0.750000 42.700000 4.200256823867e-01 -1.566632293372e-01 4.482911e-01
0.750000 42.725000 4.117470166681e-01 -1.115272766766e-01 4.265840e-01
0.750000 42.750000 4.082301190002e-01 -6.861561029658e-02 4.139564e-01
0.750000 42.775000 4.088335932631e-01 -2.843024593552e-02 4.098209e-01
0.750000 42.800000 4.128724677768e-01 8.661429305425e-03 4.129633e-01
0.750000 42.825000 4.196456670243e-01 4.242722099882e-02 4.217850e-01
0.750000 42.850000 4.284621706035e-01 7.276491988858e-02 4.345970e-01
0.750000 42.875000 4.386646047905e-01 9.969189643129e-02 4.498501e-01
0.750000 42.900000 4.496492058072e-01 1.233303492822e-01 4.662561e-01
0.750000 42.925000 4.608813492005e-01 1.438892779183e-01 4.828206e-01
0.750000 42.950000 4.719061389705e-01 1.616443946507e-01 4.988229e-01
0.750000 42.975000 4.823538729633e-01 1.769172548526e-01 5.137752e-01
0.750000 43.000000 4.919405258998e-01 1.900548633989e-01 5.273768e-01
0.750000 43.025000 5.004636965780e-01 2.014109127574e-01 5.394722e-01
0.750000 43.050000 5.077947308798e-01 2.113296319708e-01 5.500143e-01
0.750000 43.075000 5.138679395064e-01 2.201329890570e-01 5.590338e-01
0.750000 43.100000 5.186679650031e-01 2.281117095823e-01 5.666140e-01
0.750000 43.125000 5.222164077454e-01 2.355202720136e-01 5.728698e-01
0.750000 43.150000 5.245587920906e-01 2.425757385655e-01 5.779316e-01
0.750000 43.175000 5.257528450989e-01 2.494600015251e-01 5.819333e-01
0.750000 43.200000 5.258588807196e-01 2.563247908889e-01 5.850042e-01
0.750000 43.225000 5.249328475718e-01 2.632986177035e-01 5.872654e-01
0.750000 43.250000 5.230223287405e-01 2.704947318645e-01 5.888291e-01
0.750000 43.275000 5.201655008619e-01 2.780191600288e-01 5.898023e-01
0.750000 43.300000 5.163927920080e-01 2.859779582031e-01 5.902922e-01
0.750000 43.325000 5.117307471614e-01 2.944829564412e-01 5.904139e-01
0.750000 43.350000 5.062074368108e-01 3.036554749237e-01 5.902988e-01
0.750000 43.375000 4.998586431695e-01 3.136277307802e-01 5.901025e-01
0.750000 43.400000 4.927340374509e-01 3.245419088865e-01 5.900121e-01
0.750000 43.425000 4.849026200180e-01 3.365471117780e-01 5.902495e-01
0.750000 43.450000 4.764568243782e-01 3.497946094269e-01 5.910731e-01
0.750000 43.475000 4.675148697463e-01 3.644319587262e-01 5.927738e-01
0.750000 43.500000 4.582211633895e-01 3.805966412455e-01 5.956681e-01
0.750000 43.525000 4.487447779558e-01 3.984098703867e-01 6.000852e-01
0.750000 43.550000 4.392762348220e-01 4.179711483864e-01 6.063526e-01
0.750000 43.575000 4.300229890643e-01 4.393540210989e-01 6.147778e-01
0.750000 43.600000 4.212041171294e-01 4.626033026734e-01 6.256315e-01
0.750000 43.625000 4.130447443488e-01 4.877338465739e-01 6.391324e-01
0.750000 43.650000 4.057707145102e-01 5.147307493781e-01 6.554370e-01
0.750000 43.675000 3.996039051888e-01 5.435507138455e-01 6.746337e-01
0.750000 43.700000 3.947584458994e-01 5.741241880789e-01 6.967444e-01
0.750000 43.725000 3.914379229841e-01 6.063578516737e-01 7.217295e-01
0.750000 43.750000 3.898334804604e-01 6.401370424861e-01 7.494969e-01
0.750000 43.775000 3.901225750182e-01 6.753278047547e-01 7.799123e-01
0.750000 43.800000 3.924680380261e-01 7.117783777335e-01 8.128097e-01
0.750000 43.825000 3.970170538754e-01 7.493201135550e-01 8.479995e-01
0.750000 43.850000 4.038996900985e-01 7.877679889362e-01 8.852759e-01
0.750000 43.875000 4.132267089846e-01 8.269210313474e-01 9.244213e-01
0.750000 43.900000 4.250865420248e-01 8.665630920942e-01 9.652099e-01
0.750000 43.925000 4.395414984966e-01 9.064644472854e-01 1.007410e+00
0.750000 43.950000 4.566234829862e-01 9.463846814404e-01 1.050785e+00
0.750000 43.975000 4.763296859386e-01 9.860772054879e-01 1.095097e+00
0.750000 44.000000 4.986188592559e-01 1.025295588908e+00 1.140110e+00
0.750000 44.025000 5.234088723159e-01 1.063801661737e+00 1.185593e+00
0.750000 44.050000 5.505762462267e-01 1.101375090353e+00 1.231325e+00
0.750000 44.075000 5.799582783502e-01 1.137823880201e+00 1.277104e+00
0.750000 44.100000 6.113581979223e-01 1.172995039122e+00 1.322753e+00
0.750000 44.125000 6.445535497932e-01 1.206784474491e+00 1.368129e+00
0.750000 44.150000 6.793077084814e-01 1.239145118694e+00 1.413131e+00
0.750000 44.175000 7.153841070061e-01 1.270092294912e+00 1.457707e+00
0.750000 44.200000 7.525624560110e-01 1.299705453595e+00 1.501860e+00
0.750000 44.225000 7.906559604134e-01 1.328125623802e+00 1.545657e+00
0.750000 44.250000 8.295283420085e-01 1.355548217224e+00 1.589223e+00
0.750000 44.275000 8.691093698569e-01 1.382211172333e+00 1.632746e+00
0.750000 44.300000 9.094076002052e-01 1.408378801816e+00 1.676470e+00
0.750000 44.325000 9.505191387481e-01 1.434322075215e+00 1.720688e+00
0.750000 44.350000 9.926314545607e-01 1.460296397551e+00 1.765724e+00
0.750000 44.375000 1.036021581804e+00 1.486518203872e+00 1.811926e+00
0.750000 44.400000 1.081048418904e+00 1.513141854978e+00 1.859641e+00
0.750000 44.425000 1.128139245963e+00 1.540238375152e+00 1.909197e+00
0.750000 44.450000 1.177770996841e+00 1.567777511457e+00 1.960885e+00
0.750000 44.475000 1.230447209506e+00 1.595614419044e+00 2.014941e+00
0.750000 44.500000 1.286671905614e+00 1.623481999933e+00 2.071526e+00
0.750000 44.525000 1.346921891823e+00 1.650989564408e+00 2.130719e+00
0.750000 44.550000 1.411619111289e+00 1.677628071113e+00 2.192511e+00
0.750000 44.575000 1.481104693145e+00 1.702781765593e+00 2.256798e+00
0.750000 44.600000 1.555616248091e+00 1.725745610027e+00 2.323390e+00
0.750000 44.625000 1.635269746685e+00 1.745747511928e+00 2.392016e+00
0.750000 44.650000 1.720047008946e+00 1.761974045464e+00 2.462339e+00
0.750000 44.675000 1.809789452489e+00 1.773598139909e+00 2.533967e+00
0.750000 44.700000 1.904198320393e+00 1.779807101964e+00 2.606470e+00
0.750000 44.725000 2.002841171533e+00 1.779829350720e+00 2.679396e+00
0.750000 44.750000 2.105163998791e+00 1.772958374618e+00 2.752289e+00
0.750000 44.775000 2.210507976362e+00 1.758572658743e+00 2.824699e+00
0.750000 44.800000 2.318129554502e+00 1.736150659141e+00 2.896195e+00
0.750000 44.825000 2.427222440262e+00 1.705280292355e+00 2.966377e+00
0.750000 44.850000 2.536939939804e+00 1.665662831496e+00 3.034880e+00
0.750000 44.875000 2.646416195766e+00 1.617111520414e+00 3.101382e+00
0.750000 44.900000 2.754785026010e+00 1.559545600629e+00 3.165600e+00
0.750000 44.925000 2.861195342094e+00 1.492980760210e+00 3.227295e+00
0.750000 44.950000 2.964822472518e+00 1.417517234195e+00 3.286263e+00
0.750000 44.975000 3.064875106276e+00 1.333326895246e+00 3.342338e+00
0.750000 45.000000 3.160597971516e+00 1.240640663827e+00 3.395375e+00
0.750000 45.025000 3.251270736850e+00 1.139737442894e+00 3.445252e+00
0.750000 45.050000 3.336203936257e+00 1.030935557219e+00 3.491860e+00
0.750000 45.075000 3.414732946069e+00 9.145873756867e-01 3.535091e+00
0.750000 45.100000 3.486211166351e+00 7.910774467569e-01 3.574839e+00
0.750000 45.125000 3.550003571725e+00 6.608241172443e-01 3.610985e+00
0.750000 45.150000 3.605481702531e+00 5.242842673343e-01 3.643401e+00
0.750000 45.175000 3.652020980771e+00 3.819605114468e-01 3.671941e+00
0.750000 45.200000 3.689000980599e+00 2.344100095371e-01 3.696441e+00
0.750000 45.225000 3.715808990016e+00 8.225392150536e-02 3.716719e+00
0.750000 45.250000 3.731846901692e+00 -7.381347755481e-02 3.732577e+00
0.750000 45.275000 3.736541197788e+00 -2.330169287791e-01 3.743800e+00
0.750000 45.300000 3.729355572539e+00 -3.944943279475e-01 3.750162e+00
0.750000 45.325000 3.709805585437e+00 -5.572934363572e-01 3.751431e+00
0.750000 45.350000 3.677474664859e+00 -7.203715159890e-01 3.747366e+00
0.750000 45.375000 3.632030784060e+00 -8.825980374120e-01 3.737730e+00
0.750000 45.400000 3.573243194940e+00 -1.042760440968e+00 3.722286e+00
0.750000 45.425000 3.500998708872e+00 -1.199572817206e+00 3.700806e+00
0.750000 45.450000 3.415317131579e+00 -1.351687319496e+00 3.673071e+00
0.750000 45.475000 3.316365563687e+00 -1.497708127407e+00 3.638875e+00
0.750000 45.500000 3.204471346512e+00 -1.636207830633e+00 3.598029e+00
0.750000 45.525000 3.080133447118e+00 -1.765746178102e+00 3.550364e+00
0.750000 45.550000 2.944032031380e+00 -1.884891208510e+00 3.495732e+00
0.750000 45.575000 2.797035873351e+00 -1.992242818609e+00 3.434012e+00
0.750000 45.600000 2.640207109921e+00 -2.086458809285e+00 3.365116e+00
0.750000 45.625000 2.474802697199e+00 -2.166283359424e+00 3.288986e+00
0.750000 45.650000 2.302271791025e+00 -2.230577707216e+00 3.205610e+00
0.750000 45.675000 2.124248192254e+00 -2.278352573799e+00 3.115015e+00
0.750000 45.700000 1.942536998703e+00 -2.308801564288e+00 3.017286e+00
0.750000 45.725000 1.759094712890e+00 -2.321334456244e+00 2.912560e+00
0.750000 45.750000 1.576002279462e+00 -2.315608974363e+00 2.801041e+00
0.750000 45.775000 1.395430865745e+00 -2.291559394412e+00 2.682997e+00
0.750000 45.800000 1.219600635496e+00 -2.249420159964e+00 2.558773e+00
0.750000 45.825000 1.050733267988e+00 -2.189742665839e+00 2.428788e+00
0.750000 45.850000 8.909994995147e-01 -2.113403484632e+00 2.293546e+00
0.750000 45.875000 7.424634627183e-01 -2.021602594395e+00 2.153632e+00
0.750000 45.900000 6.070260205020e-01 -1.915850597315e+00 2.009717e+00
0.750000 45.925000 4.863695894306e-01 -1.797944474940e+00 1.862568e+00
0.750000 45.950000 3.819070861653e-01 -1.669932065538e+00 1.713046e+00
0.750000 45.975000 2.947375873959e-01 -1.534066122959e+00 1.562123e+00
0.750000 46.000000 2.256110634399e-01 -1.392749468568e+00 1.410904e+00
0.750000 46.025000 1.749041403463e-01 -1.248473323569e+00 1.260665e+00
0.750000 46.050000 1.426082936436e-01 -1.103751359753e+00 1.112926e+00
0.750000 46.075000 1.283312209695e-01 -9.610522950149e-01 9.695826e-01
0.750000 46.100000 1.313114318765e-01 -8.227339633882e-01 8.331470e-01
0.750000 46.125000 1.504453863066e-01 -6.909817021791e-01 7.071701e-01
0.750000 46.150000 1.843258617148e-01 -5.677536319003e-01 5.969256e-01
0.750000 46.175000 2.312896791502e-01 -4.547349843915e-01 5.101753e-01
0.750000 46.200000 2.894725062326e-01 -3.533030983944e-01 4.567466e-01
0.750000 46.225000 3.568682016337e-01 -2.645040952051e-01 4.442042e-01
0.750000 46.250000 4.313900784303e-01 -1.890416175754e-01 4.709927e-01
0.750000 46.275000 5.109315354230e-01 -1.272774083879e-01 5.265459e-01
0.750000 46.300000 5.934237168035e-01 -7.924296117092e-02 5.986912e-01
0.750000 46.325000 6.768881830801e-01 -4.466102240741e-02 6.783599e-01
0.750000 46.350000 7.594829762360e-01 -2.297538510974e-02 7.598304e-01
0.750000 46.375000 8.395409044130e-01 -1.338719231175e-02 8.396476e-01
0.750000 46.400000 9.155993227711e-01 -1.489586572468e-02 9.157205e-01
0.750000 46.425000 9.864211188973e-01 -2.634277821645e-02 9.867728e-01
0.750000 46.450000 1.051007001013e+00 -4.645588241336e-02 1.052033e+00
0.750000 46.475000 1.108599520159e+00 -7.389367186372e-02 1.111059e+00
0.750000 46.500000 1.158679525233e+00 -1.072870652661e-01 1.163636e+00
0.750000 46.525000 1.200955949935e+00 -1.452780489386e-01 1.209711e+00
0.750000 46.550000 1.235349965417e+00 -1.865541711525e-01 1.249357e+00
0.750000 46.575000 1.261974606858e+00 -2.298782404773e-01 1.282741e+00
0.750000 46.600000 1.281111002953e+00 -2.741128282210e-01 1.310108e+00
0.750000 46.625000 1.293182311631e+00 -3.182394043790e-01 1.331765e+00
0.750000 46.650000 1.298726400377e+00 -3.613721410887e-01 1.348065e+00
0.750000 46.675000 1.298368212541e+00 -4.027665925941e-01 1.359405e+00
0.750000 46.700000 1.292792639190e+00 -4.418236021917e-01 1.366207e+00
0.750000 46.725000 1.282718577226e+00 -4.780888914077e-01 1.368918e+00
0.750000 46.750000 1.268874707326e+00 -5.112488527668e-01 1.367998e+00
0.750000 46.775000 1.251977379257e+00 -5.411230946615e-01 1.363914e+00
0.750000 46.800000 1.232710857420e+00 -5.676542771863e-01 1.357132e+00
0.750000 46.825000 1.211710065988e+00 -5.908957365055e-01 1.348109e+00
0.750000 46.850000 1.189545889103e+00 -6.109973308005e-01 1.337287e+00
0.750000 46.875000 1.166713033334e+00 -6.281898644562e-01 1.325082e+00
0.750000 46.900000 1.143620448721e+00 -6.427683724714e-01 1.311876e+00
0.750000 46.925000 1.120584328219e+00 -6.550744882850e-01 1.298011e+00
0.750000 46.950000 1.097823755033e+00 -6.654780884134e-01 1.283775e+00
0.750000 46.975000 1.075459129726e+00 -6.743584162935e-01 1.269398e+00
0.750000 47.000000 1.053513567345e+00 -6.820849402645e-01 1.255042e+00
0.750000 47.025000 1.031917490140e+00 -6.889982947897e-01 1.240795e+00
0.750000 47.050000 1.010516635885e+00 -6.953917806527e-01 1.226668e+00
0.750000 47.075000 9.890836405896e-01 -7.014940427960e-01 1.212592e+00
0.750000 47.100000 9.673332293620e-01 -7.074536818558e-01 1.198426e+00
0.750000 47.125000 9.449408598544e-01 -7.133266621760e-01 1.183954e+00
0.750000 47.150000 9.215644186045e-01 -7.190674297423e-01 1.168905e+00
0.750000 47.175000 8.968682901573e-01 -7.245246259851e-01 1.152956e+00
0.750000 47.200000 8.705488290111e-01 -7.294421622848e-01 1.135756e+00
0.750000 47.225000 8.423599976453e-01 -7.334661994303e-01 1.116935e+00
0.750000 47.250000 8.121377247137e-01 -7.361582618216e-01 1.096128e+00
0.750000 47.275000 7.798214186320e-01 -7.370143255682e-01 1.072992e+00
0.750000 47.300000 7.454710696061e-01 -7.354892816950e-01 1.047221e+00
0.750000 47.325000 7.092785041597e-01 -7.310257281310e-01 1.018565e+00
0.750000 47.350000 6.715716239992e-01 -7.230856299449e-01 9.868441e-01
0.750000 47.375000 6.328108549166e-01 -7.111830499889e-01 9.519616e-01
0.750000 47.400000 5.935775264512e-01 -6.949159311629e-01 9.139160e-01
0.750000 47.425000 5.545544619015e-01 -6.739948374639e-01 8.728114e-01
0.750000 47.450000 5.164996345992e-01 -6.482666517268e-01 8.288676e-01
0.750000 47.475000 4.802142890957e-01 -6.177314860309e-01 7.824308e-01
0.750000 47.500000 4.465073846898e-01 -5.825514724172e-01 7.339857e-01
0.750000 47.525000 4.161585489509e-01 -5.430506376187e-01 6.841724e-01
0.750000 47.550000 3.898818966665e-01 -4.997056837516e-01 6.338089e-01
0.750000 47.575000 3.682930553659e-01 -4.531281461456e-01 5.839220e-01
0.750000 47.600000 3.518815392288e-01 -4.040390244157e-01 5.357874e-01
0.750000 47.625000 3.409902428557e-01 -3.532375296293e-01 4.909695e-01
0.750000 47.650000 3.358033148952e-01 -3.015660117357e-01 4.513379e-01
0.750000 47.675000 3.363430616532e-01 -2.498733913394e-01 4.190028e-01
0.750000 47.700000 3.424758740641e-01 -1.989794970251e-01 3.960840e-01
0.750000 47.725000 3.539265229785e-01 -1.496425989291e-01 3.842615e-01
0.750000 47.750000 3.702995813671e-01 -1.025321428840e-01 3.842325e-01
0.750000 47.775000 3.911062549815e-01 -5.820825424830e-02 3.954141e-01
0.750000 47.800000 4.157945718552e-01 -1.710903579488e-02 4.161464e-01
0.750000 47.825000 4.437807187209e-01 2.045392257481e-02 4.442518e-01
0.750000 47.850000 4.744793266810e-01 5.429202159336e-02 4.775754e-01
0.750000 47.875000 5.073306917090e-01 8.432889429032e-02 5.142915e-01
0.750000 47.900000 5.418232462325e-01 1.105836801446e-01 5.529929e-01
0.750000 47.925000 5.775100431639e-01 1.331499716019e-01 5.926608e-01
0.750000 47.950000 6.140185323170e-01 1.521722990438e-01 6.325940e-01
0.750000 47.975000 6.510534561273e-01 1.678220904299e-01 6.723354e-01
0.750000 48.000000 6.883932218592e-01 1.802749582651e-01 7.116068e-01
0.750000 48.025000 7.258805796928e-01 1.896909441300e-01 7.502568e-01
0.750000 48.050000 7.634088158045e-01 1.961990150543e-01 7.882177e-01
0.750000 48.075000 8.009049317867e-01 1.998866897036e-01 8.254716e-01
0.750000 48.100000 8.383114123153e-01 2.007952134926e-01 8.620236e-01
0.750000 48.125000 8.755681791951e-01 1.989202395245e-01 8.978802e-01
0.750000 48.150000 9.125962000012e-01 1.942175440008e-01 9.330339e-01
0.750000 48.175000 9.492839816513e-01 1.866129429742e-01 9.674526e-01
0.750000 48.200000 9.854778591778e-01 1.760153074319e-01 1.001073e+00
0.750000 48.225000 1.020976619114e+00 1.623314122558e-01 1.033801e+00
0.750000 48.250000 1.055530609123e+00 1.454813083294e-01 1.065509e+00
0.750000 48.275000 1.088845114512e+00 1.254129727294e-01 1.096044e+00
0.750000 48.300000 1.120587458810e+00 1.021151569314e-01 1.125231e+00
0.750000 48.325000 1.150397034730e+00 7.562759665655e-02 1.152880e+00
0.750000 48.350000 1.177897311512e+00 4.604804271322e-02 1.178797e+00
0.750000 48.375000 1.202708803419e+00 1.353588965961e-02 1.202785e+00
0.750000 48.400000 1.224462021610e+00 -2.168751272954e-02 1.224654e+00
0.750000 48.425000 1.242809557678e+00 -5.934151045710e-02 1.244225e+00
0.750000 48.450000 1.257436643566e+00 -9.909119697394e-02 1.261335e+00
0.750000 48.475000 1.268069774835e+00 -1.405541766928e-01 1.275836e+00
0.750000 48.500000 1.274483243615e+00 -1.833083130373e-01 1.287598e+00
0.750000 48.525000 1.276503674432e+00 -2.268997828305e-01 1.296513e+00
0.750000 48.550000 1.274012862767e+00 -2.708508850802e-01 1.302486e+00
0.750000 48.575000 1.266949359979e+00 -3.146672367903e-01 1.305441e+00
0.750000 48.600000 1.255309313942e+00 -3.578442060712e-01 1.305318e+00
0.750000 48.625000 1.239147056304e+00 -3.998726546967e-01 1.302069e+00
0.750000 48.650000 1.218575828711e+00 -4.402442590089e-01 1.295663e+00
0.750000 48.675000 1.193768875327e+00 -4.784568233243e-01 1.286081e+00
0.750000 48.700000 1.164960919347e+00 -5.140200733363e-01 1.273323e+00
0.750000 48.725000 1.132449814787e+00 -5.464624065620e-01 1.257404e+00
0.750000 48.750000 1.096597952026e+00 -5.753389808532e-01 1.238363e+00
0.750000 48.775000 1.057832825918e+00 -6.002413490748e-01 1.216265e+00
0.750000 48.800000 1.016646074014e+00 -6.208086166995e-01 1.191206e+00
0.750000 48.825000 9.735902771404e-01 -6.367398353897e-01 1.163321e+00
0.750000 48.850000 9.292728933345e-01 -6.478070806630e-01 1.132785e+00
0.750000 48.875000 8.843468658469e-01 -6.538684276222e-01 1.099824e+00
0.750000 48.900000 8.394976930408e-01 -6.548798652590e-01 1.064718e+00
0.750000 48.925000 7.954270494503e-01 -6.509051006708e-01 1.027804e+00
0.750000 48.950000 7.528333732296e-01 -6.421222145915e-01 9.894842e-01
0.750000 48.975000 7.123901524889e-01 -6.288262431620e-01 9.502222e-01
0.750000 49.000000 6.747229186591e-01 -6.114269710352e-01 9.105460e-01
0.750000 49.025000 6.403861601542e-01 -5.904415104509e-01 8.710428e-01
0.750000 49.050000 6.098414825066e-01 -5.664815843344e-01 8.323509e-01
0.750000 49.075000 5.834383496390e-01 -5.402357976956e-01 7.951447e-01
0.750000 49.100000 5.613986433706e-01 -5.124475378306e-01 7.601124e-01
0.750000 49.125000 5.438060834649e-01 -4.838894587928e-01 7.279245e-01
0.750000 49.150000 5.306012763969e-01 -4.553357531294e-01 6.991912e-01
0.750000 49.175000 5.215828321281e-01 -4.275335752218e-01 6.744135e-01
0.750000 49.200000 5.164146328044e-01 -4.011750460216e-01 6.539308e-01
0.750000 49.225000 5.146389841668e-01 -3.768712381405e-01 6.378755e-01
0.750000 49.250000 5.156950557187e-01 -3.551294213148e-01 6.261456e-01
0.750000 49.275000 5.189417404498e-01 -3.363346561940e-01 6.184024e-01
0.750000 49.300000 5.236838536702e-01 -3.207365785876e-01 6.140983e-01
0.750000 49.325000 5.292004505847e-01 -3.084419379291e-01 6.125272e-01
0.750000 49.350000 5.347739741873e-01 -2.994131631893e-01 6.128878e-01
0.750000 49.375000 5.397189439350e-01 -2.934729444626e-01 6.143475e-01
0.750000 49.400000 5.434089527711e-01 -2.903145525374e-01 6.160973e-01
0.750000 49.425000 5.453008450166e-01 -2.895173810210e-01 6.173924e-01
0.750000 49.450000 5.449550901369e-01 -2.905669909580e-01 6.175801e-01
0.750000 49.475000 5.420515386318e-01 -2.928787682212e-01 6.161151e-01
0.750000 49.500000 5.363999396816e-01 -2.958241694173e-01 6.125658e-01
0.750000 49.525000 5.279448113197e-01 -2.987584326474e-01 6.066155e-01
0.750000 49.550000 5.167644797911e-01 -3.010485661728e-01 5.980600e-01
0.750000 49.575000 5.030643427177e-01 -3.021004035809e-01 5.868035e-01
0.750000 49.600000 4.871646568572e-01 -3.013835327978e-01 5.728538e-01
0.750000 49.625000 4.694833993334e-01 -2.984529735718e-01 5.563172e-01
0.750000 49.650000 4.505149917769e-01 -2.929665988081e-01 5.373948e-01
0.750000 49.675000 4.308058969399e-01 -2.846974721671e-01 5.163781e-01
0.750000 49.700000 4.109282815434e-01 -2.735405066676e-01 4.936461e-01
0.750000 49.725000 3.914530705661e-01 -2.595131303746e-01 4.696622e-01
0.750000 49.750000 3.729237810096e-01 -2.427499633194e-01 4.449716e-01
0.750000 49.775000 3.558325046662e-01 -2.234918463340e-01 4.201968e-01
0.750000 49.800000 3.405993024979e-01 -2.020698944340e-01 3.960305e-01
0.750000 49.825000 3.275560782553e-01 -1.788855487867e-01 3.732198e-01
0.750000 49.850000 3.169357248396e-01 -1.543878461030e-01 3.525392e-01
0.750000 49.875000 3.088670010643e-01 -1.290492893475e-01 3.347425e-01
0.750000 49.900000 3.033752237675e-01 -1.033417717575e-01 3.204934e-01
0.750000 49.925000 3.003884806498e-01 -7.771396852931e-02 3.102784e-01
0.750000 49.950000 2.997487148503e-01 -5.257146838135e-02 3.043239e-01
0.750000 49.975000 3.012267337309e-01 -2.826068216771e-02 3.025495e-01
0.750000 50.000000 3.045399771984e-01 -5.057258879988e-03 3.045820e-01
0.750000 50.025000 3.093717626925e-01 1.684061082538e-02 3.098298e-01
0.750000 50.050000 3.153907120445e-01 3.731398442282e-02 3.175904e-01
0.750000 50.075000 3.222691560759e-01 5.632037020399e-02 3.271535e-01
0.750000 50.100000 3.296994918404e-01 7.388694923867e-02 3.378773e-01
0.750000 50.125000 3.374077119285e-01 9.010063504010e-02 3.492307e-01
0.750000 50.150000 3.451636066818e-01 1.050959130781e-01 3.608089e-01
0.750000 50.175000 3.527874278670e-01 1.190414346708e-01 3.723303e-01
0.750000 50.200000 3.601530675109e-01 1.321262882606e-01 3.836243e-01
0.750000 50.225000 3.671880246422e-01 1.445467519887e-01 3.946148e-01
0.750000 50.250000 3.738705900454e-01 1.564941673979e-01 4.053019e-01
0.750000 50.275000 3.802247686266e-01 1.681443904205e-01 4.157444e-01
0.750000 50.300000 3.863134840141e-01 1.796490971389e-01 4.260421e-01
0.750000 50.325000 3.922305821506e-01 1.911290684889e-01 4.363200e-01
0.750000 50.350000 3.980920874025e-01 2.026694636680e-01 4.467127e-01
0.750000 50.375000 4.040270862201e-01 2.143170217909e-01 4.573507e-01
0.750000 50.400000 4.101685390834e-01 2.260791021300e-01 4.683482e-01
0.750000 50.425000 4.166442668080e-01 2.379244747697e-01 4.797921e-01
0.750000 50.450000 4.235683314528e-01 2.497857903663e-01 4.917348e-01
0.750000 50.475000 4.310330365493e-01 2.615636728073e-01 5.041875e-01
0.750000 50.500000 4.391018000467e-01 2.731323761108e-01 5.171186e-01
0.750000 50.525000 4.478031937380e-01 2.843469155096e-01 5.304535e-01
0.750000 50.550000 4.571264784973e-01 2.950515175377e-01 5.440772e-01
0.750000 50.575000 4.670189780084e-01 3.050891380405e-01 5.578406e-01
0.750000 50.600000 4.773856096354e-01 3.143116808439e-01 5.715670e-01
0.750000 50.625000 4.880908198591e-01 3.225904299305e-01 5.850617e-01
0.750000 50.650000 4.989630507952e-01 3.298261045098e-01 5.981215e-01
0.750000 50.675000 5.098016997126e-01 3.359578798228e-01 6.105452e-01
0.750000 50.700000 5.203863392440e-01 3.409707043542e-01 6.221438e-01
0.750000 50.725000 5.304877627021e-01 3.449002977129e-01 6.327507e-01
0.750000 50.750000 5.398802309229e-01 3.478353358978e-01 6.422306e-01
0.750000 50.775000 5.483541491385e-01 3.499165157341e-01 6.504874e-01
0.750000 50.800000 5.557283161218e-01 3.513324226801e-01 6.574712e-01
0.750000 50.825000 5.618608784809e-01 3.523123833147e-01 6.631830e-01
0.750000 50.850000 5.666581968990e-01 3.531167383353e-01 6.676773e-01
0.750000 50.875000 5.700809846920e-01 3.540251954203e-01 6.710635e-01
0.750000 50.900000 5.721472987606e-01 3.553240880123e-01 6.735041e-01
0.750000 50.925000 5.729322269158e-01 3.572934561474e-01 6.752110e-01
0.750000 50.950000 5.725643960000e-01 3.601948677474e-01 6.764395e-01
0.750000 50.975000 5.712196922393e-01 3.642608123345e-01 6.774791e-01
0.750000 51.000000 5.691128103318e-01 3.696863332472e-01 6.786438e-01
0.750000 51.025000 5.664874073251e-01 3.766233376078e-01 6.802596e-01
0.750000 51.050000 5.636057155968e-01 3.851777607130e-01 6.826517e-01
0.750000 51.075000 5.607384599934e-01 3.954094919570e-01 6.861314e-01
0.750000 51.100000 5.581558312340e-01 4.073347216150e-01 6.909844e-01
0.750000 51.125000 5.561201041168e-01 4.209301671387e-01 6.974609e-01
0.750000 51.150000 5.548802752601e-01 4.361385030608e-01 7.057683e-01
0.750000 51.175000 5.546688560029e-01 4.528742609811e-01 7.160675e-01
0.750000 51.200000 5.557007179936e-01 4.710294871801e-01 7.284724e-01
0.750000 51.225000 5.581736764586e-01 4.904785383551e-01 7.430525e-01
0.750000 51.250000 5.622703292934e-01 5.110815467337e-01 7.598370e-01
0.750000 51.275000 5.681605626905e-01 5.326862753833e-01 7.788203e-01
0.750000 51.300000 5.760040925252e-01 5.551282914472e-01 7.999676e-01
0.750000 51.325000 5.859524343547e-01 5.782295881263e-01 8.232191e-01
0.750000 51.350000 5.981497766426e-01 6.017959667706e-01 8.484937e-01
0.750000 51.375000 6.127323598969e-01 6.256136339385e-01 8.756902e-01
0.750000 51.400000 6.298261242888e-01 6.494455652114e-01 9.046881e-01
0.750000 51.425000 6.495425645785e-01 6.730282335960e-01 9.353462e-01
0.750000 51.450000 6.719729091980e-01 6.960692957617e-01 9.675020e-01
0.750000 51.475000 6.971809074474e-01 7.182467779623e-01 1.000969e+00
0.750000 51.500000 7.251946547904e-01 7.392102115061e-01 1.035538e+00
0.750000 51.525000 7.559980035834e-01 7.585840425100e-01 1.070973e+00
0.750000 51.550000 7.895221897970e-01 7.759734902666e-01 1.107014e+00
0.750000 51.575000 8.256383515518e-01 7.909728607243e-01 1.143380e+00
0.750000 51.600000 8.641516197761e-01 8.031761441442e-01 1.179767e+00
0.750000 51.625000 9.047974229196e-01 8.121895470761e-01 1.215858e+00
0.750000 51.650000 9.472405651249e-01 8.176454372987e-01 1.251323e+00
0.750000 51.675000 9.910775105263e-01 8.192170262870e-01 1.285827e+00
0.750000 51.700000 1.035842137428e+00 8.166329884382e-01 1.319037e+00
0.750000 51.725000 1.081015020069e+00 8.096911317482e-01 1.350627e+00
0.750000 51.750000 1.126036061394e+00 7.982702029082e-01 1.380287e+00
0.750000 51.775000 1.170320051088e+00 7.823389413256e-01 1.407730e+00
0.750000 51.800000 1.213274476537e+00 7.619615984627e-01 1.432697e+00
0.750000 51.825000 1.254318691389e+00 7.372993130667e-01 1.454966e+00
0.750000 51.850000 1.292903369553e+00 7.086069746158e-01 1.474355e+00
0.750000 51.875000 1.328529063745e+00 6.762255041841e-01 1.490728e+00
0.750000 51.900000 1.360762665613e+00 6.405698138905e-01 1.503996e+00
0.750000 51.925000 1.389250641245e+00 6.021130464888e-01 1.514119e+00
0.750000 51.950000 1.413728094922e+00 5.613680142741e-01 1.521105e+00
0.750000 51.975000 1.434022988493e+00 5.188670188600e-01 1.525007e+00
0.750000 52.000000 1.450055195747e+00 4.751414101741e-01 1.525916e+00
0.750000 52.025000 1.461830472784e+00 4.307023101525e-01 1.523960e+00
0.750000 52.050000 1.469429840944e+00 3.860238694549e-01 1.519289e+00
0.750000 52.075000 1.472995268118e+00 3.415302417433e-01 1.512071e+00
0.750000 52.100000 1.472712857265e+00 2.975871606969e-01 1.502478e+00
0.750000 52.125000 1.468794972054e+00 2.544986141816e-01 1.490680e+00
0.750000 52.150000 1.461462822429e+00 2.125086632776e-01 1.476832e+00
0.750000 52.175000 1.450930983599e+00 1.718079942071e-01 1.461068e+00
0.750000 52.200000 1.437395131596e+00 1.325443648342e-01 1.443493e+00
0.750000 52.225000 1.421023963252e+00 9.483575835106e-02 1.424185e+00
0.750000 52.250000 1.401955858597e+00 5.878482185806e-02 1.403188e+00
0.750000 52.275000 1.380300380147e+00 2.449307192405e-02 1.380518e+00
0.750000 52.300000 1.356144233757e+00 -7.926596739727e-03 1.356167e+00
0.750000 52.325000 1.329560888006e+00 -3.834036545130e-02 1.330114e+00
0.750000 52.350000 1.300622707169e+00 -6.658785416718e-02 1.302326e+00
0.750000 52.375000 1.269414230954e+00 -9.248092984867e-02 1.272779e+00
0.750000 52.400000 1.236045153121e+00 -1.158070454355e-01 1.241458e+00
0.750000 52.425000 1.200661615943e+00 -1.363367453225e-01 1.208377e+00
0.750000 52.450000 1.163454637449e+00 -1.538345740161e-01 1.173581e+00
0.750000 52.475000 1.124664798226e+00 -1.680723146059e-01 1.137154e+00
0.750000 52.500000 1.084582698185e+00 -1.788432912165e-01 1.099229e+00
0.750000 52.525000 1.043545108311e+00 -1.859764091375e-01 1.059988e+00
0.750000 52.550000 1.001927144056e+00 -1.893486773235e-01 1.019662e+00
0.750000 52.575000 9.601311354782e-01 -1.888951456394e-01 9.785362e-01
0.750000 52.600000 9.185731324455e-01 -1.846154670973e-01 9.369416e-01
0.750000 52.625000 8.776681405978e-01 -1.765766289032e-01 8.952545e-01
0.750000 52.650000 8.378152276640e-01 -1.649117474815e-01 8.538912e-01
0.750000 52.675000 7.993835754094e-01 -1.498151550125e-01 8.133011e-01
0.750000 52.700000 7.627003964791e-01 -1.315342870174e-01 7.739594e-01
0.750000 52.725000 7.280414124924e-01 -1.103590892614e-01 7.363582e-01
0.750000 52.750000 6.956243293317e-01 -8.660978520119e-02 7.009953e-01
0.750000 52.775000 6.656054777730e-01 -6.062388056705e-02 6.683606e-01
0.750000 52.800000 6.380795395153e-01 -3.274323734444e-02 6.389191e-01
0.750000 52.825000 6.130820716560e-01 -3.301940866157e-03 6.130910e-01
0.750000 52.850000 5.905943905190e-01 2.738446889909e-02 5.912289e-01
0.750000 52.875000 5.705502841699e-01 5.902800570335e-02 5.735956e-01
0.750000 52.900000 5.528439901657e-01 9.137526560687e-02 5.603445e-01
0.750000 52.925000 5.373388932889e-01 1.242124179956e-01 5.515087e-01
0.750000 52.950000 5.238764555433e-01 1.573682357167e-01 5.470021e-01
0.750000 52.975000 5.122849741830e-01 1.907153417931e-01 5.466335e-01
0.750000 53.000000 5.023878600893e-01 2.241699156342e-01 5.501325e-01
0.750000 53.025000 4.940112273761e-01 2.576901341023e-01 5.571816e-01
0.750000 53.050000 4.869906774721e-01 2.912736269870e-01 5.674507e-01
0.750000 53.075000 4.811772417705e-01 3.249542081516e-01 5.806262e-01
0.750000 53.100000 4.764425133780e-01 3.587981083960e-01 5.964340e-01
0.750000 53.125000 4.726830492447e-01 3.928998885762e-01 6.146540e-01
0.750000 53.150000 4.698241583270e-01 4.273781552941e-01 6.351274e-01
0.750000 53.175000 4.678232085941e-01 4.623711393917e-01 6.577580e-01
0.750000 53.200000 4.666725842312e-01 4.980321324494e-01 6.825096e-01
0.750000 53.225000 4.664024025006e-01 5.345247122448e-01 7.093997e-01
0.750000 53.250000 4.670830557913e-01 5.720176299528e-01 7.384922e-01
0.750000 53.275000 4.688275780838e-01 6.106791867524e-01 7.698885e-01
0.750000 53.300000 4.717937484295e-01 6.506709038700e-01 8.037176e-01
0.750000 53.325000 4.761857425754e-01 6.921402967237e-01 8.401256e-01
0.750000 53.350000 4.822550369603e-01 7.352126084478e-01 8.792653e-01
0.750000 53.375000 4.903001701682e-01 7.799814454672e-01 9.212846e-01
0.750000 53.400000 5.006648915007e-01 8.264983880462e-01 9.663151e-01
0.750000 53.425000 5.137341915936e-01 8.747618159379e-01 1.014461e+00
0.750000 53.450000 5.299277314842e-01 9.247053807253e-01 1.065788e+00
0.750000 53.475000 5.496902756693e-01 9.761867532653e-01 1.120312e+00
0.750000 53.500000 5.734788962611e-01 1.028977452961e+00 1.177995e+00
0.750000 53.525000 6.017469454772e-01 1.082754699254e+00 1.238732e+00
0.750000 53.550000 6.349250789608e-01 1.137096289430e+00 1.302351e+00
0.750000 53.575000 6.733999300280e-01 1.191479479797e+00 1.368609e+00
0.750000 53.600000 7.174913545273e-01 1.245284716672e+00 1.437194e+00
0.750000 53.625000 7.674294525259e-01 1.297804827293e+00 1.507729e+00
0.750000 53.650000 8.233327908147e-01 1.348259948895e+00 1.579773e+00
0.750000 53.675000 8.851893672806e-01 1.395818069281e+00 1.652836e+00
0.750000 53.700000 9.528418507132e-01 1.439620607541e+00 1.726388e+00
0.750000 53.725000 1.025978485525e+00 1.478812020057e+00 1.799866e+00
0.750000 53.750000 1.104130772232e+00 1.512572018701e+00 1.872693e+00
0.750000 53.775000 1.186678638305e+00 1.540148677566e+00 1.944290e+00
0.750000 53.800000 1.272863330676e+00 1.560890517045e+00 2.014090e+00
0.750000 53.825000 1.361807732153e+00 1.574275613664e+00 2.081553e+00
0.750000 53.850000 1.452543276782e+00 1.579935900138e+00 2.146178e+00
0.750000 53.875000 1.544042162487e+00 1.577675086037e+00 2.207516e+00
0.750000 53.900000 1.635253177066e+00 1.567479023025e+00 2.265181e+00
0.750000 53.925000 1.725139200276e+00 1.549517824466e+00 2.318860e+00
0.750000 53.950000 1.812714341218e+00 1.524139583021e+00 2.368319e+00
0.750000 53.975000 1.897078721716e+00 1.491856063355e+00 2.413409e+00
0.750000 54.000000 1.977449112285e+00 1.453321233834e+00 2.454068e+00
0.750000 54.025000 2.053183942869e+00 1.409303901638e+00 2.490322e+00
0.750000 54.050000 2.123801610535e+00 1.360656001690e+00 2.522284e+00
0.750000 54.075000 2.188991449557e+00 1.308278246850e+00 2.550152e+00
0.750000 54.100000 2.248617174261e+00 1.253084874911e+00 2.574199e+00
0.750000 54.125000 2.302713014137e+00 1.195969140555e+00 2.594770e+00
0.750000 54.150000 2.351473105621e+00 1.137771021354e+00 2.612269e+00
0.750000 54.175000 2.395234967934e+00 1.079248366106e+00 2.627152e+00
0.750000 54.200000 2.434458066341e+00 1.021052443157e+00 2.639912e+00
0.750000 54.225000 2.469698560864e+00 9.637085742696e-01 2.651065e+00
0.750000 54.250000 2.501581366636e+00 9.076022884546e-01 2.661137e+00
0.750000 54.275000 2.530770633122e+00 8.529712127844e-01 2.670648e+00
0.750000 54.300000 2.557939704068e+00 7.999027372048e-01 2.680093e+00
0.750000 54.325000 2.583741565590e+00 7.483373424973e-01 2.689931e+00
0.750000 54.350000 2.608780737694e+00 6.980773535240e-01 2.700565e+00
0.750000 54.375000 2.633587518165e+00 6.488007597605e-01 2.712328e+00
0.750000 54.400000 2.658595442545e+00 6.000796190215e-01 2.725477e+00
0.750000 54.425000 2.684122768801e+00 5.514024200116e-01 2.740175e+00
0.750000 54.450000 2.710358715187e+00 5.021996238641e-01 2.756492e+00
0.750000 54.475000 2.737355059778e+00 4.518714414475e-01 2.774401e+00
0.750000 54.500000 2.765023538715e+00 3.998167470928e-01 2.793780e+00
0.750000 54.525000 2.793139253007e+00 3.454619014252e-01 2.814422e+00
0.750000 54.550000 2.821350015553e+00 2.882881795836e-01 2.836041e+00
0.750000 54.575000 2.849191255913e+00 2.278564980284e-01 2.858288e+00
0.750000 54.600000 2.876105773922e+00 1.638282194175e-01 2.880768e+00
0.750000 54.625000 2.901467324925e+00 9.598099745149e-02 2.903054e+00
0.750000 54.650000 2.924606761757e+00 2.421889744642e-02 2.924707e+00
0.750000 54.675000 2.944839282361e+00 -5.142362312121e-02 2.945288e+00
0.750000 54.700000 2.961491260836e+00 -1.307838943511e-01 2.964378e+00
0.750000 54.725000 2.973925187289e+00 -2.135789871741e-01 2.981585e+00
0.750000 54.750000 2.981561408237e+00 -2.994186738544e-01 2.996558e+00
0.750000 54.775000 2.983895631188e+00 -3.878223150402e-01 3.008993e+00
0.750000 54.800000 2.980511508440e+00 -4.782383744338e-01 3.018636e+00
0.750000 54.825000 2.971088010767e+00 -5.700651605752e-01 3.025283e+00
0.750000 54.850000 2.955401701239e+00 -6.626714172891e-01 3.028784e+00
0.750000 54.875000 2.933324382998e+00 -7.554155227223e-01 3.029034e+00
0.750000 54.900000 2.904816887741e+00 -8.476622909238e-01 3.025970e+00
0.750000 54.925000 2.869919969504e+00 -9.387966687552e-01 3.019566e+00
0.750000 54.950000 2.828743359038e+00 -1.028233947790e+00 3.009826e+00
0.750000 54.975000 2.781454020005e+00 -1.115426428385e+00 2.996775e+00
0.750000 55.000000 2.728264544139e+00 -1.199866748388e+00 2.980454e+00
0.750000 55.025000 2.669422453753e+00 -1.281088298014e+00 2.960913e+00
0.750000 55.050000 2.605200977085e+00 -1.358663273070e+00 2.938203e+00
0.750000 55.075000 2.535891656592e+00 -1.432198971668e+00 2.912377e+00
0.750000 55.100000 2.461798969463e+00 -1.501332927074e+00 2.883480e+00
0.750000 55.125000 2.383237001976e+00 -1.565727412779e+00 2.851547e+00
0.750000 55.150000 2.300528132245e+00 -1.625063780919e+00 2.816605e+00
0.750000 55.175000 2.214003635136e+00 -1.679037026976e+00 2.778665e+00
0.750000 55.200000 2.124006113618e+00 -1.727350932258e+00 2.737726e+00
0.750000 55.225000 2.030893660576e+00 -1.769714131365e+00 2.693774e+00
0.750000 55.250000 1.935045639419e+00 -1.805837483773e+00 2.646781e+00
0.750000 55.275000 1.836869918389e+00 -1.835433183805e+00 2.596711e+00
0.750000 55.300000 1.736811288009e+00 -1.858216098773e+00 2.543517e+00
0.750000 55.325000 1.635360630116e+00 -1.873907852018e+00 2.487154e+00
0.750000 55.350000 1.533064201139e+00 -1.882244136032e+00 2.427577e+00
0.750000 55.375000 1.430532165141e+00 -1.882985625757e+00 2.364753e+00
0.750000 55.400000 1.328445298523e+00 -1.875932648837e+00 2.298671e+00
0.750000 55.425000 1.227558629192e+00 -1.860943457660e+00 2.229352e+00
0.750000 55.450000 1.128700709722e+00 -1.837955553946e+00 2.156860e+00
0.750000 55.475000 1.032767292123e+00 -1.807009073337e+00 2.081319e+00
0.750000 55.500000 9.407083936071e-01 -1.768270791326e+00 2.002926e+00
0.750000 55.525000 8.535081238289e-01 -1.722056918486e+00 1.921967e+00
0.750000 55.550000 7.721571691358e-01 -1.668852568963e+00 1.838830e+00
0.750000 55.575000 6.976184629427e-01 -1.609325663509e+00 1.754024e+00
0.750000 55.600000 6.307872598276e-01 -1.544333104795e+00 1.668190e+00
0.750000 55.625000 5.724475080042e-01 -1.474917358101e+00 1.582112e+00
0.750000 55.650000 5.232270085162e-01 -1.402292080488e+00 1.496726e+00
0.750000 55.675000 4.835542905096e-01 -1.327816138367e+00 1.413124e+00
0.750000 55.700000 4.536203619384e-01 -1.252956186082e+00 1.332543e+00
0.750000 55.725000 4.333484739792e-01 -1.179238878195e+00 1.256342e+00
0.750000 55.750000 4.223747487916e-01 -1.108194675852e+00 1.185958e+00
0.750000 55.775000 4.200419738328e-01 -1.041296000675e+00 1.122824e+00
0.750000 55.800000 4.254080973542e-01 -9.798931118372e-01 1.068252e+00
0.750000 55.825000 4.372700271402e-01 -9.251514716228e-01 1.023284e+00
0.750000 55.850000 4.542023128284e-01 -8.779944808651e-01 9.885211e-01
0.750000 55.875000 4.746092650328e-01 -8.390552923835e-01 9.639853e-01
0.750000 55.900000 4.967881162211e-01 -8.086409582695e-01 9.490514e-01
0.750000 55.925000 5.190000351914e-01 -7.867114707964e-01 9.424839e-01
0.750000 55.950000 5.395452303623e-01 -7.728753725223e-01 9.425738e-01
0.750000 55.975000 5.568380579808e-01 -7.664026088403e-01 9.473339e-01
0.750000 56.000000 5.694780078084e-01 -7.662542528717e-01 9.546993e-01
0.750000 56.025000 5.763126657287e-01 -7.711277247605e-01 9.626912e-01
0.750000 56.050000 5.764892239418e-01 -7.795152243417e-01 9.695276e-01
0.750000 56.075000 5.694917820910e-01 -7.897723542574e-01 9.736844e-01
0.750000 56.100000 5.551625025381e-01 -8.001933700562e-01 9.739173e-01
0.750000 56.125000 5.337055902380e-01 -8.090891770062e-01 9.692610e-01
0.750000 56.150000 5.056740024332e-01 -8.148641054920e-01 9.590150e-01
0.750000 56.175000 4.719397004952e-01 -8.160876280939e-01 9.427227e-01
0.750000 56.200000 4.336490883454e-01 -8.115575100582e-01 9.201506e-01
0.750000 56.225000 3.921660013483e-01 -8.003513810053e-01 8.912668e-01
0.750000 56.250000 3.490051887572e-01 -7.818643448844e-01 8.562222e-01
0.750000 56.275000 3.057596533899e-01 -7.558309710769e-01 8.153339e-01
0.750000 56.300000 2.640254638261e-01 -7.223307961806e-01 7.690717e-01
0.750000 56.325000 2.253277330079e-01 -6.817772785486e-01 7.180479e-01
0.750000 56.350000 1.910513637275e-01 -6.348909528848e-01 6.630137e-01
0.750000 56.375000 1.623799014823e-01 -5.826582979150e-01 6.048619e-01
0.750000 56.400000 1.402454182891e-01 -5.262785250763e-01 5.446447e-01
0.750000 56.425000 1.252917919071e-01 -4.671010895750e-01 4.836129e-01
0.750000 56.450000 1.178530640635e-01 -4.065571876321e-01 4.232943e-01
0.750000 56.475000 1.179477860282e-01 -3.460888082536e-01 3.656353e-01
0.750000 56.500000 1.252894249159e-01 -2.870790320752e-01 3.132280e-01
0.750000 56.525000 1.393120509632e-01 -2.307871984785e-01 2.695748e-01
0.750000 56.550000 1.592097018357e-01 -1.782922899243e-01 2.390311e-01
0.750000 56.575000 1.839870746601e-01 -1.304474162058e-01 2.255388e-01
0.750000 56.600000 2.125185790574e-01 -8.784764172949e-02 2.299595e-01
0.750000 56.625000 2.436123388713e-01 -5.081262058650e-02 2.488552e-01
0.750000 56.650000 2.760754907759e-01 -1.938463422057e-02 2.767552e-01
0.750000 56.675000 3.087771149645e-01 6.658278356089e-03 3.088489e-01
0.750000 56.700000 3.407053504260e-01 2.777528573764e-02 3.418356e-01
0.750000 56.725000 3.710156804938e-01 4.462380194886e-02 3.736896e-01
0.750000 56.750000 3.990679913571e-01 5.801121933507e-02 4.032624e-01
0.750000 56.775000 4.244507598105e-01 6.884041580335e-02 4.299970e-01
0.750000 56.800000 4.469915584816e-01 7.805235600354e-02 4.537550e-01
0.750000 56.825000 4.667539134894e-01 8.656912011485e-02 4.747140e-01
0.750000 56.850000 4.840213481302e-01 9.524049145233e-02 4.933026e-01
0.750000 56.875000 4.992701408371e-01 1.047968427712e-01 5.101500e-01
0.750000 56.900000 5.131328725528e-01 1.158105231227e-01 5.260394e-01
0.750000 56.925000 5.263552099472e-01 1.286673142126e-01 5.418534e-01
0.750000 56.950000 5.397485564495e-01 1.435488529864e-01 5.585112e-01
0.750000 56.975000 5.541412100510e-01 1.604262589384e-01 5.768961e-01
0.750000 57.000000 5.703305174669e-01 1.790646061154e-01 5.977801e-01
0.750000 57.025000 5.890382417161e-01 1.990373749829e-01 6.217571e-01
0.750000 57.050000 6.108710036508e-01 2.197496282961e-01 6.491943e-01
0.750000 57.075000 6.362872572997e-01 2.404683836221e-01 6.802106e-01
0.750000 57.100000 6.655718497380e-01 2.603584962585e-01 7.146835e-01
0.750000 57.125000 6.988188263465e-01 2.785223035072e-01 7.522782e-01
0.750000 57.150000 7.359227894571e-01 2.940412926588e-01 7.924914e-01
0.750000 57.175000 7.765788097812e-01 3.060181177311e-01 8.346986e-01
0.750000 57.200000 8.202906238302e-01 3.136173840792e-01 8.781985e-01
0.750000 57.225000 8.663866185419e-01 3.161037315893e-01 9.222512e-01
0.750000 57.250000 9.140428954639e-01 3.128758699698e-01 9.661085e-01
0.750000 57.275000 9.623125109510e-01 3.034953548830e-01 1.009037e+00
0.750000 57.300000 1.010159799917e+00 2.877090483842e-01 1.050333e+00
0.750000 57.325000 1.056498509136e+00 2.654643916015e-01 1.089339e+00
0.750000 57.350000 1.100232299527e+00 2.369168416524e-01 1.125451e+00
0.750000 57.375000 1.140296039246e+00 2.024290945594e-01 1.158125e+00
0.750000 57.400000 1.175696219207e+00 1.625620308499e-01 1.186882e+00
0.750000 57.425000 1.205548799063e+00 1.180576717145e-01 1.211316e+00
0.750000 57.450000 1.229112851583e+00 6.981480361473e-02 1.231094e+00
0.750000 57.475000 1.245818527141e+00 1.885829339347e-02 1.245961e+00
0.750000 57.500000 1.255288109185e+00 -3.369655490742e-02 1.255740e+00
0.750000 57.525000 1.257349266771e+00 -8.668298607174e-02 1.260334e+00
0.750000 57.550000 1.252040011898e+00 -1.389233343037e-01 1.259724e+00
0.750000 57.575000 1.239605308522e+00 -1.892692678872e-01 1.253971e+00
0.750000 57.600000 1.220485722334e+00 -2.366399445648e-01 1.243215e+00
0.750000 57.625000 1.195298909174e+00 -2.800564575506e-01 1.227669e+00
0.750000 57.650000 1.164815081704e+00 -3.186712260405e-01 1.207620e+00
0.750000 57.675000 1.129927842003e+00 -3.517913328392e-01 1.183425e+00
0.750000 57.700000 1.091621905569e+00 -3.788952020606e-01 1.155509e+00
0.750000 57.725000 1.050939265764e+00 -3.996424053973e-01 1.124361e+00
0.750000 57.750000 1.008945265079e+00 -4.138767512169e-01 1.090534e+00
0.750000 57.775000 9.666958702186e-01 -4.216231175109e-01 1.054641e+00
0.750000 57.800000 9.252072189706e-01 -4.230787174941e-01 1.017351e+00
0.750000 57.825000 8.854282496420e-01 -4.185996266879e-01 9.793921e-01
0.750000 57.850000 8.482169691924e-01 -4.086834555843e-01 9.415382e-01
0.750000 57.875000 8.143206904655e-01 -3.939490358224e-01 9.046071e-01
0.750000 57.900000 7.843603902463e-01 -3.751139211950e-01 8.694433e-01
0.750000 57.925000 7.588192165378e-01 -3.529704125985e-01 8.368959e-01
0.750000 57.950000 7.380351032953e-01 -3.283607227860e-01 8.077850e-01
0.750000 57.975000 7.221974225797e-01 -3.021518227489e-01 7.828568e-01
0.750000 58.000000 7.113475998907e-01 -2.752104697170e-01 7.627294e-01
0.750000 58.025000 7.053836176053e-01 -2.483789109299e-01 7.478356e-01
0.750000 58.050000 7.040683142853e-01 -2.224517820492e-01 7.383746e-01
0.750000 58.075000 7.070413391208e-01 -1.981547609015e-01 7.342838e-01
0.750000 58.100000 7.138345334198e-01 -1.761255774717e-01 7.352414e-01
0.750000 58.125000 7.238903862142e-01 -1.568979992893e-01 7.406985e-01
0.750000 58.150000 7.365830590157e-01 -1.408893892028e-01 7.499363e-01
0.750000 58.175000 7.512413130495e-01 -1.283923572590e-01 7.621339e-01
0.750000 58.200000 7.671725229392e-01 -1.195708952624e-01 7.764347e-01
0.750000 58.225000 7.836868466632e-01 -1.144611962027e-01 7.920015e-01
0.750000 58.250000 8.001205625540e-01 -1.129771346411e-01 8.080574e-01
0.750000 58.275000 8.158575937731e-01 -1.149201390871e-01 8.239116e-01
0.750000 58.300000 8.303483239357e-01 -1.199929482451e-01 8.389736e-01
0.750000 58.325000 8.431249595741e-01 -1.278165351272e-01 8.527583e-01
0.750000 58.350000 8.538129018484e-01 -1.379493283961e-01 8.648852e-01
0.750000 58.375000 8.621378300964e-01 -1.499077742435e-01 8.750737e-01
0.750000 58.400000 8.679284480876e-01 -1.631872709353e-01 8.831364e-01
0.750000 58.425000 8.711150745081e-01 -1.772825684091e-01 8.889716e-01
0.750000 58.450000 8.717244501029e-01 -1.917068442730e-01 8.925553e-01
0.750000 58.475000 8.698712695675e-01 -2.060088255233e-01 8.939327e-01
0.750000 58.500000 8.657470202515e-01 -2.197874987014e-01 8.932102e-01
0.750000 58.525000 8.596067251114e-01 -2.327041164928e-01 8.905475e-01
0.750000 58.550000 8.517541560774e-01 -2.444913461567e-01 8.861496e-01
0.750000 58.575000 8.425260245021e-01 -2.549595018778e-01 8.802582e-01
0.750000 58.600000 8.322755891937e-01 -2.639998552986e-01 8.731429e-01
0.750000 58.625000 8.213560705013e-01 -2.715850317766e-01 8.650920e-01
0.750000 58.650000 8.101042371932e-01 -2.777664883198e-01 8.564012e-01
0.750000 58.675000 7.988245499560e-01 -2.826690525483e-01 8.473621e-01
0.750000 58.700000 7.877743001518e-01 -2.864825024825e-01 8.382485e-01
0.750000 58.725000 7.771502640943e-01 -2.894502046318e-01 8.293033e-01
0.750000 58.750000 7.670774820964e-01 -2.918549170731e-01 8.207236e-01
0.750000 58.775000 7.576008429094e-01 -2.940020102010e-01 8.126477e-01
0.750000 58.800000 7.486801812152e-01 -2.962005549431e-01 8.051440e-01
0.750000 58.825000 7.401895547422e-01 -2.987429597042e-01 7.982029e-01
0.750000 58.850000 7.319212416541e-01 -3.018840768196e-01 7.917340e-01
0.750000 58.875000 7.235947820876e-01 -3.058209142054e-01 7.855672e-01
0.750000 58.900000 7.148710867539e-01 -3.106742434837e-01 7.794608e-01
0.750000 58.925000 7.053712701500e-01 -3.164734603395e-01 7.731132e-01
0.750000 58.950000 6.946994674459e-01 -3.231460021311e-01 7.661793e-01
0.750000 58.975000 6.824685020643e-01 -3.305124494503e-01 7.582887e-01
0.750000 59.000000 6.683269287274e-01 -3.382881343280e-01 7.490659e-01
0.750000 59.025000 6.519857259612e-01 -3.460916651652e-01 7.381496e-01
0.750000 59.050000 6.332427876630e-01 -3.534602882638e-01 7.252107e-01
0.750000 59.075000 6.120033886770e-01 -3.598714800612e-01 7.099688e-01
0.750000 59.100000 5.882949829803e-01 -3.647696514043e-01 6.922051e-01
0.750000 59.125000 5.622750272761e-01 -3.675963951796e-01 6.717740e-01
0.750000 59.150000 5.342309837573e-01 -3.678223666763e-01 6.486109e-01
0.750000 59.175000 5.045722061432e-01 -3.649786879825e-01 6.227379e-01
0.750000 59.200000 4.738140056082e-01 -3.586857357705e-01 5.942686e-01
0.750000 59.225000 4.425547759605e-01 -3.486773122913e-01 5.634098e-01
0.750000 59.250000 4.114475791268e-01 -3.348185020055e-01 5.304645e-01
0.750000 59.275000 3.811680073512e-01 -3.171159554780e-01 4.958342e-01
0.750000 59.300000 3.523804126264e-01 -2.957198800406e-01 4.600241e-01
0.750000 59.325000 3.257047054370e-01 -2.709176071141e-01 4.236507e-01
0.750000 59.350000 3.016858677131e-01 -2.431191993972e-01 3.874549e-01
0.750000 59.375000 2.807681078324e-01 -2.128361092827e-01 3.523208e-01
0.750000 59.400000 2.632752307871e-01 -1.806543606526e-01 3.192959e-01
0.750000 59.425000 2.493983369979e-01 -1.472040668882e-01 2.896007e-01
0.750000 59.450000 2.391914382506e-01 -1.131272974163e-01 2.645947e-01
0.750000 59.475000 2.325750312409e-01 -7.904635497153e-02 2.456409e-01
0.750000 59.500000 2.293471395938e-01 -4.553442975210e-02 2.338236e-01
0.750000 59.525000 2.292008610217e-01 -1.309036937281e-02 2.295744e-01
0.750000 59.550000 2.317470677032e-01 1.788103192584e-02 2.324359e-01
0.750000 59.575000 2.365406268696e-01 4.708223596058e-02 2.411809e-01
0.750000 59.600000 2.431083477897e-01 7.432912796405e-02 2.542174e-01
0.750000 59.625000 2.509768248367e-01 9.955009730297e-02 2.699992e-01
0.750000 59.650000 2.596984299738e-01 1.227784391647e-01 2.872592e-01
0.750000 59.675000 2.688739007355e-01 1.441388986957e-01 3.050724e-01
0.750000 59.700000 2.781702548524e-01 1.638295241546e-01 3.228294e-01
0.750000 59.725000 2.873331189662e-01 1.821002532956e-01 3.401776e-01
0.750000 59.750000 2.961929622006e-01 1.992298143749e-01 3.569633e-01
0.750000 59.775000 3.046651495382e-01 2.155025727417e-01 3.731785e-01
0.750000 59.800000 3.127441480487e-01 2.311868949138e-01 3.889168e-01
0.750000 59.825000 3.204926044568e-01 2.465164395482e-01 4.043339e-01
0.750000 59.850000 3.280263404267e-01 2.616755302493e-01 4.196133e-01
0.750000 59.875000 3.354965605000e-01 2.767894361005e-01 4.349372e-01
0.750000 59.900000 3.430707196879e-01 2.919200049655e-01 4.504607e-01
0.750000 59.925000 3.509135422916e-01 3.070666890572e-01 4.662942e-01
0.750000 59.950000 3.591696170475e-01 3.221726018594e-01 4.824914e-01
0.750000 59.975000 3.679488209865e-01 3.371348806531e-01 4.990454e-01
0.750000 60.000000 3.773155589213e-01 3.518183282957e-01 5.158907e-01
0.750000 60.025000 3.872824688165e-01 3.660710956838e-01 5.329125e-01
0.750000 60.050000 3.978088637527e-01 3.797410596977e-01 5.499592e-01
0.750000 60.075000 4.088037915026e-01 3.926915585175e-01 5.668573e-01
0.750000 60.100000 4.201332270997e-01 4.048152648804e-01 5.834272e-01
0.750000 60.125000 4.316306045057e-01 4.160451953504e-01 5.994986e-01
0.750000 60.150000 4.431096675197e-01 4.263621476609e-01 6.149235e-01
0.750000 60.175000 4.543784960694e-01 4.357981986815e-01 6.295871e-01
0.750000 60.200000 4.652535500374e-01 4.444362481688e-01 6.434162e-01
0.750000 60.225000 4.755726652893e-01 4.524059229571e-01 6.563844e-01
0.750000 60.250000 4.852061207227e-01 4.598764307016e-01 6.685143e-01
0.750000 60.275000 4.940651464896e-01 4.670471466182e-01 6.798775e-01
0.750000 60.300000 5.021075308400e-01 4.741368156605e-01 6.905923e-01
0.750000 60.325000 5.093402721565e-01 4.813722525786e-01 7.008186e-01
0.750000 60.350000 5.158194808388e-01 4.889773315677e-01 7.107521e-01
0.750000 60.375000 5.216479352540e-01 4.971628946138e-01 7.206161e-01
0.750000 60.400000 5.269708182474e-01 5.061180001620e-01 7.306529e-01
0.750000 60.425000 5.319701979910e-01 5.160027126644e-01 7.411148e-01
0.750000 60.450000 5.368587732946e-01 5.269424304017e-01 7.522537e-01
0.750000 60.475000 5.418732939676e-01 5.390235909852e-01 7.643122e-01
0.750000 60.500000 5.472679151139e-01 5.522905006884e-01 7.775133e-01
0.750000 60.525000 5.533075792622e-01 5.667430142718e-01 7.920523e-01
0.750000 60.550000 5.602613718372e-01 5.823348438777e-01 8.080883e-01
0.750000 60.575000 5.683956901628e-01 5.989723853710e-01 8.257370e-01
0.750000 60.600000 5.779670232689e-01 6.165140957800e-01 8.450654e-01
0.750000 60.625000 5.892141685247e-01 6.347706081256e-01 8.660872e-01
0.750000 60.650000 6.023498094159e-01 6.535059003044e-01 8.887605e-01
0.750000 60.675000 6.175515333203e-01 6.724399160229e-01 9.129870e-01
0.750000 60.700000 6.349525562306e-01 6.912530480839e-01 9.386136e-01
0.750000 60.725000 6.546326141632e-01 7.095928274400e-01 9.654356e-01
0.750000 60.750000 6.766096474228e-01 7.270830166705e-01 9.932021e-01
0.750000 60.775000 7.008330151572e-01 7.433350967658e-01 1.021623e+00
0.750000 60.800000 7.271790111760e-01 7.579618840961e-01 1.050379e+00
0.750000 60.825000 7.554493948401e-01 7.705927501205e-01 1.079128e+00
0.750000 60.850000 7.853735013757e-01 7.808896727184e-01 1.107520e+00
0.750000 60.875000 8.166142645542e-01 7.885631568978e-01 1.135205e+00
0.750000 60.900000 8.487781922945e-01 7.933869505866e-01 1.161846e+00
0.750000 60.925000 8.814290114605e-01 7.952104660815e-01 1.187130e+00
0.750000 60.950000 9.141043755432e-01 7.939679063942e-01 1.210773e+00
0.750000 60.975000 9.463347420321e-01 7.896832832956e-01 1.232538e+00
0.750000 61.000000 9.776633054147e-01 7.824707843541e-01 1.252232e+00
0.750000 61.025000 1.007665740075e+00 7.725302747719e-01 1.269722e+00
0.750000 61.050000 1.035968478450e+00 7.601380754423e-01 1.284928e+00
0.750000 61.075000 1.062264326364e+00 7.456335083179e-01 1.297835e+00
0.750000 61.100000 1.086324391576e+00 7.294020123498e-01 1.308483e+00
0.750000 61.125000 1.108005556087e+00 7.118558811759e-01 1.316972e+00
0.750000 61.150000 1.127253033726e+00 6.934138381213e-01 1.323451e+00
0.750000 61.175000 1.144097894134e+00 6.744807344050e-01 1.328113e+00
0.750000 61.200000 1.158649774157e+00 6.554286313455e-01 1.331186e+00
0.750000 61.225000 1.171085311560e+00 6.365804137864e-01 1.332920e+00
0.750000 61.250000 1.181633102197e+00 6.181968935633e-01 1.333576e+00
0.750000 61.275000 1.190556184631e+00 6.004681168331e-01 1.333411e+00
0.750000 61.300000 1.198133186226e+00 5.835093078959e-01 1.332669e+00
0.750000 61.325000 1.204639318950e+00 5.673615853415e-01 1.331561e+00
0.750000 61.350000 1.210328393616e+00 5.519972929175e-01 1.330262e+00
0.750000 61.375000 1.215416934156e+00 5.373295138281e-01 1.328895e+00
0.750000 61.400000 1.220071327635e+00 5.232250965020e-01 1.327531e+00
0.750000 61.425000 1.224398751341e+00 5.095203225152e-01 1.326184e+00
0.750000 61.450000 1.228442386547e+00 4.960382010270e-01 1.324811e+00
0.750000 61.475000 1.232181170789e+00 4.826062844241e-01 1.323321e+00
0.750000 61.500000 1.235534068693e+00 4.690738708565e-01 1.321580e+00
0.750000 61.525000 1.238368567820e+00 4.553274933947e-01 1.319424e+00
0.750000 61.550000 1.240512844302e+00 4.413036932326e-01 1.316670e+00
0.750000 61.575000 1.241770807232e+00 4.269982338370e-01 1.313135e+00
0.750000 61.600000 1.241939036187e+00 4.124711291214e-01 1.308642e+00
0.750000 61.625000 1.240824487352e+00 3.978471224945e-01 1.303046e+00
0.750000 61.650000 1.238261773986e+00 3.833115513871e-01 1.296233e+00
0.750000 61.675000 1.234128836513e+00 3.691018455298e-01 1.288142e+00
0.750000 61.700000 1.228359911501e+00 3.554952150003e-01 1.278767e+00
0.750000 61.725000 1.220954886048e+00 3.427933617897e-01 1.268163e+00
0.750000 61.750000 1.211984375818e+00 3.313052721363e-01 1.256451e+00
0.750000 61.775000 1.201590174668e+00 3.213292944354e-01 1.243813e+00
0.750000 61.800000 1.189981067888e+00 3.131357626233e-01 1.230491e+00
0.750000 61.825000 1.177424350932e+00 3.069513788061e-01 1.216777e+00
0.750000 61.850000 1.164233719752e+00 3.029464221515e-01 1.203003e+00
0.750000 61.875000 1.150754467223e+00 3.012256146281e-01 1.189526e+00
0.750000 61.900000 1.137347106438e+00 3.018231686674e-01 1.176714e+00
0.750000 61.925000 1.124370627717e+00 3.047021958160e-01 1.164926e+00
0.750000 61.950000 1.112166573614e+00 3.097583025881e-01 1.154498e+00
0.750000 61.975000 1.101044988663e+00 3.168268748891e-01 1.145722e+00
0.750000 62.000000 1.091273082965e+00 3.256932875998e-01 1.138838e+00
0.750000 62.025000 1.083067165986e+00 3.361050964587e-01 1.134020e+00
0.750000 62.050000 1.076588091284e+00 3.477851905405e-01 1.131369e+00
0.750000 62.075000 1.071940139559e+00 3.604449087695e-01 1.130918e+00
0.750000 62.100000 1.069172990576e+00 3.737962439920e-01 1.132632e+00
0.750000 62.125000 1.068286222562e+00 3.875624530511e-01 1.136415e+00
0.750000 62.150000 1.069235650039e+00 4.014866323934e-01 1.142128e+00
0.750000 62.175000 1.071940775323e+00 4.153380729058e-01 1.149592e+00
0.750000 62.200000 1.076292680364e+00 4.289164418094e-01 1.158609e+00
0.750000 62.225000 1.082161807973e+00 4.420540249189e-01 1.168968e+00
0.750000 62.250000 1.089405249416e+00 4.546163793591e-01 1.180457e+00
0.750000 62.275000 1.097873338496e+00 4.665017859102e-01 1.192875e+00
0.750000 62.300000 1.107415519425e+00 4.776398548491e-01 1.206030e+00
0.750000 62.325000 1.117885580127e+00 4.879895442302e-01 1.219755e+00
0.750000 62.350000 1.129146405073e+00 4.975367189370e-01 1.233902e+00
0.750000 62.375000 1.141074394468e+00 5.062912417278e-01 1.248352e+00
0.750000 62.400000 1.153563623897e+00 5.142834738487e-01 1.263011e+00
0.750000 62.425000 1.166529696074e+00 5.215599984757e-01 1.277817e+00
0.750000 62.450000 1.179913089421e+00 5.281783829103e-01 1.292736e+00
0.750000 62.475000 1.193681667099e+00 5.342008714969e-01 1.307764e+00
0.750000 62.500000 1.207831906034e+00 5.396870443768e-01 1.322921e+00
0.750000 62.525000 1.222388365331e+00 5.446856691770e-01 1.338251e+00
0.750000 62.550000 1.237400955390e+00 5.492261854455e-01 1.353813e+00
0.750000 62.575000 1.252939699391e+00 5.533104612595e-01 1.369675e+00
0.750000 62.600000 1.269086890433e+00 5.569056131049e-01 1.385902e+00
0.750000 62.625000 1.285926820195e+00 5.599387532572e-01 1.402547e+00
0.750000 62.650000 1.303533557586e+00 5.622945018375e-01 1.419639e+00
0.750000 62.675000 1.321957550369e+00 5.638159643068e-01 1.437171e+00
0.750000 62.700000 1.341212069507e+00 5.643096346790e-01 1.455093e+00
0.750000 62.725000 1.361260678580e+00 5.635543598164e-01 1.473304e+00
0.750000 62.750000 1.382006961418e+00 5.613141227409e-01 1.491649e+00
0.750000 62.775000 1.403287664965e+00 5.573540134518e-01 1.509920e+00
0.750000 62.800000 1.424870211169e+00 5.514583982918e-01 1.527862e+00
0.750000 62.825000 1.446455216646e+00 5.434500154994e-01 1.545177e+00
0.750000 62.850000 1.467684261131e+00 5.332085499159e-01 1.561540e+00
0.750000 62.875000 1.488152704620e+00 5.206871968838e-01 1.576615e+00
0.750000 62.900000 1.507426913986e+00 5.059258224886e-01 1.590062e+00
0.750000 62.925000 1.525064867957e+00 4.890595571472e-01 1.601562e+00
0.750000 62.950000 1.540638805021e+00 4.703220000662e-01 1.610829e+00
0.750000 62.975000 1.553758392572e+00 4.500426292987e-01 1.617623e+00
0.750000 63.000000 1.564092844558e+00 4.286384642535e-01 1.621764e+00
0.750000 63.025000 1.571390501727e+00 4.066004700765e-01 1.623143e+00
0.750000 63.050000 1.575494601116e+00 3.844755842410e-01 1.621729e+00
0.750000 63.075000 1.576354275089e+00 3.628455499601e-01 1.617575e+00
0.750000 63.100000 1.574030201364e+00 3.423039342741e-01 1.610821e+00
0.750000 63.125000 1.568694735265e+00 3.234327791484e-01 1.601690e+00
0.750000 63.150000 1.560626755264e+00 3.067802830100e-01 1.590494e+00
0.750000 63.175000 1.550201807681e+00 2.928407510860e-01 1.577619e+00
0.750000 63.200000 1.537878418913e+00 2.820378082694e-01 1.563527e+00
0.750000 63.225000 1.524181635813e+00 2.747115666315e-01 1.548740e+00
0.750000 63.250000 1.509684949497e+00 2.711101119267e-01 1.533835e+00
0.750000 63.275000 1.494991757303e+00 2.713853490533e-01 1.519424e+00
0.750000 63.300000 1.480717432480e+00 2.755929507828e-01 1.506146e+00
0.750000 63.325000 1.467472917829e+00 2.836959064072e-01 1.494644e+00
0.750000 63.350000 1.455850557352e+00 2.955709795231e-01 1.485551e+00
0.750000 63.375000 1.446412648974e+00 3.110172625488e-01 1.479473e+00
0.750000 63.400000 1.439682959966e+00 3.297659595333e-01 1.476967e+00
0.750000 63.425000 1.436141210303e+00 3.514905341089e-01 1.478529e+00
0.750000 63.450000 1.436220310171e+00 3.758164192416e-01 1.484576e+00
0.750000 63.475000 1.440305945255e+00 4.023295920630e-01 1.495443e+00
0.750000 63.500000 1.448737944228e+00 4.305834627446e-01 1.511371e+00
0.750000 63.525000 1.461812742591e+00 4.601037037886e-01 1.532512e+00
0.750000 63.550000 1.479786180775e+00 4.903908479670e-01 1.558926e+00
0.750000 63.575000 1.502875847412e+00 5.209207015921e-01 1.590596e+00
0.750000 63.600000 1.531262205898e+00 5.511428454403e-01 1.627428e+00
0.750000 63.625000 1.565087827981e+00 5.804777166979e-01 1.669268e+00
0.750000 63.650000 1.604454204177e+00 6.083129673432e-01 1.715902e+00
0.750000 63.675000 1.649415805653e+00 6.339999605606e-01 1.767068e+00
0.750000 63.700000 1.699971328975e+00 6.568513789761e-01 1.822459e+00
0.750000 63.725000 1.756052350769e+00 6.761409592119e-01 1.881724e+00
0.750000 63.750000 1.817509934232e+00 6.911063218536e-01 1.944472e+00
0.750000 63.775000 1.884100038113e+00 7.009557255502e-01 2.010267e+00
0.750000 63.800000 1.955468851819e+00 7.048793375204e-01 2.078633e+00
0.750000 63.825000 2.031139386779e+00 7.020652891864e-01 2.149052e+00
0.750000 63.850000 2.110500765630e+00 6.917203940287e-01 2.220966e+00
0.750000 63.875000 2.192801644334e+00 6.730949742871e-01 2.293782e+00
0.750000 63.900000 2.277149064776e+00 6.455108105549e-01 2.366874e+00
0.750000 63.925000 2.362513765533e+00 6.083908351679e-01 2.439592e+00
0.750000 63.950000 2.447742588947e+00 5.612888781837e-01 2.511272e+00
0.750000 63.975000 2.531578139463e+00 5.039175810509e-01 2.581244e+00
0.750000 64.000000 2.612685309621e+00 4.361725460315e-01 2.648843e+00
0.750000 64.025000 2.689683742650e+00 3.581509043986e-01 2.713424e+00
0.750000 64.050000 2.761184795229e+00 2.701627633586e-01 2.774370e+00
0.750000 64.075000 2.825831149920e+00 1.727344139060e-01 2.831106e+00
0.750000 64.100000 2.882336946888e+00 6.660271747742e-02 2.883106e+00
0.750000 64.125000 2.929526189874e+00 -4.729930632259e-02 2.929908e+00
0.750000 64.150000 2.966367247561e+00 -1.678650485830e-01 2.971113e+00
0.750000 64.175000 2.992001517004e+00 -2.938438142503e-01 3.006396e+00
0.750000 64.200000 3.005764721065e+00 -4.238755505543e-01 3.035505e+00
0.750000 64.225000 3.007199841920e+00 -5.565287425491e-01 3.058263e+00
0.750000 64.250000 2.996061300304e+00 -6.903392374443e-01 3.074565e+00
0.750000 64.275000 2.972310620667e+00 -8.238477631572e-01 3.084373e+00
0.750000 64.300000 2.936104419704e+00 -9.556340914213e-01 3.087709e+00
0.750000 64.325000 2.887776067646e+00 -1.084346142000e+00 3.084649e+00
0.750000 64.350000 2.827812755638e+00 -1.208722797494e+00 3.075311e+00
0.750000 64.375000 2.756829928691e+00 -1.327609752600e+00 3.059846e+00
0.750000 64.400000 2.675545098432e+00 -1.439968306199e+00 3.038429e+00
0.750000 64.425000 2.584752935334e+00 -1.544877567690e+00 3.011245e+00
0.750000 64.450000 2.485303274008e+00 -1.641531043003e+00 2.978482e+00
0.750000 64.475000 2.378083277455e+00 -1.729228952307e+00 2.940325e+00
0.750000 64.500000 2.264004535997e+00 -1.807367883560e+00 2.896946e+00
0.750000 64.525000 2.143995367449e+00 -1.875429490205e+00 2.848500e+00
0.750000 64.550000 2.018998080753e+00 -1.932969897365e+00 2.795125e+00
0.750000 64.575000 1.889970505997e+00 -1.979611300898e+00 2.736942e+00
0.750000 64.600000 1.757890712779e+00 -2.015036949556e+00 2.674052e+00
0.750000 64.625000 1.623763561031e+00 -2.038990321193e+00 2.606547e+00
0.750000 64.650000 1.488627568445e+00 -2.051278872348e+00 2.534513e+00
0.750000 64.675000 1.353560542083e+00 -2.051782290155e+00 2.458035e+00
0.750000 64.700000 1.219682505035e+00 -2.040464738470e+00 2.377209e+00
0.750000 64.725000 1.088154641819e+00 -2.017390194887e+00 2.292148e+00
0.750000 64.750000 9.601732721915e-01 -1.982739645706e+00 2.202996e+00
0.750000 64.775000 8.369582223968e-01 -1.936828660638e+00 2.109930e+00
0.750000 64.800000 7.197353728522e-01 -1.880123721263e+00 2.013178e+00
0.750000 64.825000 6.097135980080e-01 -1.813255635322e+00 1.913020e+00
0.750000 64.850000 5.080567528728e-01 -1.737028435864e+00 1.809804e+00
0.750000 64.875000 4.158517767587e-01 -1.652422338815e+00 1.703946e+00
0.750000 64.900000 3.340743538116e-01 -1.560589608101e+00 1.595947e+00
0.750000 64.925000 2.635538685989e-01 -1.462842542927e+00 1.486395e+00
0.750000 64.950000 2.049396021284e-01 -1.360633240553e+00 1.375981e+00
0.750000 64.975000 1.586702110146e-01 -1.255525278360e+00 1.265512e+00
0.750000 65.000000 1.249485065984e-01 -1.149157974285e+00 1.155931e+00
0.750000 65.025000 1.037233943726e-01 -1.043204394340e+00 1.048348e+00
0.750000 65.050000 9.468054758136e-02 -9.393247461471e-01 9.440844e-01
0.750000 65.075000 9.724298174347e-02 -8.391171944029e-01 8.447330e-01
0.750000 65.100000 1.105821880076e-01 -7.440684255768e-01 7.522408e-01
0.750000 65.125000 1.336399007311e-01 -6.555064478900e-01 6.689905e-01
0.750000 65.150000 1.651599544153e-01 -5.745581190321e-01 5.978251e-01
0.750000 65.175000 2.037290686606e-01 -5.021137389455e-01 5.418706e-01
0.750000 65.200000 2.478248311333e-01 -4.388007309270e-01 5.039476e-01
0.750000 65.225000 2.958686704476e-01 -3.849679766253e-01 4.855292e-01
0.750000 65.250000 3.462812610403e-01 -3.406817966626e-01 4.857724e-01
0.750000 65.275000 3.975376095009e-01 -3.057339163615e-01 5.015071e-01
0.750000 65.300000 4.482190536283e-01 -2.796610705639e-01 5.283092e-01
0.750000 65.325000 4.970595653876e-01 -2.617752314463e-01 5.617780e-01
0.750000 65.350000 5.429840763771e-01 -2.512028365273e-01 5.982763e-01
0.750000 65.375000 5.851370155630e-01 -2.469308935879e-01 6.351064e-01
0.750000 65.400000 6.228998288920e-01 -2.478574790301e-01 6.704010e-01
0.750000 65.425000 6.558968961360e-01 -2.528439485771e-01 7.029444e-01
0.750000 65.450000 6.839899253067e-01 -2.607661530803e-01 7.320118e-01
0.750000 65.475000 7.072615430044e-01 -2.705620928100e-01 7.572468e-01
0.750000 65.500000 7.259893683997e-01 -2.812737337401e-01 7.785727e-01
0.750000 65.525000 7.406123253208e-01 -2.920811215555e-01 7.961269e-01
0.750000 65.550000 7.516912873832e-01 -3.023274289833e-01 8.102109e-01
0.750000 65.575000 7.598663527782e-01 -3.115341217675e-01 8.212493e-01
0.750000 65.600000 7.658131068276e-01 -3.194059905576e-01 8.297529e-01
0.750000 65.625000 7.702001601203e-01 -3.258263359407e-01 8.362841e-01
0.750000 65.650000 7.736500640385e-01 -3.308430832905e-01 8.414223e-01
0.750000 65.675000 7.767054248818e-01 -3.346470216700e-01 8.457304e-01
0.750000 65.700000 7.798016861233e-01 -3.375436927347e-01 8.497214e-01
0.750000 65.725000 7.832476490746e-01 -3.399206944352e-01 8.538284e-01
0.750000 65.750000 7.872143771337e-01 -3.422123088692e-01 8.583797e-01
0.750000 65.775000 7.917326967524e-01 -3.448634165010e-01 8.635806e-01
0.750000 65.800000 7.966990851872e-01 -3.482946250982e-01 8.695048e-01
0.750000 65.825000 8.018893343040e-01 -3.528704271702e-01 8.760959e-01
0.750000 65.850000 8.069790127904e-01 -3.588720106464e-01 8.831785e-01
0.750000 65.875000 8.115694270410e-01 -3.664760903975e-01 8.904772e-01
0.750000 65.900000 8.152175148420e-01 -3.757408098722e-01 8.976418e-01
0.750000 65.925000 8.174679074920e-01 -3.865993910679e-01 9.042748e-01
0.750000 65.950000 8.178852772144e-01 -3.988617984040e-01 9.099599e-01
0.750000 65.975000 8.160850591611e-01 -4.122242426760e-01 9.142886e-01
0.750000 66.000000 8.117607103644e-01 -4.262859043309e-01 9.168834e-01
0.750000 66.025000 8.047058471437e-01 -4.405718242989e-01 9.174176e-01
0.750000 66.050000 7.948298871427e-01 -4.545605223472e-01 9.156308e-01
0.750000 66.075000 7.821662042484e-01 -4.677145857618e-01 9.113402e-01
0.750000 66.100000 7.668722672410e-01 -4.795122525101e-01 9.044474e-01
0.750000 66.125000 7.492217505815e-01 -4.894779163279e-01 8.949424e-01
0.750000 66.150000 7.295891449393e-01 -4.972095227878e-01 8.829030e-01
0.750000 66.175000 7.084279170138e-01 -5.024010119646e-01 8.684912e-01
0.750000 66.200000 6.862437316658e-01 -5.048582896453e-01 8.519462e-01
0.750000 66.225000 6.635646145344e-01 -5.045076573896e-01 8.335742e-01
0.750000 66.250000 6.409101659496e-01 -5.013961722391e-01 8.137346e-01
0.750000 66.275000 6.187620123207e-01 -4.956839994072e-01 7.928235e-01
0.750000 66.300000 5.975375871936e-01 -4.876294187465e-01 7.712546e-01
0.750000 66.325000 5.775690734402e-01 -4.775676982594e-01 7.494377e-01
0.750000 66.350000 5.590889284515e-01 -4.658855074347e-01 7.277566e-01
0.750000 66.375000 5.422228878576e-01 -4.529928685939e-01 7.065467e-01
0.750000 66.400000 5.269907439665e-01 -4.392948056846e-01 6.860752e-01
0.750000 66.425000 5.133145742701e-01 -4.251648314625e-01 6.665261e-01
0.750000 66.450000 5.010335073713e-01 -4.109222165522e-01 6.479905e-01
0.750000 66.475000 4.899236104728e-01 -3.968146248536e-01 6.304657e-01
0.750000 66.500000 4.797211085488e-01 -3.830072117467e-01 6.138623e-01
0.750000 66.525000 4.701469329322e-01 -3.695787092265e-01 5.980189e-01
0.750000 66.550000 4.609305635317e-01 -3.565244179874e-01 5.827235e-01
0.750000 66.575000 4.518312746041e-01 -3.437654457615e-01 5.677378e-01
0.750000 66.600000 4.426552023992e-01 -3.311630263986e-01 5.528224e-01
0.750000 66.625000 4.332670923972e-01 -3.185363699138e-01 5.377600e-01
0.750000 66.650000 4.235961106710e-01 -3.056822626195e-01 5.223747e-01
0.750000 66.675000 4.136356670088e-01 -2.923945759640e-01 5.065462e-01
0.750000 66.700000 4.034377433156e-01 -2.784819537211e-01 4.902185e-01
0.750000 66.725000 3.931026987480e-01 -2.637822142401e-01 4.734034e-01
0.750000 66.750000 3.827658900435e-01 -2.481723975568e-01 4.561790e-01
0.750000 66.775000 3.725826702800e-01 -2.315738649630e-01 4.386847e-01
0.750000 66.800000 3.627133950359e-01 -2.139523727538e-01 4.211136e-01
0.750000 66.825000 3.533099705893e-01 -1.953135417782e-01 4.037020e-01
0.750000 66.850000 3.445052388057e-01 -1.756945823364e-01 3.867201e-01
0.750000 66.875000 3.364061358668e-01 -1.551534694592e-01 3.704615e-01
0.750000 66.900000 3.290911256908e-01 -1.337569673387e-01 3.552350e-01
0.750000 66.925000 3.226119390957e-01 -1.115689579348e-01 3.413592e-01
0.750000 66.950000 3.169991937664e-01 -8.864043667403e-02 3.291590e-01
0.750000 66.975000 3.122710725581e-01 -6.500231134607e-02 3.189648e-01
0.750000 67.000000 3.084439363419e-01 -4.066180527059e-02 3.111126e-01
0.750000 67.025000 3.055435697588e-01 -1.560285903323e-02 3.059417e-01
0.750000 67.050000 3.036157183117e-01 1.020951080770e-02 3.037873e-01
0.750000 67.075000 3.027346735952e-01 3.682135816309e-02 3.049657e-01
0.750000 67.100000 3.030088867951e-01 6.427928433398e-02 3.097519e-01
0.750000 67.125000 3.045829133464e-01 9.261834134787e-02 3.183534e-01
0.750000 67.150000 3.076353788602e-01 1.218496103720e-01 3.308880e-01
0.750000 67.175000 3.123730673803e-01 1.519487258053e-01 3.473692e-01
0.750000 67.200000 3.190216253153e-01 1.828465073648e-01 3.677059e-01
0.750000 67.225000 3.278137083129e-01 2.144226377586e-01 3.917128e-01
0.750000 67.250000 3.389756408192e-01 2.465030078120e-01 4.191279e-01
0.750000 67.275000 3.527137859622e-01 2.788609785575e-01 4.496337e-01
0.750000 67.300000 3.692018257741e-01 3.112224204926e-01 4.828762e-01
0.750000 67.325000 3.885700308896e-01 3.432740247997e-01 5.184821e-01
0.750000 67.350000 4.108973698535e-01 3.746740775610e-01 5.560731e-01
0.750000 67.375000 4.362069973320e-01 4.050646766377e-01 5.952764e-01
0.750000 67.400000 4.644653024681e-01 4.340842724489e-01 6.357336e-01
0.750000 67.425000 4.955843325450e-01 4.613794366028e-01 6.771077e-01
0.750000 67.450000 5.294270725967e-01 4.866149013105e-01 7.190877e-01
0.750000 67.475000 5.658147942968e-01 5.094811503326e-01 7.613918e-01
0.750000 67.500000 6.045355153047e-01 5.296991509161e-01 8.037689e-01
0.750000 67.525000 6.453525504318e-01 5.470221603440e-01 8.459983e-01
0.750000 67.550000 6.880121931327e-01 5.612348814234e-01 8.878882e-01
0.750000 67.575000 7.322497315077e-01 5.721505403194e-01 9.292717e-01
0.750000 67.600000 7.777932568292e-01 5.796066844847e-01 9.700032e-01
0.750000 67.625000 8.243650344566e-01 5.834606236180e-01 1.009952e+00
0.750000 67.650000 8.716805405703e-01 5.835854494986e-01 1.048999e+00
0.750000 67.675000 9.194455849567e-01 5.798674709371e-01 1.087026e+00
0.750000 67.700000 9.673522038603e-01 5.722057003090e-01 1.123917e+00
0.750000 67.725000 1.015074187728e+00 5.605137518598e-01 1.159548e+00
0.750000 67.750000 1.062263186154e+00 5.447241912353e-01 1.193787e+00
0.750000 67.775000 1.108546297971e+00 5.247950473546e-01 1.226493e+00
0.750000 67.800000 1.153525912335e+00 5.007178991752e-01 1.257514e+00
0.750000 67.825000 1.196782333076e+00 4.725267148105e-01 1.286689e+00
0.750000 67.850000 1.237879419616e+00 4.403064751619e-01 1.313855e+00
0.750000 67.875000 1.276373146820e+00 4.042005747791e-01 1.338845e+00
0.750000 67.900000 1.311822659347e+00 3.644160632702e-01 1.361498e+00
0.750000 67.925000 1.343803108988e+00 3.212259633835e-01 1.381663e+00
0.750000 67.950000 1.371919346532e+00 2.749681580607e-01 1.399203e+00
0.750000 67.975000 1.395819415460e+00 2.260406509093e-01 1.414004e+00
0.750000 68.000000 1.415206775390e+00 1.748933398718e-01 1.425973e+00
0.750000 68.025000 1.429850269712e+00 1.220167679346e-01 1.435047e+00
0.750000 68.050000 1.439591034199e+00 6.792859511938e-02 1.441193e+00
0.750000 68.075000 1.444345802270e+00 1.315874571921e-02 1.444406e+00
0.750000 68.100000 1.444106371455e+00 -4.176569528551e-02 1.444710e+00
0.750000 68.125000 1.438935324193e+00 -9.633474206037e-02 1.442156e+00
0.750000 68.150000 1.428958413290e+00 -1.500679077824e-01 1.436817e+00
0.750000 68.175000 1.414354299529e+00 -2.025238960456e-01 1.428781e+00
0.750000 68.200000 1.395342542482e+00 -2.533069750413e-01 1.418149e+00
0.750000 68.225000 1.372170878674e+00 -3.020697145963e-01 1.405026e+00
0.750000 68.250000 1.345102865009e+00 -3.485120781981e-01 1.389519e+00
0.750000 68.275000 1.314406918791e+00 -3.923771709777e-01 1.371724e+00
0.750000 68.300000 1.280347654913e+00 -4.334442256151e-01 1.351726e+00
0.750000 68.325000 1.243180218390e+00 -4.715196402220e-01 1.329597e+00
0.750000 68.350000 1.203148053017e+00 -5.064270490504e-01 1.305386e+00
0.750000 68.375000 1.160484254413e+00 -5.379974974605e-01 1.279127e+00
0.750000 68.400000 1.115416349096e+00 -5.660608014286e-01 1.250831e+00
0.750000 68.425000 1.068174041574e+00 -5.904390987091e-01 1.220497e+00
0.750000 68.450000 1.018999198930e+00 -6.109434480917e-01 1.188112e+00
0.750000 68.475000 9.681571152104e-01 -6.273741136518e-01 1.153658e+00
0.750000 68.500000 9.159479323306e-01 -6.395248949539e-01 1.117118e+00
0.750000 68.525000 8.627170031268e-01 -6.471915475012e-01 1.078489e+00
0.750000 68.550000 8.088629755541e-01 -6.501839989906e-01 1.037785e+00
0.750000 68.575000 7.548424604891e-01 -6.483417272181e-01 9.950548e-01
0.750000 68.600000 7.011703201001e-01 -6.415513477488e-01 9.503831e-01
0.750000 68.625000 6.484148746067e-01 -6.297651876031e-01 9.039060e-01
0.750000 68.650000 5.971876615541e-01 -6.130194187151e-01 8.558189e-01
0.750000 68.675000 5.481277758977e-01 -5.914502132361e-01 8.063854e-01
0.750000 68.700000 5.018812472046e-01 -5.653063791763e-01 7.559471e-01
0.750000 68.725000 4.590763424381e-01 -5.349570505149e-01 7.049327e-01
0.750000 68.750000 4.202960853925e-01 -5.008932434955e-01 6.538676e-01
0.750000 68.775000 3.860496215696e-01 -4.637224433476e-01 6.033845e-01
0.750000 68.800000 3.567442962533e-01 -4.241558352996e-01 5.542334e-01
0.750000 68.825000 3.326604247463e-01 -3.829883122399e-01 5.072899e-01
0.750000 68.850000 3.139306965472e-01 -3.410719413162e-01 4.635543e-01
0.750000 68.875000 3.005259603946e-01 -2.992841091803e-01 4.241307e-01
0.750000 68.900000 2.922487889023e-01 -2.584920436623e-01 3.901634e-01
0.750000 68.925000 2.887357387831e-01 -2.195157830380e-01 3.627058e-01
0.750000 68.950000 2.894686381780e-01 -1.830918936171e-01 3.425124e-01
0.750000 68.975000 2.937945909427e-01 -1.498402936826e-01 3.297990e-01
0.750000 69.000000 3.009537416317e-01 -1.202364127759e-01 3.240832e-01
0.750000 69.025000 3.101132504075e-01 -9.459060259775e-02 3.242185e-01
0.750000 69.050000 3.204054381081e-01 -7.303623949174e-02 3.286243e-01
0.750000 69.075000 3.309677243368e-01 -5.552735494113e-02 3.355934e-01
0.750000 69.100000 3.409818290644e-01 -4.184594936127e-02 3.435399e-01
0.750000 69.125000 3.497097575607e-01 -3.161844397236e-02 3.511362e-01
0.750000 69.150000 3.565243374559e-01 -2.434006691790e-02 3.573542e-01
0.750000 69.175000 3.609325043501e-01 -1.940541107948e-02 3.614538e-01
0.750000 69.200000 3.625901005986e-01 -1.614299108584e-02 3.629493e-01
0.750000 69.225000 3.613076093329e-01 -1.385140051257e-02 3.615730e-01
0.750000 69.250000 3.570469330520e-01 -1.183464420490e-02 3.572430e-01
0.750000 69.275000 3.499099818732e-01 -9.434392742800e-03 3.500371e-01
0.750000 69.300000 3.401204037339e-01 -6.057255241281e-03 3.401743e-01
0.750000 69.325000 3.280002204587e-01 -1.195655667303e-03 3.280024e-01
0.750000 69.350000 3.139433971094e-01 5.558522620299e-03 3.139926e-01
0.750000 69.375000 2.983884521910e-01 1.450774517044e-02 2.987409e-01
0.750000 69.400000 2.817921159367e-01 2.584971619991e-02 2.829753e-01
0.750000 69.425000 2.646057828710e-01 3.968445916670e-02 2.675651e-01
0.750000 69.450000 2.472561169255e-01 5.602629282583e-02 2.535242e-01
0.750000 69.475000 2.301306961167e-01 7.481914520250e-02 2.419877e-01
0.750000 69.500000 2.135690773840e-01 9.595354063169e-02 2.341342e-01
0.750000 69.525000 1.978591683964e-01 1.192836397318e-01 2.310343e-01
0.750000 69.550000 1.832383545235e-01 1.446428921155e-01 2.334478e-01
0.750000 69.575000 1.698984794618e-01 1.718571490932e-01 2.416617e-01
0.750000 69.600000 1.579935396496e-01 2.007544437592e-01 2.554688e-01
0.750000 69.625000 1.476488358752e-01 2.311710408172e-01 2.742995e-01
0.750000 69.650000 1.389703289247e-01 2.629537513593e-01 2.974179e-01
0.750000 69.675000 1.320530581821e-01 2.959588657853e-01 3.240828e-01
0.750000 69.700000 1.269876835158e-01 3.300483549369e-01 3.536351e-01
0.750000 69.725000 1.238644773854e-01 3.650842069523e-01 3.855242e-01
0.750000 69.750000 1.227743995011e-01 4.009218950780e-01 4.192993e-01
0.750000 69.775000 1.238072043586e-01 4.374040070786e-01 4.545883e-01
0.750000 69.800000 1.270468383288e-01 4.743550137822e-01 4.910739e-01
0.750000 69.825000 1.325646565661e-01 5.115780216556e-01 5.284747e-01
0.750000 69.850000 1.404112133497e-01 5.488541548870e-01 5.665300e-01
0.750000 69.875000 1.506075389075e-01 5.859449617504e-01 6.049910e-01
0.750000 69.900000 1.631369013602e-01 6.225979554506e-01 6.436162e-01
0.750000 69.925000 1.779380579156e-01 6.585551001507e-01 6.821706e-01
0.750000 69.950000 1.949009224355e-01 6.935637584948e-01 7.204284e-01
0.750000 69.975000 2.138654188313e-01 7.273893485836e-01 7.581779e-01
0.750000 70.000000 2.346240580640e-01 7.598287371111e-01 7.952284e-01
0.750000 70.025000 2.569284829702e-01 7.907232414883e-01 8.314178e-01
0.750000 70.050000 2.804998876597e-01 8.199700452382e-01 8.666205e-01
0.750000 70.075000 3.050428606207e-01 8.475308614228e-01 9.007551e-01
0.750000 70.100000 3.302618516254e-01 8.734368156885e-01 9.337905e-01
0.750000 70.125000 3.558791540519e-01 8.977887625647e-01 9.657508e-01
0.750000 70.150000 3.816530589431e-01 9.207525848158e-01 9.967168e-01
0.750000 70.175000 4.073947049505e-01 9.425494341495e-01 1.026825e+00
0.750000 70.200000 4.329821427849e-01 9.634413205204e-01 1.056264e+00
0.750000 70.225000 4.583702673401e-01 9.837129065524e-01 1.085262e+00
0.750000 70.250000 4.835955456058e-01 1.003650768256e+00 1.114082e+00
0.750000 70.275000 5.087748691919e-01 1.023521697924e+00 1.143000e+00
0.750000 70.300000 5.340983569081e-01 1.043551809318e+00 1.172289e+00
0.750000 70.325000 5.598164819692e-01 1.063908228632e+00 1.202204e+00
0.750000 70.350000 5.862224466582e-01 1.084685001712e+00 1.232963e+00
0.750000 70.375000 6.136312165379e-01 1.105894521185e+00 1.264732e+00
0.750000 70.400000 6.423570000727e-01 1.127465298914e+00 1.297613e+00
0.750000 70.425000 6.726911697818e-01 1.149246320497e+00 1.331646e+00
0.750000 70.450000 7.048826345920e-01 1.171017576069e+00 1.366800e+00
0.750000 70.475000 7.391224766260e-01 1.192505732054e+00 1.402987e+00
0.750000 70.500000 7.755342688811e-01 1.213403361202e+00 1.440070e+00
0.750000 70.525000 8.141709260870e-01 1.233389747830e+00 1.477878e+00
0.750000 70.550000 8.550182633009e-01 1.252151082895e+00 1.516225e+00
0.750000 70.575000 8.980047150540e-01 1.269397891058e+00 1.554922e+00
0.750000 70.600000 9.430159800391e-01 1.284877796341e+00 1.593797e+00
0.750000 70.625000 9.899127800034e-01 1.298382214806e+00 1.632704e+00
0.750000 70.650000 1.038549524856e+00 1.309746217078e+00 1.671532e+00
0.750000 70.675000 1.088791509474e+00 1.318841564539e+00 1.710208e+00
0.750000 70.700000 1.140528357600e+00 1.325563710313e+00 1.748692e+00
0.750000 70.725000 1.193681772984e+00 1.329814284298e+00 1.786976e+00
0.750000 70.750000 1.248206227484e+00 1.331481169119e+00 1.825065e+00
0.750000 70.775000 1.304081954727e+00 1.330418653439e+00 1.862966e+00
0.750000 70.800000 1.361300450822e+00 1.326430274684e+00 1.900673e+00
0.750000 70.825000 1.419843524068e+00 1.319256815905e+00 1.938142e+00
0.750000 70.850000 1.479657695268e+00 1.308571511624e+00 1.975284e+00
0.750000 70.875000 1.540626349166e+00 1.293983883720e+00 2.011945e+00
0.750000 70.900000 1.602542412423e+00 1.275052832868e+00 2.047902e+00
0.750000 70.925000 1.665084445288e+00 1.251308732969e+00 2.082854e+00
0.750000 70.950000 1.727798870840e+00 1.222283401820e+00 2.116428e+00
0.750000 70.975000 1.790090644169e+00 1.187546036233e+00 2.148183e+00
0.750000 71.000000 1.851224026273e+00 1.146742577640e+00 2.177625e+00
0.750000 71.025000 1.910334336366e+00 1.099635570759e+00 2.204218e+00
0.750000 71.050000 1.966450686868e+00 1.046141425304e+00 2.227407e+00
0.750000 71.075000 2.018528836906e+00 9.863620956824e-01 2.246635e+00
0.750000 71.100000 2.065492507825e+00 9.206085381096e-01 2.261367e+00
0.750000 71.125000 2.106280851066e+00 8.494138497534e-01 2.271106e+00
0.750000 71.150000 2.139899291160e+00 7.735346858862e-01 2.275418e+00
0.750000 71.175000 2.165470710203e+00 6.939403261607e-01 2.273943e+00
0.750000 71.200000 2.182283900488e+00 6.117895560358e-01 2.266418e+00
0.750000 71.225000 2.189836375746e+00 5.283962855258e-01 2.252684e+00
0.750000 71.250000 2.187868970841e+00 4.451854964593e-01 2.232703e+00
0.750000 71.275000 2.176390137522e+00 3.636416561442e-01 2.206561e+00
0.750000 71.300000 2.155688418213e+00 2.852521387683e-01 2.174480e+00
0.750000 71.325000 2.126332210116e+00 2.114484480186e-01 2.136820e+00
0.750000 71.350000 2.089156581269e+00 1.435481378708e-01 2.094082e+00
0.750000 71.375000 2.045237538554e+00 8.270029290971e-02 2.046909e+00
0.750000 71.400000 1.995854751497e+00 2.983726819336e-02 1.996078e+00
0.750000 71.425000 1.942444287661e+00 -1.436488447534e-02 1.942497e+00
0.750000 71.450000 1.886543401599e+00 -4.951524913196e-02 1.887193e+00
0.750000 71.475000 1.829729827762e+00 -7.552454227764e-02 1.831288e+00
0.750000 71.500000 1.773558345358e+00 -9.260821604778e-02 1.775975e+00
0.750000 71.525000 1.719497595456e+00 -1.012757135952e-01 1.722478e+00
0.750000 71.550000 1.668870220968e+00 -1.023060763228e-01 1.672003e+00
0.750000 71.575000 1.622799351596e+00 -9.671078643902e-02 1.625679e+00
0.750000 71.600000 1.582164253789e+00 -8.568541371300e-02 1.584483e+00
0.750000 71.625000 1.547567601230e+00 -7.055228633577e-02 1.549175e+00
0.750000 71.650000 1.519316294893e+00 -5.269698029592e-02 1.520230e+00
0.750000 71.675000 1.497417086606e+00 -3.350187431544e-02 1.497792e+00
0.750000 71.700000 1.481587464037e+00 -1.428030415621e-02 1.481656e+00
0.750000 71.725000 1.471281380964e+00 3.785066349795e-03 1.471286e+00
0.750000 71.750000 1.465728520095e+00 1.969618509611e-02 1.465861e+00
0.750000 71.775000 1.463984921384e+00 3.268277154647e-02 1.464350e+00
0.750000 71.800000 1.464992064411e+00 4.223221249755e-02 1.465601e+00
0.750000 71.825000 1.467640923373e+00 4.810450820067e-02 1.468429e+00
0.750000 71.850000 1.470837170763e+00 5.033152093823e-02 1.471698e+00
0.750000 71.875000 1.473563627178e+00 4.920078613979e-02 1.474385e+00
0.750000 71.900000 1.474936253675e+00 4.522514596653e-02 1.475629e+00
0.750000 71.925000 1.474250448841e+00 3.910037639688e-02 1.474769e+00
0.750000 71.950000 1.471015109726e+00 3.165372677437e-02 1.471356e+00
0.750000 71.975000 1.464972786763e+00 2.378681510679e-02 1.465166e+00
0.750000 72.000000 1.456105234689e+00 1.641658314518e-02 1.456198e+00
0.750000 72.025000 1.444624652456e+00 1.041799706945e-02 1.444662e+00
0.750000 72.050000 1.430951833324e+00 6.571893138327e-03 1.430967e+00
0.750000 72.075000 1.415683238508e+00 5.520848038892e-03 1.415694e+00
0.750000 72.100000 1.399549606070e+00 7.735256106044e-03 1.399571e+00
0.750000 72.125000 1.383369074817e+00 1.349098883488e-02 1.383435e+00
0.750000 72.150000 1.367997928081e+00 2.285917061503e-02 1.368189e+00
0.750000 72.175000 1.354281955559e+00 3.570780029412e-02 1.354753e+00
0.750000 72.200000 1.343011124829e+00 5.171424297963e-02 1.344006e+00
0.750000 72.225000 1.334879795386e+00 7.038705654051e-02 1.336734e+00
0.750000 72.250000 1.330454153662e+00 9.109522941638e-02 1.333569e+00
0.750000 72.275000 1.330147955915e+00 1.131026971706e-01 1.334948e+00
0.750000 72.300000 1.334207090278e+00 1.356059628415e-01 1.341081e+00
0.750000 72.325000 1.342702952520e+00 1.577727439956e-01 1.351941e+00
0.750000 72.350000 1.355534200590e+00 1.787797716302e-01 1.367273e+00
0.750000 72.375000 1.372436124147e+00 1.978481335931e-01 1.386624e+00
0.750000 72.400000 1.392996635887e+00 2.142748513063e-01 1.409380e+00
0.750000 72.425000 1.416677749133e+00 2.274596736591e-01 1.434822e+00
0.750000 72.450000 1.442841331482e+00 2.369263463743e-01 1.462165e+00
0.750000 72.475000 1.470777895694e+00 2.423378602467e-01 1.490609e+00
0.750000 72.500000 1.499737187329e+00 2.435053986190e-01 1.519377e+00
0.750000 72.525000 1.528959340722e+00 2.403909016740e-01 1.547742e+00
0.750000 72.550000 1.557705395500e+00 2.331033543882e-01 1.575050e+00
0.750000 72.575000 1.585285998060e+00 2.218890973824e-01 1.600739e+00
0.750000 72.600000 1.611087165735e+00 2.071166620957e-01 1.624346e+00
0.750000 72.625000 1.634592079283e+00 1.892568433153e-01 1.645512e+00
0.750000 72.650000 1.655398004931e+00 1.688589345892e-01 1.663988e+00
0.750000 72.675000 1.673227639894e+00 1.465242494057e-01 1.679631e+00
0.750000 72.700000 1.687934427049e+00 1.228782119592e-01 1.692401e+00
0.750000 72.725000 1.699501688024e+00 9.854240278733e-02 1.702356e+00
0.750000 72.750000 1.708035762266e+00 7.410796593070e-02 1.709643e+00
0.750000 72.775000 1.713753687154e+00 5.011171127325e-02 1.714486e+00
0.750000 72.800000 1.716966279776e+00 2.701607397587e-02 1.717179e+00
0.750000 72.825000 1.718057751985e+00 5.193829574673e-03 1.718066e+00
0.750000 72.850000 1.717463177311e+00 -1.508187247261e-02 1.717529e+00
0.750000 72.875000 1.715645209341e+00 -3.364197295460e-02 1.715975e+00
0.750000 72.900000 1.713071415651e+00 -5.042066677133e-02 1.713813e+00
0.750000 72.925000 1.710193441830e+00 -6.544982254209e-02 1.711445e+00
0.750000 72.950000 1.707428972754e+00 -7.884950024883e-02 1.709249e+00
0.750000 72.975000 1.705147141154e+00 -9.081559910598e-02 1.707564e+00
0.750000 73.000000 1.703657683021e+00 -1.016057443254e-01 1.706685e+00
0.750000 73.025000 1.703203796086e+00 -1.115244812369e-01 1.706851e+00
0.750000 73.050000 1.703958360100e+00 -1.209086995301e-01 1.708243e+00
0.750000 73.075000 1.706022958445e+00 -1.301139832648e-01 1.710977e+00
0.750000 73.100000 1.709429020997e+00 -1.395023075915e-01 1.715112e+00
0.750000 73.125000 1.714140396152e+00 -1.494312196645e-01 1.720641e+00
0.750000 73.150000 1.720056748889e+00 -1.602443877996e-01 1.727505e+00
0.750000 73.175000 1.727017351800e+00 -1.722632127953e-01 1.735587e+00
0.750000 73.200000 1.734805056920e+00 -1.857790921629e-01 1.744724e+00
0.750000 73.225000 1.743150471665e+00 -2.010459224910e-01 1.754706e+00
0.750000 73.250000 1.751736574803e+00 -2.182725142215e-01 1.765283e+00
0.750000 73.275000 1.760204165220e+00 -2.376147602911e-01 1.776170e+00
0.750000 73.300000 1.768158612485e+00 -2.591676183816e-01 1.787051e+00
0.750000 73.325000 1.775178361138e+00 -2.829572021531e-01 1.797588e+00
0.750000 73.350000 1.780825530489e+00 -3.089334940547e-01 1.807423e+00
0.750000 73.375000 1.784658761542e+00 -3.369643582908e-01 1.816192e+00
0.750000 73.400000 1.786248216239e+00 -3.668316216588e-01 1.823526e+00
0.750000 73.425000 1.785192362503e+00 -3.982299870417e-01 1.829070e+00
0.750000 73.450000 1.781135915402e+00 -4.307694461654e-01 1.832487e+00
0.750000 73.475000 1.773788082329e+00 -4.639816737019e-01 1.833468e+00
0.750000 73.500000 1.762940105213e+00 -4.973306330942e-01 1.831747e+00
0.750000 73.525000 1.748481022974e+00 -5.302273323226e-01 1.827109e+00
0.750000 73.550000 1.730410600377e+00 -5.620483655752e-01 1.819401e+00
0.750000 73.575000 1.708848481450e+00 -5.921575945978e-01 1.808539e+00
0.750000 73.600000 1.684038813898e+00 -6.199300875046e-01 1.794519e+00
0.750000 73.625000 1.656349835163e+00 -6.447772625409e-01 1.777423e+00
0.750000 73.650000 1.626268186611e+00 -6.661720905834e-01 1.757422e+00
0.750000 73.675000 1.594388004634e+00 -6.836731951170e-01 1.734786e+00
0.750000 73.700000 1.561395103378e+00 -6.969467459792e-01 1.709880e+00
0.750000 73.725000 1.528046795052e+00 -7.057851609520e-01 1.683170e+00
0.750000 73.750000 1.495148078618e+00 -7.101217910375e-01 1.655216e+00
0.750000 73.775000 1.463525060432e+00 -7.100409534666e-01 1.626673e+00
0.750000 73.800000 1.433996552121e+00 -7.057828747451e-01 1.598273e+00
0.750000 73.825000 1.407344826814e+00 -6.977433009919e-01 1.570817e+00
0.750000 73.850000 1.384286513274e+00 -6.864677151239e-01 1.545150e+00
0.750000 73.875000 1.365444577680e+00 -6.726402652158e-01 1.522131e+00
0.750000 73.900000 1.351322293421e+00 -6.570676544960e-01 1.502601e+00
0.750000 73.925000 1.342280036711e+00 -6.406583727214e-01 1.487333e+00
0.750000 73.950000 1.338515674228e+00 -6.243977643084e-01 1.476989e+00
0.750000 73.975000 1.340049229433e+00 -6.093195339567e-01 1.472074e+00
0.750000 74.000000 1.346712426265e+00 -5.964743880033e-01 1.472894e+00
0.750000 74.025000 1.358143610373e+00 -5.868966001734e-01 1.479528e+00
0.750000 74.050000 1.373788436965e+00 -5.815693727842e-01 1.491817e+00
0.750000 74.075000 1.392906589088e+00 -5.813899362845e-01 1.509372e+00
0.750000 74.100000 1.414584650502e+00 -5.871353878645e-01 1.531593e+00
0.750000 74.125000 1.437755104118e+00 -5.994303100796e-01 1.557709e+00
0.750000 74.150000 1.461221262552e+00 -6.187172297267e-01 1.586814e+00
0.750000 74.175000 1.483687764476e+00 -6.452309730677e-01 1.617916e+00
0.750000 74.200000 1.503796092132e+00 -6.789779441455e-01 1.649974e+00
0.750000 74.225000 1.520164384355e+00 -7.197212970669e-01 1.681933e+00
0.750000 74.250000 1.531430638108e+00 -7.669728893049e-01 1.712754e+00
0.750000 74.275000 1.536298211998e+00 -8.199927891807e-01 1.741436e+00
0.750000 74.300000 1.533582370412e+00 -8.777969634846e-01 1.767032e+00
0.750000 74.325000 1.522256440939e+00 -9.391735863423e-01 1.788662e+00
0.750000 74.350000 1.501496007670e+00 -1.002708183007e+00 1.805523e+00
0.750000 74.375000 1.470719438955e+00 -1.066817547923e+00 1.816897e+00
0.750000 74.400000 1.429622964409e+00 -1.129792053058e+00 1.822156e+00
0.750000 74.425000 1.378208489876e+00 -1.189845592270e+00 1.820767e+00
0.750000 74.450000 1.316802390183e+00 -1.245171998521e+00 1.812297e+00
0.750000 74.475000 1.246063667343e+00 -1.294006338998e+00 1.796421e+00
0.750000 74.500000 1.166980122787e+00 -1.334689062536e+00 1.772918e+00
0.750000 74.525000 1.080851576221e+00 -1.365730576088e+00 1.741683e+00
0.750000 74.550000 9.892596712129e-01 -1.385873499806e+00 1.702727e+00
0.750000 74.575000 8.940244267937e-01 -1.394149633999e+00 1.656180e+00
0.750000 74.600000 7.971483995108e-01 -1.389928604472e+00 1.602294e+00
0.750000 74.625000 7.007500721886e-01 -1.372955267788e+00 1.541446e+00
0.750000 74.650000 6.069888329690e-01 -1.343373275656e+00 1.474139e+00
0.750000 74.675000 5.179845916841e-01 -1.301732723008e+00 1.401005e+00
0.750000 74.700000 4.357356380509e-01 -1.248980523720e+00 1.322807e+00
0.750000 74.725000 3.620387188005e-01 -1.186433037832e+00 1.240442e+00
0.750000 74.750000 2.984154499323e-01 -1.115731462327e+00 1.154950e+00
0.750000 74.775000 2.460490534175e-01 -1.038781526377e+00 1.067524e+00
0.750000 74.800000 2.057350036021e-01 -9.576800242647e-01 9.795294e-01
0.750000 74.825000 1.778485001346e-01 -8.746315947100e-01 8.925304e-01
0.750000 74.850000 1.623307887702e-01 -7.918598395491e-01 8.083275e-01
0.750000 74.875000 1.586952883613e-01 -7.115173056741e-01 7.290000e-01
0.750000 74.900000 1.660533284686e-01 -6.355989901277e-01 6.569321e-01
0.750000 74.925000 1.831581443769e-01 -5.658638519709e-01 5.947679e-01
0.750000 74.950000 2.084647038816e-01 -5.037683358650e-01 5.451973e-01
0.750000 74.975000 2.402020353481e-01 -4.504151674733e-01 5.104614e-01
0.750000 75.000000 2.764540567419e-01 -4.065197290904e-01 4.916148e-01
0.750000 75.025000 3.152445168351e-01 -3.723952416906e-01 4.879112e-01
0.750000 75.050000 3.546215734452e-01 -3.479568525956e-01 4.968203e-01
0.750000 75.075000 3.927377434674e-01 -3.327436427044e-01 5.147439e-01
0.750000 75.100000 4.279214345904e-01 -3.259566025497e-01 5.379261e-01
0.750000 75.125000 4.587369570626e-01 -3.265098462560e-01 5.630704e-01
0.750000 75.150000 4.840307492731e-01 -3.330917803957e-01 5.875678e-01
0.750000 75.175000 5.029624598647e-01 -3.442326413414e-01 6.094812e-01
0.750000 75.200000 5.150204390511e-01 -3.583747574397e-01 6.274381e-01
0.750000 75.225000 5.200220382213e-01 -3.739420580454e-01 6.405120e-01
0.750000 75.250000 5.180998487256e-01 -3.894057010763e-01 6.481236e-01
0.750000 75.275000 5.096755938702e-01 -4.033431752492e-01 6.499653e-01
0.750000 75.300000 4.954238065649e-01 -4.144888000832e-01 6.459456e-01
0.750000 75.325000 4.762276794518e-01 -4.217741462734e-01 6.361495e-01
0.750000 75.350000 4.531295789821e-01 -4.243574888885e-01 6.208105e-01
0.750000 75.375000 4.272786932048e-01 -4.216419544777e-01 6.002908e-01
0.750000 75.400000 3.998781625405e-01 -4.132825109221e-01 5.750695e-01
0.750000 75.425000 3.721338506014e-01 -3.991823671980e-01 5.457382e-01
0.750000 75.450000 3.452066711306e-01 -3.794796993362e-01 5.130034e-01
0.750000 75.475000 3.201701138926e-01 -3.545259043555e-01 4.777002e-01
0.750000 75.500000 2.979743166068e-01 -3.248568130656e-01 4.408182e-01
0.750000 75.525000 2.794177156622e-01 -2.911584710445e-01 4.035437e-01
0.750000 75.550000 2.651269758885e-01 -2.542292264818e-01 3.673211e-01
0.750000 75.575000 2.555455490736e-01 -2.149399408206e-01 3.339202e-01
0.750000 75.600000 2.509308448017e-01 -1.741941557913e-01 3.054667e-01
0.750000 75.625000 2.513596230737e-01 -1.328899987547e-01 2.843262e-01
0.750000 75.650000 2.567408498047e-01 -9.188547806947e-02 2.726881e-01
0.750000 75.675000 2.668349134579e-01 -5.196860608688e-02 2.718485e-01
0.750000 75.700000 2.812778078121e-01 -1.383349083342e-02 2.816178e-01
0.750000 75.725000 2.996086676039e-01 2.193683118378e-02 3.004107e-01
0.750000 75.750000 3.212989234775e-01 5.488046933071e-02 3.259522e-01
0.750000 75.775000 3.457813369346e-01 8.465975277874e-02 3.559944e-01
0.750000 75.800000 3.724772915617e-01 1.110578291877e-01 3.886813e-01
0.750000 75.825000 4.008209484590e-01 1.339696975385e-01 4.226172e-01
0.750000 75.850000 4.302792034594e-01 1.533888854203e-01 4.568023e-01
0.750000 75.875000 4.603667818494e-01 1.693911708456e-01 4.905415e-01
0.750000 75.900000 4.906562347008e-01 1.821168105541e-01 5.233642e-01
0.750000 75.925000 5.207830172085e-01 1.917526678085e-01 5.549631e-01
0.750000 75.950000 5.504461922168e-01 1.985154446288e-01 5.851490e-01
0.750000 75.975000 5.794055762684e-01 2.026369416856e-01 6.138180e-01
0.750000 76.000000 6.074763068628e-01 2.043519296857e-01 6.409268e-01
0.750000 76.025000 6.345218480230e-01 2.038888611626e-01 6.664748e-01
0.750000 76.050000 6.604463721534e-01 2.014633238197e-01 6.904903e-01
0.750000 76.075000 6.851872794962e-01 1.972738735712e-01 7.130207e-01
0.750000 76.100000 7.087083740879e-01 1.914997147642e-01 7.341251e-01
0.750000 76.125000 7.309939460642e-01 1.842996306884e-01 7.538690e-01
0.750000 76.150000 7.520437553102e-01 1.758116079860e-01 7.723209e-01
0.750000 76.175000 7.718687076498e-01 1.661527278522e-01 7.895493e-01
0.750000 76.200000 7.904868896780e-01 1.554190866151e-01 8.056206e-01
0.750000 76.225000 8.079195967127e-01 1.436857223001e-01 8.205971e-01
0.750000 76.250000 8.241870500564e-01 1.310067236331e-01 8.345340e-01
0.750000 76.275000 8.393036402022e-01 1.174158485089e-01 8.474769e-01
0.750000 76.300000 8.532727250504e-01 1.029280537153e-01 8.594583e-01
0.750000 76.325000 8.660812220240e-01 8.754232252829e-02 8.704943e-01
0.750000 76.350000 8.776944229194e-01 7.124607201039e-02 8.805813e-01
0.750000 76.375000 8.880515963601e-01 5.402124200020e-02 8.896932e-01
0.750000 76.400000 8.970629988309e-01 3.585193941941e-02 8.977791e-01
0.750000 76.425000 9.046088777723e-01 1.673326909595e-02 9.047636e-01
0.750000 76.450000 9.105409194304e-01 -3.319237032140e-03 9.105470e-01
0.750000 76.475000 9.146863846172e-01 -2.426034238142e-02 9.150081e-01
0.750000 76.500000 9.168549136610e-01 -4.600680803918e-02 9.180085e-01
0.750000 76.525000 9.168477020800e-01 -6.843088293449e-02 9.193979e-01
0.750000 76.550000 9.144684883098e-01 -9.135627078171e-02 9.190204e-01
0.750000 76.575000 9.095355891134e-01 -1.145570581055e-01 9.167215e-01
0.750000 76.600000 9.018940944723e-01 -1.377598228400e-01 9.123545e-01
0.750000 76.625000 8.914273078698e-01 -1.606488515050e-01 9.057873e-01
0.750000 76.650000 8.780665924023e-01 -1.828741116178e-01 8.969080e-01
0.750000 76.675000 8.617989469466e-01 -2.040613896628e-01 8.856289e-01
0.750000 76.700000 8.426718667284e-01 -2.238238415624e-01 8.718905e-01
0.750000 76.725000 8.207953078262e-01 -2.417741294544e-01 8.556633e-01
0.750000 76.750000 7.963408406433e-01 -2.575363401338e-01 8.369490e-01
0.750000 76.775000 7.695383097655e-01 -2.707569881658e-01 8.157809e-01
0.750000 76.800000 7.406704897814e-01 -2.811145804527e-01 7.922236e-01
0.750000 76.825000 7.100663211366e-01 -2.883274309667e-01 7.663726e-01
0.750000 76.850000 6.780933214959e-01 -2.921596327702e-01 7.383548e-01
0.750000 76.875000 6.451497030973e-01 -2.924252887867e-01 7.083295e-01
0.750000 76.900000 6.116566024453e-01 -2.889912480546e-01 6.764908e-01
0.750000 76.925000 5.780506702499e-01 -2.817786743394e-01 6.430722e-01
0.750000 76.950000 5.447771049332e-01 -2.707637838661e-01 6.083544e-01
0.750000 76.975000 5.122830695076e-01 -2.559780345508e-01 5.726768e-01
0.750000 77.000000 4.810113311928e-01 -2.375079460756e-01 5.364531e-01
0.750000 77.025000 4.513939195984e-01 -2.154946008040e-01 5.001944e-01
0.750000 77.050000 4.238456164090e-01 -1.901327451331e-01 4.645380e-01
0.750000 77.075000 3.987571609925e-01 -1.616693034494e-01 4.302839e-01
0.750000 77.100000 3.764881672893e-01 -1.304010515128e-01 3.984316e-01
0.750000 77.125000 3.573598769849e-01 -9.667118416704e-02 3.702045e-01
0.750000 77.150000 3.416479993522e-01 -6.086455593128e-02 3.470272e-01
0.750000 77.175000 3.295759878022e-01 -2.340146527212e-02 3.304058e-01
0.750000 77.200000 3.213091605867e-01 1.527002037205e-02 3.216718e-01
0.750000 77.225000 3.169500790534e-01 5.468306089172e-02 3.216327e-01
0.750000 77.250000 3.165355506729e-01 9.436208875774e-02 3.303013e-01
0.750000 77.275000 3.200355332199e-01 1.338335217934e-01 3.468921e-01
0.750000 77.300000 3.273540950043e-01 1.726366924091e-01 3.700867e-01
0.750000 77.325000 3.383324518027e-01 2.103345190626e-01 3.983836e-01
0.750000 77.350000 3.527539726621e-01 2.465234682127e-01 4.303594e-01
0.750000 77.375000 3.703509400312e-01 2.808424152747e-01 4.647927e-01
0.750000 77.400000 3.908127755581e-01 3.129800977446e-01 5.006907e-01
0.750000 77.425000 4.137954054138e-01 3.426809467895e-01 5.372680e-01
0.750000 77.450000 4.389314350832e-01 3.697491696727e-01 5.739122e-01
0.750000 77.475000 4.658408239490e-01 3.940510223173e-01 6.101507e-01
0.750000 77.500000 4.941417813806e-01 4.155152526403e-01 6.456230e-01
0.750000 77.525000 5.234616338839e-01 4.341317114523e-01 6.800606e-01
0.750000 77.550000 5.534474245638e-01 4.499481258305e-01 7.132723e-01
0.750000 77.575000 5.837759937489e-01 4.630650223992e-01 7.451333e-01
0.750000 77.600000 6.141632518560e-01 4.736287901511e-01 7.755777e-01
0.750000 77.625000 6.443722986350e-01 4.818228992736e-01 8.045924e-01
0.750000 77.650000 6.742199798479e-01 4.878573552693e-01 8.322123e-01
0.750000 77.675000 7.035814212277e-01 4.919565714771e-01 8.585150e-01
0.750000 77.700000 7.323920601685e-01 4.943459846856e-01 8.836153e-01
0.750000 77.725000 7.606467264137e-01 4.952379059288e-01 9.076585e-01
0.750000 77.750000 7.883954172478e-01 4.948172720485e-01 9.308123e-01
0.750000 77.775000 8.157355753626e-01 4.932281181251e-01 9.532568e-01
0.750000 77.800000 8.428009036067e-01 4.905616993827e-01 9.751739e-01
0.750000 77.825000 8.697470245746e-01 4.868472288332e-01 9.967347e-01
0.750000 77.850000 8.967345894688e-01 4.820461450545e-01 1.018087e+00
0.750000 77.875000 9.239107280505e-01 4.760506740604e-01 1.039344e+00
0.750000 77.900000 9.513899752511e-01 4.686872030100e-01 1.060571e+00
0.750000 77.925000 9.792359771079e-01 4.597246568277e-01 1.081781e+00
0.750000 77.950000 1.007445342420e+00 4.488876884078e-01 1.102926e+00
0.750000 77.975000 1.035934950238e+00 4.358740944600e-01 1.123898e+00
0.750000 78.000000 1.064533843281e+00 4.203754924124e-01 1.144530e+00
0.750000 78.025000 1.092980543846e+00 4.020999792854e-01 1.164599e+00
0.750000 78.050000 1.120926245260e+00 3.807952762191e-01 1.183841e+00
0.750000 78.075000 1.147943892908e+00 3.562707680971e-01 1.201958e+00
0.750000 78.100000 1.173542715795e+00 3.284168894999e-01 1.218630e+00
0.750000 78.125000 1.197187346260e+00 2.972204846383e-01 1.233531e+00
0.750000 78.150000 1.218320312874e+00 2.627750642376e-01 1.246337e+00
0.750000 78.175000 1.236386443241e+00 2.252852682987e-01 1.256744e+00
0.750000 78.200000 1.250857591696e+00 1.850652828271e-01 1.264474e+00
0.750000 78.225000 1.261256120673e+00 1.425314087489e-01 1.269284e+00
0.750000 78.250000 1.267175708449e+00 9.818940011210e-02 1.270974e+00
0.750000 78.275000 1.268298311694e+00 5.261753878091e-02 1.269389e+00
0.750000 78.300000 1.264406450126e+00 6.446665252876e-03 1.264423e+00
0.750000 78.325000 1.255390366704e+00 -3.966147763669e-02 1.256017e+00
0.750000 78.350000 1.241250012249e+00 -8.503621456573e-02 1.244159e+00
0.750000 78.375000 1.222092171494e+00 -1.290189439247e-01 1.228884e+00
0.750000 78.400000 1.198123357458e+00 -1.709820948925e-01 1.210262e+00
0.750000 78.425000 1.169639329828e+00 -2.103452114560e-01 1.188403e+00
0.750000 78.450000 1.137012227986e+00 -2.465876408072e-01 1.163444e+00
0.750000 78.475000 1.100676347787e+00 -2.792576138515e-01 1.135550e+00
0.750000 78.500000 1.061113539890e+00 -3.079777963024e-01 1.104904e+00
0.750000 78.525000 1.018839080945e+00 -3.324476364568e-01 1.071706e+00
0.750000 78.550000 9.743886866586e-01 -3.524430233213e-01 1.036171e+00
0.750000 78.575000 9.283071202429e-01 -3.678138867852e-01 9.985195e-01
0.750000 78.600000 8.811386233622e-01 -3.784804176930e-01 9.589852e-01
0.750000 78.625000 8.334191801858e-01 -3.844285640117e-01 9.178087e-01
0.750000 78.650000 7.856704359926e-01 -3.857053788902e-01 8.752409e-01
0.750000 78.675000 7.383949431750e-01 -3.824146698557e-01 8.315456e-01
0.750000 78.700000 6.920723083876e-01 -3.747132403260e-01 7.870032e-01
0.750000 78.725000 6.471557695528e-01 -3.628078404866e-01 7.419165e-01
0.750000 78.750000 6.040687411413e-01 -3.469527696981e-01 6.966170e-01
0.750000 78.775000 5.632009277651e-01 -3.274479114863e-01 6.514733e-01
0.750000 78.800000 5.249037136897e-01 -3.046368480391e-01 6.068999e-01
0.750000 78.825000 4.894846806145e-01 -2.789046055723e-01 5.633676e-01
0.750000 78.850000 4.572012765279e-01 -2.506745342802e-01 5.214122e-01
0.750000 78.875000 4.282538408061e-01 -2.204038335694e-01 4.816422e-01
0.750000 78.900000 4.027783691716e-01 -1.885772980310e-01 4.447379e-01
0.750000 78.925000 3.808395595793e-01 -1.556989810948e-01 4.114377e-01
0.750000 78.950000 3.624247993070e-01 -1.222816454840e-01 3.824978e-01
0.750000 78.975000 3.474398185697e-01 -8.883408111608e-02 3.586167e-01
0.750000 79.000000 3.357067340529e-01 -5.584660532478e-02 3.403202e-01
0.750000 79.025000 3.269651290728e-01 -2.377529618864e-02 3.278284e-01
0.750000 79.050000 3.208766645405e-01 6.974276682234e-03 3.209524e-01
0.750000 79.075000 3.170334933806e-01 3.606289298628e-02 3.190780e-01
0.750000 79.100000 3.149704756982e-01 6.323206635307e-02 3.212549e-01
0.750000 79.125000 3.141808857044e-01 8.831593519840e-02 3.263577e-01
0.750000 79.150000 3.141349930737e-01 1.112497095665e-01 3.332526e-01
0.750000 79.175000 3.143006231234e-01 1.320739078829e-01 3.409229e-01
0.750000 79.200000 3.141645837363e-01 1.509338873718e-01 3.485404e-01
0.750000 79.225000 3.132537197350e-01 1.680745053628e-01 3.554953e-01
0.750000 79.250000 3.111543368223e-01 1.838301146728e-01 3.614008e-01
0.750000 79.275000 3.075288352840e-01 1.986104575016e-01 3.660876e-01
0.750000 79.300000 3.021286033340e-01 2.128833397543e-01 3.695957e-01
0.750000 79.325000 2.948025226428e-01 2.271552052713e-01 3.721666e-01
0.750000 79.350000 2.855008035409e-01 2.419508586745e-01 3.742338e-01
0.750000 79.375000 2.742742550660e-01 2.577935898546e-01 3.764092e-01
0.750000 79.400000 2.612694615105e-01 2.751868305651e-01 3.794595e-01
0.750000 79.425000 2.467206397133e-01 2.945982378599e-01 3.842645e-01
0.750000 79.450000 2.309391540602e-01 3.164467785347e-01 3.917543e-01
0.750000 79.475000 2.143017448811e-01 3.410930231427e-01 4.028271e-01
0.750000 79.500000 1.972384720366e-01 3.688324941522e-01 4.182588e-01
0.750000 79.525000 1.802211975720e-01 3.998915977327e-01 4.386262e-01
0.750000 79.550000 1.637531547611e-01 4.344254442960e-01 4.642635e-01
0.750000 79.575000 1.483598148927e-01 4.725167596302e-01 4.952603e-01
0.750000 79.600000 1.345809160648e-01 5.141751206429e-01 5.314961e-01
0.750000 79.625000 1.229632110422e-01 5.593359132930e-01 5.726924e-01
0.750000 79.650000 1.140532707118e-01 6.078586825784e-01 6.184661e-01
0.750000 79.675000 1.083895818374e-01 6.595248867284e-01 6.683722e-01
0.750000 79.700000 1.064932225009e-01 7.140354299982e-01 7.219331e-01
0.750000 79.725000 1.088565861622e-01 7.710086758684e-01 7.786553e-01
0.750000 79.750000 1.159299357565e-01 8.299798828231e-01 8.380372e-01
0.750000 79.775000 1.281059645172e-01 8.904031159424e-01 8.995715e-01
0.750000 79.800000 1.457029684087e-01 9.516566430868e-01 9.627459e-01
0.750000 79.825000 1.689476371947e-01 1.013052618526e+00 1.027044e+00
0.750000 79.850000 1.979587889316e-01 1.073851505296e+00 1.091945e+00
0.750000 79.875000 2.327335561978e-01 1.133281226650e+00 1.156932e+00
0.750000 79.900000 2.731375472925e-01 1.190560519205e+00 1.221490e+00
0.750000 79.925000 3.189003380572e-01 1.244925448232e+00 1.285121e+00
0.750000 79.950000 3.696173089898e-01 1.295657603274e+00 1.347348e+00
0.750000 79.975000 4.247583593798e-01 1.342112177957e+00 1.407723e+00
0.750000 80.000000 4.836834556778e-01 1.383743995333e+00 1.465843e+00
0.750000 80.025000 5.456643684346e-01 1.420129593607e+00 1.521354e+00
0.750000 80.050000 6.099113891984e-01 1.450983737115e+00 1.573959e+00
0.750000 80.075000 6.756033606022e-01 1.476169141103e+00 1.623427e+00
0.750000 80.100000 7.419190527513e-01 1.495698751934e+00 1.669598e+00
0.750000 80.125000 8.080678119692e-01 1.509730546858e+00 1.712384e+00
0.750000 80.150000 8.733175063521e-01 1.518555441127e+00 1.751769e+00
0.750000 80.175000 9.370180847462e-01 1.522579446494e+00 1.787806e+00
0.750000 80.200000 9.986195174908e-01 1.522301653963e+00 1.820616e+00
0.750000 80.225000 1.057683446243e+00 1.518289870397e+00 1.850378e+00
0.750000 80.250000 1.113888472557e+00 1.511155799284e+00 1.877322e+00
0.750000 80.275000 1.167029593076e+00 1.501531519770e+00 1.901724e+00
0.750000 80.300000 1.217012780289e+00 1.490048706835e+00 1.923893e+00
0.750000 80.325000 1.263846060554e+00 1.477321590566e+00 1.944167e+00
0.750000 80.350000 1.307628622103e+00 1.463934129093e+00 1.962905e+00
0.750000 80.375000 1.348539482282e+00 1.450431330039e+00 1.980482e+00
0.750000 80.400000 1.386827064197e+00 1.437314160803e+00 1.997288e+00
0.750000 80.425000 1.422800706690e+00 1.425037092248e+00 2.013726e+00
0.750000 80.450000 1.456824701619e+00 1.414007063388e+00 2.030210e+00
0.750000 80.475000 1.489314971838e+00 1.404582558969e+00 2.047172e+00
0.750000 80.500000 1.520738027581e+00 1.397071560879e+00 2.065055e+00
0.750000 80.525000 1.551611420248e+00 1.391727353533e+00 2.084323e+00
0.750000 80.550000 1.582504593388e+00 1.388741502994e+00 2.105451e+00
0.750000 80.575000 1.614038840585e+00 1.388233749277e+00 2.128923e+00
0.750000 80.600000 1.646885033124e+00 1.390239005437e+00 2.155225e+00
0.750000 80.625000 1.681757875958e+00 1.394692100077e+00 2.184829e+00
0.750000 80.650000 1.719405674136e+00 1.401411291127e+00 2.218177e+00
0.750000 80.675000 1.760594918949e+00 1.410081885876e+00 2.255665e+00
0.750000 80.700000 1.806089402535e+00 1.420241503103e+00 2.297617e+00
0.750000 80.725000 1.856624007871e+00 1.431268596843e+00 2.344266e+00
0.750000 80.750000 1.912873765583e+00 1.442375826446e+00 2.395732e+00
0.750000 80.775000 1.975419190661e+00 1.452609710980e+00 2.452011e+00
0.750000 80.800000 2.044709287092e+00 1.460857760231e+00 2.512955e+00
0.750000 80.825000 2.121023918001e+00 1.465863945034e+00 2.578275e+00
0.750000 80.850000 2.204437469285e+00 1.466252973701e+00 2.647535e+00
0.750000 80.875000 2.294785875769e+00 1.460563395933e+00 2.720163e+00
0.750000 80.900000 2.391639123002e+00 1.447289078034e+00 2.795458e+00
0.750000 80.925000 2.494281278608e+00 1.424928100872e+00 2.872605e+00
0.750000 80.950000 2.601699939828e+00 1.392037643724e+00 2.950697e+00
0.750000 80.975000 2.712586705277e+00 1.347292953764e+00 3.028750e+00
0.750000 81.000000 2.825349888946e+00 1.289548086707e+00 3.105726e+00
0.750000 81.025000 2.938140197907e+00 1.217895765717e+00 3.180556e+00
0.750000 81.050000 3.048889503829e+00 1.131723472010e+00 3.252157e+00
0.750000 81.075000 3.155362172598e+00 1.030762780009e+00 3.319455e+00
0.750000 81.100000 3.255217706131e+00 9.151290077416e-01 3.381406e+00
0.750000 81.125000 3.346082734905e+00 7.853484877587e-01 3.437011e+00
0.750000 81.150000 3.425629725787e+00 6.423711831876e-01 3.485338e+00
0.750000 81.175000 3.491659188581e+00 4.875669720899e-01 3.525536e+00
0.750000 81.200000 3.542181727655e+00 3.227046799233e-01 3.556851e+00
0.750000 81.225000 3.575496038437e+00 1.499138176196e-01 3.578637e+00
0.750000 81.250000 3.590258928220e+00 -2.837007001475e-02 3.590371e+00
0.750000 81.275000 3.585543667431e+00 -2.094745870824e-01 3.591657e+00
0.750000 81.300000 3.560883452810e+00 -3.905714508386e-01 3.582239e+00
0.750000 81.325000 3.516297469079e+00 -5.687657284121e-01 3.562000e+00
0.750000 81.350000 3.452297930680e+00 -7.411892726431e-01 3.530966e+00
0.750000 81.375000 3.369877512633e+00 -9.050939642473e-01 3.489308e+00
0.750000 81.400000 3.270477667690e+00 -1.057940324783e+00 3.437334e+00
0.750000 81.425000 3.155939397208e+00 -1.197477308601e+00 3.375486e+00
0.750000 81.450000 3.028439015912e+00 -1.321809598208e+00 3.304334e+00
0.750000 81.475000 2.890412253809e+00 -1.429449479567e+00 3.224563e+00
0.750000 81.500000 2.744470613163e+00 -1.519351305358e+00 3.136965e+00
0.750000 81.525000 2.593314205076e+00 -1.590927594164e+00 3.042422e+00
0.750000 81.550000 2.439645311629e+00 -1.644046882803e+00 2.941897e+00
0.750000 81.575000 2.286086662453e+00 -1.679014467737e+00 2.836421e+00
0.750000 81.600000 2.135107908075e+00 -1.696538066050e+00 2.727073e+00
0.750000 81.625000 1.988963065034e+00 -1.697681135991e+00 2.614975e+00
0.750000 81.650000 1.849640862335e+00 -1.683807078183e+00 2.501275e+00
0.750000 81.675000 1.718829006426e+00 -1.656517768482e+00 2.387137e+00
0.750000 81.700000 1.597892475211e+00 -1.617589850866e+00 2.273732e+00
0.750000 81.725000 1.487865118725e+00 -1.568911962791e+00 2.162227e+00
0.750000 81.750000 1.389453142962e+00 -1.512425612906e+00 2.053780e+00
0.750000 81.775000 1.303048527477e+00 -1.450071832031e+00 1.949524e+00
0.750000 81.800000 1.228750103529e+00 -1.383745031322e+00 1.850561e+00
0.750000 81.825000 1.166389906282e+00 -1.315254788167e+00 1.757942e+00
0.750000 81.850000 1.115562503214e+00 -1.246295600011e+00 1.672642e+00
0.750000 81.875000 1.075655267266e+00 -1.178424051850e+00 1.595530e+00
0.750000 81.900000 1.045877970385e+00 -1.113042377272e+00 1.527326e+00
0.750000 81.925000 1.025290575165e+00 -1.051387085419e+00 1.468549e+00
0.750000 81.950000 1.012828648146e+00 -9.945211929151e-01 1.419470e+00
0.750000 81.975000 1.007326355649e+00 -9.433286412510e-01 1.380064e+00
0.750000 82.000000 1.007537482191e+00 -8.985096833558e-01 1.349982e+00
0.750000 82.025000 1.012155288693e+00 -8.605763616498e-01 1.328552e+00
0.750000 82.050000 1.019832268385e+00 -8.298476368555e-01 1.314802e+00
0.750000 82.075000 1.029200939340e+00 -8.064442168784e-01 1.307519e+00
0.750000 82.100000 1.038896724267e+00 -7.902836278165e-01 1.305318e+00
0.750000 82.125000 1.047583715509e+00 -7.810765127798e-01 1.306718e+00
0.750000 82.150000 1.053983725684e+00 -7.783254893388e-01 1.310218e+00
0.750000 82.175000 1.056908516001e+00 -7.813281002225e-01 1.314355e+00
0.750000 82.200000 1.055294520943e+00 -7.891854220293e-01 1.317748e+00
0.750000 82.225000 1.048238805109e+00 -8.008177349453e-01 1.319134e+00
0.750000 82.250000 1.035034456035e+00 -8.149883014341e-01 1.317385e+00
0.750000 82.275000 1.015203196434e+00 -8.303357707354e-01 1.311524e+00
0.750000 82.300000 9.885227455249e-01 -8.454150546233e-01 1.300732e+00
0.750000 82.325000 9.550464158321e-01 -8.587457610639e-01 1.284351e+00
0.750000 82.350000 9.151126259564e-01 -8.688664925300e-01 1.261888e+00
0.750000 82.375000 8.693424475941e-01 -8.743925893318e-01 1.233012e+00
0.750000 82.400000 8.186239689297e-01 -8.740743015272e-01 1.197560e+00
0.750000 82.425000 7.640831051346e-01 -8.668519758211e-01 1.155532e+00
0.750000 82.450000 7.070414567963e-01 -8.519047027318e-01 1.107090e+00
0.750000 82.475000 6.489628282480e-01 -8.286890198897e-01 1.052558e+00
0.750000 82.500000 5.913909792148e-01 -7.969647194060e-01 9.924193e-01
0.750000 82.525000 5.358820025112e-01 -7.568055416059e-01 9.273210e-01
0.750000 82.550000 4.839353129537e-01 -7.085935059406e-01 8.580782e-01
0.750000 82.575000 4.369275304779e-01 -6.529967585643e-01 7.856911e-01
0.750000 82.600000 3.960535009318e-01 -5.909320111784e-01 7.113783e-01
0.750000 82.625000 3.622783091688e-01 -5.235138025765e-01 6.366414e-01
0.750000 82.650000 3.363034223495e-01 -4.519938274058e-01 5.633812e-01
0.750000 82.675000 3.185491107939e-01 -3.776943507572e-01 4.940916e-01
0.750000 82.700000 3.091541114062e-01 -3.019401874851e-01 4.321390e-01
0.750000 82.725000 3.079922270610e-01 -2.259938256009e-01 3.820110e-01
0.750000 82.750000 3.147043069786e-01 -1.509980017849e-01 3.490547e-01
0.750000 82.775000 3.287429391473e-01 -7.792941808501e-02 3.378534e-01
0.750000 82.800000 3.494263043804e-01 -7.566379941666e-03 3.495082e-01
0.750000 82.825000 3.759970673692e-01 5.952797770066e-02 3.806801e-01
0.750000 82.850000 4.076819568053e-01 1.230064232035e-01 4.258347e-01
0.750000 82.875000 4.437478226391e-01 1.827230696310e-01 4.798957e-01
0.750000 82.900000 4.835504266276e-01 2.387053590515e-01 5.392599e-01
0.750000 82.925000 5.265729635343e-01 2.911152996961e-01 6.016870e-01
0.750000 82.950000 5.724522413682e-01 3.402032667637e-01 6.659128e-01
0.750000 82.975000 6.209914722069e-01 3.862579692976e-01 7.313177e-01
0.750000 83.000000 6.721596399052e-01 4.295561674049e-01 7.976949e-01
0.750000 83.025000 7.260783252933e-01 4.703154275723e-01 8.650933e-01
0.750000 83.050000 7.829976097878e-01 5.086526870078e-01 9.337092e-01
0.750000 83.075000 8.432631969959e-01 5.445507369890e-01 1.003807e+00
0.750000 83.100000 9.072771708354e-01 5.778340140016e-01 1.075660e+00
0.750000 83.125000 9.754548595421e-01 6.081543869674e-01 1.149506e+00
0.750000 83.150000 1.048180134988e+00 6.349870169151e-01 1.225516e+00
0.750000 83.175000 1.125761202103e+00 6.576358893301e-01 1.303773e+00
0.750000 83.200000 1.208388589575e+00 6.752483010158e-01 1.384255e+00
0.750000 83.225000 1.296096705632e+00 6.868374183802e-01 1.466838e+00
0.750000 83.250000 1.388730027093e+00 6.913119848972e-01 1.551284e+00
0.750000 83.275000 1.485914783871e+00 6.875122968386e-01 1.637259e+00
0.750000 83.300000 1.587036900157e+00 6.742516337027e-01 1.724326e+00
0.750000 83.325000 1.691226949408e+00 6.503623686035e-01 1.811966e+00
0.750000 83.350000 1.797352942945e+00 6.147459488747e-01 1.899576e+00
0.750000 83.375000 1.904021855006e+00 5.664257995911e-01 1.986489e+00
0.750000 83.400000 2.009590835526e+00 5.046019557715e-01 2.071975e+00
0.750000 83.425000 2.112189020964e+00 4.287058892414e-01 2.155257e+00
0.750000 83.450000 2.209750677787e+00 3.384536020407e-01 2.235520e+00
0.750000 83.475000 2.300060074489e+00 2.338946652951e-01 2.311922e+00
0.750000 83.500000 2.380807970698e+00 1.154545557308e-01 2.383606e+00
0.750000 83.525000 2.449658955111e+00 -1.603255275099e-02 2.449711e+00
0.750000 83.550000 2.504328101243e+00 -1.593033905522e-01 2.509390e+00
0.750000 83.575000 2.542664604242e+00 -3.126602108267e-01 2.561816e+00
0.750000 83.600000 2.562739289326e+00 -4.739825774548e-01 2.606203e+00
0.750000 83.625000 2.562932222985e+00 -6.407577655404e-01 2.641816e+00
0.750000 83.650000 2.542016187124e+00 -8.101303052927e-01 2.667988e+00
0.750000 83.675000 2.499231554983e+00 -9.789701446052e-01 2.684128e+00
0.750000 83.700000 2.434348176400e+00 -1.143957783606e+00 2.689738e+00
0.750000 83.725000 2.347710253239e+00 -1.301683632656e+00 2.684422e+00
0.750000 83.750000 2.240260850973e+00 -1.448757851479e+00 2.667896e+00
0.750000 83.775000 2.113543610501e+00 -1.581926121147e+00 2.639992e+00
0.750000 83.800000 1.969680334870e+00 -1.698186247035e+00 2.600669e+00
0.750000 83.825000 1.811324352205e+00 -1.794900232522e+00 2.550012e+00
0.750000 83.850000 1.641590814891e+00 -1.869896519175e+00 2.488239e+00
0.750000 83.875000 1.463966301795e+00 -1.921557452985e+00 2.415695e+00
0.750000 83.900000 1.282201168522e+00 -1.948887679219e+00 2.332853e+00
0.750000 83.925000 1.100188977176e+00 -1.951560043040e+00 2.240313e+00
0.750000 83.950000 9.218379863684e-01 -1.929936618933e+00 2.138794e+00
0.750000 83.975000 7.509400677353e-01 -1.885063642221e+00 2.029132e+00
0.750000 84.000000 5.910425298629e-01 -1.818640303009e+00 1.912272e+00
0.750000 84.025000 4.453281835925e-01 -1.732962523991e+00 1.789267e+00
0.750000 84.050000 3.165085972297e-01 -1.630843924203e+00 1.661273e+00
0.750000 84.075000 2.067348983902e-01 -1.515517127277e+00 1.529553e+00
0.750000 84.100000 1.175297187312e-01 -1.390519372534e+00 1.395477e+00
0.750000 84.125000 4.974298809010e-02 -1.259567008101e+00 1.260549e+00
0.750000 84.150000 3.533304446309e-03 -1.126423873943e+00 1.126429e+00
0.750000 84.175000 -2.162442746502e-02 -9.947688125691e-01 9.950038e-01
0.750000 84.200000 -2.690544843762e-02 -8.680675743321e-01 8.684844e-01
0.750000 84.225000 -1.407708566847e-02 -7.494542143745e-01 7.495864e-01
0.750000 84.250000 1.458142860883e-02 -6.416267136447e-01 6.417924e-01
0.750000 84.275000 5.637795949797e-02 -5.467610048269e-01 5.496600e-01
0.750000 84.300000 1.083211926378e-01 -4.664468573279e-01 4.788592e-01
0.750000 84.325000 1.672443265417e-01 -4.016481916318e-01 4.350769e-01
0.750000 84.350000 2.299335121361e-01 -3.526893777301e-01 4.210216e-01
0.750000 84.375000 2.932555596219e-01 -3.192679592798e-01 4.335099e-01
0.750000 84.400000 3.542794126172e-01 -3.004930779870e-01 4.645535e-01
0.750000 84.425000 4.103861236571e-01 -2.949477033905e-01 5.053820e-01
0.750000 84.450000 4.593625579331e-01 -3.007716600000e-01 5.490697e-01
0.750000 84.475000 4.994747933034e-01 -3.157614480837e-01 5.909149e-01
0.750000 84.500000 5.295181475196e-01 -3.374820365991e-01 6.279201e-01
0.750000 84.525000 5.488419053696e-01 -3.633852211453e-01 6.582372e-01
0.750000 84.550000 5.573480812601e-01 -3.909288297456e-01 6.807806e-01
0.750000 84.575000 5.554648672013e-01 -4.176910527795e-01 6.949871e-01
0.750000 84.600000 5.440967055486e-01 -4.414744797109e-01 7.006718e-01
0.750000 84.625000 5.245541118728e-01 -4.603950329690e-01 6.979403e-01
0.750000 84.650000 4.984673819445e-01 -4.729518661658e-01 6.871340e-01
0.750000 84.675000 4.676890842272e-01 -4.780753882846e-01 6.687968e-01
0.750000 84.700000 4.341907170365e-01 -4.751518203350e-01 6.436543e-01
0.750000 84.725000 3.999590686027e-01 -4.640240080307e-01 6.126055e-01
0.750000 84.750000 3.668976513802e-01 -4.449695200071e-01 5.767250e-01
0.750000 84.775000 3.367381041800e-01 -4.186582737367e-01 5.372777e-01
0.750000 84.800000 3.109657032392e-01 -3.860929757218e-01 4.957494e-01
0.750000 84.825000 2.907621505576e-01 -3.485364765034e-01 4.538946e-01
0.750000 84.850000 2.769676829323e-01 -3.074306794042e-01 4.137931e-01
0.750000 84.875000 2.700633448258e-01 -2.643118795108e-01 3.778822e-01
0.750000 84.900000 2.701730719918e-01 -2.207273422102e-01 3.488754e-01
0.750000 84.925000 2.770841170478e-01 -1.781575754149e-01 3.294173e-01
0.750000 84.950000 2.902833809172e-01 -1.379481420457e-01 3.213940e-01
0.750000 84.975000 3.090064504013e-01 -1.012540505450e-01 3.251728e-01
0.750000 85.000000 3.322956209909e-01 -6.899881360825e-02 3.393836e-01
0.750000 85.025000 3.590629261120e-01 -4.184924778225e-02 3.614935e-01
0.750000 85.050000 3.881542012366e-01 -2.020606925398e-02 3.886798e-01
0.750000 85.075000 4.184104675563e-01 -4.209390583019e-03 4.184316e-01
0.750000 85.100000 4.487233930477e-01 6.242602220840e-03 4.487668e-01
0.750000 85.125000 4.780822335377e-01 1.146416625109e-02 4.782197e-01
0.750000 85.150000 5.056104183626e-01 1.194453495503e-02 5.057515e-01
0.750000 85.175000 5.305907649498e-01 8.305519596633e-03 5.306558e-01
0.750000 85.200000 5.524791241474e-01 1.257238266463e-03 5.524806e-01
0.750000 85.225000 5.709070171317e-01 -8.445165463576e-03 5.709695e-01
0.750000 85.250000 5.856744766052e-01 -2.004132518207e-02 5.860173e-01
0.750000 85.275000 5.967348119369e-01 -3.279999519557e-02 5.976356e-01
0.750000 85.300000 6.041733551451e-01 -4.604655143392e-02 6.059255e-01
0.750000 85.325000 6.081824017574e-01 -5.918290011766e-02 6.110552e-01
0.750000 85.350000 6.090345415455e-01 -7.169966549744e-02 6.132405e-01
0.750000 85.375000 6.070563962149e-01 -8.318109009491e-02 6.127288e-01
0.750000 85.400000 6.026044728350e-01 -9.330354652369e-02 6.097850e-01
0.750000 85.425000 5.960444398861e-01 -1.018289021146e-01 6.046802e-01
0.750000 85.450000 5.877346787596e-01 -1.085941814170e-01 5.976828e-01
0.750000 85.475000 5.780144996806e-01 -1.134990352142e-01 5.890525e-01
0.750000 85.500000 5.671969767804e-01 -1.164924580768e-01 5.790362e-01
0.750000 85.525000 5.555659856052e-01 -1.175600201744e-01 5.678679e-01
0.750000 85.550000 5.433767421231e-01 -1.167126212894e-01 5.557698e-01
0.750000 85.575000 5.308589592512e-01 -1.139774683875e-01 5.429568e-01
0.750000 85.600000 5.182216581997e-01 -1.093916563787e-01 5.296416e-01
0.750000 85.625000 5.056586904013e-01 -1.029984260622e-01 5.160420e-01
0.750000 85.650000 4.933541258407e-01 -9.484590953994e-02 5.023883e-01
0.750000 85.675000 4.814868235189e-01 -8.498797003541e-02 4.889300e-01
0.750000 85.700000 4.702336947977e-01 -7.348660978021e-02 4.759412e-01
0.750000 85.725000 4.597713756566e-01 -6.041535746402e-02 4.637238e-01
0.750000 85.750000 4.502762174105e-01 -4.586304893826e-02 4.526059e-01
0.750000 85.775000 4.419226701427e-01 -2.993746863516e-02 4.429355e-01
0.750000 85.800000 4.348802583717e-01 -1.276840814848e-02 4.350677e-01
0.750000 85.825000 4.293094304678e-01 5.490194829146e-03 4.293445e-01
0.750000 85.850000 4.253566045837e-01 2.465926548661e-02 4.260708e-01
0.750000 85.875000 4.231487418594e-01 4.453487929584e-02 4.254859e-01
0.750000 85.900000 4.227877629829e-01 6.488987908105e-02 4.277385e-01
0.750000 85.925000 4.243450982978e-01 8.547681476756e-02 4.328684e-01
0.750000 85.950000 4.278566348487e-01 1.060321592504e-01 4.407994e-01
0.750000 85.975000 4.333183033306e-01 1.262817268270e-01 4.513445e-01
0.750000 86.000000 4.406825372240e-01 1.459471980782e-01 4.642216e-01
0.750000 86.025000 4.498558343558e-01 1.647536286818e-01 4.790762e-01
0.750000 86.050000 4.606976528040e-01 1.824377828235e-01 4.955057e-01
0.750000 86.075000 4.730208707703e-01 1.987570812448e-01 5.130820e-01
0.750000 86.100000 4.865940249251e-01 2.134988901893e-01 5.313714e-01
0.750000 86.125000 5.011455056970e-01 2.264898054243e-01 5.499495e-01
0.750000 86.150000 5.163698253003e-01 2.376045135659e-01 5.684133e-01
0.750000 86.175000 5.319359830333e-01 2.467737518953e-01 5.863900e-01
0.750000 86.200000 5.474978350901e-01 2.539908491727e-01 6.035439e-01
0.750000 86.225000 5.627062398419e-01 2.593163239003e-01 6.195831e-01
0.750000 86.250000 5.772226051467e-01 2.628800504582e-01 6.342648e-01
0.750000 86.275000 5.907333250310e-01 2.648805807356e-01 6.474006e-01
0.750000 86.300000 6.029644731935e-01 2.655813276635e-01 6.588624e-01
0.750000 86.325000 6.136960331641e-01 2.653034708548e-01 6.685871e-01
0.750000 86.350000 6.227748998434e-01 2.644156227694e-01 6.765827e-01
0.750000 86.375000 6.301258906368e-01 2.633204828513e-01 6.829321e-01
0.750000 86.400000 6.357600578250e-01 2.624388923575e-01 6.877972e-01
0.750000 86.425000 6.397796937217e-01 2.621918699502e-01 6.914207e-01
0.750000 86.450000 6.423795589939e-01 2.629813458348e-01 6.941258e-01
0.750000 86.475000 6.438440317896e-01 2.651704117798e-01 6.963121e-01
0.750000 86.500000 6.445400591611e-01 2.690639614776e-01 6.984463e-01
0.750000 86.525000 6.449059810328e-01 2.748906099323e-01 7.010482e-01
0.750000 86.550000 6.454364805481e-01 2.827867549270e-01 7.046677e-01
0.750000 86.575000 6.466640854595e-01 2.927835832611e-01 7.098568e-01
0.750000 86.600000 6.491377986103e-01 3.047977354795e-01 7.171343e-01
0.750000 86.625000 6.533995694146e-01 3.186262308459e-01 7.269482e-01
0.750000 86.650000 6.599594323253e-01 3.339461235124e-01 7.396394e-01
0.750000 86.675000 6.692702329959e-01 3.503192133787e-01 7.554113e-01
0.750000 86.700000 6.817029379556e-01 3.672019712151e-01 7.743101e-01
0.750000 86.725000 6.975235771424e-01 3.839606562800e-01 7.962191e-01
0.750000 86.750000 7.168728960997e-01 3.998914047946e-01 8.208653e-01
0.750000 86.775000 7.397497890043e-01 4.142448497282e-01 8.478376e-01
0.750000 86.800000 7.659995359738e-01 4.262545996872e-01 8.766118e-01
0.750000 86.825000 7.953077686776e-01 4.351686648306e-01 9.065794e-01
0.750000 86.850000 8.272009287039e-01 4.402826828329e-01 9.370754e-01
0.750000 86.875000 8.610537583005e-01 4.409735847567e-01 9.674044e-01
0.750000 86.900000 8.961040731518e-01 4.367321694363e-01 9.968638e-01
0.750000 86.925000 9.314747189122e-01 4.271929473468e-01 1.024763e+00
0.750000 86.950000 9.662022220904e-01 4.121595916182e-01 1.050439e+00
0.750000 86.975000 9.992712340564e-01 3.916244116133e-01 1.073272e+00
0.750000 87.000000 1.029653463210e+00 3.657804533449e-01 1.092695e+00
0.750000 87.025000 1.056349427576e+00 3.350251318752e-01 1.108204e+00
0.750000 87.050000 1.078431072082e+00 2.999547040744e-01 1.119369e+00
0.750000 87.075000 1.095083112609e+00 2.613493750972e-01 1.125838e+00
0.750000 87.100000 1.105640917190e+00 2.201493681530e-01 1.127345e+00
0.750000 87.125000 1.109622828562e+00 1.774228363338e-01 1.123718e+00
0.750000 87.150000 1.106755074284e+00 1.343270147959e-01 1.114877e+00
0.750000 87.175000 1.096987790502e+00 9.206445862686e-02 1.100844e+00
0.750000 87.200000 1.080501179455e+00 5.183654744127e-02 1.081744e+00
0.750000 87.225000 1.057701393977e+00 1.479663168437e-02 1.057805e+00
0.750000 87.250000 1.029206351288e+00 -1.799477109597e-02 1.029364e+00
0.750000 87.275000 9.958222756066e-01 -4.561045397794e-02 9.968662e-01
0.750000 87.300000 9.585123073772e-01 -6.729068430195e-02 9.608714e-01
0.750000 87.325000 9.183589539703e-01 -8.246948495800e-02 9.220544e-01
0.750000 87.350000 8.765224597556e-01 -9.079198138011e-02 8.812121e-01
0.750000 87.375000 8.341973218904e-01 -9.212233152619e-02 8.392685e-01
0.750000 87.400000 7.925691660290e-01 -8.654233098538e-02 7.972800e-01
0.750000 87.425000 7.527740318642e-01 -7.434131961796e-02 7.564360e-01
0.750000 87.450000 7.158618239849e-01 -5.599846913241e-02 7.180487e-01
0.750000 87.475000 6.827652916262e-01 -3.215887150786e-02 6.835222e-01
0.750000 87.500000 6.542754512875e-01 -3.605057110459e-03 6.542854e-01
0.750000 87.525000 6.310239013451e-01 2.877435684780e-02 6.316796e-01
0.750000 87.550000 6.134720384046e-01 6.401724444062e-02 6.168032e-01
0.750000 87.575000 6.019068061796e-01 1.011203001519e-01 6.103418e-01
0.750000 87.600000 5.964423149617e-01 1.390698923045e-01 6.124409e-01
0.750000 87.625000 5.970264780649e-01 1.768705106565e-01 6.226747e-01
0.750000 87.650000 6.034517238328e-01 2.135701870691e-01 6.401298e-01
0.750000 87.675000 6.153688495119e-01 2.482825570808e-01 6.635684e-01
0.750000 87.700000 6.323031686800e-01 2.802054723492e-01 6.916086e-01
0.750000 87.725000 6.536722424440e-01 3.086362510159e-01 7.228719e-01
0.750000 87.750000 6.788046483890e-01 3.329837566923e-01 7.560780e-01
0.750000 87.775000 7.069594025401e-01 3.527775285961e-01 7.900909e-01
0.750000 87.800000 7.373457840602e-01 3.676741560919e-01 8.239315e-01
0.750000 87.825000 7.691434018369e-01 3.774610183954e-01 8.567721e-01
0.750000 87.850000 8.015223762492e-01 3.820574168205e-01 8.879223e-01
0.750000 87.875000 8.336634867296e-01 3.815130365720e-01 9.168135e-01
0.750000 87.900000 8.647780632863e-01 3.760036099477e-01 9.429845e-01
0.750000 87.925000 8.941272923225e-01 3.658236309138e-01 9.660696e-01
0.750000 87.950000 9.210404835791e-01 3.513760038474e-01 9.857894e-01
0.750000 87.975000 9.449317284190e-01 3.331586005428e-01 1.001943e+00
0.750000 88.000000 9.653142925261e-01 3.117478448207e-01 1.014405e+00
0.750000 88.025000 9.818120482226e-01 2.877796310445e-01 1.023119e+00
0.750000 88.050000 9.941672777294e-01 2.619280928751e-01 1.028093e+00
0.750000 88.075000 1.002244276483e+00 2.348829487147e-01 1.029400e+00
0.750000 88.100000 1.006028354638e+00 2.073263356545e-01 1.027170e+00
0.750000 88.125000 1.005620066373e+00 1.799101804330e-01 1.021587e+00
0.750000 88.150000 1.001224774093e+00 1.532352235565e-01 1.012883e+00
0.750000 88.175000 9.931379552257e-01 1.278327969571e-01 1.001331e+00
0.750000 88.200000 9.817269562739e-01 1.041503497208e-01 9.872361e-01
0.750000 88.225000 9.674101634907e-01 8.254152275946e-02 9.709251e-01
0.750000 88.250000 9.506347651220e-01 6.326130312640e-02 9.527373e-01
0.750000 88.275000 9.318544036705e-01 4.646646167086e-02 9.330122e-01
0.750000 88.300000 9.115080421382e-01 3.222112036004e-02 9.120774e-01
0.750000 88.325000 8.900012884343e-01 2.050693877144e-02 8.902375e-01
0.750000 88.350000 8.676912398794e-01 1.123708538198e-02 8.677640e-01
0.750000 88.375000 8.448756378829e-01 4.272899036579e-03 8.448864e-01
0.750000 88.400000 8.217867837613e-01 -5.580248946447e-04 8.217870e-01
0.750000 88.425000 7.985902901293e-01 -3.443652765810e-03 7.985977e-01
0.750000 88.450000 7.753883629098e-01 -4.570512876658e-03 7.754018e-01
0.750000 88.475000 7.522269628771e-01 -4.108992029402e-03 7.522382e-01
0.750000 88.500000 7.291059163813e-01 -2.201782797376e-03 7.291092e-01
0.750000 88.525000 7.059908602927e-01 1.043995653055e-03 7.059916e-01
0.750000 88.550000 6.828258347453e-01 5.560850154472e-03 6.828485e-01
0.750000 88.575000 6.595453859493e-01 1.132135654542e-02 6.596425e-01
0.750000 88.600000 6.360852044554e-01 1.833554153497e-02 6.363494e-01
0.750000 88.625000 6.123905834942e-01 2.664600935742e-02 6.129700e-01
0.750000 88.650000 5.884223081932e-01 3.632177487726e-02 5.895423e-01
0.750000 88.675000 5.641599423747e-01 4.745180186313e-02 5.661520e-01
0.750000 88.700000 5.396028240304e-01 6.013915981784e-02 5.429438e-01
0.750000 88.725000 5.147693728307e-01 7.449651533465e-02 5.201319e-01
0.750000 88.750000 4.896955178184e-01 9.064338799805e-02 4.980140e-01
0.750000 88.775000 4.644331450261e-01 1.087052608122e-01 4.769853e-01
0.750000 88.800000 4.390494303100e-01 1.288142826410e-01 4.575560e-01
0.750000 88.825000 4.136277641337e-01 1.511109792691e-01 4.403663e-01
0.750000 88.850000 3.882707092699e-01 1.757461418184e-01 4.261934e-01
0.750000 88.875000 3.631050896826e-01 2.028819200910e-01 4.159404e-01
0.750000 88.900000 3.382889295822e-01 2.326911357283e-01 4.105905e-01
0.750000 88.925000 3.140195917595e-01 2.653539528650e-01 4.111217e-01
0.750000 88.950000 2.905421499794e-01 3.010512931841e-01 4.183857e-01
0.750000 88.975000 2.681568123623e-01 3.399547336331e-01 4.329865e-01
0.750000 89.000000 2.472241220242e-01 3.822130414992e-01 4.551995e-01
0.750000 89.025000 2.281667144628e-01 4.279359374406e-01 4.849631e-01
0.750000 89.050000 2.114666087779e-01 4.771760834496e-01 5.219340e-01
0.750000 89.075000 1.976573358357e-01 5.299106229386e-01 5.655738e-01
0.750000 89.100000 1.873106302753e-01 5.860238153149e-01 6.152310e-01
0.750000 89.125000 1.810178929098e-01 6.452923809687e-01 6.702013e-01
0.750000 89.150000 1.793671173109e-01 7.073750932844e-01 7.297617e-01
0.750000 89.175000 1.829164200775e-01 7.718079273600e-01 7.931872e-01
0.750000 89.200000 1.921656741185e-01 8.380057215271e-01 8.597565e-01
0.750000 89.225000 2.075279835975e-01 9.052708614522e-01 9.287536e-01
0.750000 89.250000 2.293028366743e-01 9.728090003531e-01 9.994684e-01
0.750000 89.275000 2.576527218077e-01 1.039751329132e+00 1.071199e+00
0.750000 89.300000 2.925848044102e-01 1.105182451796e+00 1.143256e+00
0.750000 89.325000 3.339389557522e-01 1.168172542499e+00 1.214966e+00
0.750000 89.350000 3.813830378952e-01 1.227812188509e+00 1.285681e+00
0.750000 89.375000 4.344159153734e-01 1.283248172972e+00 1.354785e+00
0.750000 89.400000 4.923782252426e-01 1.333718423771e+00 1.421704e+00
0.750000 89.425000 5.544705270032e-01 1.378584438874e+00 1.485911e+00
0.750000 89.450000 6.197781000616e-01 1.417359673569e+00 1.546943e+00
0.750000 89.475000 6.873013761052e-01 1.449732614427e+00 1.604403e+00
0.750000 89.500000 7.559907933989e-01 1.475583540449e+00 1.657971e+00
0.750000 89.525000 8.247847360540e-01 1.494994257853e+00 1.707418e+00
0.750000 89.550000 8.926491624461e-01 1.508250371424e+00 1.752610e+00
0.750000 89.575000 9.586175174520e-01 1.515835909782e+00 1.793518e+00
0.750000 89.600000 1.021829546463e+00 1.518420350389e+00 1.830228e+00
0.750000 89.625000 1.081567671252e+00 1.516838295910e+00 1.862951e+00
0.750000 89.650000 1.137289640104e+00 1.512062245032e+00 1.892025e+00
0.750000 89.675000 1.188656225362e+00 1.505169088651e+00 1.917925e+00
0.750000 89.700000 1.235552815604e+00 1.497301155543e+00 1.941263e+00
0.750000 89.725000 1.278103847732e+00 1.489622835226e+00 1.962785e+00
0.750000 89.750000 1.316679159717e+00 1.483274017849e+00 1.983367e+00
0.750000 89.775000 1.351891530833e+00 1.479321802423e+00 2.003997e+00
0.750000 89.800000 1.384584922540e+00 1.478712119153e+00 2.025750e+00
0.750000 89.825000 1.415813242356e+00 1.482223067487e+00 2.049759e+00
0.750000 89.850000 1.446809819200e+00 1.490421865102e+00 2.077165e+00
0.750000 89.875000 1.478948186216e+00 1.503627312215e+00 2.109072e+00
0.750000 89.900000 1.513695191868e+00 1.521879583575e+00 2.146483e+00
0.750000 89.925000 1.552557871711e+00 1.544918958983e+00 2.190254e+00
0.750000 89.950000 1.597025878327e+00 1.572174794918e+00 2.241032e+00
0.750000 89.975000 1.648511553578e+00 1.602765638707e+00 2.299228e+00
0.750000 90.000000 1.708289909172e+00 1.635510917560e+00 2.364984e+00
0.750000 90.025000 1.777440841332e+00 1.668954130101e+00 2.438176e+00
0.750000 90.050000 1.856795837669e+00 1.701396964993e+00 2.518421e+00
0.750000 90.075000 1.946891246129e+00 1.730943306488e+00 2.605101e+00
0.750000 90.100000 2.047929885981e+00 1.755551692376e+00 2.697402e+00
0.750000 90.125000 2.159752417124e+00 1.773094489340e+00 2.794350e+00
0.750000 90.150000 2.281819479912e+00 1.781421856200e+00 2.894851e+00
0.750000 90.175000 2.413205207414e+00 1.778428476731e+00 2.997727e+00
0.750000 90.200000 2.552602325882e+00 1.762121048737e+00 3.101749e+00
0.750000 90.225000 2.698338719578e+00 1.730684593807e+00 3.205667e+00
0.750000 90.250000 2.848405055084e+00 1.682545776392e+00 3.308228e+00
0.750000 90.275000 3.000492837830e+00 1.616431564382e+00 3.408197e+00
0.750000 90.300000 3.152042099344e+00 1.531421703426e+00 3.504372e+00
0.750000 90.325000 3.300297768928e+00 1.426993598745e+00 3.595591e+00
0.750000 90.350000 3.442373645165e+00 1.303058297039e+00 3.680747e+00
0.750000 90.375000 3.575322728886e+00 1.159986344628e+00 3.758790e+00
0.750000 90.400000 3.696212493315e+00 9.986223841275e-01 3.828738e+00
0.750000 90.425000 3.802203442598e+00 8.202874659623e-01 3.889682e+00
0.750000 90.450000 3.890629052362e+00 6.267682213060e-01 3.940791e+00
0.750000 90.475000 3.959074914569e+00 4.202922951302e-01 3.981321e+00
0.750000 90.500000 4.005454654449e+00 2.034897901175e-01 4.010620e+00
0.750000 90.525000 4.028079988905e+00 -2.065907056220e-02 4.028133e+00
0.750000 90.550000 4.025722195822e+00 -2.488893012606e-01 4.033409e+00
0.750000 90.575000 3.997662301370e+00 -4.777281515801e-01 4.026106e+00
0.750000 90.600000 3.943727497852e+00 -7.035817154582e-01 4.005997e+00
0.750000 90.625000 3.864311692933e+00 -9.228285024371e-01 3.972973e+00
0.750000 90.650000 3.760378658931e+00 -1.131916786356e+00 3.927045e+00
0.750000 90.675000 3.633446974410e+00 -1.327462153766e+00 3.868345e+00
0.750000 90.700000 3.485556786562e+00 -1.506341472941e+00 3.797127e+00
0.750000 90.725000 3.319219312979e+00 -1.665779528308e+00 3.713763e+00
0.750000 90.750000 3.137350876602e+00 -1.803424827993e+00 3.618744e+00
0.750000 90.775000 2.943194056382e+00 -1.917411584891e+00 3.512671e+00
0.750000 90.800000 2.740229172443e+00 -2.006405561901e+00 3.396251e+00
0.750000 90.825000 2.532079754907e+00 -2.069632307763e+00 3.270291e+00
0.750000 90.850000 2.322415835874e+00 -2.106887224096e+00 3.135696e+00
0.750000 90.875000 2.114858843136e+00 -2.118527822298e+00 2.993458e+00
0.750000 90.900000 1.912891575250e+00 -2.105449376917e+00 2.844657e+00
0.750000 90.925000 1.719776236442e+00 -2.069045894546e+00 2.690461e+00
0.750000 90.950000 1.538482860728e+00 -2.011158844736e+00 2.532131e+00
0.750000 90.975000 1.371629723646e+00 -1.934016412945e+00 2.371031e+00
0.750000 91.000000 1.221436597303e+00 -1.840166129840e+00 2.208646e+00
0.750000 91.025000 1.089691016020e+00 -1.732403623581e+00 2.046619e+00
0.750000 91.050000 9.777271403317e-01 -1.613699969343e+00 1.886790e+00
0.750000 91.075000 8.864163738458e-01 -1.487129724577e+00 1.731268e+00
0.750000 91.100000 8.161686172170e-01 -1.355801297954e+00 1.582507e+00
0.750000 91.125000 7.669429319624e-01 -1.222790862609e+00 1.443405e+00
0.750000 91.150000 7.382664103972e-01 -1.091080640393e+00 1.317382e+00
0.750000 91.175000 7.292601686158e-01 -9.635020899983e-01 1.208369e+00
0.750000 91.200000 7.386715506100e-01 -8.426843468095e-01 1.120604e+00
0.750000 91.225000 7.649118055324e-01 -7.310081865426e-01 1.058047e+00
0.750000 91.250000 8.060986344352e-01 -6.305658005466e-01 1.023430e+00
0.750000 91.275000 8.601030666849e-01 -5.431267470668e-01 1.017233e+00
0.750000 91.300000 9.246001040603e-01 -4.701105402014e-01 1.037251e+00
0.750000 91.325000 9.971224637443e-01 -4.125664154325e-01 1.079103e+00
0.750000 91.350000 1.075116577563e+00 -3.711608307450e-01 1.137381e+00
0.750000 91.375000 1.155999794405e+00 -3.461731990895e-01 1.206719e+00
0.750000 91.400000 1.237217524314e+00 -3.375001891488e-01 1.282425e+00
0.750000 91.425000 1.316298896624e+00 -3.446686811573e-01 1.360676e+00
0.750000 91.450000 1.390909416811e+00 -3.668571424777e-01 1.438476e+00
0.750000 91.475000 1.458899123596e+00 -4.029248262918e-01 1.513517e+00
0.750000 91.500000 1.518344881336e+00 -4.514478366770e-01 1.584038e+00
0.750000 91.525000 1.567585688907e+00 -5.107607874337e-01 1.648697e+00
0.750000 91.550000 1.605250225209e+00 -5.790025493483e-01 1.706479e+00
0.750000 91.575000 1.630276249709e+00 -6.541644605950e-01 1.756625e+00
0.750000 91.600000 1.641921891851e+00 -7.341393833072e-01 1.798574e+00
0.750000 91.625000 1.639769249779e+00 -8.167701251755e-01 1.831927e+00
0.750000 91.650000 1.623721033943e+00 -8.998959908704e-01 1.856417e+00
0.750000 91.675000 1.593991200561e+00 -9.813965521393e-01 1.871883e+00
0.750000 91.700000 1.551090602991e+00 -1.059232085120e+00 1.878258e+00
0.750000 91.725000 1.495808641899e+00 -1.131480471157e+00 1.875551e+00
0.750000 91.750000 1.429191730974e+00 -1.196370646953e+00 1.863838e+00
0.750000 91.775000 1.352519143375e+00 -1.252312882340e+00 1.843257e+00
0.750000 91.800000 1.267276506975e+00 -1.297926233225e+00 1.814002e+00
0.750000 91.825000 1.175126922974e+00 -1.332063453848e+00 1.776321e+00
0.750000 91.850000 1.077879442873e+00 -1.353833465058e+00 1.730517e+00
0.750000 91.875000 9.774544977505e-01 -1.362621190341e+00 1.676948e+00
0.750000 91.900000 8.758458647081e-01 -1.358104230324e+00 1.616030e+00
0.750000 91.925000 7.750788951795e-01 -1.340265500902e+00 1.548244e+00
0.750000 91.950000 6.771650169068e-01 -1.309400666084e+00 1.474138e+00
0.750000 91.975000 5.840529341402e-01 -1.266119007227e+00 1.394337e+00
0.750000 92.000000 4.975774497357e-01 -1.211336329944e+00 1.309549e+00
0.750000 92.025000 4.194073647506e-01 -1.146258647757e+00 1.220578e+00
0.750000 92.050000 3.509944137936e-01 -1.072355708097e+00 1.128337e+00
0.750000 92.075000 2.935256037385e-01 -9.913239304356e-01 1.033867e+00
0.750000 92.100000 2.478815806119e-01 -9.050389765099e-01 9.383714e-01
0.750000 92.125000 2.146037074549e-01 -8.154989181356e-01 8.432634e-01
0.750000 92.150000 1.938723651951e-01 -7.247597444699e-01 7.502421e-01
0.750000 92.175000 1.854985808839e-01 -6.348656851613e-01 6.614107e-01
0.750000 92.200000 1.889304581383e-01 -5.477774450720e-01 5.794436e-01
0.750000 92.225000 2.032750710875e-01 -4.653018831359e-01 5.077663e-01
0.750000 92.250000 2.273355433422e-01 -3.890268687276e-01 4.505811e-01
0.750000 92.275000 2.596620403464e-01 -3.202649791418e-01 4.123033e-01
0.750000 92.300000 2.986144385061e-01 -2.600093500539e-01 3.959488e-01
0.750000 92.325000 3.424335805300e-01 -2.089043708578e-01 4.011257e-01
0.750000 92.350000 3.893173598391e-01 -1.672330668554e-01 4.237156e-01
0.750000 92.375000 4.374974603697e-01 -1.349219904659e-01 4.578296e-01
0.750000 92.400000 4.853124544516e-01 -1.115633309001e-01 4.979704e-01
0.750000 92.425000 5.312731493058e-01 -9.645283330106e-02 5.399577e-01
0.750000 92.450000 5.741165642726e-01 -8.864108406416e-02 5.809192e-01
0.750000 92.475000 6.128456820871e-01 -8.699485333313e-02 6.189894e-01
0.750000 92.500000 6.467530906588e-01 -9.026455989199e-02 6.530216e-01
0.750000 92.525000 6.754277403965e-01 -9.715358952863e-02 6.823793e-01
0.750000 92.550000 6.987451974154e-01 -1.063851826287e-01 7.067975e-01
0.750000 92.575000 7.168428819830e-01 -1.167629102922e-01 7.262901e-01
0.750000 92.600000 7.300827551496e-01 -1.272213533440e-01 7.410844e-01
0.750000 92.625000 7.390046776582e-01 -1.368644329456e-01 7.515715e-01
0.750000 92.650000 7.442741557419e-01 -1.449898425768e-01 7.582652e-01
0.750000 92.675000 7.466283743975e-01 -1.510991127470e-01 7.617643e-01
0.750000 92.700000 7.468242933910e-01 -1.548939100545e-01 7.627179e-01
0.750000 92.725000 7.455921653633e-01 -1.562601420468e-01 7.617906e-01
0.750000 92.750000 7.435971751063e-01 -1.552422306775e-01 7.596295e-01
0.750000 92.775000 7.414110611041e-01 -1.520104700716e-01 7.568339e-01
0.750000 92.800000 7.394946455707e-01 -1.468246623359e-01 7.539296e-01
0.750000 92.825000 7.381912542501e-01 -1.399972182919e-01 7.513492e-01
0.750000 92.850000 7.377301365394e-01 -1.318586350316e-01 7.494214e-01
0.750000 92.875000 7.382382737980e-01 -1.227277603546e-01 7.483701e-01
0.750000 92.900000 7.397584452472e-01 -1.128885863038e-01 7.483224e-01
0.750000 92.925000 7.422711403228e-01 -1.025745540302e-01 7.493250e-01
0.750000 92.950000 7.457178722500e-01 -9.196057893463e-02 7.513667e-01
0.750000 92.975000 7.500236434474e-01 -8.116229411661e-02 7.544023e-01
0.750000 93.000000 7.551167003189e-01 -7.024142629087e-02 7.583766e-01
0.750000 93.025000 7.609442370111e-01 -5.921580893994e-02 7.632448e-01
0.750000 93.050000 7.674832982893e-01 -4.807232842906e-02 7.689874e-01
0.750000 93.075000 7.747467215935e-01 -3.678109265780e-02 7.756193e-01
0.750000 93.100000 7.827844833953e-01 -2.530928866505e-02 7.831935e-01
0.750000 93.125000 7.916812230045e-01 -1.363351647071e-02 7.917986e-01
0.750000 93.150000 8.015509731074e-01 -1.749798735994e-03 8.015529e-01
0.750000 93.175000 8.125302161444e-01 1.031908985260e-02 8.125957e-01
0.750000 93.200000 8.247703158273e-01 2.251891207938e-02 8.250777e-01
0.750000 93.225000 8.384301694777e-01 3.476147580431e-02 8.391505e-01
0.750000 93.250000 8.536696303605e-01 4.692373551708e-02 8.549583e-01
0.750000 93.275000 8.706439099103e-01 5.884777671843e-02 8.726304e-01
0.750000 93.300000 8.894988404271e-01 7.034102277367e-02 8.922758e-01
0.750000 93.325000 9.103666079063e-01 8.117617523948e-02 9.139786e-01
0.750000 93.350000 9.333613904076e-01 9.109065800910e-02 9.377958e-01
0.750000 93.375000 9.585742832417e-01 9.978563969963e-02 9.637540e-01
0.750000 93.400000 9.860669645147e-01 1.069250096145e-01 9.918473e-01
0.750000 93.425000 1.015863742023e+00 1.121349341404e-01 1.022034e+00
0.750000 93.450000 1.047941898458e+00 1.150047840558e-01 1.054234e+00
0.750000 93.475000 1.082220578224e+00 1.150902728236e-01 1.088323e+00
0.750000 93.500000 1.118548791353e+00 1.119195708502e-01 1.124134e+00
0.750000 93.525000 1.156693403313e+00 1.050029666941e-01 1.161450e+00
0.750000 93.550000 1.196328194336e+00 9.384635423559e-02 1.200003e+00
0.750000 93.575000 1.237025179102e+00 7.796846799021e-02 1.239480e+00
0.750000 93.600000 1.278249361509e+00 5.692140773712e-02 1.279516e+00
0.750000 93.625000 1.319357959327e+00 3.031363138132e-02 1.319706e+00
0.750000 93.650000 1.359604883797e+00 -2.165708748925e-03 1.359607e+00
0.750000 93.675000 1.398150926185e+00 -4.072242428705e-02 1.398744e+00
0.750000 93.700000 1.434079721676e+00 -8.543438457739e-02 1.436622e+00
0.750000 93.725000 1.466419169492e+00 -1.362314712673e-01 1.472734e+00
0.750000 93.750000 1.494167624171e+00 -1.928796926786e-01 1.506565e+00
0.750000 93.775000 1.516323868250e+00 -2.549705371822e-01 1.537611e+00
0.750000 93.800000 1.531919653705e+00 -3.219163586927e-01 1.565378e+00
0.750000 93.825000 1.540053469700e+00 -3.929522661880e-01 1.589395e+00
0.750000 93.850000 1.539924157054e+00 -4.671446642368e-01 1.609220e+00
0.750000 93.875000 1.530863034592e+00 -5.434062902445e-01 1.624448e+00
0.750000 93.900000 1.512363310667e+00 -6.205173365620e-01 1.634712e+00
0.750000 93.925000 1.484105701792e+00 -6.971520425141e-01 1.639692e+00
0.750000 93.950000 1.445979346530e+00 -7.719099938203e-01 1.639116e+00
0.750000 93.975000 1.398097266897e+00 -8.433512671538e-01 1.632764e+00
0.750000 94.000000 1.340805778527e+00 -9.100344917577e-01 1.620470e+00
0.750000 94.025000 1.274687379653e+00 -9.705568511539e-01 1.602126e+00
0.750000 94.050000 1.200556761352e+00 -1.023594999780e+00 1.577683e+00
0.750000 94.075000 1.119449688495e+00 -1.067945809806e+00 1.547151e+00
0.750000 94.100000 1.032604618513e+00 -1.102565787348e+00 1.510604e+00
0.750000 94.125000 9.414370712160e-01 -1.126607908414e+00 1.468179e+00
0.750000 94.150000 8.475069532047e-01 -1.139454535655e+00 1.420079e+00
0.750000 94.175000 7.524792847228e-01 -1.140745007387e+00 1.366574e+00
0.750000 94.200000 6.580790764107e-01 -1.130396465598e+00 1.308000e+00
0.750000 94.225000 5.660414490407e-01 -1.108616536167e+00 1.244762e+00
0.750000 94.250000 4.780584607196e-01 -1.075906616085e+00 1.177334e+00
0.750000 94.275000 3.957244733023e-01 -1.033054775971e+00 1.106255e+00
0.750000 94.300000 3.204822159395e-01 -9.811176579578e-01 1.032134e+00
0.750000 94.325000 2.535719485475e-01 -9.213912326693e-01 9.556467e-01
0.750000 94.350000 1.959862528311e-01 -8.553708539367e-01 8.775363e-01
0.750000 94.375000 1.484329507984e-01 -7.847016824585e-01 7.986170e-01
0.750000 94.400000 1.113084487549e-01 -7.111211948690e-01 7.197798e-01
0.750000 94.425000 8.468342112402e-02 -6.363961005854e-01 6.420057e-01
0.750000 94.450000 6.830219220498e-02 -5.622565007344e-01 5.663899e-01
0.750000 94.475000 6.159647132909e-02 -4.903304897328e-01 4.941843e-01
0.750000 94.500000 6.371328979980e-02 -4.220825774134e-01 4.268642e-01
0.750000 94.525000 7.355613139375e-02 -3.587592677982e-01 3.662222e-01
0.750000 94.550000 8.983740541294e-02 -3.013448565613e-01 3.144511e-01
0.750000 94.575000 1.111396487095e-01 -2.505300089080e-01 2.740754e-01
0.750000 94.600000 1.359822242147e-01 -2.066949786618e-01 2.474146e-01
0.750000 94.625000 1.628898629242e-01 -1.699084716996e-01 2.353763e-01
0.750000 94.650000 1.904592145628e-01 -1.399422014611e-01 2.363441e-01
0.750000 94.675000 2.174196516091e-01 -1.163002004017e-01 2.465706e-01
0.750000 94.700000 2.426849136131e-01 -9.826101298375e-02 2.618228e-01
0.750000 94.725000 2.653927639103e-01 -8.493007542304e-02 2.786511e-01
0.750000 94.750000 2.849306188341e-01 -7.529894933391e-02 2.947124e-01
0.750000 94.775000 3.009460429846e-01 -6.830767143615e-02 3.086008e-01
0.750000 94.800000 3.133420130954e-01 -6.290634215992e-02 3.195942e-01
0.750000 94.825000 3.222578607521e-01 -5.811221368651e-02 3.274556e-01
0.750000 94.850000 3.280377335234e-01 -5.305894162382e-02 3.323011e-01
0.750000 94.875000 3.311891940289e-01 -4.703530143293e-02 3.345125e-01
0.750000 94.900000 3.323351484149e-01 -3.951148921272e-02 3.346757e-01
0.750000 94.925000 3.321626182998e-01 -3.015206023318e-02 3.335283e-01
0.750000 94.950000 3.313719229761e-01 -1.881553247922e-02 3.319057e-01
0.750000 94.975000 3.306296235838e-01 -5.541618800564e-03 3.306761e-01
0.750000 95.000000 3.305281224026e-01 9.472123259787e-03 3.306638e-01
0.750000 95.025000 3.315541526189e-01 2.590178293048e-02 3.325644e-01
0.750000 95.050000 3.340675970441e-01 4.333385613320e-02 3.368664e-01
0.750000 95.075000 3.382912087538e-01 6.130421604077e-02 3.438010e-01
0.750000 95.100000 3.443109468344e-01 7.933630297069e-02 3.533331e-01
0.750000 95.125000 3.520858578346e-01 9.697584298938e-02 3.651969e-01
0.750000 95.150000 3.614657902706e-01 1.138199021361e-01 3.789624e-01
0.750000 95.175000 3.722147729642e-01 1.295387242159e-01 3.941118e-01
0.750000 95.200000 3.840376466387e-01 1.438895206644e-01 4.101087e-01
0.750000 95.225000 3.966075196750e-01 1.567221127485e-01 4.264497e-01
0.750000 95.250000 4.095918099092e-01 1.679770033925e-01 4.426982e-01
0.750000 95.275000 4.226750025929e-01 1.776770208594e-01 4.585011e-01
0.750000 95.300000 4.355767529058e-01 1.859140859389e-01 4.735939e-01
0.750000 95.325000 4.480645327642e-01 1.928328823439e-01 4.877974e-01
0.750000 95.350000 4.599606056593e-01 1.986132502438e-01 5.010100e-01
0.750000 95.375000 4.711436522153e-01 2.034529879440e-01 5.131953e-01
0.750000 95.400000 4.815458140601e-01 2.075524661134e-01 5.243705e-01
0.750000 95.425000 4.911462387060e-01 2.111020749837e-01 5.345921e-01
0.750000 95.450000 4.999623740611e-01 2.142730874103e-01 5.439442e-01
0.750000 95.475000 5.080402760129e-01 2.172120811840e-01 5.525269e-01
0.750000 95.500000 5.154450708926e-01 2.200386699697e-01 5.604468e-01
0.750000 95.525000 5.222524850372e-01 2.228459821198e-01 5.678098e-01
0.750000 95.550000 5.285420543159e-01 2.257031258591e-01 5.747161e-01
0.750000 95.575000 5.343923001016e-01 2.286587985830e-01 5.812572e-01
0.750000 95.600000 5.398778467784e-01 2.317452327909e-01 5.875151e-01
0.750000 95.625000 5.450681957201e-01 2.349818035928e-01 5.935619e-01
0.750000 95.650000 5.500276883416e-01 2.383778246652e-01 5.994618e-01
0.750000 95.675000 5.548161006594e-01 2.419342968756e-01 6.052711e-01
0.750000 95.700000 5.594893150988e-01 2.456446112140e-01 6.110397e-01
0.750000 95.725000 5.640996011523e-01 2.494944131787e-01 6.168110e-01
0.750000 95.750000 5.686951842396e-01 2.534609846056e-01 6.226208e-01
0.750000 95.775000 5.733189647942e-01 2.575125762264e-01 6.284961e-01
0.750000 95.800000 5.780064380310e-01 2.616081261445e-01 6.344527e-01
0.750000 95.825000 5.827830318642e-01 2.656977327258e-01 6.404931e-01
0.750000 95.850000 5.876612042959e-01 2.697241306957e-01 6.466041e-01
0.750000 95.875000 5.926377086100e-01 2.736252680020e-01 6.527559e-01
0.750000 95.900000 5.976914404191e-01 2.773379220489e-01 6.589016e-01
0.750000 95.925000 6.027822296027e-01 2.808021498275e-01 6.649784e-01
0.750000 95.950000 6.078508445708e-01 2.839662554054e-01 6.709094e-01
0.750000 95.975000 6.128203532401e-01 2.867918917507e-01 6.766080e-01
0.750000 96.000000 6.175988537491e-01 2.892588957420e-01 6.819817e-01
0.750000 96.025000 6.220834662301e-01 2.913694817903e-01 6.869381e-01
0.750000 96.050000 6.261653790059e-01 2.931514809450e-01 6.913905e-01
0.750000 96.075000 6.297356767871e-01 2.946603950136e-01 6.952638e-01
0.750000 96.100000 6.326916466992e-01 2.959801242989e-01 6.985005e-01
0.750000 96.125000 6.349432561005e-01 2.972223098638e-01 7.010664e-01
0.750000 96.150000 6.364195153552e-01 2.985242974738e-01 7.029556e-01
0.750000 96.175000 6.370744677730e-01 3.000457765149e-01 7.041955e-01
0.750000 96.200000 6.368925767799e-01 3.019641749058e-01 7.048507e-01
0.750000 96.225000 6.358932985750e-01 3.044689068413e-01 7.050260e-01
0.750000 96.250000 6.341346331540e-01 3.077545838729e-01 7.048685e-01
0.750000 96.275000 6.317154391802e-01 3.120133218819e-01 7.045685e-01
0.750000 96.300000 6.287762857555e-01 3.174263157116e-01 7.043572e-01
0.750000 96.325000 6.254986078393e-01 3.241549142322e-01 7.045033e-01
0.750000 96.350000 6.221019450720e-01 3.323315102510e-01 7.053049e-01
0.750000 96.375000 6.188390886835e-01 3.420506543603e-01 7.070788e-01
0.750000 96.400000 6.159890469810e-01 3.533608960093e-01 7.101454e-01
0.750000 96.425000 6.138478697708e-01 3.662579310811e-01 7.148105e-01
0.750000 96.450000 6.127175414209e-01 3.806796737787e-01 7.213458e-01
0.750000 96.475000 6.128933485137e-01 3.965038540392e-01 7.299682e-01
0.750000 96.500000 6.146503313351e-01 4.135486573028e-01 7.408222e-01
0.750000 96.525000 6.182296138058e-01 4.315767662745e-01 7.539671e-01
0.750000 96.550000 6.238255468987e-01 4.503029389424e-01 7.693706e-01
0.750000 96.575000 6.315746709136e-01 4.694049783032e-01 7.869102e-01
0.750000 96.600000 6.415474825353e-01 4.885376410062e-01 8.063822e-01
0.750000 96.625000 6.537438726662e-01 5.073487253665e-01 8.275166e-01
0.750000 96.650000 6.680928810880e-01 5.254963082751e-01 8.499967e-01
0.750000 96.675000 6.844571066452e-01 5.426658990457e-01 8.734803e-01
0.750000 96.700000 7.026417409409e-01 5.585861746450e-01 8.976213e-01
0.750000 96.725000 7.224077927063e-01 5.730419745561e-01 9.220901e-01
0.750000 96.750000 7.434886779798e-01 5.858833722873e-01 9.465911e-01
0.750000 96.775000 7.656090081582e-01 5.970298985095e-01 9.708768e-01
0.750000 96.800000 7.885041506156e-01 6.064693490427e-01 9.947582e-01
0.750000 96.825000 8.119389939218e-01 6.142510391775e-01 1.018111e+00
0.750000 96.850000 8.357243395269e-01 6.204738257675e-01 1.040876e+00
0.750000 96.875000 8.597294687220e-01 6.252696680123e-01 1.063060e+00
0.750000 96.900000 8.838896886017e-01 6.287838955191e-01 1.084726e+00
0.750000 96.925000 9.082080220961e-01 6.311536620110e-01 1.105982e+00
0.750000 96.950000 9.327506434651e-01 6.324862578828e-01 1.126971e+00
0.750000 96.975000 9.576361344074e-01 6.328390190567e-01 1.147847e+00
0.750000 97.000000 9.830191076110e-01 6.322025001360e-01 1.168763e+00
0.750000 97.025000 1.009069176844e+00 6.304883854849e-01 1.189847e+00
0.750000 97.050000 1.035946613986e+00 6.275233114684e-01 1.211186e+00
0.750000 97.075000 1.063776300359e+00 6.230493927306e-01 1.232806e+00
0.750000 97.100000 1.092621738496e+00 6.167318149891e-01 1.254663e+00
0.750000 97.125000 1.122460936561e+00 6.081734067680e-01 1.276634e+00
0.750000 97.150000 1.153165914716e+00 5.969356607993e-01 1.298508e+00
0.750000 97.175000 1.184487420655e+00 5.825652661855e-01 1.319997e+00
0.750000 97.200000 1.216046193872e+00 5.646248532776e-01 1.340735e+00
0.750000 97.225000 1.247331800205e+00 5.427263579370e-01 1.360290e+00
0.750000 97.250000 1.277709684775e+00 5.165651896469e-01 1.378181e+00
0.750000 97.275000 1.306436676591e+00 4.859532454182e-01 1.393889e+00
0.750000 97.300000 1.332684734845e+00 4.508487540732e-01 1.406881e+00
0.750000 97.325000 1.355572268211e+00 4.113809687424e-01 1.416619e+00
0.750000 97.350000 1.374201898530e+00 3.678678550867e-01 1.422588e+00
0.750000 97.375000 1.387703096362e+00 3.208251544051e-01 1.424306e+00
0.750000 97.400000 1.395277709234e+00 2.709655381213e-01 1.421345e+00
0.750000 97.425000 1.396246059735e+00 2.191870127548e-01 1.413346e+00
0.750000 97.450000 1.390091039295e+00 1.665502751820e-01 1.400033e+00
0.750000 97.475000 1.376497495446e+00 1.142453403835e-01 1.381230e+00
0.750000 97.500000 1.355384234821e+00 6.354844068153e-02 1.356873e+00
0.750000 97.525000 1.326926164430e+00 1.577088818961e-02 1.327020e+00
0.750000 97.550000 1.291564482756e+00 -2.779774755007e-02 1.291864e+00
0.750000 97.575000 1.250003408485e+00 -6.594922220611e-02 1.251742e+00
0.750000 97.600000 1.203192679051e+00 -9.761560728423e-02 1.207146e+00
0.750000 97.625000 1.152295925857e+00 -1.219241066651e-01 1.158728e+00
0.750000 97.650000 1.098645982247e+00 -1.382441276426e-01 1.107310e+00
0.750000 97.675000 1.043689133696e+00 -1.462233117527e-01 1.053882e+00
0.750000 97.700000 9.889211980055e-01 -1.458097769591e-01 9.996127e-01
0.750000 97.725000 9.358190456866e-01 -1.372586169990e-01 9.458315e-01
0.750000 97.750000 8.857716630957e-01 -1.211216986433e-01 8.940145e-01
0.750000 97.775000 8.400150647189e-01 -9.822092287614e-02 8.457379e-01
0.750000 97.800000 7.995752404117e-01 -6.960628330854e-02 8.025993e-01
0.750000 97.825000 7.652228710611e-01 -3.650116637729e-02 7.660929e-01
0.750000 97.850000 7.374427856615e-01 -2.382944530327e-04 7.374428e-01
0.750000 97.875000 7.164201183052e-01 3.780957385734e-02 7.174171e-01
0.750000 97.900000 7.020439354891e-01 7.629967147927e-02 7.061780e-01
0.750000 97.925000 6.939278420210e-01 1.139854181201e-01 7.032272e-01
0.750000 97.950000 6.914458467712e-01 1.497745403705e-01 7.074813e-01
0.750000 97.975000 6.937806852563e-01 1.827755305639e-01 7.174528e-01
0.750000 98.000000 6.999809497347e-01 2.123297956764e-01 7.314761e-01
0.750000 98.025000 7.090228418616e-01 2.380279810025e-01 7.479109e-01
0.750000 98.050000 7.198721806946e-01 2.597101797760e-01 7.652877e-01
0.750000 98.075000 7.315424782772e-01 2.774509483720e-01 7.823896e-01
0.750000 98.100000 7.431454094841e-01 2.915311300716e-01 7.982828e-01
0.750000 98.125000 7.539307938960e-01 3.023993561379e-01 8.123158e-01
0.750000 98.150000 7.633141917449e-01 3.106266727550e-01 8.240980e-01
0.750000 98.175000 7.708912942778e-01 3.168579983450e-01 8.334701e-01
0.750000 98.200000 7.764393572416e-01 3.217640435848e-01 8.404702e-01
0.750000 98.225000 7.799068868623e-01 3.259969544705e-01 8.452980e-01
0.750000 98.250000 7.813935593155e-01 3.301523238364e-01 8.482785e-01
0.750000 98.275000 7.811228801379e-01 3.347394364381e-01 8.498255e-01
0.750000 98.300000 7.794103413016e-01 3.401607563431e-01 8.504057e-01
0.750000 98.325000 7.766298132567e-01 3.467008231754e-01 8.505030e-01
0.750000 98.350000 7.731806479643e-01 3.545239773336e-01 8.505854e-01
0.750000 98.375000 7.694575206970e-01 3.636797478186e-01 8.510745e-01
0.750000 98.400000 7.658244724781e-01 3.741143507310e-01 8.523196e-01
0.750000 98.425000 7.625940072358e-01 3.856865764662e-01 8.545781e-01
0.750000 98.450000 7.600115209997e-01 3.981863778140e-01 8.580034e-01
0.750000 98.475000 7.582448566148e-01 4.113546754923e-01 8.626401e-01
0.750000 98.500000 7.573784307463e-01 4.249032211969e-01 8.684266e-01
0.750000 98.525000 7.574111930449e-01 4.385337406474e-01 8.752049e-01
0.750000 98.550000 7.582576502226e-01 4.519559586260e-01 8.827337e-01
0.750000 98.575000 7.597512994330e-01 4.649044294101e-01 8.907066e-01
0.750000 98.600000 7.616500278697e-01 4.771543168552e-01 8.987697e-01
0.750000 98.625000 7.636433001501e-01 4.885363638080e-01 9.065423e-01
0.750000 98.650000 7.653612190596e-01 4.989512550187e-01 9.136357e-01
0.750000 98.675000 7.663857589295e-01 5.083834249673e-01 9.196743e-01
0.750000 98.700000 7.662645938221e-01 5.169141219960e-01 9.243168e-01
0.750000 98.725000 7.645279484300e-01 5.247332546790e-01 9.272799e-01
0.750000 98.750000 7.607087785865e-01 5.321492632443e-01 9.283645e-01
0.750000 98.775000 7.543663485141e-01 5.395960257547e-01 9.274872e-01
0.750000 98.800000 7.451129374105e-01 5.476356671946e-01 9.247152e-01
0.750000 98.825000 7.326430155218e-01 5.569561202391e-01 9.203075e-01
0.750000 98.850000 7.167638244721e-01 5.683624054233e-01 9.147602e-01
0.750000 98.875000 6.974259261926e-01 5.827608559097e-01 9.088526e-01
0.750000 98.900000 6.747519946103e-01 6.011358922615e-01 9.036894e-01
0.750000 98.925000 6.490619521199e-01 6.245194259911e-01 9.007252e-01
0.750000 98.950000 6.208925251097e-01 6.539534968038e-01 9.017553e-01
0.750000 98.975000 5.910094217489e-01 6.904472808405e-01 9.088507e-01
0.750000 99.000000 5.604106180200e-01 7.349300976843e-01 9.242198e-01
0.750000 99.025000 5.303196571187e-01 7.882024474535e-01 9.500011e-01
0.750000 99.050000 5.021683925433e-01 8.508873885729e-01 9.880195e-01
0.750000 99.075000 4.775691964085e-01 9.233846951793e-01 1.039573e+00
0.750000 99.100000 4.582772657521e-01 1.005830197285e+00 1.105311e+00
0.750000 99.125000 4.461442431687e-01 1.098062507584e+00 1.185237e+00
0.750000 99.150000 4.430648789491e-01 1.199598990936e+00 1.278806e+00
0.750000 99.175000 4.509188614915e-01 1.309622363252e+00 1.385077e+00
0.750000 99.200000 4.715102024150e-01 1.426978752651e+00 1.502861e+00
0.750000 99.225000 5.065066660759e-01 1.550187460807e+00 1.630837e+00
0.750000 99.250000 5.573816770660e-01 1.677462072151e+00 1.767641e+00
0.750000 99.275000 6.253609342998e-01 1.806742017390e+00 1.911908e+00
0.750000 99.300000 7.113756294180e-01 1.935733244301e+00 2.062309e+00
0.750000 99.325000 8.160237435361e-01 2.061956312846e+00 2.217557e+00
0.750000 99.350000 9.395404198661e-01 2.182800031332e+00 2.376416e+00
0.750000 99.375000 1.081777923552e+00 2.295578690698e+00 2.537701e+00
0.750000 99.400000 1.242195246115e+00 2.397591026518e+00 2.700276e+00
0.750000 99.425000 1.419857026830e+00 2.486179221849e+00 2.863055e+00
0.750000 99.450000 1.613441174776e+00 2.558786527621e+00 3.024993e+00
0.750000 99.475000 1.821254398830e+00 2.613012382562e+00 3.185090e+00
0.750000 99.500000 2.041254790829e+00 2.646664221377e+00 3.342387e+00
0.750000 99.525000 2.271080647685e+00 2.657805429121e+00 3.495960e+00
0.750000 99.550000 2.508084837584e+00 2.644799099661e+00 3.644921e+00
0.750000 99.575000 2.749374179717e+00 2.606347364992e+00 3.788417e+00
0.750000 99.600000 2.991853477060e+00 2.541526071878e+00 3.925626e+00
0.750000 99.625000 3.232273977701e+00 2.449814499022e+00 4.055760e+00
0.750000 99.650000 3.467286106473e+00 2.331119652565e+00 4.178061e+00
0.750000 99.675000 3.693496279291e+00 2.185794482849e+00 4.291808e+00
0.750000 99.700000 3.907527474638e+00 2.014649171996e+00 4.396315e+00
0.750000 99.725000 4.106082993138e+00 1.818954494336e+00 4.490937e+00
0.750000 99.750000 4.286012506216e+00 1.600436191552e+00 4.575074e+00
0.750000 99.775000 4.444379112563e+00 1.361259365065e+00 4.648175e+00
0.750000 99.800000 4.578525731746e+00 1.104002089617e+00 4.709747e+00
0.750000 99.825000 4.686138819299e+00 8.316177972986e-01 4.759358e+00
0.750000 99.850000 4.765307138241e+00 5.473864550911e-01 4.796643e+00
0.750000 99.875000 4.814573213026e+00 2.548551279054e-01 4.821314e+00
0.750000 99.900000 4.832975154844e+00 -4.223086486598e-02 4.833160e+00
0.750000 99.925000 4.820076796686e+00 -3.400043862015e-01 4.832054e+00
0.750000 99.950000 4.775984505895e+00 -6.345581655975e-01 4.817955e+00
0.750000 99.975000 4.701349624599e+00 -9.220289806098e-01 4.790911e+00
0.750000 100.000000 4.597356178542e+00 -1.198681357300e+00 4.751055e+00
