# zline X=10000000 rho=0.6 C(X)=1 mode=v
# sigma t ReF ImF |F|
0.950000 0.100000 -1.594733171814e+00 -4.802239824005e+00 5.060107e+00
0.950000 0.125000 -8.508233087798e-01 -4.140494303384e+00 4.227008e+00
0.950000 0.150000 -3.967272488765e-01 -3.602739279739e+00 3.624517e+00
0.950000 0.175000 -1.035980975526e-01 -3.172559319599e+00 3.174250e+00
0.950000 0.200000 9.486207102830e-02 -2.826103496772e+00 2.827695e+00
0.950000 0.225000 2.346413443073e-01 -2.543383383618e+00 2.554184e+00
0.950000 0.250000 3.363606725700e-01 -2.309332885904e+00 2.333700e+00
0.950000 0.275000 4.124281350610e-01 -2.112873715521e+00 2.152750e+00
0.950000 0.300000 4.706366615940e-01 -1.945855099335e+00 2.001962e+00
0.950000 0.325000 5.160659070725e-01 -1.802221638898e+00 1.874654e+00
0.950000 0.350000 5.521353063016e-01 -1.677416213052e+00 1.765950e+00
0.950000 0.375000 5.812119608610e-01 -1.567962047212e+00 1.672218e+00
0.950000 0.400000 6.049748440827e-01 -1.471170762714e+00 1.590704e+00
0.950000 0.425000 6.246403719825e-01 -1.384936921418e+00 1.519285e+00
0.950000 0.450000 6.411063287868e-01 -1.307591803311e+00 1.456301e+00
0.950000 0.475000 6.550461923135e-01 -1.237798016268e+00 1.400439e+00
0.950000 0.500000 6.669724686816e-01 -1.174472556633e+00 1.350644e+00
0.950000 0.525000 6.772801609687e-01 -1.116729940910e+00 1.306061e+00
0.950000 0.550000 6.862771983993e-01 -1.063839679139e+00 1.265990e+00
0.950000 0.575000 6.942061165927e-01 -1.015194123948e+00 1.229854e+00
0.950000 0.600000 7.012597462550e-01 -9.702839134166e-01 1.197170e+00
0.950000 0.625000 7.075927205195e-01 -9.286790303567e-01 1.167533e+00
0.950000 0.650000 7.133300143914e-01 -8.900140545694e-01 1.140598e+00
0.950000 0.675000 7.185733467795e-01 -8.539765717992e-01 1.116075e+00
0.950000 0.700000 7.234060252354e-01 -8.202979778514e-01 1.093712e+00
0.950000 0.725000 7.278966465292e-01 -7.887461143446e-01 1.073291e+00
0.950000 0.750000 7.321019522002e-01 -7.591193172215e-01 1.054626e+00
0.950000 0.775000 7.360690582637e-01 -7.312415659343e-01 1.037551e+00
0.950000 0.800000 7.398372205183e-01 -7.049585004927e-01 1.021923e+00
0.950000 0.825000 7.434392539733e-01 -6.801341323277e-01 1.007613e+00
0.950000 0.850000 7.469026923157e-01 -6.566481181116e-01 9.945101e-01
0.950000 0.875000 7.502507483439e-01 -6.343934968712e-01 9.825127e-01
0.950000 0.900000 7.535031172925e-01 -6.132748127457e-01 9.715312e-01
0.950000 0.925000 7.566766509821e-01 -5.932065608582e-01 9.614851e-01
0.950000 0.950000 7.597859210386e-01 -5.741119039496e-01 9.523020e-01
0.950000 0.975000 7.628436834271e-01 -5.559216143303e-01 9.439170e-01
0.950000 1.000000 7.658612535631e-01 -5.385732007532e-01 9.362716e-01
0.950000 1.025000 7.688488005729e-01 -5.220101840887e-01 9.293132e-01
0.950000 1.050000 7.718155700518e-01 -5.061814899712e-01 9.229946e-01
0.950000 1.075000 7.747700460811e-01 -4.910409313133e-01 9.172730e-01
0.950000 1.100000 7.777200645851e-01 -4.765467588546e-01 9.121104e-01
0.950000 1.125000 7.806728906787e-01 -4.626612635313e-01 9.074721e-01
0.950000 1.150000 7.836352721277e-01 -4.493504200508e-01 9.033272e-01
0.950000 1.175000 7.866134792484e-01 -4.365835661093e-01 8.996477e-01
0.950000 1.200000 7.896133386447e-01 -4.243331157131e-01 8.964083e-01
0.950000 1.225000 7.926402644882e-01 -4.125743076390e-01 8.935861e-01
0.950000 1.250000 7.956992870987e-01 -4.012849909787e-01 8.911605e-01
0.950000 1.275000 7.987950749795e-01 -3.904454489508e-01 8.891126e-01
0.950000 1.300000 8.019319437874e-01 -3.800382599794e-01 8.874254e-01
0.950000 1.325000 8.051138443954e-01 -3.700481918883e-01 8.860835e-01
0.950000 1.350000 8.083443225217e-01 -3.604621215276e-01 8.850726e-01
0.950000 1.375000 8.116264443222e-01 -3.512689689184e-01 8.843797e-01
0.950000 1.400000 8.149626856689e-01 -3.424596326622e-01 8.839925e-01
0.950000 1.425000 8.183547870743e-01 -3.340269124150e-01 8.838996e-01
0.950000 1.450000 8.218035807881e-01 -3.259654049308e-01 8.840897e-01
0.950000 1.475000 8.253088008053e-01 -3.182713625672e-01 8.845515e-01
0.950000 1.500000 8.288688897690e-01 -3.109425069718e-01 8.852733e-01
0.950000 1.525000 8.324808185338e-01 -3.039777954826e-01 8.862431e-01
0.950000 1.550000 8.361399342039e-01 -2.973771429760e-01 8.874476e-01
0.950000 1.575000 8.398398507384e-01 -2.911411068080e-01 8.888724e-01
0.950000 1.600000 8.435723929660e-01 -2.852705465048e-01 8.905019e-01
0.950000 1.625000 8.473276004908e-01 -2.797662724731e-01 8.923190e-01
0.950000 1.650000 8.510937931328e-01 -2.746286989367e-01 8.943051e-01
0.950000 1.675000 8.548576948221e-01 -2.698575155332e-01 8.964400e-01
0.950000 1.700000 8.586046089232e-01 -2.654513897312e-01 8.987026e-01
0.950000 1.725000 8.623186352246e-01 -2.614077088753e-01 9.010702e-01
0.950000 1.750000 8.659829175871e-01 -2.577223667989e-01 9.035194e-01
0.950000 1.775000 8.695799115213e-01 -2.543895961751e-01 9.060261e-01
0.950000 1.800000 8.730916625543e-01 -2.514018446617e-01 9.085659e-01
0.950000 1.825000 8.765000887339e-01 -2.487496908767e-01 9.111141e-01
0.950000 1.850000 8.797872634776e-01 -2.464217955366e-01 9.136462e-01
0.950000 1.875000 8.829356976363e-01 -2.444048837000e-01 9.161382e-01
0.950000 1.900000 8.859286215639e-01 -2.426837557485e-01 9.185668e-01
0.950000 1.925000 8.887502688287e-01 -2.412413270950e-01 9.209096e-01
0.950000 1.950000 8.913861627593e-01 -2.400586990995e-01 9.231454e-01
0.950000 1.975000 8.938234053717e-01 -2.391152657392e-01 9.252548e-01
0.950000 2.000000 8.960509656317e-01 -2.383888617545e-01 9.272198e-01
0.950000 2.025000 8.980599609205e-01 -2.378559579165e-01 9.290248e-01
0.950000 2.050000 8.998439225466e-01 -2.374919076374e-01 9.306565e-01
0.950000 2.075000 9.013990337325e-01 -2.372712464544e-01 9.321040e-01
0.950000 2.100000 9.027243271710e-01 -2.371680422928e-01 9.333595e-01
0.950000 2.125000 9.038218293025e-01 -2.371562903278e-01 9.344180e-01
0.950000 2.150000 9.046966400268e-01 -2.372103422975e-01 9.352779e-01
0.950000 2.175000 9.053569394616e-01 -2.373053568233e-01 9.359407e-01
0.950000 2.200000 9.058139172892e-01 -2.374177551487e-01 9.364113e-01
0.950000 2.225000 9.060816246565e-01 -2.375256660098e-01 9.366976e-01
0.950000 2.250000 9.061767529571e-01 -2.376093441757e-01 9.368108e-01
0.950000 2.275000 9.061183475598e-01 -2.376515493961e-01 9.367650e-01
0.950000 2.300000 9.059274671895e-01 -2.376378757162e-01 9.365769e-01
0.950000 2.325000 9.056268009487e-01 -2.375570248421e-01 9.362656e-01
0.950000 2.350000 9.052402548399e-01 -2.374010209176e-01 9.358521e-01
0.950000 2.375000 9.047925182650e-01 -2.371653671455e-01 9.353592e-01
0.950000 2.400000 9.043086187445e-01 -2.368491467443e-01 9.348110e-01
0.950000 2.425000 9.038134704889e-01 -2.364550715350e-01 9.342322e-01
0.950000 2.450000 9.033314200683e-01 -2.359894810002e-01 9.336481e-01
0.950000 2.475000 9.028857907411e-01 -2.354622931715e-01 9.330837e-01
0.950000 2.500000 9.024984264198e-01 -2.348869065966e-01 9.325638e-01
0.950000 2.525000 9.021892369460e-01 -2.342800504565e-01 9.321119e-01
0.950000 2.550000 9.019757482372e-01 -2.336615782181e-01 9.317500e-01
0.950000 2.575000 9.018726637072e-01 -2.330541995292e-01 9.314980e-01
0.950000 2.600000 9.018914465989e-01 -2.324831457429e-01 9.313735e-01
0.950000 2.625000 9.020399359723e-01 -2.319757666306e-01 9.313908e-01
0.950000 2.650000 9.023220113875e-01 -2.315610593996e-01 9.315608e-01
0.950000 2.675000 9.027373223008e-01 -2.312691356928e-01 9.318906e-01
0.950000 2.700000 9.032810974719e-01 -2.311306372810e-01 9.323830e-01
0.950000 2.725000 9.039440471435e-01 -2.311761159623e-01 9.330366e-01
0.950000 2.750000 9.047123665174e-01 -2.314353971002e-01 9.338452e-01
0.950000 2.775000 9.055678435543e-01 -2.319369486326e-01 9.347983e-01
0.950000 2.800000 9.064880679114e-01 -2.327072778805e-01 9.358810e-01
0.950000 2.825000 9.074467316930e-01 -2.337703768956e-01 9.370743e-01
0.950000 2.850000 9.084140073232e-01 -2.351472335379e-01 9.383551e-01
0.950000 2.875000 9.093569839332e-01 -2.368554203606e-01 9.396971e-01
0.950000 2.900000 9.102401416559e-01 -2.389087672931e-01 9.410709e-01
0.950000 2.925000 9.110258433602e-01 -2.413171178083e-01 9.424447e-01
0.950000 2.950000 9.116748255275e-01 -2.440861624964e-01 9.437844e-01
0.950000 2.975000 9.121466739087e-01 -2.472173394257e-01 9.450545e-01
0.950000 3.000000 9.124002746131e-01 -2.507077878612e-01 9.462181e-01
0.950000 3.025000 9.123942368022e-01 -2.545503410904e-01 9.472376e-01
0.950000 3.050000 9.120872883123e-01 -2.587335452426e-01 9.480750e-01
0.950000 3.075000 9.114386497549e-01 -2.632416938010e-01 9.486920e-01
0.950000 3.100000 9.104083953676e-01 -2.680548714735e-01 9.490505e-01
0.950000 3.125000 9.089578098797e-01 -2.731490055709e-01 9.491126e-01
0.950000 3.150000 9.070497499043e-01 -2.784959273512e-01 9.488410e-01
0.950000 3.175000 9.046490161299e-01 -2.840634493148e-01 9.481993e-01
0.950000 3.200000 9.017227392991e-01 -2.898154667173e-01 9.471520e-01
0.950000 3.225000 8.982407792389e-01 -2.957120923775e-01 9.456649e-01
0.950000 3.250000 8.941761326154e-01 -3.017098331942e-01 9.437053e-01
0.950000 3.275000 8.895053421753e-01 -3.077618149009e-01 9.412423e-01
0.950000 3.300000 8.842088983970e-01 -3.138180588899e-01 9.382468e-01
0.950000 3.325000 8.782716238402e-01 -3.198258119542e-01 9.346922e-01
0.950000 3.350000 8.716830310180e-01 -3.257299270465e-01 9.305543e-01
0.950000 3.375000 8.644376460586e-01 -3.314732910801e-01 9.258115e-01
0.950000 3.400000 8.565352923193e-01 -3.369972946600e-01 9.204455e-01
0.950000 3.425000 8.479813300268e-01 -3.422423385259e-01 9.144409e-01
0.950000 3.450000 8.387868494412e-01 -3.471483722209e-01 9.077860e-01
0.950000 3.475000 8.289688156457e-01 -3.516554617741e-01 9.004726e-01
0.950000 3.500000 8.185501626866e-01 -3.557043844997e-01 8.924965e-01
0.950000 3.525000 8.075598334597e-01 -3.592372499025e-01 8.838576e-01
0.950000 3.550000 7.960327597646e-01 -3.621981456685e-01 8.745603e-01
0.950000 3.575000 7.840097747441e-01 -3.645338065318e-01 8.646133e-01
0.950000 3.600000 7.715374480677e-01 -3.661943013611e-01 8.540306e-01
0.950000 3.625000 7.586678332841e-01 -3.671337302370e-01 8.428310e-01
0.950000 3.650000 7.454581172062e-01 -3.673109190247e-01 8.310386e-01
0.950000 3.675000 7.319701633421e-01 -3.666900945192e-01 8.186831e-01
0.950000 3.700000 7.182699452713e-01 -3.652415193728e-01 8.057997e-01
0.950000 3.725000 7.044268712958e-01 -3.629420633473e-01 7.924293e-01
0.950000 3.750000 6.905130081728e-01 -3.597756865711e-01 7.786185e-01
0.950000 3.775000 6.766022186053e-01 -3.557338117624e-01 7.644195e-01
0.950000 3.800000 6.627692336190e-01 -3.508155659123e-01 7.498897e-01
0.950000 3.825000 6.490886862131e-01 -3.450278774964e-01 7.350921e-01
0.950000 3.850000 6.356341360495e-01 -3.383854224081e-01 7.200941e-01
0.950000 3.875000 6.224771159819e-01 -3.309104197629e-01 7.049677e-01
0.950000 3.900000 6.096862297476e-01 -3.226322866646e-01 6.897890e-01
0.950000 3.925000 5.973263262830e-01 -3.135871680887e-01 6.746374e-01
0.950000 3.950000 5.854577703337e-01 -3.038173634624e-01 6.595952e-01
0.950000 3.975000 5.741358220004e-01 -2.933706747557e-01 6.447467e-01
0.950000 4.000000 5.634101304206e-01 -2.822997016851e-01 6.301778e-01
0.950000 4.025000 5.533243398310e-01 -2.706611080212e-01 6.159750e-01
0.950000 4.050000 5.439158005380e-01 -2.585148793629e-01 6.022245e-01
0.950000 4.075000 5.352153734719e-01 -2.459235877013e-01 5.890110e-01
0.950000 4.100000 5.272473152905e-01 -2.329516724543e-01 5.764167e-01
0.950000 4.125000 5.200292314654e-01 -2.196647422072e-01 5.645202e-01
0.950000 4.150000 5.135720870989e-01 -2.061288969370e-01 5.533944e-01
0.950000 4.175000 5.078802688509e-01 -1.924100675794e-01 5.431059e-01
0.950000 4.200000 5.029516955749e-01 -1.785733687570e-01 5.337123e-01
0.950000 4.225000 4.987779793023e-01 -1.646824613437e-01 5.252616e-01
0.950000 4.250000 4.953446413798e-01 -1.507989240255e-01 5.177901e-01
0.950000 4.275000 4.926313903022e-01 -1.369816366410e-01 5.113215e-01
0.950000 4.300000 4.906124678045e-01 -1.232861821793e-01 5.058657e-01
0.950000 4.325000 4.892570680508e-01 -1.097642781758e-01 5.014187e-01
0.950000 4.350000 4.885298315371e-01 -9.646325122907e-02 4.979624e-01
0.950000 4.375000 4.883914110583e-01 -8.342556997085e-02 4.954654e-01
0.950000 4.400000 4.887991024098e-01 -7.068845178928e-02 4.938840e-01
0.950000 4.425000 4.897075280134e-01 -5.828355691266e-02 4.931637e-01
0.950000 4.450000 4.910693579922e-01 -4.623678034169e-02 4.932413e-01
0.950000 4.475000 4.928360507866e-01 -3.456814799835e-02 4.940469e-01
0.950000 4.500000 4.949585944453e-01 -2.329181887526e-02 4.955063e-01
0.950000 4.525000 4.973882302309e-01 -1.241619050451e-02 4.975432e-01
0.950000 4.550000 5.000771419409e-01 -1.944101204970e-03 5.000809e-01
0.950000 4.575000 5.029790969641e-01 8.126880319849e-03 5.030447e-01
0.950000 4.600000 5.060500281133e-01 1.780408922584e-02 5.063631e-01
0.950000 4.625000 5.092485482086e-01 2.709933449199e-02 5.099691e-01
0.950000 4.650000 5.125363918642e-01 3.602841632982e-02 5.138011e-01
0.950000 4.675000 5.158787807072e-01 4.461060213500e-02 5.178040e-01
0.950000 4.700000 5.192447093058e-01 5.286807139065e-02 5.219292e-01
0.950000 4.725000 5.226071495485e-01 6.082533955898e-02 5.261349e-01
0.950000 4.750000 5.259431714210e-01 6.850867119994e-02 5.303863e-01
0.950000 4.775000 5.292339784665e-01 7.594549341252e-02 5.346553e-01
0.950000 4.800000 5.324648571046e-01 8.316382208196e-02 5.389203e-01
0.950000 4.825000 5.356250407539e-01 9.019171502149e-02 5.431655e-01
0.950000 4.850000 5.387074925074e-01 9.705676746160e-02 5.473808e-01
0.950000 4.875000 5.417086139080e-01 1.037856659436e-01 5.515611e-01
0.950000 4.900000 5.446278918628e-01 1.104038160278e-01 5.557054e-01
0.950000 4.925000 5.474675004452e-01 1.169350569709e-01 5.598165e-01
0.950000 4.950000 5.502318785953e-01 1.234014725203e-01 5.638999e-01
0.950000 4.975000 5.529273078738e-01 1.298233013220e-01 5.679636e-01
0.950000 5.000000 5.555615157857e-01 1.362189435527e-01 5.720177e-01
0.950000 5.025000 5.581433293112e-01 1.426050528957e-01 5.760731e-01
0.950000 5.050000 5.606823999194e-01 1.489966956984e-01 5.801420e-01
0.950000 5.075000 5.631890155985e-01 1.554075529623e-01 5.842374e-01
0.950000 5.100000 5.656740077078e-01 1.618501365454e-01 5.883728e-01
0.950000 5.125000 5.681487514619e-01 1.683359892598e-01 5.925622e-01
0.950000 5.150000 5.706252494923e-01 1.748758397967e-01 5.968205e-01
0.950000 5.175000 5.731162792299e-01 1.814796876513e-01 6.011632e-01
0.950000 5.200000 5.756355777855e-01 1.881568001130e-01 6.056066e-01
0.950000 5.225000 5.781980334155e-01 1.949156122911e-01 6.101681e-01
0.950000 5.250000 5.808198510905e-01 2.017635311304e-01 6.148660e-01
0.950000 5.275000 5.835186613570e-01 2.087066543892e-01 6.197197e-01
0.950000 5.300000 5.863135464180e-01 2.157494245292e-01 6.247491e-01
0.950000 5.325000 5.892249646377e-01 2.228942444643e-01 6.299745e-01
0.950000 5.350000 5.922745636843e-01 2.301410864246e-01 6.354165e-01
0.950000 5.375000 5.954848822717e-01 2.374871264514e-01 6.410947e-01
0.950000 5.400000 5.988789498954e-01 2.449264352336e-01 6.470278e-01
0.950000 5.425000 6.024798021330e-01 2.524497514779e-01 6.532326e-01
0.950000 5.450000 6.063099352191e-01 2.600443574246e-01 6.597233e-01
0.950000 5.475000 6.103907272513e-01 2.676940683099e-01 6.665110e-01
0.950000 5.500000 6.147418544004e-01 2.753793394712e-01 6.736032e-01
0.950000 5.525000 6.193807290666e-01 2.830774872565e-01 6.810032e-01
0.950000 5.550000 6.243219835289e-01 2.907630136470e-01 6.887097e-01
0.950000 5.575000 6.295770179348e-01 2.984080200060e-01 6.967170e-01
0.950000 5.600000 6.351536262183e-01 3.059826928012e-01 7.050146e-01
0.950000 5.625000 6.410557084353e-01 3.134558433961e-01 7.135874e-01
0.950000 5.650000 6.472830736435e-01 3.207954847333e-01 7.224162e-01
0.950000 5.675000 6.538313342083e-01 3.279694293994e-01 7.314775e-01
0.950000 5.700000 6.606918903884e-01 3.349458955993e-01 7.407446e-01
0.950000 5.725000 6.678520031580e-01 3.416941094227e-01 7.501874e-01
0.950000 5.750000 6.752949530863e-01 3.481848930417e-01 7.597736e-01
0.950000 5.775000 6.830002833165e-01 3.543912289043e-01 7.694690e-01
0.950000 5.800000 6.909441247400e-01 3.602887895928e-01 7.792380e-01
0.950000 5.825000 6.990996009398e-01 3.658564219859e-01 7.890445e-01
0.950000 5.850000 7.074373090835e-01 3.710765730979e-01 7.988525e-01
0.950000 5.875000 7.159258705792e-01 3.759356439157e-01 8.086269e-01
0.950000 5.900000 7.245325420831e-01 3.804242571911e-01 8.183337e-01
0.950000 5.925000 7.332238736786e-01 3.845374258759e-01 8.279410e-01
0.950000 5.950000 7.419663971743e-01 3.882746109219e-01 8.374194e-01
0.950000 5.975000 7.507273240301e-01 3.916396605730e-01 8.467427e-01
0.950000 6.000000 7.594752299181e-01 3.946406278508e-01 8.558878e-01
0.950000 6.025000 7.681807017614e-01 3.972894683369e-01 8.648355e-01
0.950000 6.050000 7.768169235325e-01 3.996016260722e-01 8.735708e-01
0.950000 6.075000 7.853601791632e-01 4.015955208805e-01 8.820825e-01
0.950000 6.100000 7.937902544532e-01 4.032919551392e-01 8.903636e-01
0.950000 6.125000 8.020907245371e-01 4.047134615427e-01 8.984111e-01
0.950000 6.150000 8.102491187792e-01 4.058836154591e-01 9.062258e-01
0.950000 6.175000 8.182569604249e-01 4.068263360046e-01 9.138119e-01
0.950000 6.200000 8.261096834181e-01 4.075651990628e-01 9.211767e-01
0.950000 6.225000 8.338064331332e-01 4.081227834552e-01 9.283304e-01
0.950000 6.250000 8.413497611140e-01 4.085200687118e-01 9.352850e-01
0.950000 6.275000 8.487452261926e-01 4.087758998169e-01 9.420542e-01
0.950000 6.300000 8.560009157134e-01 4.089065313133e-01 9.486528e-01
0.950000 6.325000 8.631269012166e-01 4.089252605115e-01 9.550958e-01
0.950000 6.350000 8.701346431939e-01 4.088421574044e-01 9.613980e-01
0.950000 6.375000 8.770363597130e-01 4.086638972124e-01 9.675737e-01
0.950000 6.400000 8.838443740858e-01 4.083937001085e-01 9.736356e-01
0.950000 6.425000 8.905704574643e-01 4.080313813242e-01 9.795945e-01
0.950000 6.450000 8.972251832573e-01 4.075735132229e-01 9.854589e-01
0.950000 6.475000 9.038173114300e-01 4.070136987619e-01 9.912345e-01
0.950000 6.500000 9.103532217348e-01 4.063429529027e-01 9.969241e-01
0.950000 6.525000 9.168364154136e-01 4.055501849286e-01 1.002527e+00
0.950000 6.550000 9.232671044870e-01 4.046227704674e-01 1.008039e+00
0.950000 6.575000 9.296419061523e-01 4.035471975960e-01 1.013452e+00
0.950000 6.600000 9.359536568636e-01 4.023097671700e-01 1.018755e+00
0.950000 6.625000 9.421913564248e-01 4.008973239719e-01 1.023935e+00
0.950000 6.650000 9.483402470797e-01 3.992979928695e-01 1.028974e+00
0.950000 6.675000 9.543820265887e-01 3.975018933156e-01 1.033853e+00
0.950000 6.700000 9.602951881268e-01 3.955018063697e-01 1.038551e+00
0.950000 6.725000 9.660554741607e-01 3.932937710032e-01 1.043045e+00
0.950000 6.750000 9.716364267885e-01 3.908775905038e-01 1.047312e+00
0.950000 6.775000 9.770100138112e-01 3.882572348996e-01 1.051329e+00
0.950000 6.800000 9.821473083009e-01 3.854411309148e-01 1.055073e+00
0.950000 6.825000 9.870191996472e-01 3.824423364128e-01 1.058522e+00
0.950000 6.850000 9.915971157972e-01 3.792786010104e-01 1.061658e+00
0.950000 6.875000 9.958537392232e-01 3.759723180852e-01 1.064462e+00
0.950000 6.900000 9.997637025096e-01 3.725503755173e-01 1.066921e+00
0.950000 6.925000 1.003304252721e+00 3.690439131743e-01 1.069024e+00
0.950000 6.950000 1.006455876363e+00 3.654879946069e-01 1.070764e+00
0.950000 6.975000 1.009202878333e+00 3.619211991054e-01 1.072137e+00
0.950000 7.000000 1.011533908616e+00 3.583851387383e-01 1.073145e+00
0.950000 7.025000 1.013442429626e+00 3.549239038596e-01 1.073795e+00
0.950000 7.050000 1.014927115383e+00 3.515834403617e-01 1.074099e+00
0.950000 7.075000 1.015992171588e+00 3.484108630296e-01 1.074072e+00
0.950000 7.100000 1.016647563835e+00 3.454537118497e-01 1.073737e+00
0.950000 7.125000 1.016909140248e+00 3.427591618901e-01 1.073121e+00
0.950000 7.150000 1.016798635372e+00 3.403732019875e-01 1.072256e+00
0.950000 7.175000 1.016343544503e+00 3.383398023158e-01 1.071181e+00
0.950000 7.200000 1.015576861941e+00 3.367000952285e-01 1.069936e+00
0.950000 7.225000 1.014536682662e+00 3.354915967860e-01 1.068569e+00
0.950000 7.250000 1.013265674104e+00 3.347474974624e-01 1.067128e+00
0.950000 7.275000 1.011810432466e+00 3.344960492310e-01 1.065668e+00
0.950000 7.300000 1.010220745192e+00 3.347600724239e-01 1.064242e+00
0.950000 7.325000 1.008548787270e+00 3.355565996607e-01 1.062906e+00
0.950000 7.350000 1.006848282892e+00 3.368966662669e-01 1.061717e+00
0.950000 7.375000 1.005173665284e+00 3.387852477481e-01 1.060731e+00
0.950000 7.400000 1.003579265884e+00 3.412213360284e-01 1.060002e+00
0.950000 7.425000 1.002118559779e+00 3.441981382610e-01 1.059582e+00
0.950000 7.450000 1.000843487704e+00 3.477033760015e-01 1.059521e+00
0.950000 7.475000 9.998038669163e-01 3.517196590331e-01 1.059865e+00
0.950000 7.500000 9.990468947167e-01 3.562249075055e-01 1.060656e+00
0.950000 7.525000 9.986167404177e-01 3.611927982646e-01 1.061930e+00
0.950000 7.550000 9.985542150605e-01 3.665932159050e-01 1.063720e+00
0.950000 7.575000 9.988965039054e-01 3.723926954750e-01 1.066054e+00
0.950000 7.600000 9.996769450826e-01 3.785548509716e-01 1.068952e+00
0.950000 7.625000 1.000924838896e+00 3.850407907925e-01 1.072430e+00
0.950000 7.650000 1.002665275778e+00 3.918095271981e-01 1.076500e+00
0.950000 7.675000 1.004918976203e+00 3.988183908299e-01 1.081165e+00
0.950000 7.700000 1.007702142165e+00 4.060234629474e-01 1.086425e+00
0.950000 7.725000 1.011026326133e+00 4.133800371471e-01 1.092272e+00
0.950000 7.750000 1.014898328824e+00 4.208431191322e-01 1.098694e+00
0.950000 7.775000 1.019320140989e+00 4.283679681272e-01 1.105673e+00
0.950000 7.800000 1.024288946117e+00 4.359106775138e-01 1.113187e+00
0.950000 7.825000 1.029797200395e+00 4.434287860460e-01 1.121210e+00
0.950000 7.850000 1.035832803599e+00 4.508819054110e-01 1.129710e+00
0.950000 7.875000 1.042379370217e+00 4.582323455996e-01 1.138653e+00
0.950000 7.900000 1.049416604599e+00 4.654457170198e-01 1.148005e+00
0.950000 7.925000 1.056920778166e+00 4.724914876770e-01 1.157726e+00
0.950000 7.950000 1.064865301207e+00 4.793434749656e-01 1.167779e+00
0.950000 7.975000 1.073221377252e+00 4.859802543130e-01 1.178126e+00
0.950000 8.000000 1.081958724731e+00 4.923854705745e-01 1.188730e+00
0.950000 8.025000 1.091046348800e+00 4.985480421143e-01 1.199555e+00
0.950000 8.050000 1.100453345617e+00 5.044622513823e-01 1.210570e+00
0.950000 8.075000 1.110149721806e+00 5.101277190842e-01 1.221746e+00
0.950000 8.100000 1.120107212815e+00 5.155492615437e-01 1.233058e+00
0.950000 8.125000 1.130300084963e+00 5.207366325279e-01 1.244486e+00
0.950000 8.150000 1.140705906767e+00 5.257041518978e-01 1.256015e+00
0.950000 8.175000 1.151306275470e+00 5.304702242427e-01 1.267637e+00
0.950000 8.200000 1.162087484455e+00 5.350567516041e-01 1.279349e+00
0.950000 8.225000 1.173041116651e+00 5.394884458498e-01 1.291152e+00
0.950000 8.250000 1.184164548485e+00 5.437920484439e-01 1.303056e+00
0.950000 8.275000 1.195461348794e+00 5.479954683709e-01 1.315077e+00
0.950000 8.300000 1.206941557920e+00 5.521268525778e-01 1.327235e+00
0.950000 8.325000 1.218621834276e+00 5.562136071544e-01 1.339557e+00
0.950000 8.350000 1.230525459209e+00 5.602813909864e-01 1.352075e+00
0.950000 8.375000 1.242682195856e+00 5.643531061650e-01 1.364827e+00
0.950000 8.400000 1.255128003630e+00 5.684479104431e-01 1.377853e+00
0.950000 8.425000 1.267904616265e+00 5.725802760350e-01 1.391197e+00
0.950000 8.450000 1.281058997329e+00 5.767591158918e-01 1.404907e+00
0.950000 8.475000 1.294642691799e+00 5.809869934046e-01 1.419030e+00
0.950000 8.500000 1.308711095025e+00 5.852594247538e-01 1.433615e+00
0.950000 8.525000 1.323322660519e+00 5.895642756592e-01 1.448713e+00
0.950000 8.550000 1.338538065289e+00 5.938812470663e-01 1.464370e+00
0.950000 8.575000 1.354419345956e+00 5.981814384758e-01 1.480633e+00
0.950000 8.600000 1.371029011326e+00 6.024269741594e-01 1.497544e+00
0.950000 8.625000 1.388429128222e+00 6.065706772616e-01 1.515145e+00
0.950000 8.650000 1.406680368579e+00 6.105557801600e-01 1.533469e+00
0.950000 8.675000 1.425840998337e+00 6.143156664400e-01 1.552548e+00
0.950000 8.700000 1.445965783934e+00 6.177736499023e-01 1.572406e+00
0.950000 8.725000 1.467104791225e+00 6.208428081505e-01 1.593061e+00
0.950000 8.750000 1.489302055322e+00 6.234259011422e-01 1.614522e+00
0.950000 8.775000 1.512594108208e+00 6.254154170014e-01 1.636791e+00
0.950000 8.800000 1.537008363837e+00 6.266937967366e-01 1.659861e+00
0.950000 8.825000 1.562561376859e+00 6.271338947957e-01 1.683715e+00
0.950000 8.850000 1.589257009660e+00 6.265997324575e-01 1.708322e+00
0.950000 8.875000 1.617084561503e+00 6.249475952279e-01 1.733644e+00
0.950000 8.900000 1.646016931164e+00 6.220275136416e-01 1.759628e+00
0.950000 8.925000 1.676008898871e+00 6.176851496393e-01 1.786208e+00
0.950000 8.950000 1.706995622877e+00 6.117640891503e-01 1.813309e+00
0.950000 8.975000 1.738891449520e+00 6.041085171336e-01 1.840840e+00
0.950000 9.000000 1.771589132423e+00 5.945662260370e-01 1.868699e+00
0.950000 9.025000 1.804959546522e+00 5.829918842738e-01 1.896776e+00
0.950000 9.050000 1.838851966419e+00 5.692504698156e-01 1.924947e+00
0.950000 9.075000 1.873094957039e+00 5.532207569188e-01 1.953084e+00
0.950000 9.100000 1.907497899294e+00 5.347987325360e-01 1.981050e+00
0.950000 9.125000 1.941853145870e+00 5.139008138759e-01 2.008703e+00
0.950000 9.150000 1.975938774200e+00 4.904667400791e-01 2.035901e+00
0.950000 9.175000 2.009521876744e+00 4.644620188307e-01 2.062499e+00
0.950000 9.200000 2.042362304249e+00 4.358798223636e-01 2.088357e+00
0.950000 9.225000 2.074216756916e+00 4.047422457467e-01 2.113337e+00
0.950000 9.250000 2.104843102169e+00 3.711008625779e-01 2.137307e+00
0.950000 9.275000 2.134004786472e+00 3.350365380272e-01 2.160145e+00
0.950000 9.300000 2.161475202579e+00 2.966584854928e-01 2.181738e+00
0.950000 9.325000 2.187041872856e+00 2.561025798993e-01 2.201986e+00
0.950000 9.350000 2.210510313524e+00 2.135289669271e-01 2.220800e+00
0.950000 9.375000 2.231707453702e+00 1.691190324048e-01 2.238106e+00
0.950000 9.400000 2.250484496606e+00 1.230718189504e-01 2.253847e+00
0.950000 9.425000 2.266719127699e+00 7.559999704268e-02 2.267979e+00
0.950000 9.450000 2.280316995605e+00 2.692551437651e-02 2.280476e+00
0.950000 9.475000 2.291212415527e+00 -2.272494000294e-02 2.291325e+00
0.950000 9.500000 2.299368271136e+00 -7.312451226289e-02 2.300531e+00
0.950000 9.525000 2.304775118480e+00 -1.240506535772e-01 2.308111e+00
0.950000 9.550000 2.307449523454e+00 -1.752893381764e-01 2.314098e+00
0.950000 9.575000 2.307431691667e+00 -2.266388927315e-01 2.318535e+00
0.950000 9.600000 2.304782474828e+00 -2.779133136263e-01 2.321478e+00
0.950000 9.625000 2.299579859963e+00 -3.289449671255e-01 2.322988e+00
0.950000 9.650000 2.291915065700e+00 -3.795865901151e-01 2.323136e+00
0.950000 9.675000 2.281888382619e+00 -4.297125348863e-01 2.321996e+00
0.950000 9.700000 2.269604901671e+00 -4.792192291011e-01 2.319646e+00
0.950000 9.725000 2.255170275750e+00 -5.280248501405e-01 2.316161e+00
0.950000 9.750000 2.238686654739e+00 -5.760682401171e-01 2.311617e+00
0.950000 9.775000 2.220248924411e+00 -6.233071125850e-01 2.306083e+00
0.950000 9.800000 2.199941365288e+00 -6.697156233644e-01 2.299622e+00
0.950000 9.825000 2.177834830113e+00 -7.152813951998e-01 2.292290e+00
0.950000 9.850000 2.153984519182e+00 -7.600020988249e-01 2.284131e+00
0.950000 9.875000 2.128428412585e+00 -8.038817015239e-01 2.275178e+00
0.950000 9.900000 2.101186398519e+00 -8.469264987871e-01 2.265451e+00
0.950000 9.925000 2.072260117875e+00 -8.891410458483e-01 2.254958e+00
0.950000 9.950000 2.041633527863e+00 -9.305241044779e-01 2.243689e+00
0.950000 9.975000 2.009274171520e+00 -9.710647171591e-01 2.231625e+00
0.950000 10.000000 1.975135125385e+00 -1.010738516258e+00 2.218727e+00
0.950000 10.025000 1.939157584202e+00 -1.049504370433e+00 2.204947e+00
0.950000 10.050000 1.901274028621e+00 -1.087301464388e+00 2.190221e+00
0.950000 10.075000 1.861411909344e+00 -1.124046900986e+00 2.174474e+00
0.950000 10.100000 1.819497768784e+00 -1.159633906424e+00 2.157620e+00
0.950000 10.125000 1.775461709113e+00 -1.193930709031e+00 2.139564e+00
0.950000 10.150000 1.729242104026e+00 -1.226780150039e+00 2.120205e+00
0.950000 10.175000 1.680790441238e+00 -1.258000069942e+00 2.099433e+00
0.950000 10.200000 1.630076174397e+00 -1.287384496977e+00 2.077139e+00
0.950000 10.225000 1.577091457670e+00 -1.314705645011e+00 2.053209e+00
0.950000 10.250000 1.521855634315e+00 -1.339716707476e+00 2.027532e+00
0.950000 10.275000 1.464419352746e+00 -1.362155412892e+00 1.999998e+00
0.950000 10.300000 1.404868189858e+00 -1.381748286982e+00 1.970503e+00
0.950000 10.325000 1.343325671535e+00 -1.398215547711e+00 1.938951e+00
0.950000 10.350000 1.279955593565e+00 -1.411276543611e+00 1.905253e+00
0.950000 10.375000 1.214963561562e+00 -1.420655633178e+00 1.869331e+00
0.950000 10.400000 1.148597684834e+00 -1.426088394216e+00 1.831121e+00
0.950000 10.425000 1.081148375112e+00 -1.427328046395e+00 1.790572e+00
0.950000 10.450000 1.012947215812e+00 -1.424151967291e+00 1.747647e+00
0.950000 10.475000 9.443648803691e-01 -1.416368180692e+00 1.702329e+00
0.950000 10.500000 8.758080891928e-01 -1.403821694610e+00 1.654616e+00
0.950000 10.525000 8.077156045148e-01 -1.386400564160e+00 1.604528e+00
0.950000 10.550000 7.405532719509e-01 -1.364041550200e+00 1.552105e+00
0.950000 10.575000 6.748081285988e-01 -1.336735238135e+00 1.497407e+00
0.950000 10.600000 6.109816116772e-01 -1.304530472900e+00 1.440520e+00
0.950000 10.625000 5.495819207680e-01 -1.267537957020e+00 1.381554e+00
0.950000 10.650000 4.911156118662e-01 -1.225932850840e+00 1.320646e+00
0.950000 10.675000 4.360785331974e-01 -1.179956209982e+00 1.257959e+00
0.950000 10.700000 3.849462506150e-01 -1.129915097830e+00 1.193688e+00
0.950000 10.725000 3.381641527607e-01 -1.076181223129e+00 1.128061e+00
0.950000 10.750000 2.961374703254e-01 -1.019187977121e+00 1.061339e+00
0.950000 10.775000 2.592214860110e-01 -9.594257824762e-01 9.938278e-01
0.950000 10.800000 2.277122478059e-01 -8.974357180474e-01 9.258746e-01
0.950000 10.825000 2.018381233733e-01 -8.338014479529e-01 8.578831e-01
0.950000 10.850000 1.817525433642e-01 -7.691395581599e-01 7.903225e-01
0.950000 10.875000 1.675282727546e-01 -7.040884843558e-01 7.237446e-01
0.950000 10.900000 1.591535195805e-01 -6.392962962713e-01 6.588092e-01
0.950000 10.925000 1.565301390326e-01 -5.754076796720e-01 5.963184e-01
0.950000 10.950000 1.594741190021e-01 -5.130505217085e-01 5.372642e-01
0.950000 10.975000 1.677184439451e-01 -4.528225523578e-01 4.828848e-01
0.950000 11.000000 1.809183322346e-01 -3.952785193991e-01 4.347143e-01
0.950000 11.025000 1.986587342442e-01 -3.409183734288e-01 3.945765e-01
0.950000 11.050000 2.204638714052e-01 -2.901769113548e-01 3.644269e-01
0.950000 11.075000 2.458084977871e-01 -2.434152723491e-01 3.459376e-01
0.950000 11.100000 2.741304823711e-01 -2.009146021837e-01 3.398738e-01
0.950000 11.125000 3.048442480581e-01 -1.628721050073e-01 3.456260e-01
0.950000 11.150000 3.373545669385e-01 -1.293995922274e-01 3.613203e-01
0.950000 11.175000 3.710702028353e-01 -1.005245235163e-01 3.844454e-01
0.950000 11.200000 4.054169118426e-01 -7.619342269444e-02 4.125146e-01
0.950000 11.225000 4.398493575518e-01 -5.627744864945e-02 4.434350e-01
0.950000 11.250000 4.738615660522e-01 -4.057981488878e-02 4.755959e-01
0.950000 11.275000 5.069956311443e-01 -2.884468570432e-02 5.078155e-01
0.950000 11.300000 5.388484761374e-01 -2.076713534602e-02 5.392485e-01
0.950000 11.325000 5.690765782300e-01 -1.600374018303e-02 5.693016e-01
0.950000 11.350000 5.973986581644e-01 -1.418338174217e-02 5.975670e-01
0.950000 11.375000 6.235964256769e-01 -1.491786818462e-02 6.237748e-01
0.950000 11.400000 6.475135454906e-01 -1.781202925031e-02 6.477585e-01
0.950000 11.425000 6.690530459559e-01 -2.247300006937e-02 6.694304e-01
0.950000 11.450000 6.881734312673e-01 -2.851847719435e-02 6.887641e-01
0.950000 11.475000 7.048837783792e-01 -3.558380049174e-02 7.057814e-01
0.950000 11.500000 7.192381026123e-01 -4.332778239969e-02 7.205420e-01
0.950000 11.525000 7.313292638918e-01 -5.143726761223e-02 7.331359e-01
0.950000 11.550000 7.412826617354e-01 -5.963045863958e-02 7.436772e-01
0.950000 11.575000 7.492499350449e-01 -6.765908423127e-02 7.522986e-01
0.950000 11.600000 7.554028459527e-01 -7.530951774017e-02 7.591475e-01
0.950000 11.625000 7.599274886709e-01 -8.240297153432e-02 7.643821e-01
0.950000 11.650000 7.630189271638e-01 -8.879490267022e-02 7.681682e-01
0.950000 11.675000 7.648763315449e-01 -9.437376586655e-02 7.706765e-01
0.950000 11.700000 7.656986537197e-01 -9.905924426905e-02 7.720798e-01
0.950000 11.725000 7.656808586120e-01 -1.028000784953e-01 7.725510e-01
0.950000 11.750000 7.650107084288e-01 -1.055716017755e-01 7.722608e-01
0.950000 11.775000 7.638660835098e-01 -1.073730751539e-01 7.713756e-01
0.950000 11.800000 7.624128137671e-01 -1.082249028600e-01 7.700558e-01
0.950000 11.825000 7.608029887945e-01 -1.081657949113e-01 7.684537e-01
0.950000 11.850000 7.591737116422e-01 -1.072499322976e-01 7.667120e-01
0.950000 11.875000 7.576462602706e-01 -1.055441799790e-01 7.649624e-01
0.950000 11.900000 7.563256211788e-01 -1.031253844977e-01 7.633238e-01
0.950000 11.925000 7.553003611057e-01 -1.000777862225e-01 7.619017e-01
0.950000 11.950000 7.546428045732e-01 -9.649057101268e-02 7.607866e-01
0.950000 11.975000 7.544094870085e-01 -9.245558224810e-02 7.600538e-01
0.950000 12.000000 7.546418549197e-01 -8.806521154359e-02 7.597630e-01
0.950000 12.025000 7.553671858277e-01 -8.341048481107e-02 7.599585e-01
0.950000 12.050000 7.565997011533e-01 -7.857935937689e-02 7.606693e-01
0.950000 12.075000 7.583418448456e-01 -7.365524726627e-02 7.619104e-01
0.950000 12.100000 7.605856991477e-01 -6.871577913789e-02 7.636835e-01
0.950000 12.125000 7.633145065648e-01 -6.383182228056e-02 7.659788e-01
0.950000 12.150000 7.665042640125e-01 -5.906676414547e-02 7.687767e-01
0.950000 12.175000 7.701253515905e-01 -5.447606972740e-02 7.720497e-01
0.950000 12.200000 7.741441549183e-01 -5.010711647518e-02 7.757641e-01
0.950000 12.225000 7.785246370282e-01 -4.599930419305e-02 7.798824e-01
0.950000 12.250000 7.832298140317e-01 -4.218442970428e-02 7.843650e-01
0.950000 12.275000 7.882230887330e-01 -3.868730717501e-02 7.891719e-01
0.950000 12.300000 7.934693985238e-01 -3.552660544069e-02 7.942643e-01
0.950000 12.325000 7.989361385679e-01 -3.271586411607e-02 7.996057e-01
0.950000 12.350000 8.045938285347e-01 -3.026464145289e-02 8.051628e-01
0.950000 12.375000 8.104165008466e-01 -2.817973963197e-02 8.109063e-01
0.950000 12.400000 8.163818000793e-01 -2.646644816906e-02 8.168107e-01
0.950000 12.425000 8.224707962262e-01 -2.512974395417e-02 8.228546e-01
0.950000 12.450000 8.286675281524e-01 -2.417538750443e-02 8.290201e-01
0.950000 12.475000 8.349583068381e-01 -2.361085941832e-02 8.352921e-01
0.950000 12.500000 8.413308200483e-01 -2.344608860137e-02 8.416575e-01
0.950000 12.525000 8.477730900302e-01 -2.369393419202e-02 8.481041e-01
0.950000 12.550000 8.542723430795e-01 -2.437039560169e-02 8.546199e-01
0.950000 12.575000 8.608138538711e-01 -2.549453892513e-02 8.611913e-01
0.950000 12.600000 8.673798281265e-01 -2.708814228359e-02 8.678027e-01
0.950000 12.625000 8.739483845159e-01 -2.917507658912e-02 8.744352e-01
0.950000 12.650000 8.804926909592e-01 -3.178045093724e-02 8.810660e-01
0.950000 12.675000 8.869803021474e-01 -3.492956270845e-02 8.876678e-01
0.950000 12.700000 8.933727347515e-01 -3.864670095843e-02 8.942083e-01
0.950000 12.725000 8.996253050954e-01 -4.295385751138e-02 9.006502e-01
0.950000 12.750000 9.056872417100e-01 -4.786940321131e-02 9.069514e-01
0.950000 12.775000 9.115020728344e-01 -5.340678706698e-02 9.130653e-01
0.950000 12.800000 9.170082771415e-01 -5.957331374782e-02 9.189413e-01
0.950000 12.825000 9.221401752537e-01 -6.636905031884e-02 9.245255e-01
0.950000 12.850000 9.268290303480e-01 -7.378590662026e-02 9.297615e-01
0.950000 12.875000 9.310043186370e-01 -8.180692569135e-02 9.345916e-01
0.950000 12.900000 9.345951249300e-01 -9.040581153847e-02 9.389575e-01
0.950000 12.925000 9.375316149462e-01 -9.954671178267e-02 9.428017e-01
0.950000 12.950000 9.397465345972e-01 -1.091842627213e-01 9.460680e-01
0.950000 12.975000 9.411766870281e-01 -1.192638945069e-01 9.487030e-01
0.950000 13.000000 9.417643406930e-01 -1.297223849025e-01 9.506566e-01
0.950000 13.025000 9.414585259441e-01 -1.404886417561e-01 9.518830e-01
0.950000 13.050000 9.402161832413e-01 -1.514846872995e-01 9.523414e-01
0.950000 13.075000 9.380031328588e-01 -1.626268118485e-01 9.519965e-01
0.950000 13.100000 9.347948433845e-01 -1.738268606566e-01 9.508192e-01
0.950000 13.125000 9.305769840530e-01 -1.849936155970e-01 9.487867e-01
0.950000 13.150000 9.253457534884e-01 -1.960342329810e-01 9.458828e-01
0.950000 13.175000 9.191079844232e-01 -2.068556999743e-01 9.420981e-01
0.950000 13.200000 9.118810300531e-01 -2.173662744746e-01 9.374301e-01
0.950000 13.225000 9.036924426311e-01 -2.274768765801e-01 9.318829e-01
0.950000 13.250000 8.945794586838e-01 -2.371024035176e-01 9.254674e-01
0.950000 13.275000 8.845883078226e-01 -2.461629436793e-01 9.182008e-01
0.950000 13.300000 8.737733637860e-01 -2.545848689176e-01 9.101062e-01
0.950000 13.325000 8.621961573492e-01 -2.623017872057e-01 9.012128e-01
0.950000 13.350000 8.499242714645e-01 -2.692553401036e-01 8.915547e-01
0.950000 13.375000 8.370301398154e-01 -2.753958312274e-01 8.811710e-01
0.950000 13.400000 8.235897711895e-01 -2.806826733335e-01 8.701051e-01
0.950000 13.425000 8.096814239172e-01 -2.850846430293e-01 8.584039e-01
0.950000 13.450000 7.953842571023e-01 -2.885799339361e-01 8.461173e-01
0.950000 13.475000 7.807769883482e-01 -2.911560017770e-01 8.332974e-01
0.950000 13.500000 7.659365908255e-01 -2.928091987063e-01 8.199976e-01
0.950000 13.525000 7.509370653468e-01 -2.935441994524e-01 8.062721e-01
0.950000 13.550000 7.358483250347e-01 -2.933732285452e-01 7.921746e-01
0.950000 13.575000 7.207352305758e-01 -2.923151058431e-01 7.777579e-01
0.950000 13.600000 7.056568124312e-01 -2.903941363298e-01 7.630729e-01
0.950000 13.625000 6.906657123180e-01 -2.876388790981e-01 7.481679e-01
0.950000 13.650000 6.758078696293e-01 -2.840808387900e-01 7.330881e-01
0.950000 13.675000 6.611224693283e-01 -2.797531297044e-01 7.178752e-01
0.950000 13.700000 6.466421565964e-01 -2.746891675046e-01 7.025669e-01
0.950000 13.725000 6.323935108086e-01 -2.689214453071e-01 6.871974e-01
0.950000 13.750000 6.183977580720e-01 -2.624804494482e-01 6.717974e-01
0.950000 13.775000 6.046716885924e-01 -2.553937652617e-01 6.563946e-01
0.950000 13.800000 5.912287335124e-01 -2.476854148832e-01 6.410144e-01
0.950000 13.825000 5.780801465442e-01 -2.393754578928e-01 6.256814e-01
0.950000 13.850000 5.652362294219e-01 -2.304798722268e-01 6.104203e-01
0.950000 13.875000 5.527075374565e-01 -2.210107181498e-01 5.952574e-01
0.950000 13.900000 5.405060024649e-01 -2.109765731950e-01 5.802222e-01
0.950000 13.925000 5.286459149866e-01 -2.003832118724e-01 5.653494e-01
0.950000 13.950000 5.171447155793e-01 -1.892344915416e-01 5.506799e-01
0.950000 13.975000 5.060235554778e-01 -1.775333958820e-01 5.362629e-01
0.950000 14.000000 4.953075992208e-01 -1.652831803927e-01 5.221572e-01
0.950000 14.025000 4.850260551129e-01 -1.524885605512e-01 5.084319e-01
0.950000 14.050000 4.752119327769e-01 -1.391568826485e-01 4.951677e-01
0.950000 14.075000 4.659015397626e-01 -1.252992196641e-01 4.824564e-01
0.950000 14.100000 4.571337406370e-01 -1.109313394285e-01 4.704009e-01
0.950000 14.125000 4.489490117342e-01 -9.607449924603e-02 4.591138e-01
0.950000 14.150000 4.413883325406e-01 -8.075602956442e-02 4.487151e-01
0.950000 14.175000 4.344919604552e-01 -6.500967865624e-02 4.393285e-01
0.950000 14.200000 4.282981394181e-01 -4.887570018423e-02 4.310779e-01
0.950000 14.225000 4.228417947682e-01 -3.240067558235e-02 4.240813e-01
0.950000 14.250000 4.181532668030e-01 -1.563707314597e-02 4.184455e-01
0.950000 14.275000 4.142571340099e-01 1.357444612244e-03 4.142594e-01
0.950000 14.300000 4.111711739103e-01 1.852094456455e-02 4.115881e-01
0.950000 14.325000 4.089055049571e-01 3.578834812131e-02 4.104687e-01
0.950000 14.350000 4.074619469882e-01 5.309272065673e-02 4.109064e-01
0.950000 14.375000 4.068336303895e-01 7.036668104016e-02 4.128742e-01
0.950000 14.400000 4.070048754168e-01 8.754388147871e-02 4.163135e-01
0.950000 14.425000 4.079513532345e-01 1.045605038349e-01 4.211380e-01
0.950000 14.450000 4.096405293627e-01 1.213567164652e-01 4.272386e-01
0.950000 14.475000 4.120323787973e-01 1.378780357375e-01 4.344894e-01
0.950000 14.500000 4.150803505300e-01 1.540765389586e-01 4.427542e-01
0.950000 14.525000 4.187325481673e-01 1.699118805749e-01 4.518927e-01
0.950000 14.550000 4.229330834547e-01 1.853520711397e-01 4.617659e-01
0.950000 14.575000 4.276235513958e-01 2.003739884060e-01 4.722411e-01
0.950000 14.600000 4.327445698996e-01 2.149636015742e-01 4.831948e-01
0.950000 14.625000 4.382373239304e-01 2.291159025828e-01 4.945160e-01
0.950000 14.650000 4.440450542552e-01 2.428345516537e-01 5.061073e-01
0.950000 14.675000 4.501144341408e-01 2.561312572978e-01 5.178863e-01
0.950000 14.700000 4.563967835858e-01 2.690249228588e-01 5.297853e-01
0.950000 14.725000 4.628490795160e-01 2.815406017153e-01 5.417512e-01
0.950000 14.750000 4.694347312652e-01 2.937083108710e-01 5.537450e-01
0.950000 14.775000 4.761241029355e-01 3.055617574379e-01 5.657404e-01
0.950000 14.800000 4.828947771218e-01 3.171370342412e-01 5.777225e-01
0.950000 14.825000 4.897315672316e-01 3.284713394284e-01 5.896867e-01
0.950000 14.850000 4.966262975197e-01 3.396017707427e-01 6.016370e-01
0.950000 14.875000 5.035773803421e-01 3.505642383514e-01 6.135841e-01
0.950000 14.900000 5.105892285297e-01 3.613925312774e-01 6.255445e-01
0.950000 14.925000 5.176715467898e-01 3.721175621042e-01 6.375385e-01
0.950000 14.950000 5.248385494653e-01 3.827668033117e-01 6.495890e-01
0.950000 14.975000 5.321081526781e-01 3.933639169412e-01 6.617207e-01
0.950000 15.000000 5.395011869091e-01 4.039285678827e-01 6.739583e-01
0.950000 15.025000 5.470406715337e-01 4.144764004819e-01 6.863266e-01
0.950000 15.050000 5.547511859527e-01 4.250191489070e-01 6.988492e-01
0.950000 15.075000 5.626583630690e-01 4.355648442831e-01 7.115484e-01
0.950000 15.100000 5.707885203462e-01 4.461180764261e-01 7.244452e-01
0.950000 15.125000 5.791684320566e-01 4.566802654595e-01 7.375588e-01
0.950000 15.150000 5.878252341694e-01 4.672498989567e-01 7.509068e-01
0.950000 15.175000 5.967864413404e-01 4.778226936757e-01 7.645055e-01
0.950000 15.200000 6.060800443815e-01 4.883916474680e-01 7.783697e-01
0.950000 15.225000 6.157346472070e-01 4.989469563468e-01 7.925132e-01
0.950000 15.250000 6.257795953740e-01 5.094757836290e-01 8.069484e-01
0.950000 15.275000 6.362450446257e-01 5.199618818825e-01 8.216861e-01
0.950000 15.300000 6.471619179029e-01 5.303850832935e-01 8.367359e-01
0.950000 15.325000 6.585617034306e-01 5.407206889971e-01 8.521047e-01
0.950000 15.350000 6.704760547650e-01 5.509388017595e-01 8.677970e-01
0.950000 15.375000 6.829361658398e-01 5.610036579819e-01 8.838138e-01
0.950000 15.400000 6.959719094294e-01 5.708730232287e-01 9.001516e-01
0.950000 15.425000 7.096107451276e-01 5.804977194291e-01 9.168015e-01
0.950000 15.450000 7.238764216589e-01 5.898213509403e-01 9.337485e-01
0.950000 15.475000 7.387875167138e-01 5.987802905143e-01 9.509705e-01
0.950000 15.500000 7.543558740263e-01 6.073039750556e-01 9.684374e-01
0.950000 15.525000 7.705850107013e-01 6.153155454747e-01 9.861108e-01
0.950000 15.550000 7.874685766325e-01 6.227328459759e-01 1.003944e+00
0.950000 15.575000 8.049889513813e-01 6.294697770917e-01 1.021880e+00
0.950000 15.600000 8.231160616613e-01 6.354379752771e-01 1.039856e+00
0.950000 15.625000 8.418064946484e-01 6.405487715579e-01 1.057800e+00
0.950000 15.650000 8.610029692636e-01 6.447153641548e-01 1.075632e+00
0.950000 15.675000 8.806342103275e-01 6.478551265329e-01 1.093267e+00
0.950000 15.700000 9.006152504389e-01 6.498919639393e-01 1.110616e+00
0.950000 15.725000 9.208481631444e-01 6.507586287222e-01 1.127585e+00
0.950000 15.750000 9.412232100946e-01 6.503989076103e-01 1.144080e+00
0.950000 15.775000 9.616203660080e-01 6.487696021944e-01 1.160007e+00
0.950000 15.800000 9.819111696868e-01 6.458422362063e-01 1.175271e+00
0.950000 15.825000 1.001960838036e+00 6.416044385733e-01 1.189782e+00
0.950000 15.850000 1.021630573545e+00 6.360609682068e-01 1.203454e+00
0.950000 15.875000 1.040779994039e+00 6.292343635628e-01 1.216207e+00
0.950000 15.900000 1.059269616310e+00 6.211652157914e-01 1.227965e+00
0.950000 15.925000 1.076963331670e+00 6.119120776331e-01 1.238663e+00
0.950000 15.950000 1.093730820444e+00 6.015510302921e-01 1.248243e+00
0.950000 15.975000 1.109449862742e+00 5.901749369379e-01 1.256656e+00
0.950000 16.000000 1.124008513201e+00 5.778924142610e-01 1.263865e+00
0.950000 16.025000 1.137307116668e+00 5.648265530447e-01 1.269841e+00
0.950000 16.050000 1.149260149120e+00 5.511134157677e-01 1.274569e+00
0.950000 16.075000 1.159797872851e+00 5.369003347416e-01 1.278043e+00
0.950000 16.100000 1.168867796928e+00 5.223440293038e-01 1.280272e+00
0.950000 16.125000 1.176435933229e+00 5.076085561460e-01 1.281276e+00
0.950000 16.150000 1.182487835493e+00 4.928631038787e-01 1.281090e+00
0.950000 16.175000 1.187029404493e+00 4.782796421007e-01 1.279762e+00
0.950000 16.200000 1.190087437523e+00 4.640304369573e-01 1.277354e+00
0.950000 16.225000 1.191709895863e+00 4.502854495247e-01 1.273942e+00
0.950000 16.250000 1.191965860738e+00 4.372096401225e-01 1.269620e+00
0.950000 16.275000 1.190945147176e+00 4.249602103376e-01 1.264493e+00
0.950000 16.300000 1.188757546925e+00 4.136838243982e-01 1.258681e+00
0.950000 16.325000 1.185531676396e+00 4.035138616973e-01 1.252321e+00
0.950000 16.350000 1.181413413659e+00 3.945677617653e-01 1.245561e+00
0.950000 16.375000 1.176563919640e+00 3.869445308749e-01 1.238559e+00
0.950000 16.400000 1.171157252351e+00 3.807224848634e-01 1.231486e+00
0.950000 16.425000 1.165377598691e+00 3.759573049247e-01 1.224520e+00
0.950000 16.450000 1.159416165022e+00 3.726804815452e-01 1.217841e+00
0.950000 16.475000 1.153467784653e+00 3.708982160944e-01 1.211633e+00
0.950000 16.500000 1.147727316222e+00 3.705908398185e-01 1.206074e+00
0.950000 16.525000 1.142385920970e+00 3.717127963082e-01 1.201339e+00
0.950000 16.550000 1.137627317880e+00 3.741932164169e-01 1.197588e+00
0.950000 16.575000 1.133624122879e+00 3.779370948037e-01 1.194964e+00
0.950000 16.600000 1.130534381062e+00 3.828270556901e-01 1.193593e+00
0.950000 16.625000 1.128498398745e+00 3.887256731487e-01 1.193573e+00
0.950000 16.650000 1.127635974989e+00 3.954782894722e-01 1.194975e+00
0.950000 16.675000 1.128044120167e+00 4.029162551331e-01 1.197842e+00
0.950000 16.700000 1.129795332646e+00 4.108604967153e-01 1.202183e+00
0.950000 16.725000 1.132936484496e+00 4.191253060324e-01 1.207978e+00
0.950000 16.750000 1.137488344338e+00 4.275222352898e-01 1.215177e+00
0.950000 16.775000 1.143445741270e+00 4.358639801468e-01 1.223702e+00
0.950000 16.800000 1.150778349562e+00 4.439681351365e-01 1.233450e+00
0.950000 16.825000 1.159432050969e+00 4.516607139361e-01 1.244299e+00
0.950000 16.850000 1.169330811347e+00 4.587793399521e-01 1.256110e+00
0.950000 16.875000 1.180378991898e+00 4.651760297212e-01 1.268733e+00
0.950000 16.900000 1.192464003776e+00 4.707195115825e-01 1.282009e+00
0.950000 16.925000 1.205459208353e+00 4.752970436183e-01 1.295777e+00
0.950000 16.950000 1.219226964411e+00 4.788157165471e-01 1.309877e+00
0.950000 16.975000 1.233621727569e+00 4.812032476997e-01 1.324152e+00
0.950000 17.000000 1.248493115674e+00 4.824082901691e-01 1.338452e+00
0.950000 17.025000 1.263688865820e+00 4.824002957112e-01 1.352634e+00
0.950000 17.050000 1.279057622770e+00 4.811689803498e-01 1.366569e+00
0.950000 17.075000 1.294451513719e+00 4.787234476476e-01 1.380138e+00
0.950000 17.100000 1.309728479064e+00 4.750910263853e-01 1.393234e+00
0.950000 17.125000 1.324754342249e+00 4.703158774620e-01 1.405764e+00
0.950000 17.150000 1.339404612663e+00 4.644574199943e-01 1.417648e+00
0.950000 17.175000 1.353566023711e+00 4.575886198585e-01 1.428821e+00
0.950000 17.200000 1.367137813057e+00 4.497941763873e-01 1.439229e+00
0.950000 17.225000 1.380032754028e+00 4.411686356616e-01 1.448834e+00
0.950000 17.250000 1.392177946628e+00 4.318144527361e-01 1.457609e+00
0.950000 17.275000 1.403515374265e+00 4.218400208909e-01 1.465539e+00
0.950000 17.300000 1.414002229072e+00 4.113576839785e-01 1.472623e+00
0.950000 17.325000 1.423611005465e+00 4.004817482032e-01 1.478869e+00
0.950000 17.350000 1.432329359214e+00 3.893265119605e-01 1.484299e+00
0.950000 17.375000 1.440159728497e+00 3.780043361697e-01 1.488942e+00
0.950000 17.400000 1.447118714597e+00 3.666237821436e-01 1.492838e+00
0.950000 17.425000 1.453236223344e+00 3.552878486300e-01 1.496036e+00
0.950000 17.450000 1.458554373917e+00 3.440923434429e-01 1.498593e+00
0.950000 17.475000 1.463126188933e+00 3.331244273212e-01 1.500570e+00
0.950000 17.500000 1.467014088235e+00 3.224613677615e-01 1.502036e+00
0.950000 17.525000 1.470288217786e+00 3.121695382101e-01 1.503063e+00
0.950000 17.550000 1.473024653721e+00 3.023036930520e-01 1.503725e+00
0.950000 17.575000 1.475303529276e+00 2.929065414479e-01 1.504099e+00
0.950000 17.600000 1.477207138127e+00 2.840086335703e-01 1.504261e+00
0.950000 17.625000 1.478818071262e+00 2.756285617308e-01 1.504285e+00
0.950000 17.650000 1.480217445385e+00 2.677734668995e-01 1.504243e+00
0.950000 17.675000 1.481483278852e+00 2.604398289271e-01 1.504201e+00
0.950000 17.700000 1.482689066344e+00 2.536145071068e-01 1.504223e+00
0.950000 17.725000 1.483902595977e+00 2.472759872523e-01 1.504364e+00
0.950000 17.750000 1.485185042766e+00 2.413957828191e-01 1.504675e+00
0.950000 17.775000 1.486590360764e+00 2.359399312726e-01 1.505197e+00
0.950000 17.800000 1.488164983306e+00 2.308705232674e-01 1.505967e+00
0.950000 17.825000 1.489947827329e+00 2.261472015010e-01 1.507013e+00
0.950000 17.850000 1.491970584273e+00 2.217285684233e-01 1.508357e+00
0.950000 17.875000 1.494258267393e+00 2.175734472807e-01 1.510015e+00
0.950000 17.900000 1.496829974020e+00 2.136419490419e-01 1.512000e+00
0.950000 17.925000 1.499699812012e+00 2.098963082573e-01 1.514317e+00
0.950000 17.950000 1.502877932990e+00 2.063014633580e-01 1.516971e+00
0.950000 17.975000 1.506371611230e+00 2.028253706847e-01 1.519965e+00
0.950000 18.000000 1.510186306814e+00 1.994390559289e-01 1.523299e+00
0.950000 18.025000 1.514326654706e+00 1.961164208441e-01 1.526973e+00
0.950000 18.050000 1.518797327977e+00 1.928338361871e-01 1.530990e+00
0.950000 18.075000 1.523603733024e+00 1.895695630266e-01 1.535352e+00
0.950000 18.100000 1.528752506799e+00 1.863030530145e-01 1.540063e+00
0.950000 18.125000 1.534251800147e+00 1.830141833136e-01 1.545129e+00
0.950000 18.150000 1.540111346250e+00 1.796824831534e-01 1.550558e+00
0.950000 18.175000 1.546342328067e+00 1.762864062660e-01 1.556358e+00
0.950000 18.200000 1.552957072206e+00 1.728026968083e-01 1.562542e+00
0.950000 18.225000 1.559968608014e+00 1.692058862697e-01 1.569118e+00
0.950000 18.250000 1.567390138758e+00 1.654679459576e-01 1.576100e+00
0.950000 18.275000 1.575234475964e+00 1.615581049636e-01 1.583498e+00
0.950000 18.300000 1.583513487793e+00 1.574428281851e-01 1.591321e+00
0.950000 18.325000 1.592237607823e+00 1.530859342732e-01 1.599580e+00
0.950000 18.350000 1.601415441947e+00 1.484488205499e-01 1.608281e+00
0.950000 18.375000 1.611053499020e+00 1.434907520997e-01 1.617431e+00
0.950000 18.400000 1.621156056451e+00 1.381691662920e-01 1.627033e+00
0.950000 18.425000 1.631725156134e+00 1.324399424983e-01 1.637091e+00
0.950000 18.450000 1.642760710516e+00 1.262575899392e-01 1.647605e+00
0.950000 18.475000 1.654260684382e+00 1.195753142234e-01 1.658577e+00
0.950000 18.500000 1.666221306380e+00 1.123449346663e-01 1.670004e+00
0.950000 18.525000 1.678637256410e+00 1.045166389563e-01 1.681888e+00
0.950000 18.550000 1.691501771486e+00 9.603857806662e-02 1.694226e+00
0.950000 18.575000 1.704806613751e+00 8.685632114472e-02 1.707018e+00
0.950000 18.600000 1.718541850132e+00 7.691220618290e-02 1.720262e+00
0.950000 18.625000 1.732695403006e+00 6.614463631440e-02 1.733957e+00
0.950000 18.650000 1.747252344642e+00 5.448738259683e-02 1.748102e+00
0.950000 18.675000 1.762193924017e+00 4.186896135302e-02 1.762691e+00
0.950000 18.700000 1.777496331782e+00 2.821215711754e-02 1.777720e+00
0.950000 18.725000 1.793129226502e+00 1.343376088171e-02 1.793180e+00
0.950000 18.750000 1.809054061786e+00 -2.555412159413e-03 1.809056e+00
0.950000 18.775000 1.825222268466e+00 -1.985017027681e-02 1.825330e+00
0.950000 18.800000 1.841573358049e+00 -3.855021529688e-02 1.841977e+00
0.950000 18.825000 1.858033022541e+00 -5.875900636508e-02 1.858962e+00
0.950000 18.850000 1.874511311360e+00 -8.058220419728e-02 1.876243e+00
0.950000 18.875000 1.890900968233e+00 -1.041256987099e-01 1.893766e+00
0.950000 18.900000 1.907076010048e+00 -1.294932387950e-01 1.911467e+00
0.950000 18.925000 1.922890625736e+00 -1.567836980837e-01 1.929272e+00
0.950000 18.950000 1.938178466874e+00 -1.860880243966e-01 1.947091e+00
0.950000 18.975000 1.952752393180e+00 -2.174859328812e-01 1.964826e+00
0.950000 19.000000 1.966404725863e+00 -2.510424133973e-01 1.982365e+00
0.950000 19.025000 1.978908050086e+00 -2.868041314269e-01 1.999583e+00
0.950000 19.050000 1.990016595116e+00 -3.247958085531e-01 2.016348e+00
0.950000 19.075000 1.999468207095e+00 -3.650166733356e-01 2.032513e+00
0.950000 19.100000 2.006986915212e+00 -4.074370761289e-01 2.047926e+00
0.950000 19.125000 2.012286077458e+00 -4.519953619512e-01 2.062425e+00
0.950000 19.150000 2.015072077539e+00 -4.985950938403e-01 2.075840e+00
0.950000 19.175000 2.015048530135e+00 -5.471027151513e-01 2.088000e+00
0.950000 19.200000 2.011920938028e+00 -5.973457329531e-01 2.098725e+00
0.950000 19.225000 2.005401731983e+00 -6.491114961382e-01 2.107838e+00
0.950000 19.250000 1.995215613350e+00 -7.021466312944e-01 2.115158e+00
0.950000 19.275000 1.981105110347e+00 -7.561571871315e-01 2.120507e+00
0.950000 19.300000 1.962836252407e+00 -8.108095248239e-01 2.123709e+00
0.950000 19.325000 1.940204263012e+00 -8.657319776288e-01 2.124590e+00
0.950000 19.350000 1.913039170009e+00 -9.205172892675e-01 2.122986e+00
0.950000 19.375000 1.881211233349e+00 -9.747258275056e-01 2.118737e+00
0.950000 19.400000 1.844636093103e+00 -1.027889557733e+00 2.111691e+00
0.950000 19.425000 1.803279544597e+00 -1.079516751573e+00 2.101707e+00
0.950000 19.450000 1.757161851976e+00 -1.129097397771e+00 2.088655e+00
0.950000 19.475000 1.706361515344e+00 -1.176109276686e+00 2.072415e+00
0.950000 19.500000 1.651018409158e+00 -1.220024655055e+00 2.052881e+00
0.950000 19.525000 1.591336209967e+00 -1.260317553482e+00 2.029963e+00
0.950000 19.550000 1.527584029806e+00 -1.296471534085e+00 2.003585e+00
0.950000 19.575000 1.460097167489e+00 -1.327987948583e+00 1.973686e+00
0.950000 19.600000 1.389276884641e+00 -1.354394576490e+00 1.940225e+00
0.950000 19.625000 1.315589107653e+00 -1.375254567729e+00 1.903182e+00
0.950000 19.650000 1.239561952762e+00 -1.390175583214e+00 1.862553e+00
0.950000 19.675000 1.161781971268e+00 -1.398819000453e+00 1.818360e+00
0.950000 19.700000 1.082889018039e+00 -1.400909019669e+00 1.770648e+00
0.950000 19.725000 1.003569661191e+00 -1.396241470694e+00 1.719489e+00
0.950000 19.750000 9.245490763827e-01 -1.384692084302e+00 1.664981e+00
0.950000 19.775000 8.465814068674e-01 -1.366223956915e+00 1.607255e+00
0.950000 19.800000 7.704386208466e-01 -1.340893908434e+00 1.546471e+00
0.950000 19.825000 6.968979601433e-01 -1.308857413596e+00 1.482827e+00
0.950000 19.850000 6.267281467082e-01 -1.270371781732e+00 1.416557e+00
0.950000 19.875000 5.606745927245e-01 -1.225797272016e+00 1.347937e+00
0.950000 19.900000 4.994439414373e-01 -1.175595863863e+00 1.277290e+00
0.950000 19.925000 4.436883437301e-01 -1.120327456874e+00 1.204987e+00
0.950000 19.950000 3.939899436421e-01 -1.060643351429e+00 1.131456e+00
0.950000 19.975000 3.508460980791e-01 -9.972769578524e-01 1.057192e+00
0.950000 20.000000 3.146558859518e-01 -9.310317953070e-01 9.827658e-01
0.950000 20.025000 2.857084648873e-01 -8.627669654880e-01 9.088433e-01
0.950000 20.050000 2.641738060906e-01 -7.933804138379e-01 8.362059e-01
0.950000 20.075000 2.500962784548e-01 -7.237904141454e-01 7.657811e-01
0.950000 20.100000 2.433914625251e-01 -6.549158224994e-01 6.986803e-01
0.950000 20.125000 2.438464567546e-01 -5.876557353280e-01 6.362392e-01
0.950000 20.150000 2.511237983184e-01 -5.228692462808e-01 5.800478e-01
0.950000 20.175000 2.647689662788e-01 -4.613560223638e-01 5.319323e-01
0.950000 20.200000 2.842212753321e-01 -4.038384075331e-01 4.938291e-01
0.950000 20.225000 3.088278137338e-01 -3.509457110893e-01 4.674800e-01
0.950000 20.250000 3.378599393634e-01 -3.032012506905e-01 4.539607e-01
0.950000 20.275000 3.705317324938e-01 -2.610126003772e-01 4.532343e-01
0.950000 20.300000 4.060197203592e-01 -2.246653498780e-01 4.640329e-01
0.950000 20.325000 4.434831424847e-01 -1.943205217421e-01 4.841877e-01
0.950000 20.350000 4.820840196666e-01 -1.700156278059e-01 5.111852e-01
0.950000 20.375000 5.210063232242e-01 -1.516691867598e-01 5.426335e-01
0.950000 20.400000 5.594736114988e-01 -1.390883802170e-01 5.765035e-01
0.950000 20.425000 5.967646017571e-01 -1.319794044208e-01 6.111845e-01
0.950000 20.450000 6.322262697419e-01 -1.299599851965e-01 6.454453e-01
0.950000 20.475000 6.652842068054e-01 -1.325734690643e-01 6.783648e-01
0.950000 20.500000 6.954501059910e-01 -1.393038848249e-01 7.092647e-01
0.950000 20.525000 7.223263840476e-01 -1.495913858837e-01 7.376537e-01
0.950000 20.550000 7.456080676707e-01 -1.628475299816e-01 7.631846e-01
0.950000 20.575000 7.650821725948e-01 -1.784699237390e-01 7.856222e-01
0.950000 20.600000 7.806248790345e-01 -1.958558469696e-01 8.048197e-01
0.950000 20.625000 7.921968544002e-01 -2.144145679663e-01 8.207006e-01
0.950000 20.650000 7.998370946450e-01 -2.335781579560e-01 8.332455e-01
0.950000 20.675000 8.036556517265e-01 -2.528107035817e-01 8.424818e-01
0.950000 20.700000 8.038255908239e-01 -2.716158949941e-01 8.484756e-01
0.950000 20.725000 8.005744827055e-01 -2.895430301432e-01 8.513252e-01
0.950000 20.750000 7.941756899904e-01 -3.061915213906e-01 8.511570e-01
0.950000 20.775000 7.849396567606e-01 -3.212140187961e-01 8.481207e-01
0.950000 20.800000 7.732053641573e-01 -3.343182772323e-01 8.423866e-01
0.950000 20.825000 7.593320740333e-01 -3.452678949787e-01 8.341433e-01
0.950000 20.850000 7.436914508273e-01 -3.538820435208e-01 8.235955e-01
0.950000 20.875000 7.266601294214e-01 -3.600342959916e-01 8.109622e-01
0.950000 20.900000 7.086127832731e-01 -3.636506487992e-01 7.964759e-01
0.950000 20.925000 6.899157408793e-01 -3.647068204892e-01 7.803812e-01
0.950000 20.950000 6.709211971806e-01 -3.632249057806e-01 7.629335e-01
0.950000 20.975000 6.519620671078e-01 -3.592694618332e-01 7.443985e-01
0.950000 21.000000 6.333475284406e-01 -3.529431078825e-01 7.250503e-01
0.950000 21.025000 6.153592983646e-01 -3.443817272304e-01 7.051708e-01
0.950000 21.050000 5.982486811451e-01 -3.337493703732e-01 6.850475e-01
0.950000 21.075000 5.822344126718e-01 -3.212329676701e-01 6.649718e-01
0.950000 21.100000 5.675013116048e-01 -3.070369673361e-01 6.452360e-01
0.950000 21.125000 5.541997275780e-01 -2.913780179962e-01 6.261298e-01
0.950000 21.150000 5.424457559929e-01 -2.744798134720e-01 6.079363e-01
0.950000 21.175000 5.323221682418e-01 -2.565682105050e-01 5.909265e-01
0.950000 21.200000 5.238799875466e-01 -2.378667181061e-01 5.753528e-01
0.950000 21.225000 5.171406254808e-01 -2.185924411313e-01 5.614420e-01
0.950000 21.250000 5.120984836746e-01 -1.989525419233e-01 5.493878e-01
0.950000 21.275000 5.087239195730e-01 -1.791412640504e-01 5.393437e-01
0.950000 21.300000 5.069664742087e-01 -1.593375428607e-01 5.314165e-01
0.950000 21.325000 5.067582630230e-01 -1.397032100723e-01 5.256624e-01
0.950000 21.350000 5.080174367390e-01 -1.203817847859e-01 5.220857e-01
0.950000 21.375000 5.106516268817e-01 -1.014978314861e-01 5.206408e-01
0.950000 21.400000 5.145612985869e-01 -8.315685663778e-02 5.212374e-01
0.950000 21.425000 5.196429408930e-01 -6.544570877717e-02 5.237480e-01
0.950000 21.450000 5.257920312263e-01 -4.843344169775e-02 5.280180e-01
0.950000 21.475000 5.329057161789e-01 -3.217259546014e-02 5.338760e-01
0.950000 21.500000 5.408851552933e-01 -1.670084468611e-02 5.411429e-01
0.950000 21.525000 5.496374791096e-01 -2.042957333037e-03 5.496413e-01
0.950000 21.550000 5.590773181217e-01 1.178700027571e-02 5.592016e-01
0.950000 21.575000 5.691278664483e-01 2.478328471230e-02 5.696672e-01
0.950000 21.600000 5.797214537559e-01 3.694600407584e-02 5.808976e-01
0.950000 21.625000 5.907996117262e-01 4.827864279283e-02 5.927689e-01
0.950000 21.650000 6.023126371720e-01 5.878567708440e-02 6.051746e-01
0.950000 21.675000 6.142186723490e-01 6.847037806802e-02 6.180233e-01
0.950000 21.700000 6.264823431684e-01 7.733289765061e-02 6.312373e-01
0.950000 21.725000 6.390730166467e-01 8.536872557643e-02 6.447497e-01
0.950000 21.750000 6.519627585299e-01 9.256759394293e-02 6.585015e-01
0.950000 21.775000 6.651240890629e-01 9.891288843568e-02 6.724387e-01
0.950000 21.800000 6.785276479163e-01 1.043816041787e-01 6.865095e-01
0.950000 21.825000 6.921398871717e-01 1.089448596017e-01 7.006615e-01
0.950000 21.850000 7.059209132741e-01 1.125689555334e-01 7.148399e-01
0.950000 21.875000 7.198225946672e-01 1.152169404419e-01 7.289853e-01
0.950000 21.900000 7.337870416503e-01 1.168506179343e-01 7.430326e-01
0.950000 21.925000 7.477455494200e-01 1.174329107522e-01 7.569108e-01
0.950000 21.950000 7.616180752739e-01 1.169304776956e-01 7.705419e-01
0.950000 21.975000 7.753132976918e-01 1.153164670232e-01 7.838422e-01
0.950000 22.000000 7.887292798079e-01 1.125732823574e-01 7.967224e-01
0.950000 22.025000 8.017547338714e-01 1.086952350812e-01 8.090892e-01
0.950000 22.050000 8.142708578546e-01 1.036909604814e-01 8.208464e-01
0.950000 22.075000 8.261536914014e-01 9.758548305295e-02 8.318971e-01
0.950000 22.100000 8.372769166583e-01 9.042182890779e-02 8.421453e-01
0.950000 22.125000 8.475150108098e-01 8.226209949196e-02 8.514979e-01
0.950000 22.150000 8.567466419018e-01 7.318794018177e-02 8.598670e-01
0.950000 22.175000 8.648581881342e-01 6.330035913872e-02 8.671716e-01
0.950000 22.200000 8.717472535963e-01 5.271887540189e-02 8.733399e-01
0.950000 22.225000 8.773260506641e-01 4.157999989933e-02 8.783108e-01
0.950000 22.250000 8.815245211846e-01 3.003507811162e-02 8.820360e-01
0.950000 22.275000 8.842930752848e-01 1.824754770271e-02 8.844813e-01
0.950000 22.300000 8.856048381393e-01 6.389687617889e-03 8.856279e-01
0.950000 22.325000 8.854573111399e-01 -5.361044051361e-03 8.854735e-01
0.950000 22.350000 8.838733741786e-01 -1.682596872977e-02 8.840335e-01
0.950000 22.375000 8.809015795158e-01 -2.782931480524e-02 8.813411e-01
0.950000 22.400000 8.766157139405e-01 -3.820237825295e-02 8.774477e-01
0.950000 22.425000 8.711136334472e-01 -4.778757873800e-02 8.724234e-01
0.950000 22.450000 8.645154020394e-01 -5.644227740621e-02 8.663559e-01
0.950000 22.475000 8.569607920592e-01 -6.404223235955e-02 8.593505e-01
0.950000 22.500000 8.486062262282e-01 -7.048458291059e-02 8.515284e-01
0.950000 22.525000 8.396212601621e-01 -7.569027317890e-02 8.430260e-01
0.950000 22.550000 8.301847175675e-01 -7.960584817409e-02 8.339927e-01
0.950000 22.575000 8.204805981836e-01 -8.220457973957e-02 8.245884e-01
0.950000 22.600000 8.106938807423e-01 -8.348690408653e-02 8.149814e-01
0.950000 22.625000 8.010063402020e-01 -8.348017571593e-02 8.053447e-01
0.950000 22.650000 7.915924910898e-01 -8.223776310638e-02 7.958528e-01
0.950000 22.675000 7.826157580259e-01 -7.983752882586e-02 7.866775e-01
0.950000 22.700000 7.742249616543e-01 -7.637975028165e-02 7.779834e-01
0.950000 22.725000 7.665511944479e-01 -7.198454718992e-02 7.699237e-01
0.950000 22.750000 7.597051472548e-01 -6.678888842072e-02 7.626353e-01
0.950000 22.775000 7.537749347372e-01 -6.094325485881e-02 7.562346e-01
0.950000 22.800000 7.488244564102e-01 -5.460803714222e-02 7.508130e-01
0.950000 22.825000 7.448923198259e-01 -4.794974845284e-02 7.464340e-01
0.950000 22.850000 7.419913432201e-01 -4.113713360034e-02 7.431308e-01
0.950000 22.875000 7.401086460653e-01 -3.433725689197e-02 7.409048e-01
0.950000 22.900000 7.392063267669e-01 -2.771165277396e-02 7.397256e-01
0.950000 22.925000 7.392227165475e-01 -2.141262467840e-02 7.395328e-01
0.950000 22.950000 7.400741869229e-01 -1.557977831192e-02 7.402382e-01
0.950000 22.975000 7.416574749388e-01 -1.033687495338e-02 7.417295e-01
0.950000 23.000000 7.438524757153e-01 -5.789087305334e-03 7.438750e-01
0.950000 23.025000 7.465254364747e-01 -2.020734250626e-03 7.465282e-01
0.950000 23.050000 7.495324710293e-01 9.064390692336e-04 7.495330e-01
0.950000 23.075000 7.527232998964e-01 2.954383326551e-03 7.527291e-01
0.950000 23.100000 7.559451100363e-01 4.109234330029e-03 7.559563e-01
0.950000 23.125000 7.590464208903e-01 4.381155387048e-03 7.590591e-01
0.950000 23.150000 7.618808408676e-01 3.803541172285e-03 7.618903e-01
0.950000 23.175000 7.643106012810e-01 2.431614861172e-03 7.643145e-01
0.950000 23.200000 7.662097630638e-01 3.404726637116e-04 7.662098e-01
0.950000 23.225000 7.674670050409e-01 -2.377350147833e-03 7.674707e-01
0.950000 23.250000 7.679879202282e-01 -5.614701406310e-03 7.680084e-01
0.950000 23.275000 7.676967674036e-01 -9.252920609636e-03 7.677525e-01
0.950000 23.300000 7.665376475865e-01 -1.316512586268e-02 7.666507e-01
0.950000 23.325000 7.644750976090e-01 -1.721957034746e-02 7.646690e-01
0.950000 23.350000 7.614941142395e-01 -2.128296361920e-02 7.617915e-01
0.950000 23.375000 7.575996412087e-01 -2.522366142155e-02 7.580194e-01
0.950000 23.400000 7.528155671554e-01 -2.891463934617e-02 7.533706e-01
0.950000 23.425000 7.471832945484e-01 -3.223617940733e-02 7.478784e-01
0.950000 23.450000 7.407599480192e-01 -3.507821336775e-02 7.415900e-01
0.950000 23.475000 7.336162955319e-01 -3.734228150209e-02 7.345661e-01
0.950000 23.500000 7.258344579353e-01 -3.894307972877e-02 7.268784e-01
0.950000 23.525000 7.175054822826e-01 -3.980958127180e-02 7.186090e-01
0.950000 23.550000 7.087268524457e-01 -3.988573109921e-02 7.098483e-01
0.950000 23.575000 6.996000074418e-01 -3.913072240077e-02 7.006935e-01
0.950000 23.600000 6.902279337926e-01 -3.751887451544e-02 6.912469e-01
0.950000 23.625000 6.807128931910e-01 -3.503914120657e-02 6.816141e-01
0.950000 23.650000 6.711543406433e-01 -3.169428713274e-02 6.719023e-01
0.950000 23.675000 6.616470808405e-01 -2.749977871803e-02 6.622183e-01
0.950000 23.700000 6.522797015530e-01 -2.248244313609e-02 6.526670e-01
0.950000 23.725000 6.431333122089e-01 -1.667895531684e-02 6.433496e-01
0.950000 23.750000 6.342806035636e-01 -1.013421717201e-02 6.343616e-01
0.950000 23.775000 6.257852308361e-01 -2.899694956391e-03 6.257919e-01
0.950000 23.800000 6.177015084969e-01 4.968220728269e-03 6.177215e-01
0.950000 23.825000 6.100743909203e-01 1.340977270777e-02 6.102218e-01
0.950000 23.850000 6.029397004283e-01 2.236326170971e-02 6.033543e-01
0.950000 23.875000 5.963245539569e-01 3.176629823599e-02 5.971701e-01
0.950000 23.900000 5.902479326990e-01 4.155685686952e-02 5.917090e-01
0.950000 23.925000 5.847213363942e-01 5.167412389337e-02 5.870002e-01
0.950000 23.950000 5.797494658641e-01 6.205914512310e-02 5.830616e-01
0.950000 23.975000 5.753308838770e-01 7.265529560604e-02 5.799004e-01
0.950000 24.000000 5.714586149426e-01 8.340860494168e-02 5.775136e-01
0.950000 24.025000 5.681206581895e-01 9.426798023250e-02 5.758885e-01
0.950000 24.050000 5.653004027308e-01 1.051853723015e-01 5.750031e-01
0.950000 24.075000 5.629769502931e-01 1.161159294833e-01 5.748269e-01
0.950000 24.100000 5.611253638098e-01 1.270181772280e-01 5.753219e-01
0.950000 24.125000 5.597168716840e-01 1.378542517028e-01 5.764432e-01
0.950000 24.150000 5.587190644304e-01 1.485902027028e-01 5.781402e-01
0.950000 24.175000 5.580961227259e-01 1.591963669749e-01 5.803574e-01
0.950000 24.200000 5.578091134396e-01 1.696477991263e-01 5.830363e-01
0.950000 24.225000 5.578163833740e-01 1.799247351680e-01 5.861161e-01
0.950000 24.250000 5.580740701522e-01 1.900130547126e-01 5.895351e-01
0.950000 24.275000 5.585367371888e-01 1.999047028329e-01 5.932328e-01
0.950000 24.300000 5.591581264498e-01 2.095980319545e-01 5.971509e-01
0.950000 24.325000 5.598920102344e-01 2.190980278343e-01 6.012346e-01
0.950000 24.350000 5.606931128168e-01 2.284163910394e-01 6.054344e-01
0.950000 24.375000 5.615180654822e-01 2.375714554212e-01 6.097071e-01
0.950000 24.400000 5.623263548827e-01 2.465879366432e-01 6.140167e-01
0.950000 24.425000 5.630812248597e-01 2.554965155517e-01 6.183356e-01
0.950000 24.450000 5.637504956134e-01 2.643332718500e-01 6.226449e-01
0.950000 24.475000 5.643072706686e-01 2.731389921358e-01 6.269351e-01
0.950000 24.500000 5.647305105458e-01 2.819583822230e-01 6.312061e-01
0.950000 24.525000 5.650054613184e-01 2.908392164978e-01 6.354672e-01
0.950000 24.550000 5.651239353052e-01 2.998314569513e-01 6.397374e-01
0.950000 24.575000 5.650844491022e-01 3.089863719214e-01 6.440443e-01
0.950000 24.600000 5.648922303978e-01 3.183556801163e-01 6.484239e-01
0.950000 24.625000 5.645591091768e-01 3.279907400000e-01 6.529203e-01
0.950000 24.650000 5.641033110260e-01 3.379417988563e-01 6.575844e-01
0.950000 24.675000 5.635491705219e-01 3.482573105290e-01 6.624733e-01
0.950000 24.700000 5.629267815924e-01 3.589833264414e-01 6.676493e-01
0.950000 24.725000 5.622715998344e-01 3.701629612987e-01 6.731790e-01
0.950000 24.750000 5.616240096091e-01 3.818359328962e-01 6.791320e-01
0.950000 24.775000 5.610288667987e-01 3.940381745109e-01 6.855797e-01
0.950000 24.800000 5.605350267219e-01 4.068015181197e-01 6.925944e-01
0.950000 24.825000 5.601948660244e-01 4.201534467554e-01 7.002480e-01
0.950000 24.850000 5.600638073415e-01 4.341169143029e-01 7.086106e-01
0.950000 24.875000 5.601998560155e-01 4.487102306229e-01 7.177498e-01
0.950000 24.900000 5.606631588151e-01 4.639470088864e-01 7.277293e-01
0.950000 24.925000 5.615155951758e-01 4.798361703436e-01 7.386085e-01
0.950000 24.950000 5.628204116183e-01 4.963819995313e-01 7.504411e-01
0.950000 24.975000 5.646419095007e-01 5.135842403161e-01 7.632753e-01
0.950000 25.000000 5.670451949679e-01 5.314382204433e-01 7.771530e-01
0.950000 25.025000 5.700959978679e-01 5.499349896581e-01 7.921098e-01
0.950000 25.050000 5.738605635594e-01 5.690614542487e-01 8.081750e-01
0.950000 25.075000 5.784056180582e-01 5.888004891847e-01 8.253721e-01
0.950000 25.100000 5.837984030352e-01 6.091310080423e-01 8.437186e-01
0.950000 25.125000 5.901067728863e-01 6.300279706431e-01 8.632272e-01
0.950000 25.150000 5.973993416051e-01 6.514623088570e-01 8.839056e-01
0.950000 25.175000 6.057456625388e-01 6.734007523355e-01 9.057574e-01
0.950000 25.200000 6.152164193865e-01 6.958055381226e-01 9.287823e-01
0.950000 25.225000 6.258836020632e-01 7.186339912416e-01 9.529770e-01
0.950000 25.250000 6.378206364233e-01 7.418379676420e-01 9.783347e-01
0.950000 25.275000 6.511024325391e-01 7.653631564705e-01 1.004846e+00
0.950000 25.300000 6.658053125797e-01 7.891482456760e-01 1.032498e+00
0.950000 25.325000 6.820067767963e-01 8.131239635648e-01 1.061275e+00
0.950000 25.350000 6.997850652647e-01 8.372120189579e-01 1.091157e+00
0.950000 25.375000 7.192184744503e-01 8.613239738965e-01 1.122120e+00
0.950000 25.400000 7.403843919776e-01 8.853600947507e-01 1.154137e+00
0.950000 25.425000 7.633580206288e-01 9.092082394746e-01 1.187171e+00
0.950000 25.450000 7.882107738429e-01 9.327428495119e-01 1.221182e+00
0.950000 25.475000 8.150083397502e-01 9.558241234766e-01 1.256120e+00
0.950000 25.500000 8.438084286090e-01 9.782974549552e-01 1.291928e+00
0.950000 25.525000 8.746582385850e-01 9.999932176270e-01 1.328538e+00
0.950000 25.550000 9.075916958889e-01 1.020726976507e+00 1.365872e+00
0.950000 25.575000 9.426265458868e-01 1.040300194085e+00 1.403841e+00
0.950000 25.600000 9.797613902618e-01 1.058501484474e+00 1.442345e+00
0.950000 25.625000 1.018972779964e+00 1.075108448008e+00 1.481271e+00
0.950000 25.650000 1.060212483121e+00 1.089890094075e+00 1.520497e+00
0.950000 25.675000 1.103405050163e+00 1.102609832919e+00 1.559888e+00
0.950000 25.700000 1.148445794528e+00 1.113028989545e+00 1.599300e+00
0.950000 25.725000 1.195199296568e+00 1.120910766674e+00 1.638579e+00
0.950000 25.750000 1.243498521107e+00 1.126024560892e+00 1.677564e+00
0.950000 25.775000 1.293144616952e+00 1.128150518355e+00 1.716085e+00
0.950000 25.800000 1.343907440954e+00 1.127084204809e+00 1.753969e+00
0.950000 25.825000 1.395526822123e+00 1.122641260023e+00 1.791038e+00
0.950000 25.850000 1.447714554685e+00 1.114661908745e+00 1.827115e+00
0.950000 25.875000 1.500157084858e+00 1.103015208564e+00 1.862019e+00
0.950000 25.900000 1.552518835954e+00 1.087602928150e+00 1.895572e+00
0.950000 25.925000 1.604446101279e+00 1.068362965760e+00 1.927601e+00
0.950000 25.950000 1.655571424562e+00 1.045272235710e+00 1.957935e+00
0.950000 25.975000 1.705518383120e+00 1.018348968029e+00 1.986411e+00
0.950000 26.000000 1.753906688741e+00 9.876543820308e-01 2.012871e+00
0.950000 26.025000 1.800357524176e+00 9.532937070831e-01 2.037169e+00
0.950000 26.050000 1.844499037454e+00 9.154165327567e-01 2.059166e+00
0.950000 26.075000 1.885971920571e+00 8.742164758961e-01 2.078736e+00
0.950000 26.100000 1.924435001681e+00 8.299301546287e-01 2.095766e+00
0.950000 26.125000 1.959570780023e+00 7.828354600553e-01 2.110154e+00
0.950000 26.150000 1.991090829512e+00 7.332491168446e-01 2.121815e+00
0.950000 26.175000 2.018740990493e+00 6.815235257934e-01 2.130678e+00
0.950000 26.200000 2.042306260156e+00 6.280428861594e-01 2.136692e+00
0.950000 26.225000 2.061615281701e+00 5.732186044241e-01 2.139822e+00
0.950000 26.250000 2.076544322165e+00 5.174840098731e-01 2.140053e+00
0.950000 26.275000 2.087020620819e+00 4.612884161260e-01 2.137391e+00
0.950000 26.300000 2.093024985801e+00 4.050905910291e-01 2.131866e+00
0.950000 26.325000 2.094593518183e+00 3.493517240300e-01 2.123527e+00
0.950000 26.350000 2.091818350912e+00 2.945280086568e-01 2.112451e+00
0.950000 26.375000 2.084847306007e+00 2.410629860282e-01 2.098738e+00
0.950000 26.400000 2.073882396943e+00 1.893798212204e-01 2.082511e+00
0.950000 26.425000 2.059177133932e+00 1.398737056580e-01 2.063922e+00
0.950000 26.450000 2.041032626479e+00 9.290459349780e-02 2.043146e+00
0.950000 26.475000 2.019792518606e+00 4.879048666316e-02 2.020382e+00
0.950000 26.500000 1.995836835365e+00 7.801480680947e-03 1.995852e+00
0.950000 26.525000 1.969574862333e+00 -2.984522872070e-02 1.969801e+00
0.950000 26.550000 1.941437220571e+00 -6.398920006045e-02 1.942491e+00
0.950000 26.575000 1.911867335534e+00 -9.452931405081e-02 1.914203e+00
0.950000 26.600000 1.881312527851e+00 -1.214249457908e-01 1.885227e+00
0.950000 26.625000 1.850214975124e+00 -1.446956762918e-01 1.855864e+00
0.950000 26.650000 1.819002805647e+00 -1.644195268288e-01 1.826419e+00
0.950000 26.675000 1.788081586625e+00 -1.807297499814e-01 1.797192e+00
0.950000 26.700000 1.757826460842e+00 -1.938102613670e-01 1.768479e+00
0.950000 26.725000 1.728575167068e+00 -2.038898437802e-01 1.740558e+00
0.950000 26.750000 1.700622151452e+00 -2.112352987535e-01 1.713691e+00
0.950000 26.775000 1.674213940954e+00 -2.161437575686e-01 1.688109e+00
0.950000 26.800000 1.649545906821e+00 -2.189343929579e-01 1.664011e+00
0.950000 26.825000 1.626760498038e+00 -2.199397928839e-01 1.641561e+00
0.950000 26.850000 1.605946973472e+00 -2.194972680297e-01 1.620878e+00
0.950000 26.875000 1.587142609118e+00 -2.179403645104e-01 1.602036e+00
0.950000 26.900000 1.570335305691e+00 -2.155908427935e-01 1.585065e+00
0.950000 26.925000 1.555467473749e+00 -2.127513633214e-01 1.569950e+00
0.950000 26.950000 1.542441030737e+00 -2.096990896924e-01 1.556630e+00
0.950000 26.975000 1.531123308460e+00 -2.066803827783e-01 1.545010e+00
0.950000 27.000000 1.521353642121e+00 -2.039067154191e-01 1.534958e+00
0.950000 27.025000 1.512950394249e+00 -2.015518893312e-01 1.526317e+00
0.950000 27.050000 1.505718159244e+00 -1.997505856788e-01 1.518910e+00
0.950000 27.075000 1.499454897075e+00 -1.985982306527e-01 1.512550e+00
0.950000 27.100000 1.493958757514e+00 -1.981521095874e-01 1.507042e+00
0.950000 27.125000 1.489034378339e+00 -1.984336196474e-01 1.502198e+00
0.950000 27.150000 1.484498470917e+00 -1.994315137738e-01 1.497835e+00
0.950000 27.175000 1.480184542911e+00 -2.011059587944e-01 1.493784e+00
0.950000 27.200000 1.475946648573e+00 -2.033932093830e-01 1.489895e+00
0.950000 27.225000 1.471662100289e+00 -2.062106874574e-01 1.486039e+00
0.950000 27.250000 1.467233118664e+00 -2.094622536701e-01 1.482109e+00
0.950000 27.275000 1.462587440551e+00 -2.130434635126e-01 1.478022e+00
0.950000 27.300000 1.457677943388e+00 -2.168466144662e-01 1.473719e+00
0.950000 27.325000 1.452481378476e+00 -2.207654115001e-01 1.469163e+00
0.950000 27.350000 1.446996334367e+00 -2.246991047718e-01 1.464339e+00
0.950000 27.375000 1.441240573464e+00 -2.285559841698e-01 1.459251e+00
0.950000 27.400000 1.435247899824e+00 -2.322561488831e-01 1.453919e+00
0.950000 27.425000 1.429064723813e+00 -2.357335049901e-01 1.448377e+00
0.950000 27.450000 1.422746489817e+00 -2.389369787034e-01 1.442671e+00
0.950000 27.475000 1.416354126973e+00 -2.418309660674e-01 1.436851e+00
0.950000 27.500000 1.409950670445e+00 -2.443950703391e-01 1.430975e+00
0.950000 27.525000 1.403598182841e+00 -2.466232049328e-01 1.425100e+00
0.950000 27.550000 1.397355082899e+00 -2.485221617291e-01 1.419283e+00
0.950000 27.575000 1.391273962554e+00 -2.501097609788e-01 1.413576e+00
0.950000 27.600000 1.385399945237e+00 -2.514127094323e-01 1.408027e+00
0.950000 27.625000 1.379769608948e+00 -2.524642973285e-01 1.402677e+00
0.950000 27.650000 1.374410468749e+00 -2.533020624764e-01 1.397557e+00
0.950000 27.675000 1.369340986199e+00 -2.539655410442e-01 1.392693e+00
0.950000 27.700000 1.364571049278e+00 -2.544942104324e-01 1.388100e+00
0.950000 27.725000 1.360102846736e+00 -2.549257106115e-01 1.383787e+00
0.950000 27.750000 1.355932046519e+00 -2.552944077407e-01 1.379756e+00
0.950000 27.775000 1.352049179763e+00 -2.556303391704e-01 1.376003e+00
0.950000 27.800000 1.348441129970e+00 -2.559585536657e-01 1.372519e+00
0.950000 27.825000 1.345092631397e+00 -2.562988365024e-01 1.369293e+00
0.950000 27.850000 1.341987690769e+00 -2.566657875487e-01 1.366312e+00
0.950000 27.875000 1.339110861203e+00 -2.570692029270e-01 1.363562e+00
0.950000 27.900000 1.336448315356e+00 -2.575146983736e-01 1.361032e+00
0.950000 27.925000 1.333988684753e+00 -2.580045056083e-01 1.358710e+00
0.950000 27.950000 1.331723652303e+00 -2.585383720188e-01 1.356588e+00
0.950000 27.975000 1.329648303519e+00 -2.591144983975e-01 1.354660e+00
0.950000 28.000000 1.327761257572e+00 -2.597304585142e-01 1.352926e+00
0.950000 28.025000 1.326064610811e+00 -2.603840567766e-01 1.351387e+00
0.950000 28.050000 1.324563732200e+00 -2.610740946625e-01 1.350048e+00
0.950000 28.075000 1.323266951969e+00 -2.618010314419e-01 1.348916e+00
0.950000 28.100000 1.322185182069e+00 -2.625675384409e-01 1.348004e+00
0.950000 28.125000 1.321331500317e+00 -2.633789574137e-01 1.347325e+00
0.950000 28.150000 1.320720720691e+00 -2.642436815075e-01 1.346896e+00
0.950000 28.175000 1.320368961256e+00 -2.651734812404e-01 1.346734e+00
0.950000 28.200000 1.320293210038e+00 -2.661837977428e-01 1.346859e+00
0.950000 28.225000 1.320510879272e+00 -2.672940215275e-01 1.347292e+00
0.950000 28.250000 1.321039330695e+00 -2.685277679460e-01 1.348055e+00
0.950000 28.275000 1.321895349969e+00 -2.699131512013e-01 1.349170e+00
0.950000 28.300000 1.323094547213e+00 -2.714830484522e-01 1.350660e+00
0.950000 28.325000 1.324650663102e+00 -2.732753353181e-01 1.352545e+00
0.950000 28.350000 1.326574765782e+00 -2.753330650525e-01 1.354846e+00
0.950000 28.375000 1.328874332427e+00 -2.777045567042e-01 1.357581e+00
0.950000 28.400000 1.331552219721e+00 -2.804433533876e-01 1.360764e+00
0.950000 28.425000 1.334605539236e+00 -2.836080107254e-01 1.364407e+00
0.950000 28.450000 1.338024465386e+00 -2.872616777243e-01 1.368513e+00
0.950000 28.475000 1.341791014869e+00 -2.914714376724e-01 1.373084e+00
0.950000 28.500000 1.345877846191e+00 -2.963073847992e-01 1.378109e+00
0.950000 28.525000 1.350247135687e+00 -3.018414229551e-01 1.383573e+00
0.950000 28.550000 1.354849591787e+00 -3.081457849365e-01 1.389450e+00
0.950000 28.575000 1.359623671907e+00 -3.152912847422e-01 1.395702e+00
0.950000 28.600000 1.364495066032e+00 -3.233453294298e-01 1.402283e+00
0.950000 28.625000 1.369376507697e+00 -3.323697318035e-01 1.409135e+00
0.950000 28.650000 1.374167966661e+00 -3.424183793386e-01 1.416188e+00
0.950000 28.675000 1.378757268024e+00 -3.535348279684e-01 1.423362e+00
0.950000 28.700000 1.383021170029e+00 -3.657499010324e-01 1.430567e+00
0.950000 28.725000 1.386826917488e+00 -3.790793831721e-01 1.437703e+00
0.950000 28.750000 1.390034269890e+00 -3.935219056045e-01 1.444664e+00
0.950000 28.775000 1.392497983379e+00 -4.090571223405e-01 1.451337e+00
0.950000 28.800000 1.394070704481e+00 -4.256442759288e-01 1.457603e+00
0.950000 28.825000 1.394606211614e+00 -4.432212456815e-01 1.463343e+00
0.950000 28.850000 1.393962919043e+00 -4.617041607408e-01 1.468436e+00
0.950000 28.875000 1.392007538290e+00 -4.809876446942e-01 1.472764e+00
0.950000 28.900000 1.388618775196e+00 -5.009457379457e-01 1.476214e+00
0.950000 28.925000 1.383690928326e+00 -5.214335192785e-01 1.478680e+00
0.950000 28.950000 1.377137247103e+00 -5.422894198901e-01 1.480062e+00
0.950000 28.975000 1.368892907085e+00 -5.633381928909e-01 1.480276e+00
0.950000 29.000000 1.358917465626e+00 -5.843944702955e-01 1.479248e+00
0.950000 29.025000 1.347196674049e+00 -6.052668095700e-01 1.476918e+00
0.950000 29.050000 1.333743542222e+00 -6.257621045153e-01 1.473245e+00
0.950000 29.075000 1.318598577375e+00 -6.456902123021e-01 1.468202e+00
0.950000 29.100000 1.301829150073e+00 -6.648686312692e-01 1.461783e+00
0.950000 29.125000 1.283527975165e+00 -6.831270537991e-01 1.453997e+00
0.950000 29.150000 1.263810732479e+00 -7.003116159871e-01 1.444872e+00
0.950000 29.175000 1.242812889400e+00 -7.162886712700e-01 1.434452e+00
0.950000 29.200000 1.220685823368e+00 -7.309479286543e-01 1.422800e+00
0.950000 29.225000 1.197592375048e+00 -7.442048171797e-01 1.409989e+00
0.950000 29.250000 1.173701990950e+00 -7.560019659929e-01 1.396107e+00
0.950000 29.275000 1.149185636196e+00 -7.663097227238e-01 1.381252e+00
0.950000 29.300000 1.124210672995e+00 -7.751256704457e-01 1.365529e+00
0.950000 29.325000 1.098935907380e+00 -7.824731438094e-01 1.349046e+00
0.950000 29.350000 1.073507005447e+00 -7.883987863995e-01 1.331912e+00
0.950000 29.375000 1.048052470632e+00 -7.929692322911e-01 1.314235e+00
0.950000 29.400000 1.022680355532e+00 -7.962670335550e-01 1.296116e+00
0.950000 29.425000 9.974758559929e-01 -7.983859904371e-01 1.277646e+00
0.950000 29.450000 9.724999022561e-01 -7.994260706036e-01 1.258904e+00
0.950000 29.475000 9.477888229880e-01 -7.994881267425e-01 1.239954e+00
0.950000 29.500000 9.233551143239e-01 -7.986686366969e-01 1.220842e+00
0.950000 29.525000 8.991892991772e-01 -7.970546961182e-01 1.201598e+00
0.950000 29.550000 8.752628138992e-01 -7.947194896150e-01 1.182228e+00
0.950000 29.575000 8.515318119860e-01 -7.917184521467e-01 1.162723e+00
0.950000 29.600000 8.279417301074e-01 -7.880863080340e-01 1.143052e+00
0.950000 29.625000 8.044324225625e-01 -7.838351409685e-01 1.123169e+00
0.950000 29.650000 7.809436385185e-01 -7.789536059150e-01 1.103015e+00
0.950000 29.675000 7.574205940296e-01 -7.734073444213e-01 1.082518e+00
0.950000 29.700000 7.338193794608e-01 -7.671406107246e-01 1.061600e+00
0.950000 29.725000 7.101119436448e-01 -7.600790596878e-01 1.040182e+00
0.950000 29.750000 6.862904093658e-01 -7.521335918238e-01 1.018184e+00
0.950000 29.775000 6.623705003474e-01 -7.432050983961e-01 9.955343e-01
0.950000 29.800000 6.383938969121e-01 -7.331899036360e-01 9.721698e-01
0.950000 29.825000 6.144293842156e-01 -7.219856640949e-01 9.480437e-01
0.950000 29.850000 5.905727112359e-01 -7.094974591213e-01 9.231266e-01
0.950000 29.875000 5.669451377735e-01 -6.956437929989e-01 8.974113e-01
0.950000 29.900000 5.436907076465e-01 -6.803622291658e-01 8.709147e-01
0.950000 29.925000 5.209723458938e-01 -6.636143902776e-01 8.436802e-01
0.950000 29.950000 4.989669331606e-01 -6.453900839761e-01 8.157796e-01
0.950000 29.975000 4.778595587934e-01 -6.257103517536e-01 7.873139e-01
0.950000 30.000000 4.578371932111e-01 -6.046292853566e-01 7.584138e-01
0.950000 30.025000 4.390820480880e-01 -5.822345093781e-01 7.292394e-01
0.950000 30.050000 4.217649086054e-01 -5.586462874692e-01 6.999795e-01
0.950000 30.075000 4.060387249548e-01 -5.340152701731e-01 6.708500e-01
0.950000 30.100000 3.920327404405e-01 -5.085189620716e-01 6.420913e-01
0.950000 30.125000 3.798474115195e-01 -4.823570420938e-01 6.139645e-01
0.950000 30.150000 3.695503419884e-01 -4.557457211519e-01 5.867466e-01
0.950000 30.175000 3.611734107456e-01 -4.289113636208e-01 5.607238e-01
0.950000 30.200000 3.547112219185e-01 -4.020836318421e-01 5.361821e-01
0.950000 30.225000 3.501209497363e-01 -3.754884344071e-01 5.133968e-01
0.950000 30.250000 3.473235906377e-01 -3.493409684648e-01 4.926183e-01
0.950000 30.275000 3.462065742296e-01 -3.238391431365e-01 4.740578e-01
0.950000 30.300000 3.466276254433e-01 -2.991576551829e-01 4.578712e-01
0.950000 30.325000 3.484197152532e-01 -2.754429597639e-01 4.441454e-01
0.950000 30.350000 3.513968892488e-01 -2.528093393999e-01 4.328884e-01
0.950000 30.375000 3.553607246798e-01 -2.313362246302e-01 4.240256e-01
0.950000 30.400000 3.601071395194e-01 -2.110668624902e-01 4.174043e-01
0.950000 30.425000 3.654332633631e-01 -1.920083664851e-01 4.128059e-01
0.950000 30.450000 3.711440807150e-01 -1.741331173784e-01 4.099637e-01
0.950000 30.475000 3.770585727812e-01 -1.573814213250e-01 4.085855e-01
0.950000 30.500000 3.830151137281e-01 -1.416652742590e-01 4.083744e-01
0.950000 30.525000 3.888759200202e-01 -1.268730324941e-01 4.090492e-01
0.950000 30.550000 3.945304044709e-01 -1.128747522710e-01 4.103595e-01
0.950000 30.575000 3.998973468148e-01 -9.952793792476e-02 4.120967e-01
0.950000 30.600000 4.049258560463e-01 -8.668343091034e-02 4.141002e-01
0.950000 30.625000 4.095951622527e-01 -7.419118050728e-02 4.162602e-01
0.950000 30.650000 4.139133329627e-01 -6.190566080734e-02 4.185171e-01
0.950000 30.675000 4.179150572276e-01 -4.969073554688e-02 4.208588e-01
0.950000 30.700000 4.216586765735e-01 -3.742381941870e-02 4.233162e-01
0.950000 30.725000 4.252226634110e-01 -2.499923778678e-02 4.259569e-01
0.950000 30.750000 4.287017535137e-01 -1.233074185511e-02 4.288791e-01
0.950000 30.775000 4.322029301672e-01 6.468111583817e-04 4.322034e-01
0.950000 30.800000 4.358414352317e-01 1.397655755944e-02 4.360655e-01
0.950000 30.825000 4.397369495274e-01 2.767941559082e-02 4.406072e-01
0.950000 30.850000 4.440100453578e-01 4.175444887315e-02 4.459690e-01
0.950000 30.875000 4.487789718930e-01 5.617968163137e-02 4.522817e-01
0.950000 30.900000 4.541567938368e-01 7.091324639828e-02 4.596597e-01
0.950000 30.925000 4.602488692749e-01 8.589476053131e-02 4.681954e-01
0.950000 30.950000 4.671506270167e-01 1.010468524862e-01 4.779542e-01
0.950000 30.975000 4.749455892339e-01 1.162767887885e-01 4.889720e-01
0.950000 31.000000 4.837035825969e-01 1.314781840258e-01 5.012541e-01
0.950000 31.025000 4.934790899264e-01 1.465328049444e-01 5.147752e-01
0.950000 31.050000 5.043097128620e-01 1.613125023038e-01 5.294809e-01
0.950000 31.075000 5.162147414495e-01 1.756813177362e-01 5.452904e-01
0.950000 31.100000 5.291938553568e-01 1.894978157848e-01 5.620992e-01
0.950000 31.125000 5.432260098745e-01 2.026176830763e-01 5.797831e-01
0.950000 31.150000 5.582685842164e-01 2.148966180013e-01 5.982009e-01
0.950000 31.175000 5.742568867042e-01 2.261935072352e-01 6.171989e-01
0.950000 31.200000 5.911041187882e-01 2.363738527465e-01 6.366134e-01
0.950000 31.225000 6.087018961313e-01 2.453133779885e-01 6.562748e-01
0.950000 31.250000 6.269214099484e-01 2.529017083802e-01 6.760102e-01
0.950000 31.275000 6.456152863192e-01 2.590459923952e-01 6.956464e-01
0.950000 31.300000 6.646201671683e-01 2.636743085937e-01 7.150134e-01
0.950000 31.325000 6.837599966884e-01 2.667386929683e-01 7.339464e-01
0.950000 31.350000 7.028499543149e-01 2.682176213582e-01 7.522890e-01
0.950000 31.375000 7.217009332704e-01 2.681177937291e-01 7.698957e-01
0.950000 31.400000 7.401244254043e-01 2.664750901965e-01 7.866341e-01
0.950000 31.425000 7.579376413513e-01 2.633546012796e-01 8.023871e-01
0.950000 31.450000 7.749686721936e-01 2.588496748916e-01 8.170554e-01
0.950000 31.475000 7.910614863094e-01 2.530799673691e-01 8.305587e-01
0.950000 31.500000 8.060805537135e-01 2.461885326387e-01 8.428373e-01
0.950000 31.525000 8.199148998910e-01 2.383380295850e-01 8.538533e-01
0.950000 31.550000 8.324814112425e-01 2.297061702184e-01 8.635915e-01
0.950000 31.575000 8.437272435112e-01 2.204805680605e-01 8.720593e-01
0.950000 31.600000 8.536312212682e-01 2.108531754371e-01 8.792868e-01
0.950000 31.625000 8.622041586947e-01 2.010145187273e-01 8.853264e-01
0.950000 31.650000 8.694880773332e-01 1.911479512237e-01 8.902511e-01
0.950000 31.675000 8.755543429765e-01 1.814241437599e-01 8.941533e-01
0.950000 31.700000 8.805007891856e-01 1.719960237714e-01 8.971423e-01
0.950000 31.725000 8.844479370095e-01 1.629943545447e-01 8.993416e-01
0.950000 31.750000 8.875344573770e-01 1.545241190333e-01 9.008857e-01
0.950000 31.775000 8.899120526806e-01 1.466618381269e-01 9.019164e-01
0.950000 31.800000 8.917399558957e-01 1.394539133016e-01 9.025783e-01
0.950000 31.825000 8.931792581775e-01 1.329160401046e-01 9.030149e-01
0.950000 31.850000 8.943872786986e-01 1.270336940600e-01 9.033638e-01
0.950000 31.875000 8.955121834560e-01 1.217636465967e-01 9.037524e-01
0.950000 31.900000 8.966880433745e-01 1.170364277020e-01 9.042936e-01
0.950000 31.925000 8.980304972489e-01 1.127596163382e-01 9.050820e-01
0.950000 31.950000 8.996331534460e-01 1.088218109961e-01 9.061909e-01
0.950000 31.975000 9.015648277707e-01 1.050971125215e-01 9.076698e-01
0.950000 32.000000 9.038676757588e-01 1.014499403453e-01 9.095432e-01
0.950000 32.025000 9.065562383332e-01 9.774000169420e-02 9.118099e-01
0.950000 32.050000 9.096173826133e-01 9.382724077209e-02 9.144437e-01
0.950000 32.075000 9.130110868720e-01 8.957661018096e-02 9.173948e-01
0.950000 32.100000 9.166719919067e-01 8.486252831736e-02 9.205918e-01
0.950000 32.125000 9.205116215999e-01 7.957291207635e-02 9.239445e-01
0.950000 32.150000 9.244211636390e-01 7.361270164355e-02 9.273475e-01
0.950000 32.175000 9.282746970591e-01 6.690682119967e-02 9.306828e-01
0.950000 32.200000 9.319327555216e-01 5.940254398019e-02 9.338240e-01
0.950000 32.225000 9.352461226620e-01 5.107125075173e-02 9.366395e-01
0.950000 32.250000 9.380597665599e-01 4.190958638228e-02 9.389955e-01
0.950000 32.275000 9.402168324878e-01 3.194002948422e-02 9.407592e-01
0.950000 32.300000 9.415626246657e-01 2.121089543856e-02 9.418015e-01
0.950000 32.325000 9.419485171818e-01 9.795794427576e-03 9.419995e-01
0.950000 32.350000 9.412357404767e-01 -2.207435183426e-03 9.412383e-01
0.950000 32.375000 9.392989922321e-01 -1.467829999224e-02 9.394137e-01
0.950000 32.400000 9.360298203775e-01 -2.747571455232e-02 9.364330e-01
0.950000 32.425000 9.313397218875e-01 -4.044053667588e-02 9.322173e-01
0.950000 32.450000 9.251628953944e-01 -5.339855322518e-02 9.267026e-01
0.950000 32.475000 9.174585799223e-01 -6.616388624584e-02 9.198412e-01
0.950000 32.500000 9.082129079892e-01 -7.854277694040e-02 9.116028e-01
0.950000 32.525000 8.974402005223e-01 -9.033768920838e-02 9.019755e-01
0.950000 32.550000 8.851836348390e-01 -1.013516564526e-01 8.909670e-01
0.950000 32.575000 8.715152262159e-01 -1.113927766396e-01 8.786052e-01
0.950000 32.600000 8.565350786294e-01 -1.202787430082e-01 8.649389e-01
0.950000 32.625000 8.403698808156e-01 -1.278412831907e-01 8.500382e-01
0.950000 32.650000 8.231706490047e-01 -1.339303695234e-01 8.339948e-01
0.950000 32.675000 8.051097462080e-01 -1.384180593412e-01 8.169218e-01
0.950000 32.700000 7.863772380481e-01 -1.412018269761e-01 7.989538e-01
0.950000 32.725000 7.671766749846e-01 -1.422072593893e-01 7.802454e-01
0.950000 32.750000 7.477204184351e-01 -1.413900047003e-01 7.609711e-01
0.950000 32.775000 7.282246520094e-01 -1.387368866489e-01 7.413225e-01
0.950000 32.800000 7.089042372768e-01 -1.342661271394e-01 7.215072e-01
0.950000 32.825000 6.899675850760e-01 -1.280266520301e-01 7.017450e-01
0.950000 32.850000 6.716117175523e-01 -1.200964905907e-01 6.822650e-01
0.950000 32.875000 6.540176925526e-01 -1.105803148279e-01 6.633002e-01
0.950000 32.900000 6.373465507990e-01 -9.960619941398e-02 6.450830e-01
0.950000 32.925000 6.217359278355e-01 -8.732171463195e-02 6.278381e-01
0.950000 32.950000 6.072974478790e-01 -7.388949204896e-02 6.117760e-01
0.950000 32.975000 5.941149864365e-01 -5.948242429845e-02 5.970852e-01
0.950000 33.000000 5.822438541792e-01 -4.427867531272e-02 5.839251e-01
0.950000 33.025000 5.717109175112e-01 -2.845668483819e-02 5.724187e-01
0.950000 33.050000 5.625156332088e-01 -1.219035058991e-02 5.626477e-01
0.950000 33.075000 5.546319370762e-01 4.355437203349e-03 5.546490e-01
0.950000 33.100000 5.480108916050e-01 2.102875065630e-02 5.484142e-01
0.950000 33.125000 5.425839668281e-01 3.769393417363e-02 5.438917e-01
0.950000 33.150000 5.382668036072e-01 5.423416544891e-02 5.409921e-01
0.950000 33.175000 5.349632909003e-01 7.055319873464e-02 5.395957e-01
0.950000 33.200000 5.325697792708e-01 8.657626008945e-02 5.395609e-01
0.950000 33.225000 5.309792526827e-01 1.022501039713e-01 5.407347e-01
0.950000 33.250000 5.300852896696e-01 1.175422791277e-01 5.429610e-01
0.950000 33.275000 5.297856628206e-01 1.324396869471e-01 5.460889e-01
0.950000 33.300000 5.299854511439e-01 1.469465451130e-01 5.499799e-01
0.950000 33.325000 5.305995716297e-01 1.610818916773e-01 5.545118e-01
0.950000 33.350000 5.315546720884e-01 1.748767781846e-01 5.595822e-01
0.950000 33.375000 5.327903646414e-01 1.883713044773e-01 5.651100e-01
0.950000 33.400000 5.342598154626e-01 2.016116422839e-01 5.710349e-01
0.950000 33.425000 5.359297389870e-01 2.146471803817e-01 5.773163e-01
0.950000 33.450000 5.377798715939e-01 2.275279024609e-01 5.839316e-01
0.950000 33.475000 5.398020190453e-01 2.403020818552e-01 5.908733e-01
0.950000 33.500000 5.419987826903e-01 2.530143474575e-01 5.981463e-01
0.950000 33.525000 5.443820714309e-01 2.657041450390e-01 6.057644e-01
0.950000 33.550000 5.469715002091e-01 2.784045903357e-01 6.137483e-01
0.950000 33.575000 5.497927626566e-01 2.911416868683e-01 6.221218e-01
0.950000 33.600000 5.528760473920e-01 3.039338641503e-01 6.309102e-01
0.950000 33.625000 5.562545465107e-01 3.167917816801e-01 6.401376e-01
0.950000 33.650000 5.599630834643e-01 3.297183410846e-01 6.498252e-01
0.950000 33.675000 5.640368679990e-01 3.427088524160e-01 6.599901e-01
0.950000 33.700000 5.685103699965e-01 3.557513096843e-01 6.706437e-01
0.950000 33.725000 5.734162932601e-01 3.688267435126e-01 6.817913e-01
0.950000 33.750000 5.787846251785e-01 3.819096333665e-01 6.934310e-01
0.950000 33.775000 5.846417387540e-01 3.949683761076e-01 7.055537e-01
0.950000 33.800000 5.910095290269e-01 4.079658198479e-01 7.181423e-01
0.950000 33.825000 5.979045752711e-01 4.208598808166e-01 7.311723e-01
0.950000 33.850000 6.053373319507e-01 4.336042652790e-01 7.446113e-01
0.950000 33.875000 6.133113636328e-01 4.461493181695e-01 7.584194e-01
0.950000 33.900000 6.218226502553e-01 4.584430152634e-01 7.725499e-01
0.950000 33.925000 6.308589979867e-01 4.704321071516e-01 7.869495e-01
0.950000 33.950000 6.403995964280e-01 4.820634121052e-01 8.015590e-01
0.950000 33.975000 6.504147645631e-01 4.932852423868e-01 8.163147e-01
0.950000 34.000000 6.608659256178e-01 5.040489359796e-01 8.311493e-01
0.950000 34.025000 6.717058451666e-01 5.143104542158e-01 8.459929e-01
0.950000 34.050000 6.828791580949e-01 5.240319962819e-01 8.607749e-01
0.950000 34.075000 6.943231991789e-01 5.331835746527e-01 8.754253e-01
0.950000 34.100000 7.059691399684e-01 5.417444914000e-01 8.898761e-01
0.950000 34.125000 7.177434220995e-01 5.497046540249e-01 9.040635e-01
0.950000 34.150000 7.295694647809e-01 5.570656707503e-01 9.179291e-01
0.950000 34.175000 7.413696123744e-01 5.638416687564e-01 9.314217e-01
0.950000 34.200000 7.530672769981e-01 5.700597843370e-01 9.444991e-01
0.950000 34.225000 7.645892209964e-01 5.757602811632e-01 9.571293e-01
0.950000 34.250000 7.758679150004e-01 5.809962616495e-01 9.692924e-01
0.950000 34.275000 7.868438992286e-01 5.858329468519e-01 9.809809e-01
0.950000 34.300000 7.974680688301e-01 5.903465124973e-01 9.922018e-01
0.950000 34.325000 8.077037988334e-01 5.946224827548e-01 1.002976e+00
0.950000 34.350000 8.175288211531e-01 5.987536992543e-01 1.013341e+00
0.950000 34.375000 8.269367658358e-01 6.028379004533e-01 1.023346e+00
0.950000 34.400000 8.359382820261e-01 6.069749653307e-01 1.033059e+00
0.950000 34.425000 8.445616617295e-01 6.112638947765e-01 1.042558e+00
0.950000 34.450000 8.528529018532e-01 6.157996228814e-01 1.051935e+00
0.950000 34.475000 8.608751574306e-01 6.206697672766e-01 1.061290e+00
0.950000 34.500000 8.687075611771e-01 6.259514412508e-01 1.070732e+00
0.950000 34.525000 8.764434108806e-01 6.317082590897e-01 1.080374e+00
0.950000 34.550000 8.841877554211e-01 6.379876686320e-01 1.090329e+00
0.950000 34.575000 8.920544408131e-01 6.448187404404e-01 1.100705e+00
0.950000 34.600000 9.001627076335e-01 6.522105307567e-01 1.111608e+00
0.950000 34.625000 9.086334584356e-01 6.601511156552e-01 1.123127e+00
0.950000 34.650000 9.175853362077e-01 6.686073672513e-01 1.135341e+00
0.950000 34.675000 9.271307707962e-01 6.775255108105e-01 1.148308e+00
0.950000 34.700000 9.373721580966e-01 6.868324659650e-01 1.162069e+00
0.950000 34.725000 9.483983359164e-01 6.964379381854e-01 1.176641e+00
0.950000 34.750000 9.602815105795e-01 7.062371905292e-01 1.192020e+00
0.950000 34.775000 9.730747701015e-01 7.161143927865e-01 1.208178e+00
0.950000 34.800000 9.868102942828e-01 7.259464175335e-01 1.225068e+00
0.950000 34.825000 1.001498340990e+00 7.356069318792e-01 1.242625e+00
0.950000 34.850000 1.017127053256e+00 7.449706209288e-01 1.260765e+00
0.950000 34.875000 1.033663095789e+00 7.539173746158e-01 1.279395e+00
0.950000 34.900000 1.051053094142e+00 7.623362734063e-01 1.298410e+00
0.950000 34.925000 1.069225817143e+00 7.701292197313e-01 1.317704e+00
0.950000 34.950000 1.088095014645e+00 7.772140796741e-01 1.337166e+00
0.950000 34.975000 1.107562799534e+00 7.835272220058e-01 1.356691e+00
0.950000 35.000000 1.127523445582e+00 7.890253675194e-01 1.376180e+00
0.950000 35.025000 1.147867461635e+00 7.936866892136e-01 1.395542e+00
0.950000 35.050000 1.168485797265e+00 7.975111318210e-01 1.414702e+00
0.950000 35.075000 1.189274035040e+00 8.005199462980e-01 1.433599e+00
0.950000 35.100000 1.210136429233e+00 8.027544603203e-01 1.452186e+00
0.950000 35.125000 1.230989659270e+00 8.042741289974e-01 1.470440e+00
0.950000 35.150000 1.251766177824e+00 8.051539305956e-01 1.488352e+00
0.950000 35.175000 1.272417047543e+00 8.054811899325e-01 1.505937e+00
0.950000 35.200000 1.292914176395e+00 8.053519272671e-01 1.523226e+00
0.950000 35.225000 1.313251879236e+00 8.048668430060e-01 1.540273e+00
0.950000 35.250000 1.333447712131e+00 8.041270583835e-01 1.557146e+00
0.950000 35.275000 1.353542546035e+00 8.032297394044e-01 1.573930e+00
0.950000 35.300000 1.373599867512e+00 8.022637356330e-01 1.590724e+00
0.950000 35.325000 1.393704315961e+00 8.013053666302e-01 1.607639e+00
0.950000 35.350000 1.413959489082e+00 8.004144867324e-01 1.624791e+00
0.950000 35.375000 1.434485070530e+00 7.996309531433e-01 1.642302e+00
0.950000 35.400000 1.455413355376e+00 7.989716127422e-01 1.660296e+00
0.950000 35.425000 1.476885269342e+00 7.984279095059e-01 1.678892e+00
0.950000 35.450000 1.499045996019e+00 7.979641970073e-01 1.698201e+00
0.950000 35.475000 1.522040341567e+00 7.975168193209e-01 1.718325e+00
0.950000 35.500000 1.546007977846e+00 7.969939993315e-01 1.739350e+00
0.950000 35.525000 1.571078711716e+00 7.962765465095e-01 1.761347e+00
0.950000 35.550000 1.597367929758e+00 7.952193676419e-01 1.784365e+00
0.950000 35.575000 1.624972363277e+00 7.936537348528e-01 1.808431e+00
0.950000 35.600000 1.653966308000e+00 7.913902367613e-01 1.833549e+00
0.950000 35.625000 1.684398416226e+00 7.882223121885e-01 1.859702e+00
0.950000 35.650000 1.716289156782e+00 7.839302428578e-01 1.886848e+00
0.950000 35.675000 1.749629010491e+00 7.782854634336e-01 1.914923e+00
0.950000 35.700000 1.784377437059e+00 7.710550353515e-01 1.943844e+00
0.950000 35.725000 1.820462614712e+00 7.620061263177e-01 1.973509e+00
0.950000 35.750000 1.857781918196e+00 7.509103409335e-01 2.003801e+00
0.950000 35.775000 1.896203065951e+00 7.375477601098e-01 2.034592e+00
0.950000 35.800000 1.935565835495e+00 7.217105676920e-01 2.065740e+00
0.950000 35.825000 1.975684219619e+00 7.032061714381e-01 2.097100e+00
0.950000 35.850000 2.016348877004e+00 6.818597609436e-01 2.128520e+00
0.950000 35.875000 2.057329721279e+00 6.575162854002e-01 2.159846e+00
0.950000 35.900000 2.098378493798e+00 6.300418768230e-01 2.190923e+00
0.950000 35.925000 2.139231178290e+00 5.993247865947e-01 2.221599e+00
0.950000 35.950000 2.179610140130e+00 5.652759416903e-01 2.251719e+00
0.950000 35.975000 2.219225908326e+00 5.278292584472e-01 2.281133e+00
0.950000 36.000000 2.257778562570e+00 4.869418731089e-01 2.309692e+00
0.950000 36.025000 2.294958738089e+00 4.425944570179e-01 2.337247e+00
0.950000 36.050000 2.330448313976e+00 3.947917783851e-01 2.363652e+00
0.950000 36.075000 2.363920901986e+00 3.435636512244e-01 2.388757e+00
0.950000 36.100000 2.395042298118e+00 2.889663756725e-01 2.412411e+00
0.950000 36.125000 2.423471094201e+00 2.310847242078e-01 2.434463e+00
0.950000 36.150000 2.448859667460e+00 1.700344681617e-01 2.454756e+00
0.950000 36.175000 2.470855769571e+00 1.059653724495e-01 2.473127e+00
0.950000 36.200000 2.489104921247e+00 3.906451852700e-02 2.489411e+00
0.950000 36.225000 2.503253783574e+00 -3.044024836184e-02 2.503439e+00
0.950000 36.250000 2.512954624353e+00 -1.022770061512e-01 2.515035e+00
0.950000 36.275000 2.517870929327e+00 -1.761268757240e-01 2.524024e+00
0.950000 36.300000 2.517684128528e+00 -2.516218935795e-01 2.530227e+00
0.950000 36.325000 2.512101322395e+00 -3.283439574286e-01 2.533469e+00
0.950000 36.350000 2.500863806701e+00 -4.058251418000e-01 2.533577e+00
0.950000 36.375000 2.483756115946e+00 -4.835496352306e-01 2.530388e+00
0.950000 36.400000 2.460615237723e+00 -5.609574846305e-01 2.523747e+00
0.950000 36.425000 2.431339600735e+00 -6.374502496108e-01 2.513514e+00
0.950000 36.450000 2.395897410870e+00 -7.123985749233e-01 2.499567e+00
0.950000 36.475000 2.354333905276e+00 -7.851515885735e-01 2.481804e+00
0.950000 36.500000 2.306777114920e+00 -8.550479329643e-01 2.460148e+00
0.950000 36.525000 2.253441770433e+00 -9.214281429355e-01 2.434549e+00
0.950000 36.550000 2.194631051909e+00 -9.836480035170e-01 2.404988e+00
0.950000 36.575000 2.130735966727e+00 -1.041092456508e+00 2.371478e+00
0.950000 36.600000 2.062232235475e+00 -1.093189582184e+00 2.334066e+00
0.950000 36.625000 1.989674669233e+00 -1.139424162656e+00 2.292835e+00
0.950000 36.650000 1.913689125878e+00 -1.179350337369e+00 2.247904e+00
0.950000 36.675000 1.834962233359e+00 -1.212602887927e+00 2.199430e+00
0.950000 36.700000 1.754229158883e+00 -1.238906737041e+00 2.147606e+00
0.950000 36.725000 1.672259780683e+00 -1.258084311427e+00 2.092661e+00
0.950000 36.750000 1.589843680252e+00 -1.270060497445e+00 2.034860e+00
0.950000 36.775000 1.507774415729e+00 -1.274865006556e+00 1.974504e+00
0.950000 36.800000 1.426833560506e+00 -1.272632061189e+00 1.911922e+00
0.950000 36.825000 1.347774995278e+00 -1.263597405965e+00 1.847478e+00
0.950000 36.850000 1.271309927424e+00 -1.248092740641e+00 1.781562e+00
0.950000 36.875000 1.198093080651e+00 -1.226537756286e+00 1.714591e+00
0.950000 36.900000 1.128710452070e+00 -1.199430032238e+00 1.647003e+00
0.950000 36.925000 1.063668975954e+00 -1.167333116225e+00 1.579259e+00
0.950000 36.950000 1.003388365797e+00 -1.130863161932e+00 1.511833e+00
0.950000 36.975000 9.481953316998e-01 -1.090674536307e+00 1.445215e+00
0.950000 37.000000 8.983202912912e-01 -1.047444832270e+00 1.379899e+00
0.950000 37.025000 8.538966118332e-01 -1.001859731162e+00 1.316382e+00
0.950000 37.050000 8.149623416542e-01 -9.545981533597e-01 1.255158e+00
0.950000 37.075000 7.814643128675e-01 -9.063181156281e-01 1.196703e+00
0.950000 37.100000 7.532644269373e-01 -8.576436809730e-01 1.141473e+00
0.950000 37.125000 7.301478721370e-01 -8.091533422504e-01 1.089883e+00
0.950000 37.150000 7.118329692205e-01 -7.613701263785e-01 1.042301e+00
0.950000 37.175000 6.979823002953e-01 -7.147536436429e-01 9.990256e-01
0.950000 37.200000 6.882147471049e-01 -6.696942386349e-01 9.602760e-01
0.950000 37.225000 6.821180494391e-01 -6.265093283267e-01 9.261744e-01
0.950000 37.250000 6.792614923629e-01 -5.854419412900e-01 8.967377e-01
0.950000 37.275000 6.792083420454e-01 -5.466614027079e-01 8.718731e-01
0.950000 37.300000 6.815276732684e-01 -5.102660450598e-01 8.513821e-01
0.950000 37.325000 6.858052658323e-01 -4.762877663355e-01 8.349724e-01
0.950000 37.350000 6.916532902695e-01 -4.446982081379e-01 8.222778e-01
0.950000 37.375000 6.987185534494e-01 -4.154162863596e-01 8.128827e-01
0.950000 37.400000 7.066891296242e-01 -3.883167780464e-01 8.063495e-01
0.950000 37.425000 7.152992599934e-01 -3.632396498746e-01 8.022444e-01
0.950000 37.450000 7.243324618527e-01 -3.399998061651e-01 8.001608e-01
0.950000 37.475000 7.336228449825e-01 -3.183969369510e-01 7.997369e-01
0.950000 37.500000 7.430546865043e-01 -2.982251584183e-01 8.006675e-01
0.950000 37.525000 7.525603647629e-01 -2.792821579878e-01 8.027114e-01
0.950000 37.550000 7.621167968750e-01 -2.613775832482e-01 8.056924e-01
0.950000 37.575000 7.717405627809e-01 -2.443404467277e-01 8.094972e-01
0.950000 37.600000 7.814819304440e-01 -2.280253560211e-01 8.140698e-01
0.950000 37.625000 7.914180219514e-01 -2.123174200559e-01 8.194029e-01
0.950000 37.650000 8.016453784318e-01 -1.971357263419e-01 8.255288e-01
0.950000 37.675000 8.122721926860e-01 -1.824353300229e-01 8.325075e-01
0.950000 37.700000 8.234104820561e-01 -1.682077425254e-01 8.404158e-01
0.950000 37.725000 8.351684701167e-01 -1.544799546105e-01 8.493353e-01
0.950000 37.750000 8.476434341483e-01 -1.413120746346e-01 8.593419e-01
0.950000 37.775000 8.609152560331e-01 -1.287937065865e-01 8.704958e-01
0.950000 37.800000 8.750408873594e-01 -1.170392327061e-01 8.828334e-01
0.950000 37.825000 8.900499055679e-01 -1.061822007655e-01 8.963613e-01
0.950000 37.850000 9.059412976776e-01 -9.636904501119e-02 9.110525e-01
0.950000 37.875000 9.226815625789e-01 -8.775239094641e-02 9.268451e-01
0.950000 37.900000 9.402041735545e-01 -8.048420643522e-02 9.436427e-01
0.950000 37.925000 9.584103913644e-01 -7.470906412969e-02 9.613178e-01
0.950000 37.950000 9.771713669375e-01 -7.055777251380e-02 9.797154e-01
0.950000 37.975000 9.963314236518e-01 -6.814161488217e-02 9.986589e-01
0.950000 38.000000 1.015712364551e+00 -6.754740787586e-02 1.017956e+00
0.950000 38.025000 1.035118611729e+00 -6.883355479195e-02 1.037405e+00
0.950000 38.050000 1.054342955344e+00 -7.202722533581e-02 1.056800e+00
0.950000 38.075000 1.073172669748e+00 -7.712274471158e-02 1.075940e+00
0.950000 38.100000 1.091395744990e+00 -8.408122325033e-02 1.094630e+00
0.950000 38.125000 1.108806983885e+00 -9.283140557310e-02 1.112686e+00
0.950000 38.150000 1.125213727765e+00 -1.032716680894e-01 1.129943e+00
0.950000 38.175000 1.140440997146e+00 -1.152730478052e-01 1.146252e+00
0.950000 38.200000 1.154335865623e+00 -1.286831460985e-01 1.161486e+00
0.950000 38.225000 1.166770924585e+00 -1.433307200740e-01 1.175542e+00
0.950000 38.250000 1.177646740657e+00 -1.590307526528e-01 1.188336e+00
0.950000 38.275000 1.186893254960e+00 -1.755897814372e-01 1.199811e+00
0.950000 38.300000 1.194470120734e+00 -1.928112658541e-01 1.209932e+00
0.950000 38.325000 1.200366021364e+00 -2.105007817444e-01 1.218683e+00
0.950000 38.350000 1.204597052110e+00 -2.284708515692e-01 1.226072e+00
0.950000 38.375000 1.207204283964e+00 -2.465452453399e-01 1.232123e+00
0.950000 38.400000 1.208250655588e+00 -2.645626205503e-01 1.236876e+00
0.950000 38.425000 1.207817358051e+00 -2.823794066897e-01 1.240387e+00
0.950000 38.450000 1.205999886776e+00 -2.998718792095e-01 1.242722e+00
0.950000 38.475000 1.202903935541e+00 -3.169374068256e-01 1.243956e+00
0.950000 38.500000 1.198641299319e+00 -3.334948926863e-01 1.244170e+00
0.950000 38.525000 1.193325937136e+00 -3.494844623297e-01 1.243449e+00
0.950000 38.550000 1.187070324512e+00 -3.648664779874e-01 1.241879e+00
0.950000 38.575000 1.179982199207e+00 -3.796199786063e-01 1.239544e+00
0.950000 38.600000 1.172161775864e+00 -3.937406574222e-01 1.236525e+00
0.950000 38.625000 1.163699476731e+00 -4.072384940113e-01 1.232899e+00
0.950000 38.650000 1.154674198786e+00 -4.201351560362e-01 1.228734e+00
0.950000 38.675000 1.145152113901e+00 -4.324612783406e-01 1.224090e+00
0.950000 38.700000 1.135185979365e+00 -4.442537150420e-01 1.219020e+00
0.950000 38.725000 1.124814921806e+00 -4.555528453936e-01 1.213564e+00
0.950000 38.750000 1.114064648676e+00 -4.663999981348e-01 1.207754e+00
0.950000 38.775000 1.102948037499e+00 -4.768350434312e-01 1.201610e+00
0.950000 38.800000 1.091466053428e+00 -4.868941876954e-01 1.195142e+00
0.950000 38.825000 1.079608949135e+00 -4.966079956011e-01 1.188350e+00
0.950000 38.850000 1.067357706341e+00 -5.059996560677e-01 1.181223e+00
0.950000 38.875000 1.054685683987e+00 -5.150835049321e-01 1.173743e+00
0.950000 38.900000 1.041560442843e+00 -5.238638161564e-01 1.165882e+00
0.950000 38.925000 1.027945719215e+00 -5.323338748594e-01 1.157606e+00
0.950000 38.950000 1.013803520575e+00 -5.404753482083e-01 1.148874e+00
0.950000 38.975000 9.990963132602e-01 -5.482579729567e-01 1.139640e+00
0.950000 39.000000 9.837892669165e-01 -5.556395799496e-01 1.129857e+00
0.950000 39.025000 9.678525129094e-01 -5.625664751547e-01 1.119473e+00
0.950000 39.050000 9.512633653106e-01 -5.689741928834e-01 1.108437e+00
0.950000 39.075000 9.340084446448e-01 -5.747886294749e-01 1.096701e+00
0.950000 39.100000 9.160856375771e-01 -5.799275548429e-01 1.084218e+00
0.950000 39.125000 8.975058213999e-01 -5.843024854364e-01 1.070946e+00
0.950000 39.150000 8.782942815506e-01 -5.878208862183e-01 1.056851e+00
0.950000 39.175000 8.584917541466e-01 -5.903886524256e-01 1.041905e+00
0.950000 39.200000 8.381550339164e-01 -5.919128054991e-01 1.026092e+00
0.950000 39.225000 8.173571007747e-01 -5.923043230654e-01 1.009404e+00
0.950000 39.250000 7.961867350048e-01 -5.914810114957e-01 9.918483e-01
0.950000 39.275000 7.747476106262e-01 -5.893703224001e-01 9.734430e-01
0.950000 39.300000 7.531568777781e-01 -5.859120121424e-01 9.542212e-01
0.950000 39.325000 7.315432664802e-01 -5.810605463642e-01 9.342307e-01
0.950000 39.350000 7.100447645418e-01 -5.747871595055e-01 9.135337e-01
0.950000 39.375000 6.888059404117e-01 -5.670814918718e-01 8.922080e-01
0.950000 39.400000 6.679749963332e-01 -5.579527431268e-01 8.703458e-01
0.950000 39.425000 6.477006475295e-01 -5.474303001415e-01 8.480543e-01
0.950000 39.450000 6.281289288705e-01 -5.355638177125e-01 8.254542e-01
0.950000 39.475000 6.094000314512e-01 -5.224227515997e-01 8.026792e-01
0.950000 39.500000 5.916452679754e-01 -5.080953634897e-01 7.798750e-01
0.950000 39.525000 5.749842582483e-01 -4.926872358971e-01 7.571972e-01
0.950000 39.550000 5.595224151005e-01 -4.763193508803e-01 7.348098e-01
0.950000 39.575000 5.453487974863e-01 -4.591257992308e-01 7.128827e-01
0.950000 39.600000 5.325343821515e-01 -4.412511961497e-01 6.915891e-01
0.950000 39.625000 5.211307889915e-01 -4.228478852419e-01 6.711018e-01
0.950000 39.650000 5.111694787935e-01 -4.040730149935e-01 6.515898e-01
0.950000 39.675000 5.026614261951e-01 -3.850855709864e-01 6.332136e-01
0.950000 39.700000 4.955972559801e-01 -3.660434432587e-01 6.161205e-01
0.950000 39.725000 4.899478177816e-01 -3.471006018918e-01 6.004396e-01
0.950000 39.750000 4.856651632363e-01 -3.284044455791e-01 5.862765e-01
0.950000 39.775000 4.826838808973e-01 -3.100933781440e-01 5.737087e-01
0.950000 39.800000 4.809227379010e-01 -2.922946572998e-01 5.627813e-01
0.950000 39.825000 4.802865735045e-01 -2.751225489331e-01 5.535048e-01
0.950000 39.850000 4.806683880531e-01 -2.586768094022e-01 5.458533e-01
0.950000 39.875000 4.819515714509e-01 -2.430415082527e-01 5.397652e-01
0.950000 39.900000 4.840122174518e-01 -2.282841947798e-01 5.351462e-01
0.950000 39.925000 4.867214735992e-01 -2.144554042945e-01 5.318730e-01
0.950000 39.950000 4.899478809325e-01 -2.015884939244e-01 5.297989e-01
0.950000 39.975000 4.935596621217e-01 -1.896997932806e-01 5.287600e-01
0.950000 40.000000 4.974269210209e-01 -1.787890521671e-01 5.285821e-01
0.950000 40.025000 5.014237203745e-01 -1.688401653547e-01 5.290867e-01
0.950000 40.050000 5.054300073453e-01 -1.598221528625e-01 5.300968e-01
0.950000 40.075000 5.093333586277e-01 -1.516903726613e-01 5.314418e-01
0.950000 40.100000 5.130305183274e-01 -1.443879407959e-01 5.329617e-01
0.950000 40.125000 5.164287029030e-01 -1.378473311871e-01 5.345096e-01
0.950000 40.150000 5.194466487692e-01 -1.319921236476e-01 5.359540e-01
0.950000 40.175000 5.220153802660e-01 -1.267388639015e-01 5.371804e-01
0.950000 40.200000 5.240786791899e-01 -1.219989939051e-01 5.380913e-01
0.950000 40.225000 5.255932424479e-01 -1.176808050260e-01 5.386066e-01
0.950000 40.250000 5.265285219479e-01 -1.136913613478e-01 5.386632e-01
0.950000 40.275000 5.268662505923e-01 -1.099383363694e-01 5.382142e-01
0.950000 40.300000 5.265996699372e-01 -1.063317045150e-01 5.372277e-01
0.950000 40.325000 5.257324880959e-01 -1.027852299423e-01 5.356860e-01
0.950000 40.350000 5.242776099412e-01 -9.921769969060e-02 5.335833e-01
0.950000 40.375000 5.222556944970e-01 -9.555385651628e-02 5.309252e-01
0.950000 40.400000 5.196936054382e-01 -9.172499870989e-02 5.277262e-01
0.950000 40.425000 5.166228287088e-01 -8.766922927744e-02 5.240086e-01
0.950000 40.450000 5.130779354593e-01 -8.333135422448e-02 5.198010e-01
0.950000 40.475000 5.090951681569e-01 -7.866244814699e-02 5.151366e-01
0.950000 40.500000 5.047112225686e-01 -7.361912355730e-02 5.100521e-01
0.950000 40.525000 4.999622885357e-01 -6.816255697984e-02 5.045874e-01
0.950000 40.550000 4.948833986645e-01 -6.225733856383e-02 4.987841e-01
0.950000 40.575000 4.895081172183e-01 -5.587022176694e-02 4.926862e-01
0.950000 40.600000 4.838685828580e-01 -4.896885489994e-02 4.863402e-01
0.950000 40.625000 4.779958997950e-01 -4.152057676615e-02 4.797958e-01
0.950000 40.650000 4.719208537321e-01 -3.349135447958e-02 4.731078e-01
0.950000 40.675000 4.656749128209e-01 -2.484493340318e-02 4.663372e-01
0.950000 40.700000 4.592914606174e-01 -1.554225791194e-02 4.595544e-01
0.950000 40.725000 4.528071981765e-01 -5.541208411665e-03 4.528411e-01
0.950000 40.750000 4.462636460606e-01 5.203314179163e-03 4.462940e-01
0.950000 40.775000 4.397086739228e-01 1.673893948512e-02 4.400272e-01
0.950000 40.800000 4.331979849167e-01 2.911501074523e-02 4.341753e-01
0.950000 40.825000 4.267964838171e-01 4.238140869258e-02 4.288956e-01
0.950000 40.850000 4.205794607313e-01 5.658703611440e-02 4.243691e-01
0.950000 40.875000 4.146335260939e-01 7.177799299640e-02 4.208005e-01
0.950000 40.900000 4.090572369457e-01 8.799548154516e-02 4.184149e-01
0.950000 40.925000 4.039613593013e-01 1.052734895994e-01 4.174533e-01
0.950000 40.950000 3.994687169776e-01 1.236363103812e-01 4.181641e-01
0.950000 40.975000 3.957135841555e-01 1.430959664011e-01 4.207917e-01
0.950000 41.000000 3.928405878346e-01 1.636496154820e-01 4.255642e-01
0.950000 41.025000 3.910030979096e-01 1.852770268315e-01 4.326789e-01
0.950000 41.050000 3.903610973594e-01 2.079382239938e-01 4.422896e-01
0.950000 41.075000 3.910785431711e-01 2.315713982228e-01 4.544972e-01
0.950000 41.100000 3.933202498825e-01 2.560911990159e-01 4.693437e-01
0.950000 41.125000 3.972483512422e-01 2.813875069562e-01 4.868112e-01
0.950000 41.150000 4.030184201902e-01 3.073247865361e-01 5.068258e-01
0.950000 41.175000 4.107753514562e-01 3.337421026247e-01 5.292638e-01
0.950000 41.200000 4.206491325904e-01 3.604538635671e-01 5.539609e-01
0.950000 41.225000 4.327506461124e-01 3.872513271204e-01 5.807209e-01
0.950000 41.250000 4.471676558205e-01 4.139048737687e-01 6.093243e-01
0.950000 41.275000 4.639611326216e-01 4.401670172435e-01 6.395365e-01
0.950000 41.300000 4.831620686206e-01 4.657760866556e-01 6.711132e-01
0.950000 41.325000 5.047689124814e-01 4.904604810573e-01 7.038062e-01
0.950000 41.350000 5.287457348732e-01 5.139433681306e-01 7.373668e-01
0.950000 41.375000 5.550212015826e-01 5.359476763374e-01 7.715494e-01
0.950000 41.400000 5.834883957082e-01 5.562012161142e-01 8.061132e-01
0.950000 41.425000 6.140054918419e-01 5.744417616626e-01 8.408246e-01
0.950000 41.450000 6.463972471371e-01 5.904219308611e-01 8.754584e-01
0.950000 41.475000 6.804572394225e-01 6.039137162327e-01 9.097988e-01
0.950000 41.500000 7.159507535631e-01 6.147125433380e-01 9.436403e-01
0.950000 41.525000 7.526181959880e-01 6.226407623946e-01 9.767884e-01
0.950000 41.550000 7.901789049299e-01 6.275505117977e-01 1.009060e+00
0.950000 41.575000 8.283352208053e-01 6.293259258617e-01 1.040284e+00
0.950000 41.600000 8.667766868755e-01 6.278846908543e-01 1.070299e+00
0.950000 41.625000 9.051842636514e-01 6.231789809486e-01 1.098959e+00
0.950000 41.650000 9.432344596644e-01 6.151958272858e-01 1.126125e+00
0.950000 41.675000 9.806033040388e-01 6.039569878267e-01 1.151671e+00
0.950000 41.700000 1.016970110476e+00 5.895183926509e-01 1.175483e+00
0.950000 41.725000 1.052021005557e+00 5.719692392084e-01 1.197454e+00
0.950000 41.750000 1.085452214805e+00 5.514308056346e-01 1.217490e+00
0.950000 41.775000 1.116973116209e+00 5.280550390366e-01 1.235504e+00
0.950000 41.800000 1.146309082051e+00 5.020229612920e-01 1.251420e+00
0.950000 41.825000 1.173204135485e+00 4.735429191648e-01 1.265168e+00
0.950000 41.850000 1.197423448638e+00 4.428486900778e-01 1.276690e+00
0.950000 41.875000 1.218755704628e+00 4.101974411150e-01 1.285934e+00
0.950000 41.900000 1.237015337759e+00 3.758675278717e-01 1.292859e+00
0.950000 41.925000 1.252044655461e+00 3.401561123048e-01 1.297429e+00
0.950000 41.950000 1.263715833256e+00 3.033765751238e-01 1.299621e+00
0.950000 41.975000 1.271932761509e+00 2.658556984983e-01 1.299420e+00
0.950000 42.000000 1.276632710613e+00 2.279305987113e-01 1.296821e+00
0.950000 42.025000 1.277787770601e+00 1.899453954559e-01 1.291828e+00
0.950000 42.050000 1.275406012348e+00 1.522476142631e-01 1.284461e+00
0.950000 42.075000 1.269532311059e+00 1.151843305614e-01 1.274747e+00
0.950000 42.100000 1.260248768994e+00 7.909807759039e-02 1.262729e+00
0.950000 42.125000 1.247674673487e+00 4.432255535864e-02 1.248462e+00
0.950000 42.150000 1.231965928711e+00 1.117819354401e-02 1.232017e+00
0.950000 42.175000 1.213313905355e+00 -2.003236282491e-02 1.213479e+00
0.950000 42.200000 1.191943661806e+00 -4.902876051721e-02 1.192952e+00
0.950000 42.225000 1.168111503585e+00 -7.555733924173e-02 1.170553e+00
0.950000 42.250000 1.142101864758e+00 -9.939531546404e-02 1.146419e+00
0.950000 42.275000 1.114223515700e+00 -1.203546280175e-01 1.120705e+00
0.950000 42.300000 1.084805125402e+00 -1.382853190221e-01 1.093584e+00
0.950000 42.325000 1.054190232906e+00 -1.530783229836e-01 1.065246e+00
0.950000 42.350000 1.022731710199e+00 -1.646675421555e-01 1.035903e+00
0.950000 42.375000 9.907858267671e-01 -1.730310979733e-01 1.005781e+00
0.950000 42.400000 9.587060522962e-01 -1.781916669065e-01 9.751254e-01
0.950000 42.425000 9.268367569095e-01 -1.802158342960e-01 9.441950e-01
0.950000 42.450000 8.955069861506e-01 -1.792124310007e-01 9.132633e-01
0.950000 42.475000 8.650244988497e-01 -1.753298538233e-01 8.826143e-01
0.950000 42.500000 8.356702587795e-01 -1.687524100630e-01 8.525387e-01
0.950000 42.525000 8.076935646214e-01 -1.596957671171e-01 8.233296e-01
0.950000 42.550000 7.813079868431e-01 -1.484016275091e-01 7.952768e-01
0.950000 42.575000 7.566882549015e-01 -1.351317856296e-01 7.686597e-01
0.950000 42.600000 7.339682046116e-01 -1.201617525005e-01 7.437393e-01
0.950000 42.625000 7.132398551011e-01 -1.037741569297e-01 7.207497e-01
0.950000 42.650000 6.945536395720e-01 -8.625214386032e-02 6.998887e-01
0.950000 42.675000 6.779197665563e-01 -6.787299247851e-02 6.813090e-01
0.950000 42.700000 6.633106412317e-01 -4.890216730621e-02 6.651108e-01
0.950000 42.725000 6.506642323457e-01 -2.958799541507e-02 6.513366e-01
0.950000 42.750000 6.398882320230e-01 -1.015713305635e-02 6.399688e-01
0.950000 42.775000 6.308648254287e-01 9.189052903998e-03 6.309317e-01
0.950000 42.800000 6.234558666941e-01 2.827710713420e-02 6.240968e-01
0.950000 42.825000 6.175082478177e-01 4.696307702668e-02 6.192915e-01
0.950000 42.850000 6.128592488650e-01 6.513308596201e-02 6.163106e-01
0.950000 42.875000 6.093416704224e-01 8.270294696810e-02 6.149285e-01
0.950000 42.900000 6.067885719198e-01 9.961691547975e-02 6.149113e-01
0.950000 42.925000 6.050374705091e-01 1.158457131165e-01 6.160281e-01
0.950000 42.950000 6.039338925400e-01 1.313839786759e-01 6.180598e-01
0.950000 42.975000 6.033342108238e-01 1.462473167330e-01 6.208063e-01
0.950000 43.000000 6.031077431340e-01 1.604691178793e-01 6.240908e-01
0.950000 43.025000 6.031381280746e-01 1.740973179693e-01 6.277623e-01
0.950000 43.050000 6.033240310569e-01 1.871912476879e-01 6.316965e-01
0.950000 43.075000 6.035792634996e-01 1.998186998394e-01 6.357951e-01
0.950000 43.100000 6.038324208611e-01 2.120533120060e-01 6.399845e-01
0.950000 43.125000 6.040261586790e-01 2.239723289821e-01 6.442136e-01
0.950000 43.150000 6.041162300630e-01 2.356547751824e-01 6.484517e-01
0.950000 43.175000 6.040704033805e-01 2.471800345253e-01 6.526860e-01
0.950000 43.200000 6.038673661788e-01 2.586268063775e-01 6.569198e-01
0.950000 43.225000 6.034957022183e-01 2.700723828885e-01 6.611703e-01
0.950000 43.250000 6.029530048388e-01 2.815921767928e-01 6.654671e-01
0.950000 43.275000 6.022451639570e-01 2.932594202275e-01 6.698510e-01
0.950000 43.300000 6.013858380914e-01 3.051449543677e-01 6.743726e-01
0.950000 43.325000 6.003960990923e-01 3.173170361046e-01 6.790917e-01
0.950000 43.350000 5.993042175603e-01 3.298411004203e-01 6.840765e-01
0.950000 43.375000 5.981455426471e-01 3.427794338880e-01 6.894025e-01
0.950000 43.400000 5.969624218301e-01 3.561907339601e-01 6.951518e-01
0.950000 43.425000 5.958041045243e-01 3.701295483556e-01 7.014117e-01
0.950000 43.450000 5.947265775733e-01 3.846456070378e-01 7.082739e-01
0.950000 43.475000 5.937922897638e-01 3.997830743567e-01 7.158322e-01
0.950000 43.500000 5.930697351402e-01 4.155797597443e-01 7.241811e-01
0.950000 43.525000 5.926328793775e-01 4.320663312557e-01 7.334133e-01
0.950000 43.550000 5.925604281391e-01 4.492655771901e-01 7.436178e-01
0.950000 43.575000 5.929349496146e-01 4.671917574873e-01 7.548775e-01
0.950000 43.600000 5.938418740483e-01 4.858500795356e-01 7.672669e-01
0.950000 43.625000 5.953684002392e-01 5.052363237181e-01 7.808504e-01
0.950000 43.650000 5.976023424007e-01 5.253366338774e-01 7.956803e-01
0.950000 43.675000 6.006309506420e-01 5.461274782777e-01 8.117960e-01
0.950000 43.700000 6.045397353579e-01 5.675757787307e-01 8.292229e-01
0.950000 43.725000 6.094113210196e-01 5.896392001202e-01 8.479720e-01
0.950000 43.750000 6.153243494599e-01 6.122665899195e-01 8.680406e-01
0.950000 43.775000 6.223524479769e-01 6.353985572795e-01 8.894121e-01
0.950000 43.800000 6.305632744571e-01 6.589681832303e-01 9.120576e-01
0.950000 43.825000 6.400176509749e-01 6.829018564811e-01 9.359367e-01
0.950000 43.850000 6.507687991801e-01 7.071202320152e-01 9.609990e-01
0.950000 43.875000 6.628616949988e-01 7.315393109044e-01 9.871856e-01
0.950000 43.900000 6.763325659838e-01 7.560716384373e-01 1.014431e+00
0.950000 43.925000 6.912085608872e-01 7.806276130096e-01 1.042664e+00
0.950000 43.950000 7.075076262888e-01 8.051168900084e-01 1.071812e+00
0.950000 43.975000 7.252386278362e-01 8.294498534200e-01 1.101798e+00
0.950000 44.000000 7.444017525044e-01 8.535391139615e-01 1.132547e+00
0.950000 44.025000 7.649892221511e-01 8.773009775707e-01 1.163987e+00
0.950000 44.050000 7.869863369966e-01 9.006568138130e-01 1.196048e+00
0.950000 44.075000 8.103728505427e-01 9.235342421655e-01 1.228666e+00
0.950000 44.100000 8.351246555764e-01 9.458680471191e-01 1.261784e+00
0.950000 44.125000 8.612157357061e-01 9.676007323072e-01 1.295355e+00
0.950000 44.150000 8.886203102452e-01 9.886826306257e-01 1.329338e+00
0.950000 44.175000 9.173150745563e-01 1.009071502163e+00 1.363705e+00
0.950000 44.200000 9.472814156951e-01 1.028731574520e+00 1.398439e+00
0.950000 44.225000 9.785074667898e-01 1.047632009858e+00 1.433530e+00
0.950000 44.250000 1.010989855178e+00 1.065744817989e+00 1.468983e+00
0.950000 44.275000 1.044735000502e+00 1.083042272828e+00 1.504810e+00
0.950000 44.300000 1.079759830572e+00 1.099493927582e+00 1.541028e+00
0.950000 44.325000 1.116091804891e+00 1.115063359357e+00 1.577665e+00
0.950000 44.350000 1.153768167386e+00 1.129704803333e+00 1.614749e+00
0.950000 44.375000 1.192834389487e+00 1.143359857675e+00 1.652309e+00
0.950000 44.400000 1.233341809682e+00 1.155954450871e+00 1.690374e+00
0.950000 44.425000 1.275344523152e+00 1.167396261746e+00 1.728964e+00
0.950000 44.450000 1.318895621754e+00 1.177572768618e+00 1.768096e+00
0.950000 44.475000 1.364042927051e+00 1.186350078352e+00 1.807772e+00
0.950000 44.500000 1.410824394184e+00 1.193572649801e+00 1.847983e+00
0.950000 44.525000 1.459263389578e+00 1.199063981575e+00 1.888704e+00
0.950000 44.550000 1.509364058562e+00 1.202628284074e+00 1.929895e+00
0.950000 44.575000 1.561106999160e+00 1.204053103670e+00 1.971497e+00
0.950000 44.600000 1.614445445134e+00 1.203112816292e+00 2.013434e+00
0.950000 44.625000 1.669302135832e+00 1.199572861995e+00 2.055613e+00
0.950000 44.650000 1.725567014170e+00 1.193194554461e+00 2.097926e+00
0.950000 44.675000 1.783095849678e+00 1.183740272317e+00 2.140250e+00
0.950000 44.700000 1.841709834115e+00 1.170978824455e+00 2.182450e+00
0.950000 44.725000 1.901196146159e+00 1.154690780022e+00 2.224378e+00
0.950000 44.750000 1.961309432700e+00 1.134673565228e+00 2.265881e+00
0.950000 44.775000 2.021774110662e+00 1.110746152595e+00 2.306800e+00
0.950000 44.800000 2.082287358014e+00 1.082753201574e+00 2.346971e+00
0.950000 44.825000 2.142522637939e+00 1.050568550065e+00 2.386231e+00
0.950000 44.850000 2.202133587449e+00 1.014098000898e+00 2.424415e+00
0.950000 44.875000 2.260758101458e+00 9.732813924667e-01 2.461362e+00
0.950000 44.900000 2.318022455017e+00 9.280939849348e-01 2.496915e+00
0.950000 44.925000 2.373545328506e+00 8.785472297057e-01 2.530921e+00
0.950000 44.950000 2.426941630965e+00 8.246890176598e-01 2.563232e+00
0.950000 44.975000 2.477826052495e+00 7.666035192033e-01 2.593704e+00
0.950000 45.000000 2.525816314593e+00 7.044107356165e-01 2.622202e+00
0.950000 45.025000 2.570536124385e+00 6.382658765896e-01 2.648592e+00
0.950000 45.050000 2.611617871603e+00 5.683586641897e-01 2.672748e+00
0.950000 45.075000 2.648705133709e+00 4.949126405735e-01 2.694546e+00
0.950000 45.100000 2.681455072602e+00 4.181845279388e-01 2.713868e+00
0.950000 45.125000 2.709540814952e+00 3.384636572203e-01 2.730599e+00
0.950000 45.150000 2.732653907170e+00 2.560714497389e-01 2.744626e+00
0.950000 45.175000 2.750506925939e+00 1.713609060738e-01 2.755840e+00
0.950000 45.200000 2.762836307419e+00 8.471603114409e-02 2.764135e+00
0.950000 45.225000 2.769405434609e+00 -3.448894452913e-03 2.769408e+00
0.950000 45.250000 2.770007995025e+00 -9.269029834702e-02 2.771558e+00
0.950000 45.275000 2.764471592070e+00 -1.825366609165e-01 2.770491e+00
0.950000 45.300000 2.752661565353e+00 -2.724903223324e-01 2.766116e+00
0.950000 45.325000 2.734484949415e+00 -3.620298441175e-01 2.758346e+00
0.950000 45.350000 2.709894478169e+00 -4.506130021069e-01 2.747104e+00
0.950000 45.375000 2.678892524454e+00 -5.376804687882e-01 2.732319e+00
0.950000 45.400000 2.641534850801e+00 -6.226602216669e-01 2.713929e+00
0.950000 45.425000 2.597934038427e+00 -7.049726916355e-01 2.691886e+00
0.950000 45.450000 2.548262456215e+00 -7.840366421820e-01 2.666150e+00
0.950000 45.475000 2.492754629455e+00 -8.592757469797e-01 2.636699e+00
0.950000 45.500000 2.431708868837e+00 -9.301258100376e-01 2.603525e+00
0.950000 45.525000 2.365488023501e+00 -9.960425489092e-01 2.566639e+00
0.950000 45.550000 2.294519227868e+00 -1.056509837084e+00 2.526070e+00
0.950000 45.575000 2.219292521190e+00 -1.111048276399e+00 2.481872e+00
0.950000 45.600000 2.140358231964e+00 -1.159223944051e+00 2.434119e+00
0.950000 45.625000 2.058323037769e+00 -1.200657132020e+00 2.382912e+00
0.950000 45.650000 1.973844635803e+00 -1.235030870452e+00 2.328382e+00
0.950000 45.675000 1.887624991228e+00 -1.262099002288e+00 2.270688e+00
0.950000 45.700000 1.800402170004e+00 -1.281693556259e+00 2.210020e+00
0.950000 45.725000 1.712940809788e+00 -1.293731151797e+00 2.146603e+00
0.950000 45.750000 1.626021335925e+00 -1.298218164904e+00 2.080701e+00
0.950000 45.775000 1.540428087357e+00 -1.295254391058e+00 2.012611e+00
0.950000 45.800000 1.456936576940e+00 -1.285034961711e+00 1.942673e+00
0.950000 45.825000 1.376300168489e+00 -1.267850306122e+00 1.871269e+00
0.950000 45.850000 1.299236505044e+00 -1.244084000124e+00 1.798822e+00
0.950000 45.875000 1.226414065204e+00 -1.214208407244e+00 1.725802e+00
0.950000 45.900000 1.158439253117e+00 -1.178778092891e+00 1.652725e+00
0.950000 45.925000 1.095844439436e+00 -1.138421075908e+00 1.580151e+00
0.950000 45.950000 1.039077363102e+00 -1.093828069329e+00 1.508689e+00
0.950000 45.975000 9.884922759462e-01 -1.045739948725e+00 1.438989e+00
0.950000 46.000000 9.443431641616e-01 -9.949337668745e-01 1.371742e+00
0.950000 46.025000 9.067793143619e-01 -9.422077026474e-01 1.307671e+00
0.950000 46.050000 8.758434103035e-01 -8.883653854105e-01 1.247515e+00
0.950000 46.075000 8.514722535290e-01 -8.342000704515e-01 1.192013e+00
0.950000 46.100000 8.335001022580e-01 -7.804791535149e-01 1.141871e+00
0.950000 46.125000 8.216645232165e-01 -7.279295026849e-01 1.097731e+00
0.950000 46.150000 8.156145562537e-01 -6.772240540355e-01 1.060122e+00
0.950000 46.175000 8.149209066273e-01 -6.289700656909e-01 1.029417e+00
0.950000 46.200000 8.190878090909e-01 -5.836993563175e-01 1.005788e+00
0.950000 46.225000 8.275661547275e-01 -5.418607727373e-01 9.891809e-01
0.950000 46.250000 8.397674379110e-01 -5.038150419709e-01 9.793053e-01
0.950000 46.275000 8.550780677022e-01 -4.698320705487e-01 9.756540e-01
0.950000 46.300000 8.728735949051e-01 -4.400906631702e-01 9.775419e-01
0.950000 46.325000 8.925324313885e-01 -4.146805481168e-01 9.841616e-01
0.950000 46.350000 9.134486795905e-01 -3.936065219389e-01 9.946429e-01
0.950000 46.375000 9.350437441978e-01 -3.767944636396e-01 1.008108e+00
0.950000 46.400000 9.567764612582e-01 -3.640989207552e-01 1.023713e+00
0.950000 46.425000 9.781515487266e-01 -3.553119372770e-01 1.040686e+00
0.950000 46.450000 9.987262530749e-01 -3.501727762744e-01 1.058336e+00
0.950000 46.475000 1.018115135828e+00 -3.483781875798e-01 1.076070e+00
0.950000 46.500000 1.035993008907e+00 -3.495928815619e-01 1.093388e+00
0.950000 46.525000 1.052096086189e+00 -3.534598919586e-01 1.109883e+00
0.950000 46.550000 1.066221469113e+00 -3.596105417732e-01 1.125232e+00
0.950000 46.575000 1.078225125305e+00 -3.676737640593e-01 1.139190e+00
0.950000 46.600000 1.088018550735e+00 -3.772845716815e-01 1.151576e+00
0.950000 46.625000 1.095564327682e+00 -3.880915146784e-01 1.162272e+00
0.950000 46.650000 1.100870803361e+00 -3.997630086575e-01 1.171207e+00
0.950000 46.675000 1.103986118219e+00 -4.119924610186e-01 1.178356e+00
0.950000 46.700000 1.104991809667e+00 -4.245021623662e-01 1.183727e+00
0.950000 46.725000 1.103996207711e+00 -4.370459471902e-01 1.187357e+00
0.950000 46.750000 1.101127824829e+00 -4.494106601369e-01 1.189308e+00
0.950000 46.775000 1.096528924921e+00 -4.614164916631e-01 1.189656e+00
0.950000 46.800000 1.090349436354e+00 -4.729162696098e-01 1.188491e+00
0.950000 46.825000 1.082741353218e+00 -4.837938115883e-01 1.185911e+00
0.950000 46.850000 1.073853747588e+00 -4.939614575952e-01 1.182015e+00
0.950000 46.875000 1.063828494419e+00 -5.033569136195e-01 1.176902e+00
0.950000 46.900000 1.052796789898e+00 -5.119395459023e-01 1.170668e+00
0.950000 46.925000 1.040876523457e+00 -5.196862725268e-01 1.163399e+00
0.950000 46.950000 1.028170542971e+00 -5.265872045984e-01 1.155175e+00
0.950000 46.975000 1.014765831296e+00 -5.326411935185e-01 1.146061e+00
0.950000 47.000000 1.000733589824e+00 -5.378514435719e-01 1.136113e+00
0.950000 47.025000 9.861302005268e-01 -5.422213496696e-01 1.125370e+00
0.950000 47.050000 9.709990120300e-01 -5.457507177513e-01 1.113859e+00
0.950000 47.075000 9.553728675365e-01 -5.484325189847e-01 1.101597e+00
0.950000 47.100000 9.392772637247e-01 -5.502503173388e-01 1.088585e+00
0.950000 47.125000 9.227340010809e-01 -5.511764923296e-01 1.074818e+00
0.950000 47.150000 9.057651591803e-01 -5.511713539777e-01 1.060283e+00
0.950000 47.175000 8.883972071591e-01 -5.501832150310e-01 1.044965e+00
0.950000 47.200000 8.706650423040e-01 -5.481494466740e-01 1.028847e+00
0.950000 47.225000 8.526157405498e-01 -5.449984993917e-01 1.011917e+00
0.950000 47.250000 8.343118037242e-01 -5.406528222749e-01 9.941739e-01
0.950000 47.275000 8.158337011577e-01 -5.350325644387e-01 9.756252e-01
0.950000 47.300000 7.972815285045e-01 -5.280598945227e-01 9.562976e-01
0.950000 47.325000 7.787756441963e-01 -5.196637319069e-01 9.362382e-01
0.950000 47.350000 7.604561926028e-01 -5.097846497989e-01 9.155184e-01
0.950000 47.375000 7.424814805176e-01 -4.983796888958e-01 8.942377e-01
0.950000 47.400000 7.250252367634e-01 -4.854268134267e-01 8.725255e-01
0.950000 47.425000 7.082728495906e-01 -4.709287506517e-01 8.505435e-01
0.950000 47.450000 6.924167386860e-01 -4.549159807520e-01 8.284863e-01
0.950000 47.475000 6.776510735093e-01 -4.374486856672e-01 8.065806e-01
0.950000 47.500000 6.641660931109e-01 -4.186175206638e-01 7.850842e-01
0.950000 47.525000 6.521423109961e-01 -3.985431379340e-01 7.642815e-01
0.950000 47.550000 6.417448994811e-01 -3.773744630526e-01 7.444783e-01
0.950000 47.575000 6.331185400748e-01 -3.552857977469e-01 7.259939e-01
0.950000 47.600000 6.263829998991e-01 -3.324728910431e-01 7.091501e-01
0.950000 47.625000 6.216296506633e-01 -3.091481804995e-01 6.942593e-01
0.950000 47.650000 6.189190891852e-01 -2.855354516153e-01 6.816094e-01
0.950000 47.675000 6.182799510010e-01 -2.618641932804e-01 6.714484e-01
0.950000 47.700000 6.197089360748e-01 -2.383639382547e-01 6.639703e-01
0.950000 47.725000 6.231719932305e-01 -2.152588695129e-01 6.593024e-01
0.950000 47.750000 6.286065428969e-01 -1.927629467349e-01 6.574981e-01
0.950000 47.775000 6.359245607504e-01 -1.710757645295e-01 6.585340e-01
0.950000 47.800000 6.450163017438e-01 -1.503792986267e-01 6.623141e-01
0.950000 47.825000 6.557544175022e-01 -1.308356326059e-01 6.686792e-01
0.950000 47.850000 6.679982115251e-01 -1.125856906375e-01 6.774195e-01
0.950000 47.875000 6.815977859917e-01 -9.574893618671e-02 6.882902e-01
0.950000 47.900000 6.963978598103e-01 -8.042393735827e-02 7.010264e-01
0.950000 47.925000 7.122410772434e-01 -6.668965059678e-02 7.153565e-01
0.950000 47.950000 7.289706764232e-01 -5.460723887261e-02 7.310131e-01
0.950000 47.975000 7.464324431133e-01 -4.422222020893e-02 7.477413e-01
0.950000 48.000000 7.644759327351e-01 -3.556673808741e-02 7.653028e-01
0.950000 48.025000 7.829549985921e-01 -2.866175631270e-02 7.834794e-01
0.950000 48.050000 8.017277124561e-01 -2.351900556747e-02 8.020726e-01
0.950000 48.075000 8.206558020990e-01 -2.014254444670e-02 8.209030e-01
0.950000 48.100000 8.396037566566e-01 -1.852984084770e-02 8.398082e-01
0.950000 48.125000 8.584377638410e-01 -1.867232644184e-02 8.586408e-01
0.950000 48.150000 8.770246428021e-01 -2.055542376732e-02 8.772655e-01
0.950000 48.175000 8.952309240195e-01 -2.415808869958e-02 8.955568e-01
0.950000 48.200000 9.129222047275e-01 -2.945194766426e-02 9.133972e-01
0.950000 48.225000 9.299628777634e-01 -3.640013668138e-02 9.306750e-01
0.950000 48.250000 9.462162962849e-01 -4.495596678268e-02 9.472837e-01
0.950000 48.275000 9.615453997676e-01 -5.506154708574e-02 9.631206e-01
0.950000 48.300000 9.758137910899e-01 -6.664649331592e-02 9.780871e-01
0.950000 48.325000 9.888872229553e-01 -7.962683713400e-02 9.920879e-01
0.950000 48.350000 1.000635426528e+00 -9.390423219284e-02 1.005032e+00
0.950000 48.375000 1.010934197242e+00 -1.093655287722e-01 1.016833e+00
0.950000 48.400000 1.019667642840e+00 -1.258827626707e-01 1.027409e+00
0.950000 48.425000 1.026730496558e+00 -1.433135782302e-01 1.036684e+00
0.950000 48.450000 1.032030402969e+00 -1.615020820873e-01 1.044591e+00
0.950000 48.475000 1.035490093886e+00 -1.802801051406e-01 1.051066e+00
0.950000 48.500000 1.037049384907e+00 -1.994688363041e-01 1.056058e+00
0.950000 48.525000 1.036666937702e+00 -2.188807831999e-01 1.059522e+00
0.950000 48.550000 1.034321747093e+00 -2.383220116459e-01 1.061423e+00
0.950000 48.575000 1.030014323658e+00 -2.575946166476e-01 1.061737e+00
0.950000 48.600000 1.023767551067e+00 -2.764993811655e-01 1.060449e+00
0.950000 48.625000 1.015627201935e+00 -2.948385835332e-01 1.057558e+00
0.950000 48.650000 1.005662097036e+00 -3.124189183427e-01 1.053073e+00
0.950000 48.675000 9.939638908332e-01 -3.290544973851e-01 1.047015e+00
0.950000 48.700000 9.806464629024e-01 -3.445698957465e-01 1.039421e+00
0.950000 48.725000 9.658448914633e-01 -3.588032028783e-01 1.030338e+00
0.950000 48.750000 9.497139837031e-01 -3.716090294730e-01 1.019828e+00
0.950000 48.775000 9.324263394757e-01 -3.828614090792e-01 1.007969e+00
0.950000 48.800000 9.141699316027e-01 -3.924565198983e-01 9.948511e-01
0.950000 48.825000 8.951451981855e-01 -4.003151389409e-01 9.805800e-01
0.950000 48.850000 8.755616601149e-01 -4.063847297156e-01 9.652755e-01
0.950000 48.875000 8.556340998273e-01 -4.106410579436e-01 9.490710e-01
0.950000 48.900000 8.355783639164e-01 -4.130892292369e-01 9.321126e-01
0.950000 48.925000 8.156068806341e-01 -4.137640496647e-01 9.145574e-01
0.950000 48.950000 7.959240112642e-01 -4.127296253287e-01 8.965717e-01
0.950000 48.975000 7.767213793006e-01 -4.100781405275e-01 8.783281e-01
0.950000 49.000000 7.581733408579e-01 -4.059277849364e-01 8.600024e-01
0.950000 49.025000 7.404327715801e-01 -4.004198369637e-01 8.417700e-01
0.950000 49.050000 7.236273478537e-01 -3.937149508647e-01 8.238009e-01
0.950000 49.075000 7.078564923778e-01 -3.859887366920e-01 8.062556e-01
0.950000 49.100000 6.931891359047e-01 -3.774267619208e-01 7.892795e-01
0.950000 49.125000 6.796624188630e-01 -3.682191388149e-01 7.729983e-01
0.950000 49.150000 6.672814199743e-01 -3.585548897752e-01 7.575131e-01
0.950000 49.175000 6.560199558942e-01 -3.486163019919e-01 7.428967e-01
0.950000 49.200000 6.458224488243e-01 -3.385734912947e-01 7.291904e-01
0.950000 49.225000 6.366068106889e-01 -3.285793924490e-01 7.164026e-01
0.950000 49.250000 6.282682456491e-01 -3.187653793376e-01 7.045086e-01
0.950000 49.275000 6.206838300566e-01 -3.092376942253e-01 6.934525e-01
0.950000 49.300000 6.137176927532e-01 -3.000748320001e-01 6.831503e-01
0.950000 49.325000 6.072265907493e-01 -2.913259847176e-01 6.734946e-01
0.950000 49.350000 6.010656571001e-01 -2.830106061584e-01 6.643605e-01
0.950000 49.375000 5.950940899915e-01 -2.751191077061e-01 6.556123e-01
0.950000 49.400000 5.891805548738e-01 -2.676146481185e-01 6.471100e-01
0.950000 49.425000 5.832080846182e-01 -2.604359329019e-01 6.387163e-01
0.950000 49.450000 5.770782853787e-01 -2.535008961815e-01 6.303031e-01
0.950000 49.475000 5.707146869838e-01 -2.467111009977e-01 6.217569e-01
0.950000 49.500000 5.640651147980e-01 -2.399566644534e-01 6.129834e-01
0.950000 49.525000 5.571030034029e-01 -2.331214933080e-01 6.039117e-01
0.950000 49.550000 5.498276192516e-01 -2.260886043810e-01 5.944968e-01
0.950000 49.575000 5.422632076012e-01 -2.187453029991e-01 5.847212e-01
0.950000 49.600000 5.344571264312e-01 -2.109880018499e-01 5.745958e-01
0.950000 49.625000 5.264770745104e-01 -2.027264816875e-01 5.641597e-01
0.950000 49.650000 5.184075602273e-01 -1.938874236486e-01 5.534788e-01
0.950000 49.675000 5.103457902051e-01 -1.844170792850e-01 5.426440e-01
0.950000 49.700000 5.023971804403e-01 -1.742829871497e-01 5.317683e-01
0.950000 49.725000 4.946707062829e-01 -1.634746918481e-01 5.209828e-01
0.950000 49.750000 4.872743102184e-01 -1.520034704634e-01 5.104325e-01
0.950000 49.775000 4.803105777399e-01 -1.399011195903e-01 5.002705e-01
0.950000 49.800000 4.738728720514e-01 -1.272179011555e-01 4.906525e-01
0.950000 49.825000 4.680420888934e-01 -1.140197841982e-01 4.817301e-01
0.950000 49.850000 4.628841551904e-01 -1.003851505354e-01 4.736443e-01
0.950000 49.875000 4.584483517213e-01 -8.640115296315e-02 4.665191e-01
0.950000 49.900000 4.547664933397e-01 -7.215992418083e-02 4.604559e-01
0.950000 49.925000 4.518529533336e-01 -5.775483259337e-02 4.555290e-01
0.950000 49.950000 4.497054742716e-01 -4.327696793898e-02 4.517830e-01
0.950000 49.975000 4.483066688472e-01 -2.881201651855e-02 4.492316e-01
0.950000 50.000000 4.476260830686e-01 -1.443765453151e-02 4.478589e-01
0.950000 50.025000 4.476226723007e-01 -2.215510639927e-04 4.476227e-01
0.950000 50.050000 4.482475290310e-01 1.377996766395e-02 4.484593e-01
0.950000 50.075000 4.494466999058e-01 2.752258130491e-02 4.502886e-01
0.950000 50.100000 4.511639378878e-01 4.097399184848e-02 4.530207e-01
0.950000 50.125000 4.533432519938e-01 5.411335275121e-02 4.565615e-01
0.950000 50.150000 4.559311401303e-01 6.693019657161e-02 4.608176e-01
0.950000 50.175000 4.588784179458e-01 7.942296615201e-02 4.657010e-01
0.950000 50.200000 4.621415861266e-01 9.159726578888e-02 4.711315e-01
0.950000 50.225000 4.656837081246e-01 1.034639526839e-01 4.770389e-01
0.950000 50.250000 4.694747981299e-01 1.150371860364e-01 4.833634e-01
0.950000 50.275000 4.734917438454e-01 1.263325425712e-01 4.900554e-01
0.950000 50.300000 4.777178093938e-01 1.373652944146e-01 4.970750e-01
0.950000 50.325000 4.821417800943e-01 1.481489293990e-01 5.043895e-01
0.950000 50.350000 4.867568228494e-01 1.586939763085e-01 5.119726e-01
0.950000 50.375000 4.915591437679e-01 1.690071792921e-01 5.198017e-01
0.950000 50.400000 4.965465288406e-01 1.790910473839e-01 5.278561e-01
0.950000 50.425000 5.017168544448e-01 1.889437872577e-01 5.361152e-01
0.950000 50.450000 5.070666525646e-01 1.985596102582e-01 5.445572e-01
0.950000 50.475000 5.125898111500e-01 2.079293885387e-01 5.531573e-01
0.950000 50.500000 5.182764830725e-01 2.170416199124e-01 5.618875e-01
0.950000 50.525000 5.241122676835e-01 2.258836469972e-01 5.707163e-01
0.950000 50.550000 5.300777169615e-01 2.344430637509e-01 5.796084e-01
0.950000 50.575000 5.361482036553e-01 2.427092320844e-01 5.885258e-01
0.950000 50.600000 5.422941718324e-01 2.506748235646e-01 5.974285e-01
0.950000 50.625000 5.484817712374e-01 2.583372970507e-01 6.062759e-01
0.950000 50.650000 5.546738565471e-01 2.657002231615e-01 6.150282e-01
0.950000 50.675000 5.608313119835e-01 2.727743713245e-01 6.236486e-01
0.950000 50.700000 5.669146420919e-01 2.795784850974e-01 6.321047e-01
0.950000 50.725000 5.728857522105e-01 2.861396863664e-01 6.403702e-01
0.950000 50.750000 5.787098287086e-01 2.924934683490e-01 6.484269e-01
0.950000 50.775000 5.843572207152e-01 2.986832600175e-01 6.562660e-01
0.950000 50.800000 5.898052227824e-01 3.047595691640e-01 6.638890e-01
0.950000 50.825000 5.950396622174e-01 3.107787360790e-01 6.713089e-01
0.950000 50.850000 6.000562056285e-01 3.168013528125e-01 6.785503e-01
0.950000 50.875000 6.048613158986e-01 3.228904223826e-01 6.856496e-01
0.950000 50.900000 6.094728121178e-01 3.291093464710e-01 6.926544e-01
0.950000 50.925000 6.139200092802e-01 3.355198379348e-01 6.996223e-01
0.950000 50.950000 6.182434397944e-01 3.421798552573e-01 7.066201e-01
0.950000 50.975000 6.224941829675e-01 3.491416498812e-01 7.137219e-01
0.950000 51.000000 6.267328496089e-01 3.564500049187e-01 7.210067e-01
0.950000 51.025000 6.310282850794e-01 3.641407262658e-01 7.285569e-01
0.950000 51.050000 6.354560642753e-01 3.722394263996e-01 7.364554e-01
0.950000 51.075000 6.400968556073e-01 3.807606190919e-01 7.447836e-01
0.950000 51.100000 6.450347280381e-01 3.897071220006e-01 7.536189e-01
0.950000 51.125000 6.503554663920e-01 3.990697455012e-01 7.630327e-01
0.950000 51.150000 6.561449466545e-01 4.088272317915e-01 7.730885e-01
0.950000 51.175000 6.624876064910e-01 4.189463993120e-01 7.838405e-01
0.950000 51.200000 6.694650285680e-01 4.293824444146e-01 7.953318e-01
0.950000 51.225000 6.771546373619e-01 4.400793548753e-01 8.075941e-01
0.950000 51.250000 6.856284956996e-01 4.509703976391e-01 8.206465e-01
0.950000 51.275000 6.949521767081e-01 4.619786549787e-01 8.344955e-01
0.950000 51.300000 7.051836811247e-01 4.730175975519e-01 8.491347e-01
0.950000 51.325000 7.163723694857e-01 4.839916980082e-01 8.645446e-01
0.950000 51.350000 7.285578835277e-01 4.947971031173e-01 8.806933e-01
0.950000 51.375000 7.417690406222e-01 5.053223943210e-01 8.975366e-01
0.950000 51.400000 7.560226982704e-01 5.154494748276e-01 9.150183e-01
0.950000 51.425000 7.713226013174e-01 5.250546249288e-01 9.330707e-01
0.950000 51.450000 7.876582411070e-01 5.340097655742e-01 9.516154e-01
0.950000 51.475000 8.050037717499e-01 5.421839632965e-01 9.705640e-01
0.950000 51.500000 8.233170424741e-01 5.494451976429e-01 9.898187e-01
0.950000 51.525000 8.425388153070e-01 5.556623960883e-01 1.009273e+00
0.950000 51.550000 8.625922429528e-01 5.607077220050e-01 1.028814e+00
0.950000 51.575000 8.833826818383e-01 5.644590800121e-01 1.048322e+00
0.950000 51.600000 9.047979094298e-01 5.668027814173e-01 1.067673e+00
0.950000 51.625000 9.267088029942e-01 5.676362921546e-01 1.086738e+00
0.950000 51.650000 9.489705193352e-01 5.668709682350e-01 1.105390e+00
0.950000 51.675000 9.714241924492e-01 5.644346708250e-01 1.123500e+00
0.950000 51.700000 9.938991396993e-01 5.602741460100e-01 1.140939e+00
0.950000 51.725000 1.016215538555e+00 5.543570541295e-01 1.157586e+00
0.950000 51.750000 1.038187507035e+00 5.466735409491e-01 1.173322e+00
0.950000 51.775000 1.059626493774e+00 5.372372579958e-01 1.188037e+00
0.950000 51.800000 1.080344860217e+00 5.260857617253e-01 1.201629e+00
0.950000 51.825000 1.100159519856e+00 5.132802497956e-01 1.214005e+00
0.950000 51.850000 1.118895489392e+00 4.989046260020e-01 1.225085e+00
0.950000 51.875000 1.136389205587e+00 4.830639212790e-01 1.234800e+00
0.950000 51.900000 1.152491469966e+00 4.658821341113e-01 1.243094e+00
0.950000 51.925000 1.167069901564e+00 4.474995870057e-01 1.249923e+00
0.950000 51.950000 1.180010804631e+00 4.280699236929e-01 1.255257e+00
0.950000 51.975000 1.191220392070e+00 4.077568919974e-01 1.259076e+00
0.950000 52.000000 1.200625344094e+00 3.867310679201e-01 1.261373e+00
0.950000 52.025000 1.208172722198e+00 3.651666762065e-01 1.262152e+00
0.950000 52.050000 1.213829297947e+00 3.432386511706e-01 1.261426e+00
0.950000 52.075000 1.217580391011e+00 3.211200594754e-01 1.259214e+00
0.950000 52.100000 1.219428338342e+00 2.989799755065e-01 1.255545e+00
0.950000 52.125000 1.219390734075e+00 2.769818623865e-01 1.250453e+00
0.950000 52.150000 1.217498585924e+00 2.552824706804e-01 1.243974e+00
0.950000 52.175000 1.213794528101e+00 2.340312259310e-01 1.236150e+00
0.950000 52.200000 1.208331213476e+00 2.133700388960e-01 1.227025e+00
0.950000 52.225000 1.201169980512e+00 1.934334419978e-01 1.216645e+00
0.950000 52.250000 1.192379855859e+00 1.743489346971e-01 1.205059e+00
0.950000 52.275000 1.182036914676e+00 1.562374110044e-01 1.192318e+00
0.950000 52.300000 1.170223981286e+00 1.392135448752e-01 1.178476e+00
0.950000 52.325000 1.157030616350e+00 1.233860233221e-01 1.163591e+00
0.950000 52.350000 1.142553306666e+00 1.088575412052e-01 1.147727e+00
0.950000 52.375000 1.126895752583e+00 9.572450336268e-02 1.130954e+00
0.950000 52.400000 1.110169137696e+00 8.407641587193e-02 1.113348e+00
0.950000 52.425000 1.092492266560e+00 7.399498530608e-02 1.094995e+00
0.950000 52.450000 1.073991468283e+00 6.555297938606e-02 1.075990e+00
0.950000 52.475000 1.054800185547e+00 5.881293128870e-02 1.056439e+00
0.950000 52.500000 1.035058197523e+00 5.382579058095e-02 1.036457e+00
0.950000 52.525000 1.014910458505e+00 5.062963467872e-02 1.016173e+00
0.950000 52.550000 9.945055685607e-01 4.924855527230e-02 9.957242e-01
0.950000 52.575000 9.739939250554e-01 4.969182467137e-02 9.752607e-01
0.950000 52.600000 9.535256317746e-01 5.195342880316e-02 9.549399e-01
0.950000 52.625000 9.332482632713e-01 5.601202864296e-02 9.349276e-01
0.950000 52.650000 9.133045947203e-01 6.183138266308e-02 9.153952e-01
0.950000 52.675000 8.938304113295e-01 6.936123213931e-02 8.965176e-01
0.950000 52.700000 8.749525065436e-01 7.853862147605e-02 8.784704e-01
0.950000 52.725000 8.567869659068e-01 8.928959939325e-02 8.614270e-01
0.950000 52.750000 8.394378150890e-01 1.015312256608e-01 8.455557e-01
0.950000 52.775000 8.229960881700e-01 1.151737932208e-01 8.310160e-01
0.950000 52.800000 8.075393478987e-01 1.301231675182e-01 8.179559e-01
0.950000 52.825000 7.931316652851e-01 1.462831435171e-01 8.065089e-01
0.950000 52.850000 7.798240433007e-01 1.635577255418e-01 7.967915e-01
0.950000 52.875000 7.676552500183e-01 1.818532446644e-01 7.889013e-01
0.950000 52.900000 7.566530111209e-01 2.010802415237e-01 7.829157e-01
0.950000 52.925000 7.468355008152e-01 2.211550577818e-01 7.788920e-01
0.950000 52.950000 7.382130637795e-01 2.420010955263e-01 7.768675e-01
0.950000 52.975000 7.307900985274e-01 2.635497196061e-01 7.768607e-01
0.950000 53.000000 7.245670338063e-01 2.857407921629e-01 7.788743e-01
0.950000 53.025000 7.195423335950e-01 3.085228408388e-01 7.828969e-01
0.950000 53.050000 7.157144719833e-01 3.318528719016e-01 7.889065e-01
0.950000 53.075000 7.130838258562e-01 3.556958467545e-01 7.968739e-01
0.950000 53.100000 7.116544400208e-01 3.800238451392e-01 8.067652e-01
0.950000 53.125000 7.114356255389e-01 4.048149411724e-01 8.185449e-01
0.950000 53.150000 7.124433570434e-01 4.300518197048e-01 8.321779e-01
0.950000 53.175000 7.147014384034e-01 4.557201609937e-01 8.476314e-01
0.950000 53.200000 7.182424081606e-01 4.818068220456e-01 8.648757e-01
0.950000 53.225000 7.231081568210e-01 5.082978439010e-01 8.838847e-01
0.950000 53.250000 7.293502277083e-01 5.351763162590e-01 9.046355e-01
0.950000 53.275000 7.370297722411e-01 5.624201346772e-01 9.271080e-01
0.950000 53.300000 7.462171299565e-01 5.899996914904e-01 9.512832e-01
0.950000 53.325000 7.569910042880e-01 6.178755496165e-01 9.771415e-01
0.950000 53.350000 7.694372079697e-01 6.459961583402e-01 1.004661e+00
0.950000 53.375000 7.836469579481e-01 6.742956813913e-01 1.033817e+00
0.950000 53.400000 7.997147096221e-01 7.026920192065e-01 1.064575e+00
0.950000 53.425000 8.177355346200e-01 7.310851179232e-01 1.096894e+00
0.950000 53.450000 8.378020652878e-01 7.593556658689e-01 1.130722e+00
0.950000 53.475000 8.600010522170e-01 7.873642824436e-01 1.165995e+00
0.950000 53.500000 8.844096075613e-01 8.149513027353e-01 1.202633e+00
0.950000 53.525000 9.110912350665e-01 8.419372525880e-01 1.240542e+00
0.950000 53.550000 9.400917756623e-01 8.681240922108e-01 1.279614e+00
0.950000 53.575000 9.714354227733e-01 8.932972814096e-01 1.319722e+00
0.950000 53.600000 1.005120981594e+00 9.172286865540e-01 1.360727e+00
0.950000 53.625000 1.041118558982e+00 9.396803096484e-01 1.402472e+00
0.950000 53.650000 1.079366873090e+00 9.604087753575e-01 1.444790e+00
0.950000 53.675000 1.119771362860e+00 9.791704652744e-01 1.487502e+00
0.950000 53.700000 1.162203256135e+00 9.957271432987e-01 1.530421e+00
0.950000 53.725000 1.206499721657e+00 1.009851875241e+00 1.573354e+00
0.950000 53.750000 1.252465185787e+00 1.021335013080e+00 1.616105e+00
0.950000 53.775000 1.299873841594e+00 1.029989992722e+00 1.658479e+00
0.950000 53.800000 1.348473319162e+00 1.035658686062e+00 1.700285e+00
0.950000 53.825000 1.397989425256e+00 1.038216054960e+00 1.741341e+00
0.950000 53.850000 1.448131801928e+00 1.037573876795e+00 1.781473e+00
0.950000 53.875000 1.498600301283e+00 1.033683347679e+00 1.820523e+00
0.950000 53.900000 1.549091831165e+00 1.026536418158e+00 1.858349e+00
0.950000 53.925000 1.599307396848e+00 1.016165774388e+00 1.894829e+00
0.950000 53.950000 1.648959049079e+00 1.002643441699e+00 1.929860e+00
0.950000 53.975000 1.697776449772e+00 9.860780530518e-01 1.963363e+00
0.950000 54.000000 1.745512783198e+00 9.666108881340e-01 1.995282e+00
0.950000 54.025000 1.791949771239e+00 9.444108458813e-01 2.025585e+00
0.950000 54.050000 1.836901593933e+00 9.196685609642e-01 2.054263e+00
0.950000 54.075000 1.880217568198e+00 8.925899107509e-01 2.081330e+00
0.950000 54.100000 1.921783495056e+00 8.633891821365e-01 2.106821e+00
0.950000 54.125000 1.961521645233e+00 8.322821768325e-01 2.130789e+00
0.950000 54.150000 1.999389411799e+00 7.994795297128e-01 2.153306e+00
0.950000 54.175000 2.035376713354e+00 7.651804986982e-01 2.174456e+00
0.950000 54.200000 2.069502280114e+00 7.295674581394e-01 2.194336e+00
0.950000 54.225000 2.101808996370e+00 6.928012926979e-01 2.213046e+00
0.950000 54.250000 2.132358504993e+00 6.550178474672e-01 2.230695e+00
0.950000 54.275000 2.161225302590e+00 6.163255445780e-01 2.247388e+00
0.950000 54.300000 2.188490567306e+00 5.768042287306e-01 2.263226e+00
0.950000 54.325000 2.214235965314e+00 5.365052557030e-01 2.278306e+00
0.950000 54.350000 2.238537677164e+00 4.954527904173e-01 2.292711e+00
0.950000 54.375000 2.261460871747e+00 4.536462359742e-01 2.306513e+00
0.950000 54.400000 2.283054834320e+00 4.110636734458e-01 2.319766e+00
0.950000 54.425000 2.303348926366e+00 3.676661553951e-01 2.332508e+00
0.950000 54.450000 2.322349519948e+00 3.234026652807e-01 2.344759e+00
0.950000 54.475000 2.340038008549e+00 2.782155313342e-01 2.356519e+00
0.950000 54.500000 2.356369951514e+00 2.320460683239e-01 2.367768e+00
0.950000 54.525000 2.371275361806e+00 1.848402148012e-01 2.378469e+00
0.950000 54.550000 2.384660098703e+00 1.365539376820e-01 2.388567e+00
0.950000 54.575000 2.396408280643e+00 8.715819056822e-02 2.397993e+00
0.950000 54.600000 2.406385591030e+00 3.664323675784e-02 2.406665e+00
0.950000 54.625000 2.414443313831e+00 -1.497781853951e-02 2.414490e+00
0.950000 54.650000 2.420422908425e+00 -6.766640130352e-02 2.421369e+00
0.950000 54.675000 2.424160916088e+00 -1.213568155326e-01 2.427197e+00
0.950000 54.700000 2.425493984920e+00 -1.759555836796e-01 2.431868e+00
0.950000 54.725000 2.424263806148e+00 -2.313417526082e-01 2.435277e+00
0.950000 54.750000 2.420321772117e+00 -2.873680926318e-01 2.437322e+00
0.950000 54.775000 2.413533193530e+00 -3.438630792217e-01 2.437906e+00
0.950000 54.800000 2.403780948405e+00 -4.006335176792e-01 2.436939e+00
0.950000 54.825000 2.390968475290e+00 -4.574676520247e-01 2.434339e+00
0.950000 54.850000 2.375022065318e+00 -5.141385913027e-01 2.430035e+00
0.950000 54.875000 2.355892448841e+00 -5.704078892883e-01 2.423963e+00
0.950000 54.900000 2.333555709882e+00 -6.260291262039e-01 2.416070e+00
0.950000 54.925000 2.308013593106e+00 -6.807513618393e-01 2.406314e+00
0.950000 54.950000 2.279293291948e+00 -7.343223562183e-01 2.394662e+00
0.950000 54.975000 2.247446822029e+00 -7.864914842618e-01 2.381089e+00
0.950000 55.000000 2.212550090887e+00 -8.370123023253e-01 2.365580e+00
0.950000 55.025000 2.174701773963e+00 -8.856447548947e-01 2.348126e+00
0.950000 55.050000 2.134022098651e+00 -9.321570372687e-01 2.328726e+00
0.950000 55.075000 2.090651624443e+00 -9.763271535289e-01 2.307388e+00
0.950000 55.100000 2.044750089255e+00 -1.017944227648e+00 2.284122e+00
0.950000 55.125000 1.996495371112e+00 -1.056809638923e+00 2.258947e+00
0.950000 55.150000 1.946082591967e+00 -1.092738061002e+00 2.231886e+00
0.950000 55.175000 1.893723367199e+00 -1.125558486768e+00 2.202968e+00
0.950000 55.200000 1.839645181192e+00 -1.155115319446e+00 2.172231e+00
0.950000 55.225000 1.784090846878e+00 -1.181269603609e+00 2.139714e+00
0.950000 55.250000 1.727317985766e+00 -1.203900458319e+00 2.105470e+00
0.950000 55.275000 1.669598445586e+00 -1.222906758264e+00 2.069555e+00
0.950000 55.300000 1.611217556040e+00 -1.238209087400e+00 2.032039e+00
0.950000 55.325000 1.552473110672e+00 -1.249751963298e+00 1.993001e+00
0.950000 55.350000 1.493673955868e+00 -1.257506299401e+00 1.952533e+00
0.950000 55.375000 1.435138068336e+00 -1.261472037705e+00 1.910741e+00
0.950000 55.400000 1.377190011586e+00 -1.261680847386e+00 1.867750e+00
0.950000 55.425000 1.320157681474e+00 -1.258198747809e+00 1.823700e+00
0.950000 55.450000 1.264368281515e+00 -1.251128480065e+00 1.778749e+00
0.950000 55.475000 1.210143510453e+00 -1.240611422995e+00 1.733079e+00
0.950000 55.500000 1.157793996516e+00 -1.226828831144e+00 1.686889e+00
0.950000 55.525000 1.107613072508e+00 -1.210002166671e+00 1.640400e+00
0.950000 55.550000 1.059870050114e+00 -1.190392307895e+00 1.593850e+00
0.950000 55.575000 1.014803216080e+00 -1.168297445731e+00 1.547496e+00
0.950000 55.600000 9.726128319444e-01 -1.144049526469e+00 1.501607e+00
0.950000 55.625000 9.334544674874e-01 -1.118009164281e+00 1.456462e+00
0.950000 55.650000 8.974330304692e-01 -1.090559026818e+00 1.412340e+00
0.950000 55.675000 8.645978671314e-01 -1.062095788084e+00 1.369517e+00
0.950000 55.700000 8.349392958524e-01 -1.033020838828e+00 1.328253e+00
0.950000 55.725000 8.083868986325e-01 -1.003730039275e+00 1.288784e+00
0.950000 55.750000 7.848098319534e-01 -9.746028849933e-01 1.251310e+00
0.950000 55.775000 7.640193323385e-01 -9.459915270693e-01 1.215987e+00
0.950000 55.800000 7.457734869328e-01 -9.182101362027e-01 1.182915e+00
0.950000 55.825000 7.297842216899e-01 -8.915251218953e-01 1.152129e+00
0.950000 55.850000 7.157263366134e-01 -8.661467093794e-01 1.123599e+00
0.950000 55.875000 7.032482970406e-01 -8.422223372706e-01 1.097222e+00
0.950000 55.900000 6.919843803429e-01 -8.198322692882e-01 1.072831e+00
0.950000 55.925000 6.815676862771e-01 -7.989877171621e-01 1.050198e+00
0.950000 55.950000 6.716434530339e-01 -7.796316543630e-01 1.029043e+00
0.950000 55.975000 6.618820846525e-01 -7.616423684301e-01 1.009053e+00
0.950000 56.000000 6.519912917524e-01 -7.448396613360e-01 9.898883e-01
0.950000 56.025000 6.417267771972e-01 -7.289934709003e-01 9.712079e-01
0.950000 56.050000 6.309009598677e-01 -7.138345598873e-01 9.526782e-01
0.950000 56.075000 6.193893197317e-01 -6.990668106470e-01 9.339901e-01
0.950000 56.100000 6.071340606577e-01 -6.843805782293e-01 9.148708e-01
0.950000 56.125000 5.941449174517e-01 -6.694664985976e-01 8.950942e-01
0.950000 56.150000 5.804970730453e-01 -6.540291238453e-01 8.744890e-01
0.950000 56.175000 5.663262929356e-01 -6.377997642919e-01 8.529443e-01
0.950000 56.200000 5.518215192227e-01 -6.205479572178e-01 8.304136e-01
0.950000 56.225000 5.372152888386e-01 -6.020910513648e-01 8.069163e-01
0.950000 56.250000 5.227724435344e-01 -5.823014911532e-01 7.825382e-01
0.950000 56.275000 5.087776778207e-01 -5.611114997052e-01 7.574304e-01
0.950000 56.300000 4.955225215798e-01 -5.385149890271e-01 7.318066e-01
0.950000 56.325000 4.832923742229e-01 -5.145666624255e-01 7.059394e-01
0.950000 56.350000 4.723541963299e-01 -4.893784113747e-01 6.801542e-01
0.950000 56.375000 4.629454234999e-01 -4.631132397150e-01 6.548224e-01
0.950000 56.400000 4.552645979636e-01 -4.359770656491e-01 6.303506e-01
0.950000 56.425000 4.494641200623e-01 -4.082088506488e-01 6.071676e-01
0.950000 56.450000 4.456454088879e-01 -3.800695791170e-01 5.857070e-01
0.950000 56.475000 4.438566351145e-01 -3.518306597467e-01 5.663864e-01
0.950000 56.500000 4.440930559854e-01 -3.237623366342e-01 5.495823e-01
0.950000 56.525000 4.462998495863e-01 -2.961226845875e-01 5.356045e-01
0.950000 56.550000 4.503772200317e-01 -2.691477195993e-01 5.246715e-01
0.950000 56.575000 4.561874337391e-01 -2.430430846861e-01 5.168916e-01
0.950000 56.600000 4.635633555493e-01 -2.179776773024e-01 5.122551e-01
0.950000 56.625000 4.723179869057e-01 -1.940794727713e-01 5.106380e-01
0.950000 56.650000 4.822544700422e-01 -1.714336750938e-01 5.118192e-01
0.950000 56.675000 4.931760138317e-01 -1.500831992206e-01 5.155071e-01
0.950000 56.700000 5.048952185311e-01 -1.300313647154e-01 5.213706e-01
0.950000 56.725000 5.172423261759e-01 -1.112465667098e-01 5.290703e-01
0.950000 56.750000 5.300719972463e-01 -9.366859243050e-02 5.382844e-01
0.950000 56.775000 5.432683074130e-01 -7.721617545239e-02 5.487283e-01
0.950000 56.800000 5.567477646380e-01 -6.179532880537e-02 5.601667e-01
0.950000 56.825000 5.704602599782e-01 -4.730797403448e-02 5.724185e-01
0.950000 56.850000 5.843879783751e-01 -3.366038642289e-02 5.853566e-01
0.950000 56.875000 5.985424021093e-01 -2.077100527970e-02 5.989027e-01
0.950000 56.900000 6.129596338447e-01 -8.577209435553e-03 6.130196e-01
0.950000 56.925000 6.276943438043e-01 2.959272327965e-03 6.277013e-01
0.950000 56.950000 6.428127034743e-01 1.384856325178e-02 6.429619e-01
0.950000 56.975000 6.583847046151e-01 2.407060937974e-02 6.588246e-01
0.950000 57.000000 6.744762769733e-01 3.357498194801e-02 6.753114e-01
0.950000 57.025000 6.911416118959e-01 4.228248284776e-02 6.924338e-01
0.950000 57.050000 7.084160740301e-01 5.008843983252e-02 7.101846e-01
0.950000 57.075000 7.263100421825e-01 5.686750332663e-02 7.285329e-01
0.950000 57.100000 7.448039664123e-01 6.247969438021e-02 7.474200e-01
0.950000 57.125000 7.638448649100e-01 6.677740513129e-02 7.667582e-01
0.950000 57.150000 7.833444145219e-01 6.961301989122e-02 7.864315e-01
0.950000 57.175000 8.031787160540e-01 7.084680680108e-02 8.062973e-01
0.950000 57.200000 8.231897425871e-01 7.035472652545e-02 8.261907e-01
0.950000 57.225000 8.431884084911e-01 6.803581488191e-02 8.459288e-01
0.950000 57.250000 8.629591308732e-01 6.381881960101e-02 8.653157e-01
0.950000 57.275000 8.822656958061e-01 5.766780631553e-02 8.841484e-01
0.950000 57.300000 9.008581906237e-01 4.958649395145e-02 9.022219e-01
0.950000 57.325000 9.184807223966e-01 3.962113329884e-02 9.193349e-01
0.950000 57.350000 9.348796127990e-01 2.786180281718e-02 9.352947e-01
0.950000 57.375000 9.498117420595e-01 1.444206055330e-02 9.499215e-01
0.950000 57.400000 9.630527103576e-01 -4.630419657459e-04 9.630528e-01
0.950000 57.425000 9.744044942528e-01 -1.664051148324e-02 9.745466e-01
0.950000 57.450000 9.837022983323e-01 -3.384439475524e-02 9.842843e-01
0.950000 57.475000 9.908203374565e-01 -5.180199741893e-02 9.921736e-01
0.950000 57.500000 9.956763312837e-01 -7.022109863293e-02 9.981495e-01
0.950000 57.525000 9.982345480744e-01 -8.879788270085e-02 1.002176e+00
0.950000 57.550000 9.985072963989e-01 -1.072252843071e-01 1.004248e+00
0.950000 57.575000 9.965548282287e-01 -1.252014333637e-01 1.004389e+00
0.950000 57.600000 9.924836816213e-01 -1.424378890740e-01 1.002653e+00
0.950000 57.625000 9.864435525770e-01 -1.586673700871e-01 9.991227e-01
0.950000 57.650000 9.786228405934e-01 -1.736507171532e-01 9.939101e-01
0.950000 57.675000 9.692430585144e-01 -1.871828643759e-01 9.871522e-01
0.950000 57.700000 9.585523326125e-01 -1.990976423827e-01 9.790110e-01
0.950000 57.725000 9.468182424711e-01 -2.092712885523e-01 9.696697e-01
0.950000 57.750000 9.343202619383e-01 -2.176245929168e-01 9.593304e-01
0.950000 57.775000 9.213420627758e-01 -2.241236607214e-01 9.482102e-01
0.950000 57.800000 9.081639328565e-01 -2.287793215455e-01 9.365371e-01
0.950000 57.825000 8.950555425068e-01 -2.316452585706e-01 9.245453e-01
0.950000 57.850000 8.822692677600e-01 -2.328149688473e-01 9.124702e-01
0.950000 57.875000 8.700342497940e-01 -2.324176957090e-01 9.005429e-01
0.950000 57.900000 8.585513374355e-01 -2.306134977628e-01 8.889842e-01
0.950000 57.925000 8.479890257749e-01 -2.275876355159e-01 8.779986e-01
0.950000 57.950000 8.384804697755e-01 -2.235444672537e-01 8.677682e-01
0.950000 57.975000 8.301216179952e-01 -2.187010509316e-01 8.584475e-01
0.950000 58.000000 8.229704786373e-01 -2.132806491533e-01 8.501582e-01
0.950000 58.025000 8.170474983402e-01 -2.075063302033e-01 8.429861e-01
0.950000 58.050000 8.123370036073e-01 -2.015948498046e-01 8.369778e-01
0.950000 58.075000 8.087896258021e-01 -1.957509858114e-01 8.321413e-01
0.950000 58.100000 8.063256035976e-01 -1.901624813792e-01 8.284460e-01
0.950000 58.125000 8.048388322828e-01 -1.849957312219e-01 8.258262e-01
0.950000 58.150000 8.042015081905e-01 -1.803923204510e-01 8.241853e-01
0.950000 58.175000 8.042691996913e-01 -1.764664965324e-01 8.234011e-01
0.950000 58.200000 8.048861646596e-01 -1.733036227352e-01 8.233322e-01
0.950000 58.225000 8.058907289728e-01 -1.709596270887e-01 8.238247e-01
0.950000 58.250000 8.071205420738e-01 -1.694614256315e-01 8.247186e-01
0.950000 58.275000 8.084175342180e-01 -1.688082641808e-01 8.258542e-01
0.950000 58.300000 8.096324155623e-01 -1.689738906413e-01 8.270773e-01
0.950000 58.325000 8.106285791029e-01 -1.699094416022e-01 8.282439e-01
0.950000 58.350000 8.112852965599e-01 -1.715469040467e-01 8.292238e-01
0.950000 58.375000 8.115001272007e-01 -1.738029964529e-01 8.299036e-01
0.950000 58.400000 8.111904926548e-01 -1.765833039986e-01 8.301877e-01
0.950000 58.425000 8.102944042875e-01 -1.797865000999e-01 8.300001e-01
0.950000 58.450000 8.087703620888e-01 -1.833084907692e-01 8.292837e-01
0.950000 58.475000 8.065964739290e-01 -1.870463285128e-01 8.280001e-01
0.950000 58.500000 8.037688704335e-01 -1.909017577255e-01 8.261282e-01
0.950000 58.525000 8.002995130312e-01 -1.947842726418e-01 8.236627e-01
0.950000 58.550000 7.962135106203e-01 -1.986135907969e-01 8.206115e-01
0.950000 58.575000 7.915460738609e-01 -2.023214686964e-01 8.169940e-01
0.950000 58.600000 7.863392455028e-01 -2.058528112865e-01 8.128375e-01
0.950000 58.625000 7.806385506476e-01 -2.091660523804e-01 8.081751e-01
0.950000 58.650000 7.744897125980e-01 -2.122328091902e-01 8.030424e-01
0.950000 58.675000 7.679355779608e-01 -2.150368403649e-01 7.974747e-01
0.950000 58.700000 7.610133887125e-01 -2.175723633017e-01 7.915043e-01
0.950000 58.725000 7.537525286288e-01 -2.198418126535e-01 7.851581e-01
0.950000 58.750000 7.461728562893e-01 -2.218531473220e-01 7.784554e-01
0.950000 58.775000 7.382837163327e-01 -2.236168368831e-01 7.714061e-01
0.950000 58.800000 7.300836944810e-01 -2.251426790412e-01 7.640101e-01
0.950000 58.825000 7.215611501635e-01 -2.264366157775e-01 7.562566e-01
0.950000 58.850000 7.126955239846e-01 -2.274977255812e-01 7.481244e-01
0.950000 58.875000 7.034593770565e-01 -2.283155708183e-01 7.395831e-01
0.950000 58.900000 6.938210772121e-01 -2.288680714230e-01 7.305945e-01
0.950000 58.925000 6.837480058465e-01 -2.291200577469e-01 7.211153e-01
0.950000 58.950000 6.732101214340e-01 -2.290226263164e-01 7.111000e-01
0.950000 58.975000 6.621836847455e-01 -2.285133830850e-01 7.005038e-01
0.950000 59.000000 6.506549293508e-01 -2.275176111028e-01 6.892867e-01
0.950000 59.025000 6.386234516923e-01 -2.259503458916e-01 6.774168e-01
0.950000 59.050000 6.261050996210e-01 -2.237192855036e-01 6.648744e-01
0.950000 59.075000 6.131341576093e-01 -2.207284071142e-01 6.516552e-01
0.950000 59.100000 5.997646605763e-01 -2.168821121400e-01 6.377739e-01
0.950000 59.125000 5.860707148147e-01 -2.120896812368e-01 6.232663e-01
0.950000 59.150000 5.721457612318e-01 -2.062697925883e-01 6.081924e-01
0.950000 59.175000 5.581007793644e-01 -1.993548442512e-01 5.926372e-01
0.950000 59.200000 5.440614960689e-01 -1.912948255086e-01 5.767119e-01
0.950000 59.225000 5.301647257676e-01 -1.820605034227e-01 5.605539e-01
0.950000 59.250000 5.165540250801e-01 -1.716457279776e-01 5.443256e-01
0.950000 59.275000 5.033748894250e-01 -1.600687100026e-01 5.282123e-01
0.950000 59.300000 4.907697494438e-01 -1.473721870195e-01 5.124193e-01
0.950000 59.325000 4.788730386180e-01 -1.336224590280e-01 4.971663e-01
0.950000 59.350000 4.678065992644e-01 -1.189073443454e-01 4.826821e-01
0.950000 59.375000 4.576756725415e-01 -1.033331701824e-01 4.691959e-01
0.950000 59.400000 4.485656808376e-01 -8.702096923765e-02 4.569287e-01
0.950000 59.425000 4.405399606918e-01 -7.010209842093e-02 4.460827e-01
0.950000 59.450000 4.336385448765e-01 -5.271352600888e-02 4.368307e-01
0.950000 59.475000 4.278780276759e-01 -3.499304734889e-02 4.293066e-01
0.950000 59.500000 4.232524822053e-01 -1.707468610638e-02 4.235968e-01
0.950000 59.525000 4.197353372193e-01 9.154813343386e-04 4.197363e-01
0.950000 59.550000 4.172820672321e-01 1.886287459098e-02 4.177082e-01
0.950000 59.575000 4.158335072395e-01 3.666717308256e-02 4.174470e-01
0.950000 59.600000 4.153195743286e-01 5.424419092850e-02 4.188470e-01
0.950000 59.625000 4.156631644303e-01 7.152681756477e-02 4.217724e-01
0.950000 59.650000 4.167839937985e-01 8.846503780137e-02 4.260692e-01
0.950000 59.675000 4.186021708330e-01 1.050251007608e-01 4.315762e-01
0.950000 59.700000 4.210413130035e-01 1.211879559156e-01 4.381350e-01
0.950000 59.725000 4.240310634473e-01 1.369471133353e-01 4.455972e-01
0.950000 59.750000 4.275089092814e-01 1.523061120438e-01 4.538293e-01
0.950000 59.775000 4.314212553097e-01 1.672757937742e-01 4.627153e-01
0.950000 59.800000 4.357237590189e-01 1.818715789817e-01 4.721572e-01
0.950000 59.825000 4.403809819680e-01 1.961109283077e-01 4.820735e-01
0.950000 59.850000 4.453654556540e-01 2.100111472248e-01 4.923973e-01
0.950000 59.875000 4.506562939399e-01 2.235876565311e-01 5.030731e-01
0.950000 59.900000 4.562375071611e-01 2.368528095516e-01 5.140544e-01
0.950000 59.925000 4.620961838604e-01 2.498152915434e-01 5.253005e-01
0.950000 59.950000 4.682207045030e-01 2.624800913030e-01 5.367741e-01
0.950000 59.975000 4.745991380886e-01 2.748489926114e-01 5.484399e-01
0.950000 60.000000 4.812179488498e-01 2.869214969182e-01 5.602630e-01
0.950000 60.025000 4.880611084028e-01 2.986960609443e-01 5.722089e-01
0.950000 60.050000 4.951096715868e-01 3.101715153473e-01 5.842431e-01
0.950000 60.075000 5.023418348773e-01 3.213485240497e-01 5.963323e-01
0.950000 60.100000 5.097334577897e-01 3.322309481736e-01 6.084452e-01
0.950000 60.125000 5.172589930393e-01 3.428269927783e-01 6.205540e-01
0.950000 60.150000 5.248927428067e-01 3.531500370331e-01 6.326352e-01
0.950000 60.175000 5.326103380644e-01 3.632190767527e-01 6.446719e-01
0.950000 60.200000 5.403903265467e-01 3.730587397300e-01 6.566540e-01
0.950000 60.225000 5.482157527077e-01 3.826988662758e-01 6.685798e-01
0.950000 60.250000 5.560756192797e-01 3.921736772665e-01 6.804559e-01
0.950000 60.275000 5.639661334242e-01 4.015205776731e-01 6.922980e-01
0.950000 60.300000 5.718916591342e-01 4.107786634479e-01 7.041301e-01
0.950000 60.325000 5.798653193266e-01 4.199870129659e-01 7.159839e-01
0.950000 60.350000 5.879092138325e-01 4.291828508325e-01 7.278978e-01
0.950000 60.375000 5.960542412833e-01 4.383996723650e-01 7.399155e-01
0.950000 60.400000 6.043395321746e-01 4.476654125194e-01 7.520842e-01
0.950000 60.425000 6.128115161896e-01 4.570007349021e-01 7.644525e-01
0.950000 60.450000 6.215226587955e-01 4.664175063428e-01 7.770687e-01
0.950000 60.475000 6.305299103708e-01 4.759175117377e-01 7.899781e-01
0.950000 60.500000 6.398929163655e-01 4.854914536468e-01 8.032216e-01
0.950000 60.525000 6.496720401836e-01 4.951182721594e-01 8.168328e-01
0.950000 60.550000 6.599262527065e-01 5.047648129957e-01 8.308370e-01
0.950000 60.575000 6.707109445761e-01 5.143858654326e-01 8.452491e-01
0.950000 60.600000 6.820757202588e-01 5.239245857071e-01 8.600722e-01
0.950000 60.625000 6.940622367137e-01 5.333133151533e-01 8.752974e-01
0.950000 60.650000 7.067021540033e-01 5.424747944822e-01 8.909023e-01
0.950000 60.675000 7.200152696935e-01 5.513237654984e-01 9.068516e-01
0.950000 60.700000 7.340079122900e-01 5.597689387006e-01 9.230974e-01
0.950000 60.725000 7.486716699859e-01 5.677152896283e-01 9.395797e-01
0.950000 60.750000 7.639825282896e-01 5.750666290752e-01 9.562274e-01
0.950000 60.775000 7.799004825547e-01 5.817283734711e-01 9.729608e-01
0.950000 60.800000 7.963696783279e-01 5.876104234300e-01 9.896922e-01
0.950000 60.825000 8.133191135804e-01 5.926300424844e-01 1.006329e+00
0.950000 60.850000 8.306639128047e-01 5.967146163338e-01 1.022776e+00
0.950000 60.875000 8.483071547923e-01 5.998041672848e-01 1.038937e+00
0.950000 60.900000 8.661422053959e-01 6.018535003526e-01 1.054718e+00
0.950000 60.925000 8.840554759451e-01 6.028338675242e-01 1.070029e+00
0.950000 60.950000 9.019294996548e-01 6.027340550736e-01 1.084788e+00
0.950000 60.975000 9.196461947814e-01 6.015608248870e-01 1.098920e+00
0.950000 61.000000 9.370901666327e-01 5.993386730907e-01 1.112360e+00
0.950000 61.025000 9.541518925474e-01 5.961089058502e-01 1.125056e+00
0.950000 61.050000 9.707306356769e-01 5.919280705002e-01 1.136968e+00
0.950000 61.075000 9.867369451129e-01 5.868658174681e-01 1.148069e+00
0.950000 61.100000 1.002094621125e+00 5.810023019894e-01 1.158342e+00
0.950000 61.125000 1.016742053684e+00 5.744252619604e-01 1.167788e+00
0.950000 61.150000 1.030632878178e+00 5.672269273407e-01 1.176414e+00
0.950000 61.175000 1.043735931841e+00 5.595009259457e-01 1.184241e+00
0.950000 61.200000 1.056034535207e+00 5.513393495393e-01 1.191295e+00
0.950000 61.225000 1.067525162253e+00 5.428301329258e-01 1.197612e+00
0.950000 61.250000 1.078215597968e+00 5.340548780243e-01 1.203230e+00
0.950000 61.275000 1.088122710938e+00 5.250872261274e-01 1.208192e+00
0.950000 61.300000 1.097269989050e+00 5.159918466201e-01 1.212538e+00
0.950000 61.325000 1.105684997636e+00 5.068240716748e-01 1.216310e+00
0.950000 61.350000 1.113396920577e+00 4.976301663155e-01 1.219544e+00
0.950000 61.375000 1.120434336162e+00 4.884481842946e-01 1.222274e+00
0.950000 61.400000 1.126823361509e+00 4.793093248164e-01 1.224528e+00
0.950000 61.425000 1.132586273304e+00 4.702396754289e-01 1.226327e+00
0.950000 61.450000 1.137740680203e+00 4.612622041383e-01 1.227688e+00
0.950000 61.475000 1.142299285425e+00 4.523988502919e-01 1.228622e+00
0.950000 61.500000 1.146270239209e+00 4.436725598037e-01 1.229138e+00
0.950000 61.525000 1.149658042256e+00 4.351091160876e-01 1.229241e+00
0.950000 61.550000 1.152464925439e+00 4.267386332415e-01 1.228935e+00
0.950000 61.575000 1.154692600199e+00 4.185966016647e-01 1.228226e+00
0.950000 61.600000 1.156344250113e+00 4.107244069049e-01 1.227121e+00
0.950000 61.625000 1.157426618735e+00 4.031692781906e-01 1.225635e+00
0.950000 61.650000 1.157952042946e+00 3.959836614842e-01 1.223788e+00
0.950000 61.675000 1.157940285245e+00 3.892240504737e-01 1.221606e+00
0.950000 61.700000 1.157420032331e+00 3.829493450800e-01 1.219127e+00
0.950000 61.725000 1.156429950099e+00 3.772188383208e-01 1.216398e+00
0.950000 61.750000 1.155019215201e+00 3.720899565590e-01 1.213474e+00
0.950000 61.775000 1.153247478457e+00 3.676158935671e-01 1.210422e+00
0.950000 61.800000 1.151184253144e+00 3.638432844271e-01 1.207314e+00
0.950000 61.825000 1.148907758669e+00 3.608100607435e-01 1.204231e+00
0.950000 61.850000 1.146503284792e+00 3.585436144528e-01 1.201259e+00
0.950000 61.875000 1.144061170666e+00 3.570593749255e-01 1.198485e+00
0.950000 61.900000 1.141674514707e+00 3.563598749898e-01 1.195999e+00
0.950000 61.925000 1.139436744096e+00 3.564343483446e-01 1.193885e+00
0.950000 61.950000 1.137439176153e+00 3.572588662774e-01 1.192226e+00
0.950000 61.975000 1.135768697917e+00 3.587969883507e-01 1.191094e+00
0.950000 62.000000 1.134505676126e+00 3.610008722310e-01 1.190556e+00
0.950000 62.025000 1.133722189046e+00 3.638127641449e-01 1.190666e+00
0.950000 62.050000 1.133480646306e+00 3.671667749007e-01 1.191465e+00
0.950000 62.075000 1.133832835488e+00 3.709908376738e-01 1.192984e+00
0.950000 62.100000 1.134819406976e+00 3.752087426829e-01 1.195239e+00
0.950000 62.125000 1.136469783605e+00 3.797421496773e-01 1.198235e+00
0.950000 62.150000 1.138802460599e+00 3.845124904518e-01 1.201965e+00
0.950000 62.175000 1.141825645109e+00 3.894426887092e-01 1.206413e+00
0.950000 62.200000 1.145538173855e+00 3.944586417019e-01 1.211551e+00
0.950000 62.225000 1.149930641614e+00 3.994904254908e-01 1.217347e+00
0.950000 62.250000 1.154986671895e+00 4.044732020130e-01 1.223762e+00
0.950000 62.275000 1.160684263044e+00 4.093478205230e-01 1.230753e+00
0.950000 62.300000 1.166997147048e+00 4.140611179572e-01 1.238277e+00
0.950000 62.325000 1.173896103349e+00 4.185659324756e-01 1.246286e+00
0.950000 62.350000 1.181350175213e+00 4.228208523291e-01 1.254737e+00
0.950000 62.375000 1.189327741234e+00 4.267897290419e-01 1.263586e+00
0.950000 62.400000 1.197797399349e+00 4.304409904051e-01 1.272791e+00
0.950000 62.425000 1.206728625736e+00 4.337467956153e-01 1.282314e+00
0.950000 62.450000 1.216092176923e+00 4.366820823003e-01 1.292119e+00
0.950000 62.475000 1.225860211172e+00 4.392235630314e-01 1.302171e+00
0.950000 62.500000 1.236006115504e+00 4.413487365904e-01 1.312440e+00
0.950000 62.525000 1.246504038171e+00 4.430349857055e-01 1.322895e+00
0.950000 62.550000 1.257328142919e+00 4.442588368565e-01 1.333507e+00
0.950000 62.575000 1.268451620610e+00 4.449954576533e-01 1.344243e+00
0.950000 62.600000 1.279845514520e+00 4.452184619255e-01 1.355073e+00
0.950000 62.625000 1.291477436251e+00 4.449000811201e-01 1.365961e+00
0.950000 62.650000 1.303310267707e+00 4.440117425543e-01 1.376867e+00
0.950000 62.675000 1.315300958731e+00 4.425250709213e-01 1.387748e+00
0.950000 62.700000 1.327399537721e+00 4.404133003574e-01 1.398554e+00
0.950000 62.725000 1.339548452109e+00 4.376530522722e-01 1.409230e+00
0.950000 62.750000 1.351682345941e+00 4.342264014888e-01 1.419717e+00
0.950000 62.775000 1.363728362650e+00 4.301231229006e-01 1.429951e+00
0.950000 62.800000 1.375607033184e+00 4.253429857068e-01 1.439865e+00
0.950000 62.825000 1.387233774529e+00 4.198979449936e-01 1.449390e+00
0.950000 62.850000 1.398520983749e+00 4.138140730745e-01 1.458459e+00
0.950000 62.875000 1.409380671025e+00 4.071330768524e-01 1.467008e+00
0.950000 62.900000 1.419727535077e+00 3.999132628431e-01 1.474977e+00
0.950000 62.925000 1.429482349210e+00 3.922298376496e-01 1.482317e+00
0.950000 62.950000 1.438575498927e+00 3.841744668806e-01 1.488989e+00
0.950000 62.975000 1.446950495054e+00 3.758540572082e-01 1.494969e+00
0.950000 63.000000 1.454567280980e+00 3.673887712780e-01 1.500247e+00
0.950000 63.025000 1.461405159514e+00 3.589093301071e-01 1.504833e+00
0.950000 63.050000 1.467465183315e+00 3.505536989813e-01 1.508755e+00
0.950000 63.075000 1.472771881424e+00 3.424632876639e-01 1.512064e+00
0.950000 63.100000 1.477374230686e+00 3.347788214913e-01 1.514831e+00
0.950000 63.125000 1.481345821987e+00 3.276360550465e-01 1.517146e+00
0.950000 63.150000 1.484784213965e+00 3.211615038765e-01 1.519121e+00
0.950000 63.175000 1.487809508136e+00 3.154683623889e-01 1.520887e+00
0.950000 63.200000 1.490562216228e+00 3.106527587641e-01 1.522590e+00
0.950000 63.225000 1.493200520615e+00 3.067904722593e-01 1.524391e+00
0.950000 63.250000 1.495897050442e+00 3.039342070205e-01 1.526461e+00
0.950000 63.275000 1.498835308263e+00 3.021114820893e-01 1.528980e+00
0.950000 63.300000 1.502205884757e+00 3.013231623687e-01 1.532129e+00
0.950000 63.325000 1.506202592855e+00 3.015426224407e-01 1.536091e+00
0.950000 63.350000 1.511018638472e+00 3.027155064834e-01 1.541043e+00
0.950000 63.375000 1.516842924901e+00 3.047600248801e-01 1.547156e+00
0.950000 63.400000 1.523856563439e+00 3.075677125990e-01 1.554586e+00
0.950000 63.425000 1.532229636496e+00 3.110045667044e-01 1.563474e+00
0.950000 63.450000 1.542118233115e+00 3.149124804374e-01 1.573944e+00
0.950000 63.475000 1.553661752839e+00 3.191108987182e-01 1.586095e+00
0.950000 63.500000 1.566980453893e+00 3.233986336363e-01 1.600005e+00
0.950000 63.525000 1.582173207225e+00 3.275557971610e-01 1.615724e+00
0.950000 63.550000 1.599315410306e+00 3.313458301610e-01 1.633279e+00
0.950000 63.575000 1.618457014262e+00 3.345176299022e-01 1.652666e+00
0.950000 63.600000 1.639620625110e+00 3.368078003993e-01 1.673856e+00
0.950000 63.625000 1.662799654250e+00 3.379430691923e-01 1.696794e+00
0.950000 63.650000 1.687956513872e+00 3.376429282963e-01 1.721395e+00
0.950000 63.675000 1.715020878133e+00 3.356225644436e-01 1.747552e+00
0.950000 63.700000 1.743888058907e+00 3.315961429709e-01 1.775134e+00
0.950000 63.725000 1.774417573083e+00 3.252804999344e-01 1.803986e+00
0.950000 63.750000 1.806432004294e+00 3.163992781460e-01 1.833932e+00
0.950000 63.775000 1.839716282756e+00 3.046875153796e-01 1.864776e+00
0.950000 63.800000 1.874017520136e+00 2.898966584225e-01 1.896307e+00
0.950000 63.825000 1.909045539714e+00 2.717999370763e-01 1.928297e+00
0.950000 63.850000 1.944474234137e+00 2.501979904845e-01 1.960505e+00
0.950000 63.875000 1.979943862926e+00 2.249245975694e-01 1.992679e+00
0.950000 63.900000 2.015064369857e+00 1.958523274442e-01 2.024560e+00
0.950000 63.925000 2.049419757708e+00 1.628978979043e-01 2.055884e+00
0.950000 63.950000 2.082573506847e+00 1.260270135658e-01 2.086383e+00
0.950000 63.975000 2.114074968126e+00 8.525845234043e-02 2.115793e+00
0.950000 64.000000 2.143466603227e+00 4.066718109374e-02 2.143852e+00
0.950000 64.025000 2.170291891450e+00 -7.613691197883e-03 2.170305e+00
0.950000 64.050000 2.194103675157e+00 -5.939227270431e-02 2.194907e+00
0.950000 64.075000 2.214472680588e+00 -1.144186565508e-01 2.217427e+00
0.950000 64.100000 2.230995929797e+00 -1.723871308786e-01 2.237646e+00
0.950000 64.125000 2.243304755103e+00 -2.329397980176e-01 2.255366e+00
0.950000 64.150000 2.251072140534e+00 -2.956715030878e-01 2.270407e+00
0.950000 64.175000 2.254019144668e+00 -3.601359109906e-01 2.282608e+00
0.950000 64.200000 2.251920204146e+00 -4.258525190293e-01 2.291832e+00
0.950000 64.225000 2.244607173662e+00 -4.923143541371e-01 2.297963e+00
0.950000 64.250000 2.231972022319e+00 -5.589960815751e-01 2.300908e+00
0.950000 64.275000 2.213968173048e+00 -6.253622473772e-01 2.300594e+00
0.950000 64.300000 2.190610536456e+00 -6.908753897496e-01 2.296973e+00
0.950000 64.325000 2.161974348138e+00 -7.550037835906e-01 2.290014e+00
0.950000 64.350000 2.128192965245e+00 -8.172286245655e-01 2.279708e+00
0.950000 64.375000 2.089454810728e+00 -8.770505109968e-01 2.266062e+00
0.950000 64.400000 2.045999670437e+00 -9.339951387761e-01 2.249102e+00
0.950000 64.425000 1.998114548584e+00 -9.876181818688e-01 2.228868e+00
0.950000 64.450000 1.946129271820e+00 -1.037509384189e+00 2.205413e+00
0.950000 64.475000 1.890412003556e+00 -1.083295933569e+00 2.178804e+00
0.950000 64.500000 1.831364791096e+00 -1.124645222019e+00 2.149122e+00
0.950000 64.525000 1.769419222686e+00 -1.161267116211e+00 2.116456e+00
0.950000 64.550000 1.705032223814e+00 -1.192915867196e+00 2.080909e+00
0.950000 64.575000 1.638681976374e+00 -1.219391778928e+00 2.042595e+00
0.950000 64.600000 1.570863904494e+00 -1.240542732642e+00 2.001639e+00
0.950000 64.625000 1.502086640453e+00 -1.256265630869e+00 1.958180e+00
0.950000 64.650000 1.432867865544e+00 -1.266507784040e+00 1.912368e+00
0.950000 64.675000 1.363729915680e+00 -1.271268217919e+00 1.864372e+00
0.950000 64.700000 1.295195050478e+00 -1.270598835436e+00 1.814374e+00
0.950000 64.725000 1.227780306927e+00 -1.264605325700e+00 1.762575e+00
0.950000 64.750000 1.161991893047e+00 -1.253447679726e+00 1.709198e+00
0.950000 64.775000 1.098319120813e+00 -1.237340149715e+00 1.654483e+00
0.950000 64.800000 1.037227927910e+00 -1.216550478819e+00 1.598698e+00
0.950000 64.825000 9.791540910264e-01 -1.191398232911e+00 1.542132e+00
0.950000 64.850000 9.244962855357e-01 -1.162252085209e+00 1.485100e+00
0.950000 64.875000 8.736091936391e-01 -1.129525938412e+00 1.427943e+00
0.950000 64.900000 8.267969015607e-01 -1.093673815787e+00 1.371027e+00
0.950000 64.925000 7.843068530145e-01 -1.055183509962e+00 1.314743e+00
0.950000 64.950000 7.463246381169e-01 -1.014569043075e+00 1.259504e+00
0.950000 64.975000 7.129698924299e-01 -9.723620603487e-01 1.205742e+00
0.950000 65.000000 6.842935590018e-01 -9.291023471378e-01 1.153902e+00
0.950000 65.025000 6.602767273105e-01 -8.853277224131e-01 1.104432e+00
0.950000 65.050000 6.408312082779e-01 -8.415636153174e-01 1.057778e+00
0.950000 65.075000 6.258019364093e-01 -7.983126718210e-01 1.014362e+00
0.950000 65.100000 6.149712120368e-01 -7.560447623495e-01 9.745734e-01
0.950000 65.125000 6.080647128651e-01 -7.151877661619e-01 9.387418e-01
0.950000 65.150000 6.047591193222e-01 -6.761194929152e-01 9.071225e-01
0.950000 65.175000 6.046911176843e-01 -6.391610662843e-01 8.798740e-01
0.950000 65.200000 6.074674736176e-01 -6.045720399566e-01 8.570438e-01
0.950000 65.225000 6.126758112150e-01 -5.725474454027e-01 8.385596e-01
0.950000 65.250000 6.198956926931e-01 -5.432168872044e-01 8.242301e-01
0.950000 65.275000 6.287095744372e-01 -5.166457100553e-01 8.137558e-01
0.950000 65.300000 6.387132175910e-01 -4.928381670563e-01 8.067491e-01
0.950000 65.325000 6.495251560508e-01 -4.717424270986e-01 8.027601e-01
0.950000 65.350000 6.607948702803e-01 -4.532571753410e-01 8.013064e-01
0.950000 65.375000 6.722093792154e-01 -4.372394899043e-01 8.019001e-01
0.950000 65.400000 6.834980409801e-01 -4.235136239750e-01 8.040730e-01
0.950000 65.425000 6.944354415425e-01 -4.118802884643e-01 8.073945e-01
0.950000 65.450000 7.048423436695e-01 -4.021260178846e-01 8.114851e-01
0.950000 65.475000 7.145847612542e-01 -3.940322114729e-01 8.160225e-01
0.950000 65.500000 7.235713110986e-01 -3.873834718132e-01 8.207444e-01
0.950000 65.525000 7.317490709002e-01 -3.819749120111e-01 8.254463e-01
0.950000 65.550000 7.390982346104e-01 -3.776181666402e-01 8.299769e-01
0.950000 65.575000 7.456259016104e-01 -3.741459171885e-01 8.342321e-01
0.950000 65.600000 7.513593624864e-01 -3.714148251036e-01 8.381467e-01
0.950000 65.625000 7.563392509141e-01 -3.693068501575e-01 8.416868e-01
0.950000 65.650000 7.606129187297e-01 -3.677290141649e-01 8.448412e-01
0.950000 65.675000 7.642283610803e-01 -3.666117459438e-01 8.476138e-01
0.950000 65.700000 7.672289729082e-01 -3.659060091543e-01 8.500162e-01
0.950000 65.725000 7.696493598388e-01 -3.655794673812e-01 8.520613e-01
0.950000 65.750000 7.715123592447e-01 -3.656119783542e-01 8.537584e-01
0.950000 65.775000 7.728273545297e-01 -3.659907302139e-01 8.551090e-01
0.950000 65.800000 7.735898913213e-01 -3.667053367172e-01 8.561040e-01
0.950000 65.825000 7.737825320405e-01 -3.677431955311e-01 8.567231e-01
0.950000 65.850000 7.733768187965e-01 -3.690853853453e-01 8.569339e-01
0.950000 65.875000 7.723361569587e-01 -3.707033352056e-01 8.566937e-01
0.950000 65.900000 7.706193859016e-01 -3.725564456105e-01 8.559513e-01
0.950000 65.925000 7.681847715273e-01 -3.745907784688e-01 8.546497e-01
0.950000 65.950000 7.649941388385e-01 -3.767388653355e-01 8.527299e-01
0.950000 65.975000 7.610168628668e-01 -3.789206141304e-01 8.501338e-01
0.950000 66.000000 7.562334526723e-01 -3.810452276164e-01 8.468084e-01
0.950000 66.025000 7.506384949922e-01 -3.830139860910e-01 8.427086e-01
0.950000 66.050000 7.442427696687e-01 -3.847236955944e-01 8.378005e-01
0.950000 66.075000 7.370744055550e-01 -3.860705645823e-01 8.320632e-01
0.950000 66.100000 7.291790098023e-01 -3.869542488909e-01 8.254911e-01
0.950000 66.125000 7.206187712694e-01 -3.872817984976e-01 8.180945e-01
0.950000 66.150000 7.114706059291e-01 -3.869712505737e-01 8.098995e-01
0.950000 66.175000 7.018234741402e-01 -3.859546410150e-01 8.009477e-01
0.950000 66.200000 6.917750523178e-01 -3.841802492344e-01 7.912946e-01
0.950000 66.225000 6.814279812194e-01 -3.816139456390e-01 7.810079e-01
0.950000 66.250000 6.708859369932e-01 -3.782395740717e-01 7.701643e-01
0.950000 66.275000 6.602497776181e-01 -3.740583681228e-01 7.588474e-01
0.950000 66.300000 6.496140059975e-01 -3.690874657614e-01 7.471438e-01
0.950000 66.325000 6.390637627132e-01 -3.633576464244e-01 7.351403e-01
0.950000 66.350000 6.286725185423e-01 -3.569104641475e-01 7.229206e-01
0.950000 66.375000 6.185005827090e-01 -3.497949859380e-01 7.105628e-01
0.950000 66.400000 6.085944817896e-01 -3.420643638802e-01 6.981370e-01
0.950000 66.425000 5.989872010355e-01 -3.337724712538e-01 6.857038e-01
0.950000 66.450000 5.896992196149e-01 -3.249708174884e-01 6.733136e-01
0.950000 66.475000 5.807402185582e-01 -3.157059257421e-01 6.610064e-01
0.950000 66.500000 5.721112990267e-01 -3.060173131996e-01 6.488127e-01
0.950000 66.525000 5.638075218340e-01 -2.959361617940e-01 6.367552e-01
0.950000 66.550000 5.558205686071e-01 -2.854847105285e-01 6.248504e-01
0.950000 66.575000 5.481413308009e-01 -2.746763447706e-01 6.131117e-01
0.950000 66.600000 5.407622538034e-01 -2.635163074207e-01 6.015519e-01
0.950000 66.625000 5.336792971157e-01 -2.520029157673e-01 5.901856e-01
0.950000 66.650000 5.268934145428e-01 -2.401291391978e-01 5.790325e-01
0.950000 66.675000 5.204115063004e-01 -2.278843786022e-01 5.681192e-01
0.950000 66.700000 5.142468434128e-01 -2.152562887853e-01 5.574810e-01
0.950000 66.725000 5.084190093778e-01 -2.022324996469e-01 5.471635e-01
0.950000 66.750000 5.029534409822e-01 -1.888021181864e-01 5.372229e-01
0.950000 66.775000 4.978806763674e-01 -1.749569284305e-01 5.277263e-01
0.950000 66.800000 4.932354321423e-01 -1.606922463740e-01 5.187516e-01
0.950000 66.825000 4.890556319322e-01 -1.460074278517e-01 5.103857e-01
0.950000 66.850000 4.853814969121e-01 -1.309060649197e-01 5.027242e-01
0.950000 66.875000 4.822547864838e-01 -1.153959372778e-01 4.958688e-01
0.950000 66.900000 4.797182470982e-01 -9.948880677430e-02 4.899261e-01
0.950000 66.925000 4.778152927650e-01 -8.320015340620e-02 4.850049e-01
0.950000 66.950000 4.765899057704e-01 -6.654894992600e-02 4.812138e-01
0.950000 66.975000 4.760867141788e-01 -4.955755984597e-02 4.786591e-01
0.950000 67.000000 4.763511770518e-01 -3.225182202129e-02 4.774417e-01
0.950000 67.025000 4.774297914196e-01 -1.466135670142e-02 4.776549e-01
0.950000 67.050000 4.793702283957e-01 3.179903845487e-03 4.793808e-01
0.950000 67.075000 4.822213098166e-01 2.123298886071e-02 4.826885e-01
0.950000 67.100000 4.860327507457e-01 3.945302403652e-02 4.876314e-01
0.950000 67.125000 4.908546153950e-01 5.778830746310e-02 4.942446e-01
0.950000 67.150000 4.967364620123e-01 7.617942010877e-02 5.025439e-01
0.950000 67.175000 5.037261830510e-01 9.455846863034e-02 5.125245e-01
0.950000 67.200000 5.118685772593e-01 1.128485526660e-01 5.241605e-01
0.950000 67.225000 5.212037171272e-01 1.309635339804e-01 5.374056e-01
0.950000 67.250000 5.317651957689e-01 1.488081626094e-01 5.521939e-01
0.950000 67.275000 5.435783498617e-01 1.662785878973e-01 5.684417e-01
0.950000 67.300000 5.566585586745e-01 1.832632529124e-01 5.860496e-01
0.950000 67.325000 5.710097134181e-01 1.996441421624e-01 6.049048e-01
0.950000 67.350000 5.866229370376e-01 2.152983276571e-01 6.248839e-01
0.950000 67.375000 6.034756138664e-01 2.300997395369e-01 6.458550e-01
0.950000 67.400000 6.215307636541e-01 2.439210763611e-01 6.676810e-01
0.950000 67.425000 6.407367680925e-01 2.566357675116e-01 6.902214e-01
0.950000 67.450000 6.610274329281e-01 2.681199058689e-01 7.133341e-01
0.950000 67.475000 6.823223476140e-01 2.782540819115e-01 7.368780e-01
0.950000 67.500000 7.045274893001e-01 2.869250688679e-01 7.607135e-01
0.950000 67.525000 7.275360101085e-01 2.940273301579e-01 7.847042e-01
0.950000 67.550000 7.512291465632e-01 2.994643424624e-01 8.087176e-01
0.950000 67.575000 7.754771973308e-01 3.031497477438e-01 8.326252e-01
0.950000 67.600000 8.001405287989e-01 3.050083631129e-01 8.563031e-01
0.950000 67.625000 8.250705855633e-01 3.049770868576e-01 8.796320e-01
0.950000 67.650000 8.501109022091e-01 3.030057412577e-01 9.024971e-01
0.950000 67.675000 8.750981313147e-01 2.990578878689e-01 9.247877e-01
0.950000 67.700000 8.998631179221e-01 2.931116395249e-01 9.463974e-01
0.950000 67.725000 9.242320607831e-01 2.851604768869e-01 9.672236e-01
0.950000 67.750000 9.480278040880e-01 2.752140580625e-01 9.871674e-01
0.950000 67.775000 9.710712994650e-01 2.632989900832e-01 1.006134e+00
0.950000 67.800000 9.931832670556e-01 2.494595133925e-01 1.024033e+00
0.950000 67.825000 1.014186067458e+00 2.337580372719e-01 1.040777e+00
0.950000 67.850000 1.033905775038e+00 2.162754571534e-01 1.056284e+00
0.950000 67.875000 1.052174419850e+00 1.971111852131e-01 1.070478e+00
0.950000 67.900000 1.068832342660e+00 1.763828338556e-01 1.083288e+00
0.950000 67.925000 1.083730587934e+00 1.542255072180e-01 1.094649e+00
0.950000 67.950000 1.096733245312e+00 1.307906773460e-01 1.104504e+00
0.950000 67.975000 1.107719642834e+00 1.062446473087e-01 1.112803e+00
0.950000 68.000000 1.116586295967e+00 8.076663081621e-02 1.119504e+00
0.950000 68.025000 1.123248525628e+00 5.454650428872e-02 1.124572e+00
0.950000 68.050000 1.127641675163e+00 2.778231025664e-02 1.127984e+00
0.950000 68.075000 1.129721879450e+00 6.776082046682e-04 1.129722e+00
0.950000 68.100000 1.129466366734e+00 -2.656122119523e-02 1.129779e+00
0.950000 68.125000 1.126873303291e+00 -5.372761111318e-02 1.128153e+00
0.950000 68.150000 1.121961219769e+00 -8.061728277236e-02 1.124854e+00
0.950000 68.175000 1.114768083590e+00 -1.070304741553e-01 1.119894e+00
0.950000 68.200000 1.105350101852e+00 -1.327738607592e-01 1.113296e+00
0.950000 68.225000 1.093780351874e+00 -1.576621331446e-01 1.105085e+00
0.950000 68.250000 1.080147340822e+00 -1.815192258387e-01 1.095293e+00
0.950000 68.275000 1.064553591147e+00 -2.041792220230e-01 1.083957e+00
0.950000 68.300000 1.047114335328e+00 -2.254869857737e-01 1.071118e+00
0.950000 68.325000 1.027956382552e+00 -2.452985960280e-01 1.056819e+00
0.950000 68.350000 1.007217193159e+00 -2.634816719081e-01 1.041110e+00
0.950000 68.375000 9.850441661815e-01 -2.799156860590e-01 1.024043e+00
0.950000 68.400000 9.615941134840e-01 -2.944923603900e-01 1.005678e+00
0.950000 68.425000 9.370328636545e-01 -3.071162269552e-01 9.860786e-01
0.950000 68.450000 9.115349124515e-01 -3.177054162202e-01 9.653148e-01
0.950000 68.475000 8.852830167388e-01 -3.261927069858e-01 9.434658e-01
0.950000 68.500000 8.584676174106e-01 -3.325268386594e-01 9.206198e-01
0.950000 68.525000 8.312859753357e-01 -3.366740498523e-01 8.968756e-01
0.950000 68.550000 8.039409135633e-01 -3.386197702171e-01 8.723442e-01
0.950000 68.575000 7.766390790036e-01 -3.383703580300e-01 8.471498e-01
0.950000 68.600000 7.495886667091e-01 -3.359547472366e-01 8.214309e-01
0.950000 68.625000 7.229965881546e-01 -3.314258472675e-01 7.953409e-01
0.950000 68.650000 6.970651092120e-01 -3.248615292077e-01 7.690480e-01
0.950000 68.675000 6.719880308675e-01 -3.163650345285e-01 7.427346e-01
0.950000 68.700000 6.479465327120e-01 -3.060646584253e-01 7.165963e-01
0.950000 68.725000 6.251048421948e-01 -2.941125887379e-01 6.908388e-01
0.950000 68.750000 6.036059279297e-01 -2.806828223575e-01 6.656748e-01
0.950000 68.775000 5.835674396720e-01 -2.659681318295e-01 6.413190e-01
0.950000 68.800000 5.650781282222e-01 -2.501761124560e-01 6.179817e-01
0.950000 68.825000 5.481949736163e-01 -2.335244008381e-01 5.958619e-01
0.950000 68.850000 5.329412287686e-01 -2.162352151032e-01 5.751383e-01
0.950000 68.875000 5.193055486999e-01 -1.985294205910e-01 5.559606e-01
0.950000 68.900000 5.072423243495e-01 -1.806203681615e-01 5.384408e-01
0.950000 68.925000 4.966732776790e-01 -1.627077817816e-01 5.226454e-01
0.950000 68.950000 4.874903053121e-01 -1.449719847201e-01 5.085899e-01
0.950000 68.975000 4.795594860634e-01 -1.275687478583e-01 4.962369e-01
0.950000 69.000000 4.727260985352e-01 -1.106250189412e-01 4.854975e-01
0.950000 69.025000 4.668204336266e-01 -9.423574923946e-02 4.762370e-01
0.950000 69.050000 4.616641379773e-01 -7.846197662481e-02 4.682842e-01
0.950000 69.075000 4.570767918587e-01 -6.333025534530e-02 4.614433e-01
0.950000 69.100000 4.528824114160e-01 -4.883344763401e-02 4.555076e-01
0.950000 69.125000 4.489155715835e-01 -3.493281608753e-02 4.502727e-01
0.950000 69.150000 4.450268719886e-01 -2.156128403022e-02 4.455489e-01
0.950000 69.175000 4.410875117162e-01 -8.627669004075e-03 4.411719e-01
0.950000 69.200000 4.369927965368e-01 3.978353528643e-03 4.370109e-01
0.950000 69.225000 4.326644696168e-01 1.638083000197e-02 4.329745e-01
0.950000 69.250000 4.280518286546e-01 2.871193761582e-02 4.290137e-01
0.950000 69.275000 4.231316634034e-01 4.110650036150e-02 4.251237e-01
0.950000 69.300000 4.179071124634e-01 5.369686496873e-02 4.213427e-01
0.950000 69.325000 4.124055925538e-01 6.660834902076e-02 4.177500e-01
0.950000 69.350000 4.066759937342e-01 7.995542161187e-02 4.144614e-01
0.950000 69.375000 4.007853580768e-01 9.383871827008e-02 4.116244e-01
0.950000 69.400000 3.948152663624e-01 1.083429313147e-01 4.094109e-01
0.950000 69.425000 3.888581481842e-01 1.235355591173e-01 4.080094e-01
0.950000 69.450000 3.830137073699e-01 1.394664471080e-01 4.076155e-01
0.950000 69.475000 3.773856199164e-01 1.561680131669e-01 4.084218e-01
0.950000 69.500000 3.720786194018e-01 1.736560225212e-01 4.106080e-01
0.950000 69.525000 3.671960391995e-01 1.919307634512e-01 4.143312e-01
0.950000 69.550000 3.628378358148e-01 2.109784748002e-01 4.197180e-01
0.950000 69.575000 3.590990769852e-01 2.307728881595e-01 4.268586e-01
0.950000 69.600000 3.560688448339e-01 2.512767694137e-01 4.358039e-01
0.950000 69.625000 3.538294804990e-01 2.724433731827e-01 4.465654e-01
0.950000 69.650000 3.524560834271e-01 2.942177563067e-01 4.591180e-01
0.950000 69.675000 3.520161760791e-01 3.165379295599e-01 4.734043e-01
0.950000 69.700000 3.525694523628e-01 3.393358571309e-01 4.893404e-01
0.950000 69.725000 3.541675440845e-01 3.625383384180e-01 5.068222e-01
0.950000 69.750000 3.568537618905e-01 3.860678243330e-01 5.257309e-01
0.950000 69.775000 3.606627929296e-01 4.098432293382e-01 5.459388e-01
0.950000 69.800000 3.656203640210e-01 4.337808004001e-01 5.673130e-01
0.950000 69.825000 3.717429037192e-01 4.577950952962e-01 5.897195e-01
0.950000 69.850000 3.790372568400e-01 4.818001063492e-01 6.130258e-01
0.950000 69.875000 3.875005187139e-01 5.057105434186e-01 6.371027e-01
0.950000 69.900000 3.971200621908e-01 5.294432640841e-01 6.618266e-01
0.950000 69.925000 4.078738274522e-01 5.529188119399e-01 6.870810e-01
0.950000 69.950000 4.197309329663e-01 5.760629984699e-01 7.127571e-01
0.950000 69.975000 4.326526461636e-01 5.988084426861e-01 7.387556e-01
0.950000 70.000000 4.465937260784e-01 6.210959679208e-01 7.649877e-01
0.950000 70.025000 4.615041193859e-01 6.428757487274e-01 7.913756e-01
0.950000 70.050000 4.773309585681e-01 6.641081039828e-01 8.178535e-01
0.950000 70.075000 4.940207792977e-01 6.847638454318e-01 8.443684e-01
0.950000 70.100000 5.115218465386e-01 7.048241136375e-01 8.708798e-01
0.950000 70.125000 5.297864582036e-01 7.242796642622e-01 8.973599e-01
0.950000 70.150000 5.487730838939e-01 7.431296046137e-01 9.237930e-01
0.950000 70.175000 5.684481960183e-01 7.613796205567e-01 9.501749e-01
0.950000 70.200000 5.887876622935e-01 7.790397737893e-01 9.765111e-01
0.950000 70.225000 6.097775920259e-01 7.961219854846e-01 1.002816e+00
0.950000 70.250000 6.314145623245e-01 8.126373508888e-01 1.029108e+00
0.950000 70.275000 6.537051920593e-01 8.285934475588e-01 1.055413e+00
0.950000 70.300000 6.766650775998e-01 8.439918052873e-01 1.081757e+00
0.950000 70.325000 7.003171511104e-01 8.588256972267e-01 1.108163e+00
0.950000 70.350000 7.246895651364e-01 8.730783894056e-01 1.134655e+00
0.950000 70.375000 7.498132421716e-01 8.867219512689e-01 1.161247e+00
0.950000 70.400000 7.757192512290e-01 8.997166858553e-01 1.187952e+00
0.950000 70.425000 8.024361824947e-01 9.120111886741e-01 1.214771e+00
0.950000 70.450000 8.299876845911e-01 9.235429939520e-01 1.241697e+00
0.950000 70.475000 8.583903070460e-01 9.342397206561e-01 1.268715e+00
0.950000 70.500000 8.876517550622e-01 9.440205933504e-01 1.295801e+00
0.950000 70.525000 9.177696179468e-01 9.527981885637e-01 1.322923e+00
0.950000 70.550000 9.487305811218e-01 9.604802487884e-01 1.350041e+00
0.950000 70.575000 9.805100798332e-01 9.669714147773e-01 1.377111e+00
0.950000 70.600000 1.013072306081e+00 9.721747519805e-01 1.404080e+00
0.950000 70.625000 1.046370444163e+00 9.759929864681e-01 1.430893e+00
0.950000 70.650000 1.080346988867e+00 9.783294155711e-01 1.457490e+00
0.950000 70.675000 1.114933996645e+00 9.790885135975e-01 1.483810e+00
0.950000 70.700000 1.150053135254e+00 9.781763073100e-01 1.509785e+00
0.950000 70.725000 1.185615430309e+00 9.755006433085e-01 1.535345e+00
0.950000 70.750000 1.221520655405e+00 9.709715044112e-01 1.560416e+00
0.950000 70.775000 1.257656371136e+00 9.645015500392e-01 1.584917e+00
0.950000 70.800000 1.293896681886e+00 9.560070535595e-01 1.608763e+00
0.950000 70.825000 1.330100841016e+00 9.454093865812e-01 1.631860e+00
0.950000 70.850000 1.366111888474e+00 9.326371574744e-01 1.654108e+00
0.950000 70.875000 1.401755543947e+00 9.176290520169e-01 1.675399e+00
0.950000 70.900000 1.436839598616e+00 9.003373530381e-01 1.695617e+00
0.950000 70.925000 1.471154046311e+00 8.807320393771e-01 1.714638e+00
0.950000 70.950000 1.504472169382e+00 8.588052892959e-01 1.732335e+00
0.950000 70.975000 1.536552746831e+00 8.345761466578e-01 1.748574e+00
0.950000 71.000000 1.567143485384e+00 8.080950559624e-01 1.763223e+00
0.950000 71.025000 1.595985693050e+00 7.794479399384e-01 1.776150e+00
0.950000 71.050000 1.622820125240e+00 7.487594842780e-01 1.787229e+00
0.950000 71.075000 1.647393842809e+00 7.161953099041e-01 1.796341e+00
0.950000 71.100000 1.669467836109e+00 6.819627534805e-01 1.803385e+00
0.950000 71.125000 1.688825096043e+00 6.463100393546e-01 1.808272e+00
0.950000 71.150000 1.705278757577e+00 6.095237068232e-01 1.810938e+00
0.950000 71.175000 1.718679907455e+00 5.719242502345e-01 1.811341e+00
0.950000 71.200000 1.728924638594e+00 5.338600298880e-01 1.809471e+00
0.950000 71.225000 1.735959949582e+00 4.956996125377e-01 1.805346e+00
0.950000 71.250000 1.739788128164e+00 4.578227952284e-01 1.799018e+00
0.950000 71.275000 1.740469320221e+00 4.206106493762e-01 1.790572e+00
0.950000 71.300000 1.738122066967e+00 3.844349885917e-01 1.780129e+00
0.950000 71.325000 1.732921688321e+00 3.496477098171e-01 1.767844e+00
0.950000 71.350000 1.725096494513e+00 3.165704803663e-01 1.753903e+00
0.950000 71.375000 1.714921915390e+00 2.854852420388e-01 1.738522e+00
0.950000 71.400000 1.702712741939e+00 2.566259775771e-01 1.721943e+00
0.950000 71.425000 1.688813771948e+00 2.301721354498e-01 1.704427e+00
0.950000 71.450000 1.673589236328e+00 2.062440385010e-01 1.686250e+00
0.950000 71.475000 1.657411450056e+00 1.849005136246e-01 1.667693e+00
0.950000 71.500000 1.640649178274e+00 1.661388773680e-01 1.649040e+00
0.950000 71.525000 1.623656230945e+00 1.498973010787e-01 1.630561e+00
0.950000 71.550000 1.606760796887e+00 1.360594642418e-01 1.612511e+00
0.950000 71.575000 1.590255999385e+00 1.244612918180e-01 1.595119e+00
0.950000 71.600000 1.574392101570e+00 1.148994665729e-01 1.578579e+00
0.950000 71.625000 1.559370712435e+00 1.071413164100e-01 1.563047e+00
0.950000 71.650000 1.545341247085e+00 1.009356049214e-01 1.548634e+00
0.950000 71.675000 1.532399782333e+00 9.602370532271e-02 1.535405e+00
0.950000 71.700000 1.520590326823e+00 9.215061707130e-02 1.523380e+00
0.950000 71.725000 1.509908400268e+00 8.907529277251e-02 1.512534e+00
0.950000 71.750000 1.500306696199e+00 8.657978073867e-02 1.502803e+00
0.950000 71.775000 1.491702494118e+00 8.447675423175e-02 1.494093e+00
0.950000 71.800000 1.483986396864e+00 8.261508858490e-02 1.486284e+00
0.950000 71.825000 1.477031902995e+00 8.088325693583e-02 1.479245e+00
0.950000 71.850000 1.470705286563e+00 7.921043765832e-02 1.472837e+00
0.950000 71.875000 1.464875250032e+00 7.756535419879e-02 1.466927e+00
0.950000 71.900000 1.459421840860e+00 7.595299289407e-02 1.461397e+00
0.950000 71.925000 1.454244176548e+00 7.440945859067e-02 1.456147e+00
0.950000 71.950000 1.449266603000e+00 7.299532437111e-02 1.451104e+00
0.950000 71.975000 1.444443011236e+00 7.178790458726e-02 1.446226e+00
0.950000 72.000000 1.439759150938e+00 7.087292561566e-02 1.441502e+00
0.950000 72.025000 1.435232898405e+00 7.033608423770e-02 1.436955e+00
0.950000 72.050000 1.430912553285e+00 7.025496941310e-02 1.432636e+00
0.950000 72.075000 1.426873345756e+00 7.069178163923e-02 1.428623e+00
0.950000 72.100000 1.423212427160e+00 7.168721906584e-02 1.425017e+00
0.950000 72.125000 1.420042687714e+00 7.325581647437e-02 1.421931e+00
0.950000 72.150000 1.417485791574e+00 7.538292844435e-02 1.419489e+00
0.950000 72.175000 1.415664841146e+00 7.802344817007e-02 1.417813e+00
0.950000 72.200000 1.414697079477e+00 8.110225492292e-02 1.417020e+00
0.950000 72.225000 1.414687014155e+00 8.451629185954e-02 1.417209e+00
0.950000 72.250000 1.415720301711e+00 8.813809649129e-02 1.418461e+00
0.950000 72.275000 1.417858672432e+00 9.182054211291e-02 1.420829e+00
0.950000 72.300000 1.421136106321e+00 9.540250191587e-02 1.424335e+00
0.950000 72.325000 1.425556396610e+00 9.871511914291e-02 1.428970e+00
0.950000 72.350000 1.431092161953e+00 1.015883560569e-01 1.434693e+00
0.950000 72.375000 1.437685296112e+00 1.038575003462e-01 1.441432e+00
0.950000 72.400000 1.445248777758e+00 1.053693278613e-01 1.449085e+00
0.950000 72.425000 1.453669705082e+00 1.059876528566e-01 1.457528e+00
0.950000 72.450000 1.462813372112e+00 1.055980386463e-01 1.466620e+00
0.950000 72.475000 1.472528166659e+00 1.041114902105e-01 1.476204e+00
0.950000 72.500000 1.482651044374e+00 1.014670033983e-01 1.486119e+00
0.950000 72.525000 1.493013319343e+00 9.763290072740e-02 1.496202e+00
0.950000 72.550000 1.503446509022e+00 9.260693927968e-02 1.506296e+00
0.950000 72.575000 1.513787979406e+00 8.641522991622e-02 1.516252e+00
0.950000 72.600000 1.523886154748e+00 7.911005711365e-02 1.525938e+00
0.950000 72.625000 1.533605083831e+00 7.076673340745e-02 1.535237e+00
0.950000 72.650000 1.542828190612e+00 6.147966001671e-02 1.544053e+00
0.950000 72.675000 1.551461079540e+00 5.135779420430e-02 1.552311e+00
0.950000 72.700000 1.559433313019e+00 4.051974303637e-02 1.559960e+00
0.950000 72.725000 1.566699128253e+00 2.908871150590e-02 1.566969e+00
0.950000 72.750000 1.573237110463e+00 1.718753013566e-02 1.573331e+00
0.950000 72.775000 1.579048886718e+00 4.933973358305e-03 1.579057e+00
0.950000 72.800000 1.584156946751e+00 -7.563443907876e-03 1.584175e+00
0.950000 72.825000 1.588601731854e+00 -2.020903641710e-02 1.588730e+00
0.950000 72.850000 1.592438158444e+00 -3.292276908113e-02 1.592778e+00
0.950000 72.875000 1.595731758018e+00 -4.564225370693e-02 1.596384e+00
0.950000 72.900000 1.598554619518e+00 -5.832389106619e-02 1.599618e+00
0.950000 72.925000 1.600981314162e+00 -7.094316849090e-02 1.602552e+00
0.950000 72.950000 1.603084967759e+00 -8.349415972503e-02 1.605258e+00
0.950000 72.975000 1.604933623332e+00 -9.598830368317e-02 1.607802e+00
0.950000 73.000000 1.606587009988e+00 -1.084525607530e-01 1.610243e+00
0.950000 73.025000 1.608093804943e+00 -1.209270588809e-01 1.612634e+00
0.950000 73.050000 1.609489446989e+00 -1.334623471992e-01 1.615013e+00
0.950000 73.075000 1.610794533623e+00 -1.461163735558e-01 1.617408e+00
0.950000 73.100000 1.612013812210e+00 -1.589512956431e-01 1.619831e+00
0.950000 73.125000 1.613135758686e+00 -1.720302255159e-01 1.622283e+00
0.950000 73.150000 1.614132725690e+00 -1.854139962328e-01 1.624747e+00
0.950000 73.175000 1.614961634822e+00 -1.991580290322e-01 1.627195e+00
0.950000 73.200000 1.615565183923e+00 -2.133093712362e-01 1.629586e+00
0.950000 73.225000 1.615873538111e+00 -2.279039698181e-01 1.631866e+00
0.950000 73.250000 1.615806471193e+00 -2.429642433256e-01 1.633971e+00
0.950000 73.275000 1.615275920306e+00 -2.584970150433e-01 1.635829e+00
0.950000 73.300000 1.614188910157e+00 -2.744918717349e-01 1.637361e+00
0.950000 73.325000 1.612450793275e+00 -2.909200134658e-01 1.638485e+00
0.950000 73.350000 1.609968739417e+00 -3.077336591315e-01 1.639115e+00
0.950000 73.375000 1.606655391297e+00 -3.248660678219e-01 1.639170e+00
0.950000 73.400000 1.602432586516e+00 -3.422322266910e-01 1.638570e+00
0.950000 73.425000 1.597235028703e+00 -3.597302408774e-01 1.637243e+00
0.950000 73.450000 1.591013776348e+00 -3.772434400721e-01 1.635126e+00
0.950000 73.475000 1.583739407746e+00 -3.946431901576e-01 1.632168e+00
0.950000 73.500000 1.575404716366e+00 -4.117923681849e-01 1.628334e+00
0.950000 73.525000 1.566026794382e+00 -4.285494265175e-01 1.623605e+00
0.950000 73.550000 1.555648373457e+00 -4.447729394123e-01 1.617982e+00
0.950000 73.575000 1.544338311439e+00 -4.603264948127e-01 1.611484e+00
0.950000 73.600000 1.532191140611e+00 -4.750837678837e-01 1.604155e+00
0.950000 73.625000 1.519325626432e+00 -4.889335926951e-01 1.596060e+00
0.950000 73.650000 1.505882323537e+00 -5.017848359229e-01 1.587284e+00
0.950000 73.675000 1.492020156279e+00 -5.135708724009e-01 1.577935e+00
0.950000 73.700000 1.477912092092e+00 -5.242534671868e-01 1.568141e+00
0.950000 73.725000 1.463740015392e+00 -5.338258823061e-01 1.558045e+00
0.950000 73.750000 1.449688945883e+00 -5.423150478451e-01 1.547806e+00
0.950000 73.775000 1.435940776186e+00 -5.497826655032e-01 1.537591e+00
0.950000 73.800000 1.422667728753e+00 -5.563251468090e-01 1.527574e+00
0.950000 73.825000 1.410025749958e+00 -5.620723264584e-01 1.517926e+00
0.950000 73.850000 1.398148069786e+00 -5.671849321882e-01 1.508813e+00
0.950000 73.875000 1.387139158417e+00 -5.718508347861e-01 1.500389e+00
0.950000 73.900000 1.377069306341e+00 -5.762801439346e-01 1.492789e+00
0.950000 73.925000 1.367970042716e+00 -5.806992563451e-01 1.486120e+00
0.950000 73.950000 1.359830587904e+00 -5.853440010109e-01 1.480462e+00
0.950000 73.975000 1.352595511037e+00 -5.904520613885e-01 1.475855e+00
0.950000 74.000000 1.346163732585e+00 -5.962548850620e-01 1.472303e+00
0.950000 74.025000 1.340388975980e+00 -6.029693171551e-01 1.469767e+00
0.950000 74.050000 1.335081731978e+00 -6.107892136999e-01 1.468164e+00
0.950000 74.075000 1.330012755459e+00 -6.198773046711e-01 1.467372e+00
0.950000 74.100000 1.324918067702e+00 -6.303575828474e-01 1.467228e+00
0.950000 74.125000 1.319505388646e+00 -6.423084934906e-01 1.467534e+00
0.950000 74.150000 1.313461874524e+00 -6.557571905988e-01 1.468060e+00
0.950000 74.175000 1.306462987610e+00 -6.706751078273e-01 1.468554e+00
0.950000 74.200000 1.298182278059e+00 -6.869750658644e-01 1.468745e+00
0.950000 74.225000 1.288301814347e+00 -7.045101030626e-01 1.468351e+00
0.950000 74.250000 1.276522960177e+00 -7.230741726298e-01 1.467088e+00
0.950000 74.275000 1.262577163658e+00 -7.424047980841e-01 1.464673e+00
0.950000 74.300000 1.246236400600e+00 -7.621877197135e-01 1.460834e+00
0.950000 74.325000 1.227322899874e+00 -7.820634995179e-01 1.455316e+00
0.950000 74.350000 1.205717776385e+00 -8.016359820326e-01 1.447887e+00
0.950000 74.375000 1.181368208096e+00 -8.204824354788e-01 1.438340e+00
0.950000 74.400000 1.154292818751e+00 -8.381651242621e-01 1.426504e+00
0.950000 74.425000 1.124584968587e+00 -8.542439928293e-01 1.412241e+00
0.950000 74.450000 1.092413711484e+00 -8.682900755978e-01 1.395455e+00
0.950000 74.475000 1.058022248449e+00 -8.798991917133e-01 1.376094e+00
0.950000 74.500000 1.021723792599e+00 -8.887054405218e-01 1.354148e+00
0.950000 74.525000 9.838948576824e-01 -8.943939875649e-01 1.329658e+00
0.950000 74.550000 9.449660872870e-01 -8.967126249327e-01 1.302710e+00
0.950000 74.575000 9.054108508605e-01 -8.954816065887e-01 1.273443e+00
0.950000 74.600000 8.657319403122e-01 -8.906013004934e-01 1.242040e+00
0.950000 74.625000 8.264468014134e-01 -8.820572653522e-01 1.208735e+00
0.950000 74.650000 7.880718213125e-01 -8.699224494868e-01 1.173807e+00
0.950000 74.675000 7.511062612497e-01 -8.543563198856e-01 1.137579e+00
0.950000 74.700000 7.160164665506e-01 -8.356008565359e-01 1.100413e+00
0.950000 74.725000 6.832209999150e-01 -8.139734847339e-01 1.062706e+00
0.950000 74.750000 6.530773260715e-01 -7.898571591130e-01 1.024883e+00
0.950000 74.775000 6.258706251406e-01 -7.636879497058e-01 9.873871e-01
0.950000 74.800000 6.018052297273e-01 -7.359406043187e-01 9.506725e-01
0.950000 74.825000 5.809990701922e-01 -7.071126650694e-01 9.151875e-01
0.950000 74.850000 5.634813791355e-01 -6.777077932824e-01 8.813621e-01
0.950000 74.875000 5.491937569851e-01 -6.482190007859e-01 8.495891e-01
0.950000 74.900000 5.379945441162e-01 -6.191124936939e-01 8.202063e-01
0.950000 74.925000 5.296662902041e-01 -5.908128060116e-01 7.934773e-01
0.950000 74.950000 5.239259676082e-01 -5.636898362878e-01 7.695743e-01
0.950000 74.975000 5.204374509066e-01 -5.380483048283e-01 7.485660e-01
0.950000 75.000000 5.188256863561e-01 -5.141200275093e-01 7.304105e-01
0.950000 75.025000 5.186919083433e-01 -4.920592624293e-01 7.149571e-01
0.950000 75.050000 5.196292279544e-01 -4.719412360001e-01 7.019566e-01
0.950000 75.075000 5.212379224017e-01 -4.537638044563e-01 6.910793e-01
0.950000 75.100000 5.231397917156e-01 -4.374520637571e-01 6.819381e-01
0.950000 75.125000 5.249910172139e-01 -4.228655931821e-01 6.741149e-01
0.950000 75.150000 5.264930494974e-01 -4.098079119028e-01 6.671862e-01
0.950000 75.175000 5.274011655415e-01 -3.980376480532e-01 6.607465e-01
0.950000 75.200000 5.275304576588e-01 -3.872808689930e-01 6.544271e-01
0.950000 75.225000 5.267591443577e-01 -3.772440002782e-01 6.479107e-01
0.950000 75.250000 5.250292175002e-01 -3.676267682764e-01 6.409408e-01
0.950000 75.275000 5.223445555212e-01 -3.581346347578e-01 6.333279e-01
0.950000 75.300000 5.187667338223e-01 -3.484902473973e-01 6.249515e-01
0.950000 75.325000 5.144088470300e-01 -3.384435033326e-01 6.157601e-01
0.950000 75.350000 5.094277212338e-01 -3.277799087675e-01 6.057692e-01
0.950000 75.375000 5.040149364255e-01 -3.163270110401e-01 5.950578e-01
0.950000 75.400000 4.983871001505e-01 -3.039587757631e-01 5.837642e-01
0.950000 75.425000 4.927758137765e-01 -2.905978762037e-01 5.720797e-01
0.950000 75.450000 4.874177544546e-01 -2.762159511511e-01 5.602422e-01
0.950000 75.475000 4.825452610248e-01 -2.608319678922e-01 5.485283e-01
0.950000 75.500000 4.783777634133e-01 -2.445088959608e-01 5.372429e-01
0.950000 75.525000 4.751143353862e-01 -2.273489530436e-01 5.267079e-01
0.950000 75.550000 4.729275829276e-01 -2.094877253847e-01 5.172481e-01
0.950000 75.575000 4.719590082033e-01 -1.910874903788e-01 5.091755e-01
0.950000 75.600000 4.723159152892e-01 -1.723300785118e-01 5.027723e-01
0.950000 75.625000 4.740698518350e-01 -1.534096056992e-01 4.982738e-01
0.950000 75.650000 4.772565137241e-01 -1.345253863418e-01 4.958537e-01
0.950000 75.675000 4.818769804944e-01 -1.158753036117e-01 4.956133e-01
0.950000 75.700000 4.879001003576e-01 -9.764986880127e-02 4.975761e-01
0.950000 75.725000 4.952658071094e-01 -8.002714872575e-02 5.016897e-01
0.950000 75.750000 5.038891284152e-01 -6.316868235831e-02 5.078332e-01
0.950000 75.775000 5.136646364312e-01 -4.721644852006e-02 5.158302e-01
0.950000 75.800000 5.244710971087e-01 -3.229088903267e-02 5.254642e-01
0.950000 75.825000 5.361760926310e-01 -1.848993954983e-02 5.364948e-01
0.950000 75.850000 5.486404201520e-01 -5.888976122587e-03 5.486720e-01
0.950000 75.875000 5.617221066492e-01 5.458448444042e-03 5.617486e-01
0.950000 75.900000 5.752799210978e-01 1.551922696377e-02 5.754892e-01
0.950000 75.925000 5.891763080301e-01 2.427883835245e-02 5.896763e-01
0.950000 75.950000 6.032797076709e-01 3.173916539534e-02 6.041140e-01
0.950000 75.975000 6.174662645536e-01 3.791613922126e-02 6.186293e-01
0.950000 76.000000 6.316209567325e-01 4.283734276943e-02 6.330719e-01
0.950000 76.025000 6.456382002283e-01 4.653968360287e-02 6.473134e-01
0.950000 76.050000 6.594219978381e-01 4.906722235310e-02 6.612450e-01
0.950000 76.075000 6.728857084624e-01 5.046921935440e-02 6.747758e-01
0.950000 76.100000 6.859515138490e-01 5.079844064589e-02 6.878299e-01
0.950000 76.125000 6.985496558925e-01 5.010974684224e-02 7.003446e-01
0.950000 76.150000 7.106175112444e-01 4.845897499752e-02 7.122679e-01
0.950000 76.175000 7.220985628408e-01 4.590211437471e-02 7.235560e-01
0.950000 76.200000 7.329413215726e-01 4.249477120724e-02 7.341722e-01
0.950000 76.225000 7.430982466570e-01 3.829191388485e-02 7.440842e-01
0.950000 76.250000 7.525247107115e-01 3.334788710467e-02 7.532632e-01
0.950000 76.275000 7.611780547616e-01 2.771668005510e-02 7.616825e-01
0.950000 76.300000 7.690167786334e-01 2.145242861250e-02 7.693159e-01
0.950000 76.325000 7.759999121690e-01 1.461012428755e-02 7.761374e-01
0.950000 76.350000 7.820866111453e-01 7.246493308717e-03 7.821202e-01
0.950000 76.375000 7.872360174497e-01 -5.790015739027e-04 7.872362e-01
0.950000 76.400000 7.914074150945e-01 -8.803095093565e-03 7.914564e-01
0.950000 76.425000 7.945607016835e-01 -1.735765774215e-02 7.947503e-01
0.950000 76.450000 7.966571792579e-01 -2.616871394912e-02 7.970869e-01
0.950000 76.475000 7.976606499169e-01 -3.515561877044e-02 7.984350e-01
0.950000 76.500000 7.975387816455e-01 -4.423046940214e-02 7.987643e-01
0.950000 76.525000 7.962646901820e-01 -5.329781977593e-02 7.980464e-01
0.950000 76.550000 7.938186653845e-01 -6.225475281991e-02 7.962561e-01
0.950000 76.575000 7.901899572009e-01 -7.099134649482e-02 7.933725e-01
0.950000 76.600000 7.853785284254e-01 -7.939154784644e-02 7.893811e-01
0.950000 76.625000 7.793966797892e-01 -8.733444585985e-02 7.842745e-01
0.950000 76.650000 7.722704578013e-01 -9.469591087437e-02 7.780546e-01
0.950000 76.675000 7.640407666425e-01 -1.013505476716e-01 7.707336e-01
0.950000 76.700000 7.547641212393e-01 -1.071738927508e-01 7.623353e-01
0.950000 76.725000 7.445129978291e-01 -1.120447749400e-01 7.528968e-01
0.950000 76.750000 7.333757590760e-01 -1.158477529372e-01 7.424693e-01
0.950000 76.775000 7.214561512391e-01 -1.184755435638e-01 7.311193e-01
0.950000 76.800000 7.088723894018e-01 -1.198313597889e-01 7.189295e-01
0.950000 76.825000 6.957558620544e-01 -1.198310868084e-01 7.059998e-01
0.950000 76.850000 6.822494976670e-01 -1.184052362190e-01 6.924480e-01
0.950000 76.875000 6.685058430646e-01 -1.155006311201e-01 6.784102e-01
0.950000 76.900000 6.546849067900e-01 -1.110817874323e-01 6.640418e-01
0.950000 76.925000 6.409518209474e-01 -1.051319677633e-01 6.495167e-01
0.950000 76.950000 6.274743732998e-01 -9.765389314588e-02 6.350279e-01
0.950000 76.975000 6.144204587305e-01 -8.867010471511e-02 6.207857e-01
0.950000 77.000000 6.019554965854e-01 -7.822297214620e-02 6.070167e-01
0.950000 77.025000 5.902398586308e-01 -6.637434903555e-02 5.939601e-01
0.950000 77.050000 5.794263517633e-01 -5.320487818826e-02 5.818639e-01
0.950000 77.075000 5.696578002262e-01 -3.881295282275e-02 5.709785e-01
0.950000 77.100000 5.610647734933e-01 -2.331334376714e-02 5.615489e-01
0.950000 77.125000 5.537635075771e-01 -6.835508294069e-03 5.538057e-01
0.950000 77.150000 5.478540684487e-01 1.047839650694e-02 5.479543e-01
0.950000 77.175000 5.434188057260e-01 2.847576417507e-02 5.441644e-01
0.950000 77.200000 5.405211420873e-01 4.699601177158e-02 5.425603e-01
0.950000 77.225000 5.392047385483e-01 6.587322390118e-02 5.432136e-01
0.950000 77.250000 5.394930676589e-01 8.493890725183e-02 5.461386e-01
0.950000 77.275000 5.413894160128e-01 1.040247873039e-01 5.512927e-01
0.950000 77.300000 5.448773246956e-01 1.229655734337e-01 5.585802e-01
0.950000 77.325000 5.499214621263e-01 1.416016160809e-01 5.678597e-01
0.950000 77.350000 5.564689089774e-01 1.597813802531e-01 5.789540e-01
0.950000 77.375000 5.644508203328e-01 1.773636634175e-01 5.916609e-01
0.950000 77.400000 5.737844166691e-01 1.942194925580e-01 6.057638e-01
0.950000 77.425000 5.843752432473e-01 2.102336444685e-01 6.210416e-01
0.950000 77.450000 5.961196274188e-01 2.253057447311e-01 6.372765e-01
0.950000 77.475000 6.089072554807e-01 2.393509138221e-01 6.542606e-01
0.950000 77.500000 6.226237850778e-01 2.522999429934e-01 6.718003e-01
0.950000 77.525000 6.371534058469e-01 2.640989976753e-01 6.897193e-01
0.950000 77.550000 6.523812600446e-01 2.747088619350e-01 7.078603e-01
0.950000 77.575000 6.681956364425e-01 2.841037538211e-01 7.260856e-01
0.950000 77.600000 6.844898550397e-01 2.922697580430e-01 7.442768e-01
0.950000 77.625000 7.011637674788e-01 2.992029390740e-01 7.623339e-01
0.950000 77.650000 7.181248088312e-01 3.049072139323e-01 7.801741e-01
0.950000 77.675000 7.352885509736e-01 3.093920788607e-01 7.977297e-01
0.950000 77.700000 7.525787263015e-01 3.126702969184e-01 8.149463e-01
0.950000 77.725000 7.699267128697e-01 3.147556629331e-01 8.317802e-01
0.950000 77.750000 7.872704977340e-01 3.156609670549e-01 8.481961e-01
0.950000 77.775000 8.045531632929e-01 3.153962770702e-01 8.641647e-01
0.950000 77.800000 8.217209703559e-01 3.139676516452e-01 8.796596e-01
0.950000 77.825000 8.387211396316e-01 3.113763811564e-01 8.946555e-01
0.950000 77.850000 8.554994581680e-01 3.076188296702e-01 9.091252e-01
0.950000 77.875000 8.719978567672e-01 3.026869215848e-01 9.230383e-01
0.950000 77.900000 8.881521163904e-01 2.965692807644e-01 9.363586e-01
0.950000 77.925000 9.038898643637e-01 2.892529907298e-01 9.490438e-01
0.950000 77.950000 9.191290136384e-01 2.807259041833e-01 9.610438e-01
0.950000 77.975000 9.337767801403e-01 2.709793917810e-01 9.723008e-01
0.950000 78.000000 9.477293848987e-01 2.600113866567e-01 9.827497e-01
0.950000 78.025000 9.608725106985e-01 2.478295555656e-01 9.923182e-01
0.950000 78.050000 9.730825396980e-01 2.344544119957e-01 1.000929e+00
0.950000 78.075000 9.842285518407e-01 2.199221827851e-01 1.008500e+00
0.950000 78.100000 9.941750172490e-01 2.042872483440e-01 1.014947e+00
0.950000 78.125000 1.002785072650e+00 1.876239971686e-01 1.020187e+00
0.950000 78.150000 1.009924235419e+00 1.700279665728e-01 1.024137e+00
0.950000 78.175000 1.015464381793e+00 1.516161812167e-01 1.026721e+00
0.950000 78.200000 1.019287800067e+00 1.325266461071e-01 1.027867e+00
0.950000 78.225000 1.021291126177e+00 1.129169979412e-01 1.027514e+00
0.950000 78.250000 1.021388977879e+00 9.296236448803e-02 1.025611e+00
0.950000 78.275000 1.019517123764e+00 7.285252289625e-02 1.022117e+00
0.950000 78.300000 1.015635052622e+00 5.278848162892e-02 1.017006e+00
0.950000 78.325000 1.009727844709e+00 3.297863512833e-02 1.010266e+00
0.950000 78.350000 1.001807286142e+00 1.363465413225e-02 1.001900e+00
0.950000 78.375000 9.919122080518e-01 -5.032722418374e-03 9.919250e-01
0.950000 78.400000 9.801080701489e-01 -2.281783508556e-02 9.803736e-01
0.950000 78.425000 9.664858416009e-01 -3.952404833018e-02 9.672937e-01
0.950000 78.450000 9.511602586543e-01 -5.496737125895e-02 9.527472e-01
0.950000 78.475000 9.342675570332e-01 -6.897966130818e-02 9.368106e-01
0.950000 78.500000 9.159627874303e-01 -8.141134620281e-02 9.195736e-01
0.950000 78.525000 8.964168246846e-01 -9.213362771798e-02 9.011391e-01
0.950000 78.550000 8.758131764616e-01 -1.010401562993e-01 8.816223e-01
0.950000 78.575000 8.543446868833e-01 -1.080481868324e-01 8.611500e-01
0.950000 78.600000 8.322102163876e-01 -1.130992417307e-01 8.398603e-01
0.950000 78.625000 8.096113630301e-01 -1.161593175501e-01 8.179019e-01
0.950000 78.650000 7.867492743926e-01 -1.172186756810e-01 7.954336e-01
0.950000 78.675000 7.638215848685e-01 -1.162912569496e-01 7.726235e-01
0.950000 78.700000 7.410195017424e-01 -1.134137552803e-01 7.496483e-01
0.950000 78.725000 7.185250560505e-01 -1.086443783158e-01 7.266924e-01
0.950000 78.750000 6.965085311599e-01 -1.020613146273e-01 7.039465e-01
0.950000 78.775000 6.751260832391e-01 -9.376091945879e-02 6.816057e-01
0.950000 78.800000 6.545175727753e-01 -8.385562528900e-02 6.598674e-01
0.950000 78.825000 6.348046340497e-01 -7.247158109348e-02 6.389281e-01
0.950000 78.850000 6.160890186795e-01 -5.974602588164e-02 6.189792e-01
0.950000 78.875000 5.984512584729e-01 -4.582440828318e-02 6.002031e-01
0.950000 78.900000 5.819497002798e-01 -3.085727457947e-02 5.827672e-01
0.950000 78.925000 5.666199697252e-01 -1.499696199946e-02 5.668184e-01
0.950000 78.950000 5.524749203424e-01 1.605848745221e-03 5.524773e-01
0.950000 78.975000 5.395051187171e-01 1.880564933651e-02 5.398328e-01
0.950000 79.000000 5.276799043260e-01 3.646559798123e-02 5.289384e-01
0.950000 79.025000 5.169490448949e-01 5.446088634804e-02 5.198099e-01
0.950000 79.050000 5.072449850207e-01 7.268186297279e-02 5.124257e-01
0.950000 79.075000 4.984856587964e-01 9.103679198831e-02 5.067304e-01
0.950000 79.100000 4.905778080765e-01 1.094541285453e-01 5.026398e-01
0.950000 79.125000 4.834207190166e-01 1.278842027904e-01 5.000500e-01
0.950000 79.150000 4.769102629994e-01 1.463002227109e-01 4.988458e-01
0.950000 79.175000 4.709431063641e-01 1.646985317663e-01 4.989118e-01
0.950000 79.200000 4.654209385379e-01 1.830980884944e-01 5.001415e-01
0.950000 79.225000 4.602545617646e-01 2.015391700907e-01 5.024463e-01
0.950000 79.250000 4.553676884753e-01 2.200813377705e-01 5.057623e-01
0.950000 79.275000 4.507003044504e-01 2.388007357987e-01 5.100554e-01
0.950000 79.300000 4.462114764375e-01 2.577868257874e-01 5.153239e-01
0.950000 79.325000 4.418815101593e-01 2.771386809486e-01 5.215986e-01
0.950000 79.350000 4.377133963832e-01 2.969609798271e-01 5.289412e-01
0.950000 79.375000 4.337335162304e-01 3.173598448073e-01 5.374403e-01
0.950000 79.400000 4.299916093803e-01 3.384386674990e-01 5.472052e-01
0.950000 79.425000 4.265600376732e-01 3.602940519610e-01 5.583594e-01
0.950000 79.450000 4.235323997591e-01 3.830119894178e-01 5.710323e-01
0.950000 79.475000 4.210215685312e-01 4.066643570265e-01 5.853504e-01
0.950000 79.500000 4.191572317138e-01 4.313058109861e-01 6.014295e-01
0.950000 79.525000 4.180830176454e-01 4.569711234205e-01 6.193674e-01
0.950000 79.550000 4.179532844094e-01 4.836729951672e-01 6.392374e-01
0.950000 79.575000 4.189296430589e-01 5.114003643611e-01 6.610842e-01
0.950000 79.600000 4.211772771892e-01 5.401172240895e-01 6.849211e-01
0.950000 79.625000 4.248611139794e-01 5.697619610535e-01 7.107290e-01
0.950000 79.650000 4.301418981811e-01 6.002472297898e-01 7.384570e-01
0.950000 79.675000 4.371722218143e-01 6.314603815533e-01 7.680246e-01
0.950000 79.700000 4.460925691216e-01 6.632644709271e-01 7.993237e-01
0.950000 79.725000 4.570274481242e-01 6.954998640404e-01 8.322224e-01
0.950000 79.750000 4.700816954699e-01 7.279864676256e-01 8.665686e-01
0.950000 79.775000 4.853370577876e-01 7.605265864233e-01 9.021933e-01
0.950000 79.800000 5.028491675886e-01 7.929083969686e-01 9.389148e-01
0.950000 79.825000 5.226450417566e-01 8.249099990301e-01 9.765420e-01
0.950000 79.850000 5.447212329884e-01 8.563039735230e-01 1.014878e+00
0.950000 79.875000 5.690427569506e-01 8.868623402539e-01 1.053724e+00
0.950000 79.900000 5.955428991809e-01 9.163617737480e-01 1.092882e+00
0.950000 79.925000 6.241239758702e-01 9.445889044728e-01 1.132157e+00
0.950000 79.950000 6.546590829477e-01 9.713455096920e-01 1.171363e+00
0.950000 79.975000 6.869948209038e-01 9.964533861513e-01 1.210323e+00
0.950000 80.000000 7.209549321037e-01 1.019758698021e+00 1.248873e+00
0.950000 80.025000 7.563447371955e-01 1.041135608995e+00 1.286865e+00
0.950000 80.050000 7.929562119822e-01 1.060489036673e+00 1.324166e+00
0.950000 80.075000 8.305735099301e-01 1.077756408496e+00 1.360666e+00
0.950000 80.100000 8.689787116237e-01 1.092908348377e+00 1.396271e+00
0.950000 80.125000 9.079575731346e-01 1.105948277690e+00 1.430912e+00
0.950000 80.150000 9.473050511733e-01 1.116910968927e+00 1.464540e+00
0.950000 80.175000 9.868304033028e-01 1.125860140403e+00 1.497129e+00
0.950000 80.200000 1.026361694214e+00 1.132885221900e+00 1.528675e+00
0.950000 80.225000 1.065749580733e+00 1.138097450830e+00 1.559195e+00
0.950000 80.250000 1.104870294695e+00 1.141625474549e+00 1.588725e+00
0.950000 80.275000 1.143627789562e+00 1.143610636321e+00 1.617322e+00
0.950000 80.300000 1.181955059336e+00 1.144202111241e+00 1.645058e+00
0.950000 80.325000 1.219814673214e+00 1.143552036409e+00 1.672022e+00
0.950000 80.350000 1.257198593818e+00 1.141810750252e+00 1.698317e+00
0.950000 80.375000 1.294127359314e+00 1.139122223075e+00 1.724055e+00
0.950000 80.400000 1.330648710218e+00 1.135619728833e+00 1.749359e+00
0.950000 80.425000 1.366835731565e+00 1.131421780701e+00 1.774360e+00
0.950000 80.450000 1.402784562758e+00 1.126628333382e+00 1.799193e+00
0.950000 80.475000 1.438611704288e+00 1.121317245418e+00 1.823995e+00
0.950000 80.500000 1.474450926272e+00 1.115540996008e+00 1.848902e+00
0.950000 80.525000 1.510449762383e+00 1.109323662585e+00 1.874048e+00
0.950000 80.550000 1.546765557683e+00 1.102658186128e+00 1.899563e+00
0.950000 80.575000 1.583561032895e+00 1.095503978329e+00 1.925563e+00
0.950000 80.600000 1.620999332728e+00 1.087784954881e+00 1.952156e+00
0.950000 80.625000 1.659238542580e+00 1.079388108708e+00 1.979432e+00
0.950000 80.650000 1.698425685973e+00 1.070162762042e+00 2.007461e+00
0.950000 80.675000 1.738690252896e+00 1.059920653466e+00 2.036290e+00
0.950000 80.700000 1.780137354332e+00 1.048437022414e+00 2.065940e+00
0.950000 80.725000 1.822840647491e+00 1.035452847080e+00 2.096404e+00
0.950000 80.750000 1.866835225993e+00 1.020678371037e+00 2.127641e+00
0.950000 80.775000 1.912110715579e+00 1.003798018906e+00 2.159578e+00
0.950000 80.800000 1.958604854972e+00 9.844767530352e-01 2.192106e+00
0.950000 80.825000 2.006197869895e+00 9.623678630213e-01 2.225080e+00
0.950000 80.850000 2.054707962688e+00 9.371221107384e-01 2.258323e+00
0.950000 80.875000 2.103888238269e+00 9.083980785862e-01 2.291622e+00
0.950000 80.900000 2.153425367548e+00 8.758734918439e-01 2.324736e+00
0.950000 80.925000 2.202940251281e+00 8.392572115458e-01 2.357392e+00
0.950000 80.950000 2.251990890872e+00 7.983015266583e-01 2.389299e+00
0.950000 80.975000 2.300077599196e+00 7.528143179449e-01 2.420142e+00
0.950000 81.000000 2.346650596424e+00 7.026706249621e-01 2.449595e+00
0.950000 81.025000 2.391119936423e+00 6.478231258406e-01 2.477323e+00
0.950000 81.050000 2.432867603008e+00 5.883110398923e-01 2.502989e+00
0.950000 81.075000 2.471261507078e+00 5.242669876160e-01 2.526260e+00
0.950000 81.100000 2.505671011318e+00 4.559213922176e-01 2.546812e+00
0.950000 81.125000 2.535483514628e+00 3.836040807153e-01 2.564338e+00
0.950000 81.150000 2.560121549687e+00 3.077428390298e-01 2.578552e+00
0.950000 81.175000 2.579059789667e+00 2.288587905822e-01 2.589194e+00
0.950000 81.200000 2.591841328666e+00 1.475585967953e-01 2.596038e+00
0.950000 81.225000 2.598092598474e+00 6.452361432884e-02 2.598894e+00
0.950000 81.250000 2.597536313568e+00 -1.950371934216e-02 2.597610e+00
0.950000 81.275000 2.590001896812e+00 -1.037358708423e-01 2.592079e+00
0.950000 81.300000 2.575432928300e+00 -1.873580504563e-01 2.582239e+00
0.950000 81.325000 2.553891275039e+00 -2.695472976826e-01 2.568076e+00
0.950000 81.350000 2.525557694230e+00 -3.494921391492e-01 2.549625e+00
0.950000 81.375000 2.490728850427e+00 -4.264121124488e-01 2.526966e+00
0.950000 81.400000 2.449810838745e+00 -4.995764512189e-01 2.500230e+00
0.950000 81.425000 2.403309453981e+00 -5.683212633250e-01 2.469592e+00
0.950000 81.450000 2.351817580545e+00 -6.320646033003e-01 2.435272e+00
0.950000 81.475000 2.296000192892e+00 -6.903189380512e-01 2.397531e+00
0.950000 81.500000 2.236577544390e+00 -7.427006252692e-01 2.356668e+00
0.950000 81.525000 2.174307179897e+00 -7.889361595976e-01 2.313014e+00
0.950000 81.550000 2.109965431323e+00 -8.288650841160e-01 2.266930e+00
0.950000 81.575000 2.044329046082e+00 -8.624396057012e-01 2.218802e+00
0.950000 81.600000 1.978157557747e+00 -8.897210842016e-01 2.169035e+00
0.950000 81.625000 1.912176940489e+00 -9.108736800716e-01 2.118044e+00
0.950000 81.650000 1.847064999680e+00 -9.261555375403e-01 2.066256e+00
0.950000 81.675000 1.783438847329e+00 -9.359079467668e-01 2.014095e+00
0.950000 81.700000 1.721844699988e+00 -9.405429670003e-01 1.961981e+00
0.950000 81.725000 1.662750125924e+00 -9.405300038106e-01 1.910323e+00
0.950000 81.750000 1.606538764316e+00 -9.363818191730e-01 1.859510e+00
0.950000 81.775000 1.553507447762e+00 -9.286404173845e-01 1.809906e+00
0.950000 81.800000 1.503865584658e+00 -9.178631974783e-01 1.761841e+00
0.950000 81.825000 1.457736602640e+00 -9.046096997545e-01 1.715609e+00
0.950000 81.850000 1.415161219010e+00 -8.894292062280e-01 1.671456e+00
0.950000 81.875000 1.376102288086e+00 -8.728493879233e-01 1.629578e+00
0.950000 81.900000 1.340450976216e+00 -8.553661310133e-01 1.590113e+00
0.950000 81.925000 1.308034029286e+00 -8.374346226559e-01 1.553142e+00
0.950000 81.950000 1.278621920430e+00 -8.194617385694e-01 1.518681e+00
0.950000 81.975000 1.251937692619e+00 -8.017997489012e-01 1.486685e+00
0.950000 82.000000 1.227666337131e+00 -7.847413462771e-01 1.457046e+00
0.950000 82.025000 1.205464570467e+00 -7.685159981746e-01 1.429602e+00
0.950000 82.050000 1.184970885828e+00 -7.532876318586e-01 1.404136e+00
0.950000 82.075000 1.165815758722e+00 -7.391536701573e-01 1.380389e+00
0.950000 82.100000 1.147631879099e+00 -7.261454460017e-01 1.358067e+00
0.950000 82.125000 1.130064265356e+00 -7.142300285783e-01 1.336851e+00
0.950000 82.150000 1.112780090928e+00 -7.033134903056e-01 1.316408e+00
0.950000 82.175000 1.095478025454e+00 -6.932456286735e-01 1.296403e+00
0.950000 82.200000 1.077896864097e+00 -6.838261285614e-01 1.276511e+00
0.950000 82.225000 1.059823195359e+00 -6.748121087668e-01 1.256422e+00
0.950000 82.250000 1.041097844648e+00 -6.659269425434e-01 1.235857e+00
0.950000 82.275000 1.021620832330e+00 -6.568701790015e-01 1.214573e+00
0.950000 82.300000 1.001354604438e+00 -6.473283247276e-01 1.192369e+00
0.950000 82.325000 9.803253337518e-01 -6.369861785174e-01 1.169098e+00
0.950000 82.350000 9.586221486928e-01 -6.255383529158e-01 1.144664e+00
0.950000 82.375000 9.363942258243e-01 -6.127005706561e-01 1.119034e+00
0.950000 82.400000 9.138457749921e-01 -5.982202978883e-01 1.092237e+00
0.950000 82.425000 8.912290488172e-01 -5.818862739972e-01 1.064369e+00
0.950000 82.450000 8.688356134979e-01 -5.635365228521e-01 1.035591e+00
0.950000 82.475000 8.469862179077e-01 -5.430644834593e-01 1.006134e+00
0.950000 82.500000 8.260196847638e-01 -5.204229778068e-01 9.762933e-01
0.950000 82.525000 8.062813136371e-01 -4.956258364446e-01 9.464325e-01
0.950000 82.550000 7.881113244350e-01 -4.687471220612e-01 9.169751e-01
0.950000 82.575000 7.718338771889e-01 -4.399180202501e-01 8.884005e-01
0.950000 82.600000 7.577471773704e-01 -4.093215958763e-01 8.612346e-01
0.950000 82.625000 7.461151160120e-01 -3.771857335432e-01 8.360364e-01
0.950000 82.650000 7.371608038332e-01 -3.437746825980e-01 8.133800e-01
0.950000 82.675000 7.310622441198e-01 -3.093797030339e-01 7.938311e-01
0.950000 82.700000 7.279502580633e-01 -2.743093525591e-01 7.779185e-01
0.950000 82.725000 7.279086379718e-01 -2.388799634960e-01 7.661035e-01
0.950000 82.750000 7.309763681263e-01 -2.034068302899e-01 7.587495e-01
0.950000 82.775000 7.371516298463e-01 -1.681965663855e-01 7.560970e-01
0.950000 82.800000 7.463972052718e-01 -1.335409978639e-01 7.582493e-01
0.950000 82.825000 7.586468203843e-01 -9.971284756817e-02 7.651716e-01
0.950000 82.850000 7.738119265036e-01 -6.696333610103e-02 7.767039e-01
0.950000 82.875000 7.917884127858e-01 -3.552169448407e-02 7.925848e-01
0.950000 82.900000 8.124627693273e-01 -5.596456820621e-03 8.124820e-01
0.950000 82.925000 8.357172779319e-01 2.262171144669e-02 8.360234e-01
0.950000 82.950000 8.614338899370e-01 4.895598612531e-02 8.628239e-01
0.950000 82.975000 8.894965506918e-01 7.323856046670e-02 8.925066e-01
0.950000 83.000000 9.197918405264e-01 9.530546565400e-02 9.247163e-01
0.950000 83.025000 9.522079144801e-01 1.149914854678e-01 9.591261e-01
0.950000 83.050000 9.866318304506e-01 1.321255972741e-01 9.954394e-01
0.950000 83.075000 1.022945451739e+00 1.465273303056e-01 1.033386e+00
0.950000 83.100000 1.061020190773e+00 1.580043723323e-01 1.072720e+00
0.950000 83.125000 1.100710923333e+00 1.663516825090e-01 1.113210e+00
0.950000 83.150000 1.141849445862e+00 1.713522867518e-01 1.154635e+00
0.950000 83.175000 1.184237872815e+00 1.727798472163e-01 1.196776e+00
0.950000 83.200000 1.227642377964e+00 1.704030132471e-01 1.239412e+00
0.950000 83.225000 1.271787675197e+00 1.639914804192e-01 1.282317e+00
0.950000 83.250000 1.316352612883e+00 1.533236088300e-01 1.325252e+00
0.950000 83.275000 1.360967223388e+00 1.381953825680e-01 1.367966e+00
0.950000 83.300000 1.405211527219e+00 1.184304296608e-01 1.410193e+00
0.950000 83.325000 1.448616340531e+00 9.389076591734e-02 1.451656e+00
0.950000 83.350000 1.490666275611e+00 6.448787724009e-02 1.492061e+00
0.950000 83.375000 1.530805056339e+00 3.019371392466e-02 1.531103e+00
0.950000 83.400000 1.568443194427e+00 -8.948861411575e-03 1.568469e+00
0.950000 83.425000 1.602967987503e+00 -5.281665123221e-02 1.603838e+00
0.950000 83.450000 1.633755707713e+00 -1.011982114415e-01 1.636887e+00
0.950000 83.475000 1.660185751262e+00 -1.537879260921e-01 1.667293e+00
0.950000 83.500000 1.681656418119e+00 -2.101825138243e-01 1.694740e+00
0.950000 83.525000 1.697601891205e+00 -2.698803593290e-01 1.718920e+00
0.950000 83.550000 1.707509891021e+00 -3.322839876656e-01 1.739541e+00
0.950000 83.575000 1.710939400804e+00 -3.967059005888e-01 1.756328e+00
0.950000 83.600000 1.707537795265e+00 -4.623778740353e-01 1.769033e+00
0.950000 83.625000 1.697056668693e+00 -5.284636783416e-01 1.777435e+00
0.950000 83.650000 1.679365650975e+00 -5.940750331639e-01 1.781346e+00
0.950000 83.675000 1.654463526451e+00 -6.582904545479e-01 1.780617e+00
0.950000 83.700000 1.622486032521e+00 -7.201765003759e-01 1.775138e+00
0.950000 83.725000 1.583709811961e+00 -7.788107812663e-01 1.764846e+00
0.950000 83.750000 1.538552122548e+00 -8.333059855984e-01 1.749726e+00
0.950000 83.775000 1.487566064591e+00 -8.828340776109e-01 1.729812e+00
0.950000 83.800000 1.431431264605e+00 -9.266497730194e-01 1.705191e+00
0.950000 83.825000 1.370940142918e+00 -9.641123820041e-01 1.676004e+00
0.950000 83.850000 1.306980084995e+00 -9.947051371410e-01 1.642448e+00
0.950000 83.875000 1.240512020815e+00 -1.018051193925e+00 1.604774e+00
0.950000 83.900000 1.172546083913e+00 -1.033925601495e+00 1.563287e+00
0.950000 83.925000 1.104115163142e+00 -1.042262686374e+00 1.518348e+00
0.950000 83.950000 1.036247268125e+00 -1.043158465881e+00 1.470370e+00
0.950000 83.975000 9.699376984167e-01 -1.036867902216e+00 1.419815e+00
0.950000 84.000000 9.061220327502e-01 -1.023797014051e+00 1.367193e+00
0.950000 84.025000 8.456509371576e-01 -1.004490070151e+00 1.313060e+00
0.950000 84.050000 7.892677298677e-01 -9.796122896639e-01 1.258008e+00
0.950000 84.075000 7.375895394426e-01 -9.499286572431e-01 1.202665e+00
0.950000 84.100000 6.910927551679e-01 -9.162796199816e-01 1.147684e+00
0.950000 84.125000 6.501033012767e-01 -8.795545604503e-01 1.093732e+00
0.950000 84.150000 6.147920764032e-01 -8.406640304470e-01 1.041482e+00
0.950000 84.175000 5.851756948429e-01 -8.005117796407e-01 9.915895e-01
0.950000 84.200000 5.611224553557e-01 -7.599676199972e-01 9.446741e-01
0.950000 84.225000 5.423632552646e-01 -7.198421304031e-01 9.012938e-01
0.950000 84.250000 5.285069711891e-01 -6.808641276260e-01 8.619139e-01
0.950000 84.275000 5.190596512473e-01 -6.436617128057e-01 8.268756e-01
0.950000 84.300000 5.134467145569e-01 -6.087475517828e-01 7.963674e-01
0.950000 84.325000 5.110372389294e-01 -5.765088689342e-01 7.704035e-01
0.950000 84.350000 5.111693420326e-01 -5.472024353285e-01 7.488155e-01
0.950000 84.375000 5.131756286587e-01 -5.209546214623e-01 7.312612e-01
0.950000 84.400000 5.164076889044e-01 -4.977663718774e-01 7.172505e-01
0.950000 84.425000 5.202586888861e-01 -4.775227531947e-01 7.061849e-01
0.950000 84.450000 5.241831948052e-01 -4.600065380669e-01 6.974052e-01
0.950000 84.475000 5.277135083911e-01 -4.449151241896e-01 6.902398e-01
0.950000 84.500000 5.304719606392e-01 -4.318799577206e-01 6.840474e-01
0.950000 84.525000 5.321788032646e-01 -4.204875406082e-01 6.782507e-01
0.950000 84.550000 5.326555439775e-01 -4.103010558412e-01 6.723607e-01
0.950000 84.575000 5.318237822278e-01 -4.008816456908e-01 6.659900e-01
0.950000 84.600000 5.296998058301e-01 -3.918084253033e-01 6.588594e-01
0.950000 84.625000 5.263853954971e-01 -3.826964047437e-01 6.507981e-01
0.950000 84.650000 5.220554443225e-01 -3.732116215714e-01 6.417389e-01
0.950000 84.675000 5.169431247018e-01 -3.630829459340e-01 6.317115e-01
0.950000 84.700000 5.113234200639e-01 -3.521102019562e-01 6.208327e-01
0.950000 84.725000 5.054958794691e-01 -3.401684427011e-01 6.092952e-01
0.950000 84.750000 4.997674485897e-01 -3.272084104379e-01 5.973549e-01
0.950000 84.775000 4.944361823716e-01 -3.132533988016e-01 5.853160e-01
0.950000 84.800000 4.897765569130e-01 -2.983928988386e-01 5.735149e-01
0.950000 84.825000 4.860269770553e-01 -2.827735485086e-01 5.623016e-01
0.950000 84.850000 4.833799299733e-01 -2.665880084297e-01 5.520193e-01
0.950000 84.875000 4.819750729462e-01 -2.500624512486e-01 5.429836e-01
0.950000 84.900000 4.818953754045e-01 -2.334433762016e-01 5.354614e-01
0.950000 84.925000 4.831662711139e-01 -2.169844449032e-01 5.296526e-01
0.950000 84.950000 4.857576251480e-01 -2.009339822293e-01 5.256757e-01
0.950000 84.975000 4.895881900535e-01 -1.855237024839e-01 5.235605e-01
0.950000 85.000000 4.945321225604e-01 -1.709591126621e-01 5.232485e-01
0.950000 85.025000 5.004270605677e-01 -1.574119194593e-01 5.246006e-01
0.950000 85.050000 5.070832219855e-01 -1.450146332549e-01 5.274113e-01
0.950000 85.075000 5.142929821517e-01 -1.338574290916e-01 5.314274e-01
0.950000 85.100000 5.218404127565e-01 -1.239871996139e-01 5.363676e-01
0.950000 85.125000 5.295103184178e-01 -1.154086248818e-01 5.419413e-01
0.950000 85.150000 5.370963818177e-01 -1.080869943710e-01 5.478643e-01
0.950000 85.175000 5.444081181592e-01 -1.019524510064e-01 5.538723e-01
0.950000 85.200000 5.512764377371e-01 -9.690528761415e-02 5.597288e-01
0.950000 85.225000 5.575577147247e-01 -9.282191272959e-02 5.652314e-01
0.950000 85.250000 5.631363544824e-01 -8.956111354098e-02 5.702138e-01
0.950000 85.275000 5.679259352837e-01 -8.697027570811e-02 5.745465e-01
0.950000 85.300000 5.718690690762e-01 -8.489126855495e-02 5.781356e-01
0.950000 85.325000 5.749361768768e-01 -8.316576462157e-02 5.809201e-01
0.950000 85.350000 5.771234063176e-01 -8.163982942493e-02 5.828692e-01
0.950000 85.375000 5.784499318340e-01 -8.016768522374e-02 5.839788e-01
0.950000 85.400000 5.789548734925e-01 -7.861461684334e-02 5.842679e-01
0.950000 85.425000 5.786940510590e-01 -7.685904418181e-02 5.837757e-01
0.950000 85.450000 5.777367589725e-01 -7.479383191656e-02 5.825580e-01
0.950000 85.475000 5.761627092437e-01 -7.232694033454e-02 5.806846e-01
0.950000 85.500000 5.740592468769e-01 -6.938154144012e-02 5.782368e-01
0.950000 85.525000 5.715188999483e-01 -6.589573199475e-02 5.753052e-01
0.950000 85.550000 5.686372872052e-01 -6.182197125171e-02 5.719880e-01
0.950000 85.575000 5.655113725358e-01 -5.712635794957e-02 5.683894e-01
0.950000 85.600000 5.622380296297e-01 -5.178784112902e-02 5.646181e-01
0.950000 85.625000 5.589128625030e-01 -4.579743524136e-02 5.607860e-01
0.950000 85.650000 5.556292183608e-01 -3.915748446508e-02 5.570073e-01
0.950000 85.675000 5.524773279084e-01 -3.188099646300e-02 5.533964e-01
0.950000 85.700000 5.495435135158e-01 -2.399104392795e-02 5.500669e-01
0.950000 85.725000 5.469094160898e-01 -1.552021452072e-02 5.471296e-01
0.950000 85.750000 5.446512054325e-01 -6.510077014236e-03 5.446901e-01
0.950000 85.775000 5.428387545966e-01 2.989376114454e-03 5.428470e-01
0.950000 85.800000 5.415347748010e-01 1.292035194087e-02 5.416889e-01
0.950000 85.825000 5.407939225887e-01 2.321798652798e-02 5.412921e-01
0.950000 85.850000 5.406619041701e-01 3.381121513273e-02 5.417181e-01
0.950000 85.875000 5.411746126634e-01 4.462380911452e-02 5.430113e-01
0.950000 85.900000 5.423573418752e-01 5.557559471721e-02 5.451973e-01
0.950000 85.925000 5.442241252344e-01 6.658385680283e-02 5.482821e-01
0.950000 85.950000 5.467772504931e-01 7.756491783883e-02 5.522515e-01
0.950000 85.975000 5.500069999412e-01 8.843586952168e-02 5.570715e-01
0.950000 86.000000 5.538916622480e-01 9.911642181503e-02 5.626900e-01
0.950000 86.025000 5.583978557487e-01 1.095308222971e-01 5.690388e-01
0.950000 86.050000 5.634811941316e-01 1.196097879645e-01 5.760361e-01
0.950000 86.075000 5.690873141629e-01 1.292923824697e-01 5.835897e-01
0.950000 86.100000 5.751532714819e-01 1.385277646811e-01 5.916006e-01
0.950000 86.125000 5.816092948784e-01 1.472767299966e-01 5.999665e-01
0.950000 86.150000 5.883808722497e-01 1.555129645815e-01 6.085855e-01
0.950000 86.175000 5.953911232463e-01 1.632239351663e-01 6.173594e-01
0.950000 86.200000 6.025633952285e-01 1.704113436581e-01 6.261970e-01
0.950000 86.225000 6.098240015585e-01 1.770910868277e-01 6.350170e-01
0.950000 86.250000 6.171050055179e-01 1.832926767373e-01 6.437506e-01
0.950000 86.275000 6.243469404051e-01 1.890580970724e-01 6.523435e-01
0.950000 86.300000 6.315013477173e-01 1.944400935251e-01 6.607578e-01
0.950000 86.325000 6.385330117064e-01 1.994999219334e-01 6.689728e-01
0.950000 86.350000 6.454217707261e-01 2.043046048379e-01 6.769857e-01
0.950000 86.375000 6.521637940797e-01 2.089237740977e-01 6.848115e-01
0.950000 86.400000 6.587722275777e-01 2.134262027711e-01 6.924822e-01
0.950000 86.425000 6.652771314308e-01 2.178761521107e-01 7.000455e-01
0.950000 86.450000 6.717246597544e-01 2.223296779219e-01 7.075624e-01
0.950000 86.475000 6.781754608829e-01 2.268310534729e-01 7.151044e-01
0.950000 86.500000 6.847023106578e-01 2.314094727136e-01 7.227500e-01
0.950000 86.525000 6.913870254542e-01 2.360761971297e-01 7.305806e-01
0.950000 86.550000 6.983167364685e-01 2.408223017915e-01 7.386756e-01
0.950000 86.575000 7.055796401572e-01 2.456171610761e-01 7.471080e-01
0.950000 86.600000 7.132603702270e-01 2.504077924213e-01 7.559394e-01
0.950000 86.625000 7.214351628064e-01 2.551191478788e-01 7.652153e-01
0.950000 86.650000 7.301670070805e-01 2.596554089936e-01 7.749612e-01
0.950000 86.675000 7.395009875951e-01 2.639023016659e-01 7.851790e-01
0.950000 86.700000 7.494600306273e-01 2.677304054244e-01 7.958454e-01
0.950000 86.725000 7.600412646772e-01 2.709993873717e-01 8.069098e-01
0.950000 86.750000 7.712131936764e-01 2.735630466629e-01 8.182949e-01
0.950000 86.775000 7.829138606481e-01 2.752750125008e-01 8.298979e-01
0.950000 86.800000 7.950501493251e-01 2.759948993417e-01 8.415925e-01
0.950000 86.825000 8.074983321148e-01 2.755946893170e-01 8.532327e-01
0.950000 86.850000 8.201059257123e-01 2.739650859301e-01 8.646563e-01
0.950000 86.875000 8.326948620896e-01 2.710215668496e-01 8.756903e-01
0.950000 86.900000 8.450659245115e-01 2.667098588467e-01 8.861549e-01
0.950000 86.925000 8.570043381767e-01 2.610105659497e-01 8.958699e-01
0.950000 86.950000 8.682863459934e-01 2.539427034865e-01 9.046591e-01
0.950000 86.975000 8.786865451096e-01 2.455659258928e-01 9.123556e-01
0.950000 87.000000 8.879857124801e-01 2.359812842188e-01 9.188067e-01
0.950000 87.025000 8.959788111611e-01 2.253304084794e-01 9.238787e-01
0.950000 87.050000 9.024828460309e-01 2.137930778511e-01 9.274604e-01
0.950000 87.075000 9.073442304048e-01 2.015832148962e-01 9.294672e-01
0.950000 87.100000 9.104453349031e-01 1.889434145848e-01 9.298442e-01
0.950000 87.125000 9.117099171785e-01 1.761381906326e-01 9.285686e-01
0.950000 87.150000 9.111071749145e-01 1.634461862520e-01 9.256516e-01
0.950000 87.175000 9.086542228085e-01 1.511516497866e-01 9.211402e-01
0.950000 87.200000 9.044168640340e-01 1.395355144226e-01 9.151175e-01
0.950000 87.225000 8.985086040122e-01 1.288664426837e-01 9.077027e-01
0.950000 87.250000 8.910879347003e-01 1.193921992783e-01 8.990507e-01
0.950000 87.275000 8.823539962808e-01 1.113316998777e-01 8.893499e-01
0.950000 87.300000 8.725407954516e-01 1.048680496456e-01 8.788201e-01
0.950000 87.325000 8.619102213241e-01 1.001428360874e-01 8.677084e-01
0.950000 87.350000 8.507441478266e-01 9.725187932800e-02 8.562847e-01
0.950000 87.375000 8.393359431313e-01 9.624257329520e-02 8.448358e-01
0.950000 87.400000 8.279817208712e-01 9.711287790001e-02 8.336574e-01
0.950000 87.425000 8.169716648129e-01 9.981194967053e-02 8.230462e-01
0.950000 87.450000 8.065817395176e-01 1.042423305514e-01 8.132900e-01
0.950000 87.475000 7.970660666178e-01 1.102635553095e-01 8.046567e-01
0.950000 87.500000 7.886502026919e-01 1.176969898530e-01 7.973843e-01
0.950000 87.525000 7.815255038731e-01 1.263316774606e-01 7.916703e-01
0.950000 87.550000 7.758447078925e-01 1.359309480434e-01 7.876625e-01
0.950000 87.575000 7.717188097126e-01 1.462395367130e-01 7.854527e-01
0.950000 87.600000 7.692152552837e-01 1.569909608545e-01 7.850721e-01
0.950000 87.625000 7.683574315950e-01 1.679149176610e-01 7.864913e-01
0.950000 87.650000 7.691253916986e-01 1.787444843752e-01 7.896224e-01
0.950000 87.675000 7.714577215218e-01 1.892229288350e-01 7.943251e-01
0.950000 87.700000 7.752544310870e-01 1.991099660246e-01 8.004150e-01
0.950000 87.725000 7.803807355977e-01 2.081873252041e-01 8.076732e-01
0.950000 87.750000 7.866715807096e-01 2.162635203238e-01 8.158567e-01
0.950000 87.775000 7.939367598710e-01 2.231777429077e-01 8.247084e-01
0.950000 87.800000 8.019664686175e-01 2.288028210329e-01 8.339670e-01
0.950000 87.825000 8.105371400119e-01 2.330472105679e-01 8.433750e-01
0.950000 87.850000 8.194174062302e-01 2.358560059383e-01 8.526857e-01
0.950000 87.875000 8.283740332393e-01 2.372109780383e-01 8.616685e-01
0.950000 87.900000 8.371776786262e-01 2.371296671854e-01 8.701132e-01
0.950000 87.925000 8.456083273856e-01 2.356635797320e-01 8.778330e-01
0.950000 87.950000 8.534602675310e-01 2.328955583230e-01 8.846665e-01
0.950000 87.975000 8.605464776998e-01 2.289364176111e-01 8.904786e-01
0.950000 88.000000 8.667023132058e-01 2.239209589010e-01 8.951612e-01
0.950000 88.025000 8.717883959740e-01 2.180034976338e-01 8.986326e-01
0.950000 88.050000 8.756926376328e-01 2.113530554864e-01 9.008372e-01
0.950000 88.075000 8.783313535839e-01 2.041483826286e-01 9.017442e-01
0.950000 88.100000 8.796494583223e-01 1.965729837892e-01 9.013457e-01
0.950000 88.125000 8.796197673329e-01 1.888103229144e-01 8.996556e-01
0.950000 88.150000 8.782414668081e-01 1.810393743598e-01 8.967069e-01
0.950000 88.175000 8.755378470337e-01 1.734306733293e-01 8.925496e-01
0.950000 88.200000 8.715534263988e-01 1.661429948386e-01 8.872479e-01
0.950000 88.225000 8.663506182407e-01 1.593207597517e-01 8.808783e-01
0.950000 88.250000 8.600061103181e-01 1.530922299660e-01 8.735260e-01
0.950000 88.275000 8.526071349831e-01 1.475685147447e-01 8.652834e-01
0.950000 88.300000 8.442478063709e-01 1.428433690656e-01 8.562468e-01
0.950000 88.325000 8.350256889865e-01 1.389937254328e-01 8.465147e-01
0.950000 88.350000 8.250387407304e-01 1.360808655995e-01 8.361859e-01
0.950000 88.375000 8.143827441477e-01 1.341521105161e-01 8.253581e-01
0.950000 88.400000 8.031493047261e-01 1.332428874542e-01 8.141268e-01
0.950000 88.425000 7.914244570655e-01 1.333790238703e-01 8.025850e-01
0.950000 88.450000 7.792878816341e-01 1.345791185113e-01 7.908231e-01
0.950000 88.475000 7.668126995121e-01 1.368568510076e-01 7.789297e-01
0.950000 88.500000 7.540657826251e-01 1.402231103585e-01 7.669927e-01
0.950000 88.525000 7.411084945471e-01 1.446878481933e-01 7.551002e-01
0.950000 88.550000 7.279977633011e-01 1.502615918686e-01 7.433433e-01
0.950000 88.575000 7.147873831423e-01 1.569565824719e-01 7.318172e-01
0.950000 88.600000 7.015294465758e-01 1.647875308087e-01 7.206237e-01
0.950000 88.625000 6.882758194477e-01 1.737720079685e-01 7.098734e-01
0.950000 88.650000 6.750795888207e-01 1.839305041988e-01 6.996877e-01
0.950000 88.675000 6.619964329120e-01 1.952861994765e-01 6.902000e-01
0.950000 88.700000 6.490858819070e-01 2.078644911831e-01 6.815571e-01
0.950000 88.725000 6.364124553602e-01 2.216923194298e-01 6.739201e-01
0.950000 88.750000 6.240466739443e-01 2.367973204304e-01 6.674633e-01
0.950000 88.775000 6.120659490558e-01 2.532068251616e-01 6.623733e-01
0.950000 88.800000 6.005553525915e-01 2.709467069933e-01 6.588466e-01
0.950000 88.825000 5.896082614525e-01 2.900400707443e-01 6.570853e-01
0.950000 88.850000 5.793268582972e-01 3.105057691295e-01 6.572925e-01
0.950000 88.875000 5.698224538606e-01 3.323567326865e-01 6.596655e-01
0.950000 88.900000 5.612155794502e-01 3.555981070192e-01 6.643891e-01
0.950000 88.925000 5.536357839542e-01 3.802252066100e-01 6.716277e-01
0.950000 88.950000 5.472210607002e-01 4.062213165538e-01 6.815179e-01
0.950000 88.975000 5.421168281929e-01 4.335554003891e-01 6.941620e-01
0.950000 89.000000 5.384743968126e-01 4.621798010297e-01 7.096230e-01
0.950000 89.025000 5.364488716787e-01 4.920280494111e-01 7.279210e-01
0.950000 89.050000 5.361964696849e-01 5.230129184878e-01 7.490322e-01
0.950000 89.075000 5.378712647103e-01 5.550248754933e-01 7.728895e-01
0.950000 89.100000 5.416214167362e-01 5.879310903018e-01 7.993852e-01
0.950000 89.125000 5.475849848266e-01 6.215751505801e-01 8.283749e-01
0.950000 89.150000 5.558854669803e-01 6.557776145002e-01 8.596819e-01
0.950000 89.175000 5.666272479706e-01 6.903374995675e-01 8.931026e-01
0.950000 89.200000 5.798911659513e-01 7.250347632173e-01 9.284122e-01
0.950000 89.225000 5.957304269337e-01 7.596337797957e-01 9.653695e-01
0.950000 89.250000 6.141671011878e-01 7.938877627109e-01 1.003723e+00
0.950000 89.275000 6.351894262379e-01 8.275440236578e-01 1.043214e+00
0.950000 89.300000 6.587501174902e-01 8.603499067387e-01 1.083584e+00
0.950000 89.325000 6.847658508533e-01 8.920591876402e-01 1.124577e+00
0.950000 89.350000 7.131180340684e-01 9.224386898859e-01 1.165946e+00
0.950000 89.375000 7.436549276297e-01 9.512748439115e-01 1.207455e+00
0.950000 89.400000 7.761951153604e-01 9.783799017909e-01 1.248882e+00
0.950000 89.425000 8.105322622546e-01 1.003597521477e+00 1.290027e+00
0.950000 89.450000 8.464410363473e-01 1.026807449102e+00 1.330713e+00
0.950000 89.475000 8.836840150341e-01 1.047929055256e+00 1.370785e+00
0.950000 89.500000 9.220193468972e-01 1.066923519594e+00 1.410123e+00
0.950000 89.525000 9.612088995861e-01 1.083794505773e+00 1.448631e+00
0.950000 89.550000 1.001026594023e+00 1.098587223341e+00 1.486253e+00
0.950000 89.575000 1.041266605994e+00 1.111385832728e+00 1.522962e+00
0.950000 89.600000 1.081751108494e+00 1.122309211698e+00 1.558770e+00
0.950000 89.625000 1.122337232117e+00 1.131505164576e+00 1.593720e+00
0.950000 89.650000 1.162922936191e+00 1.139143217310e+00 1.627893e+00
0.950000 89.675000 1.203451509928e+00 1.145406200177e+00 1.661400e+00
0.950000 89.700000 1.243914460101e+00 1.150480873857e+00 1.694382e+00
0.950000 89.725000 1.284352588953e+00 1.154547902011e+00 1.727004e+00
0.950000 89.750000 1.324855122302e+00 1.157771512534e+00 1.759453e+00
0.950000 89.775000 1.365556811780e+00 1.160289218565e+00 1.791931e+00
0.950000 89.800000 1.406633005252e+00 1.162201987588e+00 1.824645e+00
0.950000 89.825000 1.448292753576e+00 1.163565250889e+00 1.857804e+00
0.950000 89.850000 1.490770097527e+00 1.164381135369e+00 1.891607e+00
0.950000 89.875000 1.534313752948e+00 1.164592274513e+00 1.926238e+00
0.950000 89.900000 1.579175482038e+00 1.164077515257e+00 1.961854e+00
0.950000 89.925000 1.625597500855e+00 1.162649783436e+00 1.998580e+00
0.950000 89.950000 1.673799324540e+00 1.160056303878e+00 2.036501e+00
0.950000 89.975000 1.723964489915e+00 1.155981294449e+00 2.075656e+00
0.950000 90.000000 1.776227617683e+00 1.150051169337e+00 2.116035e+00
0.950000 90.025000 1.830662282276e+00 1.141842199015e+00 2.157575e+00
0.950000 90.050000 1.887270145846e+00 1.130890486299e+00 2.200160e+00
0.950000 90.075000 1.945971784427e+00 1.116704033352e+00 2.243621e+00
0.950000 90.100000 2.006599590112e+00 1.098776596769e+00 2.287739e+00
0.950000 90.125000 2.068893075147e+00 1.076602959873e+00 2.332251e+00
0.950000 90.150000 2.132496834557e+00 1.049695195450e+00 2.376847e+00
0.950000 90.175000 2.196961346110e+00 1.017599449806e+00 2.421187e+00
0.950000 90.200000 2.261746702842e+00 9.799127512188e-01 2.464899e+00
0.950000 90.225000 2.326229286852e+00 9.362993328123e-01 2.507588e+00
0.950000 90.250000 2.389711305953e+00 8.865059613363e-01 2.548845e+00
0.950000 90.275000 2.451433029272e+00 8.303757787755e-01 2.588252e+00
0.950000 90.300000 2.510587475827e+00 7.678601923760e-01 2.625387e+00
0.950000 90.325000 2.566337232885e+00 6.990283898405e-01 2.659836e+00
0.950000 90.350000 2.617833010167e+00 6.240741093910e-01 2.691193e+00
0.950000 90.375000 2.664233472807e+00 5.433193585101e-01 2.719069e+00
0.950000 90.400000 2.704725842257e+00 4.572148498166e-01 2.743098e+00
0.950000 90.425000 2.738546711421e+00 3.663370069357e-01 2.762941e+00
0.950000 90.450000 2.765002490580e+00 2.713814863388e-01 2.778288e+00
0.950000 90.475000 2.783488885860e+00 1.731532613839e-01 2.788869e+00
0.950000 90.500000 2.793508814515e+00 7.255341999416e-02 2.794451e+00
0.950000 90.525000 2.794688182914e+00 -2.943706538085e-02 2.794843e+00
0.950000 90.550000 2.786788995188e+00 -1.317762313645e-01 2.789903e+00
0.950000 90.575000 2.769719323710e+00 -2.333822171894e-01 2.779535e+00
0.950000 90.600000 2.743539756241e+00 -3.331560058880e-01 2.763694e+00
0.950000 90.625000 2.708466037114e+00 -4.300051879045e-01 2.742388e+00
0.950000 90.650000 2.664867737938e+00 -5.228680692511e-01 2.715679e+00
0.950000 90.675000 2.613262922681e+00 -6.107374178780e-01 2.683681e+00
0.950000 90.700000 2.554308906948e+00 -6.926831404726e-01 2.646565e+00
0.950000 90.725000 2.488789345692e+00 -7.678732087420e-01 2.604554e+00
0.950000 90.750000 2.417598010602e+00 -8.355922090276e-01 2.557928e+00
0.950000 90.775000 2.341719731717e+00 -8.952569697197e-01 2.507017e+00
0.950000 90.800000 2.262209071461e+00 -9.464288235799e-01 2.452207e+00
0.950000 90.825000 2.180167368746e+00 -9.888221814856e-01 2.393930e+00
0.950000 90.850000 2.096718832953e+00 -1.022309224040e+00 2.332669e+00
0.950000 90.875000 2.012986381054e+00 -1.046920651048e+00 2.268955e+00
0.950000 90.900000 1.930067896618e+00 -1.062842559278e+00 2.203360e+00
0.950000 90.925000 1.849013549070e+00 -1.070409639819e+00 2.136499e+00
0.950000 90.950000 1.770804749314e+00 -1.070094992514e+00 2.069022e+00
0.950000 90.975000 1.696335238424e+00 -1.062496942375e+00 2.001613e+00
0.950000 91.000000 1.626394715257e+00 -1.048323309336e+00 1.934978e+00
0.950000 91.025000 1.561655311940e+00 -1.028373627376e+00 1.869845e+00
0.950000 91.050000 1.502661128698e+00 -1.003519832860e+00 1.806943e+00
0.950000 91.075000 1.449820945650e+00 -9.746859468789e-01 1.746996e+00
0.950000 91.100000 1.403404142543e+00 -9.428272653960e-01 1.690700e+00
0.950000 91.125000 1.363539779988e+00 -9.089095475363e-01 1.638706e+00
0.950000 91.150000 1.330218728596e+00 -8.738886597778e-01 1.591591e+00
0.950000 91.175000 1.303298675499e+00 -8.386910952507e-01 1.549836e+00
0.950000 91.200000 1.282511790066e+00 -8.041957452456e-01 1.513792e+00
0.950000 91.225000 1.267474791137e+00 -7.712172561105e-01 1.483667e+00
0.950000 91.250000 1.257701125136e+00 -7.404912598404e-01 1.459500e+00
0.950000 91.275000 1.252614937025e+00 -7.126617210469e-01 1.441156e+00
0.950000 91.300000 1.251566493276e+00 -6.882705963309e-01 1.428333e+00
0.950000 91.325000 1.253848697763e+00 -6.677499538445e-01 1.420573e+00
0.950000 91.350000 1.258714328046e+00 -6.514166505372e-01 1.417288e+00
0.950000 91.375000 1.265393611760e+00 -6.394696120788e-01 1.417795e+00
0.950000 91.400000 1.273111761845e+00 -6.319897060610e-01 1.421346e+00
0.950000 91.425000 1.281106096349e+00 -6.289421437389e-01 1.427165e+00
0.950000 91.450000 1.288642384309e+00 -6.301812907834e-01 1.434478e+00
0.950000 91.475000 1.295030084269e+00 -6.354577152376e-01 1.442536e+00
0.950000 91.500000 1.299636176035e+00 -6.444272533186e-01 1.450635e+00
0.950000 91.525000 1.301897328286e+00 -6.566618330506e-01 1.458129e+00
0.950000 91.550000 1.301330193016e+00 -6.716617638425e-01 1.464442e+00
0.950000 91.575000 1.297539670092e+00 -6.888691783328e-01 1.469064e+00
0.950000 91.600000 1.290225038970e+00 -7.076823016593e-01 1.471562e+00
0.950000 91.625000 1.279183906964e+00 -7.274702224682e-01 1.471572e+00
0.950000 91.650000 1.264313972108e+00 -7.475878482853e-01 1.468801e+00
0.950000 91.675000 1.245612641599e+00 -7.673907434827e-01 1.463024e+00
0.950000 91.700000 1.223174582948e+00 -7.862495686312e-01 1.454079e+00
0.950000 91.725000 1.197187314086e+00 -8.035638630268e-01 1.441864e+00
0.950000 91.750000 1.167924961367e+00 -8.187749352616e-01 1.426338e+00
0.950000 91.775000 1.135740332298e+00 -8.313776480254e-01 1.407514e+00
0.950000 91.800000 1.101055464746e+00 -8.409309017699e-01 1.385456e+00
0.950000 91.825000 1.064350828828e+00 -8.470666372874e-01 1.360281e+00
0.950000 91.850000 1.026153373673e+00 -8.494971904725e-01 1.332155e+00
0.950000 91.875000 9.870236306221e-01 -8.480208452738e-01 1.301290e+00
0.950000 91.900000 9.475421079632e-01 -8.425254455350e-01 1.267945e+00
0.950000 91.925000 9.082952399190e-01 -8.329899458394e-01 1.232425e+00
0.950000 91.950000 8.698611829454e-01 -8.194838083867e-01 1.195078e+00
0.950000 91.975000 8.327957830769e-01 -8.021641896248e-01 1.156294e+00
0.950000 92.000000 7.976190655935e-01 -7.812709082899e-01 1.116504e+00
0.950000 92.025000 7.648026187257e-01 -7.571192458996e-01 1.076175e+00
0.950000 92.050000 7.347582521396e-01 -7.300907004450e-01 1.035810e+00
0.950000 92.075000 7.078283045936e-01 -7.006218913663e-01 9.959377e-01
0.950000 92.100000 6.842779501908e-01 -6.691918948466e-01 9.571072e-01
0.950000 92.125000 6.642898070550e-01 -6.363083678204e-01 9.198746e-01
0.950000 92.150000 6.479610856124e-01 -6.024928909802e-01 8.847888e-01
0.950000 92.175000 6.353034273435e-01 -5.682660193142e-01 8.523712e-01
0.950000 92.200000 6.262454821444e-01 -5.341325675514e-01 8.230923e-01
0.950000 92.225000 6.206381583015e-01 -5.005676724606e-01 7.973454e-01
0.950000 92.250000 6.182623599764e-01 -4.680041608379e-01 7.754200e-01
0.950000 92.275000 6.188389104657e-01 -4.368217097016e-01 7.574792e-01
0.950000 92.300000 6.220402531665e-01 -4.073382143002e-01 7.435445e-01
0.950000 92.325000 6.275034337393e-01 -3.798036828848e-01 7.334926e-01
0.950000 92.350000 6.348438031265e-01 -3.543968597572e-01 7.270652e-01
0.950000 92.375000 6.436688470432e-01 -3.312246466657e-01 7.238918e-01
0.950000 92.400000 6.535915465185e-01 -3.103242552800e-01 7.235213e-01
0.950000 92.425000 6.642427069074e-01 -2.916678890638e-01 7.254575e-01
0.950000 92.450000 6.752817579138e-01 -2.751696302230e-01 7.291939e-01
0.950000 92.475000 6.864056205580e-01 -2.606941046976e-01 7.342439e-01
0.950000 92.500000 6.973553525667e-01 -2.480664221793e-01 7.401631e-01
0.950000 92.525000 7.079204135414e-01 -2.370828437576e-01 7.465652e-01
0.950000 92.550000 7.179405266422e-01 -2.275216195647e-01 7.531299e-01
0.950000 92.575000 7.273052451822e-01 -2.191534627191e-01 7.596059e-01
0.950000 92.600000 7.359514516711e-01 -2.117511814348e-01 7.658088e-01
0.950000 92.625000 7.438591157406e-01 -2.050980735424e-01 7.716162e-01
0.950000 92.650000 7.510457100260e-01 -1.989947901301e-01 7.769611e-01
0.950000 92.675000 7.575597256029e-01 -1.932644895375e-01 7.818234e-01
0.950000 92.700000 7.634737395666e-01 -1.877562208481e-01 7.862217e-01
0.950000 92.725000 7.688774678041e-01 -1.823465887813e-01 7.902043e-01
0.950000 92.750000 7.738711893386e-01 -1.769398517083e-01 7.938415e-01
0.950000 92.775000 7.785598600596e-01 -1.714666850728e-01 7.972178e-01
0.950000 92.800000 7.830481499198e-01 -1.658818993307e-01 8.004256e-01
0.950000 92.825000 7.874365462557e-01 -1.601614323466e-01 8.035596e-01
0.950000 92.850000 7.918185743280e-01 -1.542989409805e-01 8.067124e-01
0.950000 92.875000 7.962791015220e-01 -1.483022974571e-01 8.099716e-01
0.950000 92.900000 8.008936197208e-01 -1.421902569520e-01 8.134179e-01
0.950000 92.925000 8.057283454872e-01 -1.359895088833e-01 8.171238e-01
0.950000 92.950000 8.108409422332e-01 -1.297322616827e-01 8.211538e-01
0.950000 92.975000 8.162816530470e-01 -1.234544454938e-01 8.255645e-01
0.950000 93.000000 8.220946359294e-01 -1.171945550191e-01 8.304060e-01
0.950000 93.025000 8.283193120092e-01 -1.109931004062e-01 8.357227e-01
0.950000 93.050000 8.349915679223e-01 -1.048925910602e-01 8.415541e-01
0.950000 93.075000 8.421446913681e-01 -9.893794753928e-02 8.479366e-01
0.950000 93.100000 8.498099593060e-01 -9.317722056961e-02 8.549029e-01
0.950000 93.125000 8.580168371121e-01 -8.766249263072e-02 8.624834e-01
0.950000 93.150000 8.667927809432e-01 -8.245084428110e-02 8.707054e-01
0.950000 93.175000 8.761626623108e-01 -7.760528141540e-02 8.795929e-01
0.950000 93.200000 8.861478524534e-01 -7.319553765999e-02 8.891657e-01
0.950000 93.225000 8.967650147632e-01 -6.929868492252e-02 8.994386e-01
0.950000 93.250000 9.080246574971e-01 -6.599950205020e-02 9.104201e-01
0.950000 93.275000 9.199294983545e-01 -6.339056476008e-02 9.221110e-01
0.950000 93.300000 9.324726895738e-01 -6.157202860764e-02 9.345033e-01
0.950000 93.325000 9.456359494480e-01 -6.065108091551e-02 9.475790e-01
0.950000 93.350000 9.593876455693e-01 -6.074103833756e-02 9.613085e-01
0.950000 93.375000 9.736808780825e-01 -6.196006583923e-02 9.756503e-01
0.950000 93.400000 9.884516182790e-01 -6.442949245280e-02 9.905492e-01
0.950000 93.425000 1.003616968586e+00 -6.827170137767e-02 1.005936e+00
0.950000 93.450000 1.019073623175e+00 -7.360757870034e-02 1.021728e+00
0.950000 93.475000 1.034696622102e+00 -8.055351745986e-02 1.037828e+00
0.950000 93.500000 1.050338503747e+00 -8.921799245124e-02 1.054121e+00
0.950000 93.525000 1.065828967939e+00 -9.969774559356e-02 1.070482e+00
0.950000 93.550000 1.080975163323e+00 -1.120736506006e-01 1.086769e+00
0.950000 93.575000 1.095562705548e+00 -1.264063570008e-01 1.102831e+00
0.950000 93.600000 1.109357516817e+00 -1.427318447191e-01 1.118502e+00
0.950000 93.625000 1.122108552205e+00 -1.610570486240e-01 1.133608e+00
0.950000 93.650000 1.133551444655e+00 -1.813557349418e-01 1.147967e+00
0.950000 93.675000 1.143413060589e+00 -2.035648258609e-01 1.161392e+00
0.950000 93.700000 1.151416913630e+00 -2.275813732225e-01 1.173693e+00
0.950000 93.725000 1.157289338116e+00 -2.532603759092e-01 1.184677e+00
0.950000 93.750000 1.160766279470e+00 -2.804136182284e-01 1.194157e+00
0.950000 93.775000 1.161600518057e+00 -3.088096788753e-01 1.201948e+00
0.950000 93.800000 1.159569109239e+00 -3.381752233141e-01 1.207875e+00
0.950000 93.825000 1.154480796872e+00 -3.681976485113e-01 1.211774e+00
0.950000 93.850000 1.146183141728e+00 -3.985291001125e-01 1.213491e+00
0.950000 93.875000 1.134569100958e+00 -4.287918307302e-01 1.212893e+00
0.950000 93.900000 1.119582799759e+00 -4.585848162449e-01 1.209862e+00
0.950000 93.925000 1.101224251431e+00 -4.874914969973e-01 1.204302e+00
0.950000 93.950000 1.079552806289e+00 -5.150884641882e-01 1.196140e+00
0.950000 93.975000 1.054689142374e+00 -5.409548701438e-01 1.185328e+00
0.950000 94.000000 1.026815650624e+00 -5.646823054580e-01 1.171843e+00
0.950000 94.025000 9.961751129636e-01 -5.858848573191e-01 1.155693e+00
0.950000 94.050000 9.630676227832e-01 -6.042090423355e-01 1.136912e+00
0.950000 94.075000 9.278457523305e-01 -6.193432946621e-01 1.115564e+00
0.950000 94.100000 8.909080297602e-01 -6.310266869803e-01 1.091747e+00
0.950000 94.125000 8.526908486026e-01 -6.390565687304e-01 1.065587e+00
0.950000 94.150000 8.136589928670e-01 -6.432948237649e-01 1.037241e+00
0.950000 94.175000 7.742950199661e-01 -6.436724790274e-01 1.006900e+00
0.950000 94.200000 7.350877989256e-01 -6.401924374285e-01 9.747822e-01
0.950000 94.225000 6.965205502990e-01 -6.329301618315e-01 9.411384e-01
0.950000 94.250000 6.590587739049e-01 -6.220322024006e-01 9.062464e-01
0.950000 94.275000 6.231384778877e-01 -6.077125351144e-01 8.704114e-01
0.950000 94.300000 5.891551347581e-01 -5.902467627610e-01 8.339634e-01
0.950000 94.325000 5.574537844449e-01 -5.699643180061e-01 7.972541e-01
0.950000 94.350000 5.283206791754e-01 -5.472388971449e-01 7.606531e-01
0.950000 94.375000 5.019768193606e-01 -5.224774381924e-01 7.245436e-01
0.950000 94.400000 4.785736640135e-01 -4.961080329409e-01 6.893156e-01
0.950000 94.425000 4.581912153758e-01 -4.685672243719e-01 6.553582e-01
0.950000 94.450000 4.408385785950e-01 -4.402871835883e-01 6.230501e-01
0.950000 94.475000 4.264569880749e-01 -4.116832802378e-01 5.927467e-01
0.950000 94.500000 4.149251782080e-01 -3.831425544726e-01 5.647664e-01
0.950000 94.525000 4.060668641069e-01 -3.550135655469e-01 5.393746e-01
0.950000 94.550000 3.996599944987e-01 -3.275980327268e-01 5.167674e-01
0.950000 94.575000 3.954473508580e-01 -3.011446005828e-01 4.970580e-01
0.950000 94.600000 3.931480001121e-01 -2.758449571236e-01 4.802664e-01
0.950000 94.625000 3.924690677207e-01 -2.518324152915e-01 4.663170e-01
0.950000 94.650000 3.931172868226e-01 -2.291829430339e-01 4.550451e-01
0.950000 94.675000 3.948097987723e-01 -2.079185021491e-01 4.462117e-01
0.950000 94.700000 3.972837299821e-01 -1.880124392744e-01 4.395259e-01
0.950000 94.725000 4.003041466458e-01 -1.693965711979e-01 4.346707e-01
0.950000 94.750000 4.036700878580e-01 -1.519695276540e-01 4.313285e-01
0.950000 94.775000 4.072184924200e-01 -1.356058629148e-01 4.292037e-01
0.950000 94.800000 4.108259577006e-01 -1.201654259616e-01 4.280394e-01
0.950000 94.825000 4.144083921504e-01 -1.055024888009e-01 4.276273e-01
0.950000 94.850000 4.179187383487e-01 -9.147417235802e-02 4.278126e-01
0.950000 94.875000 4.213430433596e-01 -7.794777597525e-02 4.284925e-01
0.950000 94.900000 4.246952314491e-01 -6.480670464504e-02 4.296114e-01
0.950000 94.925000 4.280109863350e-01 -5.195479106136e-02 4.311528e-01
0.950000 94.950000 4.313411735849e-01 -3.931891979959e-02 4.331295e-01
0.950000 94.975000 4.347452281812e-01 -2.684997056732e-02 4.355736e-01
0.950000 95.000000 4.382848994442e-01 -1.452219894233e-02 4.385254e-01
0.950000 95.025000 4.420186891878e-01 -2.331259677292e-03 4.420248e-01
0.950000 95.050000 4.459972445258e-01 9.708855752953e-03 4.461029e-01
0.950000 95.075000 4.502598806114e-01 2.156965263816e-02 4.507762e-01
0.950000 95.100000 4.548323177761e-01 3.321240483263e-02 4.560433e-01
0.950000 95.125000 4.597256290129e-01 4.459253868117e-02 4.618833e-01
0.950000 95.150000 4.649363138691e-01 5.566383155272e-02 4.682566e-01
0.950000 95.175000 4.704473488126e-01 6.638217428323e-02 4.751077e-01
0.950000 95.200000 4.762300157954e-01 7.670870665965e-02 4.823684e-01
0.950000 95.225000 4.822462820737e-01 8.661220211585e-02 4.899624e-01
0.950000 95.250000 4.884514956656e-01 9.607064614384e-02 4.978096e-01
0.950000 95.275000 4.947971706807e-01 1.050720170398e-01 5.058304e-01
0.950000 95.300000 5.012336623430e-01 1.136143328528e-01 5.139488e-01
0.950000 95.325000 5.077125689081e-01 1.217050713460e-01 5.220959e-01
0.950000 95.350000 5.141887423399e-01 1.293600983909e-01 5.302114e-01
0.950000 95.375000 5.206218368588e-01 1.366022539647e-01 5.382446e-01
0.950000 95.400000 5.269773699351e-01 1.434597446619e-01 5.461555e-01
0.950000 95.425000 5.332273102597e-01 1.499644794129e-01 5.539140e-01
0.950000 95.450000 5.393502389843e-01 1.561504638290e-01 5.614995e-01
0.950000 95.475000 5.453311524878e-01 1.620523416572e-01 5.688998e-01
0.950000 95.500000 5.511609867147e-01 1.677041427145e-01 5.761103e-01
0.950000 95.525000 5.568359454183e-01 1.731382685843e-01 5.831322e-01
0.950000 95.550000 5.623567090195e-01 1.783847229110e-01 5.899713e-01
0.950000 95.575000 5.677275894116e-01 1.834705741525e-01 5.966373e-01
0.950000 95.600000 5.729556814064e-01 1.884196260520e-01 6.031419e-01
0.950000 95.625000 5.780500460441e-01 1.932522649149e-01 6.094984e-01
0.950000 95.650000 5.830209468173e-01 1.979854522578e-01 6.157204e-01
0.950000 95.675000 5.878791486013e-01 2.026328352113e-01 6.218215e-01
0.950000 95.700000 5.926352816710e-01 2.072049535154e-01 6.278140e-01
0.950000 95.725000 5.972992698936e-01 2.117095292769e-01 6.337092e-01
0.950000 95.750000 6.018798226295e-01 2.161518322446e-01 6.395162e-01
0.950000 95.775000 6.063839931560e-01 2.205351179374e-01 6.452420e-01
0.950000 95.800000 6.108168113635e-01 2.248611377301e-01 6.508915e-01
0.950000 95.825000 6.151810036910e-01 2.291307187201e-01 6.564667e-01
0.950000 95.850000 6.194768175337e-01 2.333444070996e-01 6.619676e-01
0.950000 95.875000 6.237019696349e-01 2.375031625255e-01 6.673919e-01
0.950000 95.900000 6.278517376008e-01 2.416090835605e-01 6.727353e-01
0.950000 95.925000 6.319192104021e-01 2.456661367514e-01 6.779924e-01
0.950000 95.950000 6.358957076982e-01 2.496808553567e-01 6.831573e-01
0.950000 95.975000 6.397713695195e-01 2.536629690533e-01 6.882240e-01
0.950000 96.000000 6.435359080302e-01 2.576259237540e-01 6.931880e-01
0.950000 96.025000 6.471795026025e-01 2.615872513157e-01 6.980467e-01
0.950000 96.050000 6.506938091662e-01 2.655687524289e-01 7.028010e-01
0.950000 96.075000 6.540730455013e-01 2.695964621298e-01 7.074559e-01
0.950000 96.100000 6.573151064762e-01 2.737003757627e-01 7.120218e-01
0.950000 96.125000 6.604226576074e-01 2.779139233072e-01 7.165153e-01
0.950000 96.150000 6.634041520015e-01 2.822731912380e-01 7.209599e-01
0.950000 96.175000 6.662747148556e-01 2.868159029775e-01 7.253864e-01
0.950000 96.200000 6.690568412379e-01 2.915801810785e-01 7.298329e-01
0.950000 96.225000 6.717808568638e-01 2.966031261377e-01 7.343452e-01
0.950000 96.250000 6.744850979548e-01 3.019192587159e-01 7.389759e-01
0.950000 96.275000 6.772157750659e-01 3.075588808523e-01 7.437833e-01
0.950000 96.300000 6.800264969185e-01 3.135464226656e-01 7.488307e-01
0.950000 96.325000 6.829774437606e-01 3.198988464960e-01 7.541840e-01
0.950000 96.350000 6.861341953815e-01 3.266241854341e-01 7.599102e-01
0.950000 96.375000 6.895662362664e-01 3.337202941921e-01 7.660749e-01
0.950000 96.400000 6.933451788613e-01 3.411738874026e-01 7.727400e-01
0.950000 96.425000 6.975427646004e-01 3.489599329604e-01 7.799609e-01
0.950000 96.450000 7.022287200302e-01 3.570414555703e-01 7.877841e-01
0.950000 96.475000 7.074685605997e-01 3.653697881699e-01 7.962455e-01
0.950000 96.500000 7.133214459358e-01 3.738852867678e-01 8.053680e-01
0.950000 96.525000 7.198381961546e-01 3.825184983831e-01 8.151610e-01
0.950000 96.550000 7.270595776678e-01 3.911917436355e-01 8.256189e-01
0.950000 96.575000 7.350149581446e-01 3.998210470251e-01 8.367221e-01
0.950000 96.600000 7.437214134293e-01 4.083183213114e-01 8.484370e-01
0.950000 96.625000 7.531833447020e-01 4.165936900585e-01 8.607180e-01
0.950000 96.650000 7.633926331105e-01 4.245578166954e-01 8.735088e-01
0.950000 96.675000 7.743293233861e-01 4.321241013440e-01 8.867453e-01
0.950000 96.700000 7.859627900935e-01 4.392106096397e-01 9.003574e-01
0.950000 96.725000 7.982533030893e-01 4.457416114636e-01 9.142723e-01
0.950000 96.750000 8.111538756413e-01 4.516486317010e-01 9.284164e-01
0.950000 96.775000 8.246122525219e-01 4.568709486284e-01 9.427176e-01
0.950000 96.800000 8.385728789068e-01 4.613555162321e-01 9.571068e-01
0.950000 96.825000 8.529786860573e-01 4.650563318106e-01 9.715194e-01
0.950000 96.850000 8.677725376709e-01 4.679333162146e-01 9.858959e-01
0.950000 96.875000 8.828982015280e-01 4.699508173881e-01 1.000181e+00
0.950000 96.900000 8.983007436753e-01 4.710758849053e-01 1.014326e+00
0.950000 96.925000 9.139262849130e-01 4.712764907234e-01 1.028281e+00
0.950000 96.950000 9.297211089433e-01 4.705198868404e-01 1.042003e+00
0.950000 96.975000 9.456301647633e-01 4.687712922520e-01 1.055444e+00
0.950000 97.000000 9.615950589203e-01 4.659930888471e-01 1.068557e+00
0.950000 97.025000 9.775516822302e-01 4.621446790325e-01 1.081289e+00
0.950000 97.050000 9.934276568471e-01 4.571831183187e-01 1.093579e+00
0.950000 97.075000 1.009139820031e+00 4.510645860822e-01 1.105361e+00
0.950000 97.100000 1.024591978105e+00 4.437467002867e-01 1.116557e+00
0.950000 97.125000 1.039673166346e+00 4.351916205719e-01 1.127081e+00
0.950000 97.150000 1.054256637162e+00 4.253698226234e-01 1.136836e+00
0.950000 97.175000 1.068199770156e+00 4.142643689536e-01 1.145716e+00
0.950000 97.200000 1.081345054631e+00 4.018754508309e-01 1.153608e+00
0.950000 97.225000 1.093522239718e+00 3.882249364451e-01 1.160392e+00
0.950000 97.250000 1.104551682274e+00 3.733606343106e-01 1.165947e+00
0.950000 97.275000 1.114248851231e+00 3.573599706137e-01 1.170152e+00
0.950000 97.300000 1.122429872893e+00 3.403327861702e-01 1.172892e+00
0.950000 97.325000 1.128917928871e+00 3.224229835368e-01 1.174058e+00
0.950000 97.350000 1.133550251069e+00 3.038087973828e-01 1.173557e+00
0.950000 97.375000 1.136185400608e+00 2.847015202826e-01 1.171312e+00
0.950000 97.400000 1.136710473872e+00 2.653425894834e-01 1.167269e+00
0.950000 97.425000 1.135047852490e+00 2.459990247894e-01 1.161400e+00
0.950000 97.450000 1.131161107972e+00 2.269572994167e-01 1.153705e+00
0.950000 97.475000 1.125059687974e+00 2.085158196484e-01 1.144219e+00
0.950000 97.500000 1.116802050495e+00 1.909762798604e-01 1.133013e+00
0.950000 97.525000 1.106496974265e+00 1.746342411752e-01 1.120193e+00
0.950000 97.550000 1.094302856146e+00 1.597693488272e-01 1.105905e+00
0.950000 97.575000 1.080424905792e+00 1.466356498863e-01 1.090330e+00
0.950000 97.600000 1.065110259204e+00 1.354524947975e-01 1.073689e+00
0.950000 97.625000 1.048641149610e+00 1.263965000334e-01 1.056231e+00
0.950000 97.650000 1.031326389144e+00 1.195950135347e-01 1.038237e+00
0.950000 97.675000 1.013491520228e+00 1.151214600290e-01 1.020009e+00
0.950000 97.700000 9.954680838019e-01 1.129928523940e-01 1.001860e+00
0.950000 97.725000 9.775825157202e-01 1.131696427326e-01 9.841112e-01
0.950000 97.750000 9.601452171349e-01 1.155579593838e-01 9.670742e-01
0.950000 97.775000 9.434403460030e-01 1.200141418548e-01 9.510432e-01
0.950000 97.800000 9.277168436110e-01 1.263513536510e-01 9.362816e-01
0.950000 97.825000 9.131811435486e-01 1.343479324707e-01 9.230109e-01
0.950000 97.850000 8.999919147120e-01 1.437570369182e-01 9.114009e-01
0.950000 97.875000 8.882570709360e-01 1.543170761733e-01 9.015622e-01
0.950000 97.900000 8.780331458688e-01 1.657623693869e-01 8.935432e-01
0.950000 97.925000 8.693269921854e-01 1.778334778952e-01 8.873298e-01
0.950000 97.950000 8.620996290936e-01 1.902866858654e-01 8.828504e-01
0.950000 97.975000 8.562719409808e-01 2.029021710479e-01 8.799835e-01
0.950000 98.000000 8.517318314180e-01 2.154905016794e-01 8.785689e-01
0.950000 98.025000 8.483423671982e-01 2.278972108511e-01 8.784201e-01
0.950000 98.050000 8.459504108216e-01 2.400053268946e-01 8.793376e-01
0.950000 98.075000 8.443952382814e-01 2.517358679581e-01 8.811210e-01
0.950000 98.100000 8.435166708084e-01 2.630464314081e-01 8.835801e-01
0.950000 98.125000 8.431623104317e-01 2.739281155070e-01 8.865435e-01
0.950000 98.150000 8.431935537081e-01 2.844010950628e-01 8.898648e-01
0.950000 98.175000 8.434901581016e-01 2.945092297579e-01 8.934267e-01
0.950000 98.200000 8.439532428727e-01 3.043141114325e-01 8.971422e-01
0.950000 98.225000 8.445067125320e-01 3.138889550440e-01 9.009539e-01
0.950000 98.250000 8.450971883175e-01 3.233127100429e-01 9.048317e-01
0.950000 98.275000 8.456926155137e-01 3.326647190604e-01 9.087694e-01
0.950000 98.300000 8.462797773611e-01 3.420201850716e-01 9.127800e-01
0.950000 98.325000 8.468609875096e-01 3.514466331635e-01 9.168905e-01
0.950000 98.350000 8.474502522322e-01 3.610014753356e-01 9.211373e-01
0.950000 98.375000 8.480691926349e-01 3.707307123429e-01 9.255607e-01
0.950000 98.400000 8.487429990545e-01 3.806687402924e-01 9.302007e-01
0.950000 98.425000 8.494966589234e-01 3.908391748631e-01 9.350935e-01
0.950000 98.450000 8.503516602187e-01 4.012565643456e-01 9.402685e-01
0.950000 98.475000 8.513233296921e-01 4.119288343425e-01 9.457467e-01
0.950000 98.500000 8.524189222926e-01 4.228602907161e-01 9.515402e-01
0.950000 98.525000 8.536365384636e-01 4.340550010265e-01 9.576529e-01
0.950000 98.550000 8.549649110743e-01 4.455203755443e-01 9.640816e-01
0.950000 98.575000 8.563840741916e-01 4.572707740976e-01 9.708194e-01
0.950000 98.600000 8.578669011858e-01 4.693309720846e-01 9.778585e-01
0.950000 98.625000 8.593814784619e-01 4.817393261105e-01 9.851951e-01
0.950000 98.650000 8.608942616195e-01 4.945504860218e-01 9.928339e-01
0.950000 98.675000 8.623739411816e-01 5.078375056533e-01 1.000794e+00
0.950000 98.700000 8.637959236441e-01 5.216932103180e-01 1.009112e+00
0.950000 98.725000 8.651473095047e-01 5.362306866205e-01 1.017852e+00
0.950000 98.750000 8.664322230378e-01 5.515827715632e-01 1.027107e+00
0.950000 98.775000 8.676773197089e-01 5.679004352226e-01 1.037003e+00
0.950000 98.800000 8.689372679707e-01 5.853499762509e-01 1.047705e+00
0.950000 98.825000 8.702999752456e-01 6.041089832102e-01 1.059420e+00
0.950000 98.850000 8.718913060806e-01 6.243610574605e-01 1.072390e+00
0.950000 98.875000 8.738790268655e-01 6.462893442246e-01 1.086901e+00
0.950000 98.900000 8.764757089876e-01 6.700689756053e-01 1.103269e+00
0.950000 98.925000 8.799403331547e-01 6.958585899390e-01 1.121835e+00
0.950000 98.950000 8.845783632746e-01 7.237911523345e-01 1.142958e+00
0.950000 98.975000 8.907400990784e-01 7.539643575346e-01 1.166996e+00
0.950000 99.000000 8.988171717357e-01 7.864309442486e-01 1.194297e+00
0.950000 99.025000 9.092371140084e-01 8.211892859661e-01 1.225179e+00
0.950000 99.050000 9.224560128500e-01 8.581746438148e-01 1.259916e+00
0.950000 99.075000 9.389493338495e-01 8.972514699513e-01 1.298725e+00
0.950000 99.100000 9.592010889826e-01 9.382071342010e-01 1.341752e+00
0.950000 99.125000 9.836915970903e-01 9.807474123266e-01 1.389070e+00
0.950000 99.150000 1.012884155822e+00 1.024494022818e+00 1.440667e+00
0.950000 99.175000 1.047211000498e+00 1.068984433080e+00 1.496455e+00
0.950000 99.200000 1.087058966338e+00 1.113674078859e+00 1.556267e+00
0.950000 99.225000 1.132755293731e+00 1.157941056883e+00 1.619865e+00
0.950000 99.250000 1.184554020870e+00 1.201093264589e+00 1.686948e+00
0.950000 99.275000 1.242623394493e+00 1.242377876844e+00 1.757161e+00
0.950000 99.300000 1.307034699325e+00 1.280992971938e+00 1.830105e+00
0.950000 99.325000 1.377752862451e+00 1.316101051190e+00 1.905341e+00
0.950000 99.350000 1.454629133613e+00 1.346844140753e+00 1.982406e+00
0.950000 99.375000 1.537396079863e+00 1.372360122105e+00 2.060815e+00
0.950000 99.400000 1.625665066679e+00 1.391799909610e+00 2.140069e+00
0.950000 99.425000 1.718926331065e+00 1.404345078794e+00 2.219661e+00
0.950000 99.450000 1.816551687903e+00 1.409225546162e+00 2.299082e+00
0.950000 99.475000 1.917799851175e+00 1.405736908404e+00 2.377825e+00
0.950000 99.500000 2.021824297537e+00 1.393257063491e+00 2.455390e+00
0.950000 99.525000 2.127683551655e+00 1.371261755980e+00 2.531283e+00
0.950000 99.550000 2.234353730003e+00 1.339338712122e+00 2.605027e+00
0.950000 99.575000 2.340743141637e+00 1.297200055529e+00 2.676155e+00
0.950000 99.600000 2.445708709345e+00 1.244692720604e+00 2.744221e+00
0.950000 99.625000 2.548073941209e+00 1.181806608791e+00 2.808798e+00
0.950000 99.650000 2.646648150036e+00 1.108680262726e+00 2.869481e+00
0.950000 99.675000 2.740246585769e+00 1.025603866831e+00 2.925887e+00
0.950000 99.700000 2.827711114217e+00 9.330194215110e-01 2.977663e+00
0.950000 99.725000 2.907931045313e+00 8.315179832696e-01 3.024481e+00
0.950000 99.750000 2.979863687569e+00 7.218339160312e-01 3.066045e+00
0.950000 99.775000 3.042554184900e+00 6.048361601696e-01 3.102090e+00
0.950000 99.800000 3.095154180542e+00 4.815165947791e-01 3.132385e+00
0.950000 99.825000 3.136938853272e+00 3.529756440741e-01 3.156735e+00
0.950000 99.850000 3.167321886034e+00 2.204053579035e-01 3.174981e+00
0.950000 99.875000 3.185867958447e+00 8.507027573611e-02 3.187004e+00
0.950000 99.900000 3.192302403074e+00 -5.171354107283e-02 3.192721e+00
0.950000 99.925000 3.186517730416e+00 -1.886008568877e-01 3.192094e+00
0.950000 99.950000 3.168576807536e+00 -3.242404831708e-01 3.185123e+00
0.950000 99.975000 3.138712566735e+00 -4.572988299012e-01 3.171851e+00
0.950000 100.000000 3.097324219744e+00 -5.864832251546e-01 3.152361e+00
