# zline X=10000000 rho=0.6 C(X)=1 mode=v
# sigma t ReF ImF |F|
0.850000 0.100000 -1.960638500954e+00 -1.852962824659e+00 2.697698e+00
0.850000 0.125000 -1.553749001994e+00 -1.975262097457e+00 2.513125e+00
0.850000 0.150000 -1.195056500082e+00 -2.009004723077e+00 2.337576e+00
0.850000 0.175000 -8.913635874537e-01 -1.986112263561e+00 2.176964e+00
0.850000 0.200000 -6.396062440666e-01 -1.929935602120e+00 2.033162e+00
0.850000 0.225000 -4.328496728405e-01 -1.856026688125e+00 1.905832e+00
0.850000 0.250000 -2.634356453465e-01 -1.774155977861e+00 1.793607e+00
0.850000 0.275000 -1.243448732078e-01 -1.690202400352e+00 1.694770e+00
0.850000 0.300000 -9.636846334309e-03 -1.607558715909e+00 1.607588e+00
0.850000 0.325000 8.552435316891e-02 -1.528078332776e+00 1.530470e+00
0.850000 0.350000 1.650006324698e-01 -1.452682352230e+00 1.462023e+00
0.850000 0.375000 2.318495081408e-01 -1.381738457970e+00 1.401055e+00
0.850000 0.400000 2.884851618254e-01 -1.315293689927e+00 1.346559e+00
0.850000 0.425000 3.368153138302e-01 -1.253215886699e+00 1.297688e+00
0.850000 0.450000 3.783517899071e-01 -1.195278774756e+00 1.253731e+00
0.850000 0.475000 4.142976389696e-01 -1.141212553112e+00 1.214088e+00
0.850000 0.500000 4.456149605657e-01 -1.090733477058e+00 1.178250e+00
0.850000 0.525000 4.730774492570e-01 -1.043560742099e+00 1.145784e+00
0.850000 0.550000 4.973110409661e-01 -9.994257507162e-01 1.116320e+00
0.850000 0.575000 5.188253596023e-01 -9.580768571911e-01 1.089537e+00
0.850000 0.600000 5.380380585425e-01 -9.192814585058e-01 1.065159e+00
0.850000 0.625000 5.552936680142e-01 -8.828265428669e-01 1.042945e+00
0.850000 0.650000 5.708781895602e-01 -8.485183446042e-01 1.022685e+00
0.850000 0.675000 5.850304016567e-01 -8.161814761386e-01 1.004198e+00
0.850000 0.700000 5.979506332930e-01 -7.856577464862e-01 9.873212e-01
0.850000 0.725000 6.098076048547e-01 -7.568047880166e-01 9.719150e-01
0.850000 0.750000 6.207438122333e-01 -7.294945704206e-01 9.578545e-01
0.850000 0.775000 6.308798294521e-01 -7.036118638481e-01 9.450286e-01
0.850000 0.800000 6.403178199538e-01 -6.790527087681e-01 9.333378e-01
0.850000 0.825000 6.491444730186e-01 -6.557229493818e-01 9.226923e-01
0.850000 0.850000 6.574335179895e-01 -6.335368847849e-01 9.130103e-01
0.850000 0.875000 6.652479150817e-01 -6.124160845836e-01 9.042169e-01
0.850000 0.900000 6.726417783377e-01 -5.922884025852e-01 8.962436e-01
0.850000 0.925000 6.796620546350e-01 -5.730872044919e-01 8.890273e-01
0.850000 0.950000 6.863499629339e-01 -5.547508054276e-01 8.825105e-01
0.850000 0.975000 6.927421896720e-01 -5.372220934673e-01 8.766409e-01
0.850000 1.000000 6.988718378907e-01 -5.204482990323e-01 8.713715e-01
0.850000 1.025000 7.047691368330e-01 -5.043808595202e-01 8.666600e-01
0.850000 1.050000 7.104619322647e-01 -4.889753254163e-01 8.624691e-01
0.850000 1.075000 7.159759921626e-01 -4.741912588134e-01 8.587660e-01
0.850000 1.100000 7.213351744141e-01 -4.599920869210e-01 8.555216e-01
0.850000 1.125000 7.265615101008e-01 -4.463448898853e-01 8.527106e-01
0.850000 1.150000 7.316752561154e-01 -4.332201213384e-01 8.503107e-01
0.850000 1.175000 7.366949638181e-01 -4.205912784808e-01 8.483021e-01
0.850000 1.200000 7.416375969675e-01 -4.084345531976e-01 8.466671e-01
0.850000 1.225000 7.465187141698e-01 -3.967285043392e-01 8.453897e-01
0.850000 1.250000 7.513527112724e-01 -3.854537924265e-01 8.444558e-01
0.850000 1.275000 7.561531005525e-01 -3.745930114474e-01 8.438527e-01
0.850000 1.300000 7.609327891277e-01 -3.641306390801e-01 8.435697e-01
0.850000 1.325000 7.657043110746e-01 -3.540531086953e-01 8.435975e-01
0.850000 1.350000 7.704799676064e-01 -3.443489866809e-01 8.439287e-01
0.850000 1.375000 7.752718374897e-01 -3.350092201517e-01 8.445576e-01
0.850000 1.400000 7.800916345620e-01 -3.260274059355e-01 8.454802e-01
0.850000 1.425000 7.849504085944e-01 -3.174000241915e-01 8.466935e-01
0.850000 1.450000 7.898581069275e-01 -3.091265804594e-01 8.481952e-01
0.850000 1.475000 7.948230340925e-01 -3.012096084598e-01 8.499829e-01
0.850000 1.500000 7.998512620077e-01 -2.936545014600e-01 8.520534e-01
0.850000 1.525000 8.049460520046e-01 -2.864691602798e-01 8.544020e-01
0.850000 1.550000 8.101073505305e-01 -2.796634681442e-01 8.570213e-01
0.850000 1.575000 8.153314128390e-01 -2.732486233874e-01 8.599012e-01
0.850000 1.600000 8.206105944173e-01 -2.672363775146e-01 8.630278e-01
0.850000 1.625000 8.259333305129e-01 -2.616382360282e-01 8.663835e-01
0.850000 1.650000 8.312843027776e-01 -2.564646814438e-01 8.699470e-01
0.850000 1.675000 8.366447718968e-01 -2.517244719977e-01 8.736931e-01
0.850000 1.700000 8.419930389996e-01 -2.474240568199e-01 8.775938e-01
0.850000 1.725000 8.473049888738e-01 -2.435671309780e-01 8.816182e-01
0.850000 1.750000 8.525546657143e-01 -2.401543346075e-01 8.857333e-01
0.850000 1.775000 8.577148373479e-01 -2.371830823885e-01 8.899048e-01
0.850000 1.800000 8.627575153375e-01 -2.346474956635e-01 8.940973e-01
0.850000 1.825000 8.676544140268e-01 -2.325384015996e-01 8.982752e-01
0.850000 1.850000 8.723773485419e-01 -2.308433630148e-01 9.024028e-01
0.850000 1.875000 8.768985871922e-01 -2.295467086811e-01 9.064452e-01
0.850000 1.900000 8.811911848738e-01 -2.286295457940e-01 9.103677e-01
0.850000 1.925000 8.852293291679e-01 -2.280697516643e-01 9.141372e-01
0.850000 1.950000 8.889887289146e-01 -2.278419577562e-01 9.177216e-01
0.850000 1.975000 8.924470664852e-01 -2.279175530980e-01 9.210908e-01
0.850000 2.000000 8.955845211800e-01 -2.282647433201e-01 9.242167e-01
0.850000 2.025000 8.983843544502e-01 -2.288487043796e-01 9.270740e-01
0.850000 2.050000 9.008335308062e-01 -2.296318657423e-01 9.296407e-01
0.850000 2.075000 9.029233341592e-01 -2.305743468954e-01 9.318986e-01
0.850000 2.100000 9.046499304001e-01 -2.316345551371e-01 9.338341e-01
0.850000 2.125000 9.060148248314e-01 -2.327699340498e-01 9.354382e-01
0.850000 2.150000 9.070251682198e-01 -2.339378337739e-01 9.367078e-01
0.850000 2.175000 9.076938769936e-01 -2.350964589990e-01 9.376452e-01
0.850000 2.200000 9.080395498784e-01 -2.362058408480e-01 9.382585e-01
0.850000 2.225000 9.080861824101e-01 -2.372287760441e-01 9.385617e-01
0.850000 2.250000 9.078626995155e-01 -2.381316813211e-01 9.385741e-01
0.850000 2.275000 9.074023417753e-01 -2.388853221771e-01 9.383204e-01
0.850000 2.300000 9.067419508895e-01 -2.394653909610e-01 9.378297e-01
0.850000 2.325000 9.059212028168e-01 -2.398529273395e-01 9.371353e-01
0.850000 2.350000 9.049818328426e-01 -2.400345915004e-01 9.362739e-01
0.850000 2.375000 9.039668863784e-01 -2.400028142552e-01 9.352847e-01
0.850000 2.400000 9.029200145452e-01 -2.397558563101e-01 9.342095e-01
0.850000 2.425000 9.018848172323e-01 -2.392978101986e-01 9.330915e-01
0.850000 2.450000 9.009042212809e-01 -2.386385726256e-01 9.319747e-01
0.850000 2.475000 9.000198704317e-01 -2.377938034208e-01 9.309037e-01
0.850000 2.500000 8.992714987678e-01 -2.367848720538e-01 9.299227e-01
0.850000 2.525000 8.986962616294e-01 -2.356387765345e-01 9.290751e-01
0.850000 2.550000 8.983280071896e-01 -2.343880055286e-01 9.284024e-01
0.850000 2.575000 8.981964867358e-01 -2.330703053726e-01 9.279433e-01
0.850000 2.600000 8.983265198093e-01 -2.317283113990e-01 9.277330e-01
0.850000 2.625000 8.987371487457e-01 -2.304090084583e-01 9.278021e-01
0.850000 2.650000 8.994408326634e-01 -2.291629984548e-01 9.281754e-01
0.850000 2.675000 9.004427407548e-01 -2.280435714831e-01 9.288708e-01
0.850000 2.700000 9.017402068196e-01 -2.271055992316e-01 9.298991e-01
0.850000 2.725000 9.033224005064e-01 -2.264042914678e-01 9.312627e-01
0.850000 2.750000 9.051702560714e-01 -2.259938753367e-01 9.329557e-01
0.850000 2.775000 9.072566783743e-01 -2.259262699137e-01 9.349638e-01
0.850000 2.800000 9.095470210040e-01 -2.262498328674e-01 9.372645e-01
0.850000 2.825000 9.119998062271e-01 -2.270082512871e-01 9.398279e-01
0.850000 2.850000 9.145676343393e-01 -2.282396351279e-01 9.426173e-01
0.850000 2.875000 9.171982140837e-01 -2.299758510636e-01 9.455905e-01
0.850000 2.900000 9.198354382497e-01 -2.322421095495e-01 9.487010e-01
0.850000 2.925000 9.224204304070e-01 -2.350567920134e-01 9.518987e-01
0.850000 2.950000 9.248924996196e-01 -2.384314818115e-01 9.551313e-01
0.850000 2.975000 9.271899582320e-01 -2.423711450516e-01 9.583449e-01
0.850000 3.000000 9.292507807785e-01 -2.468743978464e-01 9.614853e-01
0.850000 3.025000 9.310131063554e-01 -2.519337960761e-01 9.644978e-01
0.850000 3.050000 9.324156090019e-01 -2.575360920481e-01 9.673281e-01
0.850000 3.075000 9.333977776673e-01 -2.636624179598e-01 9.699223e-01
0.850000 3.100000 9.339001570126e-01 -2.702883762547e-01 9.722270e-01
0.850000 3.125000 9.338646015766e-01 -2.773840386064e-01 9.741894e-01
0.850000 3.150000 9.332345889652e-01 -2.849138751019e-01 9.757575e-01
0.850000 3.175000 9.319556242241e-01 -2.928366503384e-01 9.768800e-01
0.850000 3.200000 9.299757498695e-01 -3.011053315715e-01 9.775067e-01
0.850000 3.225000 9.272461571683e-01 -3.096670548538e-01 9.775884e-01
0.850000 3.250000 9.237218772589e-01 -3.184631886473e-01 9.770777e-01
0.850000 3.275000 9.193625181751e-01 -3.274295221917e-01 9.759291e-01
0.850000 3.300000 9.141330075611e-01 -3.364965903534e-01 9.740991e-01
0.850000 3.325000 9.080043014671e-01 -3.455901306271e-01 9.715474e-01
0.850000 3.350000 9.009540265273e-01 -3.546316542337e-01 9.682364e-01
0.850000 3.375000 8.929670344027e-01 -3.635391041875e-01 9.641322e-01
0.850000 3.400000 8.840358611743e-01 -3.722275701935e-01 9.592042e-01
0.850000 3.425000 8.741610975913e-01 -3.806100336137e-01 9.534263e-01
0.850000 3.450000 8.633516860839e-01 -3.885981245830e-01 9.467759e-01
0.850000 3.475000 8.516251651457e-01 -3.961028857701e-01 9.392353e-01
0.850000 3.500000 8.390078800010e-01 -4.030355506476e-01 9.307910e-01
0.850000 3.525000 8.255351704797e-01 -4.093083555850e-01 9.214346e-01
0.850000 3.550000 8.112515339971e-01 -4.148354119973e-01 9.111627e-01
0.850000 3.575000 7.962107457440e-01 -4.195336652706e-01 8.999778e-01
0.850000 3.600000 7.804759025555e-01 -4.233239603824e-01 8.878884e-01
0.850000 3.625000 7.641193445174e-01 -4.261322204807e-01 8.749097e-01
0.850000 3.650000 7.472224019000e-01 -4.278907257951e-01 8.610643e-01
0.850000 3.675000 7.298749164021e-01 -4.285394587925e-01 8.463826e-01
0.850000 3.700000 7.121744956616e-01 -4.280274607284e-01 8.309031e-01
0.850000 3.725000 6.942254779411e-01 -4.263141280508e-01 8.146734e-01
0.850000 3.750000 6.761376079218e-01 -4.233703674471e-01 7.977497e-01
0.850000 3.775000 6.580244516776e-01 -4.191795277432e-01 7.801972e-01
0.850000 3.800000 6.400016055785e-01 -4.137380361449e-01 7.620900e-01
0.850000 3.825000 6.221847763885e-01 -4.070556848254e-01 7.435107e-01
0.850000 3.850000 6.046878249645e-01 -3.991555396149e-01 7.245499e-01
0.850000 3.875000 5.876208714454e-01 -3.900734724279e-01 7.053053e-01
0.850000 3.900000 5.710885546861e-01 -3.798573492911e-01 6.858817e-01
0.850000 3.925000 5.551885234487e-01 -3.685659325434e-01 6.663896e-01
0.850000 3.950000 5.400102134622e-01 -3.562675755000e-01 6.469448e-01
0.850000 3.975000 5.256339359677e-01 -3.430387981544e-01 6.276676e-01
0.850000 4.000000 5.121302735911e-01 -3.289628321572e-01 6.086822e-01
0.850000 4.025000 4.995597522455e-01 -3.141282127183e-01 5.901156e-01
0.850000 4.050000 4.879727367973e-01 -2.986274759910e-01 5.720977e-01
0.850000 4.075000 4.774094859956e-01 -2.825559958698e-01 5.547591e-01
0.850000 4.100000 4.679002999466e-01 -2.660109676379e-01 5.382309e-01
0.850000 4.125000 4.594657010257e-01 -2.490905213659e-01 5.226422e-01
0.850000 4.150000 4.521166049265e-01 -2.318929288652e-01 5.081179e-01
0.850000 4.175000 4.458544597994e-01 -2.145158568624e-01 4.947760e-01
0.850000 4.200000 4.406713546381e-01 -1.970556171907e-01 4.827237e-01
0.850000 4.225000 4.365501195757e-01 -1.796063720529e-01 4.720534e-01
0.850000 4.250000 4.334644572632e-01 -1.622592673058e-01 4.628385e-01
0.850000 4.275000 4.313791536091e-01 -1.451014866297e-01 4.551290e-01
0.850000 4.300000 4.302504166438e-01 -1.282152411069e-01 4.489483e-01
0.850000 4.325000 4.300263842805e-01 -1.116767287021e-01 4.442909e-01
0.850000 4.350000 4.306478267235e-01 -9.555511334693e-02 4.411217e-01
0.850000 4.375000 4.320490496863e-01 -7.991158156299e-02 4.393771e-01
0.850000 4.400000 4.341589835179e-01 -6.479853475229e-02 4.389680e-01
0.850000 4.425000 4.369024239802e-01 -5.025896765786e-02 4.397837e-01
0.850000 4.450000 4.402013755669e-01 -3.632606947524e-02 4.416977e-01
0.850000 4.475000 4.439764398585e-01 -2.302306604660e-02 4.445730e-01
0.850000 4.500000 4.481481903245e-01 -1.036330236222e-02 4.482680e-01
0.850000 4.525000 4.526384808270e-01 1.649452854862e-03 4.526415e-01
0.850000 4.550000 4.573716463997e-01 1.302051193611e-02 4.575569e-01
0.850000 4.575000 4.622755693616e-01 2.376362128466e-02 4.628860e-01
0.850000 4.600000 4.672825988014e-01 3.390020252712e-02 4.685107e-01
0.850000 4.625000 4.723303243139e-01 4.345851702343e-02 4.743254e-01
0.850000 4.650000 4.773622135051e-01 5.247278017108e-02 4.802375e-01
0.850000 4.675000 4.823281260391e-01 6.098224137130e-02 4.861679e-01
0.850000 4.700000 4.871847147699e-01 6.903023575213e-02 4.920509e-01
0.850000 4.725000 4.918957178267e-01 7.666320713092e-02 4.978340e-01
0.850000 4.750000 4.964321363315e-01 8.392969995583e-02 5.034770e-01
0.850000 4.775000 5.007722832453e-01 9.087932180890e-02 5.089518e-01
0.850000 4.800000 5.049016822944e-01 9.756168705935e-02 5.142412e-01
0.850000 4.825000 5.088127942793e-01 1.040253648815e-01 5.193378e-01
0.850000 4.850000 5.125045527735e-01 1.103168686836e-01 5.242430e-01
0.850000 4.875000 5.159817026068e-01 1.164797361281e-01 5.289656e-01
0.850000 4.900000 5.192539516972e-01 1.225537564652e-01 5.335205e-01
0.850000 4.925000 5.223349676492e-01 1.285744024766e-01 5.379268e-01
0.850000 4.950000 5.252412721264e-01 1.345725165130e-01 5.422067e-01
0.850000 4.975000 5.279911048901e-01 1.405742837741e-01 5.463842e-01
0.850000 5.000000 5.306033422478e-01 1.466015023453e-01 5.504833e-01
0.850000 5.025000 5.330965587508e-01 1.526721310903e-01 5.545275e-01
0.850000 5.050000 5.354883147056e-01 1.588010667596e-01 5.585387e-01
0.850000 5.075000 5.377947351879e-01 1.650010745698e-01 5.625376e-01
0.850000 5.100000 5.400304200942e-01 1.712837758866e-01 5.665430e-01
0.850000 5.125000 5.422086920151e-01 1.776605856950e-01 5.705730e-01
0.850000 5.150000 5.443421531440e-01 1.841434933005e-01 5.746453e-01
0.850000 5.175000 5.464434883762e-01 1.907455926787e-01 5.787783e-01
0.850000 5.200000 5.485264234877e-01 1.974812930026e-01 5.829924e-01
0.850000 5.225000 5.506067284809e-01 2.043661724970e-01 5.873102e-01
0.850000 5.250000 5.527031493163e-01 2.114164761271e-01 5.917581e-01
0.850000 5.275000 5.548381572935e-01 2.186482952632e-01 5.963660e-01
0.850000 5.300000 5.570384235927e-01 2.260765008644e-01 6.011675e-01
0.850000 5.325000 5.593349546642e-01 2.337135269469e-01 6.061993e-01
0.850000 5.350000 5.617628587326e-01 2.415681152781e-01 6.115003e-01
0.850000 5.375000 5.643607503818e-01 2.496441339996e-01 6.171104e-01
0.850000 5.400000 5.671698345570e-01 2.579395724835e-01 6.230686e-01
0.850000 5.425000 5.702327393905e-01 2.664457939819e-01 6.294114e-01
0.850000 5.450000 5.735921860192e-01 2.751470996426e-01 6.361713e-01
0.850000 5.475000 5.772895914041e-01 2.840206261010e-01 6.433747e-01
0.850000 5.500000 5.813636969961e-01 2.930365682478e-01 6.510408e-01
0.850000 5.525000 5.858493033440e-01 3.021586926318e-01 6.591808e-01
0.850000 5.550000 5.907761710097e-01 3.113450881593e-01 6.677966e-01
0.850000 5.575000 5.961681248537e-01 3.205490908948e-01 6.768812e-01
0.850000 5.600000 6.020423754971e-01 3.297203190419e-01 6.864186e-01
0.850000 5.625000 6.084090518440e-01 3.388057614170e-01 6.963842e-01
0.850000 5.650000 6.152709244663e-01 3.477508756435e-01 7.067453e-01
0.850000 5.675000 6.226232927476e-01 3.565006679238e-01 7.174625e-01
0.850000 5.700000 6.304540090116e-01 3.650007414492e-01 7.284901e-01
0.850000 5.725000 6.387436192632e-01 3.731983124795e-01 7.397773e-01
0.850000 5.750000 6.474656104872e-01 3.810431998279e-01 7.512694e-01
0.850000 5.775000 6.565867659932e-01 3.884887939738e-01 7.629087e-01
0.850000 5.800000 6.660676402355e-01 3.954930065450e-01 7.746359e-01
0.850000 5.825000 6.758631704966e-01 4.020191907870e-01 7.863908e-01
0.850000 5.850000 6.859234431507e-01 4.080370110951e-01 7.981135e-01
0.850000 5.875000 6.961946263707e-01 4.135232273410e-01 8.097459e-01
0.850000 5.900000 7.066200696566e-01 4.184623502375e-01 8.212324e-01
0.850000 5.925000 7.171415550329e-01 4.228471195112e-01 8.325213e-01
0.850000 5.950000 7.277006675033e-01 4.266787585592e-01 8.435657e-01
0.850000 5.975000 7.382402360484e-01 4.299669678585e-01 8.543244e-01
0.850000 6.000000 7.487057836816e-01 4.327296338873e-01 8.647631e-01
0.850000 6.025000 7.590469178972e-01 4.349922489858e-01 8.748545e-01
0.850000 6.050000 7.692185924845e-01 4.367870580210e-01 8.845791e-01
0.850000 6.075000 7.791821782923e-01 4.381519672510e-01 8.939251e-01
0.850000 6.100000 7.889062932748e-01 4.391292669107e-01 9.028885e-01
0.850000 6.125000 7.983673592448e-01 4.397642298112e-01 9.114730e-01
0.850000 6.150000 8.075498718772e-01 4.401036525469e-01 9.196891e-01
0.850000 6.175000 8.164463891001e-01 4.401944036769e-01 9.275537e-01
0.850000 6.200000 8.250572587646e-01 4.400820353695e-01 9.350891e-01
0.850000 6.225000 8.333901176736e-01 4.398095031806e-01 9.423224e-01
0.850000 6.250000 8.414591997975e-01 4.394160250697e-01 9.492840e-01
0.850000 6.275000 8.492844919034e-01 4.389360977384e-01 9.560068e-01
0.850000 6.300000 8.568907708703e-01 4.383986778909e-01 9.625254e-01
0.850000 6.325000 8.643065503449e-01 4.378265294261e-01 9.688745e-01
0.850000 6.350000 8.715629571791e-01 4.372357353835e-01 9.750882e-01
0.850000 6.375000 8.786925522995e-01 4.366353752418e-01 9.811988e-01
0.850000 6.400000 8.857281079566e-01 4.360273726744e-01 9.872356e-01
0.850000 6.425000 8.927013545543e-01 4.354065242525e-01 9.932243e-01
0.850000 6.450000 8.996417155639e-01 4.347607238197e-01 9.991857e-01
0.850000 6.475000 9.065750574313e-01 4.340713984094e-01 1.005135e+00
0.850000 6.500000 9.135224913023e-01 4.333141683297e-01 1.011081e+00
0.850000 6.525000 9.204992726485e-01 4.324597358056e-01 1.017025e+00
0.850000 6.550000 9.275138512781e-01 4.314749938093e-01 1.022963e+00
0.850000 6.575000 9.345671258196e-01 4.303243307355e-01 1.028880e+00
0.850000 6.600000 9.416519523473e-01 4.289710894940e-01 1.034758e+00
0.850000 6.625000 9.487529460426e-01 4.273791238848e-01 1.040570e+00
0.850000 6.650000 9.558465984054e-01 4.255143832714e-01 1.046282e+00
0.850000 6.675000 9.629017122260e-01 4.233464506565e-01 1.051856e+00
0.850000 6.700000 9.698801347562e-01 4.208499605325e-01 1.057252e+00
0.850000 6.725000 9.767377490719e-01 4.180058315746e-01 1.062424e+00
0.850000 6.750000 9.834256672250e-01 4.148022644424e-01 1.067327e+00
0.850000 6.775000 9.898915586476e-01 4.112354747624e-01 1.071914e+00
0.850000 6.800000 9.960810447060e-01 4.073101530961e-01 1.076141e+00
0.850000 6.825000 1.001939095474e+00 4.030396643866e-01 1.079964e+00
0.850000 6.850000 1.007411376703e+00 3.984460161419e-01 1.083345e+00
0.850000 6.875000 1.012445511556e+00 3.935596352205e-01 1.086248e+00
0.850000 6.900000 1.016992240122e+00 3.884189962486e-01 1.088643e+00
0.850000 6.925000 1.021006476952e+00 3.830701403536e-01 1.090503e+00
0.850000 6.950000 1.024448279999e+00 3.775661122123e-01 1.091811e+00
0.850000 6.975000 1.027283751094e+00 3.719663286266e-01 1.092552e+00
0.850000 7.000000 1.029485887443e+00 3.663358759221e-01 1.092723e+00
0.850000 7.025000 1.031035395577e+00 3.607447196303e-01 1.092324e+00
0.850000 7.050000 1.031921465267e+00 3.552668011000e-01 1.091364e+00
0.850000 7.075000 1.032142483601e+00 3.499789940553e-01 1.089864e+00
0.850000 7.100000 1.031706651937e+00 3.449599006639e-01 1.087849e+00
0.850000 7.125000 1.030632454308e+00 3.402884810375e-01 1.085357e+00
0.850000 7.150000 1.028948918031e+00 3.360425305062e-01 1.082433e+00
0.850000 7.175000 1.026695608111e+00 3.322970426242e-01 1.079132e+00
0.850000 7.200000 1.023922307371e+00 3.291225190507e-01 1.075518e+00
0.850000 7.225000 1.020688353614e+00 3.265833064541e-01 1.071663e+00
0.850000 7.250000 1.017061631472e+00 3.247360520094e-01 1.067646e+00
0.850000 7.275000 1.013117246822e+00 3.236283705008e-01 1.063552e+00
0.850000 7.300000 1.008935941669e+00 3.232978064479e-01 1.059468e+00
0.850000 7.325000 1.004602333145e+00 3.237711545776e-01 1.055487e+00
0.850000 7.350000 1.000203077967e+00 3.250641734474e-01 1.051700e+00
0.850000 7.375000 9.958250706800e-01 3.271816934814e-01 1.048196e+00
0.850000 7.400000 9.915537788880e-01 3.301180863071e-01 1.045063e+00
0.850000 7.425000 9.874718019609e-01 3.338580315321e-01 1.042383e+00
0.850000 7.450000 9.836577132312e-01 3.383774940054e-01 1.040232e+00
0.850000 7.475000 9.801852129971e-01 3.436448121988e-01 1.038679e+00
0.850000 7.500000 9.771225848847e-01 3.496217981974e-01 1.037788e+00
0.850000 7.525000 9.745324159360e-01 3.562647617974e-01 1.037612e+00
0.850000 7.550000 9.724715153521e-01 3.635253935780e-01 1.038196e+00
0.850000 7.575000 9.709909513920e-01 3.713514713322e-01 1.039579e+00
0.850000 7.600000 9.701361223163e-01 3.796873867397e-01 1.041790e+00
0.850000 7.625000 9.699467856167e-01 3.884745201261e-01 1.044849e+00
0.850000 7.650000 9.704569885572e-01 3.976515163605e-01 1.048768e+00
0.850000 7.675000 9.716948693001e-01 4.071545310938e-01 1.053549e+00
0.850000 7.700000 9.736823276820e-01 4.169175216922e-01 1.059187e+00
0.850000 7.725000 9.764345937111e-01 4.268726510393e-01 1.065666e+00
0.850000 7.750000 9.799597460338e-01 4.369508561824e-01 1.072962e+00
0.850000 7.775000 9.842582487461e-01 4.470826102355e-01 1.081040e+00
0.850000 7.800000 9.893225810760e-01 4.571988786820e-01 1.089858e+00
0.850000 7.825000 9.951370302474e-01 4.672322442069e-01 1.099365e+00
0.850000 7.850000 1.001677704383e+00 4.771181512183e-01 1.109504e+00
0.850000 7.875000 1.008912802023e+00 4.867962052331e-01 1.120212e+00
0.850000 7.900000 1.016803151045e+00 4.962114550582e-01 1.131421e+00
0.850000 7.925000 1.025303006022e+00 5.053155875215e-01 1.143062e+00
0.850000 7.950000 1.034361072753e+00 5.140679743140e-01 1.155062e+00
0.850000 7.975000 1.043921714333e+00 5.224365260438e-01 1.167353e+00
0.850000 8.000000 1.053926286129e+00 5.303983269241e-01 1.179866e+00
0.850000 8.025000 1.064314547467e+00 5.379400414041e-01 1.192537e+00
0.850000 8.050000 1.075026104471e+00 5.450580986965e-01 1.205309e+00
0.850000 8.075000 1.086001849192e+00 5.517586705317e-01 1.218129e+00
0.850000 8.100000 1.097185372037e+00 5.580574607089e-01 1.230952e+00
0.850000 8.125000 1.108524334884e+00 5.639793224959e-01 1.243744e+00
0.850000 8.150000 1.119971798661e+00 5.695577132210e-01 1.256476e+00
0.850000 8.175000 1.131487500297e+00 5.748339868599e-01 1.269133e+00
0.850000 8.200000 1.143039069517e+00 5.798565178287e-01 1.281707e+00
0.850000 8.225000 1.154603166957e+00 5.846796451567e-01 1.294202e+00
0.850000 8.250000 1.166166513719e+00 5.893624276522e-01 1.306634e+00
0.850000 8.275000 1.177726771419e+00 5.939672084682e-01 1.319029e+00
0.850000 8.300000 1.189293224147e+00 5.985580011565e-01 1.331424e+00
0.850000 8.325000 1.200887212064e+00 6.031987271461e-01 1.343867e+00
0.850000 8.350000 1.212542272456e+00 6.079513537846e-01 1.356416e+00
0.850000 8.375000 1.224303958272e+00 6.128739992142e-01 1.369136e+00
0.850000 8.400000 1.236229325614e+00 6.180190819690e-01 1.382104e+00
0.850000 8.425000 1.248386107703e+00 6.234315963152e-01 1.395398e+00
0.850000 8.450000 1.260851620126e+00 6.291475872817e-01 1.409104e+00
0.850000 8.475000 1.273711466312e+00 6.351928817246e-01 1.423310e+00
0.850000 8.500000 1.287058129198e+00 6.415821050871e-01 1.438105e+00
0.850000 8.525000 1.300989541362e+00 6.483179808215e-01 1.453578e+00
0.850000 8.550000 1.315607719413e+00 6.553908750055e-01 1.469817e+00
0.850000 8.575000 1.331017528834e+00 6.627785175661e-01 1.486904e+00
0.850000 8.600000 1.347325614208e+00 6.704458086913e-01 1.504920e+00
0.850000 8.625000 1.364639490382e+00 6.783446086908e-01 1.523940e+00
0.850000 8.650000 1.383066747476e+00 6.864134145864e-01 1.544033e+00
0.850000 8.675000 1.402714282591e+00 6.945768478695e-01 1.565262e+00
0.850000 8.700000 1.423687439453e+00 7.027449138738e-01 1.587683e+00
0.850000 8.725000 1.446088919337e+00 7.108120405775e-01 1.611343e+00
0.850000 8.750000 1.470017326166e+00 7.186559581783e-01 1.636282e+00
0.850000 8.775000 1.495565227386e+00 7.261365340971e-01 1.662525e+00
0.850000 8.800000 1.522816649585e+00 7.330947244096e-01 1.690088e+00
0.850000 8.825000 1.551843980762e+00 7.393518359064e-01 1.718971e+00
0.850000 8.850000 1.582704314819e+00 7.447093080432e-01 1.749155e+00
0.850000 8.875000 1.615435341782e+00 7.489492180392e-01 1.780606e+00
0.850000 8.900000 1.650050952248e+00 7.518356846417e-01 1.813264e+00
0.850000 8.925000 1.686536779863e+00 7.531172983788e-01 1.847050e+00
0.850000 8.950000 1.724845945021e+00 7.525306424568e-01 1.881860e+00
0.850000 8.975000 1.764895282467e+00 7.498048945321e-01 1.917567e+00
0.850000 9.000000 1.806562332642e+00 7.446674220661e-01 1.954021e+00
0.850000 9.025000 1.849683351784e+00 7.368502098349e-01 1.991049e+00
0.850000 9.050000 1.894052551225e+00 7.260968937135e-01 2.028460e+00
0.850000 9.075000 1.939422716050e+00 7.121701252174e-01 2.066046e+00
0.850000 9.100000 1.985507282855e+00 6.948589598794e-01 2.103585e+00
0.850000 9.125000 2.031983881244e+00 6.739859507759e-01 2.140845e+00
0.850000 9.150000 2.078499270040e+00 6.494136360195e-01 2.177590e+00
0.850000 9.175000 2.124675531491e+00 6.210501337203e-01 2.213583e+00
0.850000 9.200000 2.170117328971e+00 5.888535965984e-01 2.248590e+00
0.850000 9.225000 2.214419988155e+00 5.528353273001e-01 2.282385e+00
0.850000 9.250000 2.257178129117e+00 5.130614106231e-01 2.314754e+00
0.850000 9.275000 2.297994557384e+00 4.696527768381e-01 2.345496e+00
0.850000 9.300000 2.336489114269e+00 4.227836683030e-01 2.374432e+00
0.850000 9.325000 2.372307189696e+00 3.726785376773e-01 2.401402e+00
0.850000 9.350000 2.405127612477e+00 3.196074590948e-01 2.426270e+00
0.850000 9.375000 2.434669652642e+00 2.638801830439e-01 2.448928e+00
0.850000 9.400000 2.460698897101e+00 2.058390111321e-01 2.469293e+00
0.850000 9.425000 2.483031793420e+00 1.458507079787e-01 2.487312e+00
0.850000 9.450000 2.501538696703e+00 8.429770350110e-02 2.502959e+00
0.850000 9.475000 2.516145301629e+00 2.156886865066e-02 2.516238e+00
0.850000 9.500000 2.526832395052e+00 -4.194983044349e-02 2.527181e+00
0.850000 9.525000 2.533633923457e+00 -1.058844829065e-01 2.535845e+00
0.850000 9.550000 2.536633432006e+00 -1.698818708871e-01 2.542316e+00
0.850000 9.575000 2.535958995439e+00 -2.336172906281e-01 2.546697e+00
0.850000 9.600000 2.531776822020e+00 -2.968012802738e-01 2.549115e+00
0.850000 9.625000 2.524283766498e+00 -3.591850193026e-01 2.549710e+00
0.850000 9.650000 2.513699032412e+00 -4.205642183490e-01 2.548638e+00
0.850000 9.675000 2.500255374977e+00 -4.807813815772e-01 2.546061e+00
0.850000 9.700000 2.484190130467e+00 -5.397263927084e-01 2.542146e+00
0.850000 9.725000 2.465736395638e+00 -5.973354455620e-01 2.537058e+00
0.850000 9.750000 2.445114661684e+00 -6.535884056173e-01 2.530961e+00
0.850000 9.775000 2.422525173694e+00 -7.085047461577e-01 2.524006e+00
0.850000 9.800000 2.398141242033e+00 -7.621382474187e-01 2.516334e+00
0.850000 9.825000 2.372103681021e+00 -8.145706777501e-01 2.508067e+00
0.850000 9.850000 2.344516497421e+00 -8.659046916145e-01 2.499310e+00
0.850000 9.875000 2.315443901281e+00 -9.162561815210e-01 2.490142e+00
0.850000 9.900000 2.284908668046e+00 -9.657463124351e-01 2.480620e+00
0.850000 9.925000 2.252891846041e+00 -1.014493451453e+00 2.470773e+00
0.850000 9.950000 2.219333777918e+00 -1.062605186699e+00 2.460604e+00
0.850000 9.975000 2.184136387589e+00 -1.110170611262e+00 2.450088e+00
0.850000 10.000000 2.147166673153e+00 -1.157253033445e+00 2.439172e+00
0.850000 10.025000 2.108261338108e+00 -1.203883265230e+00 2.427777e+00
0.850000 10.050000 2.067232484280e+00 -1.250053636579e+00 2.415799e+00
0.850000 10.075000 2.023874277325e+00 -1.295712882411e+00 2.403110e+00
0.850000 10.100000 1.977970477347e+00 -1.340762048985e+00 2.389563e+00
0.850000 10.125000 1.929302702627e+00 -1.385051563377e+00 2.374990e+00
0.850000 10.150000 1.877659264863e+00 -1.428379600288e+00 2.359210e+00
0.850000 10.175000 1.822844382348e+00 -1.470491861579e+00 2.342031e+00
0.850000 10.200000 1.764687547148e+00 -1.511082854315e+00 2.323251e+00
0.850000 10.225000 1.703052797979e+00 -1.549798712764e+00 2.302665e+00
0.850000 10.250000 1.637847636394e+00 -1.586241560998e+00 2.280067e+00
0.850000 10.275000 1.569031323229e+00 -1.619975359213e+00 2.255256e+00
0.850000 10.300000 1.496622306667e+00 -1.650533123572e+00 2.228035e+00
0.850000 10.325000 1.420704562112e+00 -1.677425361870e+00 2.198217e+00
0.850000 10.350000 1.341432664659e+00 -1.700149530466e+00 2.165629e+00
0.850000 10.375000 1.259035462670e+00 -1.718200295505e+00 2.130113e+00
0.850000 10.400000 1.173818269895e+00 -1.731080375074e+00 2.091528e+00
0.850000 10.425000 1.086163537437e+00 -1.738311747761e+00 2.049751e+00
0.850000 10.450000 9.965299999402e-01 -1.739447033651e+00 2.004682e+00
0.850000 10.475000 9.054503088401e-01 -1.734080880561e+00 1.956240e+00
0.850000 10.500000 8.135271676851e-01 -1.721861214260e+00 1.904372e+00
0.850000 10.525000 7.214279721551e-01 -1.702500228993e+00 1.849044e+00
0.850000 10.550000 6.298779349425e-01 -1.675784997456e+00 1.790252e+00
0.850000 10.575000 5.396516504963e-01 -1.641587562788e+00 1.728014e+00
0.850000 10.600000 4.515630357854e-01 -1.599874337858e+00 1.662380e+00
0.850000 10.625000 3.664535803128e-01 -1.550714581396e+00 1.593425e+00
0.850000 10.650000 2.851788602532e-01 -1.494287652612e+00 1.521257e+00
0.850000 10.675000 2.085933240004e-01 -1.430888675383e+00 1.446013e+00
0.850000 10.700000 1.375334421094e-01 -1.360932182148e+00 1.367864e+00
0.850000 10.725000 7.279943152850e-02 -1.284953269353e+00 1.287014e+00
0.850000 10.750000 1.513590511943e-02 -1.203605793160e+00 1.203701e+00
0.850000 10.775000 -3.478804882711e-02 -1.117657176201e+00 1.118198e+00
0.850000 10.800000 -7.639870128704e-02 -1.027979489216e+00 1.030815e+00
0.850000 10.825000 -1.092366444990e-01 -9.355366161125e-01 9.418925e-01
0.850000 10.850000 -1.329740007266e-01 -8.413675017649e-01 8.518106e-01
0.850000 10.875000 -1.474289566698e-01 -7.465657073837e-01 7.609833e-01
0.850000 10.900000 -1.525767265948e-01 -6.522557419261e-01 6.698636e-01
0.850000 10.925000 -1.485561421682e-01 -5.595668795953e-01 5.789508e-01
0.850000 10.950000 -1.356712320465e-01 -4.696053909552e-01 4.888107e-01
0.850000 10.975000 -1.143873816610e-01 -3.834262873204e-01 4.001252e-01
0.850000 11.000000 -8.532193901846e-02 -3.020057864085e-01 3.138269e-01
0.850000 11.025000 -4.922943578014e-02 -2.262157384186e-01 2.315105e-01
0.850000 11.050000 -6.981900948919e-03 -1.568011989820e-01 1.569566e-01
0.850000 11.075000 4.045496763792e-02 -9.436219960648e-02 1.026685e-01
0.850000 11.100000 9.204876474863e-02 -3.934055571151e-02 1.001032e-01
0.850000 11.125000 1.467292827167e-01 7.987717565879e-03 1.469465e-01
0.850000 11.150000 2.034180687774e-01 4.751412020181e-02 2.088935e-01
0.850000 11.175000 2.610573278714e-01 7.929357433609e-02 2.728340e-01
0.850000 11.200000 3.186369341422e-01 1.035348977957e-01 3.350358e-01
0.850000 11.225000 3.752184628044e-01 1.205864969071e-01 3.941193e-01
0.850000 11.250000 4.299553667229e-01 1.309181559212e-01 4.494454e-01
0.850000 11.275000 4.821086798509e-01 1.350999563799e-01 5.006803e-01
0.850000 11.300000 5.310579106109e-01 1.337794394085e-01 5.476490e-01
0.850000 11.325000 5.763070697284e-01 1.276581263679e-01 5.902766e-01
0.850000 11.350000 6.174860377771e-01 1.174684443853e-01 6.285601e-01
0.850000 11.375000 6.543477000721e-01 1.039519744596e-01 6.625533e-01
0.850000 11.400000 6.867614476896e-01 8.783976669902e-02 6.923562e-01
0.850000 11.425000 7.147037561041e-01 6.983526763534e-02 7.181075e-01
0.850000 11.450000 7.382466058179e-01 5.060019666551e-02 7.399787e-01
0.850000 11.475000 7.575445063528e-01 3.074350925169e-02 7.581681e-01
0.850000 11.500000 7.728208343638e-01 1.081340738932e-02 7.728965e-01
0.850000 11.525000 7.843541096856e-01 -8.707786998283e-03 7.844024e-01
0.850000 11.550000 7.924647226133e-01 -2.740618707389e-02 7.929385e-01
0.850000 11.575000 7.975025044043e-01 -4.493668365195e-02 7.987675e-01
0.850000 11.600000 7.998354123679e-01 -6.102146551099e-02 8.021598e-01
0.850000 11.625000 7.998394902390e-01 -7.544710725695e-02 8.033900e-01
0.850000 11.650000 7.978901702567e-01 -8.806058982926e-02 8.027349e-01
0.850000 11.675000 7.943549090224e-01 -9.876457755928e-02 8.004712e-01
0.850000 11.700000 7.895870955690e-01 -1.075122256040e-01 7.968731e-01
0.850000 11.725000 7.839211357406e-01 -1.143017391283e-01 7.922103e-01
0.850000 11.750000 7.776685990127e-01 -1.191708557645e-01 7.867466e-01
0.850000 11.775000 7.711153085440e-01 -1.221913789179e-01 7.807365e-01
0.850000 11.800000 7.645192587166e-01 -1.234638529993e-01 7.744243e-01
0.850000 11.825000 7.581092532348e-01 -1.231124429243e-01 7.680406e-01
0.850000 11.850000 7.520841683385e-01 -1.212800585440e-01 7.618001e-01
0.850000 11.875000 7.466127580241e-01 -1.181237488915e-01 7.558994e-01
0.850000 11.900000 7.418339302964e-01 -1.138103800319e-01 7.505134e-01
0.850000 11.925000 7.378574349952e-01 -1.085126028462e-01 7.457939e-01
0.850000 11.950000 7.347649144976e-01 -1.024051126190e-01 7.418668e-01
0.850000 11.975000 7.326112785460e-01 -9.566120052049e-02 7.388304e-01
0.850000 12.000000 7.314263733444e-01 -8.844959792343e-02 7.367550e-01
0.850000 12.025000 7.312169224192e-01 -8.093161793712e-02 7.356821e-01
0.850000 12.050000 7.319687218023e-01 -7.325860439305e-02 7.356256e-01
0.850000 12.075000 7.336490740027e-01 -6.556970620842e-02 7.365734e-01
0.850000 12.100000 7.362094431862e-01 -5.799000363388e-02 7.384898e-01
0.850000 12.125000 7.395883075182e-01 -5.062902094318e-02 7.413192e-01
0.850000 12.150000 7.437141737556e-01 -4.357966596466e-02 7.449899e-01
0.850000 12.175000 7.485087046218e-01 -3.691763877645e-02 7.494186e-01
0.850000 12.200000 7.538898926184e-01 -3.070134834950e-02 7.545148e-01
0.850000 12.225000 7.597751967092e-01 -2.497236593849e-02 7.601855e-01
0.850000 12.250000 7.660845431005e-01 -1.975642731230e-02 7.663392e-01
0.850000 12.275000 7.727430805999e-01 -1.506497308548e-02 7.728899e-01
0.850000 12.300000 7.796835769595e-01 -1.089718895017e-02 7.797597e-01
0.850000 12.325000 7.868483468415e-01 -7.242477770614e-03 7.868817e-01
0.850000 12.350000 7.941906153862e-01 -4.083266091834e-03 7.942011e-01
0.850000 12.375000 8.016752436302e-01 -1.398021598977e-03 8.016765e-01
0.850000 12.400000 8.092787719923e-01 8.356616878717e-04 8.092792e-01
0.850000 12.425000 8.169887736176e-01 2.638064894452e-03 8.169930e-01
0.850000 12.450000 8.248025477194e-01 4.024587970622e-03 8.248124e-01
0.850000 12.475000 8.327252210382e-01 5.003381584357e-03 8.327403e-01
0.850000 12.500000 8.407673599839e-01 5.573493677159e-03 8.407858e-01
0.850000 12.525000 8.489422241185e-01 5.723628951941e-03 8.489615e-01
0.850000 12.550000 8.572628112586e-01 5.431585088349e-03 8.572800e-01
0.850000 12.575000 8.657388542840e-01 4.664391461045e-03 8.657514e-01
0.850000 12.600000 8.743739294285e-01 3.379137531686e-03 8.743805e-01
0.850000 12.625000 8.831628259147e-01 1.524441678815e-03 8.831641e-01
0.850000 12.650000 8.920893086270e-01 -9.575205825100e-04 8.920898e-01
0.850000 12.675000 9.011243809447e-01 -4.128535511281e-03 9.011338e-01
0.850000 12.700000 9.102251260411e-01 -8.051541779245e-03 9.102607e-01
0.850000 12.725000 9.193341740988e-01 -1.278762777820e-02 9.194231e-01
0.850000 12.750000 9.283798119671e-01 -1.839297342184e-02 9.285620e-01
0.850000 12.775000 9.372767224910e-01 -2.491587043936e-02 9.376078e-01
0.850000 12.800000 9.459273143001e-01 -3.239394563558e-02 9.464818e-01
0.850000 12.825000 9.542235800686e-01 -4.085169753407e-02 9.550976e-01
0.850000 12.850000 9.620494026657e-01 -5.029843931628e-02 9.633634e-01
0.850000 12.875000 9.692832143482e-01 -6.072672104930e-02 9.711837e-01
0.850000 12.900000 9.758009043116e-01 -7.211128270588e-02 9.784618e-01
0.850000 12.925000 9.814788644637e-01 -8.440856718169e-02 9.851018e-01
0.850000 12.950000 9.861970622050e-01 -9.755680008387e-02 9.910106e-01
0.850000 12.975000 9.898420322060e-01 -1.114766212232e-01 9.960995e-01
0.850000 13.000000 9.923096866218e-01 -1.260722322190e-01 1.000286e+00
0.850000 13.025000 9.935078545652e-01 -1.412330062897e-01 1.003496e+00
0.850000 13.050000 9.933584766011e-01 -1.568354910026e-01 1.005663e+00
0.850000 13.075000 9.917993977722e-01 -1.727457233689e-01 1.006731e+00
0.850000 13.100000 9.887857222195e-01 -1.888217698652e-01 1.006653e+00
0.850000 13.125000 9.842907125736e-01 -2.049164021791e-01 1.005395e+00
0.850000 13.150000 9.783062364993e-01 -2.208798227005e-01 1.002931e+00
0.850000 13.175000 9.708427796833e-01 -2.365623615842e-01 9.992484e-01
0.850000 13.200000 9.619290578262e-01 -2.518170785998e-01 9.943437e-01
0.850000 13.225000 9.516112689837e-01 -2.665022166194e-01 9.882244e-01
0.850000 13.250000 9.399520314793e-01 -2.804834677813e-01 9.809081e-01
0.850000 13.275000 9.270290518069e-01 -2.936360263839e-01 9.724222e-01
0.850000 13.300000 9.129335623440e-01 -3.058464128255e-01 9.628031e-01
0.850000 13.325000 8.977685617361e-01 -3.170140592485e-01 9.520957e-01
0.850000 13.350000 8.816468832710e-01 -3.270526494110e-01 9.403535e-01
0.850000 13.375000 8.646891103939e-01 -3.358912028749e-01 9.276369e-01
0.850000 13.400000 8.470213554838e-01 -3.434748878044e-01 9.140132e-01
0.850000 13.425000 8.287729194355e-01 -3.497655391258e-01 8.995557e-01
0.850000 13.450000 8.100738560792e-01 -3.547418515661e-01 8.843424e-01
0.850000 13.475000 7.910524767971e-01 -3.583992124249e-01 8.684550e-01
0.850000 13.500000 7.718328457379e-01 -3.607491389179e-01 8.519776e-01
0.850000 13.525000 7.525323328555e-01 -3.618182911478e-01 8.349954e-01
0.850000 13.550000 7.332593081309e-01 -3.616470450160e-01 8.175927e-01
0.850000 13.575000 7.141110730307e-01 -3.602876295010e-01 7.998511e-01
0.850000 13.600000 6.951721318571e-01 -3.578018585012e-01 7.818481e-01
0.850000 13.625000 6.765129040928e-01 -3.542585167047e-01 7.636549e-01
0.850000 13.650000 6.581889678009e-01 -3.497304888125e-01 7.453349e-01
0.850000 13.675000 6.402409034374e-01 -3.442917486557e-01 7.269424e-01
0.850000 13.700000 6.226947780040e-01 -3.380143460134e-01 7.085213e-01
0.850000 13.725000 6.055632734039e-01 -3.309655414776e-01 6.901051e-01
0.850000 13.750000 5.888474231048e-01 -3.232052414641e-01 6.717164e-01
0.850000 13.775000 5.725388813250e-01 -3.147838755501e-01 6.533679e-01
0.850000 13.800000 5.566226126293e-01 -3.057408370065e-01 6.350639e-01
0.850000 13.825000 5.410798604582e-01 -2.961035762172e-01 6.168020e-01
0.850000 13.850000 5.258912334835e-01 -2.858873981982e-01 5.985760e-01
0.850000 13.875000 5.110397404903e-01 -2.750959729579e-01 5.803787e-01
0.850000 13.900000 4.965136083308e-01 -2.637225246145e-01 5.622058e-01
0.850000 13.925000 4.823087327021e-01 -2.517516256058e-01 5.440594e-01
0.850000 13.950000 4.684306363642e-01 -2.391614890761e-01 5.259520e-01
0.850000 13.975000 4.548958413431e-01 -2.259266278964e-01 5.079105e-01
0.850000 14.000000 4.417325976447e-01 -2.120207340646e-01 4.899801e-01
0.850000 14.025000 4.289809478547e-01 -1.974196276311e-01 4.722279e-01
0.850000 14.050000 4.166921418789e-01 -1.821041290238e-01 4.547464e-01
0.850000 14.075000 4.049274466901e-01 -1.660627211195e-01 4.376563e-01
0.850000 14.100000 3.937564207796e-01 -1.492938855441e-01 4.211090e-01
0.850000 14.125000 3.832547414371e-01 -1.318080192426e-01 4.052870e-01
0.850000 14.150000 3.735016851208e-01 -1.136288602363e-01 3.904037e-01
0.850000 14.175000 3.645773678326e-01 -9.479437401961e-02 3.766997e-01
0.850000 14.200000 3.565598547069e-01 -7.535707312430e-02 3.644360e-01
0.850000 14.225000 3.495222472278e-01 -5.538376154228e-02 3.538830e-01
0.850000 14.250000 3.435298536855e-01 -3.495471302890e-02 3.453036e-01
0.850000 14.275000 3.386375443859e-01 -1.416230829919e-02 3.389336e-01
0.850000 14.300000 3.348873879962e-01 6.890828555108e-03 3.349583e-01
0.850000 14.325000 3.323066589788e-01 2.809413887901e-02 3.334921e-01
0.850000 14.350000 3.309062977347e-01 4.933181252113e-02 3.345633e-01
0.850000 14.375000 3.306798940041e-01 7.048575870269e-02 3.381086e-01
0.850000 14.400000 3.316032494740e-01 9.143876337361e-02 3.439793e-01
0.850000 14.425000 3.336345568943e-01 1.120777186236e-01 3.519566e-01
0.850000 14.450000 3.367152102595e-01 1.322967997980e-01 3.617728e-01
0.850000 14.475000 3.407712343313e-01 1.520004608176e-01 3.731343e-01
0.850000 14.500000 3.457152931496e-01 1.711061192287e-01 3.857413e-01
0.850000 14.525000 3.514492079554e-01 1.895464107432e-01 3.993049e-01
0.850000 14.550000 3.578668872850e-01 2.072709088574e-01 4.135577e-01
0.850000 14.575000 3.648575481692e-01 2.242472282358e-01 4.282614e-01
0.850000 14.600000 3.723090895486e-01 2.404614598017e-01 4.432108e-01
0.850000 14.625000 3.801114689614e-01 2.559179190855e-01 4.582343e-01
0.850000 14.650000 3.881599323732e-01 2.706382250278e-01 4.731947e-01
0.850000 14.675000 3.963579550735e-01 2.846597615239e-01 4.879865e-01
0.850000 14.700000 4.046197683606e-01 2.980336059499e-01 5.025348e-01
0.850000 14.725000 4.128723710468e-01 3.108220354288e-01 5.167920e-01
0.850000 14.750000 4.210569547719e-01 3.230957408940e-01 5.307352e-01
0.850000 14.775000 4.291297054760e-01 3.349308899823e-01 5.443629e-01
0.850000 14.800000 4.370619777445e-01 3.464061820622e-01 5.576920e-01
0.850000 14.825000 4.448398718170e-01 3.576000326090e-01 5.707541e-01
0.850000 14.850000 4.524632728665e-01 3.685880106014e-01 5.835924e-01
0.850000 14.875000 4.599444371779e-01 3.794406329857e-01 5.962584e-01
0.850000 14.900000 4.673062290694e-01 3.902215960979e-01 6.088087e-01
0.850000 14.925000 4.745801252979e-01 4.009864968812e-01 6.213022e-01
0.850000 14.950000 4.818041101527e-01 4.117820682728e-01 6.337978e-01
0.850000 14.975000 4.890205846823e-01 4.226459245919e-01 6.463518e-01
0.850000 15.000000 4.962744078499e-01 4.336067852131e-01 6.590168e-01
0.850000 15.025000 5.036111763093e-01 4.446851191837e-01 6.718401e-01
0.850000 15.050000 5.110758333312e-01 4.558941305385e-01 6.848635e-01
0.850000 15.075000 5.187116766141e-01 4.672409847012e-01 6.981232e-01
0.850000 15.100000 5.265598097173e-01 4.787281613877e-01 7.116501e-01
0.850000 15.125000 5.346590533082e-01 4.903548098411e-01 7.254710e-01
0.850000 15.150000 5.430463011664e-01 5.021179790413e-01 7.396092e-01
0.850000 15.175000 5.517572732476e-01 5.140135997712e-01 7.540862e-01
0.850000 15.200000 5.608275857508e-01 5.260371078658e-01 7.689230e-01
0.850000 15.225000 5.702940282182e-01 5.381836190305e-01 7.841409e-01
0.850000 15.250000 5.801959126635e-01 5.504475950777e-01 7.997624e-01
0.850000 15.275000 5.905763421415e-01 5.628219782997e-01 8.158119e-01
0.850000 15.300000 6.014832384560e-01 5.752968131292e-01 8.323152e-01
0.850000 15.325000 6.129699727699e-01 5.878574195044e-01 8.492988e-01
0.850000 15.350000 6.250954598616e-01 6.004822270442e-01 8.667890e-01
0.850000 15.375000 6.379236067149e-01 6.131404193696e-01 8.848094e-01
0.850000 15.400000 6.515220478316e-01 6.257895697158e-01 9.033790e-01
0.850000 15.425000 6.659601506454e-01 6.383734687752e-01 9.225094e-01
0.850000 15.450000 6.813063310129e-01 6.508203506601e-01 9.422024e-01
0.850000 15.475000 6.976247764566e-01 6.630417113604e-01 9.624472e-01
0.850000 15.500000 7.149717285696e-01 6.749318859359e-01 9.832180e-01
0.850000 15.525000 7.333915208028e-01 6.863685073871e-01 1.004472e+00
0.850000 15.550000 7.529125992914e-01 6.972139147156e-01 1.026150e+00
0.850000 15.575000 7.735437691038e-01 7.073175144826e-01 1.048174e+00
0.850000 15.600000 7.952709044433e-01 7.165190345037e-01 1.070446e+00
0.850000 15.625000 8.180543388029e-01 7.246525458760e-01 1.092856e+00
0.850000 15.650000 8.418271115595e-01 7.315510758580e-01 1.115276e+00
0.850000 15.675000 8.664941943742e-01 7.370515939394e-01 1.137566e+00
0.850000 15.700000 8.919327587813e-01 7.410001302152e-01 1.159580e+00
0.850000 15.725000 9.179934810342e-01 7.432567806910e-01 1.181162e+00
0.850000 15.750000 9.445028174933e-01 7.437003683349e-01 1.202155e+00
0.850000 15.775000 9.712661290287e-01 7.422325596424e-01 1.222402e+00
0.850000 15.800000 9.980714906135e-01 7.387812807088e-01 1.241751e+00
0.850000 15.825000 1.024693995605e+00 7.333033295852e-01 1.260052e+00
0.850000 15.850000 1.050900354605e+00 7.257861376924e-01 1.277168e+00
0.850000 15.875000 1.076453595862e+00 7.162486868362e-01 1.292967e+00
0.850000 15.900000 1.101117695900e+00 7.047416350241e-01 1.307334e+00
0.850000 15.925000 1.124662001978e+00 6.913467399499e-01 1.320161e+00
0.850000 15.950000 1.146865347705e+00 6.761756912077e-01 1.331358e+00
0.850000 15.975000 1.167519804880e+00 6.593684701610e-01 1.340846e+00
0.850000 16.000000 1.186434053661e+00 6.410913506406e-01 1.348564e+00
0.850000 16.025000 1.203436385452e+00 6.215346364234e-01 1.354461e+00
0.850000 16.050000 1.218377375473e+00 6.009102060180e-01 1.358505e+00
0.850000 16.075000 1.231132272995e+00 5.794489055809e-01 1.360679e+00
0.850000 16.100000 1.241603156505e+00 5.573978009327e-01 1.360982e+00
0.850000 16.125000 1.249720889493e+00 5.350172735427e-01 1.359428e+00
0.850000 16.150000 1.255446892350e+00 5.125779262061e-01 1.356054e+00
0.850000 16.175000 1.258774719997e+00 4.903572542587e-01 1.350912e+00
0.850000 16.200000 1.259731406762e+00 4.686360387212e-01 1.344077e+00
0.850000 16.225000 1.258378513151e+00 4.476944287696e-01 1.335645e+00
0.850000 16.250000 1.254812786910e+00 4.278077013607e-01 1.325735e+00
0.850000 16.275000 1.249166335669e+00 4.092417137635e-01 1.314494e+00
0.850000 16.300000 1.241606202606e+00 3.922480976203e-01 1.302092e+00
0.850000 16.325000 1.232333240884e+00 3.770592780289e-01 1.288728e+00
0.850000 16.350000 1.221580197484e+00 3.638834349745e-01 1.274625e+00
0.850000 16.375000 1.209608941664e+00 3.528995543453e-01 1.260036e+00
0.850000 16.400000 1.196706806404e+00 3.442527391580e-01 1.245238e+00
0.850000 16.425000 1.183182050868e+00 3.380499664009e-01 1.230527e+00
0.850000 16.450000 1.169358495780e+00 3.343564795536e-01 1.216221e+00
0.850000 16.475000 1.155569428975e+00 3.331930004257e-01 1.202646e+00
0.850000 16.500000 1.142150922602e+00 3.345339262445e-01 1.190135e+00
0.850000 16.525000 1.129434743564e+00 3.383066492823e-01 1.179014e+00
0.850000 16.550000 1.117741072248e+00 3.443920978009e-01 1.169594e+00
0.850000 16.575000 1.107371268992e+00 3.526265503537e-01 1.162160e+00
0.850000 16.600000 1.098600940989e+00 3.628047227605e-01 1.156958e+00
0.850000 16.625000 1.091673563025e+00 3.746840711011e-01 1.154183e+00
0.850000 16.650000 1.086794892738e+00 3.879901979791e-01 1.153976e+00
0.850000 16.675000 1.084128394927e+00 4.024231964688e-01 1.156408e+00
0.850000 16.700000 1.083791850729e+00 4.176647199708e-01 1.161486e+00
0.850000 16.725000 1.085855277960e+00 4.333855298834e-01 1.169147e+00
0.850000 16.750000 1.090340231172e+00 4.492532492639e-01 1.179267e+00
0.850000 16.775000 1.097220487562e+00 4.649400415339e-01 1.191664e+00
0.850000 16.800000 1.106424061512e+00 4.801299398075e-01 1.206109e+00
0.850000 16.825000 1.117836430665e+00 4.945255745025e-01 1.222339e+00
0.850000 16.850000 1.131304804020e+00 5.078540832558e-01 1.240067e+00
0.850000 16.875000 1.146643221298e+00 5.198720353093e-01 1.258991e+00
0.850000 16.900000 1.163638245665e+00 5.303692590120e-01 1.278806e+00
0.850000 16.925000 1.182055000469e+00 5.391715216459e-01 1.299215e+00
0.850000 16.950000 1.201643305486e+00 5.461420708502e-01 1.319931e+00
0.850000 16.975000 1.222143688223e+00 5.511821019362e-01 1.340685e+00
0.850000 17.000000 1.243293078872e+00 5.542302613060e-01 1.361231e+00
0.850000 17.025000 1.264830040087e+00 5.552613298519e-01 1.381344e+00
0.850000 17.050000 1.286499430733e+00 5.542842496746e-01 1.400825e+00
0.850000 17.075000 1.308056451541e+00 5.513396621628e-01 1.419502e+00
0.850000 17.100000 1.329270065802e+00 5.464971163290e-01 1.437226e+00
0.850000 17.125000 1.349925825969e+00 5.398520854889e-01 1.453871e+00
0.850000 17.150000 1.369828164432e+00 5.315229011922e-01 1.469335e+00
0.850000 17.175000 1.388802222118e+00 5.216476796914e-01 1.483539e+00
0.850000 17.200000 1.406695291683e+00 5.103812823413e-01 1.496423e+00
0.850000 17.225000 1.423377944010e+00 4.978923210878e-01 1.507946e+00
0.850000 17.250000 1.438744889723e+00 4.843601968928e-01 1.518088e+00
0.850000 17.275000 1.452715604674e+00 4.699721448012e-01 1.526845e+00
0.850000 17.300000 1.465234723399e+00 4.549202554552e-01 1.534231e+00
0.850000 17.325000 1.476272181075e+00 4.393984489657e-01 1.540276e+00
0.850000 17.350000 1.485823065784e+00 4.235993917747e-01 1.545026e+00
0.850000 17.375000 1.493907131465e+00 4.077113681307e-01 1.548544e+00
0.850000 17.400000 1.500567919326e+00 3.919151420714e-01 1.550903e+00
0.850000 17.425000 1.505871442214e+00 3.763808701139e-01 1.552196e+00
0.850000 17.450000 1.509904401783e+00 3.612651460956e-01 1.552522e+00
0.850000 17.475000 1.512771930770e+00 3.467082751110e-01 1.551994e+00
0.850000 17.500000 1.514594879891e+00 3.328318813448e-01 1.550734e+00
0.850000 17.525000 1.515506698199e+00 3.197369537525e-01 1.548868e+00
0.850000 17.550000 1.515649984359e+00 3.075024238455e-01 1.546529e+00
0.850000 17.575000 1.515172811579e+00 2.961843520501e-01 1.543850e+00
0.850000 17.600000 1.514224948789e+00 2.858157746163e-01 1.540963e+00
0.850000 17.625000 1.512954113495e+00 2.764072337958e-01 1.537996e+00
0.850000 17.650000 1.511502396648e+00 2.679479821433e-01 1.535069e+00
0.850000 17.675000 1.510002996724e+00 2.604078195218e-01 1.532293e+00
0.850000 17.700000 1.508577389219e+00 2.537394907749e-01 1.529768e+00
0.850000 17.725000 1.507333039926e+00 2.478815448219e-01 1.527579e+00
0.850000 17.750000 1.506361746655e+00 2.427615335723e-01 1.525798e+00
0.850000 17.775000 1.505738665935e+00 2.382994125737e-01 1.524479e+00
0.850000 17.800000 1.505522050097e+00 2.344109954455e-01 1.523662e+00
0.850000 17.825000 1.505753687369e+00 2.310113112895e-01 1.523371e+00
0.850000 17.850000 1.506460004842e+00 2.280177186100e-01 1.523619e+00
0.850000 17.875000 1.507653762600e+00 2.253526407316e-01 1.524403e+00
0.850000 17.900000 1.509336238665e+00 2.229458060251e-01 1.525713e+00
0.850000 17.925000 1.511499779944e+00 2.207359008793e-01 1.527533e+00
0.850000 17.950000 1.514130575614e+00 2.186715734899e-01 1.529839e+00
0.850000 17.975000 1.517211497724e+00 2.167117609706e-01 1.532610e+00
0.850000 18.000000 1.520724850321e+00 2.148253494637e-01 1.535824e+00
0.850000 18.025000 1.524654874061e+00 2.129902148712e-01 1.539460e+00
0.850000 18.050000 1.528989868345e+00 2.111917282503e-01 1.543506e+00
0.850000 18.075000 1.533723817381e+00 2.094208423012e-01 1.547955e+00
0.850000 18.100000 1.538857439155e+00 2.076719011981e-01 1.552807e+00
0.850000 18.125000 1.544398615467e+00 2.059403329123e-01 1.558069e+00
0.850000 18.150000 1.550362204414e+00 2.042203893054e-01 1.563755e+00
0.850000 18.175000 1.556769280957e+00 2.025030934297e-01 1.569885e+00
0.850000 18.200000 1.563645893073e+00 2.007745354414e-01 1.576483e+00
0.850000 18.225000 1.571021456882e+00 1.990146290866e-01 1.583577e+00
0.850000 18.250000 1.578926940830e+00 1.971964017556e-01 1.591193e+00
0.850000 18.275000 1.587393003857e+00 1.952858454636e-01 1.599360e+00
0.850000 18.300000 1.596448253677e+00 1.932423074675e-01 1.608101e+00
0.850000 18.325000 1.606117778354e+00 1.910193516612e-01 1.617437e+00
0.850000 18.350000 1.616422077895e+00 1.885659796100e-01 1.627384e+00
0.850000 18.375000 1.627376484576e+00 1.858280669508e-01 1.637952e+00
0.850000 18.400000 1.638991114360e+00 1.827498500337e-01 1.649148e+00
0.850000 18.425000 1.651271340860e+00 1.792752911881e-01 1.660975e+00
0.850000 18.450000 1.664218732399e+00 1.753491596368e-01 1.673431e+00
0.850000 18.475000 1.677832346275e+00 1.709176882556e-01 1.686515e+00
0.850000 18.500000 1.692110236387e+00 1.659287021406e-01 1.700226e+00
0.850000 18.525000 1.707051004326e+00 1.603311601940e-01 1.714564e+00
0.850000 18.550000 1.722655211897e+00 1.540741017828e-01 1.729532e+00
0.850000 18.575000 1.738926475955e+00 1.471050425805e-01 1.745138e+00
0.850000 18.600000 1.755872083593e+00 1.393679126551e-01 1.761394e+00
0.850000 18.625000 1.773502995719e+00 1.308006717563e-01 1.778320e+00
0.850000 18.650000 1.791833146873e+00 1.213327684957e-01 1.795936e+00
0.850000 18.675000 1.810877995394e+00 1.108826295751e-01 1.814270e+00
0.850000 18.700000 1.830652326868e+00 9.935537154487e-02 1.833347e+00
0.850000 18.725000 1.851167361457e+00 8.664092103442e-02 1.853194e+00
0.850000 18.750000 1.872427258831e+00 7.261271136759e-02 1.873835e+00
0.850000 18.775000 1.894425150418e+00 5.712709612027e-02 1.895286e+00
0.850000 18.800000 1.917138855779e+00 4.002358621996e-02 1.917557e+00
0.850000 18.825000 1.940526457414e+00 2.112597950825e-02 1.940641e+00
0.850000 18.850000 1.964521916214e+00 2.444130538979e-04 1.964522e+00
0.850000 18.875000 1.989030909158e+00 -2.282166873727e-02 1.989162e+00
0.850000 18.900000 2.013927062968e+00 -4.827967124952e-02 2.014506e+00
0.850000 18.925000 2.039048744098e+00 -7.633920288468e-02 2.040477e+00
0.850000 18.950000 2.064196548179e+00 -1.072067204207e-01 2.066979e+00
0.850000 18.975000 2.089131612489e+00 -1.410795831485e-01 2.093890e+00
0.850000 19.000000 2.113574854047e+00 -1.781396490205e-01 2.121069e+00
0.850000 19.025000 2.137207214314e+00 -2.185465592566e-01 2.148352e+00
0.850000 19.050000 2.159670969263e+00 -2.624308683270e-01 2.175557e+00
0.850000 19.075000 2.180572140662e+00 -3.098871843365e-01 2.202482e+00
0.850000 19.100000 2.199484020480e+00 -3.609674906256e-01 2.228907e+00
0.850000 19.125000 2.215951795022e+00 -4.156748225347e-01 2.254601e+00
0.850000 19.150000 2.229498228630e+00 -4.739574730688e-01 2.279320e+00
0.850000 19.175000 2.239630339066e+00 -5.357038967865e-01 2.302808e+00
0.850000 19.200000 2.245846968425e+00 -6.007384717417e-01 2.324804e+00
0.850000 19.225000 2.247647126370e+00 -6.688182640783e-01 2.345045e+00
0.850000 19.250000 2.244538957823e+00 -7.396309187271e-01 2.363262e+00
0.850000 19.275000 2.236049167215e+00 -8.127937729904e-01 2.379191e+00
0.850000 19.300000 2.221732717587e+00 -8.878542588013e-01 2.392568e+00
0.850000 19.325000 2.201182616806e+00 -9.642916259639e-01 2.403136e+00
0.850000 19.350000 2.174039605660e+00 -1.041519985234e+00 2.410646e+00
0.850000 19.375000 2.140001573596e+00 -1.118892639500e+00 2.414856e+00
0.850000 19.400000 2.098832546162e+00 -1.195707646469e+00 2.415536e+00
0.850000 19.425000 2.050371111582e+00 -1.271214539626e+00 2.412469e+00
0.850000 19.450000 1.994538179149e+00 -1.344622127516e+00 2.405450e+00
0.850000 19.475000 1.931343985292e+00 -1.415107295101e+00 2.394289e+00
0.850000 19.500000 1.860894280170e+00 -1.481824744146e+00 2.378809e+00
0.850000 19.525000 1.783395634450e+00 -1.543917629645e+00 2.358852e+00
0.850000 19.550000 1.699159799627e+00 -1.600529072264e+00 2.334274e+00
0.850000 19.575000 1.608607034053e+00 -1.650814547134e+00 2.304952e+00
0.850000 19.600000 1.512268271277e+00 -1.693955161086e+00 2.270779e+00
0.850000 19.625000 1.410785959749e+00 -1.729171827201e+00 2.231670e+00
0.850000 19.650000 1.304913348529e+00 -1.755740321968e+00 2.187561e+00
0.850000 19.675000 1.195511939312e+00 -1.773007162228e+00 2.138411e+00
0.850000 19.700000 1.083546779812e+00 -1.780406164942e+00 2.084207e+00
0.850000 19.725000 9.700792469508e-01 -1.777475453834e+00 2.024962e+00
0.850000 19.750000 8.562569701302e-01 -1.763874557988e+00 1.960722e+00
0.850000 19.775000 7.433005835304e-01 -1.739401116564e+00 1.891563e+00
0.850000 19.800000 6.324870779883e-01 -1.704006572259e+00 1.817602e+00
0.850000 19.825000 5.251296500222e-01 -1.657810117594e+00 1.738993e+00
0.850000 19.850000 4.225541163022e-01 -1.601110067513e+00 1.655930e+00
0.850000 19.875000 3.260721696102e-01 -1.534391783743e+00 1.568656e+00
0.850000 19.900000 2.369519856548e-01 -1.458331284099e+00 1.477456e+00
0.850000 19.925000 1.563869331309e-01 -1.373793742940e+00 1.382666e+00
0.850000 19.950000 8.546337297199e-02 -1.281826232391e+00 1.284672e+00
0.850000 19.975000 2.512873580237e-02 -1.183644266685e+00 1.183911e+00
0.850000 20.000000 -2.383878184308e-02 -1.080611986778e+00 1.080875e+00
0.850000 20.025000 -6.085748084556e-02 -9.742161451741e-01 9.761151e-01
0.850000 20.050000 -8.556496481533e-02 -8.660344021478e-01 8.702511e-01
0.850000 20.075000 -9.783516811581e-02 -7.576987998392e-01 7.639890e-01
0.850000 20.100000 -9.778848131560e-02 -6.508556132006e-01 6.581608e-01
0.850000 20.125000 -8.579413202639e-02 -5.471230592764e-01 5.538089e-01
0.850000 20.150000 -6.246433700299e-02 -4.480485536658e-01 4.523818e-01
0.850000 20.175000 -2.864015215040e-02 -3.550673148602e-01 3.562205e-01
0.850000 20.200000 1.463061685071e-02 -2.694641197690e-01 2.698610e-01
0.850000 20.225000 6.612265028339e-02 -1.923399019210e-01 2.033884e-01
0.850000 20.250000 1.244683108365e-01 -1.245846615535e-01 1.761071e-01
0.850000 20.275000 1.881972899802e-01 -6.685783739086e-02 1.997203e-01
0.850000 20.300000 2.557789609991e-01 -1.957689501354e-02 2.565271e-01
0.850000 20.325000 3.256655733960e-01 1.708555536195e-02 3.261134e-01
0.850000 20.350000 3.963344207763e-01 4.319625568430e-02 3.986814e-01
0.850000 20.375000 4.663272301976e-01 5.904799323714e-02 4.700508e-01
0.850000 20.400000 5.342852445542e-01 6.513945878508e-02 5.382415e-01
0.850000 20.425000 5.989787812763e-01 6.214954688276e-02 6.021944e-01
0.850000 20.450000 6.593304239245e-01 5.090758578116e-02 6.612928e-01
0.850000 20.475000 7.144314072122e-01 3.236108505409e-02 7.151640e-01
0.850000 20.500000 7.635511582483e-01 7.542578741398e-03 7.635884e-01
0.850000 20.525000 8.061403266109e-01 -2.246297143066e-02 8.064532e-01
0.850000 20.550000 8.418279470114e-01 -5.654894772445e-02 8.437251e-01
0.850000 20.575000 8.704136112845e-01 -9.361502061606e-02 8.754334e-01
0.850000 20.600000 8.918556701312e-01 -1.325915618859e-01 9.016579e-01
0.850000 20.625000 9.062565372106e-01 -1.724601292451e-01 9.225201e-01
0.850000 20.650000 9.138461353047e-01 -2.122699126156e-01 9.381755e-01
0.850000 20.675000 9.149644201642e-01 -2.511502784228e-01 9.488079e-01
0.850000 20.700000 9.100437616181e-01 -2.883197372012e-01 9.546245e-01
0.850000 20.725000 8.995917758992e-01 -3.230917827960e-01 9.558523e-01
0.850000 20.750000 8.841750106818e-01 -3.548781074861e-01 9.527350e-01
0.850000 20.775000 8.644037056949e-01 -3.831896926510e-01 9.455306e-01
0.850000 20.800000 8.409177035537e-01 -4.076362211103e-01 9.345105e-01
0.850000 20.825000 8.143734784602e-01 -4.279241708394e-01 9.199583e-01
0.850000 20.850000 7.854321893525e-01 -4.438538479484e-01 9.021696e-01
0.850000 20.875000 7.547486471910e-01 -4.553155165423e-01 8.814521e-01
0.850000 20.900000 7.229611064417e-01 -4.622846987679e-01 8.581258e-01
0.850000 20.925000 6.906818374123e-01 -4.648166602789e-01 8.325238e-01
0.850000 20.950000 6.584884958563e-01 -4.630400698338e-01 8.049927e-01
0.850000 20.975000 6.269163658738e-01 -4.571498269647e-01 7.758931e-01
0.850000 21.000000 5.964515998304e-01 -4.473990840678e-01 7.456007e-01
0.850000 21.025000 5.675256061171e-01 -4.340905408417e-01 7.145068e-01
0.850000 21.050000 5.405107373013e-01 -4.175671494213e-01 6.830184e-01
0.850000 21.075000 5.157174070334e-01 -3.982024271593e-01 6.515594e-01
0.850000 21.100000 4.933927174474e-01 -3.763906210458e-01 6.205693e-01
0.850000 21.125000 4.737206162755e-01 -3.525369959516e-01 5.905028e-01
0.850000 21.150000 4.568235330337e-01 -3.270485240925e-01 5.618260e-01
0.850000 21.175000 4.427653754759e-01 -3.003252348396e-01 5.350107e-01
0.850000 21.200000 4.315557093623e-01 -2.727524450782e-01 5.105235e-01
0.850000 21.225000 4.231549027460e-01 -2.446940363060e-01 4.888100e-01
0.850000 21.250000 4.174799940454e-01 -2.164868828536e-01 4.702724e-01
0.850000 21.275000 4.144110416710e-01 -1.884364737403e-01 4.552415e-01
0.850000 21.300000 4.137977294982e-01 -1.608137158561e-01 4.439478e-01
0.850000 21.325000 4.154660323159e-01 -1.338528637640e-01 4.364958e-01
0.850000 21.350000 4.192247823141e-01 -1.077504944245e-01 4.328505e-01
0.850000 21.375000 4.248720151529e-01 -8.266543386693e-02 4.328392e-01
0.850000 21.400000 4.322010062442e-01 -5.871954503813e-02 4.361716e-01
0.850000 21.425000 4.410059302500e-01 -3.599929747052e-02 4.424728e-01
0.850000 21.450000 4.510870872918e-01 -1.455805457501e-02 4.513219e-01
0.850000 21.475000 4.622556382257e-01 5.580972436311e-03 4.622893e-01
0.850000 21.500000 4.743377811361e-01 2.442114875591e-02 4.749660e-01
0.850000 21.525000 4.871782862235e-01 4.198826724376e-02 4.889844e-01
0.850000 21.550000 5.006432918785e-01 5.832589164113e-02 5.040294e-01
0.850000 21.575000 5.146222563836e-01 7.349028345914e-02 5.198431e-01
0.850000 21.600000 5.290289620526e-01 8.754503891219e-02 5.362236e-01
0.850000 21.625000 5.438014848464e-01 1.005556000030e-01 5.530203e-01
0.850000 21.650000 5.589010736935e-01 1.125838390390e-01 5.701276e-01
0.850000 21.675000 5.743099287495e-01 1.236829427150e-01 5.874771e-01
0.850000 21.700000 5.900279234191e-01 1.338928354353e-01 6.050291e-01
0.850000 21.725000 6.060683762445e-01 1.432363782504e-01 6.227644e-01
0.850000 21.750000 6.224530398582e-01 1.517165580715e-01 6.406760e-01
0.850000 21.775000 6.392065290435e-01 1.593148423002e-01 6.587611e-01
0.850000 21.800000 6.563504530525e-01 1.659908193041e-01 6.770147e-01
0.850000 21.825000 6.738975444931e-01 1.716831795850e-01 6.954229e-01
0.850000 21.850000 6.918460858313e-01 1.763120213958e-01 7.139586e-01
0.850000 21.875000 7.101749243039e-01 1.797823937049e-01 7.325777e-01
0.850000 21.900000 7.288393381343e-01 1.819889241925e-01 7.512168e-01
0.850000 21.925000 7.477679742557e-01 1.828213248722e-01 7.697926e-01
0.850000 21.950000 7.668610242013e-01 1.821705260969e-01 7.882017e-01
0.850000 21.975000 7.859897448437e-01 1.799351627223e-01 8.063229e-01
0.850000 22.000000 8.049973685404e-01 1.760281241886e-01 8.240186e-01
0.850000 22.025000 8.237013867190e-01 1.703828821073e-01 8.411387e-01
0.850000 22.050000 8.418971348002e-01 1.629593226555e-01 8.575235e-01
0.850000 22.075000 8.593625564406e-01 1.537488343470e-01 8.730079e-01
0.850000 22.100000 8.758639821623e-01 1.427784322892e-01 8.874251e-01
0.850000 22.125000 8.911627217093e-01 1.301137359547e-01 9.006112e-01
0.850000 22.150000 9.050222405990e-01 1.158606574763e-01 9.124083e-01
0.850000 22.175000 9.172156690863e-01 1.001657007764e-01 9.226688e-01
0.850000 22.200000 9.275333760735e-01 8.321481812091e-02 9.312588e-01
0.850000 22.225000 9.357903318407e-01 6.523081977943e-02 9.380611e-01
0.850000 22.250000 9.418329827542e-01 4.646938397184e-02 9.429787e-01
0.850000 22.275000 9.455453695867e-01 2.721376732866e-02 9.459369e-01
0.850000 22.300000 9.468542400663e-01 7.768369078799e-03 9.468861e-01
0.850000 22.325000 9.457329367347e-01 -1.154864726462e-02 9.458034e-01
0.850000 22.350000 9.422038834208e-01 -3.041342585429e-02 9.426946e-01
0.850000 22.375000 9.363395468470e-01 -4.850489901303e-02 9.375950e-01
0.850000 22.400000 9.282618121059e-01 -6.551336723021e-02 9.305708e-01
0.850000 22.425000 9.181397787458e-01 -8.114886066174e-02 9.217189e-01
0.850000 22.450000 9.061860537608e-01 -9.514897206557e-02 9.111677e-01
0.850000 22.475000 8.926516840159e-01 -1.072858762381e-01 8.990758e-01
0.850000 22.500000 8.778199286140e-01 -1.173722921262e-01 8.856320e-01
0.850000 22.525000 8.619991169815e-01 -1.252661979702e-01 8.710534e-01
0.850000 22.550000 8.455148676737e-01 -1.308741728366e-01 8.555837e-01
0.850000 22.575000 8.287019543217e-01 -1.341533045003e-01 8.394903e-01
0.850000 22.600000 8.118960987888e-01 -1.351116683062e-01 8.230616e-01
0.850000 22.625000 7.954259494067e-01 -1.338074391812e-01 8.066021e-01
0.850000 22.650000 7.796054676542e-01 -1.303467452049e-01 7.904271e-01
0.850000 22.675000 7.647269045173e-01 -1.248804034019e-01 7.748563e-01
0.850000 22.700000 7.510545032565e-01 -1.175996959094e-01 7.602056e-01
0.850000 22.725000 7.388190234403e-01 -1.087313484647e-01 7.467771e-01
0.850000 22.750000 7.282131460173e-01 -9.853186607666e-02 7.348489e-01
0.850000 22.775000 7.193877936271e-01 -8.728136678898e-02 7.246633e-01
0.850000 22.800000 7.124493851759e-01 -7.527703824811e-02 7.164152e-01
0.850000 22.825000 7.074580379995e-01 -6.282632782896e-02 7.102422e-01
0.850000 22.850000 7.044267320601e-01 -5.023996898359e-02 7.062160e-01
0.850000 22.875000 7.033214547607e-01 -3.782494648810e-02 7.043378e-01
0.850000 22.900000 7.040623477119e-01 -2.587751180375e-02 7.045377e-01
0.850000 22.925000 7.065258739525e-01 -1.467637543493e-02 7.066783e-01
0.850000 22.950000 7.105480123839e-01 -4.476222875621e-03 7.105621e-01
0.850000 22.975000 7.159284636983e-01 4.498279762723e-03 7.159426e-01
0.850000 23.000000 7.224358188854e-01 1.205780984187e-02 7.225364e-01
0.850000 23.025000 7.298135994261e-01 1.805285644613e-02 7.300368e-01
0.850000 23.050000 7.377870312022e-01 2.237715541218e-02 7.381263e-01
0.850000 23.075000 7.460703668900e-01 2.496993710603e-02 7.464881e-01
0.850000 23.100000 7.543745296496e-01 2.581687149799e-02 7.548162e-01
0.850000 23.125000 7.624148195724e-01 2.494964693876e-02 7.628229e-01
0.850000 23.150000 7.699184079518e-01 2.244418033413e-02 7.702455e-01
0.850000 23.175000 7.766313457738e-01 1.841752195170e-02 7.768497e-01
0.850000 23.200000 7.823248326537e-01 1.302358195199e-02 7.824332e-01
0.850000 23.225000 7.868005294700e-01 6.447862066710e-03 7.868269e-01
0.850000 23.250000 7.898947488911e-01 -1.098580384944e-03 7.898955e-01
0.850000 23.275000 7.914814181010e-01 -9.385681314999e-03 7.915371e-01
0.850000 23.300000 7.914737716900e-01 -1.817116687494e-02 7.916823e-01
0.850000 23.325000 7.898247941770e-01 -2.720734165680e-02 7.902933e-01
0.850000 23.350000 7.865264858696e-01 -3.624763395807e-02 7.873613e-01
0.850000 23.375000 7.816080689302e-01 -4.505269832774e-02 7.829054e-01
0.850000 23.400000 7.751332804483e-01 -5.339591679754e-02 7.769702e-01
0.850000 23.425000 7.671969156853e-01 -6.106818339980e-02 7.696236e-01
0.850000 23.450000 7.579207888554e-01 -6.788189744485e-02 7.609546e-01
0.850000 23.475000 7.474492735328e-01 -7.367412631682e-02 7.510714e-01
0.850000 23.500000 7.359445735302e-01 -7.830892643682e-02 7.400991e-01
0.850000 23.525000 7.235818614657e-01 -8.167883130153e-02 7.281773e-01
0.850000 23.550000 7.105444093501e-01 -8.370552933295e-02 7.154579e-01
0.850000 23.575000 6.970188254423e-01 -8.433976392379e-02 7.021029e-01
0.850000 23.600000 6.831905051089e-01 -8.356049630263e-02 6.882816e-01
0.850000 23.625000 6.692393998274e-01 -8.137338133759e-02 6.741684e-01
0.850000 23.650000 6.553362059647e-01 -7.780861912424e-02 6.599392e-01
0.850000 23.675000 6.416390709078e-01 -7.291826200431e-02 6.457691e-01
0.850000 23.700000 6.282909056939e-01 -6.677307699493e-02 6.318292e-01
0.850000 23.725000 6.154173780340e-01 -5.945908556578e-02 6.182831e-01
0.850000 23.750000 6.031256360904e-01 -5.107392326894e-02 6.052843e-01
0.850000 23.775000 5.915037814745e-01 -4.172317727451e-02 5.929735e-01
0.850000 23.800000 5.806210711856e-01 -3.151686675187e-02 5.814758e-01
0.850000 23.825000 5.705287856410e-01 -2.056622629771e-02 5.708993e-01
0.850000 23.850000 5.612616577460e-01 -8.980934514817e-03 5.613335e-01
0.850000 23.875000 5.528397209603e-01 3.133101644191e-03 5.528486e-01
0.850000 23.900000 5.452704072937e-01 1.567533922538e-02 5.454957e-01
0.850000 23.925000 5.385507130971e-01 2.855155184351e-02 5.393070e-01
0.850000 23.950000 5.326692539646e-01 4.167418010015e-02 5.342970e-01
0.850000 23.975000 5.276080506687e-01 5.496216885523e-02 5.304631e-01
0.850000 24.000000 5.233439243840e-01 6.834042321026e-02 5.277872e-01
0.850000 24.025000 5.198494280229e-01 8.173904434773e-02 5.262364e-01
0.850000 24.050000 5.170932961968e-01 9.509251849408e-02 5.257643e-01
0.850000 24.075000 5.150404529806e-01 1.083390256260e-01 5.263117e-01
0.850000 24.100000 5.136516678805e-01 1.214200097420e-01 5.278076e-01
0.850000 24.125000 5.128829903769e-01 1.342801124430e-01 5.301699e-01
0.850000 24.150000 5.126851176114e-01 1.468675208779e-01 5.333068e-01
0.850000 24.175000 5.130028556587e-01 1.591347258391e-01 5.371180e-01
0.850000 24.200000 5.137748220045e-01 1.710396323901e-01 5.414971e-01
0.850000 24.225000 5.149335072992e-01 1.825469200612e-01 5.463331e-01
0.850000 24.250000 5.164057720760e-01 1.936295173925e-01 5.515137e-01
0.850000 24.275000 5.181138043013e-01 2.042700397674e-01 5.569274e-01
0.850000 24.300000 5.199765124569e-01 2.144620412811e-01 5.624674e-01
0.850000 24.325000 5.219112823661e-01 2.242109498145e-01 5.680334e-01
0.850000 24.350000 5.238359893539e-01 2.335345865900e-01 5.735351e-01
0.850000 24.375000 5.256711342752e-01 2.424632127382e-01 5.788942e-01
0.850000 24.400000 5.273419642801e-01 2.510390904464e-01 5.840464e-01
0.850000 24.425000 5.287804467216e-01 2.593155895937e-01 5.889426e-01
0.850000 24.450000 5.299269852677e-01 2.673559074875e-01 5.935502e-01
0.850000 24.475000 5.307317975168e-01 2.752314957130e-01 5.978533e-01
0.850000 24.500000 5.311559087523e-01 2.830203021030e-01 6.018530e-01
0.850000 24.525000 5.311717522131e-01 2.908049370921e-01 6.055666e-01
0.850000 24.550000 5.307633980833e-01 2.986708635996e-01 6.090272e-01
0.850000 24.575000 5.299264579797e-01 3.067046907865e-01 6.122825e-01
0.850000 24.600000 5.286677270350e-01 3.149926280804e-01 6.153941e-01
0.850000 24.625000 5.270046312136e-01 3.236191306132e-01 6.184361e-01
0.850000 24.650000 5.249645441767e-01 3.326657441743e-01 6.214936e-01
0.850000 24.675000 5.225840278676e-01 3.422101397056e-01 6.246614e-01
0.850000 24.700000 5.199080368041e-01 3.523253159031e-01 6.280426e-01
0.850000 24.725000 5.169891108243e-01 3.630789440617e-01 6.317468e-01
0.850000 24.750000 5.138865674818e-01 3.745328311449e-01 6.358885e-01
0.850000 24.775000 5.106656954946e-01 3.867424835483e-01 6.405850e-01
0.850000 24.800000 5.073969457879e-01 3.997567629205e-01 6.459544e-01
0.850000 24.825000 5.041551168616e-01 4.136176343956e-01 6.521134e-01
0.850000 24.850000 5.010185357208e-01 4.283600146157e-01 6.591751e-01
0.850000 24.875000 4.980682429592e-01 4.440117305189e-01 6.672469e-01
0.850000 24.900000 4.953871989575e-01 4.605935993586e-01 6.764281e-01
0.850000 24.925000 4.930595357671e-01 4.781196359255e-01 6.868086e-01
0.850000 24.950000 4.911698845400e-01 4.965973853018e-01 6.984675e-01
0.850000 24.975000 4.898028104387e-01 5.160283699598e-01 7.114718e-01
0.850000 25.000000 4.890423854735e-01 5.364086301095e-01 7.258765e-01
0.850000 25.025000 4.889719250333e-01 5.577293272280e-01 7.417247e-01
0.850000 25.050000 4.896739067719e-01 5.799773736420e-01 7.590483e-01
0.850000 25.075000 4.912300820527e-01 6.031360463471e-01 7.778689e-01
0.850000 25.100000 4.937217813087e-01 6.271855408559e-01 7.981998e-01
0.850000 25.125000 4.972304061996e-01 6.521034202651e-01 8.200469e-01
0.850000 25.150000 5.018380935974e-01 6.778649152182e-01 8.434111e-01
0.850000 25.175000 5.076285290068e-01 7.044430312907e-01 8.682895e-01
0.850000 25.200000 5.146878793943e-01 7.318084212079e-01 8.946771e-01
0.850000 25.225000 5.231058067104e-01 7.599289802662e-01 9.225680e-01
0.850000 25.250000 5.329765128660e-01 7.887691251219e-01 9.519562e-01
0.850000 25.275000 5.443997541371e-01 8.182887199173e-01 9.828365e-01
0.850000 25.300000 5.574817481561e-01 8.484416211664e-01 1.015204e+00
0.850000 25.325000 5.723358808271e-01 8.791738254873e-01 1.049054e+00
0.850000 25.350000 5.890831055601e-01 9.104212234747e-01 1.084383e+00
0.850000 25.375000 6.078519157253e-01 9.421069892839e-01 1.121182e+00
0.850000 25.400000 6.287777661876e-01 9.741386683663e-01 1.159443e+00
0.850000 25.425000 6.520018240971e-01 1.006405063537e+00 1.199149e+00
0.850000 25.450000 6.776689452475e-01 1.038773059265e+00 1.240276e+00
0.850000 25.475000 7.059248016021e-01 1.071084561703e+00 1.282791e+00
0.850000 25.500000 7.369121279885e-01 1.103153763068e+00 1.326645e+00
0.850000 25.525000 7.707661097411e-01 1.134764958758e+00 1.371777e+00
0.850000 25.550000 8.076089947728e-01 1.165671150030e+00 1.418105e+00
0.850000 25.575000 8.475440783119e-01 1.195593651326e+00 1.465529e+00
0.850000 25.600000 8.906492703960e-01 1.224222888123e+00 1.513928e+00
0.850000 25.625000 9.369705089630e-01 1.251220519530e+00 1.563159e+00
0.850000 25.650000 9.865153190686e-01 1.276222952752e+00 1.613058e+00
0.850000 25.675000 1.039246836734e+00 1.298846238922e+00 1.663441e+00
0.850000 25.700000 1.095078611244e+00 1.318692258240e+00 1.714102e+00
0.850000 25.725000 1.153870471702e+00 1.335356024077e+00 1.764821e+00
0.850000 25.750000 1.215425694244e+00 1.348433867830e+00 1.815360e+00
0.850000 25.775000 1.279489639532e+00 1.357532215365e+00 1.865472e+00
0.850000 25.800000 1.345749952272e+00 1.362276636233e+00 1.914900e+00
0.850000 25.825000 1.413838332755e+00 1.362320841071e+00 1.963379e+00
0.850000 25.850000 1.483333812595e+00 1.357355320259e+00 2.010645e+00
0.850000 25.875000 1.553767400156e+00 1.347115355264e+00 2.056432e+00
0.850000 25.900000 1.624627911318e+00 1.331388188055e+00 2.100479e+00
0.850000 25.925000 1.695368772016e+00 1.310019196703e+00 2.142528e+00
0.850000 25.950000 1.765415571426e+00 1.282916989413e+00 2.182331e+00
0.850000 25.975000 1.834174157252e+00 1.250057387272e+00 2.219648e+00
0.850000 26.000000 1.901039093313e+00 1.211486311759e+00 2.254251e+00
0.850000 26.025000 1.965402338636e+00 1.167321622056e+00 2.285923e+00
0.850000 26.050000 2.026662049547e+00 1.117753957416e+00 2.314462e+00
0.850000 26.075000 2.084231444596e+00 1.063046631942e+00 2.339677e+00
0.850000 26.100000 2.137547700091e+00 1.003534606115e+00 2.361396e+00
0.850000 26.125000 2.186080856669e+00 9.396225266534e-01 2.379462e+00
0.850000 26.150000 2.229342711990e+00 8.717817903014e-01 2.393736e+00
0.850000 26.175000 2.266895651113e+00 8.005465551176e-01 2.404099e+00
0.850000 26.200000 2.298361326914e+00 7.265086015974e-01 2.410452e+00
0.850000 26.225000 2.323429052452e+00 6.503109409951e-01 2.412722e+00
0.850000 26.250000 2.341863712152e+00 5.726400831952e-01 2.410859e+00
0.850000 26.275000 2.353512945929e+00 4.942169126323e-01 2.404844e+00
0.850000 26.300000 2.358313317514e+00 4.157861768364e-01 2.394686e+00
0.850000 26.325000 2.356295151667e+00 3.381046645469e-01 2.380429e+00
0.850000 26.350000 2.347585719615e+00 2.619282334233e-01 2.362153e+00
0.850000 26.375000 2.332410471081e+00 1.879979342884e-01 2.339975e+00
0.850000 26.400000 2.311092055165e+00 1.170255621091e-01 2.314053e+00
0.850000 26.425000 2.284046939577e+00 4.967903626135e-02 2.284587e+00
0.850000 26.450000 2.251779524505e+00 -1.343193232053e-02 2.251820e+00
0.850000 26.475000 2.214873748410e+00 -7.176939669964e-02 2.216036e+00
0.850000 26.500000 2.173982291785e+00 -1.248794543193e-01 2.177566e+00
0.850000 26.525000 2.129813594560e+00 -1.724027733526e-01 2.136780e+00
0.850000 26.550000 2.083117006584e+00 -2.140829308978e-01 2.094089e+00
0.850000 26.575000 2.034666482401e+00 -2.497721969207e-01 2.049940e+00
0.850000 26.600000 1.985243306351e+00 -2.794344852887e-01 2.004813e+00
0.850000 26.625000 1.935618388038e+00 -3.031452954524e-01 1.959213e+00
0.850000 26.650000 1.886534699030e+00 -3.210885799749e-01 1.913664e+00
0.850000 26.675000 1.838690428216e+00 -3.335505888435e-01 1.868700e+00
0.850000 26.700000 1.792723415621e+00 -3.409108560148e-01 1.824850e+00
0.850000 26.725000 1.749197383836e+00 -3.436306021013e-01 1.782631e+00
0.850000 26.750000 1.708590424448e+00 -3.422389250459e-01 1.742529e+00
0.850000 26.775000 1.671286116790e+00 -3.373172342744e-01 1.704987e+00
0.850000 26.800000 1.637567561001e+00 -3.294824498884e-01 1.670385e+00
0.850000 26.825000 1.607614500644e+00 -3.193695343754e-01 1.639031e+00
0.850000 26.850000 1.581503596083e+00 -3.076139481359e-01 1.611142e+00
0.850000 26.875000 1.559211792812e+00 -2.948346206839e-01 1.586842e+00
0.850000 26.900000 1.540622613882e+00 -2.816180062908e-01 1.566150e+00
0.850000 26.925000 1.525535097110e+00 -2.685037467450e-01 1.548984e+00
0.850000 26.950000 1.513675000839e+00 -2.559723963497e-01 1.535166e+00
0.850000 26.975000 1.504707820972e+00 -2.444355780203e-01 1.524432e+00
0.850000 27.000000 1.498253100816e+00 -2.342288380384e-01 1.516452e+00
0.850000 27.025000 1.493899476863e+00 -2.256073553135e-01 1.510839e+00
0.850000 27.050000 1.491219889944e+00 -2.187445442372e-01 1.507178e+00
0.850000 27.075000 1.489786402706e+00 -2.137334740703e-01 1.505040e+00
0.850000 27.100000 1.489184100275e+00 -2.105909180224e-01 1.504001e+00
0.850000 27.125000 1.489023608861e+00 -2.092637471208e-01 1.503656e+00
0.850000 27.150000 1.488951843583e+00 -2.096373021478e-01 1.503637e+00
0.850000 27.175000 1.488660687228e+00 -2.115453149340e-01 1.503616e+00
0.850000 27.200000 1.487893400958e+00 -2.147809102141e-01 1.503316e+00
0.850000 27.225000 1.486448670731e+00 -2.191082019408e-01 1.502511e+00
0.850000 27.250000 1.484182294113e+00 -2.242740027863e-01 1.501032e+00
0.850000 27.275000 1.481006606654e+00 -2.300191907575e-01 1.498763e+00
0.850000 27.300000 1.476887831056e+00 -2.360893196624e-01 1.495639e+00
0.850000 27.325000 1.471841603201e+00 -2.422441172156e-01 1.491643e+00
0.850000 27.350000 1.465926984733e+00 -2.482655821805e-01 1.486801e+00
0.850000 27.375000 1.459239311440e+00 -2.539644664160e-01 1.481174e+00
0.850000 27.400000 1.451902249999e+00 -2.591850055779e-01 1.474855e+00
0.850000 27.425000 1.444059443274e+00 -2.638078404130e-01 1.467959e+00
0.850000 27.450000 1.435866117147e+00 -2.677511464233e-01 1.460617e+00
0.850000 27.475000 1.427481001022e+00 -2.709700608681e-01 1.452972e+00
0.850000 27.500000 1.419058880972e+00 -2.734545606509e-01 1.445166e+00
0.850000 27.525000 1.410744060332e+00 -2.752260008120e-01 1.437341e+00
0.850000 27.550000 1.402664948989e+00 -2.763325694482e-01 1.429625e+00
0.850000 27.575000 1.394929941391e+00 -2.768439493199e-01 1.422136e+00
0.850000 27.600000 1.387624676489e+00 -2.768454976850e-01 1.414972e+00
0.850000 27.625000 1.380810703025e+00 -2.764322627988e-01 1.408209e+00
0.850000 27.650000 1.374525503680e+00 -2.757031471924e-01 1.401903e+00
0.850000 27.675000 1.368783765119e+00 -2.747555041003e-01 1.396087e+00
0.850000 27.700000 1.363579721487e+00 -2.736804149163e-01 1.390773e+00
0.850000 27.725000 1.358890350086e+00 -2.725588439805e-01 1.385955e+00
0.850000 27.750000 1.354679163220e+00 -2.714588050719e-01 1.381610e+00
0.850000 27.775000 1.350900321930e+00 -2.704336054782e-01 1.377703e+00
0.850000 27.800000 1.347502797342e+00 -2.695211629698e-01 1.374193e+00
0.850000 27.825000 1.344434323598e+00 -2.687443234656e-01 1.371031e+00
0.850000 27.850000 1.341644921604e+00 -2.681120476772e-01 1.368172e+00
0.850000 27.875000 1.339089822270e+00 -2.676212881167e-01 1.365570e+00
0.850000 27.900000 1.336731677338e+00 -2.672593471542e-01 1.363187e+00
0.850000 27.925000 1.334542010121e+00 -2.670064944913e-01 1.360990e+00
0.850000 27.950000 1.332501921896e+00 -2.668386290093e-01 1.358957e+00
0.850000 27.975000 1.330602126745e+00 -2.667297941749e-01 1.357073e+00
0.850000 28.000000 1.328842433276e+00 -2.666543950921e-01 1.355333e+00
0.850000 28.025000 1.327230822349e+00 -2.665890145180e-01 1.353740e+00
0.850000 28.050000 1.325782283349e+00 -2.665137794366e-01 1.352305e+00
0.850000 28.075000 1.324517567443e+00 -2.664132834590e-01 1.351045e+00
0.850000 28.100000 1.323461996120e+00 -2.662771180187e-01 1.349983e+00
0.850000 28.125000 1.322644430125e+00 -2.661001025042e-01 1.349147e+00
0.850000 28.150000 1.322096462091e+00 -2.658823269006e-01 1.348567e+00
0.850000 28.175000 1.321851850664e+00 -2.656291285723e-01 1.348277e+00
0.850000 28.200000 1.321946169835e+00 -2.653511176359e-01 1.348315e+00
0.850000 28.225000 1.322416609281e+00 -2.650643446717e-01 1.348720e+00
0.850000 28.250000 1.323301833338e+00 -2.647906733595e-01 1.349534e+00
0.850000 28.275000 1.324641790330e+00 -2.645583829695e-01 1.350802e+00
0.850000 28.300000 1.326477361172e+00 -2.644029858072e-01 1.352572e+00
0.850000 28.325000 1.328849746030e+00 -2.643682069231e-01 1.354892e+00
0.850000 28.350000 1.331799508537e+00 -2.645070412411e-01 1.357812e+00
0.850000 28.375000 1.335365225955e+00 -2.648827794142e-01 1.361383e+00
0.850000 28.400000 1.339581727658e+00 -2.655698797397e-01 1.365652e+00
0.850000 28.425000 1.344477940006e+00 -2.666545597779e-01 1.370666e+00
0.850000 28.450000 1.350074390266e+00 -2.682349873360e-01 1.376463e+00
0.850000 28.475000 1.356380453367e+00 -2.704209649143e-01 1.383075e+00
0.850000 28.500000 1.363391451198e+00 -2.733330227604e-01 1.390520e+00
0.850000 28.525000 1.371085734188e+00 -2.771008615292e-01 1.398807e+00
0.850000 28.550000 1.379421888637e+00 -2.818611144620e-01 1.407924e+00
0.850000 28.575000 1.388336220950e+00 -2.877544296410e-01 1.417843e+00
0.850000 28.600000 1.397740671852e+00 -2.949219042769e-01 1.428516e+00
0.850000 28.625000 1.407521310192e+00 -3.035009345669e-01 1.439871e+00
0.850000 28.650000 1.417537547123e+00 -3.136205760221e-01 1.451816e+00
0.850000 28.675000 1.427622197042e+00 -3.253965399211e-01 1.464236e+00
0.850000 28.700000 1.437582491340e+00 -3.389259811249e-01 1.476995e+00
0.850000 28.725000 1.447202124048e+00 -3.542822598718e-01 1.489936e+00
0.850000 28.750000 1.456244374644e+00 -3.715098839346e-01 1.502886e+00
0.850000 28.775000 1.464456312352e+00 -3.906198557069e-01 1.515657e+00
0.850000 28.800000 1.471574038997e+00 -4.115856591907e-01 1.528049e+00
0.850000 28.825000 1.477328875186e+00 -4.343401221300e-01 1.539855e+00
0.850000 28.850000 1.481454339549e+00 -4.587733766573e-01 1.550864e+00
0.850000 28.875000 1.483693716118e+00 -4.847321162903e-01 1.560869e+00
0.850000 28.900000 1.483807954350e+00 -5.120203074100e-01 1.569666e+00
0.850000 28.925000 1.481583603851e+00 -5.404014600422e-01 1.577062e+00
0.850000 28.950000 1.476840455337e+00 -5.696024977093e-01 1.582879e+00
0.850000 28.975000 1.469438544379e+00 -5.993191923664e-01 1.586957e+00
0.850000 29.000000 1.459284177255e+00 -6.292230520629e-01 1.589161e+00
0.850000 29.025000 1.446334660191e+00 -6.589694707416e-01 1.589379e+00
0.850000 29.050000 1.430601454214e+00 -6.882068765411e-01 1.587529e+00
0.850000 29.075000 1.412151536096e+00 -7.165865519615e-01 1.583562e+00
0.850000 29.100000 1.391106818633e+00 -7.437727505433e-01 1.577459e+00
0.850000 29.125000 1.367641566795e+00 -7.694527035442e-01 1.569236e+00
0.850000 29.150000 1.341977835451e+00 -7.933460985540e-01 1.558943e+00
0.850000 29.175000 1.314379044558e+00 -8.152136207684e-01 1.546663e+00
0.850000 29.200000 1.285141894144e+00 -8.348641762195e-01 1.532510e+00
0.850000 29.225000 1.254586899801e+00 -8.521604629506e-01 1.516630e+00
0.850000 29.250000 1.223047896135e+00 -8.670226184109e-01 1.499191e+00
0.850000 29.275000 1.190860908076e+00 -8.794297461291e-01 1.480387e+00
0.850000 29.300000 1.158352826048e+00 -8.894192086240e-01 1.460427e+00
0.850000 29.325000 1.125830339916e+00 -8.970836630993e-01 1.439532e+00
0.850000 29.350000 1.093569587614e+00 -9.025659084382e-01 1.417928e+00
0.850000 29.375000 1.061806957674e+00 -9.060517032003e-01 1.395838e+00
0.850000 29.400000 1.030731450763e+00 -9.077608017616e-01 1.373476e+00
0.850000 29.425000 1.000478954457e+00 -9.079365365140e-01 1.351039e+00
0.850000 29.450000 9.711287189039e-01 -9.068343452554e-01 1.328698e+00
0.850000 29.475000 9.427022399038e-01 -9.047097016082e-01 1.306594e+00
0.850000 29.500000 9.151646623642e-01 -9.018059494632e-01 1.284827e+00
0.850000 29.525000 8.884287134033e-01 -8.983425671255e-01 1.263458e+00
0.850000 29.550000 8.623610641805e-01 -8.945043902766e-01 1.242499e+00
0.850000 29.575000 8.367909069698e-01 -8.904323029152e-01 1.221920e+00
0.850000 29.600000 8.115204242908e-01 -8.862158607399e-01 1.201642e+00
0.850000 29.625000 7.863367257866e-01 -8.818882419359e-01 1.181547e+00
0.850000 29.650000 7.610247421567e-01 -8.774238273904e-01 1.161478e+00
0.850000 29.675000 7.353804996590e-01 -8.727385991100e-01 1.141252e+00
0.850000 29.700000 7.092241588904e-01 -8.676934168085e-01 1.120665e+00
0.850000 29.725000 6.824121916838e-01 -8.621000946029e-01 1.099501e+00
0.850000 29.750000 6.548480924633e-01 -8.557300599625e-01 1.077543e+00
0.850000 29.775000 6.264910755553e-01 -8.483252436299e-01 1.054584e+00
0.850000 29.800000 5.973622958247e-01 -8.396107303122e-01 1.030431e+00
0.850000 29.825000 5.675482425222e-01 -8.293086029920e-01 1.004920e+00
0.850000 29.850000 5.372010892843e-01 -8.171523449107e-01 9.779177e-01
0.850000 29.875000 5.065359293682e-01 -8.029011269955e-01 9.493307e-01
0.850000 29.900000 4.758249759885e-01 -7.863533068917e-01 9.191088e-01
0.850000 29.925000 4.453889545095e-01 -7.673584987381e-01 8.872488e-01
0.850000 29.950000 4.155860481124e-01 -7.458276379968e-01 8.537978e-01
0.850000 29.975000 3.867988744125e-01 -7.217405588131e-01 8.188546e-01
0.850000 30.000000 3.594200618058e-01 -6.951507167807e-01 7.825710e-01
0.850000 30.025000 3.338370573917e-01 -6.661868210113e-01 7.451524e-01
0.850000 30.050000 3.104168312287e-01 -6.350512790975e-01 7.068584e-01
0.850000 30.075000 2.894911442524e-01 -6.020155000845e-01 6.680028e-01
0.850000 30.100000 2.713430206655e-01 -5.674122377231e-01 6.289544e-01
0.850000 30.125000 2.561950123352e-01 -5.316252836236e-01 5.901367e-01
0.850000 30.150000 2.441997657659e-01 -4.950769329370e-01 5.520278e-01
0.850000 30.175000 2.354333050699e-01 -4.582137402015e-01 5.151589e-01
0.850000 30.200000 2.298913307542e-01 -4.214911570364e-01 4.801092e-01
0.850000 30.225000 2.274887079812e-01 -3.853576940298e-01 4.474949e-01
0.850000 30.250000 2.280621833207e-01 -3.502392744822e-01 4.179473e-01
0.850000 30.275000 2.313762303003e-01 -3.165244459825e-01 3.920748e-01
0.850000 30.300000 2.371317861615e-01 -2.845510859723e-01 3.704063e-01
0.850000 30.325000 2.449775105986e-01 -2.545951789857e-01 3.533167e-01
0.850000 30.350000 2.545230779299e-01 -2.268621566225e-01 3.409522e-01
0.850000 30.375000 2.653539136000e-01 -2.014811783625e-01 3.331777e-01
0.850000 30.400000 2.770467106608e-01 -1.785025955678e-01 3.295725e-01
0.850000 30.425000 2.891850180242e-01 -1.578986878788e-01 3.294844e-01
0.850000 30.450000 3.013741847921e-01 -1.395675980699e-01 3.321227e-01
0.850000 30.475000 3.132549770212e-01 -1.233402273754e-01 3.366623e-01
0.850000 30.500000 3.245152555589e-01 -1.089896986763e-01 3.423287e-01
0.850000 30.525000 3.348992137832e-01 -9.624286053928e-02 3.484540e-01
0.850000 30.550000 3.442138167024e-01 -8.479320125368e-02 3.545039e-01
0.850000 30.575000 3.523322492421e-01 -7.431447748833e-02 3.600842e-01
0.850000 30.600000 3.591943603908e-01 -6.447434318162e-02 3.649350e-01
0.850000 30.625000 3.648042680377e-01 -5.494729352222e-02 3.689192e-01
0.850000 30.650000 3.692254530309e-01 -4.542631507563e-02 3.720094e-01
0.850000 30.675000 3.725738069970e-01 -3.563275075122e-02 3.742739e-01
0.850000 30.700000 3.750091956267e-01 -2.532403792742e-02 3.758633e-01
0.850000 30.725000 3.767261494924e-01 -1.429914700146e-02 3.769974e-01
0.850000 30.750000 3.779442942574e-01 -2.401721174391e-03 3.779519e-01
0.850000 30.775000 3.788990823551e-01 1.047891893791e-02 3.790440e-01
0.850000 30.800000 3.798332946261e-01 2.440860469337e-02 3.806168e-01
0.850000 30.825000 3.809896530460e-01 3.941058122334e-02 3.830226e-01
0.850000 30.850000 3.826047379254e-01 5.546874503471e-02 3.866047e-01
0.850000 30.875000 3.849042501074e-01 7.253139474423e-02 3.916785e-01
0.850000 30.900000 3.880995163246e-01 9.051507367449e-02 3.985150e-01
0.850000 30.925000 3.923850182633e-01 1.093081655023e-01 4.073258e-01
0.850000 30.950000 3.979366443748e-01 1.287740170828e-01 4.182539e-01
0.850000 30.975000 4.049103253452e-01 1.487534923735e-01 4.313699e-01
0.850000 31.000000 4.134407218244e-01 1.690669929618e-01 4.466731e-01
0.850000 31.025000 4.236396839364e-01 1.895160991381e-01 4.640980e-01
0.850000 31.050000 4.355942890175e-01 2.098850776500e-01 4.835226e-01
0.850000 31.075000 4.493643759818e-01 2.299425583144e-01 5.047791e-01
0.850000 31.100000 4.649796182568e-01 2.494436958612e-01 5.276630e-01
0.850000 31.125000 4.824362980372e-01 2.681331047420e-01 5.519422e-01
0.850000 31.150000 5.016940489919e-01 2.857487868498e-01 5.773641e-01
0.850000 31.175000 5.226729110191e-01 3.020271729446e-01 6.036616e-01
0.850000 31.200000 5.452510809369e-01 3.167092789555e-01 6.305581e-01
0.850000 31.225000 5.692637429356e-01 3.295478509427e-01 6.577712e-01
0.850000 31.250000 5.945033222986e-01 3.403152504168e-01 6.850173e-01
0.850000 31.275000 6.207214294527e-01 3.488117269973e-01 7.120145e-01
0.850000 31.300000 6.476326563961e-01 3.548736479137e-01 7.384872e-01
0.850000 31.325000 6.749202638642e-01 3.583812103988e-01 7.641691e-01
0.850000 31.350000 7.022436664384e-01 3.592651568741e-01 7.888077e-01
0.850000 31.375000 7.292474953369e-01 3.575120436959e-01 8.121679e-01
0.850000 31.400000 7.555719050347e-01 3.531676785767e-01 8.340362e-01
0.850000 31.425000 7.808636983607e-01 3.463384335615e-01 8.542239e-01
0.850000 31.450000 8.047877811165e-01 3.371902517556e-01 8.725713e-01
0.850000 31.475000 8.270384246668e-01 3.259452882487e-01 8.889504e-01
0.850000 31.500000 8.473498138729e-01 3.128762502109e-01 9.032681e-01
0.850000 31.525000 8.655053864628e-01 2.982986200902e-01 9.154680e-01
0.850000 31.550000 8.813455249659e-01 2.825610525707e-01 9.255326e-01
0.850000 31.575000 8.947732390409e-01 2.660343253568e-01 9.334846e-01
0.850000 31.600000 9.057575691014e-01 2.490992923684e-01 9.393866e-01
0.850000 31.625000 9.143345461738e-01 2.321343334931e-01 9.433419e-01
0.850000 31.650000 9.206056525840e-01 2.155028167492e-01 9.454926e-01
0.850000 31.675000 9.247338384250e-01 1.995410867115e-01 9.460176e-01
0.850000 31.700000 9.269372552099e-01 1.845474681710e-01 9.451299e-01
0.850000 31.725000 9.274809664401e-01 1.707727277389e-01 9.430717e-01
0.850000 31.750000 9.266669810669e-01 1.584123704869e-01 9.401097e-01
0.850000 31.775000 9.248230263660e-01 1.476010663756e-01 9.365275e-01
0.850000 31.800000 9.222905282495e-01 1.384094054775e-01 9.326183e-01
0.850000 31.825000 9.194122966986e-01 1.308430759273e-01 9.286759e-01
0.850000 31.850000 9.165204197531e-01 1.248444489806e-01 9.249842e-01
0.850000 31.875000 9.139248503048e-01 1.202964470840e-01 9.218079e-01
0.850000 31.900000 9.119031261729e-01 1.170284694417e-01 9.193818e-01
0.850000 31.925000 9.106915975086e-01 1.148240612753e-01 9.179018e-01
0.850000 31.950000 9.104784501388e-01 1.134299434512e-01 9.175170e-01
0.850000 31.975000 9.113987142988e-01 1.125659730344e-01 9.183239e-01
0.850000 32.000000 9.135313419285e-01 1.119355857276e-01 9.203636e-01
0.850000 32.025000 9.168983298061e-01 1.112362791653e-01 9.236212e-01
0.850000 32.050000 9.214657679513e-01 1.101697304942e-01 9.280283e-01
0.850000 32.075000 9.271466100238e-01 1.084511990919e-01 9.334680e-01
0.850000 32.100000 9.338049007260e-01 1.058179400953e-01 9.397814e-01
0.850000 32.125000 9.412611582670e-01 1.020364394709e-01 9.467756e-01
0.850000 32.150000 9.492985991808e-01 9.690836863008e-02 9.542322e-01
0.850000 32.175000 9.576699069471e-01 9.027523802638e-02 9.619154e-01
0.850000 32.200000 9.661042811805e-01 8.202179756574e-02 9.695798e-01
0.850000 32.225000 9.743145547391e-01 7.207828152352e-02 9.769770e-01
0.850000 32.250000 9.820042246440e-01 6.042162376333e-02 9.838613e-01
0.850000 32.275000 9.888743013523e-01 4.707577485073e-02 9.899942e-01
0.850000 32.300000 9.946299321467e-01 3.211123827600e-02 9.951481e-01
0.850000 32.325000 9.989867920474e-01 1.564391296929e-02 9.991093e-01
0.850000 32.350000 1.001677255434e+00 -2.166710082403e-03 1.001680e+00
0.850000 32.375000 1.002456361862e+00 -2.111999072686e-02 1.002679e+00
0.850000 32.400000 1.001107571256e+00 -4.097725178792e-02 1.001946e+00
0.850000 32.425000 9.974482702542e-01 -6.146561456226e-02 9.993403e-01
0.850000 32.450000 9.913349483909e-01 -8.228261958211e-02 9.947439e-01
0.850000 32.475000 9.826679167965e-01 -1.031016832324e-01 9.880618e-01
0.850000 32.500000 9.713954003386e-01 -1.235784103222e-01 9.792245e-01
0.850000 32.525000 9.575168033343e-01 -1.433577354850e-01 9.681890e-01
0.850000 32.550000 9.410849345296e-01 -1.620818068788e-01 9.549405e-01
0.850000 32.575000 9.222069825909e-01 -1.793984601679e-01 9.394943e-01
0.850000 32.600000 9.010440600510e-01 -1.949700660575e-01 9.218968e-01
0.850000 32.625000 8.778091805846e-01 -2.084824775557e-01 9.022272e-01
0.850000 32.650000 8.527635983896e-01 -2.196537596871e-01 8.805984e-01
0.850000 32.675000 8.262115145642e-01 -2.282423592039e-01 8.571581e-01
0.850000 32.700000 7.984932377307e-01 -2.340543677416e-01 8.320895e-01
0.850000 32.725000 7.699769685357e-01 -2.369495496687e-01 8.056113e-01
0.850000 32.750000 7.410494539367e-01 -2.368458445231e-01 7.779783e-01
0.850000 32.775000 7.121058222159e-01 -2.337221107171e-01 7.494803e-01
0.850000 32.800000 6.835389593272e-01 -2.276189482702e-01 7.204415e-01
0.850000 32.825000 6.557288188736e-01 -2.186375191053e-01 6.912182e-01
0.850000 32.850000 6.290320704169e-01 -2.069363691519e-01 6.621964e-01
0.850000 32.875000 6.037724839335e-01 -1.927263424992e-01 6.337860e-01
0.850000 32.900000 5.802324230076e-01 -1.762637599978e-01 6.064145e-01
0.850000 32.925000 5.586457774675e-01 -1.578421094510e-01 5.805164e-01
0.850000 32.950000 5.391926097876e-01 -1.377825589389e-01 5.565184e-01
0.850000 32.975000 5.219957210930e-01 -1.164236564641e-01 5.348215e-01
0.850000 33.000000 5.071192646160e-01 -9.411061607694e-02 5.157778e-01
0.850000 33.025000 4.945694497550e-01 -7.118461127217e-02 4.996661e-01
0.850000 33.050000 4.842972914995e-01 -4.797249946295e-02 4.866675e-01
0.850000 33.075000 4.762032712986e-01 -2.477738577605e-02 4.768474e-01
0.850000 33.100000 4.701436902712e-01 -1.870399819265e-03 4.701474e-01
0.850000 33.125000 4.659384181600e-01 2.051599423131e-02 4.663899e-01
0.850000 33.150000 4.633796760960e-01 4.219290463759e-02 4.652966e-01
0.850000 33.175000 4.622414424806e-01 6.301797231929e-02 4.665173e-01
0.850000 33.200000 4.622890431673e-01 8.289631725233e-02 4.696626e-01
0.850000 33.225000 4.632884827892e-01 1.017795068571e-01 4.743367e-01
0.850000 33.250000 4.650150953199e-01 1.196626848079e-01 4.801648e-01
0.850000 33.275000 4.672611387954e-01 1.365800941783e-01 4.868132e-01
0.850000 33.300000 4.698420294890e-01 1.525993101513e-01 4.940021e-01
0.850000 33.325000 4.726010005139e-01 1.678145582360e-01 5.015111e-01
0.850000 33.350000 4.754120726432e-01 1.823395288922e-01 5.091801e-01
0.850000 33.375000 4.781813333968e-01 1.963001055057e-01 5.169053e-01
0.850000 33.400000 4.808466255732e-01 2.098273990333e-01 5.246342e-01
0.850000 33.425000 4.833758398175e-01 2.230514313329e-01 5.323572e-01
0.850000 33.450000 4.857640798246e-01 2.360957347858e-01 5.400999e-01
0.850000 33.475000 4.880300173624e-01 2.490730452119e-01 5.479148e-01
0.850000 33.500000 4.902117739604e-01 2.620821667183e-01 5.558729e-01
0.850000 33.525000 4.923626561120e-01 2.752059902464e-01 5.640561e-01
0.850000 33.550000 4.945470335086e-01 2.885105611404e-01 5.725514e-01
0.850000 33.575000 4.968365901896e-01 3.020450227631e-01 5.814446e-01
0.850000 33.600000 4.993071037647e-01 3.158422186593e-01 5.908163e-01
0.850000 33.625000 5.020358266238e-01 3.299197179337e-01 6.007387e-01
0.850000 33.650000 5.050994642053e-01 3.442810373089e-01 6.112732e-01
0.850000 33.675000 5.085726772154e-01 3.589168657826e-01 6.224689e-01
0.850000 33.700000 5.125269838125e-01 3.738061484886e-01 6.343618e-01
0.850000 33.725000 5.170299085487e-01 3.889169480600e-01 6.469747e-01
0.850000 33.750000 5.221442188636e-01 4.042070664987e-01 6.603165e-01
0.850000 33.775000 5.279271059919e-01 4.196244703873e-01 6.743825e-01
0.850000 33.800000 5.344292015516e-01 4.351076104927e-01 6.891540e-01
0.850000 33.825000 5.416933682238e-01 4.505857584842e-01 7.045986e-01
0.850000 33.850000 5.497532561268e-01 4.659794960828e-01 7.206702e-01
0.850000 33.875000 5.586316688005e-01 4.812014853786e-01 7.373088e-01
0.850000 33.900000 5.683388279723e-01 4.961576255813e-01 7.544411e-01
0.850000 33.925000 5.788706596606e-01 5.107486651747e-01 7.719815e-01
0.850000 33.950000 5.902072428176e-01 5.248722945946e-01 7.898326e-01
0.850000 33.975000 6.023115648365e-01 5.384256987392e-01 8.078870e-01
0.850000 34.000000 6.151287170622e-01 5.513085060365e-01 8.260293e-01
0.850000 34.025000 6.285856407436e-01 5.634260355380e-01 8.441379e-01
0.850000 34.050000 6.425915034925e-01 5.746927181697e-01 8.620879e-01
0.850000 34.075000 6.570387523751e-01 5.850355537325e-01 8.797537e-01
0.850000 34.100000 6.718048561014e-01 5.943974608279e-01 8.970118e-01
0.850000 34.125000 6.867547182471e-01 6.027403806593e-01 9.137440e-01
0.850000 34.150000 7.017437177420e-01 6.100480049920e-01 9.298402e-01
0.850000 34.175000 7.166213122480e-01 6.163280107248e-01 9.452017e-01
0.850000 34.200000 7.312351236680e-01 6.216136962685e-01 9.597439e-01
0.850000 34.225000 7.454354111252e-01 6.259649268910e-01 9.733992e-01
0.850000 34.250000 7.590798233294e-01 6.294683072322e-01 9.861199e-01
0.850000 34.275000 7.720383075074e-01 6.322365102877e-01 9.978808e-01
0.850000 34.300000 7.841980350693e-01 6.344067052715e-01 1.008682e+00
0.850000 34.325000 7.954681850584e-01 6.361380443061e-01 1.018549e+00
0.850000 34.350000 8.057844067163e-01 6.376081922418e-01 1.027537e+00
0.850000 34.375000 8.151127648882e-01 6.390089167412e-01 1.035732e+00
0.850000 34.400000 8.234529601482e-01 6.405407976165e-01 1.043248e+00
0.850000 34.425000 8.308406134148e-01 6.424071642078e-01 1.050230e+00
0.850000 34.450000 8.373484161582e-01 6.448074246447e-01 1.056849e+00
0.850000 34.475000 8.430859748390e-01 6.479300068925e-01 1.063300e+00
0.850000 34.500000 8.481982231360e-01 6.519451831923e-01 1.069800e+00
0.850000 34.525000 8.528623371167e-01 6.569980909892e-01 1.076578e+00
0.850000 34.550000 8.572831639173e-01 6.632022890636e-01 1.083869e+00
0.850000 34.575000 8.616872589595e-01 6.706341926981e-01 1.091904e+00
0.850000 34.600000 8.663157139017e-01 6.793287133500e-01 1.100904e+00
0.850000 34.625000 8.714160401779e-01 6.892763856558e-01 1.111066e+00
0.850000 34.650000 8.772334437766e-01 7.004221992775e-01 1.122555e+00
0.850000 34.675000 8.840018792544e-01 7.126662690316e-01 1.135497e+00
0.850000 34.700000 8.919352997441e-01 7.258663798809e-01 1.149970e+00
0.850000 34.725000 9.012195218762e-01 7.398423409946e-01 1.166003e+00
0.850000 34.750000 9.120050995014e-01 7.543819831583e-01 1.183573e+00
0.850000 34.775000 9.244015497809e-01 7.692485439944e-01 1.202606e+00
0.850000 34.800000 9.384732037601e-01 7.841891124314e-01 1.222982e+00
0.850000 34.825000 9.542368668902e-01 7.989437525600e-01 1.244540e+00
0.850000 34.850000 9.716613800976e-01 8.132549002694e-01 1.267087e+00
0.850000 34.875000 9.906690762371e-01 8.268766243567e-01 1.290407e+00
0.850000 34.900000 1.011139036918e+00 8.395833654126e-01 1.314269e+00
0.850000 34.925000 1.032911976465e+00 8.511778071525e-01 1.338436e+00
0.850000 34.950000 1.055796517244e+00 8.614975910566e-01 1.362675e+00
0.850000 34.975000 1.079576575922e+00 8.704206506700e-01 1.386765e+00
0.850000 35.000000 1.104019553851e+00 8.778690111361e-01 1.410501e+00
0.850000 35.025000 1.128885015240e+00 8.838109675447e-01 1.433703e+00
0.850000 35.050000 1.153933541656e+00 8.882616186084e-01 1.456218e+00
0.850000 35.075000 1.178935467312e+00 8.912817874539e-01 1.477928e+00
0.850000 35.100000 1.203679223059e+00 8.929754077738e-01 1.498749e+00
0.850000 35.125000 1.227979044867e+00 8.934854912821e-01 1.518634e+00
0.850000 35.150000 1.251681832177e+00 8.929888223643e-01 1.537575e+00
0.850000 35.175000 1.274672971352e+00 8.916895496045e-01 1.555603e+00
0.850000 35.200000 1.296880968691e+00 8.898118632098e-01 1.572789e+00
0.850000 35.225000 1.318280766323e+00 8.875919637906e-01 1.589240e+00
0.850000 35.250000 1.338895643463e+00 8.852695424231e-01 1.605099e+00
0.850000 35.275000 1.358797636147e+00 8.830790048049e-01 1.620543e+00
0.850000 35.300000 1.378106441554e+00 8.812406831704e-01 1.635776e+00
0.850000 35.325000 1.396986809359e+00 8.799522874923e-01 1.651026e+00
0.850000 35.350000 1.415644462300e+00 8.793808508884e-01 1.666541e+00
0.850000 35.375000 1.434320630986e+00 8.796554215001e-01 1.682578e+00
0.850000 35.400000 1.453285332866e+00 8.808607428153e-01 1.699398e+00
0.850000 35.425000 1.472829570533e+00 8.830321452647e-01 1.717257e+00
0.850000 35.450000 1.493256668053e+00 8.861518431597e-01 1.736399e+00
0.850000 35.475000 1.514873003494e+00 8.901467924965e-01 1.757043e+00
0.850000 35.500000 1.537978428665e+00 8.948882173350e-01 1.779383e+00
0.850000 35.525000 1.562856691027e+00 9.001928564967e-01 1.803571e+00
0.850000 35.550000 1.589766185582e+00 9.058259199364e-01 1.829721e+00
0.850000 35.575000 1.618931364490e+00 9.115056775873e-01 1.857897e+00
0.850000 35.600000 1.650535117886e+00 9.169095354518e-01 1.888118e+00
0.850000 35.625000 1.684712410059e+00 9.216813873266e-01 1.920352e+00
0.850000 35.650000 1.721545410538e+00 9.254399691572e-01 1.954522e+00
0.850000 35.675000 1.761060300370e+00 9.277878903641e-01 1.990508e+00
0.850000 35.700000 1.803225861219e+00 9.283209761747e-01 2.028153e+00
0.850000 35.725000 1.847953871352e+00 9.266375308246e-01 2.067266e+00
0.850000 35.750000 1.895101241361e+00 9.223471267827e-01 2.107637e+00
0.850000 35.775000 1.944473728274e+00 9.150785425973e-01 2.149034e+00
0.850000 35.800000 1.995830974933e+00 9.044865133892e-01 2.191218e+00
0.850000 35.825000 2.048892538588e+00 8.902570236154e-01 2.233947e+00
0.850000 35.850000 2.103344505395e+00 8.721109602248e-01 2.276979e+00
0.850000 35.875000 2.158846242647e+00 8.498060521554e-01 2.320083e+00
0.850000 35.900000 2.215036824285e+00 8.231371437207e-01 2.363037e+00
0.850000 35.925000 2.271540682216e+00 7.919349771924e-01 2.405630e+00
0.850000 35.950000 2.327972088766e+00 7.560637844319e-01 2.447670e+00
0.850000 35.975000 2.383938164229e+00 7.154180984202e-01 2.488973e+00
0.850000 36.000000 2.439040224557e+00 6.699192822373e-01 2.529369e+00
0.850000 36.025000 2.492873431273e+00 6.195123256699e-01 2.568699e+00
0.850000 36.050000 2.545024869004e+00 5.641634700334e-01 2.606805e+00
0.850000 36.075000 2.595070343264e+00 5.038591848214e-01 2.643533e+00
0.850000 36.100000 2.642570348436e+00 4.386069339471e-01 2.678722e+00
0.850000 36.125000 2.687065788683e+00 3.684380373355e-01 2.712207e+00
0.850000 36.150000 2.728074129230e+00 2.934127626994e-01 2.743807e+00
0.850000 36.175000 2.765086700605e+00 2.136275837295e-01 2.773327e+00
0.850000 36.200000 2.797567866155e+00 1.292243293858e-01 2.800551e+00
0.850000 36.225000 2.824956690017e+00 4.040074140741e-02 2.825246e+00
0.850000 36.250000 2.846671610591e+00 -5.257822872105e-02 2.847157e+00
0.850000 36.275000 2.862118440400e+00 -1.493691994416e-01 2.866013e+00
0.850000 36.300000 2.870701789020e+00 -2.495401258728e-01 2.881527e+00
0.850000 36.325000 2.871839757540e+00 -3.525619949896e-01 2.893400e+00
0.850000 36.350000 2.864981499209e+00 -4.578033525052e-01 2.901328e+00
0.850000 36.375000 2.849627001357e+00 -5.645284578651e-01 2.905007e+00
0.850000 36.400000 2.825348237170e+00 -6.718996939521e-01 2.904142e+00
0.850000 36.425000 2.791810678874e+00 -7.789846365130e-01 2.898452e+00
0.850000 36.450000 2.748794069139e+00 -8.847679303506e-01 2.887678e+00
0.850000 36.475000 2.696211322315e+00 -9.881678433136e-01 2.871590e+00
0.850000 36.500000 2.634124473857e+00 -1.088057094604e+00 2.849996e+00
0.850000 36.525000 2.562756711087e+00 -1.183287300012e+00 2.822745e+00
0.850000 36.550000 2.482499692802e+00 -1.272716160365e+00 2.789733e+00
0.850000 36.575000 2.393915586235e+00 -1.355236354286e+00 2.750908e+00
0.850000 36.600000 2.297733501807e+00 -1.429804991504e+00 2.706274e+00
0.850000 36.625000 2.194840271987e+00 -1.495472442618e+00 2.655892e+00
0.850000 36.650000 2.086265783428e+00 -1.551409384948e+00 2.599880e+00
0.850000 36.675000 1.973163315978e+00 -1.596930986797e+00 2.538417e+00
0.850000 36.700000 1.856785555385e+00 -1.631517285711e+00 2.471741e+00
0.850000 36.725000 1.738457119023e+00 -1.654828988985e+00 2.400144e+00
0.850000 36.750000 1.619544559908e+00 -1.666718124670e+00 2.323978e+00
0.850000 36.775000 1.501424891412e+00 -1.667233185931e+00 2.243645e+00
0.850000 36.800000 1.385453704265e+00 -1.656618629479e+00 2.159599e+00
0.850000 36.825000 1.272933932188e+00 -1.635308799577e+00 2.072341e+00
0.850000 36.850000 1.165086267890e+00 -1.603916544907e+00 1.982416e+00
0.850000 36.875000 1.063022143535e+00 -1.563216970212e+00 1.890414e+00
0.850000 36.900000 9.677200754949e-01 -1.514126914128e+00 1.796959e+00
0.850000 36.925000 8.800060386206e-01 -1.457680866616e+00 1.702717e+00
0.850000 36.950000 8.005383861207e-01 -1.395004132720e+00 1.608384e+00
0.850000 36.975000 7.297976725633e-01 -1.327284113745e+00 1.514691e+00
0.850000 37.000000 6.680815740592e-01 -1.255740612515e+00 1.422398e+00
0.850000 37.025000 6.155049355491e-01 -1.181596076586e+00 1.332297e+00
0.850000 37.050000 5.720048143013e-01 -1.106046672730e+00 1.245202e+00
0.850000 37.075000 5.373502352808e-01 -1.030235038555e+00 1.161951e+00
0.850000 37.100000 5.111562321604e-01 -9.552254840442e-01 1.083391e+00
0.850000 37.125000 4.929016217182e-01 -8.819823190153e-01 1.010369e+00
0.850000 37.150000 4.819498534348e-01 -8.113518648841e-01 9.436988e-01
0.850000 37.175000 4.775721942267e-01 -7.440485743691e-01 8.841287e-01
0.850000 37.200000 4.789724536516e-01 -6.806455358423e-01 8.322818e-01
0.850000 37.225000 4.853124298357e-01 -6.215694855500e-01 7.885916e-01
0.850000 37.250000 4.957372616335e-01 -5.671002972352e-01 7.532318e-01
0.850000 37.275000 5.093999074308e-01 -5.173747712756e-01 7.260612e-01
0.850000 37.300000 5.254840332066e-01 -4.723944104878e-01 7.066045e-01
0.850000 37.325000 5.432246781427e-01 -4.320367526638e-01 6.940813e-01
0.850000 37.350000 5.619261701765e-01 -3.960697348646e-01 6.874825e-01
0.850000 37.375000 5.809768806173e-01 -3.641684941977e-01 6.856769e-01
0.850000 37.400000 5.998605301838e-01 -3.359339652367e-01 6.875204e-01
0.850000 37.425000 6.181638827424e-01 -3.109126148050e-01 6.919489e-01
0.850000 37.450000 6.355807824979e-01 -2.886166585276e-01 6.980419e-01
0.850000 37.475000 6.519126013477e-01 -2.685441272931e-01 7.050574e-01
0.850000 37.500000 6.670652627888e-01 -2.501981919298e-01 7.124431e-01
0.850000 37.525000 6.810430956452e-01 -2.331052072109e-01 7.198317e-01
0.850000 37.550000 6.939398446081e-01 -2.168309983124e-01 7.270270e-01
0.850000 37.575000 7.059272256288e-01 -2.009949812407e-01 7.339838e-01
0.850000 37.600000 7.172414635364e-01 -1.852817815152e-01 7.407865e-01
0.850000 37.625000 7.281682878927e-01 -1.694500913653e-01 7.476245e-01
0.850000 37.650000 7.390268917938e-01 -1.533385844031e-01 7.547672e-01
0.850000 37.675000 7.501533772910e-01 -1.368687880928e-01 7.625373e-01
0.850000 37.700000 7.618842198738e-01 -1.200448983788e-01 7.712836e-01
0.850000 37.725000 7.745402819730e-01 -1.029506072754e-01 7.813523e-01
0.850000 37.750000 7.884118901517e-01 -8.574310219589e-02 7.930606e-01
0.850000 37.775000 8.037454609653e-01 -6.864448360445e-02 8.066715e-01
0.850000 37.800000 8.207321149042e-01 -5.193093262512e-02 8.223734e-01
0.850000 37.825000 8.394986556779e-01 -3.592003912230e-02 8.402668e-01
0.850000 37.850000 8.601012135027e-01 -2.095676947079e-02 8.603565e-01
0.850000 37.875000 8.825217574524e-01 -7.398607515151e-03 8.825528e-01
0.850000 37.900000 9.066675760517e-01 4.399561998823e-03 9.066783e-01
0.850000 37.925000 9.323737111293e-01 1.410024437518e-02 9.324803e-01
0.850000 37.950000 9.594082125880e-01 2.139722761612e-02 9.596468e-01
0.850000 37.975000 9.874799669588e-01 2.602803986963e-02 9.878229e-01
0.850000 38.000000 1.016248746476e+00 2.778449533891e-02 1.016628e+00
0.850000 38.025000 1.045337033851e+00 2.652093545894e-02 1.045673e+00
0.850000 38.050000 1.074343106144e+00 2.215987415103e-02 1.074572e+00
0.850000 38.075000 1.102854813344e+00 1.469487182481e-02 1.102953e+00
0.850000 38.100000 1.130463466194e+00 4.190586550129e-03 1.130471e+00
0.850000 38.125000 1.156777254763e+00 -9.219924027406e-03 1.156814e+00
0.850000 38.150000 1.181433653636e+00 -2.534045647346e-02 1.181705e+00
0.850000 38.175000 1.204110329495e+00 -4.391916893917e-02 1.204911e+00
0.850000 38.200000 1.224534148686e+00 -6.465794835939e-02 1.226240e+00
0.850000 38.225000 1.242487981557e+00 -8.722317344446e-02 1.245546e+00
0.850000 38.250000 1.257815111252e+00 -1.112573637376e-01 1.262726e+00
0.850000 38.275000 1.270421171339e+00 -1.363911856376e-01 1.277722e+00
0.850000 38.300000 1.280273652835e+00 -1.622552935616e-01 1.290514e+00
0.850000 38.325000 1.287399130786e+00 -1.884915171687e-01 1.301125e+00
0.850000 38.350000 1.291878458048e+00 -2.147629612943e-01 1.309608e+00
0.850000 38.375000 1.293840254491e+00 -2.407626602484e-01 1.316051e+00
0.850000 38.400000 1.293453079631e+00 -2.662205176953e-01 1.320566e+00
0.850000 38.425000 1.290916713296e+00 -2.909083620187e-01 1.323289e+00
0.850000 38.450000 1.286452981036e+00 -3.146430490139e-01 1.324372e+00
0.850000 38.475000 1.280296548945e+00 -3.372876429125e-01 1.323980e+00
0.850000 38.500000 1.272686078115e+00 -3.587507974316e-01 1.322283e+00
0.850000 38.525000 1.263856075305e+00 -3.789845355986e-01 1.319455e+00
0.850000 38.550000 1.254029707801e+00 -3.979806864221e-01 1.315667e+00
0.850000 38.575000 1.243412772396e+00 -4.157662751924e-01 1.311082e+00
0.850000 38.600000 1.232188926565e+00 -4.323981809855e-01 1.305855e+00
0.850000 38.625000 1.220516210469e+00 -4.479573701598e-01 1.300125e+00
0.850000 38.650000 1.208524816896e+00 -4.625429902726e-01 1.294016e+00
0.850000 38.675000 1.196316007553e+00 -4.762665684264e-01 1.287634e+00
0.850000 38.700000 1.183962031749e+00 -4.892465063103e-01 1.281065e+00
0.850000 38.725000 1.171506879530e+00 -5.016030067181e-01 1.274376e+00
0.850000 38.750000 1.158967695818e+00 -5.134535088646e-01 1.267612e+00
0.850000 38.775000 1.146336693610e+00 -5.249086579894e-01 1.260800e+00
0.850000 38.800000 1.133583429474e+00 -5.360687931998e-01 1.253946e+00
0.850000 38.825000 1.120657339009e+00 -5.470209096723e-01 1.247038e+00
0.850000 38.850000 1.107490468350e+00 -5.578360389071e-01 1.240047e+00
0.850000 38.875000 1.094000374625e+00 -5.685669936257e-01 1.232925e+00
0.850000 38.900000 1.080093198502e+00 -5.792464401952e-01 1.225613e+00
0.850000 38.925000 1.065666931502e+00 -5.898852876605e-01 1.218036e+00
0.850000 38.950000 1.050614906884e+00 -6.004714139799e-01 1.210106e+00
0.850000 38.975000 1.034829534814e+00 -6.109687816562e-01 1.201730e+00
0.850000 39.000000 1.018206281090e+00 -6.213170214471e-01 1.192803e+00
0.850000 39.025000 1.000647856564e+00 -6.314315797228e-01 1.183217e+00
0.850000 39.050000 9.820685456319e-01 -6.412045289434e-01 1.172861e+00
0.850000 39.075000 9.623985617049e-01 -6.505061299172e-01 1.161624e+00
0.850000 39.100000 9.415882805724e-01 -6.591872089820e-01 1.149398e+00
0.850000 39.125000 9.196121740893e-01 -6.670823748239e-01 1.136083e+00
0.850000 39.150000 8.964722505518e-01 -6.740140516493e-01 1.121587e+00
0.850000 39.175000 8.722008072523e-01 -6.797972523285e-01 1.105829e+00
0.850000 39.200000 8.468623160335e-01 -6.842449620313e-01 1.088746e+00
0.850000 39.225000 8.205542935388e-01 -6.871739549006e-01 1.070288e+00
0.850000 39.250000 7.934070520291e-01 -6.884108280292e-01 1.050430e+00
0.850000 39.275000 7.655822805206e-01 -6.877980120172e-01 1.029166e+00
0.850000 39.300000 7.372704651769e-01 -6.851995078561e-01 1.006512e+00
0.850000 39.325000 7.086872175606e-01 -6.805061065498e-01 9.825101e-01
0.850000 39.350000 6.800686348771e-01 -6.736398698591e-01 9.572273e-01
0.850000 39.375000 6.516658637238e-01 -6.645576857658e-01 9.307552e-01
0.850000 39.400000 6.237390750287e-01 -6.532537575103e-01 9.032114e-01
0.850000 39.425000 5.965510809749e-01 -6.397609366494e-01 8.747384e-01
0.850000 39.450000 5.703608341325e-01 -6.241508646144e-01 8.455033e-01
0.850000 39.475000 5.454170452700e-01 -6.065329400026e-01 8.156972e-01
0.850000 39.500000 5.219521408758e-01 -5.870521772205e-01 7.855344e-01
0.850000 39.525000 5.001767563885e-01 -5.658860636524e-01 7.552508e-01
0.850000 39.550000 4.802749290278e-01 -5.432405557368e-01 7.251030e-01
0.850000 39.575000 4.624001174580e-01 -5.193453783882e-01 6.953657e-01
0.850000 39.600000 4.466721367289e-01 -4.944488070883e-01 6.663300e-01
0.850000 39.625000 4.331750580779e-01 -4.688121180928e-01 6.382989e-01
0.850000 39.650000 4.219560859615e-01 -4.427038904473e-01 6.115829e-01
0.850000 39.675000 4.130253904101e-01 -4.163943348260e-01 5.864932e-01
0.850000 39.700000 4.063568424660e-01 -3.901498097333e-01 5.633318e-01
0.850000 39.725000 4.018895748077e-01 -3.642276663966e-01 5.423809e-01
0.850000 39.750000 3.995302692380e-01 -3.388715408552e-01 5.238877e-01
0.850000 39.775000 3.991560579460e-01 -3.143071864043e-01 5.080498e-01
0.850000 39.800000 4.006179166205e-01 -2.907389129016e-01 4.949988e-01
0.850000 39.825000 4.037444246808e-01 -2.683466727392e-01 4.847881e-01
0.850000 39.850000 4.083457709439e-01 -2.472838079133e-01 4.773841e-01
0.850000 39.875000 4.142178914301e-01 -2.276754499618e-01 4.726654e-01
0.850000 39.900000 4.211466388196e-01 -2.096175458856e-01 4.704296e-01
0.850000 39.925000 4.289118989665e-01 -1.931764695887e-01 4.704068e-01
0.850000 39.950000 4.372915871726e-01 -1.783891704866e-01 4.722781e-01
0.850000 39.975000 4.460654737103e-01 -1.652638088349e-01 4.756958e-01
0.850000 40.000000 4.550188024537e-01 -1.537808304204e-01 4.803027e-01
0.850000 40.025000 4.639456767477e-01 -1.438944402699e-01 4.857481e-01
0.850000 40.050000 4.726521916548e-01 -1.355344440996e-01 4.917008e-01
0.850000 40.075000 4.809592910247e-01 -1.286084350981e-01 4.978574e-01
0.850000 40.100000 4.887053218750e-01 -1.230043099203e-01 5.039474e-01
0.850000 40.125000 4.957482487143e-01 -1.185930993366e-01 5.097359e-01
0.850000 40.150000 5.019674788415e-01 -1.152320942451e-01 5.150241e-01
0.850000 40.175000 5.072652390769e-01 -1.127682360467e-01 5.196486e-01
0.850000 40.200000 5.115674377782e-01 -1.110417220946e-01 5.234802e-01
0.850000 40.225000 5.148239461533e-01 -1.098897536324e-01 5.264214e-01
0.850000 40.250000 5.170082419161e-01 -1.091503279316e-01 5.284045e-01
0.850000 40.275000 5.181163773679e-01 -1.086659516470e-01 5.293891e-01
0.850000 40.300000 5.181652628068e-01 -1.082871324831e-01 5.293594e-01
0.850000 40.325000 5.171902931884e-01 -1.078754947873e-01 5.283209e-01
0.850000 40.350000 5.152423882362e-01 -1.073063646528e-01 5.262978e-01
0.850000 40.375000 5.123845597606e-01 -1.064706834211e-01 5.233297e-01
0.850000 40.400000 5.086881602159e-01 -1.052761355500e-01 5.194677e-01
0.850000 40.425000 5.042289988848e-01 -1.036474164290e-01 5.147715e-01
0.850000 40.450000 4.990835324776e-01 -1.015256150865e-01 5.093052e-01
0.850000 40.475000 4.933253424293e-01 -9.886674169198e-02 5.031347e-01
0.850000 40.500000 4.870221003734e-01 -9.563948533754e-02 4.963239e-01
0.850000 40.525000 4.802331965495e-01 -9.182233850606e-02 4.889328e-01
0.850000 40.550000 4.730081654353e-01 -8.740026604134e-02 4.810151e-01
0.850000 40.575000 4.653859923897e-01 -8.236112445992e-02 4.726177e-01
0.850000 40.600000 4.573953293664e-01 -7.669204970783e-02 4.637803e-01
0.850000 40.625000 4.490555920894e-01 -7.037602741827e-02 4.545368e-01
0.850000 40.650000 4.403788605813e-01 -6.338884063320e-02 4.449176e-01
0.850000 40.675000 4.313724638428e-01 -5.569655875199e-02 4.349532e-01
0.850000 40.700000 4.220421006607e-01 -4.725369230250e-02 4.246792e-01
0.850000 40.725000 4.123953331268e-01 -3.800209575243e-02 4.141426e-01
0.850000 40.750000 4.024452867990e-01 -2.787065966365e-02 4.034092e-01
0.850000 40.775000 3.922143992684e-01 -1.677579797923e-02 3.925730e-01
0.850000 40.800000 3.817380737074e-01 -4.622708750122e-03 3.817661e-01
0.850000 40.825000 3.710681116905e-01 8.692631851473e-03 3.711699e-01
0.850000 40.850000 3.602758162251e-01 2.328079256917e-02 3.610272e-01
0.850000 40.875000 3.494546682862e-01 3.925558169812e-02 3.516526e-01
0.850000 40.900000 3.387224863740e-01 5.673016950810e-02 3.434403e-01
0.850000 40.925000 3.282229785060e-01 7.581269760943e-02 3.368648e-01
0.850000 40.950000 3.181265912446e-01 9.660144235227e-02 3.324701e-01
0.850000 40.975000 3.086305539562e-01 1.191796149425e-01 3.308423e-01
0.850000 41.000000 2.999580127629e-01 1.436099053538e-01 3.325637e-01
0.850000 41.025000 2.923561521662e-01 1.699289095484e-01 3.381537e-01
0.850000 41.050000 2.860932173230e-01 1.981416172438e-01 3.480078e-01
0.850000 41.075000 2.814543794553e-01 2.282161759696e-01 3.623523e-01
0.850000 41.100000 2.787364320597e-01 2.600791807467e-01 3.812285e-01
0.850000 41.125000 2.782413653808e-01 2.936117611869e-01 4.045073e-01
0.850000 41.150000 2.802689375650e-01 3.286467434134e-01 4.319252e-01
0.850000 41.175000 2.851084374336e-01 3.649671484709e-01 4.631283e-01
0.850000 41.200000 2.930299086954e-01 4.023062494612e-01 4.977116e-01
0.850000 41.225000 3.042751706903e-01 4.403493467200e-01 5.352485e-01
0.850000 41.250000 3.190490186018e-01 4.787373369751e-01 5.753101e-01
0.850000 41.275000 3.375110098840e-01 5.170720542855e-01 6.174765e-01
0.850000 41.300000 3.597682388829e-01 5.549232554640e-01 6.613418e-01
0.850000 41.325000 3.858694664950e-01 5.918370198158e-01 7.065170e-01
0.850000 41.350000 4.158009075516e-01 6.273452418244e-01 7.526304e-01
0.850000 41.375000 4.494838898338e-01 6.609758246409e-01 7.993277e-01
0.850000 41.400000 4.867744923295e-01 6.922631387837e-01 8.462728e-01
0.850000 41.425000 5.274651555782e-01 7.207582986784e-01 8.931473e-01
0.850000 41.450000 5.712881437462e-01 7.460388307614e-01 9.396510e-01
0.850000 41.475000 6.179206363093e-01 7.677173587699e-01 9.855028e-01
0.850000 41.500000 6.669911455993e-01 7.854490094101e-01 1.030440e+00
0.850000 41.525000 7.180869015124e-01 7.989373373001e-01 1.074220e+00
0.850000 41.550000 7.707618201337e-01 8.079386727373e-01 1.116619e+00
0.850000 41.575000 8.245446794829e-01 8.122648997747e-01 1.157432e+00
0.850000 41.600000 8.789471605562e-01 8.117847660736e-01 1.196471e+00
0.850000 41.625000 9.334714701401e-01 8.064239023735e-01 1.233567e+00
0.850000 41.650000 9.876173363673e-01 7.961637826578e-01 1.268568e+00
0.850000 41.675000 1.040888250392e+00 7.810398834284e-01 1.301335e+00
0.850000 41.700000 1.092796909515e+00 7.611393019782e-01 1.331743e+00
0.850000 41.725000 1.142869891023e+00 7.365980717001e-01 1.359679e+00
0.850000 41.750000 1.190651645808e+00 7.075983720705e-01 1.385044e+00
0.850000 41.775000 1.235707942605e+00 6.743657779722e-01 1.407744e+00
0.850000 41.800000 1.277628915677e+00 6.371666341328e-01 1.427696e+00
0.850000 41.825000 1.316031871503e+00 5.963055820114e-01 1.444825e+00
0.850000 41.850000 1.350563995849e+00 5.521232139316e-01 1.459062e+00
0.850000 41.875000 1.380905075293e+00 5.049937866643e-01 1.470346e+00
0.850000 41.900000 1.406770311143e+00 4.553228964179e-01 1.478622e+00
0.850000 41.925000 1.427913263328e+00 4.035450000309e-01 1.483841e+00
0.850000 41.950000 1.444128921144e+00 3.501206623745e-01 1.485965e+00
0.850000 41.975000 1.455256859919e+00 2.955334158868e-01 1.484962e+00
0.850000 42.000000 1.461184409650e+00 2.402861324432e-01 1.480810e+00
0.850000 42.025000 1.461849734498e+00 1.848968281151e-01 1.473496e+00
0.850000 42.050000 1.457244700814e+00 1.298938457226e-01 1.463022e+00
0.850000 42.075000 1.447417395516e+00 7.581038702924e-02 1.449401e+00
0.850000 42.100000 1.432474145666e+00 2.317839520114e-02 1.432662e+00
0.850000 42.125000 1.412580883415e+00 -2.747818137983e-02 1.412848e+00
0.850000 42.150000 1.387963698147e+00 -7.565068046972e-02 1.390024e+00
0.850000 42.175000 1.358908420245e+00 -1.208534744065e-01 1.364272e+00
0.850000 42.200000 1.325759089658e+00 -1.626320407954e-01 1.335697e+00
0.850000 42.225000 1.288915178819e+00 -2.005711822773e-01 1.304428e+00
0.850000 42.250000 1.248827465279e+00 -2.343031838782e-01 1.270617e+00
0.850000 42.275000 1.205992485868e+00 -2.635156604458e-01 1.234447e+00
0.850000 42.300000 1.160945551945e+00 -2.879588162241e-01 1.196125e+00
0.850000 42.325000 1.114252363911e+00 -3.074518174089e-01 1.155891e+00
0.850000 42.350000 1.066499330779e+00 -3.218879703768e-01 1.114016e+00
0.850000 42.375000 1.018282774100e+00 -3.312384066147e-01 1.070803e+00
0.850000 42.400000 9.701972705372e-01 -3.355540027338e-01 1.026586e+00
0.850000 42.425000 9.228234583699e-01 -3.349653115207e-01 9.817357e-01
0.850000 42.450000 8.767156944994e-01 -3.296803472816e-01 9.366534e-01
0.850000 42.475000 8.323899941086e-01 -3.199801534583e-01 8.917737e-01
0.850000 42.500000 7.903127100399e-01 -3.062121785386e-01 8.475613e-01
0.850000 42.525000 7.508904091786e-01 -2.887815919991e-01 8.045068e-01
0.850000 42.550000 7.144613765136e-01 -2.681407786227e-01 7.631216e-01
0.850000 42.575000 6.812891238935e-01 -2.447773496768e-01 7.239274e-01
0.850000 42.600000 6.515582017282e-01 -2.192010958209e-01 6.874425e-01
0.850000 42.625000 6.253725120151e-01 -1.919303726384e-01 6.541621e-01
0.850000 42.650000 6.027562058304e-01 -1.634784500236e-01 6.245320e-01
0.850000 42.675000 5.836571249332e-01 -1.343403677336e-01 5.989182e-01
0.850000 42.700000 5.679526232422e-01 -1.049808197109e-01 5.775735e-01
0.850000 42.725000 5.554574877105e-01 -7.582353998870e-02 5.606088e-01
0.850000 42.750000 5.459335771061e-01 -4.724258592157e-02 5.479738e-01
0.850000 42.775000 5.391007179772e-01 -1.955581489589e-02 5.394553e-01
0.850000 42.800000 5.346483446739e-01 6.979265121544e-03 5.346939e-01
0.850000 42.825000 5.322473479280e-01 3.216721545783e-02 5.332185e-01
0.850000 42.850000 5.315616053018e-01 5.587402679062e-02 5.344901e-01
0.850000 42.875000 5.322587058567e-01 7.802430760864e-02 5.379471e-01
0.850000 42.900000 5.340194477152e-01 9.859659335990e-02 5.430452e-01
0.850000 42.925000 5.365457760663e-01 1.176171519249e-01 5.492860e-01
0.850000 42.950000 5.395669344342e-01 1.351527188473e-01 5.562362e-01
0.850000 42.975000 5.428437165486e-01 1.513026249116e-01 5.635351e-01
0.850000 43.000000 5.461708222290e-01 1.661907780535e-01 5.708957e-01
0.850000 43.025000 5.493774306744e-01 1.799579321293e-01 5.781007e-01
0.850000 43.050000 5.523262012890e-01 1.927546196075e-01 5.849945e-01
0.850000 43.075000 5.549109895361e-01 2.047350484107e-01 5.914750e-01
0.850000 43.100000 5.570536186591e-01 2.160521709602e-01 5.974841e-01
0.850000 43.125000 5.587000745259e-01 2.268540330622e-01 6.029996e-01
0.850000 43.150000 5.598164895147e-01 2.372814091547e-01 6.080271e-01
0.850000 43.175000 5.603852534843e-01 2.474666361333e-01 6.125940e-01
0.850000 43.200000 5.604015387217e-01 2.575334773235e-01 6.167442e-01
0.850000 43.225000 5.598704563700e-01 2.675977868230e-01 6.205349e-01
0.850000 43.250000 5.588049806054e-01 2.777687063609e-01 6.240340e-01
0.850000 43.275000 5.572246909994e-01 2.881501139784e-01 6.273196e-01
0.850000 43.300000 5.551553005366e-01 2.988420559805e-01 6.304792e-01
0.850000 43.325000 5.526288636602e-01 3.099419283246e-01 6.336108e-01
0.850000 43.350000 5.496845014200e-01 3.215452265404e-01 6.368237e-01
0.850000 43.375000 5.463694435640e-01 3.337457484973e-01 6.402389e-01
0.850000 43.400000 5.427401725055e-01 3.466352050093e-01 6.439898e-01
0.850000 43.425000 5.388634614766e-01 3.603022622420e-01 6.482218e-01
0.850000 43.450000 5.348171266480e-01 3.748311005020e-01 6.530909e-01
0.850000 43.475000 5.306903563627e-01 3.902996206984e-01 6.587610e-01
0.850000 43.500000 5.265835342411e-01 4.067774587428e-01 6.654007e-01
0.850000 43.525000 5.226075302985e-01 4.243239776580e-01 6.731786e-01
0.850000 43.550000 5.188824887727e-01 4.429863976957e-01 6.822580e-01
0.850000 43.575000 5.155361871785e-01 4.627981989560e-01 6.927913e-01
0.850000 43.600000 5.127020735957e-01 4.837778932606e-01 7.049145e-01
0.850000 43.625000 5.105171056156e-01 5.059282179788e-01 7.187427e-01
0.850000 43.650000 5.091195141160e-01 5.292357602581e-01 7.343658e-01
0.850000 43.675000 5.086465996833e-01 5.536709815044e-01 7.518463e-01
0.850000 43.700000 5.092326425585e-01 5.791885838200e-01 7.712181e-01
0.850000 43.725000 5.110069733893e-01 6.057281456484e-01 7.924864e-01
0.850000 43.750000 5.140922175829e-01 6.332149542550e-01 8.156298e-01
0.850000 43.775000 5.186026963829e-01 6.615609768937e-01 8.406020e-01
0.850000 43.800000 5.246429479369e-01 6.906659375203e-01 8.673348e-01
0.850000 43.825000 5.323063250639e-01 7.204184970217e-01 8.957415e-01
0.850000 43.850000 5.416736347445e-01 7.506975664137e-01 9.257198e-01
0.850000 43.875000 5.528118068503e-01 7.813738083596e-01 9.571551e-01
0.850000 43.900000 5.657726134464e-01 8.123113972458e-01 9.899235e-01
0.850000 43.925000 5.805915003844e-01 8.433701078204e-01 1.023894e+00
0.850000 43.950000 5.972866337988e-01 8.744077848741e-01 1.058934e+00
0.850000 43.975000 6.158582988553e-01 9.052832117319e-01 1.094906e+00
0.850000 44.000000 6.362888103281e-01 9.358593459701e-01 1.131678e+00
0.850000 44.025000 6.585430989914e-01 9.660068314663e-01 1.169123e+00
0.850000 44.050000 6.825701209431e-01 9.956076331387e-01 1.207119e+00
0.850000 44.075000 7.083051977073e-01 1.024558581994e+00 1.245559e+00
0.850000 44.100000 7.356733347447e-01 1.052774571104e+00 1.284348e+00
0.850000 44.125000 7.645934889044e-01 1.080191114876e+00 1.323411e+00
0.850000 44.150000 7.949836676210e-01 1.106765979972e+00 1.362692e+00
0.850000 44.175000 8.267666522737e-01 1.132479619755e+00 1.402160e+00
0.850000 44.200000 8.598760538509e-01 1.157334195899e+00 1.441808e+00
0.850000 44.225000 8.942623397338e-01 1.181351048496e+00 1.481653e+00
0.850000 44.250000 9.298984238871e-01 1.204566574900e+00 1.521740e+00
0.850000 44.275000 9.667843951750e-01 1.227026590267e+00 1.562135e+00
0.850000 44.300000 1.004950973661e+00 1.248779360517e+00 1.602927e+00
0.850000 44.325000 1.044461333546e+00 1.269867611331e+00 1.644221e+00
0.850000 44.350000 1.085411011832e+00 1.290319915178e+00 1.686132e+00
0.850000 44.375000 1.127925728946e+00 1.310141933193e+00 1.728782e+00
0.850000 44.400000 1.172157074199e+00 1.329308032903e+00 1.772290e+00
0.850000 44.425000 1.218276145783e+00 1.347753811577e+00 1.816766e+00
0.850000 44.450000 1.266465371844e+00 1.365370026191e+00 1.862302e+00
0.850000 44.475000 1.316908865509e+00 1.381998365813e+00 1.908971e+00
0.850000 44.500000 1.369781772729e+00 1.397429404475e+00 1.956811e+00
0.850000 44.525000 1.425239149017e+00 1.411402948889e+00 2.005833e+00
0.850000 44.550000 1.483404943441e+00 1.423610854452e+00 2.056005e+00
0.850000 44.575000 1.544361671836e+00 1.433702234858e+00 2.107262e+00
0.850000 44.600000 1.608141325613e+00 1.441290846237e+00 2.159499e+00
0.850000 44.625000 1.674717989940e+00 1.445964296484e+00 2.212576e+00
0.850000 44.650000 1.744002540777e+00 1.447294623913e+00 2.266320e+00
0.850000 44.675000 1.815839661737e+00 1.444849714366e+00 2.320531e+00
0.850000 44.700000 1.890007278577e+00 1.438204987737e+00 2.374987e+00
0.850000 44.725000 1.966218361819e+00 1.426954786100e+00 2.429447e+00
0.850000 44.750000 2.044124907551e+00 1.410722935846e+00 2.483664e+00
0.850000 44.775000 2.123323783107e+00 1.389172031864e+00 2.537381e+00
0.850000 44.800000 2.203364027162e+00 1.362011096744e+00 2.590345e+00
0.850000 44.825000 2.283755129608e+00 1.329001393565e+00 2.642306e+00
0.850000 44.850000 2.363975789655e+00 1.289960307236e+00 2.693024e+00
0.850000 44.875000 2.443482662111e+00 1.244763345463e+00 2.742270e+00
0.850000 44.900000 2.521718649791e+00 1.193344435738e+00 2.789827e+00
0.850000 44.925000 2.598120379622e+00 1.135694799508e+00 2.835495e+00
0.850000 44.950000 2.672124603708e+00 1.071860761053e+00 2.879086e+00
0.850000 44.975000 2.743173385195e+00 1.001940891391e+00 2.920426e+00
0.850000 45.000000 2.810718051649e+00 9.260828943694e-01 2.959352e+00
0.850000 45.025000 2.874222015507e+00 8.444806138866e-01 2.995714e+00
0.850000 45.050000 2.933162662168e+00 7.573714818297e-01 3.029365e+00
0.850000 45.075000 2.987032583574e+00 6.650346423361e-01 3.060169e+00
0.850000 45.100000 3.035340483233e+00 5.677898878796e-01 3.087989e+00
0.850000 45.125000 3.077612094812e+00 4.659974360046e-01 3.112692e+00
0.850000 45.150000 3.113391441296e+00 3.600584719850e-01 3.134142e+00
0.850000 45.175000 3.142242718482e+00 2.504162910977e-01 3.152205e+00
0.850000 45.200000 3.163753021032e+00 1.375578017041e-01 3.166742e+00
0.850000 45.225000 3.177536049060e+00 2.201510168772e-02 3.177612e+00
0.850000 45.250000 3.183236846283e+00 -9.563318196253e-02 3.184673e+00
0.850000 45.275000 3.180537535573e+00 -2.147610982560e-01 3.187780e+00
0.850000 45.300000 3.169163941027e+00 -3.346954055400e-01 3.186789e+00
0.850000 45.325000 3.148892922952e+00 -4.547166755873e-01 3.181555e+00
0.850000 45.350000 3.119560206177e+00 -5.740616593812e-01 3.171940e+00
0.850000 45.375000 3.081068453429e+00 -6.919270499473e-01 3.157807e+00
0.850000 45.400000 3.033395322240e+00 -8.074747236182e-01 3.139029e+00
0.850000 45.425000 2.976601242463e+00 -9.198384931035e-01 3.115487e+00
0.850000 45.450000 2.910836657020e+00 -1.028132365817e+00 3.087074e+00
0.850000 45.475000 2.836348476348e+00 -1.131460269131e+00 3.053699e+00
0.850000 45.500000 2.753485502767e+00 -1.228927178355e+00 3.015285e+00
0.850000 45.525000 2.662702582044e+00 -1.319651559497e+00 2.971778e+00
0.850000 45.550000 2.564563235261e+00 -1.402779012538e+00 2.923144e+00
0.850000 45.575000 2.459740516456e+00 -1.477496967248e+00 2.869376e+00
0.850000 45.600000 2.349015834298e+00 -1.543050238788e+00 2.810495e+00
0.850000 45.625000 2.233275475271e+00 -1.598757192584e+00 2.746551e+00
0.850000 45.650000 2.113504577907e+00 -1.644026197741e+00 2.677634e+00
0.850000 45.675000 1.990778339404e+00 -1.678371969162e+00 2.603868e+00
0.850000 45.700000 1.866250292762e+00 -1.701431316579e+00 2.525422e+00
0.850000 45.725000 1.741137577819e+00 -1.712977742501e+00 2.442510e+00
0.850000 45.750000 1.616703243292e+00 -1.712934270501e+00 2.355392e+00
0.850000 45.775000 1.494235756060e+00 -1.701383850432e+00 2.264387e+00
0.850000 45.800000 1.375026051351e+00 -1.678576687500e+00 2.169866e+00
0.850000 45.825000 1.260342623287e+00 -1.644933884573e+00 2.072262e+00
0.850000 45.850000 1.151405316764e+00 -1.601046875458e+00 1.972076e+00
0.850000 45.875000 1.049358625207e+00 -1.547672260951e+00 1.869878e+00
0.850000 45.900000 9.552454106248e-01 -1.485721834539e+00 1.766313e+00
0.850000 45.925000 8.699820305595e-01 -1.416247791855e+00 1.662115e+00
0.850000 45.950000 7.943358717535e-01 -1.340423344992e+00 1.558109e+00
0.850000 45.975000 7.289062473387e-01 -1.259519194302e+00 1.455230e+00
0.850000 46.000000 6.741095125749e-01 -1.174876530312e+00 1.354533e+00
0.850000 46.025000 6.301690977306e-01 -1.087877430637e+00 1.257215e+00
0.850000 46.050000 5.971109544895e-01 -9.999136671617e-01 1.164632e+00
0.850000 46.075000 5.747646767927e-01 -9.123550359932e-01 1.078307e+00
0.850000 46.100000 5.627703036008e-01 -8.265183597037e-01 9.999215e-01
0.850000 46.125000 5.605905562369e-01 -7.436382856914e-01 9.312678e-01
0.850000 46.150000 5.675280232009e-01 -6.648409183924e-01 8.741290e-01
0.850000 46.175000 5.827465954648e-01 -5.911211833324e-01 8.300710e-01
0.850000 46.200000 6.052962874557e-01 -5.233246380113e-01 8.001577e-01
0.850000 46.225000 6.341404616854e-01 -4.621342314083e-01 7.846669e-01
0.850000 46.250000 6.681844127645e-01 -4.080622848821e-01 7.829337e-01
0.850000 46.275000 7.063042596439e-01 -3.614477369666e-01 7.934168e-01
0.850000 46.300000 7.473751398363e-01 -3.224584764749e-01 8.139712e-01
0.850000 46.325000 7.902977893767e-01 -2.910983939027e-01 8.422048e-01
0.850000 46.350000 8.340227184036e-01 -2.672186190796e-01 8.757852e-01
0.850000 46.375000 8.775713440620e-01 -2.505322890907e-01 9.126324e-01
0.850000 46.400000 9.200536092176e-01 -2.406321072739e-01 9.510008e-01
0.850000 46.425000 9.606817868812e-01 -2.370099113593e-01 9.894863e-01
0.850000 46.450000 9.987803370767e-01 -2.390774639435e-01 1.026996e+00
0.850000 46.475000 1.033791837542e+00 -2.461877070199e-01 1.062701e+00
0.850000 46.500000 1.065279146329e+00 -2.576557785649e-01 1.095996e+00
0.850000 46.525000 1.092924069128e+00 -2.727791669468e-01 1.126451e+00
0.850000 46.550000 1.116522894823e+00 -2.908564717626e-01 1.153785e+00
0.850000 46.575000 1.135979228708e+00 -3.112043415093e-01 1.177836e+00
0.850000 46.600000 1.151294594569e+00 -3.331722636467e-01 1.198534e+00
0.850000 46.625000 1.162557296110e+00 -3.561549861900e-01 1.215889e+00
0.850000 46.650000 1.169930027316e+00 -3.796024478552e-01 1.229973e+00
0.850000 46.675000 1.173636703292e+00 -4.030271826058e-01 1.240909e+00
0.850000 46.700000 1.173948951217e+00 -4.260092417136e-01 1.248855e+00
0.850000 46.725000 1.171172659035e+00 -4.481987405009e-01 1.254005e+00
0.850000 46.750000 1.165634931045e+00 -4.693161869849e-01 1.256568e+00
0.850000 46.775000 1.157671748426e+00 -4.891507858632e-01 1.256771e+00
0.850000 46.800000 1.147616582427e+00 -5.075569347268e-01 1.254846e+00
0.850000 46.825000 1.135790161347e+00 -5.244491420144e-01 1.251026e+00
0.850000 46.850000 1.122491551821e+00 -5.397956007070e-01 1.245539e+00
0.850000 46.875000 1.107990681444e+00 -5.536106513403e-01 1.238599e+00
0.850000 46.900000 1.092522403453e+00 -5.659463659478e-01 1.230407e+00
0.850000 46.925000 1.076282183864e+00 -5.768834842495e-01 1.221138e+00
0.850000 46.950000 1.059423474654e+00 -5.865219373048e-01 1.210944e+00
0.850000 46.975000 1.042056820106e+00 -5.949712033745e-01 1.199947e+00
0.850000 47.000000 1.024250723384e+00 -6.023407559760e-01 1.188236e+00
0.850000 47.025000 1.006034272986e+00 -6.087308834440e-01 1.175865e+00
0.850000 47.050000 9.874014908325e-01 -6.142241795746e-01 1.162856e+00
0.850000 47.075000 9.683173133305e-01 -6.188780215848e-01 1.149195e+00
0.850000 47.100000 9.487250537738e-01 -6.227183591846e-01 1.134838e+00
0.850000 47.125000 9.285551206831e-01 -6.257351313180e-01 1.119714e+00
0.850000 47.150000 9.077346864848e-01 -6.278795999053e-01 1.103728e+00
0.850000 47.175000 8.861979203543e-01 -6.290638388259e-01 1.086770e+00
0.850000 47.200000 8.638963260045e-01 -6.291625396921e-01 1.068720e+00
0.850000 47.225000 8.408086682533e-01 -6.280171945664e-01 1.049459e+00
0.850000 47.250000 8.169499399576e-01 -6.254425935689e-01 1.028876e+00
0.850000 47.275000 7.923788207074e-01 -6.212354391326e-01 1.006875e+00
0.850000 47.300000 7.672031158766e-01 -6.151847378867e-01 9.833885e-01
0.850000 47.325000 7.415827414282e-01 -6.070834969955e-01 9.583816e-01
0.850000 47.350000 7.157299350231e-01 -5.967411362742e-01 9.318634e-01
0.850000 47.375000 6.899065222948e-01 -5.839959421699e-01 9.038928e-01
0.850000 47.400000 6.644182398448e-01 -5.687268447218e-01 8.745867e-01
0.850000 47.425000 6.396063017672e-01 -5.508638010801e-01 8.441251e-01
0.850000 47.450000 6.158365803245e-01 -5.303961225036e-01 8.127575e-01
0.850000 47.475000 5.934869390186e-01 -5.073781850927e-01 7.808069e-01
0.850000 47.500000 5.729333934277e-01 -4.819321124552e-01 7.486730e-01
0.850000 47.525000 5.545358694943e-01 -4.542472014704e-01 7.168337e-01
0.850000 47.550000 5.386243712967e-01 -4.245760672573e-01 6.858433e-01
0.850000 47.575000 5.254863557478e-01 -3.932276949422e-01 6.563261e-01
0.850000 47.600000 5.153560398635e-01 -3.605577874491e-01 6.289625e-01
0.850000 47.625000 5.084062418740e-01 -3.269569743617e-01 6.044649e-01
0.850000 47.650000 5.047431896033e-01 -2.928375829612e-01 5.835405e-01
0.850000 47.675000 5.044045311027e-01 -2.586197580549e-01 5.668405e-01
0.850000 47.700000 5.073605688852e-01 -2.247177456355e-01 5.548989e-01
0.850000 47.725000 5.135185269539e-01 -1.915271249318e-01 5.480729e-01
0.850000 47.750000 5.227294654823e-01 -1.594136871372e-01 5.464969e-01
0.850000 47.775000 5.347972961913e-01 -1.287045246431e-01 5.500664e-01
0.850000 47.800000 5.494892339021e-01 -9.968172341125e-02 5.584576e-01
0.850000 47.825000 5.665469542863e-01 -7.257885732788e-02 5.711770e-01
0.850000 47.850000 5.856977178937e-01 -4.758028261490e-02 5.876272e-01
0.850000 47.875000 6.066647649390e-01 -2.482303827778e-02 6.071724e-01
0.850000 47.900000 6.291763785240e-01 -4.400989577947e-03 6.291918e-01
0.850000 47.925000 6.529731467776e-01 1.362928238001e-02 6.531154e-01
0.850000 47.950000 6.778131147543e-01 2.924143196621e-02 6.784436e-01
0.850000 47.975000 7.034746912101e-01 4.243176980267e-02 7.047532e-01
0.850000 48.000000 7.297573494159e-01 5.321177380323e-02 7.316948e-01
0.850000 48.025000 7.564803215740e-01 6.160125752649e-02 7.589843e-01
0.850000 48.050000 7.834796215502e-01 6.762266988292e-02 7.863925e-01
0.850000 48.075000 8.106038315312e-01 7.129687750168e-02 8.137333e-01
0.850000 48.100000 8.377091491222e-01 7.264063995997e-02 8.408527e-01
0.850000 48.125000 8.646542100838e-01 7.166584080198e-02 8.676191e-01
0.850000 48.150000 8.912951796710e-01 6.838039577358e-02 8.939144e-01
0.850000 48.175000 9.174815469187e-01 6.279063478268e-02 9.196277e-01
0.850000 48.200000 9.430529684056e-01 5.490485451804e-02 9.446499e-01
0.850000 48.225000 9.678374002069e-01 4.473767059521e-02 9.688708e-01
0.850000 48.250000 9.916506391382e-01 3.231476469115e-02 9.921770e-01
0.850000 48.275000 1.014297277429e+00 1.767762342509e-02 1.014451e+00
0.850000 48.300000 1.035572968298e+00 8.878988153424e-04 1.035573e+00
0.850000 48.325000 1.055267811699e+00 -1.796892049099e-02 1.055421e+00
0.850000 48.350000 1.073170605745e+00 -3.878075980828e-02 1.073871e+00
0.850000 48.375000 1.089073673300e+00 -6.140727500565e-02 1.090804e+00
0.850000 48.400000 1.102777965573e+00 -8.567928968111e-02 1.106101e+00
0.850000 48.425000 1.114098162977e+00 -1.113993251801e-01 1.119654e+00
0.850000 48.450000 1.122867533516e+00 -1.383431278892e-01 1.131358e+00
0.850000 48.475000 1.128942363928e+00 -1.662620501005e-01 1.141120e+00
0.850000 48.500000 1.132205841277e+00 -1.948861150962e-01 1.148856e+00
0.850000 48.525000 1.132571324563e+00 -2.239275941078e-01 1.154496e+00
0.850000 48.550000 1.129984999955e+00 -2.530849400289e-01 1.157980e+00
0.850000 48.575000 1.124427953294e+00 -2.820469555511e-01 1.159262e+00
0.850000 48.600000 1.115917715643e+00 -3.104971153842e-01 1.158309e+00
0.850000 48.625000 1.104509340136e+00 -3.381180061762e-01 1.155104e+00
0.850000 48.650000 1.090296052285e+00 -3.645958863128e-01 1.149642e+00
0.850000 48.675000 1.073409484696e+00 -3.896253944572e-01 1.141935e+00
0.850000 48.700000 1.054019466305e+00 -4.129144455722e-01 1.132014e+00
0.850000 48.725000 1.032333292769e+00 -4.341893435588e-01 1.119925e+00
0.850000 48.750000 1.008594366065e+00 -4.532001104519e-01 1.105736e+00
0.850000 48.775000 9.830800648539e-01 -4.697259858668e-01 1.089536e+00
0.850000 48.800000 9.560986987271e-01 -4.835809920911e-01 1.071436e+00
0.850000 48.825000 9.279854132152e-01 -4.946193966718e-01 1.051573e+00
0.850000 48.850000 8.990969497039e-01 -5.027408435839e-01 1.030109e+00
0.850000 48.875000 8.698052240902e-01 -5.078948742445e-01 1.007233e+00
0.850000 48.900000 8.404897659671e-01 -5.100845282672e-01 9.831629e-01
0.850000 48.925000 8.115291500430e-01 -5.093687067744e-01 9.581420e-01
0.850000 48.950000 7.832916452929e-01 -5.058630018871e-01 9.324394e-01
0.850000 48.975000 7.561253960419e-01 -4.997387454864e-01 9.063467e-01
0.850000 49.000000 7.303485239534e-01 -4.912201063930e-01 8.801739e-01
0.850000 49.025000 7.062395928665e-01 -4.805791629113e-01 8.542428e-01
0.850000 49.050000 6.840289036091e-01 -4.681289901809e-01 8.288789e-01
0.850000 49.075000 6.638910797177e-01 -4.542149203606e-01 8.044020e-01
0.850000 49.100000 6.459393666539e-01 -4.392042490742e-01 7.811133e-01
0.850000 49.125000 6.302219986265e-01 -4.234747647486e-01 7.592830e-01
0.850000 49.150000 6.167208930882e-01 -4.074025605587e-01 7.391356e-01
0.850000 49.175000 6.053528199361e-01 -3.913496454878e-01 7.208374e-01
0.850000 49.200000 5.959730683522e-01 -3.756518976778e-01 7.044844e-01
0.850000 49.225000 5.883815075082e-01 -3.606078983344e-01 6.900948e-01
0.850000 49.250000 5.823308162527e-01 -3.464691489995e-01 6.776061e-01
0.850000 49.275000 5.775365487685e-01 -3.334321121068e-01 6.668774e-01
0.850000 49.300000 5.736886138835e-01 -3.216324291701e-01 6.576975e-01
0.850000 49.325000 5.704636795127e-01 -3.111415685511e-01 6.497983e-01
0.850000 49.350000 5.675379729671e-01 -3.019660418426e-01 6.428708e-01
0.850000 49.375000 5.645999333308e-01 -2.940492107445e-01 6.365831e-01
0.850000 49.400000 5.613621830461e-01 -2.872755907436e-01 6.305987e-01
0.850000 49.425000 5.575723204454e-01 -2.814774489772e-01 6.245930e-01
0.850000 49.450000 5.530220906231e-01 -2.764433956617e-01 6.182672e-01
0.850000 49.475000 5.475545657162e-01 -2.719285847674e-01 6.113601e-01
0.850000 49.500000 5.410690540449e-01 -2.676660729754e-01 6.036562e-01
0.850000 49.525000 5.335235572038e-01 -2.633788384631e-01 5.949923e-01
0.850000 49.550000 5.249347014979e-01 -2.587919344191e-01 5.852604e-01
0.850000 49.575000 5.153751812598e-01 -2.536442476396e-01 5.744101e-01
0.850000 49.600000 5.049688624382e-01 -2.476993509213e-01 5.624487e-01
0.850000 49.625000 4.938838009335e-01 -2.407549794191e-01 5.494399e-01
0.850000 49.650000 4.823235266189e-01 -2.326507250750e-01 5.355020e-01
0.850000 49.675000 4.705170258054e-01 -2.232736279453e-01 5.208046e-01
0.850000 49.700000 4.587079171299e-01 -2.125614457964e-01 5.055644e-01
0.850000 49.725000 4.471433539737e-01 -2.005034993339e-01 4.900396e-01
0.850000 49.750000 4.360631970489e-01 -1.871391141531e-01 4.745231e-01
0.850000 49.775000 4.256899816096e-01 -1.725538050757e-01 4.593330e-01
0.850000 49.800000 4.162201546420e-01 -1.568734663508e-01 4.448016e-01
0.850000 49.825000 4.078169802944e-01 -1.402569344868e-01 4.312618e-01
0.850000 49.850000 4.006054108989e-01 -1.228873719721e-01 4.190298e-01
0.850000 49.875000 3.946691024751e-01 -1.049629738652e-01 4.083882e-01
0.850000 49.900000 3.900496255341e-01 -8.668752106270e-02 3.995666e-01
0.850000 49.925000 3.867477933018e-01 -6.826129234771e-02 3.927257e-01
0.850000 49.950000 3.847269093792e-01 -4.987280308950e-02 3.879460e-01
0.850000 49.975000 3.839176339583e-01 -3.169176545332e-02 3.852235e-01
0.850000 50.000000 3.842240891463e-01 -1.386356932253e-02 3.844741e-01
0.850000 50.025000 3.855307746705e-01 3.494527200578e-03 3.855466e-01
0.850000 50.050000 3.877098475536e-01 2.029542486164e-02 3.882407e-01
0.850000 50.075000 3.906283327252e-01 3.648246757629e-02 3.923283e-01
0.850000 50.100000 3.941548727415e-01 5.202812441670e-02 3.975739e-01
0.850000 50.125000 3.981656883273e-01 6.693129182093e-02 4.037520e-01
0.850000 50.150000 4.025495002617e-01 8.121349760941e-02 4.106601e-01
0.850000 50.175000 4.072112493944e-01 9.491432229685e-02 4.181265e-01
0.850000 50.200000 4.120745376820e-01 1.080863625106e-01 4.260142e-01
0.850000 50.225000 4.170827923813e-01 1.207900488729e-01 4.342215e-01
0.850000 50.250000 4.221992229264e-01 1.330886009803e-01 4.426791e-01
0.850000 50.275000 4.274056925106e-01 1.450433605980e-01 4.513460e-01
0.850000 50.300000 4.327006630931e-01 1.567096965440e-01 4.602041e-01
0.850000 50.325000 4.380963944647e-01 1.681336260508e-01 4.692519e-01
0.850000 50.350000 4.436155876054e-01 1.793492515926e-01 4.784986e-01
0.850000 50.375000 4.492876631633e-01 1.903770716424e-01 4.879578e-01
0.850000 50.400000 4.551448609472e-01 2.012231893318e-01 4.976421e-01
0.850000 50.425000 4.612183388224e-01 2.118794138661e-01 5.075581e-01
0.850000 50.450000 4.675344413121e-01 2.223242240544e-01 5.177031e-01
0.850000 50.475000 4.741113002001e-01 2.325245392957e-01 5.280617e-01
0.850000 50.500000 4.809559208997e-01 2.424382187768e-01 5.386046e-01
0.850000 50.525000 4.880618975585e-01 2.520171831888e-01 5.492878e-01
0.850000 50.550000 4.954078844725e-01 2.612110248234e-01 5.600537e-01
0.850000 50.575000 5.029569289726e-01 2.699709426646e-01 5.708327e-01
0.850000 50.600000 5.106567396761e-01 2.782538115382e-01 5.815458e-01
0.850000 50.625000 5.184409231483e-01 2.860261720141e-01 5.921081e-01
0.850000 50.650000 5.262311723759e-01 2.932679144848e-01 6.024328e-01
0.850000 50.675000 5.339403344554e-01 2.999754304106e-01 6.124357e-01
0.850000 50.700000 5.414762265402e-01 3.061640189852e-01 6.220393e-01
0.850000 50.725000 5.487460134840e-01 3.118693698068e-01 6.311772e-01
0.850000 50.750000 5.556609134719e-01 3.171479910421e-01 6.397983e-01
0.850000 50.775000 5.621409647289e-01 3.220765154663e-01 6.478702e-01
0.850000 50.800000 5.681195716892e-01 3.267498891695e-01 6.553818e-01
0.850000 50.825000 5.735475557150e-01 3.312785236053e-01 6.623460e-01
0.850000 50.850000 5.783964643417e-01 3.357845641428e-01 6.688002e-01
0.850000 50.875000 5.826609425226e-01 3.403974903729e-01 6.748068e-01
0.850000 50.900000 5.863600355413e-01 3.452493089099e-01 6.804522e-01
0.850000 50.925000 5.895373703509e-01 3.504696236186e-01 6.858449e-01
0.850000 50.950000 5.922602429210e-01 3.561808685282e-01 6.911129e-01
0.850000 50.975000 5.946177160977e-01 3.624939650854e-01 6.963994e-01
0.850000 51.000000 5.967178981866e-01 3.695046202658e-01 7.018589e-01
0.850000 51.025000 5.986846208604e-01 3.772904200805e-01 7.076520e-01
0.850000 51.050000 6.006537618141e-01 3.859088005720e-01 7.139402e-01
0.850000 51.075000 6.027694609281e-01 3.953959028432e-01 7.208807e-01
0.850000 51.100000 6.051804591030e-01 4.057662475160e-01 7.286217e-01
0.850000 51.125000 6.080367493353e-01 4.170131040875e-01 7.372982e-01
0.850000 51.150000 6.114866748777e-01 4.291093873539e-01 7.470280e-01
0.850000 51.175000 6.156745457103e-01 4.420088898803e-01 7.579096e-01
0.850000 51.200000 6.207387788967e-01 4.556476576741e-01 7.700204e-01
0.850000 51.225000 6.268105074227e-01 4.699453347986e-01 7.834156e-01
0.850000 51.250000 6.340125517080e-01 4.848063386809e-01 7.981285e-01
0.850000 51.275000 6.424586126506e-01 5.001207768036e-01 8.141707e-01
0.850000 51.300000 6.522525275855e-01 5.157650718145e-01 8.315329e-01
0.850000 51.325000 6.634874318199e-01 5.316023199630e-01 8.501862e-01
0.850000 51.350000 6.762446875719e-01 5.474824615240e-01 8.700827e-01
0.850000 51.375000 6.905924767393e-01 5.632423865747e-01 8.911565e-01
0.850000 51.400000 7.065840003710e-01 5.787061313007e-01 9.133246e-01
0.850000 51.425000 7.242552816260e-01 5.936853363967e-01 9.364870e-01
0.850000 51.450000 7.436226256980e-01 6.079801388921e-01 9.605282e-01
0.850000 51.475000 7.646798450142e-01 6.213806519877e-01 9.853168e-01
0.850000 51.500000 7.873954066842e-01 6.336691554720e-01 1.010707e+00
0.850000 51.525000 8.117096979369e-01 6.446230741840e-01 1.036538e+00
0.850000 51.550000 8.375326310885e-01 6.540187667270e-01 1.062639e+00
0.850000 51.575000 8.647418201592e-01 6.616360847350e-01 1.088825e+00
0.850000 51.600000 8.931815551266e-01 6.672635983400e-01 1.114905e+00
0.850000 51.625000 9.226627763900e-01 6.707043203150e-01 1.140680e+00
0.850000 51.650000 9.529642116593e-01 6.717817040147e-01 1.165947e+00
0.850000 51.675000 9.838347815306e-01 6.703456430825e-01 1.190502e+00
0.850000 51.700000 1.014997310898e+00 6.662781680762e-01 1.214144e+00
0.850000 51.725000 1.046153504652e+00 6.594985204048e-01 1.236679e+00
0.850000 51.750000 1.076990062466e+00 6.499672901345e-01 1.257921e+00
0.850000 51.775000 1.107185724526e+00 6.376893330235e-01 1.277696e+00
0.850000 51.800000 1.136418964048e+00 6.227152338725e-01 1.295848e+00
0.850000 51.825000 1.164375979971e+00 6.051411562229e-01 1.312237e+00
0.850000 51.850000 1.190758600521e+00 5.851070091288e-01 1.326746e+00
0.850000 51.875000 1.215291690755e+00 5.627929645804e-01 1.339280e+00
0.850000 51.900000 1.237729668478e+00 5.384144669524e-01 1.349765e+00
0.850000 51.925000 1.257861774566e+00 5.122159800873e-01 1.358154e+00
0.850000 51.950000 1.275515814762e+00 4.844638092881e-01 1.364421e+00
0.850000 51.975000 1.290560186480e+00 4.554384058572e-01 1.368565e+00
0.850000 52.000000 1.302904119436e+00 4.254266034016e-01 1.370601e+00
0.850000 52.025000 1.312496184217e+00 3.947142425585e-01 1.370564e+00
0.850000 52.050000 1.319321247469e+00 3.635796116605e-01 1.368502e+00
0.850000 52.075000 1.323396165357e+00 3.322880659966e-01 1.364475e+00
0.850000 52.100000 1.324764597456e+00 3.010880922058e-01 1.358549e+00
0.850000 52.125000 1.323491382440e+00 2.702089646267e-01 1.350793e+00
0.850000 52.150000 1.319656938521e+00 2.398600074851e-01 1.341278e+00
0.850000 52.175000 1.313352132702e+00 2.102313426402e-01 1.330072e+00
0.850000 52.200000 1.304674004755e+00 1.814958797610e-01 1.317238e+00
0.850000 52.225000 1.293722639409e+00 1.538122059168e-01 1.302834e+00
0.850000 52.250000 1.280599362155e+00 1.273279642721e-01 1.286914e+00
0.850000 52.275000 1.265406301574e+00 1.021832832680e-01 1.269525e+00
0.850000 52.300000 1.248247226971e+00 7.851383095114e-02 1.250714e+00
0.850000 52.325000 1.229229447263e+00 5.645312231017e-02 1.230525e+00
0.850000 52.350000 1.208466457280e+00 3.613379497708e-02 1.209007e+00
0.850000 52.375000 1.186080950224e+00 1.768768134540e-02 1.186213e+00
0.850000 52.400000 1.162207785795e+00 1.244631613508e-03 1.162208e+00
0.850000 52.425000 1.136996514390e+00 -1.306983017993e-02 1.137072e+00
0.850000 52.450000 1.110613106578e+00 -2.513781879978e-02 1.110898e+00
0.850000 52.475000 1.083240617750e+00 -3.485307672313e-02 1.083801e+00
0.850000 52.500000 1.055078621461e+00 -4.212528324595e-02 1.055919e+00
0.850000 52.525000 1.026341360676e+00 -4.688429931281e-02 1.027412e+00
0.850000 52.550000 9.972546821741e-01 -4.908397150435e-02 9.984619e-01
0.850000 52.575000 9.680519249269e-01 -4.870516019162e-02 9.692764e-01
0.850000 52.600000 9.389690188543e-01 -4.575772627642e-02 9.400833e-01
0.850000 52.625000 9.102391094646e-01 -4.028129995209e-02 9.111300e-01
0.850000 52.650000 8.820870527652e-01 -3.234475398672e-02 8.826799e-01
0.850000 52.675000 8.547241232826e-01 -2.204440336067e-02 8.550084e-01
0.850000 52.700000 8.283432486785e-01 -9.501043724989e-03 8.283977e-01
0.850000 52.725000 8.031150324759e-01 5.143984171409e-03 8.031315e-01
0.850000 52.750000 7.791847586260e-01 2.173346317710e-02 7.794878e-01
0.850000 52.775000 7.566704956252e-01 4.009943020190e-02 7.577323e-01
0.850000 52.800000 7.356623411240e-01 6.006848984001e-02 7.381106e-01
0.850000 52.825000 7.162227770123e-01 8.146704615723e-02 7.208411e-01
0.850000 52.850000 6.983880449663e-01 1.041262181560e-01 7.061077e-01
0.850000 52.875000 6.821704067304e-01 1.278862468514e-01 6.940543e-01
0.850000 52.900000 6.675611235059e-01 1.526002509136e-01 6.847808e-01
0.850000 52.925000 6.545339744913e-01 1.781372383991e-01 6.783418e-01
0.850000 52.950000 6.430491343169e-01 2.043843298925e-01 6.747482e-01
0.850000 52.975000 6.330572402605e-01 2.312481901105e-01 6.739712e-01
0.850000 53.000000 6.245034996654e-01 2.586556985165e-01 6.759493e-01
0.850000 53.025000 6.173317126690e-01 2.865539137095e-01 6.805965e-01
0.850000 53.050000 6.114881121688e-01 3.149094011526e-01 6.878122e-01
0.850000 53.075000 6.069249492228e-01 3.437069998701e-01 6.974901e-01
0.850000 53.100000 6.036037756057e-01 3.729481021993e-01 7.095265e-01
0.850000 53.125000 6.014983943264e-01 4.026485131068e-01 7.238274e-01
0.850000 53.150000 6.005974622924e-01 4.328359437145e-01 7.403136e-01
0.850000 53.175000 6.009067361951e-01 4.635471794667e-01 7.589235e-01
0.850000 53.200000 6.024509527015e-01 4.948249488932e-01 7.796146e-01
0.850000 53.225000 6.052753272763e-01 5.267145063502e-01 8.023630e-01
0.850000 53.250000 6.094466430910e-01 5.592599337000e-01 8.271619e-01
0.850000 53.275000 6.150538838095e-01 5.925001637898e-01 8.540186e-01
0.850000 53.300000 6.222083436236e-01 6.264647347292e-01 8.829503e-01
0.850000 53.325000 6.310431275363e-01 6.611692997301e-01 9.139805e-01
0.850000 53.350000 6.417119379771e-01 6.966109432491e-01 9.471331e-01
0.850000 53.375000 6.543870342346e-01 7.327633897871e-01 9.824279e-01
0.850000 53.400000 6.692562527839e-01 7.695722350705e-01 1.019875e+00
0.850000 53.425000 6.865189928158e-01 8.069503770803e-01 1.059470e+00
0.850000 53.450000 7.063811045937e-01 8.447738718068e-01 1.101189e+00
0.850000 53.475000 7.290486695983e-01 8.828784798728e-01 1.144983e+00
0.850000 53.500000 7.547207297384e-01 9.210571989405e-01 1.190777e+00
0.850000 53.525000 7.835811049366e-01 9.590590868624e-01 1.238464e+00
0.850000 53.550000 8.157895286774e-01 9.965896665448e-01 1.287907e+00
0.850000 53.575000 8.514724221736e-01 1.033313161870e+00 1.338933e+00
0.850000 53.600000 8.907137109298e-01 1.068856743620e+00 1.391340e+00
0.850000 53.625000 9.335461533035e-01 1.102816866867e+00 1.444892e+00
0.850000 53.650000 9.799436904164e-01 1.134767661638e+00 1.499329e+00
0.850000 53.675000 1.029815333135e+00 1.164271204475e+00 1.554364e+00
0.850000 53.700000 1.083001070091e+00 1.190889360012e+00 1.609692e+00
0.850000 53.725000 1.139270209354e+00 1.214196750402e+00 1.664996e+00
0.850000 53.750000 1.198322457706e+00 1.233794298248e+00 1.719949e+00
0.850000 53.775000 1.259791901396e+00 1.249322706791e+00 1.774227e+00
0.850000 53.800000 1.323253890324e+00 1.260475198221e+00 1.827512e+00
0.850000 53.825000 1.388234655481e+00 1.267008832982e+00 1.879496e+00
0.850000 53.850000 1.454223320706e+00 1.268753781700e+00 1.929897e+00
0.850000 53.875000 1.520685817694e+00 1.265620014496e+00 1.978454e+00
0.850000 53.900000 1.587080089894e+00 1.257601003754e+00 2.024940e+00
0.850000 53.925000 1.652871886200e+00 1.244774196106e+00 2.069166e+00
0.850000 53.950000 1.717550405309e+00 1.227298185419e+00 2.110981e+00
0.850000 53.975000 1.780643058676e+00 1.205406697553e+00 2.150278e+00
0.850000 54.000000 1.841728672160e+00 1.179399666625e+00 2.186995e+00
0.850000 54.025000 1.900448538276e+00 1.149631829723e+00 2.221116e+00
0.850000 54.050000 1.956514853884e+00 1.116499383410e+00 2.252670e+00
0.850000 54.075000 2.009716221652e+00 1.080425325055e+00 2.281727e+00
0.850000 54.100000 2.059920046665e+00 1.041844142684e+00 2.308400e+00
0.850000 54.125000 2.107071811316e+00 1.001186519721e+00 2.332836e+00
0.850000 54.150000 2.151191352922e+00 9.588646896110e-01 2.355217e+00
0.850000 54.175000 2.192366392348e+00 9.152590159243e-01 2.375746e+00
0.850000 54.200000 2.230743663795e+00 8.707062931745e-01 2.394650e+00
0.850000 54.225000 2.266518073926e+00 8.254901695631e-01 2.412165e+00
0.850000 54.250000 2.299920372912e+00 7.798339916152e-01 2.428533e+00
0.850000 54.275000 2.331203852643e+00 7.338962675189e-01 2.443996e+00
0.850000 54.300000 2.360630600878e+00 6.877688444882e-01 2.458781e+00
0.850000 54.325000 2.388457837302e+00 6.414777978279e-01 2.473100e+00
0.850000 54.350000 2.414924840457e+00 5.949869364900e-01 2.487141e+00
0.850000 54.375000 2.440240944709e+00 5.482037421130e-01 2.501060e+00
0.850000 54.400000 2.464575044189e+00 5.009874760905e-01 2.514979e+00
0.850000 54.425000 2.488046985530e+00 4.531591129732e-01 2.528978e+00
0.850000 54.450000 2.510721162672e+00 4.045126902455e-01 2.543099e+00
0.850000 54.475000 2.532602544551e+00 3.548276071158e-01 2.557338e+00
0.850000 54.500000 2.553635270893e+00 3.038813622446e-01 2.571653e+00
0.850000 54.525000 2.573703844450e+00 2.514621966226e-01 2.585959e+00
0.850000 54.550000 2.592636833906e+00 1.973811072730e-01 2.600139e+00
0.850000 54.575000 2.610212885869e+00 1.414827233132e-01 2.614045e+00
0.850000 54.600000 2.626168733934e+00 8.365458972576e-02 2.627501e+00
0.850000 54.625000 2.640208795687e+00 2.383448518661e-02 2.640316e+00
0.850000 54.650000 2.652015872580e+00 -3.798449488019e-02 2.652288e+00
0.850000 54.675000 2.661262419671e+00 -1.017512361997e-01 2.663207e+00
0.850000 54.700000 2.667621837181e+00 -1.673562983942e-01 2.672866e+00
0.850000 54.725000 2.670779255893e+00 -2.346338842502e-01 2.681066e+00
0.850000 54.750000 2.670441342629e+00 -3.033658451634e-01 2.687617e+00
0.850000 54.775000 2.666344736158e+00 -3.732873801844e-01 2.692348e+00
0.850000 54.800000 2.658262830979e+00 -4.440940114482e-01 2.695103e+00
0.850000 54.825000 2.646010747140e+00 -5.154493769590e-01 2.695749e+00
0.850000 54.850000 2.629448448396e+00 -5.869933747314e-01 2.694172e+00
0.850000 54.875000 2.608482088195e+00 -6.583502188014e-01 2.690280e+00
0.850000 54.900000 2.583063764144e+00 -7.291360230979e-01 2.684000e+00
0.850000 54.925000 2.553189939732e+00 -7.989656066295e-01 2.675280e+00
0.850000 54.950000 2.518898843048e+00 -8.674583042804e-01 2.664082e+00
0.850000 54.975000 2.480267174985e+00 -9.342426627960e-01 2.650384e+00
0.850000 55.000000 2.437406455841e+00 -9.989599928083e-01 2.634174e+00
0.850000 55.025000 2.390459313614e+00 -1.061266828396e+00 2.615451e+00
0.850000 55.050000 2.339595975412e+00 -1.120836411073e+00 2.594221e+00
0.850000 55.075000 2.285011171764e+00 -1.177359363436e+00 2.570496e+00
0.850000 55.100000 2.226921607979e+00 -1.230543749264e+00 2.544291e+00
0.850000 55.125000 2.165564101843e+00 -1.280114734125e+00 2.515624e+00
0.850000 55.150000 2.101194435515e+00 -1.325814066683e+00 2.484512e+00
0.850000 55.175000 2.034086922504e+00 -1.367399599633e+00 2.450978e+00
0.850000 55.200000 1.964534646874e+00 -1.404645063170e+00 2.415041e+00
0.850000 55.225000 1.892850289597e+00 -1.437340294559e+00 2.376727e+00
0.850000 55.250000 1.819367413617e+00 -1.465292114217e+00 2.336061e+00
0.850000 55.275000 1.744442033147e+00 -1.488326019514e+00 2.293075e+00
0.850000 55.300000 1.668454243809e+00 -1.506288838738e+00 2.247809e+00
0.850000 55.325000 1.591809640242e+00 -1.519052445137e+00 2.200313e+00
0.850000 55.350000 1.514940201220e+00 -1.526518571168e+00 2.150652e+00
0.850000 55.375000 1.438304285451e+00 -1.528624683962e+00 2.098907e+00
0.850000 55.400000 1.362385362002e+00 -1.525350785163e+00 2.045187e+00
0.850000 55.425000 1.287689106142e+00 -1.516726885532e+00 1.989624e+00
0.850000 55.450000 1.214738531524e+00 -1.502840784292e+00 1.932387e+00
0.850000 55.475000 1.144066908285e+00 -1.483845665619e+00 1.873683e+00
0.850000 55.500000 1.076208335267e+00 -1.459966922678e+00 1.813761e+00
0.850000 55.525000 1.011685990185e+00 -1.431507546968e+00 1.752918e+00
0.850000 55.550000 9.509982664672e-01 -1.398851390581e+00 1.691503e+00
0.850000 55.575000 8.946032071199e-01 -1.362463632117e+00 1.629915e+00
0.850000 55.600000 8.429018480951e-01 -1.322887860108e+00 1.568603e+00
0.850000 55.625000 7.962212676619e-01 -1.280739332396e+00 1.508065e+00
0.850000 55.650000 7.547982849383e-01 -1.236694171325e+00 1.448838e+00
0.850000 55.675000 7.187648424055e-01 -1.191474502046e+00 1.391486e+00
0.850000 55.700000 6.881361297258e-01 -1.145829818367e+00 1.336584e+00
0.850000 55.725000 6.628024506383e-01 -1.100515146771e+00 1.284695e+00
0.850000 55.750000 6.425256987898e-01 -1.056266851380e+00 1.236341e+00
0.850000 55.775000 6.269410968337e-01 -1.013777157409e+00 1.191973e+00
0.850000 55.800000 6.155645777677e-01 -9.736686466574e-01 1.151933e+00
0.850000 55.825000 6.078058661362e-01 -9.364700785079e-01 1.116425e+00
0.850000 55.850000 6.029869718379e-01 -9.025949022862e-01 1.085482e+00
0.850000 55.875000 6.003654658762e-01 -8.723237471993e-01 1.058956e+00
0.850000 55.900000 5.991615908829e-01 -8.457920072590e-01 1.036513e+00
0.850000 55.925000 5.985879931285e-01 -8.229833907208e-01 1.017649e+00
0.850000 55.950000 5.978806666680e-01 -8.037299927930e-01 1.001720e+00
0.850000 55.975000 5.963295884231e-01 -7.877190976466e-01 9.879830e-01
0.850000 56.000000 5.933075031304e-01 -7.745065447755e-01 9.756404e-01
0.850000 56.025000 5.882953900966e-01 -7.635361300662e-01 9.638874e-01
0.850000 56.050000 5.809033039716e-01 -7.541641769171e-01 9.519518e-01
0.850000 56.075000 5.708855179114e-01 -7.456881279065e-01 9.391278e-01
0.850000 56.100000 5.581491936347e-01 -7.373777892332e-01 9.248008e-01
0.850000 56.125000 5.427561400178e-01 -7.285077197730e-01 9.084645e-01
0.850000 56.150000 5.249175795018e-01 -7.183892001359e-01 8.897311e-01
0.850000 56.175000 5.049821991237e-01 -7.064002452904e-01 8.683365e-01
0.850000 56.200000 4.834181010023e-01 -6.920122331232e-01 8.441410e-01
0.850000 56.225000 4.607895683449e-01 -6.748119025591e-01 8.171280e-01
0.850000 56.250000 4.377298130567e-01 -6.545177172117e-01 7.874013e-01
0.850000 56.275000 4.149110586236e-01 -6.309898801961e-01 7.551817e-01
0.850000 56.300000 3.930134293049e-01 -6.042336073692e-01 7.208036e-01
0.850000 56.325000 3.726941594654e-01 -5.743956036782e-01 6.847125e-01
0.850000 56.350000 3.545586040828e-01 -5.417540240541e-01 6.474637e-01
0.850000 56.375000 3.391344253712e-01 -5.067025202520e-01 6.097209e-01
0.850000 56.400000 3.268501564678e-01 -4.697292628460e-01 5.722557e-01
0.850000 56.425000 3.180191096754e-01 -4.313920692361e-01 5.359433e-01
0.850000 56.450000 3.128293151120e-01 -3.922909517829e-01 5.017513e-01
0.850000 56.475000 3.113398596446e-01 -3.530395153700e-01 4.707116e-01
0.850000 56.500000 3.134836616603e-01 -3.142366740902e-01 4.438656e-01
0.850000 56.525000 3.190763820909e-01 -2.764401193861e-01 4.221716e-01
0.850000 56.550000 3.278308543683e-01 -2.401428579543e-01 4.063763e-01
0.850000 56.575000 3.393761335681e-01 -2.057539525865e-01 3.968764e-01
0.850000 56.600000 3.532800343034e-01 -1.735843528403e-01 3.936220e-01
0.850000 56.625000 3.690738617188e-01 -1.438384090151e-01 3.961124e-01
0.850000 56.650000 3.862779501239e-01 -1.166113397188e-01 4.034958e-01
0.850000 56.675000 4.044266146235e-01 -9.189258997789e-02 4.147350e-01
0.850000 56.700000 4.230911924445e-01 -6.957469388627e-02 4.287736e-01
0.850000 56.725000 4.418999969872e-01 -4.946696311298e-02 4.446601e-01
0.850000 56.750000 4.605542182500e-01 -3.131307791531e-02 4.616175e-01
0.850000 56.775000 4.788390631731e-01 -1.481147477046e-02 4.790681e-01
0.850000 56.800000 4.966297204771e-01 3.626862096354e-04 4.966299e-01
0.850000 56.825000 5.138920369724e-01 1.453522622090e-02 5.140976e-01
0.850000 56.850000 5.306780863610e-01 2.801153836672e-02 5.314169e-01
0.850000 56.875000 5.471170791693e-01 4.105717094672e-02 5.486554e-01
0.850000 56.900000 5.634022886016e-01 5.388134787531e-02 5.659729e-01
0.850000 56.925000 5.797748408770e-01 6.662416603839e-02 5.835903e-01
0.850000 56.950000 5.965053337573e-01 7.934797873048e-02 6.017597e-01
0.850000 56.975000 6.138743020301e-01 9.203323384243e-02 6.207349e-01
0.850000 57.000000 6.321525465736e-01 1.045788002331e-01 6.407445e-01
0.850000 57.025000 6.515822907714e-01 1.168065984400e-01 6.619692e-01
0.850000 57.050000 6.723600334095e-01 1.284701622080e-01 6.845236e-01
0.850000 57.075000 6.946218410077e-01 1.392666014843e-01 7.084453e-01
0.850000 57.100000 7.184316751786e-01 1.488513184832e-01 7.336898e-01
0.850000 57.125000 7.437731915813e-01 1.568547462779e-01 7.601329e-01
0.850000 57.150000 7.705452843605e-01 1.629003321405e-01 7.875764e-01
0.850000 57.175000 7.985614898030e-01 1.666229722607e-01 8.157596e-01
0.850000 57.200000 8.275532096845e-01 1.676871168386e-01 8.443715e-01
0.850000 57.225000 8.571765713167e-01 1.658038013685e-01 8.730650e-01
0.850000 57.250000 8.870226095799e-01 1.607459183391e-01 9.014701e-01
0.850000 57.275000 9.166303378233e-01 1.523611214584e-01 9.292067e-01
0.850000 57.300000 9.455021711723e-01 1.405818502948e-01 9.558962e-01
0.850000 57.325000 9.731210797836e-01 1.254320755661e-01 9.811717e-01
0.850000 57.350000 9.989687838456e-01 1.070304924816e-01 1.004686e+00
0.850000 57.375000 1.022544260059e+00 8.559002901588e-02 1.026120e+00
0.850000 57.400000 1.043381814420e+00 6.141368393070e-02 1.045188e+00
0.850000 57.425000 1.061067991377e+00 3.488686051185e-02 1.061641e+00
0.850000 57.450000 1.075256636591e+00 6.466509685589e-03 1.075276e+00
0.850000 57.475000 1.085681509675e+00 -2.333246719179e-02 1.085932e+00
0.850000 57.500000 1.092165952091e+00 -5.395298802799e-02 1.093498e+00
0.850000 57.525000 1.094629249257e+00 -8.481307340663e-02 1.097910e+00
0.850000 57.550000 1.093089477773e+00 -1.153239268951e-01 1.099156e+00
0.850000 57.575000 1.087662789842e+00 -1.449080743803e-01 1.097273e+00
0.850000 57.600000 1.078559247348e+00 -1.730168419689e-01 1.092348e+00
0.850000 57.625000 1.066075467776e+00 -1.991465063009e-01 1.084517e+00
0.850000 57.650000 1.050584473855e+00 -2.228525378583e-01 1.073960e+00
0.850000 57.675000 1.032523241144e+00 -2.437614700068e-01 1.060907e+00
0.850000 57.700000 1.012378507739e+00 -2.615800552899e-01 1.045626e+00
0.850000 57.725000 9.906714460134e-01 -2.761015062516e-01 1.028427e+00
0.850000 57.750000 9.679417987111e-01 -2.872087513339e-01 1.009654e+00
0.850000 57.775000 9.447320547019e-01 -2.948747588562e-01 9.896817e-01
0.850000 57.800000 9.215721889871e-01 -2.991600873894e-01 9.689128e-01
0.850000 57.825000 8.989654243262e-01 -3.002079050764e-01 9.477677e-01
0.850000 57.850000 8.773753954384e-01 -2.982367823497e-01 9.266783e-01
0.850000 57.875000 8.572150178912e-01 -2.935316031849e-01 9.060786e-01
0.850000 57.900000 8.388372878528e-01 -2.864329625382e-01 8.863926e-01
0.850000 57.925000 8.225281693286e-01 -2.773254261445e-01 8.680219e-01
0.850000 57.950000 8.085016637287e-01 -2.666250279177e-01 8.513306e-01
0.850000 57.975000 7.968971021832e-01 -2.547663738169e-01 8.366307e-01
0.850000 58.000000 7.877786520570e-01 -2.421897121246e-01 8.241669e-01
0.850000 58.025000 7.811369830169e-01 -2.293283199469e-01 8.141047e-01
0.850000 58.050000 7.768929921685e-01 -2.165965441341e-01 8.065214e-01
0.850000 58.075000 7.749034403204e-01 -2.043788199973e-01 8.014025e-01
0.850000 58.100000 7.749683017223e-01 -1.930199705540e-01 7.986442e-01
0.850000 58.125000 7.768395785914e-01 -1.828170596518e-01 7.980613e-01
0.850000 58.150000 7.802312818542e-01 -1.740130317344e-01 7.994006e-01
0.850000 58.175000 7.848302345219e-01 -1.667923178761e-01 8.023579e-01
0.850000 58.200000 7.903073183887e-01 -1.612785222411e-01 8.065956e-01
0.850000 58.225000 7.963287627410e-01 -1.575342273331e-01 8.117614e-01
0.850000 58.250000 8.025670691442e-01 -1.555628740455e-01 8.175046e-01
0.850000 58.275000 8.087111814555e-01 -1.553125886663e-01 8.234900e-01
0.850000 58.300000 8.144755454174e-01 -1.566817494645e-01 8.294092e-01
0.850000 58.325000 8.196077559472e-01 -1.595260160892e-01 8.349883e-01
0.850000 58.350000 8.238945590317e-01 -1.636664907961e-01 8.399934e-01
0.850000 58.375000 8.271660539637e-01 -1.688986450602e-01 8.442336e-01
0.850000 58.400000 8.292980246219e-01 -1.750016301587e-01 8.475617e-01
0.850000 58.425000 8.302124095995e-01 -1.817475954395e-01 8.498734e-01
0.850000 58.450000 8.298759948982e-01 -1.889106609162e-01 8.511060e-01
0.850000 58.475000 8.282974755785e-01 -1.962752277342e-01 8.512348e-01
0.850000 58.500000 8.255230819360e-01 -2.036433562206e-01 8.502699e-01
0.850000 58.525000 8.216310010493e-01 -2.108409918094e-01 8.482520e-01
0.850000 58.550000 8.167248472926e-01 -2.177228699228e-01 8.452471e-01
0.850000 58.575000 8.109264482605e-01 -2.241759788515e-01 8.413421e-01
0.850000 58.600000 8.043682188033e-01 -2.301215034415e-01 8.366386e-01
0.850000 58.625000 7.971853987027e-01 -2.355152122347e-01 8.312472e-01
0.850000 58.650000 7.895084312919e-01 -2.403462883666e-01 8.252817e-01
0.850000 58.675000 7.814557620017e-01 -2.446346426894e-01 8.188524e-01
0.850000 58.700000 7.731273366632e-01 -2.484267891414e-01 8.120602e-01
0.850000 58.725000 7.645990770116e-01 -2.517904096833e-01 8.049908e-01
0.850000 58.750000 7.559186014244e-01 -2.548077901673e-01 7.977092e-01
0.850000 58.775000 7.471024380454e-01 -2.575683684436e-01 7.902553e-01
0.850000 58.800000 7.381349407238e-01 -2.601606988259e-01 7.826409e-01
0.850000 58.825000 7.289690623599e-01 -2.626641976559e-01 7.748473e-01
0.850000 58.850000 7.195290638820e-01 -2.651410864007e-01 7.668258e-01
0.850000 58.875000 7.097151413451e-01 -2.676289839365e-01 7.584991e-01
0.850000 58.900000 6.994098425550e-01 -2.701346109677e-01 7.497645e-01
0.850000 58.925000 6.884860250350e-01 -2.726290507165e-01 7.404996e-01
0.850000 58.950000 6.768159882230e-01 -2.750449571561e-01 7.305680e-01
0.850000 58.975000 6.642813052106e-01 -2.772760143299e-01 7.198275e-01
0.850000 59.000000 6.507827941254e-01 -2.791788304552e-01 7.081377e-01
0.850000 59.025000 6.362500166026e-01 -2.805773050048e-01 6.953688e-01
0.850000 59.050000 6.206496786651e-01 -2.812693455186e-01 6.814092e-01
0.850000 59.075000 6.039923425691e-01 -2.810356457661e-01 6.661740e-01
0.850000 59.100000 5.863369375989e-01 -2.796500816495e-01 6.496116e-01
0.850000 59.125000 5.677926799534e-01 -2.768911495218e-01 6.317098e-01
0.850000 59.150000 5.485181691581e-01 -2.725537756186e-01 6.125012e-01
0.850000 59.175000 5.287176096723e-01 -2.664607746152e-01 5.920673e-01
0.850000 59.200000 5.086342978138e-01 -2.584732357655e-01 5.705412e-01
0.850000 59.225000 4.885417007605e-01 -2.484991681580e-01 5.481102e-01
0.850000 59.250000 4.687326213083e-01 -2.364998392700e-01 5.250166e-01
0.850000 59.275000 4.495070759005e-01 -2.224933858869e-01 5.015575e-01
0.850000 59.300000 4.311596035594e-01 -2.065554526318e-01 4.780834e-01
0.850000 59.325000 4.139667628099e-01 -1.888168073401e-01 4.549948e-01
0.850000 59.350000 3.981755597657e-01 -1.694580794859e-01 4.327353e-01
0.850000 59.375000 3.839934848897e-01 -1.487019530347e-01 4.117806e-01
0.850000 59.400000 3.715807242567e-01 -1.268033049366e-01 3.926211e-01
0.850000 59.425000 3.610449625773e-01 -1.040379038178e-01 3.757357e-01
0.850000 59.450000 3.524390214628e-01 -8.069036231602e-02 3.615580e-01
0.850000 59.475000 3.457613905507e-01 -5.704206658742e-02 3.504351e-01
0.850000 59.500000 3.409595246501e-01 -3.335978726807e-02 3.425876e-01
0.850000 59.525000 3.379356097858e-01 -9.885610671801e-03 3.380802e-01
0.850000 59.550000 3.365543560814e-01 1.317127653784e-02 3.368120e-01
0.850000 59.575000 3.366522646997e-01 3.564055282837e-02 3.385336e-01
0.850000 59.600000 3.380477456164e-01 5.739423881352e-02 3.428854e-01
0.850000 59.625000 3.405514359452e-01 7.834761450141e-02 3.494476e-01
0.850000 59.650000 3.439760849102e-01 9.845767092453e-02 3.577897e-01
0.850000 59.675000 3.481454286308e-01 1.177193431003e-01 3.675093e-01
0.850000 59.700000 3.529015703805e-01 1.361599018936e-01 3.782579e-01
0.850000 59.725000 3.581105025869e-01 1.538319830607e-01 3.897530e-01
0.850000 59.750000 3.636655467111e-01 1.708057969593e-01 4.017801e-01
0.850000 59.775000 3.694886364395e-01 1.871610889606e-01 4.141873e-01
0.850000 59.800000 3.755295181718e-01 2.029794078876e-01 4.268759e-01
0.850000 59.825000 3.817630806310e-01 2.183371897854e-01 4.397888e-01
0.850000 59.850000 3.881851434931e-01 2.333000813913e-01 4.528980e-01
0.850000 59.875000 3.948071255657e-01 2.479188183623e-01 4.661935e-01
0.850000 59.900000 4.016500705657e-01 2.622268459609e-01 4.796725e-01
0.850000 59.925000 4.087385296367e-01 2.762397340126e-01 4.933311e-01
0.850000 59.950000 4.160947837630e-01 2.899563036468e-01 5.071583e-01
0.850000 59.975000 4.237338383142e-01 3.033612605347e-01 5.211319e-01
0.850000 60.000000 4.316595408783e-01 3.164290270133e-01 5.352170e-01
0.850000 60.025000 4.398620694409e-01 3.291283909363e-01 5.493670e-01
0.850000 60.050000 4.483169197620e-01 3.414275472675e-01 5.635254e-01
0.850000 60.075000 4.569853984273e-01 3.532991015232e-01 5.776296e-01
0.850000 60.100000 4.658165116348e-01 3.647246313347e-01 5.916157e-01
0.850000 60.125000 4.747500386811e-01 3.756984598984e-01 6.054229e-01
0.850000 60.150000 4.837205010602e-01 3.862303765180e-01 6.189987e-01
0.850000 60.175000 4.926616884597e-01 3.963471365497e-01 6.323026e-01
0.850000 60.200000 5.015113842261e-01 4.060926763762e-01 6.453099e-01
0.850000 60.225000 5.102159445271e-01 4.155270790148e-01 6.580145e-01
0.850000 60.250000 5.187344239703e-01 4.247244138880e-01 6.704299e-01
0.850000 60.275000 5.270419998981e-01 4.337696431825e-01 6.825902e-01
0.850000 60.300000 5.351325202887e-01 4.427548325951e-01 6.945492e-01
0.850000 60.325000 5.430200776767e-01 4.517749244284e-01 7.063791e-01
0.850000 60.350000 5.507395855195e-01 4.609233271706e-01 7.181674e-01
0.850000 60.375000 5.583463968893e-01 4.702875517372e-01 7.300144e-01
0.850000 60.400000 5.659150531967e-01 4.799450862393e-01 7.420291e-01
0.850000 60.425000 5.735372802482e-01 4.899596554590e-01 7.543245e-01
0.850000 60.450000 5.813193604204e-01 5.003779652350e-01 7.670139e-01
0.850000 60.475000 5.893790057099e-01 5.112269920038e-01 7.802055e-01
0.850000 60.500000 5.978418415162e-01 5.225118484244e-01 7.939984e-01
0.850000 60.525000 6.068375910617e-01 5.342142397548e-01 8.084780e-01
0.850000 60.550000 6.164960314752e-01 5.462915223485e-01 8.237122e-01
0.850000 60.575000 6.269427802280e-01 5.586763828140e-01 8.397479e-01
0.850000 60.600000 6.382949687248e-01 5.712771696046e-01 8.566085e-01
0.850000 60.625000 6.506568702385e-01 5.839789224440e-01 8.742916e-01
0.850000 60.650000 6.641155713524e-01 5.966451530978e-01 8.927681e-01
0.850000 60.675000 6.787368066174e-01 6.091204282921e-01 9.119821e-01
0.850000 60.700000 6.945611102117e-01 6.212337883055e-01 9.318511e-01
0.850000 60.725000 7.116004696891e-01 6.328030013338e-01 9.522683e-01
0.850000 60.750000 7.298356887655e-01 6.436396051640e-01 9.731043e-01
0.850000 60.775000 7.492146724214e-01 6.535546274873e-01 9.942114e-01
0.850000 60.800000 7.696518338494e-01 6.623648100896e-01 1.015427e+00
0.850000 60.825000 7.910287866309e-01 6.698990974146e-01 1.036577e+00
0.850000 60.850000 8.131964273707e-01 6.760050944863e-01 1.057483e+00
0.850000 60.875000 8.359784370155e-01 6.805551604441e-01 1.077968e+00
0.850000 60.900000 8.591761389280e-01 6.834517881754e-01 1.097857e+00
0.850000 60.925000 8.825745560782e-01 6.846319317985e-01 1.116986e+00
0.850000 60.950000 9.059494172182e-01 6.840699834489e-01 1.135208e+00
0.850000 60.975000 9.290747814186e-01 6.817791673857e-01 1.152390e+00
0.850000 61.000000 9.517308899378e-01 6.778112085551e-01 1.168426e+00
0.850000 61.025000 9.737118202851e-01 6.722542377000e-01 1.183233e+00
0.850000 61.050000 9.948325134927e-01 6.652290075540e-01 1.196755e+00
0.850000 61.075000 1.014934773099e+00 6.568836054394e-01 1.208962e+00
0.850000 61.100000 1.033891891532e+00 6.473869477089e-01 1.219853e+00
0.850000 61.125000 1.051611642155e+00 6.369214229165e-01 1.229454e+00
0.850000 61.150000 1.068037476815e+00 6.256751070844e-01 1.237810e+00
0.850000 61.175000 1.083147881588e+00 6.138340018891e-01 1.244991e+00
0.850000 61.200000 1.096953959015e+00 6.015747434058e-01 1.251080e+00
0.850000 61.225000 1.109495415226e+00 5.890581960371e-01 1.256173e+00
0.850000 61.250000 1.120835227424e+00 5.764242864505e-01 1.260372e+00
0.850000 61.275000 1.131053344933e+00 5.637883505086e-01 1.263780e+00
0.850000 61.300000 1.140239831035e+00 5.512391683876e-01 1.266496e+00
0.850000 61.325000 1.148487880212e+00 5.388387560516e-01 1.268610e+00
0.850000 61.350000 1.155887145458e+00 5.266238719764e-01 1.270200e+00
0.850000 61.375000 1.162517783726e+00 5.146090931525e-01 1.271326e+00
0.850000 61.400000 1.168445576573e+00 5.027912200797e-01 1.272031e+00
0.850000 61.425000 1.173718411285e+00 4.911546919291e-01 1.272340e+00
0.850000 61.450000 1.178364319520e+00 4.796776345602e-01 1.272255e+00
0.850000 61.475000 1.182391171067e+00 4.683381287716e-01 1.271766e+00
0.850000 61.500000 1.185788015416e+00 4.571202759846e-01 1.270847e+00
0.850000 61.525000 1.188527959395e+00 4.460196541957e-01 1.269461e+00
0.850000 61.550000 1.190572371377e+00 4.350477978413e-01 1.267568e+00
0.850000 61.575000 1.191876117401e+00 4.242353991911e-01 1.265126e+00
0.850000 61.600000 1.192393467473e+00 4.136340125701e-01 1.262100e+00
0.850000 61.625000 1.192084266071e+00 4.033161413379e-01 1.258463e+00
0.850000 61.650000 1.190919942973e+00 3.933736950712e-01 1.254206e+00
0.850000 61.675000 1.188888950921e+00 3.839149138427e-01 1.249339e+00
0.850000 61.700000 1.186001255408e+00 3.750599602962e-01 1.243893e+00
0.850000 61.725000 1.182291567092e+00 3.669354708232e-01 1.237924e+00
0.850000 61.750000 1.177821094699e+00 3.596684275745e-01 1.231513e+00
0.850000 61.775000 1.172677699860e+00 3.533797575613e-01 1.224765e+00
0.850000 61.800000 1.166974447204e+00 3.481780798942e-01 1.217808e+00
0.850000 61.825000 1.160846654661e+00 3.441540057748e-01 1.210788e+00
0.850000 61.850000 1.154447651233e+00 3.413753493999e-01 1.203863e+00
0.850000 61.875000 1.147943534214e+00 3.398835353132e-01 1.197203e+00
0.850000 61.900000 1.141507278111e+00 3.396913952380e-01 1.190978e+00
0.850000 61.925000 1.135312578696e+00 3.407824431714e-01 1.185355e+00
0.850000 61.950000 1.129527815792e+00 3.431116107608e-01 1.180491e+00
0.850000 61.975000 1.124310488648e+00 3.466073250255e-01 1.176525e+00
0.850000 62.000000 1.119802422119e+00 3.511747258391e-01 1.173576e+00
0.850000 62.025000 1.116125966566e+00 3.566997579072e-01 1.171739e+00
0.850000 62.050000 1.113381327766e+00 3.630538355283e-01 1.171079e+00
0.850000 62.075000 1.111645073827e+00 3.700987694493e-01 1.171635e+00
0.850000 62.100000 1.110969782873e+00 3.776916619792e-01 1.173416e+00
0.850000 62.125000 1.111384725372e+00 3.856895148758e-01 1.176407e+00
0.850000 62.150000 1.112897423657e+00 3.939533479500e-01 1.180568e+00
0.850000 62.175000 1.115495901033e+00 4.023516873908e-01 1.185841e+00
0.850000 62.200000 1.119151423682e+00 4.107633438371e-01 1.192152e+00
0.850000 62.225000 1.123821547545e+00 4.190794544860e-01 1.199418e+00
0.850000 62.250000 1.129453304583e+00 4.272048060689e-01 1.207547e+00
0.850000 62.275000 1.135986392247e+00 4.350584836798e-01 1.216446e+00
0.850000 62.300000 1.143356260236e+00 4.425739041769e-01 1.226024e+00
0.850000 62.325000 1.151497014214e+00 4.496982945330e-01 1.236193e+00
0.850000 62.350000 1.160344072983e+00 4.563916693986e-01 1.246873e+00
0.850000 62.375000 1.169836522135e+00 4.626253535870e-01 1.257990e+00
0.850000 62.400000 1.179919103955e+00 4.683800897748e-01 1.269484e+00
0.850000 62.425000 1.190543773490e+00 4.736437740415e-01 1.281301e+00
0.850000 62.450000 1.201670738967e+00 4.784088748998e-01 1.293402e+00
0.850000 62.475000 1.213268896987e+00 4.826696158167e-01 1.305753e+00
0.850000 62.500000 1.225315574786e+00 4.864190349113e-01 1.318333e+00
0.850000 62.525000 1.237795508129e+00 4.896460742122e-01 1.331124e+00
0.850000 62.550000 1.250699016647e+00 4.923328883302e-01 1.344113e+00
0.850000 62.575000 1.264019388818e+00 4.944525914857e-01 1.357287e+00
0.850000 62.600000 1.277749553432e+00 4.959676754322e-01 1.370630e+00
0.850000 62.625000 1.291878187696e+00 4.968293230662e-01 1.384120e+00
0.850000 62.650000 1.306385486471e+00 4.969778097414e-01 1.397723e+00
0.850000 62.675000 1.321238883329e+00 4.963441258351e-01 1.411393e+00
0.850000 62.700000 1.336389063245e+00 4.948528725280e-01 1.425067e+00
0.850000 62.725000 1.351766630608e+00 4.924263839357e-01 1.438665e+00
0.850000 62.750000 1.367279789210e+00 4.889899212192e-01 1.452090e+00
0.850000 62.775000 1.382813350256e+00 4.844776784732e-01 1.465227e+00
0.850000 62.800000 1.398229311155e+00 4.788392470677e-01 1.477949e+00
0.850000 62.825000 1.413369146704e+00 4.720461150081e-01 1.490114e+00
0.850000 62.850000 1.428057833157e+00 4.640977392419e-01 1.501578e+00
0.850000 62.875000 1.442109495084e+00 4.550267271123e-01 1.512193e+00
0.850000 62.900000 1.455334436731e+00 4.449027001894e-01 1.521820e+00
0.850000 62.925000 1.467547205698e+00 4.338344873841e-01 1.530329e+00
0.850000 62.950000 1.478575247827e+00 4.219703987569e-01 1.537610e+00
0.850000 62.975000 1.488267656523e+00 4.094964578620e-01 1.543576e+00
0.850000 63.000000 1.496503502395e+00 3.966326077743e-01 1.548173e+00
0.850000 63.025000 1.503199251292e+00 3.836270421732e-01 1.551379e+00
0.850000 63.050000 1.508314838218e+00 3.707489363662e-01 1.553212e+00
0.850000 63.075000 1.511858055149e+00 3.582799538076e-01 1.553731e+00
0.850000 63.100000 1.513887024115e+00 3.465049738545e-01 1.553036e+00
0.850000 63.125000 1.514510652683e+00 3.357025216626e-01 1.551270e+00
0.850000 63.150000 1.513887096443e+00 3.261353801065e-01 1.548618e+00
0.850000 63.175000 1.512220371962e+00 3.180418284921e-01 1.545303e+00
0.850000 63.200000 1.509755365069e+00 3.116278885415e-01 1.541581e+00
0.850000 63.225000 1.506771556578e+00 3.070608716904e-01 1.537741e+00
0.850000 63.250000 1.503575836556e+00 3.044644214319e-01 1.534092e+00
0.850000 63.275000 1.500494797457e+00 3.039151389651e-01 1.530963e+00
0.850000 63.300000 1.497866887010e+00 3.054407780293e-01 1.528692e+00
0.850000 63.325000 1.496034766699e+00 3.090199027735e-01 1.527617e+00
0.850000 63.350000 1.495338165780e+00 3.145828265153e-01 1.528070e+00
0.850000 63.375000 1.496107449679e+00 3.220135933723e-01 1.530369e+00
0.850000 63.400000 1.498658041502e+00 3.311527311760e-01 1.534809e+00
0.850000 63.425000 1.503285752280e+00 3.418004935284e-01 1.541654e+00
0.850000 63.450000 1.510262995322e+00 3.537203205103e-01 1.551133e+00
0.850000 63.475000 1.519835787759e+00 3.666422794957e-01 1.563434e+00
0.850000 63.500000 1.532221382510e+00 3.802662968561e-01 1.578704e+00
0.850000 63.525000 1.547606330169e+00 3.942650544530e-01 1.597038e+00
0.850000 63.550000 1.566144745585e+00 4.082864973950e-01 1.618489e+00
0.850000 63.575000 1.587956550225e+00 4.219559767666e-01 1.643062e+00
0.850000 63.600000 1.613125479588e+00 4.348781276021e-01 1.670716e+00
0.850000 63.625000 1.641696685078e+00 4.466386526155e-01 1.701368e+00
0.850000 63.650000 1.673673819976e+00 4.568062403322e-01 1.734894e+00
0.850000 63.675000 1.709015576733e+00 4.649348866550e-01 1.771129e+00
0.850000 63.700000 1.747631732794e+00 4.705669065192e-01 1.809876e+00
0.850000 63.725000 1.789378858544e+00 4.732369132418e-01 1.850900e+00
0.850000 63.750000 1.834055935979e+00 4.724770051666e-01 1.893937e+00
0.850000 63.775000 1.881400222027e+00 4.678233321312e-01 1.938692e+00
0.850000 63.800000 1.931083757273e+00 4.588241205852e-01 1.984844e+00
0.850000 63.825000 1.982710960969e+00 4.450491209035e-01 2.032046e+00
0.850000 63.850000 2.035817759996e+00 4.261003113764e-01 2.079932e+00
0.850000 63.875000 2.089872668278e+00 4.016235602926e-01 2.128114e+00
0.850000 63.900000 2.144280162659e+00 3.713208218950e-01 2.176193e+00
0.850000 63.925000 2.198386593578e+00 3.349623355686e-01 2.223759e+00
0.850000 63.950000 2.251488729589e+00 2.923982216119e-01 2.270396e+00
0.850000 63.975000 2.302844873314e+00 2.435688307059e-01 2.315690e+00
0.850000 64.000000 2.351688314562e+00 1.885132141127e-01 2.359232e+00
0.850000 64.025000 2.397242718207e+00 1.273751403102e-01 2.400624e+00
0.850000 64.050000 2.438738894183e+00 6.040618949370e-02 2.439487e+00
0.850000 64.075000 2.475432278456e+00 -1.203439604430e-02 2.475462e+00
0.850000 64.100000 2.506620378313e+00 -8.948325035232e-02 2.508217e+00
0.850000 64.125000 2.531659410838e+00 -1.713797612048e-01 2.537454e+00
0.850000 64.150000 2.549979393624e+00 -2.570760401508e-01 2.562905e+00
0.850000 64.175000 2.561097030389e+00 -3.458495566917e-01 2.584343e+00
0.850000 64.200000 2.564625865315e+00 -4.369178550580e-01 2.601577e+00
0.850000 64.225000 2.560283348169e+00 -5.294546609364e-01 2.614455e+00
0.850000 64.250000 2.547894644118e+00 -6.226066253017e-01 2.622862e+00
0.850000 64.275000 2.527393221704e+00 -7.155099477244e-01 2.626722e+00
0.850000 64.300000 2.498818443538e+00 -8.073061717662e-01 2.625993e+00
0.850000 64.325000 2.462310551496e+00 -8.971565451380e-01 2.620661e+00
0.850000 64.350000 2.418103568552e+00 -9.842544777269e-01 2.610744e+00
0.850000 64.375000 2.366516723463e+00 -1.067835798675e+00 2.596281e+00
0.850000 64.400000 2.307945037057e+00 -1.147186694679e+00 2.577333e+00
0.850000 64.425000 2.242849689253e+00 -1.221649390214e+00 2.553978e+00
0.850000 64.450000 2.171748718031e+00 -1.290625791902e+00 2.526303e+00
0.850000 64.475000 2.095208493061e+00 -1.353579451214e+00 2.494409e+00
0.850000 64.500000 2.013836268458e+00 -1.410036292525e+00 2.458402e+00
0.850000 64.525000 1.928273963815e+00 -1.459584601480e+00 2.418394e+00
0.850000 64.550000 1.839193163858e+00 -1.501874769599e+00 2.374502e+00
0.850000 64.575000 1.747291177908e+00 -1.536619247063e+00 2.326849e+00
0.850000 64.600000 1.653287872452e+00 -1.563593071924e+00 2.275562e+00
0.850000 64.625000 1.557922893240e+00 -1.582635228739e+00 2.220779e+00
0.850000 64.650000 1.461952833984e+00 -1.593650952837e+00 2.162644e+00
0.850000 64.675000 1.366147890911e+00 -1.596614949345e+00 2.101318e+00
0.850000 64.700000 1.271287566556e+00 -1.591575350099e+00 2.036979e+00
0.850000 64.725000 1.178155050268e+00 -1.578658097620e+00 1.969825e+00
0.850000 64.750000 1.087530002007e+00 -1.558071333249e+00 1.900081e+00
0.850000 64.775000 1.000179593303e+00 -1.530109284497e+00 1.828003e+00
0.850000 64.800000 9.168478061412e-01 -1.495155100800e+00 1.753881e+00
0.850000 64.825000 8.382431473947e-01 -1.453682081140e+00 1.678047e+00
0.850000 64.850000 7.650250929123e-01 -1.406252773042e+00 1.600878e+00
0.850000 64.875000 6.977897210625e-01 -1.353515499185e+00 1.522798e+00
0.850000 64.900000 6.370551204618e-01 -1.296197982283e+00 1.444288e+00
0.850000 64.925000 5.832472515734e-01 -1.235097885085e+00 1.365886e+00
0.850000 64.950000 5.366869991717e-01 -1.171070252802e+00 1.288192e+00
0.850000 64.975000 4.975791664705e-01 -1.105012030227e+00 1.211873e+00
0.850000 65.000000 4.660041285195e-01 -1.037844014341e+00 1.137664e+00
0.850000 65.025000 4.419127815843e-01 -9.704907833746e-01 1.066367e+00
0.850000 65.050000 4.251252988921e-01 -9.038593029233e-01 9.988459e-01
0.850000 65.075000 4.153340367873e-01 -8.388170374211e-01 9.360109e-01
0.850000 65.100000 4.121107373822e-01 -7.761704807423e-01 8.787923e-01
0.850000 65.125000 4.149179552918e-01 -7.166450552089e-01 8.280924e-01
0.850000 65.150000 4.231244100920e-01 -6.608673088111e-01 7.847164e-01
0.850000 65.175000 4.360237470680e-01 -6.093502646847e-01 7.492826e-01
0.850000 65.200000 4.528559911386e-01 -5.624826473472e-01 7.221255e-01
0.850000 65.225000 4.728308161963e-01 -5.205225332360e-01 7.032160e-01
0.850000 65.250000 4.951516361456e-01 -4.835957587411e-01 6.921272e-01
0.850000 65.275000 5.190394633433e-01 -4.516991800541e-01 6.880655e-01
0.850000 65.300000 5.437554799209e-01 -4.247086307436e-01 6.899619e-01
0.850000 65.325000 5.686213283639e-01 -4.023911808445e-01 6.965981e-01
0.850000 65.350000 5.930362462205e-01 -3.844210809354e-01 7.067330e-01
0.850000 65.375000 6.164903383217e-01 -3.703985901739e-01 7.192047e-01
0.850000 65.400000 6.385734874320e-01 -3.598707499406e-01 7.329959e-01
0.850000 65.425000 6.589796372698e-01 -3.523530825461e-01 7.472663e-01
0.850000 65.450000 6.775064253857e-01 -3.473511713614e-01 7.613592e-01
0.850000 65.475000 6.940503822586e-01 -3.443811145806e-01 7.747931e-01
0.850000 65.500000 7.085981328691e-01 -3.429879355239e-01 7.872433e-01
0.850000 65.525000 7.212142255644e-01 -3.427611704609e-01 7.985206e-01
0.850000 65.550000 7.320263605329e-01 -3.433470302043e-01 8.085479e-01
0.850000 65.575000 7.412088901809e-01 -3.444567323728e-01 8.173378e-01
0.850000 65.600000 7.489655129605e-01 -3.458708146145e-01 8.249703e-01
0.850000 65.625000 7.555120808570e-01 -3.474394528061e-01 8.315724e-01
0.850000 65.650000 7.610603917528e-01 -3.490790108657e-01 8.372987e-01
0.850000 65.675000 7.658037465785e-01 -3.507652304251e-01 8.423133e-01
0.850000 65.700000 7.699049245903e-01 -3.525236212762e-01 8.467742e-01
0.850000 65.725000 7.734870764576e-01 -3.544177313884e-01 8.508197e-01
0.850000 65.750000 7.766278628136e-01 -3.565360546310e-01 8.545577e-01
0.850000 65.775000 7.793569843431e-01 -3.589783732921e-01 8.580576e-01
0.850000 65.800000 7.816570669350e-01 -3.618423309723e-01 8.613464e-01
0.850000 65.825000 7.834676900536e-01 -3.652109908309e-01 8.644077e-01
0.850000 65.850000 7.846921858731e-01 -3.691420571971e-01 8.671838e-01
0.850000 65.875000 7.852066977805e-01 -3.736593291331e-01 8.695808e-01
0.850000 65.900000 7.848708758120e-01 -3.787468177241e-01 8.714766e-01
0.850000 65.925000 7.835395087325e-01 -3.843458008246e-01 8.727290e-01
0.850000 65.950000 7.810743520681e-01 -3.903549170309e-01 8.731862e-01
0.850000 65.975000 7.773554113016e-01 -3.966332230319e-01 8.726966e-01
0.850000 66.000000 7.722909808065e-01 -4.030059644144e-01 8.711183e-01
0.850000 66.025000 7.658258210383e-01 -4.092726490798e-01 8.683279e-01
0.850000 66.050000 7.579469757692e-01 -4.152168744066e-01 8.642272e-01
0.850000 66.075000 7.486868820392e-01 -4.206172532568e-01 8.587496e-01
0.850000 66.100000 7.381235998021e-01 -4.252587177080e-01 8.518635e-01
0.850000 66.125000 7.263781756073e-01 -4.289434587343e-01 8.435744e-01
0.850000 66.150000 7.136093430582e-01 -4.315007879610e-01 8.339252e-01
0.850000 66.175000 7.000059393343e-01 -4.327952837948e-01 8.229946e-01
0.850000 66.200000 6.857775689650e-01 -4.327327047557e-01 8.108936e-01
0.850000 66.225000 6.711441616683e-01 -4.312633102558e-01 7.977609e-01
0.850000 66.250000 6.563251410606e-01 -4.283824126337e-01 7.837565e-01
0.850000 66.275000 6.415289392367e-01 -4.241281807042e-01 7.690540e-01
0.850000 66.300000 6.269435564210e-01 -4.185769096326e-01 7.538334e-01
0.850000 66.325000 6.127287772286e-01 -4.118361494785e-01 7.382720e-01
0.850000 66.350000 5.990105220602e-01 -4.040362311821e-01 7.225364e-01
0.850000 66.375000 5.858776442019e-01 -3.953208323188e-01 7.067752e-01
0.850000 66.400000 5.733812938860e-01 -3.858372772845e-01 6.911125e-01
0.850000 66.425000 5.615367753959e-01 -3.757272636572e-01 6.756438e-01
0.850000 66.450000 5.503276384306e-01 -3.651186490083e-01 6.604333e-01
0.850000 66.475000 5.397115856121e-01 -3.541188258492e-01 6.455143e-01
0.850000 66.500000 5.296276572506e-01 -3.428100664309e-01 6.308916e-01
0.850000 66.525000 5.200040817601e-01 -3.312470469079e-01 6.165459e-01
0.850000 66.550000 5.107661606109e-01 -3.194565772895e-01 6.024405e-01
0.850000 66.575000 5.018435907157e-01 -3.074393857508e-01 5.885286e-01
0.850000 66.600000 4.931767101850e-01 -2.951736486332e-01 5.747615e-01
0.850000 66.625000 4.847212765756e-01 -2.826198340705e-01 5.610960e-01
0.850000 66.650000 4.764515377807e-01 -2.697263474514e-01 5.475019e-01
0.850000 66.675000 4.683615199732e-01 -2.564354364770e-01 5.339678e-01
0.850000 66.700000 4.604646190971e-01 -2.426888332864e-01 5.205051e-01
0.850000 66.725000 4.527917275316e-01 -2.284326772057e-01 5.071507e-01
0.850000 66.750000 4.453882429458e-01 -2.136213661091e-01 4.939684e-01
0.850000 66.775000 4.383103824823e-01 -1.982201157896e-01 4.810480e-01
0.850000 66.800000 4.316212566973e-01 -1.822061515467e-01 4.685040e-01
0.850000 66.825000 4.253871430632e-01 -1.655686000120e-01 4.564725e-01
0.850000 66.850000 4.196743416547e-01 -1.483072782165e-01 4.451085e-01
0.850000 66.875000 4.145469032303e-01 -1.304306791240e-01 4.345817e-01
0.850000 66.900000 4.100654027962e-01 -1.119535193558e-01 4.250732e-01
0.850000 66.925000 4.062868024715e-01 -9.289424044743e-02 4.167713e-01
0.850000 66.950000 4.032653194170e-01 -7.327283870954e-02 4.098681e-01
0.850000 66.975000 4.010541005411e-01 -5.310934375654e-02 4.045553e-01
0.850000 67.000000 3.997074167017e-01 -3.242317892306e-02 4.010203e-01
0.850000 67.025000 3.992830333630e-01 -1.123352793556e-02 3.994410e-01
0.850000 67.050000 3.998443968028e-01 1.043928689662e-02 3.999806e-01
0.850000 67.075000 4.014622957265e-01 3.257152661926e-02 4.027814e-01
0.850000 67.100000 4.042157143367e-01 5.513307218792e-02 4.079583e-01
0.850000 67.125000 4.081916778817e-01 7.808406873788e-02 4.155930e-01
0.850000 67.150000 4.134839960399e-01 1.013715176116e-01 4.257290e-01
0.850000 67.175000 4.201909220530e-01 1.249261674160e-01 4.383685e-01
0.850000 67.200000 4.284118545802e-01 1.486600305975e-01 4.534716e-01
0.850000 67.225000 4.382433037217e-01 1.724647946010e-01 4.709579e-01
0.850000 67.250000 4.497744132343e-01 1.962113132898e-01 4.907096e-01
0.850000 67.275000 4.630823709508e-01 2.197502641222e-01 5.125773e-01
0.850000 67.300000 4.782280455116e-01 2.429139503369e-01 5.363854e-01
0.850000 67.325000 4.952521599561e-01 2.655191262058e-01 5.619387e-01
0.850000 67.350000 5.141722553009e-01 2.873706376087e-01 5.890289e-01
0.850000 67.375000 5.349806167904e-01 3.082656082655e-01 6.174398e-01
0.850000 67.400000 5.576432411681e-01 3.279978697026e-01 6.469533e-01
0.850000 67.425000 5.820998255142e-01 3.463623329099e-01 6.773530e-01
0.850000 67.450000 6.082646674775e-01 3.631590306499e-01 7.084281e-01
0.850000 67.475000 6.360282926755e-01 3.781966171237e-01 7.399761e-01
0.850000 67.500000 6.652595752023e-01 3.912951889856e-01 7.718045e-01
0.850000 67.525000 6.958080963018e-01 4.022883793253e-01 8.037318e-01
0.850000 67.550000 7.275064957757e-01 4.110247640139e-01 8.355879e-01
0.850000 67.575000 7.601726086199e-01 4.173686977474e-01 8.672134e-01
0.850000 67.600000 7.936112405788e-01 4.212007564632e-01 8.984592e-01
0.850000 67.625000 8.276155130761e-01 4.224179970642e-01 9.291848e-01
0.850000 67.650000 8.619677909672e-01 4.209342509871e-01 9.592571e-01
0.850000 67.675000 8.964402857904e-01 4.166806448465e-01 9.885484e-01
0.850000 67.700000 9.307954932408e-01 4.096064922190e-01 1.016935e+00
0.850000 67.725000 9.647866685945e-01 3.996806315886e-01 1.044298e+00
0.850000 67.750000 9.981585623403e-01 3.868932047794e-01 1.070517e+00
0.850000 67.775000 1.030648627990e+00 3.712577873702e-01 1.095477e+00
0.850000 67.800000 1.061988875812e+00 3.528137073485e-01 1.119061e+00
0.850000 67.825000 1.091908484128e+00 3.316283294961e-01 1.141158e+00
0.850000 67.850000 1.120137200565e+00 3.077990477136e-01 1.161657e+00
0.850000 67.875000 1.146409477855e+00 2.814547201093e-01 1.180454e+00
0.850000 67.900000 1.170469202017e+00 2.527563035454e-01 1.197449e+00
0.850000 67.925000 1.192074794470e+00 2.218964936441e-01 1.212551e+00
0.850000 67.950000 1.211004412101e+00 1.890982482356e-01 1.225679e+00
0.850000 67.975000 1.227060936928e+00 1.546121597595e-01 1.236763e+00
0.850000 68.000000 1.240076443322e+00 1.187127364696e-01 1.245746e+00
0.850000 68.025000 1.249915856585e+00 8.169374406344e-02 1.252583e+00
0.850000 68.050000 1.256479569705e+00 4.386283951587e-02 1.257245e+00
0.850000 68.075000 1.259704860381e+00 5.535789623327e-03 1.259717e+00
0.850000 68.100000 1.259566040887e+00 -3.296939776801e-02 1.259997e+00
0.850000 68.125000 1.256073370568e+00 -7.133809500492e-02 1.258098e+00
0.850000 68.150000 1.249270855908e+00 -1.092641158179e-01 1.254040e+00
0.850000 68.175000 1.239233147456e+00 -1.464539533664e-01 1.247857e+00
0.850000 68.200000 1.226061809167e+00 -1.826300040850e-01 1.239589e+00
0.850000 68.225000 1.209881278052e+00 -2.175326745292e-01 1.229282e+00
0.850000 68.250000 1.190834847016e+00 -2.509213652427e-01 1.216984e+00
0.850000 68.275000 1.169080990115e+00 -2.825744228101e-01 1.202746e+00
0.850000 68.300000 1.144790308455e+00 -3.122882406556e-01 1.186621e+00
0.850000 68.325000 1.118143309852e+00 -3.398757634263e-01 1.168657e+00
0.850000 68.350000 1.089329151356e+00 -3.651647029084e-01 1.148905e+00
0.850000 68.375000 1.058545377322e+00 -3.879958009299e-01 1.127413e+00
0.850000 68.400000 1.025998584266e+00 -4.082214740932e-01 1.104227e+00
0.850000 68.425000 9.919058450749e-01 -4.257051459253e-01 1.079399e+00
0.850000 68.450000 9.564966368019e-01 -4.403215156144e-01 1.052981e+00
0.850000 68.475000 9.200149454175e-01 -4.519579322978e-01 1.025033e+00
0.850000 68.500000 8.827211734803e-01 -4.605169449329e-01 9.956267e-01
0.850000 68.525000 8.448934574487e-01 -4.659199866666e-01 9.648453e-01
0.850000 68.550000 8.068280132657e-01 -4.681120369390e-01 9.327917e-01
0.850000 68.575000 7.688381729252e-01 -4.670669927152e-01 8.995909e-01
0.850000 68.600000 7.312518498518e-01 -4.627933808524e-01 8.653941e-01
0.850000 68.625000 6.944072736876e-01 -4.553399650948e-01 8.303830e-01
0.850000 68.650000 6.586469598560e-01 -4.448007510563e-01 7.947726e-01
0.850000 68.675000 6.243100183250e-01 -4.313188769451e-01 7.588142e-01
0.850000 68.700000 5.917230498719e-01 -4.150889007008e-01 7.227966e-01
0.850000 68.725000 5.611900161797e-01 -3.963570571577e-01 6.870467e-01
0.850000 68.750000 5.329815910931e-01 -3.754191602997e-01 6.519271e-01
0.850000 68.775000 5.073245934998e-01 -3.526159609101e-01 6.178319e-01
0.850000 68.800000 4.843921580195e-01 -3.283259311671e-01 5.851783e-01
0.850000 68.825000 4.642953106670e-01 -3.029556243295e-01 5.543936e-01
0.850000 68.850000 4.470765786566e-01 -2.769279368927e-01 5.258959e-01
0.850000 68.875000 4.327061760323e-01 -2.506687684680e-01 5.000695e-01
0.850000 68.900000 4.210811734616e-01 -2.245927171208e-01 4.772329e-01
0.850000 68.925000 4.120278890371e-01 -1.990885521266e-01 4.576060e-01
0.850000 68.950000 4.053075387574e-01 -1.745052616159e-01 4.412780e-01
0.850000 68.975000 4.006249748938e-01 -1.511394725157e-01 4.281863e-01
0.850000 69.000000 3.976401338729e-01 -1.292249820622e-01 4.181110e-01
0.850000 69.025000 3.959816292112e-01 -1.089250263457e-01 4.106898e-01
0.850000 69.050000 3.952617748864e-01 -9.032774913257e-02 4.054516e-01
0.850000 69.075000 3.950922232102e-01 -7.344513526819e-02 4.018607e-01
0.850000 69.100000 3.950993577699e-01 -5.821545246492e-02 3.993652e-01
0.850000 69.125000 3.949386005128e-01 -4.450902054074e-02 3.974387e-01
0.850000 69.150000 3.943068714127e-01 -3.213691612621e-02 3.956143e-01
0.850000 69.175000 3.929525729656e-01 -2.086204034780e-02 3.935060e-01
0.850000 69.200000 3.906826488532e-01 -1.041184123646e-02 3.908214e-01
0.850000 69.225000 3.873664716458e-01 -4.919018314249e-04 3.873668e-01
0.850000 69.250000 3.829365312573e-01 9.200415535059e-03 3.830470e-01
0.850000 69.275000 3.773861062191e-01 1.896303851048e-02 3.778622e-01
0.850000 69.300000 3.707642869257e-01 2.907764255051e-02 3.719028e-01
0.850000 69.325000 3.631688695971e-01 3.980003252300e-02 3.653432e-01
0.850000 69.350000 3.547377413852e-01 5.135281198975e-02 3.584355e-01
0.850000 69.375000 3.456394250508e-01 6.392051688681e-02 3.515003e-01
0.850000 69.400000 3.360634451613e-01 7.764720358091e-02 3.449170e-01
0.850000 69.425000 3.262111208411e-01 9.263631035796e-02 3.391094e-01
0.850000 69.450000 3.162872909570e-01 1.089524693768e-01 3.345270e-01
0.850000 69.475000 3.064933476301e-01 1.266248427060e-01 3.316203e-01
0.850000 69.500000 2.970218064396e-01 1.456514969090e-01 3.308116e-01
0.850000 69.525000 2.880524904911e-01 1.660043171212e-01 3.324630e-01
0.850000 69.550000 2.797502637906e-01 1.876339909680e-01 3.368482e-01
0.850000 69.575000 2.722641283382e-01 2.104746587708e-01 3.441327e-01
0.850000 69.600000 2.657274075914e-01 2.344479204087e-01 3.543683e-01
0.850000 69.625000 2.602586817368e-01 2.594660004248e-01 3.675013e-01
0.850000 69.650000 2.559631195025e-01 2.854339904044e-01 3.833923e-01
0.850000 69.675000 2.529338657279e-01 3.122512006292e-01 4.018412e-01
0.850000 69.700000 2.512531894944e-01 3.398117521423e-01 4.226112e-01
0.850000 69.725000 2.509931680324e-01 3.680046180961e-01 4.454492e-01
0.850000 69.750000 2.522157690523e-01 3.967133744047e-01 4.701003e-01
0.850000 69.775000 2.549722900793e-01 4.258159414643e-01 4.963165e-01
0.850000 69.800000 2.593022091330e-01 4.551845907077e-01 5.238613e-01
0.850000 69.825000 2.652315885348e-01 4.846864538780e-01 5.525113e-01
0.850000 69.850000 2.727712455566e-01 5.141847129977e-01 5.820568e-01
0.850000 69.875000 2.819149541920e-01 5.435405705032e-01 6.123009e-01
0.850000 69.900000 2.926379673263e-01 5.726160086071e-01 6.430599e-01
0.850000 69.925000 3.048961456147e-01 6.012772521658e-01 6.741632e-01
0.850000 69.950000 3.186259480551e-01 6.293987580657e-01 7.054540e-01
0.850000 69.975000 3.337454812324e-01 6.568674743543e-01 7.367910e-01
0.850000 70.000000 3.501567232440e-01 6.835870513331e-01 7.680501e-01
0.850000 70.025000 3.677489401261e-01 7.094816509960e-01 7.991267e-01
0.850000 70.050000 3.864032046412e-01 7.344989952310e-01 8.299375e-01
0.850000 70.075000 4.059978184255e-01 7.586123197895e-01 8.604225e-01
0.850000 70.100000 4.264143383664e-01 7.818209602184e-01 8.905466e-01
0.850000 70.125000 4.475438264343e-01 8.041493850148e-01 9.202998e-01
0.850000 70.150000 4.692928879858e-01 8.256446044631e-01 9.496972e-01
0.850000 70.175000 4.915890440263e-01 8.463720124782e-01 9.787775e-01
0.850000 70.200000 5.143850027277e-01 8.664098525600e-01 1.007600e+00
0.850000 70.225000 5.376614558872e-01 8.858426254333e-01 1.036242e+00
0.850000 70.250000 5.614281244139e-01 9.047538625044e-01 1.064792e+00
0.850000 70.275000 5.857229066966e-01 9.232187641825e-01 1.093345e+00
0.850000 70.300000 6.106091345039e-01 9.412972358536e-01 1.122000e+00
0.850000 70.325000 6.361710995456e-01 9.590278407586e-01 1.150847e+00
0.850000 70.350000 6.625081648010e-01 9.764231265431e-01 1.179966e+00
0.850000 70.375000 6.897279026709e-01 9.934666740536e-01 1.209422e+00
0.850000 70.400000 7.179387927286e-01 1.010112071429e+00 1.239259e+00
0.850000 70.425000 7.472430541244e-01 1.026283846468e+00 1.269500e+00
0.850000 70.450000 7.777301747787e-01 1.041880211904e+00 1.300146e+00
0.850000 70.475000 8.094716301376e-01 1.056777309770e+00 1.331173e+00
0.850000 70.500000 8.425171632424e-01 1.070834500446e+00 1.362542e+00
0.850000 70.525000 8.768928357962e-01 1.083900145428e+00 1.394195e+00
0.850000 70.550000 9.126008724259e-01 1.095817292289e+00 1.426063e+00
0.850000 70.575000 9.496211265872e-01 1.106428692289e+00 1.458069e+00
0.850000 70.600000 9.879138172254e-01 1.115580665641e+00 1.490132e+00
0.850000 70.625000 1.027423040418e+00 1.123125469660e+00 1.522172e+00
0.850000 70.650000 1.068080466841e+00 1.128922007805e+00 1.554111e+00
0.850000 70.675000 1.109808606129e+00 1.132834924444e+00 1.585872e+00
0.850000 70.700000 1.152523058658e+00 1.134732339605e+00 1.617383e+00
0.850000 70.725000 1.196133282293e+00 1.134482667094e+00 1.648571e+00
0.850000 70.750000 1.240541567197e+00 1.131951107206e+00 1.679362e+00
0.850000 70.775000 1.285640120291e+00 1.126996494217e+00 1.709676e+00
0.850000 70.800000 1.331306391966e+00 1.119469197371e+00 1.739422e+00
0.850000 70.825000 1.377397007645e+00 1.109210717629e+00 1.768494e+00
0.850000 70.850000 1.423740872107e+00 1.096055494191e+00 1.796768e+00
0.850000 70.875000 1.470132173377e+00 1.079835245307e+00 1.824098e+00
0.850000 70.900000 1.516324108167e+00 1.060385934118e+00 1.850313e+00
0.850000 70.925000 1.562024171213e+00 1.037557193751e+00 1.875219e+00
0.850000 70.950000 1.606891792576e+00 1.011223790427e+00 1.898598e+00
0.850000 70.975000 1.650538973597e+00 9.812984728154e-01 1.920215e+00
0.850000 71.000000 1.692534374762e+00 9.477453715524e-01 1.939818e+00
0.850000 71.025000 1.732411063496e+00 9.105929916330e-01 1.957148e+00
0.850000 71.050000 1.769677857768e+00 8.699457932109e-01 1.971945e+00
0.850000 71.075000 1.803833924742e+00 8.259933873288e-01 1.983956e+00
0.850000 71.100000 1.834386034961e+00 7.790164795956e-01 1.992947e+00
0.850000 71.125000 1.860867651655e+00 7.293888679630e-01 1.998709e+00
0.850000 71.150000 1.882858867984e+00 6.775750266148e-01 2.001066e+00
0.850000 71.175000 1.900006103352e+00 6.241230692695e-01 1.999888e+00
0.850000 71.200000 1.912040439095e+00 5.696531628277e-01 1.995095e+00
0.850000 71.225000 1.918793513925e+00 5.148417373237e-01 1.986663e+00
0.850000 71.250000 1.920210005798e+00 4.604020929484e-01 1.974633e+00
0.850000 71.275000 1.916355890694e+00 4.070622247083e-01 1.959112e+00
0.850000 71.300000 1.907421878635e+00 3.555408583967e-01 1.940275e+00
0.850000 71.325000 1.893721669895e+00 3.065228100988e-01 1.918369e+00
0.850000 71.350000 1.875684936113e+00 2.606348409303e-01 1.893707e+00
0.850000 71.375000 1.853845198110e+00 2.184231778642e-01 1.866668e+00
0.850000 71.400000 1.828823031986e+00 1.803338117351e-01 1.837693e+00
0.850000 71.425000 1.801305275606e+00 1.466965684345e-01 1.807269e+00
0.850000 71.450000 1.772021118340e+00 1.177137843115e-01 1.775927e+00
0.850000 71.475000 1.741716128531e+00 9.345420881806e-02 1.744222e+00
0.850000 71.500000 1.711125397300e+00 7.385251484359e-02 1.712718e+00
0.850000 71.525000 1.680947047217e+00 5.871452978489e-02 1.681972e+00
0.850000 71.550000 1.651817364620e+00 4.772801947888e-02 1.652507e+00
0.850000 71.575000 1.624288761660e+00 4.047857542029e-02 1.624793e+00
0.850000 71.600000 1.598811657712e+00 3.646988717337e-02 1.599228e+00
0.850000 71.625000 1.575721191771e+00 3.514744131917e-02 1.576113e+00
0.850000 71.650000 1.555229443996e+00 3.592449047487e-02 1.555644e+00
0.850000 71.675000 1.537423565283e+00 3.820899472842e-02 1.537898e+00
0.850000 71.700000 1.522269902483e+00 4.143016496416e-02 1.522834e+00
0.850000 71.725000 1.509623880812e+00 4.506324133023e-02 1.510296e+00
0.850000 71.750000 1.499245083710e+00 4.865122429061e-02 1.500034e+00
0.850000 71.775000 1.490816674924e+00 5.182243867908e-02 1.491717e+00
0.850000 71.800000 1.483968058379e+00 5.430304542058e-02 1.484961e+00
0.850000 71.825000 1.478299486692e+00 5.592390785608e-02 1.479357e+00
0.850000 71.850000 1.473407223468e+00 5.662155156952e-02 1.474495e+00
0.850000 71.875000 1.468907846485e+00 5.643330616139e-02 1.469991e+00
0.850000 71.900000 1.464460350963e+00 5.548706038009e-02 1.465511e+00
0.850000 71.925000 1.459784869628e+00 5.398637426339e-02 1.460783e+00
0.850000 71.950000 1.454677057774e+00 5.219195145296e-02 1.455613e+00
0.850000 71.975000 1.449017479626e+00 5.040066377071e-02 1.449894e+00
0.850000 72.000000 1.442775655414e+00 4.892342638866e-02 1.443605e+00
0.850000 72.025000 1.436008762522e+00 4.806324019852e-02 1.436813e+00
0.850000 72.050000 1.428855304590e+00 4.809465018721e-02 1.429664e+00
0.850000 72.075000 1.421524347298e+00 4.924572345918e-02 1.422377e+00
0.850000 72.100000 1.414281150272e+00 5.168344249787e-02 1.415225e+00
0.850000 72.125000 1.407430188187e+00 5.550315700540e-02 1.408524e+00
0.850000 72.150000 1.401296644025e+00 6.072246211839e-02 1.402612e+00
0.850000 72.175000 1.396207473087e+00 6.727959308585e-02 1.397828e+00
0.850000 72.200000 1.392473083585e+00 7.503616597026e-02 1.394493e+00
0.850000 72.225000 1.390370568618e+00 8.378386660293e-02 1.392893e+00
0.850000 72.250000 1.390129269128e+00 9.325450743125e-02 1.393254e+00
0.850000 72.275000 1.391919263215e+00 1.031327406052e-01 1.395735e+00
0.850000 72.300000 1.395843179590e+00 1.130706373236e-01 1.400415e+00
0.850000 72.325000 1.401931535855e+00 1.227033154724e-01 1.407291e+00
0.850000 72.350000 1.410141617124e+00 1.316648140288e-01 1.416275e+00
0.850000 72.375000 1.420359745661e+00 1.396034656113e-01 1.427204e+00
0.850000 72.400000 1.432406652541e+00 1.461960991640e-01 1.439848e+00
0.850000 72.425000 1.446045550181e+00 1.511605046136e-01 1.453925e+00
0.850000 72.450000 1.460992419584e+00 1.542657031136e-01 1.469114e+00
0.850000 72.475000 1.476927966778e+00 1.553396844239e-01 1.485075e+00
0.850000 72.500000 1.493510667003e+00 1.542743929794e-01 1.501458e+00
0.850000 72.525000 1.510390300626e+00 1.510278635121e-01 1.517922e+00
0.850000 72.550000 1.527221390001e+00 1.456235238403e-01 1.534148e+00
0.850000 72.575000 1.543675970947e+00 1.381467949627e-01 1.549845e+00
0.850000 72.600000 1.559455175776e+00 1.287392249218e-01 1.564760e+00
0.850000 72.625000 1.574299167158e+00 1.175904903054e-01 1.578685e+00
0.850000 72.650000 1.587995042852e+00 1.049286841478e-01 1.591458e+00
0.850000 72.675000 1.600382429281e+00 9.100937703925e-02 1.602968e+00
0.850000 72.700000 1.611356594067e+00 7.610398487702e-02 1.613153e+00
0.850000 72.725000 1.620869029390e+00 6.048799765354e-02 1.621997e+00
0.850000 72.750000 1.628925583136e+00 4.442961590762e-02 1.629531e+00
0.850000 72.775000 1.635582335612e+00 2.817930368433e-02 1.635825e+00
0.850000 72.800000 1.640939528027e+00 1.196070022807e-02 1.640983e+00
0.850000 72.825000 1.645133936970e+00 -4.036759096164e-03 1.645139e+00
0.850000 72.850000 1.648330150124e+00 -1.966327266693e-02 1.648447e+00
0.850000 72.875000 1.650711227831e+00 -3.481203423272e-02 1.651078e+00
0.850000 72.900000 1.652469231160e+00 -4.942052903486e-02 1.653208e+00
0.850000 72.925000 1.653796061217e+00 -6.346987991402e-02 1.655014e+00
0.850000 72.950000 1.654874991079e+00 -7.698245364196e-02 1.656665e+00
0.850000 72.975000 1.655873188305e+00 -9.001800747763e-02 1.658318e+00
0.850000 73.000000 1.656935431386e+00 -1.026686964664e-01 1.660113e+00
0.850000 73.025000 1.658179127879e+00 -1.150532723440e-01 1.662166e+00
0.850000 73.050000 1.659690654643e+00 -1.273107874641e-01 1.664566e+00
0.850000 73.075000 1.661522969747e+00 -1.395940774094e-01 1.667377e+00
0.850000 73.100000 1.663694396579e+00 -1.520632415193e-01 1.670629e+00
0.850000 73.125000 1.666188456000e+00 -1.648792804699e-01 1.674326e+00
0.850000 73.150000 1.668954621003e+00 -1.781979932296e-01 1.678441e+00
0.850000 73.175000 1.671909886359e+00 -1.921641900599e-01 1.682917e+00
0.850000 73.200000 1.674941076646e+00 -2.069062494834e-01 1.687672e+00
0.850000 73.225000 1.677907851930e+00 -2.225310381729e-01 1.692600e+00
0.850000 73.250000 1.680646402965e+00 -2.391192232996e-01 1.697572e+00
0.850000 73.275000 1.682973849456e+00 -2.567210337130e-01 1.702441e+00
0.850000 73.300000 1.684693360179e+00 -2.753525636492e-01 1.707047e+00
0.850000 73.325000 1.685599999316e+00 -2.949927530367e-01 1.711218e+00
0.850000 73.350000 1.685487269142e+00 -3.155812138390e-01 1.714777e+00
0.850000 73.375000 1.684154268035e+00 -3.370170947254e-01 1.717544e+00
0.850000 73.400000 1.681413319926e+00 -3.591591806336e-01 1.719345e+00
0.850000 73.425000 1.677097864001e+00 -3.818274057442e-01 1.720014e+00
0.850000 73.450000 1.671070329719e+00 -4.048059170219e-01 1.719402e+00
0.850000 73.475000 1.663229669909e+00 -4.278477626197e-01 1.717378e+00
0.850000 73.500000 1.653518190679e+00 -4.506811994847e-01 1.713837e+00
0.850000 73.525000 1.641927306018e+00 -4.730175238240e-01 1.708704e+00
0.850000 73.550000 1.628501859798e+00 -4.945602342499e-01 1.701942e+00
0.850000 73.575000 1.613342698373e+00 -5.150152482724e-01 1.693551e+00
0.850000 73.600000 1.596607240608e+00 -5.341018156289e-01 1.683573e+00
0.850000 73.625000 1.578507874441e+00 -5.515637126855e-01 1.672097e+00
0.850000 73.650000 1.559308104009e+00 -5.671802649659e-01 1.659257e+00
0.850000 73.675000 1.539316472443e+00 -5.807767317770e-01 1.645235e+00
0.850000 73.700000 1.518878385931e+00 -5.922335979269e-01 1.630255e+00
0.850000 73.725000 1.498366058764e+00 -6.014943507998e-01 1.614589e+00
0.850000 73.750000 1.478166881966e+00 -6.085713733757e-01 1.598542e+00
0.850000 73.775000 1.458670586413e+00 -6.135496510492e-01 1.582455e+00
0.850000 73.800000 1.440255623024e+00 -6.165880679331e-01 1.566690e+00
0.850000 73.825000 1.423275217204e+00 -6.179181524253e-01 1.551623e+00
0.850000 73.850000 1.408043572399e+00 -6.178402184372e-01 1.537632e+00
0.850000 73.875000 1.394822699726e+00 -6.167169347094e-01 1.525080e+00
0.850000 73.900000 1.383810338509e+00 -6.149644377875e-01 1.514303e+00
0.850000 73.925000 1.375129407797e+00 -6.130411828166e-01 1.505590e+00
0.850000 73.950000 1.368819392953e+00 -6.114347992204e-01 1.499173e+00
0.850000 73.975000 1.364830025363e+00 -6.106472847162e-01 1.495209e+00
0.850000 74.000000 1.363017558158e+00 -6.111789302836e-01 1.493773e+00
0.850000 74.025000 1.363143877199e+00 -6.135114198907e-01 1.494844e+00
0.850000 74.050000 1.364878615284e+00 -6.180905911058e-01 1.498309e+00
0.850000 74.075000 1.367804359134e+00 -6.253093751579e-01 1.503962e+00
0.850000 74.100000 1.371424954193e+00 -6.354914563814e-01 1.511508e+00
0.850000 74.125000 1.375176822736e+00 -6.488762000843e-01 1.520576e+00
0.850000 74.150000 1.378443117610e+00 -6.656053935111e-01 1.530731e+00
0.850000 74.175000 1.380570438769e+00 -6.857123256170e-01 1.541485e+00
0.850000 74.200000 1.380887744602e+00 -7.091136968463e-01 1.552319e+00
0.850000 74.225000 1.378726997056e+00 -7.356047991773e-01 1.562691e+00
0.850000 74.250000 1.373444991175e+00 -7.648583387125e-01 1.572056e+00
0.850000 74.275000 1.364445738860e+00 -7.964271876068e-01 1.579876e+00
0.850000 74.300000 1.351202706501e+00 -8.297512490171e-01 1.585634e+00
0.850000 74.325000 1.333280150494e+00 -8.641684983575e-01 1.588843e+00
0.850000 74.350000 1.310352757704e+00 -8.989301274770e-01 1.589056e+00
0.850000 74.375000 1.282222784299e+00 -9.332195674683e-01 1.585873e+00
0.850000 74.400000 1.248833900962e+00 -9.661750039687e-01 1.578949e+00
0.850000 74.425000 1.210280999997e+00 -9.969148309468e-01 1.567998e+00
0.850000 74.450000 1.166815304315e+00 -1.024565321747e+00 1.552801e+00
0.850000 74.475000 1.118844242517e+00 -1.048289638051e+00 1.533207e+00
0.850000 74.500000 1.066925719030e+00 -1.067317158442e+00 1.509138e+00
0.850000 74.525000 1.011756611498e+00 -1.080971999499e+00 1.480592e+00
0.850000 74.550000 9.541555643215e-01 -1.088699535185e+00 1.447646e+00
0.850000 74.575000 8.950404084914e-01 -1.090089705366e+00 1.410458e+00
0.850000 74.600000 8.354008115784e-01 -1.084895950385e+00 1.369268e+00
0.850000 74.625000 7.762670324351e-01 -1.073048721312e+00 1.324396e+00
0.850000 74.650000 7.186759053894e-01 -1.054662696352e+00 1.276248e+00
0.850000 74.675000 6.636353898499e-01 -1.030037079242e+00 1.225312e+00
0.850000 74.700000 6.120891753691e-01 -9.996486564406e-01 1.172156e+00
0.850000 74.725000 5.648829136287e-01 -9.641376320359e-01 1.117432e+00
0.850000 74.750000 5.227336458055e-01 -9.242866236506e-01 1.061865e+00
0.850000 74.775000 4.862039000408e-01 -8.809935666215e-01 1.006252e+00
0.850000 74.800000 4.556817494729e-01 -8.352396131098e-01 9.514573e-01
0.850000 74.825000 4.313678536610e-01 -7.880534034411e-01 8.983910e-01
0.850000 74.850000 4.132701692136e-01 -7.404733071185e-01 8.479935e-01
0.850000 74.875000 4.012066290237e-01 -6.935093632108e-01 8.012003e-01
0.850000 74.900000 3.948156781697e-01 -6.481066828481e-01 7.588950e-01
0.850000 74.925000 3.935741453138e-01 -6.051120063152e-01 7.218457e-01
0.850000 74.950000 3.968215486186e-01 -5.652449374010e-01 6.906296e-01
0.850000 74.975000 4.037896100762e-01 -5.290751195235e-01 6.655573e-01
0.850000 75.000000 4.136355027289e-01 -4.970062895482e-01 6.466139e-01
0.850000 75.025000 4.254771966417e-01 -4.692677690626e-01 6.334375e-01
0.850000 75.050000 4.384292096006e-01 -4.459135550437e-01 6.253472e-01
0.850000 75.075000 4.516371077164e-01 -4.268287789748e-01 6.214168e-01
0.850000 75.100000 4.643092324519e-01 -4.117429406010e-01 6.205766e-01
0.850000 75.125000 4.757443407757e-01 -4.002490111623e-01 6.217169e-01
0.850000 75.150000 4.853541160132e-01 -3.918272574964e-01 6.237766e-01
0.850000 75.175000 4.926798174207e-01 -3.858724731090e-01 6.258043e-01
0.850000 75.200000 4.974026644615e-01 -3.817232190311e-01 6.269944e-01
0.850000 75.225000 4.993478760938e-01 -3.786916737527e-01 6.267022e-01
0.850000 75.250000 4.984825875035e-01 -3.760927602743e-01 6.244443e-01
0.850000 75.275000 4.949081318531e-01 -3.732713479527e-01 6.198916e-01
0.850000 75.300000 4.888473923102e-01 -3.696265034638e-01 6.128585e-01
0.850000 75.325000 4.806280940056e-01 -3.646319740965e-01 6.032908e-01
0.850000 75.350000 4.706630148638e-01 -3.578523133175e-01 5.912546e-01
0.850000 75.375000 4.594281501679e-01 -3.489542901562e-01 5.769258e-01
0.850000 75.400000 4.474398724321e-01 -3.377134495879e-01 5.605826e-01
0.850000 75.425000 4.352320914197e-01 -3.240159021861e-01 5.425986e-01
0.850000 75.450000 4.233343453815e-01 -3.078556115840e-01 5.234377e-01
0.850000 75.475000 4.122516502632e-01 -2.893276132815e-01 5.036486e-01
0.850000 75.500000 4.024468048890e-01 -2.686177350148e-01 4.838584e-01
0.850000 75.525000 3.943257026993e-01 -2.459894951115e-01 4.647619e-01
0.850000 75.550000 3.882260399592e-01 -2.217689293459e-01 4.471028e-01
0.850000 75.575000 3.844096419334e-01 -1.963281375061e-01 4.316428e-01
0.850000 75.600000 3.830584580925e-01 -1.700683472957e-01 4.191146e-01
0.850000 75.625000 3.842741112826e-01 -1.434032650898e-01 4.101598e-01
0.850000 75.650000 3.880807307570e-01 -1.167434212918e-01 4.052600e-01
0.850000 75.675000 3.944306622012e-01 -9.048212489688e-02 4.046759e-01
0.850000 75.700000 4.032125364202e-01 -6.498352155165e-02 4.084155e-01
0.850000 75.725000 4.142610984883e-01 -4.057310805229e-02 4.162432e-01
0.850000 75.750000 4.273681556768e-01 -1.753090194148e-02 4.277276e-01
0.850000 75.775000 4.422939979841e-01 3.912692813739e-03 4.423113e-01
0.850000 75.800000 4.587786794135e-01 2.357843381455e-02 4.593842e-01
0.850000 75.825000 4.765526180626e-01 4.133744523686e-02 4.783421e-01
0.850000 75.850000 4.953460723804e-01 5.710843062566e-02 4.986272e-01
0.850000 75.875000 5.148971708256e-01 7.085331866569e-02 5.197493e-01
0.850000 75.900000 5.349583020778e-01 8.257180460641e-02 5.412933e-01
0.850000 75.925000 5.553008016405e-01 9.229525019532e-02 5.629186e-01
0.850000 75.950000 5.757179873735e-01 1.000803709342e-01 5.843520e-01
0.850000 75.975000 5.960266921004e-01 1.060030776234e-01 6.053796e-01
0.850000 76.000000 6.160675095541e-01 1.101527582930e-01 6.258377e-01
0.850000 76.025000 6.357040074823e-01 1.126271969975e-01 6.456040e-01
0.850000 76.050000 6.548211693321e-01 1.135282379339e-01 6.645897e-01
0.850000 76.075000 6.733233075130e-01 1.129582262123e-01 6.827326e-01
0.850000 76.100000 6.911316535599e-01 1.110171973886e-01 6.999913e-01
0.850000 76.125000 7.081817820694e-01 1.078007505994e-01 7.163396e-01
0.850000 76.150000 7.244209750709e-01 1.033985254227e-01 7.317629e-01
0.850000 76.175000 7.398055898260e-01 9.789320779647e-02 7.462542e-01
0.850000 76.200000 7.542984623180e-01 9.136001002144e-02 7.598110e-01
0.850000 76.225000 7.678663646373e-01 8.386659688496e-02 7.724328e-01
0.850000 76.250000 7.804775376403e-01 7.547345639683e-02 7.841182e-01
0.850000 76.275000 7.920993381572e-01 6.623473228601e-02 7.948638e-01
0.850000 76.300000 8.026960675118e-01 5.619954071050e-02 8.046610e-01
0.850000 76.325000 8.122270783656e-01 4.541378259088e-02 8.134957e-01
0.850000 76.350000 8.206452824258e-01 3.392243558124e-02 8.213461e-01
0.850000 76.375000 8.278961955300e-01 2.177226891841e-02 8.281824e-01
0.850000 76.400000 8.339176538309e-01 9.014875743267e-03 8.339664e-01
0.850000 76.425000 8.386403126248e-01 -4.290131868869e-03 8.386513e-01
0.850000 76.450000 8.419889981004e-01 -1.807196223345e-02 8.421829e-01
0.850000 76.475000 8.438849252484e-01 -3.224574288457e-02 8.445008e-01
0.850000 76.500000 8.442487281995e-01 -4.671011243630e-02 8.455399e-01
0.850000 76.525000 8.430041799270e-01 -6.134552472260e-02 8.452333e-01
0.850000 76.550000 8.400824147768e-01 -7.601344753346e-02 8.435144e-01
0.850000 76.575000 8.354264174043e-01 -9.055658173638e-02 8.403201e-01
0.850000 76.600000 8.289955115228e-01 -1.048001560993e-01 8.355936e-01
0.850000 76.625000 8.207695751305e-01 -1.185542762058e-01 8.292875e-01
0.850000 76.650000 8.107527263183e-01 -1.316172307784e-01 8.213666e-01
0.850000 76.675000 7.989762631941e-01 -1.437795934746e-01 8.118101e-01
0.850000 76.700000 7.855006980111e-01 -1.548289093869e-01 8.006144e-01
0.850000 76.725000 7.704167924648e-01 -1.645547274202e-01 7.877946e-01
0.850000 76.750000 7.538455706287e-01 -1.727537340545e-01 7.733867e-01
0.850000 76.775000 7.359373505044e-01 -1.792347595055e-01 7.574489e-01
0.850000 76.800000 7.168698881767e-01 -1.838234601877e-01 7.400632e-01
0.850000 76.825000 6.968457656359e-01 -1.863665259999e-01 7.213366e-01
0.850000 76.850000 6.760891723472e-01 -1.867353105956e-01 7.014033e-01
0.850000 76.875000 6.548422322046e-01 -1.848288307876e-01 6.804264e-01
0.850000 76.900000 6.333610144534e-01 -1.805761217987e-01 6.586000e-01
0.850000 76.925000 6.119113441537e-01 -1.739379641517e-01 6.361524e-01
0.850000 76.950000 5.907645003583e-01 -1.649080137121e-01 6.133493e-01
0.850000 76.975000 5.701928640085e-01 -1.535133691403e-01 5.904966e-01
0.850000 77.000000 5.504655574053e-01 -1.398146032810e-01 5.679441e-01
0.850000 77.025000 5.318441062636e-01 -1.239052707834e-01 5.460867e-01
0.850000 77.050000 5.145781551490e-01 -1.059108883372e-01 5.253644e-01
0.850000 77.075000 4.989012768398e-01 -8.598737107656e-02 5.062572e-01
0.850000 77.100000 4.850269333757e-01 -6.431890292847e-02 4.892730e-01
0.850000 77.125000 4.731446674409e-01 -4.111522252999e-02 4.749277e-01
0.850000 77.150000 4.634166228896e-01 -1.660832061079e-02 4.637141e-01
0.850000 77.175000 4.559745083432e-01 8.951431566784e-03 4.560624e-01
0.850000 77.200000 4.509171243945e-01 3.529967258469e-02 4.522967e-01
0.850000 77.225000 4.483085708756e-01 6.216287624823e-02 4.525978e-01
0.850000 77.250000 4.481772353270e-01 8.926349545573e-02 4.569801e-01
0.850000 77.275000 4.505156383053e-01 1.163252803015e-01 4.652912e-01
0.850000 77.300000 4.552811778870e-01 1.430786065136e-01 4.772342e-01
0.850000 77.325000 4.623977779746e-01 1.692656407286e-01 4.924049e-01
0.850000 77.350000 4.717584064002e-01 1.946451700623e-01 5.103359e-01
0.850000 77.375000 4.832283926751e-01 2.189969340927e-01 5.305368e-01
0.850000 77.400000 4.966494441110e-01 2.421253158147e-01 5.525263e-01
0.850000 77.425000 5.118442343885e-01 2.638622718108e-01 5.758540e-01
0.850000 77.450000 5.286214207073e-01 2.840694082064e-01 6.001134e-01
0.850000 77.475000 5.467809336506e-01 3.026391357769e-01 6.249479e-01
0.850000 77.500000 5.661193763147e-01 3.194948635244e-01 6.500524e-01
0.850000 77.525000 5.864353643957e-01 3.345902148602e-01 6.751719e-01
0.850000 77.550000 6.075346354097e-01 3.479072749387e-01 7.000984e-01
0.850000 77.575000 6.292347524131e-01 3.594539031361e-01 7.246678e-01
0.850000 77.600000 6.513692259797e-01 3.692601728868e-01 7.487556e-01
0.850000 77.625000 6.737908793686e-01 3.773740335230e-01 7.722728e-01
0.850000 77.650000 6.963742884049e-01 3.838563260051e-01 7.951621e-01
0.850000 77.675000 7.190171426963e-01 3.887753257872e-01 8.173934e-01
0.850000 77.700000 7.416404015442e-01 3.922010292662e-01 8.389590e-01
0.850000 77.725000 7.641871585789e-01 3.941994415546e-01 8.598693e-01
0.850000 77.750000 7.866201847068e-01 3.948271576632e-01 8.801476e-01
0.850000 77.775000 8.089181883859e-01 3.941265509695e-01 8.998246e-01
0.850000 77.800000 8.310709123494e-01 3.921218865321e-01 9.189333e-01
0.850000 77.825000 8.530732713244e-01 3.888166578891e-01 9.375033e-01
0.850000 77.850000 8.749188189093e-01 3.841924017391e-01 9.555557e-01
0.850000 77.875000 8.965929053732e-01 3.782091751032e-01 9.730987e-01
0.850000 77.900000 9.180659433488e-01 3.708077868430e-01 9.901230e-01
0.850000 77.925000 9.392872276875e-01 3.619137652435e-01 1.006599e+00
0.850000 77.950000 9.601797535034e-01 3.514429237809e-01 1.022476e+00
0.850000 77.975000 9.806364397465e-01 3.393082680133e-01 1.037679e+00
0.850000 78.000000 1.000518094867e+00 3.254278783842e-01 1.052112e+00
0.850000 78.025000 1.019653360125e+00 3.097333169393e-01 1.065658e+00
0.850000 78.050000 1.037840741927e+00 2.921780493231e-01 1.078184e+00
0.850000 78.075000 1.054852706880e+00 2.727453532335e-01 1.089543e+00
0.850000 78.100000 1.070441673539e+00 2.514552037535e-01 1.099580e+00
0.850000 78.125000 1.084347604720e+00 2.283696839194e-01 1.108135e+00
0.850000 78.150000 1.096306795098e+00 2.035965611411e-01 1.115052e+00
0.850000 78.175000 1.106061369705e+00 1.772907889983e-01 1.120180e+00
0.850000 78.200000 1.113368966241e+00 1.496538293901e-01 1.123382e+00
0.850000 78.225000 1.118012070879e+00 1.209308305198e-01 1.124533e+00
0.850000 78.250000 1.119806512547e+00 9.140583002572e-02 1.123531e+00
0.850000 78.275000 1.118608690334e+00 6.139526899688e-02 1.120292e+00
0.850000 78.300000 1.114321205514e+00 3.124019289679e-02 1.114759e+00
0.850000 78.325000 1.106896684228e+00 1.297573614493e-03 1.106897e+00
0.850000 78.350000 1.096339698901e+00 -2.806878976954e-02 1.096699e+00
0.850000 78.375000 1.082706815433e+00 -5.649734481102e-02 1.084180e+00
0.850000 78.400000 1.066104899729e+00 -8.363742900312e-02 1.069381e+00
0.850000 78.425000 1.046687903695e+00 -1.091571436643e-01 1.052364e+00
0.850000 78.450000 1.024652412199e+00 -1.327502026681e-01 1.033216e+00
0.850000 78.475000 1.000232266186e+00 -1.541415918325e-01 1.012040e+00
0.850000 78.500000 9.736925834572e-01 -1.730919662730e-01 9.889581e-01
0.850000 78.525000 9.453234799880e-01 -1.894007968220e-01 9.641105e-01
0.850000 78.550000 9.154337557504e-01 -2.029083465336e-01 9.376517e-01
0.850000 78.575000 8.843447555485e-01 -2.134966100026e-01 9.097508e-01
0.850000 78.600000 8.523845538997e-01 -2.210893794099e-01 8.805907e-01
0.850000 78.625000 8.198825500595e-01 -2.256516115969e-01 8.503682e-01
0.850000 78.650000 7.871645009002e-01 -2.271882615839e-01 8.192939e-01
0.850000 78.675000 7.545479706433e-01 -2.257427228722e-01 7.875928e-01
0.850000 78.700000 7.223381412337e-01 -2.213949777912e-01 7.555052e-01
0.850000 78.725000 6.908239078765e-01 -2.142595170248e-01 7.232875e-01
0.850000 78.750000 6.602741818232e-01 -2.044830415320e-01 6.912129e-01
0.850000 78.775000 6.309343363286e-01 -1.922419175720e-01 6.595719e-01
0.850000 78.800000 6.030227598231e-01 -1.777393212228e-01 6.286714e-01
0.850000 78.825000 5.767275195395e-01 -1.612019866829e-01 5.988328e-01
0.850000 78.850000 5.522031848470e-01 -1.428764657759e-01 5.703876e-01
0.850000 78.875000 5.295679073950e-01 -1.230248161219e-01 5.436702e-01
0.850000 78.900000 5.089008994279e-01 -1.019196626695e-01 5.190065e-01
0.850000 78.925000 4.902404868926e-01 -7.983862030362e-02 4.966990e-01
0.850000 78.950000 4.735829352445e-01 -5.705812108312e-02 4.770078e-01
0.850000 78.975000 4.588822491083e-01 -3.384675382885e-02 4.601288e-01
0.850000 79.000000 4.460511295273e-01 -1.045829051630e-02 4.461737e-01
0.850000 79.025000 4.349632335660e-01 1.287536333548e-02 4.351538e-01
0.850000 79.050000 4.254568217706e-01 3.595100519955e-02 4.269730e-01
0.850000 79.075000 4.173398028381e-01 5.860043533282e-02 4.214339e-01
0.850000 79.100000 4.103960972999e-01 8.069588418169e-02 4.182544e-01
0.850000 79.125000 4.043931502603e-01 1.021542459260e-01 4.170963e-01
0.850000 79.150000 3.990903355176e-01 1.229398381425e-01 4.175971e-01
0.850000 79.175000 3.942479182895e-01 1.430654747477e-01 4.194033e-01
0.850000 79.200000 3.896361891682e-01 1.625917279319e-01 4.221995e-01
0.850000 79.225000 3.850443541772e-01 1.816243578446e-01 4.257306e-01
0.850000 79.250000 3.802887688034e-01 2.003099975185e-01 4.298182e-01
0.850000 79.275000 3.752201385093e-01 2.188302850575e-01 4.343695e-01
0.850000 79.300000 3.697293720654e-01 2.373947255798e-01 4.393815e-01
0.850000 79.325000 3.637518614194e-01 2.562326331057e-01 4.449388e-01
0.850000 79.350000 3.572700643773e-01 2.755845410287e-01 4.512081e-01
0.850000 79.375000 3.503143739123e-01 2.956934756441e-01 4.584264e-01
0.850000 79.400000 3.429623595796e-01 3.167964606966e-01 4.668867e-01
0.850000 79.425000 3.353365520584e-01 3.391165660116e-01 4.769179e-01
0.850000 79.450000 3.276010029530e-01 3.628557372966e-01 4.888627e-01
0.850000 79.475000 3.199568833599e-01 3.881885569197e-01 5.030534e-01
0.850000 79.500000 3.126373847940e-01 4.152569979677e-01 5.197889e-01
0.850000 79.525000 3.059021573375e-01 4.441661571209e-01 5.393141e-01
0.850000 79.550000 3.000314686043e-01 4.749808952369e-01 5.618058e-01
0.850000 79.575000 2.953202025543e-01 5.077232845501e-01 5.873644e-01
0.850000 79.600000 2.920717504689e-01 5.423707608092e-01 6.160129e-01
0.850000 79.625000 2.905917889072e-01 5.788549059307e-01 6.477010e-01
0.850000 79.650000 2.911819014099e-01 6.170608361723e-01 6.823130e-01
0.850000 79.675000 2.941329895395e-01 6.568272332046e-01 7.196779e-01
0.850000 79.700000 2.997184381606e-01 6.979471193070e-01 7.595797e-01
0.850000 79.725000 3.081870487458e-01 7.401695309492e-01 8.017669e-01
0.850000 79.750000 3.197558274531e-01 7.832022759118e-01 8.459608e-01
0.850000 79.775000 3.346028022632e-01 8.267159590850e-01 8.918623e-01
0.850000 79.800000 3.528601332063e-01 8.703494262923e-01 9.391583e-01
0.850000 79.825000 3.746078579854e-01 9.137167038889e-01 9.875268e-01
0.850000 79.850000 3.998686689211e-01 9.564154093988e-01 1.036641e+00
0.850000 79.875000 4.286041352430e-01 9.980364847208e-01 1.086176e+00
0.850000 79.900000 4.607127603113e-01 1.038174971570e+00 1.135810e+00
0.850000 79.925000 4.960301943293e-01 1.076441424053e+00 1.185231e+00
0.850000 79.950000 5.343318129216e-01 1.112473450908e+00 1.234142e+00
0.850000 79.975000 5.753377292505e-01 1.145946813553e+00 1.282267e+00
0.850000 80.000000 6.187201451743e-01 1.176585485659e+00 1.329349e+00
0.850000 80.025000 6.641127812350e-01 1.204170110598e+00 1.375162e+00
0.850000 80.050000 7.111219729752e-01 1.228544374198e+00 1.419513e+00
0.850000 80.075000 7.593388982385e-01 1.249618935485e+00 1.462239e+00
0.850000 80.100000 8.083523197640e-01 1.267372716030e+00 1.503219e+00
0.850000 80.125000 8.577611981704e-01 1.281851523999e+00 1.542368e+00
0.850000 80.150000 9.071865553550e-01 1.293164164588e+00 1.579640e+00
0.850000 80.175000 9.562820445714e-01 1.301476347108e+00 1.615028e+00
0.850000 80.200000 1.004742802530e+00 1.307002824921e+00 1.648564e+00
0.850000 80.225000 1.052312307807e+00 1.309998286286e+00 1.680314e+00
0.850000 80.250000 1.098787132610e+00 1.310747545176e+00 1.710378e+00
0.850000 80.275000 1.144019634400e+00 1.309555560376e+00 1.738884e+00
0.850000 80.300000 1.187918773664e+00 1.306737743387e+00 1.765988e+00
0.850000 80.325000 1.230449350666e+00 1.302610910616e+00 1.791871e+00
0.850000 80.350000 1.271630017766e+00 1.297485106482e+00 1.816731e+00
0.850000 80.375000 1.311530440470e+00 1.291656387097e+00 1.840785e+00
0.850000 80.400000 1.350267950773e+00 1.285400524978e+00 1.864263e+00
0.850000 80.425000 1.388003966623e+00 1.278967488214e+00 1.887409e+00
0.850000 80.450000 1.424940351754e+00 1.272576474083e+00 1.910473e+00
0.850000 80.475000 1.461315773876e+00 1.266411244509e+00 1.933712e+00
0.850000 80.500000 1.497402000687e+00 1.260615521464e+00 1.957387e+00
0.850000 80.525000 1.533499966677e+00 1.255288252238e+00 1.981760e+00
0.850000 80.550000 1.569935361537e+00 1.250478640882e+00 2.007086e+00
0.850000 80.575000 1.607053442751e+00 1.246180953218e+00 2.033614e+00
0.850000 80.600000 1.645212766418e+00 1.242329226562e+00 2.061579e+00
0.850000 80.625000 1.684777563228e+00 1.238792138878e+00 2.091191e+00
0.850000 80.650000 1.726108558851e+00 1.235368402952e+00 2.122637e+00
0.850000 80.675000 1.769552144116e+00 1.231783138432e+00 2.156062e+00
0.850000 80.700000 1.815427932226e+00 1.227685729472e+00 2.191573e+00
0.850000 80.725000 1.864014887864e+00 1.222649692419e+00 2.229220e+00
0.850000 80.750000 1.915536365653e+00 1.216175053450e+00 2.269000e+00
0.850000 80.775000 1.970144542159e+00 1.207693670346e+00 2.310843e+00
0.850000 80.800000 2.027904856243e+00 1.196577828040e+00 2.354612e+00
0.850000 80.825000 2.088781177892e+00 1.182152298986e+00 2.400102e+00
0.850000 80.850000 2.152622498040e+00 1.163709893148e+00 2.447040e+00
0.850000 80.875000 2.219151964959e+00 1.140530336422e+00 2.495084e+00
0.850000 80.900000 2.287959082364e+00 1.111902119499e+00 2.543832e+00
0.850000 80.925000 2.358495827451e+00 1.077146761343e+00 2.592826e+00
0.850000 80.950000 2.430077343179e+00 1.035644743002e+00 2.641559e+00
0.850000 80.975000 2.501887709349e+00 9.868621992492e-01 2.689487e+00
0.850000 81.000000 2.572991105226e+00 9.303773182820e-01 2.736035e+00
0.850000 81.025000 2.642348448655e+00 8.659053039144e-01 2.780611e+00
0.850000 81.050000 2.708839341701e+00 7.933207098987e-01 2.822617e+00
0.850000 81.075000 2.771288882279e+00 7.126759697860e-01 2.861459e+00
0.850000 81.100000 2.828498628744e+00 6.242150234874e-01 2.896558e+00
0.850000 81.125000 2.879280745702e+00 5.283810852460e-01 2.927361e+00
0.850000 81.150000 2.922494131061e+00 4.258178049595e-01 2.953353e+00
0.850000 81.175000 2.957081143024e+00 3.173633391916e-01 2.974063e+00
0.850000 81.200000 2.982103426533e+00 2.040371585260e-01 2.989075e+00
0.850000 81.225000 2.996775293986e+00 8.701975872296e-02 2.998038e+00
0.850000 81.250000 3.000493153035e+00 -3.237420464098e-02 3.000668e+00
0.850000 81.275000 2.992859598046e+00 -1.527284961295e-01 2.996754e+00
0.850000 81.300000 2.973700988426e+00 -2.725624231147e-01 2.986166e+00
0.850000 81.325000 2.943077617455e+00 -3.903710729235e-01 2.968854e+00
0.850000 81.350000 2.901285914609e+00 -5.046670521402e-01 2.944851e+00
0.850000 81.375000 2.848852502718e+00 -6.140220181175e-01 2.914272e+00
0.850000 81.400000 2.786520325275e+00 -7.171062900014e-01 2.877314e+00
0.850000 81.425000 2.715227443550e+00 -8.127249203946e-01 2.834252e+00
0.850000 81.450000 2.636079452979e+00 -8.998487938480e-01 2.785434e+00
0.850000 81.475000 2.550316760764e+00 -9.776395825603e-01 2.731281e+00
0.850000 81.500000 2.459278183480e+00 -1.045467715124e+00 2.672275e+00
0.850000 81.525000 2.364362451636e+00 -1.102922878554e+00 2.608955e+00
0.850000 81.550000 2.266989241747e+00 -1.149816952389e+00 2.541913e+00
0.850000 81.575000 2.168561296326e+00 -1.186179641058e+00 2.471777e+00
0.850000 81.600000 2.070429046304e+00 -1.212247403184e+00 2.399212e+00
0.850000 81.625000 1.973858932599e+00 -1.228446553861e+00 2.324909e+00
0.850000 81.650000 1.880006352566e+00 -1.235371622805e+00 2.249570e+00
0.850000 81.675000 1.789893854567e+00 -1.233760178362e+00 2.173910e+00
0.850000 81.700000 1.704394892699e+00 -1.224465371937e+00 2.098637e+00
0.850000 81.725000 1.624223156019e+00 -1.208427422910e+00 2.024450e+00
0.850000 81.750000 1.549927221916e+00 -1.186645160103e+00 1.952025e+00
0.850000 81.775000 1.481890067450e+00 -1.160148576155e+00 1.882005e+00
0.850000 81.800000 1.420332816173e+00 -1.129973153306e+00 1.814989e+00
0.850000 81.825000 1.365322006595e+00 -1.097136501949e+00 1.751517e+00
0.850000 81.850000 1.316779641552e+00 -1.062617636074e+00 1.692059e+00
0.850000 81.875000 1.274495309948e+00 -1.027339009996e+00 1.636998e+00
0.850000 81.900000 1.238139753403e+00 -9.921512733769e-01 1.586617e+00
0.850000 81.925000 1.207279367005e+00 -9.578205774849e-01 1.541085e+00
0.850000 81.950000 1.181391259790e+00 -9.250181913742e-01 1.500448e+00
0.850000 81.975000 1.159878640441e+00 -8.943121636844e-01 1.464620e+00
0.850000 82.000000 1.142086421098e+00 -8.661607908951e-01 1.433386e+00
0.850000 82.025000 1.127317033141e+00 -8.409077183438e-01 1.406403e+00
0.850000 82.050000 1.114846512339e+00 -8.187785947707e-01 1.383214e+00
0.850000 82.075000 1.103940929934e+00 -7.998793104846e-01 1.363265e+00
0.850000 82.100000 1.093873218517e+00 -7.841959578408e-01 1.345928e+00
0.850000 82.125000 1.083940369383e+00 -7.715967448525e-01 1.330522e+00
0.850000 82.150000 1.073480868614e+00 -7.618361539295e-01 1.316342e+00
0.850000 82.175000 1.061892103850e+00 -7.545616560892e-01 1.302681e+00
0.850000 82.200000 1.048647327517e+00 -7.493232585004e-01 1.288855e+00
0.850000 82.225000 1.033311622281e+00 -7.455860766881e-01 1.274218e+00
0.850000 82.250000 1.015556198662e+00 -7.427459843700e-01 1.258184e+00
0.850000 82.275000 9.951702799978e-01 -7.401482115572e-01 1.240235e+00
0.850000 82.300000 9.720698107761e-01 -7.371085483238e-01 1.219938e+00
0.850000 82.325000 9.463022708672e-01 -7.329365851023e-01 1.196948e+00
0.850000 82.350000 9.180469950659e-01 -7.269602011180e-01 1.171017e+00
0.850000 82.375000 8.876105826496e-01 -7.185503226094e-01 1.142001e+00
0.850000 82.400000 8.554172267315e-01 -7.071448330630e-01 1.109861e+00
0.850000 82.425000 8.219940826886e-01 -6.922704472084e-01 1.074669e+00
0.850000 82.450000 7.879521080438e-01 -6.735613725262e-01 1.036607e+00
0.850000 82.475000 7.539631179530e-01 -6.507736834256e-01 9.959753e-01
0.850000 82.500000 7.207340841985e-01 -6.237945232595e-01 9.531932e-01
0.850000 82.525000 6.889799351501e-01 -5.926455189148e-01 9.088025e-01
0.850000 82.550000 6.593962665901e-01 -5.574801249496e-01 8.634741e-01
0.850000 82.575000 6.326334312443e-01 -5.185749855302e-01 8.180129e-01
0.850000 82.600000 6.092734285175e-01 -4.763157843386e-01 7.733633e-01
0.850000 82.625000 5.898108644015e-01 -4.311784144736e-01 7.306105e-01
0.850000 82.650000 5.746390032161e-01 -3.837066120125e-01 6.909709e-01
0.850000 82.675000 5.640416050631e-01 -3.344874316527e-01 6.557627e-01
0.850000 82.700000 5.581908603840e-01 -2.841260801634e-01 6.263423e-01
0.850000 82.725000 5.571513258454e-01 -2.332216508948e-01 6.039950e-01
0.850000 82.750000 5.608893664697e-01 -1.823452175218e-01 5.897853e-01
0.850000 82.775000 5.692872494058e-01 -1.320215546001e-01 5.843951e-01
0.850000 82.800000 5.821607432831e-01 -8.271547266471e-02 5.880076e-01
0.850000 82.825000 5.992788756851e-01 -3.482341040289e-02 6.002898e-01
0.850000 82.850000 6.203844035006e-01 1.132945503003e-02 6.204878e-01
0.850000 82.875000 6.452135609491e-01 5.548670480008e-02 6.475950e-01
0.850000 82.900000 6.735137624398e-01 9.745326809720e-02 6.805277e-01
0.850000 82.925000 7.050581379892e-01 1.370838984740e-01 7.182611e-01
0.850000 82.950000 7.396560466124e-01 1.742685651060e-01 7.599083e-01
0.850000 82.975000 7.771590223865e-01 2.089159356224e-01 8.047497e-01
0.850000 83.000000 8.174619316067e-01 2.409361851255e-01 8.522290e-01
0.850000 83.025000 8.604994316578e-01 2.702243377926e-01 9.019315e-01
0.850000 83.050000 9.062381007620e-01 2.966452445233e-01 9.535543e-01
0.850000 83.075000 9.546648361747e-01 3.200211393033e-01 1.006876e+00
0.850000 83.100000 1.005772287138e+00 3.401225181465e-01 1.061726e+00
0.850000 83.125000 1.059542195500e+00 3.566628679332e-01 1.117962e+00
0.850000 83.150000 1.115927565375e+00 3.692975565023e-01 1.175447e+00
0.850000 83.175000 1.174834582631e+00 3.776269944497e-01 1.234033e+00
0.850000 83.200000 1.236105167434e+00 3.812040025267e-01 1.293550e+00
0.850000 83.225000 1.299500981658e+00 3.795451701051e-01 1.353794e+00
0.850000 83.250000 1.364689639472e+00 3.721458684869e-01 1.414521e+00
0.850000 83.275000 1.431233792679e+00 3.584984824837e-01 1.475450e+00
0.850000 83.300000 1.498583687128e+00 3.381133369420e-01 1.536253e+00
0.850000 83.325000 1.566073712778e+00 3.105417136516e-01 1.596566e+00
0.850000 83.350000 1.632923393839e+00 2.754002717763e-01 1.655984e+00
0.850000 83.375000 1.698243179436e+00 2.323960982627e-01 1.714071e+00
0.850000 83.400000 1.761045290975e+00 1.813515244831e-01 1.770358e+00
0.850000 83.425000 1.820259751340e+00 1.222277572263e-01 1.824359e+00
0.850000 83.450000 1.874755557460e+00 5.514629579883e-02 1.875566e+00
0.850000 83.475000 1.923366759677e+00 -1.959294463800e-02 1.923467e+00
0.850000 83.500000 1.964922981990e+00 -1.014978960191e-01 1.967543e+00
0.850000 83.525000 1.998283665627e+00 -1.898760390725e-01 2.007284e+00
0.850000 83.550000 2.022375058520e+00 -2.838324924582e-01 2.042195e+00
0.850000 83.575000 2.036228723781e+00 -3.822752642022e-01 2.071802e+00
0.850000 83.600000 2.039020121926e+00 -4.839281959738e-01 2.095660e+00
0.850000 83.625000 2.030105655913e+00 -5.873518224387e-01 2.113365e+00
0.850000 83.650000 2.009056474379e+00 -6.909720087658e-01 2.124559e+00
0.850000 83.675000 1.975687322290e+00 -7.931158386037e-01 2.128937e+00
0.850000 83.700000 1.930078819012e+00 -8.920538261718e-01 2.126256e+00
0.850000 83.725000 1.872591734010e+00 -9.860471457947e-01 2.116339e+00
0.850000 83.750000 1.803872114707e+00 -1.073398236672e+00 2.099080e+00
0.850000 83.775000 1.724846486889e+00 -1.152502874356e+00 2.074454e+00
0.850000 83.800000 1.636706776316e+00 -1.221901623372e+00 2.042511e+00
0.850000 83.825000 1.540885066860e+00 -1.280328512024e+00 2.003389e+00
0.850000 83.850000 1.439018788783e+00 -1.326754807838e+00 1.957308e+00
0.850000 83.875000 1.332907392680e+00 -1.360425920377e+00 1.904574e+00
0.850000 83.900000 1.224461984089e+00 -1.380889709782e+00 1.845579e+00
0.850000 83.925000 1.115649747137e+00 -1.388014821033e+00 1.780803e+00
0.850000 83.950000 1.008435254490e+00 -1.381998076737e+00 1.710807e+00
0.850000 83.975000 9.047209318506e-01 -1.363360423248e+00 1.636237e+00
0.850000 84.000000 8.062890112955e-01 -1.332931412164e+00 1.557822e+00
0.850000 84.025000 7.147472673139e-01 -1.291822687657e+00 1.476370e+00
0.850000 84.050000 6.314806866327e-01 -1.241391416694e+00 1.392774e+00
0.850000 84.075000 5.576109863656e-01 -1.183195023344e+00 1.308006e+00
0.850000 84.100000 4.939655770285e-01 -1.118938952327e+00 1.223122e+00
0.850000 84.125000 4.410571826242e-01 -1.050419476511e+00 1.139260e+00
0.850000 84.150000 3.990748962634e-01 -9.794637674370e-01 1.057644e+00
0.850000 84.175000 3.678869847911e-01 -9.078695601163e-01 9.795754e-01
0.850000 84.200000 3.470552782979e-01 -8.373467595195e-01 9.064199e-01
0.850000 84.225000 3.358605090032e-01 -7.694632560702e-01 8.395689e-01
0.850000 84.250000 3.333375173116e-01 -7.055970438540e-01 7.803724e-01
0.850000 84.275000 3.383188387348e-01 -6.468964742399e-01 7.300238e-01
0.850000 84.300000 3.494848406604e-01 -5.942501383844e-01 6.894004e-01
0.850000 84.325000 3.654183078852e-01 -5.482674670621e-01 6.588837e-01
0.850000 84.350000 3.846611934797e-01 -5.092706809924e-01 6.382169e-01
0.850000 84.375000 4.057711670539e-01 -4.772982376743e-01 6.264694e-01
0.850000 84.400000 4.273756122974e-01 -4.521194225762e-01 6.221430e-01
0.850000 84.425000 4.482208517820e-01 -4.332592459123e-01 6.233903e-01
0.850000 84.450000 4.672146064113e-01 -4.200323545036e-01 6.282648e-01
0.850000 84.475000 4.834600211418e-01 -4.115842742236e-01 6.349293e-01
0.850000 84.500000 4.962799938076e-01 -4.069379833136e-01 6.417884e-01
0.850000 84.525000 5.052310111115e-01 -4.050435981579e-01 6.475482e-01
0.850000 84.550000 5.101062018645e-01 -4.048288440708e-01 6.512256e-01
0.850000 84.575000 5.109278360588e-01 -4.052479916012e-01 6.521297e-01
0.850000 84.600000 5.079300014695e-01 -4.053270645646e-01 6.498330e-01
0.850000 84.625000 5.015326495464e-01 -4.042033632417e-01 6.441392e-01
0.850000 84.650000 4.923085937637e-01 -4.011576819408e-01 6.350553e-01
0.850000 84.675000 4.809453445712e-01 -3.956380151957e-01 6.227663e-01
0.850000 84.700000 4.682038592471e-01 -3.872740171045e-01 6.076150e-01
0.850000 84.725000 4.548763624657e-01 -3.758819760587e-01 5.900845e-01
0.850000 84.750000 4.417453517547e-01 -3.614605631640e-01 5.707825e-01
0.850000 84.775000 4.295457461568e-01 -3.441780781481e-01 5.504254e-01
0.850000 84.800000 4.189318783902e-01 -3.243523249894e-01 5.298192e-01
0.850000 84.825000 4.104506888745e-01 -3.024245784940e-01 5.098337e-01
0.850000 84.850000 4.045220772691e-01 -2.789293357567e-01 4.913651e-01
0.850000 84.875000 4.014269299828e-01 -2.544616726158e-01 4.752834e-01
0.850000 84.900000 4.013028981063e-01 -2.296440417440e-01 4.623639e-01
0.850000 84.925000 4.041475764757e-01 -2.050942598392e-01 4.532096e-01
0.850000 84.950000 4.098283557686e-01 -1.813962471156e-01 4.481784e-01
0.850000 84.975000 4.180979064189e-01 -1.590748191159e-01 4.473373e-01
0.850000 85.000000 4.286140212017e-01 -1.385755093366e-01 4.504588e-01
0.850000 85.025000 4.409624021190e-01 -1.202500445277e-01 4.570645e-01
0.850000 85.050000 4.546809297924e-01 -1.043477271346e-01 4.665010e-01
0.850000 85.075000 4.692839967773e-01 -9.101262484047e-02 4.780280e-01
0.850000 85.100000 4.842856110949e-01 -8.028614698014e-02 4.908955e-01
0.850000 85.125000 4.992201690634e-01 -7.211431960080e-02 5.044019e-01
0.850000 85.150000 5.136600397447e-01 -6.635886837375e-02 5.179287e-01
0.850000 85.175000 5.272293773666e-01 -6.281108941813e-02 5.309577e-01
0.850000 85.200000 5.396138625126e-01 -6.120743484390e-02 5.430741e-01
0.850000 85.225000 5.505663480472e-01 -6.124575956476e-02 5.539624e-01
0.850000 85.250000 5.599086340748e-01 -6.260126092984e-02 5.633974e-01
0.850000 85.275000 5.675298033723e-01 -6.494128129050e-02 5.712333e-01
0.850000 85.300000 5.733817043844e-01 -6.793832114967e-02 5.773926e-01
0.850000 85.325000 5.774722672789e-01 -7.128081087751e-02 5.818549e-01
0.850000 85.350000 5.798573786176e-01 -7.468139564081e-02 5.846468e-01
0.850000 85.375000 5.806320252454e-01 -7.788268570366e-02 5.858321e-01
0.850000 85.400000 5.799213551626e-01 -8.066059925595e-02 5.855040e-01
0.850000 85.425000 5.778722025445e-01 -8.282556701744e-02 5.837777e-01
0.850000 85.450000 5.746454977522e-01 -8.422197026718e-02 5.807846e-01
0.850000 85.475000 5.704098439492e-01 -8.472624368896e-02 5.766680e-01
0.850000 85.500000 5.653364022832e-01 -8.424409226728e-02 5.715788e-01
0.850000 85.525000 5.595950986156e-01 -8.270725152355e-02 5.656741e-01
0.850000 85.550000 5.533520554079e-01 -8.007016936947e-02 5.591151e-01
0.850000 85.575000 5.467680687822e-01 -7.630691433041e-02 5.520671e-01
0.850000 85.600000 5.399978961631e-01 -7.140852818389e-02 5.446989e-01
0.850000 85.625000 5.331900945120e-01 -6.538095044716e-02 5.371837e-01
0.850000 85.650000 5.264871506486e-01 -5.824355589842e-02 5.296990e-01
0.850000 85.675000 5.200256690863e-01 -5.002827110866e-02 5.224266e-01
0.850000 85.700000 5.139364234790e-01 -4.077917644391e-02 5.155517e-01
0.850000 85.725000 5.083441288280e-01 -3.055245857057e-02 5.092614e-01
0.850000 85.750000 5.033668469051e-01 -1.941655552074e-02 5.037412e-01
0.850000 85.775000 4.991149914753e-01 -7.452330382620e-03 4.991706e-01
0.850000 85.800000 4.956899487088e-01 5.246882084794e-03 4.957177e-01
0.850000 85.825000 4.931823688857e-01 1.857549262982e-02 4.935321e-01
0.850000 85.850000 4.916702168414e-01 3.241624914300e-02 4.927377e-01
0.850000 85.875000 4.912166905591e-01 4.664128360689e-02 4.934260e-01
0.850000 85.900000 4.918681307861e-01 6.111366431594e-02 4.956502e-01
0.850000 85.925000 4.936520509872e-01 7.568947308192e-02 4.994209e-01
0.850000 85.950000 4.965754178843e-01 9.022039843354e-02 5.047047e-01
0.850000 85.975000 5.006233095370e-01 1.045568087721e-01 5.114253e-01
0.850000 86.000000 5.057580711713e-01 1.185512437130e-01 5.194667e-01
0.850000 86.025000 5.119190788765e-01 1.320622369455e-01 5.286791e-01
0.850000 86.050000 5.190232074558e-01 1.449583595890e-01 5.388859e-01
0.850000 86.075000 5.269660802886e-01 1.571223494208e-01 5.498915e-01
0.850000 86.100000 5.356241551345e-01 1.684551692930e-01 5.614894e-01
0.850000 86.125000 5.448576696876e-01 1.788798190553e-01 5.734700e-01
0.850000 86.150000 5.545144342053e-01 1.883447113525e-01 5.856279e-01
0.850000 86.175000 5.644344163541e-01 1.968264150830e-01 5.977682e-01
0.850000 86.200000 5.744550170482e-01 2.043315733449e-01 6.097130e-01
0.850000 86.225000 5.844168879525e-01 2.108978172127e-01 6.213059e-01
0.850000 86.250000 5.941700946323e-01 2.165935237571e-01 6.324167e-01
0.850000 86.275000 6.035803876471e-01 2.215163064519e-01 6.429454e-01
0.850000 86.300000 6.125353108693e-01 2.257901774106e-01 6.528252e-01
0.850000 86.325000 6.209498552845e-01 2.295613815815e-01 6.620250e-01
0.850000 86.350000 6.287713601153e-01 2.329929698866e-01 6.705514e-01
0.850000 86.375000 6.359833729260e-01 2.362582474415e-01 6.784488e-01
0.850000 86.400000 6.426082068524e-01 2.395333001670e-01 6.857999e-01
0.850000 86.425000 6.487079754939e-01 2.429888641062e-01 6.927233e-01
0.850000 86.450000 6.543839424289e-01 2.467818527880e-01 6.993709e-01
0.850000 86.475000 6.597740900138e-01 2.510468959424e-01 7.059224e-01
0.850000 86.500000 6.650488877305e-01 2.558882655549e-01 7.125790e-01
0.850000 86.525000 6.704053202203e-01 2.613725714439e-01 7.195547e-01
0.850000 86.550000 6.760593156666e-01 2.675225978737e-01 7.270657e-01
0.850000 86.575000 6.822367929626e-01 2.743126256453e-01 7.353193e-01
0.850000 86.600000 6.891636181352e-01 2.816655416286e-01 7.445012e-01
0.850000 86.625000 6.970548241697e-01 2.894519811606e-01 7.547635e-01
0.850000 86.650000 7.061035014583e-01 2.974916797753e-01 7.662137e-01
0.850000 86.675000 7.164698065443e-01 3.055571309642e-01 7.789057e-01
0.850000 86.700000 7.282705627637e-01 3.133795580607e-01 7.928334e-01
0.850000 86.725000 7.415699358897e-01 3.206571128529e-01 8.079276e-01
0.850000 86.750000 7.563716590935e-01 3.270651137336e-01 8.240568e-01
0.850000 86.775000 7.726132526530e-01 3.322680350993e-01 8.410311e-01
0.850000 86.800000 7.901626334092e-01 3.359328611547e-01 8.586081e-01
0.850000 86.825000 8.088174361389e-01 3.377433258261e-01 8.765023e-01
0.850000 86.850000 8.283072739511e-01 3.374144815395e-01 8.943945e-01
0.850000 86.875000 8.482990490644e-01 3.347069789329e-01 9.119430e-01
0.850000 86.900000 8.684052921311e-01 3.294404031408e-01 9.287942e-01
0.850000 86.925000 8.881953627341e-01 3.215050055289e-01 9.445933e-01
0.850000 86.950000 9.072091927638e-01 3.108711970319e-01 9.589940e-01
0.850000 86.975000 9.249731066128e-01 2.975962331940e-01 9.716680e-01
0.850000 87.000000 9.410171171345e-01 2.818276218167e-01 9.823136e-01
0.850000 87.025000 9.548929840904e-01 2.638029193279e-01 9.906627e-01
0.850000 87.050000 9.661922418743e-01 2.438457461037e-01 9.964879e-01
0.850000 87.075000 9.745633636720e-01 2.223580356921e-01 9.996083e-01
0.850000 87.100000 9.797272356550e-01 1.998087275273e-01 9.998945e-01
0.850000 87.125000 9.814901699012e-01 1.767193048786e-01 9.972726e-01
0.850000 87.150000 9.797537875390e-01 1.536467563735e-01 9.917282e-01
0.850000 87.175000 9.745212493575e-01 1.311646878007e-01 9.833086e-01
0.850000 87.200000 9.658994915135e-01 1.098434199319e-01 9.721252e-01
0.850000 87.225000 9.540973275986e-01 9.022996933373e-02 9.583544e-01
0.850000 87.250000 9.394194917845e-01 7.282881760358e-02 9.422383e-01
0.850000 87.275000 9.222569064682e-01 5.808432919693e-02 9.240842e-01
0.850000 87.300000 9.030736476366e-01 4.636558225581e-02 9.042631e-01
0.850000 87.325000 8.823912392510e-01 3.795423777799e-02 8.832071e-01
0.850000 87.350000 8.607710242767e-01 3.303590055865e-02 8.614047e-01
0.850000 87.375000 8.387954279060e-01 3.169523341775e-02 8.393940e-01
0.850000 87.400000 8.170489454841e-01 3.391488830637e-02 8.177525e-01
0.850000 87.425000 7.960996551696e-01 3.957812784431e-02 7.970829e-01
0.850000 87.450000 7.764819788520e-01 4.847484125253e-02 7.779936e-01
0.850000 87.475000 7.586813029000e-01 6.031051965087e-02 7.610747e-01
0.850000 87.500000 7.431209337290e-01 7.471765425135e-02 7.468678e-01
0.850000 87.525000 7.301517139586e-01 9.126896041404e-02 7.358339e-01
0.850000 87.550000 7.200444749104e-01 1.094918104690e-01 7.283217e-01
0.850000 87.575000 7.129853611451e-01 1.288832749090e-01 7.245406e-01
0.850000 87.600000 7.090739412262e-01 1.489252185475e-01 7.245444e-01
0.850000 87.625000 7.083239218387e-01 1.690989672121e-01 7.282288e-01
0.850000 87.650000 7.106662125657e-01 1.888991423438e-01 7.353430e-01
0.850000 87.675000 7.159540458738e-01 2.078463465714e-01 7.455134e-01
0.850000 87.700000 7.239698382609e-01 2.254984650711e-01 7.582756e-01
0.850000 87.725000 7.344334792097e-01 2.414604193467e-01 7.731078e-01
0.850000 87.750000 7.470117483951e-01 2.553922683021e-01 7.894630e-01
0.850000 87.775000 7.613285820134e-01 2.670155949312e-01 8.067952e-01
0.850000 87.800000 7.769759301197e-01 2.761181467822e-01 8.245804e-01
0.850000 87.825000 7.935249637071e-01 2.825567176319e-01 8.423302e-01
0.850000 87.850000 8.105373999043e-01 2.862582709335e-01 8.596015e-01
0.850000 87.875000 8.275767151497e-01 2.872193175459e-01 8.760012e-01
0.850000 87.900000 8.442190106088e-01 2.855035757938e-01 8.911891e-01
0.850000 87.925000 8.600632843382e-01 2.812379649123e-01 9.048777e-01
0.850000 87.950000 8.747408550480e-01 2.746070157661e-01 9.168318e-01
0.850000 87.975000 8.879236776941e-01 2.658458259211e-01 9.268670e-01
0.850000 88.000000 8.993312965859e-01 2.552317381679e-01 9.348476e-01
0.850000 88.025000 9.087362014152e-01 2.430749790664e-01 9.406843e-01
0.850000 88.050000 9.159673885410e-01 2.297085520345e-01 9.443317e-01
0.850000 88.075000 9.209119850476e-01 2.154777319734e-01 9.457851e-01
0.850000 88.100000 9.235148654482e-01 2.007295491069e-01 9.450778e-01
0.850000 88.125000 9.237762771940e-01 1.858026726943e-01 9.422766e-01
0.850000 88.150000 9.217475861504e-01 1.710181057962e-01 9.374784e-01
0.850000 88.175000 9.175253501156e-01 1.566710772915e-01 9.308053e-01
0.850000 88.200000 9.112440196126e-01 1.430244660780e-01 9.223999e-01
0.850000 88.225000 9.030676426779e-01 1.303040165145e-01 9.124200e-01
0.850000 88.250000 8.931810069663e-01 1.186955078295e-01 9.010333e-01
0.850000 88.275000 8.817806823294e-01 1.083439298042e-01 8.884118e-01
0.850000 88.300000 8.690664263905e-01 9.935460060294e-02 8.747273e-01
0.850000 88.325000 8.552333833190e-01 9.179604924190e-02 8.601457e-01
0.850000 88.350000 8.404654437032e-01 8.570438408964e-02 8.448239e-01
0.850000 88.375000 8.249300455869e-01 8.108878842917e-02 8.289059e-01
0.850000 88.400000 8.087745903096e-01 7.793773134052e-02 8.125212e-01
0.850000 88.425000 7.921245306693e-01 7.622546144474e-02 7.957836e-01
0.850000 88.450000 7.750830730026e-01 7.591836396668e-02 7.787922e-01
0.850000 88.475000 7.577323291307e-01 7.698080654040e-02 7.616327e-01
0.850000 88.500000 7.401356679360e-01 7.938017153508e-02 7.443803e-01
0.850000 88.525000 7.223409568932e-01 8.309086506630e-02 7.271042e-01
0.850000 88.550000 7.043843558875e-01 8.809719592693e-02 7.098721e-01
0.850000 88.575000 6.862943305574e-01 9.439512102269e-02 6.927556e-01
0.850000 88.600000 6.680955882686e-01 1.019929471457e-01 6.758360e-01
0.850000 88.625000 6.498127014469e-01 1.109111528359e-01 6.592100e-01
0.850000 88.650000 6.314732624207e-01 1.211815415926e-01 6.429957e-01
0.850000 88.675000 6.131105012588e-01 1.328459547395e-01 6.273377e-01
0.850000 88.700000 5.947653826464e-01 1.459547582151e-01 6.124122e-01
0.850000 88.725000 5.764882692640e-01 1.605652755058e-01 5.984312e-01
0.850000 88.750000 5.583402886499e-01 1.767402752011e-01 5.856458e-01
0.850000 88.775000 5.403945619619e-01 1.945465452525e-01 5.743471e-01
0.850000 88.800000 5.227374436516e-01 2.140535076069e-01 5.648658e-01
0.850000 88.825000 5.054698818178e-01 2.353317575374e-01 5.575669e-01
0.850000 88.850000 4.887089447039e-01 2.584513618979e-01 5.528413e-01
0.850000 88.875000 4.725894775005e-01 2.834797277511e-01 5.510913e-01
0.850000 88.900000 4.572657657687e-01 3.104788622880e-01 5.527107e-01
0.850000 88.925000 4.429129991224e-01 3.395018877778e-01 5.580622e-01
0.850000 88.950000 4.297282628601e-01 3.705887485391e-01 5.674526e-01
0.850000 88.975000 4.179307461207e-01 4.037611438194e-01 5.811103e-01
0.850000 89.000000 4.077608502345e-01 4.390168311422e-01 5.991700e-01
0.850000 89.025000 3.994779139884e-01 4.763235571271e-01 6.216645e-01
0.850000 89.050000 3.933563431549e-01 5.156129743008e-01 6.485260e-01
0.850000 89.075000 3.896800352231e-01 5.567749809122e-01 6.795947e-01
0.850000 89.100000 3.887351185039e-01 5.996529662069e-01 7.146318e-01
0.850000 89.125000 3.908011664140e-01 6.440404491039e-01 7.533350e-01
0.850000 89.150000 3.961411898542e-01 6.896795607824e-01 7.953526e-01
0.850000 89.175000 4.049908399557e-01 7.362617425997e-01 8.402969e-01
0.850000 89.200000 4.175473579114e-01 7.834309153825e-01 8.877555e-01
0.850000 89.225000 4.339588783109e-01 8.307892333193e-01 9.372999e-01
0.850000 89.250000 4.543147208113e-01 8.779053767542e-01 9.884937e-01
0.850000 89.275000 4.786372894114e-01 9.243251757823e-01 1.040899e+00
0.850000 89.300000 5.068761402963e-01 9.695842032463e-01 1.094083e+00
0.850000 89.325000 5.389046830820e-01 1.013221842850e+00 1.147622e+00
0.850000 89.350000 5.745198541055e-01 1.054796234636e+00 1.201111e+00
0.850000 89.375000 6.134449539020e-01 1.093899432077e+00 1.254165e+00
0.850000 89.400000 6.553356847509e-01 1.130172075185e+00 1.306428e+00
0.850000 89.425000 6.997892683943e-01 1.163316891933e+00 1.357575e+00
0.850000 89.450000 7.463563778000e-01 1.193110382739e+00 1.407324e+00
0.850000 89.475000 7.945554872616e-01 1.219412114485e+00 1.455433e+00
0.850000 89.500000 8.438891370942e-01 1.242171145359e+00 1.501712e+00
0.850000 89.525000 8.938615252945e-01 1.261429212914e+00 1.546025e+00
0.850000 89.550000 9.439967794463e-01 1.277320439092e+00 1.588294e+00
0.850000 89.575000 9.938572270779e-01 1.290067432373e+00 1.628504e+00
0.850000 89.600000 1.043060970057e+00 1.299973794732e+00 1.666706e+00
0.850000 89.625000 1.091298076643e+00 1.307413167025e+00 1.703015e+00
0.850000 89.650000 1.138344732208e+00 1.312815068908e+00 1.737617e+00
0.850000 89.675000 1.184074735476e+00 1.316647907129e+00 1.770761e+00
0.850000 89.700000 1.228467791521e+00 1.319399637400e+00 1.802761e+00
0.850000 89.725000 1.271614135936e+00 1.321556668102e+00 1.833989e+00
0.850000 89.750000 1.313715127014e+00 1.323581685761e+00 1.864864e+00
0.850000 89.775000 1.355079564442e+00 1.325891158622e+00 1.895845e+00
0.850000 89.800000 1.396115632479e+00 1.328833330870e+00 1.927417e+00
0.850000 89.825000 1.437318520335e+00 1.332667550992e+00 1.960073e+00
0.850000 89.850000 1.479253937591e+00 1.337545778429e+00 1.994297e+00
0.850000 89.875000 1.522537911654e+00 1.343497079060e+00 2.030543e+00
0.850000 89.900000 1.567813419290e+00 1.350415850036e+00 2.069218e+00
0.850000 89.925000 1.615724556184e+00 1.358054407977e+00 2.110658e+00
0.850000 89.950000 1.666889078100e+00 1.366020434492e+00 2.155117e+00
0.850000 89.975000 1.721870246070e+00 1.373779604608e+00 2.202750e+00
0.850000 90.000000 1.781148969460e+00 1.380663535142e+00 2.253602e+00
0.850000 90.025000 1.845097260348e+00 1.385882990679e+00 2.307608e+00
0.850000 90.050000 1.913953989012e+00 1.388546085461e+00 2.364589e+00
0.850000 90.075000 1.987803865187e+00 1.387681030339e+00 2.424257e+00
0.850000 90.100000 2.066560467574e+00 1.382262804616e+00 2.486227e+00
0.850000 90.125000 2.149954011651e+00 1.371242990267e+00 2.550021e+00
0.850000 90.150000 2.237524391547e+00 1.353581895778e+00 2.615091e+00
0.850000 90.175000 2.328619864183e+00 1.328282020579e+00 2.680821e+00
0.850000 90.200000 2.422401571406e+00 1.294421868355e+00 2.746554e+00
0.850000 90.225000 2.517853925318e+00 1.251189105617e+00 2.811594e+00
0.850000 90.250000 2.613800718349e+00 1.197912076745e+00 2.875230e+00
0.850000 90.275000 2.708926665718e+00 1.134088723762e+00 2.936740e+00
0.850000 90.300000 2.801803944556e+00 1.059412014179e+00 2.995406e+00
0.850000 90.325000 2.890923160435e+00 9.737910506115e-01 3.050525e+00
0.850000 90.350000 2.974728047131e+00 8.773671201400e-01 3.101416e+00
0.850000 90.375000 3.051653087872e+00 7.705240403453e-01 3.147427e+00
0.850000 90.400000 3.120163136274e+00 6.538922745593e-01 3.187945e+00
0.850000 90.425000 3.178794014335e+00 5.283464240961e-01 3.222403e+00
0.850000 90.450000 3.226192977576e+00 3.949958628822e-01 3.250284e+00
0.850000 90.475000 3.261157869770e+00 2.551684615568e-01 3.271125e+00
0.850000 90.500000 3.282673749953e+00 1.103875531525e-01 3.284529e+00
0.850000 90.525000 3.289945771363e+00 -3.765748280589e-02 3.290161e+00
0.850000 90.550000 3.282427134166e+00 -1.871464036870e-01 3.287758e+00
0.850000 90.575000 3.259841028149e+00 -3.361682013843e-01 3.277129e+00
0.850000 90.600000 3.222195631665e+00 -4.827650334205e-01 3.258160e+00
0.850000 90.625000 3.169791438721e+00 -6.249787061832e-01 3.230817e+00
0.850000 90.650000 3.103220441763e+00 -7.608982710248e-01 3.195144e+00
0.850000 90.675000 3.023356993432e+00 -8.887071931348e-01 3.151268e+00
0.850000 90.700000 2.931340491315e+00 -1.006728520738e+00 3.099397e+00
0.850000 90.725000 2.828550357448e+00 -1.113466525291e+00 3.039820e+00
0.850000 90.750000 2.716574098643e+00 -1.207643403264e+00 2.972907e+00
0.850000 90.775000 2.597169514432e+00 -1.288229822252e+00 2.899108e+00
0.850000 90.800000 2.472222347960e+00 -1.354468347757e+00 2.818948e+00
0.850000 90.825000 2.343700836866e+00 -1.405889086565e+00 2.733031e+00
0.850000 90.850000 2.213608706442e+00 -1.442317208411e+00 2.642034e+00
0.850000 90.875000 2.083938152734e+00 -1.463872338540e+00 2.546708e+00
0.850000 90.900000 1.956624291832e+00 -1.470960128225e+00 2.447877e+00
0.850000 90.925000 1.833502412301e+00 -1.464256589469e+00 2.346440e+00
0.850000 90.950000 1.716269174663e+00 -1.444686008595e+00 2.243367e+00
0.850000 90.975000 1.606448672396e+00 -1.413393421283e+00 2.139710e+00
0.850000 91.000000 1.505364021947e+00 -1.371712734826e+00 2.036594e+00
0.850000 91.025000 1.414114903266e+00 -1.321131623624e+00 1.935229e+00
0.850000 91.050000 1.333561243289e+00 -1.263254308424e+00 1.836899e+00
0.850000 91.075000 1.264313035051e+00 -1.199763269509e+00 1.742963e+00
0.850000 91.100000 1.206726122112e+00 -1.132380852551e+00 1.654834e+00
0.850000 91.125000 1.160903654212e+00 -1.062831617103e+00 1.573947e+00
0.850000 91.150000 1.126702833427e+00 -9.928061649099e-01 1.501707e+00
0.850000 91.175000 1.103746514356e+00 -9.239270785059e-01 1.439409e+00
0.850000 91.200000 1.091439188635e+00 -8.577175069121e-01 1.388135e+00
0.850000 91.225000 1.088986863892e+00 -7.955728573018e-01 1.348640e+00
0.850000 91.250000 1.095420331151e+00 -7.387359881191e-01 1.321241e+00
0.850000 91.275000 1.109621296036e+00 -6.882762460123e-01 1.305750e+00
0.850000 91.300000 1.130350823774e+00 -6.450726396035e-01 1.301465e+00
0.850000 91.325000 1.156279515590e+00 -6.098013904505e-01 1.307226e+00
0.850000 91.350000 1.186018797363e+00 -5.829280390984e-01 1.321532e+00
0.850000 91.375000 1.218152665878e+00 -5.647042073522e-01 1.342679e+00
0.850000 91.400000 1.251269210868e+00 -5.551690251456e-01 1.368900e+00
0.850000 91.425000 1.283991219928e+00 -5.541551232294e-01 1.398471e+00
0.850000 91.450000 1.315005184879e+00 -5.612989761354e-01 1.429789e+00
0.850000 91.475000 1.343088066921e+00 -5.760552608911e-01 1.461412e+00
0.850000 91.500000 1.367131245384e+00 -5.977147847570e-01 1.492083e+00
0.850000 91.525000 1.386161169160e+00 -6.254254391961e-01 1.520723e+00
0.850000 91.550000 1.399356345578e+00 -6.582155656905e-01 1.546430e+00
0.850000 91.575000 1.406060430445e+00 -6.950190780132e-01 1.568457e+00
0.850000 91.600000 1.405791315052e+00 -7.347016780554e-01 1.586202e+00
0.850000 91.625000 1.398246230621e+00 -7.760875275054e-01 1.599189e+00
0.850000 91.650000 1.383302998071e+00 -8.179857910639e-01 1.607056e+00
0.850000 91.675000 1.361017633478e+00 -8.592165407319e-01 1.609541e+00
0.850000 91.700000 1.331618572763e+00 -8.986355950104e-01 1.606473e+00
0.850000 91.725000 1.295497802434e+00 -9.351579506542e-01 1.597759e+00
0.850000 91.750000 1.253199179965e+00 -9.677795374553e-01 1.583384e+00
0.850000 91.775000 1.205404204866e+00 -9.955970798449e-01 1.563398e+00
0.850000 91.800000 1.152915469335e+00 -1.017825877534e+00 1.537915e+00
0.850000 91.825000 1.096637986967e+00 -1.033815319558e+00 1.507113e+00
0.850000 91.850000 1.037558580531e+00 -1.043061924932e+00 1.471226e+00
0.850000 91.875000 9.767235148290e-01 -1.045219665735e+00 1.430550e+00
0.850000 91.900000 9.152145947839e-01 -1.040107285306e+00 1.385439e+00
0.850000 91.925000 8.541240144275e-01 -1.027712288010e+00 1.336308e+00
0.850000 91.950000 7.945283370738e-01 -1.008191260888e+00 1.283637e+00
0.850000 91.975000 7.374621033869e-01 -9.818662036716e-01 1.227971e+00
0.850000 92.000000 6.838916907773e-01 -9.492166014228e-01 1.169923e+00
0.850000 92.025000 6.346901697907e-01 -9.108670786986e-01 1.110185e+00
0.850000 92.050000 5.906140043670e-01 -8.675706256802e-01 1.049525e+00
0.850000 92.075000 5.522825066052e-01 -8.201875794778e-01 9.887991e-01
0.850000 92.100000 5.201609684288e-01 -7.696607667769e-01 9.289484e-01
0.850000 92.125000 4.945483415235e-01 -7.169874512421e-01 8.710046e-01
0.850000 92.150000 4.755702174615e-01 -6.631889613991e-01 8.160800e-01
0.850000 92.175000 4.631776725830e-01 -6.092790811150e-01 7.653460e-01
0.850000 92.200000 4.571522940552e-01 -5.562324446827e-01 7.199880e-01
0.850000 92.225000 4.571174080099e-01 -5.049542736416e-01 6.811278e-01
0.850000 92.250000 4.625552065792e-01 -4.562528089191e-01 6.497107e-01
0.850000 92.275000 4.728291408397e-01 -4.108157216007e-01 6.263681e-01
0.850000 92.300000 4.872106359623e-01 -3.691916275578e-01 6.112910e-01
0.850000 92.325000 5.049089180091e-01 -3.317775915813e-01 6.041601e-01
0.850000 92.350000 5.251025411945e-01 -2.988131990802e-01 6.041705e-01
0.850000 92.375000 5.469710879636e-01 -2.703814175334e-01 6.101504e-01
0.850000 92.400000 5.697254937118e-01 -2.464160902134e-01 6.207318e-01
0.850000 92.425000 5.926355276928e-01 -2.267155284558e-01 6.345209e-01
0.850000 92.450000 6.150531380176e-01 -2.109613236144e-01 6.502269e-01
0.850000 92.475000 6.364306301379e-01 -1.987412116047e-01 6.667398e-01
0.850000 92.500000 6.563329763382e-01 -1.895746131921e-01 6.831629e-01
0.850000 92.525000 6.744439245063e-01 -1.829393574923e-01 6.988143e-01
0.850000 92.550000 6.905659602832e-01 -1.782980825748e-01 7.132121e-01
0.850000 92.575000 7.046145488411e-01 -1.751228955038e-01 7.260507e-01
0.850000 92.600000 7.166074135764e-01 -1.729170562861e-01 7.371747e-01
0.850000 92.625000 7.266498750295e-01 -1.712327102467e-01 7.465525e-01
0.850000 92.650000 7.349174561801e-01 -1.696840094700e-01 7.542522e-01
0.850000 92.675000 7.416370488483e-01 -1.679553101600e-01 7.604173e-01
0.850000 92.700000 7.470679272399e-01 -1.658044813312e-01 7.652461e-01
0.850000 92.725000 7.514837937955e-01 -1.630616840216e-01 7.689714e-01
0.850000 92.750000 7.551568620668e-01 -1.596242551483e-01 7.718431e-01
0.850000 92.775000 7.583447401315e-01 -1.554485372029e-01 7.741130e-01
0.850000 92.800000 7.612805991947e-01 -1.505396218392e-01 7.760221e-01
0.850000 92.825000 7.641668207008e-01 -1.449400171930e-01 7.777908e-01
0.850000 92.850000 7.671720363836e-01 -1.387182083184e-01 7.796125e-01
0.850000 92.875000 7.704312315326e-01 -1.319579673301e-01 7.816503e-01
0.850000 92.900000 7.740483900713e-01 -1.247491004553e-01 7.840365e-01
0.850000 92.925000 7.781010325845e-01 -1.171801129908e-01 7.868751e-01
0.850000 92.950000 7.826459401115e-01 -1.093330518423e-01 7.902458e-01
0.850000 92.975000 7.877253653590e-01 -1.012805702635e-01 7.942097e-01
0.850000 93.000000 7.933731007375e-01 -9.308506958909e-02 7.988152e-01
0.850000 93.025000 7.996198860140e-01 -8.479962294679e-02 8.041038e-01
0.850000 93.050000 8.064977807879e-01 -7.647028551021e-02 8.101150e-01
0.850000 93.075000 8.140432805241e-01 -6.813934817274e-02 8.168901e-01
0.850000 93.100000 8.222991022751e-01 -5.984909401733e-02 8.244742e-01
0.850000 93.125000 8.313146927710e-01 -5.164566186727e-02 8.329174e-01
0.850000 93.150000 8.411456065463e-01 -4.358269685697e-02 8.422739e-01
0.850000 93.175000 8.518519593601e-01 -3.572456043003e-02 8.526007e-01
0.850000 93.200000 8.634961817559e-01 -2.814896708001e-02 8.639549e-01
0.850000 93.225000 8.761402834185e-01 -2.094899944862e-02 8.763907e-01
0.850000 93.250000 8.898427992626e-01 -1.423451690786e-02 8.899566e-01
0.850000 93.275000 9.046555337865e-01 -8.133009176058e-03 9.046921e-01
0.850000 93.300000 9.206201630625e-01 -2.789954092280e-03 9.206244e-01
0.850000 93.325000 9.377647051460e-01 1.631280000774e-03 9.377661e-01
0.850000 93.350000 9.560998389403e-01 4.949985255347e-03 9.561127e-01
0.850000 93.375000 9.756150446639e-01 6.969165683330e-03 9.756399e-01
0.850000 93.400000 9.962745581717e-01 7.477184795734e-03 9.963026e-01
0.850000 93.425000 1.018013174475e+00 6.250143771687e-03 1.018032e+00
0.850000 93.450000 1.040731997233e+00 3.055143218210e-03 1.040736e+00
0.850000 93.475000 1.064294302173e+00 -2.345425399268e-03 1.064297e+00
0.850000 93.500000 1.088521753138e+00 -1.018844806679e-02 1.088569e+00
0.850000 93.525000 1.113191269141e+00 -2.070346853293e-02 1.113384e+00
0.850000 93.550000 1.138032880004e+00 -3.410491833596e-02 1.138544e+00
0.850000 93.575000 1.162728919519e+00 -5.058333447285e-02 1.163829e+00
0.850000 93.600000 1.186914884493e+00 -7.029580778172e-02 1.188995e+00
0.850000 93.625000 1.210182234918e+00 -9.335600452739e-02 1.213778e+00
0.850000 93.650000 1.232083327810e+00 -1.198241872018e-01 1.237896e+00
0.850000 93.675000 1.252138571098e+00 -1.496977196014e-01 1.261055e+00
0.850000 93.700000 1.269845762777e+00 -1.829025698259e-01 1.282950e+00
0.850000 93.725000 1.284691454000e+00 -2.192863200198e-01 1.303272e+00
0.850000 93.750000 1.296164052829e+00 -2.586131537695e-01 1.321712e+00
0.850000 93.775000 1.303768276871e+00 -3.005612243707e-01 1.337964e+00
0.850000 93.800000 1.307040475117e+00 -3.447227153664e-01 1.351735e+00
0.850000 93.825000 1.305564276781e+00 -3.906067960302e-01 1.362744e+00
0.850000 93.850000 1.298985989850e+00 -4.376455566182e-01 1.370729e+00
0.850000 93.875000 1.287029164104e+00 -4.852028886753e-01 1.375451e+00
0.850000 93.900000 1.269507750155e+00 -5.325861607576e-01 1.376698e+00
0.850000 93.925000 1.246337323868e+00 -5.790604342961e-01 1.374288e+00
0.850000 93.950000 1.217543899970e+00 -6.238648708058e-01 1.368072e+00
0.850000 93.975000 1.183269925796e+00 -6.662309013033e-01 1.357936e+00
0.850000 94.000000 1.143777122432e+00 -7.054016614225e-01 1.343807e+00
0.850000 94.025000 1.099445924086e+00 -7.406521402962e-01 1.325650e+00
0.850000 94.050000 1.050771356449e+00 -7.713094467972e-01 1.303472e+00
0.850000 94.075000 9.983552913918e-01 -7.967725627706e-01 1.277325e+00
0.850000 94.100000 9.428951195086e-01 -8.165309301255e-01 1.247307e+00
0.850000 94.125000 8.851689946320e-01 -8.301812091840e-01 1.213559e+00
0.850000 94.150000 8.260179255550e-01 -8.374415528818e-01 1.176271e+00
0.850000 94.175000 7.663251185048e-01 -8.381627697083e-01 1.135681e+00
0.850000 94.200000 7.069931060238e-01 -8.323358024011e-01 1.092072e+00
0.850000 94.225000 6.489193282902e-01 -8.200950336470e-01 1.045778e+00
0.850000 94.250000 5.929709538237e-01 -8.017170472853e-01 9.971784e-01
0.850000 94.275000 5.399598285817e-01 -7.776146243344e-01 9.467001e-01
0.850000 94.300000 4.906185152867e-01 -7.483259351751e-01 8.948174e-01
0.850000 94.325000 4.455784182586e-01 -7.144990966120e-01 8.420505e-01
0.850000 94.350000 4.053509740662e-01 -6.768724859506e-01 7.889650e-01
0.850000 94.375000 3.703128185580e-01 -6.362514313119e-01 7.361708e-01
0.850000 94.400000 3.406957133596e-01 -5.934821132978e-01 6.843205e-01
0.850000 94.425000 3.165818312087e-01 -5.494237018865e-01 6.341060e-01
0.850000 94.450000 2.979047657672e-01 -5.049198981651e-01 5.862520e-01
0.850000 94.475000 2.844563587764e-01 -4.607711389817e-01 5.415030e-01
0.850000 94.500000 2.758991408045e-01 -4.177087427151e-01 5.006006e-01
0.850000 94.525000 2.717838798236e-01 -3.763722193454e-01 4.642440e-01
0.850000 94.550000 2.715714448016e-01 -3.372908364734e-01 4.330314e-01
0.850000 94.575000 2.746579400248e-01 -3.008703292796e-01 4.073818e-01
0.850000 94.600000 2.804018691540e-01 -2.673853768997e-01 3.874534e-01
0.850000 94.625000 2.881519620442e-01 -2.369781558561e-01 3.730820e-01
0.850000 94.650000 2.972742534882e-01 -2.096629428537e-01 3.637726e-01
0.850000 94.675000 3.071770467961e-01 -1.853363970156e-01 3.587580e-01
0.850000 94.700000 3.173325255831e-01 -1.637928291792e-01 3.571107e-01
0.850000 94.725000 3.272939867613e-01 -1.447434859887e-01 3.578715e-01
0.850000 94.750000 3.367079428213e-01 -1.278386592782e-01 3.601596e-01
0.850000 94.775000 3.453206631645e-01 -1.126912922688e-01 3.632433e-01
0.850000 94.800000 3.529790698800e-01 -9.890070327277e-02 3.665727e-01
0.850000 94.825000 3.596262483718e-01 -8.607508811745e-02 3.697837e-01
0.850000 94.850000 3.652921530663e-01 -7.385159062273e-02 3.726827e-01
0.850000 94.875000 3.700803605248e-01 -6.191293575209e-02 3.752235e-01
0.850000 94.900000 3.741519279446e-01 -4.999988621431e-02 3.774780e-01
0.850000 94.925000 3.777075409102e-01 -3.791908953612e-02 3.796062e-01
0.850000 94.950000 3.809691734379e-01 -2.554620539375e-02 3.818247e-01
0.850000 94.975000 3.841624358241e-01 -1.282451792311e-02 3.843764e-01
0.850000 95.000000 3.875006583870e-01 2.404783185272e-04 3.875007e-01
0.850000 95.025000 3.911715648278e-01 1.358979710399e-02 3.914076e-01
0.850000 95.050000 3.953271455259e-01 2.712209567043e-02 3.962564e-01
0.850000 95.075000 4.000770697770e-01 4.070624684364e-02 4.021426e-01
0.850000 95.100000 4.054856993692e-01 5.419435614731e-02 4.090913e-01
0.850000 95.125000 4.115725059569e-01 6.743429396931e-02 4.170603e-01
0.850000 95.150000 4.183154709418e-01 8.028093983523e-02 4.259494e-01
0.850000 95.175000 4.256568744467e-01 9.260551299721e-02 4.356140e-01
0.850000 95.200000 4.335107696024e-01 1.043025727391e-01 4.458818e-01
0.850000 95.225000 4.417713939622e-01 1.152944932453e-01 4.565685e-01
0.850000 95.250000 4.503217895613e-01 1.255334320331e-01 4.674916e-01
0.850000 95.275000 4.590419795598e-01 1.350010002900e-01 4.784818e-01
0.850000 95.300000 4.678161706015e-01 1.437059940009e-01 4.893908e-01
0.850000 95.325000 4.765386009166e-01 1.516806471615e-01 5.000960e-01
0.850000 95.350000 4.851178182043e-01 1.589759185700e-01 5.105023e-01
0.850000 95.375000 4.934793321038e-01 1.656563228508e-01 5.205419e-01
0.850000 95.400000 5.015667290546e-01 1.717947704948e-01 5.301723e-01
0.850000 95.425000 5.093414511725e-01 1.774678006033e-01 5.393733e-01
0.850000 95.450000 5.167815180859e-01 1.827514860503e-01 5.481435e-01
0.850000 95.475000 5.238795086575e-01 1.877181773039e-01 5.564961e-01
0.850000 95.500000 5.306401197170e-01 1.924341410872e-01 5.644553e-01
0.850000 95.525000 5.370775867793e-01 1.969580545016e-01 5.720532e-01
0.850000 95.550000 5.432131955425e-01 2.013402424024e-01 5.793259e-01
0.850000 95.575000 5.490730427756e-01 2.056225003982e-01 5.863120e-01
0.850000 95.600000 5.546861314282e-01 2.098383288204e-01 5.930504e-01
0.850000 95.625000 5.600828169924e-01 2.140134118688e-01 5.995786e-01
0.850000 95.650000 5.652935679407e-01 2.181662055597e-01 6.059318e-01
0.850000 95.675000 5.703479674764e-01 2.223085408562e-01 6.121421e-01
0.850000 95.700000 5.752738688350e-01 2.264461964098e-01 6.182377e-01
0.850000 95.725000 5.800966210633e-01 2.305794409216e-01 6.242427e-01
0.850000 95.750000 5.848383030766e-01 2.347035817497e-01 6.301759e-01
0.850000 95.775000 5.895169356223e-01 2.388095794796e-01 6.360505e-01
0.850000 95.800000 5.941456773020e-01 2.428847955718e-01 6.418739e-01
0.850000 95.825000 5.987320458580e-01 2.469139321435e-01 6.476469e-01
0.850000 95.850000 6.032772340668e-01 2.508802017928e-01 6.533638e-01
0.850000 95.875000 6.077756069337e-01 2.547667351263e-01 6.590124e-01
0.850000 95.900000 6.122144713611e-01 2.585581991560e-01 6.645742e-01
0.850000 95.925000 6.165742009745e-01 2.622425659916e-01 6.700261e-01
0.850000 95.950000 6.208287789783e-01 2.658129426765e-01 6.753406e-01
0.850000 95.975000 6.249467937172e-01 2.692693529034e-01 6.804884e-01
0.850000 96.000000 6.288928887688e-01 2.726203515412e-01 6.854401e-01
0.850000 96.025000 6.326296357029e-01 2.758843537567e-01 6.901684e-01
0.850000 96.050000 6.361197665149e-01 2.790905710061e-01 6.946509e-01
0.850000 96.075000 6.393286767020e-01 2.822794643383e-01 6.988726e-01
0.850000 96.100000 6.422270904632e-01 2.855026487938e-01 7.028281e-01
0.850000 96.125000 6.447937669025e-01 2.888222087215e-01 7.065248e-01
0.850000 96.150000 6.470181198874e-01 2.923094104883e-01 7.099840e-01
0.850000 96.175000 6.489026232390e-01 2.960428249738e-01 7.132433e-01
0.850000 96.200000 6.504648760166e-01 3.001058968509e-01 7.163575e-01
0.850000 96.225000 6.517392088281e-01 3.045840211090e-01 7.193993e-01
0.850000 96.250000 6.527777209908e-01 3.095612101395e-01 7.224589e-01
0.850000 96.275000 6.536506503274e-01 3.151164576068e-01 7.256429e-01
0.850000 96.300000 6.544459934304e-01 3.213199285071e-01 7.290721e-01
0.850000 96.325000 6.552683158046e-01 3.282291277870e-01 7.328785e-01
0.850000 96.350000 6.562367198829e-01 3.358852212313e-01 7.372011e-01
0.850000 96.375000 6.574819754772e-01 3.443096995897e-01 7.421804e-01
0.850000 96.400000 6.591428618525e-01 3.535015869331e-01 7.479523e-01
0.850000 96.425000 6.613618219856e-01 3.634353934143e-01 7.546421e-01
0.850000 96.450000 6.642800848870e-01 3.740599976228e-01 7.623575e-01
0.850000 96.475000 6.680324667845e-01 3.852986120306e-01 7.711825e-01
0.850000 96.500000 6.727421110055e-01 3.970499356046e-01 7.811726e-01
0.850000 96.525000 6.785154634130e-01 4.091905314190e-01 7.923510e-01
0.850000 96.550000 6.854377992260e-01 4.215783871976e-01 8.047070e-01
0.850000 96.575000 6.935696129286e-01 4.340575284948e-01 8.181960e-01
0.850000 96.600000 7.029441524303e-01 4.464634648965e-01 8.327425e-01
0.850000 96.625000 7.135663208031e-01 4.586291676222e-01 8.482438e-01
0.850000 96.650000 7.254130857455e-01 4.703912109943e-01 8.645762e-01
0.850000 96.675000 7.384354332997e-01 4.815956685542e-01 8.816015e-01
0.850000 96.700000 7.525617858345e-01 4.921033435975e-01 8.991746e-01
0.850000 96.725000 7.677026844712e-01 5.017939375048e-01 9.171502e-01
0.850000 96.750000 7.837564237050e-01 5.105688182557e-01 9.353901e-01
0.850000 96.775000 8.006152317302e-01 5.183521432407e-01 9.537682e-01
0.850000 96.800000 8.181715235644e-01 5.250902089229e-01 9.721751e-01
0.850000 96.825000 8.363237230421e-01 5.307490361695e-01 9.905210e-01
0.850000 96.850000 8.549811586189e-01 5.353103432151e-01 1.008737e+00
0.850000 96.875000 8.740675877504e-01 5.387661962959e-01 1.026773e+00
0.850000 96.900000 8.935229927560e-01 5.411127491925e-01 1.044599e+00
0.850000 96.925000 9.133034115030e-01 5.423435767036e-01 1.062196e+00
0.850000 96.950000 9.333787101022e-01 5.424431651744e-01 1.079556e+00
0.850000 96.975000 9.537283612744e-01 5.413811403015e-01 1.096673e+00
0.850000 97.000000 9.743354493298e-01 5.391077865654e-01 1.113538e+00
0.850000 97.025000 9.951792691732e-01 5.355513452441e-01 1.130131e+00
0.850000 97.050000 1.016227011747e+00 5.306174735369e-01 1.146417e+00
0.850000 97.075000 1.037425123137e+00 5.241911129594e-01 1.162337e+00
0.850000 97.100000 1.058690982748e+00 5.161408597249e-01 1.177806e+00
0.850000 97.125000 1.079905563742e+00 5.063257632253e-01 1.192712e+00
0.850000 97.150000 1.100907715168e+00 4.946043111332e-01 1.206910e+00
0.850000 97.175000 1.121490641066e+00 4.808452008974e-01 1.220227e+00
0.850000 97.200000 1.141401050630e+00 4.649393564406e-01 1.232463e+00
0.850000 97.225000 1.160341320234e+00 4.468125335273e-01 1.243396e+00
0.850000 97.250000 1.177974848874e+00 4.264377740509e-01 1.252786e+00
0.850000 97.275000 1.193934610780e+00 4.038469235679e-01 1.260386e+00
0.850000 97.300000 1.207834720507e+00 3.791404215824e-01 1.265943e+00
0.850000 97.325000 1.219284635533e+00 3.524946127643e-01 1.269215e+00
0.850000 97.350000 1.227905438654e+00 3.241659103378e-01 1.269975e+00
0.850000 97.375000 1.233347477102e+00 2.944912694604e-01 1.268019e+00
0.850000 97.400000 1.235308497550e+00 2.638845956103e-01 1.263179e+00
0.850000 97.425000 1.233551316092e+00 2.328289155663e-01 1.255332e+00
0.850000 97.450000 1.227920009439e+00 2.018643685709e-01 1.244402e+00
0.850000 97.475000 1.218353616032e+00 1.715723220503e-01 1.230375e+00
0.850000 97.500000 1.204896399324e+00 1.425561664749e-01 1.213300e+00
0.850000 97.525000 1.187703852804e+00 1.154195820725e-01 1.193299e+00
0.850000 97.550000 1.167043815751e+00 9.074327923646e-02 1.170566e+00
0.850000 97.575000 1.143292314012e+00 6.906137747885e-02 1.145376e+00
0.850000 97.600000 1.116924029877e+00 5.083868881550e-02 1.118080e+00
0.850000 97.625000 1.088497623210e+00 3.645019748368e-02 1.089108e+00
0.850000 97.650000 1.058636452061e+00 2.616397032221e-02 1.058960e+00
0.850000 97.675000 1.028005551934e+00 2.012858819627e-02 1.028203e+00
0.850000 97.700000 9.972860046543e-01 1.836596250296e-02 9.974551e-01
0.850000 97.725000 9.671480371982e-01 2.077010317378e-02 9.673710e-01
0.850000 97.750000 9.382243183671e-01 2.711205360657e-02 9.386160e-01
0.850000 97.775000 9.110849523619e-01 3.705082728363e-02 9.118380e-01
0.850000 97.800000 8.862155961280e-01 5.014979814125e-02 8.876334e-01
0.850000 97.825000 8.639999529960e-01 6.589764141638e-02 8.665093e-01
0.850000 97.850000 8.447076285959e-01 8.373262216853e-02 8.488475e-01
0.850000 97.875000 8.284879944722e-01 1.030688097903e-01 8.348746e-01
0.850000 97.900000 8.153703153958e-01 1.233226773086e-01 8.246437e-01
0.850000 97.925000 8.052699879276e-01 1.439385348339e-01 8.180330e-01
0.850000 97.950000 7.980003424431e-01 1.644113485291e-01 8.147611e-01
0.850000 97.975000 7.932891097501e-01 1.843057017588e-01 8.144177e-01
0.850000 98.000000 7.907983741672e-01 2.032699465039e-01 8.165052e-01
0.850000 98.025000 7.901466485407e-01 2.210449461619e-01 8.204831e-01
0.850000 98.050000 7.909316260090e-01 2.374671958932e-01 8.258108e-01
0.850000 98.075000 7.927521916494e-01 2.524664919194e-01 8.319828e-01
0.850000 98.100000 7.952284081497e-01 2.660586755830e-01 8.385556e-01
0.850000 98.125000 7.980184081854e-01 2.783342743193e-01 8.451647e-01
0.850000 98.150000 8.008314099348e-01 2.894440789329e-01 8.515332e-01
0.850000 98.175000 8.034363941239e-01 2.995828217406e-01 8.574730e-01
0.850000 98.200000 8.056663121797e-01 3.089721492679e-01 8.628801e-01
0.850000 98.225000 8.074180075071e-01 3.178440211344e-01 8.677261e-01
0.850000 98.250000 8.086483012866e-01 3.264255264668e-01 8.720468e-01
0.850000 98.275000 8.093669020576e-01 3.349259096558e-01 8.759282e-01
0.850000 98.300000 8.096269335785e-01 3.435263615023e-01 8.794920e-01
0.850000 98.325000 8.095139348047e-01 3.523728839683e-01 8.828813e-01
0.850000 98.350000 8.091341736894e-01 3.615722997370e-01 8.862464e-01
0.850000 98.375000 8.086030437825e-01 3.711912708693e-01 8.897313e-01
0.850000 98.400000 8.080341949527e-01 3.812580279777e-01 8.934635e-01
0.850000 98.425000 8.075299052406e-01 3.917664000912e-01 8.975441e-01
0.850000 98.450000 8.071730484761e-01 4.026816768516e-01 9.020426e-01
0.850000 98.475000 8.070208685969e-01 4.139478238927e-01 9.069925e-01
0.850000 98.500000 8.071006497544e-01 4.254955994752e-01 9.123913e-01
0.850000 98.525000 8.074072796177e-01 4.372511728876e-01 9.182021e-01
0.850000 98.550000 8.079026448032e-01 4.491449087566e-01 9.243581e-01
0.850000 98.575000 8.085167698791e-01 4.611200429924e-01 9.307691e-01
0.850000 98.600000 8.091506083952e-01 4.731410248607e-01 9.373298e-01
0.850000 98.625000 8.096804062073e-01 4.852013284987e-01 9.439294e-01
0.850000 98.650000 8.099635728958e-01 4.973305433701e-01 9.504623e-01
0.850000 98.675000 8.098460053728e-01 5.096005385677e-01 9.568402e-01
0.850000 98.700000 8.091707997025e-01 5.221304662738e-01 9.630045e-01
0.850000 98.725000 8.077882566091e-01 5.350903340534e-01 9.689394e-01
0.850000 98.750000 8.055670308981e-01 5.487028444994e-01 9.746861e-01
0.850000 98.775000 8.024061970591e-01 5.632431849526e-01 9.803564e-01
0.850000 98.800000 7.982479085618e-01 5.790364590468e-01 9.861455e-01
0.850000 98.825000 7.930902260390e-01 5.964524926831e-01 9.923445e-01
0.850000 98.850000 7.869995910243e-01 6.158978230959e-01 9.993490e-01
0.850000 98.875000 7.801223394172e-01 6.378047902677e-01 1.007664e+00
0.850000 98.900000 7.726945940215e-01 6.626177902755e-01 1.017899e+00
0.850000 98.925000 7.650498581122e-01 6.907769116490e-01 1.030764e+00
0.850000 98.950000 7.576236587161e-01 7.226993470025e-01 1.047038e+00
0.850000 98.975000 7.509546620635e-01 7.587591397934e-01 1.067543e+00
0.850000 99.000000 7.456818031561e-01 7.992659762144e-01 1.093100e+00
0.850000 99.025000 7.425371311053e-01 8.444438519597e-01 1.124476e+00
0.850000 99.050000 7.423342626342e-01 8.944105219735e-01 1.162338e+00
0.850000 99.075000 7.459525457434e-01 9.491586704391e-01 1.207206e+00
0.850000 99.100000 7.543172500714e-01 1.008539714180e+00 1.259423e+00
0.850000 99.125000 7.683763053002e-01 1.072251075494e+00 1.319138e+00
0.850000 99.150000 7.890742901544e-01 1.139827634575e+00 1.386306e+00
0.850000 99.175000 8.173245200082e-01 1.210637905195e+00 1.460707e+00
0.850000 99.200000 8.539801816322e-01 1.283885281351e+00 1.541961e+00
0.850000 99.225000 8.998055135600e-01 1.358614490392e+00 1.629565e+00
0.850000 99.250000 9.554480283206e-01 1.433723173596e+00 1.722917e+00
0.850000 99.275000 1.021412720810e+00 1.507978312233e+00 1.821341e+00
0.850000 99.300000 1.098039111504e+00 1.580037037679e+00 1.924112e+00
0.850000 99.325000 1.185481843261e+00 1.648471218066e+00 2.030474e+00
0.850000 99.350000 1.283695397422e+00 1.711795107306e+00 2.139653e+00
0.850000 99.375000 1.392423331051e+00 1.768495277930e+00 2.250871e+00
0.850000 99.400000 1.511192274565e+00 1.817062035644e+00 2.363349e+00
0.850000 99.425000 1.639310778301e+00 1.856021526179e+00 2.476319e+00
0.850000 99.450000 1.775872966026e+00 1.883967786471e+00 2.589027e+00
0.850000 99.475000 1.919766848172e+00 1.899594052894e+00 2.700734e+00
0.850000 99.500000 2.069687069283e+00 1.901722709307e+00 2.810721e+00
0.850000 99.525000 2.224151810815e+00 1.889333327412e+00 2.918293e+00
0.850000 99.550000 2.381523537167e+00 1.861588313415e+00 3.022774e+00
0.850000 99.575000 2.540033252195e+00 1.817855723169e+00 3.123519e+00
0.850000 99.600000 2.697807917001e+00 1.757728840637e+00 3.219903e+00
0.850000 99.625000 2.852900658974e+00 1.681042133406e+00 3.311336e+00
0.850000 99.650000 3.003323369542e+00 1.587883208755e+00 3.397252e+00
0.850000 99.675000 3.147081239240e+00 1.478600402132e+00 3.477122e+00
0.850000 99.700000 3.282208711766e+00 1.353805645783e+00 3.550448e+00
0.850000 99.725000 3.406806256198e+00 1.214372298350e+00 3.616771e+00
0.850000 99.750000 3.519077264255e+00 1.061427674880e+00 3.675668e+00
0.850000 99.775000 3.617364286886e+00 8.963401069111e-01 3.726761e+00
0.850000 99.800000 3.700183742996e+00 7.207004866611e-01 3.769717e+00
0.850000 99.825000 3.766258175168e+00 5.362984060694e-01 3.804250e+00
0.850000 99.850000 3.814545105042e+00 3.450931843380e-01 3.830123e+00
0.850000 99.875000 3.844261563628e+00 1.491802762950e-01 3.847155e+00
0.850000 99.900000 3.854903446080e+00 -4.924624525525e-02 3.855218e+00
0.850000 99.925000 3.846258967082e+00 -2.479342526161e-01 3.854242e+00
0.850000 99.950000 3.818415668837e+00 -4.446161329729e-01 3.844214e+00
0.850000 99.975000 3.771760649435e+00 -6.370522115355e-01 3.825182e+00
0.850000 100.000000 3.706973922206e+00 -8.230738148664e-01 3.797250e+00
