# zline X=10000000 rho=0.6 C(X)=1 mode=v
# sigma t ReF ImF |F|
1.100000 0.100000 3.805417588278e+00 -2.998927717280e+00 4.845077e+00
1.100000 0.125000 3.146499184963e+00 -2.925392724620e+00 4.296322e+00
1.100000 0.150000 2.650739285457e+00 -2.767369035173e+00 3.832069e+00
1.100000 0.175000 2.280998728900e+00 -2.582258387118e+00 3.445434e+00
1.100000 0.200000 2.003516480823e+00 -2.397069994075e+00 3.124104e+00
1.100000 0.225000 1.792609470272e+00 -2.223217266902e+00 2.855896e+00
1.100000 0.250000 1.629879963378e+00 -2.064633494995e+00 2.630441e+00
1.100000 0.275000 1.502382942989e+00 -1.921838950539e+00 2.439389e+00
1.100000 0.300000 1.401007995366e+00 -1.793902895882e+00 2.276161e+00
1.100000 0.325000 1.319288807309e+00 -1.679368420183e+00 2.135603e+00
1.100000 0.350000 1.252579601425e+00 -1.576676013853e+00 2.013669e+00
1.100000 0.375000 1.197496891908e+00 -1.484346894453e+00 1.907167e+00
1.100000 0.400000 1.151542056913e+00 -1.401052316577e+00 1.813559e+00
1.100000 0.425000 1.112844659995e+00 -1.325629948506e+00 1.730814e+00
1.100000 0.450000 1.079986143570e+00 -1.257076877727e+00 1.657291e+00
1.100000 0.475000 1.051877285944e+00 -1.194533463650e+00 1.591652e+00
1.100000 0.500000 1.027671951794e+00 -1.137264742118e+00 1.532802e+00
1.100000 0.525000 1.006705616791e+00 -1.084642399222e+00 1.479833e+00
1.100000 0.550000 9.884510067409e-01 -1.036128532754e+00 1.431991e+00
1.100000 0.575000 9.724857044286e-01 -9.912615582828e-01 1.388642e+00
1.100000 0.600000 9.584682259876e-01 -9.496442221417e-01 1.349254e+00
1.100000 0.625000 9.461201611017e-01 -9.109335198598e-01 1.313371e+00
1.100000 0.650000 9.352127033200e-01 -8.748322669353e-01 1.280607e+00
1.100000 0.675000 9.255563928046e-01 -8.410820694765e-01 1.250629e+00
1.100000 0.700000 9.169932338633e-01 -8.094574651538e-01 1.223151e+00
1.100000 0.725000 9.093905852748e-01 -7.797610353312e-01 1.197923e+00
1.100000 0.750000 9.026363864758e-01 -7.518193201899e-01 1.174728e+00
1.100000 0.775000 8.966353994174e-01 -7.254793970490e-01 1.153376e+00
1.100000 0.800000 8.913062292257e-01 -7.006060067948e-01 1.133700e+00
1.100000 0.825000 8.865789467769e-01 -6.770791341962e-01 1.115553e+00
1.100000 0.850000 8.823931798264e-01 -6.547919651318e-01 1.098804e+00
1.100000 0.875000 8.786965711887e-01 -6.336491578328e-01 1.083337e+00
1.100000 0.900000 8.754435259829e-01 -6.135653766055e-01 1.069048e+00
1.100000 0.925000 8.725941875161e-01 -5.944640456140e-01 1.055845e+00
1.100000 0.950000 8.701135946277e-01 -5.762762875905e-01 1.043644e+00
1.100000 0.975000 8.679709834497e-01 -5.589400181882e-01 1.032370e+00
1.100000 1.000000 8.661392044136e-01 -5.423991714068e-01 1.021956e+00
1.100000 1.025000 8.645942314863e-01 -5.266030353878e-01 1.012341e+00
1.100000 1.050000 8.633147455204e-01 -5.115056810963e-01 1.003469e+00
1.100000 1.075000 8.622817774638e-01 -4.970654691356e-01 9.952909e-01
1.100000 1.100000 8.614784002471e-01 -4.832446222961e-01 9.877603e-01
1.100000 1.125000 8.608894605452e-01 -4.700088534741e-01 9.808359e-01
1.100000 1.150000 8.605013434398e-01 -4.573270403518e-01 9.744796e-01
1.100000 1.175000 8.603017643630e-01 -4.451709397114e-01 9.686570e-01
1.100000 1.200000 8.602795836884e-01 -4.335149354652e-01 9.633360e-01
1.100000 1.225000 8.604246400449e-01 -4.223358154275e-01 9.584874e-01
1.100000 1.250000 8.607275989481e-01 -4.116125725353e-01 9.540843e-01
1.100000 1.275000 8.611798137776e-01 -4.013262266783e-01 9.501018e-01
1.100000 1.300000 8.617731965288e-01 -3.914596635652e-01 9.465166e-01
1.100000 1.325000 8.625000962206e-01 -3.819974871878e-01 9.433072e-01
1.100000 1.350000 8.633531833576e-01 -3.729258825269e-01 9.404533e-01
1.100000 1.375000 8.643253394457e-01 -3.642324852258e-01 9.379358e-01
1.100000 1.400000 8.654095512255e-01 -3.559062551246e-01 9.357366e-01
1.100000 1.425000 8.665988099821e-01 -3.479373508301e-01 9.338383e-01
1.100000 1.450000 8.678860169371e-01 -3.403170029302e-01 9.322241e-01
1.100000 1.475000 8.692638963090e-01 -3.330373840477e-01 9.308779e-01
1.100000 1.500000 8.707249180334e-01 -3.260914746361e-01 9.297836e-01
1.100000 1.525000 8.722612323688e-01 -3.194729242178e-01 9.289255e-01
1.100000 1.550000 8.738646186122e-01 -3.131759085742e-01 9.282880e-01
1.100000 1.575000 8.755264499397e-01 -3.071949841666e-01 9.278552e-01
1.100000 1.600000 8.772376759723e-01 -3.015249417235e-01 9.276116e-01
1.100000 1.625000 8.789888241154e-01 -2.961606614231e-01 9.275411e-01
1.100000 1.650000 8.807700200564e-01 -2.910969723986e-01 9.276278e-01
1.100000 1.675000 8.825710271382e-01 -2.863285193895e-01 9.278554e-01
1.100000 1.700000 8.843813036807e-01 -2.818496392624e-01 9.282077e-01
1.100000 1.725000 8.861900767825e-01 -2.776542498703e-01 9.286683e-01
1.100000 1.750000 8.879864307091e-01 -2.737357533605e-01 9.292207e-01
1.100000 1.775000 8.897594077040e-01 -2.700869556202e-01 9.298488e-01
1.100000 1.800000 8.914981189077e-01 -2.667000031424e-01 9.305363e-01
1.100000 1.825000 8.931918630348e-01 -2.635663382187e-01 9.312674e-01
1.100000 1.850000 8.948302504911e-01 -2.606766730720e-01 9.320266e-01
1.100000 1.875000 8.964033306609e-01 -2.580209833175e-01 9.327989e-01
1.100000 1.900000 8.979017201319e-01 -2.555885209887e-01 9.335700e-01
1.100000 1.925000 8.993167296194e-01 -2.533678472467e-01 9.343264e-01
1.100000 1.950000 9.006404872676e-01 -2.513468847749e-01 9.350554e-01
1.100000 1.975000 9.018660558903e-01 -2.495129897005e-01 9.357452e-01
1.100000 2.000000 9.029875415395e-01 -2.478530426535e-01 9.363854e-01
1.100000 2.025000 9.040001906496e-01 -2.463535582374e-01 9.369666e-01
1.100000 2.050000 9.049004728880e-01 -2.450008117534e-01 9.374808e-01
1.100000 2.075000 9.056861468443e-01 -2.437809814978e-01 9.379214e-01
1.100000 2.100000 9.063563058103e-01 -2.426803043714e-01 9.382833e-01
1.100000 2.125000 9.069114011935e-01 -2.416852419610e-01 9.385628e-01
1.100000 2.150000 9.073532415479e-01 -2.407826537124e-01 9.387578e-01
1.100000 2.175000 9.076849658014e-01 -2.399599733768e-01 9.388678e-01
1.100000 2.200000 9.079109899510e-01 -2.392053846237e-01 9.388938e-01
1.100000 2.225000 9.080369272737e-01 -2.385079915894e-01 9.388382e-01
1.100000 2.250000 9.080694828474e-01 -2.378579801985e-01 9.387047e-01
1.100000 2.275000 9.080163239083e-01 -2.372467663260e-01 9.384986e-01
1.100000 2.300000 9.078859281783e-01 -2.366671272486e-01 9.382261e-01
1.100000 2.325000 9.076874127892e-01 -2.361133133025e-01 9.378944e-01
1.100000 2.350000 9.074303467841e-01 -2.355811371936e-01 9.375118e-01
1.100000 2.375000 9.071245503904e-01 -2.350680389227e-01 9.370869e-01
1.100000 2.400000 9.067798843799e-01 -2.345731247787e-01 9.366292e-01
1.100000 2.425000 9.064060328634e-01 -2.340971792746e-01 9.361482e-01
1.100000 2.450000 9.060122828885e-01 -2.336426492604e-01 9.356533e-01
1.100000 2.475000 9.056073042283e-01 -2.332135997573e-01 9.351541e-01
1.100000 2.500000 9.051989327932e-01 -2.328156413373e-01 9.346594e-01
1.100000 2.525000 9.047939611978e-01 -2.324558291790e-01 9.341776e-01
1.100000 2.550000 9.043979401281e-01 -2.321425342773e-01 9.337161e-01
1.100000 2.575000 9.040149942811e-01 -2.318852877265e-01 9.332813e-01
1.100000 2.600000 9.036476567153e-01 -2.316945995328e-01 9.328781e-01
1.100000 2.625000 9.032967254456e-01 -2.315817540505e-01 9.325101e-01
1.100000 2.650000 9.029611459364e-01 -2.315585848386e-01 9.321793e-01
1.100000 2.675000 9.026379228245e-01 -2.316372324723e-01 9.318857e-01
1.100000 2.700000 9.023220636406e-01 -2.318298895335e-01 9.316277e-01
1.100000 2.725000 9.020065565679e-01 -2.321485375958e-01 9.314015e-01
1.100000 2.750000 9.016823833663e-01 -2.326046814391e-01 9.312014e-01
1.100000 2.775000 9.013385675666e-01 -2.332090859120e-01 9.310197e-01
1.100000 2.800000 9.009622569869e-01 -2.339715207940e-01 9.308467e-01
1.100000 2.825000 9.005388385966e-01 -2.349005186632e-01 9.306710e-01
1.100000 2.850000 9.000520828688e-01 -2.360031501920e-01 9.304790e-01
1.100000 2.875000 8.994843140585e-01 -2.372848204993e-01 9.302559e-01
1.100000 2.900000 8.988166024064e-01 -2.387490892800e-01 9.299852e-01
1.100000 2.925000 8.980289740691e-01 -2.403975164677e-01 9.296489e-01
1.100000 2.950000 8.971006346925e-01 -2.422295342761e-01 9.292280e-01
1.100000 2.975000 8.960102028313e-01 -2.442423456707e-01 9.287026e-01
1.100000 3.000000 8.947359499304e-01 -2.464308487122e-01 9.280520e-01
1.100000 3.025000 8.932560441517e-01 -2.487875858262e-01 9.272549e-01
1.100000 3.050000 8.915487959403e-01 -2.513027168914e-01 9.262895e-01
1.100000 3.075000 8.895929037551e-01 -2.539640150865e-01 9.251342e-01
1.100000 3.100000 8.873676988100e-01 -2.567568846432e-01 9.237670e-01
1.100000 3.125000 8.848533879226e-01 -2.596643999688e-01 9.221665e-01
1.100000 3.150000 8.820312936473e-01 -2.626673659459e-01 9.203115e-01
1.100000 3.175000 8.788840907683e-01 -2.657443995326e-01 9.181815e-01
1.100000 3.200000 8.753960380116e-01 -2.688720330172e-01 9.157567e-01
1.100000 3.225000 8.715532035010e-01 -2.720248393878e-01 9.130183e-01
1.100000 3.250000 8.673436821395e-01 -2.751755802415e-01 9.099487e-01
1.100000 3.275000 8.627578027473e-01 -2.782953764954e-01 9.065315e-01
1.100000 3.300000 8.577883225057e-01 -2.813539018789e-01 9.027518e-01
1.100000 3.325000 8.524306060563e-01 -2.843195988307e-01 8.985964e-01
1.100000 3.350000 8.466827864947e-01 -2.871599160241e-01 8.940540e-01
1.100000 3.375000 8.405459054910e-01 -2.898415663389e-01 8.891150e-01
1.100000 3.400000 8.340240298111e-01 -2.923308037114e-01 8.837722e-01
1.100000 3.425000 8.271243416304e-01 -2.945937169318e-01 8.780206e-01
1.100000 3.450000 8.198572001504e-01 -2.965965381296e-01 8.718574e-01
1.100000 3.475000 8.122361721736e-01 -2.983059633601e-01 8.652826e-01
1.100000 3.500000 8.042780294352e-01 -2.996894823782e-01 8.582989e-01
1.100000 3.525000 7.960027106526e-01 -3.007157143140e-01 8.509114e-01
1.100000 3.550000 7.874332464690e-01 -3.013547455538e-01 8.431286e-01
1.100000 3.575000 7.785956457457e-01 -3.015784656658e-01 8.349615e-01
1.100000 3.600000 7.695187420784e-01 -3.013608967125e-01 8.264245e-01
1.100000 3.625000 7.602339999597e-01 -3.006785107964e-01 8.175349e-01
1.100000 3.650000 7.507752807593e-01 -2.995105302464e-01 8.083131e-01
1.100000 3.675000 7.411785695950e-01 -2.978392045278e-01 7.987827e-01
1.100000 3.700000 7.314816652390e-01 -2.956500578196e-01 7.889705e-01
1.100000 3.725000 7.217238363724e-01 -2.929321013109e-01 7.789060e-01
1.100000 3.750000 7.119454486990e-01 -2.896780046559e-01 7.686219e-01
1.100000 3.775000 7.021875685924e-01 -2.858842217276e-01 7.581538e-01
1.100000 3.800000 6.924915499415e-01 -2.815510668032e-01 7.475397e-01
1.100000 3.825000 6.828986116411e-01 -2.766827385528e-01 7.368201e-01
1.100000 3.850000 6.734494136394e-01 -2.712872906317e-01 7.260378e-01
1.100000 3.875000 6.641836395672e-01 -2.653765491857e-01 7.152375e-01
1.100000 3.900000 6.551395937348e-01 -2.589659790666e-01 7.044652e-01
1.100000 3.925000 6.463538196815e-01 -2.520745019332e-01 6.937686e-01
1.100000 3.950000 6.378607465979e-01 -2.447242705633e-01 6.831957e-01
1.100000 3.975000 6.296923688466e-01 -2.369404045857e-01 6.727951e-01
1.100000 4.000000 6.218779626183e-01 -2.287506933926e-01 6.626153e-01
1.100000 4.025000 6.144438425550e-01 -2.201852722329e-01 6.527042e-01
1.100000 4.050000 6.074131600536e-01 -2.112762774376e-01 6.431084e-01
1.100000 4.075000 6.008057440083e-01 -2.020574864395e-01 6.338728e-01
1.100000 4.100000 5.946379839982e-01 -1.925639478257e-01 6.250402e-01
1.100000 4.125000 5.889227553980e-01 -1.828316061575e-01 6.166502e-01
1.100000 4.150000 5.836693855727e-01 -1.728969258127e-01 6.087391e-01
1.100000 4.175000 5.788836601532e-01 -1.627965177151e-01 6.013393e-01
1.100000 4.200000 5.745678683376e-01 -1.525667725404e-01 5.944786e-01
1.100000 4.225000 5.707208861300e-01 -1.422435038702e-01 5.881799e-01
1.100000 4.250000 5.673382963610e-01 -1.318616047619e-01 5.824605e-01
1.100000 4.275000 5.644125441706e-01 -1.214547213042e-01 5.773325e-01
1.100000 4.300000 5.619331263360e-01 -1.110549468476e-01 5.728019e-01
1.100000 4.325000 5.598868123955e-01 -1.006925407057e-01 5.688693e-01
1.100000 4.350000 5.582578949548e-01 -9.039567511764e-02 5.655292e-01
1.100000 4.375000 5.570284659175e-01 -8.019021412986e-02 5.627710e-01
1.100000 4.400000 5.561787147112e-01 -7.009952773279e-02 5.605789e-01
1.100000 4.425000 5.556872439254e-01 -6.014434408652e-02 5.589326e-01
1.100000 4.450000 5.555313972420e-01 -5.034264199151e-02 5.578078e-01
1.100000 4.475000 5.556875941206e-01 -4.070958494397e-02 5.571768e-01
1.100000 4.500000 5.561316654857e-01 -3.125749720764e-02 5.570094e-01
1.100000 4.525000 5.568391846318e-01 -2.199588138926e-02 5.572734e-01
1.100000 4.550000 5.577857877259e-01 -1.293147607936e-02 5.579357e-01
1.100000 4.575000 5.589474786292e-01 -4.068351258924e-03 5.589623e-01
1.100000 4.600000 5.603009132376e-01 4.591961592631e-03 5.603197e-01
1.100000 4.625000 5.618236591279e-01 1.305030839736e-02 5.619752e-01
1.100000 4.650000 5.634944269572e-01 2.130972462236e-02 5.638972e-01
1.100000 4.675000 5.652932707660e-01 2.937522530988e-02 5.660560e-01
1.100000 4.700000 5.672017550701e-01 3.725357794172e-02 5.684238e-01
1.100000 4.725000 5.692030873805e-01 4.495306329362e-02 5.709754e-01
1.100000 4.750000 5.712822155683e-01 5.248322955364e-02 5.736879e-01
1.100000 4.775000 5.734258903009e-01 5.985464500287e-02 5.765413e-01
1.100000 4.800000 5.756226936062e-01 6.707865446823e-02 5.795179e-01
1.100000 4.825000 5.778630354854e-01 7.416714453729e-02 5.826032e-01
1.100000 4.850000 5.801391213506e-01 8.113232214151e-02 5.857848e-01
1.100000 4.875000 5.824448938899e-01 8.798651054604e-02 5.890532e-01
1.100000 4.900000 5.847759537032e-01 9.474196601672e-02 5.924010e-01
1.100000 4.925000 5.871294636397e-01 1.014107174717e-01 5.958231e-01
1.100000 4.950000 5.895040421399e-01 1.080044302953e-01 5.993163e-01
1.100000 4.975000 5.918996509886e-01 1.145342942471e-01 6.028792e-01
1.100000 5.000000 5.943174826504e-01 1.210109341171e-01 6.065121e-01
1.100000 5.025000 5.967598517987e-01 1.274443405554e-01 6.102167e-01
1.100000 5.050000 5.992300947381e-01 1.338438174421e-01 6.139958e-01
1.100000 5.075000 6.017324792422e-01 1.402179413669e-01 6.178536e-01
1.100000 5.100000 6.042721259241e-01 1.465745283465e-01 6.217949e-01
1.100000 5.125000 6.068549407723e-01 1.529206028720e-01 6.258256e-01
1.100000 5.150000 6.094875570208e-01 1.592623647869e-01 6.299520e-01
1.100000 5.175000 6.121772832191e-01 1.656051503179e-01 6.341814e-01
1.100000 5.200000 6.149320533598e-01 1.719533847654e-01 6.385213e-01
1.100000 5.225000 6.177603742878e-01 1.783105258042e-01 6.429794e-01
1.100000 5.250000 6.206712654439e-01 1.846789979228e-01 6.475640e-01
1.100000 5.275000 6.236741862935e-01 1.910601201040e-01 6.522833e-01
1.100000 5.300000 6.267789475407e-01 1.974540302731e-01 6.571453e-01
1.100000 5.325000 6.299956033688e-01 2.038596111839e-01 6.621580e-01
1.100000 5.350000 6.333343233649e-01 2.102744231869e-01 6.673288e-01
1.100000 5.375000 6.368052443665e-01 2.166946496534e-01 6.726645e-01
1.100000 5.400000 6.404183040636e-01 2.231150607092e-01 6.781710e-01
1.100000 5.425000 6.441830596763e-01 2.295290003724e-01 6.838533e-01
1.100000 5.450000 6.481084962872e-01 2.359284012702e-01 6.897150e-01
1.100000 5.475000 6.522028303575e-01 2.423038299075e-01 6.957583e-01
1.100000 5.500000 6.564733145414e-01 2.486445640904e-01 7.019839e-01
1.100000 5.525000 6.609260501340e-01 2.549387026830e-01 7.083904e-01
1.100000 5.550000 6.655658133496e-01 2.611733064978e-01 7.149751e-01
1.100000 5.575000 6.703959011953e-01 2.673345678679e-01 7.217329e-01
1.100000 5.600000 6.754180020367e-01 2.734080053895e-01 7.286573e-01
1.100000 5.625000 6.806320951229e-01 2.793786794799e-01 7.357394e-01
1.100000 5.650000 6.860363824272e-01 2.852314237740e-01 7.429690e-01
1.100000 5.675000 6.916272552063e-01 2.909510869674e-01 7.503338e-01
1.100000 5.700000 6.973992967515e-01 2.965227794692e-01 7.578203e-01
1.100000 5.725000 7.033453218988e-01 3.019321191300e-01 7.654134e-01
1.100000 5.750000 7.094564529970e-01 3.071654703144e-01 7.730971e-01
1.100000 5.775000 7.157222312006e-01 3.122101706831e-01 7.808543e-01
1.100000 5.800000 7.221307611302e-01 3.170547402263e-01 7.886676e-01
1.100000 5.825000 7.286688861262e-01 3.216890673523e-01 7.965188e-01
1.100000 5.850000 7.353223905089e-01 3.261045672052e-01 8.043900e-01
1.100000 5.875000 7.420762244504e-01 3.302943078771e-01 8.122632e-01
1.100000 5.900000 7.489147462937e-01 3.342531008329e-01 8.201210e-01
1.100000 5.925000 7.558219764546e-01 3.379775526732e-01 8.279467e-01
1.100000 5.950000 7.627818564643e-01 3.414660763408e-01 8.357244e-01
1.100000 5.975000 7.697785062991e-01 3.447188610000e-01 8.434394e-01
1.100000 6.000000 7.767964729555e-01 3.477378010614e-01 8.510783e-01
1.100000 6.025000 7.838209632887e-01 3.505263861211e-01 8.586292e-01
1.100000 6.050000 7.908380544707e-01 3.530895548850e-01 8.660814e-01
1.100000 6.075000 7.978348760320e-01 3.554335173717e-01 8.734263e-01
1.100000 6.100000 8.047997583144e-01 3.575655507749e-01 8.806564e-01
1.100000 6.125000 8.117223432279e-01 3.594937752557e-01 8.877663e-01
1.100000 6.150000 8.185936544373e-01 3.612269165813e-01 8.947516e-01
1.100000 6.175000 8.254061254132e-01 3.627740629128e-01 9.016098e-01
1.100000 6.200000 8.321535851337e-01 3.641444231573e-01 9.083396e-01
1.100000 6.225000 8.388312025247e-01 3.653470941618e-01 9.149406e-01
1.100000 6.250000 8.454353919575e-01 3.663908436551e-01 9.214137e-01
1.100000 6.275000 8.519636832350e-01 3.672839152828e-01 9.277605e-01
1.100000 6.300000 8.584145604585e-01 3.680338613652e-01 9.339831e-01
1.100000 6.325000 8.647872749970e-01 3.686474081746e-01 9.400840e-01
1.100000 6.350000 8.710816384457e-01 3.691303575995e-01 9.460658e-01
1.100000 6.375000 8.772978019932e-01 3.694875280757e-01 9.519309e-01
1.100000 6.400000 8.834360289925e-01 3.697227366092e-01 9.576816e-01
1.100000 6.425000 8.894964677801e-01 3.698388226231e-01 9.633196e-01
1.100000 6.450000 8.954789318630e-01 3.698377132226e-01 9.688459e-01
1.100000 6.475000 9.013826945251e-01 3.697205283031e-01 9.742608e-01
1.100000 6.500000 9.072063046309e-01 3.694877227578e-01 9.795634e-01
1.100000 6.525000 9.129474299442e-01 3.691392618762e-01 9.847522e-01
1.100000 6.550000 9.186027335965e-01 3.686748249339e-01 9.898243e-01
1.100000 6.575000 9.241677884436e-01 3.680940309822e-01 9.947760e-01
1.100000 6.600000 9.296370329554e-01 3.673966800193e-01 9.996026e-01
1.100000 6.625000 9.350037710166e-01 3.665830021132e-01 1.004298e+00
1.100000 6.650000 9.402602166314e-01 3.656539066917e-01 1.008857e+00
1.100000 6.675000 9.453975830873e-01 3.646112241501e-01 1.013271e+00
1.100000 6.700000 9.504062147058e-01 3.634579321573e-01 1.017533e+00
1.100000 6.725000 9.552757579750e-01 3.621983595633e-01 1.021636e+00
1.100000 6.750000 9.599953676815e-01 3.608383615754e-01 1.025571e+00
1.100000 6.775000 9.645539426923e-01 3.593854608419e-01 1.029331e+00
1.100000 6.800000 9.689403853151e-01 3.578489501810e-01 1.032909e+00
1.100000 6.825000 9.731438776910e-01 3.562399538513e-01 1.036299e+00
1.100000 6.850000 9.771541684547e-01 3.545714454236e-01 1.039496e+00
1.100000 6.875000 9.809618628659e-01 3.528582214047e-01 1.042495e+00
1.100000 6.900000 9.845587097702e-01 3.511168307711e-01 1.045294e+00
1.100000 6.925000 9.879378789995e-01 3.493654614583e-01 1.047892e+00
1.100000 6.950000 9.910942231485e-01 3.476237856367e-01 1.050290e+00
1.100000 6.975000 9.940245180224e-01 3.459127663043e-01 1.052492e+00
1.100000 7.000000 9.967276764200e-01 3.442544283714e-01 1.054503e+00
1.100000 7.025000 9.992049303062e-01 3.426715980444e-01 1.056331e+00
1.100000 7.050000 1.001459976854e+00 3.411876149483e-01 1.057984e+00
1.100000 7.075000 1.003499084329e+00 3.398260220833e-01 1.059477e+00
1.100000 7.100000 1.005331154423e+00 3.386102393792e-01 1.060824e+00
1.100000 7.125000 1.006967738363e+00 3.375632272507e-01 1.062042e+00
1.100000 7.150000 1.008423005131e+00 3.367071471333e-01 1.063150e+00
1.100000 7.175000 1.009713661183e+00 3.360630264129e-01 1.064171e+00
1.100000 7.200000 1.010858822393e+00 3.356504353885e-01 1.065128e+00
1.100000 7.225000 1.011879840310e+00 3.354871838646e-01 1.066045e+00
1.100000 7.250000 1.012800086241e+00 3.355890446040e-01 1.066951e+00
1.100000 7.275000 1.013644698061e+00 3.359695101753e-01 1.067872e+00
1.100000 7.300000 1.014440295809e+00 3.366395886933e-01 1.068838e+00
1.100000 7.325000 1.015214673100e+00 3.376076426536e-01 1.069878e+00
1.100000 7.350000 1.015996471978e+00 3.388792735505e-01 1.071022e+00
1.100000 7.375000 1.016814849027e+00 3.404572533757e-01 1.072298e+00
1.100000 7.400000 1.017699140401e+00 3.423415025214e-01 1.073736e+00
1.100000 7.425000 1.018678532818e+00 3.445291121811e-01 1.075363e+00
1.100000 7.450000 1.019781746742e+00 3.470144081631e-01 1.077206e+00
1.100000 7.475000 1.021036736833e+00 3.497890521713e-01 1.079291e+00
1.100000 7.500000 1.022470413567e+00 3.528421761168e-01 1.081639e+00
1.100000 7.525000 1.024108388762e+00 3.561605448942e-01 1.084273e+00
1.100000 7.550000 1.025974746681e+00 3.597287432517e-01 1.087212e+00
1.100000 7.575000 1.028091841578e+00 3.635293828266e-01 1.090471e+00
1.100000 7.600000 1.030480121999e+00 3.675433260041e-01 1.094065e+00
1.100000 7.625000 1.033157981911e+00 3.717499238848e-01 1.098004e+00
1.100000 7.650000 1.036141638759e+00 3.761272661967e-01 1.102298e+00
1.100000 7.675000 1.039445038800e+00 3.806524413762e-01 1.106952e+00
1.100000 7.700000 1.043079790444e+00 3.853018052038e-01 1.111968e+00
1.100000 7.725000 1.047055126739e+00 3.900512562899e-01 1.117347e+00
1.100000 7.750000 1.051377898513e+00 3.948765163644e-01 1.123086e+00
1.100000 7.775000 1.056052599838e+00 3.997534127881e-01 1.129181e+00
1.100000 7.800000 1.061081427515e+00 4.046581600304e-01 1.135624e+00
1.100000 7.825000 1.066464375948e+00 4.095676361423e-01 1.142406e+00
1.100000 7.850000 1.072199368295e+00 4.144596495811e-01 1.149517e+00
1.100000 7.875000 1.078282423978e+00 4.193131912050e-01 1.156943e+00
1.100000 7.900000 1.084707861743e+00 4.241086659035e-01 1.164671e+00
1.100000 7.925000 1.091468536397e+00 4.288280982218e-01 1.172688e+00
1.100000 7.950000 1.098556106278e+00 4.334553064793e-01 1.180978e+00
1.100000 7.975000 1.105961327512e+00 4.379760402625e-01 1.189527e+00
1.100000 8.000000 1.113674370163e+00 4.423780767709e-01 1.198319e+00
1.100000 8.025000 1.121685150598e+00 4.466512722614e-01 1.207342e+00
1.100000 8.050000 1.129983673788e+00 4.507875657164e-01 1.216582e+00
1.100000 8.075000 1.138560378803e+00 4.547809328273e-01 1.226028e+00
1.100000 8.100000 1.147406480491e+00 4.586272893788e-01 1.235670e+00
1.100000 8.125000 1.156514300182e+00 4.623243441282e-01 1.245500e+00
1.100000 8.150000 1.165877578286e+00 4.658714022776e-01 1.255511e+00
1.100000 8.175000 1.175491761765e+00 4.692691216313e-01 1.265699e+00
1.100000 8.200000 1.185354259728e+00 4.725192245042e-01 1.276064e+00
1.100000 8.225000 1.195464660760e+00 4.756241694120e-01 1.286606e+00
1.100000 8.250000 1.205824906155e+00 4.785867874871e-01 1.297328e+00
1.100000 8.275000 1.216439413871e+00 4.814098894446e-01 1.308236e+00
1.100000 8.300000 1.227315148859e+00 4.840958496857e-01 1.319337e+00
1.100000 8.325000 1.238461636437e+00 4.866461747709e-01 1.330643e+00
1.100000 8.350000 1.249890916437e+00 4.890610639432e-01 1.342165e+00
1.100000 8.375000 1.261617437100e+00 4.913389696189e-01 1.353917e+00
1.100000 8.400000 1.273657888845e+00 4.934761657273e-01 1.365915e+00
1.100000 8.425000 1.286030979240e+00 4.954663315085e-01 1.378174e+00
1.100000 8.450000 1.298757151460e+00 4.973001578511e-01 1.390711e+00
1.100000 8.475000 1.311858249344e+00 4.989649825604e-01 1.403545e+00
1.100000 8.500000 1.325357132678e+00 5.004444601415e-01 1.416692e+00
1.100000 8.525000 1.339277246547e+00 5.017182708949e-01 1.430169e+00
1.100000 8.550000 1.353642148590e+00 5.027618734414e-01 1.443993e+00
1.100000 8.575000 1.368474997722e+00 5.035463043404e-01 1.458178e+00
1.100000 8.600000 1.383798007516e+00 5.040380283175e-01 1.472736e+00
1.100000 8.625000 1.399631867104e+00 5.041988428160e-01 1.487678e+00
1.100000 8.650000 1.415995132278e+00 5.039858411435e-01 1.503012e+00
1.100000 8.675000 1.432903589605e+00 5.033514393092e-01 1.518741e+00
1.100000 8.700000 1.450369597001e+00 5.022434726589e-01 1.534868e+00
1.100000 8.725000 1.468401405300e+00 5.006053694123e-01 1.551389e+00
1.100000 8.750000 1.487002467131e+00 4.983764090152e-01 1.568297e+00
1.100000 8.775000 1.506170741612e+00 4.954920736086e-01 1.585580e+00
1.100000 8.800000 1.525898006099e+00 4.918845006882e-01 1.603220e+00
1.100000 8.825000 1.546169189131e+00 4.874830440075e-01 1.621197e+00
1.100000 8.850000 1.566961741669e+00 4.822149478543e-01 1.639482e+00
1.100000 8.875000 1.588245066408e+00 4.760061369498e-01 1.658042e+00
1.100000 8.900000 1.609980027073e+00 4.687821204490e-01 1.676840e+00
1.100000 8.925000 1.632118560915e+00 4.604690039644e-01 1.695831e+00
1.100000 8.950000 1.654603417883e+00 4.509945984201e-01 1.714966e+00
1.100000 8.975000 1.677368048930e+00 4.402896091493e-01 1.734191e+00
1.100000 9.000000 1.700336663648e+00 4.282888832867e-01 1.753447e+00
1.100000 9.025000 1.723424473738e+00 4.149326885327e-01 1.772671e+00
1.100000 9.050000 1.746538133987e+00 4.001679921173e-01 1.791795e+00
1.100000 9.075000 1.769576386496e+00 3.839497055617e-01 1.810751e+00
1.100000 9.100000 1.792430907166e+00 3.662418588946e-01 1.829465e+00
1.100000 9.125000 1.814987346256e+00 3.470186674841e-01 1.847864e+00
1.100000 9.150000 1.837126547471e+00 3.262654557172e-01 1.865873e+00
1.100000 9.175000 1.858725922909e+00 3.039794043817e-01 1.883419e+00
1.100000 9.200000 1.879660954576e+00 2.801700927326e-01 1.900426e+00
1.100000 9.225000 1.899806787518e+00 2.548598116840e-01 1.916825e+00
1.100000 9.250000 1.919039874995e+00 2.280836311716e-01 1.932547e+00
1.100000 9.275000 1.937239632940e+00 1.998892121956e-01 1.947525e+00
1.100000 9.300000 1.954290059206e+00 1.703363621098e-01 1.961699e+00
1.100000 9.325000 1.970081272985e+00 1.394963400305e-01 1.975014e+00
1.100000 9.350000 1.984510931293e+00 1.074509275032e-01 1.987418e+00
1.100000 9.375000 1.997485482440e+00 7.429128745234e-02 1.998867e+00
1.100000 9.400000 2.008921220976e+00 4.011664166627e-02 2.009322e+00
1.100000 9.425000 2.018745114448e+00 5.032803350197e-03 2.018751e+00
1.100000 9.450000 2.026895379303e+00 -3.084939361215e-02 2.027130e+00
1.100000 9.475000 2.033321791136e+00 -6.741572332743e-02 2.034439e+00
1.100000 9.500000 2.037985722977e+00 -1.045502069370e-01 2.040666e+00
1.100000 9.525000 2.040859914064e+00 -1.421367139177e-01 2.045804e+00
1.100000 9.550000 2.041927980371e+00 -1.800604786233e-01 2.049852e+00
1.100000 9.575000 2.041183686526e+00 -2.182094877839e-01 2.052814e+00
1.100000 9.600000 2.038630006572e+00 -2.564756989633e-01 2.054700e+00
1.100000 9.625000 2.034278007814e+00 -2.947560556319e-01 2.055521e+00
1.100000 9.650000 2.028145597659e+00 -3.329532713371e-01 2.055294e+00
1.100000 9.675000 2.020256177541e+00 -3.709763631761e-01 2.054035e+00
1.100000 9.700000 2.010637250752e+00 -4.087409230956e-01 2.051763e+00
1.100000 9.725000 1.999319032097e+00 -4.461691241345e-01 2.048498e+00
1.100000 9.750000 1.986333106774e+00 -4.831894672859e-01 2.044258e+00
1.100000 9.775000 1.971711183923e+00 -5.197362828600e-01 2.039061e+00
1.100000 9.800000 1.955483986854e+00 -5.557490078343e-01 2.032923e+00
1.100000 9.825000 1.937680317391e+00 -5.911712674424e-01 2.025855e+00
1.100000 9.850000 1.918326326215e+00 -6.259497950229e-01 2.017867e+00
1.100000 9.875000 1.897445014714e+00 -6.600332288172e-01 2.008965e+00
1.100000 9.900000 1.875055986984e+00 -6.933708278809e-01 1.999149e+00
1.100000 9.925000 1.851175463425e+00 -7.259111515977e-01 1.988416e+00
1.100000 9.950000 1.825816560013e+00 -7.576007484290e-01 1.976756e+00
1.100000 9.975000 1.798989830010e+00 -7.883828995669e-01 1.964157e+00
1.100000 10.000000 1.770704057712e+00 -8.181964621373e-01 1.950599e+00
1.100000 10.025000 1.740967286945e+00 -8.469748545793e-01 1.936061e+00
1.100000 10.050000 1.709788060483e+00 -8.746452238666e-01 1.920515e+00
1.100000 10.075000 1.677176840544e+00 -9.011278303811e-01 1.903931e+00
1.100000 10.100000 1.643147575035e+00 -9.263356815783e-01 1.886275e+00
1.100000 10.125000 1.607719369426e+00 -9.501744401189e-01 1.867510e+00
1.100000 10.150000 1.570918220094e+00 -9.725426259991e-01 1.847599e+00
1.100000 10.175000 1.532778761896e+00 -9.933321254440e-01 1.826505e+00
1.100000 10.200000 1.493345980558e+00 -1.012429012098e+00 1.804188e+00
1.100000 10.225000 1.452676839444e+00 -1.029714678461e+00 1.780613e+00
1.100000 10.250000 1.410841770369e+00 -1.045067267781e+00 1.755745e+00
1.100000 10.275000 1.367925979390e+00 -1.058363388891e+00 1.729553e+00
1.100000 10.300000 1.324030520935e+00 -1.069480088981e+00 1.702012e+00
1.100000 10.325000 1.279273097148e+00 -1.078297052180e+00 1.673100e+00
1.100000 10.350000 1.233788543877e+00 -1.084698985280e+00 1.642804e+00
1.100000 10.375000 1.187728970115e+00 -1.088578146073e+00 1.611118e+00
1.100000 10.400000 1.141263523878e+00 -1.089836964667e+00 1.578045e+00
1.100000 10.425000 1.094577764293e+00 -1.088390703882e+00 1.543598e+00
1.100000 10.450000 1.047872626917e+00 -1.084170101377e+00 1.507800e+00
1.100000 10.475000 1.001362977100e+00 -1.077123933516e+00 1.470688e+00
1.100000 10.500000 9.552757542658e-01 -1.067221439227e+00 1.432310e+00
1.100000 10.525000 9.098477185469e-01 -1.054454541108e+00 1.392730e+00
1.100000 10.550000 8.653228201294e-01 -1.038839801017e+00 1.352025e+00
1.100000 10.575000 8.219492210071e-01 -1.020420048329e+00 1.310289e+00
1.100000 10.600000 7.799760086317e-01 -9.992656212243e-01 1.267633e+00
1.100000 10.625000 7.396496510499e-01 -9.754751649588e-01 1.224187e+00
1.100000 10.650000 7.012102534168e-01 -9.491759363343e-01 1.180098e+00
1.100000 10.675000 6.648876859806e-01 -9.205235708576e-01 1.135535e+00
1.100000 10.700000 6.308976633599e-01 -8.897012784723e-01 1.090688e+00
1.100000 10.725000 5.994378636660e-01 -8.569184455234e-01 1.045770e+00
1.100000 10.750000 5.706841831533e-01 -8.224086346987e-01 1.001018e+00
1.100000 10.775000 5.447872269443e-01 -7.864269909692e-01 9.566925e-01
1.100000 10.800000 5.218691382971e-01 -7.492470796262e-01 9.130819e-01
1.100000 10.825000 5.020208672518e-01 -7.111572018383e-01 8.704996e-01
1.100000 10.850000 4.852999738273e-01 -6.724562529076e-01 8.292849e-01
1.100000 10.875000 4.717290509399e-01 -6.334492077006e-01 7.898014e-01
1.100000 10.900000 4.612948378566e-01 -5.944423354329e-01 7.524325e-01
1.100000 10.925000 4.539480765165e-01 -5.557382610695e-01 7.175750e-01
1.100000 10.950000 4.496041409934e-01 -5.176310019502e-01 6.856280e-01
1.100000 10.975000 4.481444456213e-01 -4.804011149870e-01 6.569769e-01
1.100000 11.000000 4.494186108843e-01 -4.443110911667e-01 6.319727e-01
1.100000 11.025000 4.532473394447e-01 -4.096011297575e-01 6.109061e-01
1.100000 11.050000 4.594259289648e-01 -3.764854144612e-01 5.939810e-01
1.100000 11.075000 4.677283251075e-01 -3.451489980931e-01 5.812896e-01
1.100000 11.100000 4.779115985331e-01 -3.157453818504e-01 5.727955e-01
1.100000 11.125000 4.897207149492e-01 -2.883948508348e-01 5.683291e-01
1.100000 11.150000 5.028934581287e-01 -2.631836004499e-01 5.675980e-01
1.100000 11.175000 5.171653627425e-01 -2.401636600082e-01 5.702093e-01
1.100000 11.200000 5.322745169668e-01 -2.193535918251e-01 5.757015e-01
1.100000 11.225000 5.479661038212e-01 -2.007399176922e-01 5.835781e-01
1.100000 11.250000 5.639965644401e-01 -1.842792011999e-01 5.933388e-01
1.100000 11.275000 5.801372850502e-01 -1.699006950067e-01 6.045044e-01
1.100000 11.300000 5.961777311586e-01 -1.575094476135e-01 6.166337e-01
1.100000 11.325000 6.119279760859e-01 -1.469897549468e-01 6.293344e-01
1.100000 11.350000 6.272205951755e-01 -1.382088382058e-01 6.422674e-01
1.100000 11.375000 6.419119205448e-01 -1.310206307631e-01 6.551468e-01
1.100000 11.400000 6.558826729857e-01 -1.252695629239e-01 6.677384e-01
1.100000 11.425000 6.690380066809e-01 -1.207942433146e-01 6.798552e-01
1.100000 11.450000 6.813070181148e-01 -1.174309486899e-01 6.913532e-01
1.100000 11.475000 6.926417825328e-01 -1.150168490568e-01 7.021264e-01
1.100000 11.500000 7.030159894208e-01 -1.133929112268e-01 7.121021e-01
1.100000 11.525000 7.124232528349e-01 -1.124064403184e-01 7.212365e-01
1.100000 11.550000 7.208751733365e-01 -1.119132345327e-01 7.295105e-01
1.100000 11.575000 7.283992262322e-01 -1.117793430760e-01 7.369261e-01
1.100000 11.600000 7.350365463398e-01 -1.118824299240e-01 7.435028e-01
1.100000 11.625000 7.408396732049e-01 -1.121127569240e-01 7.492748e-01
1.100000 11.650000 7.458703131716e-01 -1.123738083692e-01 7.542880e-01
1.100000 11.675000 7.501971665150e-01 -1.125825856896e-01 7.585978e-01
1.100000 11.700000 7.538938594558e-01 -1.126696053837e-01 7.622666e-01
1.100000 11.725000 7.570370126879e-01 -1.125786360166e-01 7.653620e-01
1.100000 11.750000 7.597044703489e-01 -1.122662112559e-01 7.679548e-01
1.100000 11.775000 7.619737063581e-01 -1.117009558285e-01 7.701175e-01
1.100000 11.800000 7.639204188406e-01 -1.108627602219e-01 7.719229e-01
1.100000 11.825000 7.656173180037e-01 -1.097418381970e-01 7.734424e-01
1.100000 11.850000 7.671331083082e-01 -1.083376989580e-01 7.747453e-01
1.100000 11.875000 7.685316620320e-01 -1.066580633350e-01 7.758975e-01
1.100000 11.900000 7.698713782649e-01 -1.047177507198e-01 7.769606e-01
1.100000 11.925000 7.712047189122e-01 -1.025375608801e-01 7.779914e-01
1.100000 11.950000 7.725779113074e-01 -1.001431722244e-01 7.790413e-01
1.100000 11.975000 7.740308054411e-01 -9.756407564384e-02 7.801554e-01
1.100000 12.000000 7.755968725204e-01 -9.483256072906e-02 7.813730e-01
1.100000 12.025000 7.773033304926e-01 -9.198276893235e-02 7.827268e-01
1.100000 12.050000 7.791713812543e-01 -8.904982609284e-02 7.842435e-01
1.100000 12.075000 7.812165434759e-01 -8.606906462108e-02 7.859435e-01
1.100000 12.100000 7.834490642978e-01 -8.307534349652e-02 7.878413e-01
1.100000 12.125000 7.858743926057e-01 -8.010247203081e-02 7.899462e-01
1.100000 12.150000 7.884936962021e-01 -7.718274104717e-02 7.922623e-01
1.100000 12.175000 7.913044050127e-01 -7.434656270895e-02 7.947893e-01
1.100000 12.200000 7.943007625609e-01 -7.162221769092e-02 7.975233e-01
1.100000 12.225000 7.974743683814e-01 -6.903570576439e-02 8.004569e-01
1.100000 12.250000 8.008146948901e-01 -6.661069320573e-02 8.035802e-01
1.100000 12.275000 8.043095635323e-01 -6.436854782732e-02 8.068811e-01
1.100000 12.300000 8.079455668260e-01 -6.232844996910e-02 8.103461e-01
1.100000 12.325000 8.117084251964e-01 -6.050756559932e-02 8.139605e-01
1.100000 12.350000 8.155832702419e-01 -5.892126587792e-02 8.177089e-01
1.100000 12.375000 8.195548491785e-01 -5.758337625691e-02 8.215753e-01
1.100000 12.400000 8.236076486107e-01 -5.650643752839e-02 8.255438e-01
1.100000 12.425000 8.277259393031e-01 -5.570196126109e-02 8.295981e-01
1.100000 12.450000 8.318937471356e-01 -5.518066282940e-02 8.337218e-01
1.100000 12.475000 8.360947587410e-01 -5.495265672853e-02 8.378987e-01
1.100000 12.500000 8.403121732894e-01 -5.502760104582e-02 8.421120e-01
1.100000 12.525000 8.445285143233e-01 -5.541478072764e-02 8.463446e-01
1.100000 12.550000 8.487254173628e-01 -5.612312251539e-02 8.505790e-01
1.100000 12.575000 8.528834100667e-01 -5.716113797735e-02 8.547968e-01
1.100000 12.600000 8.569817020264e-01 -5.853679474719e-02 8.589786e-01
1.100000 12.625000 8.609980007581e-01 -6.025731972932e-02 8.631040e-01
1.100000 12.650000 8.649083691915e-01 -6.232894145703e-02 8.671513e-01
1.100000 12.675000 8.686871379955e-01 -6.475658184278e-02 8.710974e-01
1.100000 12.700000 8.723068835503e-01 -6.754351009571e-02 8.749180e-01
1.100000 12.725000 8.757384793999e-01 -7.069097350259e-02 8.785870e-01
1.100000 12.750000 8.789512257469e-01 -7.419782100479e-02 8.820774e-01
1.100000 12.775000 8.819130581507e-01 -7.806013601835e-02 8.853610e-01
1.100000 12.800000 8.845908332012e-01 -8.227089474950e-02 8.884084e-01
1.100000 12.825000 8.869506857263e-01 -8.681966538167e-02 8.911898e-01
1.100000 12.850000 8.889584491681e-01 -9.169236202617e-02 8.936748e-01
1.100000 12.875000 8.905801282526e-01 -9.687106531704e-02 8.958331e-01
1.100000 12.900000 8.917824110532e-01 -1.023339191073e-01 8.976347e-01
1.100000 12.925000 8.925332060868e-01 -1.080551099975e-01 8.990503e-01
1.100000 12.950000 8.928021891924e-01 -1.140049335322e-01 9.000516e-01
1.100000 12.975000 8.925613446600e-01 -1.201499479479e-01 9.006119e-01
1.100000 13.000000 8.917854853380e-01 -1.264532134773e-01 9.007063e-01
1.100000 13.025000 8.904527372759e-01 -1.328746125095e-01 9.003120e-01
1.100000 13.050000 8.885449757127e-01 -1.393712434687e-01 8.994090e-01
1.100000 13.075000 8.860482008799e-01 -1.458978791822e-01 8.979797e-01
1.100000 13.100000 8.829528440465e-01 -1.524074788105e-01 8.960099e-01
1.100000 13.125000 8.792539963789e-01 -1.588517411411e-01 8.934884e-01
1.100000 13.150000 8.749515554545e-01 -1.651816862102e-01 8.904073e-01
1.100000 13.175000 8.700502865532e-01 -1.713482517994e-01 8.867625e-01
1.100000 13.200000 8.645597980717e-01 -1.773028913216e-01 8.825531e-01
1.100000 13.225000 8.584944325286e-01 -1.829981599300e-01 8.777819e-01
1.100000 13.250000 8.518730765903e-01 -1.883882762868e-01 8.724551e-01
1.100000 13.275000 8.447188953084e-01 -1.934296482835e-01 8.665824e-01
1.100000 13.300000 8.370589973772e-01 -1.980813520413e-01 8.601767e-01
1.100000 13.325000 8.289240395939e-01 -2.023055547257e-01 8.532541e-01
1.100000 13.350000 8.203477799492e-01 -2.060678730340e-01 8.458336e-01
1.100000 13.375000 8.113665898282e-01 -2.093376606664e-01 8.379368e-01
1.100000 13.400000 8.020189366918e-01 -2.120882196561e-01 8.295877e-01
1.100000 13.425000 7.923448493455e-01 -2.142969321244e-01 8.208127e-01
1.100000 13.450000 7.823853784143e-01 -2.159453108507e-01 8.116399e-01
1.100000 13.475000 7.721820649686e-01 -2.170189690032e-01 8.020987e-01
1.100000 13.500000 7.617764302578e-01 -2.175075114564e-01 7.922202e-01
1.100000 13.525000 7.512094992130e-01 -2.174043522990e-01 7.820360e-01
1.100000 13.550000 7.405213696918e-01 -2.167064653467e-01 7.715786e-01
1.100000 13.575000 7.297508383136e-01 -2.154140766586e-01 7.608807e-01
1.100000 13.600000 7.189350921597e-01 -2.135303101003e-01 7.499752e-01
1.100000 13.625000 7.081094735691e-01 -2.110607987943e-01 7.388949e-01
1.100000 13.650000 6.973073228045e-01 -2.080132767258e-01 7.276723e-01
1.100000 13.675000 6.865599005388e-01 -2.043971657108e-01 7.163398e-01
1.100000 13.700000 6.758963890501e-01 -2.002231732796e-01 7.049293e-01
1.100000 13.725000 6.653439678391e-01 -1.955029167146e-01 6.934724e-01
1.100000 13.750000 6.549279562527e-01 -1.902485874563e-01 6.820008e-01
1.100000 13.775000 6.446720128043e-01 -1.844726683739e-01 6.705462e-01
1.100000 13.800000 6.345983783716e-01 -1.781877140404e-01 6.591403e-01
1.100000 13.825000 6.247281484985e-01 -1.714062012388e-01 6.478158e-01
1.100000 13.850000 6.150815587499e-01 -1.641404536222e-01 6.366062e-01
1.100000 13.875000 6.056782665542e-01 -1.564026409039e-01 6.255461e-01
1.100000 13.900000 5.965376132545e-01 -1.482048493559e-01 6.146721e-01
1.100000 13.925000 5.876788511759e-01 -1.395592169529e-01 6.040225e-01
1.100000 13.950000 5.791213223406e-01 -1.304781233669e-01 5.936380e-01
1.100000 13.975000 5.708845779171e-01 -1.209744223881e-01 5.835615e-01
1.100000 14.000000 5.629884304599e-01 -1.110617023215e-01 5.738385e-01
1.100000 14.025000 5.554529343019e-01 -1.007545585885e-01 5.645170e-01
1.100000 14.050000 5.482982929485e-01 -9.006886219664e-02 5.556468e-01
1.100000 14.075000 5.415446958144e-01 -7.902200792098e-02 5.472798e-01
1.100000 14.100000 5.352120899798e-01 -6.763312695352e-02 5.394685e-01
1.100000 14.125000 5.293198956864e-01 -5.592325033663e-02 5.322659e-01
1.100000 14.150000 5.238866769129e-01 -4.391541163387e-02 5.257241e-01
1.100000 14.175000 5.189297804861e-01 -3.163467988063e-02 5.198931e-01
1.100000 14.200000 5.144649587220e-01 -1.910811679360e-02 5.148197e-01
1.100000 14.225000 5.105059914996e-01 -6.364655372750e-03 5.105457e-01
1.100000 14.250000 5.070643239572e-01 6.565099718033e-03 5.071068e-01
1.100000 14.275000 5.041487356339e-01 1.964914637614e-02 5.045315e-01
1.100000 14.300000 5.017650559058e-01 3.285442718290e-02 5.028395e-01
1.100000 14.325000 4.999159390052e-01 4.614722987011e-02 5.020413e-01
1.100000 14.350000 4.986007098322e-01 5.949363408216e-02 5.021376e-01
1.100000 14.375000 4.978152892258e-01 7.285999033243e-02 5.031189e-01
1.100000 14.400000 4.975522044520e-01 8.621341552973e-02 5.049663e-01
1.100000 14.425000 4.978006874975e-01 9.952228852118e-02 5.076517e-01
1.100000 14.450000 4.985468604309e-01 1.127567288180e-01 5.111390e-01
1.100000 14.475000 4.997740037646e-01 1.258890420651e-01 5.153854e-01
1.100000 14.500000 5.014629005393e-01 1.388941168876e-01 5.203428e-01
1.100000 14.525000 5.035922459077e-01 1.517497594642e-01 5.259593e-01
1.100000 14.550000 5.061391094660e-01 1.644369544842e-01 5.321807e-01
1.100000 14.575000 5.090794355697e-01 1.769400439350e-01 5.389524e-01
1.100000 14.600000 5.123885655015e-01 1.892468183330e-01 5.462201e-01
1.100000 14.625000 5.160417646841e-01 2.013485183920e-01 5.539317e-01
1.100000 14.650000 5.200147382159e-01 2.132397485638e-01 5.620378e-01
1.100000 14.675000 5.242841188075e-01 2.249183072128e-01 5.704928e-01
1.100000 14.700000 5.288279127092e-01 2.363849412387e-01 5.792554e-01
1.100000 14.725000 5.336258913448e-01 2.476430355805e-01 5.882888e-01
1.100000 14.750000 5.386599189702e-01 2.586982500971e-01 5.975611e-01
1.100000 14.775000 5.439142096533e-01 2.695581177348e-01 6.070455e-01
1.100000 14.800000 5.493755100121e-01 2.802316185868e-01 6.167197e-01
1.100000 14.825000 5.550332073334e-01 2.907287444272e-01 6.265661e-01
1.100000 14.850000 5.608793657014e-01 3.010600675646e-01 6.365711e-01
1.100000 14.875000 5.669086954879e-01 3.112363264909e-01 6.467252e-01
1.100000 14.900000 5.731184638194e-01 3.212680388730e-01 6.570220e-01
1.100000 14.925000 5.795083553514e-01 3.311651500992e-01 6.674581e-01
1.100000 14.950000 5.860802937638e-01 3.409367229658e-01 6.780324e-01
1.100000 14.975000 5.928382348038e-01 3.505906713542e-01 6.887460e-01
1.100000 15.000000 5.997879414333e-01 3.601335380510e-01 6.996011e-01
1.100000 15.025000 6.069367507298e-01 3.695703143726e-01 7.106015e-01
1.100000 15.050000 6.142933407022e-01 3.789042971151e-01 7.217512e-01
1.100000 15.075000 6.218675032248e-01 3.881369766902e-01 7.330549e-01
1.100000 15.100000 6.296699269833e-01 3.972679492366e-01 7.445173e-01
1.100000 15.125000 6.377119918352e-01 4.062948450835e-01 7.561429e-01
1.100000 15.150000 6.460055734681e-01 4.152132662259e-01 7.679357e-01
1.100000 15.175000 6.545628548799e-01 4.240167264441e-01 7.798992e-01
1.100000 15.200000 6.633961391828e-01 4.326965893178e-01 7.920358e-01
1.100000 15.225000 6.725176567071e-01 4.412420015449e-01 8.043473e-01
1.100000 15.250000 6.819393584941e-01 4.496398215507e-01 8.168337e-01
1.100000 15.275000 6.916726881373e-01 4.578745461847e-01 8.294939e-01
1.100000 15.300000 7.017283245958e-01 4.659282411517e-01 8.423252e-01
1.100000 15.325000 7.121158900971e-01 4.737804834894e-01 8.553227e-01
1.100000 15.350000 7.228436195006e-01 4.814083266681e-01 8.684796e-01
1.100000 15.375000 7.339179903970e-01 4.887863005438e-01 8.817866e-01
1.100000 15.400000 7.453433166220e-01 4.958864592630e-01 8.952318e-01
1.100000 15.425000 7.571213115275e-01 5.026784901688e-01 9.088005e-01
1.100000 15.450000 7.692506310541e-01 5.091298957306e-01 9.224748e-01
1.100000 15.475000 7.817264100980e-01 5.152062584933e-01 9.362338e-01
1.100000 15.500000 7.945398086294e-01 5.208715961213e-01 9.500530e-01
1.100000 15.525000 8.076775862232e-01 5.260888099009e-01 9.639048e-01
1.100000 15.550000 8.211217249550e-01 5.308202258101e-01 9.777581e-01
1.100000 15.575000 8.348491208325e-01 5.350282226882e-01 9.915787e-01
1.100000 15.600000 8.488313630230e-01 5.386759374414e-01 1.005329e+00
1.100000 15.625000 8.630346181472e-01 5.417280328952e-01 1.018969e+00
1.100000 15.650000 8.774196338951e-01 5.441515101130e-01 1.032456e+00
1.100000 15.675000 8.919418723968e-01 5.459165439940e-01 1.045746e+00
1.100000 15.700000 9.065517793503e-01 5.469973189127e-01 1.058793e+00
1.100000 15.725000 9.211951901478e-01 5.473728401762e-01 1.071549e+00
1.100000 15.750000 9.358138694275e-01 5.470276971846e-01 1.083968e+00
1.100000 15.775000 9.503461758874e-01 5.459527553444e-01 1.096003e+00
1.100000 15.800000 9.647278400729e-01 5.441457558641e-01 1.107608e+00
1.100000 15.825000 9.788928393719e-01 5.416118054130e-01 1.118738e+00
1.100000 15.850000 9.927743517745e-01 5.383637409970e-01 1.129352e+00
1.100000 15.875000 1.006305768112e+00 5.344223590988e-01 1.139411e+00
1.100000 15.900000 1.019421741500e+00 5.298165018937e-01 1.148880e+00
1.100000 15.925000 1.032059252486e+00 5.245829969934e-01 1.157728e+00
1.100000 15.950000 1.044158668827e+00 5.187664505229e-01 1.165927e+00
1.100000 15.975000 1.055664779759e+00 5.124188962872e-01 1.173457e+00
1.100000 16.000000 1.066527785874e+00 5.055993062804e-01 1.180302e+00
1.100000 16.025000 1.076704227167e+00 4.983729698360e-01 1.186452e+00
1.100000 16.050000 1.086157833276e+00 4.908107503617e-01 1.191904e+00
1.100000 16.075000 1.094860281352e+00 4.829882299300e-01 1.196661e+00
1.100000 16.100000 1.102791848261e+00 4.749847531319e-01 1.200733e+00
1.100000 16.125000 1.109941944973e+00 4.668823826472e-01 1.204139e+00
1.100000 16.150000 1.116309522017e+00 4.587647800552e-01 1.206902e+00
1.100000 16.175000 1.121903335910e+00 4.507160265903e-01 1.209054e+00
1.100000 16.200000 1.126742067555e+00 4.428193998729e-01 1.210635e+00
1.100000 16.225000 1.130854284864e+00 4.351561241283e-01 1.211690e+00
1.100000 16.250000 1.134278243511e+00 4.278041129955e-01 1.212272e+00
1.100000 16.275000 1.137061521629e+00 4.208367256419e-01 1.212441e+00
1.100000 16.300000 1.139260486846e+00 4.143215584118e-01 1.212261e+00
1.100000 16.325000 1.140939596928e+00 4.083192954998e-01 1.211804e+00
1.100000 16.350000 1.142170538861e+00 4.028826429928e-01 1.211143e+00
1.100000 16.375000 1.143031215026e+00 3.980553709061e-01 1.210359e+00
1.100000 16.400000 1.143604589357e+00 3.938714874008e-01 1.209531e+00
1.100000 16.425000 1.143977410708e+00 3.903545681075e-01 1.208744e+00
1.100000 16.450000 1.144238834954e+00 3.875172613054e-01 1.208078e+00
1.100000 16.475000 1.144478971414e+00 3.853609866038e-01 1.207616e+00
1.100000 16.500000 1.144787382718e+00 3.838758407734e-01 1.207435e+00
1.100000 16.525000 1.145251570131e+00 3.830407195611e-01 1.207610e+00
1.100000 16.550000 1.145955478278e+00 3.828236588443e-01 1.208209e+00
1.100000 16.575000 1.146978054142e+00 3.831823925343e-01 1.209292e+00
1.100000 16.600000 1.148391894889e+00 3.840651184471e-01 1.210913e+00
1.100000 16.625000 1.150262017587e+00 3.854114572039e-01 1.213114e+00
1.100000 16.650000 1.152644781113e+00 3.871535833631e-01 1.215927e+00
1.100000 16.675000 1.155586986637e+00 3.892175027002e-01 1.219373e+00
1.100000 16.700000 1.159125178137e+00 3.915244451005e-01 1.223463e+00
1.100000 16.725000 1.163285158626e+00 3.939923391126e-01 1.228195e+00
1.100000 16.750000 1.168081731451e+00 3.965373320130e-01 1.233555e+00
1.100000 16.775000 1.173518669359e+00 3.990753183416e-01 1.239519e+00
1.100000 16.800000 1.179588907388e+00 4.015234403204e-01 1.246054e+00
1.100000 16.825000 1.186274949298e+00 4.038015253326e-01 1.253118e+00
1.100000 16.850000 1.193549471474e+00 4.058334285831e-01 1.260659e+00
1.100000 16.875000 1.201376103271e+00 4.075482530357e-01 1.268621e+00
1.100000 16.900000 1.209710358814e+00 4.088814234719e-01 1.276943e+00
1.100000 16.925000 1.218500692435e+00 4.097755968052e-01 1.285558e+00
1.100000 16.950000 1.227689648249e+00 4.101813963152e-01 1.294400e+00
1.100000 16.975000 1.237215073886e+00 4.100579629738e-01 1.303399e+00
1.100000 17.000000 1.247011368935e+00 4.093733222673e-01 1.312488e+00
1.100000 17.025000 1.257010740151e+00 4.081045696589e-01 1.321600e+00
1.100000 17.050000 1.267144437676e+00 4.062378819327e-01 1.330671e+00
1.100000 17.075000 1.277343949299e+00 4.037683650040e-01 1.339640e+00
1.100000 17.100000 1.287542132790e+00 4.006997513530e-01 1.348453e+00
1.100000 17.125000 1.297674269531e+00 3.970439620441e-01 1.357057e+00
1.100000 17.150000 1.307679025737e+00 3.928205494261e-01 1.365406e+00
1.100000 17.175000 1.317499310444e+00 3.880560371683e-01 1.373460e+00
1.100000 17.200000 1.327083022024e+00 3.827831744223e-01 1.381185e+00
1.100000 17.225000 1.336383677254e+00 3.770401207381e-01 1.388553e+00
1.100000 17.250000 1.345360918918e+00 3.708695780564e-01 1.395543e+00
1.100000 17.275000 1.353980899595e+00 3.643178857331e-01 1.402138e+00
1.100000 17.300000 1.362216540782e+00 3.574340942193e-01 1.408330e+00
1.100000 17.325000 1.370047667942e+00 3.502690327412e-01 1.414114e+00
1.100000 17.350000 1.377461023418e+00 3.428743861092e-01 1.419493e+00
1.100000 17.375000 1.384450160701e+00 3.353017955651e-01 1.424475e+00
1.100000 17.400000 1.391015225110e+00 3.276019983160e-01 1.429072e+00
1.100000 17.425000 1.397162627725e+00 3.198240199764e-01 1.433301e+00
1.100000 17.450000 1.402904621317e+00 3.120144334900e-01 1.437183e+00
1.100000 17.475000 1.408258788969e+00 3.042166971086e-01 1.440743e+00
1.100000 17.500000 1.413247458073e+00 2.964705826368e-01 1.444009e+00
1.100000 17.525000 1.417897054223e+00 2.888117033414e-01 1.447012e+00
1.100000 17.550000 1.422237411140e+00 2.812711486884e-01 1.449784e+00
1.100000 17.575000 1.426301054017e+00 2.738752304421e-01 1.452358e+00
1.100000 17.600000 1.430122474466e+00 2.666453417035e-01 1.454768e+00
1.100000 17.625000 1.433737415422e+00 2.595979272949e-01 1.457050e+00
1.100000 17.650000 1.437182183980e+00 2.527445606365e-01 1.459237e+00
1.100000 17.675000 1.440493009038e+00 2.460921190623e-01 1.461363e+00
1.100000 17.700000 1.443705458861e+00 2.396430465339e-01 1.463460e+00
1.100000 17.725000 1.446853931377e+00 2.333956900928e-01 1.465558e+00
1.100000 17.750000 1.449971227106e+00 2.273446942701e-01 1.467686e+00
1.100000 17.775000 1.453088211367e+00 2.214814361766e-01 1.469871e+00
1.100000 17.800000 1.456233568872e+00 2.157944832023e-01 1.472136e+00
1.100000 17.825000 1.459433650151e+00 2.102700552187e-01 1.474503e+00
1.100000 17.850000 1.462712405705e+00 2.048924739127e-01 1.476993e+00
1.100000 17.875000 1.466091400436e+00 1.996445833606e-01 1.479622e+00
1.100000 17.900000 1.469589897991e+00 1.945081281045e-01 1.482406e+00
1.100000 17.925000 1.473225002297e+00 1.894640777163e-01 1.485358e+00
1.100000 17.950000 1.477011841839e+00 1.844928899907e-01 1.488490e+00
1.100000 17.975000 1.480963781341e+00 1.795747083247e-01 1.491811e+00
1.100000 18.000000 1.485092645344e+00 1.746894923420e-01 1.495332e+00
1.100000 18.025000 1.489408938859e+00 1.698170842025e-01 1.499059e+00
1.100000 18.050000 1.493922051687e+00 1.649372161233e-01 1.502999e+00
1.100000 18.075000 1.498640435081e+00 1.600294672376e-01 1.507160e+00
1.100000 18.100000 1.503571742004e+00 1.550731799007e-01 1.511547e+00
1.100000 18.125000 1.508722925171e+00 1.500473467948e-01 1.516166e+00
1.100000 18.150000 1.514100290151e+00 1.449304806365e-01 1.521021e+00
1.100000 18.175000 1.519709503780e+00 1.397004779383e-01 1.526117e+00
1.100000 18.200000 1.525555560888e+00 1.343344871698e-01 1.531459e+00
1.100000 18.225000 1.531642714568e+00 1.288087899115e-01 1.537049e+00
1.100000 18.250000 1.537974376865e+00 1.230987013512e-01 1.542893e+00
1.100000 18.275000 1.544552997618e+00 1.171784939244e-01 1.548992e+00
1.100000 18.300000 1.551379929324e+00 1.110213452774e-01 1.555347e+00
1.100000 18.325000 1.558455285172e+00 1.045993092516e-01 1.561962e+00
1.100000 18.350000 1.565777796009e+00 9.788330647655e-02 1.568834e+00
1.100000 18.375000 1.573344670037e+00 9.084312959974e-02 1.575965e+00
1.100000 18.400000 1.581151456675e+00 8.344745732936e-02 1.583352e+00
1.100000 18.425000 1.589191913449e+00 7.566387140453e-02 1.590992e+00
1.100000 18.450000 1.597457872338e+00 6.745887136838e-02 1.598882e+00
1.100000 18.475000 1.605939099777e+00 5.879788356417e-02 1.607015e+00
1.100000 18.500000 1.614623142862e+00 4.964526298064e-02 1.615386e+00
1.100000 18.525000 1.623495153340e+00 3.996428930653e-02 1.623987e+00
1.100000 18.550000 1.632537680764e+00 2.971716157610e-02 1.632808e+00
1.100000 18.575000 1.641730426980e+00 1.886499889153e-02 1.641839e+00
1.100000 18.600000 1.651049955686e+00 7.367857632213e-03 1.651066e+00
1.100000 18.625000 1.660469353276e+00 -4.815221924447e-03 1.660476e+00
1.100000 18.650000 1.669957840322e+00 -1.772612474195e-02 1.670052e+00
1.100000 18.675000 1.679480336728e+00 -3.140750998254e-02 1.679774e+00
1.100000 18.700000 1.688996987589e+00 -4.590258362473e-02 1.689621e+00
1.100000 18.725000 1.698462660900e+00 -6.125477933276e-02 1.699567e+00
1.100000 18.750000 1.707826432199e+00 -7.750733386805e-02 1.709584e+00
1.100000 18.775000 1.717031074887e+00 -9.470274596252e-02 1.719641e+00
1.100000 18.800000 1.726012577974e+00 -1.128821109807e-01 1.729700e+00
1.100000 18.825000 1.734699715427e+00 -1.320843277969e-01 1.739721e+00
1.100000 18.850000 1.743013692745e+00 -1.523451788932e-01 1.749659e+00
1.100000 18.875000 1.750867897081e+00 -1.736962895887e-01 1.759463e+00
1.100000 18.900000 1.758167776845e+00 -1.961639773373e-01 1.769077e+00
1.100000 18.925000 1.764810875475e+00 -2.197680070008e-01 1.778442e+00
1.100000 18.950000 1.770687041895e+00 -2.445202727461e-01 1.787491e+00
1.100000 18.975000 1.775678837123e+00 -2.704234315666e-01 1.796153e+00
1.100000 19.000000 1.779662152757e+00 -2.974695172613e-01 1.804352e+00
1.100000 19.025000 1.782507052611e+00 -3.256385668957e-01 1.812008e+00
1.100000 19.050000 1.784078843836e+00 -3.548972942351e-01 1.819035e+00
1.100000 19.075000 1.784239378493e+00 -3.851978462922e-01 1.825346e+00
1.100000 19.100000 1.782848580906e+00 -4.164766799428e-01 1.830847e+00
1.100000 19.125000 1.779766190405e+00 -4.486535954771e-01 1.835445e+00
1.100000 19.150000 1.774853703261e+00 -4.816309629851e-01 1.839042e+00
1.100000 19.175000 1.767976492067e+00 -5.152931756283e-01 1.841540e+00
1.100000 19.200000 1.759006075484e+00 -5.495063611604e-01 1.842840e+00
1.100000 19.225000 1.747822506384e+00 -5.841183795991e-01 1.842845e+00
1.100000 19.250000 1.734316842012e+00 -6.189591307957e-01 1.841457e+00
1.100000 19.275000 1.718393656062e+00 -6.538411908967e-01 1.838582e+00
1.100000 19.300000 1.699973549453e+00 -6.885607914699e-01 1.834128e+00
1.100000 19.325000 1.678995614201e+00 -7.228991494790e-01 1.828007e+00
1.100000 19.350000 1.655419803168e+00 -7.566241504732e-01 1.820136e+00
1.100000 19.375000 1.629229157481e+00 -7.894923813976e-01 1.810438e+00
1.100000 19.400000 1.600431843151e+00 -8.212515034219e-01 1.798843e+00
1.100000 19.425000 1.569062948690e+00 -8.516429491827e-01 1.785288e+00
1.100000 19.450000 1.535185996409e+00 -8.804049228358e-01 1.769720e+00
1.100000 19.475000 1.498894121382e+00 -9.072756753429e-01 1.752094e+00
1.100000 19.500000 1.460310873904e+00 -9.319970213660e-01 1.732376e+00
1.100000 19.525000 1.419590603577e+00 -9.543180580147e-01 1.710544e+00
1.100000 19.550000 1.376918386059e+00 -9.739990393515e-01 1.686588e+00
1.100000 19.575000 1.332509457154e+00 -9.908153540147e-01 1.660511e+00
1.100000 19.600000 1.286608123440e+00 -1.004561546519e+00 1.632331e+00
1.100000 19.625000 1.239486124346e+00 -1.015055315846e+00 1.602081e+00
1.100000 19.650000 1.191440427672e+00 -1.022141417969e+00 1.569810e+00
1.100000 19.675000 1.142790449363e+00 -1.025695392219e+00 1.535585e+00
1.100000 19.700000 1.093874698968e+00 -1.025627025364e+00 1.499491e+00
1.100000 19.725000 1.045046864904e+00 -1.021883462268e+00 1.461632e+00
1.100000 19.750000 9.966713683224e-01 -1.014451868790e+00 1.422134e+00
1.100000 19.775000 9.491184308523e-01 -1.003361551663e+00 1.381145e+00
1.100000 19.800000 9.027587195500e-01 -9.886854421936e-01 1.338832e+00
1.100000 19.825000 8.579576512414e-01 -9.705408563356e-01 1.295392e+00
1.100000 19.850000 8.150694575436e-01 -9.490894534907e-01 1.251043e+00
1.100000 19.875000 7.744311301018e-01 -9.245363306015e-01 1.206031e+00
1.100000 19.900000 7.363563819421e-01 -8.971282068354e-01 1.160629e+00
1.100000 19.925000 7.011297741506e-01 -8.671506771508e-01 1.115138e+00
1.100000 19.950000 6.690011661756e-01 -8.349245398369e-01 1.069889e+00
1.100000 19.975000 6.401806518457e-01 -8.008012328056e-01 1.025238e+00
1.100000 20.000000 6.148341408328e-01 -7.651574448922e-01 9.815737e-01
1.100000 20.025000 5.930797361575e-01 -7.283890002453e-01 9.393051e-01
1.100000 20.050000 5.749850421974e-01 -6.909041444637e-01 8.988639e-01
1.100000 20.075000 5.605655146835e-01 -6.531163887865e-01 8.606943e-01
1.100000 20.100000 5.497839349582e-01 -6.154370916975e-01 8.252425e-01
1.100000 20.125000 5.425510563677e-01 -5.782679742472e-01 7.929410e-01
1.100000 20.150000 5.387274324851e-01 -5.419937749777e-01 7.641888e-01
1.100000 20.175000 5.381263966739e-01 -5.069752516731e-01 7.393267e-01
1.100000 20.200000 5.405181222495e-01 -4.735427298195e-01 7.186115e-01
1.100000 20.225000 5.456346542313e-01 -4.419903817290e-01 7.021913e-01
1.100000 20.250000 5.531757693909e-01 -4.125713963381e-01 6.900859e-01
1.100000 20.275000 5.628154928010e-01 -3.854941688474e-01 6.821782e-01
1.100000 20.300000 5.742090778480e-01 -3.609196031152e-01 6.782175e-01
1.100000 20.325000 5.870002437569e-01 -3.389595799317e-01 6.778369e-01
1.100000 20.350000 6.008284606327e-01 -3.196766030119e-01 6.805791e-01
1.100000 20.375000 6.153360768793e-01 -3.030845938880e-01 6.859291e-01
1.100000 20.400000 6.301750970843e-01 -2.891507688832e-01 6.933461e-01
1.100000 20.425000 6.450134390773e-01 -2.777984978164e-01 7.022922e-01
1.100000 20.450000 6.595405254529e-01 -2.689110164931e-01 7.122548e-01
1.100000 20.475000 6.734720957391e-01 -2.623358444194e-01 7.227619e-01
1.100000 20.500000 6.865541587117e-01 -2.578897460891e-01 7.333919e-01
1.100000 20.525000 6.985660382597e-01 -2.553640686970e-01 7.437777e-01
1.100000 20.550000 7.093224989418e-01 -2.545302908269e-01 7.536074e-01
1.100000 20.575000 7.186749674223e-01 -2.551456247323e-01 7.626224e-01
1.100000 20.600000 7.265118921270e-01 -2.569585281743e-01 7.706148e-01
1.100000 20.625000 7.327583049260e-01 -2.597139990649e-01 7.774227e-01
1.100000 20.650000 7.373746649764e-01 -2.631585460218e-01 7.829264e-01
1.100000 20.675000 7.403550760208e-01 -2.670447489785e-01 7.870442e-01
1.100000 20.700000 7.417249747495e-01 -2.711353450198e-01 7.897280e-01
1.100000 20.725000 7.415383898237e-01 -2.752067945806e-01 7.909602e-01
1.100000 20.750000 7.398748696159e-01 -2.790523013246e-01 7.907497e-01
1.100000 20.775000 7.368361724295e-01 -2.824842749218e-01 7.891292e-01
1.100000 20.800000 7.325428068088e-01 -2.853362393621e-01 7.861525e-01
1.100000 20.825000 7.271305022281e-01 -2.874642004164e-01 7.818916e-01
1.100000 20.850000 7.207466826538e-01 -2.887474945845e-01 7.764347e-01
1.100000 20.875000 7.135470076111e-01 -2.890891486850e-01 7.698843e-01
1.100000 20.900000 7.056920377842e-01 -2.884157845313e-01 7.623548e-01
1.100000 20.925000 6.973440749507e-01 -2.866771072608e-01 7.539712e-01
1.100000 20.950000 6.886642191919e-01 -2.838450191766e-01 7.448667e-01
1.100000 20.975000 6.798096797522e-01 -2.799124036285e-01 7.351817e-01
1.100000 21.000000 6.709313694849e-01 -2.748916256578e-01 7.250616e-01
1.100000 21.025000 6.621718063988e-01 -2.688127978555e-01 7.146550e-01
1.100000 21.050000 6.536633392908e-01 -2.617218611101e-01 7.041123e-01
1.100000 21.075000 6.455267077821e-01 -2.536785305179e-01 6.935831e-01
1.100000 21.100000 6.378699402935e-01 -2.447541565809e-01 6.832149e-01
1.100000 21.125000 6.307875867010e-01 -2.350295508001e-01 6.731507e-01
1.100000 21.150000 6.243602757658e-01 -2.245928228077e-01 6.635267e-01
1.100000 21.175000 6.186545811225e-01 -2.135372732482e-01 6.544705e-01
1.100000 21.200000 6.137231738521e-01 -2.019593827594e-01 6.460989e-01
1.100000 21.225000 6.096052346291e-01 -1.899569327332e-01 6.385156e-01
1.100000 21.250000 6.063270942904e-01 -1.776272882010e-01 6.318101e-01
1.100000 21.275000 6.039030685085e-01 -1.650658674044e-01 6.260556e-01
1.100000 21.300000 6.023364501003e-01 -1.523648165621e-01 6.213085e-01
1.100000 21.325000 6.016206213729e-01 -1.396119022475e-01 6.176074e-01
1.100000 21.350000 6.017402486999e-01 -1.268896278061e-01 6.149734e-01
1.100000 21.375000 6.026725221731e-01 -1.142745745108e-01 6.134108e-01
1.100000 21.400000 6.043884045687e-01 -1.018369627624e-01 6.129079e-01
1.100000 21.425000 6.068538558894e-01 -8.964042365269e-02 6.134387e-01
1.100000 21.450000 6.100310023377e-01 -7.774196663654e-02 6.149647e-01
1.100000 21.475000 6.138792216481e-01 -6.619212492726e-02 6.174375e-01
1.100000 21.500000 6.183561202519e-01 -5.503525653705e-02 6.208004e-01
1.100000 21.525000 6.234183817273e-01 -4.430997566747e-02 6.249911e-01
1.100000 21.550000 6.290224704156e-01 -3.404968645139e-02 6.299434e-01
1.100000 21.575000 6.351251789268e-01 -2.428318894381e-02 6.355892e-01
1.100000 21.600000 6.416840134958e-01 -1.503532584828e-02 6.418601e-01
1.100000 21.625000 6.486574167014e-01 -6.327637868955e-03 6.486883e-01
1.100000 21.650000 6.560048328178e-01 1.821004089105e-03 6.560074e-01
1.100000 21.675000 6.636866268609e-01 9.393820285418e-03 6.637531e-01
1.100000 21.700000 6.716638740248e-01 1.637562503018e-02 6.718635e-01
1.100000 21.725000 6.798980414278e-01 2.275243547455e-02 6.802786e-01
1.100000 21.750000 6.883505886597e-01 2.851120605664e-02 6.889408e-01
1.100000 21.775000 6.969825172792e-01 3.363970277569e-02 6.977939e-01
1.100000 21.800000 7.057539019490e-01 3.812652513058e-02 7.067830e-01
1.100000 21.825000 7.146234370994e-01 4.196127670500e-02 7.158543e-01
1.100000 21.850000 7.235480328146e-01 4.513487830719e-02 7.249544e-01
1.100000 21.875000 7.324824919298e-01 4.764001058915e-02 7.340301e-01
1.100000 21.900000 7.413792972082e-01 4.947166650788e-02 7.430281e-01
1.100000 21.925000 7.501885329944e-01 5.062778815717e-02 7.518949e-01
1.100000 21.950000 7.588579601170e-01 5.110995767150e-02 7.605772e-01
1.100000 21.975000 7.673332562846e-01 5.092410830616e-02 7.690212e-01
1.100000 22.000000 7.755584270289e-01 5.008121960610e-02 7.771737e-01
1.100000 22.025000 7.834763847473e-01 4.859795988033e-02 7.849822e-01
1.100000 22.050000 7.910296858614e-01 4.649724004220e-02 7.923951e-01
1.100000 22.075000 7.981614088712e-01 4.380864521825e-02 7.993628e-01
1.100000 22.100000 8.048161494321e-01 4.056871428064e-02 8.058380e-01
1.100000 22.125000 8.109411027689e-01 3.682104247515e-02 8.117766e-01
1.100000 22.150000 8.164871990214e-01 3.261618840163e-02 8.171384e-01
1.100000 22.175000 8.214102536405e-01 2.801137353298e-02 8.218877e-01
1.100000 22.200000 8.256720928992e-01 2.306996996824e-02 8.259943e-01
1.100000 22.225000 8.292416140149e-01 1.786077993001e-02 8.294339e-01
1.100000 22.250000 8.320957403389e-01 1.245711833299e-02 8.321890e-01
1.100000 22.275000 8.342202345546e-01 6.935717281556e-03 8.342491e-01
1.100000 22.300000 8.356103367282e-01 1.375478297257e-03 8.356115e-01
1.100000 22.325000 8.362711992702e-01 -4.143895844193e-03 8.362815e-01
1.100000 22.350000 8.362180971831e-01 -9.543352811482e-03 8.362726e-01
1.100000 22.375000 8.354763991504e-01 -1.474598544548e-02 8.356065e-01
1.100000 22.400000 8.340812927866e-01 -1.967852681874e-02 8.343134e-01
1.100000 22.425000 8.320772653983e-01 -2.427280230144e-02 8.324312e-01
1.100000 22.450000 8.295173495744e-01 -2.846709624567e-02 8.300057e-01
1.100000 22.475000 8.264621505050e-01 -3.220739335809e-02 8.270895e-01
1.100000 22.500000 8.229786788405e-01 -3.544845867078e-02 8.237418e-01
1.100000 22.525000 8.191390188482e-01 -3.815472505076e-02 8.200271e-01
1.100000 22.550000 8.150188664479e-01 -4.030096317155e-02 8.160147e-01
1.100000 22.575000 8.106959752301e-01 -4.187271551711e-02 8.117766e-01
1.100000 22.600000 8.062485507523e-01 -4.286648302266e-02 8.073873e-01
1.100000 22.625000 8.017536342487e-01 -4.328966007808e-02 8.029215e-01
1.100000 22.650000 7.972855164647e-01 -4.316022058016e-02 7.984529e-01
1.100000 22.675000 7.929142207511e-01 -4.250616429311e-02 7.940527e-01
1.100000 22.700000 7.887040919783e-01 -4.136473879166e-02 7.897881e-01
1.100000 22.725000 7.847125244332e-01 -3.978145760013e-02 7.857202e-01
1.100000 22.750000 7.809888578080e-01 -3.780893973259e-02 7.819035e-01
1.100000 22.775000 7.775734658395e-01 -3.550559965709e-02 7.783837e-01
1.100000 22.800000 7.744970572427e-01 -3.293421975089e-02 7.751970e-01
1.100000 22.825000 7.717802034082e-01 -3.016043960360e-02 7.723693e-01
1.100000 22.850000 7.694331019810e-01 -2.725119807398e-02 7.699155e-01
1.100000 22.875000 7.674555799681e-01 -2.427316483603e-02 7.678393e-01
1.100000 22.900000 7.658373344908e-01 -2.129119824161e-02 7.661332e-01
1.100000 22.925000 7.645584037547e-01 -1.836686567452e-02 7.647790e-01
1.100000 22.950000 7.635898553426e-01 -1.555706113142e-02 7.637483e-01
1.100000 22.975000 7.628946736225e-01 -1.291275250696e-02 7.630039e-01
1.100000 23.000000 7.624288230521e-01 -1.047788796204e-02 7.625008e-01
1.100000 23.025000 7.621424595832e-01 -8.288486807008e-03 7.621875e-01
1.100000 23.050000 7.619812584171e-01 -6.371935581236e-03 7.620079e-01
1.100000 23.075000 7.618878232050e-01 -4.746504531588e-03 7.619026e-01
1.100000 23.100000 7.618031395939e-01 -3.421093628878e-03 7.618108e-01
1.100000 23.125000 7.616680349470e-01 -2.395210793899e-03 7.616718e-01
1.100000 23.150000 7.614246061967e-01 -1.659178366768e-03 7.614264e-01
1.100000 23.175000 7.610175791850e-01 -1.194557303601e-03 7.610185e-01
1.100000 23.200000 7.603955654611e-01 -9.747723929847e-04 7.603962e-01
1.100000 23.225000 7.595121862677e-01 -9.659162170051e-04 7.595128e-01
1.100000 23.250000 7.583270381824e-01 -1.127704868247e-03 7.583279e-01
1.100000 23.275000 7.568064803832e-01 -1.414554765254e-03 7.568078e-01
1.100000 23.300000 7.549242295302e-01 -1.776747411060e-03 7.549263e-01
1.100000 23.325000 7.526617545210e-01 -2.161647673853e-03 7.526649e-01
1.100000 23.350000 7.500084696278e-01 -2.514941128893e-03 7.500127e-01
1.100000 23.375000 7.469617305025e-01 -2.781857117650e-03 7.469669e-01
1.100000 23.400000 7.435266430286e-01 -2.908346332976e-03 7.435323e-01
1.100000 23.425000 7.397156998415e-01 -2.842184770783e-03 7.397212e-01
1.100000 23.450000 7.355482633961e-01 -2.533979617801e-03 7.355526e-01
1.100000 23.475000 7.310499176695e-01 -1.938056885916e-03 7.310525e-01
1.100000 23.500000 7.262517129151e-01 -1.013215172655e-03 7.262524e-01
1.100000 23.525000 7.211893293224e-01 2.766653430509e-04 7.211894e-01
1.100000 23.550000 7.159021860335e-01 1.962164820481e-03 7.159049e-01
1.100000 23.575000 7.104325217479e-01 4.068018123774e-03 7.104442e-01
1.100000 23.600000 7.048244721857e-01 6.612958783906e-03 7.048555e-01
1.100000 23.625000 6.991231680208e-01 9.609705658611e-03 6.991892e-01
1.100000 23.650000 6.933738746285e-01 1.306508178074e-02 6.934970e-01
1.100000 23.675000 6.876211921764e-01 1.698025179294e-02 6.878308e-01
1.100000 23.700000 6.819083313305e-01 2.135106188503e-02 6.822425e-01
1.100000 23.725000 6.762764762463e-01 2.616846434354e-02 6.767826e-01
1.100000 23.750000 6.707642427093e-01 3.141900776960e-02 6.714997e-01
1.100000 23.775000 6.654072354179e-01 3.708537374289e-02 6.664399e-01
1.100000 23.800000 6.602377046401e-01 4.314694123001e-02 6.616460e-01
1.100000 23.825000 6.552842989974e-01 4.958036131217e-02 6.571573e-01
1.100000 23.850000 6.505719080991e-01 5.636012676818e-02 6.530086e-01
1.100000 23.875000 6.461215863347e-01 6.345912356554e-02 6.492304e-01
1.100000 23.900000 6.419505474420e-01 7.084915422441e-02 6.458484e-01
1.100000 23.925000 6.380722185826e-01 7.850142611616e-02 6.428831e-01
1.100000 23.950000 6.344963425915e-01 8.638700083240e-02 6.403502e-01
1.100000 23.975000 6.312291177766e-01 9.447720358067e-02 6.382602e-01
1.100000 24.000000 6.282733660115e-01 1.027439939427e-01 6.366190e-01
1.100000 24.025000 6.256287217362e-01 1.111603010997e-01 6.354273e-01
1.100000 24.050000 6.232918366382e-01 1.197003276911e-01 6.346817e-01
1.100000 24.075000 6.212565970125e-01 1.283398267838e-01 6.343744e-01
1.100000 24.100000 6.195143528610e-01 1.370563560385e-01 6.344939e-01
1.100000 24.125000 6.180541594860e-01 1.458295121438e-01 6.350253e-01
1.100000 24.150000 6.168630335069e-01 1.546411471415e-01 6.359512e-01
1.100000 24.175000 6.159262257685e-01 1.634755665480e-01 6.372514e-01
1.100000 24.200000 6.152275135025e-01 1.723197074446e-01 6.389045e-01
1.100000 24.225000 6.147495133709e-01 1.811632931349e-01 6.408877e-01
1.100000 24.250000 6.144740157734e-01 1.899989597678e-01 6.431780e-01
1.100000 24.275000 6.143823391987e-01 1.988223496232e-01 6.457523e-01
1.100000 24.300000 6.144557016121e-01 2.076321656248e-01 6.485884e-01
1.100000 24.325000 6.146756041114e-01 2.164301821268e-01 6.516657e-01
1.100000 24.350000 6.150242205277e-01 2.252212080272e-01 6.549652e-01
1.100000 24.375000 6.154847854506e-01 2.340129997302e-01 6.584707e-01
1.100000 24.400000 6.160419724353e-01 2.428161232420e-01 6.621687e-01
1.100000 24.425000 6.166822539551e-01 2.516437665857e-01 6.660492e-01
1.100000 24.450000 6.173942349993e-01 2.605115055979e-01 6.701059e-01
1.100000 24.475000 6.181689530323e-01 2.694370278668e-01 6.743361e-01
1.100000 24.500000 6.190001382401e-01 2.784398209535e-01 6.787414e-01
1.100000 24.525000 6.198844294656e-01 2.875408320649e-01 6.833275e-01
1.100000 24.550000 6.208215428614e-01 2.967621069108e-01 6.881040e-01
1.100000 24.575000 6.218143919239e-01 3.061264156627e-01 6.930848e-01
1.100000 24.600000 6.228691591180e-01 3.156568737061e-01 6.982874e-01
1.100000 24.625000 6.239953206714e-01 3.253765643620e-01 7.037330e-01
1.100000 24.650000 6.252056272521e-01 3.353081699923e-01 7.094460e-01
1.100000 24.675000 6.265160441267e-01 3.454736170004e-01 7.154540e-01
1.100000 24.700000 6.279456550308e-01 3.558937392681e-01 7.217867e-01
1.100000 24.725000 6.295165343901e-01 3.665879635747e-01 7.284764e-01
1.100000 24.750000 6.312535927537e-01 3.775740196054e-01 7.355564e-01
1.100000 24.775000 6.331844003709e-01 3.888676762444e-01 7.430616e-01
1.100000 24.800000 6.353389938005e-01 4.004825050226e-01 7.510272e-01
1.100000 24.825000 6.377496703147e-01 4.124296707946e-01 7.594886e-01
1.100000 24.850000 6.404507746519e-01 4.247177489862e-01 7.684806e-01
1.100000 24.875000 6.434784824026e-01 4.373525680278e-01 7.780372e-01
1.100000 24.900000 6.468705839411e-01 4.503370748990e-01 7.881910e-01
1.100000 24.925000 6.506662723677e-01 4.636712210306e-01 7.989728e-01
1.100000 24.950000 6.549059383398e-01 4.773518651691e-01 8.104114e-01
1.100000 24.975000 6.596309739652e-01 4.913726892258e-01 8.225328e-01
1.100000 25.000000 6.648835870804e-01 5.057241226331e-01 8.353604e-01
1.100000 25.025000 6.707066262406e-01 5.203932703560e-01 8.489149e-01
1.100000 25.050000 6.771434156372e-01 5.353638395115e-01 8.632136e-01
1.100000 25.075000 6.842375979256e-01 5.506160595344e-01 8.782705e-01
1.100000 25.100000 6.920329816523e-01 5.661265910798e-01 8.940967e-01
1.100000 25.125000 7.005733886413e-01 5.818684193651e-01 9.106997e-01
1.100000 25.150000 7.099024953943e-01 5.978107284633e-01 9.280836e-01
1.100000 25.175000 7.200636613308e-01 6.139187541935e-01 9.462494e-01
1.100000 25.200000 7.310997356188e-01 6.301536146965e-01 9.651945e-01
1.100000 25.225000 7.430528334851e-01 6.464721195580e-01 9.849130e-01
1.100000 25.250000 7.559640723423e-01 6.628265603952e-01 1.005396e+00
1.100000 25.275000 7.698732578916e-01 6.791644881552e-01 1.026630e+00
1.100000 25.300000 7.848185106654e-01 6.954284848942e-01 1.048599e+00
1.100000 25.325000 8.008358243179e-01 7.115559404465e-01 1.071284e+00
1.100000 25.350000 8.179585484460e-01 7.274788470416e-01 1.094661e+00
1.100000 25.375000 8.362167908463e-01 7.431236274332e-01 1.118701e+00
1.100000 25.400000 8.556367369447e-01 7.584110143222e-01 1.143373e+00
1.100000 25.425000 8.762398875950e-01 7.732560005919e-01 1.168641e+00
1.100000 25.450000 8.980422205036e-01 7.875678809474e-01 1.194463e+00
1.100000 25.475000 9.210532850530e-01 8.012504058032e-01 1.220795e+00
1.100000 25.500000 9.452752450740e-01 8.142020675046e-01 1.247586e+00
1.100000 25.525000 9.707018889570e-01 8.263165371502e-01 1.274779e+00
1.100000 25.550000 9.973176311115e-01 8.374832672930e-01 1.302314e+00
1.100000 25.575000 1.025096532880e+00 8.475882717077e-01 1.330124e+00
1.100000 25.600000 1.054001374358e+00 8.565150882965e-01 1.358137e+00
1.100000 25.625000 1.083982810838e+00 8.641459252469e-01 1.386278e+00
1.100000 25.650000 1.114978648610e+00 8.703629840063e-01 1.414464e+00
1.100000 25.675000 1.146913274501e+00 8.750499457927e-01 1.442610e+00
1.100000 25.700000 1.179697271652e+00 8.780936015755e-01 1.470624e+00
1.100000 25.725000 1.213227250801e+00 8.793855990507e-01 1.498412e+00
1.100000 25.750000 1.247385921732e+00 8.788242744748e-01 1.525878e+00
1.100000 25.775000 1.282042423900e+00 8.763165325331e-01 1.552921e+00
1.100000 25.800000 1.317052928733e+00 8.717797339935e-01 1.579439e+00
1.100000 25.825000 1.352261519083e+00 8.651435487807e-01 1.605330e+00
1.100000 25.850000 1.387501344145e+00 8.563517314140e-01 1.630490e+00
1.100000 25.875000 1.422596041037e+00 8.453637763894e-01 1.654817e+00
1.100000 25.900000 1.457361407632e+00 8.321564129330e-01 1.678209e+00
1.100000 25.925000 1.491607305148e+00 8.167249014440e-01 1.700568e+00
1.100000 25.950000 1.525139763722e+00 7.990840976123e-01 1.721798e+00
1.100000 25.975000 1.557763259734e+00 7.792692544679e-01 1.741806e+00
1.100000 26.000000 1.589283129954e+00 7.573365372229e-01 1.760505e+00
1.100000 26.025000 1.619508084654e+00 7.333632305787e-01 1.777816e+00
1.100000 26.050000 1.648252779513e+00 7.074476230558e-01 1.793661e+00
1.100000 26.075000 1.675340404316e+00 6.797085578057e-01 1.807974e+00
1.100000 26.100000 1.700605245040e+00 6.502846443188e-01 1.820694e+00
1.100000 26.125000 1.723895174820e+00 6.193331304879e-01 1.831772e+00
1.100000 26.150000 1.745074028469e+00 5.870284397392e-01 1.841164e+00
1.100000 26.175000 1.764023814871e+00 5.535603834868e-01 1.848840e+00
1.100000 26.200000 1.780646721481e+00 5.191320651096e-01 1.854778e+00
1.100000 26.225000 1.794866865926e+00 4.839574980053e-01 1.858968e+00
1.100000 26.250000 1.806631751172e+00 4.482589670504e-01 1.861412e+00
1.100000 26.275000 1.815913383257e+00 4.122641698639e-01 1.862123e+00
1.100000 26.300000 1.822709014460e+00 3.762031814592e-01 1.861128e+00
1.100000 26.325000 1.827041479993e+00 3.403052929094e-01 1.858464e+00
1.100000 26.350000 1.828959103105e+00 3.047957812103e-01 1.854182e+00
1.100000 26.375000 1.828535151773e+00 2.698926732235e-01 1.848346e+00
1.100000 26.400000 1.825866839902e+00 2.358035710354e-01 1.841030e+00
1.100000 26.425000 1.821073876874e+00 2.027226088803e-01 1.832323e+00
1.100000 26.450000 1.814296581190e+00 1.708276126264e-01 1.822321e+00
1.100000 26.475000 1.805693586233e+00 1.402775314390e-01 1.811134e+00
1.100000 26.500000 1.795439178625e+00 1.112102074546e-01 1.798880e+00
1.100000 26.525000 1.783720321478e+00 8.374054306948e-02 1.785685e+00
1.100000 26.550000 1.770733425705e+00 5.795911684528e-02 1.771682e+00
1.100000 26.575000 1.756680941886e+00 3.393128825401e-02 1.757009e+00
1.100000 26.600000 1.741767852411e+00 1.169681883857e-02 1.741807e+00
1.100000 26.625000 1.726198148589e+00 -8.729976710975e-03 1.726220e+00
1.100000 26.650000 1.710171379525e+00 -2.735955109867e-02 1.710390e+00
1.100000 26.675000 1.693879358903e+00 -4.422593351013e-02 1.694457e+00
1.100000 26.700000 1.677503112168e+00 -5.938505937037e-02 1.678554e+00
1.100000 26.725000 1.661210140078e+00 -7.291266727375e-02 1.662809e+00
1.100000 26.750000 1.645152065410e+00 -8.490182258905e-02 1.647341e+00
1.100000 26.775000 1.629462718065e+00 -9.546013834065e-02 1.632257e+00
1.100000 26.800000 1.614256700284e+00 -1.047067727140e-01 1.617649e+00
1.100000 26.825000 1.599628458769e+00 -1.127692885814e-01 1.603598e+00
1.100000 26.850000 1.585651874623e+00 -1.197804635492e-01 1.590170e+00
1.100000 26.875000 1.572380365923e+00 -1.258751390528e-01 1.577411e+00
1.100000 26.900000 1.559847481931e+00 -1.311871940091e-01 1.565354e+00
1.100000 26.925000 1.548067953087e+00 -1.358467225604e-01 1.554017e+00
1.100000 26.950000 1.537039147567e+00 -1.399774868061e-01 1.543400e+00
1.100000 26.975000 1.526742873792e+00 -1.436947044549e-01 1.533490e+00
1.100000 27.000000 1.517147459345e+00 -1.471032184990e-01 1.524262e+00
1.100000 27.025000 1.508210030447e+00 -1.502960818609e-01 1.515680e+00
1.100000 27.050000 1.499878912822e+00 -1.533535750449e-01 1.507698e+00
1.100000 27.075000 1.492096074342e+00 -1.563426597669e-01 1.500265e+00
1.100000 27.100000 1.484799532372e+00 -1.593168569183e-01 1.493322e+00
1.100000 27.125000 1.477925653886e+00 -1.623165236061e-01 1.486812e+00
1.100000 27.150000 1.471411284066e+00 -1.653694919121e-01 1.480675e+00
1.100000 27.175000 1.465195648692e+00 -1.684920218446e-01 1.474852e+00
1.100000 27.200000 1.459221986805e+00 -1.716900130485e-01 1.469288e+00
1.100000 27.225000 1.453438882338e+00 -1.749604144033e-01 1.463932e+00
1.100000 27.250000 1.447801276121e+00 -1.782927677811e-01 1.458738e+00
1.100000 27.275000 1.442271152352e+00 -1.816708219421e-01 1.453668e+00
1.100000 27.300000 1.436817905793e+00 -1.850741547016e-01 1.448688e+00
1.100000 27.325000 1.431418407101e+00 -1.884797458776e-01 1.443774e+00
1.100000 27.350000 1.426056793500e+00 -1.918634498483e-01 1.438906e+00
1.100000 27.375000 1.420724020094e+00 -1.952013244383e-01 1.434071e+00
1.100000 27.400000 1.415417213265e+00 -1.984707818921e-01 1.429264e+00
1.100000 27.425000 1.410138871710e+00 -2.016515374938e-01 1.424484e+00
1.100000 27.450000 1.404895962651e+00 -2.047263414499e-01 1.419734e+00
1.100000 27.475000 1.399698960681e+00 -2.076814896016e-01 1.415023e+00
1.100000 27.500000 1.394560874647e+00 -2.105071179128e-01 1.410359e+00
1.100000 27.525000 1.389496304233e+00 -2.131972941777e-01 1.405757e+00
1.100000 27.550000 1.384520562624e+00 -2.157499276503e-01 1.401230e+00
1.100000 27.575000 1.379648895216e+00 -2.181665231252e-01 1.396792e+00
1.100000 27.600000 1.374895817099e+00 -2.204518101669e-01 1.392457e+00
1.100000 27.625000 1.370274584384e+00 -2.226132806620e-01 1.388240e+00
1.100000 27.650000 1.365796806694e+00 -2.246606685989e-01 1.384151e+00
1.100000 27.675000 1.361472200786e+00 -2.266054050697e-01 1.380202e+00
1.100000 27.700000 1.357308478482e+00 -2.284600790797e-01 1.376401e+00
1.100000 27.725000 1.353311356322e+00 -2.302379310689e-01 1.372757e+00
1.100000 27.750000 1.349484669746e+00 -2.319524013820e-01 1.369274e+00
1.100000 27.775000 1.345830571322e+00 -2.336167505925e-01 1.365956e+00
1.100000 27.800000 1.342349790666e+00 -2.352437629311e-01 1.362807e+00
1.100000 27.825000 1.339041933224e+00 -2.368455384476e-01 1.359827e+00
1.100000 27.850000 1.335905795856e+00 -2.384333742618e-01 1.357017e+00
1.100000 27.875000 1.332939679086e+00 -2.400177306066e-01 1.354377e+00
1.100000 27.900000 1.330141678611e+00 -2.416082735730e-01 1.351907e+00
1.100000 27.925000 1.327509942056e+00 -2.432139836470e-01 1.349606e+00
1.100000 27.950000 1.325042880558e+00 -2.448433173649e-01 1.347474e+00
1.100000 27.975000 1.322739328459e+00 -2.465044086619e-01 1.345512e+00
1.100000 28.000000 1.320598647726e+00 -2.482052966672e-01 1.343721e+00
1.100000 28.025000 1.318620776660e+00 -2.499541676245e-01 1.342102e+00
1.100000 28.050000 1.316806224737e+00 -2.517596000891e-01 1.340657e+00
1.100000 28.075000 1.315156017009e+00 -2.536308043386e-01 1.339389e+00
1.100000 28.100000 1.313671592399e+00 -2.555778487858e-01 1.338302e+00
1.100000 28.125000 1.312354660486e+00 -2.576118679014e-01 1.337400e+00
1.100000 28.150000 1.311207021124e+00 -2.597452475537e-01 1.336687e+00
1.100000 28.175000 1.310230350681e+00 -2.619917846377e-01 1.336167e+00
1.100000 28.200000 1.309425957954e+00 -2.643668183404e-01 1.335847e+00
1.100000 28.225000 1.308794512140e+00 -2.668873303790e-01 1.335729e+00
1.100000 28.250000 1.308335744780e+00 -2.695720111197e-01 1.335819e+00
1.100000 28.275000 1.308048127526e+00 -2.724412877594e-01 1.336119e+00
1.100000 28.300000 1.307928527887e+00 -2.755173098759e-01 1.336633e+00
1.100000 28.325000 1.307971845988e+00 -2.788238868044e-01 1.337361e+00
1.100000 28.350000 1.308170636672e+00 -2.823863706481e-01 1.338302e+00
1.100000 28.375000 1.308514722986e+00 -2.862314784383e-01 1.339455e+00
1.100000 28.400000 1.308990809097e+00 -2.903870471613e-01 1.340814e+00
1.100000 28.425000 1.309582102818e+00 -2.948817161549e-01 1.342371e+00
1.100000 28.450000 1.310267960039e+00 -2.997445327986e-01 1.344116e+00
1.100000 28.475000 1.311023565263e+00 -3.050044794840e-01 1.346035e+00
1.100000 28.500000 1.311819663983e+00 -3.106899225103e-01 1.348109e+00
1.100000 28.525000 1.312622363599e+00 -3.168279867204e-01 1.350318e+00
1.100000 28.550000 1.313393019935e+00 -3.234438632561e-01 1.352633e+00
1.100000 28.575000 1.314088225911e+00 -3.305600616174e-01 1.355027e+00
1.100000 28.600000 1.314659917628e+00 -3.381956210782e-01 1.357463e+00
1.100000 28.625000 1.315055610918e+00 -3.463653002600e-01 1.359904e+00
1.100000 28.650000 1.315218778310e+00 -3.550787670930e-01 1.362307e+00
1.100000 28.675000 1.315089372456e+00 -3.643398142922e-01 1.364626e+00
1.100000 28.700000 1.314604497358e+00 -3.741456276693e-01 1.366810e+00
1.100000 28.725000 1.313699223483e+00 -3.844861358866e-01 1.368808e+00
1.100000 28.750000 1.312307537085e+00 -3.953434704953e-01 1.370565e+00
1.100000 28.775000 1.310363408127e+00 -4.066915641563e-01 1.372024e+00
1.100000 28.800000 1.307801955214e+00 -4.184959127306e-01 1.373130e+00
1.100000 28.825000 1.304560680336e+00 -4.307135234217e-01 1.373824e+00
1.100000 28.850000 1.300580741106e+00 -4.432930663774e-01 1.374052e+00
1.100000 28.875000 1.295808224002e+00 -4.561752412083e-01 1.373759e+00
1.100000 28.900000 1.290195379030e+00 -4.692933629180e-01 1.372895e+00
1.100000 28.925000 1.283701774617e+00 -4.825741639911e-01 1.371411e+00
1.100000 28.950000 1.276295331375e+00 -4.959388011460e-01 1.369264e+00
1.100000 28.975000 1.267953195153e+00 -5.093040468706e-01 1.366417e+00
1.100000 29.000000 1.258662413110e+00 -5.225836376951e-01 1.362837e+00
1.100000 29.025000 1.248420381850e+00 -5.356897436246e-01 1.358498e+00
1.100000 29.050000 1.237235043390e+00 -5.485345166265e-01 1.353381e+00
1.100000 29.075000 1.225124813074e+00 -5.610316709380e-01 1.347474e+00
1.100000 29.100000 1.212118232850e+00 -5.730980445090e-01 1.340773e+00
1.100000 29.125000 1.198253353516e+00 -5.846550894141e-01 1.333279e+00
1.100000 29.150000 1.183576859998e+00 -5.956302396788e-01 1.325002e+00
1.100000 29.175000 1.168142964074e+00 -6.059581077805e-01 1.315957e+00
1.100000 29.200000 1.152012098752e+00 -6.155814660371e-01 1.306167e+00
1.100000 29.225000 1.135249457228e+00 -6.244519760831e-01 1.295659e+00
1.100000 29.250000 1.117923426620e+00 -6.325306384040e-01 1.284464e+00
1.100000 29.275000 1.100103972098e+00 -6.397879441516e-01 1.272618e+00
1.100000 29.300000 1.081861030350e+00 -6.462037227938e-01 1.260160e+00
1.100000 29.325000 1.063262972229e+00 -6.517666911202e-01 1.247128e+00
1.100000 29.350000 1.044375192956e+00 -6.564737212303e-01 1.233563e+00
1.100000 29.375000 1.025258884182e+00 -6.603288568689e-01 1.219504e+00
1.100000 29.400000 1.005970035862e+00 -6.633421183228e-01 1.204989e+00
1.100000 29.425000 9.865587072220e-01 -6.655281455718e-01 1.190053e+00
1.100000 29.450000 9.670685956154e-01 -6.669047370260e-01 1.174727e+00
1.100000 29.475000 9.475369199497e-01 -6.674913466082e-01 1.159039e+00
1.100000 29.500000 9.279946222797e-01 -6.673076048177e-01 1.143011e+00
1.100000 29.525000 9.084668774787e-01 -6.663719295485e-01 1.126660e+00
1.100000 29.550000 8.889738873021e-01 -6.647002896981e-01 1.110000e+00
1.100000 29.575000 8.695319221973e-01 -6.623051790337e-01 1.093039e+00
1.100000 29.600000 8.501545625276e-01 -6.591948495110e-01 1.075779e+00
1.100000 29.625000 8.308540810059e-01 -6.553728425480e-01 1.058221e+00
1.100000 29.650000 8.116429006182e-01 -6.508378440556e-01 1.040362e+00
1.100000 29.675000 7.925350575656e-01 -6.455838748143e-01 1.022199e+00
1.100000 29.700000 7.735475970836e-01 -6.396008126947e-01 1.003726e+00
1.100000 29.725000 7.547018315742e-01 -6.328752279095e-01 9.849395e-01
1.100000 29.750000 7.360243953334e-01 -6.253914976729e-01 9.658398e-01
1.100000 29.775000 7.175480381353e-01 -6.171331530495e-01 9.464294e-01
1.100000 29.800000 6.993121107338e-01 -6.080843990506e-01 9.267168e-01
1.100000 29.825000 6.813627085245e-01 -5.982317398056e-01 9.067174e-01
1.100000 29.850000 6.637524545854e-01 -5.875656343544e-01 8.864540e-01
1.100000 29.875000 6.465399194231e-01 -5.760821056491e-01 8.659587e-01
1.100000 29.900000 6.297886912290e-01 -5.637842258836e-01 8.452730e-01
1.100000 29.925000 6.135661265478e-01 -5.506834053331e-01 8.244487e-01
1.100000 29.950000 5.979418262069e-01 -5.368004192978e-01 8.035478e-01
1.100000 29.975000 5.829858944573e-01 -5.221661182230e-01 7.826430e-01
1.100000 30.000000 5.687670499036e-01 -5.068217791247e-01 7.618164e-01
1.100000 30.025000 5.553506644716e-01 -4.908190715035e-01 7.411597e-01
1.100000 30.050000 5.427968109935e-01 -4.742196273235e-01 7.207722e-01
1.100000 30.075000 5.311584007891e-01 -4.570942215939e-01 7.007599e-01
1.100000 30.100000 5.204794898492e-01 -4.395215868975e-01 6.812328e-01
1.100000 30.125000 5.107938259727e-01 -4.215869010743e-01 6.623034e-01
1.100000 30.150000 5.021236997873e-01 -4.033800015151e-01 6.440836e-01
1.100000 30.175000 4.944791503577e-01 -3.849933914867e-01 6.266814e-01
1.100000 30.200000 4.878575616328e-01 -3.665201130828e-01 6.101983e-01
1.100000 30.225000 4.822436699182e-01 -3.480515673429e-01 5.947259e-01
1.100000 30.250000 4.776099855916e-01 -3.296753645518e-01 5.803423e-01
1.100000 30.275000 4.739176151824e-01 -3.114732865824e-01 5.671098e-01
1.100000 30.300000 4.711174534545e-01 -2.935194384420e-01 5.550724e-01
1.100000 30.325000 4.691517000416e-01 -2.758786581111e-01 5.442539e-01
1.100000 30.350000 4.679556421578e-01 -2.586052427104e-01 5.346580e-01
1.100000 30.375000 4.674596345652e-01 -2.417420354950e-01 5.262677e-01
1.100000 30.400000 4.675912008047e-01 -2.253199028082e-01 5.190478e-01
1.100000 30.425000 4.682771760030e-01 -2.093576136675e-01 5.129465e-01
1.100000 30.450000 4.694458115366e-01 -1.938621179148e-01 5.078995e-01
1.100000 30.475000 4.710287654053e-01 -1.788292026663e-01 5.038333e-01
1.100000 30.500000 4.729629091161e-01 -1.642444919580e-01 5.006697e-01
1.100000 30.525000 4.751918917931e-01 -1.500847417212e-01 4.983300e-01
1.100000 30.550000 4.776674145012e-01 -1.363193721606e-01 4.967385e-01
1.100000 30.575000 4.803501817004e-01 -1.229121726822e-01 4.958263e-01
1.100000 30.600000 4.832105114985e-01 -1.098231109943e-01 4.955336e-01
1.100000 30.625000 4.862286011242e-01 -9.701017790316e-02 4.958117e-01
1.100000 30.650000 4.893944579493e-01 -8.443120248670e-02 4.966242e-01
1.100000 30.675000 4.927075187334e-01 -7.204557835012e-02 4.979470e-01
1.100000 30.700000 4.961759899296e-01 -5.981585000318e-02 4.997685e-01
1.100000 30.725000 4.998159494626e-01 -4.770911834995e-02 5.020878e-01
1.100000 30.750000 5.036502551501e-01 -3.569823509402e-02 5.049138e-01
1.100000 30.775000 5.077073069002e-01 -2.376276675888e-02 5.082631e-01
1.100000 30.800000 5.120197091883e-01 -1.188971928721e-02 5.121577e-01
1.100000 30.825000 5.166228775165e-01 -7.402320824079e-05 5.166229e-01
1.100000 30.850000 5.215536281066e-01 1.168121329944e-02 5.216844e-01
1.100000 30.875000 5.268487846272e-01 2.336467072408e-02 5.273666e-01
1.100000 30.900000 5.325438299418e-01 3.495698778358e-02 5.336899e-01
1.100000 30.925000 5.386716252988e-01 4.643111653851e-02 5.406690e-01
1.100000 30.950000 5.452612145795e-01 5.775284531612e-02 5.483112e-01
1.100000 30.975000 5.523367275429e-01 6.888147273625e-02 5.566152e-01
1.100000 31.000000 5.599163936308e-01 7.977061770536e-02 5.655703e-01
1.100000 31.025000 5.680116768428e-01 9.036915182891e-02 5.751555e-01
1.100000 31.050000 5.766265422651e-01 1.006222417868e-01 5.853401e-01
1.100000 31.075000 5.857568657141e-01 1.104724894332e-01 5.960833e-01
1.100000 31.100000 5.953899992024e-01 1.198611564607e-01 6.073351e-01
1.100000 31.125000 6.055045060348e-01 1.287294583342e-01 6.190371e-01
1.100000 31.150000 6.160700798227e-01 1.370199089347e-01 6.311234e-01
1.100000 31.175000 6.270476611013e-01 1.446776932172e-01 6.435219e-01
1.100000 31.200000 6.383897632276e-01 1.516520405772e-01 6.561553e-01
1.100000 31.225000 6.500410156234e-01 1.578975670158e-01 6.689432e-01
1.100000 31.250000 6.619389271818e-01 1.633755501452e-01 6.818025e-01
1.100000 31.275000 6.740148659273e-01 1.680550980992e-01 6.946500e-01
1.100000 31.300000 6.861952430931e-01 1.719141719923e-01 7.074026e-01
1.100000 31.325000 6.984028811111e-01 1.749404220596e-01 7.199797e-01
1.100000 31.350000 7.105585361238e-01 1.771318002521e-01 7.323040e-01
1.100000 31.375000 7.225825370963e-01 1.784969169233e-01 7.443028e-01
1.100000 31.400000 7.343964960464e-01 1.790551162233e-01 7.559094e-01
1.100000 31.425000 7.459250378483e-01 1.788362536858e-01 7.670636e-01
1.100000 31.450000 7.570974939665e-01 1.778801698319e-01 7.777133e-01
1.100000 31.475000 7.678495027093e-01 1.762358649507e-01 7.878147e-01
1.100000 31.500000 7.781244593422e-01 1.739603919627e-01 7.973330e-01
1.100000 31.525000 7.878747627539e-01 1.711174958171e-01 8.062430e-01
1.100000 31.550000 7.970628112235e-01 1.677760386345e-01 8.145293e-01
1.100000 31.575000 8.056617079696e-01 1.640082591934e-01 8.221858e-01
1.100000 31.600000 8.136556472142e-01 1.598879229118e-01 8.292163e-01
1.100000 31.625000 8.210399630210e-01 1.554884237749e-01 8.356335e-01
1.100000 31.650000 8.278208356239e-01 1.508809024575e-01 8.414585e-01
1.100000 31.675000 8.340146627857e-01 1.461324450212e-01 8.467202e-01
1.100000 31.700000 8.396471163306e-01 1.413044240278e-01 8.514542e-01
1.100000 31.725000 8.447519157899e-01 1.364510388199e-01 8.557013e-01
1.100000 31.750000 8.493693615844e-01 1.316181043090e-01 8.595066e-01
1.100000 31.775000 8.535446788611e-01 1.268421282504e-01 8.629180e-01
1.100000 31.800000 8.573262296359e-01 1.221497060841e-01 8.659843e-01
1.100000 31.825000 8.607636550399e-01 1.175572505241e-01 8.687542e-01
1.100000 31.850000 8.639060110385e-01 1.130710607025e-01 8.712742e-01
1.100000 31.875000 8.667999600322e-01 1.086877234091e-01 8.735875e-01
1.100000 31.900000 8.694880773398e-01 1.043948273340e-01 8.757327e-01
1.100000 31.925000 8.720073259515e-01 1.001719607344e-01 8.777421e-01
1.100000 31.950000 8.743877454881e-01 9.599195401468e-02 8.796411e-01
1.100000 31.975000 8.766513924013e-01 9.182232166673e-02 8.814471e-01
1.100000 32.000000 8.788115586100e-01 8.762685306469e-02 8.831694e-01
1.100000 32.025000 8.808722854786e-01 8.336729883046e-02 8.848085e-01
1.100000 32.050000 8.828281797968e-01 7.900509884735e-02 8.863562e-01
1.100000 32.075000 8.846645286833e-01 7.450309933223e-02 8.877962e-01
1.100000 32.100000 8.863577014667e-01 6.982720943685e-02 8.891039e-01
1.100000 32.125000 8.878758189091e-01 6.494795229661e-02 8.902481e-01
1.100000 32.150000 8.891796637904e-01 5.984187092352e-02 8.911911e-01
1.100000 32.175000 8.902238019572e-01 5.449275545341e-02 8.918901e-01
1.100000 32.200000 8.909578794144e-01 4.889266466438e-02 8.922984e-01
1.100000 32.225000 8.913280587821e-01 4.304272106317e-02 8.923667e-01
1.100000 32.250000 8.912785572798e-01 3.695366496620e-02 8.920443e-01
1.100000 32.275000 8.907532481099e-01 3.064615872187e-02 8.912803e-01
1.100000 32.300000 8.896972874622e-01 2.415083747558e-02 8.900250e-01
1.100000 32.325000 8.880587301603e-01 1.750810767727e-02 8.882313e-01
1.100000 32.350000 8.857900980520e-01 1.076769895623e-02 8.858555e-01
1.100000 32.375000 8.828498665322e-01 3.987979152261e-03 8.828589e-01
1.100000 32.400000 8.792038360419e-01 -2.764953672059e-03 8.792082e-01
1.100000 32.425000 8.748263570674e-01 -9.418384394718e-03 8.748771e-01
1.100000 32.450000 8.697013791822e-01 -1.589427725438e-02 8.698466e-01
1.100000 32.475000 8.638232971475e-01 -2.211072946195e-02 8.641062e-01
1.100000 32.500000 8.571975702046e-01 -2.798355177695e-02 8.576542e-01
1.100000 32.525000 8.498410945639e-01 -3.342794177260e-02 8.504983e-01
1.100000 32.550000 8.417823138379e-01 -3.836021176935e-02 8.426559e-01
1.100000 32.575000 8.330610578174e-01 -4.269953021650e-02 8.341546e-01
1.100000 32.600000 8.237281064983e-01 -4.636963291335e-02 8.250322e-01
1.100000 32.625000 8.138444835292e-01 -4.930045915074e-02 8.153364e-01
1.100000 32.650000 8.034804910417e-01 -5.142966786215e-02 8.051248e-01
1.100000 32.675000 7.927145058616e-01 -5.270399038555e-02 7.944646e-01
1.100000 32.700000 7.816315650663e-01 -5.308037956823e-02 7.834318e-01
1.100000 32.725000 7.703217763466e-01 -5.252691972048e-02 7.721106e-01
1.100000 32.750000 7.588785952864e-01 -5.102346826860e-02 7.605920e-01
1.100000 32.775000 7.473970171257e-01 -4.856200770535e-02 7.489730e-01
1.100000 32.800000 7.359717344909e-01 -4.514669532659e-02 7.373552e-01
1.100000 32.825000 7.246953147058e-01 -4.079360794476e-02 7.258426e-01
1.100000 32.850000 7.136564504719e-01 -3.553018889106e-02 7.145404e-01
1.100000 32.875000 7.029383358210e-01 -2.939441472337e-02 7.035527e-01
1.100000 32.900000 6.926172153354e-01 -2.243370871860e-02 6.929804e-01
1.100000 32.925000 6.827611488053e-01 -1.470363699305e-02 6.829195e-01
1.100000 32.950000 6.734290259549e-01 -6.266430581643e-03 6.734582e-01
1.100000 32.975000 6.646698569262e-01 2.810617343197e-03 6.646758e-01
1.100000 33.000000 6.565223542170e-01 1.245682599960e-02 6.566405e-01
1.100000 33.025000 6.490148111621e-01 2.259981832612e-02 6.494082e-01
1.100000 33.050000 6.421652712781e-01 3.316717454807e-02 6.430212e-01
1.100000 33.075000 6.359819723358e-01 4.408799599318e-02 6.375083e-01
1.100000 33.100000 6.304640393651e-01 5.529433184115e-02 6.328842e-01
1.100000 33.125000 6.256023923474e-01 6.672242803879e-02 6.291504e-01
1.100000 33.150000 6.213808275199e-01 7.831376573042e-02 6.262964e-01
1.100000 33.175000 6.177772262920e-01 9.001586584511e-02 6.243009e-01
1.100000 33.200000 6.147648429763e-01 1.017828464922e-01 6.231337e-01
1.100000 33.225000 6.123136219562e-01 1.135757300486e-01 6.227579e-01
1.100000 33.250000 6.103914965406e-01 1.253625067650e-01 6.231320e-01
1.100000 33.275000 6.089656254251e-01 1.371179708769e-01 6.242119e-01
1.100000 33.300000 6.080035281548e-01 1.488233531468e-01 6.259526e-01
1.100000 33.325000 6.074740878856e-01 1.604657801157e-01 6.283105e-01
1.100000 33.350000 6.073483976291e-01 1.720375948443e-01 6.312440e-01
1.100000 33.375000 6.076004345737e-01 1.835355764461e-01 6.347154e-01
1.100000 33.400000 6.082075554674e-01 1.949600962419e-01 6.386907e-01
1.100000 33.425000 6.091508139817e-01 2.063142470234e-01 6.431410e-01
1.100000 33.450000 6.104151080087e-01 2.176029789392e-01 6.480414e-01
1.100000 33.475000 6.119891706490e-01 2.288322712567e-01 6.533720e-01
1.100000 33.500000 6.138654230168e-01 2.400083640920e-01 6.591167e-01
1.100000 33.525000 6.160397097997e-01 2.511370685916e-01 6.652629e-01
1.100000 33.550000 6.185109398240e-01 2.622231684074e-01 6.718011e-01
1.100000 33.575000 6.212806538008e-01 2.732699200224e-01 6.787239e-01
1.100000 33.600000 6.243525402328e-01 2.842786548692e-01 6.860251e-01
1.100000 33.625000 6.277319184275e-01 2.952484824583e-01 6.936995e-01
1.100000 33.650000 6.314252050403e-01 3.061760910013e-01 7.017418e-01
1.100000 33.675000 6.354393778991e-01 3.170556402863e-01 7.101461e-01
1.100000 33.700000 6.397814483247e-01 3.278787407307e-01 7.189053e-01
1.100000 33.725000 6.444579510234e-01 3.386345124298e-01 7.280106e-01
1.100000 33.750000 6.494744590277e-01 3.493097184046e-01 7.374513e-01
1.100000 33.775000 6.548351301826e-01 3.598889668640e-01 7.472142e-01
1.100000 33.800000 6.605422912870e-01 3.703549779029e-01 7.572839e-01
1.100000 33.825000 6.665960661178e-01 3.806889104205e-01 7.676421e-01
1.100000 33.850000 6.729940540174e-01 3.908707450154e-01 7.782679e-01
1.100000 33.875000 6.797310663227e-01 4.008797180932e-01 7.891381e-01
1.100000 33.900000 6.867989284521e-01 4.106948013926e-01 8.002268e-01
1.100000 33.925000 6.941863557374e-01 4.202952196371e-01 8.115065e-01
1.100000 33.950000 7.018789109329e-01 4.296609971751e-01 8.229475e-01
1.100000 33.975000 7.098590506334e-01 4.387735224133e-01 8.345191e-01
1.100000 34.000000 7.181062665198e-01 4.476161167741e-01 8.461896e-01
1.100000 34.025000 7.265973254166e-01 4.561745929896e-01 8.579271e-01
1.100000 34.050000 7.353066096430e-01 4.644377859584e-01 8.697001e-01
1.100000 34.075000 7.442065561401e-01 4.723980382985e-01 8.814779e-01
1.100000 34.100000 7.532681895008e-01 4.800516222337e-01 8.932315e-01
1.100000 34.125000 7.624617404430e-01 4.873990796599e-01 9.049341e-01
1.100000 34.150000 7.717573376121e-01 4.944454631749e-01 9.165619e-01
1.100000 34.175000 7.811257570273e-01 5.012004625645e-01 9.280945e-01
1.100000 34.200000 7.905392101510e-01 5.076784036878e-01 9.395156e-01
1.100000 34.225000 7.999721486110e-01 5.138981098669e-01 9.508137e-01
1.100000 34.250000 8.094020611740e-01 5.198826197058e-01 9.619821e-01
1.100000 34.275000 8.188102368050e-01 5.256587596510e-01 9.730197e-01
1.100000 34.300000 8.281824666598e-01 5.312565744637e-01 9.839308e-01
1.100000 34.325000 8.375096577816e-01 5.367086239713e-01 9.947254e-01
1.100000 34.350000 8.467883321978e-01 5.420491598373e-01 1.005419e+00
1.100000 34.375000 8.560209871222e-01 5.473132014532e-01 1.016033e+00
1.100000 34.400000 8.652162951150e-01 5.525355351788e-01 1.026594e+00
1.100000 34.425000 8.743891273220e-01 5.577496658052e-01 1.037131e+00
1.100000 34.450000 8.835603882641e-01 5.629867530114e-01 1.047680e+00
1.100000 34.475000 8.927566569462e-01 5.682745684779e-01 1.058277e+00
1.100000 34.500000 9.020096361105e-01 5.736365109520e-01 1.068962e+00
1.100000 34.525000 9.113554190116e-01 5.790907167247e-01 1.079775e+00
1.100000 34.550000 9.208335908068e-01 5.846493015300e-01 1.090756e+00
1.100000 34.575000 9.304861891752e-01 5.903177667357e-01 1.101944e+00
1.100000 34.600000 9.403565556922e-01 5.960945978906e-01 1.113373e+00
1.100000 34.625000 9.504881154080e-01 6.019710773449e-01 1.125076e+00
1.100000 34.650000 9.609231266346e-01 6.079313249965e-01 1.137081e+00
1.100000 34.675000 9.717014458323e-01 6.139525725570e-01 1.149409e+00
1.100000 34.700000 9.828593534756e-01 6.200056674694e-01 1.162076e+00
1.100000 34.725000 9.944284857468e-01 6.260557931950e-01 1.175089e+00
1.100000 34.750000 1.006434913854e+00 6.320633834885e-01 1.188451e+00
1.100000 34.775000 1.018898407791e+00 6.379851999562e-01 1.202156e+00
1.100000 34.800000 1.031831914685e+00 6.437755350674e-01 1.216192e+00
1.100000 34.825000 1.045241273832e+00 6.493874972075e-01 1.230542e+00
1.100000 34.850000 1.059125181449e+00 6.547743305944e-01 1.245181e+00
1.100000 34.875000 1.073475408568e+00 6.598907210770e-01 1.260081e+00
1.100000 34.900000 1.088277265762e+00 6.646940390553e-01 1.275212e+00
1.100000 34.925000 1.103510298953e+00 6.691454729406e-01 1.290539e+00
1.100000 34.950000 1.119149191874e+00 6.732110105736e-01 1.306028e+00
1.100000 34.975000 1.135164843081e+00 6.768622315936e-01 1.321644e+00
1.100000 35.000000 1.151525579096e+00 6.800768806407e-01 1.337354e+00
1.100000 35.025000 1.168198460431e+00 6.828391991250e-01 1.353129e+00
1.100000 35.050000 1.185150634049e+00 6.851400018085e-01 1.368941e+00
1.100000 35.075000 1.202350684291e+00 6.869764932579e-01 1.384769e+00
1.100000 35.100000 1.219769934379e+00 6.883518280470e-01 1.400595e+00
1.100000 35.125000 1.237383652288e+00 6.892744271160e-01 1.416410e+00
1.100000 35.150000 1.255172117870e+00 6.897570707018e-01 1.432209e+00
1.100000 35.175000 1.273121512504e+00 6.898157954961e-01 1.447993e+00
1.100000 35.200000 1.291224598100e+00 6.894686300214e-01 1.463772e+00
1.100000 35.225000 1.309481158731e+00 6.887342074599e-01 1.479559e+00
1.100000 35.250000 1.327898185430e+00 6.876302992301e-01 1.495376e+00
1.100000 35.275000 1.346489792468e+00 6.861723153697e-01 1.511247e+00
1.100000 35.300000 1.365276861596e+00 6.843718192013e-01 1.527202e+00
1.100000 35.325000 1.384286419015e+00 6.822351037526e-01 1.543274e+00
1.100000 35.350000 1.403550758029e+00 6.797618759977e-01 1.559497e+00
1.100000 35.375000 1.423106328241e+00 6.769440921644e-01 1.575908e+00
1.100000 35.400000 1.442992419429e+00 6.737649831623e-01 1.592541e+00
1.100000 35.425000 1.463249674795e+00 6.701983037526e-01 1.609430e+00
1.100000 35.450000 1.483918473712e+00 6.662078324939e-01 1.626606e+00
1.100000 35.475000 1.505037228352e+00 6.617471419724e-01 1.644094e+00
1.100000 35.500000 1.526640641355e+00 6.567596505885e-01 1.661916e+00
1.100000 35.525000 1.548757972893e+00 6.511789584750e-01 1.680085e+00
1.100000 35.550000 1.571411365004e+00 6.449294613227e-01 1.698608e+00
1.100000 35.575000 1.594614268881e+00 6.379272272699e-01 1.717482e+00
1.100000 35.600000 1.618370016919e+00 6.300811139982e-01 1.736699e+00
1.100000 35.625000 1.642670575898e+00 6.212940960526e-01 1.756238e+00
1.100000 35.650000 1.667495510914e+00 6.114647665703e-01 1.776072e+00
1.100000 35.675000 1.692811181779e+00 6.004889732960e-01 1.796162e+00
1.100000 35.700000 1.718570185087e+00 5.882615462854e-01 1.816462e+00
1.100000 35.725000 1.744711046213e+00 5.746780741343e-01 1.836919e+00
1.100000 35.750000 1.771158156858e+00 5.596366870493e-01 1.857470e+00
1.100000 35.775000 1.797821945608e+00 5.430398084988e-01 1.878046e+00
1.100000 35.800000 1.824599262087e+00 5.247958423777e-01 1.898571e+00
1.100000 35.825000 1.851373949839e+00 5.048207693328e-01 1.918966e+00
1.100000 35.850000 1.878017579591e+00 4.830396336544e-01 1.939143e+00
1.100000 35.875000 1.904390313275e+00 4.593879104800e-01 1.959015e+00
1.100000 35.900000 1.930341870186e+00 4.338127513768e-01 1.978488e+00
1.100000 35.925000 1.955712569942e+00 4.062741140296e-01 1.997466e+00
1.100000 35.950000 1.980334432341e+00 3.767457881585e-01 2.015853e+00
1.100000 35.975000 2.004032321287e+00 3.452163343469e-01 2.033549e+00
1.100000 36.000000 2.026625128308e+00 3.116899546675e-01 2.050454e+00
1.100000 36.025000 2.047927000015e+00 2.761873135635e-01 2.066467e+00
1.100000 36.050000 2.067748622462e+00 2.387463241861e-01 2.081486e+00
1.100000 36.075000 2.085898582964e+00 1.994229093809e-01 2.095410e+00
1.100000 36.100000 2.102184835636e+00 1.582917380501e-01 2.108136e+00
1.100000 36.125000 2.116416300115e+00 1.154469271937e-01 2.119563e+00
1.100000 36.150000 2.128404623009e+00 7.100268827571e-02 2.129589e+00
1.100000 36.175000 2.137966128115e+00 2.509388454311e-02 2.138113e+00
1.100000 36.200000 2.144923974401e+00 -2.212354546683e-02 2.145038e+00
1.100000 36.225000 2.149110530164e+00 -7.047235274972e-02 2.150266e+00
1.100000 36.250000 2.150369958070e+00 -1.197539926318e-01 2.153702e+00
1.100000 36.275000 2.148560989801e+00 -1.697489548355e-01 2.155256e+00
1.100000 36.300000 2.143559851441e+00 -2.202174735993e-01 2.154842e+00
1.100000 36.325000 2.135263282914e+00 -2.709006775736e-01 2.152379e+00
1.100000 36.350000 2.123591577674e+00 -3.215222294538e-01 2.147794e+00
1.100000 36.375000 2.108491553833e+00 -3.717904910865e-01 2.141020e+00
1.100000 36.400000 2.089939356075e+00 -4.214012315831e-01 2.132000e+00
1.100000 36.425000 2.067942980040e+00 -4.700408746267e-01 2.120690e+00
1.100000 36.450000 2.042544408126e+00 -5.173902577146e-01 2.107055e+00
1.100000 36.475000 2.013821248378e+00 -5.631288517538e-01 2.091074e+00
1.100000 36.500000 1.981887776431e+00 -6.069393655599e-01 2.072741e+00
1.100000 36.525000 1.946895294180e+00 -6.485126377182e-01 2.052065e+00
1.100000 36.550000 1.909031737491e+00 -6.875526992056e-01 2.029071e+00
1.100000 36.575000 1.868520488063e+00 -7.237818752414e-01 2.003804e+00
1.100000 36.600000 1.825618370419e+00 -7.569457848914e-01 1.976322e+00
1.100000 36.625000 1.780612842859e+00 -7.868180926121e-01 1.946706e+00
1.100000 36.650000 1.733818419637e+00 -8.132048674682e-01 1.915053e+00
1.100000 36.675000 1.685572389445e+00 -8.359484131975e-01 1.881479e+00
1.100000 36.700000 1.636229921114e+00 -8.549304453116e-01 1.846119e+00
1.100000 36.725000 1.586158670301e+00 -8.700745094567e-01 1.809124e+00
1.100000 36.750000 1.535733019680e+00 -8.813475575120e-01 1.770664e+00
1.100000 36.775000 1.485328099255e+00 -8.887606234263e-01 1.730923e+00
1.100000 36.800000 1.435313742147e+00 -8.923685685047e-01 1.690103e+00
1.100000 36.825000 1.386048534494e+00 -8.922688946411e-01 1.648416e+00
1.100000 36.850000 1.337874115803e+00 -8.885996527237e-01 1.606087e+00
1.100000 36.875000 1.291109878423e+00 -8.815365010280e-01 1.563353e+00
1.100000 36.900000 1.246048202260e+00 -8.712889939027e-01 1.520454e+00
1.100000 36.925000 1.202950343822e+00 -8.580962035465e-01 1.477640e+00
1.100000 36.950000 1.162043078073e+00 -8.422217964715e-01 1.435159e+00
1.100000 36.975000 1.123516168031e+00 -8.239487007958e-01 1.393262e+00
1.100000 37.000000 1.087520711527e+00 -8.035735104054e-01 1.352195e+00
1.100000 37.025000 1.054168387977e+00 -7.814007770565e-01 1.312196e+00
1.100000 37.050000 1.023531601219e+00 -7.577373416461e-01 1.273492e+00
1.100000 37.075000 9.956444884743e-01 -7.328868512303e-01 1.236297e+00
1.100000 37.100000 9.705047410095e-01 -7.071445992482e-01 1.200805e+00
1.100000 37.125000 9.480761599462e-01 -6.807928132028e-01 1.167188e+00
1.100000 37.150000 9.282918515248e-01 -6.540964973187e-01 1.135591e+00
1.100000 37.175000 9.110579505223e-01 -6.272999180892e-01 1.106134e+00
1.100000 37.200000 8.962577488493e-01 -6.006237988637e-01 1.078901e+00
1.100000 37.225000 8.837560988929e-01 -5.742632665008e-01 1.053946e+00
1.100000 37.250000 8.734039580049e-01 -5.483865694143e-01 1.031292e+00
1.100000 37.275000 8.650429416375e-01 -5.231345628765e-01 1.010925e+00
1.100000 37.300000 8.585097578025e-01 -4.986209349539e-01 9.928050e-01
1.100000 37.325000 8.536404044377e-01 -4.749331256480e-01 9.768641e-01
1.100000 37.350000 8.502740234955e-01 -4.521338732822e-01 9.630114e-01
1.100000 37.375000 8.482563205579e-01 -4.302633064259e-01 9.511389e-01
1.100000 37.400000 8.474424759689e-01 -4.093414870475e-01 9.411266e-01
1.100000 37.425000 8.476994921879e-01 -3.893713013970e-01 9.328475e-01
1.100000 37.450000 8.489079416951e-01 -3.703415894624e-01 9.261736e-01
1.100000 37.475000 8.509630996479e-01 -3.522304017373e-01 9.209802e-01
1.100000 37.500000 8.537754650218e-01 -3.350082733704e-01 9.171494e-01
1.100000 37.525000 8.572706925787e-01 -3.186414103715e-01 9.145739e-01
1.100000 37.550000 8.613889752216e-01 -3.030946901217e-01 9.131579e-01
1.100000 37.575000 8.660839316396e-01 -2.883343886748e-01 9.128188e-01
1.100000 37.600000 8.713210672991e-01 -2.743305598259e-01 9.134865e-01
1.100000 37.625000 8.770758874522e-01 -2.610590052523e-01 9.151032e-01
1.100000 37.650000 8.833317487244e-01 -2.485027907463e-01 9.176212e-01
1.100000 37.675000 8.900775408228e-01 -2.366532801595e-01 9.210010e-01
1.100000 37.700000 8.973052919131e-01 -2.255106757099e-01 9.252091e-01
1.100000 37.725000 9.050077902182e-01 -2.150840702208e-01 9.302152e-01
1.100000 37.750000 9.131763104662e-01 -2.053910332062e-01 9.359896e-01
1.100000 37.775000 9.217985271081e-01 -1.964567679652e-01 9.425008e-01
1.100000 37.800000 9.308566869429e-01 -1.883128905571e-01 9.497136e-01
1.100000 37.825000 9.403261022532e-01 -1.809958932355e-01 9.575869e-01
1.100000 37.850000 9.501740121458e-01 -1.745453642649e-01 9.660728e-01
1.100000 37.875000 9.603588449576e-01 -1.690020426890e-01 9.751158e-01
1.100000 37.900000 9.708298988724e-01 -1.644057903475e-01 9.846522e-01
1.100000 37.925000 9.815274418408e-01 -1.607935641083e-01 9.946108e-01
1.100000 37.950000 9.923832161121e-01 -1.581974688790e-01 1.004913e+00
1.100000 37.975000 1.003321317775e+00 -1.566429665885e-01 1.015476e+00
1.100000 38.000000 1.014259408222e+00 -1.561473082046e-01 1.026209e+00
1.100000 38.025000 1.025110202946e+00 -1.567182453259e-01 1.037021e+00
1.100000 38.050000 1.035783173930e+00 -1.583530653996e-01 1.047818e+00
1.100000 38.075000 1.046186395577e+00 -1.610379807066e-01 1.058508e+00
1.100000 38.100000 1.056228460656e+00 -1.647478865190e-01 1.069000e+00
1.100000 38.125000 1.065820392447e+00 -1.694464889103e-01 1.079206e+00
1.100000 38.150000 1.074877481870e+00 -1.750867882183e-01 1.089044e+00
1.100000 38.175000 1.083320983880e+00 -1.816118907322e-01 1.098439e+00
1.100000 38.200000 1.091079615351e+00 -1.889561093604e-01 1.107321e+00
1.100000 38.225000 1.098090806705e+00 -1.970463042796e-01 1.115630e+00
1.100000 38.250000 1.104301671138e+00 -2.058034072441e-01 1.123315e+00
1.100000 38.275000 1.109669667880e+00 -2.151440685622e-01 1.130333e+00
1.100000 38.300000 1.114162948868e+00 -2.249823638317e-01 1.136651e+00
1.100000 38.325000 1.117760391013e+00 -2.352314983142e-01 1.142244e+00
1.100000 38.350000 1.120451328169e+00 -2.458054501714e-01 1.147097e+00
1.100000 38.375000 1.122235007677e+00 -2.566204993659e-01 1.151202e+00
1.100000 38.400000 1.123119805342e+00 -2.675965964931e-01 1.154559e+00
1.100000 38.425000 1.123122239765e+00 -2.786585346766e-01 1.157175e+00
1.100000 38.450000 1.122265831791e+00 -2.897368974362e-01 1.159063e+00
1.100000 38.475000 1.120579857461e+00 -3.007687656077e-01 1.160242e+00
1.100000 38.500000 1.118098043281e+00 -3.116981764498e-01 1.160732e+00
1.100000 38.525000 1.114857251047e+00 -3.224763375699e-01 1.160559e+00
1.100000 38.550000 1.110896196114e+00 -3.330616068343e-01 1.159750e+00
1.100000 38.575000 1.106254238257e+00 -3.434192567118e-01 1.158333e+00
1.100000 38.600000 1.100970278464e+00 -3.535210473217e-01 1.156336e+00
1.100000 38.625000 1.095081788554e+00 -3.633446367274e-01 1.153787e+00
1.100000 38.650000 1.088623993825e+00 -3.728728597387e-01 1.150711e+00
1.100000 38.675000 1.081629222314e+00 -3.820929077549e-01 1.147134e+00
1.100000 38.700000 1.074126428029e+00 -3.909954421723e-01 1.143077e+00
1.100000 38.725000 1.066140889868e+00 -3.995736728167e-01 1.138559e+00
1.100000 38.750000 1.057694083081e+00 -4.078224310006e-01 1.133594e+00
1.100000 38.775000 1.048803715998e+00 -4.157372643986e-01 1.128196e+00
1.100000 38.800000 1.039483921452e+00 -4.233135782235e-01 1.122373e+00
1.100000 38.825000 1.029745589688e+00 -4.305458443753e-01 1.116130e+00
1.100000 38.850000 1.019596827515e+00 -4.374268974424e-01 1.109468e+00
1.100000 38.875000 1.009043526818e+00 -4.439473337747e-01 1.102387e+00
1.100000 38.900000 9.980900242515e-01 -4.500950273154e-01 1.094883e+00
1.100000 38.925000 9.867398327438e-01 -4.558547734434e-01 1.086949e+00
1.100000 38.950000 9.749964244158e-01 -4.612080696726e-01 1.078578e+00
1.100000 38.975000 9.628640434757e-01 -4.661330395704e-01 1.069760e+00
1.100000 39.000000 9.503485267471e-01 -4.706045035941e-01 1.060486e+00
1.100000 39.025000 9.374581087024e-01 -4.745941976139e-01 1.050746e+00
1.100000 39.050000 9.242041873695e-01 -4.780711366515e-01 1.040531e+00
1.100000 39.075000 9.106020273719e-01 -4.810021177927e-01 1.029834e+00
1.100000 39.100000 8.966713768167e-01 -4.833523524029e-01 1.018651e+00
1.100000 39.125000 8.824369758753e-01 -4.850862137798e-01 1.006977e+00
1.100000 39.150000 8.679289368304e-01 -4.861680823798e-01 9.948166e-01
1.100000 39.175000 8.531829781323e-01 -4.865632669565e-01 9.821736e-01
1.100000 39.200000 8.382404986153e-01 -4.862389765543e-01 9.690591e-01
1.100000 39.225000 8.231484824103e-01 -4.851653155479e-01 9.554888e-01
1.100000 39.250000 8.079592301082e-01 -4.833162719874e-01 9.414843e-01
1.100000 39.275000 7.927299172009e-01 -4.806706685878e-01 9.270734e-01
1.100000 39.300000 7.775219865206e-01 -4.772130458832e-01 9.122898e-01
1.100000 39.325000 7.624003870468e-01 -4.729344484147e-01 8.971741e-01
1.100000 39.350000 7.474326768015e-01 -4.678330873069e-01 8.817729e-01
1.100000 39.375000 7.326880123379e-01 -4.619148561380e-01 8.661392e-01
1.100000 39.400000 7.182360513324e-01 -4.551936814658e-01 8.503319e-01
1.100000 39.425000 7.041457978238e-01 -4.476916945462e-01 8.344155e-01
1.100000 39.450000 6.904844215829e-01 -4.394392164406e-01 8.184593e-01
1.100000 39.475000 6.773160838744e-01 -4.304745546019e-01 8.025369e-01
1.100000 39.500000 6.647008014815e-01 -4.208436148978e-01 7.867252e-01
1.100000 39.525000 6.526933793548e-01 -4.105993386355e-01 7.711034e-01
1.100000 39.550000 6.413424397276e-01 -3.998009792758e-01 7.557519e-01
1.100000 39.575000 6.306895721505e-01 -3.885132379789e-01 7.407509e-01
1.100000 39.600000 6.207686248157e-01 -3.768052807755e-01 7.261790e-01
1.100000 39.625000 6.116051529671e-01 -3.647496629017e-01 7.121118e-01
1.100000 39.650000 6.032160353158e-01 -3.524211876363e-01 6.986203e-01
1.100000 39.675000 5.956092644161e-01 -3.398957278242e-01 6.857693e-01
1.100000 39.700000 5.887839120771e-01 -3.272490381964e-01 6.736159e-01
1.100000 39.725000 5.827302662671e-01 -3.145555856911e-01 6.622083e-01
1.100000 39.750000 5.774301317388e-01 -3.018874233208e-01 6.515839e-01
1.100000 39.775000 5.728572828895e-01 -2.893131308637e-01 6.417691e-01
1.100000 39.800000 5.689780542239e-01 -2.768968428986e-01 6.327779e-01
1.100000 39.825000 5.657520512781e-01 -2.646973816004e-01 6.246119e-01
1.100000 39.850000 5.631329629778e-01 -2.527675084024e-01 6.172602e-01
1.100000 39.875000 5.610694551388e-01 -2.411533052319e-01 6.106995e-01
1.100000 39.900000 5.595061241265e-01 -2.298936926553e-01 6.048952e-01
1.100000 39.925000 5.583844895152e-01 -2.190200890004e-01 5.998025e-01
1.100000 39.950000 5.576440048514e-01 -2.085562114353e-01 5.953676e-01
1.100000 39.975000 5.572230662672e-01 -1.985180171013e-01 5.915293e-01
1.100000 40.000000 5.570599996311e-01 -1.889137797451e-01 5.882213e-01
1.100000 40.025000 5.570940081166e-01 -1.797442948618e-01 5.853732e-01
1.100000 40.050000 5.572660634708e-01 -1.710032041419e-01 5.829130e-01
1.100000 40.075000 5.575197258609e-01 -1.626774279850e-01 5.807686e-01
1.100000 40.100000 5.578018789580e-01 -1.547476929891e-01 5.788694e-01
1.100000 40.125000 5.580633689086e-01 -1.471891396478e-01 5.771476e-01
1.100000 40.150000 5.582595380588e-01 -1.399719940051e-01 5.755396e-01
1.100000 40.175000 5.583506467577e-01 -1.330622857658e-01 5.739869e-01
1.100000 40.200000 5.583021792916e-01 -1.264225944043e-01 5.724369e-01
1.100000 40.225000 5.580850329709e-01 -1.200128042339e-01 5.708432e-01
1.100000 40.250000 5.576755925760e-01 -1.137908492804e-01 5.691664e-01
1.100000 40.275000 5.570556956887e-01 -1.077134292466e-01 5.673740e-01
1.100000 40.300000 5.562124977876e-01 -1.017366789234e-01 5.654403e-01
1.100000 40.325000 5.551382492257e-01 -9.581677516187e-02 5.633465e-01
1.100000 40.350000 5.538299991676e-01 -8.991046797555e-02 5.610807e-01
1.100000 40.375000 5.522892440768e-01 -8.397552545533e-02 5.586370e-01
1.100000 40.400000 5.505215402151e-01 -7.797108587693e-02 5.560157e-01
1.100000 40.425000 5.485361007139e-01 -7.185791450912e-02 5.532228e-01
1.100000 40.450000 5.463453979666e-01 -6.559856701891e-02 5.502694e-01
1.100000 40.475000 5.439647913120e-01 -5.915746579317e-02 5.471721e-01
1.100000 40.500000 5.414121982143e-01 -5.250089972433e-02 5.439518e-01
1.100000 40.525000 5.387078244630e-01 -4.559696180160e-02 5.406341e-01
1.100000 40.550000 5.358739654126e-01 -3.841544199842e-02 5.372492e-01
1.100000 40.575000 5.329348861458e-01 -3.092769526656e-02 5.338315e-01
1.100000 40.600000 5.299167838695e-01 -2.310650581526e-02 5.304203e-01
1.100000 40.625000 5.268478310838e-01 -1.492596919441e-02 5.270592e-01
1.100000 40.650000 5.237582933235e-01 -6.361413010127e-03 5.237969e-01
1.100000 40.675000 5.206807108062e-01 2.610624571055e-03 5.206873e-01
1.100000 40.700000 5.176501293019e-01 1.201234193102e-02 5.177895e-01
1.100000 40.725000 5.147043621480e-01 2.186453342272e-02 5.151686e-01
1.100000 40.750000 5.118842626681e-01 3.218635169706e-02 5.128952e-01
1.100000 40.775000 5.092339843956e-01 4.299496783160e-02 5.110458e-01
1.100000 40.800000 5.068012054821e-01 5.430512872679e-02 5.097024e-01
1.100000 40.825000 5.046372934825e-01 6.612861591020e-02 5.089517e-01
1.100000 40.850000 5.027973873515e-01 7.847361455165e-02 5.088844e-01
1.100000 40.875000 5.013403749096e-01 9.134400601267e-02 5.095939e-01
1.100000 40.900000 5.003287462423e-01 1.047386015517e-01 5.111742e-01
1.100000 40.925000 4.998283064210e-01 1.186503387662e-01 5.137181e-01
1.100000 40.950000 4.999077345891e-01 1.330654658874e-01 5.173144e-01
1.100000 40.975000 5.006379807803e-01 1.479627420326e-01 5.220454e-01
1.100000 41.000000 5.020914968047e-01 1.633126838355e-01 5.279838e-01
1.100000 41.025000 5.043413030714e-01 1.790768903791e-01 5.351903e-01
1.100000 41.050000 5.074598992047e-01 1.952074788873e-01 5.437109e-01
1.100000 41.075000 5.115180326048e-01 2.116466630515e-01 5.535748e-01
1.100000 41.100000 5.165833454879e-01 2.283265040420e-01 5.647932e-01
1.100000 41.125000 5.227189271538e-01 2.451688611089e-01 5.773585e-01
1.100000 41.150000 5.299818039791e-01 2.620855641680e-01 5.912441e-01
1.100000 41.175000 5.384214045839e-01 2.789788249706e-01 6.064048e-01
1.100000 41.200000 5.480780414499e-01 2.957418965029e-01 6.227783e-01
1.100000 41.225000 5.589814526740e-01 3.122599823822e-01 6.402863e-01
1.100000 41.250000 5.711494482867e-01 3.284113895560e-01 6.588367e-01
1.100000 41.275000 5.845867044741e-01 3.440689089432e-01 6.783252e-01
1.100000 41.300000 5.992837460851e-01 3.591014002316e-01 6.986378e-01
1.100000 41.325000 6.152161530241e-01 3.733755493282e-01 7.196528e-01
1.100000 41.350000 6.323440197269e-01 3.867577603708e-01 7.412426e-01
1.100000 41.375000 6.506116892004e-01 3.991161391351e-01 7.632754e-01
1.100000 41.400000 6.699477744636e-01 4.103225214007e-01 7.856173e-01
1.100000 41.425000 6.902654711406e-01 4.202544985431e-01 8.081338e-01
1.100000 41.450000 7.114631559084e-01 4.287973933272e-01 8.306907e-01
1.100000 41.475000 7.334252570087e-01 4.358461415137e-01 8.531556e-01
1.100000 41.500000 7.560233754980e-01 4.413070392089e-01 8.753989e-01
1.100000 41.525000 7.791176297376e-01 4.450993215751e-01 8.972946e-01
1.100000 41.550000 8.025581910319e-01 4.471565451472e-01 9.187212e-01
1.100000 41.575000 8.261869754479e-01 4.474277531406e-01 9.395619e-01
1.100000 41.600000 8.498394556976e-01 4.458784102967e-01 9.597055e-01
1.100000 41.625000 8.733465573839e-01 4.424911006074e-01 9.790468e-01
1.100000 41.650000 8.965366057038e-01 4.372659872980e-01 9.974866e-01
1.100000 41.675000 9.192372915172e-01 4.302210394814e-01 1.014932e+00
1.100000 41.700000 9.412776292141e-01 4.213920337599e-01 1.031298e+00
1.100000 41.725000 9.624898826406e-01 4.108323416824e-01 1.046504e+00
1.100000 41.750000 9.827114391332e-01 3.986125154347e-01 1.060478e+00
1.100000 41.775000 1.001786615186e+00 3.848196845798e-01 1.073155e+00
1.100000 41.800000 1.019568380132e+00 3.695567762936e-01 1.084478e+00
1.100000 41.825000 1.035919986381e+00 3.529415706256e-01 1.094394e+00
1.100000 41.850000 1.050716496109e+00 3.351056011119e-01 1.102860e+00
1.100000 41.875000 1.063846194812e+00 3.161929098769e-01 1.109841e+00
1.100000 41.900000 1.075211882000e+00 2.963586654085e-01 1.115307e+00
1.100000 41.925000 1.084732028574e+00 2.757676506842e-01 1.119237e+00
1.100000 41.950000 1.092341789297e+00 2.545926294242e-01 1.121618e+00
1.100000 41.975000 1.097993857510e+00 2.330125990202e-01 1.122446e+00
1.100000 42.000000 1.101659147966e+00 2.112109401963e-01 1.121723e+00
1.100000 42.025000 1.103327292716e+00 1.893734756452e-01 1.119461e+00
1.100000 42.050000 1.103006934421e+00 1.676864527058e-01 1.115681e+00
1.100000 42.075000 1.100725801620e+00 1.463344684658e-01 1.110410e+00
1.100000 42.100000 1.096530551365e+00 1.254983593412e-01 1.103689e+00
1.100000 42.125000 1.090486366437e+00 1.053530810233e-01 1.095564e+00
1.100000 42.150000 1.082676297140e+00 8.606560847023e-02 1.086092e+00
1.100000 42.175000 1.073200341415e+00 6.779288914137e-02 1.075339e+00
1.100000 42.200000 1.062174261763e+00 5.067988568267e-02 1.063383e+00
1.100000 42.225000 1.049728143137e+00 3.485774653015e-02 1.050307e+00
1.100000 42.250000 1.036004702363e+00 2.044214417126e-02 1.036206e+00
1.100000 42.275000 1.021157366713e+00 7.531820873964e-03 1.021185e+00
1.100000 42.300000 1.005348146631e+00 -3.792619627008e-03 1.005355e+00
1.100000 42.325000 9.887453350899e-01 -1.346963884312e-02 9.888371e-01
1.100000 42.350000 9.715210732529e-01 -2.145737744970e-02 9.717580e-01
1.100000 42.375000 9.538488286917e-01 -2.773393126747e-02 9.542519e-01
1.100000 42.400000 9.359008379638e-01 -3.229727173171e-02 9.364580e-01
1.100000 42.425000 9.178455695487e-01 -3.516480217452e-02 9.185189e-01
1.100000 42.450000 8.998452656033e-01 -3.637255120056e-02 9.005801e-01
1.100000 42.475000 8.820536214860e-01 -3.597401508679e-02 8.827869e-01
1.100000 42.500000 8.646136603027e-01 -3.403867203980e-02 8.652834e-01
1.100000 42.525000 8.476558557688e-01 -3.065020181311e-02 8.482098e-01
1.100000 42.550000 8.312965504913e-01 -2.590445410363e-02 8.317001e-01
1.100000 42.575000 8.156367085144e-01 -1.990721779990e-02 8.158796e-01
1.100000 42.600000 8.007610309308e-01 -1.277185007495e-02 8.008629e-01
1.100000 42.625000 7.867374519295e-01 -4.616829100985e-03 7.867510e-01
1.100000 42.650000 7.736170203326e-01 4.436703486500e-03 7.736297e-01
1.100000 42.675000 7.614341590409e-01 1.426734450989e-02 7.615678e-01
1.100000 42.700000 7.502072824365e-01 2.475571259673e-02 7.506156e-01
1.100000 42.725000 7.399397403032e-01 3.578655543905e-02 7.408046e-01
1.100000 42.750000 7.306210467685e-01 4.725063117474e-02 7.321473e-01
1.100000 42.775000 7.222283446291e-01 5.904632372670e-02 7.246380e-01
1.100000 42.800000 7.147280495776e-01 7.108096296557e-02 7.182539e-01
1.100000 42.825000 7.080776155460e-01 8.327183243335e-02 7.129573e-01
1.100000 42.850000 7.022273617325e-01 9.554685946341e-02 7.086977e-01
1.100000 42.875000 6.971223038222e-01 1.078449942445e-01 7.054148e-01
1.100000 42.900000 6.927039362623e-01 1.201162951215e-01 7.030410e-01
1.100000 42.925000 6.889119188815e-01 1.323217466946e-01 7.015046e-01
1.100000 42.950000 6.856856292040e-01 1.444328446593e-01 7.007322e-01
1.100000 42.975000 6.829655509840e-01 1.564309865466e-01 7.006516e-01
1.100000 43.000000 6.806944792261e-01 1.683067104190e-01 7.011934e-01
1.100000 43.025000 6.788185316653e-01 1.800588241725e-01 7.022932e-01
1.100000 43.050000 6.772879658357e-01 1.916934665137e-01 7.038930e-01
1.100000 43.075000 6.760578089725e-01 2.032231372047e-01 7.059418e-01
1.100000 43.100000 6.750883146895e-01 2.146657291687e-01 7.083965e-01
1.100000 43.125000 6.743452653779e-01 2.260435889642e-01 7.112224e-01
1.100000 43.150000 6.738001424582e-01 2.373826254649e-01 7.143928e-01
1.100000 43.175000 6.734301879652e-01 2.487114798085e-01 7.178897e-01
1.100000 43.200000 6.732183805873e-01 2.600607632607e-01 7.217026e-01
1.100000 43.225000 6.731533474411e-01 2.714623639826e-01 7.258287e-01
1.100000 43.250000 6.732292298642e-01 2.829488190950e-01 7.302723e-01
1.100000 43.275000 6.734455177193e-01 2.945527450978e-01 7.350443e-01
1.100000 43.300000 6.738068625317e-01 3.063063177293e-01 7.401616e-01
1.100000 43.325000 6.743228756102e-01 3.182407916911e-01 7.456464e-01
1.100000 43.350000 6.750079134892e-01 3.303860512043e-01 7.515255e-01
1.100000 43.375000 6.758808498527e-01 3.427701838808e-01 7.578300e-01
1.100000 43.400000 6.769648307659e-01 3.554190726134e-01 7.645941e-01
1.100000 43.425000 6.782870086539e-01 3.683560028115e-01 7.718545e-01
1.100000 43.450000 6.798782500336e-01 3.816012850229e-01 7.796499e-01
1.100000 43.475000 6.817728124524e-01 3.951718955175e-01 7.880197e-01
1.100000 43.500000 6.840079872738e-01 4.090811395258e-01 7.970033e-01
1.100000 43.525000 6.866237066602e-01 4.233383433821e-01 8.066396e-01
1.100000 43.550000 6.896621151412e-01 4.379485827068e-01 8.169656e-01
1.100000 43.575000 6.931671082772e-01 4.529124539943e-01 8.280159e-01
1.100000 43.600000 6.971838429587e-01 4.682258965799e-01 8.398219e-01
1.100000 43.625000 7.017582256500e-01 4.838800710602e-01 8.524110e-01
1.100000 43.650000 7.069363863086e-01 4.998612989722e-01 8.658062e-01
1.100000 43.675000 7.127641467329e-01 5.161510670348e-01 8.800254e-01
1.100000 43.700000 7.192864927304e-01 5.327260976587e-01 8.950811e-01
1.100000 43.725000 7.265470598019e-01 5.495584858428e-01 9.109803e-01
1.100000 43.750000 7.345876420856e-01 5.666159010559e-01 9.277244e-01
1.100000 43.775000 7.434477341647e-01 5.838618512701e-01 9.453090e-01
1.100000 43.800000 7.531641151147e-01 6.012560049510e-01 9.637245e-01
1.100000 43.825000 7.637704838346e-01 6.187545654557e-01 9.829560e-01
1.100000 43.850000 7.752971543311e-01 6.363106908858e-01 1.002984e+00
1.100000 43.875000 7.877708190985e-01 6.538749509166e-01 1.023785e+00
1.100000 43.900000 8.012143880165e-01 6.713958104506e-01 1.045331e+00
1.100000 43.925000 8.156469091244e-01 6.888201281107e-01 1.067592e+00
1.100000 43.950000 8.310835761136e-01 7.060936556797e-01 1.090536e+00
1.100000 43.975000 8.475358252826e-01 7.231615227023e-01 1.114127e+00
1.100000 44.000000 8.650115219458e-01 7.399686887943e-01 1.138331e+00
1.100000 44.025000 8.835152328459e-01 7.564603449567e-01 1.163113e+00
1.100000 44.050000 9.030485770560e-01 7.725822446289e-01 1.188436e+00
1.100000 44.075000 9.236106432901e-01 7.882809455638e-01 1.214267e+00
1.100000 44.100000 9.451984567105e-01 8.035039451055e-01 1.240572e+00
1.100000 44.125000 9.678074735244e-01 8.181996942244e-01 1.267321e+00
1.100000 44.150000 9.914320772604e-01 8.323174797957e-01 1.294484e+00
1.100000 44.175000 1.016066047002e+00 8.458071700510e-01 1.322036e+00
1.100000 44.200000 1.041702965429e+00 8.586188247169e-01 1.349952e+00
1.100000 44.225000 1.068336533627e+00 8.707021788041e-01 1.378211e+00
1.100000 44.250000 1.095960760533e+00 8.820060169514e-01 1.406792e+00
1.100000 44.275000 1.124569997805e+00 8.924774631431e-01 1.435679e+00
1.100000 44.300000 1.154158795807e+00 9.020612180461e-01 1.464854e+00
1.100000 44.325000 1.184721563247e+00 9.106987825467e-01 1.494302e+00
1.100000 44.350000 1.216252021484e+00 9.183277108518e-01 1.524006e+00
1.100000 44.375000 1.248742454247e+00 9.248809392825e-01 1.553951e+00
1.100000 44.400000 1.282182763970e+00 9.302862373272e-01 1.584117e+00
1.100000 44.425000 1.316559356561e+00 9.344658254433e-01 1.614483e+00
1.100000 44.450000 1.351853886487e+00 9.373361994872e-01 1.645025e+00
1.100000 44.475000 1.388041903004e+00 9.388081946659e-01 1.675715e+00
1.100000 44.500000 1.425091445562e+00 9.387873128654e-01 1.706519e+00
1.100000 44.525000 1.462961641393e+00 9.371743265905e-01 1.737398e+00
1.100000 44.550000 1.501601360693e+00 9.338661611345e-01 1.768308e+00
1.100000 44.575000 1.540947984450e+00 9.287570446613e-01 1.799197e+00
1.100000 44.600000 1.580926336849e+00 9.217399043159e-01 1.830009e+00
1.100000 44.625000 1.621447828440e+00 9.127079759745e-01 1.860680e+00
1.100000 44.650000 1.662409848320e+00 9.015565863912e-01 1.891140e+00
1.100000 44.675000 1.703695433824e+00 8.881850598310e-01 1.921315e+00
1.100000 44.700000 1.745173235399e+00 8.724986970974e-01 1.951124e+00
1.100000 44.725000 1.786697782986e+00 8.544107733921e-01 1.980481e+00
1.100000 44.750000 1.828110049169e+00 8.338445026485e-01 2.009299e+00
1.100000 44.775000 1.869238294128e+00 8.107349196739e-01 2.037484e+00
1.100000 44.800000 1.909899168733e+00 7.850306372580e-01 2.064943e+00
1.100000 44.825000 1.949899045301e+00 7.566954428904e-01 2.091577e+00
1.100000 44.850000 1.989035541001e+00 7.257097082378e-01 2.117290e+00
1.100000 44.875000 2.027099196685e+00 6.920715934814e-01 2.141984e+00
1.100000 44.900000 2.063875274083e+00 6.557980373122e-01 2.165560e+00
1.100000 44.925000 2.099145636522e+00 6.169255312815e-01 2.187924e+00
1.100000 44.950000 2.132690682321e+00 5.755106837583e-01 2.208978e+00
1.100000 44.975000 2.164291305304e+00 5.316305836252e-01 2.228629e+00
1.100000 45.000000 2.193730862800e+00 4.853829767910e-01 2.246787e+00
1.100000 45.025000 2.220797137680e+00 4.368862695767e-01 2.263362e+00
1.100000 45.050000 2.245284286635e+00 3.862793721265e-01 2.278270e+00
1.100000 45.075000 2.266994771772e+00 3.337213924634e-01 2.291426e+00
1.100000 45.100000 2.285741276039e+00 2.793911880053e-01 2.302753e+00
1.100000 45.125000 2.301348604978e+00 2.234867767321e-01 2.312175e+00
1.100000 45.150000 2.313655577500e+00 1.662246052420e-01 2.319619e+00
1.100000 45.175000 2.322516906883e+00 1.078386661381e-01 2.325019e+00
1.100000 45.200000 2.327805070189e+00 4.857945301759e-02 2.328312e+00
1.100000 45.225000 2.329412159866e+00 -1.128726182300e-02 2.329440e+00
1.100000 45.250000 2.327251705969e+00 -7.148184369586e-02 2.328349e+00
1.100000 45.275000 2.321260451416e+00 -1.317124228990e-01 2.324994e+00
1.100000 45.300000 2.311400056471e+00 -1.916767489282e-01 2.319334e+00
1.100000 45.325000 2.297658702595e+00 -2.510642843961e-01 2.311335e+00
1.100000 45.350000 2.280052560249e+00 -3.095585471170e-01 2.300971e+00
1.100000 45.375000 2.258627080521e+00 -3.668397030203e-01 2.288224e+00
1.100000 45.400000 2.233458066809e+00 -4.225874056071e-01 2.273085e+00
1.100000 45.425000 2.204652480449e+00 -4.764838697645e-01 2.255555e+00
1.100000 45.450000 2.172348933242e+00 -5.282171591316e-01 2.235646e+00
1.100000 45.475000 2.136717820510e+00 -5.774846571596e-01 2.213380e+00
1.100000 45.500000 2.097961050537e+00 -6.239966826949e-01 2.188792e+00
1.100000 45.525000 2.056311330299e+00 -6.674802016692e-01 2.161931e+00
1.100000 45.550000 2.012030973090e+00 -7.076825774899e-01 2.132858e+00
1.100000 45.575000 1.965410201212e+00 -7.443752943462e-01 2.101650e+00
1.100000 45.600000 1.916764926228e+00 -7.773575801272e-01 2.068399e+00
1.100000 45.625000 1.866434000368e+00 -8.064598494045e-01 2.033213e+00
1.100000 45.650000 1.814775945383e+00 -8.315468822944e-01 1.996217e+00
1.100000 45.675000 1.762165179371e+00 -8.525206524393e-01 1.957554e+00
1.100000 45.700000 1.708987777372e+00 -8.693227171959e-01 1.917384e+00
1.100000 45.725000 1.655636817659e+00 -8.819360857912e-01 1.875885e+00
1.100000 45.750000 1.602507381910e+00 -8.903864870336e-01 1.833253e+00
1.100000 45.775000 1.549991293265e+00 -8.947429672934e-01 1.789703e+00
1.100000 45.800000 1.498471691003e+00 -8.951177620385e-01 1.745466e+00
1.100000 45.825000 1.448317553227e+00 -8.916654000426e-01 1.700791e+00
1.100000 45.850000 1.399878288964e+00 -8.845810182189e-01 1.655942e+00
1.100000 45.875000 1.353478527554e+00 -8.740978863198e-01 1.611196e+00
1.100000 45.900000 1.309413235559e+00 -8.604841638116e-01 1.566843e+00
1.100000 45.925000 1.267943289199e+00 -8.440389351538e-01 1.523182e+00
1.100000 45.950000 1.229291623221e+00 -8.250875935119e-01 1.480516e+00
1.100000 45.975000 1.193640065138e+00 -8.039766655124e-01 1.439151e+00
1.100000 46.000000 1.161126947172e+00 -7.810681899040e-01 1.399387e+00
1.100000 46.025000 1.131845567534e+00 -7.567337799080e-01 1.361514e+00
1.100000 46.050000 1.105843548569e+00 -7.313485117267e-01 1.325806e+00
1.100000 46.075000 1.083123112883e+00 -7.052847894020e-01 1.292510e+00
1.100000 46.100000 1.063642270782e+00 -6.789063385441e-01 1.261843e+00
1.100000 46.125000 1.047316884594e+00 -6.525624781886e-01 1.233982e+00
1.100000 46.150000 1.034023548761e+00 -6.265828112696e-01 1.209054e+00
1.100000 46.175000 1.023603200263e+00 -6.012724603396e-01 1.187136e+00
1.100000 46.200000 1.015865352904e+00 -5.769079568217e-01 1.168249e+00
1.100000 46.225000 1.010592832185e+00 -5.537338701302e-01 1.152354e+00
1.100000 46.250000 1.007546875440e+00 -5.319602384308e-01 1.139356e+00
1.100000 46.275000 1.006472455034e+00 -5.117608367434e-01 1.129108e+00
1.100000 46.300000 1.007103680840e+00 -4.932722916501e-01 1.121417e+00
1.100000 46.325000 1.009169141652e+00 -4.765940261509e-01 1.116048e+00
1.100000 46.350000 1.012397053444e+00 -4.617889942108e-01 1.112743e+00
1.100000 46.375000 1.016520094678e+00 -4.488851431305e-01 1.111220e+00
1.100000 46.400000 1.021279824638e+00 -4.378775237318e-01 1.111193e+00
1.100000 46.425000 1.026430599076e+00 -4.287309539671e-01 1.112371e+00
1.100000 46.450000 1.031742917487e+00 -4.213831312256e-01 1.114476e+00
1.100000 46.475000 1.037006157174e+00 -4.157480824147e-01 1.117241e+00
1.100000 46.500000 1.042030670121e+00 -4.117198387318e-01 1.120420e+00
1.100000 46.525000 1.046649238800e+00 -4.091762236702e-01 1.123788e+00
1.100000 46.550000 1.050717905707e+00 -4.079826478360e-01 1.127146e+00
1.100000 46.575000 1.054116208218e+00 -4.079958121132e-01 1.130319e+00
1.100000 46.600000 1.056746864798e+00 -4.090672310585e-01 1.133159e+00
1.100000 46.625000 1.058534970496e+00 -4.110465005763e-01 1.135542e+00
1.100000 46.650000 1.059426768815e+00 -4.137842473420e-01 1.137366e+00
1.100000 46.675000 1.059388073536e+00 -4.171347115642e-01 1.138554e+00
1.100000 46.700000 1.058402417882e+00 -4.209579290207e-01 1.139044e+00
1.100000 46.725000 1.056469009756e+00 -4.251214924175e-01 1.138795e+00
1.100000 46.750000 1.053600570860e+00 -4.295018856504e-01 1.137781e+00
1.100000 46.775000 1.049821134578e+00 -4.339853972050e-01 1.135988e+00
1.100000 46.800000 1.045163872814e+00 -4.384686304795e-01 1.133412e+00
1.100000 46.825000 1.039669015836e+00 -4.428586391130e-01 1.130060e+00
1.100000 46.850000 1.033381921787e+00 -4.470727243383e-01 1.125945e+00
1.100000 46.875000 1.026351344143e+00 -4.510379388780e-01 1.121085e+00
1.100000 46.900000 1.018627936276e+00 -4.546903479470e-01 1.115503e+00
1.100000 46.925000 1.010263022467e+00 -4.579741024577e-01 1.109221e+00
1.100000 46.950000 1.001307654558e+00 -4.608403825375e-01 1.102266e+00
1.100000 46.975000 9.918119629367e-01 -4.632462709070e-01 1.094663e+00
1.100000 47.000000 9.818247999636e-01 -4.651536154971e-01 1.086438e+00
1.100000 47.025000 9.713936634696e-01 -4.665279388447e-01 1.077615e+00
1.100000 47.050000 9.605648777416e-01 -4.673374482486e-01 1.068218e+00
1.100000 47.075000 9.493839998170e-01 -4.675521953753e-01 1.058270e+00
1.100000 47.100000 9.378964101595e-01 -4.671434269725e-01 1.047794e+00
1.100000 47.125000 9.261480392872e-01 -4.660831596668e-01 1.036814e+00
1.100000 47.150000 9.141861759998e-01 -4.643440016352e-01 1.025354e+00
1.100000 47.175000 9.020602988861e-01 -4.618992325025e-01 1.013442e+00
1.100000 47.200000 8.898228711147e-01 -4.587231404853e-01 1.001105e+00
1.100000 47.225000 8.775300393856e-01 -4.547916030351e-01 9.883797e-01
1.100000 47.250000 8.652421815263e-01 -4.500828845885e-01 9.753044e-01
1.100000 47.275000 8.530242535775e-01 -4.445786131204e-01 9.619254e-01
1.100000 47.300000 8.409458962378e-01 -4.382648866805e-01 9.482964e-01
1.100000 47.325000 8.290812719033e-01 -4.311334526157e-01 9.344794e-01
1.100000 47.350000 8.175086168171e-01 -4.231828963151e-01 9.205455e-01
1.100000 47.375000 8.063095073939e-01 -4.144197735495e-01 9.065753e-01
1.100000 47.400000 7.955678548666e-01 -4.048596211165e-01 8.926587e-01
1.100000 47.425000 7.853686571719e-01 -3.945277846746e-01 8.788948e-01
1.100000 47.450000 7.757965505796e-01 -3.834600102570e-01 8.653912e-01
1.100000 47.475000 7.669342151512e-01 -3.717027566703e-01 8.522623e-01
1.100000 47.500000 7.588606968986e-01 -3.593131992616e-01 8.396282e-01
1.100000 47.525000 7.516497149615e-01 -3.463589106447e-01 8.276121e-01
1.100000 47.550000 7.453680237933e-01 -3.329172200245e-01 8.163378e-01
1.100000 47.575000 7.400738981106e-01 -3.190742687929e-01 8.059266e-01
1.100000 47.600000 7.358158023324e-01 -3.049237950899e-01 7.964945e-01
1.100000 47.625000 7.326312967569e-01 -2.905656931074e-01 7.881479e-01
1.100000 47.650000 7.305462204150e-01 -2.761044032491e-01 7.809811e-01
1.100000 47.675000 7.295741761900e-01 -2.616471962276e-01 7.750727e-01
1.100000 47.700000 7.297163283235e-01 -2.473024173769e-01 7.704832e-01
1.100000 47.725000 7.309615068563e-01 -2.331777567698e-01 7.672526e-01
1.100000 47.750000 7.332865988595e-01 -2.193786062770e-01 7.653994e-01
1.100000 47.775000 7.366571934140e-01 -2.060065568904e-01 7.649199e-01
1.100000 47.800000 7.410284369767e-01 -1.931580790731e-01 7.657893e-01
1.100000 47.825000 7.463460485859e-01 -1.809234163814e-01 7.679620e-01
1.100000 47.850000 7.525474406556e-01 -1.693857090357e-01 7.713749e-01
1.100000 47.875000 7.595628909543e-01 -1.586203504424e-01 7.759486e-01
1.100000 47.900000 7.673167146060e-01 -1.486945667930e-01 7.815913e-01
1.100000 47.925000 7.757283911645e-01 -1.396671986292e-01 7.882014e-01
1.100000 47.950000 7.847136104194e-01 -1.315886543019e-01 7.956702e-01
1.100000 47.975000 7.941852108444e-01 -1.245009990646e-01 8.038847e-01
1.100000 48.000000 8.040539956929e-01 -1.184381403549e-01 8.127302e-01
1.100000 48.025000 8.142294228491e-01 -1.134260696658e-01 8.220919e-01
1.100000 48.050000 8.246201748742e-01 -1.094831240776e-01 8.318564e-01
1.100000 48.075000 8.351346245747e-01 -1.066202356344e-01 8.419131e-01
1.100000 48.100000 8.456812183377e-01 -1.048411437519e-01 8.521551e-01
1.100000 48.125000 8.561688040771e-01 -1.041425540993e-01 8.624794e-01
1.100000 48.150000 8.665069327507e-01 -1.045142362220e-01 8.727872e-01
1.100000 48.175000 8.766061621132e-01 -1.059390608758e-01 8.829844e-01
1.100000 48.200000 8.863783888186e-01 -1.083929860265e-01 8.929813e-01
1.100000 48.225000 8.957372306069e-01 -1.118450071986e-01 9.026929e-01
1.100000 48.250000 9.045984745078e-01 -1.162570929814e-01 9.120384e-01
1.100000 48.275000 9.128806003225e-01 -1.215841297673e-01 9.209417e-01
1.100000 48.300000 9.205053816456e-01 -1.277739011656e-01 9.293311e-01
1.100000 48.325000 9.273985598516e-01 -1.347671270679e-01 9.371394e-01
1.100000 48.350000 9.334905802467e-01 -1.424975852537e-01 9.443041e-01
1.100000 48.375000 9.387173743165e-01 -1.508923350138e-01 9.507675e-01
1.100000 48.400000 9.430211679014e-01 -1.598720579045e-01 9.564769e-01
1.100000 48.425000 9.463512923271e-01 -1.693515257904e-01 9.613848e-01
1.100000 48.450000 9.486649739728e-01 -1.792402011754e-01 9.654493e-01
1.100000 48.475000 9.499280774015e-01 -1.894429697520e-01 9.686341e-01
1.100000 48.500000 9.501157778108e-01 -1.998610003838e-01 9.709091e-01
1.100000 48.525000 9.492131399632e-01 -2.103927235169e-01 9.722503e-01
1.100000 48.550000 9.472155827358e-01 -2.209349153777e-01 9.726405e-01
1.100000 48.575000 9.441292107342e-01 -2.313838722420e-01 9.720692e-01
1.100000 48.600000 9.399709969262e-01 -2.416366564900e-01 9.705327e-01
1.100000 48.625000 9.347688028486e-01 -2.515923939727e-01 9.680348e-01
1.100000 48.650000 9.285612256166e-01 -2.611536003103e-01 9.645865e-01
1.100000 48.675000 9.213972636941e-01 -2.702275119996e-01 9.602061e-01
1.100000 48.700000 9.133357963708e-01 -2.787273965743e-01 9.549195e-01
1.100000 48.725000 9.044448751079e-01 -2.865738145380e-01 9.487598e-01
1.100000 48.750000 8.948008286033e-01 -2.936958044480e-01 9.417674e-01
1.100000 48.775000 8.844871876236e-01 -3.000319614897e-01 9.339897e-01
1.100000 48.800000 8.735934404113e-01 -3.055313793606e-01 9.254809e-01
1.100000 48.825000 8.622136347924e-01 -3.101544254983e-01 9.163013e-01
1.100000 48.850000 8.504448488534e-01 -3.138733208857e-01 9.065169e-01
1.100000 48.875000 8.383855580221e-01 -3.166724980733e-01 8.961985e-01
1.100000 48.900000 8.261339323055e-01 -3.185487148371e-01 8.854211e-01
1.100000 48.925000 8.137861029198e-01 -3.195109061370e-01 8.742626e-01
1.100000 48.950000 8.014344422289e-01 -3.195797637315e-01 8.628026e-01
1.100000 48.975000 7.891659043490e-01 -3.187870408135e-01 8.511216e-01
1.100000 49.000000 7.770604756210e-01 -3.171745880990e-01 8.392989e-01
1.100000 49.025000 7.651897840674e-01 -3.147931375680e-01 8.274117e-01
1.100000 49.050000 7.536159147250e-01 -3.117008600557e-01 8.155332e-01
1.100000 49.075000 7.423904732697e-01 -3.079617326202e-01 8.037313e-01
1.100000 49.100000 7.315539336725e-01 -3.036437604985e-01 7.920674e-01
1.100000 49.125000 7.211352969311e-01 -2.988171059947e-01 7.805945e-01
1.100000 49.150000 7.111520775059e-01 -2.935521823103e-01 7.693570e-01
1.100000 49.175000 7.016106224302e-01 -2.879177737529e-01 7.583892e-01
1.100000 49.200000 6.925067556467e-01 -2.819792446403e-01 7.477151e-01
1.100000 49.225000 6.838267275853e-01 -2.757968974066e-01 7.373486e-01
1.100000 49.250000 6.755484379237e-01 -2.694245359294e-01 7.272931e-01
1.100000 49.275000 6.676428884812e-01 -2.629082830504e-01 7.175429e-01
1.100000 49.300000 6.600758138469e-01 -2.562856919628e-01 7.080836e-01
1.100000 49.325000 6.528094300960e-01 -2.495851799796e-01 6.988941e-01
1.100000 49.350000 6.458042371851e-01 -2.428258006850e-01 6.899474e-01
1.100000 49.375000 6.390208085757e-01 -2.360173571745e-01 6.812135e-01
1.100000 49.400000 6.324215024312e-01 -2.291608456182e-01 6.726601e-01
1.100000 49.425000 6.259720323343e-01 -2.222492053617e-01 6.642557e-01
1.100000 49.450000 6.196428417284e-01 -2.152683397817e-01 6.559708e-01
1.100000 49.475000 6.134102348998e-01 -2.081983617096e-01 6.477798e-01
1.100000 49.500000 6.072572279122e-01 -2.010150088733e-01 6.396627e-01
1.100000 49.525000 6.011740949846e-01 -1.936911688658e-01 6.316063e-01
1.100000 49.550000 5.951585988208e-01 -1.861984498879e-01 6.236053e-01
1.100000 49.575000 5.892159067628e-01 -1.785087330751e-01 6.156629e-01
1.100000 49.600000 5.833582077310e-01 -1.705956445984e-01 6.077908e-01
1.100000 49.625000 5.776040571367e-01 -1.624358908148e-01 6.000099e-01
1.100000 49.650000 5.719774877362e-01 -1.540104072723e-01 5.923491e-01
1.100000 49.675000 5.665069332567e-01 -1.453052819734e-01 5.848450e-01
1.100000 49.700000 5.612240181384e-01 -1.363124245002e-01 5.775409e-01
1.100000 49.725000 5.561622706369e-01 -1.270299648306e-01 5.704850e-01
1.100000 49.750000 5.513558176380e-01 -1.174623783336e-01 5.637292e-01
1.100000 49.775000 5.468381178647e-01 -1.076203458715e-01 5.573276e-01
1.100000 49.800000 5.426407858097e-01 -9.752036953812e-02 5.513341e-01
1.100000 49.825000 5.387925520242e-01 -8.718417475607e-02 5.458008e-01
1.100000 49.850000 5.353183966964e-01 -7.663793774225e-02 5.407764e-01
1.100000 49.875000 5.322388833253e-01 -6.591138335093e-02 5.363045e-01
1.100000 49.900000 5.295697082726e-01 -5.503680177806e-02 5.324219e-01
1.100000 49.925000 5.273214707207e-01 -4.404803346068e-02 5.291580e-01
1.100000 49.950000 5.254996566755e-01 -3.297946980188e-02 5.265335e-01
1.100000 49.975000 5.241048207133e-01 -2.186511329074e-02 5.245607e-01
1.100000 50.000000 5.231329406810e-01 -1.073773453209e-02 5.232431e-01
1.100000 50.025000 5.225759139010e-01 3.718439277001e-04 5.225760e-01
1.100000 50.050000 5.224221588736e-01 1.143531576014e-02 5.225473e-01
1.100000 50.075000 5.226572841201e-01 2.242729894857e-02 5.231382e-01
1.100000 50.100000 5.232647856528e-01 3.332558089334e-02 5.243249e-01
1.100000 50.125000 5.242267364388e-01 4.411120618831e-02 5.260793e-01
1.100000 50.150000 5.255244348874e-01 5.476842034073e-02 5.283706e-01
1.100000 50.175000 5.271389844906e-01 6.528448901720e-02 5.311662e-01
1.100000 50.200000 5.290517828883e-01 7.564941716926e-02 5.344330e-01
1.100000 50.225000 5.312449054110e-01 8.585559551554e-02 5.381378e-01
1.100000 50.250000 5.337013751528e-01 9.589740330557e-02 5.422485e-01
1.100000 50.275000 5.364053184866e-01 1.057707961452e-01 5.467341e-01
1.100000 50.300000 5.393420113208e-01 1.154729060713e-01 5.515649e-01
1.100000 50.325000 5.424978270545e-01 1.250016782182e-01 5.567130e-01
1.100000 50.350000 5.458601019137e-01 1.343555645642e-01 5.621518e-01
1.100000 50.375000 5.494169370056e-01 1.435332906202e-01 5.678563e-01
1.100000 50.400000 5.531569589412e-01 1.525337057895e-01 5.738024e-01
1.100000 50.425000 5.570690622001e-01 1.613557227217e-01 5.799669e-01
1.100000 50.450000 5.611421565670e-01 1.699983455387e-01 5.863275e-01
1.100000 50.475000 5.653649419915e-01 1.784607815591e-01 5.928624e-01
1.100000 50.500000 5.697257311838e-01 1.867426262653e-01 5.995500e-01
1.100000 50.525000 5.742123372601e-01 1.948441069681e-01 6.063696e-01
1.100000 50.550000 5.788120399192e-01 2.027663670730e-01 6.133006e-01
1.100000 50.575000 5.835116391272e-01 2.105117702120e-01 6.203233e-01
1.100000 50.600000 5.882976002990e-01 2.180842019025e-01 6.274191e-01
1.100000 50.625000 5.931562897161e-01 2.254893459192e-01 6.345706e-01
1.100000 50.650000 5.980742936585e-01 2.327349132788e-01 6.417620e-01
1.100000 50.675000 6.030388097188e-01 2.398308036290e-01 6.489797e-01
1.100000 50.700000 6.080380942825e-01 2.467891818437e-01 6.562128e-01
1.100000 50.725000 6.130619464532e-01 2.536244566157e-01 6.634533e-01
1.100000 50.750000 6.181022060121e-01 2.603531526147e-01 6.706967e-01
1.100000 50.775000 6.231532414911e-01 2.669936730752e-01 6.779422e-01
1.100000 50.800000 6.282124042279e-01 2.735659551984e-01 6.851928e-01
1.100000 50.825000 6.332804253717e-01 2.800910261586e-01 6.924558e-01
1.100000 50.850000 6.383617351689e-01 2.865904724739e-01 6.997427e-01
1.100000 50.875000 6.434646873068e-01 2.930858397182e-01 7.070687e-01
1.100000 50.900000 6.486016754155e-01 2.995979827776e-01 7.144530e-01
1.100000 50.925000 6.537891337113e-01 3.061463888884e-01 7.219182e-01
1.100000 50.950000 6.590474188827e-01 3.127484964677e-01 7.294896e-01
1.100000 50.975000 6.644005753253e-01 3.194190322496e-01 7.371951e-01
1.100000 51.000000 6.698759903937e-01 3.261693875896e-01 7.450640e-01
1.100000 51.025000 6.755039501867e-01 3.330070521812e-01 7.531263e-01
1.100000 51.050000 6.813171092962e-01 3.399351201062e-01 7.614124e-01
1.100000 51.075000 6.873498898277e-01 3.469518794179e-01 7.699516e-01
1.100000 51.100000 6.936378258013e-01 3.540504926549e-01 7.787716e-01
1.100000 51.125000 7.002168688516e-01 3.612187721040e-01 7.878976e-01
1.100000 51.150000 7.071226701135e-01 3.684390505373e-01 7.973517e-01
1.100000 51.175000 7.143898515342e-01 3.756881457325e-01 8.071521e-01
1.100000 51.200000 7.220512778567e-01 3.829374154648e-01 8.173121e-01
1.100000 51.225000 7.301373384504e-01 3.901528988502e-01 8.278405e-01
1.100000 51.250000 7.386752463002e-01 3.972955398623e-01 8.387400e-01
1.100000 51.275000 7.476883600162e-01 4.043214893965e-01 8.500081e-01
1.100000 51.300000 7.571955338737e-01 4.111824832056e-01 8.616357e-01
1.100000 51.325000 7.672105007204e-01 4.178262941403e-01 8.736079e-01
1.100000 51.350000 7.777412931062e-01 4.241972581382e-01 8.859034e-01
1.100000 51.375000 7.887897091196e-01 4.302368740625e-01 8.984948e-01
1.100000 51.400000 8.003508310181e-01 4.358844775909e-01 9.113489e-01
1.100000 51.425000 8.124126065894e-01 4.410779887356e-01 9.244263e-01
1.100000 51.450000 8.249555050375e-01 4.457547311514e-01 9.376827e-01
1.100000 51.475000 8.379522607769e-01 4.498523191525e-01 9.510684e-01
1.100000 51.500000 8.513677195632e-01 4.533096053953e-01 9.645292e-01
1.100000 51.525000 8.651588016655e-01 4.560676786290e-01 9.780069e-01
1.100000 51.550000 8.792745960793e-01 4.580708970304e-01 9.914397e-01
1.100000 51.575000 8.936565979872e-01 4.592679386466e-01 1.004763e+00
1.100000 51.600000 9.082390987293e-01 4.596128467554e-01 1.017911e+00
1.100000 51.625000 9.229497335119e-01 4.590660447692e-01 1.030814e+00
1.100000 51.650000 9.377101870736e-01 4.575952930314e-01 1.043405e+00
1.100000 51.675000 9.524370517872e-01 4.551765587236e-01 1.055615e+00
1.100000 51.700000 9.670428264832e-01 4.517947703457e-01 1.067375e+00
1.100000 51.725000 9.814370380116e-01 4.474444299955e-01 1.078622e+00
1.100000 51.750000 9.955274615967e-01 4.421300599776e-01 1.089291e+00
1.100000 51.775000 1.009221410811e+00 4.358664650577e-01 1.099321e+00
1.100000 51.800000 1.022427063867e+00 4.286787977663e-01 1.108658e+00
1.100000 51.825000 1.035054790268e+00 4.206024212394e-01 1.117249e+00
1.100000 51.850000 1.047018440900e+00 4.116825718022e-01 1.125047e+00
1.100000 51.875000 1.058236565574e+00 4.019738313942e-01 1.132010e+00
1.100000 51.900000 1.068633524838e+00 3.915394275018e-01 1.138104e+00
1.100000 51.925000 1.078140467519e+00 3.804503850281e-01 1.143298e+00
1.100000 51.950000 1.086696151574e+00 3.687845600121e-01 1.147567e+00
1.100000 51.975000 1.094247593250e+00 3.566255889375e-01 1.150895e+00
1.100000 52.000000 1.100750537553e+00 3.440617892519e-01 1.153269e+00
1.100000 52.025000 1.106169751339e+00 3.311850465305e-01 1.154684e+00
1.100000 52.050000 1.110479148151e+00 3.180897214516e-01 1.155139e+00
1.100000 52.075000 1.113661760905e+00 3.048716056046e-01 1.154638e+00
1.100000 52.100000 1.115709584009e+00 2.916269494288e-01 1.153193e+00
1.100000 52.125000 1.116623310268e+00 2.784515787376e-01 1.150818e+00
1.100000 52.150000 1.116411989616e+00 2.654401088720e-01 1.147534e+00
1.100000 52.175000 1.115092636352e+00 2.526852581221e-01 1.143364e+00
1.100000 52.200000 1.112689809226e+00 2.402772552400e-01 1.138337e+00
1.100000 52.225000 1.109235184624e+00 2.283033301989e-01 1.132486e+00
1.100000 52.250000 1.104767137786e+00 2.168472732090e-01 1.125848e+00
1.100000 52.275000 1.099330340807e+00 2.059890447206e-01 1.118463e+00
1.100000 52.300000 1.092975379872e+00 1.958044188071e-01 1.110376e+00
1.100000 52.325000 1.085758388179e+00 1.863646438964e-01 1.101637e+00
1.100000 52.350000 1.077740685962e+00 1.777361080805e-01 1.092298e+00
1.100000 52.375000 1.068988415334e+00 1.699800008047e-01 1.082418e+00
1.100000 52.400000 1.059572155618e+00 1.631519681535e-01 1.072060e+00
1.100000 52.425000 1.049566504632e+00 1.573017646677e-01 1.061289e+00
1.100000 52.450000 1.039049612932e+00 1.524729100842e-01 1.050177e+00
1.100000 52.475000 1.028102661250e+00 1.487023640889e-01 1.038801e+00
1.100000 52.500000 1.016809275820e+00 1.460202356634e-01 1.027240e+00
1.100000 52.525000 1.005254881656e+00 1.444495455926e-01 1.015580e+00
1.100000 52.550000 9.935259996301e-01 1.440060610018e-01 1.003908e+00
1.100000 52.575000 9.817094987922e-01 1.446982193971e-01 9.923160e-01
1.100000 52.600000 9.698918204674e-01 1.465271567139e-01 9.808977e-01
1.100000 52.625000 9.581581946886e-01 1.494868495982e-01 9.697492e-01
1.100000 52.650000 9.465918722752e-01 1.535643768937e-01 9.589673e-01
1.100000 52.675000 9.352733971190e-01 1.587402995091e-01 9.486489e-01
1.100000 52.700000 9.242799429312e-01 1.649891519176e-01 9.388902e-01
1.100000 52.725000 9.136847369115e-01 1.722800329209e-01 9.297850e-01
1.100000 52.750000 9.035565896815e-01 1.805772783543e-01 9.214243e-01
1.100000 52.775000 8.939595466572e-01 1.898411944108e-01 9.138946e-01
1.100000 52.800000 8.849526710923e-01 2.000288274268e-01 9.072777e-01
1.100000 52.825000 8.765899636923e-01 2.110947443865e-01 9.016490e-01
1.100000 52.850000 8.689204182619e-01 2.229917980947e-01 8.970775e-01
1.100000 52.875000 8.619882076385e-01 2.356718518333e-01 8.936246e-01
1.100000 52.900000 8.558329894249e-01 2.490864402326e-01 8.913440e-01
1.100000 52.925000 8.504903169528e-01 2.631873458447e-01 8.902816e-01
1.100000 52.950000 8.459921376016e-01 2.779270742888e-01 8.904752e-01
1.100000 52.975000 8.423673581389e-01 2.932592146296e-01 8.919550e-01
1.100000 53.000000 8.396424551092e-01 3.091386756312e-01 8.947436e-01
1.100000 53.025000 8.378421074322e-01 3.255217925317e-01 8.988570e-01
1.100000 53.050000 8.369898282062e-01 3.423663028558e-01 9.043045e-01
1.100000 53.075000 8.371085730990e-01 3.596311934389e-01 9.110902e-01
1.100000 53.100000 8.382213035821e-01 3.772764242103e-01 9.192130e-01
1.100000 53.125000 8.403514844687e-01 3.952625373774e-01 9.286674e-01
1.100000 53.150000 8.435234967094e-01 4.135501634645e-01 9.394443e-01
1.100000 53.175000 8.477629480914e-01 4.320994382589e-01 9.515314e-01
1.100000 53.200000 8.530968663769e-01 4.508693471250e-01 9.649132e-01
1.100000 53.225000 8.595537615027e-01 4.698170154387e-01 9.795717e-01
1.100000 53.250000 8.671635457927e-01 4.888969660803e-01 9.954862e-01
1.100000 53.275000 8.759573037806e-01 5.080603670329e-01 1.012633e+00
1.100000 53.300000 8.859669062746e-01 5.272542941036e-01 1.030987e+00
1.100000 53.325000 8.972244668178e-01 5.464210355740e-01 1.050518e+00
1.100000 53.350000 9.097616427583e-01 5.654974670364e-01 1.071193e+00
1.100000 53.375000 9.236087877912e-01 5.844145256508e-01 1.092975e+00
1.100000 53.400000 9.387939680500e-01 6.030968133344e-01 1.115823e+00
1.100000 53.425000 9.553418595229e-01 6.214623577832e-01 1.139690e+00
1.100000 53.450000 9.732725506113e-01 6.394225584677e-01 1.164526e+00
1.100000 53.475000 9.926002797850e-01 6.568823416951e-01 1.190273e+00
1.100000 53.500000 1.013332144224e+00 6.737405442954e-01 1.216868e+00
1.100000 53.525000 1.035466820692e+00 6.898905394559e-01 1.244243e+00
1.100000 53.550000 1.058993344270e+00 7.052211106892e-01 1.272322e+00
1.100000 53.575000 1.083889993505e+00 7.196175710589e-01 1.301025e+00
1.100000 53.600000 1.110123331722e+00 7.329631148710e-01 1.330266e+00
1.100000 53.625000 1.137647453167e+00 7.451403784641e-01 1.359954e+00
1.100000 53.650000 1.166403479285e+00 7.560331760287e-01 1.389994e+00
1.100000 53.675000 1.196319344456e+00 7.655283661144e-01 1.420286e+00
1.100000 53.700000 1.227309902120e+00 7.735177953131e-01 1.450731e+00
1.100000 53.725000 1.259277371561e+00 7.799002581435e-01 1.481224e+00
1.100000 53.750000 1.292112133058e+00 7.845834070041e-01 1.511663e+00
1.100000 53.775000 1.325693865281e+00 7.874855436950e-01 1.541946e+00
1.100000 53.800000 1.359893004277e+00 7.885372247606e-01 1.571973e+00
1.100000 53.825000 1.394572489012e+00 7.876826169566e-01 1.601648e+00
1.100000 53.850000 1.429589744943e+00 7.848805464485e-01 1.630878e+00
1.100000 53.875000 1.464798845301e+00 7.801051956559e-01 1.659578e+00
1.100000 53.900000 1.500052780359e+00 7.733464145564e-01 1.687668e+00
1.100000 53.925000 1.535205758533e+00 7.646096281116e-01 1.715076e+00
1.100000 53.950000 1.570115460107e+00 7.539153375691e-01 1.741738e+00
1.100000 53.975000 1.604645164901e+00 7.412982298983e-01 1.767600e+00
1.100000 54.000000 1.638665679369e+00 7.268059256895e-01 1.792616e+00
1.100000 54.025000 1.672056996104e+00 7.104974106861e-01 1.816750e+00
1.100000 54.050000 1.704709629339e+00 6.924412089748e-01 1.839975e+00
1.100000 54.075000 1.736525583005e+00 6.727133661514e-01 1.862274e+00
1.100000 54.100000 1.767418922795e+00 6.513953180166e-01 1.883636e+00
1.100000 54.125000 1.797315939570e+00 6.285717242951e-01 1.904061e+00
1.100000 54.150000 1.826154907750e+00 6.043283473755e-01 1.923553e+00
1.100000 54.175000 1.853885458157e+00 5.787500532270e-01 1.942123e+00
1.100000 54.200000 1.880467599564e+00 5.519190056660e-01 1.959789e+00
1.100000 54.225000 1.905870436316e+00 5.239131163807e-01 1.976570e+00
1.100000 54.250000 1.930070640265e+00 4.948048020257e-01 1.992487e+00
1.100000 54.275000 1.953050743656e+00 4.646600867900e-01 2.007565e+00
1.100000 54.300000 1.974797325129e+00 4.335380747039e-01 2.021826e+00
1.100000 54.325000 1.995299163581e+00 4.014908011637e-01 2.035292e+00
1.100000 54.350000 2.014545434283e+00 3.685634583313e-01 2.047983e+00
1.100000 54.375000 2.032524018315e+00 3.347949747558e-01 2.059913e+00
1.100000 54.400000 2.049219990462e+00 3.002189163458e-01 2.071095e+00
1.100000 54.425000 2.064614342269e+00 2.648646641537e-01 2.081534e+00
1.100000 54.450000 2.078682986519e+00 2.287588147808e-01 2.091233e+00
1.100000 54.475000 2.091396077360e+00 1.919267419119e-01 2.100184e+00
1.100000 54.500000 2.102717667119e+00 1.543942528164e-01 2.108378e+00
1.100000 54.525000 2.112605707211e+00 1.161892717739e-01 2.115798e+00
1.100000 54.550000 2.121012386866e+00 7.734348333187e-02 2.122422e+00
1.100000 54.575000 2.127884790501e+00 3.789387200957e-02 2.128222e+00
1.100000 54.600000 2.133165842749e+00 -2.115898692907e-03 2.133167e+00
1.100000 54.625000 2.136795500192e+00 -4.263431667451e-02 2.137221e+00
1.100000 54.650000 2.138712141007e+00 -8.360109949527e-02 2.140345e+00
1.100000 54.675000 2.138854098368e+00 -1.249465476064e-01 2.142501e+00
1.100000 54.700000 2.137161280790e+00 -1.665911876236e-01 2.143644e+00
1.100000 54.725000 2.133576822598e+00 -2.084457087349e-01 2.143735e+00
1.100000 54.750000 2.128048710295e+00 -2.504111839965e-01 2.142731e+00
1.100000 54.775000 2.120531335474e+00 -2.923795581397e-01 2.140593e+00
1.100000 54.800000 2.110986931699e+00 -3.342343750583e-01 2.137283e+00
1.100000 54.825000 2.099386860919e+00 -3.758517117208e-01 2.132766e+00
1.100000 54.850000 2.085712724014e+00 -4.171012810576e-01 2.127010e+00
1.100000 54.875000 2.069957279311e+00 -4.578476644767e-01 2.119988e+00
1.100000 54.900000 2.052125161839e+00 -4.979516349532e-01 2.111676e+00
1.100000 54.925000 2.032233404289e+00 -5.372715339166e-01 2.102055e+00
1.100000 54.950000 2.010311767540e+00 -5.756646690798e-01 2.091111e+00
1.100000 54.975000 1.986402894021e+00 -6.129887055067e-01 2.078834e+00
1.100000 55.000000 1.960562300917e+00 -6.491030281576e-01 2.065221e+00
1.100000 55.025000 1.932858232130e+00 -6.838700604145e-01 2.050273e+00
1.100000 55.050000 1.903371388135e+00 -7.171565292221e-01 2.033995e+00
1.100000 55.075000 1.872194551541e+00 -7.488346731011e-01 2.016399e+00
1.100000 55.100000 1.839432123390e+00 -7.787833940318e-01 1.997502e+00
1.100000 55.125000 1.805199581536e+00 -8.068893578179e-01 1.977325e+00
1.100000 55.150000 1.769622867831e+00 -8.330480498085e-01 1.955897e+00
1.100000 55.175000 1.732837705977e+00 -8.571647936557e-01 1.933251e+00
1.100000 55.200000 1.694988846904e+00 -8.791557400719e-01 1.909425e+00
1.100000 55.225000 1.656229233869e+00 -8.989488303077e-01 1.884464e+00
1.100000 55.250000 1.616719075552e+00 -9.164847354228e-01 1.858420e+00
1.100000 55.275000 1.576624812425e+00 -9.317177674817e-01 1.831350e+00
1.100000 55.300000 1.536117960186e+00 -9.446167528187e-01 1.803319e+00
1.100000 55.325000 1.495373814082e+00 -9.551658507951e-01 1.774397e+00
1.100000 55.350000 1.454570000015e+00 -9.633652943936e-01 1.744662e+00
1.100000 55.375000 1.413884862403e+00 -9.692320220318e-01 1.714200e+00
1.100000 55.400000 1.373495685041e+00 -9.728001636670e-01 1.683101e+00
1.100000 55.425000 1.333576749530e+00 -9.741213392065e-01 1.651466e+00
1.100000 55.450000 1.294297246113e+00 -9.732647240023e-01 1.619398e+00
1.100000 55.475000 1.255819063408e+00 -9.703168354199e-01 1.587009e+00
1.100000 55.500000 1.218294496222e+00 -9.653809965993e-01 1.554414e+00
1.100000 55.525000 1.181863923439e+00 -9.585764389718e-01 1.521733e+00
1.100000 55.550000 1.146653520183e+00 -9.500370140560e-01 1.489089e+00
1.100000 55.575000 1.112773079043e+00 -9.399094974862e-01 1.456604e+00
1.100000 55.600000 1.080314023146e+00 -9.283514838884e-01 1.424400e+00
1.100000 55.625000 1.049347698426e+00 -9.155288894699e-01 1.392596e+00
1.100000 55.650000 1.019924032628e+00 -9.016130993120e-01 1.361305e+00
1.100000 55.675000 9.920706439869e-01 -8.867778171775e-01 1.330631e+00
1.100000 55.700000 9.657924726670e-01 -8.711956960184e-01 1.300668e+00
1.100000 55.725000 9.410719930955e-01 -8.550348459098e-01 1.271496e+00
1.100000 55.750000 9.178700455311e-01 -8.384553314878e-01 1.243178e+00
1.100000 55.775000 8.961273014243e-01 -8.216057819310e-01 1.215763e+00
1.100000 55.800000 8.757663503508e-01 -8.046202419663e-01 1.189277e+00
1.100000 55.825000 8.566943679387e-01 -7.876153915809e-01 1.163728e+00
1.100000 55.850000 8.388062957905e-01 -7.706882546269e-01 1.139103e+00
1.100000 55.875000 8.219884375997e-01 -7.539145023302e-01 1.115371e+00
1.100000 55.900000 8.061223521066e-01 -7.373474372474e-01 1.092481e+00
1.100000 55.925000 7.910889047541e-01 -7.210177173081e-01 1.070368e+00
1.100000 55.950000 7.767723271749e-01 -7.049338494249e-01 1.048955e+00
1.100000 55.975000 7.630641279228e-01 -6.890834492658e-01 1.028155e+00
1.100000 56.000000 7.498666997243e-01 -6.734352298642e-01 1.007877e+00
1.100000 56.025000 7.370964780953e-01 -6.579416486355e-01 9.880275e-01
1.100000 56.050000 7.246865231238e-01 -6.425421118583e-01 9.685200e-01
1.100000 56.075000 7.125884198126e-01 -6.271666094718e-01 9.492735e-01
1.100000 56.100000 7.007734214585e-01 -6.117396325934e-01 9.302197e-01
1.100000 56.125000 6.892327936725e-01 -5.961842126088e-01 9.113054e-01
1.100000 56.150000 6.779773521169e-01 -5.804259148274e-01 8.924951e-01
1.100000 56.175000 6.670362230415e-01 -5.643966218604e-01 8.737739e-01
1.100000 56.200000 6.564548903850e-01 -5.480379519850e-01 8.551483e-01
1.100000 56.225000 6.462926248092e-01 -5.313041753150e-01 8.366470e-01
1.100000 56.250000 6.366194169353e-01 -5.141645146938e-01 8.183211e-01
1.100000 56.275000 6.275125579244e-01 -4.966047476035e-01 8.002426e-01
1.100000 56.300000 6.190530243484e-01 -4.786280585883e-01 7.825033e-01
1.100000 56.325000 6.113218303982e-01 -4.602551269536e-01 7.652118e-01
1.100000 56.350000 6.043965086111e-01 -4.415234701119e-01 7.484906e-01
1.100000 56.375000 5.983478706468e-01 -4.224860970422e-01 7.324716e-01
1.100000 56.400000 5.932371827551e-01 -4.032095572581e-01 7.172923e-01
1.100000 56.425000 5.891138673946e-01 -3.837714968864e-01 7.030901e-01
1.100000 56.450000 5.860138142341e-01 -3.642578536856e-01 6.899971e-01
1.100000 56.475000 5.839583519898e-01 -3.447598361370e-01 6.781347e-01
1.100000 56.500000 5.829538989018e-01 -3.253708375207e-01 6.676087e-01
1.100000 56.525000 5.829922758883e-01 -3.061834339952e-01 6.585046e-01
1.100000 56.550000 5.840516342670e-01 -2.872866063278e-01 6.508839e-01
1.100000 56.575000 5.860979210601e-01 -2.687633087158e-01 6.447825e-01
1.100000 56.600000 5.890867807144e-01 -2.506884860653e-01 6.402093e-01
1.100000 56.625000 5.929657737658e-01 -2.331276144339e-01 6.371475e-01
1.100000 56.650000 5.976767813669e-01 -2.161358096080e-01 6.355566e-01
1.100000 56.675000 6.031584601391e-01 -1.997575176119e-01 6.353764e-01
1.100000 56.700000 6.093486145478e-01 -1.840267700330e-01 6.365309e-01
1.100000 56.725000 6.161863635864e-01 -1.689679580197e-01 6.389333e-01
1.100000 56.750000 6.236139942751e-01 -1.545970531538e-01 6.424910e-01
1.100000 56.775000 6.315784153026e-01 -1.409231823768e-01 6.471094e-01
1.100000 56.800000 6.400321487869e-01 -1.279504487056e-01 6.526963e-01
1.100000 56.825000 6.489338251620e-01 -1.156798802326e-01 6.591638e-01
1.100000 56.850000 6.582481741046e-01 -1.041113871168e-01 6.664307e-01
1.100000 56.875000 6.679455317006e-01 -9.324560981940e-02 6.744227e-01
1.100000 56.900000 6.780009093298e-01 -8.308555128726e-02 6.830728e-01
1.100000 56.925000 6.883926918099e-01 -7.363790039099e-02 6.923200e-01
1.100000 56.950000 6.991010502045e-01 -6.491397271726e-02 7.021083e-01
1.100000 56.975000 7.101061676715e-01 -5.693021667287e-02 7.123846e-01
1.100000 57.000000 7.213863843788e-01 -4.970825655599e-02 7.230970e-01
1.100000 57.025000 7.329163697410e-01 -4.327446855956e-02 7.341928e-01
1.100000 57.050000 7.446654271549e-01 -3.765910940689e-02 7.456171e-01
1.100000 57.075000 7.565960284482e-01 -3.289503940125e-02 7.573108e-01
1.100000 57.100000 7.686626629630e-01 -2.901610116156e-02 7.692101e-01
1.100000 57.125000 7.808110703455e-01 -2.605523146183e-02 7.812457e-01
1.100000 57.150000 7.929779075158e-01 -2.404239582018e-02 7.933423e-01
1.100000 57.175000 8.050908798969e-01 -2.300244342878e-02 8.054194e-01
1.100000 57.200000 8.170693456866e-01 -2.295298350121e-02 8.173917e-01
1.100000 57.225000 8.288253806967e-01 -2.390238314804e-02 8.291700e-01
1.100000 57.250000 8.402652709305e-01 -2.584798165477e-02 8.406627e-01
1.100000 57.275000 8.512913814193e-01 -2.877460686041e-02 8.517775e-01
1.100000 57.300000 8.618043336086e-01 -3.265346669036e-02 8.624227e-01
1.100000 57.325000 8.717054103775e-01 -3.744147336804e-02 8.725091e-01
1.100000 57.350000 8.808990980586e-01 -4.308104009738e-02 8.819519e-01
1.100000 57.375000 8.892956689414e-01 -4.950037082734e-02 8.906723e-01
1.100000 57.400000 8.968137058714e-01 -5.661424388073e-02 8.985989e-01
1.100000 57.425000 9.033824727089e-01 -6.432527057341e-02 9.056697e-01
1.100000 57.450000 9.089440404525e-01 -7.252559127376e-02 9.118329e-01
1.100000 57.475000 9.134550884540e-01 -8.109895441627e-02 9.170481e-01
1.100000 57.500000 9.168883128837e-01 -8.992310946779e-02 9.212873e-01
1.100000 57.525000 9.192333898732e-01 -9.887243331694e-02 9.245354e-01
1.100000 57.550000 9.204974578628e-01 -1.078207014416e-01 9.267906e-01
1.100000 57.575000 9.207051018436e-01 -1.166439107693e-01 9.280645e-01
1.100000 57.600000 9.198978406222e-01 -1.252230604666e-01 9.283818e-01
1.100000 57.625000 9.181331361571e-01 -1.334467998892e-01 9.277804e-01
1.100000 57.650000 9.154829606814e-01 -1.412138593339e-01 9.263101e-01
1.100000 57.675000 9.120319721147e-01 -1.484351886528e-01 9.240321e-01
1.100000 57.700000 9.078753606270e-01 -1.550357406991e-01 9.210178e-01
1.100000 57.725000 9.031164387958e-01 -1.609558503609e-01 9.173473e-01
1.100000 57.750000 8.978640543493e-01 -1.661521749604e-01 9.131081e-01
1.100000 57.775000 8.922299079442e-01 -1.705981773909e-01 9.083931e-01
1.100000 57.800000 8.863258588423e-01 -1.742841489118e-01 9.032987e-01
1.100000 57.825000 8.802612989183e-01 -1.772167834532e-01 8.979230e-01
1.100000 57.850000 8.741406704176e-01 -1.794183291116e-01 8.923636e-01
1.100000 57.875000 8.680611956407e-01 -1.809253548496e-01 8.867154e-01
1.100000 57.900000 8.621108776533e-01 -1.817871809458e-01 8.810685e-01
1.100000 57.925000 8.563668205988e-01 -1.820640302628e-01 8.755064e-01
1.100000 57.950000 8.508939066470e-01 -1.818249637867e-01 8.701039e-01
1.100000 57.975000 8.457438544269e-01 -1.811456680747e-01 8.649257e-01
1.100000 58.000000 8.409546713485e-01 -1.801061642352e-01 8.600250e-01
1.100000 58.025000 8.365504998591e-01 -1.787885078858e-01 8.554426e-01
1.100000 58.050000 8.325418457435e-01 -1.772745472978e-01 8.512063e-01
1.100000 58.075000 8.289261653686e-01 -1.756438027335e-01 8.473307e-01
1.100000 58.100000 8.256887785869e-01 -1.739715239969e-01 8.438175e-01
1.100000 58.125000 8.228040651271e-01 -1.723269756342e-01 8.406564e-01
1.100000 58.150000 8.202368949471e-01 -1.707719902705e-01 8.378255e-01
1.100000 58.175000 8.179442374408e-01 -1.693598205506e-01 8.352937e-01
1.100000 58.200000 8.158768907239e-01 -1.681343093700e-01 8.330212e-01
1.100000 58.225000 8.139812706046e-01 -1.671293869063e-01 8.309619e-01
1.100000 58.250000 8.122011993114e-01 -1.663688917709e-01 8.290654e-01
1.100000 58.275000 8.104796365740e-01 -1.658667027947e-01 8.272781e-01
1.100000 58.300000 8.087603001216e-01 -1.656271579206e-01 8.255456e-01
1.100000 58.325000 8.069891288880e-01 -1.656457277690e-01 8.238143e-01
1.100000 58.350000 8.051155499214e-01 -1.659099039786e-01 8.220323e-01
1.100000 58.375000 8.030935188846e-01 -1.664002566507e-01 8.201514e-01
1.100000 58.400000 8.008823137019e-01 -1.670916113260e-01 8.181272e-01
1.100000 58.425000 7.984470710081e-01 -1.679542939787e-01 8.159206e-01
1.100000 58.450000 7.957590651698e-01 -1.689553925402e-01 8.134976e-01
1.100000 58.475000 7.927957394156e-01 -1.700599853921e-01 8.108301e-01
1.100000 58.500000 7.895405076875e-01 -1.712322909611e-01 8.078952e-01
1.100000 58.525000 7.859823539303e-01 -1.724366978141e-01 8.046755e-01
1.100000 58.550000 7.821152623918e-01 -1.736386412697e-01 8.011583e-01
1.100000 58.575000 7.779375179577e-01 -1.748053002388e-01 7.973354e-01
1.100000 58.600000 7.734509194052e-01 -1.759060965273e-01 7.932019e-01
1.100000 58.625000 7.686599506579e-01 -1.769129878813e-01 7.887562e-01
1.100000 58.650000 7.635709555647e-01 -1.778005553442e-01 7.839985e-01
1.100000 58.675000 7.581913604023e-01 -1.785458947265e-01 7.789305e-01
1.100000 58.700000 7.525289852097e-01 -1.791283308586e-01 7.735547e-01
1.100000 58.725000 7.465914802583e-01 -1.795289814848e-01 7.678734e-01
1.100000 58.750000 7.403859175429e-01 -1.797302048434e-01 7.618886e-01
1.100000 58.775000 7.339185593144e-01 -1.797149708321e-01 7.556017e-01
1.100000 58.800000 7.271948165905e-01 -1.794661998748e-01 7.490130e-01
1.100000 58.825000 7.202194005942e-01 -1.789661158786e-01 7.421219e-01
1.100000 58.850000 7.129966595654e-01 -1.781956597889e-01 7.349272e-01
1.100000 58.875000 7.055310828471e-01 -1.771340080226e-01 7.274274e-01
1.100000 58.900000 6.978279440835e-01 -1.757582354629e-01 7.196213e-01
1.100000 58.925000 6.898940463400e-01 -1.740431557703e-01 7.115088e-01
1.100000 58.950000 6.817385245486e-01 -1.719613627418e-01 7.030918e-01
1.100000 58.975000 6.733736553946e-01 -1.694834856844e-01 6.943751e-01
1.100000 59.000000 6.648156220627e-01 -1.665786597622e-01 6.853672e-01
1.100000 59.025000 6.560851814510e-01 -1.632151996732e-01 6.760821e-01
1.100000 59.050000 6.472081847071e-01 -1.593614525160e-01 6.665392e-01
1.100000 59.075000 6.382159082048e-01 -1.549867940996e-01 6.567651e-01
1.100000 59.100000 6.291451611320e-01 -1.500627229760e-01 6.467940e-01
1.100000 59.125000 6.200381472559e-01 -1.445639988438e-01 6.366679e-01
1.100000 59.150000 6.109420715553e-01 -1.384697672397e-01 6.264376e-01
1.100000 59.175000 6.019084965034e-01 -1.317646110154e-01 6.161621e-01
1.100000 59.200000 5.929924669790e-01 -1.244394711799e-01 6.059086e-01
1.100000 59.225000 5.842514361886e-01 -1.164923852292e-01 5.957518e-01
1.100000 59.250000 5.757440367324e-01 -1.079289998136e-01 5.857729e-01
1.100000 59.275000 5.675287502678e-01 -9.876282601218e-02 5.760581e-01
1.100000 59.300000 5.596625354928e-01 -8.901521889717e-02 5.666973e-01
1.100000 59.325000 5.521994769764e-01 -7.871507765225e-02 5.577816e-01
1.100000 59.350000 5.451895165035e-01 -6.789827734168e-02 5.494013e-01
1.100000 59.375000 5.386773241423e-01 -5.660685757288e-02 5.416434e-01
1.100000 59.400000 5.327013584820e-01 -4.488800587301e-02 5.345893e-01
1.100000 59.425000 5.272931549385e-01 -3.279288383127e-02 5.283119e-01
1.100000 59.450000 5.224768683865e-01 -2.037535133585e-02 5.228740e-01
1.100000 59.475000 5.182690824835e-01 -7.690648150710e-03 5.183261e-01
1.100000 59.500000 5.146788837692e-01 5.205907541906e-03 5.147052e-01
1.100000 59.525000 5.117081848961e-01 1.826014710169e-02 5.120339e-01
1.100000 59.550000 5.093522689767e-01 3.142015564190e-02 5.103204e-01
1.100000 59.575000 5.076005167749e-01 4.463721121865e-02 5.095594e-01
1.100000 59.600000 5.064372708856e-01 5.786652874575e-02 5.097325e-01
1.100000 59.625000 5.058427865201e-01 7.106779068365e-02 5.108107e-01
1.100000 59.650000 5.057942172123e-01 8.420545930554e-02 5.127556e-01
1.100000 59.675000 5.062665856204e-01 9.724887772788e-02 5.155223e-01
1.100000 59.700000 5.072336943884e-01 1.101721781332e-01 5.190606e-01
1.100000 59.725000 5.086689392825e-01 1.229540250440e-01 5.233181e-01
1.100000 59.750000 5.105459959653e-01 1.355772286054e-01 5.282409e-01
1.100000 59.775000 5.128393621201e-01 1.480282672535e-01 5.337758e-01
1.100000 59.800000 5.155247474479e-01 1.602967607355e-01 5.398711e-01
1.100000 59.825000 5.185793145907e-01 1.723749332405e-01 5.464775e-01
1.100000 59.850000 5.219817835969e-01 1.842571026429e-01 5.535482e-01
1.100000 59.875000 5.257124205482e-01 1.959392259250e-01 5.610399e-01
1.100000 59.900000 5.297529369368e-01 2.074185232808e-01 5.689118e-01
1.100000 59.925000 5.340863300444e-01 2.186931948053e-01 5.771264e-01
1.100000 59.950000 5.386966957729e-01 2.297622347146e-01 5.856491e-01
1.100000 59.975000 5.435690442008e-01 2.406253393640e-01 5.944475e-01
1.100000 60.000000 5.486891447859e-01 2.512828975427e-01 6.034922e-01
1.100000 60.025000 5.540434229799e-01 2.617360451239e-01 6.127560e-01
1.100000 60.050000 5.596189235456e-01 2.719867615184e-01 6.222139e-01
1.100000 60.075000 5.654033486024e-01 2.820379827460e-01 6.318436e-01
1.100000 60.100000 5.713851709584e-01 2.918937053776e-01 6.416252e-01
1.100000 60.125000 5.775538161542e-01 3.015590570138e-01 6.515415e-01
1.100000 60.150000 5.838999003397e-01 3.110403121451e-01 6.615778e-01
1.100000 60.175000 5.904155060180e-01 3.203448368364e-01 6.717226e-01
1.100000 60.200000 5.970944741124e-01 3.294809512787e-01 6.819674e-01
1.100000 60.225000 6.039326888494e-01 3.384577054118e-01 6.923065e-01
1.100000 60.250000 6.109283316706e-01 3.472845690730e-01 7.027375e-01
1.100000 60.275000 6.180820816242e-01 3.559710440732e-01 7.132607e-01
1.100000 60.300000 6.253972422887e-01 3.645262108602e-01 7.238792e-01
1.100000 60.325000 6.328797789412e-01 3.729582267868e-01 7.345983e-01
1.100000 60.350000 6.405382541034e-01 3.812737962280e-01 7.454254e-01
1.100000 60.375000 6.483836544733e-01 3.894776348786e-01 7.563691e-01
1.100000 60.400000 6.564291072529e-01 3.975719514768e-01 7.674390e-01
1.100000 60.425000 6.646894888073e-01 4.055559700563e-01 7.786448e-01
1.100000 60.450000 6.731809331948e-01 4.134255147343e-01 7.899957e-01
1.100000 60.475000 6.819202522893e-01 4.211726771520e-01 8.014996e-01
1.100000 60.500000 6.909242828808e-01 4.287855841571e-01 8.131626e-01
1.100000 60.525000 7.002091792374e-01 4.362482802578e-01 8.249882e-01
1.100000 60.550000 7.097896721487e-01 4.435407359174e-01 8.369766e-01
1.100000 60.575000 7.196783174267e-01 4.506389889545e-01 8.491245e-01
1.100000 60.600000 7.298847582004e-01 4.575154222202e-01 8.614245e-01
1.100000 60.625000 7.404150260871e-01 4.641391763904e-01 8.738647e-01
1.100000 60.650000 7.512709063792e-01 4.704766921751e-01 8.864290e-01
1.100000 60.675000 7.624493916935e-01 4.764923715670e-01 8.990962e-01
1.100000 60.700000 7.739422469882e-01 4.821493430598e-01 9.118413e-01
1.100000 60.725000 7.857357063910e-01 4.874103111650e-01 9.246347e-01
1.100000 60.750000 7.978103188330e-01 4.922384662877e-01 9.374433e-01
1.100000 60.775000 8.101409550561e-01 4.965984272732e-01 9.502307e-01
1.100000 60.800000 8.226969832038e-01 5.004571860108e-01 9.629578e-01
1.100000 60.825000 8.354426140554e-01 5.037850216067e-01 9.755838e-01
1.100000 60.850000 8.483374102456e-01 5.065563510779e-01 9.880666e-01
1.100000 60.875000 8.613369468392e-01 5.087504844535e-01 1.000364e+00
1.100000 60.900000 8.743936037317e-01 5.103522547135e-01 1.012434e+00
1.100000 60.925000 8.874574639794e-01 5.113524971488e-01 1.024237e+00
1.100000 60.950000 9.004772867089e-01 5.117483584144e-01 1.035734e+00
1.100000 60.975000 9.134015190987e-01 5.115434225124e-01 1.046890e+00
1.100000 61.000000 9.261793094677e-01 5.107476488904e-01 1.057673e+00
1.100000 61.025000 9.387614828995e-01 5.093771263326e-01 1.068053e+00
1.100000 61.050000 9.511014422754e-01 5.074536548725e-01 1.078009e+00
1.100000 61.075000 9.631559610674e-01 5.050041760614e-01 1.087519e+00
1.100000 61.100000 9.748858395816e-01 5.020600790662e-01 1.096570e+00
1.100000 61.125000 9.862564033138e-01 4.986564157961e-01 1.105152e+00
1.100000 61.150000 9.972378302704e-01 4.948310621806e-01 1.113257e+00
1.100000 61.175000 1.007805303031e+00 4.906238645759e-01 1.120885e+00
1.100000 61.200000 1.017938990477e+00 4.860758099384e-01 1.128038e+00
1.100000 61.225000 1.027623872906e+00 4.812282558557e-01 1.134721e+00
1.100000 61.250000 1.036849432141e+00 4.761222519433e-01 1.140942e+00
1.100000 61.275000 1.045609234827e+00 4.707979777603e-01 1.146712e+00
1.100000 61.300000 1.053900441836e+00 4.652943146708e-01 1.152044e+00
1.100000 61.325000 1.061723279471e+00 4.596485604650e-01 1.156950e+00
1.100000 61.350000 1.069080508698e+00 4.538962865798e-01 1.161445e+00
1.100000 61.375000 1.075976926947e+00 4.480713289853e-01 1.165545e+00
1.100000 61.400000 1.082418933279e+00 4.422058957678e-01 1.169263e+00
1.100000 61.425000 1.088414182133e+00 4.363307676253e-01 1.172617e+00
1.100000 61.450000 1.093971343795e+00 4.304755623167e-01 1.175620e+00
1.100000 61.475000 1.099099981709e+00 4.246690308668e-01 1.178289e+00
1.100000 61.500000 1.103810548132e+00 4.189393522114e-01 1.180639e+00
1.100000 61.525000 1.108114491213e+00 4.133143940227e-01 1.182686e+00
1.100000 61.550000 1.112024458564e+00 4.078219105824e-01 1.184448e+00
1.100000 61.575000 1.115554575635e+00 4.024896535692e-01 1.185943e+00
1.100000 61.600000 1.118720771847e+00 3.973453781366e-01 1.187190e+00
1.100000 61.625000 1.121541123934e+00 3.924167342684e-01 1.188211e+00
1.100000 61.650000 1.124036184565e+00 3.877310415811e-01 1.189030e+00
1.100000 61.675000 1.126229264947e+00 3.833149539861e-01 1.189673e+00
1.100000 61.700000 1.128146642860e+00 3.791940283652e-01 1.190169e+00
1.100000 61.725000 1.129817672163e+00 3.753922181652e-01 1.190549e+00
1.100000 61.750000 1.131274775892e+00 3.719313181457e-01 1.190847e+00
1.100000 61.775000 1.132553312258e+00 3.688303900848e-01 1.191097e+00
1.100000 61.800000 1.133691310639e+00 3.661052008730e-01 1.191339e+00
1.100000 61.825000 1.134729082524e+00 3.637677040140e-01 1.191611e+00
1.100000 61.850000 1.135708719735e+00 3.618255932125e-01 1.191953e+00
1.100000 61.875000 1.136673498763e+00 3.602819526446e-01 1.192405e+00
1.100000 61.900000 1.137667215183e+00 3.591350230183e-01 1.193007e+00
1.100000 61.925000 1.138733475651e+00 3.583780960551e-01 1.193796e+00
1.100000 61.950000 1.139914976765e+00 3.579995430113e-01 1.194810e+00
1.100000 61.975000 1.141252800036e+00 3.579829757949e-01 1.196081e+00
1.100000 62.000000 1.142785750467e+00 3.583075325930e-01 1.197641e+00
1.100000 62.025000 1.144549763049e+00 3.589482740722e-01 1.199516e+00
1.100000 62.050000 1.146577397041e+00 3.598766714925e-01 1.201728e+00
1.100000 62.075000 1.148897432697e+00 3.610611646808e-01 1.204297e+00
1.100000 62.100000 1.151534579422e+00 3.624677658420e-01 1.207234e+00
1.100000 62.125000 1.154509298603e+00 3.640606846341e-01 1.210550e+00
1.100000 62.150000 1.157837738893e+00 3.658029507126e-01 1.214249e+00
1.100000 62.175000 1.161531776812e+00 3.676570118567e-01 1.218330e+00
1.100000 62.200000 1.165599151367e+00 3.695852886292e-01 1.222790e+00
1.100000 62.225000 1.170043678094e+00 3.715506700363e-01 1.227621e+00
1.100000 62.250000 1.174865525599e+00 3.735169385973e-01 1.232811e+00
1.100000 62.275000 1.180061536229e+00 3.754491174049e-01 1.238349e+00
1.100000 62.300000 1.185625572030e+00 3.773137359478e-01 1.244216e+00
1.100000 62.325000 1.191548867386e+00 3.790790155445e-01 1.250396e+00
1.100000 62.350000 1.197820370830e+00 3.807149790822e-01 1.256868e+00
1.100000 62.375000 1.204427060206e+00 3.821934932737e-01 1.263612e+00
1.100000 62.400000 1.211354217686e+00 3.834882547759e-01 1.270607e+00
1.100000 62.425000 1.218585654070e+00 3.845747341577e-01 1.277830e+00
1.100000 62.450000 1.226103875140e+00 3.854300938100e-01 1.285258e+00
1.100000 62.475000 1.233890186744e+00 3.860330973132e-01 1.292868e+00
1.100000 62.500000 1.241924739431e+00 3.863640284466e-01 1.300636e+00
1.100000 62.525000 1.250186517959e+00 3.864046377860e-01 1.308539e+00
1.100000 62.550000 1.258653285441e+00 3.861381336009e-01 1.316553e+00
1.100000 62.575000 1.267301496290e+00 3.855492314452e-01 1.324651e+00
1.100000 62.600000 1.276106196005e+00 3.846242734175e-01 1.332810e+00
1.100000 62.625000 1.285040929043e+00 3.833514235886e-01 1.341003e+00
1.100000 62.650000 1.294077678201e+00 3.817209406984e-01 1.349203e+00
1.100000 62.675000 1.303186859761e+00 3.797255231455e-01 1.357383e+00
1.100000 62.700000 1.312337398008e+00 3.773607148442e-01 1.365515e+00
1.100000 62.725000 1.321496900379e+00 3.746253541152e-01 1.373571e+00
1.100000 62.750000 1.330631950464e+00 3.715220418505e-01 1.381525e+00
1.100000 62.775000 1.339708530463e+00 3.680576002132e-01 1.389347e+00
1.100000 62.800000 1.348692577717e+00 3.642434895421e-01 1.397013e+00
1.100000 62.825000 1.357550671993e+00 3.600961492965e-01 1.404497e+00
1.100000 62.850000 1.366250841698e+00 3.556372290646e-01 1.411779e+00
1.100000 62.875000 1.374763468782e+00 3.508936780004e-01 1.418838e+00
1.100000 62.900000 1.383062264223e+00 3.458976655268e-01 1.425660e+00
1.100000 62.925000 1.391125279343e+00 3.406863125478e-01 1.432235e+00
1.100000 62.950000 1.398935913120e+00 3.353012204315e-01 1.438558e+00
1.100000 62.975000 1.406483872740e+00 3.297877941672e-01 1.444630e+00
1.100000 63.000000 1.413766043867e+00 3.241943658307e-01 1.450461e+00
1.100000 63.025000 1.420787228801e+00 3.185711341804e-01 1.456065e+00
1.100000 63.050000 1.427560714630e+00 3.129689452616e-01 1.461465e+00
1.100000 63.075000 1.434108639433e+00 3.074379467549e-01 1.466692e+00
1.100000 63.100000 1.440462132239e+00 3.020261549926e-01 1.471785e+00
1.100000 63.125000 1.446661211181e+00 2.967779777575e-01 1.476789e+00
1.100000 63.150000 1.452754433664e+00 2.917327379642e-01 1.481757e+00
1.100000 63.175000 1.458798301711e+00 2.869232430957e-01 1.486747e+00
1.100000 63.200000 1.464856434510e+00 2.823744429189e-01 1.491824e+00
1.100000 63.225000 1.470998527925e+00 2.781022138323e-01 1.497056e+00
1.100000 63.250000 1.477299127153e+00 2.741123025509e-01 1.502515e+00
1.100000 63.275000 1.483836243364e+00 2.703994551795e-01 1.508272e+00
1.100000 63.300000 1.490689848018e+00 2.669467505547e-01 1.514403e+00
1.100000 63.325000 1.497940279653e+00 2.637251495360e-01 1.520979e+00
1.100000 63.350000 1.505666597274e+00 2.606932651703e-01 1.528068e+00
1.100000 63.375000 1.513944912508e+00 2.577973527074e-01 1.535737e+00
1.100000 63.400000 1.522846729561e+00 2.549715136319e-01 1.544044e+00
1.100000 63.425000 1.532437318233e+00 2.521381043590e-01 1.553041e+00
1.100000 63.450000 1.542774141237e+00 2.492083381001e-01 1.562772e+00
1.100000 63.475000 1.553905353166e+00 2.460830675664e-01 1.573270e+00
1.100000 63.500000 1.565868385082e+00 2.426537365170e-01 1.584558e+00
1.100000 63.525000 1.578688626217e+00 2.388034893463e-01 1.596648e+00
1.100000 63.550000 1.592378212763e+00 2.344084296691e-01 1.609539e+00
1.100000 63.575000 1.606934933443e+00 2.293390207836e-01 1.623218e+00
1.100000 63.600000 1.622341262376e+00 2.234616225493e-01 1.637659e+00
1.100000 63.625000 1.638563531627e+00 2.166401602587e-01 1.652823e+00
1.100000 63.650000 1.655551258474e+00 2.087379211285e-01 1.668659e+00
1.100000 63.675000 1.673236645500e+00 1.996194728269e-01 1.685102e+00
1.100000 63.700000 1.691534274752e+00 1.891526958292e-01 1.702077e+00
1.100000 63.725000 1.710341019839e+00 1.772109173247e-01 1.719497e+00
1.100000 63.750000 1.729536201573e+00 1.636751289421e-01 1.737264e+00
1.100000 63.775000 1.748982013148e+00 1.484362640353e-01 1.755270e+00
1.100000 63.800000 1.768524239372e+00 1.313975029716e-01 1.773399e+00
1.100000 63.825000 1.787993291063e+00 1.124765673587e-01 1.791528e+00
1.100000 63.850000 1.807205570061e+00 9.160795695922e-02 1.809526e+00
1.100000 63.875000 1.825965172548e+00 6.874507683248e-02 1.827259e+00
1.100000 63.900000 1.844065928625e+00 4.386219760282e-02 1.844587e+00
1.100000 63.925000 1.861293764881e+00 1.695618927310e-02 1.861371e+00
1.100000 63.950000 1.877429364376e+00 -1.195203089538e-02 1.877467e+00
1.100000 63.975000 1.892251085904e+00 -4.281639290421e-02 1.892735e+00
1.100000 64.000000 1.905538092249e+00 -7.556496137474e-02 1.907036e+00
1.100000 64.025000 1.917073626180e+00 -1.100996572458e-01 1.920233e+00
1.100000 64.050000 1.926648364011e+00 -1.462964437754e-01 1.932195e+00
1.100000 64.075000 1.934063770188e+00 -1.840059931867e-01 1.942797e+00
1.100000 64.100000 1.939135373184e+00 -2.230548352933e-01 1.951922e+00
1.100000 64.125000 1.941695883227e+00 -2.632469738591e-01 1.959460e+00
1.100000 64.150000 1.941598076150e+00 -3.043659411761e-01 1.965310e+00
1.100000 64.175000 1.938717374793e+00 -3.461772472658e-01 1.969382e+00
1.100000 64.200000 1.932954069447e+00 -3.884311680358e-01 1.971596e+00
1.100000 64.225000 1.924235131313e+00 -4.308658073297e-01 1.971884e+00
1.100000 64.250000 1.912515586924e+00 -4.732103615798e-01 1.970189e+00
1.100000 64.275000 1.897779436311e+00 -5.151885129862e-01 1.966465e+00
1.100000 64.300000 1.880040112186e+00 -5.565218777981e-01 1.960680e+00
1.100000 64.325000 1.859340491014e+00 -5.969334401556e-01 1.952812e+00
1.100000 64.350000 1.835752478519e+00 -6.361509085967e-01 1.942852e+00
1.100000 64.375000 1.809376201543e+00 -6.739099411147e-01 1.930802e+00
1.100000 64.400000 1.780338844612e+00 -7.099571948019e-01 1.916676e+00
1.100000 64.425000 1.748793173230e+00 -7.440531667950e-01 1.900498e+00
1.100000 64.450000 1.714915786478e+00 -7.759748036313e-01 1.882305e+00
1.100000 64.475000 1.678905139678e+00 -8.055178654595e-01 1.862144e+00
1.100000 64.500000 1.640979373814e+00 -8.324990392008e-01 1.840073e+00
1.100000 64.525000 1.601373983010e+00 -8.567578002682e-01 1.816159e+00
1.100000 64.550000 1.560339345147e+00 -8.781580255691e-01 1.790480e+00
1.100000 64.575000 1.518138134659e+00 -8.965893612265e-01 1.763127e+00
1.100000 64.600000 1.475042631200e+00 -9.119683469251e-01 1.734196e+00
1.100000 64.625000 1.431331933981e+00 -9.242392954427e-01 1.703799e+00
1.100000 64.650000 1.387289089612e+00 -9.333749212860e-01 1.672053e+00
1.100000 64.675000 1.343198141548e+00 -9.393767071142e-01 1.639088e+00
1.100000 64.700000 1.299341111845e+00 -9.422749915180e-01 1.605045e+00
1.100000 64.725000 1.255994930807e+00 -9.421287574870e-01 1.570073e+00
1.100000 64.750000 1.213428336874e+00 -9.390250982040e-01 1.534333e+00
1.100000 64.775000 1.171898777389e+00 -9.330783362950e-01 1.497993e+00
1.100000 64.800000 1.131649349879e+00 -9.244287746816e-01 1.461232e+00
1.100000 64.825000 1.092905832616e+00 -9.132410620840e-01 1.424237e+00
1.100000 64.850000 1.055873861501e+00 -8.997021639456e-01 1.387204e+00
1.100000 64.875000 1.020736317109e+00 -8.840189399897e-01 1.350330e+00
1.100000 64.900000 9.876509901091e-01 -8.664153423290e-01 1.313823e+00
1.100000 64.925000 9.567485947420e-01 -8.471292624608e-01 1.277887e+00
1.100000 64.950000 9.281311980199e-01 -8.264090708245e-01 1.242731e+00
1.100000 64.975000 9.018711265609e-01 -8.045099080125e-01 1.208556e+00
1.100000 65.000000 8.780104034377e-01 -7.816898012187e-01 1.175560e+00
1.100000 65.025000 8.565607542663e-01 -7.582056921853e-01 1.143928e+00
1.100000 65.050000 8.375042054530e-01 -7.343094728015e-01 1.113833e+00
1.100000 65.075000 8.207942786845e-01 -7.102441308660e-01 1.085426e+00
1.100000 65.100000 8.063577652674e-01 -6.862401107056e-01 1.058838e+00
1.100000 65.125000 7.940970427814e-01 -6.625119909543e-01 1.034172e+00
1.100000 65.150000 7.838928758145e-01 -6.392555746896e-01 1.011502e+00
1.100000 65.175000 7.756076234231e-01 -6.166454754075e-01 9.908677e-01
1.100000 65.200000 7.690887594636e-01 -5.948332664175e-01 9.722778e-01
1.100000 65.225000 7.641725990706e-01 -5.739462417907e-01 9.557060e-01
1.100000 65.250000 7.606881160604e-01 -5.540868149082e-01 9.410944e-01
1.100000 65.275000 7.584607325150e-01 -5.353325569725e-01 9.283553e-01
1.100000 65.300000 7.573159635023e-01 -5.177368537650e-01 9.173761e-01
1.100000 65.325000 7.570828068256e-01 -5.013301356613e-01 9.080233e-01
1.100000 65.350000 7.575967795732e-01 -4.861216146580e-01 9.001484e-01
1.100000 65.375000 7.587025194520e-01 -4.721014440012e-01 8.935935e-01
1.100000 65.400000 7.602558886516e-01 -4.592432018518e-01 8.881967e-01
1.100000 65.425000 7.621255402340e-01 -4.475065909941e-01 8.837972e-01
1.100000 65.450000 7.641939306695e-01 -4.368402422757e-01 8.802396e-01
1.100000 65.475000 7.663577859039e-01 -4.271845104583e-01 8.773773e-01
1.100000 65.500000 7.685280510431e-01 -4.184741572611e-01 8.750748e-01
1.100000 65.525000 7.706293742840e-01 -4.106408272068e-01 8.732099e-01
1.100000 65.550000 7.725991930792e-01 -4.036152367464e-01 8.716735e-01
1.100000 65.575000 7.743865039527e-01 -3.973290151809e-01 8.703705e-01
1.100000 65.600000 7.759504063056e-01 -3.917161561192e-01 8.692184e-01
1.100000 65.625000 7.772585146599e-01 -3.867140594812e-01 8.681466e-01
1.100000 65.650000 7.782853330713e-01 -3.822641653031e-01 8.670951e-01
1.100000 65.675000 7.790106800745e-01 -3.783122006996e-01 8.660126e-01
1.100000 65.700000 7.794182429905e-01 -3.748080793394e-01 8.648548e-01
1.100000 65.725000 7.794943273478e-01 -3.717055078325e-01 8.635835e-01
1.100000 65.750000 7.792268513763e-01 -3.689613648481e-01 8.621641e-01
1.100000 65.775000 7.786046179375e-01 -3.665349261372e-01 8.605655e-01
1.100000 65.800000 7.776168778463e-01 -3.643870116779e-01 8.587583e-01
1.100000 65.825000 7.762531803364e-01 -3.624791299026e-01 8.567147e-01
1.100000 65.850000 7.745034893565e-01 -3.607726886216e-01 8.544077e-01
1.100000 65.875000 7.723585293814e-01 -3.592283332540e-01 8.518114e-01
1.100000 65.900000 7.698103121892e-01 -3.578054609356e-01 8.489009e-01
1.100000 65.925000 7.668527872210e-01 -3.564619447489e-01 8.456526e-01
1.100000 65.950000 7.634825530738e-01 -3.551540865873e-01 8.420451e-01
1.100000 65.975000 7.596995665734e-01 -3.538368009749e-01 8.380596e-01
1.100000 66.000000 7.555077886930e-01 -3.524640164409e-01 8.336803e-01
1.100000 66.025000 7.509157130468e-01 -3.509892667357e-01 8.288956e-01
1.100000 66.050000 7.459367323369e-01 -3.493664320774e-01 8.236981e-01
1.100000 66.075000 7.405893103019e-01 -3.475505814254e-01 8.180855e-01
1.100000 66.100000 7.348969405859e-01 -3.454988609968e-01 8.120609e-01
1.100000 66.125000 7.288878886428e-01 -3.431713721607e-01 8.056328e-01
1.100000 66.150000 7.225947273206e-01 -3.405319835108e-01 7.988149e-01
1.100000 66.175000 7.160536902413e-01 -3.375490271651e-01 7.916263e-01
1.100000 66.200000 7.093038786109e-01 -3.341958377243e-01 7.840911e-01
1.100000 66.225000 7.023863659713e-01 -3.304511032431e-01 7.762374e-01
1.100000 66.250000 6.953432510807e-01 -3.262990102259e-01 7.680972e-01
1.100000 66.275000 6.882167113006e-01 -3.217291781612e-01 7.597051e-01
1.100000 66.300000 6.810481074935e-01 -3.167363925142e-01 7.510982e-01
1.100000 66.325000 6.738771866928e-01 -3.113201574759e-01 7.423144e-01
1.100000 66.350000 6.667414211367e-01 -3.054841003041e-01 7.333926e-01
1.100000 66.375000 6.596755122725e-01 -2.992352670853e-01 7.243711e-01
1.100000 66.400000 6.527110768400e-01 -2.925833547424e-01 7.152879e-01
1.100000 66.425000 6.458765200034e-01 -2.855399258463e-01 7.061795e-01
1.100000 66.450000 6.391970886242e-01 -2.781176512907e-01 6.970813e-01
1.100000 66.475000 6.326950869964e-01 -2.703296213942e-01 6.880270e-01
1.100000 66.500000 6.263902284548e-01 -2.621887589920e-01 6.790491e-01
1.100000 66.525000 6.203000897517e-01 -2.537073592177e-01 6.701788e-01
1.100000 66.550000 6.144406313558e-01 -2.448967707249e-01 6.614467e-01
1.100000 66.575000 6.088267459521e-01 -2.357672228787e-01 6.528830e-01
1.100000 66.600000 6.034727993001e-01 -2.263277937717e-01 6.445182e-01
1.100000 66.625000 5.983931318912e-01 -2.165865054943e-01 6.363836e-01
1.100000 66.650000 5.936024960194e-01 -2.065505264939e-01 6.285118e-01
1.100000 66.675000 5.891164102778e-01 -1.962264564831e-01 6.209372e-01
1.100000 66.700000 5.849514214123e-01 -1.856206673664e-01 6.136963e-01
1.100000 66.725000 5.811252711778e-01 -1.747396740113e-01 6.068283e-01
1.100000 66.750000 5.776569726997e-01 -1.635905111377e-01 6.003744e-01
1.100000 66.775000 5.745668063157e-01 -1.521810967154e-01 5.943788e-01
1.100000 66.800000 5.718762485888e-01 -1.405205675015e-01 5.888875e-01
1.100000 66.825000 5.696078499652e-01 -1.286195780912e-01 5.839487e-01
1.100000 66.850000 5.677850764160e-01 -1.164905604834e-01 5.796119e-01
1.100000 66.875000 5.664321285630e-01 -1.041479461030e-01 5.759272e-01
1.100000 66.900000 5.655737485954e-01 -9.160835600827e-02 5.729448e-01
1.100000 66.925000 5.652350212230e-01 -7.889076732903e-02 5.707139e-01
1.100000 66.950000 5.654411705130e-01 -6.601666467675e-02 5.692819e-01
1.100000 66.975000 5.662173502699e-01 -5.301018437409e-02 5.686934e-01
1.100000 67.000000 5.675884221321e-01 -3.989825705540e-02 5.689890e-01
1.100000 67.025000 5.695787131775e-01 -2.671075083665e-02 5.702047e-01
1.100000 67.050000 5.722117438136e-01 -1.348061326827e-02 5.723705e-01
1.100000 67.075000 5.755099171853e-01 -2.440061626966e-04 5.755100e-01
1.100000 67.100000 5.794941632195e-01 1.295957638648e-02 5.796391e-01
1.100000 67.125000 5.841835335329e-01 2.608721946398e-02 5.847657e-01
1.100000 67.150000 5.895947474278e-01 3.909254279517e-02 5.908893e-01
1.100000 67.175000 5.957416936950e-01 5.192571523698e-02 5.980004e-01
1.100000 67.200000 6.026348974501e-01 6.453354239549e-02 6.060804e-01
1.100000 67.225000 6.102809653324e-01 7.685963918347e-02 6.151018e-01
1.100000 67.250000 6.186820256666e-01 8.884469569822e-02 6.250287e-01
1.100000 67.275000 6.278351823478e-01 1.004268405346e-01 6.358165e-01
1.100000 67.300000 6.377320020563e-01 1.115421009467e-01 6.474131e-01
1.100000 67.325000 6.483580538986e-01 1.221249545508e-01 6.597596e-01
1.100000 67.350000 6.596925187883e-01 1.321089629431e-01 6.727905e-01
1.100000 67.375000 6.717078830336e-01 1.414274740245e-01 6.864351e-01
1.100000 67.400000 6.843697269890e-01 1.500143772677e-01 7.006185e-01
1.100000 67.425000 6.976366156216e-01 1.578048947544e-01 7.152617e-01
1.100000 67.450000 7.114600938237e-01 1.647363905895e-01 7.302832e-01
1.100000 67.475000 7.257847856246e-01 1.707491821579e-01 7.455997e-01
1.100000 67.500000 7.405485934268e-01 1.757873384188e-01 7.611264e-01
1.100000 67.525000 7.556829912059e-01 1.797994527419e-01 7.767784e-01
1.100000 67.550000 7.711134043854e-01 1.827393803531e-01 7.924705e-01
1.100000 67.575000 7.867596687827e-01 1.845669329269e-01 8.081186e-01
1.100000 67.600000 8.025365615081e-01 1.852485249482e-01 8.236395e-01
1.100000 67.625000 8.183543977413e-01 1.847577679208e-01 8.389513e-01
1.100000 67.650000 8.341196886373e-01 1.830760092011e-01 8.539745e-01
1.100000 67.675000 8.497358568984e-01 1.801928121432e-01 8.686314e-01
1.100000 67.700000 8.651040074995e-01 1.761063734458e-01 8.828468e-01
1.100000 67.725000 8.801237514104e-01 1.708238722829e-01 8.965482e-01
1.100000 67.750000 8.946940797542e-01 1.643617442242e-01 9.096660e-01
1.100000 67.775000 9.087142846050e-01 1.567458714441e-01 9.221339e-01
1.100000 67.800000 9.220849205994e-01 1.480116795705e-01 9.338887e-01
1.100000 67.825000 9.347087988668e-01 1.382041310497e-01 9.448708e-01
1.100000 67.850000 9.464920017323e-01 1.273776053102e-01 9.550247e-01
1.100000 67.875000 9.573449035011e-01 1.155956574419e-01 9.642985e-01
1.100000 67.900000 9.671831797689e-01 1.029306495872e-01 9.726449e-01
1.100000 67.925000 9.759287854540e-01 8.946325266607e-02 9.800207e-01
1.100000 67.950000 9.835108804035e-01 7.528182024037e-02 9.863879e-01
1.100000 67.975000 9.898666812531e-01 6.048164095021e-02 9.917127e-01
1.100000 68.000000 9.949422192941e-01 4.516408067775e-02 9.959668e-01
1.100000 68.025000 9.986929864827e-01 2.943563001677e-02 9.991267e-01
1.100000 68.050000 1.001084455259e+00 1.340687636975e-02 1.001174e+00
1.100000 68.075000 1.002092462324e+00 -2.808577274153e-03 1.002096e+00
1.100000 68.100000 1.001703451630e+00 -1.909522336087e-02 1.001885e+00
1.100000 68.125000 9.999145771387e-01 -3.533676701904e-02 1.000539e+00
1.100000 68.150000 9.967336710806e-01 -5.141722733793e-02 9.980590e-01
1.100000 68.175000 9.921790879142e-01 -6.722200319026e-02 9.944537e-01
1.100000 68.200000 9.862794377862e-01 -8.263888792617e-02 9.897355e-01
1.100000 68.225000 9.790732255414e-01 -9.755902185707e-02 9.839218e-01
1.100000 68.250000 9.706084121779e-01 -1.118777764121e-01 9.770350e-01
1.100000 68.275000 9.609419149688e-01 -1.254955687462e-01 9.691019e-01
1.100000 68.300000 9.501390603640e-01 -1.383186099564e-01 9.601543e-01
1.100000 68.325000 9.382730004487e-01 -1.502595935159e-01 9.502285e-01
1.100000 68.350000 9.254240994965e-01 -1.612383327102e-01 9.393655e-01
1.100000 68.375000 9.116792924068e-01 -1.711823565326e-01 9.276112e-01
1.100000 68.400000 8.971314120460e-01 -1.800274725403e-01 9.150162e-01
1.100000 68.425000 8.818784782064e-01 -1.877183026184e-01 9.016362e-01
1.100000 68.450000 8.660229375315e-01 -1.942087936104e-01 8.875318e-01
1.100000 68.475000 8.496708417601e-01 -1.994626996590e-01 8.727691e-01
1.100000 68.500000 8.329309513358e-01 -2.034540272680e-01 8.574191e-01
1.100000 68.525000 8.159137530307e-01 -2.061674280625e-01 8.415582e-01
1.100000 68.550000 7.987303837897e-01 -2.075985185507e-01 8.252681e-01
1.100000 68.575000 7.814914584251e-01 -2.077541014496e-01 8.086351e-01
1.100000 68.600000 7.643058058182e-01 -2.066522598765e-01 7.917503e-01
1.100000 68.625000 7.472791264945e-01 -2.043222943975e-01 7.747088e-01
1.100000 68.650000 7.305125932951e-01 -2.008044739184e-01 7.576088e-01
1.100000 68.675000 7.141014257261e-01 -1.961495748963e-01 7.405508e-01
1.100000 68.700000 6.981334767324e-01 -1.904181893760e-01 7.236363e-01
1.100000 68.725000 6.826878774080e-01 -1.836797907282e-01 7.069661e-01
1.100000 68.750000 6.678337898801e-01 -1.760115563418e-01 6.906389e-01
1.100000 68.775000 6.536293207137e-01 -1.674969583377e-01 6.747492e-01
1.100000 68.800000 6.401206463043e-01 -1.582241459497e-01 6.593856e-01
1.100000 68.825000 6.273413976197e-01 -1.482841557528e-01 6.446281e-01
1.100000 68.850000 6.153123443463e-01 -1.377689975534e-01 6.305470e-01
1.100000 68.875000 6.040414082218e-01 -1.267696736533e-01 6.172006e-01
1.100000 68.900000 5.935240225684e-01 -1.153741965876e-01 6.046337e-01
1.100000 68.925000 5.837438404413e-01 -1.036656746636e-01 5.928773e-01
1.100000 68.950000 5.746737782310e-01 -9.172053527990e-02 5.819473e-01
1.100000 68.975000 5.662773659231e-01 -7.960695283025e-02 5.718455e-01
1.100000 69.000000 5.585103605338e-01 -6.738354107583e-02 5.625605e-01
1.100000 69.025000 5.513225664335e-01 -5.509835948969e-02 5.540690e-01
1.100000 69.050000 5.446597962061e-01 -4.278826980310e-02 5.463379e-01
1.100000 69.075000 5.384658990312e-01 -3.047866358830e-02 5.393278e-01
1.100000 69.100000 5.326847807701e-01 -1.818356511808e-02 5.329950e-01
1.100000 69.125000 5.272623411746e-01 -5.906096973618e-03 5.272954e-01
1.100000 69.150000 5.221482588179e-01 6.360720045218e-03 5.221870e-01
1.100000 69.175000 5.172975631079e-01 1.863287524630e-02 5.176330e-01
1.100000 69.200000 5.126719444810e-01 3.093403858918e-02 5.136044e-01
1.100000 69.225000 5.082407677736e-01 4.329405558443e-02 5.100814e-01
1.100000 69.250000 5.039817689112e-01 5.574733317154e-02 5.070556e-01
1.100000 69.275000 4.998814304401e-01 6.833118388923e-02 5.045301e-01
1.100000 69.300000 4.959350460921e-01 8.108419269970e-02 5.025199e-01
1.100000 69.325000 4.921464976420e-01 9.404466462767e-02 5.010515e-01
1.100000 69.350000 4.885277780788e-01 1.072492025327e-01 5.001618e-01
1.100000 69.375000 4.850983030431e-01 1.207314536080e-01 4.998964e-01
1.100000 69.400000 4.818840573297e-01 1.345210514341e-01 5.003081e-01
1.100000 69.425000 4.789166249579e-01 1.486427684669e-01 5.014537e-01
1.100000 69.450000 4.762321501013e-01 1.631158825214e-01 5.033923e-01
1.100000 69.475000 4.738702724161e-01 1.779537508052e-01 5.061824e-01
1.100000 69.500000 4.718730745934e-01 1.931635769005e-01 5.098788e-01
1.100000 69.525000 4.702840729160e-01 2.087463501256e-01 5.145310e-01
1.100000 69.550000 4.691472739379e-01 2.246969330605e-01 5.201806e-01
1.100000 69.575000 4.685063127780e-01 2.410042716335e-01 5.268598e-01
1.100000 69.600000 4.684036815376e-01 2.576517027891e-01 5.345899e-01
1.100000 69.625000 4.688800504766e-01 2.746173370094e-01 5.433813e-01
1.100000 69.650000 4.699736801539e-01 2.918744963506e-01 5.532323e-01
1.100000 69.675000 4.717199199002e-01 3.093921926564e-01 5.641305e-01
1.100000 69.700000 4.741507867499e-01 3.271356346702e-01 5.760527e-01
1.100000 69.725000 4.772946191423e-01 3.450667564307e-01 5.889662e-01
1.100000 69.750000 4.811758010216e-01 3.631447621778e-01 6.028302e-01
1.100000 69.775000 4.858145540420e-01 3.813266847559e-01 6.175968e-01
1.100000 69.800000 4.912267979698e-01 3.995679550432e-01 6.332127e-01
1.100000 69.825000 4.974240816274e-01 4.178229792463e-01 6.496205e-01
1.100000 69.850000 5.044135884272e-01 4.360457191546e-01 6.667600e-01
1.100000 69.875000 5.121982213419e-01 4.541902678731e-01 6.845698e-01
1.100000 69.900000 5.207767718251e-01 4.722114105465e-01 7.029880e-01
1.100000 69.925000 5.301441755888e-01 4.900651565385e-01 7.219534e-01
1.100000 69.950000 5.402918553040e-01 5.077092268972e-01 7.414067e-01
1.100000 69.975000 5.512081463558e-01 5.251034791320e-01 7.612911e-01
1.100000 70.000000 5.628787970468e-01 5.422102507036e-01 7.815526e-01
1.100000 70.025000 5.752875294867e-01 5.589946034626e-01 8.021413e-01
1.100000 70.050000 5.884166422879e-01 5.754244536709e-01 8.230112e-01
1.100000 70.075000 6.022476316185e-01 5.914705762285e-01 8.441206e-01
1.100000 70.100000 6.167618035947e-01 6.071064771052e-01 8.654325e-01
1.100000 70.125000 6.319408488927e-01 6.223081344718e-01 8.869141e-01
1.100000 70.150000 6.477673501146e-01 6.370536161731e-01 9.085372e-01
1.100000 70.175000 6.642251940654e-01 6.513225884736e-01 9.302775e-01
1.100000 70.200000 6.812998647079e-01 6.650957378577e-01 9.521144e-01
1.100000 70.225000 6.989785980080e-01 6.783541334979e-01 9.740305e-01
1.100000 70.250000 7.172503868449e-01 6.910785622944e-01 9.960109e-01
1.100000 70.275000 7.361058321614e-01 7.032488707294e-01 1.018043e+00
1.100000 70.300000 7.555368449799e-01 7.148433479005e-01 1.040114e+00
1.100000 70.325000 7.755362121493e-01 7.258381819320e-01 1.062213e+00
1.100000 70.350000 7.960970460481e-01 7.362070176321e-01 1.084330e+00
1.100000 70.375000 8.172121443541e-01 7.459206370975e-01 1.106451e+00
1.100000 70.400000 8.388732898888e-01 7.549467774869e-01 1.128562e+00
1.100000 70.425000 8.610705221653e-01 7.632500920076e-01 1.150649e+00
1.100000 70.450000 8.837914114843e-01 7.707922520371e-01 1.172693e+00
1.100000 70.475000 9.070203633702e-01 7.775321809436e-01 1.194672e+00
1.100000 70.500000 9.307379761684e-01 7.834264042562e-01 1.216565e+00
1.100000 70.525000 9.549204682843e-01 7.884294968748e-01 1.238343e+00
1.100000 70.550000 9.795391845374e-01 7.924946063762e-01 1.259978e+00
1.100000 70.575000 1.004560184206e+00 7.955740321987e-01 1.281436e+00
1.100000 70.600000 1.029943907349e+00 7.976198434831e-01 1.302683e+00
1.100000 70.625000 1.055644911590e+00 7.985845231337e-01 1.323678e+00
1.100000 70.650000 1.081611669295e+00 7.984216316678e-01 1.344381e+00
1.100000 70.675000 1.107786415305e+00 7.970864908054e-01 1.364748e+00
1.100000 70.700000 1.134105038084e+00 7.945368927127e-01 1.384732e+00
1.100000 70.725000 1.160497012180e+00 7.907338454232e-01 1.404284e+00
1.100000 70.750000 1.186885376657e+00 7.856423675324e-01 1.423352e+00
1.100000 70.775000 1.213186771974e+00 7.792323451683e-01 1.441883e+00
1.100000 70.800000 1.239311555726e+00 7.714794612055e-01 1.459820e+00
1.100000 70.825000 1.265164024716e+00 7.623662006654e-01 1.477106e+00
1.100000 70.850000 1.290642776071e+00 7.518829275463e-01 1.493682e+00
1.100000 70.875000 1.315641242589e+00 7.400290175327e-01 1.509488e+00
1.100000 70.900000 1.340048436707e+00 7.268140190277e-01 1.524463e+00
1.100000 70.925000 1.363749932792e+00 7.122588027399e-01 1.538547e+00
1.100000 70.950000 1.386629109074e+00 6.963966488087e-01 1.551679e+00
1.100000 70.975000 1.408568658535e+00 6.792742113028e-01 1.563803e+00
1.100000 71.000000 1.429452363114e+00 6.609522938962e-01 1.574863e+00
1.100000 71.025000 1.449167108646e+00 6.415063684878e-01 1.584808e+00
1.100000 71.050000 1.467605100044e+00 6.210267710193e-01 1.593593e+00
1.100000 71.075000 1.484666218625e+00 5.996185160437e-01 1.601180e+00
1.100000 71.100000 1.500260447581e+00 5.774006835564e-01 1.607536e+00
1.100000 71.125000 1.514310278474e+00 5.545053477985e-01 1.612641e+00
1.100000 71.150000 1.526753002497e+00 5.310760373760e-01 1.616483e+00
1.100000 71.175000 1.537542785934e+00 5.072657380629e-01 1.619060e+00
1.100000 71.200000 1.546652430244e+00 4.832344728400e-01 1.620386e+00
1.100000 71.225000 1.554074723861e+00 4.591465166850e-01 1.620483e+00
1.100000 71.250000 1.559823304859e+00 4.351673250179e-01 1.619389e+00
1.100000 71.275000 1.563932970784e+00 4.114602731806e-01 1.617154e+00
1.100000 71.300000 1.566459393288e+00 3.881833187412e-01 1.613841e+00
1.100000 71.325000 1.567478219783e+00 3.654857077897e-01 1.609524e+00
1.100000 71.350000 1.567083570905e+00 3.435048500665e-01 1.604290e+00
1.100000 71.375000 1.565385969717e+00 3.223634853403e-01 1.598234e+00
1.100000 71.400000 1.562509764983e+00 3.021672549021e-01 1.591459e+00
1.100000 71.425000 1.558590134936e+00 2.830027776168e-01 1.584075e+00
1.100000 71.450000 1.553769778651e+00 2.649363103084e-01 1.576195e+00
1.100000 71.475000 1.548195418026e+00 2.480130481969e-01 1.567935e+00
1.100000 71.500000 1.542014243751e+00 2.322570938197e-01 1.559407e+00
1.100000 71.525000 1.535370442735e+00 2.176720936666e-01 1.550724e+00
1.100000 71.550000 1.528401941959e+00 2.042425120960e-01 1.541988e+00
1.100000 71.575000 1.521237494608e+00 1.919354834942e-01 1.533298e+00
1.100000 71.600000 1.513994219039e+00 1.807031575823e-01 1.524740e+00
1.100000 71.625000 1.506775680183e+00 1.704854306512e-01 1.516390e+00
1.100000 71.650000 1.499670577574e+00 1.612129385381e-01 1.508311e+00
1.100000 71.675000 1.492752075423e+00 1.528101762864e-01 1.500553e+00
1.100000 71.700000 1.486077779652e+00 1.451986053221e-01 1.493154e+00
1.100000 71.725000 1.479690336040e+00 1.382996118896e-01 1.486139e+00
1.100000 71.750000 1.473618594394e+00 1.320371903212e-01 1.479522e+00
1.100000 71.775000 1.467879257428e+00 1.263402409551e-01 1.473306e+00
1.100000 71.800000 1.462478911295e+00 1.211443942872e-01 1.467488e+00
1.100000 71.825000 1.457416318631e+00 1.163932990190e-01 1.462057e+00
1.100000 71.850000 1.452684845446e+00 1.120393406046e-01 1.456999e+00
1.100000 71.875000 1.448274890612e+00 1.080437870276e-01 1.452299e+00
1.100000 71.900000 1.444176191203e+00 1.043763881902e-01 1.447943e+00
1.100000 71.925000 1.440379888085e+00 1.010144827741e-01 1.443918e+00
1.100000 71.950000 1.436880253264e+00 9.794169025421e-02 1.440214e+00
1.100000 71.975000 1.433676002328e+00 9.514628463688e-02 1.436830e+00
1.100000 72.000000 1.430771140673e+00 9.261935951840e-02 1.433766e+00
1.100000 72.025000 1.428175319323e+00 9.035290067521e-02 1.431031e+00
1.100000 72.050000 1.425903703667e+00 8.833788244078e-02 1.428637e+00
1.100000 72.075000 1.423976384566e+00 8.656249786213e-02 1.426605e+00
1.100000 72.100000 1.422417384738e+00 8.501062067548e-02 1.424955e+00
1.100000 72.125000 1.421253332892e+00 8.366058043209e-02 1.423713e+00
1.100000 72.150000 1.420511892840e+00 8.248431180543e-02 1.422905e+00
1.100000 72.175000 1.420220044207e+00 8.144691652907e-02 1.422554e+00
1.100000 72.200000 1.420402315178e+00 8.050665291382e-02 1.422682e+00
1.100000 72.225000 1.421079066107e+00 7.961534479377e-02 1.423308e+00
1.100000 72.250000 1.422264916092e+00 7.871918026293e-02 1.424442e+00
1.100000 72.275000 1.423967393630e+00 7.775985171579e-02 1.426089e+00
1.100000 72.300000 1.426185877822e+00 7.667597330098e-02 1.428246e+00
1.100000 72.325000 1.428910879511e+00 7.540470049424e-02 1.430899e+00
1.100000 72.350000 1.432123693064e+00 7.388346940626e-02 1.434028e+00
1.100000 72.375000 1.435796430307e+00 7.205177071746e-02 1.437603e+00
1.100000 72.400000 1.439892429403e+00 6.985287462478e-02 1.441586e+00
1.100000 72.425000 1.444367013984e+00 6.723542855969e-02 1.445931e+00
1.100000 72.450000 1.449168562412e+00 6.415485818651e-02 1.450588e+00
1.100000 72.475000 1.454239834210e+00 6.057451372612e-02 1.455501e+00
1.100000 72.500000 1.459519490847e+00 5.646651729283e-02 1.460611e+00
1.100000 72.525000 1.464943741547e+00 5.181228195136e-02 1.465860e+00
1.100000 72.550000 1.470448041645e+00 4.660268887740e-02 1.471186e+00
1.100000 72.575000 1.475968771246e+00 4.083792461580e-02 1.476534e+00
1.100000 72.600000 1.481444825409e+00 3.452699529096e-02 1.481847e+00
1.100000 72.625000 1.486819053396e+00 2.768694812403e-02 1.487077e+00
1.100000 72.650000 1.492039493460e+00 2.034184220183e-02 1.492178e+00
1.100000 72.675000 1.497060360468e+00 1.252151969951e-02 1.497113e+00
1.100000 72.700000 1.501842756030e+00 4.260235331758e-03 1.501849e+00
1.100000 72.725000 1.506355083916e+00 -4.404794453978e-03 1.506362e+00
1.100000 72.750000 1.510573166901e+00 -1.343486021702e-02 1.510633e+00
1.100000 72.775000 1.514480074006e+00 -2.279118585892e-02 1.514652e+00
1.100000 72.800000 1.518065678959e+00 -3.243625679890e-02 1.518412e+00
1.100000 72.825000 1.521325980983e+00 -4.233500103550e-02 1.521915e+00
1.100000 72.850000 1.524262227317e+00 -5.245578271593e-02 1.525165e+00
1.100000 72.875000 1.526879883019e+00 -6.277117765348e-02 1.528170e+00
1.100000 72.900000 1.529187497319e+00 -7.325851073051e-02 1.530941e+00
1.100000 72.925000 1.531195517199e+00 -8.390014573925e-02 1.533492e+00
1.100000 72.950000 1.532915098077e+00 -9.468352844738e-02 1.535836e+00
1.100000 72.975000 1.534356958721e+00 -1.056009930483e-01 1.537987e+00
1.100000 73.000000 1.535530323158e+00 -1.166493503875e-01 1.539955e+00
1.100000 73.025000 1.536441986794e+00 -1.278292831614e-01 1.541750e+00
1.100000 73.050000 1.537095537587e+00 -1.391445786107e-01 1.543381e+00
1.100000 73.075000 1.537490756300e+00 -1.506012330564e-01 1.544849e+00
1.100000 73.100000 1.537623212974e+00 -1.622064650598e-01 1.546155e+00
1.100000 73.125000 1.537484070003e+00 -1.739676752036e-01 1.547295e+00
1.100000 73.150000 1.537060095732e+00 -1.858913906649e-01 1.548260e+00
1.100000 73.175000 1.536333886470e+00 -1.979822320998e-01 1.549038e+00
1.100000 73.200000 1.535284289140e+00 -2.102419390464e-01 1.549613e+00
1.100000 73.225000 1.533887011532e+00 -2.226684881857e-01 1.549965e+00
1.100000 73.250000 1.532115402113e+00 -2.352553364687e-01 1.550072e+00
1.100000 73.275000 1.529941376634e+00 -2.479908182735e-01 1.549910e+00
1.100000 73.300000 1.527336464227e+00 -2.608577223963e-01 1.549453e+00
1.100000 73.325000 1.524272941402e+00 -2.738330706718e-01 1.548674e+00
1.100000 73.350000 1.520725018402e+00 -2.868881152860e-01 1.547549e+00
1.100000 73.375000 1.516670038843e+00 -2.999885663148e-01 1.546053e+00
1.100000 73.400000 1.512089650798e+00 -3.130950546365e-01 1.544164e+00
1.100000 73.425000 1.506970905563e+00 -3.261638281926e-01 1.541864e+00
1.100000 73.450000 1.501307239681e+00 -3.391476716985e-01 1.539138e+00
1.100000 73.475000 1.495099296490e+00 -3.519970315557e-01 1.535977e+00
1.100000 73.500000 1.488355545871e+00 -3.646613191739e-01 1.532377e+00
1.100000 73.525000 1.481092664950e+00 -3.770903575147e-01 1.528343e+00
1.100000 73.550000 1.473335648457e+00 -3.892359278562e-01 1.523884e+00
1.100000 73.575000 1.465117625049e+00 -4.010533669197e-01 1.519017e+00
1.100000 73.600000 1.456479365116e+00 -4.125031590519e-01 1.513767e+00
1.100000 73.625000 1.447468476035e+00 -4.235524644447e-01 1.508165e+00
1.100000 73.650000 1.438138292175e+00 -4.341765227227e-01 1.502249e+00
1.100000 73.675000 1.428546478805e+00 -4.443598718262e-01 1.496062e+00
1.100000 73.700000 1.418753380841e+00 -4.540973250794e-01 1.489653e+00
1.100000 73.725000 1.408820158702e+00 -4.633946546511e-01 1.483074e+00
1.100000 73.750000 1.398806763848e+00 -4.722689371748e-01 1.476380e+00
1.100000 73.775000 1.388769815493e+00 -4.807485268941e-01 1.469626e+00
1.100000 73.800000 1.378760447048e+00 -4.888726330294e-01 1.462866e+00
1.100000 73.825000 1.368822195815e+00 -4.966904907678e-01 1.456151e+00
1.100000 73.850000 1.358989011977e+00 -5.042601289366e-01 1.449527e+00
1.100000 73.875000 1.349283462980e+00 -5.116467515773e-01 1.443034e+00
1.100000 73.900000 1.339715206799e+00 -5.189207648317e-01 1.436703e+00
1.100000 73.925000 1.330279802379e+00 -5.261554943062e-01 1.430554e+00
1.100000 73.950000 1.320957917846e+00 -5.334246509412e-01 1.424595e+00
1.100000 73.975000 1.311714987031e+00 -5.407996149391e-01 1.418824e+00
1.100000 74.000000 1.302501352656e+00 -5.483466170995e-01 1.413221e+00
1.100000 74.025000 1.293252920565e+00 -5.561239045887e-01 1.407756e+00
1.100000 74.050000 1.283892333864e+00 -5.641789834341e-01 1.402383e+00
1.100000 74.075000 1.274330659336e+00 -5.725460325933e-01 1.397042e+00
1.100000 74.100000 1.264469561260e+00 -5.812435840995e-01 1.391664e+00
1.100000 74.125000 1.254203920495e+00 -5.902725603860e-01 1.386163e+00
1.100000 74.150000 1.243424839716e+00 -5.996147533630e-01 1.380450e+00
1.100000 74.175000 1.232022959688e+00 -6.092318201787e-01 1.374425e+00
1.100000 74.200000 1.219891996930e+00 -6.190648579296e-01 1.367983e+00
1.100000 74.225000 1.206932400639e+00 -6.290346040958e-01 1.361018e+00
1.100000 74.250000 1.193055016874e+00 -6.390422914571e-01 1.353424e+00
1.100000 74.275000 1.178184641216e+00 -6.489711660960e-01 1.345096e+00
1.100000 74.300000 1.162263337990e+00 -6.586886553326e-01 1.335937e+00
1.100000 74.325000 1.145253404923e+00 -6.680491496840e-01 1.325856e+00
1.100000 74.350000 1.127139867264e+00 -6.768973399092e-01 1.314775e+00
1.100000 74.375000 1.107932394931e+00 -6.850720277210e-01 1.302627e+00
1.100000 74.400000 1.087666550353e+00 -6.924103076760e-01 1.289361e+00
1.100000 74.425000 1.066404293047e+00 -6.987519990372e-01 1.274940e+00
1.100000 74.450000 1.044233689337e+00 -7.039441909538e-01 1.259350e+00
1.100000 74.475000 1.021267801442e+00 -7.078457530257e-01 1.242591e+00
1.100000 74.500000 9.976427585737e-01 -7.103316570083e-01 1.224689e+00
1.100000 74.525000 9.735150427808e-01 -7.112969547492e-01 1.205684e+00
1.100000 74.550000 9.490580529395e-01 -7.106602628889e-01 1.185643e+00
1.100000 74.575000 9.244580400719e-01 -7.083666166360e-01 1.164648e+00
1.100000 74.600000 8.999095348824e-01 -7.043895729820e-01 1.142804e+00
1.100000 74.625000 8.756104125012e-01 -6.987324676606e-01 1.120232e+00
1.100000 74.650000 8.517567586311e-01 -6.914287592786e-01 1.097070e+00
1.100000 74.675000 8.285377144273e-01 -6.825414272959e-01 1.073470e+00
1.100000 74.700000 8.061304835108e-01 -6.721614265925e-01 1.049594e+00
1.100000 74.725000 7.846956829000e-01 -6.604052386486e-01 1.025613e+00
1.100000 74.750000 7.643732100541e-01 -6.474115961492e-01 1.001703e+00
1.100000 74.775000 7.452787807869e-01 -6.333374923054e-01 9.780372e-01
1.100000 74.800000 7.275012681170e-01 -6.183536165948e-01 9.547876e-01
1.100000 74.825000 7.111009411431e-01 -6.026393833439e-01 9.321152e-01
1.100000 74.850000 6.961086671587e-01 -5.863777372520e-01 9.101682e-01
1.100000 74.875000 6.825261011160e-01 -5.697499295663e-01 8.890764e-01
1.100000 74.900000 6.703268461220e-01 -5.529304595815e-01 8.689477e-01
1.100000 74.925000 6.594585288967e-01 -5.360823683262e-01 8.498646e-01
1.100000 74.950000 6.498456970183e-01 -5.193530550826e-01 8.318816e-01
1.100000 74.975000 6.413934121763e-01 -5.028707635871e-01 8.150242e-01
1.100000 75.000000 6.339913871245e-01 -4.867418546246e-01 7.992889e-01
1.100000 75.025000 6.275184948081e-01 -4.710489468369e-01 7.846442e-01
1.100000 75.050000 6.218474670592e-01 -4.558499697297e-01 7.710340e-01
1.100000 75.075000 6.168495976504e-01 -4.411781340082e-01 7.583809e-01
1.100000 75.100000 6.123992702672e-01 -4.270427864500e-01 7.465912e-01
1.100000 75.125000 6.083781455391e-01 -4.134310813278e-01 7.355605e-01
1.100000 75.150000 6.046788617070e-01 -4.003103695498e-01 7.251792e-01
1.100000 75.175000 6.012081295312e-01 -3.876311814717e-01 7.153385e-01
1.100000 75.200000 5.978891321524e-01 -3.753306607041e-01 7.059352e-01
1.100000 75.225000 5.946631731977e-01 -3.633362947404e-01 6.968770e-01
1.100000 75.250000 5.914905497971e-01 -3.515697840158e-01 6.880860e-01
1.100000 75.275000 5.883506597710e-01 -3.399508938678e-01 6.795021e-01
1.100000 75.300000 5.852413826039e-01 -3.284011432443e-01 6.710848e-01
1.100000 75.325000 5.821778007014e-01 -3.168471990697e-01 6.628146e-01
1.100000 75.350000 5.791903498509e-01 -3.052238648980e-01 6.546931e-01
1.100000 75.375000 5.763225050602e-01 -2.934765756613e-01 6.467427e-01
1.100000 75.400000 5.736281196250e-01 -2.815633357237e-01 6.390048e-01
1.100000 75.425000 5.711685412323e-01 -2.694560637952e-01 6.315379e-01
1.100000 75.450000 5.690096292831e-01 -2.571413343590e-01 6.244146e-01
1.100000 75.475000 5.672187927786e-01 -2.446205299831e-01 6.177187e-01
1.100000 75.500000 5.658621586137e-01 -2.319094412686e-01 6.115407e-01
1.100000 75.525000 5.650019667184e-01 -2.190373704165e-01 6.059741e-01
1.100000 75.550000 5.646942720037e-01 -2.060458098603e-01 6.011111e-01
1.100000 75.575000 5.649870144498e-01 -1.929867786921e-01 5.970379e-01
1.100000 75.600000 5.659184988935e-01 -1.799209065194e-01 5.938310e-01
1.100000 75.625000 5.675163060602e-01 -1.669153569021e-01 5.915535e-01
1.100000 75.650000 5.697966371072e-01 -1.540416808674e-01 5.902517e-01
1.100000 75.675000 5.727640761664e-01 -1.413736855369e-01 5.899536e-01
1.100000 75.700000 5.764117398560e-01 -1.289853941898e-01 5.906672e-01
1.100000 75.725000 5.807217699906e-01 -1.169491627789e-01 5.923807e-01
1.100000 75.750000 5.856661161570e-01 -1.053340047669e-01 5.950631e-01
1.100000 75.775000 5.912075486145e-01 -9.420416197056e-02 5.986658e-01
1.100000 75.800000 5.973008391408e-01 -8.361794465805e-02 6.031254e-01
1.100000 75.825000 6.038940477796e-01 -7.362685021818e-02 6.083658e-01
1.100000 75.850000 6.109298566198e-01 -6.427495693762e-02 6.143017e-01
1.100000 75.875000 6.183468972762e-01 -5.559857833419e-02 6.208414e-01
1.100000 75.900000 6.260810260785e-01 -4.762615446757e-02 6.278899e-01
1.100000 75.925000 6.340665095046e-01 -4.037834990507e-02 6.353509e-01
1.100000 75.950000 6.422370915180e-01 -3.386832360754e-02 6.431295e-01
1.100000 75.975000 6.505269236063e-01 -2.810213381940e-02 6.511336e-01
1.100000 76.000000 6.588713470079e-01 -2.307924087690e-02 6.592754e-01
1.100000 76.025000 6.672075244672e-01 -1.879307236871e-02 6.674721e-01
1.100000 76.050000 6.754749256320e-01 -1.523161793170e-02 6.756466e-01
1.100000 76.075000 6.836156757528e-01 -1.237802475663e-02 6.837277e-01
1.100000 76.100000 6.915747816534e-01 -1.021116925895e-02 6.916502e-01
1.100000 76.125000 6.993002520664e-01 -8.706185028088e-03 6.993544e-01
1.100000 76.150000 7.067431314970e-01 -7.834931868800e-03 7.067866e-01
1.100000 76.175000 7.138574679329e-01 -7.566395321420e-03 7.138976e-01
1.100000 76.200000 7.206002351315e-01 -7.867010405901e-03 7.206432e-01
1.100000 76.225000 7.269312299926e-01 -8.700907431939e-03 7.269833e-01
1.100000 76.250000 7.328129647775e-01 -1.003008155923e-02 7.328816e-01
1.100000 76.275000 7.382105726969e-01 -1.181449138369e-02 7.383051e-01
1.100000 76.300000 7.430917436915e-01 -1.401209516921e-02 7.432238e-01
1.100000 76.325000 7.474267050300e-01 -1.657883641495e-02 7.476106e-01
1.100000 76.350000 7.511882586549e-01 -1.946859318055e-02 7.514405e-01
1.100000 76.375000 7.543518839945e-01 -2.263310788749e-02 7.546913e-01
1.100000 76.400000 7.568959112629e-01 -2.602191604112e-02 7.573431e-01
1.100000 76.425000 7.588017661681e-01 -2.958229333350e-02 7.593782e-01
1.100000 76.450000 7.600542825679e-01 -3.325924075341e-02 7.607816e-01
1.100000 76.475000 7.606420751508e-01 -3.699552654244e-02 7.615412e-01
1.100000 76.500000 7.605579598948e-01 -4.073180204070e-02 7.616479e-01
1.100000 76.525000 7.597994061348e-01 -4.440680567675e-02 7.610960e-01
1.100000 76.550000 7.583690007956e-01 -4.795766566451e-02 7.598839e-01
1.100000 76.575000 7.562749029656e-01 -5.132030754382e-02 7.580142e-01
1.100000 76.600000 7.535312656517e-01 -5.442996777217e-02 7.554945e-01
1.100000 76.625000 7.501586014058e-01 -5.722180942296e-02 7.523379e-01
1.100000 76.650000 7.461840695421e-01 -5.963163097377e-02 7.485630e-01
1.100000 76.675000 7.416416648300e-01 -6.159665447051e-02 7.441952e-01
1.100000 76.700000 7.365722907021e-01 -6.305637529741e-02 7.392664e-01
1.100000 76.725000 7.310237039415e-01 -6.395345257508e-02 7.338158e-01
1.100000 76.750000 7.250503222785e-01 -6.423461698802e-02 7.278901e-01
1.100000 76.775000 7.187128910422e-01 -6.385157166836e-02 7.215437e-01
1.100000 76.800000 7.120780097286e-01 -6.276186161431e-02 7.148385e-01
1.100000 76.825000 7.052175238389e-01 -6.092968791429e-02 7.078447e-01
1.100000 76.850000 6.982077914084e-01 -5.832664464515e-02 7.006398e-01
1.100000 76.875000 6.911288371836e-01 -5.493235854695e-02 6.933085e-01
1.100000 76.900000 6.840634103400e-01 -5.073501427401e-02 6.859423e-01
1.100000 76.925000 6.770959639474e-01 -4.573175101860e-02 6.786386e-01
1.100000 76.950000 6.703115761282e-01 -3.992891946300e-02 6.714998e-01
1.100000 76.975000 6.637948340634e-01 -3.334219123789e-02 6.646317e-01
1.100000 77.000000 6.576287027472e-01 -2.599651628675e-02 6.581423e-01
1.100000 77.025000 6.518934007361e-01 -1.792592673001e-02 6.521398e-01
1.100000 77.050000 6.466653051195e-01 -9.173188982364e-03 6.467304e-01
1.100000 77.075000 6.420159075703e-01 2.106909880458e-04 6.420159e-01
1.100000 77.100000 6.380108426077e-01 1.016710125889e-02 6.380918e-01
1.100000 77.125000 6.347090080816e-01 2.063058533056e-02 6.350442e-01
1.100000 77.150000 6.321617963455e-01 3.152971718698e-02 6.329476e-01
1.100000 77.175000 6.304124525446e-01 4.278807306095e-02 6.318629e-01
1.100000 77.200000 6.294955739217e-01 5.432528025581e-02 6.318354e-01
1.100000 77.225000 6.294367610051e-01 6.605812103436e-02 6.328936e-01
1.100000 77.250000 6.302524280067e-01 7.790166769195e-02 6.350487e-01
1.100000 77.275000 6.319497758389e-01 8.977042360859e-02 6.382940e-01
1.100000 77.300000 6.345269268849e-01 1.015794444312e-01 6.426063e-01
1.100000 77.325000 6.379732162251e-01 1.132454136601e-01 6.479463e-01
1.100000 77.350000 6.422696295379e-01 1.246876478581e-01 6.542609e-01
1.100000 77.375000 6.473893735502e-01 1.358290084878e-01 6.614851e-01
1.100000 77.400000 6.532985608669e-01 1.465966999902e-01 6.695443e-01
1.100000 77.425000 6.599569874276e-01 1.569229370996e-01 6.783569e-01
1.100000 77.450000 6.673189778770e-01 1.667454684539e-01 6.878362e-01
1.100000 77.475000 6.753342719155e-01 1.760079481989e-01 6.978934e-01
1.100000 77.500000 6.839489233409e-01 1.846601523606e-01 7.084388e-01
1.100000 77.525000 6.931061830876e-01 1.926580421257e-01 7.193840e-01
1.100000 77.550000 7.027473381747e-01 1.999636816477e-01 7.306431e-01
1.100000 77.575000 7.128124801482e-01 2.065450234085e-01 7.421337e-01
1.100000 77.600000 7.232411793355e-01 2.123755793091e-01 7.537779e-01
1.100000 77.625000 7.339730450272e-01 2.174340003289e-01 7.655024e-01
1.100000 77.650000 7.449481564796e-01 2.217035915557e-01 7.772389e-01
1.100000 77.675000 7.561073552998e-01 2.251717924297e-01 7.889237e-01
1.100000 77.700000 7.673923961652e-01 2.278296539371e-01 8.004982e-01
1.100000 77.725000 7.787459597223e-01 2.296713450466e-01 8.119078e-01
1.100000 77.750000 7.901115386193e-01 2.306937197418e-01 8.231014e-01
1.100000 77.775000 8.014332146365e-01 2.308959734677e-01 8.340313e-01
1.100000 77.800000 8.126553513909e-01 2.302794136580e-01 8.446522e-01
1.100000 77.825000 8.237222327274e-01 2.288473633217e-01 8.549207e-01
1.100000 77.850000 8.345776812810e-01 2.266052096154e-01 8.647947e-01
1.100000 77.875000 8.451646944167e-01 2.235606011977e-01 8.742326e-01
1.100000 77.900000 8.554251355920e-01 2.197237893532e-01 8.831935e-01
1.100000 77.925000 8.652995178869e-01 2.151080988411e-01 8.916360e-01
1.100000 77.950000 8.747269130056e-01 2.097305057065e-01 8.995188e-01
1.100000 77.975000 8.836450134985e-01 2.036122914376e-01 9.068001e-01
1.100000 78.000000 8.919903685436e-01 1.967797363776e-01 9.134381e-01
1.100000 78.025000 8.996988047001e-01 1.892648106852e-01 9.193906e-01
1.100000 78.050000 9.067060331229e-01 1.811058187251e-01 9.246162e-01
1.100000 78.075000 9.129484343376e-01 1.723479528017e-01 9.290741e-01
1.100000 78.100000 9.183640014996e-01 1.630437146753e-01 9.327249e-01
1.100000 78.125000 9.228934136823e-01 1.532531682207e-01 9.355313e-01
1.100000 78.150000 9.264812027624e-01 1.430439936373e-01 9.374588e-01
1.100000 78.175000 9.290769713792e-01 1.324913223661e-01 9.384764e-01
1.100000 78.200000 9.306366156074e-01 1.216773418000e-01 9.385573e-01
1.100000 78.225000 9.311235045836e-01 1.106906693637e-01 9.376798e-01
1.100000 78.250000 9.305095704306e-01 9.962550597160e-02 9.358276e-01
1.100000 78.275000 9.287762652685e-01 8.858058862582e-02 9.329908e-01
1.100000 78.300000 9.259153476224e-01 7.765797046022e-02 9.291663e-01
1.100000 78.325000 9.219294677118e-01 6.696166342150e-02 9.243581e-01
1.100000 78.350000 9.168325294392e-01 5.659618371652e-02 9.185777e-01
1.100000 78.375000 9.106498158450e-01 4.666504298756e-02 9.118447e-01
1.100000 78.400000 9.034178738182e-01 3.726922890069e-02 9.041863e-01
1.100000 78.425000 8.951841624329e-01 2.850571759910e-02 8.956379e-01
1.100000 78.450000 8.860064770186e-01 2.046605752456e-02 8.862428e-01
1.100000 78.475000 8.759521676074e-01 1.323505981170e-02 8.760521e-01
1.100000 78.500000 8.650971755681e-01 6.889625195444e-03 8.651246e-01
1.100000 78.525000 8.535249159182e-01 1.497731565185e-03 8.535262e-01
1.100000 78.550000 8.413250350616e-01 -2.882399656321e-03 8.413300e-01
1.100000 78.575000 8.285920746442e-01 -6.202945894723e-03 8.286153e-01
1.100000 78.600000 8.154240720898e-01 -8.426927448634e-03 8.154676e-01
1.100000 78.625000 8.019211273972e-01 -9.528450695199e-03 8.019777e-01
1.100000 78.650000 7.881839642730e-01 -9.492751931057e-03 7.882411e-01
1.100000 78.675000 7.743125118542e-01 -8.316046500435e-03 7.743572e-01
1.100000 78.700000 7.604045314356e-01 -6.005190410384e-03 7.604282e-01
1.100000 78.725000 7.465543108636e-01 -2.577163684982e-03 7.465588e-01
1.100000 78.750000 7.328514477602e-01 1.941613550995e-03 7.328540e-01
1.100000 78.775000 7.193797414659e-01 7.516119654451e-03 7.194190e-01
1.100000 78.800000 7.062162125300e-01 1.410371041989e-02 7.063570e-01
1.100000 78.825000 6.934302675837e-01 2.165522222931e-02 6.937683e-01
1.100000 78.850000 6.810830263591e-01 3.011618102026e-02 6.817485e-01
1.100000 78.875000 6.692268262504e-01 3.942809618477e-02 6.703873e-01
1.100000 78.900000 6.579049179689e-01 4.952981574108e-02 6.597667e-01
1.100000 78.925000 6.471513633168e-01 6.035891622008e-02 6.499601e-01
1.100000 78.950000 6.369911427872e-01 7.185309789043e-02 6.410309e-01
1.100000 78.975000 6.274404765013e-01 8.395155345839e-02 6.330319e-01
1.100000 79.000000 6.185073569457e-01 9.659627650979e-02 6.260049e-01
1.100000 79.025000 6.101922861823e-01 1.097332749931e-01 6.199807e-01
1.100000 79.050000 6.024892038666e-01 1.233136552359e-01 6.149793e-01
1.100000 79.075000 5.953865858149e-01 1.372945435399e-01 6.110114e-01
1.100000 79.100000 5.888686863579e-01 1.516398154328e-01 6.080797e-01
1.100000 79.125000 5.829168916824e-01 1.663206071830e-01 6.061804e-01
1.100000 79.150000 5.775111462058e-01 1.813155901142e-01 6.053053e-01
1.100000 79.175000 5.726314100892e-01 1.966109953776e-01 6.054441e-01
1.100000 79.200000 5.682591036038e-01 2.122003848498e-01 6.065867e-01
1.100000 79.225000 5.643784934049e-01 2.280841723242e-01 6.087245e-01
1.100000 79.250000 5.609779769567e-01 2.442689077213e-01 6.118526e-01
1.100000 79.275000 5.580512243497e-01 2.607663452027e-01 6.159710e-01
1.100000 79.300000 5.555981414046e-01 2.775923233985e-01 6.210852e-01
1.100000 79.325000 5.536256240117e-01 2.947654920945e-01 6.272065e-01
1.100000 79.350000 5.521480807358e-01 3.123059243777e-01 6.343520e-01
1.100000 79.375000 5.511877084428e-01 3.302336562637e-01 6.425435e-01
1.100000 79.400000 5.507745136261e-01 3.485671971778e-01 6.518065e-01
1.100000 79.425000 5.509460798442e-01 3.673220544187e-01 6.621685e-01
1.100000 79.450000 5.517470888834e-01 3.865093130887e-01 6.736574e-01
1.100000 79.475000 5.532286096663e-01 4.061343101862e-01 6.862995e-01
1.100000 79.500000 5.554471744114e-01 4.261954379307e-01 7.001172e-01
1.100000 79.525000 5.584636660519e-01 4.466831072317e-01 7.151276e-01
1.100000 79.550000 5.623420445189e-01 4.675788977870e-01 7.313403e-01
1.100000 79.575000 5.671479423062e-01 4.888549168099e-01 7.487562e-01
1.100000 79.600000 5.729471619477e-01 5.104733839448e-01 7.673666e-01
1.100000 79.625000 5.798041098256e-01 5.323864555679e-01 7.871519e-01
1.100000 79.650000 5.877802022374e-01 5.545362973053e-01 8.080817e-01
1.100000 79.675000 5.969322809655e-01 5.768554091172e-01 8.301146e-01
1.100000 79.700000 6.073110766928e-01 5.992672025247e-01 8.531986e-01
1.100000 79.725000 6.189597594063e-01 6.216868243400e-01 8.772717e-01
1.100000 79.750000 6.319126152061e-01 6.440222155040e-01 9.022628e-01
1.100000 79.775000 6.461938884528e-01 6.661753873116e-01 9.280928e-01
1.100000 79.800000 6.618168266238e-01 6.880438905031e-01 9.546758e-01
1.100000 79.825000 6.787829623405e-01 7.095224456481e-01 9.819208e-01
1.100000 79.850000 6.970816625482e-01 7.305046962661e-01 1.009733e+00
1.100000 79.875000 7.166899686561e-01 7.508850396538e-01 1.038014e+00
1.100000 79.900000 7.375727435990e-01 7.705604849144e-01 1.066666e+00
1.100000 79.925000 7.596831324538e-01 7.894324836994e-01 1.095592e+00
1.100000 79.950000 7.829633327605e-01 8.074086771476e-01 1.124696e+00
1.100000 79.975000 8.073456595653e-01 8.244045027717e-01 1.153885e+00
1.100000 80.000000 8.327538790087e-01 8.403446078287e-01 1.183071e+00
1.100000 80.025000 8.591047736895e-01 8.551640210215e-01 1.212174e+00
1.100000 80.050000 8.863098937077e-01 8.688090420575e-01 1.241118e+00
1.100000 80.075000 9.142774398170e-01 8.812378182730e-01 1.269836e+00
1.100000 80.100000 9.429142199779e-01 8.924205886722e-01 1.298269e+00
1.100000 80.125000 9.721276181072e-01 9.023395877175e-01 1.326367e+00
1.100000 80.150000 1.001827514066e+00 9.109886132832e-01 1.354090e+00
1.100000 80.175000 1.031928096809e+00 9.183722746856e-01 1.381406e+00
1.100000 80.200000 1.062349517863e+00 9.245049469506e-01 1.408295e+00
1.100000 80.225000 1.093019339356e+00 9.294094659865e-01 1.434745e+00
1.100000 80.250000 1.123873739225e+00 9.331156057454e-01 1.460752e+00
1.100000 80.275000 1.154858445183e+00 9.356583826225e-01 1.486323e+00
1.100000 80.300000 1.185929378042e+00 9.370762343488e-01 1.511470e+00
1.100000 80.325000 1.217052993360e+00 9.374091206923e-01 1.536214e+00
1.100000 80.350000 1.248206317790e+00 9.366965918145e-01 1.560583e+00
1.100000 80.375000 1.279376682603e+00 9.349758676218e-01 1.584609e+00
1.100000 80.400000 1.310561161551e+00 9.322799684417e-01 1.608327e+00
1.100000 80.425000 1.341765723694e+00 9.286359343590e-01 1.631778e+00
1.100000 80.450000 1.373004114215e+00 9.240631679957e-01 1.655002e+00
1.100000 80.475000 1.404296478017e+00 9.185719337123e-01 1.678041e+00
1.100000 80.500000 1.435667742555e+00 9.121620452834e-01 1.700935e+00
1.100000 80.525000 1.467145778246e+00 9.048217740138e-01 1.723722e+00
1.100000 80.550000 1.498759357574e+00 8.965270097971e-01 1.746436e+00
1.100000 80.575000 1.530535937781e+00 8.872407083863e-01 1.769106e+00
1.100000 80.600000 1.562499297229e+00 8.769126586892e-01 1.791753e+00
1.100000 80.625000 1.594667062002e+00 8.654796036152e-01 1.814392e+00
1.100000 80.650000 1.627048167032e+00 8.528657463548e-01 1.837026e+00
1.100000 80.675000 1.659640304607e+00 8.389836704345e-01 1.859650e+00
1.100000 80.700000 1.692427422017e+00 8.237356960084e-01 1.882246e+00
1.100000 80.725000 1.725377338730e+00 8.070156863896e-01 1.904784e+00
1.100000 80.750000 1.758439561067e+00 7.887113076693e-01 1.927220e+00
1.100000 80.775000 1.791543378095e+00 7.687067305263e-01 1.949497e+00
1.100000 80.800000 1.824596325674e+00 7.468857473554e-01 1.971545e+00
1.100000 80.825000 1.857483105492e+00 7.231352601331e-01 1.993281e+00
1.100000 80.850000 1.890065042036e+00 6.973490757607e-01 2.014607e+00
1.100000 80.875000 1.922180152296e+00 6.694319268292e-01 2.035415e+00
1.100000 80.900000 1.953643890486e+00 6.393036178503e-01 2.055586e+00
1.100000 80.925000 1.984250613196e+00 6.069031810587e-01 2.074990e+00
1.100000 80.950000 2.013775789508e+00 5.721929129503e-01 2.093489e+00
1.100000 80.975000 2.041978956317e+00 5.351621538144e-01 2.110942e+00
1.100000 81.000000 2.068607392181e+00 4.958306684958e-01 2.127201e+00
1.100000 81.025000 2.093400454584e+00 4.542514882125e-01 2.142118e+00
1.100000 81.050000 2.116094496752e+00 4.105130808858e-01 2.155546e+00
1.100000 81.075000 2.136428252452e+00 3.647407313122e-01 2.167340e+00
1.100000 81.100000 2.154148551986e+00 3.170970324506e-01 2.177362e+00
1.100000 81.125000 2.169016211237e+00 2.677814146611e-01 2.185484e+00
1.100000 81.150000 2.180811919420e+00 2.170286700583e-01 2.191584e+00
1.100000 81.175000 2.189341941315e+00 1.651064631541e-01 2.195559e+00
1.100000 81.200000 2.194443446927e+00 1.123118552138e-01 2.197316e+00
1.100000 81.225000 2.195989286432e+00 5.896690668505e-02 2.196781e+00
1.100000 81.250000 2.193892040883e+00 5.413457924445e-03 2.193899e+00
1.100000 81.275000 2.188107199323e+00 -4.799277847830e-02 2.188633e+00
1.100000 81.300000 2.178635339960e+00 -1.008886518781e-01 2.180970e+00
1.100000 81.325000 2.165523225765e+00 -1.529103497045e-01 2.170915e+00
1.100000 81.350000 2.148863761978e+00 -2.037003155088e-01 2.158497e+00
1.100000 81.375000 2.128794802716e+00 -2.529141014264e-01 2.143766e+00
1.100000 81.400000 2.105496834423e+00 -3.002269485305e-01 2.126794e+00
1.100000 81.425000 2.079189603352e+00 -3.453398979572e-01 2.107674e+00
1.100000 81.450000 2.050127790739e+00 -3.879852530466e-01 2.086518e+00
1.100000 81.475000 2.018595871198e+00 -4.279312371488e-01 2.063457e+00
1.100000 81.500000 1.984902315654e+00 -4.649857219398e-01 2.038639e+00
1.100000 81.525000 1.949373318834e+00 -4.989989354999e-01 2.012227e+00
1.100000 81.550000 1.912346242348e+00 -5.298650963025e-01 1.984395e+00
1.100000 81.575000 1.874162967391e+00 -5.575229568146e-01 1.955331e+00
1.100000 81.600000 1.835163346509e+00 -5.819552768630e-01 1.925226e+00
1.100000 81.625000 1.795678932164e+00 -6.031872806457e-01 1.894280e+00
1.100000 81.650000 1.756027142197e+00 -6.212841809096e-01 1.862693e+00
1.100000 81.675000 1.716505999770e+00 -6.363478783094e-01 1.830664e+00
1.100000 81.700000 1.677389559600e+00 -6.485129626482e-01 1.798390e+00
1.100000 81.725000 1.638924104599e+00 -6.579421552694e-01 1.766058e+00
1.100000 81.750000 1.601325168972e+00 -6.648213384123e-01 1.733848e+00
1.100000 81.775000 1.564775416573e+00 -6.693543182755e-01 1.701928e+00
1.100000 81.800000 1.529423378112e+00 -6.717574645459e-01 1.670447e+00
1.100000 81.825000 1.495383028331e+00 -6.722543611322e-01 1.639541e+00
1.100000 81.850000 1.462734165148e+00 -6.710705918051e-01 1.609325e+00
1.100000 81.875000 1.431523537132e+00 -6.684287713890e-01 1.579891e+00
1.100000 81.900000 1.401766653594e+00 -6.645439190500e-01 1.551312e+00
1.100000 81.925000 1.373450202564e+00 -6.596192558948e-01 1.523635e+00
1.100000 81.950000 1.346534995721e+00 -6.538424951632e-01 1.496886e+00
1.100000 81.975000 1.320959355207e+00 -6.473826801801e-01 1.471067e+00
1.100000 82.000000 1.296642854647e+00 -6.403876131002e-01 1.446160e+00
1.100000 82.025000 1.273490325084e+00 -6.329819062928e-01 1.422126e+00
1.100000 82.050000 1.251396035407e+00 -6.252656777495e-01 1.398910e+00
1.100000 82.075000 1.230247956017e+00 -6.173139017890e-01 1.376440e+00
1.100000 82.100000 1.209932013732e+00 -6.091764161813e-01 1.354633e+00
1.100000 82.125000 1.190336245526e+00 -6.008785761759e-01 1.333400e+00
1.100000 82.150000 1.171354758858e+00 -5.924225344943e-01 1.312645e+00
1.100000 82.175000 1.152891407531e+00 -5.837891139205e-01 1.292273e+00
1.100000 82.200000 1.134863094878e+00 -5.749402257165e-01 1.272191e+00
1.100000 82.225000 1.117202621057e+00 -5.658217729261e-01 1.252316e+00
1.100000 82.250000 1.099860999029e+00 -5.563669631792e-01 1.232574e+00
1.100000 82.275000 1.082809174707e+00 -5.464999415422e-01 1.212905e+00
1.100000 82.300000 1.066039101008e+00 -5.361396411472e-01 1.193267e+00
1.100000 82.325000 1.049564133152e+00 -5.252037387132e-01 1.173637e+00
1.100000 82.350000 1.033418733041e+00 -5.136125946587e-01 1.154016e+00
1.100000 82.375000 1.017657493374e+00 -5.012930541899e-01 1.134426e+00
1.100000 82.400000 1.002353516312e+00 -4.881819873067e-01 1.114914e+00
1.100000 82.425000 9.875962057685e-01 -4.742294525874e-01 1.095555e+00
1.100000 82.450000 9.734885555295e-01 -4.594013820621e-01 1.076443e+00
1.100000 82.475000 9.601440358139e-01 -4.436817022691e-01 1.057700e+00
1.100000 82.500000 9.476831973457e-01 -4.270738290874e-01 1.039469e+00
1.100000 82.525000 9.362301232025e-01 -4.096015001727e-01 1.021910e+00
1.100000 82.550000 9.259088637160e-01 -3.913089374700e-01 1.005201e+00
1.100000 82.575000 9.168399879591e-01 -3.722603617486e-01 9.895319e-01
1.100000 82.600000 9.091373766735e-01 -3.525389096906e-01 9.750972e-01
1.100000 82.625000 9.029053662288e-01 -3.322450300165e-01 9.620940e-01
1.100000 82.650000 8.982363321048e-01 -3.114944568192e-01 9.507141e-01
1.100000 82.675000 8.952087746709e-01 -2.904158743178e-01 9.411377e-01
1.100000 82.700000 8.938859412482e-01 -2.691483965965e-01 9.335271e-01
1.100000 82.725000 8.943149883450e-01 -2.478389879705e-01 9.280213e-01
1.100000 82.750000 8.965266584476e-01 -2.266399443068e-01 9.247301e-01
1.100000 82.775000 9.005354186714e-01 -2.057065433287e-01 9.237311e-01
1.100000 82.800000 9.063399856014e-01 -1.851949535041e-01 9.250672e-01
1.100000 82.825000 9.139241431674e-01 -1.652604678321e-01 9.287456e-01
1.100000 82.850000 9.232577493918e-01 -1.460561022784e-01 9.347391e-01
1.100000 82.875000 9.342978238556e-01 -1.277315705161e-01 9.429887e-01
1.100000 82.900000 9.469896108296e-01 -1.104326188208e-01 9.534069e-01
1.100000 82.925000 9.612675227809e-01 -9.430067917519e-02 9.658819e-01
1.100000 82.950000 9.770558846197e-01 -7.947277639356e-02 9.802827e-01
1.100000 82.975000 9.942694193975e-01 -6.608160762369e-02 9.964630e-01
1.100000 83.000000 1.012813439873e+00 -5.425570080433e-02 1.014266e+00
1.100000 83.025000 1.032583735891e+00 -4.411955304885e-02 1.033526e+00
1.100000 83.050000 1.053466173328e+00 -3.579365059396e-02 1.054074e+00
1.100000 83.075000 1.075336045079e+00 -2.939427863111e-02 1.075738e+00
1.100000 83.100000 1.098057236815e+00 -2.503304148054e-02 1.098343e+00
1.100000 83.125000 1.121481289036e+00 -2.281603035489e-02 1.121713e+00
1.100000 83.150000 1.145446451466e+00 -2.284259643931e-02 1.145674e+00
1.100000 83.175000 1.169776835485e+00 -2.520371013234e-02 1.170048e+00
1.100000 83.200000 1.194281774789e+00 -2.997991196403e-02 1.194658e+00
1.100000 83.225000 1.218755503728e+00 -3.723888589387e-02 1.219324e+00
1.100000 83.250000 1.242977256836e+00 -4.703271037704e-02 1.243867e+00
1.100000 83.275000 1.266711882188e+00 -5.939486587411e-02 1.268104e+00
1.100000 83.300000 1.289711045765e+00 -7.433709850377e-02 1.291852e+00
1.100000 83.325000 1.311715084356e+00 -9.184625754028e-02 1.314927e+00
1.100000 83.350000 1.332455541279e+00 -1.118812387237e-01 1.337144e+00
1.100000 83.375000 1.351658392939e+00 -1.343701752348e-01 1.358321e+00
1.100000 83.400000 1.369047945691e+00 -1.592080231006e-01 1.378274e+00
1.100000 83.425000 1.384351352479e+00 -1.862546872307e-01 1.396825e+00
1.100000 83.450000 1.397303668271e+00 -2.153338278403e-01 1.413799e+00
1.100000 83.475000 1.407653333459e+00 -2.462324744232e-01 1.429027e+00
1.100000 83.500000 1.415167946364e+00 -2.787015556426e-01 1.442350e+00
1.100000 83.525000 1.419640161125e+00 -3.124574286632e-01 1.453619e+00
1.100000 83.550000 1.420893526734e+00 -3.471844610071e-01 1.462695e+00
1.100000 83.575000 1.418788068338e+00 -3.825386827467e-01 1.469454e+00
1.100000 83.600000 1.413225404062e+00 -4.181524878080e-01 1.473790e+00
1.100000 83.625000 1.404153190730e+00 -4.536403217448e-01 1.475614e+00
1.100000 83.650000 1.391568700500e+00 -4.886052512096e-01 1.474855e+00
1.100000 83.675000 1.375521347988e+00 -5.226462693289e-01 1.471468e+00
1.100000 83.700000 1.356114013816e+00 -5.553661532712e-01 1.465427e+00
1.100000 83.725000 1.333503045051e+00 -5.863796574195e-01 1.456733e+00
1.100000 83.750000 1.307896854821e+00 -6.153217996146e-01 1.445412e+00
1.100000 83.775000 1.279553090815e+00 -6.418559805126e-01 1.431515e+00
1.100000 83.800000 1.248774393796e+00 -6.656816685263e-01 1.415122e+00
1.100000 83.825000 1.215902820283e+00 -6.865413859231e-01 1.396338e+00
1.100000 83.850000 1.181313056046e+00 -7.042267458206e-01 1.375295e+00
1.100000 83.875000 1.145404596471e+00 -7.185833148558e-01 1.352151e+00
1.100000 83.900000 1.108593113953e+00 -7.295141115004e-01 1.327091e+00
1.100000 83.925000 1.071301269023e+00 -7.369815941088e-01 1.300319e+00
1.100000 83.950000 1.033949249131e+00 -7.410080441151e-01 1.272063e+00
1.100000 83.975000 9.969453354643e-01 -7.416743062708e-01 1.242570e+00
1.100000 84.000000 9.606768028495e-01 -7.391169070582e-01 1.212103e+00
1.100000 84.025000 9.255014503713e-01 -7.335236319355e-01 1.180936e+00
1.100000 84.050000 8.917400408542e-01 -7.251276992861e-01 1.149352e+00
1.100000 84.075000 8.596698965465e-01 -7.142007213899e-01 1.117638e+00
1.100000 84.100000 8.295198573951e-01 -7.010446881173e-01 1.086079e+00
1.100000 84.125000 8.014667588321e-01 -6.859832454151e-01 1.054951e+00
1.100000 84.150000 7.756335300587e-01 -6.693525663727e-01 1.024520e+00
1.100000 84.175000 7.520889537104e-01 -6.514921266307e-01 9.950275e-01
1.100000 84.200000 7.308490660355e-01 -6.327356974659e-01 9.666927e-01
1.100000 84.225000 7.118801158923e-01 -6.134028589730e-01 9.397001e-01
1.100000 84.250000 6.951029435234e-01 -5.937913128092e-01 9.141970e-01
1.100000 84.275000 6.803985886156e-01 -5.741702399126e-01 8.902886e-01
1.100000 84.300000 6.676148937616e-01 -5.547749049296e-01 8.680350e-01
1.100000 84.325000 6.565738359245e-01 -5.358026576266e-01 8.474513e-01
1.100000 84.350000 6.470792962777e-01 -5.174104245614e-01 8.285078e-01
1.100000 84.375000 6.389249687457e-01 -4.997137241997e-01 8.111343e-01
1.100000 84.400000 6.319021100733e-01 -4.827871781148e-01 7.952256e-01
1.100000 84.425000 6.258068491109e-01 -4.666664325396e-01 7.806483e-01
1.100000 84.450000 6.204467994446e-01 -4.513513508909e-01 7.672498e-01
1.100000 84.475000 6.156467562458e-01 -4.368102913153e-01 7.548670e-01
1.100000 84.500000 6.112533034672e-01 -4.229852457854e-01 7.433351e-01
1.100000 84.525000 6.071382091207e-01 -4.097975903879e-01 7.324963e-01
1.100000 84.550000 6.032005418539e-01 -3.971541812535e-01 7.222066e-01
1.100000 84.575000 5.993674987663e-01 -3.849535275361e-01 7.123416e-01
1.100000 84.600000 5.955939896977e-01 -3.730917818658e-01 7.028013e-01
1.100000 84.625000 5.918610745155e-01 -3.614683090418e-01 6.935120e-01
1.100000 84.650000 5.881733948805e-01 -3.499906241369e-01 6.844278e-01
1.100000 84.675000 5.845557786169e-01 -3.385785298922e-01 6.755301e-01
1.100000 84.700000 5.810492216597e-01 -3.271673281569e-01 6.668258e-01
1.100000 84.725000 5.777064685978e-01 -3.157100287444e-01 6.583446e-01
1.100000 84.750000 5.745874177470e-01 -3.041785289155e-01 6.501348e-01
1.100000 84.775000 5.717545706461e-01 -2.925637852157e-01 6.422592e-01
1.100000 84.800000 5.692687296868e-01 -2.808750442299e-01 6.347895e-01
1.100000 84.825000 5.671851225552e-01 -2.691382378839e-01 6.278012e-01
1.100000 84.850000 5.655500999976e-01 -2.573936805237e-01 6.213682e-01
1.100000 84.875000 5.643985161649e-01 -2.456932279213e-01 6.155573e-01
1.100000 84.900000 5.637518606447e-01 -2.340970719238e-01 6.104241e-01
1.100000 84.925000 5.636171705168e-01 -2.226703485176e-01 6.060086e-01
1.100000 84.950000 5.639867115395e-01 -2.114797320391e-01 6.023327e-01
1.100000 84.975000 5.648383818447e-01 -2.005901749903e-01 5.993987e-01
1.100000 85.000000 5.661367609385e-01 -1.900619327062e-01 5.971887e-01
1.100000 85.025000 5.678347026110e-01 -1.799479865512e-01 5.956656e-01
1.100000 85.050000 5.698753533615e-01 -1.702919501967e-01 5.947750e-01
1.100000 85.075000 5.721944684677e-01 -1.611265126916e-01 5.944479e-01
1.100000 85.100000 5.747228957542e-01 -1.524724413270e-01 5.946043e-01
1.100000 85.125000 5.773891018849e-01 -1.443381383640e-01 5.951568e-01
1.100000 85.150000 5.801216267388e-01 -1.367197199722e-01 5.960146e-01
1.100000 85.175000 5.828513669335e-01 -1.296015643428e-01 5.970865e-01
1.100000 85.200000 5.855136085017e-01 -1.229572596311e-01 5.982848e-01
1.100000 85.225000 5.880497496626e-01 -1.167508715458e-01 5.995275e-01
1.100000 85.250000 5.904086761604e-01 -1.109384450410e-01 6.007410e-01
1.100000 85.275000 5.925477724572e-01 -1.054696543646e-01 6.018610e-01
1.100000 85.300000 5.944335710478e-01 -1.002895200548e-01 6.028344e-01
1.100000 85.325000 5.960420584404e-01 -9.534011955121e-02 6.036190e-01
1.100000 85.350000 5.973586692874e-01 -9.056222890483e-02 6.041845e-01
1.100000 85.375000 5.983780094588e-01 -8.589684563420e-02 6.045118e-01
1.100000 85.400000 5.991033544583e-01 -8.128655605400e-02 6.045927e-01
1.100000 85.425000 5.995459717072e-01 -7.667672346946e-02 6.044292e-01
1.100000 85.450000 5.997243142623e-01 -7.201648570591e-02 6.040328e-01
1.100000 85.475000 5.996631300586e-01 -6.725956089825e-02 6.034233e-01
1.100000 85.500000 5.993925254327e-01 -6.236486889536e-02 6.026282e-01
1.100000 85.525000 5.989470151688e-01 -5.729698182284e-02 6.016814e-01
1.100000 85.550000 5.983645843024e-01 -5.202642127635e-02 6.006221e-01
1.100000 85.575000 5.976857800043e-01 -4.652982143511e-02 5.994942e-01
1.100000 85.600000 5.969528455613e-01 -4.078997737341e-02 5.983448e-01
1.100000 85.625000 5.962089031399e-01 -3.479579638226e-02 5.972234e-01
1.100000 85.650000 5.954971879018e-01 -2.854216762190e-02 5.961808e-01
1.100000 85.675000 5.948603332484e-01 -2.202976234619e-02 5.952681e-01
1.100000 85.700000 5.943397054772e-01 -1.526477368689e-02 5.945357e-01
1.100000 85.725000 5.939747858254e-01 -8.258601923541e-03 5.940322e-01
1.100000 85.750000 5.938025985548e-01 -1.027488583620e-03 5.938035e-01
1.100000 85.775000 5.938571851485e-01 6.407899168303e-03 5.938918e-01
1.100000 85.800000 5.941691265761e-01 1.402293346282e-02 5.943346e-01
1.100000 85.825000 5.947651176600e-01 2.178953979097e-02 5.951641e-01
1.100000 85.850000 5.956675995841e-01 2.967675937354e-02 5.964064e-01
1.100000 85.875000 5.968944583045e-01 3.765135760681e-02 5.980808e-01
1.100000 85.900000 5.984587978511e-01 4.567847432613e-02 6.001995e-01
1.100000 85.925000 6.003687981164e-01 5.372230912702e-02 6.027676e-01
1.100000 85.950000 6.026276665947e-01 6.174683219167e-02 6.057828e-01
1.100000 85.975000 6.052336926263e-01 6.971650817857e-02 6.092358e-01
1.100000 86.000000 6.081804109771e-01 7.759701793951e-02 6.131107e-01
1.100000 86.025000 6.114568790887e-01 8.535596032636e-02 6.173857e-01
1.100000 86.050000 6.150480691173e-01 9.296351432097e-02 6.220340e-01
1.100000 86.075000 6.189353720452e-01 1.003930403455e-01 6.270245e-01
1.100000 86.100000 6.230972068271e-01 1.076215990298e-01 6.323231e-01
1.100000 86.125000 6.275097228985e-01 1.146303660716e-01 6.378939e-01
1.100000 86.150000 6.321475796206e-01 1.214049232083e-01 6.437000e-01
1.100000 86.175000 6.369847815931e-01 1.279354077896e-01 6.497054e-01
1.100000 86.200000 6.419955444780e-01 1.342165070112e-01 6.558753e-01
1.100000 86.225000 6.471551623040e-01 1.402472874826e-01 6.621775e-01
1.100000 86.250000 6.524408444097e-01 1.460308563723e-01 6.685836e-01
1.100000 86.275000 6.578324884758e-01 1.515738567099e-01 6.750690e-01
1.100000 86.300000 6.633133556911e-01 1.568858063306e-01 6.816141e-01
1.100000 86.325000 6.688706151586e-01 1.619782971166e-01 6.882041e-01
1.100000 86.350000 6.744957272608e-01 1.668640783345e-01 6.948296e-01
1.100000 86.375000 6.801846399053e-01 1.715560546111e-01 7.014860e-01
1.100000 86.400000 6.859377772962e-01 1.760662350983e-01 7.081737e-01
1.100000 86.425000 6.917598079926e-01 1.804046752968e-01 7.148968e-01
1.100000 86.450000 6.976591873068e-01 1.845784565094e-01 7.216630e-01
1.100000 86.475000 7.036474782706e-01 1.885907497114e-01 7.284822e-01
1.100000 86.500000 7.097384651075e-01 1.924400105518e-01 7.353651e-01
1.100000 86.525000 7.159470829904e-01 1.961193500744e-01 7.423227e-01
1.100000 86.550000 7.222881974145e-01 1.996161215510e-01 7.493643e-01
1.100000 86.575000 7.287752753174e-01 2.029117575605e-01 7.564963e-01
1.100000 86.600000 7.354189977061e-01 2.059818832796e-01 7.637209e-01
1.100000 86.625000 7.422258695836e-01 2.087967220924e-01 7.710352e-01
1.100000 86.650000 7.491968870319e-01 2.113217983796e-01 7.784298e-01
1.100000 86.675000 7.563263231008e-01 2.135189301267e-01 7.858879e-01
1.100000 86.700000 7.636006934298e-01 2.153474912318e-01 7.933855e-01
1.100000 86.725000 7.709979591539e-01 2.167659106339e-01 8.008903e-01
1.100000 86.750000 7.784870185781e-01 2.177333631642e-01 8.083625e-01
1.100000 86.775000 7.860275304196e-01 2.182115959196e-01 8.157546e-01
1.100000 86.800000 7.935701003150e-01 2.181668245492e-01 8.230129e-01
1.100000 86.825000 8.010568490968e-01 2.175716266489e-01 8.300780e-01
1.100000 86.850000 8.084223665046e-01 2.164067549750e-01 8.368863e-01
1.100000 86.875000 8.155950380701e-01 2.146627917806e-01 8.433714e-01
1.100000 86.900000 8.224987165712e-01 2.123415675466e-01 8.494664e-01
1.100000 86.925000 8.290546933985e-01 2.094572728297e-01 8.551047e-01
1.100000 86.950000 8.351839102163e-01 2.060372008475e-01 8.602229e-01
1.100000 86.975000 8.408093381755e-01 2.021220705780e-01 8.647622e-01
1.100000 87.000000 8.458584414019e-01 1.977658951201e-01 8.686702e-01
1.100000 87.025000 8.502656341720e-01 1.930353773314e-01 8.719027e-01
1.100000 87.050000 8.539746376054e-01 1.880088335514e-01 8.744255e-01
1.100000 87.075000 8.569406422153e-01 1.827746657118e-01 8.762156e-01
1.100000 87.100000 8.591321873631e-01 1.774294214045e-01 8.772624e-01
1.100000 87.125000 8.605326775065e-01 1.720754995315e-01 8.775685e-01
1.100000 87.150000 8.611414677773e-01 1.668185751351e-01 8.771505e-01
1.100000 87.175000 8.609744673382e-01 1.617648299863e-01 8.760393e-01
1.100000 87.200000 8.600642274329e-01 1.570180848768e-01 8.742798e-01
1.100000 87.225000 8.584595011534e-01 1.526769347524e-01 8.719306e-01
1.100000 87.250000 8.562242827487e-01 1.488319886008e-01 8.690633e-01
1.100000 87.275000 8.534363547325e-01 1.455633123166e-01 8.657611e-01
1.100000 87.300000 8.501853901602e-01 1.429381648303e-01 8.621175e-01
1.100000 87.325000 8.465706742788e-01 1.410091060520e-01 8.582339e-01
1.100000 87.350000 8.426985235828e-01 1.398125402893e-01 8.542180e-01
1.100000 87.375000 8.386794905308e-01 1.393677415595e-01 8.501804e-01
1.100000 87.400000 8.346254484373e-01 1.396763885203e-01 8.462323e-01
1.100000 87.425000 8.306466532295e-01 1.407226175376e-01 8.424825e-01
1.100000 87.450000 8.268488769393e-01 1.424735836028e-01 8.390338e-01
1.100000 87.475000 8.233307022991e-01 1.448805012396e-01 8.359807e-01
1.100000 87.500000 8.201810590964e-01 1.478801219207e-01 8.334060e-01
1.100000 87.525000 8.174770716380e-01 1.513965913858e-01 8.313782e-01
1.100000 87.550000 8.152822734477e-01 1.553436199949e-01 8.299499e-01
1.100000 87.575000 8.136452308934e-01 1.596268920469e-01 8.291558e-01
1.100000 87.600000 8.125986025084e-01 1.641466358640e-01 8.290118e-01
1.100000 87.625000 8.121586459492e-01 1.688002752437e-01 8.295150e-01
1.100000 87.650000 8.123251703763e-01 1.734850843695e-01 8.306439e-01
1.100000 87.675000 8.130819189754e-01 1.781007720996e-01 8.323594e-01
1.100000 87.700000 8.143973546686e-01 1.825519273452e-01 8.346066e-01
1.100000 87.725000 8.162258120039e-01 1.867502646076e-01 8.373173e-01
1.100000 87.750000 8.185089698708e-01 1.906166172830e-01 8.404116e-01
1.100000 87.775000 8.211775930801e-01 1.940826357289e-01 8.438013e-01
1.100000 87.800000 8.241534859855e-01 1.970921570141e-01 8.473926e-01
1.100000 87.825000 8.273515981086e-01 1.996022234892e-01 8.510885e-01
1.100000 87.850000 8.306822201543e-01 2.015837376268e-01 8.547918e-01
1.100000 87.875000 8.340532087612e-01 2.030217507874e-01 8.584070e-01
1.100000 87.900000 8.373721798023e-01 2.039153935238e-01 8.618432e-01
1.100000 87.925000 8.405486129860e-01 2.042774645694e-01 8.650152e-01
1.100000 87.950000 8.434958148478e-01 2.041337045897e-01 8.678455e-01
1.100000 87.975000 8.461326929508e-01 2.035217889160e-01 8.702653e-01
1.100000 88.000000 8.483853010999e-01 2.024900806049e-01 8.722155e-01
1.100000 88.025000 8.501881235340e-01 2.010961910500e-01 8.736473e-01
1.100000 88.050000 8.514850751851e-01 1.994053997719e-01 8.745224e-01
1.100000 88.075000 8.522302049420e-01 1.974889877252e-01 8.748133e-01
1.100000 88.100000 8.523880991155e-01 1.954225393000e-01 8.745030e-01
1.100000 88.125000 8.519339926022e-01 1.932842670569e-01 8.735848e-01
1.100000 88.150000 8.508536051643e-01 1.911534100874e-01 8.720616e-01
1.100000 88.175000 8.491427293533e-01 1.891087518105e-01 8.699457e-01
1.100000 88.200000 8.468066044869e-01 1.872272961789e-01 8.672575e-01
1.100000 88.225000 8.438591173465e-01 1.855831329697e-01 8.640251e-01
1.100000 88.250000 8.403218745935e-01 1.842465134593e-01 8.602835e-01
1.100000 88.275000 8.362231940985e-01 1.832831477938e-01 8.560736e-01
1.100000 88.300000 8.315970623324e-01 1.827537252788e-01 8.514415e-01
1.100000 88.325000 8.264821027506e-01 1.827136491600e-01 8.464378e-01
1.100000 88.350000 8.209205958741e-01 1.832129687303e-01 8.411169e-01
1.100000 88.375000 8.149575858381e-01 1.842964842479e-01 8.355364e-01
1.100000 88.400000 8.086401009660e-01 1.860039944958e-01 8.297568e-01
1.100000 88.425000 8.020165078939e-01 1.883706530997e-01 8.238410e-01
1.100000 88.450000 7.951360104481e-01 1.914273980125e-01 8.178543e-01
1.100000 88.475000 7.880482963705e-01 1.952014188211e-01 8.118643e-01
1.100000 88.500000 7.808033275488e-01 1.997166285266e-01 8.059408e-01
1.100000 88.525000 7.734512630260e-01 2.049941098969e-01 8.001559e-01
1.100000 88.550000 7.660424989845e-01 2.110525109987e-01 7.945843e-01
1.100000 88.575000 7.586278062768e-01 2.179083696518e-01 7.893036e-01
1.100000 88.600000 7.512585438808e-01 2.255763518912e-01 7.843941e-01
1.100000 88.625000 7.439869257914e-01 2.340693946823e-01 7.799391e-01
1.100000 88.650000 7.368663190789e-01 2.433987478007e-01 7.760251e-01
1.100000 88.675000 7.299515518561e-01 2.535739137638e-01 7.727412e-01
1.100000 88.700000 7.232992113810e-01 2.646024878945e-01 7.701793e-01
1.100000 88.725000 7.169679141546e-01 2.764899030474e-01 7.684332e-01
1.100000 88.750000 7.110185314033e-01 2.892390853694e-01 7.675979e-01
1.100000 88.775000 7.055143545862e-01 3.028500289260e-01 7.677686e-01
1.100000 88.800000 7.005211864545e-01 3.173192983559e-01 7.690393e-01
1.100000 88.825000 6.961073437884e-01 3.326394701936e-01 7.715014e-01
1.100000 88.850000 6.923435583683e-01 3.487985253384e-01 7.752419e-01
1.100000 88.875000 6.893027632759e-01 3.657792075041e-01 7.803414e-01
1.100000 88.900000 6.870597525529e-01 3.835583653883e-01 7.868724e-01
1.100000 88.925000 6.856907038937e-01 4.021062996677e-01 7.948970e-01
1.100000 88.950000 6.852725566971e-01 4.213861395515e-01 8.044655e-01
1.100000 88.975000 6.858822416733e-01 4.413532771664e-01 8.156146e-01
1.100000 89.000000 6.875957633830e-01 4.619548911113e-01 8.283660e-01
1.100000 89.025000 6.904871435439e-01 4.831295926287e-01 8.427258e-01
1.100000 89.050000 6.946272404885e-01 5.048072285621e-01 8.586835e-01
1.100000 89.075000 7.000824684266e-01 5.269088741729e-01 8.762125e-01
1.100000 89.100000 7.069134487148e-01 5.493470457062e-01 8.952702e-01
1.100000 89.125000 7.151736335547e-01 5.720261571319e-01 9.157987e-01
1.100000 89.150000 7.249079498235e-01 5.948432377730e-01 9.377260e-01
1.100000 89.175000 7.361515164482e-01 6.176889177505e-01 9.609676e-01
1.100000 89.200000 7.489284922870e-01 6.404486766850e-01 9.854280e-01
1.100000 89.225000 7.632511124116e-01 6.630043384380e-01 1.011003e+00
1.100000 89.250000 7.791189686519e-01 6.852357814935e-01 1.037581e+00
1.100000 89.275000 7.965185851388e-01 7.070228216069e-01 1.065046e+00
1.100000 89.300000 8.154233313675e-01 7.282472113482e-01 1.093279e+00
1.100000 89.325000 8.357937042753e-01 7.487946908732e-01 1.122161e+00
1.100000 89.350000 8.575779973658e-01 7.685570163416e-01 1.151573e+00
1.100000 89.375000 8.807133595901e-01 7.874338873998e-01 1.181401e+00
1.100000 89.400000 9.051272302071e-01 8.053346934852e-01 1.211536e+00
1.100000 89.425000 9.307391189149e-01 8.221800005833e-01 1.241876e+00
1.100000 89.450000 9.574626839903e-01 8.379027055728e-01 1.272327e+00
1.100000 89.475000 9.852080457389e-01 8.524487942733e-01 1.302806e+00
1.100000 89.500000 1.013884258982e+00 8.657776515087e-01 1.333241e+00
1.100000 89.525000 1.043401857218e+00 8.778618864796e-01 1.363572e+00
1.100000 89.550000 1.073675373053e+00 8.886866539703e-01 1.393751e+00
1.100000 89.575000 1.104625734861e+00 8.982484707654e-01 1.423744e+00
1.100000 89.600000 1.136182438797e+00 9.065535464310e-01 1.453530e+00
1.100000 89.625000 1.168285398253e+00 9.136156675910e-01 1.483100e+00
1.100000 89.650000 1.200886379781e+00 9.194536942618e-01 1.512456e+00
1.100000 89.675000 1.233949945174e+00 9.240887449481e-01 1.541614e+00
1.100000 89.700000 1.267453833621e+00 9.275411633526e-01 1.570596e+00
1.100000 89.725000 1.301388735224e+00 9.298273730307e-01 1.599435e+00
1.100000 89.750000 1.335757427155e+00 9.309567365470e-01 1.628167e+00
1.100000 89.775000 1.370573265872e+00 9.309285421275e-01 1.656834e+00
1.100000 89.800000 1.405858052144e+00 9.297292430772e-01 1.685477e+00
1.100000 89.825000 1.441639309657e+00 9.273300730425e-01 1.714137e+00
1.100000 89.850000 1.477947041621e+00 9.236851534450e-01 1.742849e+00
1.100000 89.875000 1.514810052254e+00 9.187301981201e-01 1.771642e+00
1.100000 89.900000 1.552251940465e+00 9.123819045871e-01 1.800535e+00
1.100000 89.925000 1.590286890577e+00 9.045381018414e-01 1.829536e+00
1.100000 89.950000 1.628915398771e+00 8.950787016688e-01 1.858637e+00
1.100000 89.975000 1.668120083508e+00 8.838674749344e-01 1.887815e+00
1.100000 90.000000 1.707861732942e+00 8.707546469547e-01 1.917030e+00
1.100000 90.025000 1.748075741953e+00 8.555802778400e-01 1.946224e+00
1.100000 90.050000 1.788669085845e+00 8.381783655863e-01 1.975318e+00
1.100000 90.075000 1.829517966954e+00 8.183815826985e-01 2.004217e+00
1.100000 90.100000 1.870466254695e+00 7.960265321836e-01 2.032806e+00
1.100000 90.125000 1.911324819430e+00 7.709593867717e-01 2.060956e+00
1.100000 90.150000 1.951871836454e+00 7.430417569533e-01 2.088520e+00
1.100000 90.175000 1.991854109235e+00 7.121566195377e-01 2.115337e+00
1.100000 90.200000 2.030989431436e+00 6.782141294118e-01 2.141236e+00
1.100000 90.225000 2.068969976312e+00 6.411571333791e-01 2.166038e+00
1.100000 90.250000 2.105466670438e+00 6.009662065555e-01 2.189555e+00
1.100000 90.275000 2.140134477572e+00 5.576640388468e-01 2.211598e+00
1.100000 90.300000 2.172618488496e+00 5.113190114252e-01 2.231976e+00
1.100000 90.325000 2.202560684863e+00 4.620478206278e-01 2.250503e+00
1.100000 90.350000 2.229607220293e+00 4.100170289637e-01 2.266994e+00
1.100000 90.375000 2.253416040852e+00 3.554434494513e-01 2.281277e+00
1.100000 90.400000 2.273664650529e+00 2.985932997191e-01 2.293187e+00
1.100000 90.425000 2.290057815873e+00 2.397800954606e-01 2.302577e+00
1.100000 90.450000 2.302334998216e+00 1.793612881004e-01 2.309311e+00
1.100000 90.475000 2.310277302329e+00 1.177336879374e-01 2.313275e+00
1.100000 90.500000 2.313713737118e+00 5.532775051944e-02 2.314375e+00
1.100000 90.525000 2.312526597275e+00 -7.399160580592e-03 2.312538e+00
1.100000 90.550000 2.306655794463e+00 -6.997038828468e-02 2.307717e+00
1.100000 90.575000 2.296101992283e+00 -1.318982978802e-01 2.299887e+00
1.100000 90.600000 2.280928430340e+00 -1.926930933284e-01 2.289053e+00
1.100000 90.625000 2.261261358332e+00 -2.518719138659e-01 2.275246e+00
1.100000 90.650000 2.237289040071e+00 -3.089679781624e-01 2.258522e+00
1.100000 90.675000 2.209259328474e+00 -3.635395380135e-01 2.238970e+00
1.100000 90.700000 2.177475854234e+00 -4.151784059594e-01 2.216703e+00
1.100000 90.725000 2.142292911737e+00 -4.635178313794e-01 2.191864e+00
1.100000 90.750000 2.104109164059e+00 -5.082395172483e-01 2.164621e+00
1.100000 90.775000 2.063360323255e+00 -5.490795942183e-01 2.135168e+00
1.100000 90.800000 2.020510991284e+00 -5.858333990604e-01 2.103727e+00
1.100000 90.825000 1.976045869698e+00 -6.183589395791e-01 2.070537e+00
1.100000 90.850000 1.930460561979e+00 -6.465789664607e-01 2.035864e+00
1.100000 90.875000 1.884252200650e+00 -6.704816126241e-01 1.999988e+00
1.100000 90.900000 1.837910132043e+00 -6.901196009782e-01 1.963206e+00
1.100000 90.925000 1.791906884993e+00 -7.056080605137e-01 1.925828e+00
1.100000 90.950000 1.746689636603e+00 -7.171210270803e-01 1.888170e+00
1.100000 90.975000 1.702672369083e+00 -7.248867378391e-01 1.850555e+00
1.100000 91.000000 1.660228887919e+00 -7.291818563764e-01 1.813303e+00
1.100000 91.025000 1.619686844026e+00 -7.303247882054e-01 1.776727e+00
1.100000 91.050000 1.581322872619e+00 -7.286682635413e-01 1.741132e+00
1.100000 91.075000 1.545358930096e+00 -7.245913757396e-01 1.706800e+00
1.100000 91.100000 1.511959878567e+00 -7.184912698196e-01 1.673993e+00
1.100000 91.125000 1.481232336526e+00 -7.107746763415e-01 1.642939e+00
1.100000 91.150000 1.453224784380e+00 -7.018494820731e-01 1.613832e+00
1.100000 91.175000 1.427928885666e+00 -6.921165208552e-01 1.586823e+00
1.100000 91.200000 1.405281959277e+00 -6.819617564115e-01 1.562014e+00
1.100000 91.225000 1.385170515236e+00 -6.717490141217e-01 1.539462e+00
1.100000 91.250000 1.367434746587e+00 -6.618134014458e-01 1.519169e+00
1.100000 91.275000 1.351873853188e+00 -6.524555372778e-01 1.501087e+00
1.100000 91.300000 1.338252059475e+00 -6.439366894337e-01 1.485117e+00
1.100000 91.325000 1.326305177894e+00 -6.364748971594e-01 1.471117e+00
1.100000 91.350000 1.315747562572e+00 -6.302421324057e-01 1.458903e+00
1.100000 91.375000 1.306279294114e+00 -6.253625300603e-01 1.448255e+00
1.100000 91.400000 1.297593436062e+00 -6.219116938008e-01 1.438931e+00
1.100000 91.425000 1.289383206548e+00 -6.199170611840e-01 1.430666e+00
1.100000 91.450000 1.281348914950e+00 -6.193592895009e-01 1.423187e+00
1.100000 91.475000 1.273204522631e+00 -6.201746032628e-01 1.416215e+00
1.100000 91.500000 1.264683699003e+00 -6.222580254087e-01 1.409479e+00
1.100000 91.525000 1.255545258638e+00 -6.254673978308e-01 1.402713e+00
1.100000 91.550000 1.245577881736e+00 -6.296280829400e-01 1.395670e+00
1.100000 91.575000 1.234604038278e+00 -6.345382269710e-01 1.388123e+00
1.100000 91.600000 1.222483055219e+00 -6.399744576734e-01 1.379867e+00
1.100000 91.625000 1.209113285564e+00 -6.456978839605e-01 1.370723e+00
1.100000 91.650000 1.194433357613e+00 -6.514602628865e-01 1.360541e+00
1.100000 91.675000 1.178422501692e+00 -6.570101997908e-01 1.349201e+00
1.100000 91.700000 1.161099969914e+00 -6.620992503406e-01 1.336611e+00
1.100000 91.725000 1.142523581793e+00 -6.664877982163e-01 1.322712e+00
1.100000 91.750000 1.122787444618e+00 -6.699505890588e-01 1.307473e+00
1.100000 91.775000 1.102018912498e+00 -6.722818097782e-01 1.290894e+00
1.100000 91.800000 1.080374861714e+00 -6.732996122615e-01 1.273005e+00
1.100000 91.825000 1.058037372655e+00 -6.728499918064e-01 1.253862e+00
1.100000 91.850000 1.035208920099e+00 -6.708099432556e-01 1.233549e+00
1.100000 91.875000 1.012107183805e+00 -6.670898318533e-01 1.212176e+00
1.100000 91.900000 9.889596002525e-01 -6.616349313808e-01 1.189875e+00
1.100000 91.925000 9.659977836313e-01 -6.544260992286e-01 1.166801e+00
1.100000 91.950000 9.434519493279e-01 -6.454795767237e-01 1.143130e+00
1.100000 91.975000 9.215454759836e-01 -6.348459231801e-01 1.119051e+00
1.100000 92.000000 9.004897419270e-01 -6.226081135055e-01 1.094771e+00
1.100000 92.025000 8.804793681007e-01 -6.088788513689e-01 1.070503e+00
1.100000 92.050000 8.616879919410e-01 -5.937971722796e-01 1.046471e+00
1.100000 92.075000 8.442646847690e-01 -5.775244326564e-01 1.022897e+00
1.100000 92.100000 8.283311089356e-01 -5.602398011134e-01 1.000001e+00
1.100000 92.125000 8.139794903935e-01 -5.421353857219e-01 9.779946e-01
1.100000 92.150000 8.012714579106e-01 -5.234111448463e-01 9.570764e-01
1.100000 92.175000 7.902377725185e-01 -5.042697382932e-01 9.374240e-01
1.100000 92.200000 7.808789409852e-01 -4.849114791007e-01 9.191904e-01
1.100000 92.225000 7.731666763646e-01 -4.655295437085e-01 9.024990e-01
1.100000 92.250000 7.670461384203e-01 -4.463055891899e-01 8.874393e-01
1.100000 92.275000 7.624388584784e-01 -4.274059107439e-01 8.740645e-01
1.100000 92.300000 7.592462285498e-01 -4.089782512071e-01 8.623909e-01
1.100000 92.325000 7.573534147646e-01 -3.911493477938e-01 8.523978e-01
1.100000 92.350000 7.566335414735e-01 -3.740232708093e-01 8.440306e-01
1.100000 92.375000 7.569519856394e-01 -3.576805762158e-01 8.372047e-01
1.100000 92.400000 7.581706218188e-01 -3.421782603479e-01 8.318105e-01
1.100000 92.425000 7.601518661510e-01 -3.275504725698e-01 8.277199e-01
1.100000 92.450000 7.627623828802e-01 -3.138099119920e-01 8.247928e-01
1.100000 92.475000 7.658763381446e-01 -3.009498091125e-01 8.228836e-01
1.100000 92.500000 7.693781118395e-01 -2.889463737471e-01 8.218471e-01
1.100000 92.525000 7.731644076993e-01 -2.777615778178e-01 8.215441e-01
1.100000 92.550000 7.771457326362e-01 -2.673461360071e-01 8.218451e-01
1.100000 92.575000 7.812472469719e-01 -2.576425490097e-01 8.226341e-01
1.100000 92.600000 7.854090157698e-01 -2.485880827147e-01 8.238103e-01
1.100000 92.625000 7.895857164500e-01 -2.401175712819e-01 8.252891e-01
1.100000 92.650000 7.937458779701e-01 -2.321659515432e-01 8.270027e-01
1.100000 92.675000 7.978707411860e-01 -2.246704589848e-01 8.288996e-01
1.100000 92.700000 8.019528381115e-01 -2.175724401538e-01 8.309429e-01
1.100000 92.725000 8.059943896197e-01 -2.108187610207e-01 8.331095e-01
1.100000 92.750000 8.100056171018e-01 -2.043628140993e-01 8.353881e-01
1.100000 92.775000 8.140030544664e-01 -1.981651476179e-01 8.377771e-01
1.100000 92.800000 8.180079336871e-01 -1.921937567129e-01 8.402829e-01
1.100000 92.825000 8.220447011662e-01 -1.864240887824e-01 8.429184e-01
1.100000 92.850000 8.261397047823e-01 -1.808388224621e-01 8.457006e-01
1.100000 92.875000 8.303200739800e-01 -1.754274822388e-01 8.486496e-01
1.100000 92.900000 8.346127988109e-01 -1.701859488739e-01 8.517874e-01
1.100000 92.925000 8.390439994447e-01 -1.651159202474e-01 8.551363e-01
1.100000 92.950000 8.436383660561e-01 -1.602243688108e-01 8.587185e-01
1.100000 92.975000 8.484187405950e-01 -1.555230315209e-01 8.625554e-01
1.100000 93.000000 8.534058068873e-01 -1.510279569060e-01 8.666666e-01
1.100000 93.025000 8.586178536705e-01 -1.467591227022e-01 8.710700e-01
1.100000 93.050000 8.640705761748e-01 -1.427401270665e-01 8.757812e-01
1.100000 93.075000 8.697768851988e-01 -1.389979473363e-01 8.808134e-01
1.100000 93.100000 8.757466976964e-01 -1.355627530243e-01 8.861769e-01
1.100000 93.125000 8.819866890454e-01 -1.324677544221e-01 8.918790e-01
1.100000 93.150000 8.884999938334e-01 -1.297490647970e-01 8.979237e-01
1.100000 93.175000 8.952858486697e-01 -1.274455525730e-01 9.043114e-01
1.100000 93.200000 9.023391768346e-01 -1.255986598005e-01 9.110384e-01
1.100000 93.225000 9.096501202729e-01 -1.242521643541e-01 9.180969e-01
1.100000 93.250000 9.172035294350e-01 -1.234518653286e-01 9.254743e-01
1.100000 93.275000 9.249784257128e-01 -1.232451737682e-01 9.331530e-01
1.100000 93.300000 9.329474548398e-01 -1.236805939732e-01 9.411099e-01
1.100000 93.325000 9.410763526749e-01 -1.248070840688e-01 9.493163e-01
1.100000 93.350000 9.493234473843e-01 -1.266732882629e-01 9.577375e-01
1.100000 93.375000 9.576392242274e-01 -1.293266373083e-01 9.663324e-01
1.100000 93.400000 9.659659809229e-01 -1.328123181912e-01 9.750535e-01
1.100000 93.425000 9.742376028371e-01 -1.371721190705e-01 9.838471e-01
1.100000 93.450000 9.823794878376e-01 -1.424431610422e-01 9.926528e-01
1.100000 93.475000 9.903086503835e-01 -1.486565343727e-01 1.001404e+00
1.100000 93.500000 9.979340330294e-01 -1.558358633465e-01 1.010028e+00
1.100000 93.525000 1.005157050782e+00 -1.639958305857e-01 1.018448e+00
1.100000 93.550000 1.011872389472e+00 -1.731406983402e-01 1.026579e+00
1.100000 93.575000 1.017969073386e+00 -1.832628704370e-01 1.034334e+00
1.100000 93.600000 1.023331809836e+00 -1.943415438783e-01 1.041622e+00
1.100000 93.625000 1.027842609260e+00 -2.063415030567e-01 1.048350e+00
1.100000 93.650000 1.031382669112e+00 -2.192121117697e-01 1.054421e+00
1.100000 93.675000 1.033834498521e+00 -2.328865583180e-01 1.059740e+00
1.100000 93.700000 1.035084249083e+00 -2.472814066718e-01 1.064212e+00
1.100000 93.725000 1.035024205575e+00 -2.622965018579e-01 1.067743e+00
1.100000 93.750000 1.033555379613e+00 -2.778152703298e-01 1.070242e+00
1.100000 93.775000 1.030590139702e+00 -2.937054462821e-01 1.071624e+00
1.100000 93.800000 1.026054803512e+00 -3.098202429151e-01 1.071810e+00
1.100000 93.825000 1.019892112794e+00 -3.259999739455e-01 1.070727e+00
1.100000 93.850000 1.012063508722e+00 -3.420741156833e-01 1.068310e+00
1.100000 93.875000 1.002551125668e+00 -3.578637843060e-01 1.064507e+00
1.100000 93.900000 9.913594248464e-01 -3.731845871665e-01 1.059273e+00
1.100000 93.925000 9.785163956471e-01 -3.878497916860e-01 1.052579e+00
1.100000 93.950000 9.640742620123e-01 -4.016737412042e-01 1.044405e+00
1.100000 93.975000 9.481096434029e-01 -4.144754346695e-01 1.034747e+00
1.100000 94.000000 9.307231346376e-01 -4.260821767710e-01 1.023617e+00
1.100000 94.025000 9.120382856577e-01 -4.363331975114e-01 1.011039e+00
1.100000 94.050000 8.921999806346e-01 -4.450831356964e-01 9.970556e-01
1.100000 94.075000 8.713722352262e-01 -4.522052796886e-01 9.817226e-01
1.100000 94.100000 8.497354506020e-01 -4.575944612783e-01 9.651130e-01
1.100000 94.125000 8.274831824183e-01 -4.611695047895e-01 9.473150e-01
1.100000 94.150000 8.048185015171e-01 -4.628751435881e-01 9.284321e-01
1.100000 94.175000 7.819500400208e-01 -4.626833298849e-01 9.085823e-01
1.100000 94.200000 7.590878309389e-01 -4.605938808628e-01 8.878970e-01
1.100000 94.225000 7.364390606692e-01 -4.566344243081e-01 8.665203e-01
1.100000 94.250000 7.142038611930e-01 -4.508596295111e-01 8.446073e-01
1.100000 94.275000 6.925712717526e-01 -4.433497334705e-01 8.223223e-01
1.100000 94.300000 6.717154979286e-01 -4.342083975218e-01 7.998366e-01
1.100000 94.325000 6.517925890296e-01 -4.235599543705e-01 7.773266e-01
1.100000 94.350000 6.329376425671e-01 -4.115461290625e-01 7.549704e-01
1.100000 94.375000 6.152626274997e-01 -3.983223385089e-01 7.329453e-01
1.100000 94.400000 5.988548964161e-01 -3.840536917027e-01 7.114242e-01
1.100000 94.425000 5.837764316312e-01 -3.689108256900e-01 6.905723e-01
1.100000 94.450000 5.700638423190e-01 -3.530657198515e-01 6.705432e-01
1.100000 94.475000 5.577291005323e-01 -3.366876324924e-01 6.514755e-01
1.100000 94.500000 5.467609746524e-01 -3.199392988254e-01 6.334893e-01
1.100000 94.525000 5.371270909319e-01 -3.029735181734e-01 6.166834e-01
1.100000 94.550000 5.287765288077e-01 -2.859302410121e-01 6.011329e-01
1.100000 94.575000 5.216428349132e-01 -2.689342440498e-01 5.868874e-01
1.100000 94.600000 5.156473253935e-01 -2.520934549764e-01 5.739715e-01
1.100000 94.625000 5.107025370673e-01 -2.354979591531e-01 5.623845e-01
1.100000 94.650000 5.067156857599e-01 -2.192196898897e-01 5.521033e-01
1.100000 94.675000 5.035919948572e-01 -2.033127737365e-01 5.430847e-01
1.100000 94.700000 5.012377685423e-01 -1.878144740200e-01 5.352696e-01
1.100000 94.725000 4.995631015874e-01 -1.727466512392e-01 5.285875e-01
1.100000 94.750000 4.984841399309e-01 -1.581176392035e-01 5.229604e-01
1.100000 94.775000 4.979248322356e-01 -1.439244219848e-01 5.183082e-01
1.100000 94.800000 4.978181406304e-01 -1.301549894788e-01 5.145515e-01
1.100000 94.825000 4.981067072263e-01 -1.167907488891e-01 5.116155e-01
1.100000 94.850000 4.987430001098e-01 -1.038088755286e-01 5.094319e-01
1.100000 94.875000 4.996889868261e-01 -9.118449838317e-02 5.079406e-01
1.100000 94.900000 5.009154035394e-01 -7.889263291546e-02 5.070900e-01
1.100000 94.925000 5.024007031297e-01 -6.690979434776e-02 5.068366e-01
1.100000 94.950000 5.041297747880e-01 -5.521524769599e-02 5.071445e-01
1.100000 94.975000 5.060925310090e-01 -4.379187459446e-02 5.079836e-01
1.100000 95.000000 5.082824554102e-01 -3.262665994555e-02 5.093285e-01
1.100000 95.025000 5.106951970938e-01 -2.171082227135e-02 5.111565e-01
1.100000 95.050000 5.133272851781e-01 -1.103962918647e-02 5.134460e-01
1.100000 95.075000 5.161750217811e-01 -6.119527963769e-04 5.161754e-01
1.100000 95.100000 5.192335943902e-01 9.570371453729e-03 5.193218e-01
1.100000 95.125000 5.224964305090e-01 1.950331505208e-02 5.228603e-01
1.100000 95.150000 5.259547999808e-01 2.918148910482e-02 5.267637e-01
1.100000 95.175000 5.295976545566e-01 3.859897755197e-02 5.310024e-01
1.100000 95.200000 5.334116809899e-01 4.775011722679e-02 5.355447e-01
1.100000 95.225000 5.373815338195e-01 5.663018169813e-02 5.403572e-01
1.100000 95.250000 5.414902073774e-01 6.523593789218e-02 5.454057e-01
1.100000 95.275000 5.457195034625e-01 7.356605696856e-02 5.506557e-01
1.100000 95.300000 5.500505513231e-01 8.162137290209e-02 5.560734e-01
1.100000 95.325000 5.544643396405e-01 8.940499291731e-02 5.616262e-01
1.100000 95.350000 5.589422254860e-01 9.692227275630e-02 5.672833e-01
1.100000 95.375000 5.634663920322e-01 1.041806763695e-01 5.730166e-01
1.100000 95.400000 5.680202344052e-01 1.111895438663e-01 5.788006e-01
1.100000 95.425000 5.725886607903e-01 1.179597935184e-01 5.846129e-01
1.100000 95.450000 5.771583031573e-01 1.245035835222e-01 5.904345e-01
1.100000 95.475000 5.817176382904e-01 1.308339574659e-01 5.962491e-01
1.100000 95.500000 5.862570249286e-01 1.369644944642e-01 6.020437e-01
1.100000 95.525000 5.907686665629e-01 1.429089811917e-01 6.078080e-01
1.100000 95.550000 5.952465118484e-01 1.486811190055e-01 6.135344e-01
1.100000 95.575000 5.996861057753e-01 1.542942753765e-01 6.192174e-01
1.100000 95.600000 6.040844049353e-01 1.597612852415e-01 6.248533e-01
1.100000 95.625000 6.084395696704e-01 1.650943048102e-01 6.304402e-01
1.100000 95.650000 6.127507448766e-01 1.703047179044e-01 6.359773e-01
1.100000 95.675000 6.170178399920e-01 1.754030930393e-01 6.414649e-01
1.100000 95.700000 6.212413174401e-01 1.803991881059e-01 6.469039e-01
1.100000 95.725000 6.254219976110e-01 1.853019985305e-01 6.522956e-01
1.100000 95.750000 6.295608874665e-01 1.901198440495e-01 6.576416e-01
1.100000 95.775000 6.336590389731e-01 1.948604885850e-01 6.629437e-01
1.100000 95.800000 6.377174427991e-01 1.995312870529e-01 6.682038e-01
1.100000 95.825000 6.417369619349e-01 2.041393522190e-01 6.734235e-01
1.100000 95.850000 6.457183090168e-01 2.086917339211e-01 6.786047e-01
1.100000 95.875000 6.496620700690e-01 2.131956021563e-01 6.837493e-01
1.100000 95.900000 6.535687760477e-01 2.176584247524e-01 6.888594e-01
1.100000 95.925000 6.574390219521e-01 2.220881297218e-01 6.939375e-01
1.100000 95.950000 6.612736313737e-01 2.264932420422e-01 6.989864e-01
1.100000 95.975000 6.650738622426e-01 2.308829846327e-01 7.040101e-01
1.100000 96.000000 6.688416472902e-01 2.352673337842e-01 7.090133e-01
1.100000 96.025000 6.725798605095e-01 2.396570203209e-01 7.140022e-01
1.100000 96.050000 6.762925987853e-01 2.440634693276e-01 7.189845e-01
1.100000 96.075000 6.799854660389e-01 2.484986733671e-01 7.239695e-01
1.100000 96.100000 6.836658458151e-01 2.529749966667e-01 7.289687e-01
1.100000 96.125000 6.873431473591e-01 2.575049106898e-01 7.339955e-01
1.100000 96.150000 6.910290099661e-01 2.621006647036e-01 7.390655e-01
1.100000 96.175000 6.947374508355e-01 2.667738982760e-01 7.441965e-01
1.100000 96.200000 6.984849428272e-01 2.715352059202e-01 7.494082e-01
1.100000 96.225000 7.022904104366e-01 2.763936672045e-01 7.547220e-01
1.100000 96.250000 7.061751349255e-01 2.813563583814e-01 7.601610e-01
1.100000 96.275000 7.101625628219e-01 2.864278638100e-01 7.657492e-01
1.100000 96.300000 7.142780158297e-01 2.916098069817e-01 7.715111e-01
1.100000 96.325000 7.185483044284e-01 2.969004216894e-01 7.774712e-01
1.100000 96.350000 7.230012519350e-01 3.022941836572e-01 7.836534e-01
1.100000 96.375000 7.276651403238e-01 3.077815217213e-01 7.900798e-01
1.100000 96.400000 7.325680934213e-01 3.133486253475e-01 7.967706e-01
1.100000 96.425000 7.377374169589e-01 3.189773619277e-01 8.037432e-01
1.100000 96.450000 7.431989180990e-01 3.246453129882e-01 8.110112e-01
1.100000 96.475000 7.489762291815e-01 3.303259333140e-01 8.185845e-01
1.100000 96.500000 7.550901613629e-01 3.359888312970e-01 8.264682e-01
1.100000 96.525000 7.615581133308e-01 3.416001628258e-01 8.346625e-01
1.100000 96.550000 7.683935582895e-01 3.471231251363e-01 8.431626e-01
1.100000 96.575000 7.756056289196e-01 3.525185316147e-01 8.519586e-01
1.100000 96.600000 7.831988151192e-01 3.577454440069e-01 8.610355e-01
1.100000 96.625000 7.911727832553e-01 3.627618352291e-01 8.703738e-01
1.100000 96.650000 7.995223187407e-01 3.675252543187e-01 8.799493e-01
1.100000 96.675000 8.082373864216e-01 3.719934652613e-01 8.897341e-01
1.100000 96.700000 8.173032960366e-01 3.761250335936e-01 8.996970e-01
1.100000 96.725000 8.267009534185e-01 3.798798387915e-01 9.098039e-01
1.100000 96.750000 8.364071727133e-01 3.832194963314e-01 9.200186e-01
1.100000 96.775000 8.463950211513e-01 3.861076806238e-01 9.303030e-01
1.100000 96.800000 8.566341662440e-01 3.885103483028e-01 9.406181e-01
1.100000 96.825000 8.670911959420e-01 3.903958700246e-01 9.509238e-01
1.100000 96.850000 8.777298853674e-01 3.917350873392e-01 9.611796e-01
1.100000 96.875000 8.885113891624e-01 3.925013186841e-01 9.713443e-01
1.100000 96.900000 8.993943459806e-01 3.926703444596e-01 9.813767e-01
1.100000 96.925000 9.103348907645e-01 3.922204049311e-01 9.912348e-01
1.100000 96.950000 9.212865805897e-01 3.911322459243e-01 1.000876e+00
1.100000 96.975000 9.322002503316e-01 3.893892456801e-01 1.010258e+00
1.100000 97.000000 9.430238244329e-01 3.869776517368e-01 1.019336e+00
1.100000 97.025000 9.537021198749e-01 3.838869494442e-01 1.028065e+00
1.100000 97.050000 9.641766823211e-01 3.801103740286e-01 1.036398e+00
1.100000 97.075000 9.743857017067e-01 3.756455665307e-01 1.044288e+00
1.100000 97.100000 9.842640547786e-01 3.704953611271e-01 1.051686e+00
1.100000 97.125000 9.937435199559e-01 3.646686780992e-01 1.058541e+00
1.100000 97.150000 1.002753204268e+00 3.581814839102e-01 1.064804e+00
1.100000 97.175000 1.011220213154e+00 3.510577683772e-01 1.070424e+00
1.100000 97.200000 1.019070581910e+00 3.433304796108e-01 1.075351e+00
1.100000 97.225000 1.026230473096e+00 3.350423510276e-01 1.079538e+00
1.100000 97.250000 1.032627627964e+00 3.262465519161e-01 1.082939e+00
1.100000 97.275000 1.038193042848e+00 3.170070942171e-01 1.085513e+00
1.100000 97.300000 1.042862824435e+00 3.073989335874e-01 1.087224e+00
1.100000 97.325000 1.046580161921e+00 2.975077124536e-01 1.088045e+00
1.100000 97.350000 1.049297340330e+00 2.874291063588e-01 1.087952e+00
1.100000 97.375000 1.050977708690e+00 2.772677519791e-01 1.086937e+00
1.100000 97.400000 1.051597510172e+00 2.671357549608e-01 1.084997e+00
1.100000 97.425000 1.051147479390e+00 2.571507972704e-01 1.082145e+00
1.100000 97.450000 1.049634115320e+00 2.474338859150e-01 1.078404e+00
1.100000 97.475000 1.047080546816e+00 2.381068064315e-01 1.073812e+00
1.100000 97.500000 1.043526921463e+00 2.292893641673e-01 1.068420e+00
1.100000 97.525000 1.039030266955e+00 2.210965128018e-01 1.062294e+00
1.100000 97.550000 1.033663796611e+00 2.136354816284e-01 1.055510e+00
1.100000 97.575000 1.027515655941e+00 2.070030198543e-01 1.048160e+00
1.100000 97.600000 1.020687134053e+00 2.012828768696e-01 1.040345e+00
1.100000 97.625000 1.013290390621e+00 1.965436317330e-01 1.032176e+00
1.100000 97.650000 1.005445774582e+00 1.928369730126e-01 1.023771e+00
1.100000 97.675000 9.972788330349e-01 1.901965120509e-01 1.015254e+00
1.100000 97.700000 9.889171265977e-01 1.886371895010e-01 1.006748e+00
1.100000 97.725000 9.804869794900e-01 1.881553078155e-01 9.983773e-01
1.100000 97.750000 9.721102978752e-01 1.887291927613e-01 9.902611e-01
1.100000 97.775000 9.639015881386e-01 1.903204566924e-01 9.825111e-01
1.100000 97.800000 9.559652976463e-01 1.928758070694e-01 9.752286e-01
1.100000 97.825000 9.483935846162e-01 1.963293173510e-01 9.685017e-01
1.100000 97.850000 9.412646019181e-01 2.006050555403e-01 9.624040e-01
1.100000 97.875000 9.346413532026e-01 2.056199497091e-01 9.569922e-01
1.100000 97.900000 9.285711503644e-01 2.112867607203e-01 9.523059e-01
1.100000 97.925000 9.230856708020e-01 2.175170306422e-01 9.483674e-01
1.100000 97.950000 9.182015831408e-01 2.242238810278e-01 9.451828e-01
1.100000 97.975000 9.139216828703e-01 2.313245478202e-01 9.427427e-01
1.100000 98.000000 9.102364563484e-01 2.387425582234e-01 9.410252e-01
1.100000 98.025000 9.071259741447e-01 2.464094780949e-01 9.399974e-01
1.100000 98.050000 9.045620036469e-01 2.542661846830e-01 9.396189e-01
1.100000 98.075000 9.025102266560e-01 2.622636470665e-01 9.398441e-01
1.100000 98.100000 9.009324503117e-01 2.703632236938e-01 9.406251e-01
1.100000 98.125000 8.997887085930e-01 2.785365112760e-01 9.419142e-01
1.100000 98.150000 8.990391659282e-01 2.867648005593e-01 9.436660e-01
1.100000 98.175000 8.986457528813e-01 2.950382110438e-01 9.458392e-01
1.100000 98.200000 8.985734850444e-01 3.033545878692e-01 9.483978e-01
1.100000 98.225000 8.987914386363e-01 3.117182495081e-01 9.513119e-01
1.100000 98.250000 8.992733784215e-01 3.201386747493e-01 9.545582e-01
1.100000 98.275000 8.999980540917e-01 3.286292121633e-01 9.581199e-01
1.100000 98.300000 9.009491991073e-01 3.372058856359e-01 9.619861e-01
1.100000 98.325000 9.021152803649e-01 3.458863565579e-01 9.661518e-01
1.100000 98.350000 9.034890574616e-01 3.546890880079e-01 9.706167e-01
1.100000 98.375000 9.050670165942e-01 3.636327398255e-01 9.753846e-01
1.100000 98.400000 9.068487463648e-01 3.727358068904e-01 9.804625e-01
1.100000 98.425000 9.088363213144e-01 3.820164970594e-01 9.858601e-01
1.100000 98.450000 9.110337543762e-01 3.914928308071e-01 9.915892e-01
1.100000 98.475000 9.134465722287e-01 4.011829321187e-01 9.976635e-01
1.100000 98.500000 9.160815583616e-01 4.111054699333e-01 1.004098e+00
1.100000 98.525000 9.189466981478e-01 4.212802015273e-01 1.010911e+00
1.100000 98.550000 9.220513488493e-01 4.317285636681e-01 1.018120e+00
1.100000 98.575000 9.254066457141e-01 4.424742540381e-01 1.025749e+00
1.100000 98.600000 9.290261434556e-01 4.535437442077e-01 1.033824e+00
1.100000 98.625000 9.329266806945e-01 4.649666661551e-01 1.042375e+00
1.100000 98.650000 9.371294435525e-01 4.767760168928e-01 1.051440e+00
1.100000 98.675000 9.416611936707e-01 4.890081300991e-01 1.061063e+00
1.100000 98.700000 9.465556156296e-01 5.017023697198e-01 1.071295e+00
1.100000 98.725000 9.518547292792e-01 5.149005083315e-01 1.082197e+00
1.100000 98.750000 9.576103040753e-01 5.286457626316e-01 1.093839e+00
1.100000 98.775000 9.638852055011e-01 5.429814697186e-01 1.106302e+00
1.100000 98.800000 9.707545983824e-01 5.579494007542e-01 1.119675e+00
1.100000 98.825000 9.783069288181e-01 5.735877229675e-01 1.134058e+00
1.100000 98.850000 9.866446059382e-01 5.899286364280e-01 1.149558e+00
1.100000 98.875000 9.958843071573e-01 6.069957281698e-01 1.166289e+00
1.100000 98.900000 1.006156836309e+00 6.248011024474e-01 1.184368e+00
1.100000 98.925000 1.017606473167e+00 6.433423615186e-01 1.203915e+00
1.100000 98.950000 1.030389765415e+00 6.625995255608e-01 1.225047e+00
1.100000 98.975000 1.044673729851e+00 6.825319923823e-01 1.247875e+00
1.100000 99.000000 1.060633448225e+00 7.030756466909e-01 1.272501e+00
1.100000 99.025000 1.078449063831e+00 7.241402341994e-01 1.299012e+00
1.100000 99.050000 1.098302207258e+00 7.456071171738e-01 1.327478e+00
1.100000 99.075000 1.120371902416e+00 7.673275249099e-01 1.357949e+00
1.100000 99.100000 1.144830026324e+00 7.891214048296e-01 1.390449e+00
1.100000 99.125000 1.171836416970e+00 8.107769676076e-01 1.424977e+00
1.100000 99.150000 1.201533742031e+00 8.320510032784e-01 1.461503e+00
1.100000 99.175000 1.234042256408e+00 8.526700252090e-01 1.499969e+00
1.100000 99.200000 1.269454587719e+00 8.723322759092e-01 1.540285e+00
1.100000 99.225000 1.307830695556e+00 8.907106037925e-01 1.582336e+00
1.100000 99.250000 1.349193152264e+00 9.074561941401e-01 1.625976e+00
1.100000 99.275000 1.393522890004e+00 9.222031116983e-01 1.671037e+00
1.100000 99.300000 1.440755551309e+00 9.345735874675e-01 1.717325e+00
1.100000 99.325000 1.490778568378e+00 9.441839592423e-01 1.764626e+00
1.100000 99.350000 1.543429080706e+00 9.506511549975e-01 1.812708e+00
1.100000 99.375000 1.598492781802e+00 9.535995909567e-01 1.861325e+00
1.100000 99.400000 1.655703764513e+00 9.526683424197e-01 1.910218e+00
1.100000 99.425000 1.714745411597e+00 9.475184354665e-01 1.959118e+00
1.100000 99.450000 1.775252354202e+00 9.378401015243e-01 2.007751e+00
1.100000 99.475000 1.836813496753e+00 9.233598344279e-01 2.055840e+00
1.100000 99.500000 1.898976082621e+00 9.038470908383e-01 2.103105e+00
1.100000 99.525000 1.961250751637e+00 8.791204795446e-01 2.149269e+00
1.100000 99.550000 2.023117518129e+00 8.490532929310e-01 2.194059e+00
1.100000 99.575000 2.084032577213e+00 8.135782445921e-01 2.237208e+00
1.100000 99.600000 2.143435827599e+00 7.726912904420e-01 2.278458e+00
1.100000 99.625000 2.200758981630e+00 7.264544265524e-01 2.317558e+00
1.100000 99.650000 2.255434117684e+00 6.749973751677e-01 2.354274e+00
1.100000 99.675000 2.306902516849e+00 6.185180907755e-01 2.388381e+00
1.100000 99.700000 2.354623615180e+00 5.572820405430e-01 2.419673e+00
1.100000 99.725000 2.398083895186e+00 4.916202376763e-01 2.447958e+00
1.100000 99.750000 2.436805535930e+00 4.219260320074e-01 2.473063e+00
1.100000 99.775000 2.470354640549e+00 3.486506889362e-01 2.494837e+00
1.100000 99.800000 2.498348863550e+00 2.722978152616e-01 2.513144e+00
1.100000 99.825000 2.520464268131e+00 1.934167177165e-01 2.527875e+00
1.100000 99.850000 2.536441256147e+00 1.125948064579e-01 2.538939e+00
1.100000 99.875000 2.546089430267e+00 3.044918047420e-02 2.546271e+00
1.100000 99.900000 2.549291269045e+00 -5.238244601844e-02 2.549829e+00
1.100000 99.925000 2.546004520647e+00 -1.352512984741e-01 2.549594e+00
1.100000 99.950000 2.536263249306e+00 -2.175073861092e-01 2.545573e+00
1.100000 99.975000 2.520177499252e+00 -2.985094336123e-01 2.537795e+00
1.100000 100.000000 2.497931573001e+00 -3.776346947847e-01 2.526316e+00
