# zline X=10000000 rho=0.75 C(X)=14 mode=v
# sigma t ReF ImF |F|
0.900000 0.100000 -2.874474658904e+00 -3.760246801332e+00 4.733082e+00
0.900000 0.125000 -2.051981185115e+00 -3.671164736202e+00 4.205720e+00
0.900000 0.150000 -1.433627523146e+00 -3.476439951462e+00 3.760442e+00
0.900000 0.175000 -9.729553375111e-01 -3.247825739565e+00 3.390430e+00
0.900000 0.200000 -6.277264479783e-01 -3.019087953621e+00 3.083656e+00
0.900000 0.225000 -3.657990911677e-01 -2.804500819045e+00 2.828256e+00
0.900000 0.250000 -1.641385595737e-01 -2.608991249143e+00 2.614149e+00
0.900000 0.275000 -6.527730999252e-03 -2.433222270100e+00 2.433231e+00
0.900000 0.300000 1.184544475503e-01 -2.276044942921e+00 2.279125e+00
0.900000 0.325000 2.189201889187e-01 -2.135653735225e+00 2.146845e+00
0.900000 0.350000 3.007016766606e-01 -2.010115277520e+00 2.032482e+00
0.900000 0.375000 3.680484892310e-01 -1.897596819857e+00 1.932960e+00
0.900000 0.400000 4.240992585638e-01 -1.796452224026e+00 1.845833e+00
0.900000 0.425000 4.712026224041e-01 -1.705241881756e+00 1.769147e+00
0.900000 0.450000 5.111379037417e-01 -1.622723538341e+00 1.701321e+00
0.900000 0.475000 5.452687313394e-01 -1.547831809805e+00 1.641067e+00
0.900000 0.500000 5.746513883339e-01 -1.479654777542e+00 1.587326e+00
0.900000 0.525000 6.001122380434e-01 -1.417411424319e+00 1.539217e+00
0.900000 0.550000 6.223037562085e-01 -1.360431417121e+00 1.496007e+00
0.900000 0.575000 6.417455660402e-01 -1.308137658683e+00 1.457073e+00
0.900000 0.600000 6.588548219987e-01 -1.260031532299e+00 1.421889e+00
0.900000 0.625000 6.739689339791e-01 -1.215680558990e+00 1.390005e+00
0.900000 0.650000 6.873627197233e-01 -1.174708123678e+00 1.361031e+00
0.900000 0.675000 6.992614629380e-01 -1.136784932371e+00 1.334633e+00
0.900000 0.700000 7.098509370107e-01 -1.101621897246e+00 1.310519e+00
0.900000 0.725000 7.192851642567e-01 -1.068964191622e+00 1.288431e+00
0.900000 0.750000 7.276924759253e-01 -1.038586262579e+00 1.268147e+00
0.900000 0.775000 7.351802910528e-01 -1.010287630642e+00 1.249468e+00
0.900000 0.800000 7.418389245977e-01 -9.838893415875e-01 1.232219e+00
0.900000 0.825000 7.477446552485e-01 -9.592309643205e-01 1.216243e+00
0.900000 0.850000 7.529622231568e-01 -9.361680512098e-01 1.201400e+00
0.900000 0.875000 7.575468824983e-01 -9.145699937554e-01 1.187567e+00
0.900000 0.900000 7.615460998157e-01 -8.943182181293e-01 1.174631e+00
0.900000 0.925000 7.650009641532e-01 -8.753046729541e-01 1.162491e+00
0.900000 0.950000 7.679473572605e-01 -8.574305668728e-01 1.151056e+00
0.900000 0.975000 7.704169201381e-01 -8.406053170929e-01 1.140245e+00
0.900000 1.000000 7.724378445976e-01 -8.247456730789e-01 1.129985e+00
0.900000 1.025000 7.740355141026e-01 -8.097749826141e-01 1.120208e+00
0.900000 1.050000 7.752330158023e-01 -7.956225709933e-01 1.110856e+00
0.900000 1.075000 7.760515443967e-01 -7.822232082790e-01 1.101875e+00
0.900000 1.100000 7.765107174603e-01 -7.695166442497e-01 1.093218e+00
0.900000 1.125000 7.766288205036e-01 -7.574471956025e-01 1.084840e+00
0.900000 1.150000 7.764229980848e-01 -7.459633746961e-01 1.076705e+00
0.900000 1.175000 7.759094045741e-01 -7.350175532329e-01 1.068778e+00
0.900000 1.200000 7.751033249351e-01 -7.245656573688e-01 1.061028e+00
0.900000 1.225000 7.740192724240e-01 -7.145668925826e-01 1.053429e+00
0.900000 1.250000 7.726710668504e-01 -7.049834971843e-01 1.045955e+00
0.900000 1.275000 7.710718944431e-01 -6.957805227261e-01 1.038587e+00
0.900000 1.300000 7.692343487447e-01 -6.869256381314e-01 1.031304e+00
0.900000 1.325000 7.671704515528e-01 -6.783889525401e-01 1.024091e+00
0.900000 1.350000 7.648916537261e-01 -6.701428501809e-01 1.016932e+00
0.900000 1.375000 7.624088174908e-01 -6.621618295159e-01 1.009815e+00
0.900000 1.400000 7.597321843579e-01 -6.544223388429e-01 1.002727e+00
0.900000 1.425000 7.568713353890e-01 -6.469026016729e-01 9.956592e-01
0.900000 1.450000 7.538351527850e-01 -6.395824275445e-01 9.886016e-01
0.900000 1.475000 7.506317931296e-01 -6.324430072415e-01 9.815458e-01
0.900000 1.500000 7.472686826958e-01 -6.254666952532e-01 9.744840e-01
0.900000 1.525000 7.437525438418e-01 -6.186367862071e-01 9.674086e-01
0.900000 1.550000 7.400894587076e-01 -6.119372953281e-01 9.603123e-01
0.900000 1.575000 7.362849724495e-01 -6.053527551872e-01 9.531881e-01
0.900000 1.600000 7.323442335621e-01 -5.988680416912e-01 9.460291e-01
0.900000 1.625000 7.282721640618e-01 -5.924682412166e-01 9.388285e-01
0.900000 1.650000 7.240736480886e-01 -5.861385680346e-01 9.315799e-01
0.900000 1.675000 7.197537244042e-01 -5.798643369944e-01 9.242771e-01
0.900000 1.700000 7.153177668541e-01 -5.736309913149e-01 9.169144e-01
0.900000 1.725000 7.107716373242e-01 -5.674241799242e-01 9.094870e-01
0.900000 1.750000 7.061217981022e-01 -5.612298737926e-01 9.019906e-01
0.900000 1.775000 7.013753745868e-01 -5.550345067957e-01 8.944220e-01
0.900000 1.800000 6.965401644958e-01 -5.488251243517e-01 8.867791e-01
0.900000 1.825000 6.916245954352e-01 -5.425895227308e-01 8.790608e-01
0.900000 1.850000 6.866376382122e-01 -5.363163636075e-01 8.712672e-01
0.900000 1.875000 6.815886878557e-01 -5.299952519031e-01 8.633992e-01
0.900000 1.900000 6.764874273957e-01 -5.236167698066e-01 8.554588e-01
0.900000 1.925000 6.713436906518e-01 -5.171724654367e-01 8.474489e-01
0.900000 1.950000 6.661673394577e-01 -5.106548001903e-01 8.393731e-01
0.900000 1.975000 6.609681680615e-01 -5.040570636984e-01 8.312355e-01
0.900000 2.000000 6.557558432755e-01 -4.973732688594e-01 8.230406e-01
0.900000 2.025000 6.505398838870e-01 -4.905980412384e-01 8.147936e-01
0.900000 2.050000 6.453296775854e-01 -4.837265170053e-01 8.064997e-01
0.900000 2.075000 6.401345288997e-01 -4.767542616510e-01 7.981647e-01
0.900000 2.100000 6.349637279921e-01 -4.696772182779e-01 7.897947e-01
0.900000 2.125000 6.298266280598e-01 -4.624916898549e-01 7.813963e-01
0.900000 2.150000 6.247327187535e-01 -4.551943550943e-01 7.729766e-01
0.900000 2.175000 6.196916844083e-01 -4.477823132019e-01 7.645435e-01
0.900000 2.200000 6.147134386951e-01 -4.402531492781e-01 7.561054e-01
0.900000 2.225000 6.098081310910e-01 -4.326050100209e-01 7.476718e-01
0.900000 2.250000 6.049861247408e-01 -4.248366788368e-01 7.392526e-01
0.900000 2.275000 6.002579492294e-01 -4.169476404819e-01 7.308590e-01
0.900000 2.300000 5.956342349643e-01 -4.089381277006e-01 7.225030e-01
0.900000 2.325000 5.911256378681e-01 -4.008091455901e-01 7.141971e-01
0.900000 2.350000 5.867427636849e-01 -3.925624730725e-01 7.059549e-01
0.900000 2.375000 5.824961004146e-01 -3.842006443502e-01 6.977907e-01
0.900000 2.400000 5.783959654097e-01 -3.757269160677e-01 6.897192e-01
0.900000 2.425000 5.744524708545e-01 -3.671452277210e-01 6.817560e-01
0.900000 2.450000 5.706755081751e-01 -3.584601634745e-01 6.739171e-01
0.900000 2.475000 5.670747488670e-01 -3.496769229354e-01 6.662190e-01
0.900000 2.500000 5.636596567232e-01 -3.408013068059e-01 6.586788e-01
0.900000 2.525000 5.604395048016e-01 -3.318397209859e-01 6.513141e-01
0.900000 2.550000 5.574233898470e-01 -3.227992000476e-01 6.441430e-01
0.900000 2.575000 5.546202372644e-01 -3.136874484602e-01 6.371840e-01
0.900000 2.600000 5.520387909507e-01 -3.045128958649e-01 6.304561e-01
0.900000 2.625000 5.496875840388e-01 -2.952847613309e-01 6.239788e-01
0.900000 2.650000 5.475748885498e-01 -2.860131209632e-01 6.177716e-01
0.900000 2.675000 5.457086437319e-01 -2.767089734240e-01 6.118544e-01
0.900000 2.700000 5.440963642245e-01 -2.673842986877e-01 6.062468e-01
0.900000 2.725000 5.427450299577e-01 -2.580521063913e-01 6.009684e-01
0.900000 2.750000 5.416609598644e-01 -2.487264711642e-01 5.960381e-01
0.900000 2.775000 5.408496711686e-01 -2.394225530407e-01 5.914740e-01
0.900000 2.800000 5.403157254416e-01 -2.301566012822e-01 5.872931e-01
0.900000 2.825000 5.400625620992e-01 -2.209459396054e-01 5.835107e-01
0.900000 2.850000 5.400923198296e-01 -2.118089300001e-01 5.801403e-01
0.900000 2.875000 5.404056468429e-01 -2.027649112384e-01 5.771931e-01
0.900000 2.900000 5.410015019509e-01 -1.938341071368e-01 5.746775e-01
0.900000 2.925000 5.418769502802e-01 -1.850374989843e-01 5.725989e-01
0.900000 2.950000 5.430269597477e-01 -1.763966566146e-01 5.709589e-01
0.900000 2.975000 5.444442069393e-01 -1.679335236364e-01 5.697554e-01
0.900000 3.000000 5.461189033552e-01 -1.596701544171e-01 5.689819e-01
0.900000 3.025000 5.480386546571e-01 -1.516284034975e-01 5.686278e-01
0.900000 3.050000 5.501883661954e-01 -1.438295719280e-01 5.686776e-01
0.900000 3.075000 5.525502074094e-01 -1.362940191767e-01 5.691114e-01
0.900000 3.100000 5.551036455744e-01 -1.290407532552e-01 5.699049e-01
0.900000 3.125000 5.578255558740e-01 -1.220870150179e-01 5.710294e-01
0.900000 3.150000 5.606904101985e-01 -1.154478747241e-01 5.724526e-01
0.900000 3.175000 5.636705418424e-01 -1.091358595500e-01 5.741386e-01
0.900000 3.200000 5.667364779699e-01 -1.031606296204e-01 5.760489e-01
0.900000 3.225000 5.698573269289e-01 -9.752871732851e-02 5.781429e-01
0.900000 3.250000 5.730012038008e-01 -9.224334047846e-02 5.803785e-01
0.900000 3.275000 5.761356754008e-01 -8.730429456652e-02 5.827129e-01
0.900000 3.300000 5.792282055579e-01 -8.270792388479e-02 5.851033e-01
0.900000 3.325000 5.822465829447e-01 -7.844716572454e-02 5.875075e-01
0.900000 3.350000 5.851593167936e-01 -7.451165738129e-02 5.898842e-01
0.900000 3.375000 5.879359901404e-01 -7.088789241855e-02 5.921941e-01
0.900000 3.400000 5.905475652294e-01 -6.755941105511e-02 5.943994e-01
0.900000 3.425000 5.929666407849e-01 -6.450700970939e-02 5.964651e-01
0.900000 3.450000 5.951676653920e-01 -6.170895654268e-02 5.983582e-01
0.900000 3.475000 5.971271147199e-01 -5.914120296923e-02 6.000487e-01
0.900000 3.500000 5.988236424120e-01 -5.677758506632e-02 6.015093e-01
0.900000 3.525000 6.002382149977e-01 -5.459001306393e-02 6.027155e-01
0.900000 3.550000 6.013542402142e-01 -5.254865105546e-02 6.036458e-01
0.900000 3.575000 6.021576959041e-01 -5.062209226343e-02 6.042818e-01
0.900000 3.600000 6.026372635849e-01 -4.877753726494e-02 6.046081e-01
0.900000 3.625000 6.027844673379e-01 -4.698098336004e-02 6.046125e-01
0.900000 3.650000 6.025938153365e-01 -4.519743277023e-02 6.042865e-01
0.900000 3.675000 6.020629385452e-01 -4.339112577438e-02 6.036245e-01
0.900000 3.700000 6.011927191819e-01 -4.152580254661e-02 6.026252e-01
0.900000 3.725000 5.999874005969e-01 -3.956499474848e-02 6.012905e-01
0.900000 3.750000 5.984546702749e-01 -3.747234523934e-02 5.996267e-01
0.900000 3.775000 5.966057085493e-01 -3.521195194422e-02 5.976439e-01
0.900000 3.800000 5.944551970791e-01 -3.274873018660e-02 5.953566e-01
0.900000 3.825000 5.920212828640e-01 -3.004878674866e-02 5.927834e-01
0.900000 3.850000 5.893254952657e-01 -2.707979852617e-02 5.899473e-01
0.900000 3.875000 5.863926149370e-01 -2.381138873996e-02 5.868759e-01
0.900000 3.900000 5.832504946046e-01 -2.021549402862e-02 5.836007e-01
0.900000 3.925000 5.799298323019e-01 -1.626671612949e-02 5.801579e-01
0.900000 3.950000 5.764638980148e-01 -1.194265205140e-02 5.765876e-01
0.900000 3.975000 5.728882149930e-01 -7.224196528446e-03 5.729338e-01
0.900000 4.000000 5.692401974037e-01 -2.095810109830e-03 5.692441e-01
0.900000 4.025000 5.655587468134e-01 3.454254405401e-03 5.655693e-01
0.900000 4.050000 5.618838112982e-01 9.433775120749e-03 5.619630e-01
0.900000 4.075000 5.582559128679e-01 1.584644207414e-02 5.584808e-01
0.900000 4.100000 5.547156512263e-01 2.269180422971e-02 5.551796e-01
0.900000 4.125000 5.513031944812e-01 2.996528948257e-02 5.521170e-01
0.900000 4.150000 5.480577699134e-01 3.765830274686e-02 5.493500e-01
0.900000 4.175000 5.450171699427e-01 4.575840425871e-02 5.469347e-01
0.900000 4.200000 5.422172896138e-01 5.424956648742e-02 5.449244e-01
0.900000 4.225000 5.396917119510e-01 6.311250382003e-02 5.433694e-01
0.900000 4.250000 5.374713562305e-01 7.232506488114e-02 5.423158e-01
0.900000 4.275000 5.355842015697e-01 8.186267345356e-02 5.418043e-01
0.900000 4.300000 5.340550944125e-01 9.169880093669e-02 5.418704e-01
0.900000 4.325000 5.329056438343e-01 1.018054515030e-01 5.425429e-01
0.900000 4.350000 5.321542035631e-01 1.121536408268e-01 5.438442e-01
0.900000 4.375000 5.318159347471e-01 1.227138505156e-01 5.457901e-01
0.900000 4.400000 5.319029393088e-01 1.334564430348e-01 5.483898e-01
0.900000 4.425000 5.324244506526e-01 1.443520256412e-01 5.516460e-01
0.900000 4.450000 5.333870668046e-01 1.553717561881e-01 5.555557e-01
0.900000 4.475000 5.347950108687e-01 1.664875880763e-01 5.601105e-01
0.900000 4.500000 5.366504048508e-01 1.776724555996e-01 5.652974e-01
0.900000 4.525000 5.389535451433e-01 1.889004040197e-01 5.710992e-01
0.900000 4.550000 5.417031708248e-01 2.001466706260e-01 5.774955e-01
0.900000 4.575000 5.448967189194e-01 2.113877237045e-01 5.844632e-01
0.900000 4.600000 5.485305633670e-01 2.226012658704e-01 5.919773e-01
0.900000 4.625000 5.526002362981e-01 2.337662069207e-01 6.000114e-01
0.900000 4.650000 5.571006310322e-01 2.448626096663e-01 6.085383e-01
0.900000 4.675000 5.620261859960e-01 2.558716106023e-01 6.175303e-01
0.900000 4.700000 5.673710476646e-01 2.667753162409e-01 6.269601e-01
0.900000 4.725000 5.731292090046e-01 2.775566758059e-01 6.368004e-01
0.900000 4.750000 5.792946182460e-01 2.881993319611e-01 6.470248e-01
0.900000 4.775000 5.858612516298e-01 2.986874532665e-01 6.576075e-01
0.900000 4.800000 5.928231435689e-01 3.090055548655e-01 6.685235e-01
0.900000 4.825000 6.001743687481e-01 3.191383170571e-01 6.797489e-01
0.900000 4.850000 6.079089732282e-01 3.290704143103e-01 6.912602e-01
0.900000 4.875000 6.160208554917e-01 3.387863693307e-01 7.030348e-01
0.900000 4.900000 6.245036032334e-01 3.482704474296e-01 7.150504e-01
0.900000 4.925000 6.333502969896e-01 3.575066052846e-01 7.272851e-01
0.900000 4.950000 6.425532967127e-01 3.664785050482e-01 7.397170e-01
0.900000 4.975000 6.521040313921e-01 3.751695997696e-01 7.523243e-01
0.900000 5.000000 6.619928141062e-01 3.835632896477e-01 7.650851e-01
0.900000 5.025000 6.722087049552e-01 3.916431413508e-01 7.779774e-01
0.900000 5.050000 6.827394419021e-01 3.993931553480e-01 7.909792e-01
0.900000 5.075000 6.935714546818e-01 4.067980597646e-01 8.040684e-01
0.900000 5.100000 7.046899699794e-01 4.138436045461e-01 8.172236e-01
0.900000 5.125000 7.160792076685e-01 4.205168273511e-01 8.304239e-01
0.900000 5.150000 7.277226588934e-01 4.268062630357e-01 8.436491e-01
0.900000 5.175000 7.396034281329e-01 4.327020719351e-01 8.568806e-01
0.900000 5.200000 7.517046140550e-01 4.381960681611e-01 8.701009e-01
0.900000 5.225000 7.640096987933e-01 4.432816372828e-01 8.832946e-01
0.900000 5.250000 7.765029128379e-01 4.479535422364e-01 8.964481e-01
0.900000 5.275000 7.891695433392e-01 4.522076261538e-01 9.095495e-01
0.900000 5.300000 8.019961572310e-01 4.560404300449e-01 9.225891e-01
0.900000 5.325000 8.149707168145e-01 4.594487509528e-01 9.355589e-01
0.900000 5.350000 8.280825736754e-01 4.624291716367e-01 9.484522e-01
0.900000 5.375000 8.413223361763e-01 4.649775955110e-01 9.612635e-01
0.900000 5.400000 8.546816153705e-01 4.670888203564e-01 9.739880e-01
0.900000 5.425000 8.681526631000e-01 4.687561813332e-01 9.866212e-01
0.900000 5.450000 8.817279235016e-01 4.699712885278e-01 9.991582e-01
0.900000 5.475000 8.953995245788e-01 4.707238772496e-01 1.011593e+00
0.900000 5.500000 9.091587395837e-01 4.710017813422e-01 1.023920e+00
0.900000 5.525000 9.229954486416e-01 4.707910316428e-01 1.036130e+00
0.900000 5.550000 9.368976295378e-01 4.700760741115e-01 1.048212e+00
0.900000 5.575000 9.508509032652e-01 4.688400956372e-01 1.060155e+00
0.900000 5.600000 9.648381552860e-01 4.670654404595e-01 1.071943e+00
0.900000 5.625000 9.788392480826e-01 4.647340967078e-01 1.083561e+00
0.900000 5.650000 9.928308349354e-01 4.618282307337e-01 1.094988e+00
0.900000 5.675000 1.006786279448e+00 4.583307465128e-01 1.106203e+00
0.900000 5.700000 1.020675680400e+00 4.542258481873e-01 1.117184e+00
0.900000 5.725000 1.034465997267e+00 4.494995854722e-01 1.127905e+00
0.900000 5.750000 1.048121268235e+00 4.441403639239e-01 1.138340e+00
0.900000 5.775000 1.061602909701e+00 4.381394047012e-01 1.148463e+00
0.900000 5.800000 1.074870084083e+00 4.314911413383e-01 1.158244e+00
0.900000 5.825000 1.087880121111e+00 4.241935440814e-01 1.167657e+00
0.900000 5.850000 1.100588976651e+00 4.162483655300e-01 1.176673e+00
0.900000 5.875000 1.112951712506e+00 4.076613046527e-01 1.185263e+00
0.900000 5.900000 1.124922980653e+00 3.984420896985e-01 1.193402e+00
0.900000 5.925000 1.136457496020e+00 3.886044840245e-01 1.201062e+00
0.900000 5.950000 1.147510483433e+00 3.781662222668e-01 1.208218e+00
0.900000 5.975000 1.158038086655e+00 3.671488873709e-01 1.214846e+00
0.900000 6.000000 1.167997730614e+00 3.555777415030e-01 1.220924e+00
0.900000 6.025000 1.177348431721e+00 3.434815254961e-01 1.226429e+00
0.900000 6.050000 1.186051055527e+00 3.308922419835e-01 1.231343e+00
0.900000 6.075000 1.194068525247e+00 3.178449365853e-01 1.235648e+00
0.900000 6.100000 1.201365988722e+00 3.043774893879e-01 1.239325e+00
0.900000 6.125000 1.207910954572e+00 2.905304256283e-01 1.242359e+00
0.900000 6.150000 1.213673410251e+00 2.763467502625e-01 1.244737e+00
0.900000 6.175000 1.218625935186e+00 2.618718063913e-01 1.246445e+00
0.900000 6.200000 1.222743821063e+00 2.471531528919e-01 1.247472e+00
0.900000 6.225000 1.226005208575e+00 2.322404526198e-01 1.247808e+00
0.900000 6.250000 1.228391246054e+00 2.171853597435e-01 1.247443e+00
0.900000 6.275000 1.229886270671e+00 2.020413935350e-01 1.246371e+00
0.900000 6.300000 1.230478008035e+00 1.868637864833e-01 1.244586e+00
0.900000 6.325000 1.230157781634e+00 1.717092968804e-01 1.242084e+00
0.900000 6.350000 1.228920720328e+00 1.566359797874e-01 1.238863e+00
0.900000 6.375000 1.226765950424e+00 1.417029150150e-01 1.234923e+00
0.900000 6.400000 1.223696759125e+00 1.269698958044e-01 1.230266e+00
0.900000 6.425000 1.219720718238e+00 1.124970865412e-01 1.224898e+00
0.900000 6.450000 1.214849760812e+00 9.834466137502e-02 1.218824e+00
0.900000 6.475000 1.209100208269e+00 8.457243750270e-02 1.212054e+00
0.900000 6.500000 1.202492750922e+00 7.123951673072e-02 1.204601e+00
0.900000 6.525000 1.195052389778e+00 5.840394672869e-02 1.196479e+00
0.900000 6.550000 1.186808351348e+00 4.612240932398e-02 1.187704e+00
0.900000 6.575000 1.177793989272e+00 3.444993780868e-02 1.178298e+00
0.900000 6.600000 1.168046686425e+00 2.343965925410e-02 1.168282e+00
0.900000 6.625000 1.157607768643e+00 1.314255212936e-02 1.157682e+00
0.900000 6.650000 1.146522436603e+00 3.607204961774e-03 1.146528e+00
0.900000 6.675000 1.134839716021e+00 -5.120440859975e-03 1.134851e+00
0.900000 6.700000 1.122612419177e+00 -1.299738122558e-02 1.122688e+00
0.900000 6.725000 1.109897103587e+00 -1.998388694319e-02 1.110077e+00
0.900000 6.750000 1.096754007460e+00 -2.604389829911e-02 1.097063e+00
0.900000 6.775000 1.083246937370e+00 -3.114547864172e-02 1.083695e+00
0.900000 6.800000 1.069443081872e+00 -3.526132034374e-02 1.070024e+00
0.900000 6.825000 1.055412726225e+00 -3.836928724337e-02 1.056110e+00
0.900000 6.850000 1.041228847827e+00 -4.045296896863e-02 1.042014e+00
0.900000 6.875000 1.026966579280e+00 -4.150221541596e-02 1.027805e+00
0.900000 6.900000 1.012702535473e+00 -4.151361495103e-02 1.013553e+00
0.900000 6.925000 9.985140119121e-01 -4.049087825551e-02 9.993347e-01
0.900000 6.950000 9.844780725931e-01 -3.844509145074e-02 9.852285e-01
0.900000 6.975000 9.706705561307e-01 -3.539480712736e-02 9.713157e-01
0.900000 7.000000 9.571650374280e-01 -3.136594984170e-02 9.576788e-01
0.900000 7.025000 9.440317882988e-01 -2.639152280605e-02 9.444006e-01
0.900000 7.050000 9.313367834766e-01 -2.051111405817e-02 9.315626e-01
0.900000 7.075000 9.191407982003e-01 -1.377021237478e-02 9.192439e-01
0.900000 7.100000 9.074986401017e-01 -6.219354628288e-03 9.075200e-01
0.900000 7.125000 8.964585518163e-01 2.086863656338e-03 8.964610e-01
0.900000 7.150000 8.860618121296e-01 1.109087480561e-02 8.861312e-01
0.900000 7.175000 8.763425532975e-01 2.073327735611e-02 8.765878e-01
0.900000 7.200000 8.673278011634e-01 3.095397832419e-02 8.678800e-01
0.900000 7.225000 8.590377335962e-01 4.169329143398e-02 8.600489e-01
0.900000 7.250000 8.514861422227e-01 5.289294586951e-02 8.531274e-01
0.900000 7.275000 8.446810729520e-01 6.449696484079e-02 8.471399e-01
0.900000 7.300000 8.386256127687e-01 7.645237977974e-02 8.421033e-01
0.900000 7.325000 8.333187839542e-01 8.870975388347e-02 8.380272e-01
0.900000 7.350000 8.287565024107e-01 1.012234975912e-01 8.349153e-01
0.900000 7.375000 8.249325541785e-01 1.139519680369e-01 8.327657e-01
0.900000 7.400000 8.218395435462e-01 1.268573542332e-01 8.315726e-01
0.900000 7.425000 8.194697673578e-01 1.399053594004e-01 8.313268e-01
0.900000 7.450000 8.178159731745e-01 1.530647011738e-01 8.320167e-01
0.900000 7.475000 8.168719638276e-01 1.663064590874e-01 8.336292e-01
0.900000 7.500000 8.166330175101e-01 1.796033064174e-01 8.361500e-01
0.900000 7.525000 8.170961007831e-01 1.929286698263e-01 8.395639e-01
0.900000 7.550000 8.182598614864e-01 2.062558648908e-01 8.438547e-01
0.900000 7.575000 8.201243992353e-01 2.195572581813e-01 8.490050e-01
0.900000 7.600000 8.226908224988e-01 2.328035067816e-01 8.549957e-01
0.900000 7.625000 8.259606126634e-01 2.459629237755e-01 8.618055e-01
0.900000 7.650000 8.299348263422e-01 2.590010132450e-01 8.694098e-01
0.900000 7.675000 8.346131768478e-01 2.718802108093e-01 8.777802e-01
0.900000 7.700000 8.399930435539e-01 2.845598560080e-01 8.868837e-01
0.900000 7.725000 8.460684632892e-01 2.969964113751e-01 8.966821e-01
0.900000 7.750000 8.528291605112e-01 3.091439305042e-01 9.071315e-01
0.900000 7.775000 8.602596726108e-01 3.209547645165e-01 9.181823e-01
0.900000 7.800000 8.683386232832e-01 3.323804838867e-01 9.297789e-01
0.900000 7.825000 8.770381907170e-01 3.433729813036e-01 9.418604e-01
0.900000 7.850000 8.863238088164e-01 3.538857117734e-01 9.543610e-01
0.900000 7.875000 8.961541293593e-01 3.638750189915e-01 9.672111e-01
0.900000 7.900000 9.064812615722e-01 3.733014923905e-01 9.803378e-01
0.900000 7.925000 9.172512937420e-01 3.821312972811e-01 9.936671e-01
0.900000 7.950000 9.284050898146e-01 3.903374210387e-01 1.007124e+00
0.900000 7.975000 9.398793429617e-01 3.979007810602e-01 1.020636e+00
0.900000 8.000000 9.516078582121e-01 4.048111448878e-01 1.034132e+00
0.900000 8.025000 9.635230276643e-01 4.110678190575e-01 1.047546e+00
0.900000 8.050000 9.755574546119e-01 4.166800705203e-01 1.060818e+00
0.900000 8.075000 9.876456771216e-01 4.216672526018e-01 1.073894e+00
0.900000 8.100000 9.997259371385e-01 4.260586162075e-01 1.086728e+00
0.900000 8.125000 1.011741938006e+00 4.298927962163e-01 1.099286e+00
0.900000 8.150000 1.023644531367e+00 4.332169727088e-01 1.111542e+00
0.900000 8.175000 1.035393273832e+00 4.360857167877e-01 1.123481e+00
0.900000 8.200000 1.046957794709e+00 4.385595412584e-01 1.135101e+00
0.900000 8.225000 1.058318918712e+00 4.407031871738e-01 1.146411e+00
0.900000 8.250000 1.069469492139e+00 4.425836880055e-01 1.157430e+00
0.900000 8.275000 1.080414867784e+00 4.442682635678e-01 1.168191e+00
0.900000 8.300000 1.091173012859e+00 4.458221053074e-01 1.178735e+00
0.900000 8.325000 1.101774215555e+00 4.473061225573e-01 1.189113e+00
0.900000 8.350000 1.112260379187e+00 4.487747252048e-01 1.199384e+00
0.900000 8.375000 1.122683907803e+00 4.502737213316e-01 1.209614e+00
0.900000 8.400000 1.133106203028e+00 4.518384082557e-01 1.219872e+00
0.900000 8.425000 1.143595807893e+00 4.534919317529e-01 1.230230e+00
0.900000 8.450000 1.154226248635e+00 4.552439809880e-01 1.240760e+00
0.900000 8.475000 1.165073638997e+00 4.570898760777e-01 1.251530e+00
0.900000 8.500000 1.176214122543e+00 4.590100917144e-01 1.262604e+00
0.900000 8.525000 1.187721236384e+00 4.609702446093e-01 1.274039e+00
0.900000 8.550000 1.199663283924e+00 4.629215555346e-01 1.285880e+00
0.900000 8.575000 1.212100804762e+00 4.648017793938e-01 1.298164e+00
0.900000 8.600000 1.225084226743e+00 4.665365799246e-01 1.310911e+00
0.900000 8.625000 1.238651778819e+00 4.680413101439e-01 1.324130e+00
0.900000 8.650000 1.252827734259e+00 4.692231460836e-01 1.337815e+00
0.900000 8.675000 1.267621042664e+00 4.699835101203e-01 1.351942e+00
0.900000 8.700000 1.283024396619e+00 4.702207114627e-01 1.366477e+00
0.900000 8.725000 1.299013765464e+00 4.698327250673e-01 1.381369e+00
0.900000 8.750000 1.315548414857e+00 4.687200262711e-01 1.396555e+00
0.900000 8.775000 1.332571416882e+00 4.667883965360e-01 1.411962e+00
0.900000 8.800000 1.350010641641e+00 4.639516156946e-01 1.427508e+00
0.900000 8.825000 1.367780207431e+00 4.601339578739e-01 1.443103e+00
0.900000 8.850000 1.385782352942e+00 4.552724118728e-01 1.458652e+00
0.900000 8.875000 1.403909681266e+00 4.493185523601e-01 1.474059e+00
0.900000 8.900000 1.422047712194e+00 4.422399960931e-01 1.489227e+00
0.900000 8.925000 1.440077666567e+00 4.340213877728e-01 1.504061e+00
0.900000 8.950000 1.457879394924e+00 4.246648733978e-01 1.518470e+00
0.900000 8.975000 1.475334353116e+00 4.141900351515e-01 1.532372e+00
0.900000 9.000000 1.492328520893e+00 4.026332808327e-01 1.545690e+00
0.900000 9.025000 1.508755156600e+00 3.900467021122e-01 1.558358e+00
0.900000 9.050000 1.524517283034e+00 3.764964386243e-01 1.570319e+00
0.900000 9.075000 1.539529806788e+00 3.620606079095e-01 1.581531e+00
0.900000 9.100000 1.553721186463e+00 3.468268830065e-01 1.591961e+00
0.900000 9.125000 1.567034583710e+00 3.308898184466e-01 1.601588e+00
0.900000 9.150000 1.579428454611e+00 3.143480398734e-01 1.610406e+00
0.900000 9.175000 1.590876566188e+00 2.973014210848e-01 1.618418e+00
0.900000 9.200000 1.601367452176e+00 2.798483738321e-01 1.625636e+00
0.900000 9.225000 1.610903351699e+00 2.620833696841e-01 1.632084e+00
0.900000 9.250000 1.619498701905e+00 2.440947996739e-01 1.637791e+00
0.900000 9.275000 1.627178278940e+00 2.259632569963e-01 1.642793e+00
0.900000 9.300000 1.633975098962e+00 2.077603020365e-01 1.647131e+00
0.900000 9.325000 1.639928200808e+00 1.895477393204e-01 1.650846e+00
0.900000 9.350000 1.645080433731e+00 1.713774048000e-01 1.653983e+00
0.900000 9.375000 1.649476367030e+00 1.532914315691e-01 1.656584e+00
0.900000 9.400000 1.653160424251e+00 1.353229349577e-01 1.658690e+00
0.900000 9.425000 1.656175323966e+00 1.174970359551e-01 1.660338e+00
0.900000 9.450000 1.658560883918e+00 9.983212659270e-02 1.661563e+00
0.900000 9.475000 1.660353217529e+00 8.234127318373e-02 1.662394e+00
0.900000 9.500000 1.661584323833e+00 6.503365337493e-02 1.662857e+00
0.900000 9.525000 1.662282045812e+00 4.791593036979e-02 1.662973e+00
0.900000 9.550000 1.662470349927e+00 3.099348136123e-02 1.662759e+00
0.900000 9.575000 1.662169862709e+00 1.427141564440e-02 1.662231e+00
0.900000 9.600000 1.661398589443e+00 -2.244660756687e-03 1.661400e+00
0.900000 9.625000 1.660172735657e+00 -1.854815473300e-02 1.660276e+00
0.900000 9.650000 1.658507553869e+00 -3.463126921302e-02 1.658869e+00
0.900000 9.675000 1.656418145200e+00 -5.048503977027e-02 1.657187e+00
0.900000 9.700000 1.653920156811e+00 -6.609958909041e-02 1.655240e+00
0.900000 9.725000 1.651030330372e+00 -8.146455236708e-02 1.653039e+00
0.900000 9.750000 1.647766872461e+00 -9.656962002161e-02 1.650594e+00
0.900000 9.775000 1.644149633626e+00 -1.114051419904e-01 1.647920e+00
0.900000 9.800000 1.640200097670e+00 -1.259627397460e-01 1.645030e+00
0.900000 9.825000 1.635941195614e+00 -1.402358775298e-01 1.641941e+00
0.900000 9.850000 1.631396969242e+00 -1.542203521482e-01 1.638670e+00
0.900000 9.875000 1.626592116655e+00 -1.679146702687e-01 1.635236e+00
0.900000 9.900000 1.621551456976e+00 -1.813202926219e-01 1.631657e+00
0.900000 9.925000 1.616299353118e+00 -1.944417351485e-01 1.627953e+00
0.900000 9.950000 1.610859130833e+00 -2.072865273100e-01 1.624141e+00
0.900000 9.975000 1.605252529147e+00 -2.198650370160e-01 1.620240e+00
0.900000 10.000000 1.599499212375e+00 -2.321901795090e-01 1.616264e+00
0.900000 10.025000 1.593616367323e+00 -2.442770337751e-01 1.612230e+00
0.900000 10.050000 1.587618401646e+00 -2.561423943528e-01 1.608148e+00
0.900000 10.075000 1.581516750930e+00 -2.678042885986e-01 1.604031e+00
0.900000 10.100000 1.575319793480e+00 -2.792814893932e-01 1.599885e+00
0.900000 10.125000 1.569032863547e+00 -2.905930508929e-01 1.595716e+00
0.900000 10.150000 1.562658346415e+00 -3.017578903234e-01 1.591527e+00
0.900000 10.175000 1.556195833009e+00 -3.127944322180e-01 1.587320e+00
0.900000 10.200000 1.549642308062e+00 -3.237203233448e-01 1.583094e+00
0.900000 10.225000 1.542992344906e+00 -3.345522174687e-01 1.578845e+00
0.900000 10.250000 1.536238281877e+00 -3.453056198645e-01 1.574568e+00
0.900000 10.275000 1.529370360304e+00 -3.559947730585e-01 1.570257e+00
0.900000 10.300000 1.522376811747e+00 -3.666325586049e-01 1.565902e+00
0.900000 10.325000 1.515243892099e+00 -3.772303857185e-01 1.561495e+00
0.900000 10.350000 1.507955871427e+00 -3.877980370375e-01 1.557022e+00
0.900000 10.375000 1.500494999844e+00 -3.983434451169e-01 1.552470e+00
0.900000 10.400000 1.492841480060e+00 -4.088723805532e-01 1.547822e+00
0.900000 10.425000 1.484973485132e+00 -4.193880435315e-01 1.543059e+00
0.900000 10.450000 1.476867264193e+00 -4.298905642706e-01 1.538162e+00
0.900000 10.475000 1.468497378571e+00 -4.403764331020e-01 1.533107e+00
0.900000 10.500000 1.459837105283e+00 -4.508378962330e-01 1.527868e+00
0.900000 10.525000 1.450859034347e+00 -4.612623669499e-01 1.522417e+00
0.900000 10.550000 1.441535871181e+00 -4.716319124281e-01 1.516728e+00
0.900000 10.575000 1.431841436802e+00 -4.819228819923e-01 1.510768e+00
0.900000 10.600000 1.421751837910e+00 -4.921057424986e-01 1.504509e+00
0.900000 10.625000 1.411246758349e+00 -5.021451799521e-01 1.497921e+00
0.900000 10.650000 1.400310804690e+00 -5.120005135356e-01 1.490978e+00
0.900000 10.675000 1.388934823844e+00 -5.216264496148e-01 1.483656e+00
0.900000 10.700000 1.377117101343e+00 -5.309741802608e-01 1.475935e+00
0.900000 10.725000 1.364864346466e+00 -5.399928051653e-01 1.467803e+00
0.900000 10.750000 1.352192375359e+00 -5.486310296109e-01 1.459253e+00
0.900000 10.775000 1.339126415759e+00 -5.568390666198e-01 1.450286e+00
0.900000 10.800000 1.325700976145e+00 -5.645706506812e-01 1.440911e+00
0.900000 10.825000 1.311959246824e+00 -5.717850554119e-01 1.431145e+00
0.900000 10.850000 1.297952028870e+00 -5.784489995031e-01 1.421015e+00
0.900000 10.875000 1.283736216763e+00 -5.845383251869e-01 1.410554e+00
0.900000 10.900000 1.269372889865e+00 -5.900393413383e-01 1.399805e+00
0.900000 10.925000 1.254925094284e+00 -5.949497387355e-01 1.388813e+00
0.900000 10.950000 1.240455418353e+00 -5.992790068357e-01 1.377630e+00
0.900000 10.975000 1.226023480267e+00 -6.030483081298e-01 1.366309e+00
0.900000 11.000000 1.211683454554e+00 -6.062897958226e-01 1.354904e+00
0.900000 11.025000 1.197481764424e+00 -6.090453912413e-01 1.343465e+00
0.900000 11.050000 1.183455059889e+00 -6.113650669372e-01 1.332041e+00
0.900000 11.075000 1.169628587510e+00 -6.133047081304e-01 1.320672e+00
0.900000 11.100000 1.156015037807e+00 -6.149236473557e-01 1.309390e+00
0.900000 11.125000 1.142613932152e+00 -6.162819837852e-01 1.298218e+00
0.900000 11.150000 1.129411583970e+00 -6.174378089664e-01 1.287167e+00
0.900000 11.175000 1.116381640939e+00 -6.184444643526e-01 1.276237e+00
0.900000 11.200000 1.103486187191e+00 -6.193479531293e-01 1.265414e+00
0.900000 11.225000 1.090677358761e+00 -6.201846199342e-01 1.254674e+00
0.900000 11.250000 1.077899402893e+00 -6.209791979067e-01 1.243978e+00
0.900000 11.275000 1.065091093365e+00 -6.217433040691e-01 1.233282e+00
0.900000 11.300000 1.052188400324e+00 -6.224744424992e-01 1.222528e+00
0.900000 11.325000 1.039127304756e+00 -6.231555512758e-01 1.211655e+00
0.900000 11.350000 1.025846644725e+00 -6.237551050506e-01 1.200596e+00
0.900000 11.375000 1.012290882791e+00 -6.242277614674e-01 1.189283e+00
0.900000 11.400000 9.984126911530e-01 -6.245155176583e-01 1.177645e+00
0.900000 11.425000 9.841752625648e-01 -6.245493236475e-01 1.165617e+00
0.900000 11.450000 9.695542699946e-01 -6.242510835254e-01 1.153137e+00
0.900000 11.475000 9.545394155910e-01 -6.235359632934e-01 1.140150e+00
0.900000 11.500000 9.391355286044e-01 -6.223149167236e-01 1.126611e+00
0.900000 11.525000 9.233631914941e-01 -6.204973375203e-01 1.112482e+00
0.900000 11.550000 9.072588924319e-01 -6.179937473731e-01 1.097741e+00
0.900000 11.575000 8.908747198164e-01 -6.147184347447e-01 1.082375e+00
0.900000 11.600000 8.742776294115e-01 -6.105919677869e-01 1.066388e+00
0.900000 11.625000 8.575483266943e-01 -6.055435158309e-01 1.049796e+00
0.900000 11.650000 8.407798155883e-01 -5.995129264837e-01 1.032631e+00
0.900000 11.675000 8.240756698772e-01 -5.924525185200e-01 1.014939e+00
0.900000 11.700000 8.075480854545e-01 -5.843285635651e-01 9.967817e-01
0.900000 11.725000 7.913157706118e-01 -5.751224412046e-01 9.782364e-01
0.900000 11.750000 7.755017284483e-01 -5.648314620635e-01 9.593943e-01
0.900000 11.775000 7.602309809689e-01 -5.534693612145e-01 9.403614e-01
0.900000 11.800000 7.456282793078e-01 -5.410664699519e-01 9.212570e-01
0.900000 11.825000 7.318158395014e-01 -5.276695776939e-01 9.022137e-01
0.900000 11.850000 7.189111389013e-01 -5.133414979767e-01 8.833758e-01
0.900000 11.875000 7.070248050323e-01 -4.981603537420e-01 8.648976e-01
0.900000 11.900000 6.962586265569e-01 -4.822185980195e-01 8.469421e-01
0.900000 11.925000 6.867037148762e-01 -4.656217872693e-01 8.296780e-01
0.900000 11.950000 6.784388444104e-01 -4.484871265320e-01 8.132773e-01
0.900000 11.975000 6.715289992491e-01 -4.309418084216e-01 7.979110e-01
0.900000 12.000000 6.660241530673e-01 -4.131211719284e-01 7.837457e-01
0.900000 12.025000 6.619583074049e-01 -3.951667117665e-01 7.709381e-01
0.900000 12.050000 6.593488101773e-01 -3.772239741916e-01 7.596307e-01
0.900000 12.075000 6.581959713592e-01 -3.594403802559e-01 7.499462e-01
0.900000 12.100000 6.584829861735e-01 -3.419630216996e-01 7.419829e-01
0.900000 12.125000 6.601761680301e-01 -3.249364774915e-01 7.358100e-01
0.900000 12.150000 6.632254843869e-01 -3.085006998854e-01 7.314648e-01
0.900000 12.175000 6.675653792585e-01 -2.927890174440e-01 7.289506e-01
0.900000 12.200000 6.731158570118e-01 -2.779262986919e-01 7.282362e-01
0.900000 12.225000 6.797837940852e-01 -2.640273140653e-01 7.292575e-01
0.900000 12.250000 6.874644389731e-01 -2.511953260294e-01 7.319197e-01
0.900000 12.275000 6.960430566915e-01 -2.395209282216e-01 7.361020e-01
0.900000 12.300000 7.053966722187e-01 -2.290811449647e-01 7.416621e-01
0.900000 12.325000 7.153958680603e-01 -2.199387931912e-01 7.484413e-01
0.900000 12.350000 7.259065938816e-01 -2.121421004156e-01 7.562702e-01
0.900000 12.375000 7.367919506202e-01 -2.057245653914e-01 7.649738e-01
0.900000 12.400000 7.479139170773e-01 -2.007050428303e-01 7.743757e-01
0.900000 12.425000 7.591349930561e-01 -1.970880301550e-01 7.843020e-01
0.900000 12.450000 7.703197390963e-01 -1.948641325865e-01 7.945845e-01
0.900000 12.475000 7.813361982672e-01 -1.940106826526e-01 8.050630e-01
0.900000 12.500000 7.920571900120e-01 -1.944924910458e-01 8.155869e-01
0.900000 12.525000 8.023614695550e-01 -1.962627071993e-01 8.260163e-01
0.900000 12.550000 8.121347489370e-01 -1.992637695672e-01 8.362230e-01
0.900000 12.575000 8.212705775185e-01 -2.034284270568e-01 8.460901e-01
0.900000 12.600000 8.296710810724e-01 -2.086808141562e-01 8.555126e-01
0.900000 12.625000 8.372475596869e-01 -2.149375629815e-01 8.643967e-01
0.900000 12.650000 8.439209458822e-01 -2.221089358123e-01 8.726597e-01
0.900000 12.675000 8.496221258111e-01 -2.300999618882e-01 8.802294e-01
0.900000 12.700000 8.542921282169e-01 -2.388115625448e-01 8.870434e-01
0.900000 12.725000 8.578821879101e-01 -2.481416494189e-01 8.930488e-01
0.900000 12.750000 8.603536927224e-01 -2.579861816376e-01 8.982012e-01
0.900000 12.775000 8.616780249483e-01 -2.682401697095e-01 9.024643e-01
0.900000 12.800000 8.618363099346e-01 -2.787986162103e-01 9.058093e-01
0.900000 12.825000 8.608190854725e-01 -2.895573861629e-01 9.082142e-01
0.900000 12.850000 8.586259058516e-01 -3.004140029695e-01 9.096631e-01
0.900000 12.875000 8.552648937999e-01 -3.112683685839e-01 9.101462e-01
0.900000 12.900000 8.507522521681e-01 -3.220234089854e-01 9.096584e-01
0.900000 12.925000 8.451117453367e-01 -3.325856477138e-01 9.081999e-01
0.900000 12.950000 8.383741582334e-01 -3.428657110898e-01 9.057749e-01
0.900000 12.975000 8.305767388902e-01 -3.527787688001e-01 9.023916e-01
0.900000 13.000000 8.217626289636e-01 -3.622449128991e-01 8.980619e-01
0.900000 13.025000 8.119802858064e-01 -3.711894772464e-01 8.928010e-01
0.900000 13.050000 8.012828996345e-01 -3.795432983065e-01 8.866270e-01
0.900000 13.075000 7.897278100026e-01 -3.872429174431e-01 8.795607e-01
0.900000 13.100000 7.773759269979e-01 -3.942307246768e-01 8.716256e-01
0.900000 13.125000 7.642911639310e-01 -4.004550445336e-01 8.628472e-01
0.900000 13.150000 7.505398894417e-01 -4.058701661621e-01 8.532530e-01
0.900000 13.175000 7.361904074415e-01 -4.104363221970e-01 8.428726e-01
0.900000 13.200000 7.213124728199e-01 -4.141196236056e-01 8.317372e-01
0.900000 13.225000 7.059768491616e-01 -4.168919605298e-01 8.198794e-01
0.900000 13.250000 6.902549118284e-01 -4.187308814186e-01 8.073335e-01
0.900000 13.275000 6.742182958411e-01 -4.196194640262e-01 7.941353e-01
0.900000 13.300000 6.579385834701e-01 -4.195461917102e-01 7.803218e-01
0.900000 13.325000 6.414870218281e-01 -4.185048466475e-01 7.659321e-01
0.900000 13.350000 6.249342567334e-01 -4.164944280603e-01 7.510063e-01
0.900000 13.375000 6.083500662953e-01 -4.135190985248e-01 7.355867e-01
0.900000 13.400000 5.918030766260e-01 -4.095881553802e-01 7.197175e-01
0.900000 13.425000 5.753604431685e-01 -4.047160178090e-01 7.034449e-01
0.900000 13.450000 5.590874844588e-01 -3.989222140963e-01 6.868171e-01
0.900000 13.475000 5.430472605637e-01 -3.922313486870e-01 6.698849e-01
0.900000 13.500000 5.273000954811e-01 -3.846730256502e-01 6.527011e-01
0.900000 13.525000 5.119030507973e-01 -3.762817045608e-01 6.353209e-01
0.900000 13.550000 4.969093659979e-01 -3.670964668910e-01 6.178015e-01
0.900000 13.575000 4.823678881275e-01 -3.571606757129e-01 6.002021e-01
0.900000 13.600000 4.683225191232e-01 -3.465215185192e-01 5.825832e-01
0.900000 13.625000 4.548117124085e-01 -3.352294316147e-01 5.650066e-01
0.900000 13.650000 4.418680507721e-01 -3.233374139906e-01 5.475349e-01
0.900000 13.675000 4.295179350352e-01 -3.109002479018e-01 5.302307e-01
0.900000 13.700000 4.177814076977e-01 -2.979736515749e-01 5.131565e-01
0.900000 13.725000 4.066721281635e-01 -2.846133957451e-01 4.963739e-01
0.900000 13.750000 3.961975070026e-01 -2.708744194237e-01 4.799431e-01
0.900000 13.775000 3.863589969199e-01 -2.568099811069e-01 4.639231e-01
0.900000 13.800000 3.771525286253e-01 -2.424708795099e-01 4.483706e-01
0.900000 13.825000 3.685690715271e-01 -2.279047731733e-01 4.333402e-01
0.900000 13.850000 3.605952928237e-01 -2.131556214728e-01 4.188846e-01
0.900000 13.875000 3.532142846584e-01 -1.982632614522e-01 4.050539e-01
0.900000 13.900000 3.464063277065e-01 -1.832631263384e-01 3.918963e-01
0.900000 13.925000 3.401496608141e-01 -1.681861034396e-01 3.794580e-01
0.900000 13.950000 3.344212297357e-01 -1.530585221226e-01 3.677832e-01
0.900000 13.975000 3.291973930467e-01 -1.379022572687e-01 3.569145e-01
0.900000 14.000000 3.244545692598e-01 -1.227349303568e-01 3.468928e-01
0.900000 14.025000 3.201698152940e-01 -1.075701891652e-01 3.377574e-01
0.900000 14.050000 3.163213320675e-01 -9.241804786411e-02 3.295456e-01
0.900000 14.075000 3.128888975382e-01 -7.728527159025e-02 3.222925e-01
0.900000 14.100000 3.098542306430e-01 -6.217579293492e-02 3.160308e-01
0.900000 14.125000 3.072012911019e-01 -4.709115155343e-02 3.107897e-01
0.900000 14.150000 3.049165200248e-01 -3.203095172472e-02 3.065943e-01
0.900000 14.175000 3.029890248916e-01 -1.699333565564e-02 3.034652e-01
0.900000 14.200000 3.014107101591e-01 -1.975472253537e-03 3.014172e-01
0.900000 14.225000 3.001763519190e-01 1.302593824319e-02 3.004588e-01
0.900000 14.250000 2.992836121733e-01 2.801414404012e-02 3.005919e-01
0.900000 14.275000 2.987329858572e-01 4.299180810834e-02 3.018107e-01
0.900000 14.300000 2.985276721023e-01 5.796046607492e-02 3.041023e-01
0.900000 14.325000 2.986733606777e-01 7.291998427093e-02 3.074461e-01
0.900000 14.350000 2.991779252302e-01 8.786803041245e-02 3.118144e-01
0.900000 14.375000 3.000510169407e-01 1.027995732101e-01 3.171725e-01
0.900000 14.400000 3.013035554443e-01 1.177064305846e-01 3.234790e-01
0.900000 14.425000 3.029471182175e-01 1.325768887710e-01 3.306865e-01
0.900000 14.450000 3.049932348767e-01 1.473954161371e-01 3.387422e-01
0.900000 14.475000 3.074525987167e-01 1.621424957852e-01 3.475878e-01
0.900000 14.500000 3.103342140120e-01 1.767945997829e-01 3.571605e-01
0.900000 14.525000 3.136445037700e-01 1.913243250679e-01 3.673933e-01
0.900000 14.550000 3.173864083813e-01 2.057007066661e-01 3.782154e-01
0.900000 14.575000 3.215585105514e-01 2.198897178847e-01 3.895528e-01
0.900000 14.600000 3.261542256281e-01 2.338549597502e-01 4.013287e-01
0.900000 14.625000 3.311610985429e-01 2.475585333745e-01 4.134645e-01
0.900000 14.650000 3.365602487265e-01 2.609620795339e-01 4.258803e-01
0.900000 14.675000 3.423260022387e-01 2.740279599688e-01 4.384956e-01
0.900000 14.700000 3.484257458089e-01 2.867205453553e-01 4.512307e-01
0.900000 14.725000 3.548200304854e-01 2.990075661661e-01 4.640073e-01
0.900000 14.750000 3.614629432956e-01 3.108614754190e-01 4.767497e-01
0.900000 14.775000 3.683027540670e-01 3.222607672386e-01 4.893863e-01
0.900000 14.800000 3.752828318973e-01 3.331911927813e-01 5.018502e-01
0.900000 14.825000 3.823428123924e-01 3.436468158238e-01 5.140809e-01
0.900000 14.850000 3.894199835545e-01 3.536308543738e-01 5.260254e-01
0.900000 14.875000 3.964508459912e-01 3.631562620153e-01 5.376390e-01
0.900000 14.900000 4.033727928145e-01 3.722460130268e-01 5.488868e-01
0.900000 14.925000 4.101258469842e-01 3.809330680795e-01 5.597439e-01
0.900000 14.950000 4.166543895312e-01 3.892600117357e-01 5.701967e-01
0.900000 14.975000 4.229088114430e-01 3.972783681234e-01 5.802430e-01
0.900000 15.000000 4.288470250736e-01 4.050476160245e-01 5.898927e-01
0.900000 15.025000 4.344357775549e-01 4.126339382158e-01 5.991671e-01
0.900000 15.050000 4.396517183329e-01 4.201087513332e-01 6.080995e-01
0.900000 15.075000 4.444821849001e-01 4.275470711108e-01 6.167341e-01
0.900000 15.100000 4.489256841715e-01 4.350257731124e-01 6.251253e-01
0.900000 15.125000 4.529920607769e-01 4.426218108757e-01 6.333371e-01
0.900000 15.150000 4.567023568901e-01 4.504104518362e-01 6.414410e-01
0.900000 15.175000 4.600883802489e-01 4.584635868912e-01 6.495153e-01
0.900000 15.200000 4.631920070808e-01 4.668481625768e-01 6.576428e-01
0.900000 15.225000 4.660642543238e-01 4.756247763129e-01 6.659090e-01
0.900000 15.250000 4.687641606412e-01 4.848464657655e-01 6.744004e-01
0.900000 15.275000 4.713575183412e-01 4.945577138598e-01 6.832022e-01
0.900000 15.300000 4.739154987047e-01 5.047936819536e-01 6.923962e-01
0.900000 15.325000 4.765132118153e-01 5.155796756543e-01 7.020593e-01
0.900000 15.350000 4.792282392870e-01 5.269308410075e-01 7.122611e-01
0.900000 15.375000 4.821391748111e-01 5.388520834029e-01 7.230628e-01
0.900000 15.400000 4.853242036624e-01 5.513381974671e-01 7.345158e-01
0.900000 15.425000 4.888597485865e-01 5.643741932305e-01 7.466606e-01
0.900000 15.450000 4.928192060611e-01 5.779358016861e-01 7.595265e-01
0.900000 15.475000 4.972717938929e-01 5.919901411907e-01 7.731310e-01
0.900000 15.500000 5.022815284273e-01 6.064965247087e-01 7.874800e-01
0.900000 15.525000 5.079063471869e-01 6.214073864560e-01 8.025684e-01
0.900000 15.550000 5.141973903104e-01 6.366693049414e-01 8.183806e-01
0.900000 15.575000 5.211984515062e-01 6.522240977229e-01 8.348917e-01
0.900000 15.600000 5.289456061757e-01 6.680099614813e-01 8.520685e-01
0.900000 15.625000 5.374670207327e-01 6.839626294470e-01 8.698711e-01
0.900000 15.650000 5.467829428943e-01 7.000165170318e-01 8.882537e-01
0.900000 15.675000 5.569058678536e-01 7.161058259788e-01 9.071669e-01
0.900000 15.700000 5.678408698938e-01 7.321655777091e-01 9.265580e-01
0.900000 15.725000 5.795860833635e-01 7.481325480422e-01 9.463733e-01
0.900000 15.750000 5.921333113036e-01 7.639460782584e-01 9.665586e-01
0.900000 15.775000 6.054687347145e-01 7.795487416506e-01 9.870606e-01
0.900000 15.800000 6.195736908831e-01 7.948868502734e-01 1.007828e+00
0.900000 15.825000 6.344254857266e-01 8.099107934336e-01 1.028811e+00
0.900000 15.850000 6.499982031489e-01 8.245752073640e-01 1.049963e+00
0.900000 15.875000 6.662634742945e-01 8.388389841544e-01 1.071241e+00
0.900000 15.900000 6.831911716072e-01 8.526651369315e-01 1.092606e+00
0.900000 15.925000 7.007499969392e-01 8.660205469615e-01 1.114021e+00
0.900000 15.950000 7.189079396634e-01 8.788756261386e-01 1.135452e+00
0.900000 15.975000 7.376325896953e-01 8.912039345631e-01 1.156869e+00
0.900000 16.000000 7.568913012056e-01 9.029817968942e-01 1.178245e+00
0.900000 16.025000 7.766512150665e-01 9.141879622595e-01 1.199553e+00
0.900000 16.050000 7.968791609460e-01 9.248033501709e-01 1.220769e+00
0.900000 16.075000 8.175414725029e-01 9.348109188418e-01 1.241872e+00
0.900000 16.100000 8.386037602107e-01 9.441956824557e-01 1.262839e+00
0.900000 16.125000 8.600306947914e-01 9.529448906047e-01 1.283650e+00
0.900000 16.150000 8.817858589219e-01 9.610483669633e-01 1.304285e+00
0.900000 16.175000 9.038317248213e-01 9.684989863465e-01 1.324727e+00
0.900000 16.200000 9.261298098610e-01 9.752932510105e-01 1.344958e+00
0.900000 16.225000 9.486410512051e-01 9.814319100443e-01 1.364965e+00
0.900000 16.250000 9.713264239543e-01 9.869205517468e-01 1.384734e+00
0.900000 16.275000 9.941478061645e-01 9.917700897184e-01 1.404257e+00
0.900000 16.300000 1.017069069850e+00 9.959970605194e-01 1.423531e+00
0.900000 16.325000 1.040057351561e+00 9.996236552346e-01 1.442556e+00
0.900000 16.350000 1.063084431623e+00 1.002677419610e+00 1.461339e+00
0.900000 16.375000 1.086128130084e+00 1.005190577356e+00 1.479893e+00
0.900000 16.400000 1.109173612212e+00 1.007198957711e+00 1.498238e+00
0.900000 16.425000 1.132214489082e+00 1.008740539652e+00 1.516399e+00
0.900000 16.450000 1.155253600887e+00 1.009853658790e+00 1.534410e+00
0.900000 16.475000 1.178303382778e+00 1.010574956068e+00 1.552308e+00
0.900000 16.500000 1.201385735129e+00 1.010937176810e+00 1.570134e+00
0.900000 16.525000 1.224531350829e+00 1.010966951464e+00 1.587933e+00
0.900000 16.550000 1.247778489557e+00 1.010682702860e+00 1.605749e+00
0.900000 16.575000 1.271171229860e+00 1.010092827195e+00 1.623627e+00
0.900000 16.600000 1.294757271043e+00 1.009194286306e+00 1.641606e+00
0.900000 16.625000 1.318585394439e+00 1.007971727175e+00 1.659721e+00
0.900000 16.650000 1.342702724320e+00 1.006397212557e+00 1.678001e+00
0.900000 16.675000 1.367151949287e+00 1.004430606255e+00 1.696463e+00
0.900000 16.700000 1.391968673402e+00 1.002020611379e+00 1.715116e+00
0.900000 16.725000 1.417179061448e+00 9.991064135468e-01 1.733958e+00
0.900000 16.750000 1.442797924633e+00 9.956198375601e-01 1.752976e+00
0.900000 16.775000 1.468827363192e+00 9.914878894026e-01 1.772146e+00
0.900000 16.800000 1.495256043135e+00 9.866355286893e-01 1.791435e+00
0.900000 16.825000 1.522059139251e+00 9.809885023588e-01 1.810802e+00
0.900000 16.850000 1.549198929367e+00 9.744760695657e-01 1.830197e+00
0.900000 16.875000 1.576625979803e+00 9.670334603609e-01 1.849568e+00
0.900000 16.900000 1.604280823026e+00 9.586039354998e-01 1.868860e+00
0.900000 16.925000 1.632095998684e+00 9.491403491255e-01 1.888016e+00
0.900000 16.950000 1.659998311100e+00 9.386061568469e-01 1.906981e+00
0.900000 16.975000 1.687911150854e+00 9.269758550353e-01 1.925702e+00
0.900000 17.000000 1.715756735353e+00 9.142348790513e-01 1.944131e+00
0.900000 17.025000 1.743458141971e+00 9.003790249513e-01 1.962225e+00
0.900000 17.050000 1.770941035129e+00 8.854134879382e-01 1.979947e+00
0.900000 17.075000 1.798135022469e+00 8.693516293347e-01 1.997264e+00
0.900000 17.100000 1.824974611684e+00 8.522135911222e-01 2.014150e+00
0.900000 17.125000 1.851399774856e+00 8.340248732194e-01 2.030586e+00
0.900000 17.150000 1.877356158289e+00 8.148149748817e-01 2.046556e+00
0.900000 17.175000 1.902794999966e+00 7.946161799514e-01 2.062048e+00
0.900000 17.200000 1.927672832318e+00 7.734625389402e-01 2.077057e+00
0.900000 17.225000 1.951951053950e+00 7.513890721155e-01 2.091578e+00
0.900000 17.250000 1.975595450751e+00 7.284311899740e-01 2.105609e+00
0.900000 17.275000 1.998575735300e+00 7.046243034382e-01 2.119151e+00
0.900000 17.300000 2.020865155747e+00 6.800035780176e-01 2.132206e+00
0.900000 17.325000 2.042440203553e+00 6.546037754439e-01 2.144777e+00
0.900000 17.350000 2.063280426440e+00 6.284591235248e-01 2.156870e+00
0.900000 17.375000 2.083368331023e+00 6.016031599076e-01 2.168490e+00
0.900000 17.400000 2.102689341305e+00 5.740685070981e-01 2.179646e+00
0.900000 17.425000 2.121231766187e+00 5.458865528135e-01 2.190346e+00
0.900000 17.450000 2.138986722671e+00 5.170870295416e-01 2.200601e+00
0.900000 17.475000 2.155947961911e+00 4.876975078044e-01 2.210421e+00
0.900000 17.500000 2.172111552505e+00 4.577428368791e-01 2.219819e+00
0.900000 17.525000 2.187475388596e+00 4.272445826495e-01 2.228808e+00
0.900000 17.550000 2.202038508093e+00 3.962205232334e-01 2.237401e+00
0.900000 17.575000 2.215800226933e+00 3.646842679620e-01 2.245610e+00
0.900000 17.600000 2.228759116783e+00 3.326450636131e-01 2.253446e+00
0.900000 17.625000 2.240911874119e+00 3.001078435398e-01 2.260918e+00
0.900000 17.650000 2.252252146119e+00 2.670735610394e-01 2.268032e+00
0.900000 17.675000 2.262769391901e+00 2.335398290032e-01 2.274789e+00
0.900000 17.700000 2.272447864803e+00 1.995018650007e-01 2.281188e+00
0.900000 17.725000 2.281265801958e+00 1.649537161910e-01 2.287222e+00
0.900000 17.750000 2.289194900880e+00 1.298897137010e-01 2.292877e+00
0.900000 17.775000 2.296200149258e+00 9.430608330872e-02 2.298136e+00
0.900000 17.800000 2.302240054332e+00 5.820262030198e-02 2.302976e+00
0.900000 17.825000 2.307267293128e+00 2.158432293682e-02 2.307368e+00
0.900000 17.850000 2.311229775951e+00 -1.553712760582e-02 2.311282e+00
0.900000 17.875000 2.314072084952e+00 -5.314215147335e-02 2.314682e+00
0.900000 17.900000 2.315737219127e+00 -9.120241951532e-02 2.317532e+00
0.900000 17.925000 2.316168549388e+00 -1.296804505554e-01 2.319796e+00
0.900000 17.950000 2.315311864405e+00 -1.685297135618e-01 2.321437e+00
0.900000 17.975000 2.313117371957e+00 -2.076952596001e-01 2.322423e+00
0.900000 18.000000 2.309541513245e+00 -2.471148718798e-01 2.322724e+00
0.900000 18.025000 2.304548450355e+00 -2.867206835526e-01 2.322316e+00
0.900000 18.050000 2.298111100201e+00 -3.264411749032e-01 2.321180e+00
0.900000 18.075000 2.290211611927e+00 -3.662034270988e-01 2.319305e+00
0.900000 18.100000 2.280841217645e+00 -4.059354815631e-01 2.316683e+00
0.900000 18.125000 2.269999427030e+00 -4.455686349018e-01 2.313316e+00
0.900000 18.150000 2.257692581954e+00 -4.850394911846e-01 2.309207e+00
0.900000 18.175000 2.243931835158e+00 -5.242915976408e-01 2.304368e+00
0.900000 18.200000 2.228730663397e+00 -5.632765069454e-01 2.298809e+00
0.900000 18.225000 2.212102067116e+00 -6.019541387632e-01 2.292541e+00
0.900000 18.250000 2.194055642120e+00 -6.402923536552e-01 2.285575e+00
0.900000 18.275000 2.174594731104e+00 -6.782657014321e-01 2.277917e+00
0.900000 18.300000 2.153713872089e+00 -7.158533604779e-01 2.269566e+00
0.900000 18.325000 2.131396755501e+00 -7.530363407717e-01 2.260512e+00
0.900000 18.350000 2.107614881741e+00 -7.897940774042e-01 2.250737e+00
0.900000 18.375000 2.082327077367e+00 -8.261005894432e-01 2.240207e+00
0.900000 18.400000 2.055479982449e+00 -8.619204175152e-01 2.228880e+00
0.900000 18.425000 2.027009567149e+00 -8.972045795691e-01 2.216697e+00
0.900000 18.450000 1.996843675439e+00 -9.318867959403e-01 2.203587e+00
0.900000 18.475000 1.964905532312e+00 -9.658802310327e-01 2.189470e+00
0.900000 18.500000 1.931118091645e+00 -9.990749798085e-01 2.174251e+00
0.900000 18.525000 1.895409049120e+00 -1.031336493956e+00 2.157830e+00
0.900000 18.550000 1.857716301562e+00 -1.062505097274e+00 2.140100e+00
0.900000 18.575000 1.817993603390e+00 -1.092396685383e+00 2.120951e+00
0.900000 18.600000 1.776216154441e+00 -1.120804644888e+00 2.100273e+00
0.900000 18.625000 1.732385851876e+00 -1.147502965282e+00 2.077961e+00
0.900000 18.650000 1.686535952103e+00 -1.172250457073e+00 2.053917e+00
0.900000 18.675000 1.638734915308e+00 -1.194795935288e+00 2.028051e+00
0.900000 18.700000 1.589089243415e+00 -1.214884181655e+00 2.000287e+00
0.900000 18.725000 1.537745169240e+00 -1.232262463826e+00 1.970566e+00
0.900000 18.750000 1.484889107395e+00 -1.246687367333e+00 1.938846e+00
0.900000 18.775000 1.430746832629e+00 -1.257931686322e+00 1.905106e+00
0.900000 18.800000 1.375581405787e+00 -1.265791122299e+00 1.869345e+00
0.900000 18.825000 1.319689918231e+00 -1.270090555026e+00 1.831587e+00
0.900000 18.850000 1.263399170124e+00 -1.270689674844e+00 1.791879e+00
0.900000 18.875000 1.207060434311e+00 -1.267487798825e+00 1.750291e+00
0.900000 18.900000 1.151043484571e+00 -1.260427731812e+00 1.706921e+00
0.900000 18.925000 1.095730084024e+00 -1.249498575133e+00 1.661888e+00
0.900000 18.950000 1.041507136765e+00 -1.234737427895e+00 1.615337e+00
0.900000 18.975000 9.887597039319e-01 -1.216229966235e+00 1.567438e+00
0.900000 19.000000 9.378640757111e-01 -1.194109922620e+00 1.518383e+00
0.900000 19.025000 8.891810748181e-01 -1.168557519055e+00 1.468390e+00
0.900000 19.050000 8.430497464543e-01 -1.139796933836e+00 1.417699e+00
0.900000 19.075000 7.997815665642e-01 -1.108092901084e+00 1.366573e+00
0.900000 19.100000 7.596552760037e-01 -1.073746555788e+00 1.315298e+00
0.900000 19.125000 7.229124244723e-01 -1.037090645137e+00 1.264183e+00
0.900000 19.150000 6.897536858587e-01 -9.984842304491e-01 1.213561e+00
0.900000 19.175000 6.603359866708e-01 -9.583070040710e-01 1.163785e+00
0.900000 19.200000 6.347704717628e-01 -9.169533434196e-01 1.115230e+00
0.900000 19.225000 6.131213164811e-01 -8.748262208647e-01 1.068288e+00
0.900000 19.250000 5.954053811777e-01 -8.323310842572e-01 1.023368e+00
0.900000 19.275000 5.815926921353e-01 -7.898698190705e-01 9.808896e-01
0.900000 19.300000 5.716077215235e-01 -7.478348995290e-01 9.412717e-01
0.900000 19.325000 5.653314273867e-01 -7.066038324998e-01 9.049246e-01
0.900000 19.350000 5.626040023152e-01 -6.665339938391e-01 8.722332e-01
0.900000 19.375000 5.632282661461e-01 -6.279579515400e-01 8.435385e-01
0.900000 19.400000 5.669736239114e-01 -5.911793626154e-01 8.191167e-01
0.900000 19.425000 5.735804958047e-01 -5.564695203561e-01 7.991576e-01
0.900000 19.450000 5.827651120413e-01 -5.240646148530e-01 7.837467e-01
0.900000 19.475000 5.942245532688e-01 -4.941637521677e-01 7.728523e-01
0.900000 19.500000 6.076419079184e-01 -4.669277564373e-01 7.663225e-01
0.900000 19.525000 6.226914128455e-01 -4.424787550809e-01 7.638927e-01
0.900000 19.550000 6.390434438761e-01 -4.209005212097e-01 7.652018e-01
0.900000 19.575000 6.563692292176e-01 -4.022395207433e-01 7.698163e-01
0.900000 19.600000 6.743451714256e-01 -3.865065863020e-01 7.772572e-01
0.900000 19.625000 6.926566824937e-01 -3.736791174800e-01 7.870256e-01
0.900000 19.650000 7.110014608876e-01 -3.637036893194e-01 7.986260e-01
0.900000 19.675000 7.290921676546e-01 -3.564989391643e-01 8.115829e-01
0.900000 19.700000 7.466584893910e-01 -3.519585976190e-01 8.254537e-01
0.900000 19.725000 7.634486068469e-01 -3.499545325750e-01 8.398345e-01
0.900000 19.750000 7.792301172141e-01 -3.503396860956e-01 8.543638e-01
0.900000 19.775000 7.937904836950e-01 -3.529508016790e-01 8.687218e-01
0.900000 19.800000 8.069371060992e-01 -3.576108628100e-01 8.826285e-01
0.900000 19.825000 8.184971197006e-01 -3.641311911176e-01 8.958399e-01
0.900000 19.850000 8.283170356699e-01 -3.723131819529e-01 9.081444e-01
0.900000 19.875000 8.362623349268e-01 -3.819496848107e-01 9.193586e-01
0.900000 19.900000 8.422171186099e-01 -3.928260638186e-01 9.293234e-01
0.900000 19.925000 8.460839034015e-01 -4.047209978559e-01 9.379003e-01
0.900000 19.950000 8.477836298945e-01 -4.174070994397e-01 9.449687e-01
0.900000 19.975000 8.472559284643e-01 -4.306514454333e-01 9.504227e-01
0.900000 20.000000 8.444596612396e-01 -4.442161204427e-01 9.541698e-01
0.900000 20.025000 8.393737321766e-01 -4.578588753853e-01 9.561292e-01
0.900000 20.050000 8.319981312619e-01 -4.713339993943e-01 9.562304e-01
0.900000 20.075000 8.223551546065e-01 -4.843934934029e-01 9.544135e-01
0.900000 20.100000 8.104907205327e-01 -4.967886190255e-01 9.506283e-01
0.900000 20.125000 7.964756834697e-01 -5.082718773348e-01 9.448353e-01
0.900000 20.150000 7.804070331350e-01 -5.185994494629e-01 9.370062e-01
0.900000 20.175000 7.624088566809e-01 -5.275341052434e-01 9.271243e-01
0.900000 20.200000 7.426329367631e-01 -5.348485580336e-01 9.151867e-01
0.900000 20.225000 7.212588594323e-01 -5.403292141424e-01 9.012048e-01
0.900000 20.250000 6.984935129244e-01 -5.437802348650e-01 8.852063e-01
0.900000 20.275000 6.745698723626e-01 -5.450277991299e-01 8.672369e-01
0.900000 20.300000 6.497449864413e-01 -5.439244266187e-01 8.473620e-01
0.900000 20.325000 6.242971103929e-01 -5.403531966212e-01 8.256685e-01
0.900000 20.350000 5.985219646078e-01 -5.342316787211e-01 8.022668e-01
0.900000 20.375000 5.727281392481e-01 -5.255153796603e-01 7.772927e-01
0.900000 20.400000 5.472317105665e-01 -5.142005082813e-01 7.509093e-01
0.900000 20.425000 5.223501822031e-01 -5.003258688636e-01 7.233088e-01
0.900000 20.450000 4.983959117818e-01 -4.839737134852e-01 6.947151e-01
0.900000 20.475000 4.756692264643e-01 -4.652694165308e-01 6.653847e-01
0.900000 20.500000 4.544514674160e-01 -4.443798784974e-01 6.356096e-01
0.900000 20.525000 4.349982291183e-01 -4.215106201793e-01 6.057183e-01
0.900000 20.550000 4.175330722940e-01 -3.969015895407e-01 5.760770e-01
0.900000 20.575000 4.022419867817e-01 -3.708217686225e-01 5.470899e-01
0.900000 20.600000 3.892688618898e-01 -3.435627325698e-01 5.191971e-01
0.900000 20.625000 3.787121866679e-01 -3.154313728922e-01 4.928690e-01
0.900000 20.650000 3.706231525188e-01 -2.867420479975e-01 4.685963e-01
0.900000 20.675000 3.650052682418e-01 -2.578084619510e-01 4.468714e-01
0.900000 20.700000 3.618155266477e-01 -2.289355942091e-01 4.281612e-01
0.900000 20.725000 3.609670867977e-01 -2.004120067741e-01 4.128707e-01
0.900000 20.750000 3.623333616345e-01 -1.725028401756e-01 4.013013e-01
0.900000 20.775000 3.657533322305e-01 -1.454437766865e-01 3.936107e-01
0.900000 20.800000 3.710378516303e-01 -1.194362003571e-01 3.897872e-01
0.900000 20.825000 3.779766570480e-01 -9.464372213605e-02 3.896457e-01
0.900000 20.850000 3.863457816506e-01 -7.119016874278e-02 3.928500e-01
0.900000 20.875000 3.959150476465e-01 -4.915906079523e-02 3.989553e-01
0.900000 20.900000 4.064553308751e-01 -2.859453379525e-02 4.074599e-01
0.900000 20.925000 4.177453121942e-01 -9.503589456133e-03 4.178534e-01
0.900000 20.950000 4.295774702099e-01 8.140491635864e-03 4.296546e-01
0.900000 20.975000 4.417631199326e-01 2.439378899331e-02 4.424361e-01
0.900000 21.000000 4.541363589125e-01 3.933667544187e-02 4.558368e-01
0.900000 21.025000 4.665568422846e-01 5.306830188381e-02 4.695653e-01
0.900000 21.050000 4.789113671033e-01 6.570089115811e-02 4.833970e-01
0.900000 21.075000 4.911143010165e-01 7.735408574961e-02 4.971689e-01
0.900000 21.100000 5.031069380444e-01 8.814957041102e-02 5.107709e-01
0.900000 21.125000 5.148559031496e-01 9.820615875943e-02 5.241384e-01
0.900000 21.150000 5.263507563711e-01 1.076354953459e-01 5.372434e-01
0.900000 21.175000 5.376009663200e-01 1.165384842509e-01 5.500873e-01
0.900000 21.200000 5.486324321793e-01 1.250025143371e-01 5.626928e-01
0.900000 21.225000 5.594837339236e-01 1.330995119066e-01 5.750978e-01
0.900000 21.250000 5.702022834379e-01 1.408848152180e-01 5.873493e-01
0.900000 21.275000 5.808405359407e-01 1.483968332263e-01 5.994976e-01
0.900000 21.300000 5.914524029140e-01 1.556574237236e-01 6.115923e-01
0.900000 21.325000 6.020899859191e-01 1.626729041718e-01 6.236785e-01
0.900000 21.350000 6.128007263672e-01 1.694355921055e-01 6.357933e-01
0.900000 21.375000 6.236250405715e-01 1.759257610511e-01 6.479646e-01
0.900000 21.400000 6.345944832028e-01 1.821138923853e-01 6.602088e-01
0.900000 21.425000 6.457304564829e-01 1.879631032893e-01 6.725310e-01
0.900000 21.450000 6.570434580274e-01 1.934316356852e-01 6.849247e-01
0.900000 21.475000 6.685328380320e-01 1.984753004194e-01 6.973726e-01
0.900000 21.500000 6.801870174159e-01 2.030497844244e-01 7.098476e-01
0.900000 21.525000 6.919841033696e-01 2.071127454198e-01 7.223141e-01
0.900000 21.550000 7.038928282109e-01 2.106256379384e-01 7.347301e-01
0.900000 21.575000 7.158737319666e-01 2.135552349111e-01 7.470482e-01
0.900000 21.600000 7.278805088474e-01 2.158748294156e-01 7.592180e-01
0.900000 21.625000 7.398614425279e-01 2.175651201193e-01 7.711871e-01
0.900000 21.650000 7.517608642977e-01 2.186148001355e-01 7.829028e-01
0.900000 21.675000 7.635205806959e-01 2.190208813713e-01 7.943134e-01
0.900000 21.700000 7.750812319135e-01 2.187887942225e-01 8.053691e-01
0.900000 21.725000 7.863835575231e-01 2.179323053297e-01 8.160230e-01
0.900000 21.750000 7.973695604579e-01 2.164732942096e-01 8.262317e-01
0.900000 21.775000 8.079835721957e-01 2.144414235656e-01 8.359561e-01
0.900000 21.800000 8.181732306738e-01 2.118737290249e-01 8.451615e-01
0.900000 21.825000 8.278903868661e-01 2.088141433367e-01 8.538184e-01
0.900000 21.850000 8.370919559884e-01 2.053129592220e-01 8.619028e-01
0.900000 21.875000 8.457407252912e-01 2.014262256078e-01 8.693963e-01
0.900000 21.900000 8.538061231701e-01 1.972150651820e-01 8.762869e-01
0.900000 21.925000 8.612649450794e-01 1.927448980045e-01 8.825689e-01
0.900000 21.950000 8.681020219277e-01 1.880845567298e-01 8.882437e-01
0.900000 21.975000 8.743108077336e-01 1.833052837481e-01 8.933198e-01
0.900000 22.000000 8.798938567152e-01 1.784796086090e-01 8.978130e-01
0.900000 22.025000 8.848631566655e-01 1.736801144204e-01 9.017470e-01
0.900000 22.050000 8.892402860723e-01 1.689781131698e-01 9.051530e-01
0.900000 22.075000 8.930563670223e-01 1.644422606509e-01 9.080699e-01
0.900000 22.100000 8.963517940455e-01 1.601371505211e-01 9.105440e-01
0.900000 22.125000 8.991757298443e-01 1.561219328596e-01 9.126286e-01
0.900000 22.150000 9.015853710665e-01 1.524490047075e-01 9.143833e-01
0.900000 22.175000 9.036449995649e-01 1.491628182331e-01 9.158733e-01
0.900000 22.200000 9.054248455727e-01 1.462988466372e-01 9.171682e-01
0.900000 22.225000 9.069997977863e-01 1.438827394167e-01 9.183414e-01
0.900000 22.250000 9.084480006435e-01 1.419296882170e-01 9.194682e-01
0.900000 22.275000 9.098493808084e-01 1.404440134880e-01 9.206250e-01
0.900000 22.300000 9.112841430989e-01 1.394189717994e-01 9.218874e-01
0.900000 22.325000 9.128312714282e-01 1.388367751040e-01 9.233291e-01
0.900000 22.350000 9.145670636722e-01 1.386688072924e-01 9.250200e-01
0.900000 22.375000 9.165637218986e-01 1.388760204833e-01 9.270251e-01
0.900000 22.400000 9.188880122710e-01 1.394094936128e-01 9.294031e-01
0.900000 22.425000 9.216000032941e-01 1.402111385570e-01 9.322048e-01
0.900000 22.450000 9.247518877027e-01 1.412145434171e-01 9.354719e-01
0.900000 22.475000 9.283868926806e-01 1.423459476441e-01 9.392362e-01
0.900000 22.500000 9.325382852709e-01 1.435253482237e-01 9.435185e-01
0.900000 22.525000 9.372284843789e-01 1.446677390854e-01 9.483280e-01
0.900000 22.550000 9.424682969212e-01 1.456844863796e-01 9.536616e-01
0.900000 22.575000 9.482563023781e-01 1.464848397356e-01 9.595039e-01
0.900000 22.600000 9.545784160842e-01 1.469775739564e-01 9.658273e-01
0.900000 22.625000 9.614076658790e-01 1.470727471011e-01 9.725919e-01
0.900000 22.650000 9.687042182182e-01 1.466835502613e-01 9.797469e-01
0.900000 22.675000 9.764156878051e-01 1.457282125411e-01 9.872306e-01
0.900000 22.700000 9.844777588711e-01 1.441319130137e-01 9.949726e-01
0.900000 22.725000 9.928151364682e-01 1.418286410067e-01 1.002894e+00
0.900000 22.750000 1.001342832991e+00 1.387629381720e-01 1.010912e+00
0.900000 22.775000 1.009967779419e+00 1.348914514139e-01 1.018936e+00
0.900000 22.800000 1.018590733552e+00 1.301842256036e-01 1.026876e+00
0.900000 22.825000 1.027108440004e+00 1.246256694620e-01 1.034642e+00
0.900000 22.850000 1.035415980283e+00 1.182151370303e-01 1.042143e+00
0.900000 22.875000 1.043409237033e+00 1.109670804102e-01 1.049293e+00
0.900000 22.900000 1.050987385619e+00 1.029107462391e-01 1.056014e+00
0.900000 22.925000 1.058055319446e+00 9.408940775854e-02 1.062231e+00
0.900000 22.950000 1.064525913319e+00 8.455914521605e-02 1.067879e+00
0.900000 22.975000 1.070322031970e+00 7.438720853902e-02 1.072904e+00
0.900000 23.000000 1.075378198610e+00 6.365001654661e-02 1.077260e+00
0.900000 23.025000 1.079641850610e+00 5.243086530128e-02 1.080914e+00
0.900000 23.050000 1.083074125657e+00 4.081743355528e-02 1.083843e+00
0.900000 23.075000 1.085650141206e+00 2.889918479133e-02 1.086035e+00
0.900000 23.100000 1.087358751794e+00 1.676477246322e-02 1.087488e+00
0.900000 23.125000 1.088201791813e+00 4.499557293993e-03 1.088211e+00
0.900000 23.150000 1.088192834604e+00 -7.816657298969e-03 1.088221e+00
0.900000 23.175000 1.087355521075e+00 -2.011157337483e-02 1.087541e+00
0.900000 23.200000 1.085721531439e+00 -3.232194448727e-02 1.086203e+00
0.900000 23.225000 1.083328291150e+00 -4.439465058214e-02 1.084238e+00
0.900000 23.250000 1.080216515718e+00 -5.628725315226e-02 1.081682e+00
0.900000 23.275000 1.076427708199e+00 -6.796800506755e-02 1.078571e+00
0.900000 23.300000 1.072001727121e+00 -7.941531421588e-02 1.074939e+00
0.900000 23.325000 1.066974541300e+00 -9.061668536087e-02 1.070816e+00
0.900000 23.350000 1.061376281126e+00 -1.015671892699e-01 1.066225e+00
0.900000 23.375000 1.055229683967e+00 -1.122675310135e-01 1.061185e+00
0.900000 23.400000 1.048549014527e+00 -1.227218092831e-01 1.055706e+00
0.900000 23.425000 1.041339520265e+00 -1.329350746343e-01 1.049790e+00
0.900000 23.450000 1.033597458049e+00 -1.429108059458e-01 1.043430e+00
0.900000 23.475000 1.025310702328e+00 -1.526484305047e-01 1.036612e+00
0.900000 23.500000 1.016459918242e+00 -1.621410136749e-01 1.029311e+00
0.900000 23.525000 1.007020256580e+00 -1.713732389991e-01 1.021498e+00
0.900000 23.550000 9.969635024921e-01 -1.803197890246e-01 1.013139e+00
0.900000 23.575000 9.862605873071e-01 -1.889442215415e-01 1.004196e+00
0.900000 23.600000 9.748843539225e-01 -1.971984159092e-01 9.946289e-01
0.900000 23.625000 9.628124515503e-01 -2.050226404941e-01 9.843994e-01
0.900000 23.650000 9.500302259860e-01 -2.123462658760e-01 9.734723e-01
0.900000 23.675000 9.365334673440e-01 -2.190891203885e-01 9.618186e-01
0.900000 23.700000 9.223308787128e-01 -2.251634558087e-01 9.494171e-01
0.900000 23.725000 9.074461365103e-01 -2.304764627125e-01 9.362574e-01
0.900000 23.750000 8.919194263750e-01 -2.349332482674e-01 9.223415e-01
0.900000 23.775000 8.758083569361e-01 -2.384401651803e-01 9.076861e-01
0.900000 23.800000 8.591881772785e-01 -2.409083602419e-01 8.923235e-01
0.900000 23.825000 8.421512516544e-01 -2.422573954514e-01 8.763032e-01
0.900000 23.850000 8.248057760700e-01 -2.424187850087e-01 8.596926e-01
0.900000 23.875000 8.072737546214e-01 -2.413392883156e-01 8.425767e-01
0.900000 23.900000 7.896882875126e-01 -2.389838030968e-01 8.250581e-01
0.900000 23.925000 7.721902559931e-01 -2.353377141274e-01 8.072556e-01
0.900000 23.950000 7.549245203434e-01 -2.304085717576e-01 7.893029e-01
0.900000 23.975000 7.380357738063e-01 -2.242269999995e-01 7.713459e-01
0.900000 24.000000 7.216642163755e-01 -2.168467654704e-01 7.535395e-01
0.900000 24.025000 7.059412261936e-01 -2.083439746617e-01 7.360436e-01
0.900000 24.050000 6.909852118417e-01 -1.988154061011e-01 7.190189e-01
0.900000 24.075000 6.768978253596e-01 -1.883760240059e-01 7.026209e-01
0.900000 24.100000 6.637607032471e-01 -1.771557587927e-01 6.869952e-01
0.900000 24.125000 6.516328813737e-01 -1.652956751065e-01 6.722708e-01
0.900000 24.150000 6.405490006553e-01 -1.529436777742e-01 6.585551e-01
0.900000 24.175000 6.305183850616e-01 -1.402499284916e-01 6.459284e-01
0.900000 24.200000 6.215250339410e-01 -1.273621597699e-01 6.344403e-01
0.900000 24.225000 6.135285290577e-01 -1.144210769093e-01 6.241069e-01
0.900000 24.250000 6.064658154888e-01 -1.015560333628e-01 6.149101e-01
0.900000 24.275000 6.002537769831e-01 -8.888115024976e-02 6.067985e-01
0.900000 24.300000 5.947924926122e-01 -7.649202803314e-02 5.996909e-01
0.900000 24.325000 5.899690343053e-01 -6.446316901136e-02 5.934804e-01
0.900000 24.350000 5.856616453547e-01 -5.284619518340e-02 5.880411e-01
0.900000 24.375000 5.817441289088e-01 -4.166890931324e-02 5.832345e-01
0.900000 24.400000 5.780902729188e-01 -3.093520974557e-02 5.789174e-01
0.900000 24.425000 5.745781435633e-01 -2.062583369032e-02 5.749482e-01
0.900000 24.450000 5.710940919636e-01 -1.069987100876e-02 5.711943e-01
0.900000 24.475000 5.675363378279e-01 -1.096962349039e-03 5.675374e-01
0.900000 24.500000 5.638180171129e-01 8.259927242153e-03 5.638785e-01
0.900000 24.525000 5.598696073946e-01 1.746128483840e-02 5.601418e-01
0.900000 24.550000 5.556406729639e-01 2.660751244656e-02 5.562774e-01
0.900000 24.575000 5.511009003690e-01 3.580521682038e-02 5.522628e-01
0.900000 24.600000 5.462404231070e-01 4.516346586824e-02 5.481043e-01
0.900000 24.625000 5.410694604390e-01 5.479014503309e-02 5.438365e-01
0.900000 24.650000 5.356173191452e-01 6.478853630101e-02 5.395215e-01
0.900000 24.675000 5.299308278128e-01 7.525422795195e-02 5.352475e-01
0.900000 24.700000 5.240722905144e-01 8.627244545582e-02 5.311259e-01
0.900000 24.725000 5.181170600891e-01 9.791587373449e-02 5.272882e-01
0.900000 24.750000 5.121508403798e-01 1.102430190708e-01 5.238817e-01
0.900000 24.775000 5.062668314855e-01 1.232971359851e-01 5.210646e-01
0.900000 24.800000 5.005628322057e-01 1.371057212637e-01 5.190001e-01
0.900000 24.825000 4.951384093971e-01 1.516805548547e-01 5.178504e-01
0.900000 24.850000 4.900922350892e-01 1.670182465101e-01 5.177697e-01
0.900000 24.875000 4.855196792923e-01 1.831012287412e-01 5.188983e-01
0.900000 24.900000 4.815107301123e-01 1.998991217643e-01 5.213562e-01
0.900000 24.925000 4.781482938906e-01 2.173703853592e-01 5.252387e-01
0.900000 24.950000 4.755069076905e-01 2.354641664690e-01 5.306130e-01
0.900000 24.975000 4.736518757394e-01 2.541222501398e-01 5.375167e-01
0.900000 25.000000 4.726388216456e-01 2.732810249298e-01 5.459579e-01
0.900000 25.025000 4.725136305217e-01 2.928733817172e-01 5.559172e-01
0.900000 25.050000 4.733127405508e-01 3.128304761041e-01 5.673516e-01
0.900000 25.075000 4.750637327227e-01 3.330832982841e-01 5.801983e-01
0.900000 25.100000 4.777861607955e-01 3.535640090964e-01 5.943796e-01
0.900000 25.125000 4.814925609253e-01 3.742070157702e-01 6.098081e-01
0.900000 25.150000 4.861895814047e-01 3.949497744605e-01 6.263910e-01
0.900000 25.175000 4.918791767608e-01 4.157333181810e-01 6.440336e-01
0.900000 25.200000 4.985598160946e-01 4.365025176328e-01 6.626434e-01
0.900000 25.225000 5.062276618678e-01 4.572060885452e-01 6.821318e-01
0.900000 25.250000 5.148776813572e-01 4.777963627840e-01 7.024161e-01
0.900000 25.275000 5.245046578483e-01 4.982288422348e-01 7.234204e-01
0.900000 25.300000 5.351040718503e-01 5.184615552457e-01 7.450763e-01
0.900000 25.325000 5.466728240708e-01 5.384542361658e-01 7.673227e-01
0.900000 25.350000 5.592097719060e-01 5.581673502295e-01 7.901053e-01
0.900000 25.375000 5.727160504907e-01 5.775609894185e-01 8.133759e-01
0.900000 25.400000 5.871951488394e-01 5.965936704173e-01 8.370915e-01
0.900000 25.425000 6.026527124415e-01 6.152210733430e-01 8.612127e-01
0.900000 25.450000 6.190960468598e-01 6.333947691116e-01 8.857025e-01
0.900000 25.475000 6.365333033401e-01 6.510609932323e-01 9.105246e-01
0.900000 25.500000 6.549723376334e-01 6.681595332699e-01 9.356420e-01
0.900000 25.525000 6.744192472536e-01 6.846228048131e-01 9.610149e-01
0.900000 25.550000 6.948766097674e-01 7.003751951153e-01 9.865997e-01
0.900000 25.575000 7.163414645170e-01 7.153327533834e-01 1.012347e+00
0.900000 25.600000 7.388031010338e-01 7.294033011100e-01 1.038200e+00
0.900000 25.625000 7.622407376898e-01 7.424870243801e-01 1.064095e+00
0.900000 25.650000 7.866211920812e-01 7.544775928672e-01 1.089958e+00
0.900000 25.675000 8.118966585584e-01 7.652638278829e-01 1.115708e+00
0.900000 25.700000 8.380027167578e-01 7.747319155156e-01 1.141253e+00
0.900000 25.725000 8.648566968827e-01 7.827681321300e-01 1.166492e+00
0.900000 25.750000 8.923565222532e-01 7.892620200874e-01 1.191316e+00
0.900000 25.775000 9.203801372612e-01 7.941099234003e-01 1.215611e+00
0.900000 25.800000 9.487856097968e-01 7.972187679317e-01 1.239255e+00
0.900000 25.825000 9.774119724333e-01 7.985099503044e-01 1.262122e+00
0.900000 25.850000 1.006080837440e+00 7.979231851251e-01 1.284087e+00
0.900000 25.875000 1.034598788615e+00 7.954201522990e-01 1.305024e+00
0.900000 25.900000 1.062760519585e+00 7.909877855284e-01 1.324810e+00
0.900000 25.925000 1.090352655312e+00 7.846410495440e-01 1.343328e+00
0.900000 25.950000 1.117158162431e+00 7.764250668689e-01 1.360470e+00
0.900000 25.975000 1.142961226240e+00 7.664164743241e-01 1.376138e+00
0.900000 26.000000 1.167552448563e+00 7.547239142105e-01 1.390247e+00
0.900000 26.025000 1.190734202363e+00 7.414875941822e-01 1.402730e+00
0.900000 26.050000 1.212325966495e+00 7.268778821863e-01 1.413537e+00
0.900000 26.075000 1.232169457826e+00 7.110929373907e-01 1.422637e+00
0.900000 26.100000 1.250133378600e+00 6.943554135746e-01 1.430022e+00
0.900000 26.125000 1.266117604367e+00 6.769083068165e-01 1.435708e+00
0.900000 26.150000 1.280056652236e+00 6.590100531947e-01 1.439736e+00
0.900000 26.175000 1.291922290358e+00 6.409290132889e-01 1.442170e+00
0.900000 26.200000 1.301725176951e+00 6.229375071503e-01 1.443101e+00
0.900000 26.225000 1.309515450211e+00 6.053055847272e-01 1.442645e+00
0.900000 26.250000 1.315382227846e+00 5.882947312059e-01 1.440945e+00
0.900000 26.275000 1.319452015482e+00 5.721517132514e-01 1.438162e+00
0.900000 26.300000 1.321886064930e+00 5.571027699205e-01 1.434485e+00
0.900000 26.325000 1.322876764227e+00 5.433483406947e-01 1.430116e+00
0.900000 26.350000 1.322643179409e+00 5.310585028076e-01 1.425275e+00
0.900000 26.375000 1.321425900833e+00 5.203692615442e-01 1.420194e+00
0.900000 26.400000 1.319481372650e+00 5.113798018218e-01 1.415111e+00
0.900000 26.425000 1.317075901035e+00 5.041507689901e-01 1.410268e+00
0.900000 26.450000 1.314479544047e+00 4.987036037389e-01 1.405902e+00
0.900000 26.475000 1.311960082943e+00 4.950209128446e-01 1.402243e+00
0.900000 26.500000 1.309777261905e+00 4.930478168608e-01 1.399504e+00
0.900000 26.525000 1.308177461362e+00 4.926941802107e-01 1.397883e+00
0.900000 26.550000 1.307388941270e+00 4.938376005360e-01 1.397548e+00
0.900000 26.575000 1.307617756894e+00 4.963270140634e-01 1.398644e+00
0.900000 26.600000 1.309044413586e+00 4.999867629219e-01 1.401279e+00
0.900000 26.625000 1.311821291115e+00 5.046209687622e-01 1.405531e+00
0.900000 26.650000 1.316070834904e+00 5.100180639124e-01 1.411439e+00
0.900000 26.675000 1.321884482989e+00 5.159553452457e-01 1.419010e+00
0.900000 26.700000 1.329322275028e+00 5.222034350202e-01 1.428214e+00
0.900000 26.725000 1.338413074135e+00 5.285305550490e-01 1.438991e+00
0.900000 26.750000 1.349155323601e+00 5.347065434801e-01 1.451252e+00
0.900000 26.775000 1.361518258161e+00 5.405065652642e-01 1.464882e+00
0.900000 26.800000 1.375443492190e+00 5.457144865099e-01 1.479746e+00
0.900000 26.825000 1.390846913595e+00 5.501258983436e-01 1.495692e+00
0.900000 26.850000 1.407620820592e+00 5.535507872011e-01 1.512552e+00
0.900000 26.875000 1.425636247494e+00 5.558158558241e-01 1.530154e+00
0.900000 26.900000 1.444745433796e+00 5.567665032609e-01 1.548315e+00
0.900000 26.925000 1.464784397459e+00 5.562684738588e-01 1.566853e+00
0.900000 26.950000 1.485575577917e+00 5.542091857001e-01 1.585586e+00
0.900000 26.975000 1.506930517118e+00 5.504987492543e-01 1.604334e+00
0.900000 27.000000 1.528652548453e+00 5.450706880618e-01 1.622923e+00
0.900000 27.025000 1.550539464405e+00 5.378823755120e-01 1.641186e+00
0.900000 27.050000 1.572386135271e+00 5.289152053249e-01 1.658960e+00
0.900000 27.075000 1.593987054081e+00 5.181745178005e-01 1.676097e+00
0.900000 27.100000 1.615138787598e+00 5.056893085457e-01 1.692452e+00
0.900000 27.125000 1.635642320277e+00 4.915117502064e-01 1.707896e+00
0.900000 27.150000 1.655305287064e+00 4.757165596449e-01 1.722307e+00
0.900000 27.175000 1.673944101336e+00 4.584002419910e-01 1.735575e+00
0.900000 27.200000 1.691385995055e+00 4.396802383156e-01 1.747600e+00
0.900000 27.225000 1.707470997907e+00 4.196939949817e-01 1.758295e+00
0.900000 27.250000 1.722053889446e+00 3.985979601883e-01 1.767583e+00
0.900000 27.275000 1.735006161422e+00 3.765664975531e-01 1.775401e+00
0.900000 27.300000 1.746218025505e+00 3.537906890110e-01 1.781697e+00
0.900000 27.325000 1.755600493493e+00 3.304769815244e-01 1.786434e+00
0.900000 27.350000 1.763087542744e+00 3.068456160678e-01 1.789590e+00
0.900000 27.375000 1.768638359148e+00 2.831287651483e-01 1.791157e+00
0.900000 27.400000 1.772239624659e+00 2.595682987451e-01 1.791147e+00
0.900000 27.425000 1.773907787764e+00 2.364130996836e-01 1.789592e+00
0.900000 27.450000 1.773691225521e+00 2.139158593108e-01 1.786544e+00
0.900000 27.475000 1.771672177487e+00 1.923293034611e-01 1.782081e+00
0.900000 27.500000 1.767968307730e+00 1.719018269158e-01 1.776306e+00
0.900000 27.525000 1.762733733923e+00 1.528725508721e-01 1.769350e+00
0.900000 27.550000 1.756159354645e+00 1.354658605662e-01 1.761376e+00
0.900000 27.575000 1.748472309530e+00 1.198855266634e-01 1.752578e+00
0.900000 27.600000 1.739934423034e+00 1.063085612544e-01 1.743179e+00
0.900000 27.625000 1.730839511810e+00 9.487900383793e-02 1.733438e+00
0.900000 27.650000 1.721509477543e+00 8.570187090103e-02 1.723641e+00
0.900000 27.675000 1.712289160021e+00 7.883753112325e-02 1.714103e+00
0.900000 27.700000 1.703539986819e+00 7.429678369268e-02 1.705159e+00
0.900000 27.725000 1.695632522866e+00 7.203691723923e-02 1.697162e+00
0.900000 27.750000 1.688938091303e+00 7.195900987246e-02 1.690470e+00
0.900000 27.775000 1.683819701925e+00 7.390669625103e-02 1.685441e+00
0.900000 27.800000 1.680622580428e+00 7.766657624231e-02 1.682416e+00
0.900000 27.825000 1.679664636179e+00 8.297037355332e-02 1.681713e+00
0.900000 27.850000 1.681227234368e+00 8.949887499130e-02 1.683608e+00
0.900000 27.875000 1.685546646981e+00 9.688759606349e-02 1.688329e+00
0.900000 27.900000 1.692806544399e+00 1.047340316351e-01 1.696043e+00
0.900000 27.925000 1.703131854947e+00 1.126062670106e-01 1.706850e+00
0.900000 27.950000 1.716584264646e+00 1.200526508088e-01 1.720777e+00
0.900000 27.975000 1.733159556469e+00 1.266121717860e-01 1.737778e+00
0.900000 28.000000 1.752786901750e+00 1.318251418314e-01 1.757737e+00
0.900000 28.025000 1.775330121475e+00 1.352437700487e-01 1.780474e+00
0.900000 28.050000 1.800590838164e+00 1.364422198530e-01 1.805753e+00
0.900000 28.075000 1.828313346614e+00 1.350257722995e-01 1.833293e+00
0.900000 28.100000 1.858190950181e+00 1.306387724923e-01 1.862778e+00
0.900000 28.125000 1.889873444276e+00 1.229711082392e-01 1.893870e+00
0.900000 28.150000 1.922975384732e+00 1.117630559545e-01 1.926220e+00
0.900000 28.175000 1.957084758488e+00 9.680842197343e-02 1.959478e+00
0.900000 28.200000 1.991771678495e+00 7.795600112191e-02 1.993297e+00
0.900000 28.225000 2.026596752971e+00 5.510946187928e-02 2.027346e+00
0.900000 28.250000 2.061118827943e+00 2.822584265749e-02 2.061312e+00
0.900000 28.275000 2.094901867178e+00 -2.687098361983e-03 2.094904e+00
0.900000 28.300000 2.127520809134e+00 -3.757440009622e-02 2.127853e+00
0.900000 28.325000 2.158566320370e+00 -7.633798727970e-02 2.159916e+00
0.900000 28.350000 2.187648442349e+00 -1.188410428179e-01 2.190874e+00
0.900000 28.375000 2.214399198131e+00 -1.649124017574e-01 2.220531e+00
0.900000 28.400000 2.238474282151e+00 -2.143507468595e-01 2.248714e+00
0.900000 28.425000 2.259553996919e+00 -2.669284387299e-01 2.275266e+00
0.900000 28.450000 2.277343623376e+00 -3.223948719714e-01 2.300051e+00
0.900000 28.475000 2.291573416912e+00 -3.804793074554e-01 2.322945e+00
0.900000 28.500000 2.301998410375e+00 -4.408931846282e-01 2.343839e+00
0.900000 28.525000 2.308398181755e+00 -5.033319628292e-01 2.362635e+00
0.900000 28.550000 2.310576711433e+00 -5.674765742129e-01 2.379242e+00
0.900000 28.575000 2.308362416216e+00 -6.329945917603e-01 2.393579e+00
0.900000 28.600000 2.301608408971e+00 -6.995412241794e-01 2.405568e+00
0.900000 28.625000 2.290192997167e+00 -7.667602465847e-01 2.415141e+00
0.900000 28.650000 2.274020403839e+00 -8.342849640100e-01 2.422230e+00
0.900000 28.675000 2.253021672117e+00 -9.017392868800e-01 2.426776e+00
0.900000 28.700000 2.227155700252e+00 -9.687389765649e-01 2.428719e+00
0.900000 28.725000 2.196410347570e+00 -1.034893097842e+00 2.428008e+00
0.900000 28.750000 2.160803551914e+00 -1.099805695776e+00 2.424592e+00
0.900000 28.775000 2.120384404216e+00 -1.163077698800e+00 2.418425e+00
0.900000 28.800000 2.075234133881e+00 -1.224309038403e+00 2.409467e+00
0.900000 28.825000 2.025466967985e+00 -1.283100968948e+00 2.397679e+00
0.900000 28.850000 1.971230836157e+00 -1.339058568211e+00 2.383029e+00
0.900000 28.875000 1.912707900513e+00 -1.391793399410e+00 2.365489e+00
0.900000 28.900000 1.850114895375e+00 -1.440926317672e+00 2.345036e+00
0.900000 28.925000 1.783703264677e+00 -1.486090407194e+00 2.321651e+00
0.900000 28.950000 1.713759085977e+00 -1.526934038835e+00 2.295321e+00
0.900000 28.975000 1.640602769310e+00 -1.563124041069e+00 2.266039e+00
0.900000 29.000000 1.564588516907e+00 -1.594348979888e+00 2.233805e+00
0.900000 29.025000 1.486103526403e+00 -1.620322545045e+00 2.198624e+00
0.900000 29.050000 1.405566915572e+00 -1.640787041153e+00 2.160509e+00
0.900000 29.075000 1.323428340711e+00 -1.655516982133e+00 2.119481e+00
0.900000 29.100000 1.240166273422e+00 -1.664322786092e+00 2.075568e+00
0.900000 29.125000 1.156285891712e+00 -1.667054564127e+00 2.028809e+00
0.900000 29.150000 1.072316531117e+00 -1.663605989791e+00 1.979254e+00
0.900000 29.175000 9.888086308416e-01 -1.653918224971e+00 1.926963e+00
0.900000 29.200000 9.063300998440e-01 -1.637983861683e+00 1.872011e+00
0.900000 29.225000 8.254620203081e-01 -1.615850817014e+00 1.814487e+00
0.900000 29.250000 7.467936034469e-01 -1.587626090227e+00 1.754496e+00
0.900000 29.275000 6.709163176974e-01 -1.553479257597e+00 1.692166e+00
0.900000 29.300000 5.984171247718e-01 -1.513645543837e+00 1.627644e+00
0.900000 29.325000 5.298707868481e-01 -1.468428272051e+00 1.561104e+00
0.900000 29.350000 4.658312496821e-01 -1.418200460858e+00 1.492746e+00
0.900000 29.375000 4.068221615402e-01 -1.363405312571e+00 1.422806e+00
0.900000 29.400000 3.533266549367e-01 -1.304555324726e+00 1.351556e+00
0.900000 29.425000 3.057765938114e-01 -1.242229763738e+00 1.279310e+00
0.900000 29.450000 2.645415679478e-01 -1.177070267346e+00 1.206431e+00
0.900000 29.475000 2.299179926866e-01 -1.109774394161e+00 1.133341e+00
0.900000 29.500000 2.021187380496e-01 -1.041087013966e+00 1.060525e+00
0.900000 29.525000 1.812637597913e-01 -9.717895292212e-01 9.885502e-01
0.900000 29.550000 1.673722287810e-01 -9.026870318426e-01 9.180726e-01
0.900000 29.575000 1.603566490327e-01 -8.345936228223e-01 8.498593e-01
0.900000 29.600000 1.600194153122e-01 -7.683162470634e-01 7.848032e-01
0.900000 29.625000 1.660521879051e-01 -7.046375121928e-01 7.239388e-01
0.900000 29.650000 1.780383571418e-01 -6.442980583467e-01 6.684442e-01
0.900000 29.675000 1.954587389641e-01 -5.879791169281e-01 6.196157e-01
0.900000 29.700000 2.177004931073e-01 -5.362859328970e-01 5.787885e-01
0.900000 29.725000 2.440690973892e-01 -4.897327225143e-01 5.471817e-01
0.900000 29.750000 2.738030562937e-01 -4.487297950448e-01 5.256677e-01
0.900000 29.775000 3.060908808480e-01 -4.135733844913e-01 5.145236e-01
0.900000 29.800000 3.400897601435e-01 -3.844386210913e-01 5.132778e-01
0.900000 29.825000 3.749452612448e-01 -3.613759300379e-01 5.207461e-01
0.900000 29.850000 4.098113494562e-01 -3.443109868553e-01 5.352526e-01
0.900000 29.875000 4.438700174892e-01 -3.330481964481e-01 5.549249e-01
0.900000 29.900000 4.763498490103e-01 -3.272775075772e-01 5.779444e-01
0.900000 29.925000 5.065429150667e-01 -3.265842369659e-01 6.026964e-01
0.900000 29.950000 5.338195038167e-01 -3.304614660718e-01 6.278280e-01
0.900000 29.975000 5.576403056465e-01 -3.383244947161e-01 6.522470e-01
0.900000 30.000000 5.775658068223e-01 -3.495267920802e-01 6.750935e-01
0.900000 30.025000 5.932627749900e-01 -3.633768765873e-01 6.957036e-01
0.900000 30.050000 6.045078397578e-01 -3.791555784098e-01 7.135746e-01
0.900000 30.075000 6.111882738320e-01 -3.961331858065e-01 7.283355e-01
0.900000 30.100000 6.133001597687e-01 -4.135860415387e-01 7.397233e-01
0.900000 30.125000 6.109441822567e-01 -4.308122298348e-01 7.475640e-01
0.900000 30.150000 6.043193166749e-01 -4.471460695969e-01 7.517589e-01
0.900000 30.175000 5.937146946949e-01 -4.619711987261e-01 7.522729e-01
0.900000 30.200000 5.794999220661e-01 -4.747320923957e-01 7.491266e-01
0.900000 30.225000 5.621141086607e-01 -4.849439019404e-01 7.423900e-01
0.900000 30.250000 5.420538528345e-01 -4.922005303493e-01 7.321774e-01
0.900000 30.275000 5.198604070465e-01 -4.961808770620e-01 7.186448e-01
0.900000 30.300000 4.961062439142e-01 -4.966531926848e-01 7.019870e-01
0.900000 30.325000 4.713812440348e-01 -4.934774884105e-01 6.824370e-01
0.900000 30.350000 4.462787393582e-01 -4.866059508981e-01 6.602651e-01
0.900000 30.375000 4.213816668187e-01 -4.760813262880e-01 6.357798e-01
0.900000 30.400000 3.972491126577e-01 -4.620332610468e-01 6.093288e-01
0.900000 30.425000 3.744035533186e-01 -4.446726248361e-01 5.813018e-01
0.900000 30.450000 3.533191182280e-01 -4.242838919809e-01 5.521333e-01
0.900000 30.475000 3.344112075233e-01 -4.012157215663e-01 5.223073e-01
0.900000 30.500000 3.180277890109e-01 -3.758699479480e-01 4.923615e-01
0.900000 30.525000 3.044426699637e-01 -3.486892680693e-01 4.628926e-01
0.900000 30.550000 2.938509893743e-01 -3.201439830253e-01 4.345579e-01
0.900000 30.575000 2.863671057345e-01 -2.907182120028e-01 4.080725e-01
0.900000 30.600000 2.820249672853e-01 -2.608960407016e-01 3.841937e-01
0.900000 30.625000 2.807809508880e-01 -2.311480883392e-01 3.636858e-01
0.900000 30.650000 2.825190486461e-01 -2.019189737736e-01 3.472582e-01
0.900000 30.675000 2.870581754964e-01 -1.736161306423e-01 3.354772e-01
0.900000 30.700000 2.941612737439e-01 -1.466003644420e-01 3.286678e-01
0.900000 30.725000 3.035458090254e-01 -1.211784641163e-01 3.268398e-01
0.900000 30.750000 3.148951923899e-01 -9.759808187616e-02 3.296731e-01
0.900000 30.775000 3.278706294036e-01 -7.604498404675e-02 3.365739e-01
0.900000 30.800000 3.421228917168e-01 -5.664266006380e-02 3.467801e-01
0.900000 30.825000 3.573035295187e-01 -3.945416398593e-02 3.594752e-01
0.900000 30.850000 3.730750927771e-01 -2.448596034594e-02 3.738778e-01
0.900000 30.875000 3.891200012290e-01 -1.169346023944e-02 3.892957e-01
0.900000 30.900000 4.051477923533e-01 -9.878692208990e-04 4.051490e-01
0.900000 30.925000 4.209005765871e-01 7.756070897262e-03 4.209720e-01
0.900000 30.950000 4.361566329114e-01 1.469187753140e-02 4.364040e-01
0.900000 30.975000 4.507321787923e-01 1.999307895753e-02 4.511754e-01
0.900000 31.000000 4.644814400527e-01 2.384530534376e-02 4.650931e-01
0.900000 31.025000 4.772952233423e-01 2.643904739431e-02 4.780269e-01
0.900000 31.050000 4.890982525889e-01 2.796334124709e-02 4.898970e-01
0.900000 31.075000 4.998455688205e-01 2.860055976194e-02 5.006631e-01
0.900000 31.100000 5.095183093243e-01 2.852240867665e-02 5.103160e-01
0.900000 31.125000 5.181191780721e-01 2.788714683289e-02 5.188691e-01
0.900000 31.150000 5.256678968694e-01 2.683797769246e-02 5.263526e-01
0.900000 31.175000 5.321968890329e-01 2.550249864779e-02 5.328076e-01
0.900000 31.200000 5.377473985930e-01 2.399304800053e-02 5.382824e-01
0.900000 31.225000 5.423661924577e-01 2.240775850434e-02 5.428289e-01
0.900000 31.250000 5.461029351047e-01 2.083211135414e-02 5.465001e-01
0.900000 31.275000 5.490082693272e-01 1.934078460079e-02 5.493488e-01
0.900000 31.300000 5.511325859127e-01 1.799960334560e-02 5.514264e-01
0.900000 31.325000 5.525254226423e-01 1.686742313801e-02 5.527828e-01
0.900000 31.350000 5.532354005183e-01 1.599780970850e-02 5.534667e-01
0.900000 31.375000 5.533105835450e-01 1.544041427593e-02 5.535260e-01
0.900000 31.400000 5.527991376593e-01 1.524198101879e-02 5.530092e-01
0.900000 31.425000 5.517501636856e-01 1.544695906969e-02 5.519664e-01
0.900000 31.450000 5.502145869653e-01 1.609772327494e-02 5.504500e-01
0.900000 31.475000 5.482460006434e-01 1.723443429478e-02 5.485168e-01
0.900000 31.500000 5.459013783156e-01 1.889458844068e-02 5.462283e-01
0.900000 31.525000 5.432415926850e-01 2.111232068615e-02 5.436517e-01
0.900000 31.550000 5.403316980672e-01 2.391753088259e-02 5.408608e-01
0.900000 31.575000 5.372409543969e-01 2.733490419607e-02 5.379359e-01
0.900000 31.600000 5.340425876295e-01 3.138289331750e-02 5.349639e-01
0.900000 31.625000 5.308132954225e-01 3.607272341218e-02 5.320376e-01
0.900000 31.650000 5.276325174871e-01 4.140747238619e-02 5.292548e-01
0.900000 31.675000 5.245814972240e-01 4.738127002991e-02 5.267169e-01
0.900000 31.700000 5.217421656974e-01 5.397865086923e-02 5.245270e-01
0.900000 31.725000 5.191958813387e-01 6.117408771641e-02 5.227874e-01
0.900000 31.750000 5.170220597531e-01 6.893172623465e-02 5.215970e-01
0.900000 31.775000 5.152967282976e-01 7.720533528930e-02 5.210483e-01
0.900000 31.800000 5.140910402249e-01 8.593848319777e-02 5.212245e-01
0.900000 31.825000 5.134697834543e-01 9.506494581971e-02 5.221959e-01
0.900000 31.850000 5.134899194973e-01 1.045093483181e-01 5.240173e-01
0.900000 31.875000 5.141991886044e-01 1.141880380071e-01 5.267255e-01
0.900000 31.900000 5.156348175015e-01 1.240101807429e-01 5.303374e-01
0.900000 31.925000 5.178223657831e-01 1.338790677631e-01 5.348491e-01
0.900000 31.950000 5.207747457484e-01 1.436936138649e-01 5.402353e-01
0.900000 31.975000 5.244914479078e-01 1.533500216443e-01 5.464499e-01
0.900000 32.000000 5.289580004211e-01 1.627435806120e-01 5.534275e-01
0.900000 32.025000 5.341456853686e-01 1.717705648291e-01 5.610853e-01
0.900000 32.050000 5.400115282334e-01 1.803301886887e-01 5.693254e-01
0.900000 32.075000 5.464985696478e-01 1.883265779654e-01 5.780377e-01
0.900000 32.100000 5.535364208001e-01 1.956707124129e-01 5.871027e-01
0.900000 32.125000 5.610420964253e-01 2.022822970368e-01 5.963945e-01
0.900000 32.150000 5.689211124596e-01 2.080915215005e-01 6.057832e-01
0.900000 32.175000 5.770688296018e-01 2.130406706181e-01 6.151380e-01
0.900000 32.200000 5.853720193792e-01 2.170855531242e-01 6.243289e-01
0.900000 32.225000 5.937106258947e-01 2.201967204341e-01 6.332289e-01
0.900000 32.250000 6.019596940914e-01 2.223604515164e-01 6.417162e-01
0.900000 32.275000 6.099914338200e-01 2.235794840140e-01 6.496748e-01
0.900000 32.300000 6.176773878849e-01 2.238734752101e-01 6.569967e-01
0.900000 32.325000 6.248906712004e-01 2.232791793960e-01 6.635827e-01
0.900000 32.350000 6.315082468943e-01 2.218503308371e-01 6.693431e-01
0.900000 32.375000 6.374132034786e-01 2.196572241785e-01 6.741994e-01
0.900000 32.400000 6.424969950214e-01 2.167859871515e-01 6.780845e-01
0.900000 32.425000 6.466616037650e-01 2.133375442088e-01 6.809436e-01
0.900000 32.450000 6.498215821375e-01 2.094262745382e-01 6.827353e-01
0.900000 32.475000 6.519059290404e-01 2.051783739101e-01 6.834322e-01
0.900000 32.500000 6.528597541393e-01 2.007299370146e-01 6.830215e-01
0.900000 32.525000 6.526456841251e-01 1.962247851053e-01 6.815061e-01
0.900000 32.550000 6.512449669269e-01 1.918120725327e-01 6.789049e-01
0.900000 32.575000 6.486582339094e-01 1.876437145874e-01 6.752538e-01
0.900000 32.600000 6.449058862349e-01 1.838716874242e-01 6.706060e-01
0.900000 32.625000 6.400280796955e-01 1.806452581043e-01 6.650328e-01
0.900000 32.650000 6.340842921273e-01 1.781082084758e-01 6.586239e-01
0.900000 32.675000 6.271524685595e-01 1.763961203161e-01 6.514874e-01
0.900000 32.700000 6.193277510296e-01 1.756337906566e-01 6.437500e-01
0.900000 32.725000 6.107208119535e-01 1.759328454420e-01 6.355567e-01
0.900000 32.750000 6.014558216107e-01 1.773896167225e-01 6.270695e-01
0.900000 32.775000 5.916680912790e-01 1.800833436616e-01 6.184668e-01
0.900000 32.800000 5.815014435540e-01 1.840747510040e-01 6.099405e-01
0.900000 32.825000 5.711053702556e-01 1.894050505859e-01 6.016940e-01
0.900000 32.850000 5.606320459762e-01 1.960954021803e-01 5.939375e-01
0.900000 32.875000 5.502332717639e-01 2.041468596284e-01 5.868838e-01
0.900000 32.900000 5.400574286143e-01 2.135408168466e-01 5.807424e-01
0.900000 32.925000 5.302465242941e-01 2.242399559258e-01 5.757125e-01
0.900000 32.950000 5.209334193673e-01 2.361896861011e-01 5.719766e-01
0.900000 32.975000 5.122393188059e-01 2.493200478538e-01 5.696926e-01
0.900000 33.000000 5.042716138598e-01 2.635480409019e-01 5.689881e-01
0.900000 33.025000 4.971221543991e-01 2.787803185874e-01 5.699552e-01
0.900000 33.050000 4.908660242342e-01 2.949161746285e-01 5.726474e-01
0.900000 33.075000 4.855608805167e-01 3.118507320791e-01 5.770791e-01
0.900000 33.100000 4.812469029499e-01 3.294782295217e-01 5.832276e-01
0.900000 33.125000 4.779473791665e-01 3.476952871140e-01 5.910378e-01
0.900000 33.150000 4.756699295902e-01 3.664040262740e-01 6.004280e-01
0.900000 33.175000 4.744083490421e-01 3.855149126810e-01 6.112978e-01
0.900000 33.200000 4.741450143650e-01 4.049491938963e-01 6.235362e-01
0.900000 33.225000 4.748537787804e-01 4.246408109982e-01 6.370290e-01
0.900000 33.250000 4.765032462260e-01 4.445376785385e-01 6.516664e-01
0.900000 33.275000 4.790602942953e-01 4.646022487621e-01 6.673485e-01
0.900000 33.300000 4.824936944006e-01 4.848113037739e-01 6.839899e-01
0.900000 33.325000 4.867776639909e-01 5.051549521066e-01 7.015226e-01
0.900000 33.350000 4.918951793948e-01 5.256348423932e-01 7.198978e-01
0.900000 33.375000 4.978408799976e-01 5.462616447136e-01 7.390855e-01
0.900000 33.400000 5.046234053774e-01 5.670518875718e-01 7.590735e-01
0.900000 33.425000 5.122670265228e-01 5.880242732221e-01 7.798654e-01
0.900000 33.450000 5.208124596073e-01 6.091956241470e-01 8.014767e-01
0.900000 33.475000 5.303167847460e-01 6.305766370661e-01 8.239313e-01
0.900000 33.500000 5.408524310495e-01 6.521676364901e-01 8.472567e-01
0.900000 33.525000 5.525052311372e-01 6.739545265238e-01 8.714796e-01
0.900000 33.550000 5.653715909261e-01 6.959051368860e-01 8.966209e-01
0.900000 33.575000 5.795548617915e-01 7.179661470274e-01 9.226913e-01
0.900000 33.600000 5.951610400008e-01 7.400607513383e-01 9.496876e-01
0.900000 33.625000 6.122939507812e-01 7.620871998021e-01 9.775893e-01
0.900000 33.650000 6.310500999311e-01 7.839183134924e-01 1.006356e+00
0.900000 33.675000 6.515133933390e-01 8.054020347394e-01 1.035926e+00
0.900000 33.700000 6.737499333945e-01 8.263630295555e-01 1.066215e+00
0.900000 33.725000 6.978031007699e-01 8.466053169924e-01 1.097119e+00
0.900000 33.750000 7.236891205788e-01 8.659158585202e-01 1.128511e+00
0.900000 33.775000 7.513932940906e-01 8.840690021568e-01 1.160246e+00
0.900000 33.800000 7.808670519765e-01 9.008316426119e-01 1.192162e+00
0.900000 33.825000 8.120259538298e-01 9.159689315583e-01 1.224085e+00
0.900000 33.850000 8.447487230311e-01 9.292503523586e-01 1.255829e+00
0.900000 33.875000 8.788773676939e-01 9.404559618045e-01 1.287200e+00
0.900000 33.900000 9.142183993080e-01 9.493825978985e-01 1.317999e+00
0.900000 33.925000 9.505451226010e-01 9.558498571982e-01 1.348030e+00
0.900000 33.950000 9.876009348154e-01 9.597056570940e-01 1.377095e+00
0.900000 33.975000 1.025103541456e+00 9.608312165725e-01 1.405003e+00
0.900000 34.000000 1.062749969785e+00 9.591453121818e-01 1.431572e+00
0.900000 34.025000 1.100222241606e+00 9.546076925148e-01 1.456628e+00
0.900000 34.050000 1.137193553485e+00 9.472215629182e-01 1.480013e+00
0.900000 34.075000 1.173334805267e+00 9.370350807477e-01 1.501582e+00
0.900000 34.100000 1.208321316040e+00 9.241418289157e-01 1.521210e+00
0.900000 34.125000 1.241839569492e+00 9.086802606337e-01 1.538787e+00
0.900000 34.150000 1.273593836861e+00 8.908321304417e-01 1.554228e+00
0.900000 34.175000 1.303312534050e+00 8.708199455997e-01 1.567466e+00
0.900000 34.200000 1.330754178814e+00 8.489034878954e-01 1.578462e+00
0.900000 34.225000 1.355712823291e+00 8.253754694929e-01 1.587199e+00
0.900000 34.250000 1.378022845968e+00 8.005563984866e-01 1.593687e+00
0.900000 34.275000 1.397562995257e+00 7.747887413574e-01 1.597961e+00
0.900000 34.300000 1.414259584570e+00 7.484304815219e-01 1.600087e+00
0.900000 34.325000 1.428088746915e+00 7.218481863842e-01 1.600157e+00
0.900000 34.350000 1.439077666636e+00 6.954097101220e-01 1.598293e+00
0.900000 34.375000 1.447304718323e+00 6.694766757221e-01 1.594644e+00
0.900000 34.400000 1.452898459413e+00 6.443968968535e-01 1.589390e+00
0.900000 34.425000 1.456035444607e+00 6.204969167420e-01 1.582737e+00
0.900000 34.450000 1.456936857558e+00 5.980748555960e-01 1.574915e+00
0.900000 34.475000 1.455863988391e+00 5.773937682668e-01 1.566181e+00
0.900000 34.500000 1.453112623750e+00 5.586757175868e-01 1.556809e+00
0.900000 34.525000 1.449006457749e+00 5.420967642393e-01 1.547090e+00
0.900000 34.550000 1.443889675300e+00 5.277830595181e-01 1.537326e+00
0.900000 34.575000 1.438118901031e+00 5.158082020371e-01 1.527823e+00
0.900000 34.600000 1.432054744363e+00 5.061919832897e-01 1.518885e+00
0.900000 34.625000 1.426053201059e+00 4.989006008303e-01 1.510804e+00
0.900000 34.650000 1.420457190926e+00 4.938483636201e-01 1.503857e+00
0.900000 34.675000 1.415588517848e+00 4.909008544551e-01 1.498291e+00
0.900000 34.700000 1.411740530514e+00 4.898794528291e-01 1.494320e+00
0.900000 34.725000 1.409171739516e+00 4.905670619041e-01 1.492120e+00
0.900000 34.750000 1.408100609511e+00 4.927148294399e-01 1.491816e+00
0.900000 34.775000 1.408701695581e+00 4.960496082891e-01 1.493488e+00
0.900000 34.800000 1.411103233580e+00 5.002818705669e-01 1.497162e+00
0.900000 34.825000 1.415386228599e+00 5.051137731411e-01 1.502817e+00
0.900000 34.850000 1.421585017923e+00 5.102470719275e-01 1.510383e+00
0.900000 34.875000 1.429689219212e+00 5.153905986440e-01 1.519750e+00
0.900000 34.900000 1.439646915361e+00 5.202670450573e-01 1.530771e+00
0.900000 34.925000 1.451368878256e+00 5.246188440955e-01 1.543275e+00
0.900000 34.950000 1.464733597309e+00 5.282129913385e-01 1.557066e+00
0.900000 34.975000 1.479592857242e+00 5.308447105388e-01 1.571939e+00
0.900000 35.000000 1.495777603791e+00 5.323399288358e-01 1.587683e+00
0.900000 35.025000 1.513103845515e+00 5.325565870563e-01 1.604088e+00
0.900000 35.050000 1.531378363247e+00 5.313848641651e-01 1.620953e+00
0.900000 35.075000 1.550404033494e+00 5.287464393134e-01 1.638086e+00
0.900000 35.100000 1.569984615192e+00 5.245929476949e-01 1.655309e+00
0.900000 35.125000 1.589928897094e+00 5.189038061513e-01 1.672464e+00
0.900000 35.150000 1.610054151983e+00 5.116835908361e-01 1.689407e+00
0.900000 35.175000 1.630188890358e+00 5.029591429013e-01 1.706014e+00
0.900000 35.200000 1.650174947015e+00 4.927765606885e-01 1.722181e+00
0.900000 35.225000 1.669868966562e+00 4.811982105941e-01 1.737819e+00
0.900000 35.250000 1.689143376653e+00 4.682998564676e-01 1.752858e+00
0.900000 35.275000 1.707886949607e+00 4.541679722176e-01 1.767243e+00
0.900000 35.300000 1.726005054363e+00 4.388972673672e-01 1.780934e+00
0.900000 35.325000 1.743419691993e+00 4.225884235710e-01 1.793904e+00
0.900000 35.350000 1.760069391203e+00 4.053460140655e-01 1.806142e+00
0.900000 35.375000 1.775909017295e+00 3.872765595825e-01 1.817646e+00
0.900000 35.400000 1.790909521831e+00 3.684866645745e-01 1.828425e+00
0.900000 35.425000 1.805057633250e+00 3.490811770772e-01 1.838502e+00
0.900000 35.450000 1.818355463876e+00 3.291613237216e-01 1.847908e+00
0.900000 35.475000 1.830819988392e+00 3.088227871649e-01 1.856683e+00
0.900000 35.500000 1.842482335082e+00 2.881537147192e-01 1.864879e+00
0.900000 35.525000 1.853386825172e+00 2.672326719405e-01 1.872553e+00
0.900000 35.550000 1.863589698222e+00 2.461265808464e-01 1.879773e+00
0.900000 35.575000 1.873157472448e+00 2.248887066279e-01 1.886609e+00
0.900000 35.600000 1.882164907305e+00 2.035567767674e-01 1.893140e+00
0.900000 35.625000 1.890692559959e+00 1.821513302710e-01 1.899447e+00
0.900000 35.650000 1.898823955341e+00 1.606744008051e-01 1.905610e+00
0.900000 35.675000 1.906642418812e+00 1.391086350341e-01 1.911710e+00
0.900000 35.700000 1.914227648443e+00 1.174169364318e-01 1.917825e+00
0.900000 35.725000 1.921652128059e+00 9.554270599876e-02 1.924026e+00
0.900000 35.750000 1.928977500364e+00 7.341072619688e-02 1.930374e+00
0.900000 35.775000 1.936251030041e+00 5.092870504454e-02 1.936921e+00
0.900000 35.800000 1.943502288858e+00 2.798946619363e-02 1.943704e+00
0.900000 35.825000 1.950740188504e+00 4.473740491818e-03 1.950745e+00
0.900000 35.850000 1.957950472670e+00 -1.974651247851e-02 1.958050e+00
0.900000 35.875000 1.965093759572e+00 -4.480434601483e-02 1.965604e+00
0.900000 35.900000 1.972104201397e+00 -7.083373890711e-02 1.973376e+00
0.900000 35.925000 1.978888800716e+00 -9.796529392841e-02 1.981312e+00
0.900000 35.950000 1.985327398099e+00 -1.263218365200e-01 1.989342e+00
0.900000 35.975000 1.991273322384e+00 -1.560140206794e-01 1.997376e+00
0.900000 36.000000 1.996554677124e+00 -1.871360366070e-01 2.005306e+00
0.900000 36.025000 2.000976224948e+00 -2.197614991823e-01 2.013008e+00
0.900000 36.050000 2.004321826293e+00 -2.539395802099e-01 2.020344e+00
0.900000 36.075000 2.006357389812e+00 -2.896914330083e-01 2.027163e+00
0.900000 36.100000 2.006834297483e+00 -3.270069473918e-01 2.033302e+00
0.900000 36.125000 2.005493276138e+00 -3.658418679889e-01 2.038589e+00
0.900000 36.150000 2.002068696426e+00 -4.061153099378e-01 2.042843e+00
0.900000 36.175000 1.996293287633e+00 -4.477077132378e-01 2.045881e+00
0.900000 36.200000 1.987903259795e+00 -4.904592894506e-01 2.047513e+00
0.900000 36.225000 1.976643821240e+00 -5.341690302507e-01 2.047549e+00
0.900000 36.250000 1.962275068723e+00 -5.785943641050e-01 2.045799e+00
0.900000 36.275000 1.944578208164e+00 -6.234515622780e-01 2.042076e+00
0.900000 36.300000 1.923362037168e+00 -6.684170054810e-01 2.036198e+00
0.900000 36.325000 1.898469587470e+00 -7.131294250726e-01 2.027989e+00
0.900000 36.350000 1.869784788400e+00 -7.571932255324e-01 2.017284e+00
0.900000 36.375000 1.837238974451e+00 -8.001829764743e-01 2.003931e+00
0.900000 36.400000 1.800817024424e+00 -8.416491321653e-01 1.987792e+00
0.900000 36.425000 1.760562889901e+00 -8.811249948072e-01 1.968747e+00
0.900000 36.450000 1.716584250336e+00 -9.181348861768e-01 1.946698e+00
0.900000 36.475000 1.669056023748e+00 -9.522034329920e-01 1.921572e+00
0.900000 36.500000 1.618222467986e+00 -9.828658077127e-01 1.893322e+00
0.900000 36.525000 1.564397629249e+00 -1.009678702084e+00 1.861932e+00
0.900000 36.550000 1.507963932121e+00 -1.032231749569e+00 1.827418e+00
0.900000 36.575000 1.449368758334e+00 -1.050159058879e+00 1.789833e+00
0.900000 36.600000 1.389118927997e+00 -1.063150477838e+00 1.749269e+00
0.900000 36.625000 1.327773074563e+00 -1.070962178150e+00 1.705855e+00
0.900000 36.650000 1.265931990144e+00 -1.073426139831e+00 1.659767e+00
0.900000 36.675000 1.204227106955e+00 -1.070458121014e+00 1.611224e+00
0.900000 36.700000 1.143307369456e+00 -1.062063725468e+00 1.560491e+00
0.900000 36.725000 1.083824835826e+00 -1.048342226373e+00 1.507879e+00
0.900000 36.750000 1.026419422270e+00 -1.029487869816e+00 1.453748e+00
0.900000 36.775000 9.717032652593e-01 -1.005788463025e+00 1.398506e+00
0.900000 36.800000 9.202452213822e-01 -9.776211478145e-01 1.342607e+00
0.900000 36.825000 8.725560489518e-01 -9.454453652874e-01 1.286554e+00
0.900000 36.850000 8.290748175123e-01 -9.097931293519e-01 1.230889e+00
0.900000 36.875000 7.901570695430e-01 -8.712568389424e-01 1.176196e+00
0.900000 36.900000 7.560652126327e-01 -8.304749669302e-01 1.123086e+00
0.900000 36.925000 7.269615510572e-01 -7.881160620556e-01 1.072194e+00
0.900000 36.950000 7.029042751132e-01 -7.448615836341e-01 1.024155e+00
0.900000 36.975000 6.838466180711e-01 -7.013881524552e-01 9.795874e-01
0.900000 37.000000 6.696392686643e-01 -6.583498411512e-01 9.390640e-01
0.900000 37.025000 6.600359970901e-01 -6.163611403172e-01 9.030773e-01
0.900000 37.050000 6.547023207689e-01 -5.759812210980e-01 8.720032e-01
0.900000 37.075000 6.532269091959e-01 -5.377000705858e-01 8.460655e-01
0.900000 37.100000 6.551353118005e-01 -5.019270045933e-01 8.253078e-01
0.900000 37.125000 6.599054950499e-01 -4.689819662162e-01 8.095797e-01
0.900000 37.150000 6.669846005533e-01 -4.390899026247e-01 7.985414e-01
0.900000 37.175000 6.758062888545e-01 -4.123783825846e-01 7.916881e-01
0.900000 37.200000 6.858080166210e-01 -3.888784801070e-01 7.883902e-01
0.900000 37.225000 6.964476089502e-01 -3.685288126743e-01 7.879421e-01
0.900000 37.250000 7.072185325164e-01 -3.511824930457e-01 7.896121e-01
0.900000 37.275000 7.176633464876e-01 -3.366166385567e-01 7.926862e-01
0.900000 37.300000 7.273849020837e-01 -3.245439870039e-01 7.965034e-01
0.900000 37.325000 7.360549725692e-01 -3.146260981656e-01 8.004789e-01
0.900000 37.350000 7.434201167206e-01 -3.064875776230e-01 8.041195e-01
0.900000 37.375000 7.493047033486e-01 -2.997307458321e-01 8.070292e-01
0.900000 37.400000 7.536111453647e-01 -2.939501895605e-01 8.089107e-01
0.900000 37.425000 7.563175028686e-01 -2.887466723362e-01 8.095621e-01
0.900000 37.450000 7.574727105407e-01 -2.837399415389e-01 8.088716e-01
0.900000 37.475000 7.571897613396e-01 -2.785800472316e-01 8.068105e-01
0.900000 37.500000 7.556372337490e-01 -2.729568762165e-01 8.034258e-01
0.900000 37.525000 7.530295827871e-01 -2.666076983993e-01 7.988324e-01
0.900000 37.550000 7.496166263545e-01 -2.593226159423e-01 7.932045e-01
0.900000 37.575000 7.456726501709e-01 -2.509478941403e-01 7.867671e-01
0.900000 37.600000 7.414855294392e-01 -2.413872326314e-01 7.797875e-01
0.900000 37.625000 7.373462269645e-01 -2.306011037535e-01 7.725648e-01
0.900000 37.650000 7.335389794896e-01 -2.186043399716e-01 7.654197e-01
0.900000 37.675000 7.303324301870e-01 -2.054621938099e-01 7.586832e-01
0.900000 37.700000 7.279719088342e-01 -1.912851220056e-01 7.526839e-01
0.900000 37.725000 7.266730050491e-01 -1.762225617276e-01 7.477353e-01
0.900000 37.750000 7.266165261285e-01 -1.604559721804e-01 7.441221e-01
0.900000 37.775000 7.279448810813e-01 -1.441914114748e-01 7.420882e-01
0.900000 37.800000 7.307598871885e-01 -1.276519079975e-01 7.418255e-01
0.900000 37.825000 7.351219553179e-01 -1.110698692217e-01 7.434654e-01
0.900000 37.850000 7.410505752959e-01 -9.467975028245e-02 7.470744e-01
0.900000 37.875000 7.485259927787e-01 -7.871118071364e-02 7.526530e-01
0.900000 37.900000 7.574919440648e-01 -6.338272128709e-02 7.601391e-01
0.900000 37.925000 7.678592949860e-01 -4.889639446836e-02 7.694146e-01
0.900000 37.950000 7.795104142938e-01 -3.543310205794e-02 7.803153e-01
0.900000 37.975000 7.923041008545e-01 -2.314901253846e-02 7.926422e-01
0.900000 38.000000 8.060808775029e-01 -1.217296893211e-02 8.061728e-01
0.900000 38.025000 8.206684626913e-01 -2.604936113363e-03 8.206726e-01
0.900000 38.050000 8.358872341367e-01 5.484524886889e-03 8.359052e-01
0.900000 38.075000 8.515555064573e-01 1.205379833657e-02 8.516408e-01
0.900000 38.100000 8.674944571291e-01 1.708884223871e-02 8.676628e-01
0.900000 38.125000 8.835325516700e-01 2.060100094923e-02 8.837727e-01
0.900000 38.150000 8.995093393220e-01 2.262412205579e-02 8.997938e-01
0.900000 38.175000 9.152785141359e-01 2.321111686978e-02 9.155728e-01
0.900000 38.200000 9.307101626713e-01 2.243011915718e-02 9.309804e-01
0.900000 38.225000 9.456921479337e-01 2.036040772534e-02 9.459113e-01
0.900000 38.250000 9.601306091204e-01 1.708826497380e-02 9.602827e-01
0.900000 38.275000 9.739495876975e-01 1.270294533666e-02 9.740324e-01
0.900000 38.300000 9.870898217856e-01 7.292924496327e-03 9.871168e-01
0.900000 38.325000 9.995067822541e-01 9.425921148564e-04 9.995072e-01
0.900000 38.350000 1.011168054675e+00 -6.270462675127e-03 1.011187e+00
0.900000 38.375000 1.022050200613e+00 -1.427744292384e-02 1.022150e+00
0.900000 38.400000 1.032135258640e+00 -2.301950760809e-02 1.032392e+00
0.900000 38.425000 1.041407068701e+00 -3.244803343077e-02 1.041912e+00
0.900000 38.450000 1.049847621647e+00 -4.252393747418e-02 1.050708e+00
0.900000 38.475000 1.057433647169e+00 -5.321606558679e-02 1.058772e+00
0.900000 38.500000 1.064133656393e+00 -6.449869766011e-02 1.066087e+00
0.900000 38.525000 1.069905648475e+00 -7.634826979794e-02 1.072626e+00
0.900000 38.550000 1.074695672297e+00 -8.873946259609e-02 1.078353e+00
0.900000 38.575000 1.078437404173e+00 -1.016408515938e-01 1.083217e+00
0.900000 38.600000 1.081052860217e+00 -1.150103573103e-01 1.087153e+00
0.900000 38.625000 1.082454308527e+00 -1.287907648246e-01 1.090089e+00
0.900000 38.650000 1.082547383504e+00 -1.429056033560e-01 1.091939e+00
0.900000 38.675000 1.081235335146e+00 -1.572556819065e-01 1.092611e+00
0.900000 38.700000 1.078424273792e+00 -1.717165655719e-01 1.092010e+00
0.900000 38.725000 1.074029199970e+00 -1.861372474548e-01 1.090039e+00
0.900000 38.750000 1.067980544468e+00 -2.003402232411e-01 1.086609e+00
0.900000 38.775000 1.060230890496e+00 -2.141231108493e-01 1.081637e+00
0.900000 38.800000 1.050761512315e+00 -2.272618788924e-01 1.075057e+00
0.900000 38.825000 1.039588346857e+00 -2.395156590814e-01 1.066823e+00
0.900000 38.850000 1.026767019291e+00 -2.506330242915e-01 1.056914e+00
0.900000 38.875000 1.012396571518e+00 -2.603595216871e-01 1.045339e+00
0.900000 38.900000 9.966215938412e-01 -2.684461652734e-01 1.032142e+00
0.900000 38.925000 9.796325324534e-01 -2.746585205689e-01 1.017407e+00
0.900000 38.950000 9.616640352573e-01 -2.787859612149e-01 1.001259e+00
0.900000 38.975000 9.429913007569e-01 -2.806506475959e-01 9.838686e-01
0.900000 39.000000 9.239245030367e-01 -2.801157738248e-01 9.654540e-01
0.900000 39.025000 9.048014733717e-01 -2.770926528822e-01 9.462801e-01
0.900000 39.050000 8.859789186664e-01 -2.715462595356e-01 9.266585e-01
0.900000 39.075000 8.678225420686e-01 -2.634989242759e-01 9.069441e-01
0.900000 39.100000 8.506964959385e-01 -2.530319645192e-01 8.875301e-01
0.900000 39.125000 8.349526374086e-01 -2.402851459761e-01 8.688399e-01
0.900000 39.150000 8.209200692954e-01 -2.254539805537e-01 8.513162e-01
0.900000 39.175000 8.088954332230e-01 -2.087849801434e-01 8.354059e-01
0.900000 39.200000 7.991343786311e-01 -1.905690908586e-01 8.215427e-01
0.900000 39.225000 7.918445638449e-01 -1.711336229957e-01 8.101262e-01
0.900000 39.250000 7.871804582784e-01 -1.508330625539e-01 8.015009e-01
0.900000 39.275000 7.852401140959e-01 -1.300391963590e-01 7.959348e-01
0.900000 39.300000 7.860639681013e-01 -1.091310022882e-01 7.936033e-01
0.900000 39.325000 7.896356274432e-01 -8.848474827939e-02 7.945779e-01
0.900000 39.350000 7.958844928560e-01 -6.846471015377e-02 7.988238e-01
0.900000 39.375000 8.046899868688e-01 -4.941486199282e-02 8.062058e-01
0.900000 39.400000 8.158870867531e-01 -3.165181856928e-02 8.165008e-01
0.900000 39.425000 8.292728165214e-01 -1.545922293929e-02 8.294169e-01
0.900000 39.450000 8.446133308380e-01 -1.083680171953e-03 8.446140e-01
0.900000 39.475000 8.616512262655e-01 1.126775315394e-02 8.617249e-01
0.900000 39.500000 8.801127400953e-01 2.142859846014e-02 8.803736e-01
0.900000 39.525000 8.997145408241e-01 2.927265065172e-02 9.001906e-01
0.900000 39.550000 9.201698726367e-01 3.471254242951e-02 9.208244e-01
0.900000 39.575000 9.411938837510e-01 3.769741731225e-02 9.419485e-01
0.900000 39.600000 9.625080395490e-01 3.820996842173e-02 9.632662e-01
0.900000 39.625000 9.838435905689e-01 3.626309805017e-02 9.845117e-01
0.900000 39.650000 1.004944127762e+00 3.189643385299e-02 1.005450e+00
0.900000 39.675000 1.025567308979e+00 2.517290449268e-02 1.025876e+00
0.900000 39.700000 1.045485878686e+00 1.617553477354e-02 1.045611e+00
0.900000 39.725000 1.064488126084e+00 5.004572303366e-03 1.064500e+00
0.900000 39.750000 1.082377935110e+00 -8.224990980016e-03 1.082409e+00
0.900000 39.775000 1.098974574547e+00 -2.338548436605e-02 1.099223e+00
0.900000 39.800000 1.114112359982e+00 -4.033823143285e-02 1.114842e+00
0.900000 39.825000 1.127640294795e+00 -5.893488032048e-02 1.129179e+00
0.900000 39.850000 1.139421768158e+00 -7.901845975765e-02 1.142158e+00
0.900000 39.875000 1.149334357731e+00 -1.004242376603e-01 1.153713e+00
0.900000 39.900000 1.157269756587e+00 -1.229804577818e-01 1.163786e+00
0.900000 39.925000 1.163133820416e+00 -1.465090207606e-01 1.172325e+00
0.900000 39.950000 1.166846714032e+00 -1.708261613794e-01 1.179285e+00
0.900000 39.975000 1.168343126511e+00 -1.957431566384e-01 1.184627e+00
0.900000 40.000000 1.167572521748e+00 -2.210670820081e-01 1.188317e+00
0.900000 40.025000 1.164499394968e+00 -2.466016183572e-01 1.190324e+00
0.900000 40.050000 1.159103514122e+00 -2.721479013301e-01 1.190624e+00
0.900000 40.075000 1.151380136091e+00 -2.975053995166e-01 1.189195e+00
0.900000 40.100000 1.141340199068e+00 -3.224728079067e-01 1.186021e+00
0.900000 40.125000 1.129010502213e+00 -3.468489484481e-01 1.181088e+00
0.900000 40.150000 1.114433889966e+00 -3.704336788883e-01 1.174387e+00
0.900000 40.175000 1.097669459987e+00 -3.930288228996e-01 1.165912e+00
0.900000 40.200000 1.078792809904e+00 -4.144391468325e-01 1.155662e+00
0.900000 40.225000 1.057896329037e+00 -4.344734193310e-01 1.143640e+00
0.900000 40.250000 1.035089527644e+00 -4.529455976430e-01 1.129854e+00
0.900000 40.275000 1.010499379337e+00 -4.696761872331e-01 1.114318e+00
0.900000 40.300000 9.842706337608e-01 -4.844938182384e-01 1.097052e+00
0.900000 40.325000 9.565660384464e-01 -4.972370729121e-01 1.078083e+00
0.900000 40.350000 9.275663928108e-01 -5.077565826328e-01 1.057448e+00
0.900000 40.375000 8.974703456248e-01 -5.159173920310e-01 1.035193e+00
0.900000 40.400000 8.664938413898e-01 -5.216015625567e-01 1.011375e+00
0.900000 40.425000 8.348691222875e-01 -5.247109600806e-01 9.860670e-01
0.900000 40.450000 8.028432013918e-01 -5.251701428320e-01 9.593544e-01
0.900000 40.475000 7.706757398618e-01 -5.229292393336e-01 9.313410e-01
0.900000 40.500000 7.386362854999e-01 -5.179666831310e-01 9.021491e-01
0.900000 40.525000 7.070008614331e-01 -5.102916541313e-01 8.719219e-01
0.900000 40.550000 6.760479302768e-01 -4.999460670736e-01 8.408251e-01
0.900000 40.575000 6.460537990540e-01 -4.870059475218e-01 8.090490e-01
0.900000 40.600000 6.172875710617e-01 -4.715820457716e-01 7.768099e-01
0.900000 40.625000 5.900057901921e-01 -4.538195596241e-01 7.443514e-01
0.900000 40.650000 5.644469582331e-01 -4.338968678464e-01 7.119458e-01
0.900000 40.675000 5.408261336549e-01 -4.120232163936e-01 6.798941e-01
0.900000 40.700000 5.193298388284e-01 -3.884353474403e-01 6.485256e-01
0.900000 40.725000 5.001115093826e-01 -3.633931146376e-01 6.181958e-01
0.900000 40.750000 4.832877129107e-01 -3.371741838228e-01 5.892821e-01
0.900000 40.775000 4.689353436968e-01 -3.100679732469e-01 5.621766e-01
0.900000 40.800000 4.570899656315e-01 -2.823690375693e-01 5.372741e-01
0.900000 40.825000 4.477454281332e-01 -2.543701416699e-01 5.149564e-01
0.900000 40.850000 4.408548218312e-01 -2.263553003119e-01 4.955701e-01
0.900000 40.875000 4.363327751019e-01 -1.985930749351e-01 4.794012e-01
0.900000 40.900000 4.340590232448e-01 -1.713304173568e-01 4.666491e-01
0.900000 40.925000 4.338831136435e-01 -1.447873309508e-01 4.574035e-01
0.900000 40.950000 4.356300474914e-01 -1.191525833384e-01 4.516314e-01
0.900000 40.975000 4.391066062123e-01 -9.458065246352e-02 4.491771e-01
0.900000 41.000000 4.441080727126e-01 -7.119002318813e-02 4.497777e-01
0.900000 41.025000 4.504250372656e-01 -4.906287842075e-02 4.530893e-01
0.900000 41.050000 4.578499770698e-01 -2.824615234474e-02 4.587204e-01
0.900000 41.075000 4.661833177802e-01 -8.753839043855e-03 4.662655e-01
0.900000 41.100000 4.752387233746e-01 9.429616749997e-03 4.753323e-01
0.900000 41.125000 4.848474148113e-01 2.634507394371e-02 4.855626e-01
0.900000 41.150000 4.948613838971e-01 4.205385872068e-02 4.966451e-01
0.900000 41.175000 5.051554413999e-01 5.663261962776e-02 5.083201e-01
0.900000 41.200000 5.156281119129e-01 7.016815360592e-02 5.203806e-01
0.900000 41.225000 5.262014564673e-01 8.275246022984e-02 5.326687e-01
0.900000 41.250000 5.368199620139e-01 9.447824204096e-02 5.450705e-01
0.900000 41.275000 5.474486803279e-01 1.054350162886e-01 5.575093e-01
0.900000 41.300000 5.580708246800e-01 1.157059427008e-01 5.699394e-01
0.900000 41.325000 5.686850395395e-01 1.253654087625e-01 5.823394e-01
0.900000 41.350000 5.793025471904e-01 1.344773541043e-01 5.947063e-01
0.900000 41.375000 5.899443477176e-01 1.430942641828e-01 6.070505e-01
0.900000 41.400000 6.006386090954e-01 1.512567246430e-01 6.193911e-01
0.900000 41.425000 6.114183368216e-01 1.589934043042e-01 6.317526e-01
0.900000 41.450000 6.223193629858e-01 1.663213276916e-01 6.441616e-01
0.900000 41.475000 6.333786480465e-01 1.732463067821e-01 6.566451e-01
0.900000 41.500000 6.446328495791e-01 1.797634238990e-01 6.692282e-01
0.900000 41.525000 6.561170844045e-01 1.858574899474e-01 6.819330e-01
0.900000 41.550000 6.678637960070e-01 1.915034400305e-01 6.947774e-01
0.900000 41.575000 6.799016386150e-01 1.966666671938e-01 7.077740e-01
0.900000 41.600000 6.922543017784e-01 2.013033300550e-01 7.209293e-01
0.900000 41.625000 7.049392224185e-01 2.053606975273e-01 7.342427e-01
0.900000 41.650000 7.179661617557e-01 2.087776109429e-01 7.477055e-01
0.900000 41.675000 7.313356582352e-01 2.114851491579e-01 7.613001e-01
0.900000 41.700000 7.450374004628e-01 2.134075756468e-01 7.749990e-01
0.900000 41.725000 7.590485924366e-01 2.144636294564e-01 7.887645e-01
0.900000 41.750000 7.733324040204e-01 2.145681966131e-01 8.025475e-01
0.900000 41.775000 7.878366106867e-01 2.136343683304e-01 8.162880e-01
0.900000 41.800000 8.024925273362e-01 2.115758606631e-01 8.299148e-01
0.900000 41.825000 8.172143319641e-01 2.083097405141e-01 8.433458e-01
0.900000 41.850000 8.318988576502e-01 2.037593780473e-01 8.564891e-01
0.900000 41.875000 8.464259081741e-01 1.978575276939e-01 8.692436e-01
0.900000 41.900000 8.606591263058e-01 1.905494301688e-01 8.815005e-01
0.900000 41.925000 8.744474173804e-01 1.817958262770e-01 8.931450e-01
0.900000 41.950000 8.876269067158e-01 1.715757788505e-01 9.040574e-01
0.900000 41.975000 9.000233896878e-01 1.598892102062e-01 9.141152e-01
0.900000 42.000000 9.114552190146e-01 1.467590768769e-01 9.231949e-01
0.900000 42.025000 9.217365651725e-01 1.322331187144e-01 9.311734e-01
0.900000 42.050000 9.306809822487e-01 1.163851337040e-01 9.379299e-01
0.900000 42.075000 9.381052115231e-01 9.931574135447e-02 9.433478e-01
0.900000 42.100000 9.438331568463e-01 8.115260547534e-02 9.473156e-01
0.900000 42.125000 9.476999674481e-01 6.205009147810e-02 9.497291e-01
0.900000 42.150000 9.495561633714e-01 4.218833482526e-02 9.504929e-01
0.900000 42.175000 9.492717349410e-01 2.177169737051e-02 9.495214e-01
0.900000 42.200000 9.467401399282e-01 1.026589027022e-03 9.467407e-01
0.900000 42.225000 9.418821105376e-01 -1.980136441637e-02 9.420902e-01
0.900000 42.250000 9.346491681287e-01 -4.045081847045e-02 9.355241e-01
0.900000 42.275000 9.250267284669e-01 -6.064886903317e-02 9.270128e-01
0.900000 42.300000 9.130366667272e-01 -8.011584911406e-02 9.165449e-01
0.900000 42.325000 8.987392021031e-01 -9.857071083196e-02 9.041285e-01
0.900000 42.350000 8.822339593932e-01 -1.157369063999e-01 8.897931e-01
0.900000 42.375000 8.636600716692e-01 -1.313486440375e-01 8.735910e-01
0.900000 42.400000 8.431952057010e-01 -1.451573559124e-01 8.555985e-01
0.900000 42.425000 8.210534210164e-01 -1.569381786275e-01 8.359176e-01
0.900000 42.450000 7.974818139619e-01 -1.664962160196e-01 8.146768e-01
0.900000 42.475000 7.727559485070e-01 -1.736723326119e-01 7.920315e-01
0.900000 42.500000 7.471741333088e-01 -1.783482169890e-01 7.681649e-01
0.900000 42.525000 7.210506663363e-01 -1.804504599593e-01 7.432876e-01
0.900000 42.550000 6.947082301058e-01 -1.799534138986e-01 7.176369e-01
0.900000 42.575000 6.684696779296e-01 -1.768806372505e-01 6.914756e-01
0.900000 42.600000 6.426495001391e-01 -1.713047806469e-01 6.650892e-01
0.900000 42.625000 6.175452950259e-01 -1.633458361515e-01 6.387833e-01
0.900000 42.650000 5.934295889533e-01 -1.531677452782e-01 6.128777e-01
0.900000 42.675000 5.705423514236e-01 -1.409734404026e-01 5.877007e-01
0.900000 42.700000 5.490845327626e-01 -1.269984731171e-01 5.635800e-01
0.900000 42.725000 5.292129147452e-01 -1.115034569283e-01 5.408321e-01
0.900000 42.750000 5.110365095230e-01 -9.476561556538e-02 5.197488e-01
0.900000 42.775000 4.946146725174e-01 -7.706977770149e-02 5.005831e-01
0.900000 42.800000 4.799570144522e-01 -5.869919060493e-02 4.835332e-01
0.900000 42.825000 4.670251112272e-01 -3.992653676415e-02 4.687287e-01
0.900000 42.850000 4.557359231690e-01 -2.100552785881e-02 4.562198e-01
0.900000 42.875000 4.459667527371e-01 -2.163419978287e-03 4.459720e-01
0.900000 42.900000 4.375614971747e-01 1.640525546058e-02 4.378689e-01
0.900000 42.925000 4.303378943566e-01 3.454351594735e-02 4.317221e-01
0.900000 42.950000 4.240954197368e-01 5.213515506648e-02 4.272880e-01
0.900000 42.975000 4.186234721033e-01 6.910630405664e-02 4.242892e-01
0.900000 43.000000 4.137094866953e-01 8.542534403081e-02 4.224370e-01
0.900000 43.025000 4.091466355138e-01 1.011012658672e-01 4.214528e-01
0.900000 43.050000 4.047408143550e-01 1.161806463286e-01 4.210856e-01
0.900000 43.075000 4.003166709521e-01 1.307434670873e-01 4.211262e-01
0.900000 43.100000 3.957224943675e-01 1.448980448576e-01 4.214163e-01
0.900000 43.125000 3.908338575681e-01 1.587753639003e-01 4.218539e-01
0.900000 43.150000 3.855559778036e-01 1.725231063214e-01 4.223951e-01
0.900000 43.175000 3.798248280608e-01 1.862996618095e-01 4.230537e-01
0.900000 43.200000 3.736070930836e-01 2.002683690037e-01 4.238982e-01
0.900000 43.225000 3.668991117689e-01 2.145921988728e-01 4.250468e-01
0.900000 43.250000 3.597249818070e-01 2.294290403693e-01 4.266612e-01
0.900000 43.275000 3.521340212075e-01 2.449276946095e-01 4.289382e-01
0.900000 43.300000 3.441977850712e-01 2.612246303049e-01 4.321000e-01
0.900000 43.325000 3.360068261128e-01 2.784415041049e-01 4.363832e-01
0.900000 43.350000 3.276673664648e-01 2.966834081250e-01 4.420260e-01
0.900000 43.375000 3.192980193802e-01 3.160377755167e-01 4.492562e-01
0.900000 43.400000 3.110266661464e-01 3.365738546112e-01 4.582789e-01
0.900000 43.425000 3.029875593902e-01 3.583426529844e-01 4.692664e-01
0.900000 43.450000 2.953186922237e-01 3.813772537099e-01 4.823502e-01
0.900000 43.475000 2.881594459822e-01 4.056934152167e-01 4.976173e-01
0.900000 43.500000 2.816485094373e-01 4.312903810718e-01 5.151090e-01
0.900000 43.525000 2.759220502164e-01 4.581518438806e-01 5.348234e-01
0.900000 43.550000 2.711121146415e-01 4.862470255698e-01 5.567207e-01
0.900000 43.575000 2.673452344208e-01 5.155318521248e-01 5.807293e-01
0.900000 43.600000 2.647412259561e-01 5.459502124391e-01 6.067533e-01
0.900000 43.625000 2.634121784129e-01 5.774352970727e-01 6.346791e-01
0.900000 43.650000 2.634616378607e-01 6.099110129350e-01 6.643820e-01
0.900000 43.675000 2.649840044890e-01 6.432934645288e-01 6.957320e-01
0.900000 43.700000 2.680641662166e-01 6.774924824242e-01 7.285976e-01
0.900000 43.725000 2.727773934570e-01 7.124131666516e-01 7.628499e-01
0.900000 43.750000 2.791895155231e-01 7.479573986353e-01 7.983652e-01
0.900000 43.775000 2.873573889728e-01 7.840252622579e-01 8.350269e-01
0.900000 43.800000 2.973296525856e-01 8.205163046634e-01 8.727267e-01
0.900000 43.825000 3.091477437389e-01 8.573305623270e-01 9.113660e-01
0.900000 43.850000 3.228471283302e-01 8.943692791036e-01 9.508558e-01
0.900000 43.875000 3.384586730694e-01 9.315352513275e-01 9.911166e-01
0.900000 43.900000 3.560100671449e-01 9.687327508311e-01 1.032079e+00
0.900000 43.925000 3.755271822181e-01 1.005866999610e+00 1.073680e+00
0.900000 43.950000 3.970352475315e-01 1.042843198804e+00 1.115867e+00
0.900000 43.975000 4.205597125020e-01 1.079565148066e+00 1.158590e+00
0.900000 44.000000 4.461266739018e-01 1.115933527182e+00 1.201806e+00
0.900000 44.025000 4.737627594729e-01 1.151843947461e+00 1.245470e+00
0.900000 44.050000 5.034943847596e-01 1.187184913146e+00 1.289540e+00
0.900000 44.075000 5.353463345086e-01 1.221835860095e+00 1.333971e+00
0.900000 44.100000 5.693396628419e-01 1.255665457428e+00 1.378711e+00
0.900000 44.125000 6.054889554240e-01 1.288530365292e+00 1.423702e+00
0.900000 44.150000 6.437990491754e-01 1.320274636426e+00 1.468878e+00
0.900000 44.175000 6.842613572923e-01 1.350729929592e+00 1.514161e+00
0.900000 44.200000 7.268499955640e-01 1.379716668948e+00 1.559464e+00
0.900000 44.225000 7.715179462124e-01 1.407046235757e+00 1.604687e+00
0.900000 44.250000 8.181935238417e-01 1.432524219516e+00 1.649717e+00
0.900000 44.275000 8.667774211662e-01 1.455954687557e+00 1.694434e+00
0.900000 44.300000 9.171406073707e-01 1.477145359620e+00 1.738708e+00
0.900000 44.325000 9.691233277892e-01 1.495913501579e+00 1.782402e+00
0.900000 44.350000 1.022535409931e+00 1.512092285812e+00 1.825377e+00
0.900000 44.375000 1.077158019182e+00 1.525537310074e+00 1.867494e+00
0.900000 44.400000 1.132746930720e+00 1.536132927075e+00 1.908617e+00
0.900000 44.425000 1.189037296756e+00 1.543798017565e+00 1.948621e+00
0.900000 44.450000 1.245749795719e+00 1.548490843403e+00 1.987389e+00
0.900000 44.475000 1.302597958885e+00 1.550212645055e+00 2.024826e+00
0.900000 44.500000 1.359296386866e+00 1.549009699630e+00 2.060854e+00
0.900000 44.525000 1.415569499710e+00 1.544973628409e+00 2.095419e+00
0.900000 44.550000 1.471160415754e+00 1.538239832405e+00 2.128496e+00
0.900000 44.575000 1.525839529842e+00 1.528984035101e+00 2.160088e+00
0.900000 44.600000 1.579412363634e+00 1.517417016097e+00 2.190228e+00
0.900000 44.625000 1.631726289594e+00 1.503777720776e+00 2.218981e+00
0.900000 44.650000 1.682675784250e+00 1.488325021890e+00 2.246444e+00
0.900000 44.675000 1.732205941502e+00 1.471328482931e+00 2.272740e+00
0.900000 44.700000 1.780314067744e+00 1.453058525183e+00 2.298020e+00
0.900000 44.725000 1.827049280661e+00 1.433776427258e+00 2.322461e+00
0.900000 44.750000 1.872510135639e+00 1.413724586558e+00 2.346255e+00
0.900000 44.775000 1.916840400517e+00 1.393117447391e+00 2.369610e+00
0.900000 44.800000 1.960223184704e+00 1.372133453464e+00 2.392744e+00
0.900000 44.825000 2.002873697123e+00 1.350908317497e+00 2.415876e+00
0.900000 44.850000 2.045030955735e+00 1.329529823699e+00 2.439221e+00
0.900000 44.875000 2.086948797749e+00 1.308034295787e+00 2.462988e+00
0.900000 44.900000 2.128886544409e+00 1.286404780451e+00 2.487367e+00
0.900000 44.925000 2.171099659396e+00 1.264570919064e+00 2.512531e+00
0.900000 44.950000 2.213830708608e+00 1.242410413616e+00 2.538628e+00
0.900000 44.975000 2.257300885786e+00 1.219751939274e+00 2.565775e+00
0.900000 45.000000 2.301702317529e+00 1.196379317326e+00 2.594062e+00
0.900000 45.025000 2.347191307363e+00 1.172036738690e+00 2.623543e+00
0.900000 45.050000 2.393882625586e+00 1.146434818531e+00 2.654239e+00
0.900000 45.075000 2.441844902833e+00 1.119257264912e+00 2.686139e+00
0.900000 45.100000 2.491097142809e+00 1.090167956142e+00 2.719197e+00
0.900000 45.125000 2.541606334674e+00 1.058818239921e+00 2.753336e+00
0.900000 45.150000 2.593286118380e+00 1.024854289984e+00 2.788451e+00
0.900000 45.175000 2.645996436481e+00 9.879243804458e-01 2.824410e+00
0.900000 45.200000 2.699544092853e+00 9.476859629387e-01 2.861057e+00
0.900000 45.225000 2.753684131301e+00 9.038124557072e-01 2.898216e+00
0.900000 45.250000 2.808121944468e+00 8.559996764671e-01 2.935691e+00
0.900000 45.275000 2.862516025019e+00 8.039718716024e-01 2.973276e+00
0.900000 45.300000 2.916481276274e+00 7.474873128725e-01 3.010747e+00
0.900000 45.325000 2.969592808116e+00 6.863434487984e-01 3.047876e+00
0.900000 45.350000 3.021390155588e+00 6.203816107251e-01 3.084424e+00
0.900000 45.375000 3.071381871949e+00 5.494912824262e-01 3.120149e+00
0.900000 45.400000 3.119050463921e+00 4.736139461473e-01 3.154804e+00
0.900000 45.425000 3.163857653582e+00 3.927465163712e-01 3.188141e+00
0.900000 45.450000 3.205249966748e+00 3.069443648433e-01 3.219913e+00
0.900000 45.475000 3.242664659995e+00 2.163239265805e-01 3.249872e+00
0.900000 45.500000 3.275536005233e+00 1.210648575477e-01 3.277773e+00
0.900000 45.525000 3.303301950022e+00 2.141169212322e-02 3.303371e+00
0.900000 45.550000 3.325411162072e+00 -8.232507503949e-02 3.326430e+00
0.900000 45.575000 3.341330446826e+00 -1.897685793680e-01 3.346715e+00
0.900000 45.600000 3.350552498442e+00 -3.004759609039e-01 3.363999e+00
0.900000 45.625000 3.352603908513e+00 -4.139396409623e-01 3.378061e+00
0.900000 45.650000 3.347053316859e+00 -5.295896126432e-01 3.388692e+00
0.900000 45.675000 3.333519548950e+00 -6.467968367833e-01 3.395688e+00
0.900000 45.700000 3.311679549935e+00 -7.648778007442e-01 3.398861e+00
0.900000 45.725000 3.281275900999e+00 -8.831002508760e-01 3.398034e+00
0.900000 45.750000 3.242123694193e+00 -1.000690054144e+00 3.393044e+00
0.900000 45.775000 3.194116550365e+00 -1.116839085470e+00 3.383742e+00
0.900000 45.800000 3.137231592348e+00 -1.230713981168e+00 3.369997e+00
0.900000 45.825000 3.071533231353e+00 -1.341465552284e+00 3.351693e+00
0.900000 45.850000 2.997175684813e+00 -1.448238621046e+00 3.328732e+00
0.900000 45.875000 2.914404212990e+00 -1.550182034047e+00 3.301033e+00
0.900000 45.900000 2.823555131812e+00 -1.646458620169e+00 3.268530e+00
0.900000 45.925000 2.725054721980e+00 -1.736254899684e+00 3.231177e+00
0.900000 45.950000 2.619417200758e+00 -1.818790410343e+00 3.188941e+00
0.900000 45.975000 2.507241945599e+00 -1.893326590587e+00 3.141806e+00
0.900000 46.000000 2.389210152579e+00 -1.959175240312e+00 3.089772e+00
0.900000 46.025000 2.266081075664e+00 -2.015706655469e+00 3.032853e+00
0.900000 46.050000 2.138687926741e+00 -2.062357592813e+00 2.971078e+00
0.900000 46.075000 2.007933427070e+00 -2.098639254807e+00 2.904494e+00
0.900000 46.100000 1.874784897784e+00 -2.124145483662e+00 2.833163e+00
0.900000 46.125000 1.740268672701e+00 -2.138561312602e+00 2.757169e+00
0.900000 46.150000 1.605463525234e+00 -2.141671941091e+00 2.676616e+00
0.900000 46.175000 1.471492736824e+00 -2.133372083026e+00 2.591634e+00
0.900000 46.200000 1.339514409963e+00 -2.113675492040e+00 2.502383e+00
0.900000 46.225000 1.210709654191e+00 -2.082724309340e+00 2.409058e+00
0.900000 46.250000 1.086268353465e+00 -2.040797723642e+00 2.311890e+00
0.900000 46.275000 9.673723576449e-01 -1.988319297897e+00 2.211159e+00
0.900000 46.300000 8.551761229388e-01 -1.925862221618e+00 2.107195e+00
0.900000 46.325000 7.507850437644e-01 -1.854151706288e+00 2.000389e+00
0.900000 46.350000 6.552319542964e-01 -1.774063766112e+00 1.891198e+00
0.900000 46.375000 5.694525112953e-01 -1.686619723103e+00 1.780158e+00
0.900000 46.400000 4.942603782774e-01 -1.592975943241e+00 1.667893e+00
0.900000 46.425000 4.303232929836e-01 -1.494408541386e+00 1.555132e+00
0.900000 46.450000 3.781411966015e-01 -1.392293072176e+00 1.442730e+00
0.900000 46.475000 3.380276203002e-01 -1.288079532129e+00 1.331695e+00
0.900000 46.500000 3.100954549413e-01 -1.183263310708e+00 1.223222e+00
0.900000 46.525000 2.942480733714e-01 -1.079353019410e+00 1.118743e+00
0.900000 46.550000 2.901765394117e-01 -9.778363731653e-01 1.019984e+00
0.900000 46.575000 2.973633386822e-01 -8.801454755857e-01 9.290215e-01
0.900000 46.600000 3.150927250039e-01 -7.876229523393e-01 8.483121e-01
0.900000 46.625000 3.424674177313e-01 -7.014903755610e-01 7.806233e-01
0.900000 46.650000 3.784310373474e-01 -6.228203249636e-01 7.287765e-01
0.900000 46.675000 4.217953556996e-01 -5.525132446719e-01 6.951131e-01
0.900000 46.700000 4.712711870945e-01 -4.912799927857e-01 6.807735e-01
0.900000 46.725000 5.255015755282e-01 -4.396306635895e-01 6.851474e-01
0.900000 46.750000 5.830958533004e-01 -3.978699149136e-01 7.059046e-01
0.900000 46.775000 6.426631609131e-01 -3.660986822240e-01 7.396244e-01
0.900000 46.800000 7.028441234044e-01 -3.442218330725e-01 7.826101e-01
0.900000 46.825000 7.623395624586e-01 -3.319610343296e-01 8.314804e-01
0.900000 46.850000 8.199353690459e-01 -3.288718891206e-01 8.834312e-01
0.900000 46.875000 8.745229458305e-01 -3.343642632961e-01 9.362638e-01
0.900000 46.900000 9.251149278332e-01 -3.477246680033e-01 9.883067e-01
0.900000 46.925000 9.708561795717e-01 -3.681395936137e-01 1.038310e+00
0.900000 46.950000 1.011030325170e+00 -3.947187921202e-01 1.085350e+00
0.900000 46.975000 1.045062276840e+00 -4.265176657092e-01 1.128748e+00
0.900000 47.000000 1.072517374330e+00 -4.625581200178e-01 1.168013e+00
0.900000 47.025000 1.093097827400e+00 -5.018474609898e-01 1.202794e+00
0.900000 47.050000 1.106637165342e+00 -5.433951334813e-01 1.232852e+00
0.900000 47.075000 1.113093348516e+00 -5.862272988983e-01 1.258030e+00
0.900000 47.100000 1.112541097956e+00 -6.293994126080e-01 1.278238e+00
0.900000 47.125000 1.105163865148e+00 -6.720070786665e-01 1.293438e+00
0.900000 47.150000 1.091245711953e+00 -7.131955238064e-01 1.303635e+00
0.900000 47.175000 1.071163217133e+00 -7.521680442080e-01 1.308873e+00
0.900000 47.200000 1.045377386762e+00 -7.881937419038e-01 1.309222e+00
0.900000 47.225000 1.014425433853e+00 -8.206147913963e-01 1.304786e+00
0.900000 47.250000 9.789122170840e-01 -8.488533728784e-01 1.295693e+00
0.900000 47.275000 9.395010946670e-01 -8.724182896622e-01 1.282098e+00
0.900000 47.300000 8.969039580192e-01 -8.909111676920e-01 1.264183e+00
0.900000 47.325000 8.518702577948e-01 -9.040320270743e-01 1.242158e+00
0.900000 47.350000 8.051749154822e-01 -9.115839301465e-01 1.216261e+00
0.900000 47.375000 7.576051181849e-01 -9.134763557304e-01 1.186762e+00
0.900000 47.400000 7.099461118289e-01 -9.097269297319e-01 1.153961e+00
0.900000 47.425000 6.629662278651e-01 -9.004611596636e-01 1.118193e+00
0.900000 47.450000 6.174014899882e-01 -8.859098734052e-01 1.079824e+00
0.900000 47.475000 5.739402411238e-01 -8.664041462488e-01 1.039261e+00
0.900000 47.500000 5.332082994460e-01 -8.423676085259e-01 9.969425e-01
0.900000 47.525000 4.957551901824e-01 -8.143061509455e-01 9.533455e-01
0.900000 47.550000 4.620420045697e-01 -7.827951774134e-01 9.089836e-01
0.900000 47.575000 4.324314080026e-01 -7.484646866970e-01 8.644052e-01
0.900000 47.600000 4.071802578751e-01 -7.119825863817e-01 8.201920e-01
0.900000 47.625000 3.864352014406e-01 -6.740367476207e-01 7.769541e-01
0.900000 47.650000 3.702315103824e-01 -6.353163909345e-01 7.353219e-01
0.900000 47.675000 3.584952780267e-01 -5.964934470451e-01 6.959334e-01
0.900000 47.700000 3.510489643473e-01 -5.582045593352e-01 6.594147e-01
0.900000 47.725000 3.476201305908e-01 -5.210343846637e-01 6.263518e-01
0.900000 47.750000 3.478530669888e-01 -4.855008072894e-01 5.972544e-01
0.900000 47.775000 3.513228907807e-01 -4.520426085687e-01 5.725123e-01
0.900000 47.800000 3.575515841376e-01 -4.210100364139e-01 5.523519e-01
0.900000 47.825000 3.660253581075e-01 -3.926585981019e-01 5.368010e-01
0.900000 47.850000 3.762126737042e-01 -3.671462639068e-01 5.256732e-01
0.900000 47.875000 3.875822276026e-01 -3.445341240260e-01 5.185786e-01
0.900000 47.900000 3.996202188246e-01 -3.247903947345e-01 5.149613e-01
0.900000 47.925000 4.118462538047e-01 -3.077975291139e-01 5.141563e-01
0.900000 47.950000 4.238273180795e-01 -2.933620602613e-01 5.154521e-01
0.900000 47.975000 4.351893396404e-01 -2.812266970998e-01 5.181488e-01
0.900000 48.000000 4.456259863740e-01 -2.710841101751e-01 5.216024e-01
0.900000 48.025000 4.549044714497e-01 -2.625917910826e-01 5.252547e-01
0.900000 48.050000 4.628682787114e-01 -2.553873466422e-01 5.286490e-01
0.900000 48.075000 4.694368575217e-01 -2.491035979661e-01 5.314354e-01
0.900000 48.100000 4.746024656883e-01 -2.433828935855e-01 5.333692e-01
0.900000 48.125000 4.784244534349e-01 -2.378901114848e-01 5.343048e-01
0.900000 48.150000 4.810213753332e-01 -2.323239123816e-01 5.341872e-01
0.900000 48.175000 4.825613866750e-01 -2.264259098964e-01 5.330424e-01
0.900000 48.200000 4.832514236879e-01 -2.199875357290e-01 5.309675e-01
0.900000 48.225000 4.833256828099e-01 -2.128544927721e-01 5.281200e-01
0.900000 48.250000 4.830339042674e-01 -2.049287997835e-01 5.247071e-01
0.900000 48.275000 4.826299322630e-01 -1.961685321296e-01 5.209738e-01
0.900000 48.300000 4.823609722336e-01 -1.865854497001e-01 5.171907e-01
0.900000 48.325000 4.824578997054e-01 -1.762407722625e-01 5.136404e-01
0.900000 48.350000 4.831269004127e-01 -1.652394126444e-01 5.106032e-01
0.900000 48.375000 4.845426426258e-01 -1.537230090334e-01 5.083427e-01
0.900000 48.400000 4.868431046085e-01 -1.418621104317e-01 5.070908e-01
0.900000 48.425000 4.901261065744e-01 -1.298478659811e-01 5.070346e-01
0.900000 48.450000 4.944475302554e-01 -1.178835521997e-01 5.083059e-01
0.900000 48.475000 4.998211520071e-01 -1.061762451659e-01 5.109741e-01
0.900000 48.500000 5.062199680948e-01 -9.492891035475e-02 5.150438e-01
0.900000 48.525000 5.135788534391e-01 -8.433314386957e-02 5.204568e-01
0.900000 48.550000 5.217983670735e-01 -7.456275745564e-02 5.270988e-01
0.900000 48.575000 5.307494979711e-01 -6.576835759441e-02 5.348089e-01
0.900000 48.600000 5.402791326958e-01 -5.807302729192e-02 5.433912e-01
0.900000 48.625000 5.502160205995e-01 -5.156917855855e-02 5.526274e-01
0.900000 48.650000 5.603770122861e-01 -4.631660440202e-02 5.622878e-01
0.900000 48.675000 5.705733523408e-01 -4.234172165366e-02 5.721423e-01
0.900000 48.700000 5.806168176643e-01 -3.963796037864e-02 5.819683e-01
0.900000 48.725000 5.903255080684e-01 -3.816722239809e-02 5.915581e-01
0.900000 48.750000 5.995291160315e-01 -3.786230119745e-02 6.007235e-01
0.900000 48.775000 6.080735274933e-01 -3.863012905191e-02 6.092994e-01
0.900000 48.800000 6.158246348344e-01 -4.035569554636e-02 6.171455e-01
0.900000 48.825000 6.226712759589e-01 -4.290646580296e-02 6.241478e-01
0.900000 48.850000 6.285272485186e-01 -4.613711752258e-02 6.302183e-01
0.900000 48.875000 6.333323843107e-01 -4.989441397074e-02 6.352947e-01
0.900000 48.900000 6.370527040529e-01 -5.402203545074e-02 6.393391e-01
0.900000 48.925000 6.396797053380e-01 -5.836520425477e-02 6.423368e-01
0.900000 48.950000 6.412288649722e-01 -6.277495670151e-02 6.442943e-01
0.900000 48.975000 6.417374597858e-01 -6.711193932495e-02 6.452371e-01
0.900000 49.000000 6.412618265143e-01 -7.124963290870e-02 6.452079e-01
0.900000 49.025000 6.398741911892e-01 -7.507693603709e-02 6.442636e-01
0.900000 49.050000 6.376592019035e-01 -7.850006737960e-02 6.424730e-01
0.900000 49.075000 6.347102966698e-01 -8.144377150382e-02 6.399143e-01
0.900000 49.100000 6.311260315282e-01 -8.385183550448e-02 6.366720e-01
0.900000 49.125000 6.270064845353e-01 -8.568694254884e-02 6.328344e-01
0.900000 49.150000 6.224498401851e-01 -8.692990353072e-02 6.284907e-01
0.900000 49.175000 6.175492473897e-01 -8.757831986890e-02 6.237283e-01
0.900000 49.200000 6.123900332202e-01 -8.764473992489e-02 6.186301e-01
0.900000 49.225000 6.070473445140e-01 -8.715437958993e-02 6.132719e-01
0.900000 49.250000 6.015842799955e-01 -8.614248530915e-02 6.077205e-01
0.900000 49.275000 5.960505660629e-01 -8.465142593010e-02 6.020317e-01
0.900000 49.300000 5.904818188778e-01 -8.272760861121e-02 5.962488e-01
0.900000 49.325000 5.848994226995e-01 -8.041832337410e-02 5.904019e-01
0.900000 49.350000 5.793110385521e-01 -7.776862992522e-02 5.845077e-01
0.900000 49.375000 5.737117375991e-01 -7.481840778216e-02 5.785697e-01
0.900000 49.400000 5.680857299781e-01 -7.159969483884e-02 5.725800e-01
0.900000 49.425000 5.624086328884e-01 -6.813443849329e-02 5.665208e-01
0.900000 49.450000 5.566501928065e-01 -6.443277570564e-02 5.603669e-01
0.900000 49.475000 5.507773478424e-01 -6.049194266689e-02 5.540893e-01
0.900000 49.500000 5.447574899831e-01 -5.629589066022e-02 5.476586e-01
0.900000 49.525000 5.385617660549e-01 -5.181565259715e-02 5.410486e-01
0.900000 49.550000 5.321682433624e-01 -4.701046598424e-02 5.342406e-01
0.900000 49.575000 5.255647633494e-01 -4.182961502858e-02 5.272267e-01
0.900000 49.600000 5.187513157799e-01 -3.621491028609e-02 5.200139e-01
0.900000 49.625000 5.117417872992e-01 -3.010368224904e-02 5.126265e-01
0.900000 49.650000 5.045649711428e-01 -2.343212924014e-02 5.051088e-01
0.900000 49.675000 4.972647673117e-01 -1.613883335041e-02 4.975266e-01
0.900000 49.700000 4.898995518280e-01 -8.168243684005e-03 4.899676e-01
0.900000 49.725000 4.825407459433e-01 5.260743689955e-04 4.825410e-01
0.900000 49.750000 4.752706672221e-01 9.978611185236e-03 4.753754e-01
0.900000 49.775000 4.681797899899e-01 2.020966603875e-02 4.686158e-01
0.900000 49.800000 4.613635788979e-01 3.122380188080e-02 4.624189e-01
0.900000 49.825000 4.549190832561e-01 4.300907478600e-02 4.569476e-01
0.900000 49.850000 4.489414894237e-01 5.553705917217e-02 4.523636e-01
0.900000 49.875000 4.435208233398e-01 6.876363803987e-02 4.488197e-01
0.900000 49.900000 4.387389760432e-01 8.263048003850e-02 4.464523e-01
0.900000 49.925000 4.346671939048e-01 9.706708600558e-02 4.453735e-01
0.900000 49.950000 4.313641354517e-01 1.119932597339e-01 4.456652e-01
0.900000 49.975000 4.288745520362e-01 1.273218428962e-01 4.473748e-01
0.900000 50.000000 4.272286043865e-01 1.429615527797e-01 4.505134e-01
0.900000 50.025000 4.264417853503e-01 1.588197728752e-01 4.550564e-01
0.900000 50.050000 4.265153843969e-01 1.748051683707e-01 4.609471e-01
0.900000 50.075000 4.274374042590e-01 1.908300282031e-01 4.681013e-01
0.900000 50.100000 4.291838259156e-01 2.068122689586e-01 4.764138e-01
0.900000 50.125000 4.317201151238e-01 2.226770698470e-01 4.857647e-01
0.900000 50.150000 4.350028708997e-01 2.383581387387e-01 4.960263e-01
0.900000 50.175000 4.389815316974e-01 2.537986339878e-01 5.070686e-01
0.900000 50.200000 4.436000757787e-01 2.689517835408e-01 5.187640e-01
0.900000 50.225000 4.487986752702e-01 2.837812507632e-01 5.309916e-01
0.900000 50.250000 4.545152855394e-01 2.982612957441e-01 5.436395e-01
0.900000 50.275000 4.606871700173e-01 3.123767727932e-01 5.566075e-01
0.900000 50.300000 4.672523733612e-01 3.261229914679e-01 5.698079e-01
0.900000 50.325000 4.741511616631e-01 3.395054522964e-01 5.831666e-01
0.900000 50.350000 4.813274470048e-01 3.525394521264e-01 5.966240e-01
0.900000 50.375000 4.887302057248e-01 3.652495402831e-01 6.101348e-01
0.900000 50.400000 4.963148867805e-01 3.776687975653e-01 6.236683e-01
0.900000 50.425000 5.040447906202e-01 3.898379069733e-01 6.372086e-01
0.900000 50.450000 5.118923824061e-01 4.018039885356e-01 6.507536e-01
0.900000 50.475000 5.198404886086e-01 4.136191804491e-01 6.643154e-01
0.900000 50.500000 5.278833150521e-01 4.253389639446e-01 6.779189e-01
0.900000 50.525000 5.360272190024e-01 4.370202482000e-01 6.916010e-01
0.900000 50.550000 5.442911688126e-01 4.487192522203e-01 7.054090e-01
0.900000 50.575000 5.527068321704e-01 4.604892406933e-01 7.193992e-01
0.900000 50.600000 5.613182476196e-01 4.723781883452e-01 7.336343e-01
0.900000 50.625000 5.701810526365e-01 4.844264604933e-01 7.481814e-01
0.900000 50.650000 5.793612635339e-01 4.966646050527e-01 7.631089e-01
0.900000 50.675000 5.889336260063e-01 5.091113525196e-01 7.784839e-01
0.900000 50.700000 5.989795783153e-01 5.217719153346e-01 7.943692e-01
0.900000 50.725000 6.095848901724e-01 5.346366670310e-01 8.108206e-01
0.900000 50.750000 6.208370578553e-01 5.476802656279e-01 8.278842e-01
0.900000 50.775000 6.328225489059e-01 5.608612661359e-01 8.455943e-01
0.900000 50.800000 6.456239973114e-01 5.741222452367e-01 8.639715e-01
0.900000 50.825000 6.593174521785e-01 5.873904386566e-01 8.830215e-01
0.900000 50.850000 6.739697798215e-01 6.005788698340e-01 9.027349e-01
0.900000 50.875000 6.896363114316e-01 6.135879283282e-01 9.230863e-01
0.900000 50.900000 7.063588168334e-01 6.263073389254e-01 9.440358e-01
0.900000 50.925000 7.241638701277e-01 6.386184481818e-01 9.655293e-01
0.900000 50.950000 7.430616561459e-01 6.503967445544e-01 9.875002e-01
0.900000 50.975000 7.630452484353e-01 6.615145214603e-01 1.009871e+00
0.900000 51.000000 7.840903707080e-01 6.718435895663e-01 1.032556e+00
0.900000 51.025000 8.061556349765e-01 6.812579452309e-01 1.055462e+00
0.900000 51.050000 8.291832315512e-01 6.896363061485e-01 1.078491e+00
0.900000 51.075000 8.531000292145e-01 6.968644326798e-01 1.101544e+00
0.900000 51.100000 8.778190287296e-01 7.028371638838e-01 1.124520e+00
0.900000 51.125000 9.032410999124e-01 7.074601106255e-01 1.147320e+00
0.900000 51.150000 9.292569223142e-01 7.106509639966e-01 1.169848e+00
0.900000 51.175000 9.557490426930e-01 7.123403951834e-01 1.192009e+00
0.900000 51.200000 9.825939593787e-01 7.124725422723e-01 1.213717e+00
0.900000 51.225000 1.009664144824e+00 7.110050995197e-01 1.234889e+00
0.900000 51.250000 1.036829923345e+00 7.079090444134e-01 1.255449e+00
0.900000 51.275000 1.063961131373e+00 7.031680563339e-01 1.275327e+00
0.900000 51.300000 1.090928502310e+00 6.967776966628e-01 1.294459e+00
0.900000 51.325000 1.117604736704e+00 6.887444326026e-01 1.312787e+00
0.900000 51.350000 1.143865240216e+00 6.790845947273e-01 1.330257e+00
0.900000 51.375000 1.169588535487e+00 6.678233604901e-01 1.346820e+00
0.900000 51.400000 1.194656378139e+00 6.549938520282e-01 1.362432e+00
0.900000 51.425000 1.218953630187e+00 6.406364264063e-01 1.377049e+00
0.900000 51.450000 1.242367964329e+00 6.247982202114e-01 1.390630e+00
0.900000 51.475000 1.264789488397e+00 6.075329888481e-01 1.403135e+00
0.900000 51.500000 1.286110389116e+00 5.889012551846e-01 1.414526e+00
0.900000 51.525000 1.306224697230e+00 5.689707539362e-01 1.424763e+00
0.900000 51.550000 1.325028271219e+00 5.478171292545e-01 1.433807e+00
0.900000 51.575000 1.342419084103e+00 5.255248155159e-01 1.441619e+00
0.900000 51.600000 1.358297877669e+00 5.021880074043e-01 1.448159e+00
0.900000 51.625000 1.372569221751e+00 4.779116071116e-01 1.453391e+00
0.900000 51.650000 1.385142984576e+00 4.528120255731e-01 1.457278e+00
0.900000 51.675000 1.395936185667e+00 4.270177124588e-01 1.459788e+00
0.900000 51.700000 1.404875167704e+00 4.006692969045e-01 1.460894e+00
0.900000 51.725000 1.411897990770e+00 3.739192378313e-01 1.460572e+00
0.900000 51.750000 1.416956924053e+00 3.469309085316e-01 1.458810e+00
0.900000 51.775000 1.420020888865e+00 3.198770737293e-01 1.455603e+00
0.900000 51.800000 1.421077694820e+00 2.929377565274e-01 1.450956e+00
0.900000 51.825000 1.420135909642e+00 2.662975350333e-01 1.444888e+00
0.900000 51.850000 1.417226213325e+00 2.401423510326e-01 1.437428e+00
0.900000 51.875000 1.412402108989e+00 2.146559527042e-01 1.428621e+00
0.900000 51.900000 1.405739895201e+00 1.900161268972e-01 1.418524e+00
0.900000 51.925000 1.397337845654e+00 1.663909010233e-01 1.407210e+00
0.900000 51.950000 1.387314589730e+00 1.439349077866e-01 1.394761e+00
0.900000 51.975000 1.375806738120e+00 1.227861061086e-01 1.381275e+00
0.900000 52.000000 1.362965847929e+00 1.030630379646e-01 1.366857e+00
0.900000 52.025000 1.348954867566e+00 8.486277370096e-02 1.351622e+00
0.900000 52.050000 1.333944239636e+00 6.825965909363e-02 1.335690e+00
0.900000 52.075000 1.318107866646e+00 5.330492832802e-02 1.319185e+00
0.900000 52.100000 1.301619157024e+00 4.002719149705e-02 1.302234e+00
0.900000 52.125000 1.284647366185e+00 2.843374712297e-02 1.284962e+00
0.900000 52.150000 1.267354428614e+00 1.851261397966e-02 1.267490e+00
0.900000 52.175000 1.249892442943e+00 1.023512659698e-02 1.249934e+00
0.900000 52.200000 1.232401924989e+00 3.558899422721e-03 1.232407e+00
0.900000 52.225000 1.215010886603e+00 -1.569060772315e-03 1.215012e+00
0.900000 52.250000 1.197834735421e+00 -5.209323500066e-03 1.197846e+00
0.900000 52.275000 1.180976926732e+00 -7.427304390766e-03 1.181000e+00
0.900000 52.300000 1.164530238984e+00 -8.291029661464e-03 1.164560e+00
0.900000 52.325000 1.148578493718e+00 -7.869545538200e-03 1.148605e+00
0.900000 52.350000 1.133198503502e+00 -6.232066528526e-03 1.133216e+00
0.900000 52.375000 1.118462011175e+00 -3.447890768732e-03 1.118467e+00
0.900000 52.400000 1.104437382595e+00 4.129592333107e-04 1.104437e+00
0.900000 52.425000 1.091190834065e+00 5.278480743371e-03 1.091204e+00
0.900000 52.450000 1.078787013662e+00 1.107299180763e-02 1.078844e+00
0.900000 52.475000 1.067288810623e+00 1.771521058607e-02 1.067436e+00
0.900000 52.500000 1.056756334892e+00 2.511636732170e-02 1.057055e+00
0.900000 52.525000 1.047245084900e+00 3.317861613104e-02 1.047771e+00
0.900000 52.550000 1.038803400000e+00 4.179400487905e-02 1.039644e+00
0.900000 52.575000 1.031469368452e+00 5.084423047428e-02 1.032722e+00
0.900000 52.600000 1.025267426539e+00 6.020135548926e-02 1.027033e+00
0.900000 52.625000 1.020204933754e+00 6.972959317805e-02 1.022585e+00
0.900000 52.650000 1.016269038533e+00 7.928818627328e-02 1.019357e+00
0.900000 52.675000 1.013424155620e+00 8.873531603264e-02 1.017302e+00
0.900000 52.700000 1.011610358223e+00 9.793288823979e-02 1.016340e+00
0.900000 52.725000 1.010742945821e+00 1.067519588854e-01 1.016365e+00
0.900000 52.750000 1.010713383872e+00 1.150784905089e-01 1.017244e+00
0.900000 52.775000 1.011391728159e+00 1.228190764599e-01 1.018822e+00
0.900000 52.800000 1.012630549407e+00 1.299062393719e-01 1.020929e+00
0.900000 52.825000 1.014270269081e+00 1.363029052307e-01 1.023388e+00
0.900000 52.850000 1.016145712057e+00 1.420056771927e-01 1.026020e+00
0.900000 52.875000 1.018093583287e+00 1.470465835667e-01 1.028658e+00
0.900000 52.900000 1.019960490823e+00 1.514930500261e-01 1.031150e+00
0.900000 52.925000 1.021611072946e+00 1.554459433063e-01 1.033370e+00
0.900000 52.950000 1.022935748159e+00 1.590356468928e-01 1.035225e+00
0.900000 52.975000 1.023857597134e+00 1.624162517511e-01 1.036660e+00
0.900000 53.000000 1.024337907631e+00 1.657580693121e-01 1.037663e+00
0.900000 53.025000 1.024379966835e+00 1.692387916087e-01 1.038266e+00
0.900000 53.050000 1.024030768620e+00 1.730337265921e-01 1.038547e+00
0.900000 53.075000 1.023380411851e+00 1.773056178330e-01 1.038626e+00
0.900000 53.100000 1.022559094049e+00 1.821946106828e-01 1.038664e+00
0.900000 53.125000 1.021731745133e+00 1.878089468452e-01 1.038849e+00
0.900000 53.150000 1.021090489870e+00 1.942169534293e-01 1.039397e+00
0.900000 53.175000 1.020845265866e+00 2.014408404839e-01 1.040530e+00
0.900000 53.200000 1.021213047240e+00 2.094527346750e-01 1.042471e+00
0.900000 53.225000 1.022406223853e+00 2.181732605271e-01 1.045425e+00
0.900000 53.250000 1.024620754824e+00 2.274728410117e-01 1.049567e+00
0.900000 53.275000 1.028024747525e+00 2.371757346389e-01 1.055029e+00
0.900000 53.300000 1.032748106038e+00 2.470666662514e-01 1.061890e+00
0.900000 53.325000 1.038873845697e+00 2.568997538380e-01 1.070167e+00
0.900000 53.350000 1.046431584895e+00 2.664092941792e-01 1.079812e+00
0.900000 53.375000 1.055393606768e+00 2.753218555503e-01 1.090714e+00
0.900000 53.400000 1.065673738987e+00 2.833690440279e-01 1.102705e+00
0.900000 53.425000 1.077129138990e+00 2.903002669954e-01 1.115563e+00
0.900000 53.450000 1.089564905129e+00 2.958948164035e-01 1.129029e+00
0.900000 53.475000 1.102741272589e+00 2.999726354110e-01 1.142813e+00
0.900000 53.500000 1.116383007380e+00 3.024032124198e-01 1.156615e+00
0.900000 53.525000 1.130190491887e+00 3.031121605644e-01 1.170131e+00
0.900000 53.550000 1.143851909282e+00 3.020851803503e-01 1.183069e+00
0.900000 53.575000 1.157055886806e+00 2.993692584558e-01 1.195157e+00
0.900000 53.600000 1.169503951929e+00 2.950711157923e-01 1.206154e+00
0.900000 53.625000 1.180922190020e+00 2.893530716629e-01 1.215855e+00
0.900000 53.650000 1.191071563652e+00 2.824266278840e-01 1.224098e+00
0.900000 53.675000 1.199756455710e+00 2.745441881851e-01 1.230768e+00
0.900000 53.700000 1.206831122493e+00 2.659894074775e-01 1.235796e+00
0.900000 53.725000 1.212203879345e+00 2.570667087319e-01 1.239162e+00
0.900000 53.750000 1.215838979456e+00 2.480905112870e-01 1.240892e+00
0.900000 53.775000 1.217756276615e+00 2.393746853569e-01 1.241060e+00
0.900000 53.800000 1.218028875866e+00 2.312226879243e-01 1.239782e+00
0.900000 53.825000 1.216779065511e+00 2.239187518336e-01 1.237211e+00
0.900000 53.850000 1.214172885062e+00 2.177204009110e-01 1.233539e+00
0.900000 53.875000 1.210413714734e+00 2.128524581982e-01 1.228986e+00
0.900000 53.900000 1.205735273670e+00 2.095026105759e-01 1.223801e+00
0.900000 53.925000 1.200394389401e+00 2.078184989428e-01 1.218251e+00
0.900000 53.950000 1.194663855244e+00 2.079062249302e-01 1.212620e+00
0.900000 53.975000 1.188825631838e+00 2.098301070183e-01 1.207201e+00
0.900000 54.000000 1.183164580856e+00 2.136134828849e-01 1.202293e+00
0.900000 54.025000 1.177962850111e+00 2.192403404779e-01 1.198191e+00
0.900000 54.050000 1.173494965927e+00 2.266575653850e-01 1.195184e+00
0.900000 54.075000 1.170023635555e+00 2.357776126312e-01 1.193544e+00
0.900000 54.100000 1.167796222854e+00 2.464814421007e-01 1.193525e+00
0.900000 54.125000 1.167041835469e+00 2.586215929870e-01 1.195354e+00
0.900000 54.150000 1.167968950963e+00 2.720253088766e-01 1.199229e+00
0.900000 54.175000 1.170763510494e+00 2.864976568893e-01 1.205308e+00
0.900000 54.200000 1.175587418450e+00 3.018246086015e-01 1.213715e+00
0.900000 54.225000 1.182577400982e+00 3.177760655982e-01 1.224529e+00
0.900000 54.250000 1.191844191519e+00 3.341088183414e-01 1.237789e+00
0.900000 54.275000 1.203472023550e+00 3.505694249462e-01 1.253493e+00
0.900000 54.300000 1.217518417466e+00 3.668969889201e-01 1.271599e+00
0.900000 54.325000 1.234014247587e+00 3.828258051796e-01 1.292032e+00
0.900000 54.350000 1.252964067541e+00 3.980878351993e-01 1.314684e+00
0.900000 54.375000 1.274346658138e+00 4.124149681874e-01 1.339420e+00
0.900000 54.400000 1.298115744159e+00 4.255410282299e-01 1.366086e+00
0.900000 54.425000 1.324200808278e+00 4.372034988228e-01 1.394509e+00
0.900000 54.450000 1.352507915209e+00 4.471449562455e-01 1.424506e+00
0.900000 54.475000 1.382920450606e+00 4.551142305796e-01 1.455884e+00
0.900000 54.500000 1.415299680081e+00 4.608673453774e-01 1.488446e+00
0.900000 54.525000 1.449485045936e+00 4.641683205657e-01 1.521992e+00
0.900000 54.550000 1.485294143308e+00 4.647899540998e-01 1.556319e+00
0.900000 54.575000 1.522522352796e+00 4.625147219616e-01 1.591224e+00
0.900000 54.600000 1.560942150809e+00 4.571359495396e-01 1.626504e+00
0.900000 54.625000 1.600302168674e+00 4.484594071900e-01 1.661952e+00
0.900000 54.650000 1.640326122348e+00 4.363054670833e-01 1.697360e+00
0.900000 54.675000 1.680711781730e+00 4.205119268866e-01 1.732519e+00
0.900000 54.700000 1.721130187038e+00 4.009375595991e-01 1.767213e+00
0.900000 54.725000 1.761225345178e+00 3.774663906117e-01 1.801221e+00
0.900000 54.750000 1.800614647937e+00 3.500126367409e-01 1.834318e+00
0.900000 54.775000 1.838890244008e+00 3.185261725027e-01 1.866273e+00
0.900000 54.800000 1.875621567526e+00 2.829983216754e-01 1.896851e+00
0.900000 54.825000 1.910359177920e+00 2.434677127221e-01 1.925811e+00
0.900000 54.850000 1.942640001858e+00 2.000258899791e-01 1.952911e+00
0.900000 54.875000 1.971993991757e+00 1.528223428466e-01 1.977907e+00
0.900000 54.900000 1.997952131417e+00 1.020686055530e-01 2.000558e+00
0.900000 54.925000 2.020055633594e+00 4.804109194562e-02 2.020627e+00
0.900000 54.950000 2.037866092092e+00 -8.917636812261e-03 2.037886e+00
0.900000 54.975000 2.050976278005e+00 -6.839942029801e-02 2.052117e+00
0.900000 55.000000 2.059021210701e+00 -1.299330407078e-01 2.063117e+00
0.900000 55.025000 2.061689092981e+00 -1.929888529149e-01 2.070702e+00
0.900000 55.050000 2.058731679122e+00 -2.569855050534e-01 2.074709e+00
0.900000 55.075000 2.049973645684e+00 -3.212986568980e-01 2.075000e+00
0.900000 55.100000 2.035320557824e+00 -3.852715104856e-01 2.071464e+00
0.900000 55.125000 2.014765067213e+00 -4.482268818769e-01 2.064022e+00
0.900000 55.150000 1.988391038986e+00 -5.094804691235e-01 2.052625e+00
0.900000 55.175000 1.956375381116e+00 -5.683549130379e-01 2.037261e+00
0.900000 55.200000 1.918987436198e+00 -6.241942069273e-01 2.017952e+00
0.900000 55.225000 1.876585888445e+00 -6.763779906838e-01 1.994759e+00
0.900000 55.250000 1.829613233201e+00 -7.243352641071e-01 1.967777e+00
0.900000 55.275000 1.778587948051e+00 -7.675570736318e-01 1.937142e+00
0.900000 55.300000 1.724094589555e+00 -8.056077644065e-01 1.903025e+00
0.900000 55.325000 1.666772114047e+00 -8.381344437575e-01 1.865636e+00
0.900000 55.350000 1.607300781860e+00 -8.648743696672e-01 1.825219e+00
0.900000 55.375000 1.546388049351e+00 -8.856600556556e-01 1.782052e+00
0.900000 55.400000 1.484753880687e+00 -9.004219676798e-01 1.736449e+00
0.900000 55.425000 1.423115920714e+00 -9.091887754398e-01 1.688752e+00
0.900000 55.450000 1.362174961560e+00 -9.120852058418e-01 1.639335e+00
0.900000 55.475000 1.302601109731e+00 -9.093276264760e-01 1.588599e+00
0.900000 55.500000 1.245021019251e+00 -9.012175582712e-01 1.536968e+00
0.900000 55.525000 1.190006502362e+00 -8.881333759317e-01 1.484889e+00
0.900000 55.550000 1.138064765570e+00 -8.705204999190e-01 1.432828e+00
0.900000 55.575000 1.089630449216e+00 -8.488804130265e-01 1.381265e+00
0.900000 55.600000 1.045059577161e+00 -8.237588473681e-01 1.330687e+00
0.900000 55.625000 1.004625453753e+00 -7.957334842227e-01 1.281587e+00
0.900000 55.650000 9.685164817190e-01 -7.654014911111e-01 1.234449e+00
0.900000 55.675000 9.368358205356e-01 -7.333671901195e-01 1.189743e+00
0.900000 55.700000 9.096027624553e-01 -7.002301121072e-01 1.147911e+00
0.900000 55.725000 8.867556745242e-01 -6.665736468741e-01 1.109349e+00
0.900000 55.750000 8.681563397336e-01 -6.329544537897e-01 1.074396e+00
0.900000 55.775000 8.535955281326e-01 -5.998927548410e-01 1.043310e+00
0.900000 55.800000 8.427996370962e-01 -5.678635961617e-01 1.016258e+00
0.900000 55.825000 8.354382558635e-01 -5.372891376137e-01 9.932959e-01
0.900000 55.850000 8.311325289898e-01 -5.085320145276e-01 9.743645e-01
0.900000 55.875000 8.294642122400e-01 -4.818898115004e-01 9.592855e-01
0.900000 55.900000 8.299853284746e-01 -4.575906939971e-01 9.477684e-01
0.900000 55.925000 8.322283366451e-01 -4.357902567841e-01 9.394238e-01
0.900000 55.950000 8.357167215239e-01 -4.165696651517e-01 9.337841e-01
0.900000 55.975000 8.399758940352e-01 -3.999351808712e-01 9.303266e-01
0.900000 56.000000 8.445442624881e-01 -3.858191749309e-01 9.284996e-01
0.900000 56.025000 8.489842957703e-01 -3.740827286272e-01 9.277458e-01
0.900000 56.050000 8.528933544500e-01 -3.645199096229e-01 9.275246e-01
0.900000 56.075000 8.559140198046e-01 -3.568637775676e-01 9.273298e-01
0.900000 56.100000 8.577436100542e-01 -3.507941239339e-01 9.267042e-01
0.900000 56.125000 8.581425437100e-01 -3.459468840450e-01 9.252502e-01
0.900000 56.150000 8.569411978427e-01 -3.419250790496e-01 9.226381e-01
0.900000 56.175000 8.540449189978e-01 -3.383110569756e-01 9.186115e-01
0.900000 56.200000 8.494368796003e-01 -3.346797116101e-01 9.129915e-01
0.900000 56.225000 8.431785340377e-01 -3.306122734626e-01 9.056790e-01
0.900000 56.250000 8.354075148130e-01 -3.257101963882e-01 8.966565e-01
0.900000 56.275000 8.263329164588e-01 -3.196086140553e-01 8.859886e-01
0.900000 56.300000 8.162280372369e-01 -3.119888185902e-01 8.738222e-01
0.900000 56.325000 8.054207781956e-01 -3.025892237758e-01 8.603853e-01
0.900000 56.350000 7.942820268519e-01 -2.912143191117e-01 8.459845e-01
0.900000 56.375000 7.832124691564e-01 -2.777411981208e-01 8.310006e-01
0.900000 56.400000 7.726283693883e-01 -2.621233510453e-01 8.158819e-01
0.900000 56.425000 7.629469253519e-01 -2.443915424886e-01 8.011337e-01
0.900000 56.450000 7.545718397453e-01 -2.246517404903e-01 7.873037e-01
0.900000 56.475000 7.478797443844e-01 -2.030802153912e-01 7.749617e-01
0.900000 56.500000 7.432080714200e-01 -1.799160743530e-01 7.646751e-01
0.900000 56.525000 7.408448870278e-01 -1.554516304509e-01 7.569784e-01
0.900000 56.550000 7.410210932378e-01 -1.300211147078e-01 7.523415e-01
0.900000 56.575000 7.439052698907e-01 -1.039883178998e-01 7.511382e-01
0.900000 56.600000 7.496012801546e-01 -7.773379131851e-02 7.536210e-01
0.900000 56.625000 7.581486096144e-01 -5.164223950337e-02 7.599054e-01
0.900000 56.650000 7.695252608033e-01 -2.609070361134e-02 7.699674e-01
0.900000 56.675000 7.836528917826e-01 -1.438064648741e-03 7.836542e-01
0.900000 56.700000 8.004037772526e-01 2.198370331962e-02 8.007056e-01
0.900000 56.725000 8.196090901002e-01 4.387622131130e-02 8.207827e-01
0.900000 56.750000 8.410679543882e-01 6.397916144509e-02 8.434979e-01
0.900000 56.775000 8.645567092853e-01 8.207243715887e-02 8.684435e-01
0.900000 56.800000 8.898378465503e-01 9.797622928011e-02 8.952155e-01
0.900000 56.825000 9.166681389422e-01 1.115490721456e-01 9.234304e-01
0.900000 56.850000 9.448055584513e-01 1.226843266528e-01 9.527376e-01
0.900000 56.875000 9.740146851620e-01 1.313054445220e-01 9.828254e-01
0.900000 56.900000 1.004070422625e+00 1.373604766223e-01 1.013423e+00
0.900000 56.925000 1.034759956116e+00 1.408162963975e-01 1.044298e+00
0.900000 56.950000 1.065883008538e+00 1.416529976016e-01 1.075254e+00
0.900000 56.975000 1.097250557864e+00 1.398588858644e-01 1.106128e+00
0.900000 57.000000 1.128682273914e+00 1.354264197286e-01 1.136778e+00
0.900000 57.025000 1.160003005810e+00 1.283493736351e-01 1.167082e+00
0.900000 57.050000 1.191038701296e+00 1.186213986405e-01 1.196931e+00
0.900000 57.075000 1.221612163063e+00 1.062360527235e-01 1.226223e+00
0.900000 57.100000 1.251539044927e+00 9.118826782199e-02 1.254857e+00
0.900000 57.125000 1.280624463031e+00 7.347712151866e-02 1.282731e+00
0.900000 57.150000 1.308660546741e+00 5.310969334931e-02 1.309738e+00
0.900000 57.175000 1.335425184092e+00 3.010571405046e-02 1.335764e+00
0.900000 57.200000 1.360682132385e+00 4.502664680367e-03 1.360690e+00
0.900000 57.225000 1.384182571109e+00 -2.363904582493e-02 1.384384e+00
0.900000 57.250000 1.405668078036e+00 -5.423120012412e-02 1.406714e+00
0.900000 57.275000 1.424874916003e+00 -8.715354427163e-02 1.427538e+00
0.900000 57.300000 1.441539433627e+00 -1.222505244834e-01 1.446714e+00
0.900000 57.325000 1.455404313350e+00 -1.593292394655e-01 1.464100e+00
0.900000 57.350000 1.466225349118e+00 -1.981587819228e-01 1.479555e+00
0.900000 57.375000 1.473778406828e+00 -2.384710563749e-01 1.492947e+00
0.900000 57.400000 1.477866215072e+00 -2.799630705269e-01 1.504150e+00
0.900000 57.425000 1.478324651464e+00 -3.223006105335e-01 1.513050e+00
0.900000 57.450000 1.475028229264e+00 -3.651231326652e-01 1.519547e+00
0.900000 57.475000 1.467894546559e+00 -4.080496405754e-01 1.523555e+00
0.900000 57.500000 1.456887531208e+00 -4.506852728054e-01 1.525004e+00
0.900000 57.525000 1.442019393127e+00 -4.926283021118e-01 1.523845e+00
0.900000 57.550000 1.423351275052e+00 -5.334772475884e-01 1.520042e+00
0.900000 57.575000 1.400992667158e+00 -5.728378214692e-01 1.513580e+00
0.900000 57.600000 1.375099714078e+00 -6.103294722109e-01 1.504460e+00
0.900000 57.625000 1.345872590194e+00 -6.455913396134e-01 1.492703e+00
0.900000 57.650000 1.313552147298e+00 -6.782875008713e-01 1.478341e+00
0.900000 57.675000 1.278416046467e+00 -7.081114523189e-01 1.461427e+00
0.900000 57.700000 1.240774573706e+00 -7.347898339589e-01 1.442026e+00
0.900000 57.725000 1.200966309064e+00 -7.580854568080e-01 1.420216e+00
0.900000 57.750000 1.159353775458e+00 -7.777997319029e-01 1.396092e+00
0.900000 57.775000 1.116319141741e+00 -7.937746211997e-01 1.369762e+00
0.900000 57.800000 1.072260000519e+00 -8.058942330972e-01 1.341345e+00
0.900000 57.825000 1.027585191053e+00 -8.140861694291e-01 1.310980e+00
0.900000 57.850000 9.827105968355e-01 -8.183226987882e-01 1.278817e+00
0.900000 57.875000 9.380548208237e-01 -8.186217870017e-01 1.245025e+00
0.900000 57.900000 8.940346317936e-01 -8.150479645832e-01 1.209794e+00
0.900000 57.925000 8.510600843503e-01 -8.077129589838e-01 1.173330e+00
0.900000 57.950000 8.095292421343e-01 -7.967759723623e-01 1.135865e+00
0.900000 57.975000 7.698224763839e-01 -7.824434489330e-01 1.097654e+00
0.900000 58.000000 7.322963663125e-01 -7.649681541849e-01 1.058978e+00
0.900000 58.025000 6.972772886521e-01 -7.446473844517e-01 1.020145e+00
0.900000 58.050000 6.650548454510e-01 -7.218201408340e-01 9.814898e-01
0.900000 58.075000 6.358753359292e-01 -6.968631358651e-01 9.433746e-01
0.900000 58.100000 6.099355244711e-01 -6.701855524741e-01 9.061843e-01
0.900000 58.125000 5.873769881261e-01 -6.422225390684e-01 8.703227e-01
0.900000 58.150000 5.682813400930e-01 -6.134274972382e-01 8.362039e-01
0.900000 58.175000 5.526666188323e-01 -5.842632942476e-01 8.042413e-01
0.900000 58.200000 5.404851056222e-01 -5.551926055560e-01 7.748309e-01
0.900000 58.225000 5.316227879719e-01 -5.266676578097e-01 7.483326e-01
0.900000 58.250000 5.259006251544e-01 -4.991196954729e-01 7.250462e-01
0.900000 58.275000 5.230776990824e-01 -4.729485309707e-01 7.051883e-01
0.900000 58.300000 5.228562533772e-01 -4.485125565909e-01 6.888702e-01
0.900000 58.325000 5.248885406392e-01 -4.261195954232e-01 6.760813e-01
0.900000 58.350000 5.287853173908e-01 -4.060189486346e-01 6.666823e-01
0.900000 58.375000 5.341257523063e-01 -3.883949588272e-01 6.604097e-01
0.900000 58.400000 5.404684498630e-01 -3.733623565278e-01 6.568909e-01
0.900000 58.425000 5.473632413072e-01 -3.609635921037e-01 6.556685e-01
0.900000 58.450000 5.543633597577e-01 -3.511682820994e-01 6.562301e-01
0.900000 58.475000 5.610375973721e-01 -3.438748208031e-01 6.580373e-01
0.900000 58.500000 5.669820399307e-01 -3.389141283437e-01 6.605539e-01
0.900000 58.525000 5.718309873530e-01 -3.360554291065e-01 6.632676e-01
0.900000 58.550000 5.752666963879e-01 -3.350138816522e-01 6.657072e-01
0.900000 58.575000 5.770276223740e-01 -3.354598160995e-01 6.674535e-01
0.900000 58.600000 5.769148886657e-01 -3.370292790791e-01 6.681463e-01
0.900000 58.625000 5.747967729545e-01 -3.393355414374e-01 6.674878e-01
0.900000 58.650000 5.706110671295e-01 -3.419811909797e-01 6.652429e-01
0.900000 58.675000 5.643652392882e-01 -3.445704124895e-01 6.612389e-01
0.900000 58.700000 5.561344008283e-01 -3.467210504791e-01 6.553632e-01
0.900000 58.725000 5.460571559865e-01 -3.480760568035e-01 6.475611e-01
0.900000 58.750000 5.343294835285e-01 -3.483139452854e-01 6.378327e-01
0.900000 58.775000 5.211968682942e-01 -3.471579084621e-01 6.262306e-01
0.900000 58.800000 5.069449617402e-01 -3.443832967470e-01 6.128565e-01
0.900000 58.825000 4.918891033038e-01 -3.398232166198e-01 5.978584e-01
0.900000 58.850000 4.763630762455e-01 -3.333720704295e-01 5.814282e-01
0.900000 58.875000 4.607075006835e-01 -3.249869340967e-01 5.637978e-01
0.900000 58.900000 4.452582811905e-01 -3.146867480640e-01 5.452364e-01
0.900000 58.925000 4.303355253341e-01 -3.025493784965e-01 5.260464e-01
0.900000 58.950000 4.162333322247e-01 -2.887066868276e-01 5.065587e-01
0.900000 58.975000 4.032108164298e-01 -2.733378228963e-01 4.871268e-01
0.900000 59.000000 3.914846832322e-01 -2.566610266198e-01 4.681187e-01
0.900000 59.025000 3.812236076575e-01 -2.389242819688e-01 4.499069e-01
0.900000 59.050000 3.725445943167e-01 -2.203952117977e-01 4.328551e-01
0.900000 59.075000 3.655114110190e-01 -2.013506301842e-01 4.173017e-01
0.900000 59.100000 3.601351001050e-01 -1.820661783917e-01 4.035411e-01
0.900000 59.125000 3.563764818343e-01 -1.628064603537e-01 3.918037e-01
0.900000 59.150000 3.541504785128e-01 -1.438160636853e-01 3.822377e-01
0.900000 59.175000 3.533320109534e-01 -1.253118038107e-01 3.748954e-01
0.900000 59.200000 3.537631546186e-01 -1.074764641314e-01 3.697290e-01
0.900000 59.225000 3.552611950743e-01 -9.045422763641e-02 3.665958e-01
0.900000 59.250000 3.576271939845e-01 -7.434790923017e-02 3.652736e-01
0.900000 59.275000 3.606546694288e-01 -5.921800828082e-02 3.654840e-01
0.900000 59.300000 3.641380081694e-01 -4.508351274763e-02 3.669183e-01
0.900000 59.325000 3.678802615495e-01 -3.192430499801e-02 3.692628e-01
0.900000 59.350000 3.717000285489e-01 -1.968494992127e-02 3.722209e-01
0.900000 59.375000 3.754371954702e-01 -8.279592251587e-03 3.755285e-01
0.900000 59.400000 3.789573771582e-01 2.402344923787e-03 3.789650e-01
0.900000 59.425000 3.821549842610e-01 1.248998309269e-02 3.823590e-01
0.900000 59.450000 3.849549193354e-01 2.212464948347e-02 3.855902e-01
0.900000 59.475000 3.873129762733e-01 3.145366847901e-02 3.885881e-01
0.900000 59.500000 3.892150779343e-01 4.062453437935e-02 3.913294e-01
0.900000 59.525000 3.906755323895e-01 4.977966359430e-02 3.938342e-01
0.900000 59.550000 3.917345165202e-01 5.905186403883e-02 3.961604e-01
0.900000 59.575000 3.924550060712e-01 6.856059711012e-02 3.983987e-01
0.900000 59.600000 3.929193643780e-01 7.840904825995e-02 4.006665e-01
0.900000 59.625000 3.932257800399e-01 8.868197042585e-02 4.031017e-01
0.900000 59.650000 3.934847101748e-01 9.944422409145e-02 4.058563e-01
0.900000 59.675000 3.938154447462e-01 1.107399109174e-01 4.090891e-01
0.900000 59.700000 3.943428634433e-01 1.225919857119e-01 4.129589e-01
0.900000 59.725000 3.951944142555e-01 1.350022335329e-01 4.176173e-01
0.900000 59.750000 3.964973063201e-01 1.479515131378e-01 4.232018e-01
0.900000 59.775000 3.983758820309e-01 1.614001919390e-01 4.298295e-01
0.900000 59.800000 4.009491168680e-01 1.752887274432e-01 4.375915e-01
0.900000 59.825000 4.043281907333e-01 1.895383818952e-01 4.465491e-01
0.900000 59.850000 4.086140812641e-01 2.040520866133e-01 4.567305e-01
0.900000 59.875000 4.138951460097e-01 2.187154969174e-01 4.681300e-01
0.900000 59.900000 4.202446839345e-01 2.333982949978e-01 4.807082e-01
0.900000 59.925000 4.277184943402e-01 2.479558049835e-01 4.943938e-01
0.900000 59.950000 4.363524796384e-01 2.622309813627e-01 5.090860e-01
0.900000 59.975000 4.461603642840e-01 2.760568193826e-01 5.246584e-01
0.900000 60.000000 4.571316229088e-01 2.892592155994e-01 5.409623e-01
0.900000 60.025000 4.692297242816e-01 3.016602805536e-01 5.578310e-01
0.900000 60.050000 4.823908030472e-01 3.130820761447e-01 5.750837e-01
0.900000 60.075000 4.965228679887e-01 3.233507202906e-01 5.925290e-01
0.900000 60.100000 5.115056443487e-01 3.323007732920e-01 6.099687e-01
0.900000 60.125000 5.271911296713e-01 3.397797959480e-01 6.272008e-01
0.900000 60.150000 5.434049192529e-01 3.456529503031e-01 6.440224e-01
0.900000 60.175000 5.599483303103e-01 3.498075007481e-01 6.602329e-01
0.900000 60.200000 5.766013250818e-01 3.521570663034e-01 6.756358e-01
0.900000 60.225000 5.931262036957e-01 3.526454740822e-01 6.900417e-01
0.900000 60.250000 6.092720089349e-01 3.512500686887e-01 7.032702e-01
0.900000 60.275000 6.247795577692e-01 3.479843420726e-01 7.151522e-01
0.900000 60.300000 6.393869892764e-01 3.428997625842e-01 7.255315e-01
0.900000 60.325000 6.528356956471e-01 3.360867002583e-01 7.342675e-01
0.900000 60.350000 6.648764827163e-01 3.276743674671e-01 7.412363e-01
0.900000 60.375000 6.752757892823e-01 3.178297199447e-01 7.463331e-01
0.900000 60.400000 6.838217810037e-01 3.067552927518e-01 7.494738e-01
0.900000 60.425000 6.903301257718e-01 2.946859788806e-01 7.505968e-01
0.900000 60.450000 6.946492542365e-01 2.818847944885e-01 7.496643e-01
0.900000 60.475000 6.966649128406e-01 2.686377133934e-01 7.466647e-01
0.900000 60.500000 6.963038284394e-01 2.552476931518e-01 7.416134e-01
0.900000 60.525000 6.935363242703e-01 2.420280539544e-01 7.345544e-01
0.900000 60.550000 6.883777571097e-01 2.292954074279e-01 7.255621e-01
0.900000 60.575000 6.808886846535e-01 2.173623626452e-01 7.147418e-01
0.900000 60.600000 6.711737194399e-01 2.065302585806e-01 7.022314e-01
0.900000 60.625000 6.593790790755e-01 1.970821834537e-01 6.882021e-01
0.900000 60.650000 6.456888994031e-01 1.892765399809e-01 6.728594e-01
0.900000 60.675000 6.303204342457e-01 1.833414003439e-01 6.564434e-01
0.900000 60.700000 6.135183187285e-01 1.794698655709e-01 6.392293e-01
0.900000 60.725000 5.955481191732e-01 1.778166019564e-01 6.215274e-01
0.900000 60.750000 5.766894277377e-01 1.784956742268e-01 6.036815e-01
0.900000 60.775000 5.572287815502e-01 1.815797344311e-01 5.860675e-01
0.900000 60.800000 5.374526922505e-01 1.871005608351e-01 5.690888e-01
0.900000 60.825000 5.176410619428e-01 1.950508766314e-01 5.531701e-01
0.900000 60.850000 4.980612361861e-01 2.053873183395e-01 5.387476e-01
0.900000 60.875000 4.789629055645e-01 2.180343722684e-01 5.262551e-01
0.900000 60.900000 4.605740174634e-01 2.328890575822e-01 5.161063e-01
0.900000 60.925000 4.430978024582e-01 2.498261086016e-01 5.086735e-01
0.900000 60.950000 4.267109592550e-01 2.687033981010e-01 5.042656e-01
0.900000 60.975000 4.115629824159e-01 2.893673474435e-01 5.031079e-01
0.900000 61.000000 3.977765619057e-01 3.116580872708e-01 5.053286e-01
0.900000 61.025000 3.854489359267e-01 3.354141620094e-01 5.109536e-01
0.900000 61.050000 3.746540408406e-01 3.604766099263e-01 5.199125e-01
0.900000 61.075000 3.654452755587e-01 3.866922947616e-01 5.320537e-01
0.900000 61.100000 3.578586830230e-01 4.139164119411e-01 5.471651e-01
0.900000 61.125000 3.519163478525e-01 4.420141391352e-01 5.649970e-01
0.900000 61.150000 3.476298158101e-01 4.708614450342e-01 5.852837e-01
0.900000 61.175000 3.450033559138e-01 5.003451097737e-01 6.077603e-01
0.900000 61.200000 3.440369080252e-01 5.303620442029e-01 6.321750e-01
0.900000 61.225000 3.447285858568e-01 5.608180224184e-01 6.582968e-01
0.900000 61.250000 3.470766359415e-01 5.916259624233e-01 6.859180e-01
0.900000 61.275000 3.510807858394e-01 6.227039034281e-01 7.148551e-01
0.900000 61.300000 3.567429485921e-01 6.539728353701e-01 7.449470e-01
0.900000 61.325000 3.640672842625e-01 6.853545368860e-01 7.760514e-01
0.900000 61.350000 3.730596524655e-01 7.167695723833e-01 8.080422e-01
0.900000 61.375000 3.837265213077e-01 7.481355871234e-01 8.408049e-01
0.900000 61.400000 3.960734271402e-01 7.793660214374e-01 8.742343e-01
0.900000 61.425000 4.101031049083e-01 8.103693415308e-01 9.082307e-01
0.900000 61.450000 4.258134293757e-01 8.410488551959e-01 9.426984e-01
0.900000 61.475000 4.431953217455e-01 8.713031468715e-01 9.775435e-01
0.900000 61.500000 4.622307828286e-01 9.010271290643e-01 1.012673e+00
0.900000 61.525000 4.828912117939e-01 9.301136678095e-01 1.047996e+00
0.900000 61.550000 5.051361578578e-01 9.584557007298e-01 1.083420e+00
0.900000 61.575000 5.289126308594e-01 9.859487297695e-01 1.118858e+00
0.900000 61.600000 5.541550659853e-01 1.012493539463e+00 1.154223e+00
0.900000 61.625000 5.807859992270e-01 1.037998968157e+00 1.189434e+00
0.900000 61.650000 6.087174655006e-01 1.062384546148e+00 1.224417e+00
0.900000 61.675000 6.378530834111e-01 1.085582812855e+00 1.259105e+00
0.900000 61.700000 6.680907425352e-01 1.107541135760e+00 1.293442e+00
0.900000 61.725000 6.993257641971e-01 1.128222876809e+00 1.327382e+00
0.900000 61.750000 7.314543682795e-01 1.147607786324e+00 1.360893e+00
0.900000 61.775000 7.643772495487e-01 1.165691548202e+00 1.393955e+00
0.900000 61.800000 7.980030495584e-01 1.182484450672e+00 1.426562e+00
0.900000 61.825000 8.322515058697e-01 1.198009210866e+00 1.458722e+00
0.900000 61.850000 8.670560696118e-01 1.212298035566e+00 1.490454e+00
0.900000 61.875000 9.023658048974e-01 1.225389051165e+00 1.521789e+00
0.900000 61.900000 9.381464179927e-01 1.237322280090e+00 1.552767e+00
0.900000 61.925000 9.743803084656e-01 1.248135375987e+00 1.583433e+00
0.900000 61.950000 1.011065586258e+00 1.257859353835e+00 1.613835e+00
0.900000 61.975000 1.048214054963e+00 1.266514562641e+00 1.644023e+00
0.900000 62.000000 1.085848219636e+00 1.274107146755e+00 1.674042e+00
0.900000 62.025000 1.123997434402e+00 1.280626227279e+00 1.703929e+00
0.900000 62.050000 1.162693358260e+00 1.286042007955e+00 1.733713e+00
0.900000 62.075000 1.201964934512e+00 1.290304971430e+00 1.763408e+00
0.900000 62.100000 1.241833147780e+00 1.293346283047e+00 1.793013e+00
0.900000 62.125000 1.282305840934e+00 1.295079462005e+00 1.822509e+00
0.900000 62.150000 1.323372890329e+00 1.295403315713e+00 1.851860e+00
0.900000 62.175000 1.365002040235e+00 1.294206064579e+00 1.881010e+00
0.900000 62.200000 1.407135684637e+00 1.291370514004e+00 1.909887e+00
0.900000 62.225000 1.449688855809e+00 1.286780061004e+00 1.938402e+00
0.900000 62.250000 1.492548633621e+00 1.280325258238e+00 1.966452e+00
0.900000 62.275000 1.535575127700e+00 1.271910602269e+00 1.993928e+00
0.900000 62.300000 1.578604107553e+00 1.261461169956e+00 2.020712e+00
0.900000 62.325000 1.621451265907e+00 1.248928701313e+00 2.046687e+00
0.900000 62.350000 1.663918001741e+00 1.234296723060e+00 2.071741e+00
0.900000 62.375000 1.705798506694e+00 1.217584327641e+00 2.095772e+00
0.900000 62.400000 1.746887838308e+00 1.198848269918e+00 2.118692e+00
0.900000 62.425000 1.786990573003e+00 1.178183118166e+00 2.140432e+00
0.900000 62.450000 1.825929558591e+00 1.155719295927e+00 2.160950e+00
0.900000 62.475000 1.863554237969e+00 1.131618972387e+00 2.180228e+00
0.900000 62.500000 1.899747998946e+00 1.106069895081e+00 2.198280e+00
0.900000 62.525000 1.934434024762e+00 1.079277401166e+00 2.215147e+00
0.900000 62.550000 1.967579178162e+00 1.051454982332e+00 2.230902e+00
0.900000 62.575000 1.999195548337e+00 1.022813902484e+00 2.245647e+00
0.900000 62.600000 2.029339420813e+00 9.935524657664e-01 2.259505e+00
0.900000 62.625000 2.058107588289e+00 9.638455953979e-01 2.272621e+00
0.900000 62.650000 2.085631095477e+00 9.338354033214e-01 2.285149e+00
0.900000 62.675000 2.112066690677e+00 9.036234020596e-01 2.297251e+00
0.900000 62.700000 2.137586427422e+00 8.732649323629e-01 2.309084e+00
0.900000 62.725000 2.162366007038e+00 8.427662562125e-01 2.320793e+00
0.900000 62.750000 2.186572564430e+00 8.120846016998e-01 2.332505e+00
0.900000 62.775000 2.210352664241e+00 7.811312550950e-01 2.344318e+00
0.900000 62.800000 2.233821285517e+00 7.497775898845e-01 2.356295e+00
0.900000 62.825000 2.257052527216e+00 7.178637183668e-01 2.368462e+00
0.900000 62.850000 2.280072666014e+00 6.852092647212e-01 2.380807e+00
0.900000 62.875000 2.302856048399e+00 6.516256045140e-01 2.393274e+00
0.900000 62.900000 2.325324111789e+00 6.169288072448e-01 2.405771e+00
0.900000 62.925000 2.347347618429e+00 5.809524650345e-01 2.418170e+00
0.900000 62.950000 2.368751967703e+00 5.435595966935e-01 2.430317e+00
0.900000 62.975000 2.389325244253e+00 5.046528819664e-01 2.442038e+00
0.900000 63.000000 2.408828477499e+00 4.641826004833e-01 2.453145e+00
0.900000 63.025000 2.427007446852e+00 4.221518140530e-01 2.463448e+00
0.900000 63.050000 2.443605276904e+00 3.786185258735e-01 2.472763e+00
0.900000 63.075000 2.458375034202e+00 3.336947600803e-01 2.480919e+00
0.900000 63.100000 2.471091563297e+00 2.875427128173e-01 2.487765e+00
0.900000 63.125000 2.481561880633e+00 2.403683153073e-01 2.493176e+00
0.900000 63.150000 2.489633572365e+00 1.924127058195e-01 2.497058e+00
0.900000 63.175000 2.495200804199e+00 1.439422198430e-01 2.499349e+00
0.900000 63.200000 2.498207733423e+00 9.523756921797e-02 2.500022e+00
0.900000 63.225000 2.498649299713e+00 4.658288913529e-02 2.499083e+00
0.900000 63.250000 2.496569546931e+00 -1.744710841609e-03 2.496570e+00
0.900000 63.275000 2.492057779267e+00 -4.948454261524e-02 2.492549e+00
0.900000 63.300000 2.485242971208e+00 -9.640025436289e-02 2.487112e+00
0.900000 63.325000 2.476286924869e+00 -1.422859794037e-01 2.480371e+00
0.900000 63.350000 2.465376697429e+00 -1.869705853957e-01 2.472456e+00
0.900000 63.375000 2.452716807010e+00 -2.303200362345e-01 2.463507e+00
0.900000 63.400000 2.438521672435e+00 -2.722380081392e-01 2.453671e+00
0.900000 63.425000 2.423008658950e+00 -3.126650041095e-01 2.443099e+00
0.900000 63.450000 2.406391998360e+00 -3.515762808945e-01 2.431939e+00
0.900000 63.475000 2.388877739206e+00 -3.889789369920e-01 2.420339e+00
0.900000 63.500000 2.370659771632e+00 -4.249085096300e-01 2.408438e+00
0.900000 63.525000 2.351916872169e+00 -4.594253969305e-01 2.396369e+00
0.900000 63.550000 2.332810633746e+00 -4.926113647753e-01 2.384255e+00
0.900000 63.575000 2.313484091089e+00 -5.245663242438e-01 2.372210e+00
0.900000 63.600000 2.294060823760e+00 -5.554054836332e-01 2.360337e+00
0.900000 63.625000 2.274644318276e+00 -5.852568976364e-01 2.348730e+00
0.900000 63.650000 2.255317394217e+00 -6.142593630284e-01 2.337471e+00
0.900000 63.675000 2.236141542362e+00 -6.425605514003e-01 2.326631e+00
0.900000 63.700000 2.217156079702e+00 -6.703152294047e-01 2.316269e+00
0.900000 63.725000 2.198377089952e+00 -6.976833977956e-01 2.306431e+00
0.900000 63.750000 2.179796182473e+00 -7.248281823738e-01 2.297148e+00
0.900000 63.775000 2.161379161210e+00 -7.519133310382e-01 2.288435e+00
0.900000 63.800000 2.143064743539e+00 -7.791002082898e-01 2.280290e+00
0.900000 63.825000 2.124763503295e+00 -8.065442275435e-01 2.272693e+00
0.900000 63.850000 2.106357230510e+00 -8.343907177204e-01 2.265601e+00
0.900000 63.875000 2.087698902057e+00 -8.627702790667e-01 2.258951e+00
0.900000 63.900000 2.068613443016e+00 -8.917937394583e-01 2.252656e+00
0.900000 63.925000 2.048899429822e+00 -9.215468727702e-01 2.246606e+00
0.900000 63.950000 2.028331845602e+00 -9.520850820831e-01 2.240669e+00
0.900000 63.975000 2.006665948447e+00 -9.834282803423e-01 2.234690e+00
0.900000 64.000000 1.983642257739e+00 -1.015556218136e+00 2.228495e+00
0.900000 64.025000 1.958992605371e+00 -1.048404511888e+00 2.221892e+00
0.900000 64.050000 1.932447140579e+00 -1.081861615952e+00 2.214673e+00
0.900000 64.075000 1.903742122178e+00 -1.115766959432e+00 2.206620e+00
0.900000 64.100000 1.872628282692e+00 -1.149910434089e+00 2.197506e+00
0.900000 64.125000 1.838879507539e+00 -1.184033374800e+00 2.187101e+00
0.900000 64.150000 1.802301541088e+00 -1.217831120639e+00 2.175179e+00
0.900000 64.175000 1.762740411721e+00 -1.250957184782e+00 2.161515e+00
0.900000 64.200000 1.720090261229e+00 -1.283028997680e+00 2.145897e+00
0.900000 64.225000 1.674300270821e+00 -1.313635123013e+00 2.128126e+00
0.900000 64.250000 1.625380396926e+00 -1.342343782874e+00 2.108020e+00
0.900000 64.275000 1.573405664356e+00 -1.368712470503e+00 2.085421e+00
0.900000 64.300000 1.518518811155e+00 -1.392298378835e+00 2.060193e+00
0.900000 64.325000 1.460931136563e+00 -1.412669333876e+00 2.032229e+00
0.900000 64.350000 1.400921468375e+00 -1.429414895876e+00 2.001451e+00
0.900000 64.375000 1.338833235207e+00 -1.442157280116e+00 1.967814e+00
0.900000 64.400000 1.275069699108e+00 -1.450561753505e+00 1.931303e+00
0.900000 64.425000 1.210087470736e+00 -1.454346183003e+00 1.891939e+00
0.900000 64.450000 1.144388489128e+00 -1.453289445688e+00 1.849777e+00
0.900000 64.475000 1.078510697778e+00 -1.447238455789e+00 1.804906e+00
0.900000 64.500000 1.013017685763e+00 -1.436113618039e+00 1.757449e+00
0.900000 64.525000 9.484875856230e-01 -1.419912575458e+00 1.707566e+00
0.900000 64.550000 8.855015283247e-01 -1.398712179177e+00 1.655448e+00
0.900000 64.575000 8.246319508665e-01 -1.372668664336e+00 1.601324e+00
0.900000 64.600000 7.664310360693e-01 -1.342016066099e+00 1.545453e+00
0.900000 64.625000 7.114195396763e-01 -1.307062950997e+00 1.488130e+00
0.900000 64.650000 6.600762306812e-01 -1.268187569980e+00 1.429685e+00
0.900000 64.675000 6.128281403725e-01 -1.225831560525e+00 1.370482e+00
0.900000 64.700000 5.700417872803e-01 -1.180492337395e+00 1.310919e+00
0.900000 64.725000 5.320155216063e-01 -1.132714317276e+00 1.251432e+00
0.900000 64.750000 4.989731153240e-01 -1.083079124755e+00 1.192491e+00
0.900000 64.775000 4.710587131548e-01 -1.032194929250e+00 1.134602e+00
0.900000 64.800000 4.483332539238e-01 -9.806850678536e-01 1.078307e+00
0.900000 64.825000 4.307724689837e-01 -9.291761201947e-01 1.024174e+00
0.900000 64.850000 4.182665611328e-01 -8.782856198478e-01 9.727963e-01
0.900000 64.875000 4.106216598669e-01 -8.286096127220e-01 9.247724e-01
0.900000 64.900000 4.075631330297e-01 -7.807103047409e-01 8.806908e-01
0.900000 64.925000 4.087408076397e-01 -7.351040761242e-01 8.410987e-01
0.900000 64.950000 4.137361116560e-01 -6.922501734500e-01 8.064663e-01
0.900000 64.975000 4.220710930146e-01 -6.525404183391e-01 7.771441e-01
0.900000 65.000000 4.332192035485e-01 -6.162902876889e-01 7.533210e-01
0.900000 65.025000 4.466176564311e-01 -5.837317197981e-01 7.349898e-01
0.900000 65.050000 4.616810813491e-01 -5.550079793902e-01 7.219302e-01
0.900000 65.075000 4.778161179318e-01 -5.301708699193e-01 7.137152e-01
0.900000 65.100000 4.944365121175e-01 -5.091805131089e-01 7.097410e-01
0.900000 65.125000 5.109782193958e-01 -4.919078251725e-01 7.092757e-01
0.900000 65.150000 5.269139799522e-01 -4.781397106529e-01 7.115166e-01
0.900000 65.175000 5.417668190834e-01 -4.675868743980e-01 7.156457e-01
0.900000 65.200000 5.551219453622e-01 -4.598940276142e-01 7.208765e-01
0.900000 65.225000 5.666365700187e-01 -4.546521439061e-01 7.264885e-01
0.900000 65.250000 5.760472523483e-01 -4.514123146277e-01 7.318494e-01
0.900000 65.275000 5.831744835096e-01 -4.497006679965e-01 7.364259e-01
0.900000 65.300000 5.879243483535e-01 -4.490337600974e-01 7.397880e-01
0.900000 65.325000 5.902872436046e-01 -4.489338228596e-01 7.416068e-01
0.900000 65.350000 5.903337714036e-01 -4.489432664805e-01 7.416495e-01
0.900000 65.375000 5.882080601922e-01 -4.486378809380e-01 7.397734e-01
0.900000 65.400000 5.841188810883e-01 -4.476382597510e-01 7.359177e-01
0.900000 65.425000 5.783290195398e-01 -4.456190731068e-01 7.300964e-01
0.900000 65.450000 5.711434235153e-01 -4.423159390803e-01 7.223906e-01
0.900000 65.475000 5.628966776790e-01 -4.375297718853e-01 7.129411e-01
0.900000 65.500000 5.539403475339e-01 -4.311286155716e-01 7.019414e-01
0.900000 65.525000 5.446307007267e-01 -4.230470913818e-01 6.896314e-01
0.900000 65.550000 5.353172492788e-01 -4.132836894688e-01 6.762899e-01
0.900000 65.575000 5.263324729745e-01 -4.018962150361e-01 6.622284e-01
0.900000 65.600000 5.179829881897e-01 -3.889957517066e-01 6.477840e-01
0.900000 65.625000 5.105423261493e-01 -3.747395299763e-01 6.333113e-01
0.900000 65.650000 5.042453876560e-01 -3.593230872979e-01 6.191740e-01
0.900000 65.675000 4.992845543825e-01 -3.429720820319e-01 6.057350e-01
0.900000 65.700000 4.958073649163e-01 -3.259340811643e-01 5.933447e-01
0.900000 65.725000 4.939156100610e-01 -3.084705872120e-01 5.823287e-01
0.900000 65.750000 4.936656675660e-01 -2.908495093173e-01 5.729740e-01
0.900000 65.775000 4.950698807259e-01 -2.733382230207e-01 5.655157e-01
0.900000 65.800000 4.980987858247e-01 -2.561973075561e-01 5.601245e-01
0.900000 65.825000 5.026840066811e-01 -2.396750024176e-01 5.568979e-01
0.900000 65.850000 5.087216564575e-01 -2.240023886151e-01 5.558550e-01
0.900000 65.875000 5.160761131896e-01 -2.093892751473e-01 5.569366e-01
0.900000 65.900000 5.245840623313e-01 -1.960207571352e-01 5.600112e-01
0.900000 65.925000 5.340587238921e-01 -1.840544070544e-01 5.648847e-01
0.900000 65.950000 5.442942013863e-01 -1.736180621977e-01 5.713138e-01
0.900000 65.975000 5.550699037821e-01 -1.648081772420e-01 5.790201e-01
0.900000 66.000000 5.661549999234e-01 -1.576887180644e-01 5.877050e-01
0.900000 66.025000 5.773128682831e-01 -1.522905796808e-01 5.970616e-01
0.900000 66.050000 5.883055047237e-01 -1.486115159410e-01 6.067856e-01
0.900000 66.075000 5.988978487141e-01 -1.466165707173e-01 6.165834e-01
0.900000 66.100000 6.088619856522e-01 -1.462389997633e-01 6.261779e-01
0.900000 66.125000 6.179811806816e-01 -1.473816697214e-01 6.353126e-01
0.900000 66.150000 6.260536983340e-01 -1.499189167760e-01 6.437538e-01
0.900000 66.175000 6.328963625925e-01 -1.536988430753e-01 6.512919e-01
0.900000 66.200000 6.383478132380e-01 -1.585460250259e-01 6.577422e-01
0.900000 66.225000 6.422714159582e-01 -1.642646042742e-01 6.629445e-01
0.900000 66.250000 6.445577849511e-01 -1.706417295593e-01 6.667633e-01
0.900000 66.275000 6.451268770164e-01 -1.774513151503e-01 6.690872e-01
0.900000 66.300000 6.439296151535e-01 -1.844580783992e-01 6.698284e-01
0.900000 66.325000 6.409489976721e-01 -1.914218140561e-01 6.689230e-01
0.900000 66.350000 6.362006465322e-01 -1.981018554591e-01 6.663300e-01
0.900000 66.375000 6.297327473099e-01 -2.042616619210e-01 6.620318e-01
0.900000 66.400000 6.216253344207e-01 -2.096734575079e-01 6.560343e-01
0.900000 66.425000 6.119888807240e-01 -2.141228295517e-01 6.483664e-01
0.900000 66.450000 6.009621619288e-01 -2.174131769806e-01 6.390806e-01
0.900000 66.475000 5.887093843883e-01 -2.193698808980e-01 6.282530e-01
0.900000 66.500000 5.754165902764e-01 -2.198440552566e-01 6.159835e-01
0.900000 66.525000 5.612873862434e-01 -2.187157266682e-01 6.023953e-01
0.900000 66.550000 5.465380789237e-01 -2.158962919249e-01 5.876352e-01
0.900000 66.575000 5.313923406644e-01 -2.113301117835e-01 5.718726e-01
0.900000 66.600000 5.160755683499e-01 -2.049951212782e-01 5.552990e-01
0.900000 66.625000 5.008091335249e-01 -1.969023704938e-01 5.381267e-01
0.900000 66.650000 4.858047493889e-01 -1.870944543867e-01 5.205868e-01
0.900000 66.675000 4.712591961813e-01 -1.756428436564e-01 5.029271e-01
0.900000 66.700000 4.573496482322e-01 -1.626441875428e-01 4.854089e-01
0.900000 66.725000 4.442298318491e-01 -1.482157195975e-01 4.683034e-01
0.900000 66.750000 4.320272128399e-01 -1.324899543190e-01 4.518862e-01
0.900000 66.775000 4.208413669111e-01 -1.156089113760e-01 4.364320e-01
0.900000 66.800000 4.107436278541e-01 -9.771814071795e-02 4.222075e-01
0.900000 66.825000 4.017780410159e-01 -7.896084276239e-02 4.094636e-01
0.900000 66.850000 3.939635776171e-01 -5.947238081696e-02 3.984272e-01
0.900000 66.875000 3.872974941131e-01 -3.937546713533e-02 3.892939e-01
0.900000 66.900000 3.817596551276e-01 -1.877627020247e-02 3.822211e-01
0.900000 66.925000 3.773175832578e-01 2.238358845532e-03 3.773242e-01
0.900000 66.950000 3.739319581528e-01 2.360240493915e-02 3.746761e-01
0.900000 66.975000 3.715622634637e-01 4.527088751883e-02 3.743100e-01
0.900000 67.000000 3.701722749468e-01 6.721874684657e-02 3.762258e-01
0.900000 67.025000 3.697350961196e-01 8.943849811704e-02 3.803989e-01
0.900000 67.050000 3.702374780093e-01 1.119367986122e-01 3.867889e-01
0.900000 67.075000 3.716832040741e-01 1.347301279637e-01 3.953487e-01
0.900000 67.100000 3.740953767941e-01 1.578398228670e-01 4.060305e-01
0.900000 67.125000 3.775175046267e-01 1.812867334368e-01 4.187891e-01
0.900000 67.150000 3.820133527143e-01 2.050857781368e-01 4.335832e-01
0.900000 67.175000 3.876655837660e-01 2.292406683459e-01 4.503731e-01
0.900000 67.200000 3.945732732616e-01 2.537390536994e-01 4.691179e-01
0.900000 67.225000 4.028484325333e-01 2.785483076516e-01 4.897714e-01
0.900000 67.250000 4.126117122696e-01 3.036121321939e-01 5.122780e-01
0.900000 67.275000 4.239874862987e-01 3.288481144211e-01 5.365692e-01
0.900000 67.300000 4.370985308267e-01 3.541463188778e-01 5.625609e-01
0.900000 67.325000 4.520605180547e-01 3.793689512608e-01 5.901521e-01
0.900000 67.350000 4.689765363897e-01 4.043510836661e-01 6.192243e-01
0.900000 67.375000 4.879318338852e-01 4.289023912181e-01 6.496420e-01
0.900000 67.400000 5.089889589923e-01 4.528098160963e-01 6.812536e-01
0.900000 67.425000 5.321834452504e-01 4.758410486094e-01 7.138935e-01
0.900000 67.450000 5.575201562584e-01 4.977486964547e-01 7.473838e-01
0.900000 67.475000 5.849703761358e-01 5.182750025234e-01 7.815365e-01
0.900000 67.500000 6.144697004958e-01 5.371569680489e-01 8.161560e-01
0.900000 67.525000 6.459167552463e-01 5.541317406467e-01 8.510408e-01
0.900000 67.550000 6.791727465489e-01 5.689421346878e-01 8.859858e-01
0.900000 67.575000 7.140618258714e-01 5.813421630875e-01 9.207839e-01
0.900000 67.600000 7.503722397770e-01 5.911024734352e-01 9.552281e-01
0.900000 67.625000 7.878582249717e-01 5.980155958461e-01 9.891123e-01
0.900000 67.650000 8.262426048378e-01 6.019009234159e-01 1.022234e+00
0.900000 67.675000 8.652200434358e-01 6.026093572839e-01 1.054393e+00
0.900000 67.700000 9.044609155553e-01 6.000275559079e-01 1.085395e+00
0.900000 67.725000 9.436157553129e-01 5.940817314385e-01 1.115053e+00
0.900000 67.750000 9.823202492606e-01 5.847409348044e-01 1.143186e+00
0.900000 67.775000 1.020200741089e+00 5.720197655670e-01 1.169622e+00
0.900000 67.800000 1.056880212036e+00 5.559804337681e-01 1.194198e+00
0.900000 67.825000 1.091984692544e+00 5.367340904106e-01 1.216764e+00
0.900000 67.850000 1.125150045538e+00 5.144413330520e-01 1.237179e+00
0.900000 67.875000 1.156029039787e+00 4.893117857341e-01 1.255320e+00
0.900000 67.900000 1.184298603521e+00 4.616026508250e-01 1.271078e+00
0.900000 67.925000 1.209667115577e+00 4.316161368794e-01 1.284362e+00
0.900000 67.950000 1.231881556071e+00 3.996956834744e-01 1.295102e+00
0.900000 67.975000 1.250734304226e+00 3.662209325791e-01 1.303248e+00
0.900000 68.000000 1.266069341350e+00 3.316014367605e-01 1.308775e+00
0.900000 68.025000 1.277787595984e+00 2.962691466322e-01 1.311685e+00
0.900000 68.050000 1.285851159866e+00 2.606697812975e-01 1.312007e+00
0.900000 68.075000 1.290286110882e+00 2.252532527604e-01 1.309800e+00
0.900000 68.100000 1.291183704864e+00 1.904633838921e-01 1.305156e+00
0.900000 68.125000 1.288699742977e+00 1.567272242899e-01 1.298195e+00
0.900000 68.150000 1.283051984829e+00 1.244443236134e-01 1.289073e+00
0.900000 68.175000 1.274515557043e+00 9.397636224041e-02 1.277976e+00
0.900000 68.200000 1.263416398788e+00 6.563755953096e-02 1.265120e+00
0.900000 68.225000 1.250122884228e+00 3.968627700117e-02 1.250753e+00
0.900000 68.250000 1.235035860523e+00 1.631820529684e-02 1.235144e+00
0.900000 68.275000 1.218577431723e+00 -4.338530034349e-03 1.218585e+00
0.900000 68.300000 1.201178896718e+00 -2.222608630642e-02 1.201385e+00
0.900000 68.325000 1.183268306926e+00 -3.735728403833e-02 1.183858e+00
0.900000 68.350000 1.165258141574e+00 -4.981359916747e-02 1.166322e+00
0.900000 68.375000 1.147533602047e+00 -5.974083300868e-02 1.149088e+00
0.900000 68.400000 1.130442000735e+00 -6.734264080912e-02 1.132446e+00
0.900000 68.425000 1.114283665307e+00 -7.287220506206e-02 1.116664e+00
0.900000 68.450000 1.099304699996e+00 -7.662242796894e-02 1.101972e+00
0.900000 68.475000 1.085691846732e+00 -7.891508241645e-02 1.088556e+00
0.900000 68.500000 1.073569577959e+00 -8.008939824870e-02 1.076553e+00
0.900000 68.525000 1.062999437748e+00 -8.049056836071e-02 1.066042e+00
0.900000 68.550000 1.053981536584e+00 -8.045863752647e-02 1.057048e+00
0.900000 68.575000 1.046458005790e+00 -8.031818856754e-02 1.049536e+00
0.900000 68.600000 1.040318136477e+00 -8.036917023183e-02 1.043418e+00
0.900000 68.625000 1.035404870065e+00 -8.087912537015e-02 1.038559e+00
0.900000 68.650000 1.031522275381e+00 -8.207698407305e-02 1.034783e+00
0.900000 68.675000 1.028443641671e+00 -8.414849206901e-02 1.031880e+00
0.900000 68.700000 1.025919835404e+00 -8.723325717868e-02 1.029622e+00
0.900000 68.725000 1.023687607805e+00 -9.142332218664e-02 1.027762e+00
0.900000 68.750000 1.021477594057e+00 -9.676311573535e-02 1.026050e+00
0.900000 68.775000 1.019021807641e+00 -1.032505963855e-01 1.024239e+00
0.900000 68.800000 1.016060497767e+00 -1.108393893184e-01 1.022088e+00
0.900000 68.825000 1.012348297843e+00 -1.194417187037e-01 1.019370e+00
0.900000 68.850000 1.007659643345e+00 -1.289319581623e-01 1.015875e+00
0.900000 68.875000 1.001793474349e+00 -1.391506523194e-01 1.011411e+00
0.900000 68.900000 9.945772595343e-01 -1.499088986978e-01 1.005811e+00
0.900000 68.925000 9.858703845077e-01 -1.609930155363e-01 9.989290e-01
0.900000 68.950000 9.755669396212e-01 -1.721694524001e-01 9.906428e-01
0.900000 68.975000 9.635979242777e-01 -1.831899225466e-01 9.808565e-01
0.900000 69.000000 9.499328604209e-01 -1.937967462288e-01 9.694997e-01
0.900000 69.025000 9.345807822900e-01 -2.037283913975e-01 9.565284e-01
0.900000 69.050000 9.175905474449e-01 -2.127251832709e-01 9.419259e-01
0.900000 69.075000 8.990503997572e-01 -2.205351291733e-01 9.257037e-01
0.900000 69.100000 8.790867116905e-01 -2.269197733877e-01 9.079020e-01
0.900000 69.125000 8.578618425813e-01 -2.316599627945e-01 8.885906e-01
0.900000 69.150000 8.355710720238e-01 -2.345613723916e-01 8.678698e-01
0.900000 69.175000 8.124386015999e-01 -2.354596148143e-01 8.458710e-01
0.900000 69.200000 7.887126614467e-01 -2.342247434077e-01 8.227569e-01
0.900000 69.225000 7.646598068477e-01 -2.307649569163e-01 7.987222e-01
0.900000 69.250000 7.405585398551e-01 -2.250293267641e-01 7.739930e-01
0.900000 69.275000 7.166924374408e-01 -2.170093951306e-01 7.488265e-01
0.900000 69.300000 6.933430066475e-01 -2.067395320941e-01 7.235093e-01
0.900000 69.325000 6.707825151597e-01 -1.942959903937e-01 6.983553e-01
0.900000 69.350000 6.492670601769e-01 -1.797946533004e-01 6.737016e-01
0.900000 69.375000 6.290301381351e-01 -1.633875306738e-01 6.499034e-01
0.900000 69.400000 6.102769626542e-01 -1.452581163662e-01 6.273260e-01
0.900000 69.425000 5.931797492180e-01 -1.256157728660e-01 6.063345e-01
0.900000 69.450000 5.778741446381e-01 -1.046893531936e-01 5.872805e-01
0.900000 69.475000 5.644569301588e-01 -8.272030315022e-02 5.704860e-01
0.900000 69.500000 5.529850723730e-01 -5.995550761403e-02 5.562258e-01
0.900000 69.525000 5.434761392756e-01 -3.664015220867e-02 5.447098e-01
0.900000 69.550000 5.359100429303e-01 -1.301086673482e-02 5.360680e-01
0.900000 69.575000 5.302320180639e-01 1.071059957886e-02 5.303402e-01
0.900000 69.600000 5.263566995899e-01 3.432294703312e-02 5.274746e-01
0.900000 69.625000 5.241731230867e-01 5.764994852502e-02 5.273338e-01
0.900000 69.650000 5.235504415254e-01 8.054397626443e-02 5.297097e-01
0.900000 69.675000 5.243441294116e-01 1.028883251732e-01 5.343433e-01
0.900000 69.700000 5.264024319679e-01 1.245982716449e-01 5.409475e-01
0.900000 69.725000 5.295728117621e-01 1.456208527180e-01 5.492293e-01
0.900000 69.750000 5.337081479306e-01 1.659333966609e-01 5.589081e-01
0.900000 69.775000 5.386724534756e-01 1.855408804911e-01 5.697310e-01
0.900000 69.800000 5.443458937440e-01 2.044722321949e-01 5.814820e-01
0.900000 69.825000 5.506289138629e-01 2.227757344530e-01 5.939876e-01
0.900000 69.850000 5.574453143715e-01 2.405137215276e-01 6.071179e-01
0.900000 69.875000 5.647441522136e-01 2.577567904570e-01 6.207854e-01
0.900000 69.900000 5.725003880556e-01 2.745777705178e-01 6.349407e-01
0.900000 69.925000 5.807142497020e-01 2.910457096396e-01 6.495665e-01
0.900000 69.950000 5.894093338224e-01 3.072201416924e-01 6.646710e-01
0.900000 69.975000 5.986295224886e-01 3.231458931027e-01 6.802798e-01
0.900000 70.000000 6.084348448495e-01 3.388486702338e-01 6.964276e-01
0.900000 70.025000 6.188964649789e-01 3.543316400763e-01 7.131506e-01
0.900000 70.050000 6.300910216362e-01 3.695731764467e-01 7.304786e-01
0.900000 70.075000 6.420945814709e-01 3.845258932541e-01 7.484288e-01
0.900000 70.100000 6.549764914256e-01 3.991170275104e-01 7.669997e-01
0.900000 70.125000 6.687934265790e-01 4.132501704072e-01 7.861681e-01
0.900000 70.150000 6.835839250066e-01 4.268082783958e-01 8.058860e-01
0.900000 70.175000 6.993636809239e-01 4.396578316108e-01 8.260802e-01
0.900000 70.200000 7.161218319960e-01 4.516539481370e-01 8.466533e-01
0.900000 70.225000 7.338184278898e-01 4.626462133066e-01 8.674854e-01
0.900000 70.250000 7.523832075821e-01 4.724849466977e-01 8.884382e-01
0.900000 70.275000 7.717157461443e-01 4.810276082669e-01 9.093584e-01
0.900000 70.300000 7.916869617975e-01 4.881450405368e-01 9.300827e-01
0.900000 70.325000 8.121419053935e-01 4.937272562645e-01 9.504426e-01
0.900000 70.350000 8.329036914374e-01 4.976885096026e-01 9.702692e-01
0.900000 70.375000 8.537783762632e-01 4.999714313543e-01 9.893983e-01
0.900000 70.400000 8.745605481847e-01 5.005500624413e-01 1.007674e+00
0.900000 70.425000 8.950393685728e-01 4.994316803358e-01 1.024952e+00
0.900000 70.450000 9.150047929135e-01 4.966573767388e-01 1.041106e+00
0.900000 70.475000 9.342537067982e-01 4.923014069076e-01 1.056026e+00
0.900000 70.500000 9.525957321594e-01 4.864693877549e-01 1.069622e+00
0.900000 70.525000 9.698584915075e-01 4.792954697564e-01 1.081827e+00
0.900000 70.550000 9.858921592990e-01 4.709386443125e-01 1.092596e+00
0.900000 70.575000 1.000573176212e+00 4.615783720346e-01 1.101908e+00
0.900000 70.600000 1.013807050232e+00 4.514097281527e-01 1.109764e+00
0.900000 70.625000 1.025530214452e+00 4.406382596379e-01 1.116187e+00
0.900000 70.650000 1.035710952245e+00 4.294747364436e-01 1.121225e+00
0.900000 70.675000 1.044349433687e+00 4.181299590111e-01 1.124944e+00
0.900000 70.700000 1.051476931317e+00 4.068097588262e-01 1.127430e+00
0.900000 70.725000 1.057154298228e+00 3.957103014982e-01 1.128788e+00
0.900000 70.750000 1.061469797638e+00 3.850137755292e-01 1.129138e+00
0.900000 70.775000 1.064536371976e+00 3.748845271529e-01 1.128617e+00
0.900000 70.800000 1.066488433347e+00 3.654656841469e-01 1.127370e+00
0.900000 70.825000 1.067478248514e+00 3.568763002845e-01 1.125553e+00
0.900000 70.850000 1.067671982840e+00 3.492090470820e-01 1.123330e+00
0.900000 70.875000 1.067245461505e+00 3.425284797834e-01 1.120865e+00
0.900000 70.900000 1.066379704529e+00 3.368699084114e-01 1.118323e+00
0.900000 70.925000 1.065256295875e+00 3.322389099260e-01 1.115865e+00
0.900000 70.950000 1.064052656525e+00 3.286115215120e-01 1.113640e+00
0.900000 70.975000 1.062937306080e+00 3.259351552334e-01 1.111787e+00
0.900000 71.000000 1.062065215731e+00 3.241302685479e-01 1.110425e+00
0.900000 71.025000 1.061573374856e+00 3.230928119130e-01 1.109652e+00
0.900000 71.050000 1.061576711424e+00 3.226974532285e-01 1.109540e+00
0.900000 71.075000 1.062164519480e+00 3.228015494603e-01 1.110133e+00
0.900000 71.100000 1.063397552679e+00 3.232497998128e-01 1.111443e+00
0.900000 71.125000 1.065305938332e+00 3.238794746077e-01 1.113452e+00
0.900000 71.150000 1.067888050388e+00 3.245260726927e-01 1.116110e+00
0.900000 71.175000 1.071110451317e+00 3.250292214237e-01 1.119340e+00
0.900000 71.200000 1.074908972709e+00 3.252386008705e-01 1.123036e+00
0.900000 71.225000 1.079190954173e+00 3.250196515531e-01 1.127072e+00
0.900000 71.250000 1.083838602874e+00 3.242588158085e-01 1.131305e+00
0.900000 71.275000 1.088713375386e+00 3.228680689784e-01 1.135579e+00
0.900000 71.300000 1.093661224162e+00 3.207885189843e-01 1.139737e+00
0.900000 71.325000 1.098518497305e+00 3.179928911173e-01 1.143618e+00
0.900000 71.350000 1.103118237087e+00 3.144867672554e-01 1.147071e+00
0.900000 71.375000 1.107296593706e+00 3.103085121147e-01 1.149955e+00
0.900000 71.400000 1.110899058931e+00 3.055278893472e-01 1.152148e+00
0.900000 71.425000 1.113786231208e+00 3.002434423834e-01 1.153545e+00
0.900000 71.450000 1.115838849619e+00 2.945787835383e-01 1.154068e+00
0.900000 71.475000 1.116961877268e+00 2.886779949154e-01 1.153663e+00
0.900000 71.500000 1.117087472355e+00 2.827003913995e-01 1.152304e+00
0.900000 71.525000 1.116176753259e+00 2.768149259643e-01 1.149990e+00
0.900000 71.550000 1.114220337191e+00 2.711945283253e-01 1.146749e+00
0.900000 71.575000 1.111237705045e+00 2.660106589707e-01 1.142633e+00
0.900000 71.600000 1.107275512335e+00 2.614283326809e-01 1.137719e+00
0.900000 71.625000 1.102405022601e+00 2.576018213016e-01 1.132102e+00
0.900000 71.650000 1.096718881407e+00 2.546711885452e-01 1.125900e+00
0.900000 71.675000 1.090327473179e+00 2.527597447505e-01 1.119241e+00
0.900000 71.700000 1.083355108511e+00 2.519724421654e-01 1.112272e+00
0.900000 71.725000 1.075936276564e+00 2.523951668138e-01 1.105144e+00
0.900000 71.750000 1.068212167696e+00 2.540948263488e-01 1.098017e+00
0.900000 71.775000 1.060327628778e+00 2.571200885711e-01 1.091057e+00
0.900000 71.800000 1.052428662038e+00 2.615025954388e-01 1.084431e+00
0.900000 71.825000 1.044660522448e+00 2.672584638545e-01 1.078305e+00
0.900000 71.850000 1.037166413714e+00 2.743898872869e-01 1.072849e+00
0.900000 71.875000 1.030086733179e+00 2.828866698928e-01 1.068224e+00
0.900000 71.900000 1.023558775438e+00 2.927275545451e-01 1.064595e+00
0.900000 71.925000 1.017716775645e+00 3.038812444649e-01 1.062116e+00
0.900000 71.950000 1.012692158029e+00 3.163070608599e-01 1.060941e+00
0.900000 71.975000 1.008613852883e+00 3.299552219174e-01 1.061213e+00
0.900000 72.000000 1.005608555254e+00 3.447667678174e-01 1.063068e+00
0.900000 72.025000 1.003800818364e+00 3.606731889743e-01 1.066631e+00
0.900000 72.050000 1.003312901600e+00 3.775958382878e-01 1.072015e+00
0.900000 72.075000 1.004264323189e+00 3.954452217258e-01 1.079316e+00
0.900000 72.100000 1.006771098252e+00 4.141202651382e-01 1.088615e+00
0.900000 72.125000 1.010944670694e+00 4.335076499219e-01 1.099972e+00
0.900000 72.150000 1.016890570096e+00 4.534812979534e-01 1.113423e+00
0.900000 72.175000 1.024706840908e+00 4.739020695269e-01 1.128985e+00
0.900000 72.200000 1.034482300459e+00 4.946177195407e-01 1.146647e+00
0.900000 72.225000 1.046294684863e+00 5.154631393401e-01 1.166377e+00
0.900000 72.250000 1.060208739276e+00 5.362608965283e-01 1.188115e+00
0.900000 72.275000 1.076274302750e+00 5.568220740224e-01 1.211783e+00
0.900000 72.300000 1.094524430422e+00 5.769474032529e-01 1.237276e+00
0.900000 72.325000 1.114973588869e+00 5.964286843669e-01 1.264474e+00
0.900000 72.350000 1.137615955951e+00 6.150504875833e-01 1.293235e+00
0.900000 72.375000 1.162423855501e+00 6.325921328633e-01 1.323405e+00
0.900000 72.400000 1.189346360140e+00 6.488299478909e-01 1.354816e+00
0.900000 72.425000 1.218308101989e+00 6.635398051001e-01 1.387285e+00
0.900000 72.450000 1.249208339942e+00 6.764999354876e-01 1.420624e+00
0.900000 72.475000 1.281920341697e+00 6.874940091180e-01 1.454637e+00
0.900000 72.500000 1.316291146854e+00 6.963144592012e-01 1.489119e+00
0.900000 72.525000 1.352141781921e+00 7.027660088394e-01 1.523866e+00
0.900000 72.550000 1.389267996954e+00 7.066693383073e-01 1.558668e+00
0.900000 72.575000 1.427441585540e+00 7.078648079879e-01 1.593318e+00
0.900000 72.600000 1.466412334027e+00 7.062161303503e-01 1.627608e+00
0.900000 72.625000 1.505910622637e+00 7.016138662687e-01 1.661333e+00
0.900000 72.650000 1.545650671475e+00 6.939786091489e-01 1.694297e+00
0.900000 72.675000 1.585334390380e+00 6.832637168838e-01 1.726307e+00
0.900000 72.700000 1.624655755919e+00 6.694574580400e-01 1.757179e+00
0.900000 72.725000 1.663305604542e+00 6.525844553966e-01 1.786743e+00
0.900000 72.750000 1.700976701346e+00 6.327063364880e-01 1.814839e+00
0.900000 72.775000 1.737368921999e+00 6.099215355683e-01 1.841319e+00
0.900000 72.800000 1.772194373530e+00 5.843642319215e-01 1.866053e+00
0.900000 72.825000 1.805182279443e+00 5.562024524896e-01 1.888927e+00
0.900000 72.850000 1.836083466485e+00 5.256354087741e-01 1.909842e+00
0.900000 72.875000 1.864674313615e+00 4.928901752603e-01 1.928717e+00
0.900000 72.900000 1.890760056595e+00 4.582178459053e-01 1.945492e+00
0.900000 72.925000 1.914177381198e+00 4.218893239292e-01 1.960119e+00
0.900000 72.950000 1.934796281058e+00 3.841909066044e-01 1.972572e+00
0.900000 72.975000 1.952521198478e+00 3.454198204878e-01 1.982840e+00
0.900000 73.000000 1.967291504530e+00 3.058798443398e-01 1.990929e+00
0.900000 73.025000 1.979081404814e+00 2.658771287772e-01 1.996861e+00
0.900000 73.050000 1.987899376725e+00 2.257162864375e-01 2.000673e+00
0.900000 73.075000 1.993787251335e+00 1.856967877627e-01 2.002416e+00
0.900000 73.100000 1.996819047568e+00 1.461096594465e-01 2.002157e+00
0.900000 73.125000 1.997099649122e+00 1.072344490701e-01 1.999977e+00
0.900000 73.150000 1.994763387574e+00 6.933639402119e-02 1.995968e+00
0.900000 73.175000 1.989972561423e+00 3.266371811842e-02 1.990241e+00
0.900000 73.200000 1.982915884154e+00 -2.555022925978e-03 1.982918e+00
0.900000 73.225000 1.973806818904e+00 -3.611361559801e-02 1.974137e+00
0.900000 73.250000 1.962881726997e+00 -6.783092834089e-02 1.964053e+00
0.900000 73.275000 1.950397735942e+00 -9.755373111878e-02 1.952836e+00
0.900000 73.300000 1.936630222329e+00 -1.251595704070e-01 1.940670e+00
0.900000 73.325000 1.921869807866e+00 -1.505596339872e-01 1.927758e+00
0.900000 73.350000 1.906418783104e+00 -1.737015001247e-01 1.914316e+00
0.900000 73.375000 1.890586902199e+00 -1.945716314064e-01 1.900573e+00
0.900000 73.400000 1.874686531324e+00 -2.131974483319e-01 1.886770e+00
0.900000 73.425000 1.859027179966e+00 -2.296488045319e-01 1.873158e+00
0.900000 73.450000 1.843909494604e+00 -2.440386859457e-01 1.859988e+00
0.900000 73.475000 1.829618844002e+00 -2.565229710670e-01 1.847514e+00
0.900000 73.500000 1.816418670630e+00 -2.672991177908e-01 1.835981e+00
0.900000 73.525000 1.804543819720e+00 -2.766036826866e-01 1.825620e+00
0.900000 73.550000 1.794194083413e+00 -2.847086279945e-01 1.816643e+00
0.900000 73.575000 1.785528210158e+00 -2.919164268793e-01 1.809234e+00
0.900000 73.600000 1.778658628181e+00 -2.985540347276e-01 1.803541e+00
0.900000 73.625000 1.773647116472e+00 -3.049658497834e-01 1.799674e+00
0.900000 73.650000 1.770501628590e+00 -3.115058366611e-01 1.797696e+00
0.900000 73.675000 1.769174435569e+00 -3.185290283400e-01 1.797620e+00
0.900000 73.700000 1.769561707098e+00 -3.263826539388e-01 1.799409e+00
0.900000 73.725000 1.771504597809e+00 -3.353971595504e-01 1.802975e+00
0.900000 73.750000 1.774791851140e+00 -3.458773972701e-01 1.808181e+00
0.900000 73.775000 1.779163879789e+00 -3.580942536521e-01 1.814843e+00
0.900000 73.800000 1.784318231674e+00 -3.722769742761e-01 1.822740e+00
0.900000 73.825000 1.789916305822e+00 -3.886064175136e-01 1.831615e+00
0.900000 73.850000 1.795591144889e+00 -4.072094399030e-01 1.841186e+00
0.900000 73.875000 1.800956101090e+00 -4.281545798077e-01 1.851151e+00
0.900000 73.900000 1.805614150192e+00 -4.514491672405e-01 1.861196e+00
0.900000 73.925000 1.809167613759e+00 -4.770379476289e-01 1.871003e+00
0.900000 73.950000 1.811228042285e+00 -5.048032672842e-01 1.880259e+00
0.900000 73.975000 1.811426010435e+00 -5.345668294478e-01 1.888657e+00
0.900000 74.000000 1.809420579368e+00 -5.660929926605e-01 1.895907e+00
0.900000 74.025000 1.804908189253e+00 -5.990935481069e-01 1.901738e+00
0.900000 74.050000 1.797630756899e+00 -6.332338795696e-01 1.905902e+00
0.900000 74.075000 1.787382768547e+00 -6.681403785369e-01 1.908179e+00
0.900000 74.100000 1.774017176075e+00 -7.034089576722e-01 1.908382e+00
0.900000 74.125000 1.757449926325e+00 -7.386144781698e-01 1.906353e+00
0.900000 74.150000 1.737662978169e+00 -7.733208805413e-01 1.901972e+00
0.900000 74.175000 1.714705690738e+00 -8.070917844261e-01 1.895155e+00
0.900000 74.200000 1.688694499294e+00 -8.395013016707e-01 1.885856e+00
0.900000 74.225000 1.659810832854e+00 -8.701447890829e-01 1.874066e+00
0.900000 74.250000 1.628297269839e+00 -8.986492540788e-01 1.859818e+00
0.900000 74.275000 1.594451974582e+00 -9.246831192540e-01 1.843181e+00
0.900000 74.300000 1.558621507611e+00 -9.479650521777e-01 1.824264e+00
0.900000 74.325000 1.521192155231e+00 -9.682715758244e-01 1.803213e+00
0.900000 74.350000 1.482579977216e+00 -9.854431942696e-01 1.780208e+00
0.900000 74.375000 1.443219823446e+00 -9.993887984484e-01 1.755466e+00
0.900000 74.400000 1.403553618397e+00 -1.010088158313e+00 1.729231e+00
0.900000 74.425000 1.364018253884e+00 -1.017592360369e+00 1.701776e+00
0.900000 74.450000 1.325033462360e+00 -1.022022112318e+00 1.673393e+00
0.900000 74.475000 1.286990062828e+00 -1.023563907623e+00 1.644392e+00
0.900000 74.500000 1.250238976439e+00 -1.022464119615e+00 1.615095e+00
0.900000 74.525000 1.215081397508e+00 -1.019021173975e+00 1.585821e+00
0.900000 74.550000 1.181760476977e+00 -1.013576026200e+00 1.556886e+00
0.900000 74.575000 1.150454829279e+00 -1.006501242709e+00 1.528591e+00
0.900000 74.600000 1.121274111422e+00 -9.981890463544e-01 1.501212e+00
0.900000 74.625000 1.094256847198e+00 -9.890387351337e-01 1.474990e+00
0.900000 74.650000 1.069370583203e+00 -9.794439136326e-01 1.450125e+00
0.900000 74.675000 1.046514371274e+00 -9.697799874852e-01 1.426768e+00
0.900000 74.700000 1.025523479021e+00 -9.603923608677e-01 1.405010e+00
0.900000 74.725000 1.006176141687e+00 -9.515857457902e-01 1.384885e+00
0.900000 74.750000 9.882020898606e-01 -9.436149414218e-01 1.366365e+00
0.900000 74.775000 9.712925231921e-01 -9.366773749304e-01 1.349360e+00
0.900000 74.800000 9.551111538101e-01 -9.309076166276e-01 1.333726e+00
0.900000 74.825000 9.393059170040e-01 -9.263739967665e-01 1.319267e+00
0.900000 74.850000 9.235209415047e-01 -9.230773647549e-01 1.305742e+00
0.900000 74.875000 9.074083864812e-01 -9.209519493951e-01 1.292881e+00
0.900000 74.900000 8.906397845981e-01 -9.198682060295e-01 1.280389e+00
0.900000 74.925000 8.729165762661e-01 -9.196374770912e-01 1.267958e+00
0.900000 74.950000 8.539795747317e-01 -9.200182490282e-01 1.255275e+00
0.900000 74.975000 8.336171596451e-01 -9.207237617225e-01 1.242035e+00
0.900000 75.000000 8.116720531052e-01 -9.214307154479e-01 1.227944e+00
0.900000 75.025000 7.880465824992e-01 -9.217888226383e-01 1.212729e+00
0.900000 75.050000 7.627063755416e-01 -9.214309635185e-01 1.196142e+00
0.900000 75.075000 7.356824631578e-01 -9.199837214840e-01 1.177964e+00
0.900000 75.100000 7.070717853577e-01 -9.170780913184e-01 1.158008e+00
0.900000 75.125000 6.770361058680e-01 -9.123601666655e-01 1.136125e+00
0.900000 75.150000 6.457993463263e-01 -9.055016194488e-01 1.112201e+00
0.900000 75.175000 6.136433546196e-01 -8.962097814578e-01 1.086163e+00
0.900000 75.200000 5.809021291844e-01 -8.842371272577e-01 1.057980e+00
0.900000 75.225000 5.479545362645e-01 -8.693899399522e-01 1.027664e+00
0.900000 75.250000 5.152155837227e-01 -8.515359208839e-01 9.952691e-01
0.900000 75.275000 4.831263550083e-01 -8.306104861839e-01 9.608979e-01
0.900000 75.300000 4.521427602395e-01 -8.066214829419e-01 9.247007e-01
0.900000 75.325000 4.227233258637e-01 -7.796520614321e-01 8.868779e-01
0.900000 75.350000 3.953163156451e-01 -7.498614622505e-01 8.476834e-01
0.900000 75.375000 3.703465476363e-01 -7.174835217891e-01 8.074275e-01
0.900000 75.400000 3.482023369394e-01 -6.828227674717e-01 7.664801e-01
0.900000 75.425000 3.292230445952e-01 -6.462480643075e-01 7.252754e-01
0.900000 75.450000 3.136877414209e-01 -6.081838827034e-01 6.843154e-01
0.900000 75.475000 3.018054958859e-01 -5.690993777369e-01 6.441744e-01
0.900000 75.500000 2.937077631103e-01 -5.294955939133e-01 6.054997e-01
0.900000 75.525000 2.894432863647e-01 -4.898912272634e-01 5.690086e-01
0.900000 75.550000 2.889758246730e-01 -4.508074785615e-01 5.354759e-01
0.900000 75.575000 2.921848948826e-01 -4.127526082152e-01 5.057042e-01
0.900000 75.600000 2.988695712800e-01 -3.762068473013e-01 4.804733e-01
0.900000 75.625000 3.087552299966e-01 -3.416083250265e-01 4.604629e-01
0.900000 75.650000 3.215029699577e-01 -3.093406382525e-01 4.461567e-01
0.900000 75.675000 3.367212981703e-01 -2.797226146331e-01 4.377510e-01
0.900000 75.700000 3.539795453005e-01 -2.530007115516e-01 4.350987e-01
0.900000 75.725000 3.728223866768e-01 -2.293443555585e-01 4.377161e-01
0.900000 75.750000 3.927847906073e-01 -2.088443707404e-01 4.448549e-01
0.900000 75.775000 4.134067037881e-01 -1.915144802221e-01 4.556127e-01
0.900000 75.800000 4.342468129398e-01 -1.772957040786e-01 4.690459e-01
0.900000 75.825000 4.548947898502e-01 -1.660633300755e-01 4.842585e-01
0.900000 75.850000 4.749815280801e-01 -1.576360102576e-01 5.004564e-01
0.900000 75.875000 4.941870058826e-01 -1.517864437049e-01 5.169719e-01
0.900000 75.900000 5.122455520981e-01 -1.482530484844e-01 5.332677e-01
0.900000 75.925000 5.289484400054e-01 -1.467520057886e-01 5.489286e-01
0.900000 75.950000 5.441438786831e-01 -1.469890756219e-01 5.636474e-01
0.900000 75.975000 5.577346036249e-01 -1.486706328560e-01 5.772095e-01
0.900000 76.000000 5.696733810193e-01 -1.515134497550e-01 5.894778e-01
0.900000 76.025000 5.799568279739e-01 -1.552528495595e-01 6.003777e-01
0.900000 76.050000 5.886180108768e-01 -1.596489680817e-01 6.098844e-01
0.900000 76.075000 5.957183148998e-01 -1.644909790787e-01 6.180110e-01
0.900000 76.100000 6.013390800227e-01 -1.695992574371e-01 6.247980e-01
0.900000 76.125000 6.055734750965e-01 -1.748255657184e-01 6.303041e-01
0.900000 76.150000 6.085190346330e-01 -1.800514492372e-01 6.345975e-01
0.900000 76.175000 6.102712172534e-01 -1.851851085705e-01 6.377495e-01
0.900000 76.200000 6.109182645004e-01 -1.901570833490e-01 6.398288e-01
0.900000 76.225000 6.105375485869e-01 -1.949151255202e-01 6.408963e-01
0.900000 76.250000 6.091935022396e-01 -1.994186630668e-01 6.410028e-01
0.900000 76.275000 6.069371275533e-01 -2.036332562640e-01 6.401868e-01
0.900000 76.300000 6.038069880611e-01 -2.075254285340e-01 6.384745e-01
0.900000 76.325000 5.998315032232e-01 -2.110582140613e-01 6.358800e-01
0.900000 76.350000 5.950322912201e-01 -2.141877065055e-01 6.324079e-01
0.900000 76.375000 5.894282480131e-01 -2.168608201241e-01 6.280559e-01
0.900000 76.400000 5.830400113468e-01 -2.190143898943e-01 6.228186e-01
0.900000 76.425000 5.758944403376e-01 -2.205756451473e-01 6.166912e-01
0.900000 76.450000 5.680287461956e-01 -2.214639968565e-01 6.096745e-01
0.900000 76.475000 5.594939379661e-01 -2.215939877075e-01 6.017785e-01
0.900000 76.500000 5.503572980178e-01 -2.208791723137e-01 5.930268e-01
0.900000 76.525000 5.407036728232e-01 -2.192366282129e-01 5.834596e-01
0.900000 76.550000 5.306354512257e-01 -2.165917517513e-01 5.731370e-01
0.900000 76.575000 5.202711992575e-01 -2.128829706883e-01 5.621399e-01
0.900000 76.600000 5.097430208629e-01 -2.080660097955e-01 5.505719e-01
0.900000 76.625000 4.991928101196e-01 -2.021173773733e-01 5.385582e-01
0.900000 76.650000 4.887676451755e-01 -1.950367977757e-01 5.262444e-01
0.900000 76.675000 4.786146401687e-01 -1.868483938162e-01 5.137940e-01
0.900000 76.700000 4.688756132065e-01 -1.776005174452e-01 5.013844e-01
0.900000 76.725000 4.596819422342e-01 -1.673642298788e-01 4.892017e-01
0.900000 76.750000 4.511499649013e-01 -1.562305350629e-01 4.774351e-01
0.900000 76.775000 4.433772344003e-01 -1.443065643951e-01 4.662700e-01
0.900000 76.800000 4.364398743836e-01 -1.317109880924e-01 4.558811e-01
0.900000 76.825000 4.303911883309e-01 -1.185689829729e-01 4.464249e-01
0.900000 76.850000 4.252615797595e-01 -1.050071132371e-01 4.380341e-01
0.900000 76.875000 4.210597380429e-01 -9.114847816789e-02 4.308124e-01
0.900000 76.900000 4.177749490933e-01 -7.710844922613e-02 4.248313e-01
0.900000 76.925000 4.153803088563e-01 -6.299126219172e-02 4.201294e-01
0.900000 76.950000 4.138365570527e-01 -4.888765335994e-02 4.167142e-01
0.900000 76.975000 4.130962134210e-01 -3.487363963185e-02 4.145656e-01
0.900000 77.000000 4.131076908963e-01 -2.101044878736e-02 4.136416e-01
0.900000 77.025000 4.138190791754e-01 -7.345516532399e-03 4.138843e-01
0.900000 77.050000 4.151813349884e-01 6.085611437662e-03 4.152259e-01
0.900000 77.075000 4.171506771221e-01 1.925669507695e-02 4.175949e-01
0.900000 77.100000 4.196900584305e-01 3.214779553057e-02 4.209195e-01
0.900000 77.125000 4.227696666026e-01 4.474212893355e-02 4.251306e-01
0.900000 77.150000 4.263664833204e-01 5.702305005919e-02 4.301628e-01
0.900000 77.175000 4.304630013502e-01 6.897141017110e-02 4.359535e-01
0.900000 77.200000 4.350452560894e-01 8.056348976875e-02 4.424419e-01
0.900000 77.225000 4.401003688753e-01 9.176965191045e-02 4.495665e-01
0.900000 77.250000 4.456138224559e-01 1.025538009444e-01 4.572625e-01
0.900000 77.275000 4.515666947100e-01 1.128736700741e-01 4.654599e-01
0.900000 77.300000 4.579330667135e-01 1.226819038145e-01 4.740818e-01
0.900000 77.325000 4.646777983733e-01 1.319278515696e-01 4.830429e-01
0.900000 77.350000 4.717548324689e-01 1.405599485475e-01 4.922497e-01
0.900000 77.375000 4.791061495376e-01 1.485285310202e-01 5.016009e-01
0.900000 77.400000 4.866614547893e-01 1.557889144793e-01 5.109888e-01
0.900000 77.425000 4.943386367231e-01 1.623045546462e-01 5.203013e-01
0.900000 77.450000 5.020449972039e-01 1.680501112727e-01 5.294242e-01
0.900000 77.475000 5.096792155340e-01 1.730142417671e-01 5.382442e-01
0.900000 77.500000 5.171339750937e-01 1.772019646842e-01 5.466517e-01
0.900000 77.525000 5.242991505565e-01 1.806364511241e-01 5.545441e-01
0.900000 77.550000 5.310654266268e-01 1.833601246261e-01 5.618286e-01
0.900000 77.575000 5.373281959143e-01 1.854349770898e-01 5.684257e-01
0.900000 77.600000 5.429915645569e-01 1.869420396171e-01 5.742710e-01
0.900000 77.625000 5.479722805075e-01 1.879799828733e-01 5.793186e-01
0.900000 77.650000 5.522033923764e-01 1.886628611896e-01 5.835429e-01
0.900000 77.675000 5.556374479039e-01 1.891170571630e-01 5.869397e-01
0.900000 77.700000 5.582490519821e-01 1.894775272667e-01 5.895284e-01
0.900000 77.725000 5.600366257048e-01 1.898834915369e-01 5.913516e-01
0.900000 77.750000 5.610232405198e-01 1.904737487933e-01 5.924756e-01
0.900000 77.775000 5.612564445558e-01 1.913818297747e-01 5.929889e-01
0.900000 77.800000 5.608070498179e-01 1.927312208223e-01 5.930007e-01
0.900000 77.825000 5.597669063152e-01 1.946308975567e-01 5.926383e-01
0.900000 77.850000 5.582457484604e-01 1.971713995154e-01 5.920430e-01
0.900000 77.875000 5.563672557868e-01 2.004216523137e-01 5.913657e-01
0.900000 77.900000 5.542645194800e-01 2.044267043622e-01 5.907617e-01
0.900000 77.925000 5.520751440286e-01 2.092064928206e-01 5.903849e-01
0.900000 77.950000 5.499362358748e-01 2.147556919712e-01 5.903811e-01
0.900000 77.975000 5.479795359424e-01 2.210446312662e-01 5.908826e-01
0.900000 78.000000 5.463269395605e-01 2.280212052991e-01 5.920024e-01
0.900000 78.025000 5.450866165048e-01 2.356136392683e-01 5.938293e-01
0.900000 78.050000 5.443498982597e-01 2.437339260624e-01 5.964252e-01
0.900000 78.075000 5.441890431708e-01 2.522817187669e-01 5.998231e-01
0.900000 78.100000 5.446559279785e-01 2.611484476065e-01 6.040270e-01
0.900000 78.125000 5.457816518325e-01 2.702214338046e-01 6.090133e-01
0.900000 78.150000 5.475769817383e-01 2.793877935065e-01 6.147342e-01
0.900000 78.175000 5.500335212707e-01 2.885379600518e-01 6.211208e-01
0.900000 78.200000 5.531254509241e-01 2.975686984910e-01 6.280883e-01
0.900000 78.225000 5.568116707768e-01 3.063855373956e-01 6.355402e-01
0.900000 78.250000 5.610381746430e-01 3.149045945446e-01 6.433729e-01
0.900000 78.275000 5.657404983332e-01 3.230538200101e-01 6.514799e-01
0.900000 78.300000 5.708461103348e-01 3.307737183670e-01 6.597549e-01
0.900000 78.325000 5.762766473649e-01 3.380176382424e-01 6.680948e-01
0.900000 78.350000 5.819499354078e-01 3.447517306695e-01 6.764019e-01
0.900000 78.375000 5.877817745211e-01 3.509546777482e-01 6.845850e-01
0.900000 78.400000 5.936874987316e-01 3.566172813800e-01 6.925610e-01
0.900000 78.425000 5.995833474756e-01 3.617419809779e-01 7.002553e-01
0.900000 78.450000 6.053877000945e-01 3.663423425069e-01 7.076023e-01
0.900000 78.475000 6.110222290157e-01 3.704425328125e-01 7.145459e-01
0.900000 78.500000 6.164130208881e-01 3.740767666970e-01 7.210398e-01
0.900000 78.525000 6.214916996702e-01 3.772886928911e-01 7.270479e-01
0.900000 78.550000 6.261965640005e-01 3.801306714178e-01 7.325445e-01
0.900000 78.575000 6.304737261604e-01 3.826628903349e-01 7.375148e-01
0.900000 78.600000 6.342782148178e-01 3.849522748721e-01 7.419549e-01
0.900000 78.625000 6.375749816257e-01 3.870711559144e-01 7.458726e-01
0.900000 78.650000 6.403397352879e-01 3.890956860955e-01 7.492866e-01
0.900000 78.675000 6.425595178912e-01 3.911040182709e-01 7.522268e-01
0.900000 78.700000 6.442329383439e-01 3.931742902393e-01 7.547331e-01
0.900000 78.725000 6.453699870348e-01 3.953824885188e-01 7.568552e-01
0.900000 78.750000 6.459913739564e-01 3.978002901078e-01 7.586501e-01
0.900000 78.775000 6.461273584459e-01 4.004930020657e-01 7.601810e-01
0.900000 78.800000 6.458160707937e-01 4.035177324494e-01 7.615149e-01
0.900000 78.825000 6.451013622436e-01 4.069219311370e-01 7.627196e-01
0.900000 78.850000 6.440302580879e-01 4.107424343615e-01 7.638615e-01
0.900000 78.875000 6.426501262053e-01 4.150051319189e-01 7.650023e-01
0.900000 78.900000 6.410057080041e-01 4.197253510752e-01 7.661969e-01
0.900000 78.925000 6.391361878170e-01 4.249090167851e-01 7.674912e-01
0.900000 78.950000 6.370724979351e-01 4.305546051005e-01 7.689204e-01
0.900000 78.975000 6.348350674397e-01 4.366558573078e-01 7.705089e-01
0.900000 79.000000 6.324322218534e-01 4.432051686663e-01 7.722702e-01
0.900000 79.025000 6.298594258769e-01 4.501975104995e-01 7.742097e-01
0.900000 79.050000 6.270995322533e-01 4.576346911592e-01 7.763268e-01
0.900000 79.075000 6.241241560056e-01 4.655297138445e-01 7.786199e-01
0.900000 79.100000 6.208962358694e-01 4.739109513739e-01 7.810914e-01
0.900000 79.125000 6.173737757014e-01 4.828258337517e-01 7.837545e-01
0.900000 79.150000 6.135146812063e-01 4.923437372918e-01 7.866401e-01
0.900000 79.175000 6.092825258390e-01 5.025577770113e-01 7.898035e-01
0.900000 79.200000 6.046529995101e-01 5.135852386566e-01 7.933316e-01
0.900000 79.225000 5.996207207296e-01 5.255664433485e-01 7.973488e-01
0.900000 79.250000 5.942060332770e-01 5.386619149217e-01 8.020209e-01
0.900000 79.275000 5.884613683165e-01 5.530478143046e-01 8.075572e-01
0.900000 79.300000 5.824767371601e-01 5.689097116040e-01 8.142097e-01
0.900000 79.325000 5.763839322781e-01 5.864348783037e-01 8.222678e-01
0.900000 79.350000 5.703590564215e-01 6.058033913272e-01 8.320500e-01
0.900000 79.375000 5.646230713252e-01 6.271784393312e-01 8.438910e-01
0.900000 79.400000 5.594401554458e-01 6.506963012565e-01 8.581253e-01
0.900000 79.425000 5.551137791778e-01 6.764565205506e-01 8.750684e-01
0.900000 79.450000 5.519805385268e-01 7.045128198792e-01 8.949977e-01
0.900000 79.475000 5.504019252095e-01 7.348652870996e-01 9.181336e-01
0.900000 79.500000 5.507543426521e-01 7.674543129996e-01 9.446250e-01
0.900000 79.525000 5.534177933424e-01 8.021566769736e-01 9.745392e-01
0.900000 79.550000 5.587637542739e-01 8.387840634233e-01 1.007857e+00
0.900000 79.575000 5.671428163063e-01 8.770841568494e-01 1.044475e+00
0.900000 79.600000 5.788726850467e-01 9.167443168817e-01 1.084211e+00
0.900000 79.625000 5.942271231992e-01 9.573976866474e-01 1.126817e+00
0.900000 79.650000 6.134263582567e-01 9.986314499587e-01 1.171988e+00
0.900000 79.675000 6.366293891638e-01 1.039996835090e+00 1.219381e+00
0.900000 79.700000 6.639285081953e-01 1.081020374160e+00 1.268624e+00
0.900000 79.725000 6.953462190835e-01 1.121215873594e+00 1.319330e+00
0.900000 79.750000 7.308345900937e-01 1.160096536101e+00 1.371110e+00
0.900000 79.775000 7.702769424491e-01 1.197186698099e+00 1.423581e+00
0.900000 79.800000 8.134916508710e-01 1.232032705297e+00 1.476372e+00
0.900000 79.825000 8.602377331236e-01 1.264212537011e+00 1.529131e+00
0.900000 79.850000 9.102218361540e-01 1.293343898243e+00 1.581532e+00
0.900000 79.875000 9.631061915797e-01 1.319090617492e+00 1.633271e+00
0.900000 79.900000 1.018517113632e+00 1.341167307214e+00 1.684074e+00
0.900000 79.925000 1.076053645711e+00 1.359342352385e+00 1.733696e+00
0.900000 79.950000 1.135296022110e+00 1.373439382234e+00 1.781918e+00
0.900000 79.975000 1.195813691490e+00 1.383337443937e+00 1.828549e+00
0.900000 80.000000 1.257172739259e+00 1.388970131206e+00 1.873425e+00
0.900000 80.025000 1.318942637181e+00 1.390323924259e+00 1.916406e+00
0.900000 80.050000 1.380702331044e+00 1.387435972815e+00 1.957375e+00
0.900000 80.075000 1.442045742765e+00 1.380391505357e+00 1.996241e+00
0.900000 80.100000 1.502586805839e+00 1.369320983174e+00 2.032931e+00
0.900000 80.125000 1.561964168925e+00 1.354397045020e+00 2.067395e+00
0.900000 80.150000 1.619845690956e+00 1.335831216885e+00 2.099606e+00
0.900000 80.175000 1.675932814657e+00 1.313870300111e+00 2.129555e+00
0.900000 80.200000 1.729964848485e+00 1.288792307509e+00 2.157258e+00
0.900000 80.225000 1.781723116824e+00 1.260901796984e+00 2.182753e+00
0.900000 80.250000 1.831034862943e+00 1.230524458714e+00 2.206100e+00
0.900000 80.275000 1.877776717761e+00 1.198000845548e+00 2.227387e+00
0.900000 80.300000 1.921877488487e+00 1.163679194896e+00 2.246723e+00
0.900000 80.325000 1.963319982147e+00 1.127907369002e+00 2.264244e+00
0.900000 80.350000 2.002141565743e+00 1.091024032338e+00 2.280111e+00
0.900000 80.375000 2.038433180561e+00 1.053349281578e+00 2.294505e+00
0.900000 80.400000 2.072336573859e+00 1.015175036212e+00 2.307631e+00
0.900000 80.425000 2.104039584782e+00 9.767555775561e-01 2.319706e+00
0.900000 80.450000 2.133769418530e+00 9.382986826941e-01 2.330960e+00
0.900000 80.475000 2.161783956952e+00 8.999578315551e-01 2.341631e+00
0.900000 80.500000 2.188361276807e+00 8.618259656024e-01 2.351950e+00
0.900000 80.525000 2.213787669997e+00 8.239312437847e-01 2.362143e+00
0.900000 80.550000 2.238344574093e+00 7.862351762945e-01 2.372415e+00
0.900000 80.575000 2.262294918058e+00 7.486334225274e-01 2.382946e+00
0.900000 80.600000 2.285869460029e+00 7.109594218289e-01 2.393880e+00
0.900000 80.625000 2.309253735914e+00 6.729908911939e-01 2.405321e+00
0.900000 80.650000 2.332576246216e+00 6.344590811678e-01 2.417323e+00
0.900000 80.675000 2.355898482668e+00 5.950605383628e-01 2.429888e+00
0.900000 80.700000 2.379207337315e+00 5.544709886377e-01 2.442962e+00
0.900000 80.725000 2.402410347665e+00 5.123608367700e-01 2.456438e+00
0.900000 80.750000 2.425334117399e+00 4.684116828241e-01 2.470153e+00
0.900000 80.775000 2.447726119005e+00 4.223331873331e-01 2.483894e+00
0.900000 80.800000 2.469259939483e+00 3.738795800929e-01 2.497405e+00
0.900000 80.825000 2.489543880161e+00 3.228651022947e-01 2.510393e+00
0.900000 80.850000 2.508132673872e+00 2.691776987058e-01 2.522536e+00
0.900000 80.875000 2.524541943791e+00 2.127903339879e-01 2.533494e+00
0.900000 80.900000 2.538264904075e+00 1.537693920989e-01 2.542918e+00
0.900000 80.925000 2.548790698100e+00 9.227972618679e-02 2.550461e+00
0.900000 80.950000 2.555623689544e+00 2.858605383298e-02 2.555784e+00
0.900000 80.975000 2.558302967767e+00 -3.694946609904e-02 2.558570e+00
0.900000 81.000000 2.556421304047e+00 -1.038734888379e-01 2.558531e+00
0.900000 81.025000 2.549642800193e+00 -1.716514322112e-01 2.555414e+00
0.900000 81.050000 2.537718506172e+00 -2.396808288993e-01 2.549012e+00
0.900000 81.075000 2.520499347876e+00 -3.073076510352e-01 2.539164e+00
0.900000 81.100000 2.497945798402e+00 -3.738450475079e-01 2.525766e+00
0.900000 81.125000 2.470133843643e+00 -4.385938252785e-01 2.508770e+00
0.900000 81.150000 2.437256931861e+00 -5.008639211672e-01 2.488189e+00
0.900000 81.175000 2.399623752676e+00 -5.599960544204e-01 2.464100e+00
0.900000 81.200000 2.357651857551e+00 -6.153827266471e-01 2.436641e+00
0.900000 81.225000 2.311857304904e+00 -6.664877469782e-01 2.406011e+00
0.900000 81.250000 2.262840680618e+00 -7.128635078068e-01 2.372472e+00
0.900000 81.275000 2.211270001155e+00 -7.541653196445e-01 2.336339e+00
0.900000 81.300000 2.157861143401e+00 -7.901622301014e-01 2.297982e+00
0.900000 81.325000 2.103356555315e+00 -8.207438973159e-01 2.257815e+00
0.900000 81.350000 2.048503077535e+00 -8.459232559258e-01 2.216292e+00
0.900000 81.375000 1.994029743399e+00 -8.658348957427e-01 2.173896e+00
0.900000 81.400000 1.940626420156e+00 -8.807292601958e-01 2.131130e+00
0.900000 81.425000 1.888924107007e+00 -8.909629530781e-01 2.088504e+00
0.900000 81.450000 1.839477618094e+00 -8.969856078528e-01 2.046524e+00
0.900000 81.475000 1.792751255531e+00 -8.993239141000e-01 2.005677e+00
0.900000 81.500000 1.749107926306e+00 -8.985635024604e-01 1.966417e+00
0.900000 81.525000 1.708801986807e+00 -8.953294566193e-01 1.929150e+00
0.900000 81.550000 1.671975920573e+00 -8.902662451994e-01 1.894222e+00
0.900000 81.575000 1.638660779888e+00 -8.840178476268e-01 1.861907e+00
0.900000 81.600000 1.608780161052e+00 -8.772087889588e-01 1.832394e+00
0.900000 81.625000 1.582157346226e+00 -8.704267051340e-01 1.805786e+00
0.900000 81.650000 1.558525139310e+00 -8.642069403340e-01 1.782093e+00
0.900000 81.675000 1.537537854322e+00 -8.590195421259e-01 1.761232e+00
0.900000 81.700000 1.518784883980e+00 -8.552588786239e-01 1.743036e+00
0.900000 81.725000 1.501805282320e+00 -8.532359657855e-01 1.727261e+00
0.900000 81.750000 1.486102833699e+00 -8.531734718070e-01 1.713595e+00
0.900000 81.775000 1.471161144557e+00 -8.552032671271e-01 1.701672e+00
0.900000 81.800000 1.456458374982e+00 -8.593663179046e-01 1.691089e+00
0.900000 81.825000 1.441481314826e+00 -8.656146801303e-01 1.681415e+00
0.900000 81.850000 1.425738594097e+00 -8.738153397417e-01 1.672209e+00
0.900000 81.875000 1.408772891113e+00 -8.837556573304e-01 1.663029e+00
0.900000 81.900000 1.390172057691e+00 -8.951502079064e-01 1.653443e+00
0.900000 81.925000 1.369579114177e+00 -9.076488487043e-01 1.643038e+00
0.900000 81.950000 1.346701077228e+00 -9.208458923664e-01 1.631429e+00
0.900000 81.975000 1.321316571566e+00 -9.342903004078e-01 1.618263e+00
0.900000 82.000000 1.293282147888e+00 -9.474968351614e-01 1.603225e+00
0.900000 82.025000 1.262537189448e+00 -9.599581118731e-01 1.586039e+00
0.900000 82.050000 1.229107247707e+00 -9.711574732914e-01 1.566477e+00
0.900000 82.075000 1.193105611701e+00 -9.805825668729e-01 1.544358e+00
0.900000 82.100000 1.154732894766e+00 -9.877394424872e-01 1.519552e+00
0.900000 82.125000 1.114274423289e+00 -9.921669118188e-01 1.491979e+00
0.900000 82.150000 1.072095240232e+00 -9.934508272820e-01 1.461620e+00
0.900000 82.175000 1.028632593777e+00 -9.912378573904e-01 1.428509e+00
0.900000 82.200000 9.843858680901e-01 -9.852482669186e-01 1.392742e+00
0.900000 82.225000 9.399040251861e-01 -9.752871632382e-01 1.354476e+00
0.900000 82.250000 8.957707578769e-01 -9.612536530067e-01 1.313931e+00
0.900000 82.275000 8.525876949331e-01 -9.431473719286e-01 1.271390e+00
0.900000 82.300000 8.109561405460e-01 -9.210719078828e-01 1.227201e+00
0.900000 82.325000 7.714579596652e-01 -8.952347344973e-01 1.181775e+00
0.900000 82.350000 7.346363277631e-01 -8.659434051912e-01 1.135583e+00
0.900000 82.375000 7.009771379669e-01 -8.335979206327e-01 1.089153e+00
0.900000 82.400000 6.708918921602e-01 -7.986793666158e-01 1.043065e+00
0.900000 82.425000 6.447028899999e-01 -7.617351135439e-01 9.979390e-01
0.900000 82.450000 6.226314683379e-01 -7.233610607145e-01 9.544219e-01
0.900000 82.475000 6.047899341533e-01 -6.841815856429e-01 9.131677e-01
0.900000 82.500000 5.911776810576e-01 -6.448280084250e-01 8.748110e-01
0.900000 82.525000 5.816817901836e-01 -6.059164926428e-01 8.399336e-01
0.900000 82.550000 5.760822009958e-01 -5.680263687589e-01 8.090270e-01
0.900000 82.575000 5.740613085560e-01 -5.316798773243e-01 7.824512e-01
0.900000 82.600000 5.752176146381e-01 -4.973242849510e-01 7.603991e-01
0.900000 82.625000 5.790828448391e-01 -4.653172267355e-01 7.428708e-01
0.900000 82.650000 5.851417559781e-01 -4.359159791070e-01 7.296668e-01
0.900000 82.675000 5.928537097064e-01 -4.092711747197e-01 7.204016e-01
0.900000 82.700000 6.016749891828e-01 -3.854252467288e-01 7.145386e-01
0.900000 82.725000 6.110807927763e-01 -3.643156465711e-01 7.114391e-01
0.900000 82.750000 6.205858554247e-01 -3.457826316301e-01 7.104171e-01
0.900000 82.775000 6.297627241487e-01 -3.295811818373e-01 7.107917e-01
0.900000 82.800000 6.382568450985e-01 -3.153963918052e-01 7.119317e-01
0.900000 82.825000 6.457977976745e-01 -3.028615104820e-01 7.132881e-01
0.900000 82.850000 6.522062258207e-01 -2.915776742213e-01 7.144162e-01
0.900000 82.875000 6.573962542968e-01 -2.811343090918e-01 7.149869e-01
0.900000 82.900000 6.613734237946e-01 -2.711291681059e-01 7.147908e-01
0.900000 82.925000 6.642284178911e-01 -2.611870187633e-01 7.137353e-01
0.900000 82.950000 6.661270722677e-01 -2.509761018766e-01 7.118387e-01
0.900000 82.975000 6.672973392315e-01 -2.402216364038e-01 7.092194e-01
0.900000 83.000000 6.680140176839e-01 -2.287158361435e-01 7.060833e-01
0.900000 83.025000 6.685821429083e-01 -2.163241195475e-01 7.027078e-01
0.900000 83.050000 6.693199582397e-01 -2.029874190752e-01 6.994234e-01
0.900000 83.075000 6.705423621363e-01 -1.887207166908e-01 6.965935e-01
0.900000 83.100000 6.725456435732e-01 -1.736081332974e-01 6.945916e-01
0.900000 83.125000 6.755941936489e-01 -1.577950699466e-01 6.937772e-01
0.900000 83.150000 6.799097222603e-01 -1.414780280317e-01 6.944734e-01
0.900000 83.175000 6.856633280316e-01 -1.248928181377e-01 6.969451e-01
0.900000 83.200000 6.929705806527e-01 -1.083019001732e-01 7.013826e-01
0.900000 83.225000 7.018895905569e-01 -9.198158192989e-02 7.078910e-01
0.900000 83.250000 7.124218734866e-01 -7.620974378120e-02 7.164865e-01
0.900000 83.275000 7.245156769922e-01 -6.125466124218e-02 7.271005e-01
0.900000 83.300000 7.380713296834e-01 -4.736537410726e-02 7.395896e-01
0.900000 83.325000 7.529481063972e-01 -3.476391167559e-02 7.537502e-01
0.900000 83.350000 7.689720744948e-01 -2.363953932556e-02 7.693353e-01
0.900000 83.375000 7.859443962835e-01 -1.414505299252e-02 7.860717e-01
0.900000 83.400000 8.036496054841e-01 -6.395024148813e-03 8.036750e-01
0.900000 83.425000 8.218634450404e-01 -4.657958969446e-04 8.218636e-01
0.900000 83.450000 8.403599413605e-01 3.603044420206e-03 8.403677e-01
0.900000 83.475000 8.589174877055e-01 5.806036877493e-03 8.589371e-01
0.900000 83.500000 8.773238084771e-01 6.168403099996e-03 8.773455e-01
0.900000 83.525000 8.953797690549e-01 4.742112206806e-03 8.953923e-01
0.900000 83.550000 9.129020764587e-01 1.601756982910e-03 9.129035e-01
0.900000 83.575000 9.297249800157e-01 -3.159508815438e-03 9.297303e-01
0.900000 83.600000 9.457011259057e-01 -9.433779138885e-03 9.457482e-01
0.900000 83.625000 9.607017442822e-01 -1.710181985016e-02 9.608540e-01
0.900000 83.650000 9.746163536727e-01 -2.603603919154e-02 9.749641e-01
0.900000 83.675000 9.873521569604e-01 -3.610299045390e-02 9.880120e-01
0.900000 83.700000 9.988332798457e-01 -4.716543840930e-02 9.999462e-01
0.900000 83.725000 1.008999970246e+00 -5.908405479075e-02 1.010728e+00
0.900000 83.750000 1.017807839747e+00 -7.171882890749e-02 1.020332e+00
0.900000 83.775000 1.025227189906e+00 -8.493028752225e-02 1.028739e+00
0.900000 83.800000 1.031242430376e+00 -9.858061454033e-02 1.035944e+00
0.900000 83.825000 1.035851565267e+00 -1.125347477655e-01 1.041947e+00
0.900000 83.850000 1.039065700935e+00 -1.266615093620e-01 1.046757e+00
0.900000 83.875000 1.040908513607e+00 -1.408348013739e-01 1.050393e+00
0.900000 83.900000 1.041415609518e+00 -1.549348703654e-01 1.052878e+00
0.900000 83.925000 1.040633713103e+00 -1.688496185009e-01 1.054243e+00
0.900000 83.950000 1.038619629656e+00 -1.824759144286e-01 1.054527e+00
0.900000 83.975000 1.035438946274e+00 -1.957208380511e-01 1.053774e+00
0.900000 84.000000 1.031164457292e+00 -2.085027801146e-01 1.052033e+00
0.900000 84.025000 1.025874325942e+00 -2.207523115041e-01 1.049357e+00
0.900000 84.050000 1.019650020574e+00 -2.324127387025e-01 1.045802e+00
0.900000 84.075000 1.012574089457e+00 -2.434402710783e-01 1.041427e+00
0.900000 84.100000 1.004727860975e+00 -2.538037420349e-01 1.036289e+00
0.900000 84.125000 9.961891740895e-01 -2.634838486796e-01 1.030445e+00
0.900000 84.150000 9.870302557225e-01 -2.724719021902e-01 1.023948e+00
0.900000 84.175000 9.773158660309e-01 -2.807681117626e-01 1.016847e+00
0.900000 84.200000 9.671018285824e-01 -2.883794569036e-01 1.009182e+00
0.900000 84.225000 9.564340500183e-01 -2.953172337088e-01 1.000989e+00
0.900000 84.250000 9.453481131922e-01 -3.015943883948e-01 9.922914e-01
0.900000 84.275000 9.338694999345e-01 -3.072227736157e-01 9.831063e-01
0.900000 84.300000 9.220144659737e-01 -3.122104781084e-01 9.734403e-01
0.900000 84.325000 9.097915531086e-01 -3.165593865235e-01 9.632915e-01
0.900000 84.350000 8.972036847770e-01 -3.202631229874e-01 9.526505e-01
0.900000 84.375000 8.842507532523e-01 -3.233055187207e-01 9.415019e-01
0.900000 84.400000 8.709325723640e-01 -3.256597212992e-01 9.298268e-01
0.900000 84.425000 8.572520413060e-01 -3.272880319527e-01 9.176048e-01
0.900000 84.450000 8.432183448127e-01 -3.281425193322e-01 9.048175e-01
0.900000 84.475000 8.288500043563e-01 -3.281664155948e-01 8.914514e-01
0.900000 84.500000 8.141775949887e-01 -3.272962560069e-01 8.775010e-01
0.900000 84.525000 7.992459533361e-01 -3.254646792081e-01 8.629724e-01
0.900000 84.550000 7.841157236548e-01 -3.226037645172e-01 8.478860e-01
0.900000 84.575000 7.688641197190e-01 -3.186487476859e-01 8.322794e-01
0.900000 84.600000 7.535848190246e-01 -3.135419294462e-01 8.162099e-01
0.900000 84.625000 7.383869502646e-01 -3.072365737671e-01 7.997560e-01
0.900000 84.650000 7.233931828738e-01 -2.997005860459e-01 7.830186e-01
0.900000 84.675000 7.087369760263e-01 -2.909197660549e-01 7.661217e-01
0.900000 84.700000 6.945590912212e-01 -2.809004462743e-01 7.492112e-01
0.900000 84.725000 6.810035149276e-01 -2.696713526070e-01 7.324537e-01
0.900000 84.750000 6.682129733725e-01 -2.572845601832e-01 7.160335e-01
0.900000 84.775000 6.563242484446e-01 -2.438154603439e-01 7.001482e-01
0.900000 84.800000 6.454635202176e-01 -2.293617038275e-01 6.850036e-01
0.900000 84.825000 6.357419666626e-01 -2.140411372659e-01 6.708066e-01
0.900000 84.850000 6.272518441159e-01 -1.979888026476e-01 6.577571e-01
0.900000 84.875000 6.200632530179e-01 -1.813531196726e-01 6.460398e-01
0.900000 84.900000 6.142217629639e-01 -1.642914160970e-01 6.358145e-01
0.900000 84.925000 6.097470305086e-01 -1.469650086443e-01 6.272082e-01
0.900000 84.950000 6.066324943394e-01 -1.295340644800e-01 6.203080e-01
0.900000 84.975000 6.048461778731e-01 -1.121524887274e-01 6.151561e-01
0.900000 85.000000 6.043325719917e-01 -9.496308578358e-02 6.117482e-01
0.900000 85.025000 6.050155137970e-01 -7.809323072651e-02 6.100347e-01
0.900000 85.050000 6.068019243352e-01 -6.165126222962e-02 6.099258e-01
0.900000 85.075000 6.095862225272e-01 -4.572377130483e-02 6.112986e-01
0.900000 85.100000 6.132551970006e-01 -3.037391298364e-02 6.140069e-01
0.900000 85.125000 6.176930944691e-01 -1.564081353438e-02 6.178911e-01
0.900000 85.150000 6.227866743154e-01 -1.540087451147e-03 6.227886e-01
0.900000 85.175000 6.284299845981e-01 1.193458001261e-02 6.285433e-01
0.900000 85.200000 6.345286343392e-01 2.480888374203e-02 6.350134e-01
0.900000 85.225000 6.410033690560e-01 3.712452959834e-02 6.420775e-01
0.900000 85.250000 6.477927985934e-01 4.893522907570e-02 6.496385e-01
0.900000 85.275000 6.548551751678e-01 6.030226681480e-02 6.576258e-01
0.900000 85.300000 6.621691715219e-01 7.128986190953e-02 6.659957e-01
0.900000 85.325000 6.697336605047e-01 8.196054267329e-02 6.747301e-01
0.900000 85.350000 6.775665448127e-01 9.237074124474e-02 6.838339e-01
0.900000 85.375000 6.857027262361e-01 1.025667911887e-01 6.933312e-01
0.900000 85.400000 6.941913356045e-01 1.125814808083e-01 7.032611e-01
0.900000 85.425000 7.030923667560e-01 1.224312802925e-01 7.136724e-01
0.900000 85.450000 7.124728703740e-01 1.321143250928e-01 7.246184e-01
0.900000 85.475000 7.224028674410e-01 1.416092036830e-01 7.361515e-01
0.900000 85.500000 7.329511390959e-01 1.508745670840e-01 7.483185e-01
0.900000 85.525000 7.441810419653e-01 1.598495513224e-01 7.611552e-01
0.900000 85.550000 7.561464877565e-01 1.684549825458e-01 7.746835e-01
0.900000 85.575000 7.688882149208e-01 1.765953171878e-01 7.889075e-01
0.900000 85.600000 7.824304697994e-01 1.841612550800e-01 8.038114e-01
0.900000 85.625000 7.967782053386e-01 1.910329501462e-01 8.193590e-01
0.900000 85.650000 8.119148968310e-01 1.970837296827e-01 8.354925e-01
0.900000 85.675000 8.278010650557e-01 2.021842180435e-01 8.521344e-01
0.900000 85.700000 8.443735859260e-01 2.062067432838e-01 8.691881e-01
0.900000 85.725000 8.615458503631e-01 2.090298863845e-01 8.865409e-01
0.900000 85.750000 8.792088167835e-01 2.105430134226e-01 9.040666e-01
0.900000 85.775000 8.972329700800e-01 2.106506137320e-01 9.216294e-01
0.900000 85.800000 9.154711649521e-01 2.092762545771e-01 9.390868e-01
0.900000 85.825000 9.337622887137e-01 2.063659582838e-01 9.562944e-01
0.900000 85.850000 9.519356313541e-01 2.018908140956e-01 9.731091e-01
0.900000 85.875000 9.698158018851e-01 1.958486565087e-01 9.893934e-01
0.900000 85.900000 9.872279840199e-01 1.882646756808e-01 1.005019e+00
0.900000 85.925000 1.004003285672e+00 1.791908734356e-01 1.019869e+00
0.900000 85.950000 1.019983910238e+00 1.687043385406e-01 1.033842e+00
0.900000 85.975000 1.035027867245e+00 1.569043838808e-01 1.046853e+00
0.900000 86.000000 1.049012948535e+00 1.439086611017e-01 1.058838e+00
0.900000 86.025000 1.061839725221e+00 1.298484395029e-01 1.069750e+00
0.900000 86.050000 1.073433369533e+00 1.148632993225e-01 1.079561e+00
0.900000 86.075000 1.083744172041e+00 9.909553915603e-02 1.088265e+00
0.900000 86.100000 1.092746704316e+00 8.268462810342e-02 1.095870e+00
0.900000 86.125000 1.100437664123e+00 6.576204175633e-02 1.102401e+00
0.900000 86.150000 1.106832528115e+00 4.844680561693e-02 1.107892e+00
0.900000 86.175000 1.111961218751e+00 3.084203036734e-02 1.112389e+00
0.900000 86.200000 1.115863061109e+00 1.303266306087e-02 1.115939e+00
0.900000 86.225000 1.118581356035e+00 -4.915398846098e-03 1.118592e+00
0.900000 86.250000 1.120157924403e+00 -2.295477185918e-02 1.120393e+00
0.900000 86.275000 1.120627981275e+00 -4.105466288544e-02 1.121380e+00
0.900000 86.300000 1.120015678348e+00 -5.919768122280e-02 1.121579e+00
0.900000 86.325000 1.118330610225e+00 -7.737559020759e-02 1.121004e+00
0.900000 86.350000 1.115565518556e+00 -9.558426858349e-02 1.119653e+00
0.900000 86.375000 1.111695353005e+00 -1.138181988741e-01 1.117507e+00
0.900000 86.400000 1.106677764936e+00 -1.320648261901e-01 1.114530e+00
0.900000 86.425000 1.100455024875e+00 -1.502991354300e-01 1.110671e+00
0.900000 86.450000 1.092957273482e+00 -1.684787788608e-01 1.105866e+00
0.900000 86.475000 1.084106942871e+00 -1.865400520704e-01 1.100039e+00
0.900000 86.500000 1.073824124111e+00 -2.043949677259e-01 1.093104e+00
0.900000 86.525000 1.062032609988e+00 -2.219296173976e-01 1.084973e+00
0.900000 86.550000 1.048666310566e+00 -2.390039459618e-01 1.075557e+00
0.900000 86.575000 1.033675722884e+00 -2.554529944782e-01 1.064773e+00
0.900000 86.600000 1.017034134230e+00 -2.710895991407e-01 1.052544e+00
0.900000 86.625000 9.987432497439e-01 -2.857084684010e-01 1.038806e+00
0.900000 86.650000 9.788379580059e-01 -2.990914995163e-01 1.023513e+00
0.900000 86.675000 9.573899814094e-01 -3.110141408985e-01 1.006641e+00
0.900000 86.700000 9.345102002614e-01 -3.212525587587e-01 9.881865e-01
0.900000 86.725000 9.103494897539e-01 -3.295913265929e-01 9.681770e-01
0.900000 86.750000 8.850979662907e-01 -3.358313250969e-01 9.466684e-01
0.900000 86.775000 8.589826032208e-01 -3.397975194286e-01 9.237497e-01
0.900000 86.800000 8.322632446064e-01 -3.413462719023e-01 8.995440e-01
0.900000 86.825000 8.052271174189e-01 -3.403718528738e-01 8.742103e-01
0.900000 86.850000 7.781820150764e-01 -3.368118323190e-01 8.479443e-01
0.900000 86.875000 7.514483952323e-01 -3.306510705748e-01 8.209780e-01
0.900000 86.900000 7.253506982696e-01 -3.219240792711e-01 7.935797e-01
0.900000 86.925000 7.002082456359e-01 -3.107155919050e-01 7.660521e-01
0.900000 86.950000 6.763261144620e-01 -2.971592657203e-01 7.387291e-01
0.900000 86.975000 6.539864026810e-01 -2.814345290320e-01 7.119716e-01
0.900000 87.000000 6.334402938425e-01 -2.637616859497e-01 6.861609e-01
0.900000 87.025000 6.149013010634e-01 -2.443954875566e-01 6.616893e-01
0.900000 87.050000 5.985400149301e-01 -2.236174682206e-01 6.389483e-01
0.900000 87.075000 5.844806025385e-01 -2.017274209368e-01 6.183135e-01
0.900000 87.100000 5.727992081635e-01 -1.790344400210e-01 6.001269e-01
0.900000 87.125000 5.635242961402e-01 -1.558479878528e-01 5.846779e-01
0.900000 87.150000 5.566388608008e-01 -1.324694412198e-01 5.721844e-01
0.900000 87.175000 5.520843150724e-01 -1.091845408817e-01 5.627774e-01
0.900000 87.200000 5.497657671874e-01 -8.625710646805e-02 5.564914e-01
0.900000 87.225000 5.495583119616e-01 -6.392429145388e-02 5.532636e-01
0.900000 87.250000 5.513139060436e-01 -4.239354571566e-02 5.529414e-01
0.900000 87.275000 5.548683703169e-01 -2.184133386995e-02 5.552981e-01
0.900000 87.300000 5.600480696853e-01 -2.413535228708e-03 5.600533e-01
0.900000 87.325000 5.666758605897e-01 1.577266480732e-02 5.668953e-01
0.900000 87.350000 5.745759668531e-01 3.262568274093e-02 5.755015e-01
0.900000 87.375000 5.835775394415e-01 4.807561260732e-02 5.855544e-01
0.900000 87.400000 5.935167680421e-01 6.206988570316e-02 5.967536e-01
0.900000 87.425000 6.042375331930e-01 7.456894624150e-02 6.088214e-01
0.900000 87.450000 6.155907075940e-01 8.554235624324e-02 6.215058e-01
0.900000 87.475000 6.274323248700e-01 9.496569228820e-02 6.345784e-01
0.900000 87.500000 6.396209250378e-01 1.028185180676e-01 6.478322e-01
0.900000 87.525000 6.520144513551e-01 1.090836163429e-01 6.610765e-01
0.900000 87.550000 6.644671083167e-01 1.137475498312e-01 6.741328e-01
0.900000 87.575000 6.768265928626e-01 1.168025015525e-01 6.868312e-01
0.900000 87.600000 6.889320804625e-01 1.182492303808e-01 6.990066e-01
0.900000 87.625000 7.006132871413e-01 1.181008755635e-01 7.104976e-01
0.900000 87.650000 7.116908424139e-01 1.163872623960e-01 7.211448e-01
0.900000 87.675000 7.219781029621e-01 1.131593060301e-01 7.307923e-01
0.900000 87.700000 7.312844204920e-01 1.084930855895e-01 7.392886e-01
0.900000 87.725000 7.394197580015e-01 1.024931681803e-01 7.464894e-01
0.900000 87.750000 7.462004352858e-01 9.529480158705e-02 7.522607e-01
0.900000 87.775000 7.514556850418e-01 8.706466279159e-02 7.564826e-01
0.900000 87.800000 7.550346225611e-01 7.799994231317e-02 7.590529e-01
0.900000 87.825000 7.568131804637e-01 6.832565544638e-02 7.598912e-01
0.900000 87.850000 7.567005391273e-01 5.829019321174e-02 7.589423e-01
0.900000 87.875000 7.546445952938e-01 4.815924990790e-02 7.561797e-01
0.900000 87.900000 7.506360554620e-01 3.820838200636e-02 7.516079e-01
0.900000 87.925000 7.447108145960e-01 2.871455651490e-02 7.452642e-01
0.900000 87.950000 7.369503798307e-01 1.994712847196e-02 7.372203e-01
0.900000 87.975000 7.274802168688e-01 1.215874090889e-02 7.275818e-01
0.900000 88.000000 7.164660258526e-01 5.576662219911e-03 7.164877e-01
0.900000 88.025000 7.041080849770e-01 3.950633446581e-04 7.041082e-01
0.900000 88.050000 6.906339249308e-01 -3.231309226882e-03 6.906415e-01
0.900000 88.075000 6.762897066917e-01 -5.191686199829e-03 6.763096e-01
0.900000 88.100000 6.613307614343e-01 -5.421779373072e-03 6.613530e-01
0.900000 88.125000 6.460118080856e-01 -3.904085258723e-03 6.460236e-01
0.900000 88.150000 6.305773871361e-01 -6.659710745978e-04 6.305777e-01
0.900000 88.175000 6.152530368958e-01 4.224338543310e-03 6.152675e-01
0.900000 88.200000 6.002376912452e-01 1.066362797960e-02 6.003324e-01
0.900000 88.225000 5.856976994649e-01 1.852105318897e-02 5.859905e-01
0.900000 88.250000 5.717627646513e-01 2.764655700631e-02 5.724308e-01
0.900000 88.275000 5.585239751652e-01 3.787983796778e-02 5.598070e-01
0.900000 88.300000 5.460339724598e-01 4.905935138989e-02 5.482335e-01
0.900000 88.325000 5.343091679498e-01 6.103083416055e-02 5.377835e-01
0.900000 88.350000 5.233338005977e-01 7.365489027663e-02 5.284915e-01
0.900000 88.375000 5.130655238356e-01 8.681324828006e-02 5.203583e-01
0.900000 88.400000 5.034421319252e-01 1.004133980088e-01 5.133584e-01
0.900000 88.425000 4.943889862852e-01 1.143914246387e-01 5.074504e-01
0.900000 88.450000 4.858266836319e-01 1.287129742599e-01 5.025879e-01
0.900000 88.475000 4.776785194092e-01 1.433723986630e-01 4.987308e-01
0.900000 88.500000 4.698773389926e-01 1.583902298244e-01 4.958550e-01
0.900000 88.525000 4.623714306780e-01 1.738092204319e-01 4.939605e-01
0.900000 88.550000 4.551291922694e-01 1.896892511774e-01 4.930767e-01
0.900000 88.575000 4.481423901986e-01 2.061014461223e-01 4.932640e-01
0.900000 88.600000 4.414279196080e-01 2.231218539836e-01 4.946129e-01
0.900000 88.625000 4.350280593456e-01 2.408250474636e-01 4.972385e-01
0.900000 88.650000 4.290092922014e-01 2.592779680438e-01 5.012724e-01
0.900000 88.675000 4.234598242783e-01 2.785343043880e-01 5.068526e-01
0.900000 88.700000 4.184859861221e-01 2.986296435003e-01 5.141111e-01
0.900000 88.725000 4.142077317446e-01 3.195775798556e-01 5.231614e-01
0.900000 88.750000 4.107534709621e-01 3.413669130737e-01 5.340878e-01
0.900000 88.775000 4.082544775512e-01 3.639600126418e-01 5.469357e-01
0.900000 88.800000 4.068391132225e-01 3.872923808337e-01 5.617058e-01
0.900000 88.825000 4.066270980639e-01 4.112734033417e-01 5.783523e-01
0.900000 88.850000 4.077240443750e-01 4.357882411718e-01 5.967833e-01
0.900000 88.875000 4.102164545654e-01 4.607007862600e-01 6.168653e-01
0.900000 88.900000 4.141673660960e-01 4.858575758158e-01 6.384295e-01
0.900000 88.925000 4.196128075754e-01 5.110925352957e-01 6.612794e-01
0.900000 88.950000 4.265592096046e-01 5.362323961570e-01 6.851992e-01
0.900000 88.975000 4.349818908489e-01 5.611026116648e-01 7.099615e-01
0.900000 89.000000 4.448247129176e-01 5.855335722649e-01 7.353357e-01
0.900000 89.025000 4.560009658876e-01 6.093669023318e-01 7.610945e-01
0.900000 89.050000 4.683955090793e-01 6.324616040293e-01 7.870210e-01
0.900000 89.075000 4.818681489415e-01 6.546998035700e-01 8.129137e-01
0.900000 89.100000 4.962581884369e-01 6.759918524545e-01 8.385924e-01
0.900000 89.125000 5.113900317146e-01 6.962805432895e-01 8.639018e-01
0.900000 89.150000 5.270796764505e-01 7.155442180271e-01 8.887162e-01
0.900000 89.175000 5.431418769122e-01 7.337985767570e-01 9.129422e-01
0.900000 89.200000 5.593977167593e-01 7.510970374522e-01 9.365215e-01
0.900000 89.225000 5.756822950270e-01 7.675295503230e-01 9.594330e-01
0.900000 89.250000 5.918522045983e-01 7.832198327567e-01 9.816936e-01
0.900000 89.275000 6.077924721486e-01 7.983210595018e-01 1.003358e+00
0.900000 89.300000 6.234226337001e-01 8.130101144488e-01 1.024520e+00
0.900000 89.325000 6.387016413259e-01 8.274805813656e-01 1.045306e+00
0.900000 89.350000 6.536313340271e-01 8.419347173853e-01 1.065874e+00
0.900000 89.375000 6.682582582504e-01 8.565747111790e-01 1.086411e+00
0.900000 89.400000 6.826736889379e-01 8.715935741473e-01 1.107122e+00
0.900000 89.425000 6.970117776643e-01 8.871660447240e-01 1.128224e+00
0.900000 89.450000 7.114458369339e-01 9.034399007661e-01 1.149939e+00
0.900000 89.475000 7.261828552650e-01 9.205280715414e-01 1.172482e+00
0.900000 89.500000 7.414564221687e-01 9.385019184164e-01 1.196053e+00
0.900000 89.525000 7.575183212730e-01 9.573860122947e-01 1.220828e+00
0.900000 89.550000 7.746291195134e-01 9.771546773899e-01 1.246949e+00
0.900000 89.575000 7.930481365872e-01 9.977304972034e-01 1.274516e+00
0.900000 89.600000 8.130232182982e-01 1.018984892657e+00 1.303586e+00
0.900000 89.625000 8.347807572340e-01 1.040740788069e+00 1.334167e+00
0.900000 89.650000 8.585164025020e-01 1.062777282604e+00 1.366216e+00
0.900000 89.675000 8.843868761437e-01 1.084836148000e+00 1.399646e+00
0.900000 89.700000 9.125032677298e-01 1.106629883090e+00 1.434326e+00
0.900000 89.725000 9.429261121496e-01 1.127850977076e+00 1.470088e+00
0.900000 89.750000 9.756624717500e-01 1.148181971602e+00 1.506731e+00
0.900000 89.775000 1.010665146941e+00 1.167305870351e+00 1.544036e+00
0.900000 89.800000 1.047834034433e+00 1.184916427297e+00 1.581766e+00
0.900000 89.825000 1.087019545355e+00 1.200727852346e+00 1.619679e+00
0.900000 89.850000 1.128027892972e+00 1.214483505936e+00 1.657533e+00
0.900000 89.875000 1.170627967762e+00 1.225963210651e+00 1.695098e+00
0.900000 89.900000 1.214559441863e+00 1.234988884609e+00 1.732152e+00
0.900000 89.925000 1.259541690024e+00 1.241428293806e+00 1.768499e+00
0.900000 89.950000 1.305283083282e+00 1.245196822821e+00 1.803962e+00
0.900000 89.975000 1.351490206399e+00 1.246257269067e+00 1.838391e+00
0.900000 90.000000 1.397876570232e+00 1.244617768410e+00 1.871666e+00
0.900000 90.025000 1.444170433990e+00 1.240328053466e+00 1.903692e+00
0.900000 90.050000 1.490121416118e+00 1.233474324708e+00 1.934404e+00
0.900000 90.075000 1.535505651981e+00 1.224173074631e+00 1.963766e+00
0.900000 90.100000 1.580129345986e+00 1.212564243856e+00 1.991763e+00
0.900000 90.125000 1.623830659830e+00 1.198804103993e+00 2.018405e+00
0.900000 90.150000 1.666479971423e+00 1.183058255681e+00 2.043718e+00
0.900000 90.175000 1.707978625830e+00 1.165495102998e+00 2.067745e+00
0.900000 90.200000 1.748256375872e+00 1.146280120121e+00 2.090540e+00
0.900000 90.225000 1.787267772669e+00 1.125571165951e+00 2.112164e+00
0.900000 90.250000 1.824987812902e+00 1.103515031256e+00 2.132680e+00
0.900000 90.275000 1.861407178624e+00 1.080245324556e+00 2.152154e+00
0.900000 90.300000 1.896527416440e+00 1.055881721301e+00 2.170646e+00
0.900000 90.325000 1.930356395900e+00 1.030530519524e+00 2.188211e+00
0.900000 90.350000 1.962904362515e+00 1.004286367463e+00 2.204900e+00
0.900000 90.375000 1.994180860052e+00 9.772349579122e-01 2.220753e+00
0.900000 90.400000 2.024192741059e+00 9.494564233487e-01 2.235805e+00
0.900000 90.425000 2.052943415805e+00 9.210291181679e-01 2.250083e+00
0.900000 90.450000 2.080433410566e+00 8.920334425099e-01 2.263609e+00
0.900000 90.475000 2.106662219489e+00 8.625553487663e-01 2.276407e+00
0.900000 90.500000 2.131631344237e+00 8.326891790376e-01 2.288498e+00
0.900000 90.525000 2.155348326882e+00 8.025395109356e-01 2.299912e+00
0.900000 90.550000 2.177831499578e+00 7.722217404674e-01 2.310687e+00
0.900000 90.575000 2.199115105228e+00 7.418612031187e-01 2.320876e+00
0.900000 90.600000 2.219254392416e+00 7.115907248244e-01 2.330547e+00
0.900000 90.625000 2.238330260641e+00 6.815465986349e-01 2.339792e+00
0.900000 90.650000 2.256453032301e+00 6.518630942040e-01 2.348724e+00
0.900000 90.675000 2.273764958242e+00 6.226657180312e-01 2.357482e+00
0.900000 90.700000 2.290441123907e+00 5.940635441358e-01 2.366227e+00
0.900000 90.725000 2.306688510536e+00 5.661410189519e-01 2.375148e+00
0.900000 90.750000 2.322743074984e+00 5.389497029138e-01 2.384450e+00
0.900000 90.775000 2.338864834883e+00 5.125004384075e-01 2.394357e+00
0.900000 90.800000 2.355331073300e+00 4.867564259794e-01 2.405102e+00
0.900000 90.825000 2.372427898223e+00 4.616276475116e-01 2.416922e+00
0.900000 90.850000 2.390440496562e+00 4.369669995479e-01 2.430051e+00
0.900000 90.875000 2.409642500702e+00 4.125683983639e-01 2.444706e+00
0.900000 90.900000 2.430284931089e+00 3.881669999418e-01 2.461089e+00
0.900000 90.925000 2.452585187175e+00 3.634415536982e-01 2.479368e+00
0.900000 90.950000 2.476716531592e+00 3.380187905064e-01 2.499676e+00
0.900000 90.975000 2.502798452598e+00 3.114796444427e-01 2.522106e+00
0.900000 91.000000 2.530888205440e+00 2.833670330483e-01 2.546702e+00
0.900000 91.025000 2.560973734667e+00 2.531948790090e-01 2.573460e+00
0.900000 91.050000 2.592968078570e+00 2.204580492681e-01 2.602323e+00
0.900000 91.075000 2.626705266036e+00 1.846429138142e-01 2.633187e+00
0.900000 91.100000 2.661937645720e+00 1.452382796117e-01 2.665897e+00
0.900000 91.125000 2.698334545828e+00 1.017465259195e-01 2.700252e+00
0.900000 91.150000 2.735482153800e+00 5.369484381568e-02 2.736009e+00
0.900000 91.175000 2.772884528768e+00 6.465525363044e-04 2.772885e+00
0.900000 91.200000 2.809965710945e+00 -5.778748344392e-02 2.810560e+00
0.900000 91.225000 2.846072962414e+00 -1.219372892188e-01 2.848684e+00
0.900000 91.250000 2.880481251547e+00 -1.920620289290e-01 2.886877e+00
0.900000 91.275000 2.912399165494e+00 -2.683380777071e-01 2.924735e+00
0.900000 91.300000 2.940976489010e+00 -3.508470003210e-01 2.961830e+00
0.900000 91.325000 2.965313712485e+00 -4.395636208163e-01 2.997716e+00
0.900000 91.350000 2.984473719834e+00 -5.343444799350e-01 3.031931e+00
0.900000 91.375000 2.997495854629e+00 -6.349170887233e-01 3.064001e+00
0.900000 91.400000 3.003412471990e+00 -7.408704839325e-01 3.093441e+00
0.900000 91.425000 3.001267960461e+00 -8.516476612356e-01 3.119762e+00
0.900000 91.450000 2.990140072088e+00 -9.665404964946e-01 3.142473e+00
0.900000 91.475000 2.969163242584e+00 -1.084687757778e+00 3.161088e+00
0.900000 91.500000 2.937553429954e+00 -1.205076760527e+00 3.175127e+00
0.900000 91.525000 2.894633861713e+00 -1.326549128572e+00 3.184123e+00
0.900000 91.550000 2.839860967930e+00 -1.447811001727e+00 3.187627e+00
0.900000 91.575000 2.772849696506e+00 -1.567447885981e+00 3.185214e+00
0.900000 91.600000 2.693397361148e+00 -1.683944185561e+00 3.176485e+00
0.900000 91.625000 2.601505160350e+00 -1.795707297211e+00 3.161075e+00
0.900000 91.650000 2.497396522976e+00 -1.901095993956e+00 3.138655e+00
0.900000 91.675000 2.381531476879e+00 -1.998452683237e+00 3.108940e+00
0.900000 91.700000 2.254616294531e+00 -2.086138994065e+00 3.071689e+00
0.900000 91.725000 2.117607738854e+00 -2.162574027931e+00 3.026713e+00
0.900000 91.750000 1.971711310456e+00 -2.226274494563e+00 2.973877e+00
0.900000 91.775000 1.818372985126e+00 -2.275895841391e+00 2.913105e+00
0.900000 91.800000 1.659264032225e+00 -2.310273370700e+00 2.844384e+00
0.900000 91.825000 1.496258628102e+00 -2.328462219839e+00 2.767766e+00
0.900000 91.850000 1.331404133414e+00 -2.329774960537e+00 2.683373e+00
0.900000 91.875000 1.166884098450e+00 -2.313815461509e+00 2.591401e+00
0.900000 91.900000 1.004974303412e+00 -2.280507567910e+00 2.492125e+00
0.900000 91.925000 8.479924329964e-01 -2.230117099562e+00 2.385899e+00
0.900000 91.950000 6.982423223044e-01 -2.163265678287e+00 2.273161e+00
0.900000 91.975000 5.579540811369e-01 -2.080934983717e+00 2.154438e+00
0.900000 92.000000 4.292217853442e-01 -1.984460224929e+00 2.030348e+00
0.900000 92.025000 3.139407882252e-01 -1.875511913740e+00 1.901606e+00
0.900000 92.050000 2.137470179627e-01 -1.756065437445e+00 1.769026e+00
0.900000 92.075000 1.299608519339e-01 -1.628358445820e+00 1.633536e+00
0.900000 92.100000 6.353826013906e-02 -1.494836668515e+00 1.496186e+00
0.900000 92.125000 1.503185814369e-02 -1.358089431891e+00 1.358173e+00
0.900000 92.150000 -1.543571524894e-02 -1.220776806050e+00 1.220874e+00
0.900000 92.175000 -2.818408587432e-02 -1.085550933106e+00 1.085917e+00
0.900000 92.200000 -2.397166522976e-02 -9.549746140393e-01 9.552754e-01
0.900000 92.225000 -3.975696564495e-03 -8.314406132480e-01 8.314501e-01
0.900000 92.250000 3.024405093384e-02 -7.170953341916e-01 7.177328e-01
0.900000 92.275000 7.679693208537e-02 -6.137704958330e-01 6.185564e-01
0.900000 92.300000 1.335265354958e-01 -5.229261835653e-01 5.397047e-01
0.900000 92.325000 1.980865658854e-01 -4.456081644418e-01 4.876525e-01
0.900000 92.350000 2.680241451116e-01 -3.824216685869e-01 4.669939e-01
0.900000 92.375000 3.408667022858e-01 -3.335229885612e-01 4.768938e-01
0.900000 92.400000 4.142083791289e-01 -2.986292930010e-01 5.106349e-01
0.900000 92.425000 4.857918867264e-01 -2.770460571116e-01 5.592390e-01
0.900000 92.450000 5.535820165200e-01 -2.677105519217e-01 6.149162e-01
0.900000 92.475000 6.158275133005e-01 -2.692489759739e-01 6.721150e-01
0.900000 92.500000 6.711087233893e-01 -2.800441183945e-01 7.271944e-01
0.900000 92.525000 7.183692835131e-01 -2.983099584167e-01 7.778453e-01
0.900000 92.550000 7.569310505410e-01 -3.221693629984e-01 8.226407e-01
0.900000 92.575000 7.864924197535e-01 -3.497310506237e-01 8.607451e-01
0.900000 92.600000 8.071110714753e-01 -3.791622347727e-01 8.917355e-01
0.900000 92.625000 8.191729619184e-01 -4.087538151626e-01 9.154911e-01
0.900000 92.650000 8.233499856150e-01 -4.369756037150e-01 9.321228e-01
0.900000 92.675000 8.205491517195e-01 -4.625197997113e-01 9.419265e-01
0.900000 92.700000 8.118563206764e-01 -4.843317042923e-01 9.453507e-01
0.900000 92.725000 7.984775454732e-01 -5.016274286347e-01 9.429721e-01
0.900000 92.750000 7.816808735466e-01 -5.138990493114e-01 9.354770e-01
0.900000 92.775000 7.627411253309e-01 -5.209082555173e-01 9.236446e-01
0.900000 92.800000 7.428897162279e-01 -5.226699866172e-01 9.083331e-01
0.900000 92.825000 7.232710774152e-01 -5.194278603545e-01 8.904641e-01
0.900000 92.850000 7.049067035069e-01 -5.116233422819e-01 8.710063e-01
0.900000 92.875000 6.886673527202e-01 -4.998606187712e-01 8.509544e-01
0.900000 92.900000 6.752534804841e-01 -4.848690326093e-01 8.313033e-01
0.900000 92.925000 6.651836224287e-01 -4.674647514240e-01 8.130145e-01
0.900000 92.950000 6.587901681924e-01 -4.485130972183e-01 7.969746e-01
0.900000 92.975000 6.562217835937e-01 -4.288927010851e-01 7.839490e-01
0.900000 93.000000 6.574516365739e-01 -4.094623873200e-01 7.745335e-01
0.900000 93.025000 6.622905466131e-01 -3.910314556579e-01 7.691127e-01
0.900000 93.050000 6.704041892282e-01 -3.743338314982e-01 7.678331e-01
0.900000 93.075000 6.813335272870e-01 -3.600063962672e-01 7.705972e-01
0.900000 93.100000 6.945176918307e-01 -3.485716911348e-01 7.770824e-01
0.900000 93.125000 7.093185834961e-01 -3.404250996324e-01 7.867796e-01
0.900000 93.150000 7.250465031996e-01 -3.358265476947e-01 7.990444e-01
0.900000 93.175000 7.409861446101e-01 -3.348967017941e-01 8.131521e-01
0.900000 93.200000 7.564222931488e-01 -3.376175868332e-01 8.283479e-01
0.900000 93.225000 7.706645825867e-01 -3.438374777246e-01 8.438887e-01
0.900000 93.250000 7.830706687863e-01 -3.532798382191e-01 8.590729e-01
0.900000 93.275000 7.930671993182e-01 -3.655559876624e-01 8.732621e-01
0.900000 93.300000 8.001679951398e-01 -3.801810747238e-01 8.858930e-01
0.900000 93.325000 8.039889215684e-01 -3.965928333594e-01 8.964843e-01
0.900000 93.350000 8.042590127622e-01 -4.141724986065e-01 9.046388e-01
0.900000 93.375000 8.008275258826e-01 -4.322671768747e-01 9.100438e-01
0.900000 93.400000 7.936667341055e-01 -4.502129050322e-01 9.124684e-01
0.900000 93.425000 7.828704153250e-01 -4.673576007614e-01 9.117616e-01
0.900000 93.450000 7.686481478894e-01 -4.830831070067e-01 9.078487e-01
0.900000 93.475000 7.513156776253e-01 -4.968255668242e-01 9.007280e-01
0.900000 93.500000 7.312817637086e-01 -5.080934301021e-01 8.904673e-01
0.900000 93.525000 7.090320376759e-01 -5.164824869228e-01 8.772004e-01
0.900000 93.550000 6.851105145892e-01 -5.216874388742e-01 8.611238e-01
0.900000 93.575000 6.600994743214e-01 -5.235096536835e-01 8.424925e-01
0.900000 93.600000 6.345984819211e-01 -5.218608942687e-01 8.216167e-01
0.900000 93.625000 6.092033381571e-01 -5.167629650259e-01 7.988571e-01
0.900000 93.650000 5.844857446705e-01 -5.083433706902e-01 7.746203e-01
0.900000 93.675000 5.609744333355e-01 -4.968272316183e-01 7.493528e-01
0.900000 93.700000 5.391384474602e-01 -4.825258393830e-01 7.235340e-01
0.900000 93.725000 5.193731747169e-01 -4.658223637148e-01 6.976668e-01
0.900000 93.750000 5.019896199878e-01 -4.471553315374e-01 6.722659e-01
0.900000 93.775000 4.872072731628e-01 -4.270005864123e-01 6.478429e-01
0.900000 93.800000 4.751507759413e-01 -4.058524972958e-01 6.248876e-01
0.900000 93.825000 4.658504277945e-01 -3.842052145316e-01 6.038462e-01
0.900000 93.850000 4.592464009647e-01 -3.625347645646e-01 5.850972e-01
0.900000 93.875000 4.551963657159e-01 -3.412827304416e-01 5.689267e-01
0.900000 93.900000 4.534860692416e-01 -3.208421822113e-01 5.555082e-01
0.900000 93.925000 4.538422745327e-01 -3.015464018775e-01 5.448881e-01
0.900000 93.950000 4.559473587524e-01 -2.836607965196e-01 5.369837e-01
0.900000 93.975000 4.594548027256e-01 -2.673782184464e-01 5.315918e-01
0.900000 94.000000 4.640047802666e-01 -2.528177232897e-01 5.284101e-01
0.900000 94.025000 4.692390814192e-01 -2.400266082064e-01 5.270655e-01
0.900000 94.050000 4.748146766510e-01 -2.289853961658e-01 5.271464e-01
0.900000 94.075000 4.804153450319e-01 -2.196152816591e-01 5.282327e-01
0.900000 94.100000 4.857609399492e-01 -2.117874394422e-01 5.299223e-01
0.900000 94.125000 4.906140392517e-01 -2.053335295730e-01 5.318496e-01
0.900000 94.150000 4.947839089441e-01 -2.000567136779e-01 5.336982e-01
0.900000 94.175000 4.981278858555e-01 -1.957425292390e-01 5.352070e-01
0.900000 94.200000 5.005504408608e-01 -1.921690463538e-01 5.361713e-01
0.900000 94.225000 5.020003080888e-01 -1.891158463512e-01 5.364412e-01
0.900000 94.250000 5.024661482266e-01 -1.863715019831e-01 5.359166e-01
0.900000 94.275000 5.019712508887e-01 -1.837393907986e-01 5.345421e-01
0.900000 94.300000 5.005677719924e-01 -1.810418222762e-01 5.323009e-01
0.900000 94.325000 4.983309516328e-01 -1.781225918989e-01 5.292083e-01
0.900000 94.350000 4.953536744417e-01 -1.748481804882e-01 5.253067e-01
0.900000 94.375000 4.917416290215e-01 -1.711078871727e-01 5.206609e-01
0.900000 94.400000 4.876092084710e-01 -1.668132158636e-01 5.153537e-01
0.900000 94.425000 4.830761829827e-01 -1.618968288909e-01 5.094832e-01
0.900000 94.450000 4.782650793274e-01 -1.563113423309e-01 5.031607e-01
0.900000 94.475000 4.732991295195e-01 -1.500281735062e-01 4.965083e-01
0.900000 94.500000 4.683006074590e-01 -1.430365722274e-01 4.896580e-01
0.900000 94.525000 4.633893594910e-01 -1.353428843620e-01 4.827498e-01
0.900000 94.550000 4.586813505821e-01 -1.269700195070e-01 4.759306e-01
0.900000 94.575000 4.542870870404e-01 -1.179570324513e-01 4.693513e-01
0.900000 94.600000 4.503098320230e-01 -1.083586866838e-01 4.631636e-01
0.900000 94.625000 4.468435929518e-01 -9.824485036424e-02 4.575164e-01
0.900000 94.650000 4.439709218694e-01 -8.769958070632e-02 4.525499e-01
0.900000 94.675000 4.417606231952e-01 -7.681977868057e-02 4.483901e-01
0.900000 94.700000 4.402655026460e-01 -6.571333722757e-02 4.451426e-01
0.900000 94.725000 4.395203129175e-01 -5.449675647682e-02 4.428860e-01
0.900000 94.750000 4.395400552583e-01 -4.329225214934e-02 4.416669e-01
0.900000 94.775000 4.403187826943e-01 -3.222443232561e-02 4.414964e-01
0.900000 94.800000 4.418290235972e-01 -2.141665828052e-02 4.423478e-01
0.900000 94.825000 4.440219078266e-01 -1.098723402122e-02 4.441578e-01
0.900000 94.850000 4.468280364780e-01 -1.045585241342e-03 4.468293e-01
0.900000 94.875000 4.501590947074e-01 8.311407949191e-03 4.502358e-01
0.900000 94.900000 4.539101686394e-01 1.700276721399e-02 4.542285e-01
0.900000 94.925000 4.579626943197e-01 2.496631902838e-02 4.586427e-01
0.900000 94.950000 4.621879400775e-01 3.216102317039e-02 4.633055e-01
0.900000 94.975000 4.664509034458e-01 3.856862894842e-02 4.680427e-01
0.900000 95.000000 4.706144891204e-01 4.419458636696e-02 4.726851e-01
0.900000 95.025000 4.745438241463e-01 4.906816467168e-02 4.770739e-01
0.900000 95.050000 4.781105595611e-01 5.324175618181e-02 4.810659e-01
0.900000 95.075000 4.811970035362e-01 5.678936950867e-02 4.845365e-01
0.900000 95.100000 4.836999297955e-01 5.980434390386e-02 4.873830e-01
0.900000 95.125000 4.855339076560e-01 6.239634612132e-02 4.895268e-01
0.900000 95.150000 4.866340078885e-01 6.468774277681e-02 4.909146e-01
0.900000 95.175000 4.869577534605e-01 6.680947384975e-02 4.915194e-01
0.900000 95.200000 4.864862075981e-01 6.889658483108e-02 4.913406e-01
0.900000 95.225000 4.852241243411e-01 7.108360334202e-02 4.904032e-01
0.900000 95.250000 4.831991286447e-01 7.349996752523e-02 4.887572e-01
0.900000 95.275000 4.804599425749e-01 7.626572472020e-02 4.864753e-01
0.900000 95.300000 4.770737283264e-01 7.948771689585e-02 4.836503e-01
0.900000 95.325000 4.731226735906e-01 8.325645203213e-02 4.803922e-01
0.900000 95.350000 4.686999952869e-01 8.764382758552e-02 4.768240e-01
0.900000 95.375000 4.639055787528e-01 9.270182455257e-02 4.730772e-01
0.900000 95.400000 4.588414964513e-01 9.846223148912e-02 4.692870e-01
0.900000 95.425000 4.536076595311e-01 1.049373917850e-01 4.655875e-01
0.900000 95.450000 4.482978452495e-01 1.121219003445e-01 4.621063e-01
0.900000 95.475000 4.429963134755e-01 1.199951139129e-01 4.589603e-01
0.900000 95.500000 4.377751785402e-01 1.285242887337e-01 4.562517e-01
0.900000 95.525000 4.326926429369e-01 1.376681251163e-01 4.540655e-01
0.900000 95.550000 4.277921326907e-01 1.473804842806e-01 4.524678e-01
0.900000 95.575000 4.231023074754e-01 1.576140497681e-01 4.515061e-01
0.900000 95.600000 4.186378586885e-01 1.683237326298e-01 4.512101e-01
0.900000 95.625000 4.144009619402e-01 1.794696630270e-01 4.515944e-01
0.900000 95.650000 4.103832214435e-01 1.910196653829e-01 4.526620e-01
0.900000 95.675000 4.065679351917e-01 2.029511730153e-01 4.544080e-01
0.900000 95.700000 4.029325216295e-01 2.152525939738e-01 4.568241e-01
0.900000 95.725000 3.994509782978e-01 2.279241857002e-01 4.599027e-01
0.900000 95.750000 3.960962859018e-01 2.409785264567e-01 4.636409e-01
0.900000 95.775000 3.928427209372e-01 2.544406825576e-01 4.680443e-01
0.900000 95.800000 3.896680889891e-01 2.683481610912e-01 4.731300e-01
0.900000 95.825000 3.865559316136e-01 2.827507095067e-01 4.789295e-01
0.900000 95.850000 3.834977857719e-01 2.977099802168e-01 4.854913e-01
0.900000 95.875000 3.804955812287e-01 3.132990263701e-01 4.928825e-01
0.900000 95.900000 3.775642456979e-01 3.296015418090e-01 5.011905e-01
0.900000 95.925000 3.747345500693e-01 3.467107120695e-01 5.105236e-01
0.900000 95.950000 3.720561698659e-01 3.647275118954e-01 5.210105e-01
0.900000 95.975000 3.696008697992e-01 3.837582745588e-01 5.327994e-01
0.900000 96.000000 3.674656435594e-01 4.039113736406e-01 5.460544e-01
0.900000 96.025000 3.657755696861e-01 4.252929004767e-01 5.609508e-01
0.900000 96.050000 3.646860857032e-01 4.480012888800e-01 5.776687e-01
0.900000 96.075000 3.643843452166e-01 4.721209286917e-01 5.963842e-01
0.900000 96.100000 3.650893133093e-01 4.977149142395e-01 6.172604e-01
0.900000 96.125000 3.670502789200e-01 5.248171838694e-01 6.404366e-01
0.900000 96.150000 3.705435206353e-01 5.534244120890e-01 6.660188e-01
0.900000 96.175000 3.758669529200e-01 5.834881059292e-01 6.940708e-01
0.900000 96.200000 3.833326985153e-01 6.149074219883e-01 7.246069e-01
0.900000 96.225000 3.932576719189e-01 6.475232519493e-01 7.575869e-01
0.900000 96.250000 4.059524085443e-01 6.811141162971e-01 7.929147e-01
0.900000 96.275000 4.217085228161e-01 7.153943556771e-01 8.304379e-01
0.900000 96.300000 4.407853139697e-01 7.500150174037e-01 8.699507e-01
0.900000 96.325000 4.633961489062e-01 7.845677051637e-01 9.111984e-01
0.900000 96.350000 4.896953267870e-01 8.185915003209e-01 9.538834e-01
0.900000 96.375000 5.197661620427e-01 8.515828836601e-01 9.976724e-01
0.900000 96.400000 5.536110061219e-01 8.830083991899e-01 1.042204e+00
0.900000 96.425000 5.911438621903e-01 9.123196202616e-01 1.087096e+00
0.900000 96.450000 6.321861334864e-01 9.389698163749e-01 1.131956e+00
0.900000 96.475000 6.764658913525e-01 9.624315892979e-01 1.176385e+00
0.900000 96.500000 7.236208626825e-01 9.822146602039e-01 1.219989e+00
0.900000 96.525000 7.732051310662e-01 9.978829531240e-01 1.262385e+00
0.900000 96.550000 8.246993355406e-01 1.009070138198e+00 1.303208e+00
0.900000 96.575000 8.775239506259e-01 1.015492870886e+00 1.342116e+00
0.900000 96.600000 9.310550558813e-01 1.016961086138e+00 1.378794e+00
0.900000 96.625000 9.846418655213e-01 1.013384871175e+00 1.412964e+00
0.900000 96.650000 1.037625198921e+00 1.004777635182e+00 1.444384e+00
0.900000 96.675000 1.089356037585e+00 9.912555044957e-01 1.472849e+00
0.900000 96.700000 1.139213335527e+00 9.730330821776e-01 1.498199e+00
0.900000 96.725000 1.186620325506e+00 9.504159053000e-01 1.520315e+00
0.900000 96.750000 1.231058686287e+00 9.237900976193e-01 1.539121e+00
0.900000 96.775000 1.272080095143e+00 8.936098376913e-01 1.554582e+00
0.900000 96.800000 1.309314871369e+00 8.603833349549e-01 1.566705e+00
0.900000 96.825000 1.342477605096e+00 8.246580253256e-01 1.575534e+00
0.900000 96.850000 1.371369845392e+00 7.870056647058e-01 1.581149e+00
0.900000 96.875000 1.395880077929e+00 7.480079195316e-01 1.583666e+00
0.900000 96.900000 1.415981343428e+00 7.082429381393e-01 1.583228e+00
0.900000 96.925000 1.431726925666e+00 6.682732484841e-01 1.580010e+00
0.900000 96.950000 1.443244568363e+00 6.286351814712e-01 1.574210e+00
0.900000 96.975000 1.450729665175e+00 5.898298798649e-01 1.566051e+00
0.900000 97.000000 1.454437812352e+00 5.523158340703e-01 1.555777e+00
0.900000 97.025000 1.454677029212e+00 5.165027987940e-01 1.543652e+00
0.900000 97.050000 1.451799850374e+00 4.827468955136e-01 1.529957e+00
0.900000 97.075000 1.446195389609e+00 4.513466970008e-01 1.514990e+00
0.900000 97.100000 1.438281382245e+00 4.225401191922e-01 1.499064e+00
0.900000 97.125000 1.428496143144e+00 3.965020054394e-01 1.482503e+00
0.900000 97.150000 1.417290339271e+00 3.733423679388e-01 1.465639e+00
0.900000 97.175000 1.405118474334e+00 3.531053380869e-01 1.448807e+00
0.900000 97.200000 1.392430017832e+00 3.357689580067e-01 1.432341e+00
0.900000 97.225000 1.379660177355e+00 3.212460068617e-01 1.416567e+00
0.900000 97.250000 1.367220402320e+00 3.093860875673e-01 1.401789e+00
0.900000 97.275000 1.355488807768e+00 2.999791954802e-01 1.388286e+00
0.900000 97.300000 1.344800805026e+00 2.927609484241e-01 1.376299e+00
0.900000 97.325000 1.335440308613e+00 2.874195794590e-01 1.366020e+00
0.900000 97.350000 1.327631944114e+00 2.836046869923e-01 1.357585e+00
0.900000 97.375000 1.321534701022e+00 2.809376115759e-01 1.351066e+00
0.900000 97.400000 1.317237453121e+00 2.790231777735e-01 1.346465e+00
0.900000 97.425000 1.314756706520e+00 2.774624164278e-01 1.343715e+00
0.900000 97.450000 1.314036836212e+00 2.758657803586e-01 1.342682e+00
0.900000 97.475000 1.314952944283e+00 2.738662957206e-01 1.343169e+00
0.900000 97.500000 1.317316327615e+00 2.711320593305e-01 1.344929e+00
0.900000 97.525000 1.320882393069e+00 2.673775026012e-01 1.347672e+00
0.900000 97.550000 1.325360716517e+00 2.623728943575e-01 1.351081e+00
0.900000 97.575000 1.330426820515e+00 2.559516428240e-01 1.354824e+00
0.900000 97.600000 1.335735153162e+00 2.480150732465e-01 1.358565e+00
0.900000 97.625000 1.340932693684e+00 2.385344915335e-01 1.361984e+00
0.900000 97.650000 1.345672590797e+00 2.275504846552e-01 1.364776e+00
0.900000 97.675000 1.349627256580e+00 2.151695443847e-01 1.366672e+00
0.900000 97.700000 1.352500386679e+00 2.015582229215e-01 1.367437e+00
0.900000 97.725000 1.354037450421e+00 1.869351300644e-01 1.366880e+00
0.900000 97.750000 1.354034283539e+00 1.715611578655e-01 1.364860e+00
0.900000 97.775000 1.352343513454e+00 1.557283690788e-01 1.361280e+00
0.900000 97.800000 1.348878645057e+00 1.397480118515e-01 1.356098e+00
0.900000 97.825000 1.343615727878e+00 1.239381286064e-01 1.349320e+00
0.900000 97.850000 1.336592610113e+00 1.086112166505e-01 1.340998e+00
0.900000 97.875000 1.327905859643e+00 9.406237658426e-02 1.331233e+00
0.900000 97.900000 1.317705497920e+00 8.055835618418e-02 1.320166e+00
0.900000 97.925000 1.306187751163e+00 6.832786481749e-02 1.307974e+00
0.900000 97.950000 1.293586077522e+00 5.755349755443e-02 1.294866e+00
0.900000 97.975000 1.280160780880e+00 4.836556815949e-02 1.281074e+00
0.900000 98.000000 1.266187573100e+00 4.083810380890e-02 1.266846e+00
0.900000 98.025000 1.251945496208e+00 3.498719869041e-02 1.252434e+00
0.900000 98.050000 1.237704662076e+00 3.077185559765e-02 1.238087e+00
0.900000 98.075000 1.223714305250e+00 2.809736218883e-02 1.224037e+00
0.900000 98.100000 1.210191669307e+00 2.682115139211e-02 1.210489e+00
0.900000 98.125000 1.197312252264e+00 2.676098546097e-02 1.197611e+00
0.900000 98.150000 1.185201916276e+00 2.770518487106e-02 1.185526e+00
0.900000 98.175000 1.173931316705e+00 2.942450351153e-02 1.174300e+00
0.900000 98.200000 1.163513023274e+00 3.168513921450e-02 1.163944e+00
0.900000 98.225000 1.153901592149e+00 3.426227344316e-02 1.154410e+00
0.900000 98.250000 1.144996706415e+00 3.695346574121e-02 1.145593e+00
0.900000 98.275000 1.136649340753e+00 3.959119602038e-02 1.137339e+00
0.900000 98.300000 1.128670734231e+00 4.205385728009e-02 1.129454e+00
0.900000 98.325000 1.120843785181e+00 4.427455614038e-02 1.121718e+00
0.900000 98.350000 1.112936326996e+00 4.624717797868e-02 1.113897e+00
0.900000 98.375000 1.104715616025e+00 4.802931291907e-02 1.105759e+00
0.900000 98.400000 1.095963273555e+00 4.974181005286e-02 1.097091e+00
0.900000 98.425000 1.086489881235e+00 5.156491864591e-02 1.087713e+00
0.900000 98.450000 1.076148437767e+00 5.373117311216e-02 1.077489e+00
0.900000 98.475000 1.064845944621e+00 5.651536884195e-02 1.066345e+00
0.900000 98.500000 1.052552495932e+00 6.022214455369e-02 1.054274e+00
0.900000 98.525000 1.039307394861e+00 6.517182151494e-02 1.041349e+00
0.900000 98.550000 1.025221994558e+00 7.168524134878e-02 1.027725e+00
0.900000 98.575000 1.010479153339e+00 8.006838644785e-02 1.013646e+00
0.900000 98.600000 9.953293867621e-01 9.059755855125e-02 9.994441e-01
0.900000 98.625000 9.800839803077e-01 1.035058341284e-01 9.855344e-01
0.900000 98.650000 9.651054830833e-01 1.189714158869e-01 9.724108e-01
0.900000 98.675000 9.507961257701e-01 1.371083669927e-01 9.606310e-01
0.900000 98.700000 9.375847882262e-01 1.579600595217e-01 9.507979e-01
0.900000 98.725000 9.259131807893e-01 1.814955033337e-01 9.435337e-01
0.900000 98.750000 9.162218987305e-01 2.076085579484e-01 9.394487e-01
0.900000 98.775000 9.089369651462e-01 2.361198790938e-01 9.391054e-01
0.900000 98.800000 9.044574000373e-01 2.667813224856e-01 9.429822e-01
0.900000 98.825000 9.031442505415e-01 2.992824268495e-01 9.514408e-01
0.900000 98.850000 9.053113984143e-01 3.332585302594e-01 9.647020e-01
0.900000 98.875000 9.112183353646e-01 3.683000399242e-01 9.828346e-01
0.900000 98.900000 9.210649736783e-01 4.039623744366e-01 1.005757e+00
0.900000 98.925000 9.349884466264e-01 4.397761259306e-01 1.033250e+00
0.900000 98.950000 9.530617568531e-01 4.752570426113e-01 1.064986e+00
0.900000 98.975000 9.752940559073e-01 5.099155036316e-01 1.100551e+00
0.900000 99.000000 1.001632287126e+00 5.432652415936e-01 1.139475e+00
0.900000 99.025000 1.031963898156e+00 5.748311562394e-01 1.181262e+00
0.900000 99.050000 1.066120327840e+00 6.041561496224e-01 1.225405e+00
0.900000 99.075000 1.103880992791e+00 6.308069923428e-01 1.271405e+00
0.900000 99.100000 1.144977538386e+00 6.543792972439e-01 1.318782e+00
0.900000 99.125000 1.189098172689e+00 6.745017273988e-01 1.367080e+00
0.900000 99.150000 1.235891965030e+00 6.908395965356e-01 1.415870e+00
0.900000 99.175000 1.284973057965e+00 7.030980308307e-01 1.464753e+00
0.900000 99.200000 1.335924806628e+00 7.110248512313e-01 1.513358e+00
0.900000 99.225000 1.388303917498e+00 7.144133064644e-01 1.561337e+00
0.900000 99.250000 1.441644704254e+00 7.131047413656e-01 1.608371e+00
0.900000 99.275000 1.495463607477e+00 7.069912270678e-01 1.654161e+00
0.900000 99.300000 1.549264134224e+00 6.960181139721e-01 1.698429e+00
0.900000 99.325000 1.602542361179e+00 6.801864011763e-01 1.740918e+00
0.900000 99.350000 1.654793110894e+00 6.595547534780e-01 1.781391e+00
0.900000 99.375000 1.705516856387e+00 6.342409456405e-01 1.819629e+00
0.900000 99.400000 1.754227338119e+00 6.044224791869e-01 1.855435e+00
0.900000 99.425000 1.800459794673e+00 5.703361045804e-01 1.888634e+00
0.900000 99.450000 1.843779620423e+00 5.322759946715e-01 1.919073e+00
0.900000 99.475000 1.883791178064e+00 4.905903553343e-01 1.946625e+00
0.900000 99.500000 1.920146418750e+00 4.456763255943e-01 1.971190e+00
0.900000 99.525000 1.952552905860e+00 3.979731092348e-01 1.992698e+00
0.900000 99.550000 1.980780806684e+00 3.479533875629e-01 2.011110e+00
0.900000 99.575000 2.004668415205e+00 2.961131813803e-01 2.026420e+00
0.900000 99.600000 2.024125801450e+00 2.429604503923e-01 2.038655e+00
0.900000 99.625000 2.039136249405e+00 1.890028305954e-01 2.047877e+00
0.900000 99.650000 2.049755243675e+00 1.347350048132e-01 2.054179e+00
0.900000 99.675000 2.056106889846e+00 8.062626949813e-02 2.057687e+00
0.900000 99.700000 2.058377797176e+00 2.710889476151e-02 2.058556e+00
0.900000 99.725000 2.056808604853e+00 -2.543213074011e-02 2.056966e+00
0.900000 99.750000 2.051683483761e+00 -7.666742514248e-02 2.053115e+00
0.900000 99.775000 2.043318082571e+00 -1.263291510499e-01 2.047220e+00
0.900000 99.800000 2.032046499266e+00 -1.742142306863e-01 2.039501e+00
0.900000 99.825000 2.018207937053e+00 -2.201846552404e-01 2.030183e+00
0.900000 99.850000 2.002133739754e+00 -2.641648752554e-01 2.019486e+00
0.900000 99.875000 1.984135491847e+00 -3.061364356909e-01 2.007614e+00
0.900000 99.900000 1.964494811504e+00 -3.461301898724e-01 1.994755e+00
0.900000 99.925000 1.943455363858e+00 -3.842165781466e-01 1.981071e+00
0.900000 99.950000 1.921217482849e+00 -4.204945779629e-01 1.966696e+00
0.900000 99.975000 1.897935622475e+00 -4.550800127044e-01 1.951732e+00
0.900000 100.000000 1.873718674247e+00 -4.880939401348e-01 1.936248e+00
