# zline X=10000000 rho=0.75 C(X)=14 mode=v
# sigma t ReF ImF |F|
0.700000 0.100000 -1.348637481667e+00 -7.709235700809e-01 1.553430e+00
0.700000 0.125000 -1.231636732570e+00 -9.126884143193e-01 1.532948e+00
0.700000 0.150000 -1.104623320931e+00 -1.028700795291e+00 1.509443e+00
0.700000 0.175000 -9.732731444929e-01 -1.119725099537e+00 1.483592e+00
0.700000 0.200000 -8.421790628509e-01 -1.187778557138e+00 1.456051e+00
0.700000 0.225000 -7.147504877568e-01 -1.235598025546e+00 1.427435e+00
0.700000 0.250000 -5.932958903356e-01 -1.266203350505e+00 1.398310e+00
0.700000 0.275000 -4.792030297021e-01 -1.282587206565e+00 1.369184e+00
0.700000 0.300000 -3.731501999889e-01 -1.287523374634e+00 1.340506e+00
0.700000 0.325000 -2.753065897120e-01 -1.283467996817e+00 1.312663e+00
0.700000 0.350000 -1.855010913847e-01 -1.272525195238e+00 1.285975e+00
0.700000 0.375000 -1.033533707559e-01 -1.256452568605e+00 1.260696e+00
0.700000 0.400000 -2.836919709141e-02 -1.236688524104e+00 1.237014e+00
0.700000 0.425000 3.999426318353e-02 -1.214389503798e+00 1.215048e+00
0.700000 0.450000 1.022864972408e-01 -1.190469906045e+00 1.194856e+00
0.700000 0.475000 1.590387581554e-01 -1.165640763381e+00 1.176440e+00
0.700000 0.500000 2.107509488388e-01 -1.140445275297e+00 1.159755e+00
0.700000 0.525000 2.578861202420e-01 -1.115290453879e+00 1.144717e+00
0.700000 0.550000 3.008694889501e-01 -1.090474732993e+00 1.131220e+00
0.700000 0.575000 3.400897913114e-01 -1.066211653090e+00 1.119137e+00
0.700000 0.600000 3.759015353668e-01 -1.042649825152e+00 1.108341e+00
0.700000 0.625000 4.086272964703e-01 -1.019889399632e+00 1.098704e+00
0.700000 0.650000 4.385596438220e-01 -9.979952759098e-01 1.090105e+00
0.700000 0.675000 4.659626000098e-01 -9.770073105268e-01 1.082434e+00
0.700000 0.700000 4.910727398830e-01 -9.569478238771e-01 1.075594e+00
0.700000 0.725000 5.141001440701e-01 -9.378267588838e-01 1.069494e+00
0.700000 0.750000 5.352294522977e-01 -9.196448992026e-01 1.064057e+00
0.700000 0.775000 5.546212299192e-01 -9.023955951845e-01 1.059208e+00
0.700000 0.800000 5.724137867414e-01 -8.860654615883e-01 1.054879e+00
0.700000 0.825000 5.887254900723e-01 -8.706344944848e-01 1.051001e+00
0.700000 0.850000 6.036575130876e-01 -8.560760039461e-01 1.047506e+00
0.700000 0.875000 6.172968721384e-01 -8.423566775446e-01 1.044328e+00
0.700000 0.900000 6.297195457719e-01 -8.294369859489e-01 1.041399e+00
0.700000 0.925000 6.409934422576e-01 -8.172720280596e-01 1.038656e+00
0.700000 0.950000 6.511809938680e-01 -8.058128029418e-01 1.036036e+00
0.700000 0.975000 6.603412018201e-01 -7.950078026198e-01 1.033483e+00
0.700000 1.000000 6.685310274590e-01 -7.848047545282e-01 1.030947e+00
0.700000 1.025000 6.758061110809e-01 -7.751523119891e-01 1.028385e+00
0.700000 1.050000 6.822208861263e-01 -7.660014973889e-01 1.025760e+00
0.700000 1.075000 6.878282299822e-01 -7.573067423896e-01 1.023045e+00
0.700000 1.100000 6.926788422444e-01 -7.490264344270e-01 1.020218e+00
0.700000 1.125000 6.968205598807e-01 -7.411229573366e-01 1.017262e+00
0.700000 1.150000 7.002978040885e-01 -7.335622929039e-01 1.014165e+00
0.700000 1.175000 7.031513087978e-01 -7.263133164555e-01 1.010917e+00
0.700000 1.200000 7.054182134381e-01 -7.193469625601e-01 1.007509e+00
0.700000 1.225000 7.071325239785e-01 -7.126354496362e-01 1.003935e+00
0.700000 1.250000 7.083258692769e-01 -7.061517328314e-01 1.000188e+00
0.700000 1.275000 7.090284170329e-01 -6.998693062068e-01 9.962622e-01
0.700000 1.300000 7.092697754606e-01 -6.937624059260e-01 9.921542e-01
0.700000 1.325000 7.090796996062e-01 -6.878065871741e-01 9.878623e-01
0.700000 1.350000 7.084884464937e-01 -6.819795718855e-01 9.833880e-01
0.700000 1.375000 7.075266772907e-01 -6.762622046563e-01 9.787362e-01
0.700000 1.400000 7.062248790373e-01 -6.706393206571e-01 9.739151e-01
0.700000 1.425000 7.046123614235e-01 -6.651003281548e-01 9.689360e-01
0.700000 1.450000 7.027159622381e-01 -6.596393405383e-01 9.638121e-01
0.700000 1.475000 7.005586555907e-01 -6.542547543818e-01 9.585571e-01
0.700000 1.500000 6.981582894443e-01 -6.489482521850e-01 9.531835e-01
0.700000 1.525000 6.955266771831e-01 -6.437232986913e-01 9.477009e-01
0.700000 1.550000 6.926692308762e-01 -6.385832842265e-01 9.421143e-01
0.700000 1.575000 6.895852560157e-01 -6.335295339638e-01 9.364227e-01
0.700000 1.600000 6.862689381116e-01 -6.285594376876e-01 9.306192e-01
0.700000 1.625000 6.827109534221e-01 -6.236649540499e-01 9.246903e-01
0.700000 1.650000 6.789005437279e-01 -6.188317054024e-01 9.186178e-01
0.700000 1.675000 6.748278223162e-01 -6.140388085662e-01 9.123794e-01
0.700000 1.700000 6.704860364678e-01 -6.092594928898e-01 9.059518e-01
0.700000 1.725000 6.658735075885e-01 -6.044624528193e-01 8.993122e-01
0.700000 1.750000 6.609950050956e-01 -5.996137828398e-01 8.924411e-01
0.700000 1.775000 6.558623799091e-01 -5.946792624632e-01 8.853242e-01
0.700000 1.800000 6.504943784054e-01 -5.896267096788e-01 8.779536e-01
0.700000 1.825000 6.449156647083e-01 -5.844281103528e-01 8.703289e-01
0.700000 1.850000 6.391551830625e-01 -5.790612602587e-01 8.624565e-01
0.700000 1.875000 6.332440780726e-01 -5.735107218305e-01 8.543492e-01
0.700000 1.900000 6.272134465565e-01 -5.677679900899e-01 8.460243e-01
0.700000 1.925000 6.210922128668e-01 -5.618308684222e-01 8.375019e-01
0.700000 1.950000 6.149053973958e-01 -5.557021598833e-01 8.288025e-01
0.700000 1.975000 6.086729891060e-01 -5.493878686915e-01 8.199450e-01
0.700000 2.000000 6.024095460506e-01 -5.428951671098e-01 8.109454e-01
0.700000 2.025000 5.961245456825e-01 -5.362304069024e-01 8.018151e-01
0.700000 2.050000 5.898234040544e-01 -5.293974391989e-01 7.925612e-01
0.700000 2.075000 5.835089943956e-01 -5.223964548790e-01 7.831863e-01
0.700000 2.100000 5.771834333345e-01 -5.152234777281e-01 7.736898e-01
0.700000 2.125000 5.708498754664e-01 -5.078705467173e-01 7.640694e-01
0.700000 2.150000 5.645140670489e-01 -5.003265260739e-01 7.543227e-01
0.700000 2.175000 5.581854547821e-01 -4.925783964601e-01 7.444491e-01
0.700000 2.200000 5.518777182435e-01 -4.846128195593e-01 7.344512e-01
0.700000 2.225000 5.456086830959e-01 -4.764177397544e-01 7.243360e-01
0.700000 2.250000 5.393996631609e-01 -4.679837934040e-01 7.141154e-01
0.700000 2.275000 5.332743593586e-01 -4.593053361806e-01 7.038060e-01
0.700000 2.300000 5.272575009790e-01 -4.503809648199e-01 6.934288e-01
0.700000 2.325000 5.213734421088e-01 -4.412134905948e-01 6.830078e-01
0.700000 2.350000 5.156449204741e-01 -4.318094051262e-01 6.725690e-01
0.700000 2.375000 5.100921497350e-01 -4.221779521086e-01 6.621391e-01
0.700000 2.400000 5.047323562600e-01 -4.123299705695e-01 6.517444e-01
0.700000 2.425000 4.995797979086e-01 -4.022766994133e-01 6.414098e-01
0.700000 2.450000 4.946462273167e-01 -3.920287268522e-01 6.311588e-01
0.700000 2.475000 4.899416973625e-01 -3.815952343497e-01 6.210135e-01
0.700000 2.500000 4.854755615466e-01 -3.709836296558e-01 6.109954e-01
0.700000 2.525000 4.812575030391e-01 -3.601995972204e-01 6.011261e-01
0.700000 2.550000 4.772984348205e-01 -3.492475280009e-01 5.914285e-01
0.700000 2.575000 4.736111467668e-01 -3.381312352166e-01 5.819280e-01
0.700000 2.600000 4.702106268561e-01 -3.268548265711e-01 5.726536e-01
0.700000 2.625000 4.671140433199e-01 -3.154235919015e-01 5.636378e-01
0.700000 2.650000 4.643404318611e-01 -3.038447788895e-01 5.549177e-01
0.700000 2.675000 4.619101770942e-01 -2.921281647872e-01 5.465344e-01
0.700000 2.700000 4.598444025895e-01 -2.802863818575e-01 5.385326e-01
0.700000 2.725000 4.581643854171e-01 -2.683350088053e-01 5.309598e-01
0.700000 2.750000 4.568910892343e-01 -2.562924896086e-01 5.238657e-01
0.700000 2.775000 4.560448692450e-01 -2.441799756273e-01 5.173014e-01
0.700000 2.800000 4.556453506621e-01 -2.320212001207e-01 5.113184e-01
0.700000 2.825000 4.557114295005e-01 -2.198424835714e-01 5.059680e-01
0.700000 2.850000 4.562613008336e-01 -2.076729350146e-01 5.013007e-01
0.700000 2.875000 4.573123938172e-01 -1.955448644884e-01 4.973655e-01
0.700000 2.900000 4.588810906192e-01 -1.834943635137e-01 4.942085e-01
0.700000 2.925000 4.609821296802e-01 -1.715619546328e-01 4.918720e-01
0.700000 2.950000 4.636276398405e-01 -1.597931679469e-01 4.903921e-01
0.700000 2.975000 4.668258141403e-01 -1.482388809357e-01 4.897970e-01
0.700000 3.000000 4.705793007835e-01 -1.369552629790e-01 4.901037e-01
0.700000 3.025000 4.748834526344e-01 -1.260031990321e-01 4.913157e-01
0.700000 3.050000 4.797246247179e-01 -1.154471243470e-01 4.934205e-01
0.700000 3.075000 4.850787326827e-01 -1.053532763770e-01 4.963876e-01
0.700000 3.100000 4.909102787531e-01 -9.578745042369e-02 5.001681e-01
0.700000 3.125000 4.971720145803e-01 -8.681242015670e-02 5.046944e-01
0.700000 3.150000 5.038053465786e-01 -7.848524128201e-02 5.098821e-01
0.700000 3.175000 5.107415070090e-01 -7.085468709546e-02 5.156329e-01
0.700000 3.200000 5.179034245269e-01 -6.395906291674e-02 5.218378e-01
0.700000 3.225000 5.252081437695e-01 -5.782461166853e-02 5.283818e-01
0.700000 3.250000 5.325695769286e-01 -5.246465922622e-02 5.351475e-01
0.700000 3.275000 5.399013308436e-01 -4.787956404313e-02 5.420202e-01
0.700000 3.300000 5.471193467917e-01 -4.405744247784e-02 5.488904e-01
0.700000 3.325000 5.541441178905e-01 -4.097555212204e-02 5.556570e-01
0.700000 3.350000 5.609023069800e-01 -3.860214261396e-02 5.622291e-01
0.700000 3.375000 5.673276677229e-01 -3.689853688695e-02 5.685263e-01
0.700000 3.400000 5.733612620944e-01 -3.582119163681e-02 5.744792e-01
0.700000 3.425000 5.789510556320e-01 -3.532350532689e-02 5.800277e-01
0.700000 3.450000 5.840510455460e-01 -3.535719171300e-02 5.851203e-01
0.700000 3.475000 5.886201261524e-01 -3.587310878419e-02 5.897122e-01
0.700000 3.500000 5.926209149869e-01 -3.682151625213e-02 5.937637e-01
0.700000 3.525000 5.960187499316e-01 -3.815181700627e-02 5.972386e-01
0.700000 3.550000 5.987810260255e-01 -3.981190754686e-02 6.001031e-01
0.700000 3.575000 6.008769777554e-01 -4.174730988025e-02 6.023255e-01
0.700000 3.600000 6.022779388493e-01 -4.390027695991e-02 6.038758e-01
0.700000 3.625000 6.029580384258e-01 -4.620905418252e-02 6.047261e-01
0.700000 3.650000 6.028952306946e-01 -4.860744392055e-02 6.048515e-01
0.700000 3.675000 6.020725138659e-01 -5.102476566162e-02 6.042308e-01
0.700000 3.700000 6.004791775265e-01 -5.338624071290e-02 6.028477e-01
0.700000 3.725000 5.981119272517e-01 -5.561376826664e-02 6.006919e-01
0.700000 3.750000 5.949757671939e-01 -5.762700876835e-02 5.977600e-01
0.700000 3.775000 5.910845688417e-01 -5.934465848366e-02 5.940562e-01
0.700000 3.800000 5.864613078730e-01 -6.068578987238e-02 5.895928e-01
0.700000 3.825000 5.811380011838e-01 -6.157114573804e-02 5.843906e-01
0.700000 3.850000 5.751554139974e-01 -6.192430705693e-02 5.784794e-01
0.700000 3.875000 5.685626262005e-01 -6.167269769816e-02 5.718977e-01
0.700000 3.900000 5.614165450632e-01 -6.074843489540e-02 5.646936e-01
0.700000 3.925000 5.537814295887e-01 -5.908907308407e-02 5.569249e-01
0.700000 3.950000 5.457284549283e-01 -5.663831276466e-02 5.486597e-01
0.700000 3.975000 5.373353014026e-01 -5.334675040037e-02 5.399769e-01
0.700000 4.000000 5.286857108837e-01 -4.917272871367e-02 5.309675e-01
0.700000 4.025000 5.198689225960e-01 -4.408331180090e-02 5.217346e-01
0.700000 4.050000 5.109788878780e-01 -3.805536244961e-02 5.123940e-01
0.700000 4.075000 5.021131730822e-01 -3.107664864696e-02 5.030739e-01
0.700000 4.100000 4.933714915861e-01 -2.314686222954e-02 4.939142e-01
0.700000 4.125000 4.848538558258e-01 -1.427840399359e-02 4.850641e-01
0.700000 4.150000 4.766584008344e-01 -4.496783118960e-03 4.766796e-01
0.700000 4.175000 4.688789922051e-01 6.159502310824e-03 4.689194e-01
0.700000 4.200000 4.616027832099e-01 1.763969356975e-02 4.619397e-01
0.700000 4.225000 4.549079185997e-01 2.988213563673e-02 4.558883e-01
0.700000 4.250000 4.488615896564e-01 4.281623177956e-02 4.508991e-01
0.700000 4.275000 4.435186235381e-01 5.636486960175e-02 4.470859e-01
0.700000 4.300000 4.389207415258e-01 7.044713834112e-02 4.445382e-01
0.700000 4.325000 4.350965514804e-01 8.498111713631e-02 4.433179e-01
0.700000 4.350000 4.320622592129e-01 9.988650212618e-02 4.434581e-01
0.700000 4.375000 4.298230031959e-01 1.150868592521e-01 4.449638e-01
0.700000 4.400000 4.283746490119e-01 1.305113373799e-01 4.478147e-01
0.700000 4.425000 4.277058344047e-01 1.460957462016e-01 4.519693e-01
0.700000 4.450000 4.278000397575e-01 1.617829850968e-01 4.573692e-01
0.700000 4.475000 4.286374747156e-01 1.775228904989e-01 4.639445e-01
0.700000 4.500000 4.301966170409e-01 1.932716379723e-01 4.716175e-01
0.700000 4.525000 4.324553074433e-01 2.089908806827e-01 4.803070e-01
0.700000 4.550000 4.353913833515e-01 2.246468213123e-01 4.899305e-01
0.700000 4.575000 4.389829126416e-01 2.402093975344e-01 5.004064e-01
0.700000 4.600000 4.432081526029e-01 2.556517148957e-01 5.116554e-01
0.700000 4.625000 4.480453993226e-01 2.709497931011e-01 5.236014e-01
0.700000 4.650000 4.534729014771e-01 2.860826136166e-01 5.361725e-01
0.700000 4.675000 4.594689884690e-01 3.010323814230e-01 5.493016e-01
0.700000 4.700000 4.660125095528e-01 3.157848546710e-01 5.629278e-01
0.700000 4.725000 4.730836065564e-01 3.303295635423e-01 5.769972e-01
0.700000 4.750000 4.806647602042e-01 3.446597404183e-01 5.914634e-01
0.700000 4.775000 4.887419728355e-01 3.587718187568e-01 6.062887e-01
0.700000 4.800000 4.973058920644e-01 3.726644236152e-01 6.214434e-01
0.700000 4.825000 5.063526516589e-01 3.863368631061e-01 6.369059e-01
0.700000 4.850000 5.158842142542e-01 3.997872241050e-01 6.526610e-01
0.700000 4.875000 5.259080465203e-01 4.130102622869e-01 6.686978e-01
0.700000 4.900000 5.364360362496e-01 4.259953415898e-01 6.850078e-01
0.700000 4.925000 5.474826623241e-01 4.387247097364e-01 7.015815e-01
0.700000 4.950000 5.590625385582e-01 4.511723874069e-01 7.184062e-01
0.700000 4.975000 5.711875549465e-01 4.633038977443e-01 7.354629e-01
0.700000 5.000000 5.838639192941e-01 4.750769750548e-01 7.527252e-01
0.700000 5.025000 5.970894457727e-01 4.864432773958e-01 7.701577e-01
0.700000 5.050000 6.108514365729e-01 4.973510020220e-01 7.877166e-01
0.700000 5.075000 6.251254565063e-01 5.077481823036e-01 8.053509e-01
0.700000 5.100000 6.398752125668e-01 5.175863464051e-01 8.230042e-01
0.700000 5.125000 6.550536314399e-01 5.268241556964e-01 8.406182e-01
0.700000 5.150000 6.706050926026e-01 5.354306238378e-01 8.581359e-01
0.700000 5.175000 6.864686402669e-01 5.433875489505e-01 8.755051e-01
0.700000 5.200000 7.025818813318e-01 5.506908679522e-01 8.926823e-01
0.700000 5.225000 7.188851936160e-01 5.573507545762e-01 9.096350e-01
0.700000 5.250000 7.353258294330e-01 5.633904167096e-01 9.263438e-01
0.700000 5.275000 7.518615086114e-01 5.688436875457e-01 9.428037e-01
0.700000 5.300000 7.684631505371e-01 5.737516314526e-01 9.590237e-01
0.700000 5.325000 7.851164888213e-01 5.781584841173e-01 9.750257e-01
0.700000 5.350000 8.018224320892e-01 5.821073062904e-01 9.908421e-01
0.700000 5.375000 8.185961645224e-01 5.856357455834e-01 1.006513e+00
0.700000 5.400000 8.354651038937e-01 5.887722716317e-01 1.022084e+00
0.700000 5.425000 8.524659382153e-01 5.915331826562e-01 1.037598e+00
0.700000 5.450000 8.696410336899e-01 5.939205867966e-01 1.053099e+00
0.700000 5.475000 8.870345402066e-01 5.959214532467e-01 1.068622e+00
0.700000 5.500000 9.046885155257e-01 5.975077206700e-01 1.084194e+00
0.700000 5.525000 9.226393501285e-01 5.986373567940e-01 1.099832e+00
0.700000 5.550000 9.409147103053e-01 5.992561935486e-01 1.115540e+00
0.700000 5.575000 9.595311388753e-01 5.993003223403e-01 1.131309e+00
0.700000 5.600000 9.784923731233e-01 5.986988248845e-01 1.147121e+00
0.700000 5.625000 9.977883690698e-01 5.973766327539e-01 1.162945e+00
0.700000 5.650000 1.017394968213e+00 5.952573461061e-01 1.178738e+00
0.700000 5.675000 1.037274111685e+00 5.922658895301e-01 1.194452e+00
0.700000 5.700000 1.057374497464e+00 5.883309308367e-01 1.210031e+00
0.700000 5.725000 1.077632585103e+00 5.833870285057e-01 1.225411e+00
0.700000 5.750000 1.097973872838e+00 5.773764997078e-01 1.240528e+00
0.700000 5.775000 1.118314395912e+00 5.702510111669e-01 1.255314e+00
0.700000 5.800000 1.138562414852e+00 5.619728911759e-01 1.269700e+00
0.700000 5.825000 1.158620272142e+00 5.525161474580e-01 1.283618e+00
0.700000 5.850000 1.178386392312e+00 5.418671590420e-01 1.297002e+00
0.700000 5.875000 1.197757384063e+00 5.300249981944e-01 1.309790e+00
0.700000 5.900000 1.216630177513e+00 5.170013371127e-01 1.321923e+00
0.700000 5.925000 1.234904101124e+00 5.028199075897e-01 1.333348e+00
0.700000 5.950000 1.252482779167e+00 4.875155110230e-01 1.344018e+00
0.700000 5.975000 1.269275719043e+00 4.711326182002e-01 1.353893e+00
0.700000 6.000000 1.285199464331e+00 4.537236472482e-01 1.362939e+00
0.700000 6.025000 1.300178216829e+00 4.353470557106e-01 1.371127e+00
0.700000 6.050000 1.314143878107e+00 4.160654198305e-01 1.378436e+00
0.700000 6.075000 1.327035523477e+00 3.959436924456e-01 1.384845e+00
0.700000 6.100000 1.338798390513e+00 3.750478245802e-01 1.390339e+00
0.700000 6.125000 1.349382530170e+00 3.534439026093e-01 1.394904e+00
0.700000 6.150000 1.358741320283e+00 3.311978948800e-01 1.398524e+00
0.700000 6.175000 1.366830069429e+00 3.083760253205e-01 1.401185e+00
0.700000 6.200000 1.373604937231e+00 2.850457068106e-01 1.402869e+00
0.700000 6.225000 1.379022363112e+00 2.612768860199e-01 1.403556e+00
0.700000 6.250000 1.383039131914e+00 2.371435864749e-01 1.403223e+00
0.700000 6.275000 1.385613119213e+00 2.127253985394e-01 1.401847e+00
0.700000 6.300000 1.386704662964e+00 1.881086610941e-01 1.399405e+00
0.700000 6.325000 1.386278414935e+00 1.633871124814e-01 1.395874e+00
0.700000 6.350000 1.384305449158e+00 1.386618548151e-01 1.391233e+00
0.700000 6.375000 1.380765357488e+00 1.140405678715e-01 1.385467e+00
0.700000 6.400000 1.375648052534e+00 8.963601408180e-02 1.378565e+00
0.700000 6.425000 1.368955028878e+00 6.556397970303e-02 1.370524e+00
0.700000 6.450000 1.360699901819e+00 4.194088376757e-02 1.361346e+00
0.700000 6.475000 1.350908140379e+00 1.888134248493e-02 1.351040e+00
0.700000 6.500000 1.339616024904e+00 -3.504007012884e-03 1.339621e+00
0.700000 6.525000 1.326868973413e+00 -2.511014727586e-02 1.327107e+00
0.700000 6.550000 1.312719478242e+00 -4.583857824163e-02 1.313520e+00
0.700000 6.575000 1.297224961000e+00 -6.559736695081e-02 1.298882e+00
0.700000 6.600000 1.280445878587e+00 -8.430036599281e-02 1.283218e+00
0.700000 6.625000 1.262444391030e+00 -1.018657422955e-01 1.266547e+00
0.700000 6.650000 1.243283834679e+00 -1.182140683196e-01 1.248891e+00
0.700000 6.675000 1.223029139606e+00 -1.332663078507e-01 1.230268e+00
0.700000 6.700000 1.201748201241e+00 -1.469420663663e-01 1.210698e+00
0.700000 6.725000 1.179514080060e+00 -1.591584649987e-01 1.190204e+00
0.700000 6.750000 1.156407777665e+00 -1.698299375541e-01 1.168812e+00
0.700000 6.775000 1.132521239774e+00 -1.788691486439e-01 1.146559e+00
0.700000 6.800000 1.107960179635e+00 -1.861891000889e-01 1.123496e+00
0.700000 6.825000 1.082846307314e+00 -1.917063487636e-01 1.099685e+00
0.700000 6.850000 1.057318592538e+00 -1.953451199520e-01 1.075213e+00
0.700000 6.875000 1.031533276408e+00 -1.970419834264e-01 1.050184e+00
0.700000 6.900000 1.005662469409e+00 -1.967506790343e-01 1.024728e+00
0.700000 6.925000 9.798913149044e-01 -1.944466439181e-01 9.989977e-01
0.700000 6.950000 9.544138414905e-01 -1.901308079083e-01 9.731678e-01
0.700000 6.975000 9.294277574768e-01 -1.838322841931e-01 9.474335e-01
0.700000 7.000000 9.051285419730e-01 -1.756096805330e-01 9.220067e-01
0.700000 7.025000 8.817032495059e-01 -1.655508793026e-01 8.971108e-01
0.700000 7.050000 8.593244640123e-01 -1.537712674706e-01 8.729743e-01
0.700000 7.075000 8.381448143931e-01 -1.404105250644e-01 8.498246e-01
0.700000 7.100000 8.182924035866e-01 -1.256281894129e-01 8.278798e-01
0.700000 7.125000 7.998674162991e-01 -1.095982927348e-01 8.073411e-01
0.700000 7.150000 7.829400692688e-01 -9.250341720896e-02 7.883857e-01
0.700000 7.175000 7.675499647170e-01 -7.452852411535e-02 7.711598e-01
0.700000 7.200000 7.537068134476e-01 -5.585489592199e-02 7.557736e-01
0.700000 7.225000 7.413924170028e-01 -3.665448951566e-02 7.422980e-01
0.700000 7.250000 7.305637427362e-01 -1.708494414204e-02 7.307635e-01
0.700000 7.275000 7.211568921105e-01 2.714571872953e-03 7.211620e-01
0.700000 7.300000 7.130917480419e-01 2.262654814466e-02 7.134506e-01
0.700000 7.325000 7.062770864182e-01 4.255727400615e-02 7.075581e-01
0.700000 7.350000 7.006159436936e-01 6.243789427271e-02 7.033926e-01
0.700000 7.375000 6.960110408267e-01 8.222436713552e-02 7.008511e-01
0.700000 7.400000 6.923700695127e-01 1.018963352445e-01 6.998280e-01
0.700000 7.425000 6.896106478986e-01 1.214549427317e-01 7.002244e-01
0.700000 7.450000 6.876647507627e-01 1.409196562188e-01 7.019552e-01
0.700000 7.475000 6.864824169713e-01 1.603241803571e-01 7.049553e-01
0.700000 7.500000 6.860345400521e-01 1.797115996190e-01 7.091824e-01
0.700000 7.525000 6.863145616194e-01 1.991289264982e-01 7.146188e-01
0.700000 7.550000 6.873389169865e-01 2.186212878230e-01 7.212698e-01
0.700000 7.575000 6.891461304345e-01 2.382260290968e-01 7.291598e-01
0.700000 7.600000 6.917945241708e-01 2.579670539878e-01 7.383269e-01
0.700000 7.625000 6.953585866052e-01 2.778497347293e-01 7.488151e-01
0.700000 7.650000 6.999241356984e-01 2.978567231810e-01 7.606658e-01
0.700000 7.675000 7.055825029705e-01 3.179449583009e-01 7.739093e-01
0.700000 7.700000 7.124240433600e-01 3.380441039586e-01 7.885568e-01
0.700000 7.725000 7.205313359532e-01 3.580565653824e-01 8.045930e-01
0.700000 7.750000 7.299724729715e-01 3.778591305228e-01 8.219716e-01
0.700000 7.775000 7.407948347562e-01 3.973061741962e-01 8.406124e-01
0.700000 7.800000 7.530197161925e-01 4.162342591815e-01 8.604009e-01
0.700000 7.825000 7.666381085430e-01 4.344678801656e-01 8.811903e-01
0.700000 7.850000 7.816078571623e-01 4.518260322802e-01 9.028054e-01
0.700000 7.875000 7.978523198385e-01 4.681292513851e-01 9.250477e-01
0.700000 7.900000 8.152605535150e-01 4.832067696683e-01 9.477017e-01
0.700000 7.925000 8.336889694172e-01 4.969034548129e-01 9.705413e-01
0.700000 7.950000 8.529643266475e-01 5.090862475851e-01 9.933363e-01
0.700000 7.975000 8.728878873457e-01 5.196498723390e-01 1.015859e+00
0.700000 8.000000 8.932405338652e-01 5.285216577111e-01 1.037889e+00
0.700000 8.025000 9.137886473729e-01 5.356653614272e-01 1.059220e+00
0.700000 8.050000 9.342905618143e-01 5.410839365595e-01 1.079662e+00
0.700000 8.075000 9.545034290682e-01 5.448212029651e-01 1.099048e+00
0.700000 8.100000 9.741903515268e-01 5.469623971215e-01 1.117235e+00
0.700000 8.125000 9.931276494929e-01 5.476335700436e-01 1.134110e+00
0.700000 8.150000 1.011112127469e+00 5.469997933422e-01 1.149590e+00
0.700000 8.175000 1.027968183964e+00 5.452621263845e-01 1.163628e+00
0.700000 8.200000 1.043554576268e+00 5.426533015993e-01 1.176214e+00
0.700000 8.225000 1.057770610878e+00 5.394321072634e-01 1.187378e+00
0.700000 8.250000 1.070561490806e+00 5.358764914826e-01 1.197191e+00
0.700000 8.275000 1.081922523189e+00 5.322754773577e-01 1.205767e+00
0.700000 8.300000 1.091901884093e+00 5.289200628910e-01 1.213263e+00
0.700000 8.325000 1.100601659790e+00 5.260933715207e-01 1.219876e+00
0.700000 8.350000 1.108176938789e+00 5.240604089093e-01 1.225845e+00
0.700000 8.375000 1.114832815560e+00 5.230578562906e-01 1.231439e+00
0.700000 8.400000 1.120819279505e+00 5.232843786294e-01 1.236957e+00
0.700000 8.425000 1.126424091083e+00 5.248919380871e-01 1.242716e+00
0.700000 8.450000 1.131963878048e+00 5.279785750834e-01 1.249041e+00
0.700000 8.475000 1.137773804265e+00 5.325830510441e-01 1.256254e+00
0.700000 8.500000 1.144196258145e+00 5.386816444477e-01 1.264659e+00
0.700000 8.525000 1.151569066957e+00 5.461872654001e-01 1.274532e+00
0.700000 8.550000 1.160213761228e+00 5.549509172230e-01 1.286105e+00
0.700000 8.575000 1.170424389566e+00 5.647654012316e-01 1.299559e+00
0.700000 8.600000 1.182457323624e+00 5.753710468277e-01 1.315012e+00
0.700000 8.625000 1.196522405167e+00 5.864631641242e-01 1.332518e+00
0.700000 8.650000 1.212775685421e+00 5.977008667245e-01 1.352062e+00
0.700000 8.675000 1.231313904977e+00 6.087168987782e-01 1.373561e+00
0.700000 8.700000 1.252170773678e+00 6.191281182016e-01 1.396872e+00
0.700000 8.725000 1.275315043702e+00 6.285463276130e-01 1.421794e+00
0.700000 8.750000 1.300650330565e+00 6.365891937099e-01 1.448080e+00
0.700000 8.775000 1.328016625396e+00 6.428910413891e-01 1.475445e+00
0.700000 8.800000 1.357193451267e+00 6.471133393095e-01 1.503572e+00
0.700000 8.825000 1.387904636315e+00 6.489547010008e-01 1.532130e+00
0.700000 8.850000 1.419824693470e+00 6.481602074480e-01 1.560773e+00
0.700000 8.875000 1.452586797701e+00 6.445298168391e-01 1.589159e+00
0.700000 8.900000 1.485792325615e+00 6.379255739757e-01 1.616950e+00
0.700000 8.925000 1.519021862666e+00 6.282772794232e-01 1.643825e+00
0.700000 8.950000 1.551847489759e+00 6.155862427326e-01 1.669484e+00
0.700000 8.975000 1.583846040312e+00 5.999267407414e-01 1.693659e+00
0.700000 9.000000 1.614612883776e+00 5.814448436346e-01 1.716116e+00
0.700000 9.025000 1.643775660239e+00 5.603543652437e-01 1.736662e+00
0.700000 9.050000 1.671007283492e+00 5.369298397416e-01 1.755152e+00
0.700000 9.075000 1.696037467020e+00 5.114966162462e-01 1.771489e+00
0.700000 9.100000 1.718662025411e+00 4.844183799999e-01 1.785626e+00
0.700000 9.125000 1.738749273032e+00 4.560826318971e-01 1.797571e+00
0.700000 9.150000 1.756242984575e+00 4.268848619415e-01 1.807379e+00
0.700000 9.175000 1.771161591063e+00 3.972123112541e-01 1.815156e+00
0.700000 9.200000 1.783593543812e+00 3.674283093928e-01 1.821046e+00
0.700000 9.225000 1.793689064223e+00 3.378581832006e-01 1.825231e+00
0.700000 9.250000 1.801648780643e+00 3.087776532887e-01 1.827917e+00
0.700000 9.275000 1.807710005203e+00 2.804044678178e-01 1.829328e+00
0.700000 9.300000 1.812131596166e+00 2.528937838379e-01 1.829693e+00
0.700000 9.325000 1.815178463275e+00 2.263375162802e-01 1.829235e+00
0.700000 9.350000 1.817106791936e+00 2.007675621904e-01 1.828164e+00
0.700000 9.375000 1.818150984155e+00 1.761625043096e-01 1.826665e+00
0.700000 9.400000 1.818513147998e+00 1.524571340924e-01 1.824893e+00
0.700000 9.425000 1.818355730712e+00 1.295539356528e-01 1.822965e+00
0.700000 9.450000 1.817797608788e+00 1.073355572623e-01 1.820964e+00
0.700000 9.475000 1.816913650802e+00 8.567727460291e-02 1.818933e+00
0.700000 9.500000 1.815737486094e+00 6.445851825111e-02 1.816881e+00
0.700000 9.525000 1.814266971743e+00 4.357268523862e-02 1.814790e+00
0.700000 9.550000 1.812471673164e+00 2.293466131011e-02 1.812617e+00
0.700000 9.575000 1.810301573102e+00 2.485721681725e-03 1.810303e+00
0.700000 9.600000 1.807696203483e+00 -1.780427332639e-02 1.807784e+00
0.700000 9.625000 1.804593448979e+00 -3.793724109185e-02 1.804992e+00
0.700000 9.650000 1.800937387021e+00 -5.788946042083e-02 1.801868e+00
0.700000 9.675000 1.796684687283e+00 -7.761590202666e-02 1.798360e+00
0.700000 9.700000 1.791809273046e+00 -9.705575585881e-02 1.794436e+00
0.700000 9.725000 1.786305125939e+00 -1.161385895913e-01 1.790077e+00
0.700000 9.750000 1.780187276263e+00 -1.347906088417e-01 1.785283e+00
0.700000 9.775000 1.773491150083e+00 -1.529405651996e-01 1.780074e+00
0.700000 9.800000 1.766270534608e+00 -1.705249575306e-01 1.774483e+00
0.700000 9.825000 1.758594473958e+00 -1.874922798878e-01 1.768561e+00
0.700000 9.850000 1.750543422842e+00 -2.038061724975e-01 1.762368e+00
0.700000 9.875000 1.742204973924e+00 -2.194474212939e-01 1.755971e+00
0.700000 9.900000 1.733669445766e+00 -2.344148215932e-01 1.749446e+00
0.700000 9.925000 1.725025581633e+00 -2.487249724952e-01 1.742865e+00
0.700000 9.950000 1.716356572687e+00 -2.624111039008e-01 1.736301e+00
0.700000 9.975000 1.707736586345e+00 -2.755210632586e-01 1.729820e+00
0.700000 10.000000 1.699227952534e+00 -2.881146102989e-01 1.723481e+00
0.700000 10.025000 1.690879134513e+00 -3.002601898254e-01 1.717332e+00
0.700000 10.050000 1.682723582247e+00 -3.120313771993e-01 1.711409e+00
0.700000 10.075000 1.674779529546e+00 -3.235032172833e-01 1.705738e+00
0.700000 10.100000 1.667050747291e+00 -3.347487008617e-01 1.700328e+00
0.700000 10.125000 1.659528202395e+00 -3.458356360657e-01 1.695180e+00
0.700000 10.150000 1.652192497850e+00 -3.568241682903e-01 1.690285e+00
0.700000 10.175000 1.645016889406e+00 -3.677651734538e-01 1.685625e+00
0.700000 10.200000 1.637970598541e+00 -3.786996918496e-01 1.681178e+00
0.700000 10.225000 1.631022081323e+00 -3.896594829858e-01 1.676922e+00
0.700000 10.250000 1.624141880437e+00 -4.006686704474e-01 1.672834e+00
0.700000 10.275000 1.617304693546e+00 -4.117463197249e-01 1.668895e+00
0.700000 10.300000 1.610490341588e+00 -4.229096651629e-01 1.665092e+00
0.700000 10.325000 1.603683416553e+00 -4.341775912983e-01 1.661418e+00
0.700000 10.350000 1.596871524364e+00 -4.455738957764e-01 1.657871e+00
0.700000 10.375000 1.590042202612e+00 -4.571298305103e-01 1.654449e+00
0.700000 10.400000 1.583178767937e+00 -4.688854448230e-01 1.651154e+00
0.700000 10.425000 1.576255513001e+00 -4.808893425177e-01 1.647979e+00
0.700000 10.450000 1.569232806471e+00 -4.931966099403e-01 1.644912e+00
0.700000 10.475000 1.562052731739e+00 -5.058648621612e-01 1.641922e+00
0.700000 10.500000 1.554635916213e+00 -5.189485706187e-01 1.638963e+00
0.700000 10.525000 1.546880145305e+00 -5.324920543984e-01 1.635966e+00
0.700000 10.550000 1.538661224481e+00 -5.465217132064e-01 1.632839e+00
0.700000 10.575000 1.529836358765e+00 -5.610382286240e-01 1.629467e+00
0.700000 10.600000 1.520250079785e+00 -5.760095413422e-01 1.625714e+00
0.700000 10.625000 1.509742489976e+00 -5.913654126243e-01 1.621430e+00
0.700000 10.650000 1.498159339565e+00 -6.069942939860e-01 1.616454e+00
0.700000 10.675000 1.485363232248e+00 -6.227430653104e-01 1.610625e+00
0.700000 10.700000 1.471245094754e+00 -6.384199727961e-01 1.603790e+00
0.700000 10.725000 1.455734962402e+00 -6.538008262402e-01 1.595813e+00
0.700000 10.750000 1.438811137555e+00 -6.686382271947e-01 1.586586e+00
0.700000 10.775000 1.420506871432e+00 -6.826733243361e-01 1.576034e+00
0.700000 10.800000 1.400913893326e+00 -6.956493573555e-01 1.564125e+00
0.700000 10.825000 1.380182347943e+00 -7.073260786366e-01 1.550875e+00
0.700000 10.850000 1.358516978079e+00 -7.174940487892e-01 1.536348e+00
0.700000 10.875000 1.336169679525e+00 -7.259877950689e-01 1.520660e+00
0.700000 10.900000 1.313428830982e+00 -7.326968991626e-01 1.503975e+00
0.700000 10.925000 1.290606039517e+00 -7.375742328095e-01 1.486499e+00
0.700000 10.950000 1.268021122378e+00 -7.406407694626e-01 1.468478e+00
0.700000 10.975000 1.245986256433e+00 -7.419866465358e-01 1.450181e+00
0.700000 11.000000 1.224790262188e+00 -7.417684125917e-01 1.431898e+00
0.700000 11.025000 1.204683952837e+00 -7.402026448519e-01 1.413918e+00
0.700000 11.050000 1.185867378982e+00 -7.375563453032e-01 1.396521e+00
0.700000 11.075000 1.168479650137e+00 -7.341347038523e-01 1.379963e+00
0.700000 11.100000 1.152591831179e+00 -7.302669453382e-01 1.364462e+00
0.700000 11.125000 1.138203212324e+00 -7.262910504011e-01 1.350187e+00
0.700000 11.150000 1.125241050742e+00 -7.225381598923e-01 1.337247e+00
0.700000 11.175000 1.113563693546e+00 -7.193174443618e-01 1.325685e+00
0.700000 11.200000 1.102966825411e+00 -7.169021523847e-01 1.315479e+00
0.700000 11.225000 1.093192445640e+00 -7.155174534189e-01 1.306535e+00
0.700000 11.250000 1.083940072179e+00 -7.153305717560e-01 1.298701e+00
0.700000 11.275000 1.074879594475e+00 -7.164435761761e-01 1.291765e+00
0.700000 11.300000 1.065665152112e+00 -7.188890519733e-01 1.285474e+00
0.700000 11.325000 1.055949400238e+00 -7.226287434937e-01 1.279540e+00
0.700000 11.350000 1.045397533921e+00 -7.275551205560e-01 1.273653e+00
0.700000 11.375000 1.033700480145e+00 -7.334956948688e-01 1.267499e+00
0.700000 11.400000 1.020586726636e+00 -7.402197965671e-01 1.260763e+00
0.700000 11.425000 1.005832339291e+00 -7.474474203198e-01 1.253147e+00
0.700000 11.450000 9.892688222281e-01 -7.548596696267e-01 1.244374e+00
0.700000 11.475000 9.707885926146e-01 -7.621102715758e-01 1.234197e+00
0.700000 11.500000 9.503479710892e-01 -7.688376067948e-01 1.222404e+00
0.700000 11.525000 9.279677206190e-01 -7.746767037287e-01 1.208821e+00
0.700000 11.550000 9.037312934998e-01 -7.792706838950e-01 1.193312e+00
0.700000 11.575000 8.777810585902e-01 -7.822812139116e-01 1.175782e+00
0.700000 11.600000 8.503128697233e-01 -7.833976162706e-01 1.156176e+00
0.700000 11.625000 8.215693939496e-01 -7.823444064399e-01 1.134477e+00
0.700000 11.650000 7.918326398156e-01 -7.788871487103e-01 1.110704e+00
0.700000 11.675000 7.614161097912e-01 -7.728366455889e-01 1.084911e+00
0.700000 11.700000 7.306569498271e-01 -7.640515834933e-01 1.057182e+00
0.700000 11.725000 6.999083894787e-01 -7.524398404045e-01 1.027637e+00
0.700000 11.750000 6.695326681940e-01 -7.379587110985e-01 9.964221e-01
0.700000 11.775000 6.398945396188e-01 -7.206143186385e-01 9.637168e-01
0.700000 11.800000 6.113553493030e-01 -7.004604576444e-01 9.297313e-01
0.700000 11.825000 5.842676041613e-01 -6.775970608197e-01 8.947102e-01
0.700000 11.850000 5.589699039524e-01 -6.521684047345e-01 8.589360e-01
0.700000 11.875000 5.357820913572e-01 -6.243610862350e-01 8.227328e-01
0.700000 11.900000 5.150004985265e-01 -5.944017205681e-01 7.864725e-01
0.700000 11.925000 4.968932198010e-01 -5.625542491594e-01 7.505799e-01
0.700000 11.950000 4.816954137685e-01 -5.291167092355e-01 7.155382e-01
0.700000 11.975000 4.696047208108e-01 -4.944173153678e-01 6.818923e-01
0.700000 12.000000 4.607769611714e-01 -4.588097357742e-01 6.502475e-01
0.700000 12.025000 4.553223402224e-01 -4.226675099199e-01 6.212618e-01
0.700000 12.050000 4.533024212558e-01 -3.863776399642e-01 5.956264e-01
0.700000 12.075000 4.547281250146e-01 -3.503334848513e-01 5.740307e-01
0.700000 12.100000 4.595589775499e-01 -3.149271785569e-01 5.571118e-01
0.700000 12.125000 4.677037573573e-01 -2.805418696843e-01 5.453903e-01
0.700000 12.150000 4.790225974298e-01 -2.475441270448e-01 5.392038e-01
0.700000 12.175000 4.933304897777e-01 -2.162768676948e-01 5.386563e-01
0.700000 12.200000 5.104020328992e-01 -1.870531377755e-01 5.435983e-01
0.700000 12.225000 5.299771702780e-01 -1.601510152890e-01 5.536462e-01
0.700000 12.250000 5.517676018141e-01 -1.358098153713e-01 5.682357e-01
0.700000 12.275000 5.754635179639e-01 -1.142276740597e-01 5.866909e-01
0.700000 12.300000 6.007403113087e-01 -9.556047935699e-02 6.082933e-01
0.700000 12.325000 6.272649601263e-01 -7.992202189556e-02 6.323360e-01
0.700000 12.350000 6.547018464668e-01 -6.738516316172e-02 6.581605e-01
0.700000 12.375000 6.827178567542e-01 -5.798377490969e-02 6.851757e-01
0.700000 12.400000 7.109867036424e-01 -5.171519242253e-02 7.128650e-01
0.700000 12.425000 7.391924912617e-01 -4.854294506650e-02 7.407847e-01
0.700000 12.450000 7.670326114351e-01 -4.839957403546e-02 7.685581e-01
0.700000 12.475000 7.942200985710e-01 -5.118940988103e-02 7.958680e-01
0.700000 12.500000 8.204855827317e-01 -5.679125005181e-02 8.224487e-01
0.700000 12.525000 8.455789654002e-01 -6.506093803311e-02 8.480782e-01
0.700000 12.550000 8.692709064103e-01 -7.583389130544e-02 8.725725e-01
0.700000 12.575000 8.913541621467e-01 -8.892764899826e-02 8.957792e-01
0.700000 12.600000 9.116447646767e-01 -1.041445096685e-01 9.175741e-01
0.700000 12.625000 9.299829889719e-01 -1.212743071909e-01 9.378570e-01
0.700000 12.650000 9.462340288933e-01 -1.400973342155e-01 9.565491e-01
0.700000 12.675000 9.602882970061e-01 -1.603873765483e-01 9.735901e-01
0.700000 12.700000 9.720612795032e-01 -1.819147777617e-01 9.889369e-01
0.700000 12.725000 9.814929124067e-01 -2.044494204022e-01 1.002561e+00
0.700000 12.750000 9.885464922755e-01 -2.277634951890e-01 1.014446e+00
0.700000 12.775000 9.932071851365e-01 -2.516339361540e-01 1.024588e+00
0.700000 12.800000 9.954802418313e-01 -2.758444273515e-01 1.032991e+00
0.700000 12.825000 9.953890580460e-01 -3.001869313019e-01 1.039669e+00
0.700000 12.850000 9.929732269661e-01 -3.244627433506e-01 1.044640e+00
0.700000 12.875000 9.882867194665e-01 -3.484831303500e-01 1.047927e+00
0.700000 12.900000 9.813962925302e-01 -3.720696570471e-01 1.049559e+00
0.700000 12.925000 9.723801767239e-01 -3.950543311695e-01 1.049567e+00
0.700000 12.950000 9.613270362914e-01 -4.172797032420e-01 1.047985e+00
0.700000 12.975000 9.483351407370e-01 -4.385990382215e-01 1.044849e+00
0.700000 13.000000 9.335116443371e-01 -4.588766358866e-01 1.040198e+00
0.700000 13.025000 9.169718478069e-01 -4.779883221383e-01 1.034075e+00
0.700000 13.050000 8.988383190339e-01 -4.958220733502e-01 1.026523e+00
0.700000 13.075000 8.792397778740e-01 -5.122786813056e-01 1.017591e+00
0.700000 13.100000 8.583096996454e-01 -5.272723272765e-01 1.007329e+00
0.700000 13.125000 8.361846553753e-01 -5.407309183945e-01 9.957885e-01
0.700000 13.150000 8.130024735028e-01 -5.525960519588e-01 9.830236e-01
0.700000 13.175000 7.889003659919e-01 -5.628225135230e-01 9.690887e-01
0.700000 13.200000 7.640132007733e-01 -5.713772776158e-01 9.540378e-01
0.700000 13.225000 7.384721137655e-01 -5.782380568137e-01 9.379234e-01
0.700000 13.250000 7.124036331864e-01 -5.833915237956e-01 9.207956e-01
0.700000 13.275000 6.859294370662e-01 -5.868313991298e-01 9.027017e-01
0.700000 13.300000 6.591667874696e-01 -5.885566429427e-01 8.836853e-01
0.700000 13.325000 6.322295919815e-01 -5.885700022340e-01 8.637875e-01
0.700000 13.350000 6.052299475351e-01 -5.868771427259e-01 8.430469e-01
0.700000 13.375000 5.782799378328e-01 -5.834865353636e-01 8.215012e-01
0.700000 13.400000 5.514933966691e-01 -5.784101788950e-01 7.991892e-01
0.700000 13.425000 5.249873256279e-01 -5.716651320943e-01 7.761525e-01
0.700000 13.450000 4.988826715375e-01 -5.632757161560e-01 7.524383e-01
0.700000 13.475000 4.733042268074e-01 -5.532761449866e-01 7.281012e-01
0.700000 13.500000 4.483795086302e-01 -5.417132631340e-01 7.032051e-01
0.700000 13.525000 4.242365902340e-01 -5.286490295640e-01 6.778248e-01
0.700000 13.550000 4.010009844568e-01 -5.141623874555e-01 6.520466e-01
0.700000 13.575000 3.787918006755e-01 -4.983502068999e-01 6.259682e-01
0.700000 13.600000 3.577174948731e-01 -4.813270741987e-01 5.996979e-01
0.700000 13.625000 3.378715963512e-01 -4.632238182466e-01 5.733529e-01
0.700000 13.650000 3.193288147366e-01 -4.441847971142e-01 5.470567e-01
0.700000 13.675000 3.021419045844e-01 -4.243641001192e-01 5.209363e-01
0.700000 13.700000 2.863395951804e-01 -4.039209361562e-01 4.951187e-01
0.700000 13.725000 2.719257887650e-01 -3.830145638692e-01 4.697274e-01
0.700000 13.750000 2.588801043744e-01 -3.617991634934e-01 4.448792e-01
0.700000 13.775000 2.471597123703e-01 -3.404190493137e-01 4.206817e-01
0.700000 13.800000 2.367022824879e-01 -3.190045769730e-01 3.972303e-01
0.700000 13.825000 2.274297701145e-01 -2.976690180989e-01 3.746080e-01
0.700000 13.850000 2.192527022384e-01 -2.765065671489e-01 3.528847e-01
0.700000 13.875000 2.120746019526e-01 -2.555915260381e-01 3.321185e-01
0.700000 13.900000 2.057962090264e-01 -2.349785958838e-01 3.123572e-01
0.700000 13.925000 2.003192091079e-01 -2.147041057898e-01 2.936420e-01
0.700000 13.950000 1.955492665111e-01 -1.947879367806e-01 2.760106e-01
0.700000 13.975000 1.913982532822e-01 -1.752358614052e-01 2.595012e-01
0.700000 14.000000 1.877856672432e-01 -1.560420179641e-01 2.441569e-01
0.700000 14.025000 1.846393215513e-01 -1.371912698597e-01 2.300285e-01
0.700000 14.050000 1.818954578794e-01 -1.186612583408e-01 2.171784e-01
0.700000 14.075000 1.794984779451e-01 -1.004240312292e-01 2.056810e-01
0.700000 14.100000 1.774005011884e-01 -8.244721019153e-02 1.956233e-01
0.700000 14.125000 1.755609413847e-01 -6.469473418735e-02 1.871017e-01
0.700000 14.150000 1.739462567447e-01 -4.712727805613e-02 1.802173e-01
0.700000 14.175000 1.725299739522e-01 -2.970248671199e-02 1.750681e-01
0.700000 14.200000 1.712930250840e-01 -1.237518427148e-02 1.717395e-01
0.700000 14.225000 1.702243757736e-01 4.902285939144e-03 1.702950e-01
0.700000 14.250000 1.693218703725e-01 2.217945698749e-02 1.707683e-01
0.700000 14.275000 1.685931801861e-01 3.950677247216e-02 1.731602e-01
0.700000 14.300000 1.680567166316e-01 5.693420659087e-02 1.774389e-01
0.700000 14.325000 1.677423625322e-01 7.450946426790e-02 1.835461e-01
0.700000 14.350000 1.676918799472e-01 9.227579964811e-02 1.914037e-01
0.700000 14.375000 1.679588689769e-01 1.102695296092e-01 2.009218e-01
0.700000 14.400000 1.686081755220e-01 1.285173498430e-01 2.120034e-01
0.700000 14.425000 1.697146740338e-01 1.470335843742e-01 2.245483e-01
0.700000 14.450000 1.713613817621e-01 1.658175159603e-01 2.384537e-01
0.700000 14.475000 1.736368929253e-01 1.848509558221e-01 2.536132e-01
0.700000 14.500000 1.766321546374e-01 2.040962174614e-01 2.699151e-01
0.700000 14.525000 1.804366419722e-01 2.234946609604e-01 2.872407e-01
0.700000 14.550000 1.851340279066e-01 2.429659701392e-01 3.054621e-01
0.700000 14.575000 1.907974850893e-01 2.624083132863e-01 3.244408e-01
0.700000 14.600000 1.974847992650e-01 2.816995163488e-01 3.440274e-01
0.700000 14.625000 2.052335160916e-01 3.006993430351e-01 3.640617e-01
0.700000 14.650000 2.140563798420e-01 3.192529276733e-01 3.843730e-01
0.700000 14.675000 2.239373488274e-01 3.371953439345e-01 4.047822e-01
0.700000 14.700000 2.348284826143e-01 3.543572178594e-01 4.251041e-01
0.700000 14.725000 2.466479850912e-01 3.705712116135e-01 4.451497e-01
0.700000 14.750000 2.592796515381e-01 3.856791217850e-01 4.647304e-01
0.700000 14.775000 2.725739058717e-01 3.995392611801e-01 4.836612e-01
0.700000 14.800000 2.863505280518e-01 4.120337348959e-01 5.017653e-01
0.700000 14.825000 3.004030663770e-01 4.230751883063e-01 5.188782e-01
0.700000 14.850000 3.145048132221e-01 4.326126029942e-01 5.348523e-01
0.700000 14.875000 3.284161060815e-01 4.406357501467e-01 5.495607e-01
0.700000 14.900000 3.418926100898e-01 4.471779793496e-01 5.629020e-01
0.700000 14.925000 3.546941546957e-01 4.523171198877e-01 5.748032e-01
0.700000 14.950000 3.665936453171e-01 4.561743936240e-01 5.852230e-01
0.700000 14.975000 3.773855569845e-01 4.589113723689e-01 5.941544e-01
0.700000 15.000000 3.868935435669e-01 4.607251456598e-01 6.016264e-01
0.700000 15.025000 3.949767611254e-01 4.618419841388e-01 6.077044e-01
0.700000 15.050000 4.015346009020e-01 4.625098776712e-01 6.124912e-01
0.700000 15.075000 4.065096465506e-01 4.629903872196e-01 6.161251e-01
0.700000 15.100000 4.098887991952e-01 4.635502703993e-01 6.187792e-01
0.700000 15.125000 4.117026396974e-01 4.644533221416e-01 6.206577e-01
0.700000 15.150000 4.120232078575e-01 4.659528179912e-01 6.219929e-01
0.700000 15.175000 4.109604631852e-01 4.682848660595e-01 6.230403e-01
0.700000 15.200000 4.086577448198e-01 4.716628750853e-01 6.240729e-01
0.700000 15.225000 4.052865667553e-01 4.762732422143e-01 6.253746e-01
0.700000 15.250000 4.010410705176e-01 4.822722665310e-01 6.272324e-01
0.700000 15.275000 3.961324163765e-01 4.897842128623e-01 6.299281e-01
0.700000 15.300000 3.907833343386e-01 4.989003918411e-01 6.337296e-01
0.700000 15.325000 3.852229873283e-01 5.096790900389e-01 6.388815e-01
0.700000 15.350000 3.796822309580e-01 5.221461777742e-01 6.455968e-01
0.700000 15.375000 3.743892956908e-01 5.362962382727e-01 6.540497e-01
0.700000 15.400000 3.695658742849e-01 5.520940939414e-01 6.643695e-01
0.700000 15.425000 3.654235734932e-01 5.694766459396e-01 6.766373e-01
0.700000 15.450000 3.621606842718e-01 5.883549841098e-01 6.908849e-01
0.700000 15.475000 3.599592366344e-01 6.086167587164e-01 7.070962e-01
0.700000 15.500000 3.589823290186e-01 6.301288282152e-01 7.252108e-01
0.700000 15.525000 3.593717516860e-01 6.527402056749e-01 7.451294e-01
0.700000 15.550000 3.612459531328e-01 6.762853202120e-01 7.667206e-01
0.700000 15.575000 3.646984223328e-01 7.005875907911e-01 7.898278e-01
0.700000 15.600000 3.697965738868e-01 7.254632815341e-01 8.142767e-01
0.700000 15.625000 3.765812255851e-01 7.507255746820e-01 8.398823e-01
0.700000 15.650000 3.850667480847e-01 7.761887641071e-01 8.664557e-01
0.700000 15.675000 3.952419454765e-01 8.016724427499e-01 8.938092e-01
0.700000 15.700000 4.070716956068e-01 8.270055345828e-01 9.217622e-01
0.700000 15.725000 4.204993427873e-01 8.520300075631e-01 9.501446e-01
0.700000 15.750000 4.354497955844e-01 8.766040994173e-01 9.788009e-01
0.700000 15.775000 4.518332410065e-01 9.006048931675e-01 1.007592e+00
0.700000 15.800000 4.695493454135e-01 9.239300939510e-01 1.036399e+00
0.700000 15.825000 4.884917733259e-01 9.464988828205e-01 1.065122e+00
0.700000 15.850000 5.085528194868e-01 9.682517570209e-01 1.093681e+00
0.700000 15.875000 5.296279188701e-01 9.891493101407e-01 1.122017e+00
0.700000 15.900000 5.516197764422e-01 1.009169959828e+00 1.150091e+00
0.700000 15.925000 5.744418468458e-01 1.028306695199e+00 1.177879e+00
0.700000 15.950000 5.980208980932e-01 1.046562989132e+00 1.205373e+00
0.700000 15.975000 6.222984173669e-01 1.063948099022e+00 1.232575e+00
0.700000 16.000000 6.472306652411e-01 1.080472057748e+00 1.259495e+00
0.700000 16.025000 6.727872595779e-01 1.096140726846e+00 1.286144e+00
0.700000 16.050000 6.989482719681e-01 1.110951336579e+00 1.312532e+00
0.700000 16.075000 7.256999442576e-01 1.124888962552e+00 1.338662e+00
0.700000 16.100000 7.530292727055e-01 1.137924375688e+00 1.364524e+00
0.700000 16.125000 7.809178508256e-01 1.150013644447e+00 1.390095e+00
0.700000 16.150000 8.093354937152e-01 1.161099761168e+00 1.415336e+00
0.700000 16.175000 8.382342693883e-01 1.171116410360e+00 1.440191e+00
0.700000 16.200000 8.675436189679e-01 1.179993803396e+00 1.464588e+00
0.700000 16.225000 8.971672425900e-01 1.187666286203e+00 1.488442e+00
0.700000 16.250000 9.269823513510e-01 1.194081204217e+00 1.511663e+00
0.700000 16.275000 9.568417344706e-01 1.199208306536e+00 1.534160e+00
0.700000 16.300000 9.865788704321e-01 1.203048814557e+00 1.555848e+00
0.700000 16.325000 1.016016035791e+00 1.205643193642e+00 1.576662e+00
0.700000 16.350000 1.044975058721e+00 1.207076668585e+00 1.596561e+00
0.700000 16.375000 1.073290056093e+00 1.207481626229e+00 1.615538e+00
0.700000 16.400000 1.100821216687e+00 1.207036251998e+00 1.633629e+00
0.700000 16.425000 1.127468482884e+00 1.205959040690e+00 1.650916e+00
0.700000 16.450000 1.153183868574e+00 1.204499182958e+00 1.667529e+00
0.700000 16.475000 1.177981153952e+00 1.202923225073e+00 1.683646e+00
0.700000 16.500000 1.201941828464e+00 1.201498791446e+00 1.699489e+00
0.700000 16.525000 1.225216408250e+00 1.200476504580e+00 1.715313e+00
0.700000 16.550000 1.248020616444e+00 1.200071495551e+00 1.731395e+00
0.700000 16.575000 1.270626352674e+00 1.200446036229e+00 1.748017e+00
0.700000 16.600000 1.293347851106e+00 1.201694820197e+00 1.765452e+00
0.700000 16.625000 1.316523886587e+00 1.203834265014e+00 1.783943e+00
0.700000 16.650000 1.340497287570e+00 1.206796912615e+00 1.803688e+00
0.700000 16.675000 1.365593308312e+00 1.210431591671e+00 1.824826e+00
0.700000 16.700000 1.392098567017e+00 1.214509513779e+00 1.847423e+00
0.700000 16.725000 1.420242250945e+00 1.218735952665e+00 1.871471e+00
0.700000 16.750000 1.450181120330e+00 1.222766654788e+00 1.896888e+00
0.700000 16.775000 1.481989524493e+00 1.226227702693e+00 1.923520e+00
0.700000 16.800000 1.515655206093e+00 1.228737243609e+00 1.951155e+00
0.700000 16.825000 1.551081156717e+00 1.229927337691e+00 1.979539e+00
0.700000 16.850000 1.588093251011e+00 1.229464189309e+00 2.008388e+00
0.700000 16.875000 1.626452881737e+00 1.227065199458e+00 2.037410e+00
0.700000 16.900000 1.665873395756e+00 1.222511598580e+00 2.066318e+00
0.700000 16.925000 1.706038832606e+00 1.215655851921e+00 2.094848e+00
0.700000 16.950000 1.746623321095e+00 1.206423528000e+00 2.122770e+00
0.700000 16.975000 1.787309506328e+00 1.194809832290e+00 2.149894e+00
0.700000 17.000000 1.827804553252e+00 1.180871480330e+00 2.176081e+00
0.700000 17.025000 1.867852580005e+00 1.164714970236e+00 2.201235e+00
0.700000 17.050000 1.907242778431e+00 1.146482577876e+00 2.225308e+00
0.700000 17.075000 1.945812934371e+00 1.126337517093e+00 2.248294e+00
0.700000 17.100000 1.983448517476e+00 1.104449676948e+00 2.270215e+00
0.700000 17.125000 2.020077922040e+00 1.080983178881e+00 2.291122e+00
0.700000 17.150000 2.055664766774e+00 1.056086714207e+00 2.311077e+00
0.700000 17.175000 2.090198373652e+00 1.029887262374e+00 2.330150e+00
0.700000 17.200000 2.123683629279e+00 1.002487395172e+00 2.348407e+00
0.700000 17.225000 2.156131386304e+00 9.739659848854e-01 2.365906e+00
0.700000 17.250000 2.187550401040e+00 9.443817948197e-01 2.382695e+00
0.700000 17.275000 2.217941551365e+00 9.137791705849e-01 2.398803e+00
0.700000 17.300000 2.247294769107e+00 8.821948908640e-01 2.414250e+00
0.700000 17.325000 2.275588789379e+00 8.496651861118e-01 2.429040e+00
0.700000 17.350000 2.302793501545e+00 8.162319893014e-01 2.443173e+00
0.700000 17.375000 2.328874413473e+00 7.819476305445e-01 2.456644e+00
0.700000 17.400000 2.353798536240e+00 7.468774050230e-01 2.469452e+00
0.700000 17.425000 2.377540874959e+00 7.110997041359e-01 2.481605e+00
0.700000 17.450000 2.400090677842e+00 6.747036744932e-01 2.493123e+00
0.700000 17.475000 2.421456645772e+00 6.377846313809e-01 2.504041e+00
0.700000 17.500000 2.441670427101e+00 6.004376797262e-01 2.514414e+00
0.700000 17.525000 2.460787900278e+00 5.627501693908e-01 2.524315e+00
0.700000 17.550000 2.478887960655e+00 5.247937224049e-01 2.533830e+00
0.700000 17.575000 2.496068757262e+00 4.866166136133e-01 2.543060e+00
0.700000 17.600000 2.512441551651e+00 4.482372649275e-01 2.552113e+00
0.700000 17.625000 2.528122577986e+00 4.096395331999e-01 2.561095e+00
0.700000 17.650000 2.543223458539e+00 3.707703419305e-01 2.570108e+00
0.700000 17.675000 2.557840862297e+00 3.315400385923e-01 2.579238e+00
0.700000 17.700000 2.572046180301e+00 2.918256639871e-01 2.588549e+00
0.700000 17.725000 2.585876025994e+00 2.514771094806e-01 2.598075e+00
0.700000 17.750000 2.599324350740e+00 2.103259237128e-01 2.607820e+00
0.700000 17.775000 2.612336894124e+00 1.681963238056e-01 2.617746e+00
0.700000 17.800000 2.624808567394e+00 1.249177784911e-01 2.627779e+00
0.700000 17.825000 2.636584200495e+00 8.033837337365e-02 2.637808e+00
0.700000 17.850000 2.647462874556e+00 3.433805305525e-02 2.647686e+00
0.700000 17.875000 2.657205821502e+00 -1.315922807247e-02 2.657238e+00
0.700000 17.900000 2.665547612980e+00 -6.217541547859e-02 2.666273e+00
0.700000 17.925000 2.672210097458e+00 -1.126712256616e-01 2.674584e+00
0.700000 17.950000 2.676918295689e+00 -1.645427398671e-01 2.681971e+00
0.700000 17.975000 2.679417250910e+00 -2.176222713739e-01 2.688240e+00
0.700000 18.000000 2.679488671838e+00 -2.716837855168e-01 2.693227e+00
0.700000 18.025000 2.676966122434e+00 -3.264528325419e-01 2.696798e+00
0.700000 18.050000 2.671747517591e+00 -3.816206078485e-01 2.698864e+00
0.700000 18.075000 2.663803787090e+00 -4.368614079662e-01 2.699389e+00
0.700000 18.100000 2.653182772335e+00 -4.918524325831e-01 2.698388e+00
0.700000 18.125000 2.640007713567e+00 -5.462946224810e-01 2.695937e+00
0.700000 18.150000 2.624470052336e+00 -5.999330472609e-01 2.692167e+00
0.700000 18.175000 2.606816689522e+00 -6.525752867847e-01 2.687257e+00
0.700000 18.200000 2.587332271369e+00 -7.041062997774e-01 2.681428e+00
0.700000 18.225000 2.566317489132e+00 -7.544984454260e-01 2.674931e+00
0.700000 18.250000 2.544064736187e+00 -8.038156115188e-01 2.668030e+00
0.700000 18.275000 2.520832736821e+00 -8.522107871851e-01 2.660989e+00
0.700000 18.300000 2.496821917160e+00 -8.999168716481e-01 2.654048e+00
0.700000 18.325000 2.472152313681e+00 -9.472309973956e-01 2.647411e+00
0.700000 18.350000 2.446845702733e+00 -9.944931276827e-01 2.641225e+00
0.700000 18.375000 2.420813391482e+00 -1.042060124918e+00 2.635570e+00
0.700000 18.400000 2.393850754448e+00 -1.090276842240e+00 2.630442e+00
0.700000 18.425000 2.365639157818e+00 -1.139446036367e+00 2.625754e+00
0.700000 18.450000 2.335755420716e+00 -1.189799015958e+00 2.621331e+00
0.700000 18.475000 2.303688457499e+00 -1.241468917712e+00 2.616911e+00
0.700000 18.500000 2.268862266993e+00 -1.294468345655e+00 2.612161e+00
0.700000 18.525000 2.230664019305e+00 -1.348672831612e+00 2.606680e+00
0.700000 18.550000 2.188475668419e+00 -1.403811200686e+00 2.600021e+00
0.700000 18.575000 2.141707310076e+00 -1.459463485171e+00 2.591707e+00
0.700000 18.600000 2.089830421002e+00 -1.515066558416e+00 2.581243e+00
0.700000 18.625000 2.032409157940e+00 -1.569927192044e+00 2.568143e+00
0.700000 18.650000 1.969128054465e+00 -1.623241808848e+00 2.551936e+00
0.700000 18.675000 1.899814712755e+00 -1.674121837911e+00 2.532189e+00
0.700000 18.700000 1.824456422800e+00 -1.721623299666e+00 2.508511e+00
0.700000 18.725000 1.743210025283e+00 -1.764779070439e+00 2.480570e+00
0.700000 18.750000 1.656404737424e+00 -1.802632203839e+00 2.448093e+00
0.700000 18.775000 1.564538055210e+00 -1.834268717608e+00 2.410876e+00
0.700000 18.800000 1.468265205092e+00 -1.858848379429e+00 2.368780e+00
0.700000 18.825000 1.368382922561e+00 -1.875632228361e+00 2.321738e+00
0.700000 18.850000 1.265808568471e+00 -1.884005830271e+00 2.269747e+00
0.700000 18.875000 1.161555747204e+00 -1.883497564017e+00 2.212866e+00
0.700000 18.900000 1.056707660681e+00 -1.873791547265e+00 2.151215e+00
0.700000 18.925000 9.523894216011e-01 -1.854735114951e+00 2.084967e+00
0.700000 18.950000 8.497404663111e-01 -1.826341039731e+00 2.014344e+00
0.700000 18.975000 7.498880649819e-01 -1.788784916118e+00 1.939609e+00
0.700000 19.000000 6.539227402661e-01 -1.742398306359e+00 1.861066e+00
0.700000 19.025000 5.628761934924e-01 -1.687658359504e+00 1.779050e+00
0.700000 19.050000 4.777021185660e-01 -1.625174663758e+00 1.693928e+00
0.700000 19.075000 3.992600763583e-01 -1.555674079643e+00 1.606092e+00
0.700000 19.100000 3.283024226427e-01 -1.479984236229e+00 1.515960e+00
0.700000 19.125000 2.654641433933e-01 -1.399016267238e+00 1.423980e+00
0.700000 19.150000 2.112553608053e-01 -1.313747233986e+00 1.330624e+00
0.700000 19.175000 1.660562347793e-01 -1.225202545215e+00 1.236404e+00
0.700000 19.200000 1.301139952710e-01 -1.134438557149e+00 1.141876e+00
0.700000 19.225000 1.035418928102e-01 -1.042525436154e+00 1.047655e+00
0.700000 19.250000 8.631993497857e-02 -9.505303031160e-01 9.544417e-01
0.700000 19.275000 7.829736959699e-02 -8.595006601742e-01 8.630596e-01
0.700000 19.300000 7.919696319620e-02 -7.704481278139e-01 7.745079e-01
0.700000 19.325000 8.862118881889e-02 -6.843325884234e-01 6.900470e-01
0.700000 19.350000 1.060604658129e-01 -6.020469301998e-01 6.113177e-01
0.700000 19.375000 1.309035761199e-01 -5.244026969381e-01 5.404942e-01
0.700000 19.400000 1.624503128601e-01 -4.521170560232e-01 4.804164e-01
0.700000 19.425000 1.999263009486e-01 -3.858015794110e-01 4.345266e-01
0.700000 19.450000 2.424997762631e-01 -3.259533729816e-01 4.062656e-01
0.700000 19.475000 2.892999356920e-01 -2.729490750451e-01 3.977382e-01
0.700000 19.500000 3.394362957886e-01 -2.270421680021e-01 4.083689e-01
0.700000 19.525000 3.920183451214e-01 -1.883639087723e-01 4.349245e-01
0.700000 19.550000 4.461746662425e-01 -1.569279922291e-01 4.729675e-01
0.700000 19.575000 5.010706552190e-01 -1.326388334128e-01 5.183289e-01
0.700000 19.600000 5.559239914470e-01 -1.153031103736e-01 5.677555e-01
0.700000 19.625000 6.100171115351e-01 -1.046439750213e-01 6.189275e-01
0.700000 19.650000 6.627061132333e-01 -1.003171394516e-01 6.702559e-01
0.700000 19.675000 7.134257450373e-01 -1.019279021840e-01 7.206702e-01
0.700000 19.700000 7.616904036033e-01 -1.090481092397e-01 7.694568e-01
0.700000 19.725000 8.070913391812e-01 -1.212320577748e-01 8.161456e-01
0.700000 19.750000 8.492905320524e-01 -1.380304448393e-01 8.604341e-01
0.700000 19.775000 8.880119252070e-01 -1.590016315021e-01 9.021345e-01
0.700000 19.800000 9.230308597257e-01 -1.837197159552e-01 9.411370e-01
0.700000 19.825000 9.541626461760e-01 -2.117791654582e-01 9.773826e-01
0.700000 19.850000 9.812512130536e-01 -2.427960205956e-01 1.010843e+00
0.700000 19.875000 1.004158706087e+00 -2.764059312806e-01 1.041506e+00
0.700000 19.900000 1.022756782230e+00 -3.122594908051e-01 1.069363e+00
0.700000 19.925000 1.036920167558e+00 -3.500154868149e-01 1.094401e+00
0.700000 19.950000 1.046522850469e+00 -3.893327788107e-01 1.116598e+00
0.700000 19.975000 1.051437082062e+00 -4.298615412983e-01 1.135914e+00
0.700000 20.000000 1.051535172907e+00 -4.712345879893e-01 1.152297e+00
0.700000 20.025000 1.046693922944e+00 -5.130594289023e-01 1.165675e+00
0.700000 20.050000 1.036801405330e+00 -5.549116250949e-01 1.175961e+00
0.700000 20.075000 1.021765745062e+00 -5.963299110797e-01 1.183053e+00
0.700000 20.100000 1.001525482115e+00 -6.368134657925e-01 1.186838e+00
0.700000 20.125000 9.760610755784e-01 -6.758216369947e-01 1.187194e+00
0.700000 20.150000 9.454070769403e-01 -7.127763624620e-01 1.183995e+00
0.700000 20.175000 9.096644661112e-01 -7.470674789172e-01 1.177115e+00
0.700000 20.200000 8.690125958338e-01 -7.780610558168e-01 1.166431e+00
0.700000 20.225000 8.237201280874e-01 -8.051108222046e-01 1.151833e+00
0.700000 20.250000 7.741542765670e-01 -8.275726573709e-01 1.133222e+00
0.700000 20.275000 7.207876056887e-01 -8.448219797995e-01 1.110522e+00
0.700000 20.300000 6.642015976881e-01 -8.562736899379e-01 1.083683e+00
0.700000 20.325000 6.050862062531e-01 -8.614041052187e-01 1.052685e+00
0.700000 20.350000 5.442346876957e-01 -8.597740843021e-01 1.017547e+00
0.700000 20.375000 4.825331536761e-01 -8.510522942105e-01 9.783293e-01
0.700000 20.400000 4.209445291816e-01 -8.350373579077e-01 9.351373e-01
0.700000 20.425000 3.604869210308e-01 -8.116774630530e-01 8.881279e-01
0.700000 20.450000 3.022067886224e-01 -7.810859460065e-01 8.375107e-01
0.700000 20.475000 2.471477314793e-01 -7.435514137021e-01 7.835501e-01
0.700000 20.500000 1.963161296421e-01 -6.995411446602e-01 7.265658e-01
0.700000 20.525000 1.506452500907e-01 -6.496968207765e-01 6.669332e-01
0.700000 20.550000 1.109597217232e-01 -5.948220702075e-01 6.050829e-01
0.700000 20.575000 7.794244456956e-02 -5.358618204213e-01 5.415006e-01
0.700000 20.600000 5.210600761354e-02 -4.738740284302e-01 4.767301e-01
0.700000 20.625000 3.377052988417e-02 -4.099949227322e-01 4.113834e-01
0.700000 20.650000 2.304951426930e-02 -3.453994054583e-01 3.461676e-01
0.700000 20.675000 1.984483321106e-02 -2.812586730246e-01 2.819579e-01
0.700000 20.700000 2.385138640776e-02 -2.186973769574e-01 2.199942e-01
0.700000 20.725000 3.457133163471e-02 -1.587527346434e-01 1.624734e-01
0.700000 20.750000 5.133714687400e-02 -1.023379007318e-01 1.144926e-01
0.700000 20.775000 7.334219238410e-02 -5.021163052811e-02 8.888355e-02
0.700000 20.800000 9.967695735503e-02 -2.955831744482e-03 9.972077e-02
0.700000 20.825000 1.293688388050e-01 3.903794956638e-02 1.351305e-01
0.700000 20.850000 1.614231366287e-01 7.557267837923e-02 1.782376e-01
0.700000 20.875000 1.948629667123e-01 1.066408091285e-01 2.221347e-01
0.700000 20.900000 2.287659841220e-01 1.324108655897e-01 2.643227e-01
0.700000 20.925000 2.622961444765e-01 1.532068800031e-01 3.037624e-01
0.700000 20.950000 2.947291748022e-01 1.694823057982e-01 3.399846e-01
0.700000 20.975000 3.254709286952e-01 1.817902255206e-01 3.727989e-01
0.700000 21.000000 3.540683155218e-01 1.907517294129e-01 4.021823e-01
0.700000 21.025000 3.802129741210e-01 1.970242521092e-01 4.282294e-01
0.700000 21.050000 4.037382707082e-01 2.012714496279e-01 4.511261e-01
0.700000 21.075000 4.246105127395e-01 2.041359097921e-01 4.711322e-01
0.700000 21.100000 4.429154731015e-01 2.062156540286e-01 4.885683e-01
0.700000 21.125000 4.588414131183e-01 2.080450440738e-01 5.038037e-01
0.700000 21.150000 4.726597909018e-01 2.100803851754e-01 5.172437e-01
0.700000 21.175000 4.847047641725e-01 2.126902413255e-01 5.293164e-01
0.700000 21.200000 4.953524688338e-01 2.161502611997e-01 5.404581e-01
0.700000 21.225000 5.050009014944e-01 2.206421589074e-01 5.510979e-01
0.700000 21.250000 5.140510776337e-01 2.262563957115e-01 5.616409e-01
0.700000 21.275000 5.228899929246e-01 2.329980555654e-01 5.724527e-01
0.700000 21.300000 5.318757916907e-01 2.407953836962e-01 5.838444e-01
0.700000 21.325000 5.413254444771e-01 2.495104488337e-01 5.960610e-01
0.700000 21.350000 5.515051511082e-01 2.589513845825e-01 6.092731e-01
0.700000 21.375000 5.626236074370e-01 2.688856575474e-01 6.235742e-01
0.700000 21.400000 5.748281934028e-01 2.790537988574e-01 6.389824e-01
0.700000 21.425000 5.882040489772e-01 2.891830269152e-01 6.554470e-01
0.700000 21.450000 6.027758992364e-01 2.990001917297e-01 6.728595e-01
0.700000 21.475000 6.185123718464e-01 3.082434958534e-01 6.910656e-01
0.700000 21.500000 6.353324271459e-01 3.166725033858e-01 7.098794e-01
0.700000 21.525000 6.531134050515e-01 3.240760426236e-01 7.290970e-01
0.700000 21.550000 6.717000993116e-01 3.302777399761e-01 7.485081e-01
0.700000 21.575000 6.909142135178e-01 3.351390862779e-01 7.679067e-01
0.700000 21.600000 7.105635473546e-01 3.385601187522e-01 7.870982e-01
0.700000 21.625000 7.304503131348e-01 3.404779846820e-01 8.059050e-01
0.700000 21.650000 7.503780918685e-01 3.408638157560e-01 8.241695e-01
0.700000 21.675000 7.701570971002e-01 3.397184648321e-01 8.417545e-01
0.700000 21.700000 7.896076081897e-01 3.370677227738e-01 8.585423e-01
0.700000 21.725000 8.085616414478e-01 3.329576316168e-01 8.744328e-01
0.700000 21.750000 8.268631232831e-01 3.274504394166e-01 8.893404e-01
0.700000 21.775000 8.443669901849e-01 3.206216086037e-01 9.031909e-01
0.700000 21.800000 8.609377454703e-01 3.125581089307e-01 9.159183e-01
0.700000 21.825000 8.764480384307e-01 3.033580203128e-01 9.274628e-01
0.700000 21.850000 8.907777927908e-01 2.931312660659e-01 9.377692e-01
0.700000 21.875000 9.038143029763e-01 2.820011196872e-01 9.467866e-01
0.700000 21.900000 9.154535526166e-01 2.701060015513e-01 9.544697e-01
0.700000 21.925000 9.256028116109e-01 2.576010224064e-01 9.607803e-01
0.700000 21.950000 9.341843622292e-01 2.446587461243e-01 9.656906e-01
0.700000 21.975000 9.411400185416e-01 2.314687325498e-01 9.691864e-01
0.700000 22.000000 9.464359617103e-01 2.182355705086e-01 9.712712e-01
0.700000 22.025000 9.500673350958e-01 2.051753008981e-01 9.719696e-01
0.700000 22.050000 9.520620378439e-01 1.925103347880e-01 9.713302e-01
0.700000 22.075000 9.524832238156e-01 1.804631642274e-01 9.694283e-01
0.700000 22.100000 9.514301446794e-01 1.692493185218e-01 9.663667e-01
0.700000 22.125000 9.490371534824e-01 1.590701160686e-01 9.622759e-01
0.700000 22.150000 9.454708839672e-01 1.501057894091e-01 9.573124e-01
0.700000 22.175000 9.409258146959e-01 1.425095166249e-01 9.516566e-01
0.700000 22.200000 9.356185902817e-01 1.364027829778e-01 9.455093e-01
0.700000 22.225000 9.297815839332e-01 1.318723387872e-01 9.390868e-01
0.700000 22.250000 9.236562327671e-01 1.289688352114e-01 9.326166e-01
0.700000 22.275000 9.174866556670e-01 1.277070341448e-01 9.263319e-01
0.700000 22.300000 9.115139780790e-01 1.280673266751e-01 9.204667e-01
0.700000 22.325000 9.059716527809e-01 1.299981774063e-01 9.152509e-01
0.700000 22.350000 9.010819005139e-01 1.334190536989e-01 9.109057e-01
0.700000 22.375000 8.970532230942e-01 1.382234053968e-01 9.076399e-01
0.700000 22.400000 8.940787880685e-01 1.442813287240e-01 9.056456e-01
0.700000 22.425000 8.923353689078e-01 1.514416663119e-01 9.050950e-01
0.700000 22.450000 8.919824630952e-01 1.595334458030e-01 9.061367e-01
0.700000 22.475000 8.931612095550e-01 1.683667203299e-01 9.088918e-01
0.700000 22.500000 8.959927856255e-01 1.777330227714e-01 9.134507e-01
0.700000 22.525000 9.005760731584e-01 1.874057616352e-01 9.198686e-01
0.700000 22.550000 9.069845278630e-01 1.971409541874e-01 9.281624e-01
0.700000 22.575000 9.152623460332e-01 2.066787032453e-01 9.383077e-01
0.700000 22.600000 9.254201772154e-01 2.157457766568e-01 9.502362e-01
0.700000 22.625000 9.374307604348e-01 2.240595490916e-01 9.638356e-01
0.700000 22.650000 9.512249493489e-01 2.313334268278e-01 9.789505e-01
0.700000 22.675000 9.666886277749e-01 2.372837145255e-01 9.953846e-01
0.700000 22.700000 9.836609976492e-01 2.416377173680e-01 1.012906e+00
0.700000 22.725000 1.001934649409e+00 2.441427208263e-01 1.031251e+00
0.700000 22.750000 1.021257708620e+00 2.445753694811e-01 1.050135e+00
0.700000 22.775000 1.041338205302e+00 2.427508873645e-01 1.069258e+00
0.700000 22.800000 1.061850649146e+00 2.385315514778e-01 1.088313e+00
0.700000 22.825000 1.082444630385e+00 2.318338483987e-01 1.106993e+00
0.700000 22.850000 1.102755116911e+00 2.226338071519e-01 1.125004e+00
0.700000 22.875000 1.122413994801e+00 2.109701018813e-01 1.142069e+00
0.700000 22.900000 1.141062309702e+00 1.969446449239e-01 1.157934e+00
0.700000 22.925000 1.158362614477e+00 1.807205332767e-01 1.172375e+00
0.700000 22.950000 1.174010814537e+00 1.625173581474e-01 1.185206e+00
0.700000 22.975000 1.187746923681e+00 1.426040286894e-01 1.196277e+00
0.700000 23.000000 1.199364195546e+00 1.212893895617e-01 1.205481e+00
0.700000 23.025000 1.208716173244e+00 9.891102226799e-02 1.212756e+00
0.700000 23.050000 1.215721296555e+00 7.582270897491e-02 1.218083e+00
0.700000 23.075000 1.220364816742e+00 5.238110292103e-02 1.221488e+00
0.700000 23.100000 1.222697888893e+00 2.893219084427e-02 1.223040e+00
0.700000 23.125000 1.222833836333e+00 5.798149813010e-03 1.222848e+00
0.700000 23.150000 1.220941707480e+00 -1.673480667524e-02 1.221056e+00
0.700000 23.175000 1.217237368539e+00 -3.842703054441e-02 1.217844e+00
0.700000 23.200000 1.211972491591e+00 -5.909398269758e-02 1.213412e+00
0.700000 23.225000 1.205421902229e+00 -7.861229242624e-02 1.207983e+00
0.700000 23.250000 1.197869838806e+00 -9.692300947037e-02 1.201785e+00
0.700000 23.275000 1.189595741188e+00 -1.140318475107e-01 1.195049e+00
0.700000 23.300000 1.180860225723e+00 -1.300063545967e-01 1.187995e+00
0.700000 23.325000 1.171891910897e+00 -1.449700912463e-01 1.180825e+00
0.700000 23.350000 1.162875732401e+00 -1.590940430666e-01 1.173708e+00
0.700000 23.375000 1.153943327058e+00 -1.725856333076e-01 1.166778e+00
0.700000 23.400000 1.145165974351e+00 -1.856758232627e-01 1.160121e+00
0.700000 23.425000 1.136550467070e+00 -1.986048871992e-01 1.153772e+00
0.700000 23.450000 1.128038145700e+00 -2.116075175071e-01 1.147714e+00
0.700000 23.475000 1.119507182861e+00 -2.248979512420e-01 1.141874e+00
0.700000 23.500000 1.110778053418e+00 -2.386558101226e-01 1.136127e+00
0.700000 23.525000 1.101621981157e+00 -2.530133138321e-01 1.130304e+00
0.700000 23.550000 1.091772021694e+00 -2.680444649601e-01 1.124195e+00
0.700000 23.575000 1.080936328783e+00 -2.837567184601e-01 1.117560e+00
0.700000 23.600000 1.068813060904e+00 -3.000855452000e-01 1.110141e+00
0.700000 23.625000 1.055106318024e+00 -3.168921840052e-01 1.101667e+00
0.700000 23.650000 1.039542454365e+00 -3.339647546540e-01 1.091870e+00
0.700000 23.675000 1.021886090417e+00 -3.510227793413e-01 1.080494e+00
0.700000 23.700000 1.001955144673e+00 -3.677250345456e-01 1.067303e+00
0.700000 23.725000 9.796342216145e-01 -3.836805301961e-01 1.052090e+00
0.700000 23.750000 9.548857272786e-01 -3.984622892148e-01 1.034688e+00
0.700000 23.775000 9.277581386101e-01 -4.116234788003e-01 1.014972e+00
0.700000 23.800000 8.983909299349e-01 -4.227153272313e-01 9.928719e-01
0.700000 23.825000 8.670157619857e-01 -4.313061502610e-01 9.683704e-01
0.700000 23.850000 8.339536679267e-01 -4.370007152003e-01 9.415139e-01
0.700000 23.875000 7.996081271644e-01 -4.394590963878e-01 9.124130e-01
0.700000 23.900000 7.644540989681e-01 -4.384141321017e-01 8.812474e-01
0.700000 23.925000 7.290232881962e-01 -4.336865895262e-01 8.482682e-01
0.700000 23.950000 6.938861250325e-01 -4.251971894281e-01 8.138001e-01
0.700000 23.975000 6.596311464116e-01 -4.129747412906e-01 7.782425e-01
0.700000 24.000000 6.268426529801e-01 -3.971597942132e-01 7.420698e-01
0.700000 24.025000 5.960776651897e-01 -3.780034151343e-01 7.058294e-01
0.700000 24.050000 5.678432994009e-01 -3.558609544201e-01 6.701366e-01
0.700000 24.075000 5.425757165567e-01 -3.311809347338e-01 6.356644e-01
0.700000 24.100000 5.206217536687e-01 -3.044894831342e-01 6.031259e-01
0.700000 24.125000 5.022242299254e-01 -2.763709966937e-01 5.732452e-01
0.700000 24.150000 4.875117296388e-01 -2.474459662880e-01 5.467149e-01
0.700000 24.175000 4.764934154840e-01 -2.183470613611e-01 5.241387e-01
0.700000 24.200000 4.690591356733e-01 -1.896946845439e-01 5.059650e-01
0.700000 24.225000 4.649847803832e-01 -1.620732294708e-01 4.924211e-01
0.700000 24.250000 4.639425405080e-01 -1.360092159760e-01 4.834679e-01
0.700000 24.275000 4.655154496858e-01 -1.119523399119e-01 4.787880e-01
0.700000 24.300000 4.692153693751e-01 -9.026027318800e-02 4.778179e-01
0.700000 24.325000 4.745034219787e-01 -7.118780206293e-02 4.798137e-01
0.700000 24.350000 4.808117970882e-01 -5.488062052744e-02 4.839337e-01
0.700000 24.375000 4.875658516934e-01 -4.137382397687e-02 4.893182e-01
0.700000 24.400000 4.942054902117e-01 -3.059489776289e-02 4.951516e-01
0.700000 24.425000 5.002049318914e-01 -2.237078306129e-02 5.007049e-01
0.700000 24.450000 5.050901348368e-01 -1.643844050845e-02 5.053576e-01
0.700000 24.475000 5.084533291173e-01 -1.245822541558e-02 5.086059e-01
0.700000 24.500000 5.099642983481e-01 -1.002933580617e-02 5.100629e-01
0.700000 24.525000 5.093782247671e-01 -8.706589292819e-03 5.094526e-01
0.700000 24.550000 5.065400665748e-01 -8.017816418679e-03 5.066035e-01
0.700000 24.575000 5.013855627068e-01 -7.481214296025e-03 5.014414e-01
0.700000 24.600000 4.939390588998e-01 -6.622073382691e-03 4.939834e-01
0.700000 24.625000 4.843084236746e-01 -4.988362529166e-03 4.843341e-01
0.700000 24.650000 4.726773801158e-01 -2.164727039133e-03 4.726823e-01
0.700000 24.675000 4.592956262635e-01 2.215480460288e-03 4.593010e-01
0.700000 24.700000 4.444671596495e-01 8.460454143699e-03 4.445477e-01
0.700000 24.725000 4.285372634885e-01 1.681272752488e-02 4.288669e-01
0.700000 24.750000 4.118786532256e-01 2.744468564102e-02 4.127920e-01
0.700000 24.775000 3.948773188055e-01 4.045689298564e-02 3.969444e-01
0.700000 24.800000 3.779186233840e-01 5.587923240514e-02 3.820275e-01
0.700000 24.825000 3.613742247905e-01 7.367473439364e-02 3.688079e-01
0.700000 24.850000 3.455903634875e-01 9.374585063950e-02 3.580796e-01
0.700000 24.875000 3.308780037559e-01 1.159427994313e-01 3.506037e-01
0.700000 24.900000 3.175052208171e-01 1.400734957572e-01 3.470305e-01
0.700000 24.925000 3.056920980187e-01 1.659144890236e-01 3.478150e-01
0.700000 24.950000 2.956082428837e-01 1.932222788388e-01 3.531559e-01
0.700000 24.975000 2.873728614601e-01 2.217443737377e-01 3.629790e-01
0.700000 25.000000 2.810571632281e-01 2.512295035999e-01 3.769740e-01
0.700000 25.025000 2.766887214807e-01 2.814364921848e-01 3.946684e-01
0.700000 25.050000 2.742573031932e-01 3.121414334335e-01 4.155109e-01
0.700000 25.075000 2.737216209590e-01 3.431429798593e-01 4.389426e-01
0.700000 25.100000 2.750164549291e-01 3.742657250274e-01 4.644447e-01
0.700000 25.125000 2.780596450684e-01 4.053618244553e-01 4.915642e-01
0.700000 25.150000 2.827585561274e-01 4.363111307743e-01 5.199229e-01
0.700000 25.175000 2.890157553974e-01 4.670202038416e-01 5.492158e-01
0.700000 25.200000 2.967337973543e-01 4.974205849887e-01 5.792048e-01
0.700000 25.225000 3.058191579302e-01 5.274666946458e-01 6.097102e-01
0.700000 25.250000 3.161854831588e-01 5.571336303960e-01 6.406022e-01
0.700000 25.275000 3.277563946200e-01 5.864150218069e-01 6.717937e-01
0.700000 25.300000 3.404681160069e-01 6.153209586987e-01 7.032343e-01
0.700000 25.325000 3.542721478152e-01 6.438758734962e-01 7.349047e-01
0.700000 25.350000 3.691381258977e-01 6.721161485517e-01 7.668136e-01
0.700000 25.375000 3.850568678976e-01 7.000871550714e-01 7.989936e-01
0.700000 25.400000 4.020434592761e-01 7.278394245611e-01 8.314981e-01
0.700000 25.425000 4.201400814146e-01 7.554237113836e-01 8.643973e-01
0.700000 25.450000 4.394181621678e-01 7.828848218050e-01 8.977733e-01
0.700000 25.475000 4.599793554102e-01 8.102542478475e-01 9.317151e-01
0.700000 25.500000 4.819548456847e-01 8.375418333484e-01 9.663109e-01
0.700000 25.525000 5.055025340101e-01 8.647268903938e-01 1.001641e+00
0.700000 25.550000 5.308017888970e-01 8.917493512229e-01 1.037770e+00
0.700000 25.575000 5.580456313100e-01 9.185016605168e-01 1.074737e+00
0.700000 25.600000 5.874304447206e-01 9.448221679226e-01 1.112548e+00
0.700000 25.625000 6.191435374378e-01 9.704907607185e-01 1.151169e+00
0.700000 25.650000 6.533491080987e-01 9.952273807437e-01 1.190522e+00
0.700000 25.675000 6.901733519614e-01 1.018693906249e+00 1.230478e+00
0.700000 25.700000 7.296895754666e-01 1.040499664084e+00 1.270861e+00
0.700000 25.725000 7.719042463343e-01 1.060210592161e+00 1.311443e+00
0.700000 25.750000 8.167448914547e-01 1.077361820604e+00 1.351954e+00
0.700000 25.775000 8.640506686929e-01 1.091473206005e+00 1.392084e+00
0.700000 25.800000 9.135662926039e-01 1.102067157052e+00 1.431487e+00
0.700000 25.825000 9.649398045789e-01 1.108687945858e+00 1.469795e+00
0.700000 25.850000 1.017724464623e+00 1.110921615262e+00 1.506622e+00
0.700000 25.875000 1.071384824404e+00 1.108415568276e+00 1.541574e+00
0.700000 25.900000 1.125306836475e+00 1.100896955804e+00 1.574258e+00
0.700000 25.925000 1.178811675258e+00 1.088189051967e+00 1.604292e+00
0.700000 25.950000 1.231172798670e+00 1.070224909919e+00 1.631309e+00
0.700000 25.975000 1.281635666530e+00 1.047057711925e+00 1.654968e+00
0.700000 26.000000 1.329439450280e+00 1.018867355140e+00 1.674963e+00
0.700000 26.025000 1.373840011724e+00 9.859629419410e-01 1.691023e+00
0.700000 26.050000 1.414133389820e+00 9.487809682665e-01 1.702926e+00
0.700000 26.075000 1.449679008108e+00 9.078791266009e-01 1.710501e+00
0.700000 26.100000 1.479921798543e+00 8.639257661549e-01 1.713632e+00
0.700000 26.125000 1.504412431409e+00 8.176851865888e-01 1.712269e+00
0.700000 26.150000 1.522824850836e+00 7.699990872003e-01 1.706427e+00
0.700000 26.175000 1.534970349532e+00 7.217646516544e-01 1.696195e+00
0.700000 26.200000 1.540807484394e+00 6.739099152616e-01 1.681738e+00
0.700000 26.225000 1.540447245562e+00 6.273672285148e-01 1.663300e+00
0.700000 26.250000 1.534153050911e+00 5.830457833160e-01 1.641209e+00
0.700000 26.275000 1.522335346285e+00 5.418042899977e-01 1.615876e+00
0.700000 26.300000 1.505540842445e+00 5.044249657280e-01 1.587797e+00
0.700000 26.325000 1.484436699292e+00 4.715900018213e-01 1.557546e+00
0.700000 26.350000 1.459790256213e+00 4.438616071231e-01 1.525779e+00
0.700000 26.375000 1.432445179843e+00 4.216665723388e-01 1.493219e+00
0.700000 26.400000 1.403295130733e+00 4.052860700981e-01 1.460648e+00
0.700000 26.425000 1.373256213408e+00 3.948511111238e-01 1.428895e+00
0.700000 26.450000 1.343239550260e+00 3.903437400468e-01 1.398807e+00
0.700000 26.475000 1.314125296604e+00 3.916037036527e-01 1.371233e+00
0.700000 26.500000 1.286739290252e+00 3.983399913955e-01 1.346987e+00
0.700000 26.525000 1.261833312956e+00 4.101463643740e-01 1.326817e+00
0.700000 26.550000 1.240069652536e+00 4.265197817799e-01 1.311370e+00
0.700000 26.575000 1.222010321006e+00 4.468805225926e-01 1.301158e+00
0.700000 26.600000 1.208110938512e+00 4.705927941634e-01 1.296530e+00
0.700000 26.625000 1.198718969577e+00 4.969847158703e-01 1.297660e+00
0.700000 26.650000 1.194075728463e+00 5.253667514078e-01 1.304541e+00
0.700000 26.675000 1.194321378990e+00 5.550479139324e-01 1.316997e+00
0.700000 26.700000 1.199502056129e+00 5.853493539084e-01 1.334706e+00
0.700000 26.725000 1.209578235592e+00 6.156152268368e-01 1.357226e+00
0.700000 26.750000 1.224433565739e+00 6.452209951512e-01 1.384033e+00
0.700000 26.775000 1.243883534997e+00 6.735795187007e-01 1.414551e+00
0.700000 26.800000 1.267683551794e+00 7.001454132439e-01 1.448180e+00
0.700000 26.825000 1.295536232721e+00 7.244181985599e-01 1.484317e+00
0.700000 26.850000 1.327097898187e+00 7.459447206897e-01 1.522374e+00
0.700000 26.875000 1.361984437099e+00 7.643212301958e-01 1.561790e+00
0.700000 26.900000 1.399776804329e+00 7.791953519692e-01 1.602036e+00
0.700000 26.925000 1.440026447517e+00 7.902680185070e-01 1.642620e+00
0.700000 26.950000 1.482260924305e+00 7.972952851786e-01 1.683086e+00
0.700000 26.975000 1.525989878373e+00 8.000898272970e-01 1.723017e+00
0.700000 27.000000 1.570711411527e+00 7.985218531153e-01 1.762036e+00
0.700000 27.025000 1.615918743818e+00 7.925191638976e-01 1.799800e+00
0.700000 27.050000 1.661106919579e+00 7.820661519854e-01 1.836002e+00
0.700000 27.075000 1.705779218080e+00 7.672016408626e-01 1.870369e+00
0.700000 27.100000 1.749452881318e+00 7.480156202493e-01 1.902659e+00
0.700000 27.125000 1.791663788711e+00 7.246450914418e-01 1.932659e+00
0.700000 27.150000 1.831969790663e+00 6.972693884742e-01 1.960178e+00
0.700000 27.175000 1.869952552272e+00 6.661054553816e-01 1.985049e+00
0.700000 27.200000 1.905217939144e+00 6.314036193273e-01 2.007119e+00
0.700000 27.225000 1.937395177600e+00 5.934443908382e-01 2.026247e+00
0.700000 27.250000 1.966135216597e+00 5.525367413667e-01 2.042299e+00
0.700000 27.275000 1.991108883313e+00 5.090181591527e-01 2.055143e+00
0.700000 27.300000 2.012005536288e+00 4.632565793693e-01 2.064648e+00
0.700000 27.325000 2.028532962188e+00 4.156540429871e-01 2.070680e+00
0.700000 27.350000 2.040419224602e+00 3.666516844017e-01 2.073100e+00
0.700000 27.375000 2.047417053741e+00 3.167354064065e-01 2.071772e+00
0.700000 27.400000 2.049311170416e+00 2.664413977519e-01 2.066559e+00
0.700000 27.425000 2.045928679356e+00 2.163605056745e-01 2.057337e+00
0.700000 27.450000 2.037152365181e+00 1.671404109455e-01 2.043997e+00
0.700000 27.475000 2.022936402474e+00 1.194845776004e-01 2.026462e+00
0.700000 27.500000 2.003323675428e+00 7.414706807812e-02 2.004695e+00
0.700000 27.525000 1.978463618750e+00 3.192252435641e-02 1.978721e+00
0.700000 27.550000 1.948629264905e+00 -6.369092745785e-03 1.948640e+00
0.700000 27.575000 1.914232035540e+00 -3.990305658169e-02 1.914648e+00
0.700000 27.600000 1.875832764705e+00 -6.787536883190e-02 1.877060e+00
0.700000 27.625000 1.834147500573e+00 -8.953242360837e-02 1.836331e+00
0.700000 27.650000 1.790046806295e+00 -1.042036610552e-01 1.793077e+00
0.700000 27.675000 1.744547567660e+00 -1.113356623668e-01 1.748097e+00
0.700000 27.700000 1.698796705400e+00 -1.105258429685e-01 1.702388e+00
0.700000 27.725000 1.654046665170e+00 -1.015537066908e-01 1.657161e+00
0.700000 27.750000 1.611623092072e+00 -8.440755565535e-02 1.613832e+00
0.700000 27.775000 1.572885655467e+00 -5.930462615245e-02 1.574003e+00
0.700000 27.800000 1.539183534333e+00 -2.670284896232e-02 1.539415e+00
0.700000 27.825000 1.511807560826e+00 1.269718868987e-02 1.511861e+00
0.700000 27.850000 1.491941406937e+00 5.796098746394e-02 1.493067e+00
0.700000 27.875000 1.480614446682e+00 1.079398706033e-01 1.484544e+00
0.700000 27.900000 1.478659001930e+00 1.613012996186e-01 1.487431e+00
0.700000 27.925000 1.486674563257e+00 2.165686477934e-01 1.502366e+00
0.700000 27.950000 1.505001262025e+00 2.721686301268e-01 1.529413e+00
0.700000 27.975000 1.533704367322e+00 3.264840035455e-01 1.568069e+00
0.700000 28.000000 1.572570920244e+00 3.779087142308e-01 1.617342e+00
0.700000 28.025000 1.621118843491e+00 4.249024250585e-01 1.675878e+00
0.700000 28.050000 1.678618035363e+00 4.660413361482e-01 1.742112e+00
0.700000 28.075000 1.744122141656e+00 5.000624275496e-01 1.814394e+00
0.700000 28.100000 1.816508966846e+00 5.258986958364e-01 1.891104e+00
0.700000 28.125000 1.894526903259e+00 5.427035948583e-01 1.970726e+00
0.700000 28.150000 1.976844377849e+00 5.498636742044e-01 2.051893e+00
0.700000 28.175000 2.062099177644e+00 5.469992706340e-01 2.133415e+00
0.700000 28.200000 2.148944631273e+00 5.339539719536e-01 2.214288e+00
0.700000 28.225000 2.236089985214e+00 5.107743621375e-01 2.293685e+00
0.700000 28.250000 2.322332885398e+00 4.776821997058e-01 2.370951e+00
0.700000 28.275000 2.406582602216e+00 4.350416215704e-01 2.445588e+00
0.700000 28.300000 2.487873449196e+00 3.833241651222e-01 2.517231e+00
0.700000 28.325000 2.565368664043e+00 3.230743502859e-01 2.585632e+00
0.700000 28.350000 2.638355767330e+00 2.548782743983e-01 2.650638e+00
0.700000 28.375000 2.706235020245e+00 1.793371842018e-01 2.712171e+00
0.700000 28.400000 2.768503016215e+00 9.704735867622e-02 2.770203e+00
0.700000 28.425000 2.824733632248e+00 8.586934622863e-03 2.824747e+00
0.700000 28.450000 2.874558529654e+00 -8.549039093756e-02 2.875830e+00
0.700000 28.475000 2.917649150636e+00 -1.846554702690e-01 2.923487e+00
0.700000 28.500000 2.953701748830e+00 -2.883988038881e-01 2.967748e+00
0.700000 28.525000 2.982426476085e+00 -3.962221213203e-01 3.008631e+00
0.700000 28.550000 3.003540990350e+00 -5.076280590168e-01 3.046136e+00
0.700000 28.575000 3.016768516468e+00 -6.221094881145e-01 3.080246e+00
0.700000 28.600000 3.021839840531e+00 -7.391398236330e-01 3.110923e+00
0.700000 28.625000 3.018498391748e+00 -8.581653113726e-01 3.138117e+00
0.700000 28.650000 3.006507387127e+00 -9.785998932182e-01 3.161763e+00
0.700000 28.675000 2.985657985735e+00 -1.099822852109e+00 3.181786e+00
0.700000 28.700000 2.955777503724e+00 -1.221179085457e+00 3.198109e+00
0.700000 28.725000 2.916736945378e+00 -1.341981589320e+00 3.210649e+00
0.700000 28.750000 2.868457366279e+00 -1.461515577794e+00 3.219328e+00
0.700000 28.775000 2.810914856368e+00 -1.579043617442e+00 3.224069e+00
0.700000 28.800000 2.744144171571e+00 -1.693811212349e+00 3.224798e+00
0.700000 28.825000 2.668241221181e+00 -1.805052405260e+00 3.221448e+00
0.700000 28.850000 2.583364716980e+00 -1.911995129359e+00 3.213954e+00
0.700000 28.875000 2.489737307456e+00 -2.013866217012e+00 3.202257e+00
0.700000 28.900000 2.387646469465e+00 -2.109896114057e+00 3.186302e+00
0.700000 28.925000 2.277445334430e+00 -2.199323438577e+00 3.166036e+00
0.700000 28.950000 2.159553516714e+00 -2.281399552438e+00 3.141410e+00
0.700000 28.975000 2.034457917987e+00 -2.355393287287e+00 3.112378e+00
0.700000 29.000000 1.902713426796e+00 -2.420595901786e+00 3.078896e+00
0.700000 29.025000 1.764943429687e+00 -2.476326269823e+00 3.040924e+00
0.700000 29.050000 1.621840098181e+00 -2.521936239642e+00 2.998421e+00
0.700000 29.075000 1.474164499463e+00 -2.556816087185e+00 2.951350e+00
0.700000 29.100000 1.322746671626e+00 -2.580400030387e+00 2.899676e+00
0.700000 29.125000 1.168485873523e+00 -2.592171877877e+00 2.843363e+00
0.700000 29.150000 1.012351231645e+00 -2.591671042957e+00 2.782376e+00
0.700000 29.175000 8.553829353099e-01 -2.578499334131e+00 2.716678e+00
0.700000 29.200000 6.986939633667e-01 -2.552329097362e+00 2.646235e+00
0.700000 29.225000 5.434720647605e-01 -2.512913387413e+00 2.571011e+00
0.700000 29.250000 3.909813853613e-01 -2.460098842798e+00 2.490974e+00
0.700000 29.275000 2.425627766485e-01 -2.393841797575e+00 2.406100e+00
0.700000 29.300000 9.963149429096e-02 -2.314227867282e+00 2.316372e+00
0.700000 29.325000 -3.632924067666e-02 -2.221494802427e+00 2.221792e+00
0.700000 29.350000 -1.637804278898e-01 -2.116057842396e+00 2.122387e+00
0.700000 29.375000 -2.811467117720e-01 -1.998536180737e+00 2.018215e+00
0.700000 29.400000 -3.868441866086e-01 -1.869778543205e+00 1.909377e+00
0.700000 29.425000 -4.793171484841e-01 -1.730885367032e+00 1.796026e+00
0.700000 29.450000 -5.570835853237e-01 -1.583224737424e+00 1.678375e+00
0.700000 29.475000 -6.187882856562e-01 -1.428439157509e+00 1.556707e+00
0.700000 29.500000 -6.632614874294e-01 -1.268440450275e+00 1.431383e+00
0.700000 29.525000 -6.895800842516e-01 -1.105390633072e+00 1.302847e+00
0.700000 29.550000 -6.971276667426e-01 -9.416674481352e-01 1.171633e+00
0.700000 29.575000 -6.856492017998e-01 -7.798143193796e-01 1.038376e+00
0.700000 29.600000 -6.552960215959e-01 -6.224757460686e-01 9.038191e-01
0.700000 29.625000 -6.066570534100e-01 -4.723204222821e-01 7.688429e-01
0.700000 29.650000 -5.407728768825e-01 -3.319555588389e-01 6.345312e-01
0.700000 29.675000 -4.591302093607e-01 -2.038368546000e-01 5.023445e-01
0.700000 29.700000 -3.636357136883e-01 -9.017920639711e-02 3.746508e-01
0.700000 29.725000 -2.565694828679e-01 7.126519132212e-03 2.566684e-01
0.700000 29.750000 -1.405200468979e-01 8.658554263469e-02 1.650544e-01
0.700000 29.775000 -1.830412531203e-02 1.471556046053e-01 1.482896e-01
0.700000 29.800000 1.071245204907e-01 1.882843639534e-01 2.166256e-01
0.700000 29.825000 2.327720095212e-01 2.099256900661e-01 3.134511e-01
0.700000 29.850000 3.557015747467e-01 2.125342789871e-01 4.143603e-01
0.700000 29.875000 4.731257701105e-01 1.970395489115e-01 5.125159e-01
0.700000 29.900000 5.824888827730e-01 1.648011699580e-01 6.053534e-01
0.700000 29.925000 6.815357301738e-01 1.175497266640e-01 6.915988e-01
0.700000 29.950000 7.683642432198e-01 5.731679669849e-02 7.704991e-01
0.700000 29.975000 8.414606014544e-01 -1.364090565718e-02 8.415712e-01
0.700000 30.000000 8.997170511604e-01 -9.291874253533e-02 9.045024e-01
0.700000 30.025000 9.424337656516e-01 -1.780386153540e-01 9.591033e-01
0.700000 30.050000 9.693070817563e-01 -2.665173700911e-01 1.005280e+00
0.700000 30.075000 9.804070841256e-01 -3.559268559550e-01 1.043016e+00
0.700000 30.100000 9.761477678709e-01 -4.439444590321e-01 1.072358e+00
0.700000 30.125000 9.572528937231e-01 -5.283940041981e-01 1.093404e+00
0.700000 30.150000 9.247202051303e-01 -6.072778320746e-01 1.106297e+00
0.700000 30.175000 8.797859862809e-01 -6.788015189456e-01 1.111213e+00
0.700000 30.200000 8.238911114746e-01 -7.413930576206e-01 1.108359e+00
0.700000 30.225000 7.586488880386e-01 -7.937183386095e-01 1.097969e+00
0.700000 30.250000 6.858142417887e-01 -8.346944875201e-01 1.080304e+00
0.700000 30.275000 6.072532330183e-01 -8.635020872741e-01 1.055648e+00
0.700000 30.300000 5.249115906036e-01 -8.795966316175e-01 1.024316e+00
0.700000 30.325000 4.407809445160e-01 -8.827188249296e-01 9.866511e-01
0.700000 30.350000 3.568617165883e-01 -8.729026706637e-01 9.430320e-01
0.700000 30.375000 2.751221528983e-01 -8.504797746080e-01 8.938725e-01
0.700000 30.400000 1.974536754961e-01 -8.160780051471e-01 8.396257e-01
0.700000 30.425000 1.256235027789e-01 -7.706126458644e-01 7.807849e-01
0.700000 30.450000 6.122623439549e-02 -7.152684560361e-01 7.178841e-01
0.700000 30.475000 5.636719723196e-03 -6.514715963784e-01 6.514960e-01
0.700000 30.500000 -4.003305434683e-02 -5.808511239138e-01 5.822291e-01
0.700000 30.525000 -7.497016880895e-02 -5.051906302396e-01 5.107231e-01
0.700000 30.550000 -9.868732451318e-02 -4.263714969462e-01 4.376435e-01
0.700000 30.575000 -1.110374224253e-01 -3.463100727751e-01 3.636756e-01
0.700000 30.600000 -1.122145329887e-01 -2.668917496937e-01 2.895226e-01
0.700000 30.625000 -1.027404821223e-01 -1.899053574706e-01 2.159158e-01
0.700000 30.650000 -8.343725382748e-02 -1.169814614632e-01 1.436887e-01
0.700000 30.675000 -5.538639619695e-02 -4.953801798849e-02 7.430793e-02
0.700000 30.700000 -1.987752790797e-02 1.126357264191e-02 2.284697e-02
0.700000 30.725000 2.165120517176e-02 6.454963482695e-02 6.808399e-02
0.700000 30.750000 6.767734263208e-02 1.097510713623e-01 1.289400e-01
0.700000 30.775000 1.166593423638e-01 1.466053176777e-01 1.873567e-01
0.700000 30.800000 1.670991941310e-01 1.751437903410e-01 2.420692e-01
0.700000 30.825000 2.175990519976e-01 1.956661462253e-01 2.926339e-01
0.700000 30.850000 2.669090362666e-01 2.087034636144e-01 3.388179e-01
0.700000 30.875000 3.139640516348e-01 2.149730662002e-01 3.805087e-01
0.700000 30.900000 3.579082838687e-01 2.153280971199e-01 4.176895e-01
0.700000 30.925000 3.981069026454e-01 2.107050956310e-01 4.504284e-01
0.700000 30.950000 4.341453441217e-01 2.020727374174e-01 4.788691e-01
0.700000 30.975000 4.658173106135e-01 1.903845934200e-01 5.032217e-01
0.700000 31.000000 4.931032551061e-01 1.765382794843e-01 5.237524e-01
0.700000 31.025000 5.161415782521e-01 1.613427589206e-01 5.407713e-01
0.700000 31.050000 5.351950343894e-01 1.454948771725e-01 5.546192e-01
0.700000 31.075000 5.506149166717e-01 1.295655081360e-01 5.656536e-01
0.700000 31.100000 5.628054806346e-01 1.139950277391e-01 5.742342e-01
0.700000 31.125000 5.721907944273e-01 9.909724746032e-02 5.807087e-01
0.700000 31.150000 5.791858064826e-01 8.507047377014e-02 5.854000e-01
0.700000 31.175000 5.841729380545e-01 7.201403245341e-02 5.885950e-01
0.700000 31.200000 5.874849821488e-01 5.994842034118e-02 5.905357e-01
0.700000 31.225000 5.893945646268e-01 4.883721979361e-02 5.914144e-01
0.700000 31.250000 5.901099366059e-01 3.860902087206e-02 5.913716e-01
0.700000 31.275000 5.897764522575e-01 2.917782076494e-02 5.904978e-01
0.700000 31.300000 5.884827668819e-01 2.046068102251e-02 5.888384e-01
0.700000 31.325000 5.862705813261e-01 1.239178767160e-02 5.864015e-01
0.700000 31.350000 5.831466649707e-01 4.932443143205e-03 5.831675e-01
0.700000 31.375000 5.790959055425e-01 -1.923110515062e-03 5.790991e-01
0.700000 31.400000 5.740942462251e-01 -8.145809087988e-03 5.741520e-01
0.700000 31.425000 5.681205583656e-01 -1.367333207914e-02 5.682851e-01
0.700000 31.450000 5.611667363386e-01 -1.841443982365e-02 5.614688e-01
0.700000 31.475000 5.532455625408e-01 -2.225530510016e-02 5.536930e-01
0.700000 31.500000 5.443961483337e-01 -2.506704627095e-02 5.449730e-01
0.700000 31.525000 5.346869873634e-01 -2.671372611667e-02 5.353539e-01
0.700000 31.550000 5.242168425348e-01 -2.706019497366e-02 5.249148e-01
0.700000 31.575000 5.131138151678e-01 -2.597930832970e-02 5.137711e-01
0.700000 31.600000 5.015330100699e-01 -2.335821580532e-02 5.020767e-01
0.700000 31.625000 4.896532163467e-01 -1.910357936522e-02 4.900257e-01
0.700000 31.650000 4.776729801149e-01 -1.314571570894e-02 4.778538e-01
0.700000 31.675000 4.658063661277e-01 -5.441758110175e-03 4.658382e-01
0.700000 31.700000 4.542786076845e-01 4.022010328006e-03 4.542964e-01
0.700000 31.725000 4.433217455345e-01 1.522848725288e-02 4.435832e-01
0.700000 31.750000 4.331702723834e-01 2.812860610070e-02 4.340826e-01
0.700000 31.775000 4.240567418885e-01 4.264062913442e-02 4.261952e-01
0.700000 31.800000 4.162072763497e-01 5.864985883669e-02 4.203193e-01
0.700000 31.825000 4.098369165969e-01 7.600881417881e-02 4.168257e-01
0.700000 31.850000 4.051447962894e-01 9.453797051486e-02 4.160285e-01
0.700000 31.875000 4.023091819016e-01 1.140271900154e-01 4.181565e-01
0.700000 31.900000 4.014824871208e-01 1.342379680481e-01 4.233297e-01
0.700000 31.925000 4.027864333237e-01 1.549065893006e-01 4.315472e-01
0.700000 31.950000 4.063075744591e-01 1.757482303182e-01 4.426887e-01
0.700000 31.975000 4.120934261838e-01 1.964619712171e-01 4.565285e-01
0.700000 32.000000 4.201494308281e-01 2.167366000102e-01 4.727582e-01
0.700000 32.025000 4.304369519422e-01 2.362570203720e-01 4.910126e-01
0.700000 32.050000 4.428724296990e-01 2.547110187533e-01 5.108950e-01
0.700000 32.075000 4.573277500807e-01 2.717961176260e-01 5.319979e-01
0.700000 32.100000 4.736317977024e-01 2.872262422573e-01 5.539188e-01
0.700000 32.125000 4.915730860402e-01 3.007379580975e-01 5.762703e-01
0.700000 32.150000 5.109033001804e-01 3.120960893926e-01 5.986870e-01
0.700000 32.175000 5.313415534714e-01 3.210985982147e-01 6.208286e-01
0.700000 32.200000 5.525791540707e-01 3.275806757603e-01 6.423806e-01
0.700000 32.225000 5.742846991463e-01 3.314180631941e-01 6.630542e-01
0.700000 32.250000 5.961093579239e-01 3.325296675952e-01 6.825850e-01
0.700000 32.275000 6.176922609536e-01 3.308795628785e-01 7.007318e-01
0.700000 32.300000 6.386659710528e-01 3.264784631211e-01 7.172743e-01
0.700000 32.325000 6.586620603734e-01 3.193847283303e-01 7.320125e-01
0.700000 32.350000 6.773168485435e-01 3.097049162985e-01 7.447652e-01
0.700000 32.375000 6.942773626240e-01 2.975938380190e-01 7.553695e-01
0.700000 32.400000 7.092075585971e-01 2.832540191234e-01 7.636807e-01
0.700000 32.425000 7.217947986822e-01 2.669344268485e-01 7.695724e-01
0.700000 32.450000 7.317565154652e-01 2.489283002468e-01 7.729378e-01
0.700000 32.475000 7.388469222402e-01 2.295699265849e-01 7.736906e-01
0.700000 32.500000 7.428635602301e-01 2.092302407765e-01 7.717665e-01
0.700000 32.525000 7.436534184494e-01 1.883111844683e-01 7.671255e-01
0.700000 32.550000 7.411183299093e-01 1.672388402208e-01 7.597534e-01
0.700000 32.575000 7.352193443217e-01 1.464554443584e-01 7.496644e-01
0.700000 32.600000 7.259798039769e-01 1.264104683604e-01 7.369032e-01
0.700000 32.625000 7.134869031365e-01 1.075510323563e-01 7.215475e-01
0.700000 32.650000 6.978915854165e-01 9.031196663066e-02 7.037108e-01
0.700000 32.675000 6.794067187814e-01 7.510586266905e-02 6.835454e-01
0.700000 32.700000 6.583035733545e-01 6.231345291446e-02 6.612462e-01
0.700000 32.725000 6.349067032650e-01 5.227463103096e-02 6.370551e-01
0.700000 32.750000 6.095873924032e-01 4.528037860777e-02 6.112668e-01
0.700000 32.775000 5.827558608777e-01 4.156580881895e-02 5.842363e-01
0.700000 32.800000 5.548524438820e-01 4.130448225818e-02 5.563877e-01
0.700000 32.825000 5.263379513366e-01 4.460410372408e-02 5.282245e-01
0.700000 32.850000 4.976834021186e-01 5.150367732597e-02 5.003413e-01
0.700000 32.875000 4.693593099150e-01 6.197218339974e-02 4.734329e-01
0.700000 32.900000 4.418246879993e-01 7.590884264829e-02 4.482981e-01
0.700000 32.925000 4.155159452868e-01 9.314504490000e-02 4.258280e-01
0.700000 32.950000 3.908358704793e-01 1.134480330461e-01 4.069682e-01
0.700000 32.975000 3.681429454375e-01 1.365264365710e-01 3.926432e-01
0.700000 33.000000 3.477412888228e-01 1.620377333243e-01 3.836408e-01
0.700000 33.025000 3.298715979823e-01 1.895976745963e-01 3.804767e-01
0.700000 33.050000 3.147035190946e-01 2.187916327109e-01 3.832859e-01
0.700000 33.075000 3.023299191749e-01 2.491877227449e-01 3.917881e-01
0.700000 33.100000 2.927635454516e-01 2.803514164960e-01 4.053485e-01
0.700000 33.125000 2.859365270253e-01 3.118612184145e-01 4.231041e-01
0.700000 33.150000 2.817030940285e-01 3.433248247721e-01 4.441042e-01
0.700000 33.175000 2.798457596845e-01 3.743950560018e-01 4.674241e-01
0.700000 33.200000 2.800850358132e-01 4.047847551192e-01 4.922381e-01
0.700000 33.225000 2.820925435021e-01 4.342797975222e-01 5.178563e-01
0.700000 33.250000 2.855071537917e-01 4.627493702362e-01 5.437383e-01
0.700000 33.275000 2.899535675022e-01 4.901527570977e-01 5.694935e-01
0.700000 33.300000 2.950625390666e-01 5.165420092741e-01 5.948761e-01
0.700000 33.325000 3.004917856024e-01 5.420600801697e-01 6.197777e-01
0.700000 33.350000 3.059465153498e-01 5.669342466750e-01 6.442187e-01
0.700000 33.375000 3.111984700095e-01 5.914649070676e-01 6.683377e-01
0.700000 33.400000 3.161024083356e-01 6.160101194093e-01 6.923794e-01
0.700000 33.425000 3.206090621626e-01 6.409665024053e-01 7.166786e-01
0.700000 33.450000 3.247737634275e-01 6.667473445388e-01 7.416401e-01
0.700000 33.475000 3.287601593339e-01 6.937589413532e-01 7.677140e-01
0.700000 33.500000 3.328386867175e-01 7.223762941911e-01 7.953673e-01
0.700000 33.525000 3.373797483137e-01 7.529193508278e-01 8.250531e-01
0.700000 33.550000 3.428418052937e-01 7.856309487903e-01 8.571794e-01
0.700000 33.575000 3.497548558548e-01 8.206575398570e-01 8.920803e-01
0.700000 33.600000 3.586999950502e-01 8.580336371222e-01 9.299932e-01
0.700000 33.625000 3.702859358170e-01 8.976707444309e-01 9.710430e-01
0.700000 33.650000 3.851235080273e-01 9.393513137266e-01 1.015234e+00
0.700000 33.675000 4.037992372793e-01 9.827280410772e-01 1.062454e+00
0.700000 33.700000 4.268491367066e-01 1.027328568735e+00 1.112477e+00
0.700000 33.725000 4.547338242328e-01 1.072565419691e+00 1.164980e+00
0.700000 33.750000 4.878160071172e-01 1.117750763041e+00 1.219562e+00
0.700000 33.775000 5.263412594769e-01 1.162115402456e+00 1.275754e+00
0.700000 33.800000 5.704228622239e-01 1.204831204667e+00 1.333042e+00
0.700000 33.825000 6.200312854448e-01 1.245036047814e+00 1.390882e+00
0.700000 33.850000 6.749886790966e-01 1.281860277424e+00 1.448715e+00
0.700000 33.875000 7.349685091347e-01 1.314453615841e+00 1.505977e+00
0.700000 33.900000 7.995002445250e-01 1.342011482331e+00 1.562112e+00
0.700000 33.925000 8.679787789954e-01 1.363799746173e+00 1.616582e+00
0.700000 33.950000 9.396780733982e-01 1.379177050779e+00 1.668869e+00
0.700000 33.975000 1.013768343255e+00 1.387614006381e+00 1.718487e+00
0.700000 34.000000 1.089336002675e+00 1.388708741148e+00 1.764983e+00
0.700000 34.025000 1.165405518478e+00 1.382198511283e+00 1.807939e+00
0.700000 34.050000 1.240962330551e+00 1.367967282793e+00 1.846976e+00
0.700000 34.075000 1.314976054232e+00 1.346049393131e+00 1.881757e+00
0.700000 34.100000 1.386423290091e+00 1.316629562685e+00 1.911984e+00
0.700000 34.125000 1.454309512375e+00 1.280039639941e+00 1.937400e+00
0.700000 34.150000 1.517689671627e+00 1.236752520906e+00 1.957789e+00
0.700000 34.175000 1.575687309135e+00 1.187373680203e+00 1.972979e+00
0.700000 34.200000 1.627512119699e+00 1.132630692866e+00 1.982838e+00
0.700000 34.225000 1.672475996478e+00 1.073361024172e+00 1.987280e+00
0.700000 34.250000 1.710007633478e+00 1.010498238050e+00 1.986261e+00
0.700000 34.275000 1.739665741321e+00 9.450566453987e-01 1.979790e+00
0.700000 34.300000 1.761150852164e+00 8.781143061684e-01 1.967927e+00
0.700000 34.325000 1.774315561111e+00 8.107942360930e-01 1.950790e+00
0.700000 34.350000 1.779172893056e+00 7.442436684438e-01 1.928563e+00
0.700000 34.375000 1.775902320955e+00 6.796112936118e-01 1.901500e+00
0.700000 34.400000 1.764852822324e+00 6.180225456099e-01 1.869935e+00
0.700000 34.425000 1.746542273501e+00 5.605532151854e-01 1.834293e+00
0.700000 34.450000 1.721652469834e+00 5.082019246262e-01 1.795092e+00
0.700000 34.475000 1.691019141058e+00 4.618622716824e-01 1.752958e+00
0.700000 34.500000 1.655616510914e+00 4.222957062097e-01 1.708625e+00
0.700000 34.525000 1.616536222931e+00 3.901064084106e-01 1.662941e+00
0.700000 34.550000 1.574960802834e+00 3.657195599255e-01 1.616865e+00
0.700000 34.575000 1.532132223933e+00 3.493644130896e-01 1.571459e+00
0.700000 34.600000 1.489316548977e+00 3.410634543601e-01 1.527870e+00
0.700000 34.625000 1.447765999888e+00 3.406287225397e-01 1.487298e+00
0.700000 34.650000 1.408680115429e+00 3.476659919177e-01 1.450948e+00
0.700000 34.675000 1.373167860651e+00 3.615870886043e-01 1.419977e+00
0.700000 34.700000 1.342212624479e+00 3.816301096808e-01 1.395413e+00
0.700000 34.725000 1.316641968363e+00 4.068868013261e-01 1.378079e+00
0.700000 34.750000 1.297103769041e+00 4.363358688132e-01 1.368527e+00
0.700000 34.775000 1.284050045695e+00 4.688805816184e-01 1.366980e+00
0.700000 34.800000 1.277729302802e+00 5.033887382172e-01 1.373314e+00
0.700000 34.825000 1.278187691742e+00 5.387328947538e-01 1.387082e+00
0.700000 34.850000 1.285278740434e+00 5.738287543603e-01 1.407558e+00
0.700000 34.875000 1.298680866614e+00 6.076697600811e-01 1.433818e+00
0.700000 34.900000 1.317921420502e+00 6.393562208493e-01 1.464819e+00
0.700000 34.925000 1.342405633562e+00 6.681177012682e-01 1.499478e+00
0.700000 34.950000 1.371448609057e+00 6.933278870295e-01 1.536742e+00
0.700000 34.975000 1.404308392526e+00 7.145116578321e-01 1.575630e+00
0.700000 35.000000 1.440218208434e+00 7.313446159870e-01 1.615269e+00
0.700000 35.025000 1.478416132998e+00 7.436457910659e-01 1.654909e+00
0.700000 35.050000 1.518170771614e+00 7.513646342081e-01 1.693928e+00
0.700000 35.075000 1.558801893018e+00 7.545637037252e-01 1.731828e+00
0.700000 35.100000 1.599695406810e+00 7.533986102533e-01 1.768229e+00
0.700000 35.125000 1.640312519695e+00 7.480968295087e-01 1.802852e+00
0.700000 35.150000 1.680193333639e+00 7.389369087203e-01 1.835505e+00
0.700000 35.175000 1.718955524779e+00 7.262294032249e-01 1.866070e+00
0.700000 35.200000 1.756289040499e+00 7.103006039703e-01 1.894486e+00
0.700000 35.225000 1.791947955928e+00 6.914797812547e-01 1.920735e+00
0.700000 35.250000 1.825740731093e+00 6.700903040190e-01 1.944827e+00
0.700000 35.275000 1.857520104883e+00 6.464446268378e-01 1.966792e+00
0.700000 35.300000 1.887173758366e+00 6.208427961058e-01 1.986673e+00
0.700000 35.325000 1.914616690907e+00 5.935738370602e-01 2.004517e+00
0.700000 35.350000 1.939785996477e+00 5.649191637334e-01 2.020372e+00
0.700000 35.375000 1.962638426730e+00 5.351570184774e-01 2.034292e+00
0.700000 35.400000 1.983150806640e+00 5.045669038692e-01 2.046332e+00
0.700000 35.425000 2.001323053252e+00 4.734330184666e-01 2.056558e+00
0.700000 35.450000 2.017183263175e+00 4.420458433884e-01 2.065050e+00
0.700000 35.475000 2.030794102310e+00 4.107012370798e-01 2.071907e+00
0.700000 35.500000 2.042259570731e+00 3.796966633684e-01 2.077256e+00
0.700000 35.525000 2.051731139997e+00 3.493244808446e-01 2.081256e+00
0.700000 35.550000 2.059412276626e+00 3.198625343461e-01 2.084104e+00
0.700000 35.575000 2.065560473773e+00 2.915625850567e-01 2.086037e+00
0.700000 35.600000 2.070486105453e+00 2.646373681651e-01 2.087330e+00
0.700000 35.625000 2.074547678454e+00 2.392472527715e-01 2.088298e+00
0.700000 35.650000 2.078143364384e+00 2.154875793713e-01 2.089286e+00
0.700000 35.675000 2.081699020902e+00 1.933777545167e-01 2.090662e+00
0.700000 35.700000 2.085653227042e+00 1.728530874001e-01 2.092804e+00
0.700000 35.725000 2.090440132560e+00 1.537601658090e-01 2.096087e+00
0.700000 35.750000 2.096471128221e+00 1.358563051228e-01 2.100868e+00
0.700000 35.775000 2.104116461366e+00 1.188132878926e-01 2.107468e+00
0.700000 35.800000 2.113687936140e+00 1.022252733349e-01 2.116158e+00
0.700000 35.825000 2.125423747471e+00 8.562042922267e-02 2.127148e+00
0.700000 35.850000 2.139476310538e+00 6.847555638507e-02 2.140572e+00
0.700000 35.875000 2.155903681808e+00 5.023276755280e-02 2.156489e+00
0.700000 35.900000 2.174664851382e+00 3.031716959706e-02 2.174876e+00
0.700000 35.925000 2.195618853219e+00 8.154493114638e-03 2.195634e+00
0.700000 35.950000 2.218527326080e+00 -1.681228408665e-02 2.218591e+00
0.700000 35.975000 2.243059898440e+00 -4.510807481244e-02 2.243513e+00
0.700000 36.000000 2.268801594280e+00 -7.721306612630e-02 2.270115e+00
0.700000 36.025000 2.295261383396e+00 -1.135525220607e-01 2.298069e+00
0.700000 36.050000 2.321881037913e+00 -1.544888638274e-01 2.327015e+00
0.700000 36.075000 2.348043601229e+00 -2.003156056712e-01 2.356573e+00
0.700000 36.100000 2.373081009259e+00 -2.512525132317e-01 2.386345e+00
0.700000 36.125000 2.396280698390e+00 -3.074412359500e-01 2.415922e+00
0.700000 36.150000 2.416891354080e+00 -3.689406616695e-01 2.444889e+00
0.700000 36.175000 2.434128259052e+00 -4.357213532681e-01 2.472819e+00
0.700000 36.200000 2.447178952044e+00 -5.076586435757e-01 2.499280e+00
0.700000 36.225000 2.455210074055e+00 -5.845242633212e-01 2.523831e+00
0.700000 36.250000 2.457376334980e+00 -6.659767249556e-01 2.546021e+00
0.700000 36.275000 2.452832467864e+00 -7.515510442722e-01 2.565388e+00
0.700000 36.300000 2.440748851812e+00 -8.406487113802e-01 2.581462e+00
0.700000 36.325000 2.420331192525e+00 -9.325290850114e-01 2.593764e+00
0.700000 36.350000 2.390844276975e+00 -1.026303548314e+00 2.601814e+00
0.700000 36.375000 2.351639400019e+00 -1.120933809080e+00 2.605130e+00
0.700000 36.400000 2.302184634143e+00 -1.215235643459e+00 2.603239e+00
0.700000 36.425000 2.242096718161e+00 -1.307889172750e+00 2.595683e+00
0.700000 36.450000 2.171173011934e+00 -1.397456442378e+00 2.582030e+00
0.700000 36.475000 2.089421730860e+00 -1.482406664830e+00 2.561877e+00
0.700000 36.500000 1.997088555784e+00 -1.561149024670e+00 2.534867e+00
0.700000 36.525000 1.894677720745e+00 -1.632072457824e+00 2.500693e+00
0.700000 36.550000 1.782965812303e+00 -1.693591342809e+00 2.459109e+00
0.700000 36.575000 1.663006760861e+00 -1.744195609577e+00 2.409940e+00
0.700000 36.600000 1.536126850181e+00 -1.782503408011e+00 2.353084e+00
0.700000 36.625000 1.403908995308e+00 -1.807314202563e+00 2.288525e+00
0.700000 36.650000 1.268166017813e+00 -1.817659985315e+00 2.216333e+00
0.700000 36.675000 1.130903156793e+00 -1.812852233954e+00 2.136674e+00
0.700000 36.700000 9.942705711692e-01 -1.792522285749e+00 2.049807e+00
0.700000 36.725000 8.605070920055e-01 -1.756652951889e+00 1.956094e+00
0.700000 36.750000 7.318769527883e-01 -1.705599453345e+00 1.855994e+00
0.700000 36.775000 6.106016423333e-01 -1.640098113099e+00 1.750073e+00
0.700000 36.800000 4.987893713603e-01 -1.561261680660e+00 1.639002e+00
0.700000 36.825000 3.983649024344e-01 -1.470560682012e+00 1.523563e+00
0.700000 36.850000 3.110026469778e-01 -1.369790766454e+00 1.404653e+00
0.700000 36.875000 2.380659665361e-01 -1.261026642509e+00 1.283302e+00
0.700000 36.900000 1.805555148412e-01 -1.146563834178e+00 1.160693e+00
0.700000 36.925000 1.390692130457e-01 -1.028850117475e+00 1.038207e+00
0.700000 36.950000 1.137760596703e-01 -9.104090816820e-01 9.174910e-01
0.700000 36.975000 1.044054446810e-01 -7.937587634812e-01 8.005957e-01
0.700000 37.000000 1.102529792764e-01 -6.813286874206e-01 6.901916e-01
0.700000 37.025000 1.302030961278e-01 -5.753788782793e-01 5.899269e-01
0.700000 37.050000 1.627678566401e-01 -4.779244609272e-01 5.048813e-01
0.700000 37.075000 2.061405691851e-01 -3.906693125842e-01 4.417199e-01
0.700000 37.100000 2.582620285468e-01 -3.149518754171e-01 4.073008e-01
0.700000 37.125000 3.168964874730e-01 -2.517056841576e-01 4.046963e-01
0.700000 37.150000 3.797139190692e-01 -2.014364401655e-01 4.298364e-01
0.700000 37.175000 4.443747686494e-01 -1.642166118156e-01 4.737468e-01
0.700000 37.200000 5.086132576897e-01 -1.396976157541e-01 5.274494e-01
0.700000 37.225000 5.703154062017e-01 -1.271386975293e-01 5.843149e-01
0.700000 37.250000 6.275882796491e-01 -1.254507495112e-01 6.400039e-01
0.700000 37.275000 6.788175195454e-01 -1.332525421260e-01 6.917727e-01
0.700000 37.300000 7.227109422640e-01 -1.489362554764e-01 7.378978e-01
0.700000 37.325000 7.583268332001e-01 -1.707388224075e-01 7.773103e-01
0.700000 37.350000 7.850864587767e-01 -1.968154528875e-01 8.093807e-01
0.700000 37.375000 8.027711993234e-01 -2.253118049179e-01 8.337907e-01
0.700000 37.400000 8.115055073049e-01 -2.544315807738e-01 8.504567e-01
0.700000 37.425000 8.117275629459e-01 -2.824968230789e-01 8.594801e-01
0.700000 37.450000 8.041499924727e-01 -3.079988132041e-01 8.611158e-01
0.700000 37.475000 7.897133102525e-01 -3.296381766362e-01 8.557502e-01
0.700000 37.500000 7.695348411836e-01 -3.463535160393e-01 8.438866e-01
0.700000 37.525000 7.448557881117e-01 -3.573385664661e-01 8.261362e-01
0.700000 37.550000 7.169888604691e-01 -3.620484516499e-01 8.032136e-01
0.700000 37.575000 6.872685154678e-01 -3.601960819378e-01 7.759376e-01
0.700000 37.600000 6.570054285264e-01 -3.517400552177e-01 7.452363e-01
0.700000 37.625000 6.274463519298e-01 -3.368656000253e-01 7.121568e-01
0.700000 37.650000 5.997400819684e-01 -3.159601470517e-01 6.778783e-01
0.700000 37.675000 5.749098680072e-01 -2.895850548711e-01 6.437242e-01
0.700000 37.700000 5.538322836913e-01 -2.584448781885e-01 6.111661e-01
0.700000 37.725000 5.372223499648e-01 -2.233553850760e-01 5.818036e-01
0.700000 37.750000 5.256245493331e-01 -1.852113342381e-01 5.573010e-01
0.700000 37.775000 5.194092889764e-01 -1.449548395091e-01 5.392568e-01
0.700000 37.800000 5.187743388046e-01 -1.035449936010e-01 5.290070e-01
0.700000 37.825000 5.237507686922e-01 -6.192930459559e-02 5.273994e-01
0.700000 37.850000 5.342129172738e-01 -2.101741615059e-02 5.346262e-01
0.700000 37.875000 5.498919271701e-01 1.834247180383e-02 5.501978e-01
0.700000 37.900000 5.703923686340e-01 5.538410314034e-02 5.730749e-01
0.700000 37.925000 5.952114424238e-01 8.944024321693e-02 6.018939e-01
0.700000 37.950000 6.237602066000e-01 1.199560365360e-01 6.351899e-01
0.700000 37.975000 6.553862191707e-01 1.464984110466e-01 6.715600e-01
0.700000 38.000000 6.893969400123e-01 1.687613825682e-01 7.097525e-01
0.700000 38.025000 7.250832024822e-01 1.865672204586e-01 7.487009e-01
0.700000 38.050000 7.617420567454e-01 1.998635576308e-01 7.875255e-01
0.700000 38.075000 7.986983083753e-01 2.087166545414e-01 8.255190e-01
0.700000 38.100000 8.353241278365e-01 2.133011467438e-01 8.621275e-01
0.700000 38.125000 8.710561848594e-01 2.138867088815e-01 8.969317e-01
0.700000 38.150000 9.054098585565e-01 2.108221472538e-01 9.296306e-01
0.700000 38.175000 9.379901793683e-01 2.045174851852e-01 9.600276e-01
0.700000 38.200000 9.684992624873e-01 1.954246318610e-01 9.880190e-01
0.700000 38.225000 9.967400862122e-01 1.840172317224e-01 1.013584e+00
0.700000 38.250000 1.022616548385e+00 1.707702865092e-01 1.036777e+00
0.700000 38.275000 1.046129799988e+00 1.561401350580e-01 1.057718e+00
0.700000 38.300000 1.067370912194e+00 1.405453752101e-01 1.076584e+00
0.700000 38.325000 1.086509990651e+00 1.243493224224e-01 1.093603e+00
0.700000 38.350000 1.103781919519e+00 1.078446207078e-01 1.109038e+00
0.700000 38.375000 1.119469008611e+00 9.124064735815e-02 1.123181e+00
0.700000 38.400000 1.133880937819e+00 7.465437204721e-02 1.136336e+00
0.700000 38.425000 1.147332546653e+00 5.810532770105e-02 1.148803e+00
0.700000 38.450000 1.160120198897e+00 4.151530737068e-02 1.160863e+00
0.700000 38.475000 1.172497651347e+00 2.471330164317e-02 1.172758e+00
0.700000 38.500000 1.184652551997e+00 7.446022371004e-03 1.184676e+00
0.700000 38.525000 1.196684861978e+00 -1.060588478144e-02 1.196732e+00
0.700000 38.550000 1.208588609213e+00 -2.980615055453e-02 1.208956e+00
0.700000 38.575000 1.220238412435e+00 -5.053629738527e-02 1.221284e+00
0.700000 38.600000 1.231382139049e+00 -7.316514514016e-02 1.233554e+00
0.700000 38.625000 1.241640863853e+00 -9.801579507048e-02 1.245504e+00
0.700000 38.650000 1.250516973881e+00 -1.253318427784e-01 1.256782e+00
0.700000 38.675000 1.257410826368e+00 -1.552448539843e-01 1.266958e+00
0.700000 38.700000 1.261645834260e+00 -1.877453017930e-01 1.275539e+00
0.700000 38.725000 1.262501261804e+00 -2.226591800418e-01 1.281985e+00
0.700000 38.750000 1.259251406001e+00 -2.596323543912e-01 1.285738e+00
0.700000 38.775000 1.251209269191e+00 -2.981243855443e-01 1.286236e+00
0.700000 38.800000 1.237772345771e+00 -3.374130678351e-01 1.282937e+00
0.700000 38.825000 1.218467800527e+00 -3.766102978654e-01 1.275343e+00
0.700000 38.850000 1.192994146882e+00 -4.146891629491e-01 1.263013e+00
0.700000 38.875000 1.161256567065e+00 -4.505213701524e-01 1.245587e+00
0.700000 38.900000 1.123393262961e+00 -4.829233830662e-01 1.222795e+00
0.700000 38.925000 1.079790678617e+00 -5.107089561807e-01 1.194475e+00
0.700000 38.950000 1.031086067386e+00 -5.327452131965e-01 1.160584e+00
0.700000 38.975000 9.781566467885e-01 -5.480090541157e-01 1.121207e+00
0.700000 39.000000 9.220954377004e-01 -5.556405312661e-01 1.076567e+00
0.700000 39.025000 8.641747584274e-01 -5.549899244082e-01 1.027040e+00
0.700000 39.050000 8.057991724015e-01 -5.456555689594e-01 9.731661e-01
0.700000 39.075000 7.484504069986e-01 -5.275100294239e-01 9.156663e-01
0.700000 39.100000 6.936273144684e-01 -5.007129252592e-01 8.554720e-01
0.700000 39.125000 6.427842909131e-01 -4.657095571042e-01 7.937613e-01
0.700000 39.150000 5.972716785195e-01 -4.232153858149e-01 7.320142e-01
0.700000 39.175000 5.582815410559e-01 -3.741873181572e-01 6.720822e-01
0.700000 39.200000 5.268018332967e-01 -3.197835846337e-01 6.162643e-01
0.700000 39.225000 5.035814099328e-01 -2.613146957274e-01 5.673443e-01
0.700000 39.250000 4.891075828847e-01 -2.001884822610e-01 5.284900e-01
0.700000 39.275000 4.835970940015e-01 -1.378525274958e-01 5.028613e-01
0.700000 39.300000 4.870004867779e-01 -7.573736411576e-02 4.928546e-01
0.700000 39.325000 4.990190020792e-01 -1.520363798706e-02 4.992506e-01
0.700000 39.350000 5.191323521896e-01 4.250394945037e-02 5.208695e-01
0.700000 39.375000 5.466351000383e-01 9.629368243075e-02 5.550517e-01
0.700000 39.400000 5.806789292130e-01 1.452533278321e-01 5.985704e-01
0.700000 39.425000 6.203178626774e-01 1.886653474603e-01 6.483740e-01
0.700000 39.450000 6.645534838118e-01 2.260108876838e-01 7.019347e-01
0.700000 39.475000 7.123774241614e-01 2.569633635389e-01 7.573056e-01
0.700000 39.500000 7.628087826979e-01 2.813731055185e-01 8.130486e-01
0.700000 39.525000 8.149246914265e-01 2.992450378291e-01 8.681301e-01
0.700000 39.550000 8.678828907231e-01 3.107116745647e-01 9.218256e-01
0.700000 39.575000 9.209358674169e-01 3.160038388511e-01 9.736433e-01
0.700000 39.600000 9.734367806639e-01 3.154214310085e-01 1.023264e+00
0.700000 39.625000 1.024838000272e+00 3.093063133831e-01 1.070497e+00
0.700000 39.650000 1.074683563258e+00 2.980189747740e-01 1.115240e+00
0.700000 39.675000 1.122597183545e+00 2.819201307706e-01 1.157456e+00
0.700000 39.700000 1.168267608619e+00 2.613578591938e-01 1.197145e+00
0.700000 39.725000 1.211433103850e+00 2.366603155223e-01 1.234333e+00
0.700000 39.750000 1.251866674334e+00 2.081335718517e-01 1.269051e+00
0.700000 39.775000 1.289363333731e+00 1.760637168929e-01 1.301329e+00
0.700000 39.800000 1.323730338719e+00 1.407220744627e-01 1.331189e+00
0.700000 39.825000 1.354780871730e+00 1.023722603658e-01 1.358643e+00
0.700000 39.850000 1.382331220526e+00 6.127780392396e-02 1.383689e+00
0.700000 39.875000 1.406201114656e+00 1.770919743227e-02 1.406313e+00
0.700000 39.900000 1.426216572004e+00 -2.805052114038e-02 1.426492e+00
0.700000 39.925000 1.442214408642e+00 -7.570223465028e-02 1.444200e+00
0.700000 39.950000 1.454047484200e+00 -1.249295023673e-01 1.459404e+00
0.700000 39.975000 1.461589791516e+00 -1.753995118387e-01 1.472077e+00
0.700000 40.000000 1.464740639453e+00 -2.267658478370e-01 1.482190e+00
0.700000 40.025000 1.463427397044e+00 -2.786724878257e-01 1.489724e+00
0.700000 40.050000 1.457606534193e+00 -3.307583155203e-01 1.494663e+00
0.700000 40.075000 1.447262974586e+00 -3.826614265910e-01 1.496997e+00
0.700000 40.100000 1.432408036578e+00 -4.340225785827e-01 1.496719e+00
0.700000 40.125000 1.413076448653e+00 -4.844872956187e-01 1.493825e+00
0.700000 40.150000 1.389323066046e+00 -5.337063545067e-01 1.488308e+00
0.700000 40.175000 1.361219971754e+00 -5.813346247873e-01 1.480159e+00
0.700000 40.200000 1.328854616185e+00 -6.270284820515e-01 1.469360e+00
0.700000 40.225000 1.292329541640e+00 -6.704422344252e-01 1.455888e+00
0.700000 40.250000 1.251764065434e+00 -7.112241740434e-01 1.439706e+00
0.700000 40.275000 1.207298078427e+00 -7.490129727470e-01 1.420771e+00
0.700000 40.300000 1.159097877116e+00 -7.834351757571e-01 1.399028e+00
0.700000 40.325000 1.107363709813e+00 -8.141045078242e-01 1.374416e+00
0.700000 40.350000 1.052338502056e+00 -8.406235990418e-01 1.346872e+00
0.700000 40.375000 9.943170501561e-01 -8.625885729890e-01 1.316330e+00
0.700000 40.400000 9.336548473854e-01 -8.795967324058e-01 1.282732e+00
0.700000 40.425000 8.707756424055e-01 -8.912573430665e-01 1.246030e+00
0.700000 40.450000 8.061768273194e-01 -8.972052709116e-01 1.206192e+00
0.700000 40.475000 7.404318127643e-01 -8.971169859558e-01 1.163210e+00
0.700000 40.500000 6.741886664762e-01 -8.907282226655e-01 1.117107e+00
0.700000 40.525000 6.081644644079e-01 -8.778523925780e-01 1.067937e+00
0.700000 40.550000 5.431350230666e-01 -8.583986917780e-01 1.015797e+00
0.700000 40.575000 4.799199399312e-01 -8.323887434141e-01 9.608299e-01
0.700000 40.600000 4.193631558217e-01 -7.999705728691e-01 9.032266e-01
0.700000 40.625000 3.623095567853e-01 -7.614287387540e-01 8.432330e-01
0.700000 40.650000 3.095784387217e-01 -7.171895432990e-01 7.811528e-01
0.700000 40.675000 2.619349478117e-01 -6.678204250474e-01 7.173521e-01
0.700000 40.700000 2.200608633373e-01 -6.140228951825e-01 6.522660e-01
0.700000 40.725000 1.845262842401e-01 -5.566187108462e-01 5.864080e-01
0.700000 40.750000 1.557638940797e-01 -4.965293722194e-01 5.203881e-01
0.700000 40.775000 1.340474902500e-01 -4.347494650441e-01 4.549460e-01
0.700000 40.800000 1.194763565482e-01 -3.723148193236e-01 3.910152e-01
0.700000 40.825000 1.119668252909e-01 -3.102668845018e-01 3.298516e-01
0.700000 40.850000 1.112520182235e-01 -2.496150938574e-01 2.732850e-01
0.700000 40.875000 1.168902885336e-01 -1.912992679618e-01 2.241846e-01
0.700000 40.900000 1.282823360245e-01 -1.361542541256e-01 1.870677e-01
0.700000 40.925000 1.446963721867e-01 -8.487898898693e-02 1.677542e-01
0.700000 40.950000 1.653001189403e-01 -3.801198994960e-02 1.696144e-01
0.700000 40.975000 1.891978866820e-01 4.085071574108e-03 1.892420e-01
0.700000 41.000000 2.154705464003e-01 4.123456891796e-02 2.193806e-01
0.700000 41.025000 2.432159336473e-01 7.344037124859e-02 2.540620e-01
0.700000 41.050000 2.715871342201e-01 1.008757246367e-01 2.897162e-01
0.700000 41.075000 2.998262213090e-01 1.238624491243e-01 3.244036e-01
0.700000 41.100000 3.272913407400e-01 1.428429924225e-01 3.571047e-01
0.700000 41.125000 3.534755528856e-01 1.583474186732e-01 3.873227e-01
0.700000 41.150000 3.780164950860e-01 1.709577772970e-01 4.148771e-01
0.700000 41.175000 4.006966687895e-01 1.812724530943e-01 4.397926e-01
0.700000 41.200000 4.214349120449e-01 1.898730254269e-01 4.622328e-01
0.700000 41.225000 4.402703177402e-01 1.972958655594e-01 4.824558e-01
0.700000 41.250000 4.573404325150e-01 2.040102046740e-01 5.007798e-01
0.700000 41.275000 4.728559639515e-01 2.104037594031e-01 5.175543e-01
0.700000 41.300000 4.870743962682e-01 2.167762719426e-01 5.331355e-01
0.700000 41.325000 5.002748521626e-01 2.233405821933e-01 5.478649e-01
0.700000 41.350000 5.127362505877e-01 2.302301753999e-01 5.620537e-01
0.700000 41.375000 5.247203311828e-01 2.375116085560e-01 5.759715e-01
0.700000 41.400000 5.364605002898e-01 2.451998655886e-01 5.898414e-01
0.700000 41.425000 5.481567697657e-01 2.532745571607e-01 6.038409e-01
0.700000 41.450000 5.599763832564e-01 2.616949734160e-01 6.181083e-01
0.700000 41.475000 5.720591281589e-01 2.704122994480e-01 6.327515e-01
0.700000 41.500000 5.845258774423e-01 2.793777731195e-01 6.478599e-01
0.700000 41.525000 5.974886385281e-01 2.885461446070e-01 6.635145e-01
0.700000 41.550000 6.110603287318e-01 2.978744174355e-01 6.797970e-01
0.700000 41.575000 6.253626459528e-01 3.073164401018e-01 6.967940e-01
0.700000 41.600000 6.405307332744e-01 3.168144099554e-01 7.145985e-01
0.700000 41.625000 6.567138008055e-01 3.262886947214e-01 7.333058e-01
0.700000 41.650000 6.740714074641e-01 3.356275392072e-01 7.530060e-01
0.700000 41.675000 6.927656531484e-01 3.446781952743e-01 7.737747e-01
0.700000 41.700000 7.129500234242e-01 3.532408051290e-01 7.956612e-01
0.700000 41.725000 7.347560096277e-01 3.610660150881e-01 8.186789e-01
0.700000 41.750000 7.582788581578e-01 3.678568486872e-01 8.427962e-01
0.700000 41.775000 7.835638647738e-01 3.732748828825e-01 8.679323e-01
0.700000 41.800000 8.105945254453e-01 3.769503092017e-01 8.939547e-01
0.700000 41.825000 8.392836075441e-01 3.784950770655e-01 9.206821e-01
0.700000 41.850000 8.694678532127e-01 3.775180506894e-01 9.478894e-01
0.700000 41.875000 9.009066207440e-01 3.736409883930e-01 9.753155e-01
0.700000 41.900000 9.332843638656e-01 3.665141787811e-01 1.002673e+00
0.700000 41.925000 9.662164939941e-01 3.558307279169e-01 1.029655e+00
0.700000 41.950000 9.992579083497e-01 3.413387546117e-01 1.055949e+00
0.700000 41.975000 1.031913324445e+00 3.228510748606e-01 1.081239e+00
0.700000 42.000000 1.063648548738e+00 3.002522930681e-01 1.105215e+00
0.700000 42.025000 1.093901916159e+00 2.735035195936e-01 1.127575e+00
0.700000 42.050000 1.122095343713e+00 2.426451608477e-01 1.148031e+00
0.700000 42.075000 1.147644709099e+00 2.077983511801e-01 1.166306e+00
0.700000 42.100000 1.169969550690e+00 1.691656019594e-01 1.182136e+00
0.700000 42.125000 1.188502343812e+00 1.270311359107e-01 1.195272e+00
0.700000 42.150000 1.202697799879e+00 8.176117295404e-02 1.205474e+00
0.700000 42.175000 1.212042729621e+00 3.380416925420e-02 1.212514e+00
0.700000 42.200000 1.216066992431e+00 -1.630927587177e-02 1.216176e+00
0.700000 42.225000 1.214355919463e+00 -6.796739682029e-02 1.216256e+00
0.700000 42.250000 1.206564362275e+00 -1.204798784760e-01 1.212565e+00
0.700000 42.275000 1.192432208811e+00 -1.730829781728e-01 1.204928e+00
0.700000 42.300000 1.171800861337e+00 -2.249480096238e-01 1.193197e+00
0.700000 42.325000 1.144629829270e+00 -2.751939111111e-01 1.177246e+00
0.700000 42.350000 1.111012296619e+00 -3.229043660706e-01 1.156986e+00
0.700000 42.375000 1.071188317609e+00 -3.671495906214e-01 1.132362e+00
0.700000 42.400000 1.025554205164e+00 -4.070124813635e-01 1.103368e+00
0.700000 42.425000 9.746667236246e-01 -4.416183677542e-01 1.070048e+00
0.700000 42.450000 9.192408843070e-01 -4.701671803178e-01 1.032502e+00
0.700000 42.475000 8.601404614668e-01 -4.919664720648e-01 9.908949e-01
0.700000 42.500000 7.983607751753e-01 -5.064634543267e-01 9.454550e-01
0.700000 42.525000 7.350037943581e-01 -5.132740600296e-01 8.964825e-01
0.700000 42.550000 6.712461579511e-01 -5.122070466799e-01 8.443503e-01
0.700000 42.575000 6.083012510553e-01 -5.032813050174e-01 7.895077e-01
0.700000 42.600000 5.473769621774e-01 -4.867348416096e-01 7.324837e-01
0.700000 42.625000 4.896311465782e-01 -4.630243365954e-01 6.738918e-01
0.700000 42.650000 4.361270954625e-01 -4.328147127251e-01 6.144391e-01
0.700000 42.675000 3.877914364409e-01 -3.969587518490e-01 5.549400e-01
0.700000 42.700000 3.453768535385e-01 -3.564674176712e-01 4.963408e-01
0.700000 42.725000 3.094318131389e-01 -3.124721441840e-01 4.397578e-01
0.700000 42.750000 2.802791259046e-01 -2.661808838921e-01 3.865342e-01
0.700000 42.775000 2.580046855940e-01 -2.188301389916e-01 3.383091e-01
0.700000 42.800000 2.424571355785e-01 -1.716354892787e-01 2.970593e-01
0.700000 42.825000 2.332585624528e-01 -1.257432593519e-01 2.649923e-01
0.700000 42.850000 2.298256483730e-01 -8.218592256419e-02 2.440786e-01
0.700000 42.875000 2.314000767509e-01 -4.184362054690e-02 2.351529e-01
0.700000 42.900000 2.370864254541e-01 -5.413798148961e-03 2.371482e-01
0.700000 42.925000 2.458953387530e-01 2.660956033308e-02 2.473309e-01
0.700000 42.950000 2.567894768859e-01 5.394622068372e-02 2.623948e-01
0.700000 42.975000 2.687296223694e-01 7.652930877576e-02 2.794143e-01
0.700000 43.000000 2.807183841367e-01 9.449470902783e-02 2.961960e-01
0.700000 43.025000 2.918391791608e-01 1.081613478724e-01 3.112378e-01
0.700000 43.050000 3.012885672017e-01 1.180039955087e-01 3.235734e-01
0.700000 43.075000 3.084005355977e-01 1.246206239825e-01 3.326277e-01
0.700000 43.100000 3.126619350924e-01 1.286966031243e-01 3.381129e-01
0.700000 43.125000 3.137189051885e-01 1.309680822906e-01 3.399591e-01
0.700000 43.150000 3.113747465209e-01 1.321867945218e-01 3.382715e-01
0.700000 43.175000 3.055802484859e-01 1.330882453487e-01 3.333043e-01
0.700000 43.200000 2.964179198476e-01 1.343648397749e-01 3.254497e-01
0.700000 43.225000 2.840818660501e-01 1.366449980686e-01 3.152370e-01
0.700000 43.250000 2.688551910867e-01 1.404787614825e-01 3.033437e-01
0.700000 43.275000 2.510867710327e-01 1.463298433184e-01 2.906148e-01
0.700000 43.300000 2.311690632279e-01 1.545735870932e-01 2.780866e-01
0.700000 43.325000 2.095183060160e-01 1.654998933166e-01 2.669984e-01
0.700000 43.350000 1.865580662079e-01 1.793199000420e-01 2.587654e-01
0.700000 43.375000 1.627066491400e-01 1.961750667946e-01 2.548688e-01
0.700000 43.400000 1.383684454161e-01 2.161473187403e-01 2.566427e-01
0.700000 43.425000 1.139288924135e-01 2.392690456213e-01 2.650084e-01
0.700000 43.450000 8.975241337675e-02 2.655319931438e-01 2.802904e-01
0.700000 43.475000 6.618248772882e-02 2.948943990290e-01 3.022298e-01
0.700000 43.500000 4.354291562120e-02 3.272860726286e-01 3.301699e-01
0.700000 43.525000 2.213936688449e-02 3.626114560643e-01 3.632867e-01
0.700000 43.550000 2.260436175612e-03 4.007510002427e-01 4.007574e-01
0.700000 43.575000 -1.582236111699e-02 4.415614121580e-01 4.418448e-01
0.700000 43.600000 -3.185595397731e-02 4.848754618962e-01 4.859208e-01
0.700000 43.625000 -4.560846231802e-02 5.305020711427e-01 5.324590e-01
0.700000 43.650000 -5.687307893059e-02 5.782273432692e-01 5.810176e-01
0.700000 43.675000 -6.547261736811e-02 6.278170514096e-01 6.312218e-01
0.700000 43.700000 -7.126409750851e-02 6.790208958676e-01 6.827503e-01
0.700000 43.725000 -7.414265957282e-02 7.315786007383e-01 7.353260e-01
0.700000 43.750000 -7.404409870182e-02 7.852276681986e-01 7.887110e-01
0.700000 43.775000 -7.094539218970e-02 8.397123726271e-01 8.427041e-01
0.700000 43.800000 -6.486273981056e-02 8.947933770721e-01 8.971412e-01
0.700000 43.825000 -5.584683917835e-02 9.502572081638e-01 9.518969e-01
0.700000 43.850000 -4.397535480368e-02 1.005924743308e+00 1.006886e+00
0.700000 43.875000 -2.934279252324e-02 1.061657851394e+00 1.062063e+00
0.700000 43.900000 -1.204824183329e-02 1.117363385853e+00 1.117428e+00
0.700000 43.925000 7.818319723698e-03 1.172993853469e+00 1.173020e+00
0.700000 43.950000 3.019026886997e-02 1.228544267278e+00 1.228915e+00
0.700000 43.975000 5.503808525279e-02 1.284044928449e+00 1.285224e+00
0.700000 44.000000 8.238147678320e-02 1.339550159157e+00 1.342081e+00
0.700000 44.025000 1.122987325704e-01 1.395123312864e+00 1.399636e+00
0.700000 44.050000 1.449322130872e-01 1.450818704604e+00 1.458040e+00
0.700000 44.075000 1.804890296910e-01 1.506661413233e+00 1.517434e+00
0.700000 44.100000 2.192361938112e-01 1.562626189091e+00 1.577931e+00
0.700000 44.125000 2.614898268237e-01 1.618616930531e+00 1.639603e+00
0.700000 44.150000 3.075984051132e-01 1.674448346780e+00 1.702467e+00
0.700000 44.175000 3.579204535937e-01 1.729831478845e+00 1.766472e+00
0.700000 44.200000 4.127975693277e-01 1.784364684520e+00 1.831491e+00
0.700000 44.225000 4.725241214531e-01 1.837531494351e+00 1.897314e+00
0.700000 44.250000 5.373153950513e-01 1.888706408764e+00 1.963650e+00
0.700000 44.275000 6.072762825084e-01 1.937169240757e+00 2.030125e+00
0.700000 44.300000 6.823728350821e-01 1.982128035566e+00 2.096298e+00
0.700000 44.325000 7.624090343668e-01 2.022749954597e+00 2.161663e+00
0.700000 44.350000 8.470110034819e-01 2.058198843717e+00 2.225671e+00
0.700000 44.375000 9.356205415717e-01 2.087677572661e+00 2.287746e+00
0.700000 44.400000 1.027499341377e+00 2.110472693515e+00 2.347307e+00
0.700000 44.425000 1.121744566655e+00 2.125998579897e+00 2.403785e+00
0.700000 44.450000 1.217315671363e+00 2.133838023609e+00 2.456649e+00
0.700000 44.475000 1.313071498519e+00 2.133776315337e+00 2.505426e+00
0.700000 44.500000 1.407815876564e+00 2.125826133072e+00 2.549722e+00
0.700000 44.525000 1.500349210655e+00 2.110241095272e+00 2.589240e+00
0.700000 44.550000 1.589523016632e+00 2.087516569762e+00 2.623797e+00
0.700000 44.575000 1.674294023953e+00 2.058377206666e+00 2.653333e+00
0.700000 44.600000 1.753774418337e+00 2.023751609676e+00 2.677927e+00
0.700000 44.625000 1.827275017389e+00 1.984735490737e+00 2.697797e+00
0.700000 44.650000 1.894338657908e+00 1.942545483754e+00 2.713301e+00
0.700000 44.675000 1.954761779958e+00 1.898466446658e+00 2.724935e+00
0.700000 44.700000 2.008603055396e+00 1.853795498735e+00 2.733321e+00
0.700000 44.725000 2.056178846911e+00 1.809786185616e+00 2.739197e+00
0.700000 44.750000 2.098046209991e+00 1.767596029980e+00 2.743391e+00
0.700000 44.775000 2.134974979459e+00 1.728240332662e+00 2.746804e+00
0.700000 44.800000 2.167911141440e+00 1.692554483387e+00 2.750378e+00
0.700000 44.825000 2.197934127711e+00 1.661166290127e+00 2.755066e+00
0.700000 44.850000 2.226210855220e+00 1.634479020742e+00 2.761799e+00
0.700000 44.875000 2.253949269523e+00 1.612665052344e+00 2.771457e+00
0.700000 44.900000 2.282353864440e+00 1.595669318291e+00 2.784834e+00
0.700000 44.925000 2.312585190826e+00 1.583221189668e+00 2.802613e+00
0.700000 44.950000 2.345724799704e+00 1.574853065870e+00 2.825347e+00
0.700000 44.975000 2.382746460161e+00 1.569923790561e+00 2.853444e+00
0.700000 45.000000 2.424493918252e+00 1.567645042912e+00 2.887158e+00
0.700000 45.025000 2.471664976618e+00 1.567109046421e+00 2.926595e+00
0.700000 45.050000 2.524801314158e+00 1.567316239836e+00 2.971717e+00
0.700000 45.075000 2.584283248547e+00 1.567201910716e+00 3.022357e+00
0.700000 45.100000 2.650328566991e+00 1.565661146690e+00 3.078236e+00
0.700000 45.125000 2.722994589029e+00 1.561571766583e+00 3.138982e+00
0.700000 45.150000 2.802182742360e+00 1.553815122044e+00 3.204149e+00
0.700000 45.175000 2.887645085404e+00 1.541294797551e+00 3.273238e+00
0.700000 45.200000 2.978992357037e+00 1.522953288678e+00 3.345711e+00
0.700000 45.225000 3.075703241907e+00 1.497786727036e+00 3.421011e+00
0.700000 45.250000 3.177134590391e+00 1.464857677612e+00 3.498570e+00
0.700000 45.275000 3.282532323882e+00 1.423305995814e+00 3.577823e+00
0.700000 45.300000 3.391042703572e+00 1.372357728726e+00 3.658215e+00
0.700000 45.325000 3.501723571921e+00 1.311332098559e+00 3.739206e+00
0.700000 45.350000 3.613555125538e+00 1.239646720895e+00 3.820275e+00
0.700000 45.375000 3.725449780773e+00 1.156821373886e+00 3.900924e+00
0.700000 45.400000 3.836260775416e+00 1.062480818755e+00 3.980674e+00
0.700000 45.425000 3.944789323627e+00 9.563573369795e-01 4.059062e+00
0.700000 45.450000 4.049790399660e+00 8.382937513787e-01 4.135642e+00
0.700000 45.475000 4.149977542389e+00 7.082476966403e-01 4.209980e+00
0.700000 45.500000 4.244027402964e+00 5.662977719347e-01 4.281642e+00
0.700000 45.525000 4.330585046298e+00 4.126519357076e-01 4.350201e+00
0.700000 45.550000 4.408271204643e+00 2.476581058958e-01 4.415222e+00
0.700000 45.575000 4.475692716317e+00 7.181644742065e-02 4.476269e+00
0.700000 45.600000 4.531457229234e+00 -1.142076763604e-01 4.532896e+00
0.700000 45.625000 4.574192896806e+00 -3.095715659678e-01 4.584656e+00
0.700000 45.650000 4.602573262472e+00 -5.132456651447e-01 4.631102e+00
0.700000 45.675000 4.615346868251e+00 -7.240085875001e-01 4.671789e+00
0.700000 45.700000 4.611370409187e+00 -9.404484997283e-01 4.706292e+00
0.700000 45.725000 4.589643584031e+00 -1.160972282498e+00 4.734204e+00
0.700000 45.750000 4.549343264133e+00 -1.383823252210e+00 4.755154e+00
0.700000 45.775000 4.489854310040e+00 -1.607107394910e+00 4.768814e+00
0.700000 45.800000 4.410794379562e+00 -1.828827127841e+00 4.774905e+00
0.700000 45.825000 4.312030427163e+00 -2.046920679634e+00 4.773205e+00
0.700000 45.850000 4.193685284657e+00 -2.259304393613e+00 4.763555e+00
0.700000 45.875000 4.056133682003e+00 -2.463914731519e+00 4.745850e+00
0.700000 45.900000 3.899988215457e+00 -2.658746586117e+00 4.720047e+00
0.700000 45.925000 3.726076964835e+00 -2.841884761167e+00 4.686145e+00
0.700000 45.950000 3.535415548732e+00 -3.011526156695e+00 4.644185e+00
0.700000 45.975000 3.329177232050e+00 -3.165991260871e+00 4.594227e+00
0.700000 46.000000 3.108665129345e+00 -3.303724896409e+00 4.536342e+00
0.700000 46.025000 2.875290484749e+00 -3.423287652276e+00 4.470592e+00
0.700000 46.050000 2.630560413460e+00 -3.523340872014e+00 4.397019e+00
0.700000 46.075000 2.376077384841e+00 -3.602629279031e+00 4.315632e+00
0.700000 46.100000 2.113551203233e+00 -3.659966119795e+00 4.226399e+00
0.700000 46.125000 1.844822450592e+00 -3.694225957062e+00 4.129246e+00
0.700000 46.150000 1.571894491930e+00 -3.704349862063e+00 4.024060e+00
0.700000 46.175000 1.296969432368e+00 -3.689366722958e+00 3.910698e+00
0.700000 46.200000 1.022482075128e+00 -3.648432769964e+00 3.789001e+00
0.700000 46.225000 7.511251574870e-01 -3.580889353792e+00 3.658819e+00
0.700000 46.250000 4.858590787007e-01 -3.486336704971e+00 3.520029e+00
0.700000 46.275000 2.299000497319e-01 -3.364719091923e+00 3.372564e+00
0.700000 46.300000 -1.331792580175e-02 -3.216414747235e+00 3.216442e+00
0.700000 46.325000 -2.402096900527e-01 -3.042322393634e+00 3.051791e+00
0.700000 46.350000 -4.471340223037e-01 -2.843935381093e+00 2.878871e+00
0.700000 46.375000 -6.305141701243e-01 -2.623394484373e+00 2.698101e+00
0.700000 46.400000 -7.869780163319e-01 -2.383511359440e+00 2.510072e+00
0.700000 46.425000 -9.135096366305e-01 -2.127756475599e+00 2.315566e+00
0.700000 46.450000 -1.007602181161e+00 -1.860207890461e+00 2.115570e+00
0.700000 46.475000 -1.067401026341e+00 -1.585460297097e+00 1.911290e+00
0.700000 46.500000 -1.091826127153e+00 -1.308497065394e+00 1.704186e+00
0.700000 46.525000 -1.080663493968e+00 -1.034531208369e+00 1.496024e+00
0.700000 46.550000 -1.034617659425e+00 -7.688240152344e-01 1.289001e+00
0.700000 46.575000 -9.553197289317e-01 -5.164922258063e-01 1.086002e+00
0.700000 46.600000 -8.452888810132e-01 -2.823158589294e-01 8.911877e-01
0.700000 46.625000 -7.078487008062e-01 -7.055902104678e-02 7.113567e-01
0.700000 46.650000 -5.470031658033e-01 1.151848187898e-01 5.589991e-01
0.700000 46.675000 -3.672801386694e-01 2.721134192697e-01 4.571000e-01
0.700000 46.700000 -1.735525795005e-01 3.982951797081e-01 4.344647e-01
0.700000 46.725000 2.915084038183e-02 4.927035169486e-01 4.935651e-01
0.700000 46.750000 2.358335796017e-01 5.552057914017e-01 6.032172e-01
0.700000 46.775000 4.417059466000e-01 5.865097511918e-01 7.342328e-01
0.700000 46.800000 6.423366383282e-01 5.880734812326e-01 8.708770e-01
0.700000 46.825000 8.337733343223e-01 5.619872337792e-01 1.005489e+00
0.700000 46.850000 1.012627420516e+00 5.108370853575e-01 1.134182e+00
0.700000 46.875000 1.176121014233e+00 4.375610052156e-01 1.254879e+00
0.700000 46.900000 1.322097522906e+00 3.453076195881e-01 1.366448e+00
0.700000 46.925000 1.448999716087e+00 2.373067923437e-01 1.468303e+00
0.700000 46.950000 1.555821489217e+00 1.167592736176e-01 1.560197e+00
0.700000 46.975000 1.642040980406e+00 -1.324968932488e-02 1.642094e+00
0.700000 47.000000 1.707543378672e+00 -1.498104790403e-01 1.714103e+00
0.700000 47.025000 1.752541628274e+00 -2.902232454432e-01 1.776410e+00
0.700000 47.050000 1.777502361817e+00 -4.320086384869e-01 1.829247e+00
0.700000 47.075000 1.783082924559e+00 -5.728995742290e-01 1.872858e+00
0.700000 47.100000 1.770083470925e+00 -7.108197297506e-01 1.907475e+00
0.700000 47.125000 1.739416034462e+00 -8.438550534411e-01 1.933303e+00
0.700000 47.150000 1.692090409308e+00 -9.702245024448e-01 1.950514e+00
0.700000 47.175000 1.629214829778e+00 -1.088255543506e+00 1.959245e+00
0.700000 47.200000 1.552007953009e+00 -1.196368794381e+00 1.959599e+00
0.700000 47.225000 1.461817645334e+00 -1.293074693748e+00 1.951654e+00
0.700000 47.250000 1.360141598652e+00 -1.376983438761e+00 1.935476e+00
0.700000 47.275000 1.248644854673e+00 -1.446827790393e+00 1.911132e+00
0.700000 47.300000 1.129169840017e+00 -1.501496868824e+00 1.878701e+00
0.700000 47.325000 1.003735421931e+00 -1.540077864831e+00 1.838294e+00
0.700000 47.350000 8.745226660879e-01 -1.561901759890e+00 1.790063e+00
0.700000 47.375000 7.438462866308e-01 -1.566588716720e+00 1.734217e+00
0.700000 47.400000 6.141120993975e-01 -1.554088772036e+00 1.671025e+00
0.700000 47.425000 4.877620113779e-01 -1.524713798213e+00 1.600832e+00
0.700000 47.450000 3.672091147994e-01 -1.479157338056e+00 1.524057e+00
0.700000 47.475000 2.547662419280e-01 -1.418499777791e+00 1.441197e+00
0.700000 47.500000 1.525718440263e-01 -1.344197322497e+00 1.352828e+00
0.700000 47.525000 6.251727822405e-02 -1.258054291900e+00 1.259607e+00
0.700000 47.550000 -1.382046576526e-02 -1.162179288588e+00 1.162261e+00
0.700000 47.575000 -7.523686047677e-02 -1.058926743960e+00 1.061596e+00
0.700000 47.600000 -1.209455129418e-01 -9.508261735380e-01 9.584875e-01
0.700000 47.625000 -1.506088211653e-01 -8.405021411939e-01 8.538893e-01
0.700000 47.650000 -1.643517843304e-01 -7.305884225742e-01 7.488464e-01
0.700000 47.675000 -1.627579683815e-01 -6.236401629184e-01 6.445287e-01
0.700000 47.700000 -1.468474916045e-01 -5.220479418935e-01 5.423083e-01
0.700000 47.725000 -1.180377532589e-01 -4.279575914135e-01 4.439376e-01
0.700000 47.750000 -7.808844932566e-02 -3.431993685168e-01 3.519710e-01
0.700000 47.775000 -2.903317133729e-02 -2.692296744642e-01 2.707906e-01
0.700000 47.800000 2.689946411143e-02 -2.070879475611e-01 2.088277e-01
0.700000 47.825000 8.737168678617e-02 -1.573706604244e-01 1.799982e-01
0.700000 47.850000 1.500256157540e-01 -1.202235489570e-01 1.922534e-01
0.700000 47.875000 2.125714682513e-01 -9.535232438105e-02 2.329779e-01
0.700000 47.900000 2.728709560026e-01 -8.205121333042e-02 2.849403e-01
0.700000 47.925000 3.290121295642e-01 -7.924778284282e-02 3.384216e-01
0.700000 47.950000 3.793723782775e-01 -8.556168968854e-02 3.889013e-01
0.700000 47.975000 4.226669298587e-01 -9.937429955913e-02 4.341919e-01
0.700000 48.000000 4.579809859133e-01 -1.189055994062e-01 4.731650e-01
0.700000 48.025000 4.847845302217e-01 -1.422945143935e-01 5.052364e-01
0.700000 48.050000 5.029297970317e-01 -1.676786642227e-01 5.301457e-01
0.700000 48.075000 5.126323219368e-01 -1.932697592896e-01 5.478550e-01
0.700000 48.100000 5.144373526758e-01 -2.174212332301e-01 5.584960e-01
0.700000 48.125000 5.091741112486e-01 -2.386853038930e-01 5.623424e-01
0.700000 48.150000 4.979009234834e-01 -2.558574018789e-01 5.597931e-01
0.700000 48.175000 4.818445352746e-01 -2.680067443288e-01 5.513636e-01
0.700000 48.200000 4.623370034684e-01 -2.744926947958e-01 5.376818e-01
0.700000 48.225000 4.407533918567e-01 -2.749673709071e-01 5.194907e-01
0.700000 48.250000 4.184531466248e-01 -2.693656798339e-01 4.976554e-01
0.700000 48.275000 3.967275148892e-01 -2.578845295820e-01 4.731777e-01
0.700000 48.300000 3.767547597747e-01 -2.409533508966e-01 4.472166e-01
0.700000 48.325000 3.595642759275e-01 -2.191982585841e-01 4.211108e-01
0.700000 48.350000 3.460100787795e-01 -1.934021900877e-01 3.963930e-01
0.700000 48.375000 3.367535797789e-01 -1.644632082748e-01 3.747681e-01
0.700000 48.400000 3.322551058079e-01 -1.333528828034e-01 3.580174e-01
0.700000 48.425000 3.327732957822e-01 -1.010763160468e-01 3.477851e-01
0.700000 48.450000 3.383713155804e-01 -6.863500292466e-02 3.452621e-01
0.700000 48.475000 3.489287627827e-01 -3.699335240778e-02 3.508843e-01
0.700000 48.500000 3.641581612345e-01 -7.049386039987e-03 3.642264e-01
0.700000 48.525000 3.836250400751e-01 2.039011292480e-02 3.841665e-01
0.700000 48.550000 4.067707175919e-01 4.462988976137e-02 4.092117e-01
0.700000 48.575000 4.329370345620e-01 6.510192926285e-02 4.378045e-01
0.700000 48.600000 4.613923791639e-01 8.137660497812e-02 4.685137e-01
0.700000 48.625000 4.913584008865e-01 9.316928908425e-02 5.001136e-01
0.700000 48.650000 5.220368207116e-01 1.003424453792e-01 5.315929e-01
0.700000 48.675000 5.526357170756e-01 1.029032472461e-01 5.621346e-01
0.700000 48.700000 5.823946187879e-01 1.009968186174e-01 5.910870e-01
0.700000 48.725000 6.106076898278e-01 9.489529704857e-02 6.179376e-01
0.700000 48.750000 6.366442706794e-01 8.498306136029e-02 6.422912e-01
0.700000 48.775000 6.599660673280e-01 7.173863906055e-02 6.638536e-01
0.700000 48.800000 6.801403659689e-01 5.571398998748e-02 6.824185e-01
0.700000 48.825000 6.968488028883e-01 3.751202682824e-02 6.978577e-01
0.700000 48.850000 7.098914281187e-01 1.776335456186e-02 7.101136e-01
0.700000 48.875000 7.191860514417e-01 -2.896732366962e-03 7.191919e-01
0.700000 48.900000 7.247631253515e-01 -2.384997823902e-02 7.251554e-01
0.700000 48.925000 7.267566726546e-01 -4.451470697023e-02 7.281187e-01
0.700000 48.950000 7.253919774895e-01 -6.436244202686e-02 7.282417e-01
0.700000 48.975000 7.209709031257e-01 -8.293110694844e-02 7.257249e-01
0.700000 49.000000 7.138557617208e-01 -9.983457323798e-02 7.208030e-01
0.700000 49.025000 7.044526349178e-01 -1.147685863166e-01 7.137404e-01
0.700000 49.050000 6.931949363842e-01 -1.275133318314e-01 7.048254e-01
0.700000 49.075000 6.805278360169e-01 -1.379330772497e-01 6.943657e-01
0.700000 49.100000 6.668939571840e-01 -1.459734192917e-01 6.826828e-01
0.700000 49.125000 6.527205446752e-01 -1.516566795967e-01 6.701073e-01
0.700000 49.150000 6.384081139233e-01 -1.550759248282e-01 6.569730e-01
0.700000 49.175000 6.243204589578e-01 -1.563879607645e-01 6.436095e-01
0.700000 49.200000 6.107758362252e-01 -1.558054897060e-01 6.303352e-01
0.700000 49.225000 5.980391607724e-01 -1.535884590816e-01 6.174466e-01
0.700000 49.250000 5.863151442009e-01 -1.500344993545e-01 6.052072e-01
0.700000 49.275000 5.757424515183e-01 -1.454682795832e-01 5.938353e-01
0.700000 49.300000 5.663891277265e-01 -1.402296185978e-01 5.834904e-01
0.700000 49.325000 5.582497098008e-01 -1.346602855352e-01 5.742614e-01
0.700000 49.350000 5.512445598529e-01 -1.290895981966e-01 5.661578e-01
0.700000 49.375000 5.452219993754e-01 -1.238191603467e-01 5.591048e-01
0.700000 49.400000 5.399637707603e-01 -1.191073373393e-01 5.529443e-01
0.700000 49.425000 5.351941922911e-01 -1.151543138000e-01 5.474425e-01
0.700000 49.450000 5.305931135300e-01 -1.120887661764e-01 5.423034e-01
0.700000 49.475000 5.258124418980e-01 -1.099572794810e-01 5.371865e-01
0.700000 49.500000 5.204956339542e-01 -1.087176138249e-01 5.317285e-01
0.700000 49.525000 5.142991712534e-01 -1.082367688035e-01 5.255653e-01
0.700000 49.550000 5.069147190647e-01 -1.082945057509e-01 5.183534e-01
0.700000 49.575000 4.980904422768e-01 -1.085925900500e-01 5.097906e-01
0.700000 49.600000 4.876498632143e-01 -1.087695444996e-01 4.996331e-01
0.700000 49.625000 4.755067132839e-01 -1.084202084224e-01 4.877105e-01
0.700000 49.650000 4.616744591109e-01 -1.071189301830e-01 4.739386e-01
0.700000 49.675000 4.462695595609e-01 -1.044448371145e-01 4.583288e-01
0.700000 49.700000 4.295080001677e-01 -1.000073734596e-01 4.409973e-01
0.700000 49.725000 4.116952084634e-01 -9.347020753497e-02 4.221725e-01
0.700000 49.750000 3.932100205995e-01 -8.457169998349e-02 4.022021e-01
0.700000 49.775000 3.744838865814e-01 -7.314039159570e-02 3.815596e-01
0.700000 49.800000 3.559769128025e-01 -5.910438761646e-02 3.608502e-01
0.700000 49.825000 3.381526016498e-01 -4.249404400526e-02 3.408122e-01
0.700000 49.850000 3.214532303902e-01 -2.343794524760e-02 3.223066e-01
0.700000 49.875000 3.062777067739e-01 -2.152741958584e-03 3.062853e-01
0.700000 49.900000 2.929634591208e-01 2.107207078428e-02 2.937203e-01
0.700000 49.925000 2.817734958157e-01 4.589295948135e-02 2.854864e-01
0.700000 49.950000 2.728892504664e-01 7.193303150126e-02 2.822107e-01
0.700000 49.975000 2.664092717745e-01 9.880281880336e-02 2.841406e-01
0.700000 50.000000 2.623532818574e-01 1.261195185330e-01 2.910934e-01
0.700000 50.025000 2.606706698147e-01 1.535233234808e-01 3.025204e-01
0.700000 50.050000 2.612521547863e-01 1.806898782140e-01 3.176500e-01
0.700000 50.075000 2.639431749988e-01 2.073383721512e-01 3.356415e-01
0.700000 50.100000 2.685575480927e-01 2.332352728614e-01 3.556991e-01
0.700000 50.125000 2.748900955280e-01 2.581941556999e-01 3.771323e-01
0.700000 50.150000 2.827272043589e-01 2.820724506755e-01 3.993739e-01
0.700000 50.175000 2.918546731524e-01 3.047661677533e-01 4.219734e-01
0.700000 50.200000 3.020626063786e-01 3.262037574318e-01 4.445793e-01
0.700000 50.225000 3.131475315260e-01 3.463402121933e-01 4.669185e-01
0.700000 50.250000 3.249122673534e-01 3.651523315626e-01 4.887783e-01
0.700000 50.275000 3.371643310573e-01 3.826357891056e-01 5.099901e-01
0.700000 50.300000 3.497138111118e-01 3.988042943813e-01 5.304193e-01
0.700000 50.325000 3.623716413022e-01 4.136907823274e-01 5.499575e-01
0.700000 50.350000 3.749490964398e-01 4.273502318699e-01 5.685200e-01
0.700000 50.375000 3.872591123491e-01 4.398634536579e-01 5.860456e-01
0.700000 50.400000 3.991197441437e-01 4.513410222152e-01 6.024992e-01
0.700000 50.425000 4.103597564343e-01 4.619264756412e-01 6.178764e-01
0.700000 50.450000 4.208260273767e-01 4.717979670355e-01 6.322087e-01
0.700000 50.475000 4.303921824260e-01 4.811677132294e-01 6.455694e-01
0.700000 50.500000 4.389676826487e-01 4.902788241450e-01 6.580775e-01
0.700000 50.525000 4.465064950618e-01 4.993993785849e-01 6.699013e-01
0.700000 50.550000 4.530144750756e-01 5.088139047075e-01 6.812589e-01
0.700000 50.575000 4.585546879241e-01 5.188126923016e-01 6.924153e-01
0.700000 50.600000 4.632500706767e-01 5.296795808910e-01 7.036768e-01
0.700000 50.625000 4.672830650273e-01 5.416790125010e-01 7.153807e-01
0.700000 50.650000 4.708921054014e-01 5.550432003969e-01 7.278821e-01
0.700000 50.675000 4.743650984604e-01 5.699602452924e-01 7.415369e-01
0.700000 50.700000 4.780302534056e-01 5.865639377780e-01 7.566837e-01
0.700000 50.725000 4.822447980491e-01 6.049258365708e-01 7.736248e-01
0.700000 50.750000 4.873822315264e-01 6.250500275652e-01 7.926090e-01
0.700000 50.775000 4.938188170795e-01 6.468707708170e-01 8.138174e-01
0.700000 50.800000 5.019200114906e-01 6.702530521059e-01 8.373547e-01
0.700000 50.825000 5.120274715652e-01 6.949958891774e-01 8.632447e-01
0.700000 50.850000 5.244471865726e-01 7.208381111343e-01 8.914328e-01
0.700000 50.875000 5.394391742393e-01 7.474662375132e-01 9.217919e-01
0.700000 50.900000 5.572090613658e-01 7.745240302621e-01 9.541328e-01
0.700000 50.925000 5.779017601601e-01 8.016232713828e-01 9.882157e-01
0.700000 50.950000 6.015973556066e-01 8.283553226745e-01 1.023764e+00
0.700000 50.975000 6.283092406826e-01 8.543030421022e-01 1.060475e+00
0.700000 51.000000 6.579844738190e-01 8.790526549806e-01 1.098033e+00
0.700000 51.025000 6.905062822228e-01 9.022052010110e-01 1.136122e+00
0.700000 51.050000 7.256985893190e-01 9.233871972000e-01 1.174429e+00
0.700000 51.075000 7.633323982613e-01 9.422601724464e-01 1.212654e+00
0.700000 51.100000 8.031338112807e-01 9.585287459233e-01 1.250520e+00
0.700000 51.125000 8.447934043430e-01 9.719469443765e-01 1.287772e+00
0.700000 51.150000 8.879766092914e-01 9.823224899952e-01 1.324183e+00
0.700000 51.175000 9.323346859647e-01 9.895188468239e-01 1.359557e+00
0.700000 51.200000 9.775158022525e-01 9.934548938333e-01 1.393732e+00
0.700000 51.225000 1.023175690156e+00 9.941021976503e-01 1.426579e+00
0.700000 51.250000 1.068987320645e+00 9.914799845100e-01 1.458001e+00
0.700000 51.275000 1.114649048430e+00 9.856480523443e-01 1.487933e+00
0.700000 51.300000 1.159890726249e+00 9.766980096771e-01 1.516340e+00
0.700000 51.325000 1.204477379759e+00 9.647433654513e-01 1.543209e+00
0.700000 51.350000 1.248210167192e+00 9.499091092613e-01 1.568552e+00
0.700000 51.375000 1.290924516522e+00 9.323215014833e-01 1.592391e+00
0.700000 51.400000 1.332485526625e+00 9.120988262197e-01 1.614758e+00
0.700000 51.425000 1.372780924108e+00 8.893438389859e-01 1.635683e+00
0.700000 51.450000 1.411712067969e+00 8.641385621216e-01 1.655194e+00
0.700000 51.475000 1.449183673227e+00 8.365419454526e-01 1.673301e+00
0.700000 51.500000 1.485093065876e+00 8.065907240919e-01 1.689997e+00
0.700000 51.525000 1.519319870825e+00 7.743035805579e-01 1.705250e+00
0.700000 51.550000 1.551717061272e+00 7.396884693921e-01 1.719001e+00
0.700000 51.575000 1.582104255799e+00 7.027527069103e-01 1.731160e+00
0.700000 51.600000 1.610264037061e+00 6.635151857239e-01 1.741609e+00
0.700000 51.625000 1.635941887240e+00 6.220198625138e-01 1.750204e+00
0.700000 51.650000 1.658850099532e+00 5.783495061688e-01 1.756779e+00
0.700000 51.675000 1.678675745742e+00 5.326385971536e-01 1.761152e+00
0.700000 51.700000 1.695092475500e+00 4.850842493183e-01 1.763135e+00
0.700000 51.725000 1.707775613527e+00 4.359540889726e-01 1.762542e+00
0.700000 51.750000 1.716419730463e+00 3.855901739362e-01 1.759198e+00
0.700000 51.775000 1.720757612903e+00 3.344082624275e-01 1.752951e+00
0.700000 51.800000 1.720579371121e+00 2.828920368064e-01 1.743680e+00
0.700000 51.825000 1.715750317124e+00 2.315822332211e-01 1.731309e+00
0.700000 51.850000 1.706226235302e+00 1.810610027449e-01 1.715806e+00
0.700000 51.875000 1.692064760919e+00 1.319322062712e-01 1.697200e+00
0.700000 51.900000 1.673431778846e+00 8.479869547963e-02 1.675579e+00
0.700000 51.925000 1.650602048721e+00 4.023792645914e-02 1.651092e+00
0.700000 51.950000 1.623953637641e+00 -1.222536153116e-03 1.623954e+00
0.700000 51.975000 1.593956173769e+00 -3.912796123905e-02 1.594436e+00
0.700000 52.000000 1.561153393914e+00 -7.311619278250e-02 1.562865e+00
0.700000 52.025000 1.526140910034e+00 -1.029326903014e-01 1.529608e+00
0.700000 52.050000 1.489540526761e+00 -1.284396401424e-01 1.495068e+00
0.700000 52.075000 1.451972768177e+00 -1.496182953424e-01 1.459661e+00
0.700000 52.100000 1.414029485065e+00 -1.665641761904e-01 1.423806e+00
0.700000 52.125000 1.376248489081e+00 -1.794752931931e-01 1.387902e+00
0.700000 52.150000 1.339092083171e+00 -1.886340982125e-01 1.352313e+00
0.700000 52.175000 1.302931125745e+00 -1.943843835656e-01 1.317351e+00
0.700000 52.200000 1.268035890664e+00 -1.971047881949e-01 1.283264e+00
0.700000 52.225000 1.234574489925e+00 -1.971808938876e-01 1.250222e+00
0.700000 52.250000 1.202619046996e+00 -1.949780700624e-01 1.218322e+00
0.700000 52.275000 1.172159190827e+00 -1.908172312460e-01 1.187589e+00
0.700000 52.300000 1.143121834030e+00 -1.849554992001e-01 1.157988e+00
0.700000 52.325000 1.115395655068e+00 -1.775734190148e-01 1.129442e+00
0.700000 52.350000 1.088858271567e+00 -1.687698876859e-01 1.101860e+00
0.700000 52.375000 1.063403810176e+00 -1.585653505947e-01 1.075161e+00
0.700000 52.400000 1.038968476253e+00 -1.469131525537e-01 1.049304e+00
0.700000 52.425000 1.015551817903e+00 -1.337182491407e-01 1.024317e+00
0.700000 52.450000 9.932316615880e-01 -1.188618467590e-01 1.000319e+00
0.700000 52.475000 9.721711523410e-01 -1.022299995156e-01 9.775314e-01
0.700000 52.500000 9.526169278488e-01 -8.374379380436e-02 9.562908e-01
0.700000 52.525000 9.348881474529e-01 -6.338853249814e-02 9.370347e-01
0.700000 52.550000 9.193568313962e-01 -4.123931096891e-02 9.202813e-01
0.700000 52.575000 9.064206856015e-01 -1.748056207641e-02 9.065892e-01
0.700000 52.600000 8.964702368153e-01 7.582473904152e-03 8.965023e-01
0.700000 52.625000 8.898526313056e-01 3.352185143845e-02 8.904838e-01
0.700000 52.650000 8.868348157901e-01 5.979541430696e-02 8.888484e-01
0.700000 52.675000 8.875689923332e-01 8.576574467238e-02 8.917031e-01
0.700000 52.700000 8.920632040590e-01 1.107288428674e-01 8.989091e-01
0.700000 52.725000 9.001596650131e-01 1.339510565038e-01 9.100716e-01
0.700000 52.750000 9.115230091276e-01 1.547121018553e-01 9.245594e-01
0.700000 52.775000 9.256400270485e-01 1.723514748815e-01 9.415490e-01
0.700000 52.800000 9.418317236650e-01 1.863151732540e-01 9.600835e-01
0.700000 52.825000 9.592777101718e-01 1.961994729252e-01 9.791363e-01
0.700000 52.850000 9.770520945738e-01 2.017885393558e-01 9.976720e-01
0.700000 52.875000 9.941692082505e-01 2.030829075722e-01 1.014700e+00
0.700000 52.900000 1.009636757554e+00 2.003163265182e-01 1.029317e+00
0.700000 52.925000 1.022513368713e+00 1.939591088024e-01 1.040747e+00
0.700000 52.950000 1.031967045613e+00 1.847069222810e-01 1.048367e+00
0.700000 52.975000 1.037330818462e+00 1.734548602663e-01 1.051733e+00
0.700000 53.000000 1.038151851024e+00 1.612575797035e-01 1.050601e+00
0.700000 53.025000 1.034230506163e+00 1.492772430391e-01 1.044948e+00
0.700000 53.050000 1.025646340763e+00 1.387218787023e-01 1.034985e+00
0.700000 53.075000 1.012768693346e+00 1.307775268305e-01 1.021177e+00
0.700000 53.100000 9.962504073884e-01 1.265381052564e-01 1.004254e+00
0.700000 53.125000 9.770042525699e-01 1.269372682913e-01 9.852159e-01
0.700000 53.150000 9.561627045222e-01 1.326866021484e-01 9.653253e-01
0.700000 53.175000 9.350228511759e-01 1.442242863132e-01 9.460805e-01
0.700000 53.200000 9.149792350357e-01 1.616778486720e-01 9.291538e-01
0.700000 53.225000 8.974483398118e-01 1.848438729749e-01 9.162864e-01
0.700000 53.250000 8.837891159769e-01 2.131865201406e-01 9.091379e-01
0.700000 53.275000 8.752243533880e-01 2.458555593450e-01 9.090999e-01
0.700000 53.300000 8.727678070691e-01 2.817233465043e-01 9.171105e-01
0.700000 53.325000 8.771617430792e-01 3.194389240086e-01 9.335170e-01
0.700000 53.350000 8.888289983699e-01 3.574962390820e-01 9.580295e-01
0.700000 53.375000 9.078427712561e-01 3.943124797166e-01 9.897782e-01
0.700000 53.400000 9.339162326961e-01 4.283117878193e-01 1.027449e+00
0.700000 53.425000 9.664127505232e-01 4.580091929495e-01 1.069451e+00
0.700000 53.450000 1.004376143513e+00 4.820895571468e-01 1.114083e+00
0.700000 53.475000 1.046579033813e+00 4.994766439524e-01 1.159657e+00
0.700000 53.500000 1.091586149769e+00 5.093881043332e-01 1.204590e+00
0.700000 53.525000 1.137828443294e+00 5.113731602654e-01 1.247460e+00
0.700000 53.550000 1.183683206163e+00 5.053309878007e-01 1.287037e+00
0.700000 53.575000 1.227555052796e+00 4.915091593114e-01 1.322298e+00
0.700000 53.600000 1.267952707699e+00 4.704828903844e-01 1.352427e+00
0.700000 53.625000 1.303556985186e+00 4.431171386233e-01 1.376813e+00
0.700000 53.650000 1.333276136080e+00 4.105147146878e-01 1.395044e+00
0.700000 53.675000 1.356285790164e+00 3.739544024011e-01 1.406895e+00
0.700000 53.700000 1.372051951001e+00 3.348235818738e-01 1.412315e+00
0.700000 53.725000 1.380336793932e+00 2.945499754556e-01 1.411414e+00
0.700000 53.750000 1.381188267174e+00 2.545368927751e-01 1.404447e+00
0.700000 53.775000 1.374915595360e+00 2.161057732561e-01 1.391795e+00
0.700000 53.800000 1.362053646339e+00 1.804489768918e-01 1.373955e+00
0.700000 53.825000 1.343319682065e+00 1.485947439599e-01 1.351513e+00
0.700000 53.850000 1.319566239932e+00 1.213851328762e-01 1.325138e+00
0.700000 53.875000 1.291733781419e+00 9.946665712913e-02 1.295558e+00
0.700000 53.900000 1.260806332111e+00 8.329237493151e-02 1.263555e+00
0.700000 53.925000 1.227772680219e+00 7.313342031959e-02 1.229949e+00
0.700000 53.950000 1.193594879815e+00 6.909745919928e-02 1.195593e+00
0.700000 53.975000 1.159184912006e+00 7.115133679676e-02 1.161367e+00
0.700000 54.000000 1.125389486111e+00 7.914525183330e-02 1.128169e+00
0.700000 54.025000 1.092982199622e+00 9.283611612941e-02 1.096918e+00
0.700000 54.050000 1.062661689575e+00 1.119082802855e-01 1.068538e+00
0.700000 54.075000 1.035054045283e+00 1.359904531438e-01 1.043949e+00
0.700000 54.100000 1.010717632010e+00 1.646683327230e-01 1.024044e+00
0.700000 54.125000 9.901485884347e-01 1.974931176442e-01 1.009652e+00
0.700000 54.150000 9.737855729842e-01 2.339866087793e-01 1.001503e+00
0.700000 54.175000 9.620127904199e-01 2.736439861312e-01 1.000175e+00
0.700000 54.200000 9.551608618784e-01 3.159355236182e-01 1.006055e+00
0.700000 54.225000 9.535056355293e-01 3.603084774977e-01 1.019311e+00
0.700000 54.250000 9.572655013752e-01 4.061901706678e-01 1.039879e+00
0.700000 54.275000 9.665981143737e-01 4.529929348856e-01 1.067480e+00
0.700000 54.300000 9.815976049990e-01 5.001211223226e-01 1.101660e+00
0.700000 54.325000 1.002293347595e+00 5.469799222585e-01 1.141831e+00
0.700000 54.350000 1.028651170060e+00 5.929852846642e-01 1.187331e+00
0.700000 54.375000 1.060577551344e+00 6.375739197403e-01 1.237467e+00
0.700000 54.400000 1.097926912225e+00 6.802121572074e-01 1.291562e+00
0.700000 54.425000 1.140511618548e+00 7.204024384520e-01 1.348980e+00
0.700000 54.450000 1.188113848695e+00 7.576863839019e-01 1.409150e+00
0.700000 54.475000 1.240498090402e+00 7.916437105180e-01 1.471576e+00
0.700000 54.500000 1.297422778431e+00 8.218867334611e-01 1.535840e+00
0.700000 54.525000 1.358649501138e+00 8.480507197761e-01 1.601599e+00
0.700000 54.550000 1.423948307999e+00 8.697809089367e-01 1.668577e+00
0.700000 54.575000 1.493097937655e+00 8.867175115823e-01 1.736551e+00
0.700000 54.600000 1.565880232408e+00 8.984803848630e-01 1.805339e+00
0.700000 54.625000 1.642068567395e+00 9.046553128910e-01 1.874777e+00
0.700000 54.650000 1.721410745248e+00 9.047838627491e-01 1.944708e+00
0.700000 54.675000 1.803607426874e+00 8.983586288050e-01 2.014956e+00
0.700000 54.700000 1.888287722922e+00 8.848253299574e-01 2.085317e+00
0.700000 54.725000 1.974984001720e+00 8.635927145631e-01 2.155540e+00
0.700000 54.750000 2.063108233161e+00 8.340506011152e-01 2.225322e+00
0.700000 54.775000 2.151932255942e+00 7.955956956069e-01 2.294294e+00
0.700000 54.800000 2.240574218325e+00 7.476641407522e-01 2.362028e+00
0.700000 54.825000 2.327993110288e+00 6.897691289533e-01 2.428031e+00
0.700000 54.850000 2.412992805399e+00 6.215414045093e-01 2.491756e+00
0.700000 54.875000 2.494236406483e+00 5.427701337275e-01 2.552609e+00
0.700000 54.900000 2.570270992454e+00 4.534414617895e-01 2.609962e+00
0.700000 54.925000 2.639562151562e+00 3.537721126013e-01 2.663164e+00
0.700000 54.950000 2.700537014671e+00 2.442356155666e-01 2.711559e+00
0.700000 54.975000 2.751633921056e+00 1.255791386292e-01 2.754498e+00
0.700000 55.000000 2.791356398423e+00 -1.170564866471e-03 2.791357e+00
0.700000 55.025000 2.818328845375e+00 -1.347129704203e-01 2.821547e+00
0.700000 55.050000 2.831351181101e+00 -2.734915730479e-01 2.844529e+00
0.700000 55.075000 2.829449772511e+00 -4.157232147779e-01 2.859827e+00
0.700000 55.100000 2.811922149852e+00 -5.594379012568e-01 2.867033e+00
0.700000 55.125000 2.778373354579e+00 -7.025275331400e-01 2.865816e+00
0.700000 55.150000 2.728742198273e+00 -8.428015580471e-01 2.855932e+00
0.700000 55.175000 2.663316215530e+00 -9.780472508690e-01 2.837222e+00
0.700000 55.200000 2.582734634024e+00 -1.106092159690e+00 2.809619e+00
0.700000 55.225000 2.487979231000e+00 -1.224866208895e+00 2.773146e+00
0.700000 55.250000 2.380353470862e+00 -1.332461021209e+00 2.727918e+00
0.700000 55.275000 2.261450802374e+00 -1.427184193361e+00 2.674138e+00
0.700000 55.300000 2.133113419980e+00 -1.507606520496e+00 2.612097e+00
0.700000 55.325000 1.997383150395e+00 -1.572600496506e+00 2.542167e+00
0.700000 55.350000 1.856446404378e+00 -1.621368805495e+00 2.464798e+00
0.700000 55.375000 1.712575328545e+00 -1.653461948715e+00 2.380515e+00
0.700000 55.400000 1.568067398388e+00 -1.668784606733e+00 2.289908e+00
0.700000 55.425000 1.425185707664e+00 -1.667590803221e+00 2.193630e+00
0.700000 55.450000 1.286102128484e+00 -1.650468398159e+00 2.092392e+00
0.700000 55.475000 1.152845340233e+00 -1.618313876280e+00 1.986956e+00
0.700000 55.500000 1.027255456596e+00 -1.572298790910e+00 1.878131e+00
0.700000 55.525000 9.109466259056e-01 -1.513829552552e+00 1.766778e+00
0.700000 55.550000 8.052785540394e-01 -1.444502493833e+00 1.653802e+00
0.700000 55.575000 7.113374215044e-01 -1.366056278122e+00 1.540166e+00
0.700000 55.600000 6.299261639919e-01 -1.280323733051e+00 1.426897e+00
0.700000 55.625000 5.615635914279e-01 -1.189185074317e+00 1.315110e+00
0.700000 55.650000 5.064913707554e-01 -1.094524241007e+00 1.206034e+00
0.700000 55.675000 4.646875293689e-01 -9.981897042488e-01 1.101053e+00
0.700000 55.700000 4.358848829554e-01 -9.019606607837e-01 1.001763e+00
0.700000 55.725000 4.195926797593e-01 -8.075190180057e-01 9.100247e-01
0.700000 55.750000 4.151197979229e-01 -7.164270613523e-01 8.280049e-01
0.700000 55.775000 4.215980341105e-01 -6.301102181598e-01 7.581450e-01
0.700000 55.800000 4.380043644698e-01 -5.498439434861e-01 7.029767e-01
0.700000 55.825000 4.631815113262e-01 -4.767434968733e-01 6.646965e-01
0.700000 55.850000 4.958566647654e-01 -4.117552874504e-01 6.445279e-01
0.700000 55.875000 5.346587309810e-01 -3.556485552473e-01 6.421416e-01
0.700000 55.900000 5.781349475605e-01 -3.090064270454e-01 6.555341e-01
0.700000 55.925000 6.247680600492e-01 -2.722158128086e-01 6.814958e-01
0.700000 55.950000 6.729954431664e-01 -2.454561513229e-01 7.163600e-01
0.700000 55.975000 7.212315381725e-01 -2.286876122358e-01 7.566194e-01
0.700000 56.000000 7.678947498944e-01 -2.216399464147e-01 7.992413e-01
0.700000 56.025000 8.114395114493e-01 -2.238036738708e-01 8.417376e-01
0.700000 56.050000 8.503936149948e-01 -2.344256392223e-01 8.821138e-01
0.700000 56.075000 8.834001786490e-01 -2.525110922493e-01 9.187806e-01
0.700000 56.100000 9.092628465938e-01 -2.768343287963e-01 9.504716e-01
0.700000 56.125000 9.269920853900e-01 -3.059595437408e-01 9.761791e-01
0.700000 56.150000 9.358498306932e-01 -3.382729197280e-01 9.951098e-01
0.700000 56.175000 9.353893332417e-01 -3.720261476126e-01 1.006656e+00
0.700000 56.200000 9.254869129255e-01 -4.053906163973e-01 1.010380e+00
0.700000 56.225000 9.063624925207e-01 -4.365205095786e-01 1.006004e+00
0.700000 56.250000 8.785862563186e-01 -4.636220986267e-01 9.934079e-01
0.700000 56.275000 8.430695398908e-01 -4.850257300331e-01 9.726336e-01
0.700000 56.300000 8.010390517443e-01 -4.992564466337e-01 9.438859e-01
0.700000 56.325000 7.539946758735e-01 -5.050989334791e-01 9.075422e-01
0.700000 56.350000 7.036523082910e-01 -5.016525726473e-01 8.641654e-01
0.700000 56.375000 6.518743337269e-01 -4.883728371393e-01 8.145233e-01
0.700000 56.400000 6.005913460634e-01 -4.650960249347e-01 7.596211e-01
0.700000 56.425000 5.517194654324e-01 -4.320453726074e-01 7.007550e-01
0.700000 56.450000 5.070780357395e-01 -3.898178099578e-01 6.395984e-01
0.700000 56.475000 4.683125570015e-01 -3.393519215701e-01 5.783393e-01
0.700000 56.500000 4.368274083650e-01 -2.818789589915e-01 5.198788e-01
0.700000 56.525000 4.137322744299e-01 -2.188598922127e-01 4.680535e-01
0.700000 56.550000 3.998052543776e-01 -1.519124081837e-01 4.276934e-01
0.700000 56.575000 3.954744898272e-01 -8.273238574344e-02 4.040355e-01
0.700000 56.600000 4.008188890654e-01 -1.301465676766e-02 4.010301e-01
0.700000 56.625000 4.155872548960e-01 5.562221044093e-02 4.192930e-01
0.700000 56.650000 4.392339404340e-01 1.217027798222e-01 4.557829e-01
0.700000 56.675000 4.709681493646e-01 1.839496443246e-01 5.056169e-01
0.700000 56.700000 5.098132329256e-01 2.413236530339e-01 5.640449e-01
0.700000 56.725000 5.546718594999e-01 2.930478404550e-01 6.273260e-01
0.700000 56.750000 6.043927623592e-01 3.386145553445e-01 6.927845e-01
0.700000 56.775000 6.578348993193e-01 3.777763831241e-01 7.585920e-01
0.700000 56.800000 7.139252548433e-01 4.105224478484e-01 8.235399e-01
0.700000 56.825000 7.717071327941e-01 4.370425060187e-01 8.868698e-01
0.700000 56.850000 8.303765672615e-01 4.576818625511e-01 9.481550e-01
0.700000 56.875000 8.893053550351e-01 4.728905256585e-01 1.007219e+00
0.700000 56.900000 9.480501222506e-01 4.831701676401e-01 1.064074e+00
0.700000 56.925000 1.006347720860e+00 4.890223841403e-01 1.118874e+00
0.700000 56.950000 1.064098058055e+00 4.909014695219e-01 1.171874e+00
0.700000 56.975000 1.121336154573e+00 4.891744835159e-01 1.223391e+00
0.700000 57.000000 1.178195778234e+00 4.840908120852e-01 1.273770e+00
0.700000 57.025000 1.234867389678e+00 4.757627629301e-01 1.323347e+00
0.700000 57.050000 1.291553360158e+00 4.641580221428e-01 1.372426e+00
0.700000 57.075000 1.348423475536e+00 4.491040699515e-01 1.421246e+00
0.700000 57.100000 1.405573631582e+00 4.303039445368e-01 1.469966e+00
0.700000 57.125000 1.462990363428e+00 4.073620852263e-01 1.518646e+00
0.700000 57.150000 1.520523450951e+00 3.798184093545e-01 1.567244e+00
0.700000 57.175000 1.577868321128e+00 3.471883078280e-01 1.615614e+00
0.700000 57.200000 1.634559352001e+00 3.090059074214e-01 1.663511e+00
0.700000 57.225000 1.689974500404e+00 2.648677637825e-01 1.710605e+00
0.700000 57.250000 1.743350962337e+00 2.144741334128e-01 1.756494e+00
0.700000 57.275000 1.793810871177e+00 1.576651333328e-01 1.800726e+00
0.700000 57.300000 1.840395388653e+00 9.444943184309e-02 1.842817e+00
0.700000 57.325000 1.882104991856e+00 2.502360918922e-02 1.882271e+00
0.700000 57.350000 1.917943348761e+00 -5.021904324977e-02 1.918601e+00
0.700000 57.375000 1.946961941055e+00 -1.306907912736e-01 1.951343e+00
0.700000 57.400000 1.968302561417e+00 -2.156225286570e-01 1.980078e+00
0.700000 57.425000 1.981234993603e+00 -3.040866263411e-01 2.004435e+00
0.700000 57.450000 1.985187570991e+00 -3.950278497187e-01 2.024109e+00
0.700000 57.475000 1.979768877562e+00 -4.873000789279e-01 2.038859e+00
0.700000 57.500000 1.964779561811e+00 -5.797061939606e-01 2.048516e+00
0.700000 57.525000 1.940214021280e+00 -6.710383312508e-01 2.052979e+00
0.700000 57.550000 1.906252515377e+00 -7.601157988628e-01 2.052212e+00
0.700000 57.575000 1.863245005461e+00 -8.458182495645e-01 2.046238e+00
0.700000 57.600000 1.811688635412e+00 -9.271122286398e-01 2.035130e+00
0.700000 57.625000 1.752201195140e+00 -1.003069889426e+00 2.018999e+00
0.700000 57.650000 1.685493112751e+00 -1.072879440668e+00 1.997988e+00
0.700000 57.675000 1.612340478852e+00 -1.135847681784e+00 1.972256e+00
0.700000 57.700000 1.533561323741e+00 -1.191395717912e+00 1.941967e+00
0.700000 57.725000 1.449996874001e+00 -1.239049553735e+00 1.907285e+00
0.700000 57.750000 1.362498860250e+00 -1.278427684039e+00 1.868363e+00
0.700000 57.775000 1.271923199570e+00 -1.309227988945e+00 1.825340e+00
0.700000 57.800000 1.179129611531e+00 -1.331216185660e+00 1.778337e+00
0.700000 57.825000 1.084986023760e+00 -1.344217794367e+00 1.727459e+00
0.700000 57.850000 9.903760534105e-01 -1.348115076287e+00 1.672800e+00
0.700000 57.875000 8.962074716422e-01 -1.342849750078e+00 1.614445e+00
0.700000 57.900000 8.034194063532e-01 -1.328431557284e+00 1.552486e+00
0.700000 57.925000 7.129861271251e-01 -1.304952004360e+00 1.487027e+00
0.700000 57.950000 6.259155739255e-01 -1.272601933547e+00 1.418198e+00
0.700000 57.975000 5.432413030399e-01 -1.231691034690e+00 1.346170e+00
0.700000 58.000000 4.660071764850e-01 -1.182667057070e+00 1.271166e+00
0.700000 58.025000 3.952448486860e-01 -1.126132346412e+00 1.193479e+00
0.700000 58.050000 3.319448348871e-01 -1.062855426716e+00 1.113485e+00
0.700000 58.075000 2.770226101409e-01 -9.937756560632e-01 1.031664e+00
0.700000 58.100000 2.312817254530e-01 -9.199994761503e-01 9.486255e-01
0.700000 58.125000 1.953762930406e-01 -8.427873975186e-01 8.651373e-01
0.700000 58.150000 1.697753587072e-01 -7.635315562730e-01 7.821791e-01
0.700000 58.175000 1.547316389400e-01 -6.837243805409e-01 7.010142e-01
0.700000 58.200000 1.502568660134e-01 -6.049195557326e-01 6.233015e-01
0.700000 58.225000 1.561055852679e-01 -5.286870254633e-01 5.512521e-01
0.700000 58.250000 1.717687266310e-01 -4.565641714549e-01 4.878067e-01
0.700000 58.275000 1.964776764007e-01 -3.900055581331e-01 4.367011e-01
0.700000 58.300000 2.292189563983e-01 -3.303336995990e-01 4.020717e-01
0.700000 58.325000 2.687590235115e-01 -2.786932170015e-01 3.871709e-01
0.700000 58.350000 3.136781738409e-01 -2.360105244616e-01 3.925493e-01
0.700000 58.375000 3.624121020020e-01 -2.029608419970e-01 4.153741e-01
0.700000 58.400000 4.132993458497e-01 -1.799439195463e-01 4.507729e-01
0.700000 58.425000 4.646326462799e-01 -1.670694031087e-01 4.937567e-01
0.700000 58.450000 5.147121666593e-01 -1.641523152214e-01 5.402542e-01
0.700000 58.475000 5.618985344568e-01 -1.707186849226e-01 5.872604e-01
0.700000 58.500000 6.046637709848e-01 -1.860209671306e-01 6.326311e-01
0.700000 58.525000 6.416383436063e-01 -2.090625504120e-01 6.748384e-01
0.700000 58.550000 6.716527884317e-01 -2.386303704807e-01 7.127846e-01
0.700000 58.575000 6.937725930025e-01 -2.733344236324e-01 7.456756e-01
0.700000 58.600000 7.073252842573e-01 -3.116528046788e-01 7.729402e-01
0.700000 58.625000 7.119189282189e-01 -3.519807707527e-01 7.941782e-01
0.700000 58.650000 7.074515096836e-01 -3.926822484360e-01 8.091273e-01
0.700000 58.675000 6.941109215867e-01 -4.321421512748e-01 8.176410e-01
0.700000 58.700000 6.723655557343e-01 -4.688178547358e-01 8.196741e-01
0.700000 58.725000 6.429457510302e-01 -5.012881858221e-01 8.152724e-01
0.700000 58.750000 6.068166232449e-01 -5.282983276178e-01 8.045654e-01
0.700000 58.775000 5.651430708110e-01 -5.487991198639e-01 7.877609e-01
0.700000 58.800000 5.192480201992e-01 -5.619793613460e-01 7.651401e-01
0.700000 58.825000 4.705652349163e-01 -5.672898942872e-01 7.370546e-01
0.700000 58.850000 4.205882534657e-01 -5.644584794434e-01 7.039232e-01
0.700000 58.875000 3.708172303885e-01 -5.534947546971e-01 6.662296e-01
0.700000 58.900000 3.227056154831e-01 -5.346849072096e-01 6.245213e-01
0.700000 58.925000 2.776087036585e-01 -5.085760724543e-01 5.794102e-01
0.700000 58.950000 2.367361066550e-01 -4.759508905227e-01 5.315762e-01
0.700000 58.975000 2.011101256616e-01 -4.377930837418e-01 4.817760e-01
0.700000 59.000000 1.715318323579e-01 -3.952453483164e-01 4.308620e-01
0.700000 59.025000 1.485563924197e-01 -3.495612514774e-01 3.798185e-01
0.700000 59.050000 1.324787940762e-01 -3.020531678225e-01 3.298284e-01
0.700000 59.075000 1.233306864730e-01 -2.540385476046e-01 2.823934e-01
0.700000 59.100000 1.208885076385e-01 -2.067869614584e-01 2.395305e-01
0.700000 59.125000 1.246925163271e-01 -1.614703908973e-01 2.040120e-01
0.700000 59.150000 1.340757685667e-01 -1.191191192766e-01 1.793479e-01
0.700000 59.175000 1.482015352172e-01 -8.058532009824e-02 1.686941e-01
0.700000 59.200000 1.661071797608e-01 -4.651604523650e-02 1.724974e-01
0.700000 59.225000 1.867521429496e-01 -1.733680263142e-02 1.875551e-01
0.700000 59.250000 2.090674451245e-01 6.753690224023e-03 2.091765e-01
0.700000 59.275000 2.320040421478e-01 2.577764605600e-02 2.334317e-01
0.700000 59.300000 2.545774700505e-01 3.996197236215e-02 2.576949e-01
0.700000 59.325000 2.759064864861e-01 4.971301305015e-02 2.803494e-01
0.700000 59.350000 2.952438492946e-01 5.558415024394e-02 3.004306e-01
0.700000 59.375000 3.119979350921e-01 5.823854667609e-02 3.173869e-01
0.700000 59.400000 3.257445524226e-01 5.840953886339e-02 3.309399e-01
0.700000 59.425000 3.362289937927e-01 5.686123250099e-02 3.410031e-01
0.700000 59.450000 3.433590428090e-01 5.435169911719e-02 3.476342e-01
0.700000 59.475000 3.471902505990e-01 5.160083913946e-02 3.510039e-01
0.700000 59.500000 3.479052690830e-01 4.926449007331e-02 3.513760e-01
0.700000 59.525000 3.457893375095e-01 4.791576302607e-02 3.490934e-01
0.700000 59.550000 3.412041380206e-01 4.803394058405e-02 3.445686e-01
0.700000 59.575000 3.345621587984e-01 5.000062385905e-02 3.382778e-01
0.700000 59.600000 3.263034415726e-01 5.410223566975e-02 3.307582e-01
0.700000 59.625000 3.168761739392e-01 6.053752300911e-02 3.226070e-01
0.700000 59.650000 3.067220612100e-01 6.942839567452e-02 3.144817e-01
0.700000 59.675000 2.962668328875e-01 8.083231318662e-02 3.070959e-01
0.700000 59.700000 2.859156653215e-01 9.475449380484e-02 3.012079e-01
0.700000 59.725000 2.760527925506e-01 1.111584529804e-01 2.975926e-01
0.700000 59.750000 2.670441813235e-01 1.299737517026e-01 2.969946e-01
0.700000 59.775000 2.592418996651e-01 1.511003017682e-01 3.000628e-01
0.700000 59.800000 2.529887295120e-01 1.744090804933e-01 3.072813e-01
0.700000 59.825000 2.486216622355e-01 1.997395951862e-01 3.189179e-01
0.700000 59.850000 2.464731521722e-01 2.268948556742e-01 3.350079e-01
0.700000 59.875000 2.468693528938e-01 2.556349195030e-01 3.553782e-01
0.700000 59.900000 2.501249781738e-01 2.856702421219e-01 3.796972e-01
0.700000 59.925000 2.565348636994e-01 3.166560837751e-01 4.075306e-01
0.700000 59.950000 2.663627069907e-01 3.481891040090e-01 4.383888e-01
0.700000 59.975000 2.798277893637e-01 3.798070374937e-01 4.717594e-01
0.700000 60.000000 2.970907047183e-01 4.109920270253e-01 5.071265e-01
0.700000 60.025000 3.182392200789e-01 4.411778336103e-01 5.439799e-01
0.700000 60.050000 3.432753727634e-01 4.697607927977e-01 5.818189e-01
0.700000 60.075000 3.721047841310e-01 4.961140794410e-01 6.201541e-01
0.700000 60.100000 4.045289669609e-01 5.196046087983e-01 6.585079e-01
0.700000 60.125000 4.402411564721e-01 5.396117565359e-01 6.964145e-01
0.700000 60.150000 4.788259392670e-01 5.555470260890e-01 7.334213e-01
0.700000 60.175000 5.197627218290e-01 5.668738182161e-01 7.690899e-01
0.700000 60.200000 5.624328942710e-01 5.731265435388e-01 8.029974e-01
0.700000 60.225000 6.061304183298e-01 5.739284373591e-01 8.347382e-01
0.700000 60.250000 6.500755014352e-01 5.690075590698e-01 8.639258e-01
0.700000 60.275000 6.934310000410e-01 5.582105617654e-01 8.901941e-01
0.700000 60.300000 7.353212056830e-01 5.415138849562e-01 9.132002e-01
0.700000 60.325000 7.748526823655e-01 5.190320489283e-01 9.326258e-01
0.700000 60.350000 8.111368201254e-01 4.910227190710e-01 9.481805e-01
0.700000 60.375000 8.433137282995e-01 4.578881784970e-01 9.596039e-01
0.700000 60.400000 8.705770034648e-01 4.201728209294e-01 9.666693e-01
0.700000 60.425000 8.921987728945e-01 3.785562795631e-01 9.691870e-01
0.700000 60.450000 9.075542483666e-01 3.338418659278e-01 9.670083e-01
0.700000 60.475000 9.161448513414e-01 2.869401233864e-01 9.600292e-01
0.700000 60.500000 9.176188201174e-01 2.388475097244e-01 9.481943e-01
0.700000 60.525000 9.117881161946e-01 1.906205061082e-01 9.315008e-01
0.700000 60.550000 8.986404413907e-01 1.433457856934e-01 9.100015e-01
0.700000 60.575000 8.783452816995e-01 9.810743269614e-02 8.838074e-01
0.700000 60.600000 8.512531183992e-01 5.595254189075e-02 8.530900e-01
0.700000 60.625000 8.178872862062e-01 1.785680629633e-02 8.180822e-01
0.700000 60.650000 7.789283913029e-01 -1.530812295349e-02 7.790788e-01
0.700000 60.675000 7.351916936532e-01 -4.280367755543e-02 7.364367e-01
0.700000 60.700000 6.875983625907e-01 -6.404809523552e-02 6.905749e-01
0.700000 60.725000 6.371419816978e-01 -7.863336814151e-02 6.419759e-01
0.700000 60.750000 5.848520590497e-01 -8.633435786731e-02 5.911899e-01
0.700000 60.775000 5.317565502197e-01 -8.710952159825e-02 5.388442e-01
0.700000 60.800000 4.788454950008e-01 -8.109325618438e-02 4.856636e-01
0.700000 60.825000 4.270377924808e-01 -6.858043565099e-02 4.325096e-01
0.700000 60.850000 3.771528991415e-01 -5.000423861743e-02 3.804533e-01
0.700000 60.875000 3.298888550056e-01 -2.590878643880e-02 3.309047e-01
0.700000 60.900000 2.858075622556e-01 3.081597162975e-03 2.858242e-01
0.700000 60.925000 2.453277077176e-01 3.629456104196e-02 2.479979e-01
0.700000 60.950000 2.087251874862e-01 7.304142049183e-02 2.211363e-01
0.700000 60.975000 1.761404084735e-01 1.126466312086e-01 2.090806e-01
0.700000 61.000000 1.475914489759e-01 1.544736017232e-01 2.136477e-01
0.700000 61.025000 1.229917866357e-01 1.979457811015e-01 2.330440e-01
0.700000 61.050000 1.021711598948e-01 2.425623737658e-01 2.632023e-01
0.700000 61.075000 8.489811461781e-02 2.879084409646e-01 3.001649e-01
0.700000 61.100000 7.090288316918e-02 3.336595108072e-01 3.411098e-01
0.700000 61.125000 5.989942046033e-02 3.795811085374e-01 3.842782e-01
0.700000 61.150000 5.160564629693e-02 4.255238216472e-01 4.286417e-01
0.700000 61.175000 4.576118149186e-02 4.714146300232e-01 4.736305e-01
0.700000 61.200000 4.214208723459e-02 5.172452712244e-01 5.189592e-01
0.700000 61.225000 4.057230249307e-02 5.630583957156e-01 5.645183e-01
0.700000 61.250000 4.093161323851e-02 6.089322213387e-01 6.103064e-01
0.700000 61.275000 4.316008191040e-02 6.549643449040e-01 6.563849e-01
0.700000 61.300000 4.725892748929e-02 7.012553309612e-01 7.028460e-01
0.700000 61.325000 5.328789410283e-02 7.478926845474e-01 7.497887e-01
0.700000 61.350000 6.135919985112e-02 7.949358268294e-01 7.973004e-01
0.700000 61.375000 7.162823580328e-02 8.424027207373e-01 8.454425e-01
0.700000 61.400000 8.428129977805e-02 8.902588205082e-01 8.942394e-01
0.700000 61.425000 9.952080306984e-02 9.384090224175e-01 9.436715e-01
0.700000 61.450000 1.175485725180e-01 9.866932515445e-01 9.936706e-01
0.700000 61.475000 1.385480669295e-01 1.034886213199e+00 1.044119e+00
0.700000 61.500000 1.626665098660e-01 1.082701658058e+00 1.094853e+00
0.700000 61.525000 1.899980804176e-01 1.129801258663e+00 1.145666e+00
0.700000 61.550000 2.205693709785e-01 1.175807885492e+00 1.196317e+00
0.700000 61.575000 2.543282932321e-01 1.220322728340e+00 1.246543e+00
0.700000 61.600000 2.911374775402e-01 1.262945366644e+00 1.296068e+00
0.700000 61.625000 3.307729665842e-01 1.303295588400e+00 1.344615e+00
0.700000 61.650000 3.729286651400e-01 1.341035528028e+00 1.391924e+00
0.700000 61.675000 4.172266008179e-01 1.375890569686e+00 1.437760e+00
0.700000 61.700000 4.632326118943e-01 1.407667463998e+00 1.481929e+00
0.700000 61.725000 5.104766498408e-01 1.436268239429e+00 1.524288e+00
0.700000 61.750000 5.584765078098e-01 1.461698746162e+00 1.564755e+00
0.700000 61.775000 6.067634988544e-01 1.484071027998e+00 1.603318e+00
0.700000 61.800000 6.549084359032e-01 1.503599143174e+00 1.640035e+00
0.700000 61.825000 7.025462231599e-01 1.520588508170e+00 1.675040e+00
0.700000 61.850000 7.493974549751e-01 1.535419278021e+00 1.708540e+00
0.700000 61.875000 7.952856189476e-01 1.548524665043e+00 1.740807e+00
0.700000 61.900000 8.401487897173e-01 1.560365405980e+00 1.772171e+00
0.700000 61.925000 8.840450464590e-01 1.571401797950e+00 1.803008e+00
0.700000 61.950000 9.271512164615e-01 1.582064831321e+00 1.833723e+00
0.700000 61.975000 9.697549084948e-01 1.592727959978e+00 1.864727e+00
0.700000 62.000000 1.012240129223e+00 1.603680982635e+00 1.896424e+00
0.700000 62.025000 1.055067059876e+00 1.615107384383e+00 1.929181e+00
0.700000 62.050000 1.098746805391e+00 1.627066327667e+00 1.963311e+00
0.700000 62.075000 1.143812120163e+00 1.639480303988e+00 1.999050e+00
0.700000 62.100000 1.190785275215e+00 1.652129272517e+00 2.036541e+00
0.700000 62.125000 1.240144374659e+00 1.664651920112e+00 2.075819e+00
0.700000 62.150000 1.292289565107e+00 1.676554471093e+00 2.116801e+00
0.700000 62.175000 1.347510713140e+00 1.687227239484e+00 2.159287e+00
0.700000 62.200000 1.405958245538e+00 1.695968833972e+00 2.202959e+00
0.700000 62.225000 1.467618935443e+00 1.702017582025e+00 2.247392e+00
0.700000 62.250000 1.532298446061e+00 1.704589328274e+00 2.292065e+00
0.700000 62.275000 1.599612376200e+00 1.702920290611e+00 2.336386e+00
0.700000 62.300000 1.668987353365e+00 1.696313148964e+00 2.379705e+00
0.700000 62.325000 1.739673360923e+00 1.684184036822e+00 2.421351e+00
0.700000 62.350000 1.810767951043e+00 1.666107659282e+00 2.460649e+00
0.700000 62.375000 1.881252289533e+00 1.641857437978e+00 2.496959e+00
0.700000 62.400000 1.950038131731e+00 1.611437448455e+00 2.529699e+00
0.700000 62.425000 2.016023894830e+00 1.575103027336e+00 2.558379e+00
0.700000 62.450000 2.078157048791e+00 1.533367325409e+00 2.582625e+00
0.700000 62.475000 2.135499189204e+00 1.486991782891e+00 2.602211e+00
0.700000 62.500000 2.187289482186e+00 1.436959486310e+00 2.617076e+00
0.700000 62.525000 2.233001780061e+00 1.384431579614e+00 2.627346e+00
0.700000 62.550000 2.272390676764e+00 1.330688258311e+00 2.633342e+00
0.700000 62.575000 2.305522154293e+00 1.277057260354e+00 2.635585e+00
0.700000 62.600000 2.332785278612e+00 1.224834049494e+00 2.634788e+00
0.700000 62.625000 2.354882603926e+00 1.175198930153e+00 2.631837e+00
0.700000 62.650000 2.372798462044e+00 1.129137013080e+00 2.627760e+00
0.700000 62.675000 2.387746032326e+00 1.087367169415e+00 2.623680e+00
0.700000 62.700000 2.401095860345e+00 1.050285808326e+00 2.620756e+00
0.700000 62.725000 2.414290155741e+00 1.017930479377e+00 2.620111e+00
0.700000 62.750000 2.428748587459e+00 9.899669782861e-01 2.622757e+00
0.700000 62.775000 2.445772260455e+00 9.657019185233e-01 2.629521e+00
0.700000 62.800000 2.466452989352e+00 9.441207611349e-01 2.640976e+00
0.700000 62.825000 2.491594815972e+00 9.239492432521e-01 2.657391e+00
0.700000 62.850000 2.521653941085e+00 9.037341995250e-01 2.678708e+00
0.700000 62.875000 2.556701907406e+00 8.819381143150e-01 2.704541e+00
0.700000 62.900000 2.596415088761e+00 8.570405370901e-01 2.734207e+00
0.700000 62.925000 2.640091464185e+00 8.276388601706e-01 2.766780e+00
0.700000 62.950000 2.686693471927e+00 7.925409642459e-01 2.801150e+00
0.700000 62.975000 2.734913646649e+00 7.508428889790e-01 2.836110e+00
0.700000 63.000000 2.783257936066e+00 7.019859267753e-01 2.870420e+00
0.700000 63.025000 2.830140236391e+00 6.457892532497e-01 2.902884e+00
0.700000 63.050000 2.873980901161e+00 5.824562379711e-01 2.932409e+00
0.700000 63.075000 2.913301830680e+00 5.125547341034e-01 2.958047e+00
0.700000 63.100000 2.946811242765e+00 4.369737259487e-01 2.979034e+00
0.700000 63.125000 2.973472300593e+00 3.568605298858e-01 2.994810e+00
0.700000 63.150000 2.992551316377e+00 2.735441369036e-01 3.005027e+00
0.700000 63.175000 3.003643103678e+00 1.884511390163e-01 3.009549e+00
0.700000 63.200000 3.006673034522e+00 1.030209380403e-01 3.008437e+00
0.700000 63.225000 3.001877281723e+00 1.862659424091e-02 3.001935e+00
0.700000 63.250000 2.989764416473e+00 -6.349320713499e-02 2.990439e+00
0.700000 63.275000 2.971062841267e+00 -1.422869028302e-01 2.974468e+00
0.700000 63.300000 2.946659367262e+00 -2.169249374735e-01 2.954633e+00
0.700000 63.325000 2.917534543977e+00 -2.868159266932e-01 2.931599e+00
0.700000 63.350000 2.884700123300e+00 -3.516048992664e-01 2.906049e+00
0.700000 63.375000 2.849143345603e+00 -4.111558808766e-01 2.878657e+00
0.700000 63.400000 2.811781672476e+00 -4.655222162589e-01 2.850057e+00
0.700000 63.425000 2.773430286954e+00 -5.149087509599e-01 2.820824e+00
0.700000 63.450000 2.734783281588e+00 -5.596302718274e-01 2.791456e+00
0.700000 63.475000 2.696408099487e+00 -6.000704469792e-01 2.762372e+00
0.700000 63.500000 2.658751610141e+00 -6.366449642227e-01 2.733912e+00
0.700000 63.525000 2.622155289085e+00 -6.697717284232e-01 2.706343e+00
0.700000 63.550000 2.586876391723e+00 -6.998499519268e-01 2.679873e+00
0.700000 63.575000 2.553111790595e+00 -7.272488755288e-01 2.654670e+00
0.700000 63.600000 2.521021268049e+00 -7.523058041086e-01 2.630877e+00
0.700000 63.625000 2.490747475296e+00 -7.753322287029e-01 2.608632e+00
0.700000 63.650000 2.462430412003e+00 -7.966261088124e-01 2.588084e+00
0.700000 63.675000 2.436215061331e+00 -8.164879488673e-01 2.569396e+00
0.700000 63.700000 2.412251642992e+00 -8.352381337691e-01 2.552759e+00
0.700000 63.725000 2.390688737383e+00 -8.532330743107e-01 2.538385e+00
0.700000 63.750000 2.371660217391e+00 -8.708780146094e-01 2.526500e+00
0.700000 63.775000 2.355267451601e+00 -8.886348148715e-01 2.517331e+00
0.700000 63.800000 2.341558586617e+00 -9.070235803975e-01 2.511093e+00
0.700000 63.825000 2.330506872529e+00 -9.266175985720e-01 2.507964e+00
0.700000 63.850000 2.321989979072e+00 -9.480316137428e-01 2.508067e+00
0.700000 63.875000 2.315772089816e+00 -9.719039718218e-01 2.511453e+00
0.700000 63.900000 2.311490295183e+00 -9.988735736352e-01 2.518082e+00
0.700000 63.925000 2.308646471770e+00 -1.029552875434e+00 2.527811e+00
0.700000 63.950000 2.306605471769e+00 -1.064498367098e+00 2.540391e+00
0.700000 63.975000 2.304600081548e+00 -1.104180054162e+00 2.555464e+00
0.700000 64.000000 2.301742862641e+00 -1.148951485513e+00 2.572569e+00
0.700000 64.025000 2.297044672223e+00 -1.199021822673e+00 2.591152e+00
0.700000 64.050000 2.289439376058e+00 -1.254431354787e+00 2.610581e+00
0.700000 64.075000 2.277814012336e+00 -1.315031736823e+00 2.630161e+00
0.700000 64.100000 2.261043435117e+00 -1.380472072035e+00 2.649155e+00
0.700000 64.125000 2.238028258035e+00 -1.450191772730e+00 2.666801e+00
0.700000 64.150000 2.207734733432e+00 -1.523420911769e+00 2.682332e+00
0.700000 64.175000 2.169235045477e+00 -1.599188515671e+00 2.694993e+00
0.700000 64.200000 2.121746380228e+00 -1.676338946054e+00 2.704056e+00
0.700000 64.225000 2.064667077046e+00 -1.753556171881e+00 2.708839e+00
0.700000 64.250000 1.997608182164e+00 -1.829395360545e+00 2.708713e+00
0.700000 64.275000 1.920418832344e+00 -1.902320829460e+00 2.703115e+00
0.700000 64.300000 1.833204104457e+00 -1.970749027314e+00 2.691559e+00
0.700000 64.325000 1.736334277047e+00 -2.033094886663e+00 2.673636e+00
0.700000 64.350000 1.630444852402e+00 -2.087819640003e+00 2.649026e+00
0.700000 64.375000 1.516427160538e+00 -2.133478050299e+00 2.617495e+00
0.700000 64.400000 1.395409877063e+00 -2.168762997410e+00 2.578895e+00
0.700000 64.425000 1.268732293873e+00 -2.192545495966e+00 2.533167e+00
0.700000 64.450000 1.137910639763e+00 -2.203908495901e+00 2.480333e+00
0.700000 64.475000 1.004599113425e+00 -2.202173216276e+00 2.420493e+00
0.700000 64.500000 8.705475263120e-01 -2.186917253868e+00 2.353818e+00
0.700000 64.525000 7.375575321513e-01 -2.157984245547e+00 2.280545e+00
0.700000 64.550000 6.074393339193e-01 -2.115485395610e+00 2.200968e+00
0.700000 64.575000 4.819705163369e-01 -2.059793651973e+00 2.115430e+00
0.700000 64.600000 3.628582794153e-01 -1.991531679448e+00 2.024318e+00
0.700000 64.625000 2.517058890741e-01 -1.911554995918e+00 1.928056e+00
0.700000 64.650000 1.499836688204e-01 -1.820931686552e+00 1.827098e+00
0.700000 64.675000 5.900439176230e-02 -1.720919990165e+00 1.721931e+00
0.700000 64.700000 -2.009744713599e-02 -1.612944779604e+00 1.613070e+00
0.700000 64.725000 -8.638324376823e-02 -1.498573573429e+00 1.501061e+00
0.700000 64.750000 -1.391256254937e-01 -1.379492273487e+00 1.386490e+00
0.700000 64.775000 -1.778222603767e-01 -1.257480386209e+00 1.269991e+00
0.700000 64.800000 -2.022086044810e-01 -1.134385120538e+00 1.152266e+00
0.700000 64.825000 -2.122696500168e-01 -1.012093521590e+00 1.034114e+00
0.700000 64.850000 -2.082502489882e-01 -8.925017418774e-01 9.164756e-01
0.700000 64.875000 -1.906630852979e-01 -7.774806954446e-01 8.005177e-01
0.700000 64.900000 -1.602929274698e-01 -6.688376841475e-01 6.877773e-01
0.700000 64.925000 -1.181954860805e-01 -5.682741026234e-01 5.804357e-01
0.700000 64.950000 -6.568908489338e-02 -4.773399678155e-01 4.818387e-01
0.700000 64.975000 -4.337472958600e-03 -3.973867092212e-01 3.974104e-01
0.700000 65.000000 6.407752882418e-02 -3.295203141814e-01 3.356927e-01
0.700000 65.025000 1.375942536140e-01 -2.745574626452e-01 3.071058e-01
0.700000 65.050000 2.141202046859e-01 -2.329876293937e-01 3.164343e-01
0.700000 65.075000 2.914908696198e-01 -2.049442171834e-01 3.563272e-01
0.700000 65.100000 3.675363985505e-01 -1.901875752726e-01 4.138289e-01
0.700000 65.125000 4.401533357893e-01 -1.881022485048e-01 4.786621e-01
0.700000 65.150000 5.073778797572e-01 -1.977100194411e-01 5.445379e-01
0.700000 65.175000 5.674566789976e-01 -2.176993080256e-01 6.077829e-01
0.700000 65.200000 6.189110151904e-01 -2.464703639784e-01 6.661820e-01
0.700000 65.225000 6.605904111269e-01 -2.821945283112e-01 7.183408e-01
0.700000 65.250000 6.917122319320e-01 -3.228847609999e-01 7.633612e-01
0.700000 65.275000 7.118846856970e-01 -3.664737365428e-01 8.006765e-01
0.700000 65.300000 7.211117073415e-01 -4.108951867974e-01 8.299620e-01
0.700000 65.325000 7.197794336662e-01 -4.541638846283e-01 8.510859e-01
0.700000 65.350000 7.086252389515e-01 -4.944497434951e-01 8.640777e-01
0.700000 65.375000 6.886914852626e-01 -5.301419520842e-01 8.691067e-01
0.700000 65.400000 6.612671433350e-01 -5.598998287031e-01 8.664653e-01
0.700000 65.425000 6.278211704758e-01 -5.826880952892e-01 8.565540e-01
0.700000 65.450000 5.899319308773e-01 -5.977954397913e-01 8.398685e-01
0.700000 65.475000 5.492169841335e-01 -6.048364493014e-01 8.169862e-01
0.700000 65.500000 5.072672585074e-01 -6.037381437530e-01 7.885555e-01
0.700000 65.525000 4.655890095957e-01 -5.947133204249e-01 7.552861e-01
0.700000 65.550000 4.255561141817e-01 -5.782236521712e-01 7.179419e-01
0.700000 65.575000 3.883742551282e-01 -5.549359147339e-01 6.773392e-01
0.700000 65.600000 3.550575177723e-01 -5.256748307365e-01 6.343500e-01
0.700000 65.625000 3.264169415182e-01 -4.913758235522e-01 5.899137e-01
0.700000 65.650000 3.030597400818e-01 -4.530405170180e-01 5.450605e-01
0.700000 65.675000 2.853972868772e-01 -4.116971649771e-01 5.009453e-01
0.700000 65.700000 2.736595979246e-01 -3.683674310446e-01 4.588945e-01
0.700000 65.725000 2.679139429578e-01 -3.240401522831e-01 4.204520e-01
0.700000 65.750000 2.680853566349e-01 -2.796519939030e-01 3.873951e-01
0.700000 65.775000 2.739771615388e-01 -2.360743047905e-01 3.616553e-01
0.700000 65.800000 2.852900906809e-01 -1.941050636092e-01 3.450612e-01
0.700000 65.825000 3.016391379466e-01 -1.544645852287e-01 3.388886e-01
0.700000 65.850000 3.225677987742e-01 -1.177936343631e-01 3.434026e-01
0.700000 65.875000 3.475598274610e-01 -8.465274119531e-02 3.577204e-01
0.700000 65.900000 3.760489847366e-01 -5.552178804645e-02 3.801256e-01
0.700000 65.925000 4.074274527765e-01 -3.079928152982e-02 4.085899e-01
0.700000 65.950000 4.410536498362e-01 -1.080108307366e-02 4.411859e-01
0.700000 65.975000 4.762600989494e-01 4.241310675252e-03 4.762790e-01
0.700000 66.000000 5.123618271274e-01 1.418260825151e-02 5.125581e-01
0.700000 66.025000 5.486655363370e-01 1.896522276051e-02 5.489932e-01
0.700000 66.050000 5.844795419595e-01 1.861994714929e-02 5.847761e-01
0.700000 66.075000 6.191242616339e-01 1.326540015186e-02 6.192664e-01
0.700000 66.100000 6.519428908260e-01 3.105988078249e-03 6.519503e-01
0.700000 66.125000 6.823118404212e-01 -1.157168578749e-02 6.824100e-01
0.700000 66.150000 7.096505390994e-01 -3.040384908438e-02 7.103015e-01
0.700000 66.175000 7.334303063325e-01 -5.295576659534e-02 7.353396e-01
0.700000 66.200000 7.531821545898e-01 -7.872878854385e-02 7.572857e-01
0.700000 66.225000 7.685035474979e-01 -1.071679079140e-01 7.759399e-01
0.700000 66.250000 7.790642875796e-01 -1.376695760134e-01 7.911347e-01
0.700000 66.275000 7.846117999075e-01 -1.695896704973e-01 8.027305e-01
0.700000 66.300000 7.849760929742e-01 -2.022516892294e-01 8.106129e-01
0.700000 66.325000 7.800746051580e-01 -2.349554204518e-01 8.146904e-01
0.700000 66.350000 7.699169896668e-01 -2.669864767136e-01 8.148951e-01
0.700000 66.375000 7.546096732398e-01 -2.976271431548e-01 8.111829e-01
0.700000 66.400000 7.343597771524e-01 -3.261689562776e-01 8.035362e-01
0.700000 66.425000 7.094777541148e-01 -3.519272877058e-01 7.919669e-01
0.700000 66.450000 6.803779144083e-01 -3.742579655074e-01 7.765199e-01
0.700000 66.475000 6.475759277035e-01 -3.925756466870e-01 7.572782e-01
0.700000 66.500000 6.116824217705e-01 -4.063732955500e-01 7.343668e-01
0.700000 66.525000 5.733919691149e-01 -4.152417703066e-01 7.079577e-01
0.700000 66.550000 5.334670531561e-01 -4.188882243849e-01 6.782731e-01
0.700000 66.575000 4.927170144797e-01 -4.171518360681e-01 6.455894e-01
0.700000 66.600000 4.519724565040e-01 -4.100153272143e-01 6.102390e-01
0.700000 66.625000 4.120560882879e-01 -3.976108409132e-01 5.726121e-01
0.700000 66.650000 3.737514439804e-01 -3.802190224802e-01 5.331572e-01
0.700000 66.675000 3.377712882080e-01 -3.582605720003e-01 4.923820e-01
0.700000 66.700000 3.047277468763e-01 -3.322800751520e-01 4.508537e-01
0.700000 66.725000 2.751062594735e-01 -3.029225229027e-01 4.092011e-01
0.700000 66.750000 2.492453160872e-01 -2.709035412052e-01 3.681195e-01
0.700000 66.775000 2.273236243379e-01 -2.369749077008e-01 3.283796e-01
0.700000 66.800000 2.093558726757e-01 -2.018873766734e-01 2.908408e-01
0.700000 66.825000 1.951976587641e-01 -1.663531199125e-01 2.564673e-01
0.700000 66.850000 1.845594895557e-01 -1.310101895658e-01 2.263313e-01
0.700000 66.875000 1.770290943869e-01 -9.639130851130e-02 2.015703e-01
0.700000 66.900000 1.721006851225e-01 -6.289900347436e-02 1.832346e-01
0.700000 66.925000 1.692093025492e-01 -3.078864405712e-02 1.719876e-01
0.700000 66.950000 1.677680479811e-01 -1.603803441596e-04 1.677681e-01
0.700000 66.975000 1.672058391497e-01 2.903966369028e-02 1.697089e-01
0.700000 67.000000 1.670033572434e-01 5.700922647345e-02 1.764658e-01
0.700000 67.025000 1.667250564439e-01 8.407165475831e-02 1.867225e-01
0.700000 67.050000 1.660454614179e-01 1.106509374400e-01 1.995363e-01
0.700000 67.075000 1.647684425612e-01 1.372417721053e-01 2.144387e-01
0.700000 67.100000 1.628386867056e-01 1.643766233462e-01 2.313787e-01
0.700000 67.125000 1.603451238780e-01 1.925917888881e-01 2.506036e-01
0.700000 67.150000 1.575165832050e-01 2.223943995568e-01 2.725266e-01
0.700000 67.175000 1.547103954263e-01 2.542320645240e-01 2.976059e-01
0.700000 67.200000 1.523950085287e-01 2.884665652682e-01 3.262471e-01
0.700000 67.225000 1.511279216506e-01 3.253526358054e-01 3.587394e-01
0.700000 67.250000 1.515303675231e-01 3.650224786455e-01 3.952251e-01
0.700000 67.275000 1.542601926841e-01 4.074762877149e-01 4.356984e-01
0.700000 67.300000 1.599843129295e-01 4.525787069279e-01 4.800234e-01
0.700000 67.325000 1.693519792267e-01 5.000608641225e-01 5.279592e-01
0.700000 67.350000 1.829698986994e-01 5.495273944792e-01 5.791877e-01
0.700000 67.375000 2.013800373385e-01 6.004677077803e-01 6.333367e-01
0.700000 67.400000 2.250407038417e-01 6.522706567073e-01 6.900002e-01
0.700000 67.425000 2.543112912899e-01 7.042417219700e-01 7.487527e-01
0.700000 67.450000 2.894408447939e-01 7.556218360040e-01 8.091603e-01
0.700000 67.475000 3.305604346849e-01 8.056070120639e-01 8.707886e-01
0.700000 67.500000 3.776791497121e-01 8.533680228298e-01 9.332087e-01
0.700000 67.525000 4.306833854456e-01 8.980694768423e-01 9.960005e-01
0.700000 67.550000 4.893389922463e-01 9.388877680754e-01 1.058755e+00
0.700000 67.575000 5.532957683440e-01 9.750275199571e-01 1.121078e+00
0.700000 67.600000 6.220937414549e-01 1.005736305293e+00 1.182585e+00
0.700000 67.625000 6.951706821957e-01 1.030317590890e+00 1.242907e+00
0.700000 67.650000 7.718703387738e-01 1.048142020212e+00 1.301686e+00
0.700000 67.675000 8.514509771700e-01 1.058657296070e+00 1.358574e+00
0.700000 67.700000 9.330939522088e-01 1.061397042712e+00 1.413233e+00
0.700000 67.725000 1.015912214952e+00 1.055989096460e+00 1.465330e+00
0.700000 67.750000 1.098958866766e+00 1.042163681257e+00 1.514535e+00
0.700000 67.775000 1.181236080097e+00 1.019761859466e+00 1.560523e+00
0.700000 67.800000 1.261704895355e+00 9.887445045031e-01 1.602971e+00
0.700000 67.825000 1.339296544763e+00 9.492018251272e-01 1.641554e+00
0.700000 67.850000 1.412926020637e+00 9.013631958238e-01 1.675952e+00
0.700000 67.875000 1.481508574585e+00 8.456067382380e-01 1.705848e+00
0.700000 67.900000 1.543979691261e+00 7.824677881373e-01 1.730933e+00
0.700000 67.925000 1.599318822251e+00 7.126451096936e-01 1.750909e+00
0.700000 67.950000 1.646576802864e+00 6.370035245868e-01 1.765500e+00
0.700000 67.975000 1.684906431601e+00 5.565715449766e-01 1.774452e+00
0.700000 68.000000 1.713595206678e+00 4.725326661993e-01 1.777553e+00
0.700000 68.025000 1.732098734154e+00 3.862092037848e-01 1.774633e+00
0.700000 68.050000 1.740072902121e+00 2.990379504582e-01 1.765581e+00
0.700000 68.075000 1.737402609059e+00 2.125374644018e-01 1.750354e+00
0.700000 68.100000 1.724224690232e+00 1.282674442372e-01 1.728989e+00
0.700000 68.125000 1.700942739878e+00 4.778134708416e-02 1.701614e+00
0.700000 68.150000 1.668231797720e+00 -2.742589985619e-02 1.668457e+00
0.700000 68.175000 1.627031353699e+00 -9.597262555789e-02 1.629859e+00
0.700000 68.200000 1.578525800064e+00 -1.566446359849e-01 1.586279e+00
0.700000 68.225000 1.524112278616e+00 -2.084457137299e-01 1.538300e+00
0.700000 68.250000 1.465356768441e+00 -2.506411532613e-01 1.486638e+00
0.700000 68.275000 1.403940158870e+00 -2.827913272833e-01 1.432138e+00
0.700000 68.300000 1.341596871376e+00 -3.047727808590e-01 1.375779e+00
0.700000 68.325000 1.280049253680e+00 -3.167850836273e-01 1.318666e+00
0.700000 68.350000 1.220941401936e+00 -3.193425826271e-01 1.262013e+00
0.700000 68.375000 1.165776224062e+00 -3.132512150561e-01 1.207129e+00
0.700000 68.400000 1.115859415252e+00 -2.995715750607e-01 1.155372e+00
0.700000 68.425000 1.072253579741e+00 -2.795703901013e-01 1.108101e+00
0.700000 68.450000 1.035745033640e+00 -2.546633640274e-01 1.066593e+00
0.700000 68.475000 1.006824920398e+00 -2.263529127134e-01 1.031955e+00
0.700000 68.500000 9.856852420127e-01 -1.961646021611e-01 1.005015e+00
0.700000 68.525000 9.722293467219e-01 -1.655860733739e-01 9.862295e-01
0.700000 68.550000 9.660954126516e-01 -1.360119076029e-01 9.756227e-01
0.700000 68.575000 9.666906154660e-01 -1.086972836412e-01 9.727825e-01
0.700000 68.600000 9.732330404433e-01 -8.472246545251e-02 9.769137e-01
0.700000 68.625000 9.847980467753e-01 -6.496921316257e-02 9.869388e-01
0.700000 68.650000 1.000365737995e+00 -5.010922442582e-02 1.001620e+00
0.700000 68.675000 1.018866431145e+00 -4.060377972192e-02 1.019675e+00
0.700000 68.700000 1.039221513769e+00 -3.671297006286e-02 1.039870e+00
0.700000 68.725000 1.060377772396e+00 -3.851229857106e-02 1.061077e+00
0.700000 68.750000 1.081334091238e+00 -4.591411499509e-02 1.082308e+00
0.700000 68.775000 1.101160268076e+00 -5.869128358498e-02 1.102723e+00
0.700000 68.800000 1.119008488069e+00 -7.650069017311e-02 1.121620e+00
0.700000 68.825000 1.134118657205e+00 -9.890462709496e-02 1.138423e+00
0.700000 68.850000 1.145819263561e+00 -1.253886956209e-01 1.152660e+00
0.700000 68.875000 1.153525668296e+00 -1.553755603370e-01 1.163943e+00
0.700000 68.900000 1.156737717522e+00 -1.882345969169e-01 1.171953e+00
0.700000 68.925000 1.155038325868e+00 -2.232881145605e-01 1.176423e+00
0.700000 68.950000 1.148094252452e+00 -2.598153382298e-01 1.177125e+00
0.700000 68.975000 1.135659728724e+00 -2.970556526599e-01 1.173868e+00
0.700000 69.000000 1.117582976382e+00 -3.342127116571e-01 1.166486e+00
0.700000 69.025000 1.093815047119e+00 -3.704608991668e-01 1.154847e+00
0.700000 69.050000 1.064419894850e+00 -4.049553142625e-01 1.138850e+00
0.700000 69.075000 1.029584213570e+00 -4.368459831036e-01 1.118427e+00
0.700000 69.100000 9.896253804504e-01 -4.652964353192e-01 1.093553e+00
0.700000 69.125000 9.449958523455e-01 -4.895061872232e-01 1.064253e+00
0.700000 69.150000 8.962825700738e-01 -5.087361176879e-01 1.030599e+00
0.700000 69.175000 8.442003020569e-01 -5.223352657311e-01 9.927277e-01
0.700000 69.200000 7.895783631854e-01 -5.297672701159e-01 9.508351e-01
0.700000 69.225000 7.333407197025e-01 -5.306345407808e-01 9.051860e-01
0.700000 69.250000 6.764800748210e-01 -5.246983096474e-01 8.561154e-01
0.700000 69.275000 6.200270626827e-01 -5.118929435838e-01 8.040323e-01
0.700000 69.300000 5.650161083126e-01 -4.923332861353e-01 7.494233e-01
0.700000 69.325000 5.124498000434e-01 -4.663142839774e-01 6.928592e-01
0.700000 69.350000 4.632637469844e-01 -4.343026972905e-01 6.350056e-01
0.700000 69.375000 4.182938541620e-01 -3.969212364385e-01 5.766422e-01
0.700000 69.400000 3.782477559502e-01 -3.549259602852e-01 5.186943e-01
0.700000 69.425000 3.436818328203e-01 -3.091781730440e-01 4.622860e-01
0.700000 69.450000 3.149848359315e-01 -2.606123385290e-01 4.088205e-01
0.700000 69.475000 2.923687022862e-01 -2.102016797946e-01 3.600892e-01
0.700000 69.500000 2.758667033016e-01 -1.589231502936e-01 3.183693e-01
0.700000 69.525000 2.653386695223e-01 -1.077233651212e-01 2.863720e-01
0.700000 69.550000 2.604827024268e-01 -5.748689309926e-02 2.667508e-01
0.700000 69.575000 2.608525378173e-01 -9.008063852306e-03 2.610080e-01
0.700000 69.600000 2.658795687457e-01 3.703282855943e-02 2.684462e-01
0.700000 69.625000 2.748984625738e-01 8.008831265488e-02 2.863273e-01
0.700000 69.650000 2.871753008685e-01 1.197571461693e-01 3.111453e-01
0.700000 69.675000 3.019372111414e-01 1.557921718733e-01 3.397606e-01
0.700000 69.700000 3.184025231037e-01 1.881026072383e-01 3.698145e-01
0.700000 69.725000 3.358105485170e-01 2.167508672210e-01 3.996870e-01
0.700000 69.750000 3.534501377805e-01 2.419441058572e-01 4.283269e-01
0.700000 69.775000 3.706862007141e-01 2.640207372074e-01 4.550991e-01
0.700000 69.800000 3.869833947559e-01 2.834322769388e-01 4.796770e-01
0.700000 69.825000 4.019261902553e-01 3.007209471650e-01 5.019739e-01
0.700000 69.850000 4.152345351752e-01 3.164936180559e-01 5.220995e-01
0.700000 69.875000 4.267743792148e-01 3.313928212272e-01 5.403310e-01
0.700000 69.900000 4.365623989593e-01 3.460657543677e-01 5.570891e-01
0.700000 69.925000 4.447644064547e-01 3.611323880112e-01 5.729153e-01
0.700000 69.950000 4.516871322028e-01 3.771539614199e-01 5.884440e-01
0.700000 69.975000 4.577633496445e-01 3.946032892029e-01 6.043666e-01
0.700000 70.000000 4.635306414055e-01 4.138383674635e-01 6.213878e-01
0.700000 70.025000 4.696044778249e-01 4.350807455300e-01 6.401747e-01
0.700000 70.050000 4.766466573479e-01 4.584000014370e-01 6.613037e-01
0.700000 70.075000 4.853305127054e-01 4.837054208734e-01 6.852128e-01
0.700000 70.100000 4.963045811670e-01 5.107456364083e-01 7.121652e-01
0.700000 70.125000 5.101566386276e-01 5.391165542787e-01 7.422307e-01
0.700000 70.150000 5.273800792248e-01 5.682774083179e-01 7.752864e-01
0.700000 70.175000 5.483445675861e-01 5.975742713407e-01 8.110344e-01
0.700000 70.200000 5.732726947229e-01 6.262698647861e-01 8.490321e-01
0.700000 70.225000 6.022240392309e-01 6.535780795537e-01 8.887284e-01
0.700000 70.250000 6.350875939367e-01 6.787012929361e-01 9.295008e-01
0.700000 70.275000 6.715829967180e-01 7.008683688217e-01 9.706906e-01
0.700000 70.300000 7.112704435092e-01 7.193711804481e-01 1.011633e+00
0.700000 70.325000 7.535686065131e-01 7.335976033179e-01 1.051680e+00
0.700000 70.350000 7.977793765915e-01 7.430591829343e-01 1.090224e+00
0.700000 70.375000 8.431178367015e-01 7.474120668988e-01 1.126709e+00
0.700000 70.400000 8.887455860021e-01 7.464702713781e-01 1.160641e+00
0.700000 70.425000 9.338053935273e-01 7.402108873750e-01 1.191598e+00
0.700000 70.450000 9.774551745825e-01 7.287713775484e-01 1.219232e+00
0.700000 70.475000 1.018899446820e+00 7.124396242474e-01 1.243272e+00
0.700000 70.500000 1.057416717667e+00 6.916378226962e-01 1.263524e+00
0.700000 70.525000 1.092381650472e+00 6.669016364887e-01 1.279865e+00
0.700000 70.550000 1.123281315302e+00 6.388562231092e-01 1.292245e+00
0.700000 70.575000 1.149725308954e+00 6.081907851849e-01 1.300678e+00
0.700000 70.600000 1.171449984431e+00 5.756332120580e-01 1.305239e+00
0.700000 70.625000 1.188317423218e+00 5.419261622039e-01 1.306056e+00
0.700000 70.650000 1.200310082032e+00 5.078056271191e-01 1.303308e+00
0.700000 70.675000 1.207522227165e+00 4.739826467374e-01 1.297216e+00
0.700000 70.700000 1.210149323984e+00 4.411284549414e-01 1.288043e+00
0.700000 70.725000 1.208476479349e+00 4.098629617318e-01 1.276089e+00
0.700000 70.750000 1.202866855485e+00 3.807461632331e-01 1.261688e+00
0.700000 70.775000 1.193750710751e+00 3.542718422934e-01 1.245211e+00
0.700000 70.800000 1.181615409247e+00 3.308628016120e-01 1.227064e+00
0.700000 70.825000 1.166996415217e+00 3.108668671169e-01 1.207692e+00
0.700000 70.850000 1.150468988645e+00 2.945530082561e-01 1.187578e+00
0.700000 70.875000 1.132640060794e+00 2.821071284267e-01 1.167244e+00
0.700000 70.900000 1.114139621716e+00 2.736273568287e-01 1.147248e+00
0.700000 70.925000 1.095610915096e+00 2.691189884954e-01 1.128179e+00
0.700000 70.950000 1.077698816530e+00 2.684895333859e-01 1.110640e+00
0.700000 70.975000 1.061035964126e+00 2.715446087653e-01 1.095232e+00
0.700000 71.000000 1.046226497189e+00 2.779856054629e-01 1.082528e+00
0.700000 71.025000 1.033827610784e+00 2.874101489538e-01 1.073035e+00
0.700000 71.050000 1.024329513838e+00 2.993163418283e-01 1.067165e+00
0.700000 71.075000 1.018134744003e+00 3.131116090332e-01 1.065194e+00
0.700000 71.100000 1.015538100890e+00 3.281266789802e-01 1.067232e+00
0.700000 71.125000 1.016708671361e+00 3.436348434526e-01 1.073211e+00
0.700000 71.150000 1.021675505094e+00 3.588761804282e-01 1.082873e+00
0.700000 71.175000 1.030318435697e+00 3.730859388015e-01 1.095787e+00
0.700000 71.200000 1.042365326545e+00 3.855258201230e-01 1.111376e+00
0.700000 71.225000 1.057396660482e+00 3.955164981035e-01 1.128947e+00
0.700000 71.250000 1.074857913246e+00 4.024694358176e-01 1.147737e+00
0.700000 71.275000 1.094079589469e+00 4.059159284876e-01 1.166952e+00
0.700000 71.300000 1.114304205415e+00 4.055313388710e-01 1.185803e+00
0.700000 71.325000 1.134718927705e+00 4.011527094653e-01 1.203541e+00
0.700000 71.350000 1.154492076581e+00 3.927883208539e-01 1.219481e+00
0.700000 71.375000 1.172811325272e+00 3.806182917848e-01 1.233027e+00
0.700000 71.400000 1.188921213648e+00 3.649859425924e-01 1.243683e+00
0.700000 71.425000 1.202157570276e+00 3.463803168410e-01 1.251064e+00
0.700000 71.450000 1.211976610854e+00 3.254109178263e-01 1.254902e+00
0.700000 71.475000 1.217976842934e+00 3.027763073647e-01 1.255046e+00
0.700000 71.500000 1.219912429098e+00 2.792286798486e-01 1.251461e+00
0.700000 71.525000 1.217697299622e+00 2.555368211664e-01 1.244221e+00
0.700000 71.550000 1.211400005924e+00 2.324499612727e-01 1.233500e+00
0.700000 71.575000 1.201230005896e+00 2.106649205631e-01 1.219563e+00
0.700000 71.600000 1.187516709166e+00 1.907986430029e-01 1.202747e+00
0.700000 71.625000 1.170683127672e+00 1.733677310278e-01 1.183451e+00
0.700000 71.650000 1.151216329187e+00 1.587759927582e-01 1.162114e+00
0.700000 71.675000 1.129637048851e+00 1.473103369912e-01 1.139202e+00
0.700000 71.700000 1.106470765444e+00 1.391446680412e-01 1.115186e+00
0.700000 71.725000 1.082222303824e+00 1.343508031944e-01 1.090530e+00
0.700000 71.750000 1.057355610345e+00 1.329149165681e-01 1.065677e+00
0.700000 71.775000 1.032279807488e+00 1.347576490847e-01 1.041039e+00
0.700000 71.800000 1.007342022114e+00 1.397558435553e-01 1.016990e+00
0.700000 71.825000 9.828268588616e-01 1.477638763686e-01 9.938726e-01
0.700000 71.850000 9.589618157172e-01 1.586327534803e-01 9.719939e-01
0.700000 71.875000 9.359274654702e-01 1.722254908792e-01 9.516417e-01
0.700000 71.900000 9.138708951599e-01 1.884277664040e-01 9.330943e-01
0.700000 71.925000 8.929207305645e-01 2.071533587445e-01 9.166351e-01
0.700000 71.950000 8.732020807896e-01 2.283444245798e-01 9.025647e-01
0.700000 71.975000 8.548499076428e-01 2.519671519239e-01 8.912103e-01
0.700000 72.000000 8.380196277782e-01 2.780037202664e-01 8.829286e-01
0.700000 72.025000 8.228941519856e-01 3.064417618267e-01 8.781010e-01
0.700000 72.050000 8.096870069369e-01 3.372626345682e-01 8.771198e-01
0.700000 72.075000 7.986416194783e-01 3.704297849946e-01 8.803673e-01
0.700000 72.100000 7.900272248777e-01 4.058783121748e-01 8.881893e-01
0.700000 72.125000 7.841321496809e-01 4.435065731374e-01 9.008670e-01
0.700000 72.150000 7.812553910336e-01 4.831703333067e-01 9.185932e-01
0.700000 72.175000 7.816974566824e-01 5.246796089710e-01 9.414561e-01
0.700000 72.200000 7.857513484272e-01 5.677980168210e-01 9.694327e-01
0.700000 72.225000 7.936943862392e-01 6.122441780096e-01 1.002394e+00
0.700000 72.250000 8.057813120844e-01 6.576945507870e-01 1.040118e+00
0.700000 72.275000 8.222388209165e-01 7.037870033054e-01 1.082309e+00
0.700000 72.300000 8.432613831357e-01 7.501244887051e-01 1.128617e+00
0.700000 72.325000 8.690079875024e-01 7.962783355310e-01 1.178658e+00
0.700000 72.350000 8.995992781225e-01 8.417908925945e-01 1.232027e+00
0.700000 72.375000 9.351145047632e-01 8.861775339428e-01 1.288313e+00
0.700000 72.400000 9.755877598056e-01 9.289282969884e-01 1.347100e+00
0.700000 72.425000 1.021003130726e+00 9.695096554739e-01 1.407976e+00
0.700000 72.450000 1.071288633700e+00 1.007367084133e+00 1.470526e+00
0.700000 72.475000 1.126309080399e+00 1.041929128231e+00 1.534336e+00
0.700000 72.500000 1.185858327915e+00 1.072613635624e+00 1.598987e+00
0.700000 72.525000 1.249651630065e+00 1.098836642784e+00 1.664053e+00
0.700000 72.550000 1.317319008793e+00 1.120024144684e+00 1.729099e+00
0.700000 72.575000 1.388400665943e+00 1.135626649555e+00 1.793685e+00
0.700000 72.600000 1.462345438333e+00 1.145136060430e+00 1.857361e+00
0.700000 72.625000 1.538513156645e+00 1.148104078757e+00 1.919679e+00
0.700000 72.650000 1.616181509791e+00 1.144161033593e+00 1.980189e+00
0.700000 72.675000 1.694557663709e+00 1.133033841063e+00 2.038453e+00
0.700000 72.700000 1.772794471747e+00 1.114561721299e+00 2.094051e+00
0.700000 72.725000 1.850010685315e+00 1.088708359761e+00 2.146585e+00
0.700000 72.750000 1.925314174737e+00 1.055569397457e+00 2.195692e+00
0.700000 72.775000 1.997826845501e+00 1.015374455603e+00 2.241048e+00
0.700000 72.800000 2.066709722275e+00 9.684833158967e-01 2.282378e+00
0.700000 72.825000 2.131186598900e+00 9.153763479978e-01 2.319455e+00
0.700000 72.850000 2.190564729459e+00 8.566397539101e-01 2.352107e+00
0.700000 72.875000 2.244251260264e+00 7.929466356853e-01 2.380216e+00
0.700000 72.900000 2.291764455761e+00 7.250352423447e-01 2.403718e+00
0.700000 72.925000 2.332739219756e+00 6.536859765385e-01 2.422597e+00
0.700000 72.950000 2.366926913046e+00 5.796988160853e-01 2.436882e+00
0.700000 72.975000 2.394189969222e+00 5.038727203302e-01 2.446637e+00
0.700000 73.000000 2.414492261379e+00 4.269883530194e-01 2.451957e+00
0.700000 73.025000 2.427886527032e+00 3.497950849631e-01 2.452955e+00
0.700000 73.050000 2.434500379917e+00 2.730027778052e-01 2.449760e+00
0.700000 73.075000 2.434522502195e+00 1.972783414945e-01 2.442503e+00
0.700000 73.100000 2.428190511434e+00 1.232465544525e-01 2.431316e+00
0.700000 73.125000 2.415781743346e+00 5.149418872026e-02 2.416330e+00
0.700000 73.150000 2.397607809130e+00 -1.742386147092e-02 2.397671e+00
0.700000 73.175000 2.374013314421e+00 -8.297795458938e-02 2.375463e+00
0.700000 73.200000 2.345378613423e+00 -1.446581325429e-01 2.349835e+00
0.700000 73.225000 2.312125969316e+00 -2.019710402899e-01 2.320931e+00
0.700000 73.250000 2.274728051699e+00 -2.544404950170e-01 2.288914e+00
0.700000 73.275000 2.233717368360e+00 -3.016124675980e-01 2.253988e+00
0.700000 73.300000 2.189695035714e+00 -3.430647553676e-01 2.216407e+00
0.700000 73.325000 2.143337259088e+00 -3.784211040401e-01 2.176487e+00
0.700000 73.350000 2.095398023699e+00 -4.073690293664e-01 2.134629e+00
0.700000 73.375000 2.046706776485e+00 -4.296801452073e-01 2.091323e+00
0.700000 73.400000 1.998160280351e+00 -4.452314665041e-01 2.047163e+00
0.700000 73.425000 1.950708306587e+00 -4.540259542472e-01 2.002849e+00
0.700000 73.450000 1.905333352181e+00 -4.562105221889e-01 1.959189e+00
0.700000 73.475000 1.863025077844e+00 -4.520898334908e-01 1.917094e+00
0.700000 73.500000 1.824750614113e+00 -4.421344666478e-01 1.877551e+00
0.700000 73.525000 1.791422238184e+00 -4.269823976888e-01 1.841605e+00
0.700000 73.550000 1.763864155289e+00 -4.074331938349e-01 1.810309e+00
0.700000 73.575000 1.742780210515e+00 -3.844348006499e-01 1.784677e+00
0.700000 73.600000 1.728724308652e+00 -3.590632871928e-01 1.765620e+00
0.700000 73.625000 1.722075142865e+00 -3.324963517131e-01 1.753880e+00
0.700000 73.650000 1.723016550409e+00 -3.059817508111e-01 1.749975e+00
0.700000 73.675000 1.731524455968e+00 -2.808020741519e-01 1.754146e+00
0.700000 73.700000 1.747360965572e+00 -2.582374324203e-01 1.766340e+00
0.700000 73.725000 1.770075771667e+00 -2.395276574008e-01 1.786209e+00
0.700000 73.750000 1.799014655130e+00 -2.258355395573e-01 1.813134e+00
0.700000 73.775000 1.833334548831e+00 -2.182124684864e-01 1.846275e+00
0.700000 73.800000 1.872024377846e+00 -2.175676191637e-01 1.884625e+00
0.700000 73.825000 1.913930722494e+00 -2.246415686851e-01 1.927069e+00
0.700000 73.850000 1.957787262081e+00 -2.399849605736e-01 1.972441e+00
0.700000 73.875000 2.002246941872e+00 -2.639425799473e-01 2.019569e+00
0.700000 73.900000 2.045915849519e+00 -2.966429810676e-01 2.067310e+00
0.700000 73.925000 2.087387872609e+00 -3.379936307655e-01 2.114575e+00
0.700000 73.950000 2.125279317150e+00 -3.876814019618e-01 2.160349e+00
0.700000 73.975000 2.158262780016e+00 -4.451781695284e-01 2.203697e+00
0.700000 74.000000 2.185099671199e+00 -5.097512192823e-01 2.243771e+00
0.700000 74.025000 2.204670863286e+00 -5.804781692875e-01 2.279809e+00
0.700000 74.050000 2.216004999483e+00 -6.562661079251e-01 2.311139e+00
0.700000 74.075000 2.218304016331e+00 -7.358746619357e-01 2.337174e+00
0.700000 74.100000 2.210965436177e+00 -8.179427073385e-01 2.357414e+00
0.700000 74.125000 2.193600964419e+00 -9.010184164553e-01 2.371438e+00
0.700000 74.150000 2.166050897278e+00 -9.835922879406e-01 2.378914e+00
0.700000 74.175000 2.128393819025e+00 -1.064132730030e+00 2.379588e+00
0.700000 74.200000 2.080951055440e+00 -1.141123660281e+00 2.373293e+00
0.700000 74.225000 2.024285364943e+00 -1.213103451817e+00 2.359947e+00
0.700000 74.250000 1.959193401053e+00 -1.278704404057e+00 2.339556e+00
0.700000 74.275000 1.886691578384e+00 -1.336691756039e+00 2.312218e+00
0.700000 74.300000 1.807995125070e+00 -1.386001106392e+00 2.278123e+00
0.700000 74.325000 1.724490309341e+00 -1.425772971799e+00 2.237565e+00
0.700000 74.350000 1.637700084488e+00 -1.455383122581e+00 2.190936e+00
0.700000 74.375000 1.549243697073e+00 -1.474467297369e+00 2.138740e+00
0.700000 74.400000 1.460791134904e+00 -1.482938934803e+00 2.081590e+00
0.700000 74.425000 1.374013635398e+00 -1.480998682145e+00 2.020215e+00
0.700000 74.450000 1.290531808001e+00 -1.469134657048e+00 1.955461e+00
0.700000 74.475000 1.211863219064e+00 -1.448112751387e+00 1.888291e+00
0.700000 74.500000 1.139371514726e+00 -1.418956668757e+00 1.819782e+00
0.700000 74.525000 1.074219288466e+00 -1.382917864552e+00 1.751116e+00
0.700000 74.550000 1.017326909836e+00 -1.341436084590e+00 1.683569e+00
0.700000 74.575000 9.693394016049e-01 -1.296091741621e+00 1.618479e+00
0.700000 74.600000 9.306031754577e-01 -1.248551888733e+00 1.557210e+00
0.700000 74.625000 9.011540157753e-01 -1.200512000828e+00 1.501102e+00
0.700000 74.650000 8.807171545111e-01 -1.153636116990e+00 1.451392e+00
0.700000 74.675000 8.687196395080e-01 -1.109498089298e+00 1.409134e+00
0.700000 74.700000 8.643145078506e-01 -1.069526699093e+00 1.375110e+00
0.700000 74.725000 8.664155882765e-01 -1.034957225390e+00 1.349745e+00
0.700000 74.750000 8.737411301437e-01 -1.006791684500e+00 1.333062e+00
0.700000 74.775000 8.848639475988e-01 -9.857694262683e-01 1.324661e+00
0.700000 74.800000 8.982654256255e-01 -9.723491097490e-01 1.323761e+00
0.700000 74.825000 9.123905952482e-01 -9.667023443143e-01 1.329274e+00
0.700000 74.850000 9.257015654880e-01 -9.687185363224e-01 1.339903e+00
0.700000 74.875000 9.367268950443e-01 -9.780197957909e-01 1.354245e+00
0.700000 74.900000 9.441049696441e-01 -9.939841980216e-01 1.370890e+00
0.700000 74.925000 9.466200730031e-01 -1.015775316456e+00 1.388484e+00
0.700000 74.950000 9.432305350840e-01 -1.042375781887e+00 1.405785e+00
0.700000 74.975000 9.330890355455e-01 -1.072622692755e+00 1.421680e+00
0.700000 75.000000 9.155557560105e-01 -1.105242988756e+00 1.435202e+00
0.700000 75.025000 8.902055426210e-01 -1.138887366671e+00 1.445521e+00
0.700000 75.050000 8.568305071666e-01 -1.172161902113e+00 1.451937e+00
0.700000 75.075000 8.154395311622e-01 -1.203657166831e+00 1.453868e+00
0.700000 75.100000 7.662559412476e-01 -1.231975214174e+00 1.450831e+00
0.700000 75.125000 7.097142243732e-01 -1.255755264463e+00 1.442434e+00
0.700000 75.150000 6.464561032219e-01 -1.273699189742e+00 1.428361e+00
0.700000 75.175000 5.773256735713e-01 -1.284597928867e+00 1.408367e+00
0.700000 75.200000 5.033627060867e-01 -1.287359743682e+00 1.382270e+00
0.700000 75.225000 4.257927276201e-01 -1.281040772588e+00 1.349950e+00
0.700000 75.250000 3.460122039400e-01 -1.264877698749e+00 1.311350e+00
0.700000 75.275000 2.655671086894e-01 -1.238321603905e+00 1.266478e+00
0.700000 75.300000 1.861234143046e-01 -1.201071321781e+00 1.215407e+00
0.700000 75.325000 1.094285763477e-01 -1.153103941908e+00 1.158285e+00
0.700000 75.350000 3.726386316792e-02 -1.094699645299e+00 1.095334e+00
0.700000 75.375000 -2.861166576144e-02 -1.026457860375e+00 1.026857e+00
0.700000 75.400000 -8.652370715406e-02 -9.493018648531e-01 9.532368e-01
0.700000 75.425000 -1.349489834835e-01 -8.644694448573e-01 8.749392e-01
0.700000 75.450000 -1.725816160294e-01 -7.734880335704e-01 7.925075e-01
0.700000 75.475000 -1.983954354665e-01 -6.781338264958e-01 7.065594e-01
0.700000 75.500000 -2.116978664019e-01 -5.803756132669e-01 6.177798e-01
0.700000 75.525000 -2.121712202240e-01 -4.823053576423e-01 5.269109e-01
0.700000 75.550000 -1.998978287735e-01 -3.860587678462e-01 4.347419e-01
0.700000 75.575000 -1.753664110952e-01 -2.937301025063e-01 3.420976e-01
0.700000 75.600000 -1.394583084134e-01 -2.072861449910e-01 2.498323e-01
0.700000 75.625000 -9.341363840064e-02 -1.284845733095e-01 1.588534e-01
0.700000 75.650000 -3.877887871545e-02 -5.880181571871e-02 7.043760e-02
0.700000 75.675000 2.266124399000e-02 6.250806241946e-04 2.266986e-02
0.700000 75.700000 8.896353648684e-02 4.903898046799e-02 1.015841e-01
0.700000 75.725000 1.581129459715e-01 8.608323387563e-02 1.800279e-01
0.700000 75.750000 2.281107145812e-01 1.118013429093e-01 2.540355e-01
0.700000 75.775000 2.970587975713e-01 1.266162279315e-01 3.229173e-01
0.700000 75.800000 3.632356656133e-01 1.312909742719e-01 3.862350e-01
0.700000 75.825000 4.251593752746e-01 1.268741168712e-01 4.436863e-01
0.700000 75.850000 4.816348307209e-01 1.146334084630e-01 4.950888e-01
0.700000 75.875000 5.317833687054e-01 9.598255775866e-02 5.403760e-01
0.700000 75.900000 5.750540637497e-01 7.240559713633e-02 5.795945e-01
0.700000 75.925000 6.112173608708e-01 4.538336051679e-02 6.128999e-01
0.700000 75.950000 6.403427045101e-01 1.632606943273e-02 6.405508e-01
0.700000 75.975000 6.627626740151e-01 -1.348468940332e-02 6.628998e-01
0.700000 76.000000 6.790267170151e-01 -4.294217324740e-02 6.803832e-01
0.700000 76.025000 6.898478816910e-01 -7.114737812826e-02 6.935071e-01
0.700000 76.050000 6.960460041840e-01 -9.742801844545e-02 7.028316e-01
0.700000 76.075000 6.984906466365e-01 -1.213438063217e-01 7.089524e-01
0.700000 76.100000 6.980467563393e-01 -1.426789341609e-01 7.124792e-01
0.700000 76.125000 6.955255832414e-01 -1.614232043954e-01 7.140121e-01
0.700000 76.150000 6.916429037372e-01 -1.777436427112e-01 7.141167e-01
0.700000 76.175000 6.869860947995e-01 -1.919486904242e-01 7.132981e-01
0.700000 76.200000 6.819911114418e-01 -2.044472224231e-01 7.119765e-01
0.700000 76.225000 6.769299544442e-01 -2.157047052678e-01 7.104665e-01
0.700000 76.250000 6.719087737014e-01 -2.261988170310e-01 7.089621e-01
0.700000 76.275000 6.668763267505e-01 -2.363768083181e-01 7.075295e-01
0.700000 76.300000 6.616420911089e-01 -2.466167931265e-01 7.061091e-01
0.700000 76.325000 6.559029062054e-01 -2.571950086369e-01 7.045267e-01
0.700000 76.350000 6.492765983950e-01 -2.682608571859e-01 7.025126e-01
0.700000 76.375000 6.413406358314e-01 -2.798212223646e-01 6.997269e-01
0.700000 76.400000 6.316734968031e-01 -2.917351199608e-01 6.957879e-01
0.700000 76.425000 6.198961540424e-01 -3.037192000064e-01 6.903018e-01
0.700000 76.450000 6.057109223713e-01 -3.153639712980e-01 6.828910e-01
0.700000 76.475000 5.889349300162e-01 -3.261599058167e-01 6.732196e-01
0.700000 76.500000 5.695256875168e-01 -3.355318469642e-01 6.610152e-01
0.700000 76.525000 5.475966577904e-01 -3.428794561809e-01 6.460870e-01
0.700000 76.550000 5.234213691655e-01 -3.476208585595e-01 6.283392e-01
0.700000 76.575000 4.974254269473e-01 -3.492362594006e-01 6.077812e-01
0.700000 76.600000 4.701667101764e-01 -3.473081591306e-01 5.845337e-01
0.700000 76.625000 4.423050098594e-01 -3.415549321766e-01 5.588323e-01
0.700000 76.650000 4.145632813676e-01 -3.318549673119e-01 5.310277e-01
0.700000 76.675000 3.876834525176e-01 -3.182592720180e-01 5.015849e-01
0.700000 76.700000 3.623802643886e-01 -3.009913690554e-01 4.710788e-01
0.700000 76.725000 3.392968583431e-01 -2.804343793249e-01 4.401884e-01
0.700000 76.750000 3.189657231508e-01 -2.571062908578e-01 4.096862e-01
0.700000 76.775000 3.017781786895e-01 -2.316254498956e-01 3.804214e-01
0.700000 76.800000 2.879648323128e-01 -2.046691704059e-01 3.532891e-01
0.700000 76.825000 2.775884695703e-01 -1.769289529394e-01 3.291796e-01
0.700000 76.850000 2.705497284029e-01 -1.490660693605e-01 3.088978e-01
0.700000 76.875000 2.666047674182e-01 -1.216711785376e-01 2.930563e-01
0.700000 76.900000 2.653930900513e-01 -9.523120006882e-02 2.819618e-01
0.700000 76.925000 2.664728331086e-01 -7.010593681320e-02 2.755406e-01
0.700000 76.950000 2.693602539004e-01 -4.651598276025e-02 2.733472e-01
0.700000 76.975000 2.735699066653e-01 -2.454238353284e-02 2.746686e-01
0.700000 77.000000 2.786521006366e-01 -4.137445786414e-03 2.786828e-01
0.700000 77.025000 2.842246549282e-01 1.485487098976e-02 2.846126e-01
0.700000 77.050000 2.899966509099e-01 3.267130712605e-02 2.918312e-01
0.700000 77.075000 2.957827458130e-01 4.959721710358e-02 2.999122e-01
0.700000 77.100000 3.015075514022e-01 6.593304905936e-02 3.086324e-01
0.700000 77.125000 3.072004952845e-01 8.196227713947e-02 3.179465e-01
0.700000 77.150000 3.129823761694e-01 9.792329249433e-02 3.279435e-01
0.700000 77.175000 3.190454250567e-01 1.139871745611e-01 3.387965e-01
0.700000 77.200000 3.256290470814e-01 1.302425598531e-01 3.507099e-01
0.700000 77.225000 3.329935306321e-01 1.466880895263e-01 3.638710e-01
0.700000 77.250000 3.413938896087e-01 1.632322333186e-01 3.784106e-01
0.700000 77.275000 3.510556958655e-01 1.796997245408e-01 3.943756e-01
0.700000 77.300000 3.621543248063e-01 1.958434440800e-01 4.117164e-01
0.700000 77.325000 3.747985487666e-01 2.113603792631e-01 4.302873e-01
0.700000 77.350000 3.890189387953e-01 2.259102472594e-01 4.498568e-01
0.700000 77.375000 4.047611324215e-01 2.391354806218e-01 4.701248e-01
0.700000 77.400000 4.218837305009e-01 2.506814765535e-01 4.907414e-01
0.700000 77.425000 4.401604149381e-01 2.602162562428e-01 5.113254e-01
0.700000 77.450000 4.592858225967e-01 2.674489130953e-01 5.314813e-01
0.700000 77.475000 4.788847411140e-01 2.721464067015e-01 5.508124e-01
0.700000 77.500000 4.985242686628e-01 2.741483578917e-01 5.689321e-01
0.700000 77.525000 5.177286561227e-01 2.733795147327e-01 5.854736e-01
0.700000 77.550000 5.359965847568e-01 2.698595055444e-01 6.000971e-01
0.700000 77.575000 5.528205952337e-01 2.637094052701e-01 6.124976e-01
0.700000 77.600000 5.677082620400e-01 2.551545583348e-01 6.224119e-01
0.700000 77.625000 5.802045085053e-01 2.445230690496e-01 6.296259e-01
0.700000 77.650000 5.899142086852e-01 2.322394278209e-01 6.339826e-01
0.700000 77.675000 5.965239654129e-01 2.188129121121e-01 6.353896e-01
0.700000 77.700000 5.998217396687e-01 2.048206901695e-01 6.338278e-01
0.700000 77.725000 5.997128859514e-01 1.908859462825e-01 6.293592e-01
0.700000 77.750000 5.962311639089e-01 1.776518016289e-01 6.221348e-01
0.700000 77.775000 5.895434742568e-01 1.657522714823e-01 6.124013e-01
0.700000 77.800000 5.799474113833e-01 1.557819158479e-01 6.005056e-01
0.700000 77.825000 5.678612164161e-01 1.482661447073e-01 5.868980e-01
0.700000 77.850000 5.538063104645e-01 1.436342785562e-01 5.721296e-01
0.700000 77.875000 5.383832275821e-01 1.421974049671e-01 5.568452e-01
0.700000 77.900000 5.222423793521e-01 1.441328011564e-01 5.417669e-01
0.700000 77.925000 5.060515950317e-01 1.494762260881e-01 5.276660e-01
0.700000 77.950000 4.904627283993e-01 1.581227641064e-01 5.153217e-01
0.700000 77.975000 4.760797575781e-01 1.698361873852e-01 5.054664e-01
0.700000 78.000000 4.634307038929e-01 1.842660723079e-01 4.987204e-01
0.700000 78.025000 4.529453646899e-01 2.009712354479e-01 4.955290e-01
0.700000 78.050000 4.449403250959e-01 2.194475226182e-01 4.961140e-01
0.700000 78.075000 4.396120410468e-01 2.391576487979e-01 5.004549e-01
0.700000 78.100000 4.370380439050e-01 2.595606842452e-01 5.083050e-01
0.700000 78.125000 4.371855870350e-01 2.801389219784e-01 5.192389e-01
0.700000 78.150000 4.399264162837e-01 3.004202249256e-01 5.327172e-01
0.700000 78.175000 4.450558670709e-01 3.199944924521e-01 5.481525e-01
0.700000 78.200000 4.523142185386e-01 3.385235408812e-01 5.649658e-01
0.700000 78.225000 4.614081923388e-01 3.557443846498e-01 5.826247e-01
0.700000 78.250000 4.720306651225e-01 3.714665556270e-01 6.006666e-01
0.700000 78.275000 4.838770385723e-01 3.855646372780e-01 6.187060e-01
0.700000 78.300000 4.966572265508e-01 3.979675632660e-01 6.364327e-01
0.700000 78.325000 5.101028091948e-01 4.086464042808e-01 6.536029e-01
0.700000 78.350000 5.239694968927e-01 4.176023349240e-01 6.700267e-01
0.700000 78.375000 5.380355750366e-01 4.248562516171e-01 6.855546e-01
0.700000 78.400000 5.520974071244e-01 4.304411411787e-01 7.000651e-01
0.700000 78.425000 5.659633210592e-01 4.343978316346e-01 7.134535e-01
0.700000 78.450000 5.794472747306e-01 4.367742532892e-01 7.256245e-01
0.700000 78.475000 5.923635975343e-01 4.376278600245e-01 7.364868e-01
0.700000 78.500000 6.045238594726e-01 4.370304612151e-01 7.459522e-01
0.700000 78.525000 6.157365688453e-01 4.350744328509e-01 7.539372e-01
0.700000 78.550000 6.258099919998e-01 4.318791343731e-01 7.603668e-01
0.700000 78.575000 6.345579746459e-01 4.275963589271e-01 7.651813e-01
0.700000 78.600000 6.418082697498e-01 4.224137759407e-01 7.683432e-01
0.700000 78.625000 6.474125781333e-01 4.165555596132e-01 7.698452e-01
0.700000 78.650000 6.512573077236e-01 4.102797002672e-01 7.697178e-01
0.700000 78.675000 6.532739649461e-01 4.038718300378e-01 7.680360e-01
0.700000 78.700000 6.534481030559e-01 3.976357249730e-01 7.649239e-01
0.700000 78.725000 6.518258530588e-01 3.918809437249e-01 7.605574e-01
0.700000 78.750000 6.485172327820e-01 3.869083090111e-01 7.551640e-01
0.700000 78.775000 6.436956460718e-01 3.829941219268e-01 7.490184e-01
0.700000 78.800000 6.375932262074e-01 3.803741193987e-01 7.424349e-01
0.700000 78.825000 6.304919291478e-01 3.792282460579e-01 7.357541e-01
0.700000 78.850000 6.227105326526e-01 3.796673207894e-01 7.293255e-01
0.700000 78.875000 6.145879415792e-01 3.817226420126e-01 7.234850e-01
0.700000 78.900000 6.064634364132e-01 3.853394981910e-01 7.185294e-01
0.700000 78.925000 5.986547309903e-01 3.903754306761e-01 7.146891e-01
0.700000 78.950000 5.914349240337e-01 3.966039300742e-01 7.121025e-01
0.700000 78.975000 5.850096304705e-01 4.037240277148e-01 7.107949e-01
0.700000 79.000000 5.794957490492e-01 4.113759636969e-01 7.106655e-01
0.700000 79.025000 5.749034425926e-01 4.191627696174e-01 7.114853e-01
0.700000 79.050000 5.711229513965e-01 4.266772021962e-01 7.129059e-01
0.700000 79.075000 5.679178022242e-01 4.335330187812e-01 7.144799e-01
0.700000 79.100000 5.649257912069e-01 4.393991240521e-01 7.156904e-01
0.700000 79.125000 5.616687927273e-01 4.440346772263e-01 7.159879e-01
0.700000 79.150000 5.575719746656e-01 4.473228773483e-01 7.148316e-01
0.700000 79.175000 5.519923963073e-01 4.493008912535e-01 7.117351e-01
0.700000 79.200000 5.442562601294e-01 4.501833027703e-01 7.063143e-01
0.700000 79.225000 5.337033318809e-01 4.503765816622e-01 6.983397e-01
0.700000 79.250000 5.197362989006e-01 4.504824199393e-01 6.877937e-01
0.700000 79.275000 5.018721777419e-01 4.512883633815e-01 6.749347e-01
0.700000 79.300000 4.797923838734e-01 4.537449546394e-01 6.603675e-01
0.700000 79.325000 4.533878065007e-01 4.589295531072e-01 6.451177e-01
0.700000 79.350000 4.227952427421e-01 4.679980351129e-01 6.306964e-01
0.700000 79.375000 3.884218664306e-01 4.821266179437e-01 6.191265e-01
0.700000 79.400000 3.509550377218e-01 5.024469959013e-01 6.128804e-01
0.700000 79.425000 3.113556689685e-01 5.299787299890e-01 6.146705e-01
0.700000 79.450000 2.708344878149e-01 5.655633104388e-01 6.270671e-01
0.700000 79.475000 2.308117919223e-01 6.098044500119e-01 6.520242e-01
0.700000 79.500000 1.928625644436e-01 6.630189322812e-01 6.904999e-01
0.700000 79.525000 1.586500004390e-01 7.252017341647e-01 7.423526e-01
0.700000 79.550000 1.298514704150e-01 7.960082034648e-01 8.065299e-01
0.700000 79.575000 1.080816217493e-01 8.747548718487e-01 8.814067e-01
0.700000 79.600000 9.481762132871e-02 9.604391213683e-01 9.651081e-01
0.700000 79.625000 9.133143638644e-02 1.051776516762e+00 1.055734e+00
0.700000 79.650000 9.863353682419e-02 1.147253292025e+00 1.151485e+00
0.700000 79.675000 1.174315219146e-01 1.245190358289e+00 1.250715e+00
0.700000 79.700000 1.481060035263e-01 1.343814383457e+00 1.351951e+00
0.700000 79.725000 1.907047217224e-01 1.441331056652e+00 1.453893e+00
0.700000 79.750000 2.449544497749e-01 1.535995630893e+00 1.555405e+00
0.700000 79.775000 3.102888933841e-01 1.626176234182e+00 1.655515e+00
0.700000 79.800000 3.858896254607e-01 1.710406211277e+00 1.753397e+00
0.700000 79.825000 4.707362266000e-01 1.787422829255e+00 1.848370e+00
0.700000 79.850000 5.636612967261e-01 1.856190945093e+00 1.939886e+00
0.700000 79.875000 6.634059035889e-01 1.915911571365e+00 2.027517e+00
0.700000 79.900000 7.686713377174e-01 1.966016560105e+00 2.110942e+00
0.700000 79.925000 8.781637111273e-01 2.006151735731e+00 2.189935e+00
0.700000 79.950000 9.906288944123e-01 2.036151645656e+00 2.264345e+00
0.700000 79.975000 1.104876433284e+00 2.056009590193e+00 2.334080e+00
0.700000 80.000000 1.219792304694e+00 2.065846705036e+00 2.399086e+00
0.700000 80.025000 1.334341543531e+00 2.065883601208e+00 2.459338e+00
0.700000 80.050000 1.447562780389e+00 2.056417456934e+00 2.514814e+00
0.700000 80.075000 1.558557484159e+00 2.037806573978e+00 2.565494e+00
0.700000 80.100000 1.666477132739e+00 2.010463352483e+00 2.611342e+00
0.700000 80.125000 1.770511606291e+00 1.974855513560e+00 2.652313e+00
0.700000 80.150000 1.869881811471e+00 1.931514321567e+00 2.688346e+00
0.700000 80.175000 1.963838937409e+00 1.881047635163e+00 2.719376e+00
0.700000 80.200000 2.051671881188e+00 1.824154937406e+00 2.745341e+00
0.700000 80.225000 2.132723351281e+00 1.761641124714e+00 2.766205e+00
0.700000 80.250000 2.206414065584e+00 1.694425805884e+00 2.781967e+00
0.700000 80.275000 2.272273413709e+00 1.623545175915e+00 2.792691e+00
0.700000 80.300000 2.329974052702e+00 1.550144152825e+00 2.798522e+00
0.700000 80.325000 2.379367236927e+00 1.475457338482e+00 2.799708e+00
0.700000 80.350000 2.420515309482e+00 1.400778403636e+00 2.796618e+00
0.700000 80.375000 2.453717738344e+00 1.327418606196e+00 2.789762e+00
0.700000 80.400000 2.479527369343e+00 1.256656229018e+00 2.779792e+00
0.700000 80.425000 2.498754163305e+00 1.189679672465e+00 2.767510e+00
0.700000 80.450000 2.512454533145e+00 1.127527674962e+00 2.753860e+00
0.700000 80.475000 2.521905423663e+00 1.071030599126e+00 2.739911e+00
0.700000 80.500000 2.528563394231e+00 1.020756875131e+00 2.726826e+00
0.700000 80.525000 2.534010079141e+00 9.769685276787e-01 2.715819e+00
0.700000 80.550000 2.539886421929e+00 9.395892468502e-01 2.708108e+00
0.700000 80.575000 2.547818929943e+00 9.081877395368e-01 2.704845e+00
0.700000 80.600000 2.559341812443e+00 8.819781796895e-01 2.707049e+00
0.700000 80.625000 2.575819210888e+00 8.598385381847e-01 2.715542e+00
0.700000 80.650000 2.598371788943e+00 8.403464977172e-01 2.730882e+00
0.700000 80.675000 2.627811731356e+00 8.218316238613e-01 2.753326e+00
0.700000 80.700000 2.664589735774e+00 8.024415403318e-01 2.782796e+00
0.700000 80.725000 2.708756916959e+00 7.802191000889e-01 2.818884e+00
0.700000 80.750000 2.759943737013e+00 7.531869918048e-01 2.860871e+00
0.700000 80.775000 2.817357190739e+00 7.194358913751e-01 2.907764e+00
0.700000 80.800000 2.879796573292e+00 6.772121598425e-01 2.958352e+00
0.700000 80.825000 2.945687291470e+00 6.250011854017e-01 3.011262e+00
0.700000 80.850000 3.013131393211e+00 5.616027391460e-01 3.065022e+00
0.700000 80.875000 3.079972811431e+00 4.861951259237e-01 3.118111e+00
0.700000 80.900000 3.143874764051e+00 3.983854252095e-01 3.169016e+00
0.700000 80.925000 3.202406325794e+00 2.982436971056e-01 3.216264e+00
0.700000 80.950000 3.253134883895e+00 1.863196464447e-01 3.258466e+00
0.700000 80.975000 3.293720998869e+00 6.364087256647e-02 3.294336e+00
0.700000 81.000000 3.322012101779e+00 -6.830752899602e-02 3.322714e+00
0.700000 81.025000 3.336131462314e+00 -2.076216098818e-01 3.342586e+00
0.700000 81.050000 3.334558954234e+00 -3.520344214016e-01 3.353090e+00
0.700000 81.075000 3.316200329316e+00 -4.989874131886e-01 3.353531e+00
0.700000 81.100000 3.280441996662e+00 -6.457150992937e-01 3.343389e+00
0.700000 81.125000 3.227188703074e+00 -7.893401211170e-01 3.322319e+00
0.700000 81.150000 3.156882033964e+00 -9.269752899489e-01 3.290165e+00
0.700000 81.175000 3.070498309475e+00 -1.055828721329e+00 3.246958e+00
0.700000 81.200000 2.969525234613e+00 -1.173307817373e+00 3.192919e+00
0.700000 81.225000 2.855917558808e+00 -1.277117654267e+00 3.128465e+00
0.700000 81.250000 2.732032977605e+00 -1.365349331760e+00 3.054207e+00
0.700000 81.275000 2.600550518894e+00 -1.436554074161e+00 2.970951e+00
0.700000 81.300000 2.464374635907e+00 -1.489799358819e+00 2.879695e+00
0.700000 81.325000 2.326529107151e+00 -1.524704090392e+00 2.781629e+00
0.700000 81.350000 2.190045544138e+00 -1.541450816246e+00 2.678128e+00
0.700000 81.375000 2.057851760695e+00 -1.540774144774e+00 2.570747e+00
0.700000 81.400000 1.932665405055e+00 -1.523925815737e+00 2.461208e+00
0.700000 81.425000 1.816898061373e+00 -1.492618192645e+00 2.351388e+00
0.700000 81.450000 1.712574481072e+00 -1.448949202729e+00 2.243293e+00
0.700000 81.475000 1.621270728244e+00 -1.395312838520e+00 2.139022e+00
0.700000 81.500000 1.544073869887e+00 -1.334300162350e+00 2.040716e+00
0.700000 81.525000 1.481564492770e+00 -1.268596244950e+00 1.950479e+00
0.700000 81.550000 1.433821887677e+00 -1.200878572274e+00 1.870282e+00
0.700000 81.575000 1.400450325345e+00 -1.133722154474e+00 1.801829e+00
0.700000 81.600000 1.380623575019e+00 -1.069515888275e+00 1.746421e+00
0.700000 81.625000 1.373143794325e+00 -1.010393715376e+00 1.704822e+00
0.700000 81.650000 1.376510235108e+00 -9.581828735227e-01 1.677169e+00
0.700000 81.675000 1.388992919737e+00 -9.143701653062e-01 1.662941e+00
0.700000 81.700000 1.408706564951e+00 -8.800857975909e-01 1.661025e+00
0.700000 81.725000 1.433680544286e+00 -8.561030965868e-01 1.669836e+00
0.700000 81.750000 1.461921526305e+00 -8.428513925830e-01 1.687487e+00
0.700000 81.775000 1.491466512429e+00 -8.404386825285e-01 1.711961e+00
0.700000 81.800000 1.520425210472e+00 -8.486803728788e-01 1.741250e+00
0.700000 81.825000 1.547011892124e+00 -8.671304952930e-01 1.773460e+00
0.700000 81.850000 1.569567970521e+00 -8.951122489934e-01 1.806867e+00
0.700000 81.875000 1.586577388624e+00 -9.317454932621e-01 1.839940e+00
0.700000 81.900000 1.596677447242e+00 -9.759697979269e-01 1.871335e+00
0.700000 81.925000 1.598667874613e+00 -1.026562744122e+00 1.899887e+00
0.700000 81.950000 1.591520738288e+00 -1.082154228685e+00 1.924577e+00
0.700000 81.975000 1.574393254956e+00 -1.141238444055e+00 1.944515e+00
0.700000 82.000000 1.546644731348e+00 -1.202185878907e+00 1.958918e+00
0.700000 82.025000 1.507857864616e+00 -1.263258037282e+00 1.967093e+00
0.700000 82.050000 1.457863557114e+00 -1.322627564514e+00 1.968428e+00
0.700000 82.075000 1.396767378526e+00 -1.378406093626e+00 1.962387e+00
0.700000 82.100000 1.324974952089e+00 -1.428681420647e+00 1.948509e+00
0.700000 82.125000 1.243212948571e+00 -1.471564650020e+00 1.926417e+00
0.700000 82.150000 1.152542112494e+00 -1.505246816410e+00 1.895817e+00
0.700000 82.175000 1.054358857939e+00 -1.528063298271e+00 1.856516e+00
0.700000 82.200000 9.503824582363e-01 -1.538563208495e+00 1.808426e+00
0.700000 82.225000 8.426256818358e-01 -1.535579989855e+00 1.751578e+00
0.700000 82.250000 7.333478311566e-01 -1.518298753935e+00 1.686129e+00
0.700000 82.275000 6.249904324915e-01 -1.486315553838e+00 1.612373e+00
0.700000 82.300000 5.200971972060e-01 -1.439683816036e+00 1.530748e+00
0.700000 82.325000 4.212212142737e-01 -1.378943585210e+00 1.441844e+00
0.700000 82.350000 3.308235311459e-01 -1.305130035805e+00 1.346406e+00
0.700000 82.375000 2.511682348219e-01 -1.219758823090e+00 1.245350e+00
0.700000 82.400000 1.842197773905e-01 -1.124787208038e+00 1.139773e+00
0.700000 82.425000 1.315485442379e-01 -1.022551399014e+00 1.030978e+00
0.700000 82.450000 9.425051035684e-02 -9.156821029665e-01 9.205199e-01
0.700000 82.475000 7.288627170937e-02 -8.070017603140e-01 8.102865e-01
0.700000 82.500000 6.744380372708e-02 -6.994082463103e-01 7.026525e-01
0.700000 82.525000 7.732804305915e-02 -5.957508639946e-01 6.007485e-01
0.700000 82.550000 1.013788887834e-01 -4.987051538621e-01 5.089052e-01
0.700000 82.575000 1.379175695164e-01 -4.106533491020e-01 4.331944e-01
0.700000 82.600000 1.848196280928e-01 -3.335771838644e-01 3.813555e-01
0.700000 82.625000 2.396111450973e-01 -2.689692139412e-01 3.602193e-01
0.700000 82.650000 2.995833636301e-01 -2.177678603848e-01 3.703688e-01
0.700000 82.675000 3.619196884976e-01 -1.803200893123e-01 4.043528e-01
0.700000 82.700000 4.238281965518e-01 -1.563740715352e-01 4.517557e-01
0.700000 82.725000 4.826723732385e-01 -1.451024195705e-01 5.040112e-01
0.700000 82.750000 5.360928200089e-01 -1.451547870349e-01 5.553966e-01
0.700000 82.775000 5.821131654872e-01 -1.547368539635e-01 6.023282e-01
0.700000 82.800000 6.192243368184e-01 -1.717111287116e-01 6.425912e-01
0.700000 82.825000 6.464426525817e-01 -1.937136820625e-01 6.748430e-01
0.700000 82.850000 6.633388031907e-01 -2.182799849766e-01 6.983298e-01
0.700000 82.875000 6.700365836492e-01 -2.429725173212e-01 7.127304e-01
0.700000 82.900000 6.671821152352e-01 -2.655027903102e-01 7.180694e-01
0.700000 82.925000 6.558861075854e-01 -2.838408856183e-01 7.146693e-01
0.700000 82.950000 6.376433429653e-01 -2.963065289048e-01 7.031263e-01
0.700000 82.975000 6.142348943476e-01 -3.016370200299e-01 6.843021e-01
0.700000 83.000000 5.876195238707e-01 -2.990289415139e-01 6.593292e-01
0.700000 83.025000 5.598211835698e-01 -2.881523424935e-01 6.296281e-01
0.700000 83.050000 5.328195267812e-01 -2.691379152420e-01 5.969354e-01
0.700000 83.075000 5.084498455671e-01 -2.425394098072e-01 5.633353e-01
0.700000 83.100000 4.883179242313e-01 -2.092750422526e-01 5.312725e-01
0.700000 83.125000 4.737340228645e-01 -1.705528352784e-01 5.034999e-01
0.700000 83.150000 4.656686863031e-01 -1.277856069124e-01 4.828835e-01
0.700000 83.175000 4.647314386387e-01 -8.250164889001e-02 4.719977e-01
0.700000 83.200000 4.711718033069e-01 -3.625700513922e-02 4.725647e-01
0.700000 83.225000 4.849006098722e-01 9.445295357135e-03 4.849926e-01
0.700000 83.250000 5.055283201444e-01 5.322461152302e-02 5.083225e-01
0.700000 83.275000 5.324162112686e-01 9.387740801402e-02 5.406293e-01
0.700000 83.300000 5.647357422508e-01 1.304153883674e-01 5.795987e-01
0.700000 83.325000 6.015313174547e-01 1.620864793690e-01 6.229863e-01
0.700000 83.350000 6.417819248573e-01 1.883793878457e-01 6.688579e-01
0.700000 83.375000 6.844577156860e-01 2.090135569776e-01 7.156599e-01
0.700000 83.400000 7.285684281533e-01 2.239171995684e-01 7.622013e-01
0.700000 83.425000 7.732015482933e-01 2.331966331876e-01 8.076022e-01
0.700000 83.450000 8.175491465490e-01 2.371003705592e-01 8.512363e-01
0.700000 83.475000 8.609233350913e-01 2.359813420932e-01 8.926792e-01
0.700000 83.500000 9.027611760673e-01 2.302602863705e-01 9.316639e-01
0.700000 83.525000 9.426205729357e-01 2.203927989311e-01 9.680426e-01
0.700000 83.550000 9.801691573176e-01 2.068418521824e-01 1.001756e+00
0.700000 83.575000 1.015168428942e+00 1.900568655645e-01 1.032806e+00
0.700000 83.600000 1.047455426304e+00 1.704596869664e-01 1.061235e+00
0.700000 83.625000 1.076924030206e+00 1.484372045595e-01 1.087106e+00
0.700000 83.650000 1.103507675162e+00 1.243397879233e-01 1.110491e+00
0.700000 83.675000 1.127164816122e+00 9.848438584534e-02 1.131459e+00
0.700000 83.700000 1.147868023020e+00 7.116089462500e-02 1.150072e+00
0.700000 83.725000 1.165597101766e+00 4.264034815789e-02 1.166377e+00
0.700000 83.750000 1.180336207716e+00 1.318354978739e-02 1.180410e+00
0.700000 83.775000 1.192074555244e+00 -1.695106214464e-02 1.192195e+00
0.700000 83.800000 1.200810051978e+00 -4.750127982461e-02 1.201749e+00
0.700000 83.825000 1.206555004487e+00 -7.819740426328e-02 1.209086e+00
0.700000 83.850000 1.209342950395e+00 -1.087613231854e-01 1.214224e+00
0.700000 83.875000 1.209235660407e+00 -1.389084911139e-01 1.217188e+00
0.700000 83.900000 1.206329409215e+00 -1.683526567416e-01 1.218020e+00
0.700000 83.925000 1.200759722410e+00 -1.968129619629e-01 1.216782e+00
0.700000 83.950000 1.192703953991e+00 -2.240228582516e-01 1.213560e+00
0.700000 83.975000 1.182381224585e+00 -2.497401514906e-01 1.208468e+00
0.700000 84.000000 1.170049444800e+00 -2.737573963934e-01 1.201648e+00
0.700000 84.025000 1.155999353920e+00 -2.959118165526e-01 1.193272e+00
0.700000 84.050000 1.140545714492e+00 -3.160939266340e-01 1.183537e+00
0.700000 84.075000 1.124016011003e+00 -3.342540804353e-01 1.172663e+00
0.700000 84.100000 1.106737197204e+00 -3.504062634116e-01 1.160884e+00
0.700000 84.125000 1.089021211227e+00 -3.646285904917e-01 1.148443e+00
0.700000 84.150000 1.071150118556e+00 -3.770601566548e-01 1.135578e+00
0.700000 84.175000 1.053361837707e+00 -3.878941122431e-01 1.122512e+00
0.700000 84.200000 1.035837440330e+00 -3.973670864612e-01 1.109441e+00
0.700000 84.225000 1.018690987581e+00 -4.057453457974e-01 1.096522e+00
0.700000 84.250000 1.001962763214e+00 -4.133083305640e-01 1.083860e+00
0.700000 84.275000 9.856165921637e-01 -4.203304418092e-01 1.071503e+00
0.700000 84.300000 9.695416991887e-01 -4.270621320506e-01 1.059431e+00
0.700000 84.325000 9.535592794845e-01 -4.337114686079e-01 1.047560e+00
0.700000 84.350000 9.374336419460e-01 -4.404273744131e-01 1.035740e+00
0.700000 84.375000 9.208874693507e-01 -4.472857011619e-01 1.023767e+00
0.700000 84.400000 9.036204432652e-01 -4.542791541512e-01 1.011385e+00
0.700000 84.425000 8.853302287663e-01 -4.613118754173e-01 9.983077e-01
0.700000 84.450000 8.657346255091e-01 -4.681992170831e-01 9.842291e-01
0.700000 84.475000 8.445935818824e-01 -4.746729206610e-01 9.688409e-01
0.700000 84.500000 8.217297457584e-01 -4.803915841494e-01 9.518486e-01
0.700000 84.525000 7.970462889188e-01 -4.849559714407e-01 9.329872e-01
0.700000 84.550000 7.705408859725e-01 -4.879284204769e-01 9.120348e-01
0.700000 84.575000 7.423149400113e-01 -4.888553566509e-01 8.888256e-01
0.700000 84.600000 7.125774099387e-01 -4.872917300000e-01 8.632611e-01
0.700000 84.625000 6.816428898869e-01 -4.828260769678e-01 8.353191e-01
0.700000 84.650000 6.499239009045e-01 -4.751048626359e-01 8.050625e-01
0.700000 84.675000 6.179176620954e-01 -4.638547854617e-01 7.726471e-01
0.700000 84.700000 5.861878980618e-01 -4.489018183575e-01 7.383286e-01
0.700000 84.725000 5.553425001196e-01 -4.301859100767e-01 7.024708e-01
0.700000 84.750000 5.260080811441e-01 -4.077704710000e-01 6.655533e-01
0.700000 84.775000 4.988026409084e-01 -3.818460091841e-01 6.281803e-01
0.700000 84.800000 4.743076842757e-01 -3.527275575961e-01 5.910876e-01
0.700000 84.825000 4.530412029796e-01 -3.208458333114e-01 5.551472e-01
0.700000 84.850000 4.354329374322e-01 -2.867323846988e-01 5.213610e-01
0.700000 84.875000 4.218032728077e-01 -2.509993020734e-01 4.908346e-01
0.700000 84.900000 4.123469895215e-01 -2.143143772996e-01 4.647157e-01
0.700000 84.925000 4.071228805094e-01 -1.773728819249e-01 4.440835e-01
0.700000 84.950000 4.060499688623e-01 -1.408673727157e-01 4.297909e-01
0.700000 84.975000 4.089107173386e-01 -1.054571078419e-01 4.222904e-01
0.700000 85.000000 4.153612306890e-01 -7.173874694732e-02 4.215109e-01
0.700000 85.025000 4.249480341602e-01 -4.021999772067e-02 4.268471e-01
0.700000 85.050000 4.371305947868e-01 -1.129775003142e-02 4.372766e-01
0.700000 85.075000 4.513083682928e-01 1.475799557066e-02 4.515496e-01
0.700000 85.100000 4.668508372316e-01 3.781343665388e-02 4.683797e-01
0.700000 85.125000 4.831287867452e-01 5.787296966362e-02 4.865827e-01
0.700000 85.150000 4.995449682285e-01 7.507381478181e-02 5.051547e-01
0.700000 85.175000 5.155623434023e-01 8.967369060776e-02 5.233029e-01
0.700000 85.200000 5.307282842221e-01 1.020324310480e-01 5.404472e-01
0.700000 85.225000 5.446934156193e-01 1.125888333992e-01 5.562078e-01
0.700000 85.250000 5.572242020994e-01 1.218343150204e-01 5.703879e-01
0.700000 85.275000 5.682088574512e-01 1.302851080317e-01 5.829541e-01
0.700000 85.300000 5.776566527749e-01 1.384547228832e-01 5.940176e-01
0.700000 85.325000 5.856911623021e-01 1.468282645327e-01 6.038151e-01
0.700000 85.350000 5.925383725937e-01 1.558399083482e-01 6.126890e-01
0.700000 85.375000 5.985108511409e-01 1.658544707472e-01 6.210660e-01
0.700000 85.400000 6.039893015157e-01 1.771535872442e-01 6.294335e-01
0.700000 85.425000 6.094028177029e-01 1.899265889151e-01 6.383133e-01
0.700000 85.450000 6.152090022242e-01 2.042657972041e-01 6.482335e-01
0.700000 85.475000 6.218748604081e-01 2.201656788766e-01 6.596979e-01
0.700000 85.500000 6.298590693388e-01 2.375251465357e-01 6.731572e-01
0.700000 85.525000 6.395958949454e-01 2.561522666361e-01 6.889825e-01
0.700000 85.550000 6.514807453145e-01 2.757707379340e-01 7.074438e-01
0.700000 85.575000 6.658571468663e-01 2.960277018049e-01 7.286962e-01
0.700000 85.600000 6.830048434222e-01 3.165026997636e-01 7.527746e-01
0.700000 85.625000 7.031287590607e-01 3.367178516670e-01 7.795954e-01
0.700000 85.650000 7.263487259524e-01 3.561495375650e-01 8.089654e-01
0.700000 85.675000 7.526901298160e-01 3.742419804004e-01 8.405947e-01
0.700000 85.700000 7.820759232394e-01 3.904231127874e-01 8.741127e-01
0.700000 85.725000 8.143207451728e-01 4.041229553303e-01 9.090840e-01
0.700000 85.750000 8.491281050029e-01 4.147944452196e-01 9.450254e-01
0.700000 85.775000 8.860916892176e-01 4.219362634543e-01 9.814218e-01
0.700000 85.800000 9.247017894150e-01 4.251167674088e-01 1.017741e+00
0.700000 85.825000 9.643576146948e-01 4.239977059435e-01 1.053451e+00
0.700000 85.850000 1.004385846382e+00 4.183560447823e-01 1.088032e+00
0.700000 85.875000 1.044065251039e+00 4.081020234662e-01 1.120990e+00
0.700000 85.900000 1.082656543733e+00 3.932915508050e-01 1.151878e+00
0.700000 85.925000 1.119436058737e+00 3.741312505273e-01 1.180301e+00
0.700000 85.950000 1.153731218067e+00 3.509748931092e-01 1.205935e+00
0.700000 85.975000 1.184955365874e+00 3.243105653918e-01 1.228534e+00
0.700000 86.000000 1.212639322211e+00 2.947386821987e-01 1.247944e+00
0.700000 86.025000 1.236457045288e+00 2.629417587473e-01 1.264106e+00
0.700000 86.050000 1.256243091105e+00 2.296476524337e-01 1.277061e+00
0.700000 86.075000 1.272000106674e+00 1.955886593421e-01 1.286950e+00
0.700000 86.100000 1.283895341676e+00 1.614593359511e-01 1.294008e+00
0.700000 86.125000 1.292246042163e+00 1.278761508483e-01 1.298558e+00
0.700000 86.150000 1.297494511091e+00 9.534202277795e-02 1.300993e+00
0.700000 86.175000 1.300174490072e+00 6.421846937794e-02 1.301759e+00
0.700000 86.200000 1.300871245767e+00 3.470750649562e-02 1.301334e+00
0.700000 86.225000 1.300178259521e+00 6.844659950742e-03 1.300196e+00
0.700000 86.250000 1.298653671083e+00 -1.949644028430e-02 1.298800e+00
0.700000 86.275000 1.296779597226e+00 -4.458832864505e-02 1.297546e+00
0.700000 86.300000 1.294927145992e+00 -6.882412820111e-02 1.296755e+00
0.700000 86.325000 1.293329418077e+00 -9.268412410332e-02 1.296646e+00
0.700000 86.350000 1.292064092888e+00 -1.166969734886e-01 1.297323e+00
0.700000 86.375000 1.291046416379e+00 -1.413982922660e-01 1.298766e+00
0.700000 86.400000 1.290032623379e+00 -1.672893672407e-01 1.300834e+00
0.700000 86.425000 1.288633114877e+00 -1.947985280464e-01 1.303273e+00
0.700000 86.450000 1.286334131275e+00 -2.242473233248e-01 1.305734e+00
0.700000 86.475000 1.282526254706e+00 -2.558231408631e-01 1.307792e+00
0.700000 86.500000 1.276537850708e+00 -2.895593592517e-01 1.308967e+00
0.700000 86.525000 1.267671510973e+00 -3.253235827825e-01 1.308750e+00
0.700000 86.550000 1.255241652720e+00 -3.628140433932e-01 1.306624e+00
0.700000 86.575000 1.238611621193e+00 -4.015638867793e-01 1.302080e+00
0.700000 86.600000 1.217228878577e+00 -4.409528062723e-01 1.294637e+00
0.700000 86.625000 1.190657097712e+00 -4.802253386070e-01 1.283854e+00
0.700000 86.650000 1.158604175644e+00 -5.185150638696e-01 1.269339e+00
0.700000 86.675000 1.120945320168e+00 -5.548739203517e-01 1.250761e+00
0.700000 86.700000 1.077740441559e+00 -5.883058133565e-01 1.227855e+00
0.700000 86.725000 1.029245119303e+00 -6.178036300850e-01 1.200428e+00
0.700000 86.750000 9.759144422763e-01 -6.423886479992e-01 1.168363e+00
0.700000 86.775000 9.183990808504e-01 -6.611511365086e-01 1.131626e+00
0.700000 86.800000 8.575330811701e-01 -6.732907162162e-01 1.090268e+00
0.700000 86.825000 7.943131072387e-01 -6.781547893830e-01 1.044427e+00
0.700000 86.850000 7.298692118146e-01 -6.752731367508e-01 9.943354e-01
0.700000 86.875000 6.654276879744e-01 -6.643866431093e-01 9.403210e-01
0.700000 86.900000 6.022671126384e-01 -6.454681187700e-01 8.828107e-01
0.700000 86.925000 5.416692933520e-01 -6.187333672015e-01 8.223361e-01
0.700000 86.950000 4.848674062767e-01 -5.846410324546e-01 7.595403e-01
0.700000 86.975000 4.329940944681e-01 -5.438803411606e-01 6.951904e-01
0.700000 87.000000 3.870326102835e-01 -4.973466035439e-01 6.301967e-01
0.700000 87.025000 3.477741745471e-01 -4.461052012407e-01 5.656472e-01
0.700000 87.050000 3.157845486141e-01 -3.913456914140e-01 5.028631e-01
0.700000 87.075000 2.913823613830e-01 -3.343285087700e-01 4.434853e-01
0.700000 87.100000 2.746310199045e-01 -2.763274591929e-01 3.895883e-01
0.700000 87.125000 2.653451080989e-01 -2.185716887605e-01 3.437755e-01
0.700000 87.150000 2.631111180457e-01 -1.621910163641e-01 3.090848e-01
0.700000 87.175000 2.673212559289e-01 -1.081684003064e-01 2.883766e-01
0.700000 87.200000 2.772180224314e-01 -5.730286435431e-02 2.830785e-01
0.700000 87.225000 2.919463852577e-01 -1.018546548249e-02 2.921240e-01
0.700000 87.250000 3.106097262557e-01 3.281009631966e-02 3.123378e-01
0.700000 87.275000 3.323254211872e-01 7.152176158361e-02 3.399346e-01
0.700000 87.300000 3.562759306346e-01 1.059790124948e-01 3.717043e-01
0.700000 87.325000 3.817516467152e-01 1.363702514004e-01 4.053778e-01
0.700000 87.350000 4.081824200125e-01 1.630004976659e-01 4.395248e-01
0.700000 87.375000 4.351556231539e-01 1.862429853014e-01 4.733359e-01
0.700000 87.400000 4.624197081062e-01 2.064886837164e-01 5.064282e-01
0.700000 87.425000 4.898733865292e-01 2.240978695442e-01 5.386982e-01
0.700000 87.450000 5.175417058871e-01 2.393576468468e-01 5.702118e-01
0.700000 87.475000 5.455413141092e-01 2.524487739033e-01 6.011204e-01
0.700000 87.500000 5.740380226389e-01 2.634243603863e-01 6.315948e-01
0.700000 87.525000 6.032003327863e-01 2.722020212256e-01 6.617738e-01
0.700000 87.550000 6.331528491418e-01 2.785699963168e-01 6.917252e-01
0.700000 87.575000 6.639334577600e-01 2.822066551788e-01 7.214210e-01
0.700000 87.600000 6.954578114408e-01 2.827117851429e-01 7.507247e-01
0.700000 87.625000 7.274940760104e-01 2.796471826808e-01 7.793909e-01
0.700000 87.650000 7.596501021610e-01 2.725833870897e-01 8.070750e-01
0.700000 87.675000 7.913742598447e-01 2.611489534522e-01 8.333499e-01
0.700000 87.700000 8.219701740946e-01 2.450784787166e-01 8.577286e-01
0.700000 87.725000 8.506246004310e-01 2.242556743345e-01 8.796890e-01
0.700000 87.750000 8.764467388772e-01 1.987481085764e-01 8.986989e-01
0.700000 87.775000 8.985164655513e-01 1.688307951217e-01 9.142405e-01
0.700000 87.800000 9.159383084324e-01 1.349965441829e-01 9.258332e-01
0.700000 87.825000 9.278975476477e-01 9.795187178172e-02 9.330533e-01
0.700000 87.850000 9.337146075527e-01 5.859822858154e-02 9.355516e-01
0.700000 87.875000 9.328939430026e-01 1.799930397102e-02 9.330676e-01
0.700000 87.900000 9.251639075431e-01 -2.266387666300e-02 9.254415e-01
0.700000 87.925000 9.105046150523e-01 -6.214747411680e-02 9.126231e-01
0.700000 87.950000 8.891615427217e-01 -9.920567130634e-02 8.946787e-01
0.700000 87.975000 8.616435317216e-01 -1.326540023324e-01 8.717951e-01
0.700000 88.000000 8.287048685987e-01 -1.614310852346e-01 8.442818e-01
0.700000 88.025000 7.913122097069e-01 -1.846546752986e-01 8.125715e-01
0.700000 88.050000 7.505981688748e-01 -2.016682488884e-01 7.772179e-01
0.700000 88.075000 7.078043473726e-01 -2.120748989636e-01 7.388929e-01
0.700000 88.100000 6.642173697230e-01 -2.157561421701e-01 6.983806e-01
0.700000 88.125000 6.211020324406e-01 -2.128742514437e-01 6.565693e-01
0.700000 88.150000 5.796359244718e-01 -2.038578661817e-01 6.144394e-01
0.700000 88.175000 5.408498085155e-01 -1.893718085912e-01 5.730447e-01
0.700000 88.200000 5.055776580988e-01 -1.702731566529e-01 5.334808e-01
0.700000 88.225000 4.744195509096e-01 -1.475565988497e-01 4.968369e-01
0.700000 88.250000 4.477196765222e-01 -1.222928406021e-01 4.641212e-01
0.700000 88.275000 4.255606021395e-01 -9.556428266047e-02 4.361586e-01
0.700000 88.300000 4.077737464971e-01 -6.840230828862e-02 4.134710e-01
0.700000 88.325000 3.939648414437e-01 -4.173028982512e-02 3.961688e-01
0.700000 88.350000 3.835521133474e-01 -1.631587885638e-02 3.838990e-01
0.700000 88.375000 3.758140811923e-01 7.264669389451e-03 3.758843e-01
0.700000 88.400000 3.699433129360e-01 2.864838990577e-02 3.710509e-01
0.700000 88.425000 3.651022464057e-01 4.769307025753e-02 3.682041e-01
0.700000 88.450000 3.604772736610e-01 6.447072229708e-02 3.661971e-01
0.700000 88.475000 3.553276839188e-01 7.924848978409e-02 3.640578e-01
0.700000 88.500000 3.490267061352e-01 9.245921547435e-02 3.610656e-01
0.700000 88.525000 3.410927119405e-01 1.046644389134e-01 3.567897e-01
0.700000 88.550000 3.312095430410e-01 1.165128625267e-01 3.511054e-01
0.700000 88.575000 3.192358216644e-01 1.286973078363e-01 3.442013e-01
0.700000 88.600000 3.052039028875e-01 1.419129147105e-01 3.365839e-01
0.700000 88.625000 2.893097653692e-01 1.568188683306e-01 3.290780e-01
0.700000 88.650000 2.718955675279e-01 1.740053420504e-01 3.228081e-01
0.700000 88.675000 2.534268024699e-01 1.939666982299e-01 3.191367e-01
0.700000 88.700000 2.344659775724e-01 2.170813698349e-01 3.195287e-01
0.700000 88.725000 2.156445584114e-01 2.435983179344e-01 3.253348e-01
0.700000 88.750000 1.976346046157e-01 2.736295702930e-01 3.375390e-01
0.700000 88.775000 1.811211498884e-01 3.071481169144e-01 3.565737e-01
0.700000 88.800000 1.667760032961e-01 3.439903682798e-01 3.822873e-01
0.700000 88.825000 1.552333294895e-01 3.838624476580e-01 4.140625e-01
0.700000 88.850000 1.470671424500e-01 4.263497497609e-01 4.510021e-01
0.700000 88.875000 1.427707418367e-01 4.709294037251e-01 4.920955e-01
0.700000 88.900000 1.427381332367e-01 5.169854765434e-01 5.363284e-01
0.700000 88.925000 1.472475842382e-01 5.638268971465e-01 5.827372e-01
0.700000 88.950000 1.564476425045e-01 6.107081372353e-01 6.304287e-01
0.700000 88.975000 1.703461358484e-01 6.568526353344e-01 6.785817e-01
0.700000 89.000000 1.888028413942e-01 7.014787965438e-01 7.264427e-01
0.700000 89.025000 2.115266097190e-01 7.438281607299e-01 7.733200e-01
0.700000 89.050000 2.380777295395e-01 7.831950391063e-01 8.185814e-01
0.700000 89.075000 2.678762029569e-01 8.189566147918e-01 8.616540e-01
0.700000 89.100000 3.002163709676e-01 8.506022310403e-01 9.020277e-01
0.700000 89.125000 3.342880001841e-01 8.777603919298e-01 9.392613e-01
0.700000 89.150000 3.692035439088e-01 9.002219059370e-01 9.729906e-01
0.700000 89.175000 4.040308618619e-01 9.179576320353e-01 1.002939e+00
0.700000 89.200000 4.378302644316e-01 9.311294453894e-01 1.028930e+00
0.700000 89.225000 4.696943788364e-01 9.400933160827e-01 1.050899e+00
0.700000 89.250000 4.987890492765e-01 9.453937684765e-01 1.068906e+00
0.700000 89.275000 5.243933046477e-01 9.477494313083e-01 1.083152e+00
0.700000 89.300000 5.459363682930e-01 9.480298658203e-01 1.093987e+00
0.700000 89.325000 5.630297462626e-01 9.472243372868e-01 1.101924e+00
0.700000 89.350000 5.754926059069e-01 9.464036437623e-01 1.107642e+00
0.700000 89.375000 5.833689308296e-01 9.466765097531e-01 1.111987e+00
0.700000 89.400000 5.869352926291e-01 9.491423734045e-01 1.115959e+00
0.700000 89.425000 5.866984945116e-01 9.548426315711e-01 1.120687e+00
0.700000 89.450000 5.833827972872e-01 9.647125507533e-01 1.127389e+00
0.700000 89.475000 5.779069164746e-01 9.795360997453e-01 1.137307e+00
0.700000 89.500000 5.713514636422e-01 9.999059102030e-01 1.151631e+00
0.700000 89.525000 5.649179796256e-01 1.026190423262e+00 1.171409e+00
0.700000 89.550000 5.598811549854e-01 1.058510033494e+00 1.197460e+00
0.700000 89.575000 5.575362350927e-01 1.096723696983e+00 1.230305e+00
0.700000 89.600000 5.591439419765e-01 1.140427032290e+00 1.270124e+00
0.700000 89.625000 5.658754886360e-01 1.188962420790e+00 1.316756e+00
0.700000 89.650000 5.787603892750e-01 1.241441022973e+00 1.369722e+00
0.700000 89.675000 5.986397581014e-01 1.296775994734e+00 1.428285e+00
0.700000 89.700000 6.261276226295e-01 1.353725546713e+00 1.491512e+00
0.700000 89.725000 6.615824466881e-01 1.410943881874e+00 1.558350e+00
0.700000 89.750000 7.050905679648e-01 1.467037518238e+00 1.627683e+00
0.700000 89.775000 7.564626241257e-01 1.520624101683e+00 1.698391e+00
0.700000 89.800000 8.152433048985e-01 1.570390579942e+00 1.769392e+00
0.700000 89.825000 8.807339734201e-01 1.615147574559e+00 1.839672e+00
0.700000 89.850000 9.520269072558e-01 1.653876968710e+00 1.908315e+00
0.700000 89.875000 1.028049181168e+00 1.685770122300e+00 1.974514e+00
0.700000 89.900000 1.107613611396e+00 1.710254708481e+00 2.037591e+00
0.700000 89.925000 1.189473757390e+00 1.727008894971e+00 2.097000e+00
0.700000 89.950000 1.272379768779e+00 1.735962411602e+00 2.152328e+00
0.700000 89.975000 1.355131889916e+00 1.737284884551e+00 2.203302e+00
0.700000 90.000000 1.436628686197e+00 1.731362608110e+00 2.249782e+00
0.700000 90.025000 1.515907508042e+00 1.718765602474e+00 2.291753e+00
0.700000 90.050000 1.592175313733e+00 1.700207319635e+00 2.329319e+00
0.700000 90.075000 1.664828671986e+00 1.676499676584e+00 2.362690e+00
0.700000 90.100000 1.733462494422e+00 1.648506204527e+00 2.392167e+00
0.700000 90.125000 1.797867744742e+00 1.617096015663e+00 2.418125e+00
0.700000 90.150000 1.858018982831e+00 1.583101034913e+00 2.440992e+00
0.700000 90.175000 1.914053091659e+00 1.547278566087e+00 2.461233e+00
0.700000 90.200000 1.966240884497e+00 1.510280809981e+00 2.479325e+00
0.700000 90.225000 2.014953500805e+00 1.472632474089e+00 2.495733e+00
0.700000 90.250000 2.060625587947e+00 1.434717150162e+00 2.510894e+00
0.700000 90.275000 2.103717260460e+00 1.396772713473e+00 2.525193e+00
0.700000 90.300000 2.144676760303e+00 1.358895627365e+00 2.538944e+00
0.700000 90.325000 2.183905638297e+00 1.321053714518e+00 2.552377e+00
0.700000 90.350000 2.221728157384e+00 1.283106666936e+00 2.565626e+00
0.700000 90.375000 2.258366487047e+00 1.244833289443e+00 2.578726e+00
0.700000 90.400000 2.293923105676e+00 1.205964187726e+00 2.591608e+00
0.700000 90.425000 2.328371631973e+00 1.166218312342e+00 2.604108e+00
0.700000 90.450000 2.361557039146e+00 1.125341459620e+00 2.615979e+00
0.700000 90.475000 2.393205839101e+00 1.083144531900e+00 2.626906e+00
0.700000 90.500000 2.422946340207e+00 1.039539112241e+00 2.636534e+00
0.700000 90.525000 2.450338480817e+00 9.945677641295e-01 2.644489e+00
0.700000 90.550000 2.474912044304e+00 9.484264803077e-01 2.650416e+00
0.700000 90.575000 2.496211317433e+00 9.014769260232e-01 2.654003e+00
0.700000 90.600000 2.513843533005e+00 8.542465832739e-01 2.655023e+00
0.700000 90.625000 2.527527826014e+00 8.074156096690e-01 2.653360e+00
0.700000 90.650000 2.537141021396e+00 7.617901507509e-01 2.649039e+00
0.700000 90.675000 2.542756443642e+00 7.182629248948e-01 2.642255e+00
0.700000 90.700000 2.544672154422e+00 6.777630398550e-01 2.633385e+00
0.700000 90.725000 2.543425609521e+00 6.411980810004e-01 2.623004e+00
0.700000 90.750000 2.539792662390e+00 6.093924047905e-01 2.611878e+00
0.700000 90.775000 2.534770063318e+00 5.830261557323e-01 2.600957e+00
0.700000 90.800000 2.529542001633e+00 5.625797042294e-01 2.591347e+00
0.700000 90.825000 2.525432670746e+00 5.482879204535e-01 2.584266e+00
0.700000 90.850000 2.523848141945e+00 5.401079522116e-01 2.580993e+00
0.700000 90.875000 2.526211854210e+00 5.377030172083e-01 2.582803e+00
0.700000 90.900000 2.533898629323e+00 5.404432621872e-01 2.590892e+00
0.700000 90.925000 2.548172212693e+00 5.474231386019e-01 2.606310e+00
0.700000 90.950000 2.570130888083e+00 5.574931800814e-01 2.629900e+00
0.700000 90.975000 2.600664753045e+00 5.693027297970e-01 2.662248e+00
0.700000 91.000000 2.640426872423e+00 5.813492253471e-01 2.703668e+00
0.700000 91.025000 2.689818907590e+00 5.920292313696e-01 2.754201e+00
0.700000 91.050000 2.748990146100e+00 5.996865800363e-01 2.813640e+00
0.700000 91.075000 2.817847341480e+00 6.026537273143e-01 2.881572e+00
0.700000 91.100000 2.896071614212e+00 5.992836730073e-01 2.957427e+00
0.700000 91.125000 2.983138020736e+00 5.879713721184e-01 3.040530e+00
0.700000 91.150000 3.078333362172e+00 5.671652812152e-01 3.130146e+00
0.700000 91.175000 3.180768395396e+00 5.353713094341e-01 3.225509e+00
0.700000 91.200000 3.289381759281e+00 4.911527583134e-01 3.325848e+00
0.700000 91.225000 3.402934495421e+00 4.331306525097e-01 3.430389e+00
0.700000 91.250000 3.519995822462e+00 3.599890614685e-01 3.538356e+00
0.700000 91.275000 3.638922580113e+00 2.704895477024e-01 3.648962e+00
0.700000 91.300000 3.757836254741e+00 1.634977962480e-01 3.761391e+00
0.700000 91.325000 3.874602525448e+00 3.802391205958e-02 3.874789e+00
0.700000 91.350000 3.986818679823e+00 -1.067239847537e-01 3.988247e+00
0.700000 91.375000 4.091813975557e+00 -2.712751423192e-01 4.100796e+00
0.700000 91.400000 4.186667092930e+00 -4.558245227876e-01 4.211408e+00
0.700000 91.425000 4.268243348243e+00 -6.601593793623e-01 4.318994e+00
0.700000 91.450000 4.333252508201e+00 -8.835900302377e-01 4.422421e+00
0.700000 91.475000 4.378326096928e+00 -1.124890818650e+00 4.520522e+00
0.700000 91.500000 4.400111271553e+00 -1.382256607353e+00 4.612116e+00
0.700000 91.525000 4.395376888694e+00 -1.653278952089e+00 4.696027e+00
0.700000 91.550000 4.361126466206e+00 -1.934944512162e+00 4.771104e+00
0.700000 91.575000 4.294712454315e+00 -2.223656518824e+00 4.836239e+00
0.700000 91.600000 4.193946563439e+00 -2.515278482612e+00 4.890380e+00
0.700000 91.625000 4.057201752553e+00 -2.805198006473e+00 4.932547e+00
0.700000 91.650000 3.883502679959e+00 -3.088407752401e+00 4.961840e+00
0.700000 91.675000 3.672602722401e+00 -3.359600369669e+00 4.977442e+00
0.700000 91.700000 3.425046826717e+00 -3.613274515469e+00 4.978624e+00
0.700000 91.725000 3.142220243205e+00 -3.843849864449e+00 4.964749e+00
0.700000 91.750000 2.826383438686e+00 -4.045790006589e+00 4.935267e+00
0.700000 91.775000 2.480693131602e+00 -4.213733110911e+00 4.889722e+00
0.700000 91.800000 2.109208476805e+00 -4.342630907817e+00 4.827753e+00
0.700000 91.825000 1.716880113789e+00 -4.427896668069e+00 4.749100e+00
0.700000 91.850000 1.309518336478e+00 -4.465562258644e+00 4.653610e+00
0.700000 91.875000 8.937353679245e-01 -4.452442973158e+00 4.541257e+00
0.700000 91.900000 4.768559708092e-01 -4.386306738017e+00 4.412151e+00
0.700000 91.925000 6.679070267224e-02 -4.266041692169e+00 4.266565e+00
0.700000 91.950000 -3.281327437403e-01 -4.091813355413e+00 4.104949e+00
0.700000 91.975000 -6.993823960074e-01 -3.865200048964e+00 3.927965e+00
0.700000 92.000000 -1.038477972857e+00 -3.589293356763e+00 3.736504e+00
0.700000 92.025000 -1.337284676553e+00 -3.268749634991e+00 3.531721e+00
0.700000 92.050000 -1.588334833168e+00 -2.909779219453e+00 3.315060e+00
0.700000 92.075000 -1.785162762785e+00 -2.520062232883e+00 3.088288e+00
0.700000 92.100000 -1.922634218589e+00 -2.108583761120e+00 2.853533e+00
0.700000 92.125000 -1.997248853417e+00 -1.685386451574e+00 2.613337e+00
0.700000 92.150000 -2.007392940232e+00 -1.261244898427e+00 2.370731e+00
0.700000 92.175000 -1.953520332572e+00 -8.472729621195e-01 2.129346e+00
0.700000 92.200000 -1.838242548988e+00 -4.544817629984e-01 1.893592e+00
0.700000 92.225000 -1.666313821264e+00 -9.331179056965e-02 1.668924e+00
0.700000 92.250000 -1.444503644348e+00 2.268332771684e-01 1.462205e+00
0.700000 92.275000 -1.181357279606e+00 4.980213812360e-01 1.282041e+00
0.700000 92.300000 -8.868531017193e-01 7.141662155355e-01 1.138658e+00
0.700000 92.325000 -5.719738598525e-01 8.713142891060e-01 1.042278e+00
0.700000 92.350000 -2.482160524242e-01 9.678238101862e-01 9.991467e-01
0.700000 92.375000 7.293302340989e-02 1.004421562109e+00 1.007066e+00
0.700000 92.400000 3.805179483914e-01 9.841325836301e-01 1.055135e+00
0.700000 92.425000 6.646046043915e-01 9.120867024811e-01 1.128540e+00
0.700000 92.450000 9.167057135406e-01 7.952149560884e-01 1.213555e+00
0.700000 92.475000 1.130116738883e+00 6.418568407564e-01 1.299671e+00
0.700000 92.500000 1.300143341777e+00 4.613054398982e-01 1.379556e+00
0.700000 92.525000 1.424209956104e+00 2.633212558625e-01 1.448348e+00
0.700000 92.550000 1.501848029360e+00 5.764671023252e-02 1.502954e+00
0.700000 92.575000 1.534571259345e+00 -1.464482468889e-01 1.541543e+00
0.700000 92.600000 1.525652929575e+00 -3.405629329189e-01 1.563202e+00
0.700000 92.625000 1.479826550144e+00 -5.174845658180e-01 1.567698e+00
0.700000 92.650000 1.402934970878e+00 -6.714154012615e-01 1.555322e+00
0.700000 92.675000 1.301554714192e+00 -7.981028492009e-01 1.526765e+00
0.700000 92.700000 1.182621492049e+00 -8.948746631288e-01 1.483035e+00
0.700000 92.725000 1.053079978878e+00 -9.605880267466e-01 1.425380e+00
0.700000 92.750000 9.195763618903e-01 -9.955066484042e-01 1.355232e+00
0.700000 92.775000 7.882065702811e-01 -1.001123445007e+00 1.274173e+00
0.700000 92.800000 6.643270471059e-01 -9.799479039597e-01 1.183904e+00
0.700000 92.825000 5.524291103035e-01 -9.352768237376e-01 1.086242e+00
0.700000 92.850000 4.560729070330e-01 -8.709651161076e-01 9.831494e-01
0.700000 92.875000 3.778731128547e-01 -7.912101206481e-01 8.768133e-01
0.700000 92.900000 3.195261035828e-01 -7.003589397251e-01 7.698049e-01
0.700000 92.925000 2.818673845594e-01 -6.027441768000e-01 6.653944e-01
0.700000 92.950000 2.649484752098e-01 -5.025496391284e-01 5.681143e-01
0.700000 92.975000 2.681239475109e-01 -4.037044381652e-01 4.846315e-01
0.700000 93.000000 2.901415399771e-01 -3.098017446006e-01 4.244517e-01
0.700000 93.025000 3.292308068810e-01 -2.240373357205e-01 3.982281e-01
0.700000 93.050000 3.831882226743e-01 -1.491629678045e-01 4.111968e-01
0.700000 93.075000 4.494587139892e-01 -8.745034550797e-02 4.578872e-01
0.700000 93.100000 5.252150054522e-01 -4.066278245231e-02 5.267867e-01
0.700000 93.125000 6.074368291827e-01 -1.003324514051e-02 6.075197e-01
0.700000 93.150000 6.929919707810e-01 3.750961304610e-03 6.930021e-01
0.700000 93.175000 7.787204229213e-01 5.553367207976e-04 7.787206e-01
0.700000 93.200000 8.615217863927e-01 -1.920515477516e-02 8.617358e-01
0.700000 93.225000 9.384447354832e-01 -5.458242651327e-02 9.400307e-01
0.700000 93.250000 1.006776092322e+00 -1.041267522490e-01 1.012146e+00
0.700000 93.275000 1.064126044473e+00 -1.659346632246e-01 1.076986e+00
0.700000 93.300000 1.108505444503e+00 -2.377133283347e-01 1.133707e+00
0.700000 93.325000 1.138391027294e+00 -3.168601367185e-01 1.181666e+00
0.700000 93.350000 1.152774769859e+00 -4.005549015849e-01 1.220383e+00
0.700000 93.375000 1.151194428191e+00 -4.858610232018e-01 1.249524e+00
0.700000 93.400000 1.133743392811e+00 -5.698312109780e-01 1.268890e+00
0.700000 93.425000 1.101059257390e+00 -6.496130324232e-01 1.278409e+00
0.700000 93.450000 1.054291739134e+00 -7.225496306863e-01 1.278127e+00
0.700000 93.475000 9.950516927412e-01 -7.862713774461e-01 1.268208e+00
0.700000 93.500000 9.253438280905e-01 -8.387749097560e-01 1.248921e+00
0.700000 93.525000 8.474863300816e-01 -8.784868244727e-01 1.220644e+00
0.700000 93.550000 7.640208907519e-01 -9.043101609208e-01 1.183852e+00
0.700000 93.575000 6.776167430049e-01 -9.156526011943e-01 1.139116e+00
0.700000 93.600000 5.909722020073e-01 -9.124360018019e-01 1.087101e+00
0.700000 93.625000 5.067170525908e-01 -8.950874234910e-01 1.028564e+00
0.700000 93.650000 4.273189369187e-01 -8.645122681586e-01 9.643562e-01
0.700000 93.675000 3.549967397316e-01 -8.220505098831e-01 8.954271e-01
0.700000 93.700000 2.916438488560e-01 -7.694173805209e-01 8.228361e-01
0.700000 93.725000 2.387640617838e-01 -7.086302933884e-01 7.477735e-01
0.700000 93.750000 1.974227618800e-01 -6.419242949335e-01 6.715970e-01
0.700000 93.775000 1.682157308032e-01 -5.716589252886e-01 5.958947e-01
0.700000 93.800000 1.512575280272e-01 -5.002200078118e-01 5.225886e-01
0.700000 93.825000 1.461907026260e-01 -4.299205034105e-01 4.540962e-01
0.700000 93.850000 1.522161885129e-01 -3.629050601570e-01 3.935351e-01
0.700000 93.875000 1.681440970977e-01 -3.010631548155e-01 3.448354e-01
0.700000 93.900000 1.924628321558e-01 -2.459556616144e-01 3.123077e-01
0.700000 93.925000 2.234231232207e-01 -1.987592241534e-01 2.990370e-01
0.700000 93.950000 2.591323473044e-01 -1.602319222720e-01 3.046701e-01
0.700000 93.975000 2.976535356896e-01 -1.307024451121e-01 3.250858e-01
0.700000 94.000000 3.371028826081e-01 -1.100833896743e-01 3.546219e-01
0.700000 94.025000 3.757394921602e-01 -9.790753676323e-02 3.882860e-01
0.700000 94.050000 4.120415734100e-01 -9.338418557480e-02 4.224913e-01
0.700000 94.075000 4.447643122908e-01 -9.547104203166e-02 4.548956e-01
0.700000 94.100000 4.729761370217e-01 -1.029559333322e-01 4.840520e-01
0.700000 94.125000 4.960719145815e-01 -1.145419080852e-01 5.091239e-01
0.700000 94.150000 5.137635868040e-01 -1.289291701152e-01 5.296940e-01
0.700000 94.175000 5.260506689173e-01 -1.448878090205e-01 5.456389e-01
0.700000 94.200000 5.331746852671e-01 -1.613163831050e-01 5.570442e-01
0.700000 94.225000 5.355628284520e-01 -1.772829630140e-01 5.641425e-01
0.700000 94.250000 5.337667715133e-01 -1.920470848943e-01 5.672645e-01
0.700000 94.275000 5.284025774295e-01 -2.050629840346e-01 5.667981e-01
0.700000 94.300000 5.200970498934e-01 -2.159662696629e-01 5.631539e-01
0.700000 94.325000 5.094447407414e-01 -2.245476637526e-01 5.567366e-01
0.700000 94.350000 4.969783198696e-01 -2.307184094405e-01 5.479219e-01
0.700000 94.375000 4.831533118316e-01 -2.344723676846e-01 5.370423e-01
0.700000 94.400000 4.683465150678e-01 -2.358496454040e-01 5.243792e-01
0.700000 94.425000 4.528659405791e-01 -2.349058878252e-01 5.101650e-01
0.700000 94.450000 4.369689983051e-01 -2.316902382906e-01 4.945930e-01
0.700000 94.475000 4.208850293716e-01 -2.262335822575e-01 4.778345e-01
0.700000 94.500000 4.048381734526e-01 -2.185472335732e-01 4.600618e-01
0.700000 94.525000 3.890669478023e-01 -2.086308734347e-01 4.414747e-01
0.700000 94.550000 3.738377120979e-01 -1.964874732254e-01 4.223292e-01
0.700000 94.575000 3.594502687113e-01 -1.821422344165e-01 4.029644e-01
0.700000 94.600000 3.462350427469e-01 -1.656623175985e-01 3.838264e-01
0.700000 94.625000 3.345424379945e-01 -1.471743032514e-01 3.654845e-01
0.700000 94.650000 3.247259302207e-01 -1.268768676340e-01 3.486326e-01
0.700000 94.675000 3.171211310694e-01 -1.050469627529e-01 3.340669e-01
0.700000 94.700000 3.120233761550e-01 -8.203872804357e-02 3.226282e-01
0.700000 94.725000 3.096663547536e-01 -5.827529544356e-02 3.151020e-01
0.700000 94.750000 3.102039505655e-01 -3.423445513745e-02 3.120873e-01
0.700000 94.775000 3.136968873166e-01 -1.042973309485e-02 3.138702e-01
0.700000 94.800000 3.201050771766e-01 1.261125821297e-02 3.203534e-01
0.700000 94.825000 3.292858675683e-01 3.436930399808e-02 3.310747e-01
0.700000 94.850000 3.409977744576e-01 5.435522709431e-02 3.453027e-01
0.700000 94.875000 3.549088526586e-01 7.212939090631e-02 3.621642e-01
0.700000 94.900000 3.706086249962e-01 8.731824367615e-02 3.807561e-01
0.700000 94.925000 3.876224719809e-01 9.962754581956e-02 4.002210e-01
0.700000 94.950000 4.054275356144e-01 1.088522980366e-01 4.197860e-01
0.700000 94.975000 4.234694517413e-01 1.148836214896e-01 4.387763e-01
0.700000 95.000000 4.411795176287e-01 1.177129105804e-01 4.566133e-01
0.700000 95.025000 4.579921486444e-01 1.174334965620e-01 4.728080e-01
0.700000 95.050000 4.733626181524e-01 1.142398699280e-01 4.869527e-01
0.700000 95.075000 4.867850720099e-01 1.084242762559e-01 4.987139e-01
0.700000 95.100000 4.978106592632e-01 1.003702976703e-01 5.078284e-01
0.700000 95.125000 5.060653523279e-01 9.054292875241e-02 5.141013e-01
0.700000 95.150000 5.112666990643e-01 7.947470157485e-02 5.174069e-01
0.700000 95.175000 5.132384291934e-01 6.774763144618e-02 5.176905e-01
0.700000 95.200000 5.119216063915e-01 5.597113153408e-02 5.149723e-01
0.700000 95.225000 5.073809435764e-01 4.475653685010e-02 5.093511e-01
0.700000 95.250000 4.998050285437e-01 3.468941574243e-02 5.010074e-01
0.700000 95.275000 4.894995549659e-01 2.630134402919e-02 4.902056e-01
0.700000 95.300000 4.768731987471e-01 2.004318518892e-02 4.772942e-01
0.700000 95.325000 4.624164663079e-01 1.626208400779e-02 4.627023e-01
0.700000 95.350000 4.466745865253e-01 1.518429047846e-02 4.469326e-01
0.700000 95.375000 4.302162227327e-01 1.690556990807e-02 4.305483e-01
0.700000 95.400000 4.136003446647e-01 2.139034738062e-02 4.141531e-01
0.700000 95.425000 3.973439351873e-01 2.847994055456e-02 3.983633e-01
0.700000 95.450000 3.818932526532e-01 3.790934504371e-02 3.837702e-01
0.700000 95.475000 3.676011031065e-01 4.933116041994e-02 3.708964e-01
0.700000 95.500000 3.547120152627e-01 6.234449472790e-02 3.601492e-01
0.700000 95.525000 3.433564136235e-01 7.652616163039e-02 3.517810e-01
0.700000 95.550000 3.335539432882e-01 9.146126070999e-02 3.458662e-01
0.700000 95.575000 3.252251279376e-01 1.067703445342e-01 3.423029e-01
0.700000 95.600000 3.182096610223e-01 1.221308192360e-01 3.408421e-01
0.700000 95.625000 3.122889512112e-01 1.372909489171e-01 3.411352e-01
0.700000 95.650000 3.072101544037e-01 1.520757513667e-01 3.427902e-01
0.700000 95.675000 3.027088779095e-01 1.663850704114e-01 3.454224e-01
0.700000 95.700000 2.985280465556e-01 1.801850639698e-01 3.486913e-01
0.700000 95.725000 2.944310398257e-01 1.934951361361e-01 3.523209e-01
0.700000 95.750000 2.902080678808e-01 2.063728656435e-01 3.561046e-01
0.700000 95.775000 2.856757460768e-01 2.188996736581e-01 3.598996e-01
0.700000 95.800000 2.806708287110e-01 2.311698038817e-01 3.636146e-01
0.700000 95.825000 2.750399476494e-01 2.432846746364e-01 3.671980e-01
0.700000 95.850000 2.686278581478e-01 2.553538652540e-01 3.706299e-01
0.700000 95.875000 2.612670375143e-01 2.675030116679e-01 3.739229e-01
0.700000 95.900000 2.527714641250e-01 2.798878257422e-01 3.771347e-01
0.700000 95.925000 2.429370188012e-01 2.927124459080e-01 3.803932e-01
0.700000 95.950000 2.315502342404e-01 3.062494939326e-01 3.839326e-01
0.700000 95.975000 2.184061453455e-01 3.208586557973e-01 3.881385e-01
0.700000 96.000000 2.033348671375e-01 3.370003951729e-01 3.935916e-01
0.700000 96.025000 1.862353678433e-01 3.552415798905e-01 4.010987e-01
0.700000 96.050000 1.671138371610e-01 3.762503487080e-01 4.116933e-01
0.700000 96.075000 1.461231891069e-01 4.007784222705e-01 4.265857e-01
0.700000 96.100000 1.235996802634e-01 4.296301896597e-01 4.470559e-01
0.700000 96.125000 1.000924334013e-01 4.636191765195e-01 4.743008e-01
0.700000 96.150000 7.638186414417e-02 5.035138041628e-01 5.092743e-01
0.700000 96.175000 5.348360848073e-02 5.499755598071e-01 5.525700e-01
0.700000 96.200000 3.263549990507e-02 6.034937024074e-01 6.043755e-01
0.700000 96.225000 1.526637405196e-02 6.643213301024e-01 6.644967e-01
0.700000 96.250000 2.946888784634e-03 7.324179628444e-01 7.324239e-01
0.700000 96.275000 -2.675974479611e-03 8.074037065870e-01 8.074081e-01
0.700000 96.300000 4.236284165079e-05 8.885295559824e-01 8.885296e-01
0.700000 96.325000 1.265646798548e-02 9.746674870927e-01 9.747497e-01
0.700000 96.350000 3.653972845786e-02 1.064322748051e+00 1.064950e+00
0.700000 96.375000 7.279555651386e-02 1.155669259624e+00 1.157960e+00
0.700000 96.400000 1.221770809813e-01 1.246607396976e+00 1.252580e+00
0.700000 96.425000 1.850211621587e-01 1.334841761212e+00 1.347604e+00
0.700000 96.450000 2.612018289128e-01 1.417974993584e+00 1.441832e+00
0.700000 96.475000 3.501070809463e-01 1.493612362825e+00 1.534097e+00
0.700000 96.500000 4.506414965291e-01 1.559470880767e+00 1.623277e+00
0.700000 96.525000 5.612553409762e-01 1.613486165084e+00 1.708316e+00
0.700000 96.550000 6.799990129057e-01 1.653910231556e+00 1.788244e+00
0.700000 96.575000 8.045998390029e-01 1.679393885109e+00 1.862188e+00
0.700000 96.600000 9.325565838516e-01 1.689048369453e+00 1.929390e+00
0.700000 96.625000 1.061245721912e+00 1.682482366147e+00 1.989218e+00
0.700000 96.650000 1.188032645626e+00 1.659812200554e+00 2.041176e+00
0.700000 96.675000 1.310380645094e+00 1.621645074372e+00 2.084905e+00
0.700000 96.700000 1.425950734947e+00 1.569037138347e+00 2.120192e+00
0.700000 96.725000 1.532686215871e+00 1.503430069751e+00 2.146958e+00
0.700000 96.750000 1.628877180830e+00 1.426571359131e+00 2.165259e+00
0.700000 96.775000 1.713201897536e+00 1.340424594427e+00 2.175270e+00
0.700000 96.800000 1.784743964684e+00 1.247076551917e+00 2.177271e+00
0.700000 96.825000 1.842986166558e+00 1.148647808608e+00 2.171633e+00
0.700000 96.850000 1.887783844088e+00 1.047212886045e+00 2.158792e+00
0.700000 96.875000 1.919322174793e+00 9.447346896772e-01 2.139234e+00
0.700000 96.900000 1.938062852314e+00 8.430163468949e-01 2.113472e+00
0.700000 96.925000 1.944686169424e+00 7.436716427539e-01 2.082031e+00
0.700000 96.950000 1.940034387626e+00 6.481133055111e-01 2.045430e+00
0.700000 96.975000 1.925061541470e+00 5.575566121988e-01 2.004178e+00
0.700000 97.000000 1.900793563705e+00 4.730343589100e-01 1.958769e+00
0.700000 97.025000 1.868300974985e+00 3.954183246412e-01 1.909687e+00
0.700000 97.050000 1.828684549662e+00 3.254420480878e-01 1.857417e+00
0.700000 97.075000 1.783072560278e+00 2.637200615702e-01 1.802469e+00
0.700000 97.100000 1.732626629022e+00 2.107596398569e-01 1.745398e+00
0.700000 97.125000 1.678552058981e+00 1.669625097754e-01 1.686835e+00
0.700000 97.150000 1.622107917003e+00 1.326156586413e-01 1.627520e+00
0.700000 97.175000 1.564612163122e+00 1.078721688404e-01 1.568326e+00
0.700000 97.200000 1.507437764178e+00 9.272467356449e-02 1.510287e+00
0.700000 97.225000 1.451996912156e+00 8.697537041826e-02 1.454600e+00
0.700000 97.250000 1.399712046713e+00 9.020738028996e-02 1.402616e+00
0.700000 97.275000 1.351974164078e+00 1.017624927827e-01 1.355799e+00
0.700000 97.300000 1.310090664451e+00 1.207299633543e-01 1.315642e+00
0.700000 97.325000 1.275226532808e+00 1.459500639941e-01 1.283551e+00
0.700000 97.350000 1.248343777331e+00 1.760346525796e-01 1.260694e+00
0.700000 97.375000 1.230144630631e+00 2.094052861710e-01 1.247841e+00
0.700000 97.400000 1.221023983398e+00 2.443475656072e-01 1.245233e+00
0.700000 97.425000 1.221035875171e+00 2.790786775199e-01 1.252523e+00
0.700000 97.450000 1.229877692360e+00 3.118236926935e-01 1.268792e+00
0.700000 97.475000 1.246894161205e+00 3.408952427253e-01 1.292654e+00
0.700000 97.500000 1.271101457727e+00 3.647708265578e-01 1.322406e+00
0.700000 97.525000 1.301229991876e+00 3.821622206530e-01 1.356189e+00
0.700000 97.550000 1.335782855942e+00 3.920722357352e-01 1.392134e+00
0.700000 97.575000 1.373105723642e+00 3.938352696698e-01 1.428470e+00
0.700000 97.600000 1.411463260760e+00 3.871395930053e-01 1.463593e+00
0.700000 97.625000 1.449116911694e+00 3.720308877465e-01 1.496111e+00
0.700000 97.650000 1.484399242154e+00 3.488980564048e-01 1.524851e+00
0.700000 97.675000 1.515780767490e+00 3.184435651147e-01 1.548870e+00
0.700000 97.700000 1.541926250831e+00 2.816414621238e-01 1.567437e+00
0.700000 97.725000 1.561738657751e+00 2.396866581070e-01 1.580024e+00
0.700000 97.750000 1.574390140601e+00 1.939390662748e-01 1.586290e+00
0.700000 97.775000 1.579340447951e+00 1.458658355314e-01 1.586062e+00
0.700000 97.800000 1.576343901124e+00 9.698427380023e-02 1.579325e+00
0.700000 97.825000 1.565446488852e+00 4.880728565523e-02 1.566207e+00
0.700000 97.850000 1.546974697595e+00 2.792381758941e-03 1.546977e+00
0.700000 97.875000 1.521517468278e+00 -3.970531274872e-02 1.522035e+00
0.700000 97.900000 1.489902244237e+00 -7.747602038742e-02 1.491915e+00
0.700000 97.925000 1.453165572290e+00 -1.094943253194e-01 1.457285e+00
0.700000 97.950000 1.412518269630e+00 -1.349541497447e-01 1.418950e+00
0.700000 97.975000 1.369304891655e+00 -1.532992039644e-01 1.377859e+00
0.700000 98.000000 1.324957215841e+00 -1.642478903281e-01 1.335099e+00
0.700000 98.025000 1.280941735056e+00 -1.678111026393e-01 1.291887e+00
0.700000 98.050000 1.238701717827e+00 -1.643009481671e-01 1.249551e+00
0.700000 98.075000 1.199595178847e+00 -1.543282479405e-01 1.209482e+00
0.700000 98.100000 1.164831002385e+00 -1.387868290607e-01 1.173070e+00
0.700000 98.125000 1.135406337947e+00 -1.188231502730e-01 1.141607e+00
0.700000 98.150000 1.112049095907e+00 -9.579068427143e-02 1.116167e+00
0.700000 98.175000 1.095169777086e+00 -7.118964762212e-02 1.097481e+00
0.700000 98.200000 1.084826872468e+00 -4.659400493614e-02 1.085827e+00
0.700000 98.225000 1.080709612414e+00 -2.356902817387e-02 1.080967e+00
0.700000 98.250000 1.082140930744e+00 -3.583900953153e-03 1.082147e+00
0.700000 98.275000 1.088102198336e+00 1.207523495100e-02 1.088169e+00
0.700000 98.300000 1.097279686551e+00 2.238591661320e-02 1.097508e+00
0.700000 98.325000 1.108130995772e+00 2.665784279442e-02 1.108452e+00
0.700000 98.350000 1.118968003491e+00 2.458394234707e-02 1.119238e+00
0.700000 98.375000 1.128051425235e+00 1.626985254090e-02 1.128169e+00
0.700000 98.400000 1.133690995797e+00 2.239132435890e-03 1.133693e+00
0.700000 98.425000 1.134344684650e+00 -1.658668454429e-02 1.134466e+00
0.700000 98.450000 1.128710323249e+00 -3.893220624899e-02 1.129382e+00
0.700000 98.475000 1.115803549214e+00 -6.323365536848e-02 1.117594e+00
0.700000 98.500000 1.095017010701e+00 -8.772131480600e-02 1.098525e+00
0.700000 98.525000 1.066157219598e+00 -1.105133678274e-01 1.071870e+00
0.700000 98.550000 1.029457152013e+00 -1.297148503952e-01 1.037597e+00
0.700000 98.575000 9.855645049676e-01 -1.435152610362e-01 9.959588e-01
0.700000 98.600000 9.355072623704e-01 -1.502787283157e-01 9.475007e-01
0.700000 98.625000 8.806397495378e-01 -1.486214594289e-01 8.930928e-01
0.700000 98.650000 8.225735424616e-01 -1.374723854676e-01 8.339819e-01
0.700000 98.675000 7.630983652735e-01 -1.161143509097e-01 7.718819e-01
0.700000 98.700000 7.040984228950e-01 -8.420472526596e-02 7.091157e-01
0.700000 98.725000 6.474694873584e-01 -4.177580500984e-02 6.488158e-01
0.700000 98.750000 5.950415376988e-01 1.078329763783e-02 5.951392e-01
0.700000 98.775000 5.485109271569e-01 7.276050960770e-02 5.533158e-01
0.700000 98.800000 5.093850189242e-01 1.431668684328e-01 5.291218e-01
0.700000 98.825000 4.789410999113e-01 2.207908644405e-01 5.273833e-01
0.700000 98.850000 4.582002524668e-01 3.042570186315e-01 5.500180e-01
0.700000 98.875000 4.479158229539e-01 3.920848645640e-01 5.952807e-01
0.700000 98.900000 4.485752387495e-01 4.827449426521e-01 6.589859e-01
0.700000 98.925000 4.604132329164e-01 5.747090262659e-01 7.363904e-01
0.700000 98.950000 4.834340568663e-01 6.664925135297e-01 8.233594e-01
0.700000 98.975000 5.174399944788e-01 7.566876748761e-01 9.166899e-01
0.700000 99.000000 5.620634206056e-01 8.439871923364e-01 1.014017e+00
0.700000 99.025000 6.167997480226e-01 9.271981223435e-01 1.113615e+00
0.700000 99.050000 6.810388514345e-01 1.005247031342e+00 1.214222e+00
0.700000 99.075000 7.540929170908e-01 1.077177574112e+00 1.314902e+00
0.700000 99.100000 8.352191163958e-01 1.142142196434e+00 1.414949e+00
0.700000 99.125000 9.236360188371e-01 1.199389937901e+00 1.513816e+00
0.700000 99.150000 1.018533222451e+00 1.248252479903e+00 1.611069e+00
0.700000 99.175000 1.119074267216e+00 1.288130620558e+00 1.706343e+00
0.700000 99.200000 1.224393483671e+00 1.318483255807e+00 1.799316e+00
0.700000 99.225000 1.333587986641e+00 1.338820699632e+00 1.889682e+00
0.700000 99.250000 1.445706518069e+00 1.348703787559e+00 1.977137e+00
0.700000 99.275000 1.559737235687e+00 1.347749686091e+00 2.061361e+00
0.700000 99.300000 1.674596796573e+00 1.335644698211e+00 2.142013e+00
0.700000 99.325000 1.789123160943e+00 1.312163646206e+00 2.218724e+00
0.700000 99.350000 1.902074414580e+00 1.277194676097e+00 2.291094e+00
0.700000 99.375000 2.012135564677e+00 1.230767621354e+00 2.358703e+00
0.700000 99.400000 2.117934708108e+00 1.173083452967e+00 2.421110e+00
0.700000 99.425000 2.218069228841e+00 1.104541893545e+00 2.477871e+00
0.700000 99.450000 2.311141799234e+00 1.025764043816e+00 2.528551e+00
0.700000 99.475000 2.395805004471e+00 9.376069049693e-01 2.572739e+00
0.700000 99.500000 2.470812461153e+00 8.411670033528e-01 2.610072e+00
0.700000 99.525000 2.535073448311e+00 7.377709331024e-01 2.640247e+00
0.700000 99.550000 2.587707399125e+00 6.289514974534e-01 2.663045e+00
0.700000 99.575000 2.628094191862e+00 5.164091935605e-01 2.678350e+00
0.700000 99.600000 2.655916087183e+00 4.019599679658e-01 2.686161e+00
0.700000 99.625000 2.671187418937e+00 2.874713725868e-01 2.686612e+00
0.700000 99.650000 2.674268758370e+00 1.747903680489e-01 2.679975e+00
0.700000 99.675000 2.665863206506e+00 6.566694765196e-02 2.666672e+00
0.700000 99.700000 2.646993664127e+00 -3.832160176765e-02 2.647271e+00
0.700000 99.725000 2.618961294206e+00 -1.358406982794e-01 2.622482e+00
0.700000 99.750000 2.583286819525e+00 -2.258577300247e-01 2.593141e+00
0.700000 99.775000 2.541637669968e+00 -3.076861142063e-01 2.560194e+00
0.700000 99.800000 2.495745191665e+00 -3.810105793420e-01 2.524661e+00
0.700000 99.825000 2.447317046716e+00 -4.458913253378e-01 2.487605e+00
0.700000 99.850000 2.397950481562e+00 -5.027461742868e-01 2.450086e+00
0.700000 99.875000 2.349052266734e+00 -5.523114046418e-01 2.413109e+00
0.700000 99.900000 2.301770787626e+00 -5.955835375065e-01 2.377576e+00
0.700000 99.925000 2.256945008799e+00 -6.337457885729e-01 2.344234e+00
0.700000 99.950000 2.215073892945e+00 -6.680840930483e-01 2.313631e+00
0.700000 99.975000 2.176308412704e+00 -6.998984522609e-01 2.286083e+00
0.700000 100.000000 2.140466657628e+00 -7.304157647772e-01 2.261660e+00
