# zline X=10000000 rho=0.8 C(X)=-3 mode=v
# sigma t ReF ImF |F|
0.900000 0.100000 -3.228466203034e+00 -4.000860740057e+00 5.141000e+00
0.900000 0.125000 -2.350867963032e+00 -3.903321002471e+00 4.556588e+00
0.900000 0.150000 -1.690955626809e+00 -3.693095138154e+00 4.061808e+00
0.900000 0.175000 -1.199171957021e+00 -3.446720434615e+00 3.649369e+00
0.900000 0.200000 -8.304609686432e-01 -3.200214603958e+00 3.306212e+00
0.900000 0.225000 -5.505360150938e-01 -2.968804725356e+00 3.019419e+00
0.900000 0.250000 -3.348245717548e-01 -2.757747907451e+00 2.777999e+00
0.900000 0.275000 -1.660262585080e-01 -2.567753638188e+00 2.573116e+00
0.900000 0.300000 -3.195669249893e-02 -2.397599159518e+00 2.397812e+00
0.900000 0.325000 7.603875490243e-02 -2.245361811739e+00 2.246649e+00
0.900000 0.350000 1.641822396655e-01 -2.108982945092e+00 2.115364e+00
0.900000 0.375000 2.370072808697e-01 -1.986511475772e+00 2.000600e+00
0.900000 0.400000 2.978618255623e-01 -1.876195456515e+00 1.899692e+00
0.900000 0.425000 3.492506133040e-01 -1.776503161906e+00 1.810508e+00
0.900000 0.450000 3.930706366448e-01 -1.686113152337e+00 1.731324e+00
0.900000 0.475000 4.307751192954e-01 -1.603892309358e+00 1.660734e+00
0.900000 0.500000 4.634892382665e-01 -1.528870800917e+00 1.597582e+00
0.900000 0.525000 4.920928773881e-01 -1.460218001412e+00 1.540906e+00
0.900000 0.550000 5.172805555602e-01 -1.397220975366e+00 1.489901e+00
0.900000 0.575000 5.396053313603e-01 -1.339265969834e+00 1.443886e+00
0.900000 0.600000 5.595113013727e-01 -1.285822822866e+00 1.402281e+00
0.900000 0.625000 5.773578705068e-01 -1.236431970294e+00 1.364590e+00
0.900000 0.650000 5.934380156920e-01 -1.190693662996e+00 1.330383e+00
0.900000 0.675000 6.079921213379e-01 -1.148259011917e+00 1.299289e+00
0.900000 0.700000 6.212185272141e-01 -1.108822517661e+00 1.270984e+00
0.900000 0.725000 6.332816263789e-01 -1.072115794610e+00 1.245182e+00
0.900000 0.750000 6.443181363937e-01 -1.037902255182e+00 1.221633e+00
0.900000 0.775000 6.544420112550e-01 -1.005972572070e+00 1.200115e+00
0.900000 0.800000 6.637483448468e-01 -9.761407818328e-01 1.180429e+00
0.900000 0.825000 6.723165269671e-01 -9.482409302378e-01 1.162399e+00
0.900000 0.850000 6.802128425817e-01 -9.221241876707e-01 1.145863e+00
0.900000 0.875000 6.874926494614e-01 -8.976563818834e-01 1.130678e+00
0.900000 0.900000 6.942022262535e-01 -8.747159063023e-01 1.116712e+00
0.900000 0.925000 7.003803507913e-01 -8.531919665775e-01 1.103843e+00
0.900000 0.950000 7.060596459886e-01 -8.329831279659e-01 1.091962e+00
0.900000 0.975000 7.112677168722e-01 -8.139961236383e-01 1.080968e+00
0.900000 1.000000 7.160280958121e-01 -7.961448811346e-01 1.070767e+00
0.900000 1.025000 7.203610121565e-01 -7.793497227031e-01 1.061276e+00
0.900000 1.050000 7.242840053271e-01 -7.635366963744e-01 1.052414e+00
0.900000 1.075000 7.278124049502e-01 -7.486369988922e-01 1.044111e+00
0.900000 1.100000 7.309597058871e-01 -7.345864589370e-01 1.036301e+00
0.900000 1.125000 7.337378684982e-01 -7.213250586952e-01 1.028922e+00
0.900000 1.150000 7.361575740758e-01 -7.087964825091e-01 1.021920e+00
0.900000 1.175000 7.382284616920e-01 -6.969476916651e-01 1.015243e+00
0.900000 1.200000 7.399593659787e-01 -6.857285328578e-01 1.008843e+00
0.900000 1.225000 7.413585664268e-01 -6.750913933342e-01 1.002677e+00
0.900000 1.250000 7.424340489395e-01 -6.649909174387e-01 9.967052e-01
0.900000 1.275000 7.431937710784e-01 -6.553837970990e-01 9.908910e-01
0.900000 1.300000 7.436459151532e-01 -6.462286431967e-01 9.852008e-01
0.900000 1.325000 7.437991091656e-01 -6.374859367758e-01 9.796047e-01
0.900000 1.350000 7.436625953136e-01 -6.291180500634e-01 9.740758e-01
0.900000 1.375000 7.432463293422e-01 -6.210893188942e-01 9.685902e-01
0.900000 1.400000 7.425610009482e-01 -6.133661418223e-01 9.631276e-01
0.900000 1.425000 7.416179746214e-01 -6.059170781433e-01 9.576705e-01
0.900000 1.450000 7.404291602453e-01 -5.987129178740e-01 9.522040e-01
0.900000 1.475000 7.390068318943e-01 -5.917267014871e-01 9.467162e-01
0.900000 1.500000 7.373634200478e-01 -5.849336752419e-01 9.411972e-01
0.900000 1.525000 7.355113057335e-01 -5.783111781676e-01 9.356392e-01
0.900000 1.550000 7.334626443168e-01 -5.718384676025e-01 9.300359e-01
0.900000 1.575000 7.312292417783e-01 -5.654965000424e-01 9.243822e-01
0.900000 1.600000 7.288224980467e-01 -5.592676913816e-01 9.186744e-01
0.900000 1.625000 7.262534214692e-01 -5.531356842999e-01 9.129092e-01
0.900000 1.650000 7.235327073901e-01 -5.470851499593e-01 9.070842e-01
0.900000 1.675000 7.206708637322e-01 -5.411016463908e-01 9.011978e-01
0.900000 1.700000 7.176783589781e-01 -5.351715476655e-01 8.952490e-01
0.900000 1.725000 7.145657641873e-01 -5.292820474061e-01 8.892377e-01
0.900000 1.750000 7.113438612282e-01 -5.234212289969e-01 8.831647e-01
0.900000 1.775000 7.080236941939e-01 -5.175781846831e-01 8.770318e-01
0.900000 1.800000 7.046165492944e-01 -5.117431581698e-01 8.708419e-01
0.900000 1.825000 7.011338590972e-01 -5.059076814670e-01 8.645989e-01
0.900000 1.850000 6.975870382577e-01 -5.000646771725e-01 8.583078e-01
0.900000 1.875000 6.939872681222e-01 -4.942085020432e-01 8.519744e-01
0.900000 1.900000 6.903452552935e-01 -4.883349158635e-01 8.456048e-01
0.900000 1.925000 6.866709932883e-01 -4.824409700255e-01 8.392058e-01
0.900000 1.950000 6.829735562417e-01 -4.765248213002e-01 8.327838e-01
0.900000 1.975000 6.792609493268e-01 -4.705854863646e-01 8.263450e-01
0.900000 2.000000 6.755400328843e-01 -4.646225602507e-01 8.198954e-01
0.900000 2.025000 6.718165274468e-01 -4.586359259512e-01 8.134398e-01
0.900000 2.050000 6.680950964322e-01 -4.526254824310e-01 8.069826e-01
0.900000 2.075000 6.643794938827e-01 -4.465909144163e-01 8.005270e-01
0.900000 2.100000 6.606727576490e-01 -4.405315203012e-01 7.940759e-01
0.900000 2.125000 6.569774248477e-01 -4.344461055792e-01 7.876311e-01
0.900000 2.150000 6.532957466849e-01 -4.283329398751e-01 7.811942e-01
0.900000 2.175000 6.496298835971e-01 -4.221897674854e-01 7.747665e-01
0.900000 2.200000 6.459820683363e-01 -4.160138556347e-01 7.683491e-01
0.900000 2.225000 6.423547328166e-01 -4.098020623279e-01 7.619431e-01
0.900000 2.250000 6.387506027667e-01 -4.035509070061e-01 7.555499e-01
0.900000 2.275000 6.351727709723e-01 -3.972566318855e-01 7.491711e-01
0.900000 2.300000 6.316247639141e-01 -3.909152489510e-01 7.428086e-01
0.900000 2.325000 6.281106171238e-01 -3.845225757692e-01 7.364649e-01
0.900000 2.350000 6.246349714233e-01 -3.780742710214e-01 7.301431e-01
0.900000 2.375000 6.212031958303e-01 -3.715658864466e-01 7.238471e-01
0.900000 2.400000 6.178215343607e-01 -3.649929545128e-01 7.175816e-01
0.900000 2.425000 6.144972646529e-01 -3.583511299219e-01 7.113525e-01
0.900000 2.450000 6.112388479285e-01 -3.516363978952e-01 7.051674e-01
0.900000 2.475000 6.080560438301e-01 -3.448453536982e-01 6.990354e-01
0.900000 2.500000 6.049599613434e-01 -3.379755471779e-01 6.929675e-01
0.900000 2.525000 6.019630190191e-01 -3.310258747830e-01 6.869772e-01
0.900000 2.550000 5.990787940607e-01 -3.239969913480e-01 6.810796e-01
0.900000 2.575000 5.963217498956e-01 -3.168917064681e-01 6.752925e-01
0.900000 2.600000 5.937068443468e-01 -3.097153268694e-01 6.696353e-01
0.900000 2.625000 5.912490338156e-01 -3.024759074769e-01 6.641288e-01
0.900000 2.650000 5.889627011444e-01 -2.951843799571e-01 6.587950e-01
0.900000 2.675000 5.868610443445e-01 -2.878545376862e-01 6.536560e-01
0.900000 2.700000 5.849554687846e-01 -2.805028691052e-01 6.487332e-01
0.900000 2.725000 5.832550259764e-01 -2.731482455846e-01 6.440469e-01
0.900000 2.750000 5.817659376659e-01 -2.658114833648e-01 6.396150e-01
0.900000 2.775000 5.804912351628e-01 -2.585148101162e-01 6.354526e-01
0.900000 2.800000 5.794305319392e-01 -2.512812737683e-01 6.315711e-01
0.900000 2.825000 5.785799341575e-01 -2.441341336733e-01 6.279779e-01
0.900000 2.850000 5.779320807685e-01 -2.370962717428e-01 6.246760e-01
0.900000 2.875000 5.774762938946e-01 -2.301896544821e-01 6.216640e-01
0.900000 2.900000 5.771988127500e-01 -2.234348669847e-01 6.189359e-01
0.900000 2.925000 5.770830811881e-01 -2.168507285334e-01 6.164812e-01
0.900000 2.950000 5.771100602658e-01 -2.104539881909e-01 6.142857e-01
0.900000 2.975000 5.772585424646e-01 -2.042590893364e-01 6.123310e-01
0.900000 3.000000 5.775054523336e-01 -1.982779857878e-01 6.105954e-01
0.900000 3.025000 5.778261278284e-01 -1.925199897319e-01 6.090542e-01
0.900000 3.050000 5.781945858802e-01 -1.869916332886e-01 6.076799e-01
0.900000 3.075000 5.785837832071e-01 -1.816965306480e-01 6.064428e-01
0.900000 3.100000 5.789658878863e-01 -1.766352352916e-01 6.053111e-01
0.900000 3.125000 5.793125780646e-01 -1.718050954161e-01 6.042516e-01
0.900000 3.150000 5.795953813536e-01 -1.672001187760e-01 6.032302e-01
0.900000 3.175000 5.797860624792e-01 -1.628108643293e-01 6.022120e-01
0.900000 3.200000 5.798570587095e-01 -1.586243812338e-01 6.011621e-01
0.900000 3.225000 5.797819538389e-01 -1.546242153436e-01 6.000465e-01
0.900000 3.250000 5.795359735637e-01 -1.507904994390e-01 5.988320e-01
0.900000 3.275000 5.790964792516e-01 -1.471001366073e-01 5.974874e-01
0.900000 3.300000 5.784434343639e-01 -1.435270775714e-01 5.959839e-01
0.900000 3.325000 5.775598185804e-01 -1.400426837047e-01 5.942956e-01
0.900000 3.350000 5.764319688629e-01 -1.366161594107e-01 5.924000e-01
0.900000 3.375000 5.750498335884e-01 -1.332150317281e-01 5.902784e-01
0.900000 3.400000 5.734071343698e-01 -1.298056523130e-01 5.879160e-01
0.900000 3.425000 5.715014388807e-01 -1.263536976880e-01 5.853026e-01
0.900000 3.450000 5.693341555538e-01 -1.228246476140e-01 5.824322e-01
0.900000 3.475000 5.669104662358e-01 -1.191842278560e-01 5.793033e-01
0.900000 3.500000 5.642392150247e-01 -1.153988113442e-01 5.759191e-01
0.900000 3.525000 5.613327703298e-01 -1.114357793948e-01 5.722870e-01
0.900000 3.550000 5.582068730376e-01 -1.072638509310e-01 5.684193e-01
0.900000 3.575000 5.548804773730e-01 -1.028533914411e-01 5.643325e-01
0.900000 3.600000 5.513755838244e-01 -9.817671407698e-02 5.600479e-01
0.900000 3.625000 5.477170567287e-01 -9.320838272744e-02 5.555914e-01
0.900000 3.650000 5.439324140966e-01 -8.792552154320e-02 5.509931e-01
0.900000 3.675000 5.400515750100e-01 -8.230812819718e-02 5.462878e-01
0.900000 3.700000 5.361065510087e-01 -7.633938042027e-02 5.415145e-01
0.900000 3.725000 5.321310722919e-01 -7.000591846536e-02 5.367162e-01
0.900000 3.750000 5.281601467257e-01 -6.329808143612e-02 5.319396e-01
0.900000 3.775000 5.242295585136e-01 -5.621007385052e-02 5.272345e-01
0.900000 3.800000 5.203753225850e-01 -4.874004088814e-02 5.226529e-01
0.900000 3.825000 5.166331188179e-01 -4.089003641173e-02 5.182488e-01
0.900000 3.850000 5.130377357942e-01 -3.266587639484e-02 5.140766e-01
0.900000 3.875000 5.096225559218e-01 -2.407688069609e-02 5.101910e-01
0.900000 3.900000 5.064191119646e-01 -1.513551675377e-02 5.066452e-01
0.900000 3.925000 5.034567394339e-01 -5.856968213819e-03 5.034908e-01
0.900000 3.950000 5.007623406124e-01 3.741341607909e-03 5.007763e-01
0.900000 3.975000 4.983602653849e-01 1.364023818429e-02 4.985469e-01
0.900000 4.000000 4.962723029976e-01 2.381926356742e-02 4.968436e-01
0.900000 4.025000 4.945177689023e-01 3.425709544229e-02 4.957029e-01
0.900000 4.050000 4.931136633082e-01 4.493189704343e-02 4.951565e-01
0.900000 4.075000 4.920748739320e-01 5.582158717680e-02 4.952310e-01
0.900000 4.100000 4.914143951592e-01 6.690402975482e-02 4.959478e-01
0.900000 4.125000 4.911435392233e-01 7.815715144843e-02 4.973234e-01
0.900000 4.150000 4.912721213814e-01 8.955900298397e-02 4.993687e-01
0.900000 4.175000 4.918086092344e-01 1.010877833566e-01 5.020901e-01
0.900000 4.200000 4.927602349094e-01 1.127218464239e-01 5.054887e-01
0.900000 4.225000 4.941330763609e-01 1.244397061929e-01 5.095613e-01
0.900000 4.250000 4.959321193458e-01 1.362200513774e-01 5.143001e-01
0.900000 4.275000 4.981613138804e-01 1.480417726447e-01 5.196932e-01
0.900000 4.300000 5.008236379342e-01 1.598839987662e-01 5.257254e-01
0.900000 4.325000 5.039211770628e-01 1.717261320048e-01 5.323781e-01
0.900000 4.350000 5.074552224705e-01 1.835478696172e-01 5.396301e-01
0.900000 4.375000 5.114263828227e-01 1.953291980091e-01 5.474582e-01
0.900000 4.400000 5.158346983978e-01 2.070503489880e-01 5.558375e-01
0.900000 4.425000 5.206797411933e-01 2.186917132663e-01 5.647419e-01
0.900000 4.450000 5.259606824322e-01 2.302337139305e-01 5.741448e-01
0.900000 4.475000 5.316763101241e-01 2.416566507189e-01 5.840185e-01
0.900000 4.500000 5.378249839335e-01 2.529405331916e-01 5.943354e-01
0.900000 4.525000 5.444045220250e-01 2.640649259141e-01 6.050674e-01
0.900000 4.550000 5.514120237120e-01 2.750088305766e-01 6.161859e-01
0.900000 4.575000 5.588436412442e-01 2.857506280472e-01 6.276620e-01
0.900000 4.600000 5.666943224093e-01 2.962680977622e-01 6.394664e-01
0.900000 4.625000 5.749575514188e-01 3.065385232850e-01 6.515689e-01
0.900000 4.650000 5.836251177828e-01 3.165388824786e-01 6.639391e-01
0.900000 4.675000 5.926869410604e-01 3.262461100302e-01 6.765459e-01
0.900000 4.700000 6.021309736234e-01 3.356374106230e-01 6.893578e-01
0.900000 4.725000 6.119431946294e-01 3.446905943001e-01 7.023433e-01
0.900000 4.750000 6.221076974975e-01 3.533844025430e-01 7.154708e-01
0.900000 4.775000 6.326068618649e-01 3.616987948022e-01 7.287094e-01
0.900000 4.800000 6.434215909064e-01 3.696151705111e-01 7.420288e-01
0.900000 4.825000 6.545315874771e-01 3.771165102557e-01 7.553995e-01
0.900000 4.850000 6.659156388535e-01 3.841874304894e-01 7.687936e-01
0.900000 4.875000 6.775518803960e-01 3.908141574200e-01 7.821843e-01
0.900000 4.900000 6.894180131040e-01 3.969844358122e-01 7.955463e-01
0.900000 4.925000 7.014914580273e-01 4.026873959942e-01 8.088556e-01
0.900000 4.950000 7.137494405925e-01 4.079134062821e-01 8.220898e-01
0.900000 4.975000 7.261690085482e-01 4.126539378459e-01 8.352273e-01
0.900000 5.000000 7.387269968279e-01 4.169014648871e-01 8.482478e-01
0.900000 5.025000 7.513999597600e-01 4.206494156322e-01 8.611317e-01
0.900000 5.050000 7.641640947098e-01 4.238921802813e-01 8.738600e-01
0.900000 5.075000 7.769951809748e-01 4.266251722133e-01 8.864144e-01
0.900000 5.100000 7.898685537463e-01 4.288449299723e-01 8.987771e-01
0.900000 5.125000 8.027591259534e-01 4.305492412061e-01 9.109308e-01
0.900000 5.150000 8.156414620280e-01 4.317372667137e-01 9.228586e-01
0.900000 5.175000 8.284898985531e-01 4.324096434771e-01 9.345446e-01
0.900000 5.200000 8.412786988406e-01 4.325685497724e-01 9.459733e-01
0.900000 5.225000 8.539822230193e-01 4.322177223864e-01 9.571300e-01
0.900000 5.250000 8.665750930176e-01 4.313624244072e-01 9.680010e-01
0.900000 5.275000 8.790323332008e-01 4.300093705696e-01 9.785734e-01
0.900000 5.300000 8.913294720699e-01 4.281666243160e-01 9.888351e-01
0.900000 5.325000 9.034425975162e-01 4.258434853896e-01 9.987749e-01
0.900000 5.350000 9.153483664377e-01 4.230503881999e-01 1.008382e+00
0.900000 5.375000 9.270239776629e-01 4.197988291630e-01 1.017647e+00
0.900000 5.400000 9.384471237407e-01 4.161013361423e-01 1.026559e+00
0.900000 5.425000 9.495959411721e-01 4.119714858528e-01 1.035110e+00
0.900000 5.450000 9.604489794548e-01 4.074239668841e-01 1.043291e+00
0.900000 5.475000 9.709852067984e-01 4.024746782186e-01 1.051094e+00
0.900000 5.500000 9.811840650440e-01 3.971408470366e-01 1.058510e+00
0.900000 5.525000 9.910255790966e-01 3.914411461788e-01 1.065532e+00
0.900000 5.550000 1.000490518350e+00 3.853957913835e-01 1.072153e+00
0.900000 5.575000 1.009560600430e+00 3.790266012621e-01 1.078366e+00
0.900000 5.600000 1.018218722353e+00 3.723570083410e-01 1.084167e+00
0.900000 5.625000 1.026449201674e+00 3.654120163510e-01 1.089552e+00
0.900000 5.650000 1.034238010774e+00 3.582181059967e-01 1.094517e+00
0.900000 5.675000 1.041572990870e+00 3.508030973914e-01 1.099062e+00
0.900000 5.700000 1.048444037828e+00 3.431959810804e-01 1.103186e+00
0.900000 5.725000 1.054843258399e+00 3.354267304042e-01 1.106890e+00
0.900000 5.750000 1.060765101517e+00 3.275261057143e-01 1.110178e+00
0.900000 5.775000 1.066206473721e+00 3.195254560744e-01 1.113056e+00
0.900000 5.800000 1.071166849328e+00 3.114565175167e-01 1.115528e+00
0.900000 5.825000 1.075648384233e+00 3.033512000196e-01 1.117605e+00
0.900000 5.850000 1.079656037215e+00 2.952413496220e-01 1.119296e+00
0.900000 5.875000 1.083197694847e+00 2.871584688959e-01 1.120615e+00
0.900000 5.900000 1.086284287054e+00 2.791333794262e-01 1.121574e+00
0.900000 5.925000 1.088929871294e+00 2.711958144808e-01 1.122192e+00
0.900000 5.950000 1.091151656279e+00 2.633739385478e-01 1.122487e+00
0.900000 5.975000 1.092969932460e+00 2.556938019833e-01 1.122481e+00
0.900000 6.000000 1.094407877482e+00 2.481787522135e-01 1.122195e+00
0.900000 6.025000 1.095491210958e+00 2.408488358838e-01 1.121655e+00
0.900000 6.050000 1.096247684033e+00 2.337202370495e-01 1.120885e+00
0.900000 6.075000 1.096706404319e+00 2.268048031078e-01 1.119913e+00
0.900000 6.100000 1.096897014256e+00 2.201097112798e-01 1.118763e+00
0.900000 6.125000 1.096848758714e+00 2.136373233440e-01 1.117461e+00
0.900000 6.150000 1.096589493362e+00 2.073852650942e-01 1.116027e+00
0.900000 6.175000 1.096144696955e+00 2.013467505794e-01 1.114484e+00
0.900000 6.200000 1.095536556442e+00 1.955111512378e-01 1.112845e+00
0.900000 6.225000 1.094783192798e+00 1.898647887660e-01 1.111125e+00
0.900000 6.250000 1.093898087476e+00 1.843919103821e-01 1.109330e+00
0.900000 6.275000 1.092889755183e+00 1.790757883896e-01 1.107464e+00
0.900000 6.300000 1.091761689776e+00 1.738998745549e-01 1.105525e+00
0.900000 6.325000 1.090512588577e+00 1.688489350324e-01 1.103507e+00
0.900000 6.350000 1.089136838690e+00 1.639100938423e-01 1.101402e+00
0.900000 6.375000 1.087625229379e+00 1.590737217826e-01 1.099197e+00
0.900000 6.400000 1.085965839214e+00 1.543341218973e-01 1.096878e+00
0.900000 6.425000 1.084145036960e+00 1.496899803824e-01 1.094430e+00
0.900000 6.450000 1.082148531733e+00 1.451445709131e-01 1.091839e+00
0.900000 6.475000 1.079962410524e+00 1.407057186187e-01 1.089090e+00
0.900000 6.500000 1.077574108985e+00 1.363855454042e-01 1.086171e+00
0.900000 6.525000 1.074973272727e+00 1.322000296313e-01 1.083072e+00
0.900000 6.550000 1.072152479562e+00 1.281684196474e-01 1.079786e+00
0.900000 6.575000 1.069107806211e+00 1.243125423509e-01 1.076311e+00
0.900000 6.600000 1.065839234372e+00 1.206560456301e-01 1.072647e+00
0.900000 6.625000 1.062350899593e+00 1.172236083752e-01 1.068799e+00
0.900000 6.650000 1.058651191594e+00 1.140401453398e-01 1.064776e+00
0.900000 6.675000 1.054752716684e+00 1.111300279242e-01 1.060591e+00
0.900000 6.700000 1.050672132445e+00 1.085163372132e-01 1.056261e+00
0.900000 6.725000 1.046429863117e+00 1.062201630688e-01 1.051807e+00
0.900000 6.750000 1.042049702326e+00 1.042599629384e-01 1.047252e+00
0.900000 6.775000 1.037558309324e+00 1.026509958381e-01 1.042624e+00
0.900000 6.800000 1.032984606497e+00 1.014048497804e-01 1.037950e+00
0.900000 6.825000 1.028359090081e+00 1.005290834643e-01 1.033261e+00
0.900000 6.850000 1.023713072475e+00 1.000270039992e-01 1.028588e+00
0.900000 6.875000 1.019077882471e+00 9.989760065048e-02 1.023963e+00
0.900000 6.900000 1.014484057884e+00 1.001356493398e-01 1.019414e+00
0.900000 6.925000 1.009960571870e+00 1.007319937881e-01 1.014972e+00
0.900000 6.950000 1.005534138139e+00 1.016739972692e-01 1.010661e+00
0.900000 6.975000 1.001228640092e+00 1.029461451210e-01 1.006507e+00
0.900000 7.000000 9.970647237689e-01 1.045307640504e-01 1.002529e+00
0.900000 7.025000 9.930595844491e-01 1.064088117674e-01 9.987443e-01
0.900000 7.050000 9.892269623359e-01 1.085606814160e-01 9.951660e-01
0.900000 7.075000 9.855773454253e-01 1.109669611793e-01 9.918046e-01
0.900000 7.100000 9.821183592194e-01 1.136090912483e-01 9.886675e-01
0.900000 7.125000 9.788553055678e-01 1.164698682850e-01 9.857601e-01
0.900000 7.150000 9.757917987430e-01 1.195337609774e-01 9.830859e-01
0.900000 7.175000 9.729304376587e-01 1.227870179231e-01 9.806479e-01
0.900000 7.200000 9.702734501665e-01 1.262175689657e-01 9.784485e-01
0.900000 7.225000 9.678232490440e-01 1.298147409772e-01 9.764905e-01
0.900000 7.250000 9.655828492608e-01 1.335688266451e-01 9.747773e-01
0.900000 7.275000 9.635561111665e-01 1.374705580780e-01 9.733132e-01
0.900000 7.300000 9.617477926140e-01 1.415105445479e-01 9.721029e-01
0.900000 7.325000 9.601634125017e-01 1.456787347277e-01 9.711519e-01
0.900000 7.350000 9.588089465302e-01 1.499639584862e-01 9.704658e-01
0.900000 7.375000 9.576903910816e-01 1.543535925801e-01 9.700494e-01
0.900000 7.400000 9.568132414854e-01 1.588333799765e-01 9.699070e-01
0.900000 7.425000 9.561819356840e-01 1.633874160235e-01 9.700409e-01
0.900000 7.450000 9.557993133401e-01 1.679982983191e-01 9.704513e-01
0.900000 7.475000 9.556661344082e-01 1.726474228374e-01 9.711359e-01
0.900000 7.500000 9.557806913639e-01 1.773153981173e-01 9.720892e-01
0.900000 7.525000 9.561385373048e-01 1.819825429911e-01 9.733029e-01
0.900000 7.550000 9.567323397860e-01 1.866294315976e-01 9.747653e-01
0.900000 7.575000 9.575518591511e-01 1.912374518180e-01 9.764616e-01
0.900000 7.600000 9.585840415399e-01 1.957893487654e-01 9.783746e-01
0.900000 7.625000 9.598132114063e-01 2.002697322025e-01 9.804843e-01
0.900000 7.650000 9.612213463879e-01 2.046655343051e-01 9.827688e-01
0.900000 7.675000 9.627884182786e-01 2.089664107435e-01 9.852048e-01
0.900000 7.700000 9.644927867765e-01 2.131650826627e-01 9.877680e-01
0.900000 7.725000 9.663116364610e-01 2.172576193762e-01 9.904338e-01
0.900000 7.750000 9.682214509336e-01 2.212436614965e-01 9.931775e-01
0.900000 7.775000 9.701985202450e-01 2.251265823938e-01 9.959755e-01
0.900000 7.800000 9.722194780396e-01 2.289135831843e-01 9.988054e-01
0.900000 7.825000 9.742618631163e-01 2.326157139670e-01 1.001647e+00
0.900000 7.850000 9.763046967008e-01 2.362478127441e-01 1.004482e+00
0.900000 7.875000 9.783290623933e-01 2.398283541058e-01 1.007296e+00
0.900000 7.900000 9.803186715158e-01 2.433792026590e-01 1.010078e+00
0.900000 7.925000 9.822603935085e-01 2.469252711635e-01 1.012822e+00
0.900000 7.950000 9.841447300341e-01 2.504940897912e-01 1.015524e+00
0.900000 7.975000 9.859662131202e-01 2.541152998373e-01 1.018187e+00
0.900000 8.000000 9.877237121118e-01 2.578200914158e-01 1.020818e+00
0.900000 8.025000 9.894206410115e-01 2.616406090022e-01 1.023430e+00
0.900000 8.050000 9.910650660748e-01 2.656093502178e-01 1.026040e+00
0.900000 8.075000 9.926697220793e-01 2.697585814893e-01 1.028670e+00
0.900000 8.100000 9.942519531403e-01 2.741197891944e-01 1.031348e+00
0.900000 8.125000 9.958335990165e-01 2.787231772120e-01 1.034104e+00
0.900000 8.150000 9.974408495742e-01 2.835972125300e-01 1.036974e+00
0.900000 8.175000 9.991040879786e-01 2.887682111424e-01 1.039998e+00
0.900000 8.200000 1.000857737384e+00 2.942599484376e-01 1.043219e+00
0.900000 8.225000 1.002740117122e+00 3.000932730497e-01 1.046682e+00
0.900000 8.250000 1.004793303933e+00 3.062857017646e-01 1.050438e+00
0.900000 8.275000 1.007062983183e+00 3.128509760267e-01 1.054539e+00
0.900000 8.300000 1.009598266087e+00 3.197985677236e-01 1.059037e+00
0.900000 8.325000 1.012451443125e+00 3.271331323983e-01 1.063990e+00
0.900000 8.350000 1.015677642382e+00 3.348539204781e-01 1.069452e+00
0.900000 8.375000 1.019334364923e+00 3.429541697461e-01 1.075481e+00
0.900000 8.400000 1.023480877398e+00 3.514205132728e-01 1.082132e+00
0.900000 8.425000 1.028177454027e+00 3.602324446492e-01 1.089457e+00
0.900000 8.450000 1.033484474456e+00 3.693618853725e-01 1.097506e+00
0.900000 8.475000 1.039461398848e+00 3.787728969693e-01 1.106322e+00
0.900000 8.500000 1.046165655074e+00 3.884215730027e-01 1.115945e+00
0.900000 8.525000 1.053651483061e+00 3.982561343250e-01 1.126406e+00
0.900000 8.550000 1.061968787033e+00 4.082172362484e-01 1.137725e+00
0.900000 8.575000 1.071162046599e+00 4.182384805879e-01 1.149918e+00
0.900000 8.600000 1.081269332609e+00 4.282471107808e-01 1.162987e+00
0.900000 8.625000 1.092321463978e+00 4.381648563616e-01 1.176926e+00
0.900000 8.650000 1.104341328826e+00 4.479088854222e-01 1.191718e+00
0.900000 8.675000 1.117343378945e+00 4.573928210919e-01 1.207338e+00
0.900000 8.700000 1.131333292900e+00 4.665277806327e-01 1.223750e+00
0.900000 8.725000 1.146307791700e+00 4.752234027494e-01 1.240910e+00
0.900000 8.750000 1.162254583435e+00 4.833888388871e-01 1.258769e+00
0.900000 8.775000 1.179152410333e+00 4.909336958932e-01 1.277269e+00
0.900000 8.800000 1.196971173442e+00 4.977689285767e-01 1.296346e+00
0.900000 8.825000 1.215672115905e+00 5.038076896724e-01 1.315933e+00
0.900000 8.850000 1.235208054404e+00 5.089661501782e-01 1.335959e+00
0.900000 8.875000 1.255523658018e+00 5.131643042158e-01 1.356347e+00
0.900000 8.900000 1.276555782831e+00 5.163267694804e-01 1.377021e+00
0.900000 8.925000 1.298233877349e+00 5.183835876168e-01 1.397903e+00
0.900000 8.950000 1.320480477008e+00 5.192710197613e-01 1.418912e+00
0.900000 8.975000 1.343211805079e+00 5.189323226368e-01 1.439968e+00
0.900000 9.000000 1.366338492133e+00 5.173184817158e-01 1.460993e+00
0.900000 9.025000 1.389766417665e+00 5.143888716542e-01 1.481906e+00
0.900000 9.050000 1.413397666779e+00 5.101118116119e-01 1.502633e+00
0.900000 9.075000 1.437131583531e+00 5.044649847736e-01 1.523100e+00
0.900000 9.100000 1.460865892462e+00 4.974356972853e-01 1.543234e+00
0.900000 9.125000 1.484497852444e+00 4.890209611343e-01 1.562970e+00
0.900000 9.150000 1.507925403349e+00 4.792273969677e-01 1.582245e+00
0.900000 9.175000 1.531048266801e+00 4.680709648301e-01 1.600999e+00
0.900000 9.200000 1.553768967145e+00 4.555765416413e-01 1.619181e+00
0.900000 9.225000 1.575993747070e+00 4.417773724480e-01 1.636742e+00
0.900000 9.250000 1.597633362693e+00 4.267144270162e-01 1.653638e+00
0.900000 9.275000 1.618603753840e+00 4.104356937333e-01 1.669831e+00
0.900000 9.300000 1.638826595067e+00 3.929954392282e-01 1.685289e+00
0.900000 9.325000 1.658229740248e+00 3.744534554184e-01 1.699983e+00
0.900000 9.350000 1.676747577430e+00 3.548743071137e-01 1.713890e+00
0.900000 9.375000 1.694321310555e+00 3.343265843951e-01 1.726991e+00
0.900000 9.400000 1.710899181044e+00 3.128821563017e-01 1.739273e+00
0.900000 9.425000 1.726436635764e+00 2.906154172152e-01 1.750726e+00
0.900000 9.450000 1.740896439940e+00 2.676025156209e-01 1.761344e+00
0.900000 9.475000 1.754248725656e+00 2.439205569395e-01 1.771126e+00
0.900000 9.500000 1.766470960106e+00 2.196467775616e-01 1.780074e+00
0.900000 9.525000 1.777547814110e+00 1.948576951916e-01 1.788196e+00
0.900000 9.550000 1.787470911271e+00 1.696282498394e-01 1.795502e+00
0.900000 9.575000 1.796238441841e+00 1.440309587874e-01 1.802004e+00
0.900000 9.600000 1.803854632481e+00 1.181351161514e-01 1.807719e+00
0.900000 9.625000 1.810329072788e+00 9.200607204610e-02 1.812666e+00
0.900000 9.650000 1.815675910393e+00 6.570462712131e-02 1.816864e+00
0.900000 9.675000 1.819912937241e+00 3.928657513366e-02 1.820337e+00
0.900000 9.700000 1.823060598890e+00 1.280241965157e-02 1.823106e+00
0.900000 9.725000 1.825140965254e+00 -1.370271820674e-02 1.825192e+00
0.900000 9.750000 1.826176704423e+00 -4.018899472749e-02 1.826619e+00
0.900000 9.775000 1.826190100983e+00 -6.662154571585e-02 1.827405e+00
0.900000 9.800000 1.825202156847e+00 -9.297000986741e-02 1.827568e+00
0.900000 9.825000 1.823231806902e+00 -1.192078950723e-01 1.827125e+00
0.900000 9.850000 1.820295274832e+00 -1.453118143470e-01 1.826086e+00
0.900000 9.875000 1.816405587301e+00 -1.712606205312e-01 1.824461e+00
0.900000 9.900000 1.811572258419e+00 -1.970344691963e-01 1.822256e+00
0.900000 9.925000 1.805801151550e+00 -2.226138381845e-01 1.819471e+00
0.900000 9.950000 1.799094522348e+00 -2.479785307976e-01 1.816104e+00
0.900000 9.975000 1.791451245156e+00 -2.731066888128e-01 1.812149e+00
0.900000 10.000000 1.782867223789e+00 -2.979738419123e-01 1.807596e+00
0.900000 10.025000 1.773335986435e+00 -3.225520220481e-01 1.802432e+00
0.900000 10.050000 1.762849461775e+00 -3.468089745119e-01 1.796640e+00
0.900000 10.075000 1.751398928673e+00 -3.707075013379e-01 1.790202e+00
0.900000 10.100000 1.738976124333e+00 -3.942049760056e-01 1.783097e+00
0.900000 10.125000 1.725574485763e+00 -4.172530699108e-01 1.775305e+00
0.900000 10.150000 1.711190487213e+00 -4.397977294063e-01 1.766804e+00
0.900000 10.175000 1.695825023310e+00 -4.617794363084e-01 1.757573e+00
0.900000 10.200000 1.679484775363e+00 -4.831337740790e-01 1.747595e+00
0.900000 10.225000 1.662183488732e+00 -5.037923064870e-01 1.736854e+00
0.900000 10.250000 1.643943084029e+00 -5.236837562780e-01 1.725339e+00
0.900000 10.275000 1.624794525700e+00 -5.427354497349e-01 1.713044e+00
0.900000 10.300000 1.604778379185e+00 -5.608749710725e-01 1.699969e+00
0.900000 10.325000 1.583945002469e+00 -5.780319507259e-01 1.686121e+00
0.900000 10.350000 1.562354338695e+00 -5.941398961465e-01 1.671512e+00
0.900000 10.375000 1.540075302028e+00 -6.091379647381e-01 1.656165e+00
0.900000 10.400000 1.517184776953e+00 -6.229725775032e-01 1.640105e+00
0.900000 10.425000 1.493766278960e+00 -6.355987794049e-01 1.623368e+00
0.900000 10.450000 1.469908349351e+00 -6.469812680751e-01 1.605994e+00
0.900000 10.475000 1.445702776226e+00 -6.570950350138e-01 1.588027e+00
0.900000 10.500000 1.421242745535e+00 -6.659255908094e-01 1.569518e+00
0.900000 10.525000 1.396621029310e+00 -6.734687755134e-01 1.550519e+00
0.900000 10.550000 1.371928312586e+00 -6.797301843377e-01 1.531085e+00
0.900000 10.575000 1.347251746752e+00 -6.847242645384e-01 1.511269e+00
0.900000 10.600000 1.322673796869e+00 -6.884731594605e-01 1.491128e+00
0.900000 10.625000 1.298271425854e+00 -6.910053886218e-01 1.470713e+00
0.900000 10.650000 1.274115632137e+00 -6.923544577088e-01 1.450078e+00
0.900000 10.675000 1.250271331787e+00 -6.925574895806e-01 1.429271e+00
0.900000 10.700000 1.226797553595e+00 -6.916539578260e-01 1.408339e+00
0.900000 10.725000 1.203747897784e+00 -6.896845896875e-01 1.387326e+00
0.900000 10.750000 1.181171196946e+00 -6.866904872324e-01 1.366276e+00
0.900000 10.775000 1.159112311639e+00 -6.827124965748e-01 1.345228e+00
0.900000 10.800000 1.137612992450e+00 -6.777908365629e-01 1.324222e+00
0.900000 10.825000 1.116712744075e+00 -6.719649821097e-01 1.303297e+00
0.900000 10.850000 1.096449633970e+00 -6.652737840969e-01 1.282494e+00
0.900000 10.875000 1.076860996770e+00 -6.577557978236e-01 1.261853e+00
0.900000 10.900000 1.057983995018e+00 -6.494497850490e-01 1.241417e+00
0.900000 10.925000 1.039856005646e+00 -6.403953501493e-01 1.221232e+00
0.900000 10.950000 1.022514809980e+00 -6.306336680056e-01 1.201347e+00
0.900000 10.975000 1.005998572617e+00 -6.202082591642e-01 1.181817e+00
0.900000 11.000000 9.903456018644e-01 -6.091657660827e-01 1.162698e+00
0.900000 11.025000 9.755938921378e-01 -5.975566827167e-01 1.144053e+00
0.900000 11.050000 9.617804572629e-01 -5.854359885896e-01 1.125947e+00
0.900000 11.075000 9.489404735509e-01 -5.728636384579e-01 1.108450e+00
0.900000 11.100000 9.371062626872e-01 -5.599048606033e-01 1.091633e+00
0.900000 11.125000 9.263061565088e-01 -5.466302215718e-01 1.075569e+00
0.900000 11.150000 9.165632976606e-01 -5.331154235888e-01 1.060330e+00
0.900000 11.175000 9.078944406270e-01 -5.194408132449e-01 1.045988e+00
0.900000 11.200000 9.003088251972e-01 -5.056905962020e-01 1.032608e+00
0.900000 11.225000 8.938071975635e-01 -4.919517717837e-01 1.020249e+00
0.900000 11.250000 8.883810517711e-01 -4.783128219936e-01 1.008962e+00
0.900000 11.275000 8.840121554709e-01 -4.648622098726e-01 9.987864e-01
0.900000 11.300000 8.806724088876e-01 -4.516867600386e-01 9.897499e-01
0.900000 11.325000 8.783240654143e-01 -4.388700076537e-01 9.818656e-01
0.900000 11.350000 8.769203178032e-01 -4.264906091519e-01 9.751325e-01
0.900000 11.375000 8.764062276890e-01 -4.146209076420e-01 9.695351e-01
0.900000 11.400000 8.767199506420e-01 -4.033257375599e-01 9.650438e-01
0.900000 11.425000 8.777941866404e-01 -3.926615373443e-01 9.616162e-01
0.900000 11.450000 8.795577690753e-01 -3.826758169709e-01 9.591990e-01
0.900000 11.475000 8.819372958631e-01 -3.734070011384e-01 9.577297e-01
0.900000 11.500000 8.848587048931e-01 -3.648846412610e-01 9.571393e-01
0.900000 11.525000 8.882487029181e-01 -3.571299628731e-01 9.573545e-01
0.900000 11.550000 8.920359712453e-01 -3.501566921037e-01 9.582995e-01
0.900000 11.575000 8.961520915603e-01 -3.439720875866e-01 9.598986e-01
0.900000 11.600000 9.005321587329e-01 -3.385780938813e-01 9.620776e-01
0.900000 11.625000 9.051150720390e-01 -3.339725296995e-01 9.647647e-01
0.900000 11.650000 9.098435195069e-01 -3.301502285953e-01 9.678917e-01
0.900000 11.675000 9.146636899934e-01 -3.271040601891e-01 9.713942e-01
0.900000 11.700000 9.195247626734e-01 -3.248257747591e-01 9.752116e-01
0.900000 11.725000 9.243782331429e-01 -3.233066312042e-01 9.792866e-01
0.900000 11.750000 9.291771393051e-01 -3.225377859788e-01 9.835653e-01
0.900000 11.775000 9.338752493144e-01 -3.225104369341e-01 9.879959e-01
0.900000 11.800000 9.384262692381e-01 -3.232157298578e-01 9.925282e-01
0.900000 11.825000 9.427831211642e-01 -3.246444462634e-01 9.971128e-01
0.900000 11.850000 9.468973345963e-01 -3.267864986371e-01 1.001701e+00
0.900000 11.875000 9.507185862552e-01 -3.296302644059e-01 1.006241e+00
0.900000 11.900000 9.541944165251e-01 -3.331617931834e-01 1.010685e+00
0.900000 11.925000 9.572701449228e-01 -3.373639243448e-01 1.014978e+00
0.900000 11.950000 9.598890018061e-01 -3.422153544906e-01 1.019067e+00
0.900000 11.975000 9.619924883915e-01 -3.476896973883e-01 1.022897e+00
0.900000 12.000000 9.635209711600e-01 -3.537545825713e-01 1.026409e+00
0.900000 12.025000 9.644145090720e-01 -3.603708424558e-01 1.029545e+00
0.900000 12.050000 9.646139021713e-01 -3.674918407225e-01 1.032245e+00
0.900000 12.075000 9.640619380613e-01 -3.750629956263e-01 1.034450e+00
0.900000 12.100000 9.627047988910e-01 -3.830215496186e-01 1.036101e+00
0.900000 12.125000 9.604935769612e-01 -3.912966301724e-01 1.037141e+00
0.900000 12.150000 9.573858334010e-01 -3.998096354135e-01 1.037514e+00
0.900000 12.175000 9.533471233517e-01 -4.084749621279e-01 1.037170e+00
0.900000 12.200000 9.483524045418e-01 -4.172010736973e-01 1.036064e+00
0.900000 12.225000 9.423872455355e-01 -4.258918829839e-01 1.034156e+00
0.900000 12.250000 9.354487562414e-01 -4.344484021575e-01 1.031412e+00
0.900000 12.275000 9.275461766474e-01 -4.427705902943e-01 1.027807e+00
0.900000 12.300000 9.187010795339e-01 -4.507593126513e-01 1.023326e+00
0.900000 12.325000 9.089471675807e-01 -4.583183149161e-01 1.017959e+00
0.900000 12.350000 8.983296726084e-01 -4.653561129226e-01 1.011708e+00
0.900000 12.375000 8.869043920200e-01 -4.717877039464e-01 1.004581e+00
0.900000 12.400000 8.747364220578e-01 -4.775360194515e-01 9.965964e-01
0.900000 12.425000 8.618986667159e-01 -4.825330597571e-01 9.877791e-01
0.900000 12.450000 8.484702130742e-01 -4.867206764834e-01 9.781609e-01
0.900000 12.475000 8.345346672938e-01 -4.900509961346e-01 9.677800e-01
0.900000 12.500000 8.201785403609e-01 -4.924865049270e-01 9.566796e-01
0.900000 12.525000 8.054897597096e-01 -4.939998381985e-01 9.449072e-01
0.900000 12.550000 7.905563638069e-01 -4.945733351556e-01 9.325139e-01
0.900000 12.575000 7.754654140039e-01 -4.941984297977e-01 9.195535e-01
0.900000 12.600000 7.603021341539e-01 -4.928749509822e-01 9.060823e-01
0.900000 12.625000 7.451492663635e-01 -4.906103991373e-01 8.921581e-01
0.900000 12.650000 7.300866131054e-01 -4.874192553223e-01 8.778405e-01
0.900000 12.675000 7.151907234802e-01 -4.833223621308e-01 8.631908e-01
0.900000 12.700000 7.005346755473e-01 -4.783463976531e-01 8.482712e-01
0.900000 12.725000 6.861879073259e-01 -4.725234457645e-01 8.331460e-01
0.900000 12.750000 6.722160554591e-01 -4.658906505411e-01 8.178805e-01
0.900000 12.775000 6.586807711428e-01 -4.584899312465e-01 8.025418e-01
0.900000 12.800000 6.456394958458e-01 -4.503677280144e-01 7.871985e-01
0.900000 12.825000 6.331451925776e-01 -4.415747472259e-01 7.719204e-01
0.900000 12.850000 6.212460401985e-01 -4.321656790865e-01 7.567786e-01
0.900000 12.875000 6.099851070863e-01 -4.221988669024e-01 7.418448e-01
0.900000 12.900000 5.994000255937e-01 -4.117359165504e-01 7.271911e-01
0.900000 12.925000 5.895226899563e-01 -4.008412440460e-01 7.128890e-01
0.900000 12.950000 5.803789980870e-01 -3.895815675088e-01 6.990090e-01
0.900000 12.975000 5.719886528991e-01 -3.780253561330e-01 6.856196e-01
0.900000 13.000000 5.643650325894e-01 -3.662422524104e-01 6.727862e-01
0.900000 13.025000 5.575151328864e-01 -3.543024847512e-01 6.605705e-01
0.900000 13.050000 5.514395786530e-01 -3.422762862191e-01 6.490290e-01
0.900000 13.075000 5.461326981272e-01 -3.302333320532e-01 6.382123e-01
0.900000 13.100000 5.415826507908e-01 -3.182422048903e-01 6.281639e-01
0.900000 13.125000 5.377715992408e-01 -3.063698929606e-01 6.189191e-01
0.900000 13.150000 5.346759160526e-01 -2.946813236350e-01 6.105042e-01
0.900000 13.175000 5.322664178158e-01 -2.832389328682e-01 6.029360e-01
0.900000 13.200000 5.305086196262e-01 -2.721022702363e-01 5.962206e-01
0.900000 13.225000 5.293630038150e-01 -2.613276390304e-01 5.903536e-01
0.900000 13.250000 5.287852963687e-01 -2.509677706443e-01 5.853193e-01
0.900000 13.275000 5.287267434666e-01 -2.410715316265e-01 5.810916e-01
0.900000 13.300000 5.291343793338e-01 -2.316836597518e-01 5.776335e-01
0.900000 13.325000 5.299512759143e-01 -2.228445220659e-01 5.748983e-01
0.900000 13.350000 5.311167655751e-01 -2.145898832622e-01 5.728297e-01
0.900000 13.375000 5.325666309165e-01 -2.069506675600e-01 5.713631e-01
0.900000 13.400000 5.342332612673e-01 -1.999526924697e-01 5.704264e-01
0.900000 13.425000 5.360457836080e-01 -1.936163496848e-01 5.699407e-01
0.900000 13.450000 5.379301859629e-01 -1.879562080864e-01 5.698214e-01
0.900000 13.475000 5.398094626548e-01 -1.829805175628e-01 5.699791e-01
0.900000 13.500000 5.416038216689e-01 -1.786906006291e-01 5.703201e-01
0.900000 13.525000 5.432310029270e-01 -1.750801317026e-01 5.707477e-01
0.900000 13.550000 5.446067606820e-01 -1.721343206122e-01 5.711626e-01
0.900000 13.575000 5.456455619652e-01 -1.698290360498e-01 5.714639e-01
0.900000 13.600000 5.462615450348e-01 -1.681299241849e-01 5.715500e-01
0.900000 13.625000 5.463697668673e-01 -1.669915951406e-01 5.713196e-01
0.900000 13.650000 5.458877475435e-01 -1.663569630068e-01 5.706733e-01
0.900000 13.675000 5.447372934583e-01 -1.661568313315e-01 5.695145e-01
0.900000 13.700000 5.428465529719e-01 -1.663098139897e-01 5.677511e-01
0.900000 13.725000 5.401522302104e-01 -1.667226702155e-01 5.652972e-01
0.900000 13.750000 5.366018582956e-01 -1.672911126759e-01 5.620746e-01
0.900000 13.775000 5.321560151413e-01 -1.679011200728e-01 5.580151e-01
0.900000 13.800000 5.267903554097e-01 -1.684307531250e-01 5.530615e-01
0.900000 13.825000 5.204973327085e-01 -1.687524378468e-01 5.471699e-01
0.900000 13.850000 5.132874969933e-01 -1.687356460982e-01 5.403108e-01
0.900000 13.875000 5.051902726791e-01 -1.682498736886e-01 5.324709e-01
0.900000 13.900000 4.962541513703e-01 -1.671677936972e-01 5.236538e-01
0.900000 13.925000 4.865462667350e-01 -1.653684492031e-01 5.138813e-01
0.900000 13.950000 4.761513547821e-01 -1.627403463423e-01 5.031943e-01
0.900000 13.975000 4.651701373451e-01 -1.591843155059e-01 4.916532e-01
0.900000 14.000000 4.537171969580e-01 -1.546160244294e-01 4.793385e-01
0.900000 14.025000 4.419184351372e-01 -1.489680499284e-01 4.663511e-01
0.900000 14.050000 4.299082218181e-01 -1.421914424956e-01 4.528129e-01
0.900000 14.075000 4.178263508283e-01 -1.342567470579e-01 4.388664e-01
0.900000 14.100000 4.058149152338e-01 -1.251544711759e-01 4.246756e-01
0.900000 14.125000 3.940152084882e-01 -1.148950165875e-01 4.104252e-01
0.900000 14.150000 3.825647443987e-01 -1.035081096707e-01 3.963202e-01
0.900000 14.175000 3.715944731863e-01 -9.104178040281e-02 3.825847e-01
0.900000 14.200000 3.612262544394e-01 -7.756094778925e-02 3.694592e-01
0.900000 14.225000 3.515706323265e-01 -6.314567333750e-02 3.571964e-01
0.900000 14.250000 3.427249452272e-01 -4.788914423423e-02 3.460546e-01
0.900000 14.275000 3.347717914976e-01 -3.189544595166e-02 3.362878e-01
0.900000 14.300000 3.277778652618e-01 -1.527718148047e-02 3.281337e-01
0.900000 14.325000 3.217931702445e-01 1.847007634691e-03 3.217985e-01
0.900000 14.350000 3.168506146960e-01 1.935496420481e-02 3.174412e-01
0.900000 14.375000 3.129659853265e-01 3.712352780297e-02 3.151601e-01
0.900000 14.400000 3.101382919135e-01 5.503098142699e-02 3.149828e-01
0.900000 14.425000 3.083504663451e-01 7.295937671114e-02 3.168645e-01
0.900000 14.450000 3.075703902826e-01 9.079668294683e-02 3.206923e-01
0.900000 14.475000 3.077522149097e-01 1.084387086288e-01 3.262980e-01
0.900000 14.500000 3.088379254000e-01 1.257907509348e-01 3.334729e-01
0.900000 14.525000 3.107590931149e-01 1.427689387348e-01 3.419856e-01
0.900000 14.550000 3.134387515643e-01 1.593012480705e-01 3.515974e-01
0.900000 14.575000 3.167933290630e-01 1.753281846218e-01 3.620746e-01
0.900000 14.600000 3.207345726302e-01 1.908031440515e-01 3.731977e-01
0.900000 14.625000 3.251714042494e-01 2.056924765928e-01 3.847673e-01
0.900000 14.650000 3.300116616762e-01 2.199752950520e-01 3.966066e-01
0.900000 14.675000 3.351636904656e-01 2.336430740449e-01 4.085631e-01
0.900000 14.700000 3.405377701405e-01 2.466990917362e-01 4.205073e-01
0.900000 14.725000 3.460473735180e-01 2.591577632585e-01 4.323327e-01
0.900000 14.750000 3.516102721683e-01 2.710439077414e-01 4.439534e-01
0.900000 14.775000 3.571495111080e-01 2.823919795874e-01 4.553032e-01
0.900000 14.800000 3.625942809320e-01 2.932452809659e-01 4.663340e-01
0.900000 14.825000 3.678807151846e-01 3.036551584713e-01 4.770143e-01
0.900000 14.850000 3.729526351619e-01 3.136801745546e-01 4.873283e-01
0.900000 14.875000 3.777622545724e-01 3.233852354824e-01 4.972749e-01
0.900000 14.900000 3.822708441979e-01 3.328406534811e-01 5.068667e-01
0.900000 14.925000 3.864493438948e-01 3.421211219326e-01 5.161298e-01
0.900000 14.950000 3.902788979958e-01 3.513045887751e-01 5.251024e-01
0.900000 14.975000 3.937512822304e-01 3.604710236411e-01 5.338346e-01
0.900000 15.000000 3.968691869558e-01 3.697010871318e-01 5.423874e-01
0.900000 15.025000 3.996463233627e-01 3.790747240545e-01 5.508310e-01
0.900000 15.050000 4.021073261967e-01 3.886697144010e-01 5.592445e-01
0.900000 15.075000 4.042874374642e-01 3.985602245755e-01 5.677135e-01
0.900000 15.100000 4.062319690397e-01 4.088154056033e-01 5.763284e-01
0.900000 15.125000 4.079955561652e-01 4.194980841984e-01 5.851829e-01
0.900000 15.150000 4.096412265936e-01 4.306635868265e-01 5.943711e-01
0.900000 15.175000 4.112393198524e-01 4.423587271715e-01 6.039859e-01
0.900000 15.200000 4.128662965920e-01 4.546209751825e-01 6.141163e-01
0.900000 15.225000 4.146034786651e-01 4.674778129571e-01 6.248452e-01
0.900000 15.250000 4.165357566710e-01 4.809462709613e-01 6.362479e-01
0.900000 15.275000 4.187502940513e-01 4.950326291256e-01 6.483896e-01
0.900000 15.300000 4.213352468796e-01 5.097322623189e-01 6.613247e-01
0.900000 15.325000 4.243785079614e-01 5.250296090994e-01 6.750950e-01
0.900000 15.350000 4.279664745185e-01 5.408982462335e-01 6.897291e-01
0.900000 15.375000 4.321828320872e-01 5.573010584269e-01 7.052421e-01
0.900000 15.400000 4.371073443498e-01 5.741905016270e-01 7.216353e-01
0.900000 15.425000 4.428146398830e-01 5.915089675161e-01 7.388962e-01
0.900000 15.450000 4.493729919829e-01 6.091892647606e-01 7.569991e-01
0.900000 15.475000 4.568430959823e-01 6.271552378101e-01 7.759055e-01
0.900000 15.500000 4.652768585008e-01 6.453225456160e-01 7.955650e-01
0.900000 15.525000 4.747162233399e-01 6.635996201998e-01 8.159166e-01
0.900000 15.550000 4.851920677361e-01 6.818888187999e-01 8.368893e-01
0.900000 15.575000 4.967232091739e-01 7.000877741673e-01 8.584037e-01
0.900000 15.600000 5.093155661099e-01 7.180909366395e-01 8.803732e-01
0.900000 15.625000 5.229615155102e-01 7.357912902495e-01 9.027057e-01
0.900000 15.650000 5.376394863178e-01 7.530822145928e-01 9.253048e-01
0.900000 15.675000 5.533138215662e-01 7.698594554953e-01 9.480716e-01
0.900000 15.700000 5.699349338511e-01 7.860231612535e-01 9.709059e-01
0.900000 15.725000 5.874397703228e-01 8.014799374488e-01 9.937080e-01
0.900000 15.750000 6.057525951862e-01 8.161448716844e-01 1.016380e+00
0.900000 15.775000 6.247860904794e-01 8.299434793399e-01 1.038828e+00
0.900000 15.800000 6.444427697607e-01 8.428135217395e-01 1.060962e+00
0.900000 15.825000 6.646166939436e-01 8.547066482012e-01 1.082700e+00
0.900000 15.850000 6.851954731479e-01 8.655898128104e-01 1.103965e+00
0.900000 15.875000 7.060625321560e-01 8.754464154228e-01 1.124691e+00
0.900000 15.900000 7.270996089559e-01 8.842771148652e-01 1.144823e+00
0.900000 15.925000 7.481894452884e-01 8.921002615984e-01 1.164315e+00
0.900000 15.950000 7.692186149424e-01 8.989518986083e-01 1.183136e+00
0.900000 15.975000 7.900804202959e-01 9.048852845126e-01 1.201268e+00
0.900000 16.000000 8.106777714873e-01 9.099699031622e-01 1.218706e+00
0.900000 16.025000 8.309259475020e-01 9.142899402432e-01 1.235461e+00
0.900000 16.050000 8.507551266398e-01 9.179422296992e-01 1.251560e+00
0.900000 16.075000 8.701125677338e-01 9.210337004199e-01 1.267043e+00
0.900000 16.100000 8.889643252930e-01 9.236783848654e-01 1.281967e+00
0.900000 16.125000 9.072963930180e-01 9.259940835157e-01 1.296400e+00
0.900000 16.150000 9.251151915447e-01 9.280988090631e-01 1.310422e+00
0.900000 16.175000 9.424473472620e-01 9.301071586320e-01 1.324125e+00
0.900000 16.200000 9.593387478836e-01 9.321267777407e-01 1.337607e+00
0.900000 16.225000 9.758529042006e-01 9.342550835719e-01 1.350971e+00
0.900000 16.250000 9.920686922945e-01 9.365764058056e-01 1.364322e+00
0.900000 16.275000 1.008077592131e+00 9.391596805239e-01 1.377767e+00
0.900000 16.300000 1.023980572573e+00 9.420567977902e-01 1.391405e+00
0.900000 16.325000 1.039884795648e+00 9.453016590823e-01 1.405331e+00
0.900000 16.350000 1.055900321618e+00 9.489099507566e-01 1.419632e+00
0.900000 16.375000 1.072136989614e+00 9.528795888115e-01 1.434384e+00
0.900000 16.400000 1.088701626648e+00 9.571917434461e-01 1.449651e+00
0.900000 16.425000 1.105695702519e+00 9.618123139557e-01 1.465485e+00
0.900000 16.450000 1.123213502992e+00 9.666936993039e-01 1.481926e+00
0.900000 16.475000 1.141340843111e+00 9.717766997836e-01 1.499003e+00
0.900000 16.500000 1.160154291893e+00 9.769923915243e-01 1.516731e+00
0.900000 16.525000 1.179720833986e+00 9.822638373724e-01 1.535117e+00
0.900000 16.550000 1.200097858037e+00 9.875075324111e-01 1.554158e+00
0.900000 16.575000 1.221333338936e+00 9.926345262285e-01 1.573842e+00
0.900000 16.600000 1.243466073939e+00 9.975512121602e-01 1.594151e+00
0.900000 16.625000 1.266525841409e+00 1.002159820956e+00 1.615058e+00
0.900000 16.650000 1.290533374172e+00 1.006358697631e+00 1.636531e+00
0.900000 16.675000 1.315500074457e+00 1.010042471398e+00 1.658531e+00
0.900000 16.700000 1.341427440174e+00 1.013102246548e+00 1.681013e+00
0.900000 16.725000 1.368306218066e+00 1.015425945282e+00 1.703922e+00
0.900000 16.750000 1.396115343304e+00 1.016898921978e+00 1.727200e+00
0.900000 16.775000 1.424820762939e+00 1.017404943624e+00 1.750779e+00
0.900000 16.800000 1.454374268549e+00 1.016827596121e+00 1.774582e+00
0.900000 16.825000 1.484712479139e+00 1.015052134507e+00 1.798528e+00
0.900000 16.850000 1.515756117616e+00 1.011967751050e+00 1.822524e+00
0.900000 16.875000 1.547409713333e+00 1.007470192825e+00 1.846476e+00
0.900000 16.900000 1.579561840751e+00 1.001464623402e+00 1.870280e+00
0.900000 16.925000 1.612085972558e+00 9.938685946402e-01 1.893831e+00
0.900000 16.950000 1.644841987831e+00 9.846149761988e-01 1.917022e+00
0.900000 16.975000 1.677678335115e+00 9.736546830274e-01 1.939744e+00
0.900000 17.000000 1.710434810016e+00 9.609590447560e-01 1.961894e+00
0.900000 17.025000 1.742945869688e+00 9.465216744234e-01 1.983372e+00
0.900000 17.050000 1.775044374770e+00 9.303597158198e-01 2.004084e+00
0.900000 17.075000 1.806565624328e+00 9.125143768207e-01 2.023947e+00
0.900000 17.100000 1.837351532077e+00 8.930506883507e-01 2.042890e+00
0.900000 17.125000 1.867254782822e+00 8.720564629836e-01 2.060855e+00
0.900000 17.150000 1.896142806442e+00 8.496404618502e-01 2.077798e+00
0.900000 17.175000 1.923901412270e+00 8.259298119374e-01 2.093695e+00
0.900000 17.200000 1.950437938684e+00 8.010667468230e-01 2.108534e+00
0.900000 17.225000 1.975683790322e+00 7.752047713986e-01 2.122326e+00
0.900000 17.250000 1.999596257601e+00 7.485043744249e-01 2.135098e+00
0.900000 17.275000 2.022159539496e+00 7.211284311945e-01 2.146894e+00
0.900000 17.300000 2.043384919717e+00 6.932374515612e-01 2.157777e+00
0.900000 17.325000 2.063310077649e+00 6.649848356686e-01 2.167822e+00
0.900000 17.350000 2.081997547556e+00 6.365123004906e-01 2.177122e+00
0.900000 17.375000 2.099532371351e+00 6.079456345623e-01 2.185780e+00
0.900000 17.400000 2.116019020286e+00 5.793909261193e-01 2.193908e+00
0.900000 17.425000 2.131577687891e+00 5.509313916091e-01 2.201624e+00
0.900000 17.450000 2.146340078874e+00 5.226249079973e-01 2.209052e+00
0.900000 17.475000 2.160444835457e+00 4.945023245683e-01 2.216316e+00
0.900000 17.500000 2.174032752691e+00 4.665665995326e-01 2.223534e+00
0.900000 17.525000 2.187241937384e+00 4.387927754055e-01 2.230822e+00
0.900000 17.550000 2.200203061351e+00 4.111287766288e-01 2.238285e+00
0.900000 17.575000 2.213034849388e+00 3.834969849895e-01 2.246017e+00
0.900000 17.600000 2.225839926729e+00 3.557965244965e-01 2.254097e+00
0.900000 17.625000 2.238701131258e+00 3.279061685460e-01 2.262588e+00
0.900000 17.650000 2.251678373972e+00 2.996877689569e-01 2.271534e+00
0.900000 17.675000 2.264806108840e+00 2.709900987479e-01 2.280961e+00
0.900000 17.700000 2.278091451700e+00 2.416529978391e-01 2.290873e+00
0.900000 17.725000 2.291512968260e+00 2.115117122355e-01 2.301254e+00
0.900000 17.750000 2.305020134318e+00 1.804013215666e-01 2.312069e+00
0.900000 17.775000 2.318533457076e+00 1.481611559128e-01 2.323263e+00
0.900000 17.800000 2.331945234667e+00 1.146391096378e-01 2.334761e+00
0.900000 17.825000 2.345120921077e+00 7.969576677574e-02 2.346475e+00
0.900000 17.850000 2.357901054781e+00 4.320825909695e-02 2.358297e+00
0.900000 17.875000 2.370103700943e+00 5.073784441940e-03 2.370109e+00
0.900000 17.900000 2.381527348339e+00 -3.478728022154e-02 2.381781e+00
0.900000 17.925000 2.391954193290e+00 -7.642872859004e-02 2.393175e+00
0.900000 17.950000 2.401153733969e+00 -1.198763853902e-01 2.404144e+00
0.900000 17.975000 2.408886590339e+00 -1.651265127482e-01 2.414540e+00
0.900000 18.000000 2.414908458684e+00 -2.121447830223e-01 2.424209e+00
0.900000 18.025000 2.418974106379e+00 -2.608658211743e-01 2.433000e+00
0.900000 18.050000 2.420841313436e+00 -3.111933007730e-01 2.440761e+00
0.900000 18.075000 2.420274673208e+00 -3.630005584439e-01 2.447345e+00
0.900000 18.100000 2.417049175783e+00 -4.161316736686e-01 2.452609e+00
0.900000 18.125000 2.410953513761e+00 -4.704029461360e-01 2.456415e+00
0.900000 18.150000 2.401793070272e+00 -5.256046930495e-01 2.458632e+00
0.900000 18.175000 2.389392571550e+00 -5.815032852503e-01 2.459135e+00
0.900000 18.200000 2.373598409146e+00 -6.378433444528e-01 2.457807e+00
0.900000 18.225000 2.354280657466e+00 -6.943500342510e-01 2.454539e+00
0.900000 18.250000 2.331334828557e+00 -7.507313939730e-01 2.449228e+00
0.900000 18.275000 2.304683416054e+00 -8.066806852648e-01 2.441782e+00
0.900000 18.300000 2.274277282625e+00 -8.618787442043e-01 2.432113e+00
0.900000 18.325000 2.240096939750e+00 -9.159963541750e-01 2.420141e+00
0.900000 18.350000 2.202153755810e+00 -9.686966739842e-01 2.405796e+00
0.900000 18.375000 2.160491109486e+00 -1.019637769494e+00 2.389013e+00
0.900000 18.400000 2.115185482782e+00 -1.068475303569e+00 2.369736e+00
0.900000 18.425000 2.066347463924e+00 -1.114865437563e+00 2.347918e+00
0.900000 18.450000 2.014122607959e+00 -1.158467987897e+00 2.323518e+00
0.900000 18.475000 1.958692084465e+00 -1.198949864506e+00 2.296509e+00
0.900000 18.500000 1.900273029602e+00 -1.235988795893e+00 2.266871e+00
0.900000 18.525000 1.839118514859e+00 -1.269277320450e+00 2.234597e+00
0.900000 18.550000 1.775517047975e+00 -1.298526998315e+00 2.199689e+00
0.900000 18.575000 1.709791531785e+00 -1.323472774729e+00 2.162167e+00
0.900000 18.600000 1.642297623161e+00 -1.343877406738e+00 2.122062e+00
0.900000 18.625000 1.573421454710e+00 -1.359535851607e+00 2.079421e+00
0.900000 18.650000 1.503576704411e+00 -1.370279508074e+00 2.034308e+00
0.900000 18.675000 1.433201020782e+00 -1.375980200425e+00 1.986803e+00
0.900000 18.700000 1.362751831701e+00 -1.376553799406e+00 1.937006e+00
0.900000 18.725000 1.292701582474e+00 -1.371963381821e+00 1.885036e+00
0.900000 18.750000 1.223532462658e+00 -1.362221840712e+00 1.831033e+00
0.900000 18.775000 1.155730691630e+00 -1.347393868665e+00 1.775157e+00
0.900000 18.800000 1.089780440860e+00 -1.327597246948e+00 1.717596e+00
0.900000 18.825000 1.026157477362e+00 -1.303003382091e+00 1.658559e+00
0.900000 18.850000 9.653226191693e-01 -1.273837039306e+00 1.598283e+00
0.900000 18.875000 9.077151011023e-01 -1.240375229353e+00 1.537035e+00
0.900000 18.900000 8.537459580684e-01 -1.202945213315e+00 1.475113e+00
0.900000 18.925000 8.037915438800e-01 -1.161921599681e+00 1.412849e+00
0.900000 18.950000 7.581873152731e-01 -1.117722521550e+00 1.350612e+00
0.900000 18.975000 7.172220222093e-01 -1.070804899834e+00 1.288810e+00
0.900000 19.000000 6.811324547262e-01 -1.021658821558e+00 1.227896e+00
0.900000 19.025000 6.500989014776e-01 -9.708010906006e-01 1.168368e+00
0.900000 19.050000 6.242414735632e-01 -9.187680402997e-01 1.110771e+00
0.900000 19.075000 6.036174376131e-01 -8.661077315822e-01 1.055697e+00
0.900000 19.100000 5.882196832940e-01 -8.133716939975e-01 1.003781e+00
0.900000 19.125000 5.779764222997e-01 -7.611063975495e-01 9.556881e-01
0.900000 19.150000 5.727521792955e-01 -7.098446675257e-01 9.120990e-01
0.900000 19.175000 5.723500919442e-01 -6.600972701253e-01 8.736779e-01
0.900000 19.200000 5.765154896541e-01 -6.123449016200e-01 8.410329e-01
0.900000 19.225000 5.849406721257e-01 -5.670308070131e-01 8.146653e-01
0.900000 19.250000 5.972707624728e-01 -5.245542356538e-01 7.949148e-01
0.900000 19.275000 6.131104688130e-01 -4.852649120177e-01 7.819121e-01
0.900000 19.300000 6.320315554674e-01 -4.494586617770e-01 7.755495e-01
0.900000 19.325000 6.535808022377e-01 -4.173742889765e-01 7.754800e-01
0.900000 19.350000 6.772882186935e-01 -3.891917525709e-01 7.811463e-01
0.900000 19.375000 7.026752800965e-01 -3.650316428656e-01 7.918337e-01
0.900000 19.400000 7.292629617397e-01 -3.449559133295e-01 8.067336e-01
0.900000 19.425000 7.565793675470e-01 -3.289697831718e-01 8.250051e-01
0.900000 19.450000 7.841667748156e-01 -3.170246926214e-01 8.458263e-01
0.900000 19.475000 8.115879477458e-01 -3.090221669577e-01 8.684294e-01
0.900000 19.500000 8.384316057820e-01 -3.048184271991e-01 8.921221e-01
0.900000 19.525000 8.643169668867e-01 -3.042295746056e-01 9.162966e-01
0.900000 19.550000 8.888973192373e-01 -3.070371719941e-01 9.404309e-01
0.900000 19.575000 9.118626064751e-01 -3.129940463400e-01 9.640844e-01
0.900000 19.600000 9.329410410015e-01 -3.218301432771e-01 9.868909e-01
0.900000 19.625000 9.518997866883e-01 -3.332582740960e-01 1.008551e+00
0.900000 19.650000 9.685447767173e-01 -3.469796091282e-01 1.028822e+00
0.900000 19.675000 9.827197541002e-01 -3.626887876842e-01 1.047512e+00
0.900000 19.700000 9.943046416128e-01 -3.800785339069e-01 1.064472e+00
0.900000 19.725000 1.003213364107e+00 -3.988436899783e-01 1.079589e+00
0.900000 19.750000 1.009391258838e+00 -4.186846030177e-01 1.092780e+00
0.900000 19.775000 1.012812217830e+00 -4.393098294570e-01 1.103984e+00
0.900000 19.800000 1.013475709483e+00 -4.604381500566e-01 1.113165e+00
0.900000 19.825000 1.011403823889e+00 -4.817999190688e-01 1.120299e+00
0.900000 19.850000 1.006638476979e+00 -5.031378010056e-01 1.125375e+00
0.900000 19.875000 9.992388926233e-01 -5.242069763915e-01 1.128393e+00
0.900000 19.900000 9.892794593699e-01 -5.447749220146e-01 1.129360e+00
0.900000 19.925000 9.768480305973e-01 -5.646208898070e-01 1.128286e+00
0.900000 19.950000 9.620447048353e-01 -5.835352201256e-01 1.125186e+00
0.900000 19.975000 9.449810888102e-01 -6.013186288452e-01 1.120077e+00
0.900000 20.000000 9.257800114708e-01 -6.177816028477e-01 1.112979e+00
0.900000 20.025000 9.045756251019e-01 -6.327440253890e-01 1.103912e+00
0.900000 20.050000 8.815138017066e-01 -6.460351322709e-01 1.092899e+00
0.900000 20.075000 8.567527108685e-01 -6.574938730923e-01 1.079965e+00
0.900000 20.100000 8.304634505679e-01 -6.669697208951e-01 1.065138e+00
0.900000 20.125000 8.028305956024e-01 -6.743239402354e-01 1.048451e+00
0.900000 20.150000 7.740525294748e-01 -6.794312901288e-01 1.029944e+00
0.900000 20.175000 7.443414344522e-01 -6.821821063147e-01 1.009662e+00
0.900000 20.200000 7.139228301391e-01 -6.824846784402e-01 9.876594e-01
0.900000 20.225000 6.830345722564e-01 -6.802678133258e-01 9.640023e-01
0.900000 20.250000 6.519252491531e-01 -6.754834562823e-01 9.387675e-01
0.900000 20.275000 6.208519426731e-01 -6.681092290426e-01 9.120455e-01
0.900000 20.300000 5.900773512074e-01 -6.581507355295e-01 8.839421e-01
0.900000 20.325000 5.598663050573e-01 -6.456434855091e-01 8.545793e-01
0.900000 20.350000 5.304817366531e-01 -6.306542912610e-01 8.240969e-01
0.900000 20.375000 5.021801998177e-01 -6.132820037548e-01 7.926536e-01
0.900000 20.400000 4.752070621323e-01 -5.936574725051e-01 7.604281e-01
0.900000 20.425000 4.497915214640e-01 -5.719426372742e-01 7.276200e-01
0.900000 20.450000 4.261416205375e-01 -5.483286899220e-01 6.944502e-01
0.900000 20.475000 4.044394506199e-01 -5.230332805462e-01 6.611619e-01
0.900000 20.500000 3.848367453588e-01 -4.962967827422e-01 6.280206e-01
0.900000 20.525000 3.674510670271e-01 -4.683776770095e-01 5.953133e-01
0.900000 20.550000 3.523627785745e-01 -4.395471571104e-01 5.633482e-01
0.900000 20.575000 3.396129750736e-01 -4.100831091202e-01 5.324520e-01
0.900000 20.600000 3.292025171827e-01 -3.802636541447e-01 5.029659e-01
0.900000 20.625000 3.210922677163e-01 -3.503604801749e-01 4.752396e-01
0.900000 20.650000 3.152045818727e-01 -3.206322133249e-01 4.496209e-01
0.900000 20.675000 3.114260445887e-01 -2.913180911695e-01 4.264416e-01
0.900000 20.700000 3.096113881406e-01 -2.626321991758e-01 4.059986e-01
0.900000 20.725000 3.095884633692e-01 -2.347585143950e-01 3.885313e-01
0.900000 20.750000 3.111640828939e-01 -2.078469688881e-01 3.741971e-01
0.900000 20.775000 3.141305084130e-01 -1.820107002789e-01 3.630508e-01
0.900000 20.800000 3.182723201643e-01 -1.573246009931e-01 3.550328e-01
0.900000 20.825000 3.233733874837e-01 -1.338252147861e-01 3.499708e-01
0.900000 20.850000 3.292236566147e-01 -1.115119633382e-01 3.475962e-01
0.900000 20.875000 3.356254856720e-01 -9.034962158556e-02 3.475738e-01
0.900000 20.900000 3.423992857540e-01 -7.027190243277e-02 3.495360e-01
0.900000 20.925000 3.493882692390e-01 -5.118596340852e-02 3.531178e-01
0.900000 20.950000 3.564621579130e-01 -3.297761257955e-02 3.579843e-01
0.900000 20.975000 3.635197607508e-01 -1.551697039653e-02 3.638508e-01
0.900000 21.000000 3.704903896875e-01 1.335661415105e-03 3.704928e-01
0.900000 21.025000 3.773341375271e-01 1.772396404656e-02 3.777502e-01
0.900000 21.050000 3.840410917455e-01 3.379001776501e-02 3.855247e-01
0.900000 21.075000 3.906295987075e-01 4.966915786911e-02 3.937747e-01
0.900000 21.100000 3.971437230598e-01 6.548542052580e-02 4.025065e-01
0.900000 21.125000 4.036500661818e-01 8.134768742204e-02 4.117655e-01
0.900000 21.150000 4.102341159017e-01 9.734659665681e-02 4.216259e-01
0.900000 21.175000 4.169962983464e-01 1.135522480425e-01 4.321805e-01
0.900000 21.200000 4.240478934457e-01 1.300126959265e-01 4.435312e-01
0.900000 21.225000 4.315069601713e-01 1.467531930419e-01 4.557793e-01
0.900000 21.250000 4.394943979955e-01 1.637761253254e-01 4.690181e-01
0.900000 21.275000 4.481302490447e-01 1.810615601207e-01 4.833260e-01
0.900000 21.300000 4.575303224099e-01 1.985683183490e-01 4.987618e-01
0.900000 21.325000 4.678031991231e-01 2.162354745018e-01 5.153616e-01
0.900000 21.350000 4.790476541237e-01 2.339841860744e-01 5.331372e-01
0.900000 21.375000 4.913505106000e-01 2.517197557828e-01 5.520762e-01
0.900000 21.400000 5.047849227521e-01 2.693338351890e-01 5.721438e-01
0.900000 21.425000 5.194090656330e-01 2.867066869197e-01 5.932845e-01
0.900000 21.450000 5.352651957344e-01 3.037094342789e-01 6.154253e-01
0.900000 21.475000 5.523790339632e-01 3.202062414341e-01 6.384784e-01
0.900000 21.500000 5.707594142824e-01 3.360563840486e-01 6.623445e-01
0.900000 21.525000 5.903981372689e-01 3.511161885052e-01 6.869152e-01
0.900000 21.550000 6.112699687328e-01 3.652408366820e-01 7.120757e-01
0.900000 21.575000 6.333327296692e-01 3.782860512670e-01 7.377064e-01
0.900000 21.600000 6.565274350520e-01 3.901096922996e-01 7.636844e-01
0.900000 21.625000 6.807784547094e-01 4.005733074359e-01 7.898850e-01
0.900000 21.650000 7.059936885549e-01 4.095436849284e-01 8.161820e-01
0.900000 21.675000 7.320647691174e-01 4.168944584630e-01 8.424487e-01
0.900000 21.700000 7.588673245561e-01 4.225078063092e-01 8.685577e-01
0.900000 21.725000 7.862613529858e-01 4.262762739502e-01 8.943816e-01
0.900000 21.750000 8.140917718380e-01 4.281047304066e-01 9.197930e-01
0.900000 21.775000 8.421892124367e-01 4.279124455288e-01 9.446649e-01
0.900000 21.800000 8.703711288162e-01 4.256352507769e-01 9.688711e-01
0.900000 21.825000 8.984432806976e-01 4.212277219696e-01 9.922868e-01
0.900000 21.850000 9.262016339679e-01 4.146653016800e-01 1.014789e+00
0.900000 21.875000 9.534346992729e-01 4.059462636490e-01 1.036258e+00
0.900000 21.900000 9.799263024591e-01 3.950934134888e-01 1.056577e+00
0.900000 21.925000 1.005458752008e+00 3.821554200028e-01 1.075635e+00
0.900000 21.950000 1.029816340939e+00 3.672076797419e-01 1.093327e+00
0.900000 21.975000 1.052789096327e+00 3.503526331824e-01 1.109555e+00
0.900000 22.000000 1.074176670672e+00 3.317194726116e-01 1.124230e+00
0.900000 22.025000 1.093792257116e+00 3.114632074186e-01 1.137273e+00
0.900000 22.050000 1.111466405635e+00 2.897630796965e-01 1.148617e+00
0.900000 22.075000 1.127050619430e+00 2.668203496329e-01 1.158204e+00
0.900000 22.100000 1.140420619018e+00 2.428554941872e-01 1.165992e+00
0.900000 22.125000 1.151479174402e+00 2.181048826538e-01 1.171953e+00
0.900000 22.150000 1.160158421544e+00 1.928170082027e-01 1.176072e+00
0.900000 22.175000 1.166421596483e+00 1.672483653580e-01 1.178351e+00
0.900000 22.200000 1.170264137411e+00 1.416590701928e-01 1.178807e+00
0.900000 22.225000 1.171714120986e+00 1.163083237534e-01 1.177473e+00
0.900000 22.250000 1.170832013666e+00 9.144982100806e-02 1.174398e+00
0.900000 22.275000 1.167709732248e+00 6.732720846116e-02 1.169649e+00
0.900000 22.300000 1.162469020596e+00 4.416969416368e-02 1.163308e+00
0.900000 22.325000 1.155259162761e+00 2.218791439160e-02 1.155472e+00
0.900000 22.350000 1.146254067166e+00 1.570161376031e-03 1.146255e+00
0.900000 22.375000 1.135648772927e+00 -1.752092471608e-02 1.135784e+00
0.900000 22.400000 1.123655447826e+00 -3.495110006544e-02 1.124199e+00
0.900000 22.425000 1.110498967556e+00 -5.061660587440e-02 1.111652e+00
0.900000 22.450000 1.096412186436e+00 -6.444552226634e-02 1.098305e+00
0.900000 22.475000 1.081631029277e+00 -7.639832686518e-02 1.084326e+00
0.900000 22.500000 1.066389550327e+00 -8.646762215400e-02 1.069889e+00
0.900000 22.525000 1.050915116103e+00 -9.467702576190e-02 1.055171e+00
0.900000 22.550000 1.035423872564e+00 -1.010792518077e-01 1.040346e+00
0.900000 22.575000 1.020116651900e+00 -1.057534471733e-01 1.025584e+00
0.900000 22.600000 1.005175459653e+00 -1.088018814167e-01 1.011047e+00
0.900000 22.625000 9.907606592219e-01 -1.103461200792e-01 9.968866e-01
0.900000 22.650000 9.770089391041e-01 -1.105228356861e-01 9.832404e-01
0.900000 22.675000 9.640321108289e-01 -1.094794265160e-01 9.702287e-01
0.900000 22.700000 9.519167449889e-01 -1.073696187811e-01 9.579529e-01
0.900000 22.725000 9.407246123466e-01 -1.043492226889e-01 9.464944e-01
0.900000 22.750000 9.304938597288e-01 -1.005721975131e-01 9.359132e-01
0.900000 22.775000 9.212408191133e-01 -9.618715675284e-02 9.262487e-01
0.900000 22.800000 9.129623250446e-01 -9.133441401928e-02 9.175196e-01
0.900000 22.825000 9.056384014991e-01 -8.614363619632e-02 9.097261e-01
0.900000 22.850000 8.992351747943e-01 -8.073213560971e-02 9.028519e-01
0.900000 22.875000 8.937078733859e-01 -7.520380010408e-02 8.968664e-01
0.900000 22.900000 8.890037869433e-01 -6.964863127962e-02 8.917279e-01
0.900000 22.925000 8.850650739259e-01 -6.414283815255e-02 8.873863e-01
0.900000 22.950000 8.818313267810e-01 -5.874941683618e-02 8.837862e-01
0.900000 22.975000 8.792418247348e-01 -5.351913633548e-02 8.808692e-01
0.900000 23.000000 8.772374242150e-01 -4.849184540662e-02 8.785767e-01
0.900000 23.025000 8.757620550644e-01 -4.369801439643e-02 8.768516e-01
0.900000 23.050000 8.747638063686e-01 -3.916042765323e-02 8.756399e-01
0.900000 23.075000 8.741955990450e-01 -3.489594519653e-02 8.748918e-01
0.900000 23.100000 8.740154539094e-01 -3.091725592198e-02 8.745621e-01
0.900000 23.125000 8.741863746132e-01 -2.723454826694e-02 8.746105e-01
0.900000 23.150000 8.746758754860e-01 -2.385702809480e-02 8.750012e-01
0.900000 23.175000 8.754551955381e-01 -2.079421816142e-02 8.757021e-01
0.900000 23.200000 8.764982518576e-01 -1.805697982636e-02 8.766842e-01
0.900000 23.225000 8.777803980069e-01 -1.565820664958e-02 8.779200e-01
0.900000 23.250000 8.792770648615e-01 -1.361315198625e-02 8.793824e-01
0.900000 23.275000 8.809623712931e-01 -1.193936904934e-02 8.810433e-01
0.900000 23.300000 8.828077985965e-01 -1.065626194074e-02 8.828721e-01
0.900000 23.325000 8.847810240457e-01 -9.784268973791e-03 8.848351e-01
0.900000 23.350000 8.868450042223e-01 -9.343723689376e-03 8.868942e-01
0.900000 23.375000 8.889573871405e-01 -9.353462281008e-03 8.890066e-01
0.900000 23.400000 8.910703138088e-01 -9.829266417743e-03 8.911245e-01
0.900000 23.425000 8.931306456700e-01 -1.078224546607e-02 8.931957e-01
0.900000 23.450000 8.950806260747e-01 -1.221727002260e-02 8.951640e-01
0.900000 23.475000 8.968589539102e-01 -1.413156828191e-02 8.969703e-01
0.900000 23.500000 8.984022184138e-01 -1.651358774904e-02 8.985540e-01
0.900000 23.525000 8.996466187359e-01 -1.934220776689e-02 8.998545e-01
0.900000 23.550000 9.005298723529e-01 -2.258636476975e-02 9.008131e-01
0.900000 23.575000 9.009932046675e-01 -2.620512432253e-02 9.013742e-01
0.900000 23.600000 9.009833089483e-01 -3.014820453255e-02 9.014876e-01
0.900000 23.625000 9.004541710200e-01 -3.435692711193e-02 9.011094e-01
0.900000 23.650000 8.993686657924e-01 -3.876554774577e-02 9.002037e-01
0.900000 23.675000 8.976998509749e-01 -4.330289845327e-02 8.987437e-01
0.900000 23.700000 8.954319048472e-01 -4.789426246674e-02 8.967119e-01
0.900000 23.725000 8.925606772495e-01 -5.246339703738e-02 8.941012e-01
0.900000 23.750000 8.890938437050e-01 -5.693462085573e-02 8.909149e-01
0.900000 23.775000 8.850506699872e-01 -6.123488903238e-02 8.871665e-01
0.900000 23.800000 8.804614074043e-01 -6.529578794560e-02 8.828793e-01
0.900000 23.825000 8.753663473637e-01 -6.905539266405e-02 8.780859e-01
0.900000 23.850000 8.698145679797e-01 -7.245993923143e-02 8.728275e-01
0.900000 23.875000 8.638624068451e-01 -7.546527146285e-02 8.671524e-01
0.900000 23.900000 8.575716942719e-01 -7.803802636904e-02 8.611151e-01
0.900000 23.925000 8.510077820763e-01 -8.015652400540e-02 8.547744e-01
0.900000 23.950000 8.442374058300e-01 -8.181132733268e-02 8.481921e-01
0.900000 23.975000 8.373264244237e-01 -8.300543705186e-02 8.414306e-01
0.900000 24.000000 8.303374899798e-01 -8.375408717811e-02 8.345508e-01
0.900000 24.025000 8.233277130320e-01 -8.408411116652e-02 8.276102e-01
0.900000 24.050000 8.163464010290e-01 -8.403285720480e-02 8.206601e-01
0.900000 24.075000 8.094329606460e-01 -8.364664569977e-02 8.137435e-01
0.900000 24.100000 8.026150637501e-01 -8.297878202838e-02 8.068931e-01
0.900000 24.125000 7.959071808837e-01 -8.208716238772e-02 8.001291e-01
0.900000 24.150000 7.893095828771e-01 -8.103153826840e-02 7.934581e-01
0.900000 24.175000 7.828078994752e-01 -7.987053321646e-02 7.868720e-01
0.900000 24.200000 7.763733033826e-01 -7.865853125109e-02 7.803478e-01
0.900000 24.225000 7.699633596395e-01 -7.744257666100e-02 7.738481e-01
0.900000 24.250000 7.635235455086e-01 -7.625943733209e-02 7.673224e-01
0.900000 24.275000 7.569894076399e-01 -7.513298636689e-02 7.607088e-01
0.900000 24.300000 7.502892843092e-01 -7.407204857806e-02 7.539368e-01
0.900000 24.325000 7.433474843094e-01 -7.306883959254e-02 7.469301e-01
0.900000 24.350000 7.360877837017e-01 -7.209809694237e-02 7.396103e-01
0.900000 24.375000 7.284370796927e-01 -7.111696676454e-02 7.319004e-01
0.900000 24.400000 7.203290291280e-01 -7.006566935207e-02 7.237286e-01
0.900000 24.425000 7.117074982658e-01 -6.886892493510e-02 7.150318e-01
0.900000 24.450000 7.025296603671e-01 -6.743808086248e-02 7.057590e-01
0.900000 24.475000 6.927685970479e-01 -6.567384561132e-02 6.958745e-01
0.900000 24.500000 6.824152863929e-01 -6.346950599193e-02 6.853605e-01
0.900000 24.525000 6.714798931729e-01 -6.071448298342e-02 6.742192e-01
0.900000 24.550000 6.599923116406e-01 -5.729806945458e-02 6.624748e-01
0.900000 24.575000 6.480019469026e-01 -5.311318944567e-02 6.501750e-01
0.900000 24.600000 6.355767547550e-01 -4.806002292785e-02 6.373912e-01
0.900000 24.625000 6.228015905981e-01 -4.204935082294e-02 6.242195e-01
0.900000 24.650000 6.097759446146e-01 -3.500549116789e-02 6.107799e-01
0.900000 24.675000 5.966111623463e-01 -2.686871728317e-02 5.972159e-01
0.900000 24.700000 5.834272670466e-01 -1.759707147813e-02 5.836926e-01
0.900000 24.725000 5.703495128613e-01 -7.167512300243e-03 5.703945e-01
0.900000 24.750000 5.575048062130e-01 4.423641001488e-03 5.575224e-01
0.900000 24.775000 5.450181368422e-01 1.716097667436e-02 5.452882e-01
0.900000 24.800000 5.330091597480e-01 3.101095425480e-02 5.339105e-01
0.900000 24.825000 5.215890645201e-01 4.592351982143e-02 5.236068e-01
0.900000 24.850000 5.108578588951e-01 6.183430193351e-02 5.145865e-01
0.900000 24.875000 5.009021784255e-01 7.866729211460e-02 5.070419e-01
0.900000 24.900000 4.917937137026e-01 9.633789081523e-02 5.011407e-01
0.900000 24.925000 4.835883207475e-01 1.147561807342e-01 4.970178e-01
0.900000 24.950000 4.763258495695e-01 1.338302757641e-01 4.947695e-01
0.900000 24.975000 4.700306916503e-01 1.534695871672e-01 4.944510e-01
0.900000 25.000000 4.647130109690e-01 1.735878501111e-01 4.960755e-01
0.900000 25.025000 4.603705873201e-01 1.941057641297e-01 4.996180e-01
0.900000 25.050000 4.569911675919e-01 2.149531204685e-01 5.050206e-01
0.900000 25.075000 4.545551928747e-01 2.360703168631e-01 5.122008e-01
0.900000 25.100000 4.530387490546e-01 2.574091945463e-01 5.210601e-01
0.900000 25.125000 4.524165776812e-01 2.789331709081e-01 5.314927e-01
0.900000 25.150000 4.526649834004e-01 3.006166814855e-01 5.433930e-01
0.900000 25.175000 4.537644842400e-01 3.224439838129e-01 5.566618e-01
0.900000 25.200000 4.557020706881e-01 3.444074102001e-01 5.712100e-01
0.900000 25.225000 4.584729671417e-01 3.665051841639e-01 5.869613e-01
0.900000 25.250000 4.620818224836e-01 3.887389341555e-01 6.038523e-01
0.900000 25.275000 4.665432924824e-01 4.111110473699e-01 6.218319e-01
0.900000 25.300000 4.718820124023e-01 4.336220057207e-01 6.408593e-01
0.900000 25.325000 4.781319909278e-01 4.562678363536e-01 6.609013e-01
0.900000 25.350000 4.853354839710e-01 4.790377919847e-01 6.819294e-01
0.900000 25.375000 4.935414275692e-01 5.019123540508e-01 7.039170e-01
0.900000 25.400000 5.028035221684e-01 5.248616266036e-01 7.268364e-01
0.900000 25.425000 5.131780662072e-01 5.478441634710e-01 7.506563e-01
0.900000 25.450000 5.247216359054e-01 5.708062475658e-01 7.753403e-01
0.900000 25.475000 5.374887019066e-01 5.936816209260e-01 8.008445e-01
0.900000 25.500000 5.515292636209e-01 6.163916480694e-01 8.271174e-01
0.900000 25.525000 5.668865705306e-01 6.388458838054e-01 8.540986e-01
0.900000 25.550000 5.835949879242e-01 6.609430094358e-01 8.817192e-01
0.900000 25.575000 6.016780537252e-01 6.825720974930e-01 9.099017e-01
0.900000 25.600000 6.211467640134e-01 7.036141637540e-01 9.385607e-01
0.900000 25.625000 6.419981177197e-01 7.239439651045e-01 9.676035e-01
0.900000 25.650000 6.642139455891e-01 7.434320019504e-01 9.969309e-01
0.900000 25.675000 6.877600443228e-01 7.619466835767e-01 1.026439e+00
0.900000 25.700000 7.125856330997e-01 7.793566138165e-01 1.056018e+00
0.900000 25.725000 7.386231457767e-01 7.955329526584e-01 1.085558e+00
0.900000 25.750000 7.657883674040e-01 8.103518073290e-01 1.114945e+00
0.900000 25.775000 7.939809180185e-01 8.236966044742e-01 1.144064e+00
0.900000 25.800000 8.230850799942e-01 8.354603939190e-01 1.172801e+00
0.900000 25.825000 8.529709578387e-01 8.455480346041e-01 1.201046e+00
0.900000 25.850000 8.834959517147e-01 8.538782149808e-01 1.228688e+00
0.900000 25.875000 9.145065187277e-01 8.603852634316e-01 1.255621e+00
0.900000 25.900000 9.458401896501e-01 8.650207089672e-01 1.281747e+00
0.900000 25.925000 9.773278036490e-01 8.677545580935e-01 1.306969e+00
0.900000 25.950000 1.008795919855e+00 8.685762598292e-01 1.331200e+00
0.900000 25.975000 1.040069362148e+00 8.674953368679e-01 1.354361e+00
0.900000 26.000000 1.070973851964e+00 8.645416664556e-01 1.376378e+00
0.900000 26.025000 1.101338682836e+00 8.597653995374e-01 1.397191e+00
0.900000 26.050000 1.130999389173e+00 8.532365112637e-01 1.416747e+00
0.900000 26.075000 1.159800360212e+00 8.450439804167e-01 1.435004e+00
0.900000 26.100000 1.187597347986e+00 8.352946002888e-01 1.451931e+00
0.900000 26.125000 1.214259815666e+00 8.241114296518e-01 1.467510e+00
0.900000 26.150000 1.239673070465e+00 8.116319002027e-01 1.481734e+00
0.900000 26.175000 1.263740124068e+00 7.980056065478e-01 1.494608e+00
0.900000 26.200000 1.286383224400e+00 7.833918162734e-01 1.506149e+00
0.900000 26.225000 1.307545006339e+00 7.679567504023e-01 1.516388e+00
0.900000 26.250000 1.327189216557e+00 7.518706975645e-01 1.525366e+00
0.900000 26.275000 1.345300979358e+00 7.353050371942e-01 1.533137e+00
0.900000 26.300000 1.361886586120e+00 7.184292564778e-01 1.539765e+00
0.900000 26.325000 1.376972809925e+00 7.014080511412e-01 1.545324e+00
0.900000 26.350000 1.390605767974e+00 6.843986002506e-01 1.549899e+00
0.900000 26.375000 1.402849375634e+00 6.675480992690e-01 1.553579e+00
0.900000 26.400000 1.413783455422e+00 6.509916235606e-01 1.556462e+00
0.900000 26.425000 1.423501579967e+00 6.348503770090e-01 1.558651e+00
0.900000 26.450000 1.432108738171e+00 6.192303587543e-01 1.560251e+00
0.900000 26.475000 1.439718917219e+00 6.042214571947e-01 1.561369e+00
0.900000 26.500000 1.446452689321e+00 5.898969566515e-01 1.562115e+00
0.900000 26.525000 1.452434881384e+00 5.763134208483e-01 1.562595e+00
0.900000 26.550000 1.457792389449e+00 5.635109007741e-01 1.562915e+00
0.900000 26.575000 1.462652179499e+00 5.515134042368e-01 1.563176e+00
0.900000 26.600000 1.467139494603e+00 5.403295613574e-01 1.563475e+00
0.900000 26.625000 1.471376267822e+00 5.299534244072e-01 1.563905e+00
0.900000 26.650000 1.475479723225e+00 5.203653508433e-01 1.564551e+00
0.900000 26.675000 1.479561135760e+00 5.115329334512e-01 1.565493e+00
0.900000 26.700000 1.483724715711e+00 5.034119588595e-01 1.566800e+00
0.900000 26.725000 1.488066585352e+00 4.959473928136e-01 1.568536e+00
0.900000 26.750000 1.492673823532e+00 4.890744049855e-01 1.570754e+00
0.900000 26.775000 1.497623566762e+00 4.827194557112e-01 1.573498e+00
0.900000 26.800000 1.502982170734e+00 4.768014705188e-01 1.576799e+00
0.900000 26.825000 1.508804451697e+00 4.712331251740e-01 1.580681e+00
0.900000 26.850000 1.515133040059e+00 4.659222547120e-01 1.585154e+00
0.900000 26.875000 1.521997887080e+00 4.607733859116e-01 1.590217e+00
0.900000 26.900000 1.529415967873e+00 4.556893759597e-01 1.595859e+00
0.900000 26.925000 1.537391219721e+00 4.505731230904e-01 1.602057e+00
0.900000 26.950000 1.545914744105e+00 4.453293002878e-01 1.608779e+00
0.900000 26.975000 1.554965285216e+00 4.398660528839e-01 1.615982e+00
0.900000 27.000000 1.564509978918e+00 4.340965966961e-01 1.623617e+00
0.900000 27.025000 1.574505346605e+00 4.279406559741e-01 1.631625e+00
0.900000 27.050000 1.584898490594e+00 4.213256897306e-01 1.639945e+00
0.900000 27.075000 1.595628434003e+00 4.141878699671e-01 1.648509e+00
0.900000 27.100000 1.606627540045e+00 4.064727940905e-01 1.657248e+00
0.900000 27.125000 1.617822944438e+00 3.981359341785e-01 1.666092e+00
0.900000 27.150000 1.629137940227e+00 3.891428452564e-01 1.674969e+00
0.900000 27.175000 1.640493265922e+00 3.794691711014e-01 1.683810e+00
0.900000 27.200000 1.651808264037e+00 3.691004974665e-01 1.692544e+00
0.900000 27.225000 1.663001895782e+00 3.580321078524e-01 1.701106e+00
0.900000 27.250000 1.673993616592e+00 3.462686956958e-01 1.709432e+00
0.900000 27.275000 1.684704134174e+00 3.338240795333e-01 1.717459e+00
0.900000 27.300000 1.695056084001e+00 3.207209554799e-01 1.725131e+00
0.900000 27.325000 1.704974665419e+00 3.069907058962e-01 1.732392e+00
0.900000 27.350000 1.714388284114e+00 2.926732663080e-01 1.739191e+00
0.900000 27.375000 1.723229243849e+00 2.778170364087e-01 1.745480e+00
0.900000 27.400000 1.731434522690e+00 2.624788069563e-01 1.751217e+00
0.900000 27.425000 1.738946657726e+00 2.467236638169e-01 1.756362e+00
0.900000 27.450000 1.745714748851e+00 2.306248239731e-01 1.760883e+00
0.900000 27.475000 1.751695578093e+00 2.142633561563e-01 1.764751e+00
0.900000 27.500000 1.756854827377e+00 1.977277405406e-01 1.767947e+00
0.900000 27.525000 1.761168365582e+00 1.811132269537e-01 1.770456e+00
0.900000 27.550000 1.764623565797e+00 1.645209584938e-01 1.772276e+00
0.900000 27.575000 1.767220606031e+00 1.480568364232e-01 1.773412e+00
0.900000 27.600000 1.768973701119e+00 1.318301120612e-01 1.773879e+00
0.900000 27.625000 1.769912210032e+00 1.159517016635e-01 1.773706e+00
0.900000 27.650000 1.770081560776e+00 1.005322307666e-01 1.772934e+00
0.900000 27.675000 1.769543934506e+00 8.567982521854e-02 1.771617e+00
0.900000 27.700000 1.768378651272e+00 7.149767726036e-02 1.769823e+00
0.900000 27.725000 1.766682202240e+00 5.808142668894e-02 1.767637e+00
0.900000 27.750000 1.764567877751e+00 4.551640929328e-02 1.765155e+00
0.900000 27.775000 1.762164947632e+00 3.387483711413e-02 1.762491e+00
0.900000 27.800000 1.759617360465e+00 2.321298702255e-02 1.759770e+00
0.900000 27.825000 1.757081942098e+00 1.356848471427e-02 1.757134e+00
0.900000 27.850000 1.754726090794e+00 4.957779337247e-03 1.754733e+00
0.900000 27.875000 1.752724986372e+00 -2.626091617790e-03 1.752727e+00
0.900000 27.900000 1.751258352691e+00 -9.215347928650e-03 1.751283e+00
0.900000 27.925000 1.750506835369e+00 -1.486882952288e-02 1.750570e+00
0.900000 27.950000 1.750648078156e+00 -1.967279531821e-02 1.750759e+00
0.900000 27.975000 1.751852599916e+00 -2.374109427801e-02 1.752013e+00
0.900000 28.000000 1.754279588179e+00 -2.721466724346e-02 1.754491e+00
0.900000 28.025000 1.758072733276e+00 -3.026036368213e-02 1.758333e+00
0.900000 28.050000 1.763356228354e+00 -3.306908447683e-02 1.763666e+00
0.900000 28.075000 1.770231054970e+00 -3.585328817320e-02 1.770594e+00
0.900000 28.100000 1.778771662099e+00 -3.884392173210e-02 1.779196e+00
0.900000 28.125000 1.789023129356e+00 -4.228685607748e-02 1.789523e+00
0.900000 28.150000 1.800998884876e+00 -4.643892046516e-02 1.801598e+00
0.900000 28.175000 1.814679026432e+00 -5.156363743119e-02 1.815411e+00
0.900000 28.200000 1.830009273027e+00 -5.792676206370e-02 1.830926e+00
0.900000 28.225000 1.846900554917e+00 -6.579172645894e-02 1.848072e+00
0.900000 28.250000 1.865229233994e+00 -7.541508384520e-02 1.866753e+00
0.900000 28.275000 1.884837934167e+00 -8.704203857036e-02 1.886847e+00
0.900000 28.300000 1.905536952513e+00 -1.009021395440e-01 1.908207e+00
0.900000 28.325000 1.927106215920e+00 -1.172052070009e-01 1.930667e+00
0.900000 28.350000 1.949297743338e+00 -1.361375563944e-01 1.954046e+00
0.900000 28.375000 1.971838569312e+00 -1.578585788491e-01 1.978147e+00
0.900000 28.400000 1.994434079027e+00 -1.824977343944e-01 2.002766e+00
0.900000 28.425000 2.016771697768e+00 -2.101520109962e-01 2.027691e+00
0.900000 28.450000 2.038524868343e+00 -2.408838978109e-01 2.052708e+00
0.900000 28.475000 2.059357239210e+00 -2.747199136224e-01 2.077600e+00
0.900000 28.500000 2.078926974978e+00 -3.116497199331e-01 2.102157e+00
0.900000 28.525000 2.096891091411e+00 -3.516258320595e-01 2.126169e+00
0.900000 28.550000 2.112909711126e+00 -3.945639210358e-01 2.149434e+00
0.900000 28.575000 2.126650135842e+00 -4.403436752245e-01 2.171760e+00
0.900000 28.600000 2.137790637802e+00 -4.888101651933e-01 2.192962e+00
0.900000 28.625000 2.146023887778e+00 -5.397756311750e-01 2.212866e+00
0.900000 28.650000 2.151059959617e+00 -5.930215921535e-01 2.231308e+00
0.900000 28.675000 2.152628880352e+00 -6.483011621224e-01 2.248134e+00
0.900000 28.700000 2.150482728232e+00 -7.053414546180e-01 2.263202e+00
0.900000 28.725000 2.144397315399e+00 -7.638459626796e-01 2.276379e+00
0.900000 28.750000 2.134173523959e+00 -8.234968181972e-01 2.287541e+00
0.900000 28.775000 2.119638390076e+00 -8.839568611517e-01 2.296573e+00
0.900000 28.800000 2.100646047537e+00 -9.448714832933e-01 2.303366e+00
0.900000 28.825000 2.077078647692e+00 -1.005870249049e+00 2.307819e+00
0.900000 28.850000 2.048847365759e+00 -1.066568335021e+00 2.309836e+00
0.900000 28.875000 2.015893584815e+00 -1.126567864227e+00 2.309325e+00
0.900000 28.900000 1.978190319926e+00 -1.185459238630e+00 2.306198e+00
0.900000 28.925000 1.935743909091e+00 -1.242822590532e+00 2.300372e+00
0.900000 28.950000 1.888595958554e+00 -1.298229478588e+00 2.291767e+00
0.900000 28.975000 1.836825491795e+00 -1.351244947292e+00 2.280305e+00
0.900000 29.000000 1.780551217928e+00 -1.401430050989e+00 2.265915e+00
0.900000 29.025000 1.719933809339e+00 -1.448344917441e+00 2.248527e+00
0.900000 29.050000 1.655178062151e+00 -1.491552394977e+00 2.228081e+00
0.900000 29.075000 1.586534806848e+00 -1.530622294999e+00 2.204517e+00
0.900000 29.100000 1.514302439297e+00 -1.565136211704e+00 2.177789e+00
0.900000 29.125000 1.438827952090e+00 -1.594692875915e+00 2.147853e+00
0.900000 29.150000 1.360507359774e+00 -1.618913981541e+00 2.114678e+00
0.900000 29.175000 1.279785425579e+00 -1.637450411459e+00 2.078243e+00
0.900000 29.200000 1.197154608851e+00 -1.649988783244e+00 2.038539e+00
0.900000 29.225000 1.113153159331e+00 -1.656258231535e+00 1.995570e+00
0.900000 29.250000 1.028362285921e+00 -1.656037339657e+00 1.949356e+00
0.900000 29.275000 9.434023244440e-01 -1.649161124794e+00 1.899932e+00
0.900000 29.300000 8.589278236661e-01 -1.635527965587e+00 1.847352e+00
0.900000 29.325000 7.756214651463e-01 -1.615106336458e+00 1.791691e+00
0.900000 29.350000 6.941867351664e-01 -1.587941179220e+00 1.733047e+00
0.900000 29.375000 6.153392807844e-01 -1.554159701128e+00 1.671543e+00
0.900000 29.400000 5.397969112600e-01 -1.513976343462e+00 1.607329e+00
0.900000 29.425000 4.682682535538e-01 -1.467696621435e+00 1.540587e+00
0.900000 29.450000 4.014401371071e-01 -1.415719501531e+00 1.471535e+00
0.900000 29.475000 3.399638669710e-01 -1.358537963560e+00 1.400429e+00
0.900000 29.500000 2.844406412364e-01 -1.296737398513e+00 1.327567e+00
0.900000 29.525000 2.354064718356e-01 -1.230991525145e+00 1.253298e+00
0.900000 29.550000 1.933170684093e-01 -1.162055571208e+00 1.178026e+00
0.900000 29.575000 1.585332332300e-01 -1.090756559609e+00 1.102217e+00
0.900000 29.600000 1.313073811791e-01 -1.017980662532e+00 1.026414e+00
0.900000 29.625000 1.117718335358e-01 -9.446577313852e-01 9.512472e-01
0.900000 29.650000 9.992953091043e-02 -8.717432683859e-01 8.774521e-01
0.900000 29.675000 9.564776505683e-02 -8.001982654312e-01 8.058944e-01
0.900000 29.700000 9.865544102490e-02 -7.309674854683e-01 7.375950e-01
0.900000 29.725000 1.085442534492e-01 -6.649568887216e-01 6.737578e-01
0.900000 29.750000 1.247740005684e-01 -6.030110000554e-01 6.157847e-01
0.900000 29.775000 1.466820767440e-01 -5.458910660006e-01 5.652545e-01
0.900000 29.800000 1.734969908616e-01 -4.942548553396e-01 5.238216e-01
0.900000 29.825000 2.043555671702e-01 -4.486389142110e-01 4.929889e-01
0.900000 29.850000 2.383233098021e-01 -4.094439978841e-01 4.737535e-01
0.900000 29.875000 2.744172639996e-01 -3.769242727715e-01 4.662368e-01
0.900000 29.900000 3.116305951381e-01 -3.511807229463e-01 4.695120e-01
0.900000 29.925000 3.489580370346e-01 -3.321590165468e-01 4.817690e-01
0.900000 29.950000 3.854213362262e-01 -3.196519010765e-01 5.007264e-01
0.900000 29.975000 4.200938377841e-01 -3.133060146256e-01 5.240606e-01
0.900000 30.000000 4.521234164460e-01 -3.126328330729e-01 5.496862e-01
0.900000 30.025000 4.807530474781e-01 -3.170233298312e-01 5.758709e-01
0.900000 30.050000 5.053384260983e-01 -3.257658104021e-01 6.012406e-01
0.900000 30.075000 5.253621732449e-01 -3.380663016384e-01 6.247353e-01
0.900000 30.100000 5.404442999799e-01 -3.530708250304e-01 6.455533e-01
0.900000 30.125000 5.503487351058e-01 -3.698888619260e-01 6.630999e-01
0.900000 30.150000 5.549858447010e-01 -3.876173219624e-01 6.769464e-01
0.900000 30.175000 5.544109844445e-01 -4.053643487488e-01 6.867982e-01
0.900000 30.200000 5.488192242623e-01 -4.222723334895e-01 6.924713e-01
0.900000 30.225000 5.385364703219e-01 -4.375395529040e-01 6.938749e-01
0.900000 30.250000 5.240072835766e-01 -4.504398988789e-01 6.909991e-01
0.900000 30.275000 5.057797594549e-01 -4.603402217351e-01 6.839052e-01
0.900000 30.300000 4.844878925274e-01 -4.667148664666e-01 6.727193e-01
0.900000 30.325000 4.608319050103e-01 -4.691570429031e-01 6.576278e-01
0.900000 30.350000 4.355570695148e-01 -4.673867385704e-01 6.388743e-01
0.900000 30.375000 4.094316037656e-01 -4.612549595755e-01 6.167580e-01
0.900000 30.400000 3.832242556879e-01 -4.507441723067e-01 5.916343e-01
0.900000 30.425000 3.576822275526e-01 -4.359649183211e-01 5.639166e-01
0.900000 30.450000 3.335101030615e-01 -4.171486861230e-01 5.340805e-01
0.900000 30.475000 3.113504363603e-01 -3.946372443958e-01 5.026705e-01
0.900000 30.500000 2.917666324373e-01 -3.688687673284e-01 4.703105e-01
0.900000 30.525000 2.752286908768e-01 -3.403612079200e-01 4.377175e-01
0.900000 30.550000 2.621022980076e-01 -3.096934920177e-01 4.057187e-01
0.900000 30.575000 2.526416370331e-01 -2.774852061486e-01 3.752677e-01
0.900000 30.600000 2.469861452223e-01 -2.443755277659e-01 3.474501e-01
0.900000 30.625000 2.451612877359e-01 -2.110021901504e-01 3.234594e-01
0.900000 30.650000 2.470832474097e-01 -1.779812804280e-01 3.045119e-01
0.900000 30.675000 2.525672586990e-01 -1.458886349790e-01 2.916740e-01
0.900000 30.700000 2.613391526963e-01 -1.152435218379e-01 2.856208e-01
0.900000 30.725000 2.730495392637e-01 -8.649518750721e-02 2.864218e-01
0.900000 30.750000 2.872899414047e-01 -6.001270193243e-02 2.934911e-01
0.900000 30.775000 3.036101236559e-01 -3.607836877307e-02 3.057462e-01
0.900000 30.800000 3.215358254778e-01 -1.488478903347e-02 3.218802e-01
0.900000 30.825000 3.405861242278e-01 3.464513878338e-03 3.406037e-01
0.900000 30.850000 3.602897088851e-01 1.895116889219e-02 3.607878e-01
0.900000 30.875000 3.801994406513e-01 3.163514090636e-02 3.815133e-01
0.900000 30.900000 3.999047024998e-01 4.164554984685e-02 4.020673e-01
0.900000 30.925000 4.190411872119e-01 4.916973225795e-02 4.219161e-01
0.900000 30.950000 4.372979316451e-01 5.444119268322e-02 4.406737e-01
0.900000 30.975000 4.544215628418e-01 5.772709149320e-02 4.580735e-01
0.900000 31.000000 4.702178685773e-01 5.931587717093e-02 4.739443e-01
0.900000 31.025000 4.845509320001e-01 5.950559979795e-02 4.881911e-01
0.900000 31.050000 4.973401701718e-01 5.859334611927e-02 5.007798e-01
0.900000 31.075000 5.085556851835e-01 5.686612397963e-02 5.117252e-01
0.900000 31.100000 5.182123725014e-01 5.459340450036e-02 5.210801e-01
0.900000 31.125000 5.263632353592e-01 5.202141316085e-02 5.289277e-01
0.900000 31.150000 5.330923298364e-01 4.936915393874e-02 5.353735e-01
0.900000 31.175000 5.385077180957e-01 4.682606015113e-02 5.405398e-01
0.900000 31.200000 5.427347436520e-01 4.455109585831e-02 5.445602e-01
0.900000 31.225000 5.459098695941e-01 4.267308464960e-02 5.475752e-01
0.900000 31.250000 5.481752452568e-01 4.129201816686e-02 5.497282e-01
0.900000 31.275000 5.496740950295e-01 4.048109279359e-02 5.511627e-01
0.900000 31.300000 5.505469595943e-01 4.028923604392e-02 5.520192e-01
0.900000 31.325000 5.509287681575e-01 4.074390991280e-02 5.524333e-01
0.900000 31.350000 5.509466817526e-01 4.185401203608e-02 5.525342e-01
0.900000 31.375000 5.507186224770e-01 4.361273239213e-02 5.524428e-01
0.900000 31.400000 5.503523902759e-01 4.600025954210e-02 5.522715e-01
0.900000 31.425000 5.499452653916e-01 4.898626310912e-02 5.521227e-01
0.900000 31.450000 5.495839980897e-01 5.253210652754e-02 5.520889e-01
0.900000 31.475000 5.493450949631e-01 5.659276538117e-02 5.522525e-01
0.900000 31.500000 5.492953204744e-01 6.111844222154e-02 5.526851e-01
0.900000 31.525000 5.494923415199e-01 6.605587968972e-02 5.534485e-01
0.900000 31.550000 5.499854505368e-01 7.134938155839e-02 5.545942e-01
0.900000 31.575000 5.508163086714e-01 7.694155756063e-02 5.561642e-01
0.900000 31.600000 5.520196551335e-01 8.277381395329e-02 5.581910e-01
0.900000 31.625000 5.536239329622e-01 8.878661860037e-02 5.606982e-01
0.900000 31.650000 5.556517861425e-01 9.491957729099e-02 5.637008e-01
0.900000 31.675000 5.581203894875e-01 1.011113667413e-01 5.672053e-01
0.900000 31.700000 5.610415817920e-01 1.072995784530e-01 5.712100e-01
0.900000 31.725000 5.644217848940e-01 1.134205351142e-01 5.757049e-01
0.900000 31.750000 5.682617062917e-01 1.194091462035e-01 5.806719e-01
0.900000 31.775000 5.725558401420e-01 1.251988706382e-01 5.860844e-01
0.900000 31.800000 5.772917995851e-01 1.307218507762e-01 5.919071e-01
0.900000 31.825000 5.824495308487e-01 1.359092734077e-01 5.980960e-01
0.900000 31.850000 5.880004748212e-01 1.406919996948e-01 6.045980e-01
0.900000 31.875000 5.939067531678e-01 1.450014880950e-01 6.113515e-01
0.900000 31.900000 6.001204623627e-01 1.487710133750e-01 6.182858e-01
0.900000 31.925000 6.065831594430e-01 1.519371625174e-01 6.253223e-01
0.900000 31.950000 6.132256176676e-01 1.544415664078e-01 6.323748e-01
0.900000 31.975000 6.199679189690e-01 1.562328064055e-01 6.393504e-01
0.900000 32.000000 6.267199340083e-01 1.572684187306e-01 6.461511e-01
0.900000 32.025000 6.333822210771e-01 1.575169081325e-01 6.526750e-01
0.900000 32.050000 6.398473535165e-01 1.569596761596e-01 6.588179e-01
0.900000 32.075000 6.460016632569e-01 1.555927686252e-01 6.644752e-01
0.900000 32.100000 6.517273669137e-01 1.534283512460e-01 6.695437e-01
0.900000 32.125000 6.569050216856e-01 1.504958312436e-01 6.739237e-01
0.900000 32.150000 6.614162418924e-01 1.468425550956e-01 6.775206e-01
0.900000 32.175000 6.651465937729e-01 1.425340276965e-01 6.802470e-01
0.900000 32.200000 6.679885762958e-01 1.376536151194e-01 6.820244e-01
0.900000 32.225000 6.698445891801e-01 1.323017112894e-01 6.827851e-01
0.900000 32.250000 6.706297859533e-01 1.265943677139e-01 6.824738e-01
0.900000 32.275000 6.702747096296e-01 1.206614046525e-01 6.810487e-01
0.900000 32.300000 6.687276114884e-01 1.146440414949e-01 6.784835e-01
0.900000 32.325000 6.659563596596e-01 1.086921034003e-01 6.747680e-01
0.900000 32.350000 6.619498540507e-01 1.029608800239e-01 6.699094e-01
0.900000 32.375000 6.567188779032e-01 9.760772978526e-02 6.639329e-01
0.900000 32.400000 6.502963341245e-01 9.278853873614e-02 6.568828e-01
0.900000 32.425000 6.427368364867e-01 8.865415551964e-02 6.488222e-01
0.900000 32.450000 6.341156513669e-01 8.534693189727e-02 6.398334e-01
0.900000 32.475000 6.245270140302e-01 8.299750057032e-02 6.300179e-01
0.900000 32.500000 6.140818731196e-01 8.172191745052e-02 6.194958e-01
0.900000 32.525000 6.029051461504e-01 8.161928345153e-02 6.084047e-01
0.900000 32.550000 5.911325952399e-01 8.276994117948e-02 5.968992e-01
0.900000 32.575000 5.789074537692e-01 8.523431521228e-02 5.851485e-01
0.900000 32.600000 5.663769490361e-01 8.905243234869e-02 5.733351e-01
0.900000 32.625000 5.536888715649e-01 9.424412236882e-02 5.616523e-01
0.900000 32.650000 5.409883375589e-01 1.008098631118e-01 5.503008e-01
0.900000 32.675000 5.284148769259e-01 1.087321989808e-01 5.394858e-01
0.900000 32.700000 5.160999561833e-01 1.179776322604e-01 5.294128e-01
0.900000 32.725000 5.041650151557e-01 1.284988644551e-01 5.202829e-01
0.900000 32.750000 4.927200612633e-01 1.402372521561e-01 5.122885e-01
0.900000 32.775000 4.818628284593e-01 1.531253397176e-01 5.056077e-01
0.900000 32.800000 4.716784727963e-01 1.670893392387e-01 5.003993e-01
0.900000 32.825000 4.622397462861e-01 1.820514458737e-01 4.967981e-01
0.900000 32.850000 4.536075677356e-01 1.979319012515e-01 4.949110e-01
0.900000 32.875000 4.458318952978e-01 2.146507469889e-01 4.948141e-01
0.900000 32.900000 4.389528012687e-01 2.321292407392e-01 4.965517e-01
0.900000 32.925000 4.330016547336e-01 2.502909357668e-01 5.001360e-01
0.900000 32.950000 4.280023305880e-01 2.690624488832e-01 5.055498e-01
0.900000 32.975000 4.239723819157e-01 2.883739586674e-01 5.127496e-01
0.900000 33.000000 4.209241339510e-01 3.081594851048e-01 5.216698e-01
0.900000 33.025000 4.188656789352e-01 3.283570030715e-01 5.322281e-01
0.900000 33.050000 4.178017694747e-01 3.489084364206e-01 5.443302e-01
0.900000 33.075000 4.177346214541e-01 3.697595685971e-01 5.578749e-01
0.900000 33.100000 4.186646449440e-01 3.908598920591e-01 5.727578e-01
0.900000 33.125000 4.205911226478e-01 4.121624048436e-01 5.888758e-01
0.900000 33.150000 4.235128509496e-01 4.336233507319e-01 6.061290e-01
0.900000 33.175000 4.274287500691e-01 4.552018914597e-01 6.244230e-01
0.900000 33.200000 4.323384392043e-01 4.768596963429e-01 6.436705e-01
0.900000 33.225000 4.382427620430e-01 4.985604367272e-01 6.637916e-01
0.900000 33.250000 4.451442396656e-01 5.202691791258e-01 6.847141e-01
0.900000 33.275000 4.530474231559e-01 5.419516803784e-01 7.063735e-01
0.900000 33.300000 4.619591179793e-01 5.635735988209e-01 7.287122e-01
0.900000 33.325000 4.718884563369e-01 5.850996453040e-01 7.516783e-01
0.900000 33.350000 4.828468014278e-01 6.064927052402e-01 7.752254e-01
0.900000 33.375000 4.948474773812e-01 6.277129664677e-01 7.993107e-01
0.900000 33.400000 5.079053287305e-01 6.487170871343e-01 8.238942e-01
0.900000 33.425000 5.220361218566e-01 6.694574333887e-01 8.489376e-01
0.900000 33.450000 5.372558062977e-01 6.898814095389e-01 8.744027e-01
0.900000 33.475000 5.535796553074e-01 7.099308951765e-01 9.002512e-01
0.900000 33.500000 5.710213024530e-01 7.295417965597e-01 9.264430e-01
0.900000 33.525000 5.895916851567e-01 7.486437151385e-01 9.529353e-01
0.900000 33.550000 6.092978984701e-01 7.671597359448e-01 9.796826e-01
0.900000 33.575000 6.301419551483e-01 7.850063433099e-01 1.006635e+00
0.900000 33.600000 6.521194436010e-01 8.020934807461e-01 1.033738e+00
0.900000 33.625000 6.752180757030e-01 8.183247845559e-01 1.060931e+00
0.900000 33.650000 6.994161233060e-01 8.335980346601e-01 1.088149e+00
0.900000 33.675000 7.246807562859e-01 8.478058784794e-01 1.115319e+00
0.900000 33.700000 7.509663155908e-01 8.608368914553e-01 1.142362e+00
0.900000 33.725000 7.782125803616e-01 8.725770381512e-01 1.169190e+00
0.900000 33.750000 8.063431160491e-01 8.829115887180e-01 1.195710e+00
0.900000 33.775000 8.352638170000e-01 8.917275257539e-01 1.221820e+00
0.900000 33.800000 8.648617783514e-01 8.989164465237e-01 1.247412e+00
0.900000 33.825000 8.950046445009e-01 9.043779267756e-01 1.272373e+00
0.900000 33.850000 9.255405817992e-01 9.080232680394e-01 1.296585e+00
0.900000 33.875000 9.562990094460e-01 9.097795043468e-01 1.319927e+00
0.900000 33.900000 9.870921943435e-01 9.095935014591e-01 1.342278e+00
0.900000 33.925000 1.017717773892e+00 9.074359466649e-01 1.363521e+00
0.900000 33.950000 1.047962218084e+00 9.033050042887e-01 1.383541e+00
0.900000 33.975000 1.077605182720e+00 8.972294044872e-01 1.402232e+00
0.900000 34.000000 1.106424644024e+00 8.892707425394e-01 1.419499e+00
0.900000 34.025000 1.134202646752e+00 8.795247928332e-01 1.435263e+00
0.900000 34.050000 1.160731448114e+00 8.681216845836e-01 1.449459e+00
0.900000 34.075000 1.185819802954e+00 8.552248418852e-01 1.462046e+00
0.900000 34.100000 1.209299114769e+00 8.410286547037e-01 1.473002e+00
0.900000 34.125000 1.231029174057e+00 8.257549148047e-01 1.482331e+00
0.900000 34.150000 1.250903220087e+00 8.096481161637e-01 1.490063e+00
0.900000 34.175000 1.268852092937e+00 7.929697782345e-01 1.496258e+00
0.900000 34.200000 1.284847286695e+00 7.759919985504e-01 1.500998e+00
0.900000 34.225000 1.298902768003e+00 7.589904756835e-01 1.504399e+00
0.900000 34.250000 1.311075482502e+00 7.422372631706e-01 1.506597e+00
0.900000 34.275000 1.321464530669e+00 7.259935196431e-01 1.507758e+00
0.900000 34.300000 1.330209050264e+00 7.105025113180e-01 1.508068e+00
0.900000 34.325000 1.337484891984e+00 6.959831024530e-01 1.507733e+00
0.900000 34.350000 1.343500215954e+00 6.826239401440e-01 1.506973e+00
0.900000 34.375000 1.348490168341e+00 6.705785049318e-01 1.506022e+00
0.900000 34.400000 1.352710819695e+00 6.599611608902e-01 1.505116e+00
0.900000 34.425000 1.356432560289e+00 6.508443004967e-01 1.504496e+00
0.900000 34.450000 1.359933154067e+00 6.432566422949e-01 1.504393e+00
0.900000 34.475000 1.363490653024e+00 6.371827041289e-01 1.505028e+00
0.900000 34.500000 1.367376369354e+00 6.325634419172e-01 1.506604e+00
0.900000 34.525000 1.371848094261e+00 6.292980134986e-01 1.509299e+00
0.900000 34.550000 1.377143740533e+00 6.272465987906e-01 1.513262e+00
0.900000 34.575000 1.383475570794e+00 6.262341811893e-01 1.518609e+00
0.900000 34.600000 1.391025154734e+00 6.260551709121e-01 1.525417e+00
0.900000 34.625000 1.399939176035e+00 6.264787293224e-01 1.533723e+00
0.900000 34.650000 1.410326183280e+00 6.272546350710e-01 1.543525e+00
0.900000 34.675000 1.422254348890e+00 6.281195193308e-01 1.554780e+00
0.900000 34.700000 1.435750266886e+00 6.288032897841e-01 1.567409e+00
0.900000 34.725000 1.450798785421e+00 6.290355625336e-01 1.581298e+00
0.900000 34.750000 1.467343835301e+00 6.285519284914e-01 1.596301e+00
0.900000 34.775000 1.485290183555e+00 6.270998961974e-01 1.612247e+00
0.900000 34.800000 1.504506013649e+00 6.244443757622e-01 1.628947e+00
0.900000 34.825000 1.524826213572e+00 6.203725972047e-01 1.646195e+00
0.900000 34.850000 1.546056241172e+00 6.146983886164e-01 1.663774e+00
0.900000 34.875000 1.567976433766e+00 6.072657725112e-01 1.681464e+00
0.900000 34.900000 1.590346635939e+00 5.979518693842e-01 1.699044e+00
0.900000 34.925000 1.612911034402e+00 5.866691229977e-01 1.716293e+00
0.900000 34.950000 1.635403109566e+00 5.733668798585e-01 1.733001e+00
0.900000 34.975000 1.657550637239e+00 5.580323642360e-01 1.748964e+00
0.900000 35.000000 1.679080697054e+00 5.406910894705e-01 1.763989e+00
0.900000 35.025000 1.699724663686e+00 5.214067370310e-01 1.777900e+00
0.900000 35.050000 1.719223169537e+00 5.002805187578e-01 1.790533e+00
0.900000 35.075000 1.737331031351e+00 4.774500178690e-01 1.801743e+00
0.900000 35.100000 1.753822127049e+00 4.530874841658e-01 1.811403e+00
0.900000 35.125000 1.768494193400e+00 4.273975421703e-01 1.819407e+00
0.900000 35.150000 1.781173491425e+00 4.006142611476e-01 1.825670e+00
0.900000 35.175000 1.791719257530e+00 3.729975358805e-01 1.830133e+00
0.900000 35.200000 1.800027827816e+00 3.448287383870e-01 1.832759e+00
0.900000 35.225000 1.806036294923e+00 3.164056239225e-01 1.833543e+00
0.900000 35.250000 1.809725535148e+00 2.880365086192e-01 1.832504e+00
0.900000 35.275000 1.811122432028e+00 2.600337787099e-01 1.829695e+00
0.900000 35.300000 1.810301123745e+00 2.327068391135e-01 1.825197e+00
0.900000 35.325000 1.807383117197e+00 2.063546581316e-01 1.819125e+00
0.900000 35.350000 1.802536141449e+00 1.812581107244e-01 1.811627e+00
0.900000 35.375000 1.795971656419e+00 1.576723610271e-01 1.802880e+00
0.900000 35.400000 1.787940986600e+00 1.358195517106e-01 1.793092e+00
0.900000 35.425000 1.778730110949e+00 1.158820806479e-01 1.782501e+00
0.900000 35.450000 1.768653204712e+00 9.799674241589e-02 1.771366e+00
0.900000 35.475000 1.758045092570e+00 8.224999295350e-02 1.759968e+00
0.900000 35.500000 1.747252830780e+00 6.867456097926e-02 1.748602e+00
0.900000 35.525000 1.736626685159e+00 5.724758137719e-02 1.737570e+00
0.900000 35.550000 1.726510808725e+00 4.789036644904e-02 1.727175e+00
0.900000 35.575000 1.717233945176e+00 4.046986407134e-02 1.717711e+00
0.900000 35.600000 1.709100491070e+00 3.480178113079e-02 1.709455e+00
0.900000 35.625000 1.702382240033e+00 3.065527997231e-02 1.702658e+00
0.900000 35.650000 1.697311107277e+00 2.775908866753e-02 1.697538e+00
0.900000 35.675000 1.694073093412e+00 2.580880608508e-02 1.694270e+00
0.900000 35.700000 1.692803695077e+00 2.447513292391e-02 1.692981e+00
0.900000 35.725000 1.693584908768e+00 2.341272245040e-02 1.693747e+00
0.900000 35.750000 1.696443906386e+00 2.226932142574e-02 1.696590e+00
0.900000 35.775000 1.701353389649e+00 2.069486376992e-02 1.701479e+00
0.900000 35.800000 1.708233559056e+00 1.835018733986e-02 1.708332e+00
0.900000 35.825000 1.716955564909e+00 1.491506758271e-02 1.717020e+00
0.900000 35.850000 1.727346246545e+00 1.009529978629e-02 1.727376e+00
0.900000 35.875000 1.739193914451e+00 3.628612507521e-03 1.739198e+00
0.900000 35.900000 1.752254891301e+00 -4.710743932962e-03 1.752261e+00
0.900000 35.925000 1.766260504351e+00 -1.510882134708e-02 1.766325e+00
0.900000 35.950000 1.780924214787e+00 -2.771022510809e-02 1.781140e+00
0.900000 35.975000 1.795948579990e+00 -4.261773640425e-02 1.796454e+00
0.900000 36.000000 1.811031772091e+00 -5.989318147362e-02 1.812022e+00
0.900000 36.025000 1.825873418993e+00 -7.955936577547e-02 1.827606e+00
0.900000 36.050000 1.840179589697e+00 -1.016028455088e-01 1.842982e+00
0.900000 36.075000 1.853666810677e+00 -1.259772790624e-01 1.857943e+00
0.900000 36.100000 1.866065069835e+00 -1.526070888219e-01 1.872295e+00
0.900000 36.125000 1.877119834375e+00 -1.813911700559e-01 1.885864e+00
0.900000 36.150000 1.886593173883e+00 -2.122064076934e-01 1.898490e+00
0.900000 36.175000 1.894264135310e+00 -2.449108017241e-01 1.910031e+00
0.900000 36.200000 1.899928558595e+00 -2.793460544591e-01 1.920355e+00
0.900000 36.225000 1.903398547464e+00 -3.153395337786e-01 1.929343e+00
0.900000 36.250000 1.904501818007e+00 -3.527055909359e-01 1.936886e+00
0.900000 36.275000 1.903081137893e+00 -3.912462744435e-01 1.942882e+00
0.900000 36.300000 1.898994042897e+00 -4.307515382441e-01 1.947235e+00
0.900000 36.325000 1.892112977436e+00 -4.709990886327e-01 1.949854e+00
0.900000 36.350000 1.882325955732e+00 -5.117540471008e-01 1.950652e+00
0.900000 36.375000 1.869537784309e+00 -5.527686235262e-01 1.949545e+00
0.900000 36.400000 1.853671829368e+00 -5.937819953657e-01 1.946452e+00
0.900000 36.425000 1.834672258557e+00 -6.345205744777e-01 1.941298e+00
0.900000 36.450000 1.812506639536e+00 -6.746988158066e-01 1.934011e+00
0.900000 36.475000 1.787168740573e+00 -7.140206841928e-01 1.924525e+00
0.900000 36.500000 1.758681353163e+00 -7.521818503829e-01 1.912783e+00
0.900000 36.525000 1.727098944175e+00 -7.888726384838e-01 1.898734e+00
0.900000 36.550000 1.692509945318e+00 -8.237816980878e-01 1.882341e+00
0.900000 36.575000 1.655038499605e+00 -8.566003281685e-01 1.863576e+00
0.900000 36.600000 1.614845506528e+00 -8.870273391076e-01 1.842429e+00
0.900000 36.625000 1.572128837606e+00 -9.147743056806e-01 1.818901e+00
0.900000 36.650000 1.527122629729e+00 -9.395710386263e-01 1.793013e+00
0.900000 36.675000 1.480095603034e+00 -9.611710860762e-01 1.764804e+00
0.900000 36.700000 1.431348390920e+00 -9.793570686034e-01 1.734329e+00
0.900000 36.725000 1.381209910448e+00 -9.939456526439e-01 1.701666e+00
0.900000 36.750000 1.330032840393e+00 -1.004791975919e+00 1.666912e+00
0.900000 36.775000 1.278188310242e+00 -1.011793354576e+00 1.630181e+00
0.900000 36.800000 1.226059935540e+00 -1.014892124270e+00 1.591612e+00
0.900000 36.825000 1.174037362204e+00 -1.014077495549e+00 1.551360e+00
0.900000 36.850000 1.122509503829e+00 -1.009386336758e+00 1.509599e+00
0.900000 36.875000 1.071857670897e+00 -1.000902834308e+00 1.466522e+00
0.900000 36.900000 1.022448798358e+00 -9.887570193237e-01 1.422337e+00
0.900000 36.925000 9.746289777666e-01 -9.731221900491e-01 1.377268e+00
0.900000 36.950000 9.287174916264e-01 -9.542112993348e-01 1.331554e+00
0.900000 36.975000 8.850015309596e-01 -9.322724142948e-01 1.285441e+00
0.900000 37.000000 8.437317527089e-01 -9.075833889654e-01 1.239190e+00
0.900000 37.025000 8.051188024296e-01 -8.804459187619e-01 1.193064e+00
0.900000 37.050000 7.693308912659e-01 -8.511791661643e-01 1.147334e+00
0.900000 37.075000 7.364924762398e-01 -8.201131592525e-01 1.102273e+00
0.900000 37.100000 7.066840516315e-01 -7.875821677982e-01 1.058153e+00
0.900000 37.125000 6.799430188968e-01 -7.539182556666e-01 1.015241e+00
0.900000 37.150000 6.562655653823e-01 -7.194451938762e-01 9.737997e-01
0.900000 37.175000 6.356094499156e-01 -6.844728970764e-01 9.340784e-01
0.900000 37.200000 6.178975676158e-01 -6.492925190918e-01 8.963137e-01
0.900000 37.225000 6.030221478147e-01 -6.141723125396e-01 8.607226e-01
0.900000 37.250000 5.908494280283e-01 -5.793543253585e-01 8.274989e-01
0.900000 37.275000 5.812246430644e-01 -5.450519753154e-01 7.968085e-01
0.900000 37.300000 5.739771707446e-01 -5.114485137245e-01 7.687843e-01
0.900000 37.325000 5.689256831239e-01 -4.786963628249e-01 7.435231e-01
0.900000 37.350000 5.658831631938e-01 -4.469172881287e-01 7.210817e-01
0.900000 37.375000 5.646616605750e-01 -4.162033476538e-01 7.014756e-01
0.900000 37.400000 5.650766746130e-01 -3.866185440144e-01 6.846792e-01
0.900000 37.425000 5.669510688928e-01 -3.582010923270e-01 6.706277e-01
0.900000 37.450000 5.701184371904e-01 -3.309662061959e-01 6.592220e-01
0.900000 37.475000 5.744258573176e-01 -3.049092951901e-01 6.503343e-01
0.900000 37.500000 5.797359864807e-01 -2.800094599830e-01 6.438161e-01
0.900000 37.525000 5.859284700390e-01 -2.562331657880e-01 6.395058e-01
0.900000 37.550000 5.929006551882e-01 -2.335379713345e-01 6.372371e-01
0.900000 37.575000 6.005676221309e-01 -2.118761900905e-01 6.368461e-01
0.900000 37.600000 6.088615673894e-01 -1.911983635770e-01 6.381765e-01
0.900000 37.625000 6.177305962739e-01 -1.714564342289e-01 6.410838e-01
0.900000 37.650000 6.271370029683e-01 -1.526065178493e-01 6.454375e-01
0.900000 37.675000 6.370551357617e-01 -1.346111934107e-01 6.511217e-01
0.900000 37.700000 6.474689600606e-01 -1.174412503238e-01 6.580338e-01
0.900000 37.725000 6.583694414727e-01 -1.010768593332e-01 6.660832e-01
0.900000 37.750000 6.697518743273e-01 -8.550816134243e-02 6.751883e-01
0.900000 37.775000 6.816132768638e-01 -7.073529678362e-02 6.852738e-01
0.900000 37.800000 6.939499630323e-01 -5.676792449324e-02 6.962680e-01
0.900000 37.825000 7.067553831884e-01 -4.362430135922e-02 7.081005e-01
0.900000 37.850000 7.200183033520e-01 -3.133001051441e-02 7.206996e-01
0.900000 37.875000 7.337213671107e-01 -1.991643536532e-02 7.339916e-01
0.900000 37.900000 7.478400579554e-01 -9.419078767668e-03 7.478994e-01
0.900000 37.925000 7.623420551204e-01 1.241785253559e-04 7.623421e-01
0.900000 37.950000 7.771869549429e-01 8.674797379300e-03 7.772354e-01
0.900000 37.975000 7.923263139092e-01 1.619521090366e-02 7.924918e-01
0.900000 38.000000 8.077039598143e-01 2.265031775789e-02 8.080215e-01
0.900000 38.025000 8.232565139736e-01 2.800880851000e-02 8.237328e-01
0.900000 38.050000 8.389140695803e-01 3.224431261152e-02 8.395335e-01
0.900000 38.075000 8.546009779024e-01 3.533636755317e-02 8.553312e-01
0.900000 38.100000 8.702367034260e-01 3.727122159793e-02 8.710345e-01
0.900000 38.125000 8.857367195192e-01 3.804248684698e-02 8.865533e-01
0.900000 38.150000 9.010134260446e-01 3.765166064603e-02 9.017998e-01
0.900000 38.175000 9.159770783026e-01 3.610853140980e-02 9.166885e-01
0.900000 38.200000 9.305367219558e-01 3.343148109707e-02 9.311371e-01
0.900000 38.225000 9.446011309991e-01 2.964769221226e-02 9.450663e-01
0.900000 38.250000 9.580797458124e-01 2.479326358139e-02 9.584005e-01
0.900000 38.275000 9.708836067239e-01 1.891323715408e-02 9.710678e-01
0.900000 38.300000 9.829262764587e-01 1.206153811151e-02 9.830003e-01
0.900000 38.325000 9.941247434924e-01 4.300832443929e-03 9.941340e-01
0.900000 38.350000 1.004400298619e+00 -4.297690783423e-03 1.004409e+00
0.900000 38.375000 1.013679379479e+00 -1.365460207347e-02 1.013771e+00
0.900000 38.400000 1.021894382355e+00 -2.368256655751e-02 1.022169e+00
0.900000 38.425000 1.028984446644e+00 -3.428671909583e-02 1.029556e+00
0.900000 38.450000 1.034896223924e+00 -4.536507016215e-02 1.035890e+00
0.900000 38.475000 1.039584649056e+00 -5.680893963063e-02 1.041136e+00
0.900000 38.500000 1.043013733830e+00 -6.850342485432e-02 1.045261e+00
0.900000 38.525000 1.045157402853e+00 -8.032792056251e-02 1.048240e+00
0.900000 38.550000 1.046000385973e+00 -9.215671955508e-02 1.050052e+00
0.900000 38.575000 1.045539171184e+00 -1.038597330520e-01 1.050685e+00
0.900000 38.600000 1.043783007305e+00 -1.153033758987e-01 1.050132e+00
0.900000 38.625000 1.040754928017e+00 -1.263516629314e-01 1.048397e+00
0.900000 38.650000 1.036492750072e+00 -1.368675574934e-01 1.045490e+00
0.900000 38.675000 1.031049980981e+00 -1.467146009158e-01 1.041436e+00
0.900000 38.700000 1.024496557711e+00 -1.557588332358e-01 1.036269e+00
0.900000 38.725000 1.016919330170e+00 -1.638709918358e-01 1.030038e+00
0.900000 38.750000 1.008422203137e+00 -1.709289482002e-01 1.022806e+00
0.900000 38.775000 9.991258588044e-01 -1.768203162701e-01 1.014652e+00
0.900000 38.800000 9.891669990564e-01 -1.814451418076e-01 1.005671e+00
0.900000 38.825000 9.786970710088e-01 -1.847185635441e-01 9.959764e-01
0.900000 38.850000 9.678804691789e-01 -1.865733259387e-01 9.856988e-01
0.900000 38.875000 9.568922402585e-01 -1.869620216369e-01 9.749859e-01
0.900000 38.900000 9.459153488115e-01 -1.858589497413e-01 9.640018e-01
0.900000 38.925000 9.351375912322e-01 -1.832614932678e-01 9.529255e-01
0.900000 38.950000 9.247482682571e-01 -1.791909442219e-01 9.419494e-01
0.900000 38.975000 9.149347411422e-01 -1.736927352872e-01 9.312759e-01
0.900000 39.000000 9.058790020849e-01 -1.668360704074e-01 9.211140e-01
0.900000 39.025000 8.977543853469e-01 -1.587129795563e-01 9.116758e-01
0.900000 39.050000 8.907225325389e-01 -1.494368529194e-01 9.031711e-01
0.900000 39.075000 8.849307052145e-01 -1.391405341500e-01 8.958027e-01
0.900000 39.100000 8.805095124310e-01 -1.279740696305e-01 8.897608e-01
0.900000 39.125000 8.775710927443e-01 -1.161022198613e-01 8.852179e-01
0.900000 39.150000 8.762077617160e-01 -1.037018401659e-01 8.823231e-01
0.900000 39.175000 8.764911096730e-01 -9.095923151321e-02 8.811982e-01
0.900000 39.200000 8.784715119999e-01 -7.806754968335e-02 8.819335e-01
0.900000 39.225000 8.821779968905e-01 -6.522434387050e-02 8.845859e-01
0.900000 39.250000 8.876184038876e-01 -5.262927588054e-02 8.891773e-01
0.900000 39.275000 8.947797607929e-01 -4.048205004819e-02 8.956950e-01
0.900000 39.300000 9.036288062697e-01 -2.898056333714e-02 9.040934e-01
0.900000 39.325000 9.141125900739e-01 -1.831926597482e-02 9.142961e-01
0.900000 39.350000 9.261590915448e-01 -8.687706257900e-03 9.261998e-01
0.900000 39.375000 9.396778089746e-01 -2.692194269507e-04 9.396778e-01
0.900000 39.400000 9.545602870216e-01 6.760289867113e-03 9.545842e-01
0.900000 39.425000 9.706805657737e-01 1.223352870802e-02 9.707577e-01
0.900000 39.450000 9.878955527692e-01 1.599302067651e-02 9.880250e-01
0.900000 39.475000 1.006045337597e+00 1.789239283755e-02 1.006204e+00
0.900000 39.500000 1.024953486832e+00 1.779779766889e-02 1.025108e+00
0.900000 39.525000 1.044427374056e+00 1.558951207257e-02 1.044544e+00
0.900000 39.550000 1.064258614390e+00 1.116374032192e-02 1.064317e+00
0.900000 39.575000 1.084223683996e+00 4.434628108274e-03 1.084233e+00
0.900000 39.600000 1.104084810934e+00 -4.663528486630e-03 1.104095e+00
0.900000 39.625000 1.123591223411e+00 -1.617392100411e-02 1.123708e+00
0.900000 39.650000 1.142480833709e+00 -3.011478188268e-02 1.142878e+00
0.900000 39.675000 1.160482420644e+00 -4.647694607256e-02 1.161413e+00
0.900000 39.700000 1.177318350489e+00 -6.522153491404e-02 1.179124e+00
0.900000 39.725000 1.192707847019e+00 -8.627789069882e-02 1.195824e+00
0.900000 39.750000 1.206370787666e+00 -1.095418964538e-01 1.211334e+00
0.900000 39.775000 1.218031967348e+00 -1.348748118502e-01 1.225477e+00
0.900000 39.800000 1.227425737429e+00 -1.621027422675e-01 1.238084e+00
0.900000 39.825000 1.234300897799e+00 -1.910168345605e-01 1.248994e+00
0.900000 39.850000 1.238425698139e+00 -2.213742616937e-01 1.258056e+00
0.900000 39.875000 1.239592792382e+00 -2.529000218561e-01 1.265128e+00
0.900000 39.900000 1.237623989465e+00 -2.852895393731e-01 1.270080e+00
0.900000 39.925000 1.232374653729e+00 -3.182120184815e-01 1.272795e+00
0.900000 39.950000 1.223737628395e+00 -3.513144704240e-01 1.273168e+00
0.900000 39.975000 1.211646582829e+00 -3.842263123518e-01 1.271109e+00
0.900000 40.000000 1.196078715398e+00 -4.165644250748e-01 1.266543e+00
0.900000 40.025000 1.177056774344e+00 -4.479385562798e-01 1.259409e+00
0.900000 40.050000 1.154650385414e+00 -4.779569653977e-01 1.249664e+00
0.900000 40.075000 1.128976693448e+00 -5.062322233188e-01 1.237279e+00
0.900000 40.100000 1.100200333421e+00 -5.323871009255e-01 1.222243e+00
0.900000 40.125000 1.068532743830e+00 -5.560605004880e-01 1.204560e+00
0.900000 40.150000 1.034230822801e+00 -5.769133988109e-01 1.184256e+00
0.900000 40.175000 9.975949075160e-01 -5.946347766093e-01 1.161373e+00
0.900000 40.200000 9.589660348138e-01 -6.089475021357e-01 1.135972e+00
0.900000 40.225000 9.187224202214e-01 -6.196141174360e-01 1.108139e+00
0.900000 40.250000 8.772750797581e-01 -6.264424437086e-01 1.077980e+00
0.900000 40.275000 8.350625186730e-01 -6.292908810401e-01 1.045627e+00
0.900000 40.300000 7.925444277242e-01 -6.280732321660e-01 1.011238e+00
0.900000 40.325000 7.501943627394e-01 -6.227628360669e-01 9.750001e-01
0.900000 40.350000 7.084914367321e-01 -6.133957621156e-01 9.371310e-01
0.900000 40.375000 6.679111231149e-01 -6.000727958865e-01 8.978823e-01
0.900000 40.400000 6.289153484256e-01 -5.829599494210e-01 8.575411e-01
0.900000 40.425000 5.919421364449e-01 -5.622872556371e-01 8.164328e-01
0.900000 40.450000 5.573951443421e-01 -5.383456601947e-01 7.749228e-01
0.900000 40.475000 5.256334968210e-01 -5.114819031935e-01 7.334196e-01
0.900000 40.500000 4.969623680197e-01 -4.820913834219e-01 6.923754e-01
0.900000 40.525000 4.716247765068e-01 -4.506091127793e-01 6.522871e-01
0.900000 40.550000 4.497950417484e-01 -4.174989892310e-01 6.136945e-01
0.900000 40.575000 4.315742994341e-01 -3.832417333286e-01 5.771747e-01
0.900000 40.600000 4.169883897022e-01 -3.483219358497e-01 5.433300e-01
0.900000 40.625000 4.059883213142e-01 -3.132147432015e-01 5.127670e-01
0.900000 40.650000 3.984533836292e-01 -2.783727553721e-01 4.860622e-01
0.900000 40.675000 3.941968362034e-01 -2.442137234057e-01 4.637149e-01
0.900000 40.700000 3.929739635393e-01 -2.111096076256e-01 4.460895e-01
0.900000 40.725000 3.944921505666e-01 -1.793774953607e-01 4.333594e-01
0.900000 40.750000 3.984225226551e-01 -1.492727820006e-01 4.254678e-01
0.900000 40.775000 4.044126103959e-01 -1.209848987162e-01 4.221219e-01
0.900000 40.800000 4.120994496804e-01 -9.463573294788e-02 4.228261e-01
0.900000 40.825000 4.211225145885e-01 -7.028074369196e-02 4.269468e-01
0.900000 40.850000 4.311359041339e-01 -4.791263278914e-02 4.337900e-01
0.900000 40.875000 4.418192611008e-01 -2.746730523686e-02 4.426722e-01
0.900000 40.900000 4.528869867746e-01 -8.831743953145e-03 4.529731e-01
0.900000 40.925000 4.640954222756e-01 8.146656622189e-03 4.641669e-01
0.900000 40.950000 4.752477873721e-01 2.364980456242e-02 4.758359e-01
0.900000 40.975000 4.861967926774e-01 3.787819803901e-02 4.876701e-01
0.900000 41.000000 4.968449629948e-01 5.104030142365e-02 4.994597e-01
0.900000 41.025000 5.071428212072e-01 6.334248650477e-02 5.110833e-01
0.900000 41.050000 5.170851777582e-01 7.497995407898e-02 5.224931e-01
0.900000 41.075000 5.267058463512e-01 8.612897230937e-02 5.337015e-01
0.900000 41.100000 5.360711594937e-01 9.694067774481e-02 5.447658e-01
0.900000 41.125000 5.452726870764e-01 1.075365886842e-01 5.557755e-01
0.900000 41.150000 5.544195677728e-01 1.180058842116e-01 5.668390e-01
0.900000 41.175000 5.636308483371e-01 1.284044106621e-01 5.780722e-01
0.900000 41.200000 5.730281923437e-01 1.387552946739e-01 5.895883e-01
0.900000 41.225000 5.827292706828e-01 1.490509716656e-01 6.014895e-01
0.900000 41.250000 5.928420846958e-01 1.592563830213e-01 6.138602e-01
0.900000 41.275000 6.034604029186e-01 1.693130561479e-01 6.267626e-01
0.900000 41.300000 6.146604178193e-01 1.791437597898e-01 6.402343e-01
0.900000 41.325000 6.264986534704e-01 1.886574227176e-01 6.542875e-01
0.900000 41.350000 6.390110825115e-01 1.977540166392e-01 6.689109e-01
0.900000 41.375000 6.522133445734e-01 2.063291326731e-01 6.840716e-01
0.900000 41.400000 6.661019018178e-01 2.142780230714e-01 6.997191e-01
0.900000 41.425000 6.806559232169e-01 2.214989334825e-01 7.157893e-01
0.900000 41.450000 6.958396599273e-01 2.278956127045e-01 7.322085e-01
0.900000 41.475000 7.116050610770e-01 2.333789528714e-01 7.488975e-01
0.900000 41.500000 7.278943831050e-01 2.378677792748e-01 7.657750e-01
0.900000 41.525000 7.446425660333e-01 2.412888713817e-01 7.827598e-01
0.900000 41.550000 7.617791852282e-01 2.435763510270e-01 7.997731e-01
0.900000 41.575000 7.792298348156e-01 2.446706166817e-01 8.167392e-01
0.900000 41.600000 7.969168555254e-01 2.445170312916e-01 8.335857e-01
0.900000 41.625000 8.147593812863e-01 2.430645836142e-01 8.502430e-01
0.900000 41.650000 8.326727408910e-01 2.402647385928e-01 8.666435e-01
0.900000 41.675000 8.505673090429e-01 2.360706716738e-01 8.827197e-01
0.900000 41.700000 8.683469509056e-01 2.304370468906e-01 8.984028e-01
0.900000 41.725000 8.859072424724e-01 2.233204518657e-01 9.136212e-01
0.900000 41.750000 9.031336731168e-01 2.146805482838e-01 9.282985e-01
0.900000 41.775000 9.199000452431e-01 2.044819380309e-01 9.423529e-01
0.900000 41.800000 9.360672788763e-01 1.926966873699e-01 9.556955e-01
0.900000 41.825000 9.514828073556e-01 1.793073982822e-01 9.682307e-01
0.900000 41.850000 9.659807160966e-01 1.643106709505e-01 9.798555e-01
0.900000 41.875000 9.793827325267e-01 1.477207669824e-01 9.904605e-01
0.900000 41.900000 9.915001251043e-01 1.295732610909e-01 9.999309e-01
0.900000 41.925000 1.002136516358e+00 1.099284602638e-01 1.008148e+00
0.900000 41.950000 1.011091562481e+00 8.887437370264e-02 1.014990e+00
0.900000 41.975000 1.018165403221e+00 6.652903289303e-02 1.020337e+00
0.900000 42.000000 1.023163743017e+00 4.304198735753e-02 1.024069e+00
0.900000 42.025000 1.025903389360e+00 1.859483581815e-02 1.026072e+00
0.900000 42.050000 1.026218048158e+00 -6.599307629321e-03 1.026239e+00
0.900000 42.075000 1.023964159058e+00 -3.229746939113e-02 1.024473e+00
0.900000 42.100000 1.019026545970e+00 -5.822960660972e-02 1.020689e+00
0.900000 42.125000 1.011323659111e+00 -8.410249963238e-02 1.014815e+00
0.900000 42.150000 1.000812193990e+00 -1.096046719009e-01 1.006796e+00
0.900000 42.175000 9.874908891565e-01 -1.344122226069e-01 9.965967e-01
0.900000 42.200000 9.714033274203e-01 -1.581954213401e-01 9.842003e-01
0.900000 42.225000 9.526395938982e-01 -1.806258822748e-01 9.696122e-01
0.900000 42.250000 9.313366780395e-01 -2.013841088546e-01 9.528607e-01
0.900000 42.275000 9.076775449863e-01 -2.201671790991e-01 9.339979e-01
0.900000 42.300000 8.818888436143e-01 -2.366963272683e-01 9.131008e-01
0.900000 42.325000 8.542372634962e-01 -2.507241704219e-01 8.902718e-01
0.900000 42.350000 8.250245998365e-01 -2.620413291488e-01 8.656392e-01
0.900000 42.375000 7.945816328458e-01 -2.704822010622e-01 8.393572e-01
0.900000 42.400000 7.632609745214e-01 -2.759296640657e-01 8.116061e-01
0.900000 42.425000 7.314290795811e-01 -2.783185140825e-01 7.825917e-01
0.900000 42.450000 6.994576563791e-01 -2.776374787212e-01 7.525447e-01
0.900000 42.475000 6.677147459681e-01 -2.739296935796e-01 7.217205e-01
0.900000 42.500000 6.365557610297e-01 -2.672915803690e-01 6.903970e-01
0.900000 42.525000 6.063147893668e-01 -2.578701240851e-01 6.588738e-01
0.900000 42.550000 5.772964675465e-01 -2.458586078207e-01 6.274693e-01
0.900000 42.575000 5.497687181130e-01 -2.314909258916e-01 5.965180e-01
0.900000 42.600000 5.239566181780e-01 -2.150346557606e-01 5.663660e-01
0.900000 42.625000 5.000376284647e-01 -1.967831236962e-01 5.373651e-01
0.900000 42.650000 4.781383611288e-01 -1.770467450829e-01 5.098645e-01
0.900000 42.675000 4.583330037849e-01 -1.561439549434e-01 4.842005e-01
0.900000 42.700000 4.406434487279e-01 -1.343920650540e-01 4.606820e-01
0.900000 42.725000 4.250411036416e-01 -1.120983892046e-01 4.395748e-01
0.900000 42.750000 4.114502868779e-01 -8.955196660751e-02 4.210830e-01
0.900000 42.775000 3.997530407611e-01 -6.701618509351e-02 4.053315e-01
0.900000 42.800000 3.897951344419e-01 -4.472256149911e-02 3.923523e-01
0.900000 42.825000 3.813929775245e-01 -2.286587854964e-02 3.820778e-01
0.900000 42.850000 3.743411304042e-01 -1.600808660515e-03 3.743446e-01
0.900000 42.875000 3.684200795768e-01 1.895992062418e-02 3.689076e-01
0.900000 42.900000 3.634039476095e-01 3.874584268260e-02 3.654636e-01
0.900000 42.925000 3.590678282260e-01 5.772764740778e-02 3.636787e-01
0.900000 42.950000 3.551944758459e-01 7.591482130863e-02 3.632164e-01
0.900000 42.975000 3.515801333259e-01 9.335225128610e-02 3.637626e-01
0.900000 43.000000 3.480393476424e-01 1.101160488467e-01 3.650437e-01
0.900000 43.025000 3.444086958540e-01 1.263088698124e-01 3.668396e-01
0.900000 43.050000 3.405494172022e-01 1.420550024048e-01 3.689899e-01
0.900000 43.075000 3.363490157622e-01 1.574954744492e-01 3.713967e-01
0.900000 43.100000 3.317219560573e-01 1.727833906426e-01 3.740235e-01
0.900000 43.125000 3.266096167530e-01 1.880796572662e-01 3.768923e-01
0.900000 43.150000 3.209796915875e-01 2.035491896255e-01 3.800792e-01
0.900000 43.175000 3.148252303932e-01 2.193576329838e-01 3.837091e-01
0.900000 43.200000 3.081634967540e-01 2.356685672061e-01 3.879490e-01
0.900000 43.225000 3.010347848371e-01 2.526411148098e-01 3.930006e-01
0.900000 43.250000 2.935012903988e-01 2.704278367009e-01 3.990917e-01
0.900000 43.275000 2.856460754972e-01 2.891727830765e-01 4.064660e-01
0.900000 43.300000 2.775721095763e-01 3.090095703704e-01 4.153711e-01
0.900000 43.325000 2.694013180500e-01 3.300593780574e-01 4.260473e-01
0.900000 43.350000 2.612735295390e-01 3.524287988150e-01 4.387139e-01
0.900000 43.375000 2.533451895432e-01 3.762075272178e-01 4.535591e-01
0.900000 43.400000 2.457877047820e-01 4.014659296100e-01 4.707297e-01
0.900000 43.425000 2.387852997523e-01 4.282525940847e-01 4.903251e-01
0.900000 43.450000 2.325323038902e-01 4.565920075676e-01 5.123939e-01
0.900000 43.475000 2.272298404683e-01 4.864825405968e-01 5.369345e-01
0.900000 43.500000 2.230819514852e-01 5.178949347331e-01 5.638978e-01
0.900000 43.525000 2.202912594192e-01 5.507714798988e-01 5.931926e-01
0.900000 43.550000 2.190543293744e-01 5.850260389936e-01 6.246921e-01
0.900000 43.575000 2.195569465826e-01 6.205450270419e-01 6.582411e-01
0.900000 43.600000 2.219695582482e-01 6.571893863052e-01 6.936630e-01
0.900000 43.625000 2.264431408655e-01 6.947975235304e-01 7.307668e-01
0.900000 43.650000 2.331057421811e-01 7.331890982180e-01 7.693533e-01
0.900000 43.675000 2.420599112191e-01 7.721694792683e-01 8.092210e-01
0.900000 43.700000 2.533811730171e-01 8.115346289275e-01 8.501708e-01
0.900000 43.725000 2.671176319293e-01 8.510761336491e-01 8.920103e-01
0.900000 43.750000 2.832907051953e-01 8.905860854779e-01 9.345572e-01
0.900000 43.775000 3.018969045593e-01 9.298615266928e-01 9.776422e-01
0.900000 43.800000 3.229105058305e-01 9.687082040411e-01 1.021111e+00
0.900000 43.825000 3.462868815263e-01 1.006943433977e+00 1.064824e+00
0.900000 43.850000 3.719662259113e-01 1.044397951779e+00 1.108660e+00
0.900000 43.875000 3.998773787286e-01 1.080916698802e+00 1.152512e+00
0.900000 43.900000 4.299414553605e-01 1.116358586135e+00 1.196288e+00
0.900000 43.925000 4.620750164555e-01 1.150595352234e+00 1.239912e+00
0.900000 43.950000 4.961925564256e-01 1.183509700180e+00 1.283317e+00
0.900000 43.975000 5.322081531681e-01 1.214992951527e+00 1.326444e+00
0.900000 44.000000 5.700361951278e-01 1.244942484835e+00 1.369242e+00
0.900000 44.025000 6.095911800272e-01 1.273259235961e+00 1.411662e+00
0.900000 44.050000 6.507866558683e-01 1.299845524421e+00 1.453658e+00
0.900000 44.075000 6.935334433241e-01 1.324603437406e+00 1.495180e+00
0.900000 44.100000 7.377373345713e-01 1.347433953966e+00 1.536175e+00
0.900000 44.125000 7.832965034606e-01 1.368236930672e+00 1.576587e+00
0.900000 44.150000 8.300988836249e-01 1.386912001918e+00 1.616351e+00
0.900000 44.175000 8.780197740913e-01 1.403360377890e+00 1.655397e+00
0.900000 44.200000 9.269199169386e-01 1.417487456028e+00 1.693650e+00
0.900000 44.225000 9.766442603560e-01 1.429206101773e+00 1.731030e+00
0.900000 44.250000 1.027021575852e+00 1.438440404921e+00 1.767451e+00
0.900000 44.275000 1.077865043599e+00 1.445129681795e+00 1.802829e+00
0.900000 44.300000 1.128973858659e+00 1.449232472104e+00 1.837078e+00
0.900000 44.325000 1.180135846868e+00 1.450730273853e+00 1.870117e+00
0.900000 44.350000 1.231131016212e+00 1.449630769764e+00 1.901871e+00
0.900000 44.375000 1.281735911250e+00 1.445970323667e+00 1.932273e+00
0.900000 44.400000 1.331728587730e+00 1.439815563608e+00 1.961267e+00
0.900000 44.425000 1.380893985081e+00 1.431263917845e+00 1.988815e+00
0.900000 44.450000 1.429029448220e+00 1.420443027549e+00 2.014890e+00
0.900000 44.475000 1.475950138989e+00 1.407509022501e+00 2.039488e+00
0.900000 44.500000 1.521494082391e+00 1.392643709589e+00 2.062620e+00
0.900000 44.525000 1.565526613706e+00 1.376050784178e+00 2.084320e+00
0.900000 44.550000 1.607944028334e+00 1.357951227448e+00 2.104641e+00
0.900000 44.575000 1.648676284785e+00 1.338578094497e+00 2.123658e+00
0.900000 44.600000 1.687688668969e+00 1.318170925262e+00 2.141464e+00
0.900000 44.625000 1.724982390833e+00 1.296970020594e+00 2.158169e+00
0.900000 44.650000 1.760594147152e+00 1.275210818331e+00 2.173903e+00
0.900000 44.675000 1.794594741795e+00 1.253118579212e+00 2.188807e+00
0.900000 44.700000 1.827086901891e+00 1.230903552342e+00 2.203037e+00
0.900000 44.725000 1.858202460670e+00 1.208756738163e+00 2.216756e+00
0.900000 44.750000 1.888099092324e+00 1.186846308737e+00 2.230140e+00
0.900000 44.775000 1.916956779593e+00 1.165314686411e+00 2.243364e+00
0.900000 44.800000 1.944974171611e+00 1.144276228995e+00 2.256611e+00
0.900000 44.825000 1.972364950454e+00 1.123815428235e+00 2.270063e+00
0.900000 44.850000 1.999354274489e+00 1.103985503518e+00 2.283901e+00
0.900000 44.875000 2.026175311037e+00 1.084807267529e+00 2.298302e+00
0.900000 44.900000 2.053065817102e+00 1.066268156012e+00 2.313441e+00
0.900000 44.925000 2.080264682015e+00 1.048321348395e+00 2.329480e+00
0.900000 44.950000 2.108008316310e+00 1.030884956022e+00 2.346577e+00
0.900000 44.975000 2.136526761790e+00 1.013841314233e+00 2.364872e+00
0.900000 45.000000 2.166039411374e+00 9.970364759522e-01 2.384493e+00
0.900000 45.025000 2.196750263900e+00 9.802800598480e-01 2.405548e+00
0.900000 45.050000 2.228842696009e+00 9.633456474304e-01 2.428122e+00
0.900000 45.075000 2.262473805010e+00 9.459719439335e-01 2.452275e+00
0.900000 45.100000 2.297768455853e+00 9.278649128293e-01 2.478038e+00
0.900000 45.125000 2.334813242969e+00 9.087010612395e-01 2.505412e+00
0.900000 45.150000 2.373650644543e+00 8.881319944748e-01 2.534363e+00
0.900000 45.175000 2.414273694002e+00 8.657902766152e-01 2.564822e+00
0.900000 45.200000 2.456621514105e+00 8.412965374221e-01 2.596684e+00
0.900000 45.225000 2.500576048636e+00 8.142676630572e-01 2.629812e+00
0.900000 45.250000 2.545960283847e+00 7.843258093583e-01 2.664035e+00
0.900000 45.275000 2.592538178799e+00 7.511078921672e-01 2.699151e+00
0.900000 45.300000 2.640016425878e+00 7.142751487442e-01 2.734936e+00
0.900000 45.325000 2.688048048467e+00 6.735223348366e-01 2.771143e+00
0.900000 45.350000 2.736237722213e+00 6.285861277471e-01 2.807511e+00
0.900000 45.375000 2.784148590918e+00 5.792523475463e-01 2.843768e+00
0.900000 45.400000 2.831310248818e+00 5.253616834837e-01 2.879639e+00
0.900000 45.425000 2.877227487564e+00 4.668137144210e-01 2.914850e+00
0.900000 45.450000 2.921389365888e+00 4.035691316460e-01 2.949133e+00
0.900000 45.475000 2.963278156680e+00 3.356501987758e-01 2.982227e+00
0.900000 45.500000 3.002377760593e+00 2.631396049355e-01 3.013887e+00
0.900000 45.525000 3.038181243924e+00 1.861779727243e-01 3.043880e+00
0.900000 45.550000 3.070197254871e+00 1.049603619875e-01 3.071991e+00
0.900000 45.575000 3.097955187093e+00 1.973215697537e-02 3.098018e+00
0.900000 45.600000 3.121009081764e+00 -6.921526578900e-02 3.121776e+00
0.900000 45.625000 3.138940377534e+00 -1.615487189871e-01 3.143095e+00
0.900000 45.650000 3.151359720965e+00 -2.568969265944e-01 3.161813e+00
0.900000 45.675000 3.157908128765e+00 -3.548535664769e-01 3.177783e+00
0.900000 45.700000 3.158257840612e+00 -4.549795205336e-01 3.190862e+00
0.900000 45.725000 3.152113213917e+00 -5.568043346453e-01 3.200914e+00
0.900000 45.750000 3.139211989014e+00 -6.598270031002e-01 3.207807e+00
0.900000 45.775000 3.119327198049e+00 -7.635162914173e-01 3.211411e+00
0.900000 45.800000 3.092269909077e+00 -8.673108888216e-01 3.211598e+00
0.900000 45.825000 3.057892896567e+00 -9.706197305496e-01 3.208241e+00
0.900000 45.850000 3.016095220191e+00 -1.072822847058e+00 3.201215e+00
0.900000 45.875000 2.966827585249e+00 -1.173273081446e+00 3.190397e+00
0.900000 45.900000 2.910098259700e+00 -1.271298970326e+00 3.175669e+00
0.900000 45.925000 2.845979242525e+00 -1.366209011822e+00 3.156917e+00
0.900000 45.950000 2.774612322139e+00 -1.457297454305e+00 3.134037e+00
0.900000 45.975000 2.696214635125e+00 -1.543851638825e+00 3.106936e+00
0.900000 46.000000 2.611083335856e+00 -1.625160825527e+00 3.075533e+00
0.900000 46.025000 2.519599014923e+00 -1.700526337697e+00 3.039765e+00
0.900000 46.050000 2.422227554921e+00 -1.769272773353e+00 2.999585e+00
0.900000 46.075000 2.319520180710e+00 -1.830759968838e+00 2.954971e+00
0.900000 46.100000 2.212111541305e+00 -1.884395354809e+00 2.905922e+00
0.900000 46.125000 2.100715745185e+00 -1.929646323567e+00 2.852462e+00
0.900000 46.150000 1.986120353764e+00 -1.966052226741e+00 2.794644e+00
0.900000 46.175000 1.869178413363e+00 -1.993235641220e+00 2.732548e+00
0.900000 46.200000 1.750798670330e+00 -2.010912574878e+00 2.666283e+00
0.900000 46.225000 1.631934164386e+00 -2.018901327080e+00 2.595991e+00
0.900000 46.250000 1.513569431307e+00 -2.017129767359e+00 2.521846e+00
0.900000 46.275000 1.396706568575e+00 -2.005640844207e+00 2.444051e+00
0.900000 46.300000 1.282350429080e+00 -1.984596181098e+00 2.362847e+00
0.900000 46.325000 1.171493211527e+00 -1.954277656146e+00 2.278508e+00
0.900000 46.350000 1.065098715708e+00 -1.915086894277e+00 2.191345e+00
0.900000 46.375000 9.640865297242e-01 -1.867542627106e+00 2.101708e+00
0.900000 46.400000 8.693164175230e-01 -1.812275897724e+00 2.009989e+00
0.900000 46.425000 7.815731805648e-01 -1.750023108235e+00 1.916621e+00
0.900000 46.450000 7.015522774033e-01 -1.681616930686e+00 1.822090e+00
0.900000 46.475000 6.298464983862e-01 -1.607975130336e+00 1.726931e+00
0.900000 46.500000 5.669340068989e-01 -1.530087386994e+00 1.631742e+00
0.900000 46.525000 5.131680698934e-01 -1.449000247145e+00 1.537187e+00
0.900000 46.550000 4.687688042363e-01 -1.365800397004e+00 1.444007e+00
0.900000 46.575000 4.338172570572e-01 -1.281596513094e+00 1.353029e+00
0.900000 46.600000 4.082521134579e-01 -1.197500019024e+00 1.265178e+00
0.900000 46.625000 3.918692804928e-01 -1.114605150059e+00 1.181485e+00
0.900000 46.650000 3.843245307443e-01 -1.033968794607e+00 1.103085e+00
0.900000 46.675000 3.851393025890e-01 -9.565906371920e-01 1.031212e+00
0.900000 46.700000 3.937096501938e-01 -8.833941641731e-01 9.671569e-01
0.900000 46.725000 4.093182193717e-01 -8.152091054552e-01 9.121992e-01
0.900000 46.750000 4.311490025809e-01 -7.527558685910e-01 8.674854e-01
0.900000 46.775000 4.583045058517e-01 -6.966324737614e-01 8.338704e-01
0.900000 46.800000 4.898248511431e-01 -6.473044197511e-01 8.117459e-01
0.900000 46.825000 5.247082482683e-01 -6.050978054438e-01 8.009133e-01
0.900000 46.850000 5.619322085776e-01 -5.701959044850e-01 8.005568e-01
0.900000 46.875000 6.004748436351e-01 -5.426392506982e-01 8.093376e-01
0.900000 46.900000 6.393355991158e-01 -5.223291482763e-01 8.255772e-01
0.900000 46.925000 6.775548169754e-01 -5.090343839280e-01 8.474648e-01
0.900000 46.950000 7.142315943833e-01 -5.024007979888e-01 8.732315e-01
0.900000 46.975000 7.485395097906e-01 -5.019632765227e-01 9.012650e-01
0.900000 47.000000 7.797399063168e-01 -5.071596629338e-01 9.301641e-01
0.900000 47.025000 8.071925503181e-01 -5.173460589604e-01 9.587527e-01
0.900000 47.050000 8.303636079343e-01 -5.318129912048e-01 9.860673e-01
0.900000 47.075000 8.488309945668e-01 -5.498019573216e-01 1.011334e+00
0.900000 47.100000 8.622872431530e-01 -5.705219294640e-01 1.033941e+00
0.900000 47.125000 8.705401008237e-01 -5.931654730411e-01 1.053416e+00
0.900000 47.150000 8.735110971807e-01 -6.169242264285e-01 1.069400e+00
0.900000 47.175000 8.712323315509e-01 -6.410035718491e-01 1.081634e+00
0.900000 47.200000 8.638417049343e-01 -6.646363999132e-01 1.089938e+00
0.900000 47.225000 8.515767816179e-01 -6.870959229041e-01 1.094205e+00
0.900000 47.250000 8.347674141572e-01 -7.077075201280e-01 1.094389e+00
0.900000 47.275000 8.138272133060e-01 -7.258596010887e-01 1.090498e+00
0.900000 47.300000 7.892439009642e-01 -7.410134508386e-01 1.082593e+00
0.900000 47.325000 7.615685575333e-01 -7.527119816603e-01 1.070776e+00
0.900000 47.350000 7.314037712223e-01 -7.605872638840e-01 1.055199e+00
0.900000 47.375000 6.993907188026e-01 -7.643666553632e-01 1.036052e+00
0.900000 47.400000 6.661952547715e-01 -7.638773037379e-01 1.013570e+00
0.900000 47.425000 6.324931551295e-01 -7.590487673042e-01 9.880297e-01
0.900000 47.450000 5.989547463585e-01 -7.499134966058e-01 9.597484e-01
0.900000 47.475000 5.662292407788e-01 -7.366049447373e-01 9.290869e-01
0.900000 47.500000 5.349291860589e-01 -7.193531315541e-01 8.964475e-01
0.900000 47.525000 5.056155088359e-01 -6.984775738875e-01 8.622749e-01
0.900000 47.550000 4.787836807175e-01 -6.743776054827e-01 8.270544e-01
0.900000 47.575000 4.548515518504e-01 -6.475202389024e-01 7.913106e-01
0.900000 47.600000 4.341493779626e-01 -6.184258572065e-01 7.556032e-01
0.900000 47.625000 4.169125097854e-01 -5.876521548232e-01 7.205214e-01
0.900000 47.650000 4.032771208986e-01 -5.557768636885e-01 6.866734e-01
0.900000 47.675000 3.932792263889e-01 -5.233798924370e-01 6.546717e-01
0.900000 47.700000 3.868570981037e-01 -4.910255651204e-01 6.251116e-01
0.900000 47.725000 3.838570224842e-01 -4.592456661871e-01 5.985422e-01
0.900000 47.750000 3.840421848756e-01 -4.285239778976e-01 5.754313e-01
0.900000 47.775000 3.871043108244e-01 -3.992829357759e-01 5.561264e-01
0.900000 47.800000 3.926775603957e-01 -3.718729309095e-01 5.408190e-01
0.900000 47.825000 4.003540645907e-01 -3.465646612759e-01 5.295191e-01
0.900000 47.850000 4.097004199377e-01 -3.235447861002e-01 5.220495e-01
0.900000 47.875000 4.202744221292e-01 -3.029149770525e-01 5.180618e-01
0.900000 47.900000 4.316413233452e-01 -2.846942977906e-01 5.170736e-01
0.900000 47.925000 4.433889392123e-01 -2.688246885576e-01 5.185176e-01
0.900000 47.950000 4.551410064704e-01 -2.551791938746e-01 5.217947e-01
0.900000 47.975000 4.665682957432e-01 -2.435724559819e-01 5.263207e-01
0.900000 48.000000 4.773971084065e-01 -2.337729099138e-01 5.315616e-01
0.900000 48.025000 4.874149246473e-01 -2.255160612931e-01 5.370575e-01
0.900000 48.050000 4.964731134170e-01 -2.185182064250e-01 5.424350e-01
0.900000 48.075000 5.044867562971e-01 -2.124899654976e-01 5.474111e-01
0.900000 48.100000 5.114317691317e-01 -2.071490413670e-01 5.517909e-01
0.900000 48.125000 5.173396214305e-01 -2.022316848034e-01 5.554619e-01
0.900000 48.150000 5.222900489130e-01 -1.975024373427e-01 5.583853e-01
0.900000 48.175000 5.264022254509e-01 -1.927618293306e-01 5.605858e-01
0.900000 48.200000 5.298249047471e-01 -1.878518271782e-01 5.621412e-01
0.900000 48.225000 5.327260585128e-01 -1.826589438813e-01 5.631708e-01
0.900000 48.250000 5.352825272351e-01 -1.771150442007e-01 5.638237e-01
0.900000 48.275000 5.376701637937e-01 -1.711959846876e-01 5.642670e-01
0.900000 48.300000 5.400548923341e-01 -1.649183237475e-01 5.646745e-01
0.900000 48.325000 5.425850291414e-01 -1.583344138889e-01 5.652153e-01
0.900000 48.350000 5.453851237966e-01 -1.515262440598e-01 5.660434e-01
0.900000 48.375000 5.485514831914e-01 -1.445984326971e-01 5.672896e-01
0.900000 48.400000 5.521494437518e-01 -1.376707813758e-01 5.690538e-01
0.900000 48.425000 5.562123640862e-01 -1.308707857274e-01 5.714012e-01
0.900000 48.450000 5.607422262680e-01 -1.243264669135e-01 5.743596e-01
0.900000 48.475000 5.657116633269e-01 -1.181598368543e-01 5.779199e-01
0.900000 48.500000 5.710671763462e-01 -1.124812479408e-01 5.820393e-01
0.900000 48.525000 5.767332686358e-01 -1.073848079715e-01 5.866453e-01
0.900000 48.550000 5.826172072031e-01 -1.029449685206e-01 5.916422e-01
0.900000 48.575000 5.886141222391e-01 -9.921432459878e-02 5.969171e-01
0.900000 48.600000 5.946121715026e-01 -9.622259941010e-02 6.023474e-01
0.900000 48.625000 6.004975253277e-01 -9.397673342274e-02 6.078066e-01
0.900000 48.650000 6.061589659402e-01 -9.246195395537e-02 6.131704e-01
0.900000 48.675000 6.114919381066e-01 -9.164367094545e-02 6.183211e-01
0.900000 48.700000 6.164019332929e-01 -9.147002632887e-02 6.231518e-01
0.900000 48.725000 6.208071333936e-01 -9.187491739207e-02 6.275687e-01
0.900000 48.750000 6.246402803564e-01 -9.278131674912e-02 6.314934e-01
0.900000 48.775000 6.278497731620e-01 -9.410472107135e-02 6.348630e-01
0.900000 48.800000 6.304000229572e-01 -9.575657512144e-02 6.376312e-01
0.900000 48.825000 6.322711207531e-01 -9.764753501677e-02 6.397670e-01
0.900000 48.850000 6.334578906163e-01 -9.969045340887e-02 6.412543e-01
0.900000 48.875000 6.339684156230e-01 -1.018029884172e-01 6.420902e-01
0.900000 48.900000 6.338221349693e-01 -1.039097572714e-01 6.422832e-01
0.900000 48.925000 6.330476193166e-01 -1.059439747534e-01 6.418516e-01
0.900000 48.950000 6.316801381110e-01 -1.078485360644e-01 6.408206e-01
0.900000 48.975000 6.297591372134e-01 -1.095765241468e-01 6.392211e-01
0.900000 49.000000 6.273257472687e-01 -1.110911431303e-01 6.370862e-01
0.900000 49.025000 6.244204420455e-01 -1.123651024653e-01 6.344500e-01
0.900000 49.050000 6.210809605813e-01 -1.133795000686e-01 6.313450e-01
0.900000 49.075000 6.173405965268e-01 -1.141222765121e-01 6.278004e-01
0.900000 49.100000 6.132269420654e-01 -1.145863345947e-01 6.238408e-01
0.900000 49.125000 6.087611521193e-01 -1.147674378981e-01 6.194850e-01
0.900000 49.150000 6.039577678028e-01 -1.146620163559e-01 6.147458e-01
0.900000 49.175000 5.988251074166e-01 -1.142650148603e-01 6.096294e-01
0.900000 49.200000 5.933662004631e-01 -1.135679212071e-01 6.041367e-01
0.900000 49.225000 5.875802073735e-01 -1.125571015809e-01 5.982638e-01
0.900000 49.250000 5.814642372495e-01 -1.112125553237e-01 5.920041e-01
0.900000 49.275000 5.750154502847e-01 -1.095071767013e-01 5.853500e-01
0.900000 49.300000 5.682333126366e-01 -1.074065812717e-01 5.782951e-01
0.900000 49.325000 5.611218608818e-01 -1.048695203200e-01 5.708374e-01
0.900000 49.350000 5.536918316006e-01 -1.018488710665e-01 5.629812e-01
0.900000 49.375000 5.459625191415e-01 -9.829315549864e-02 5.547401e-01
0.900000 49.400000 5.379632405346e-01 -9.414850910753e-02 5.461395e-01
0.900000 49.425000 5.297343095138e-01 -8.936099454003e-02 5.372186e-01
0.900000 49.450000 5.213274498910e-01 -8.387913570293e-02 5.280322e-01
0.900000 49.475000 5.128056100487e-01 -7.765653604916e-02 5.186522e-01
0.900000 49.500000 5.042421729957e-01 -7.065444088645e-02 5.091682e-01
0.900000 49.525000 4.957195883213e-01 -6.284410726143e-02 4.996872e-01
0.900000 49.550000 4.873274818384e-01 -5.420885553195e-02 4.903332e-01
0.900000 49.575000 4.791603244536e-01 -4.474569309638e-02 4.812450e-01
0.900000 49.600000 4.713147629533e-01 -3.446642171455e-02 4.725733e-01
0.900000 49.625000 4.638867314033e-01 -2.339816423467e-02 4.644765e-01
0.900000 49.650000 4.569684724698e-01 -1.158327321109e-02 4.571153e-01
0.900000 49.675000 4.506456030540e-01 9.213881402818e-04 4.506465e-01
0.900000 49.700000 4.449943582122e-01 1.404577385603e-02 4.452160e-01
0.900000 49.725000 4.400791413933e-01 2.770854533766e-02 4.409506e-01
0.900000 49.750000 4.359504976330e-01 4.181945045557e-02 4.379517e-01
0.900000 49.775000 4.326436095923e-01 5.628209419905e-02 4.362891e-01
0.900000 49.800000 4.301773944382e-01 7.099698255921e-02 4.359967e-01
0.900000 49.825000 4.285542530310e-01 8.586470500942e-02 4.370715e-01
0.900000 49.850000 4.277604924785e-01 1.007891103852e-01 4.394741e-01
0.900000 49.875000 4.277674100420e-01 1.156803272924e-01 4.431330e-01
0.900000 49.900000 4.285329922390e-01 1.304574842830e-01 4.479505e-01
0.900000 49.925000 4.300041497359e-01 1.450509974152e-01 4.538098e-01
0.900000 49.950000 4.321193784661e-01 1.594043133899e-01 4.605832e-01
0.900000 49.975000 4.348117125797e-01 1.734750244887e-01 4.681397e-01
0.900000 50.000000 4.380118174093e-01 1.872353055844e-01 4.763522e-01
0.900000 50.025000 4.416510622432e-01 2.006716614906e-01 4.851029e-01
0.900000 50.050000 4.456644143311e-01 2.137840122553e-01 4.942877e-01
0.900000 50.075000 4.499930073953e-01 2.265841818547e-01 5.038195e-01
0.900000 50.100000 4.545862592478e-01 2.390938892453e-01 5.136288e-01
0.900000 50.125000 4.594034423899e-01 2.513423673521e-01 5.236645e-01
0.900000 50.150000 4.644146463587e-01 2.633637533546e-01 5.338927e-01
0.900000 50.175000 4.696011083254e-01 2.751944014349e-01 5.442951e-01
0.900000 50.200000 4.749549260386e-01 2.868702667536e-01 5.548664e-01
0.900000 50.225000 4.804782017723e-01 2.984244975525e-01 5.656116e-01
0.900000 50.250000 4.861816950769e-01 3.098853525032e-01 5.765428e-01
0.900000 50.275000 4.920830840800e-01 3.212745349218e-01 5.876760e-01
0.900000 50.300000 4.982049489588e-01 3.326060067783e-01 5.990283e-01
0.900000 50.325000 5.045725970034e-01 3.438853160870e-01 6.106149e-01
0.900000 50.350000 5.112118471889e-01 3.551094435313e-01 6.224470e-01
0.900000 50.375000 5.181468847989e-01 3.662671497547e-01 6.345296e-01
0.900000 50.400000 5.253982851428e-01 3.773397846525e-01 6.468606e-01
0.900000 50.425000 5.329812915986e-01 3.883025044790e-01 6.594300e-01
0.900000 50.450000 5.409044186451e-01 3.991258312363e-01 6.722195e-01
0.900000 50.475000 5.491684363303e-01 4.097774807461e-01 6.852033e-01
0.900000 50.500000 5.577657792279e-01 4.202243798966e-01 6.983489e-01
0.900000 50.525000 5.666804102430e-01 4.304347887632e-01 7.116184e-01
0.900000 50.550000 5.758881569826e-01 4.403804388940e-01 7.249704e-01
0.900000 50.575000 5.853575248688e-01 4.500385948446e-01 7.383618e-01
0.900000 50.600000 5.950509757576e-01 4.593939424783e-01 7.517503e-01
0.900000 50.625000 6.049266428530e-01 4.684402056571e-01 7.650964e-01
0.900000 50.650000 6.149404320118e-01 4.771813941939e-01 7.783661e-01
0.900000 50.675000 6.250484367108e-01 4.856325919667e-01 7.915330e-01
0.900000 50.700000 6.352095703661e-01 4.938202063751e-01 8.045804e-01
0.900000 50.725000 6.453882974460e-01 5.017816198165e-01 8.175028e-01
0.900000 50.750000 6.555573264882e-01 5.095642107199e-01 8.303078e-01
0.900000 50.775000 6.657001164614e-01 5.172237450353e-01 8.430166e-01
0.900000 50.800000 6.758130453827e-01 5.248221770065e-01 8.556644e-01
0.900000 50.825000 6.859070985235e-01 5.324249376449e-01 8.683000e-01
0.900000 50.850000 6.960089536813e-01 5.400978269824e-01 8.809847e-01
0.900000 50.875000 7.061613723147e-01 5.479036580340e-01 8.937910e-01
0.900000 50.900000 7.164228459287e-01 5.558988227578e-01 9.067994e-01
0.900000 50.925000 7.268664937481e-01 5.641299602197e-01 9.200965e-01
0.900000 50.950000 7.375782562247e-01 5.726309028531e-01 9.337708e-01
0.900000 50.975000 7.486544745809e-01 5.814200579013e-01 9.479097e-01
0.900000 51.000000 7.601989846709e-01 5.904983492201e-01 9.625959e-01
0.900000 51.025000 7.723198798967e-01 5.998478026056e-01 9.779036e-01
0.900000 51.050000 7.851261098641e-01 6.094308100196e-01 9.938958e-01
0.900000 51.075000 7.987240776514e-01 6.191900596635e-01 1.010622e+00
0.900000 51.100000 8.132143796211e-01 6.290490751950e-01 1.028115e+00
0.900000 51.125000 8.286888001136e-01 6.389132734306e-01 1.046392e+00
0.900000 51.150000 8.452276332623e-01 6.486714294357e-01 1.065450e+00
0.900000 51.175000 8.628973608562e-01 6.581974331666e-01 1.085272e+00
0.900000 51.200000 8.817486744781e-01 6.673522329426e-01 1.105821e+00
0.900000 51.225000 9.018147976681e-01 6.759858860717e-01 1.127043e+00
0.900000 51.250000 9.231100442467e-01 6.839396720495e-01 1.148871e+00
0.900000 51.275000 9.456285452078e-01 6.910482635182e-01 1.171222e+00
0.900000 51.300000 9.693430896911e-01 6.971419883836e-01 1.193999e+00
0.900000 51.325000 9.942040540978e-01 7.020492468076e-01 1.217093e+00
0.900000 51.350000 1.020138433799e+00 7.055991636754e-01 1.240384e+00
0.900000 51.375000 1.047049038610e+00 7.076245565150e-01 1.263742e+00
0.900000 51.400000 1.074813959487e+00 7.079652788245e-01 1.287028e+00
0.900000 51.425000 1.103286452519e+00 7.064719598966e-01 1.310093e+00
0.900000 51.450000 1.132295410390e+00 7.030101076723e-01 1.332785e+00
0.900000 51.475000 1.161646595583e+00 6.974644763775e-01 1.354946e+00
0.900000 51.500000 1.191124790250e+00 6.897435329384e-01 1.376417e+00
0.900000 51.525000 1.220496973964e+00 6.797837937128e-01 1.397039e+00
0.900000 51.550000 1.249516574570e+00 6.675537542725e-01 1.416658e+00
0.900000 51.575000 1.277928753875e+00 6.530571073079e-01 1.435126e+00
0.900000 51.600000 1.305476596022e+00 6.363349428943e-01 1.452306e+00
0.900000 51.625000 1.331907971182e+00 6.174666545361e-01 1.468075e+00
0.900000 51.650000 1.356982760253e+00 5.965693337749e-01 1.482328e+00
0.900000 51.675000 1.380480057186e+00 5.737955227235e-01 1.494980e+00
0.900000 51.700000 1.402204922766e+00 5.493293016990e-01 1.505969e+00
0.900000 51.725000 1.421994253345e+00 5.233808097129e-01 1.515254e+00
0.900000 51.750000 1.439721353605e+00 4.961794187341e-01 1.522824e+00
0.900000 51.775000 1.455298864091e+00 4.679658973834e-01 1.528688e+00
0.900000 51.800000 1.468679788782e+00 4.389839953594e-01 1.532882e+00
0.900000 51.825000 1.479856488883e+00 4.094719470074e-01 1.535462e+00
0.900000 51.850000 1.488857647498e+00 3.796544238706e-01 1.536501e+00
0.900000 51.875000 1.495743354717e+00 3.497354575253e-01 1.536087e+00
0.900000 51.900000 1.500598602414e+00 3.198928046572e-01 1.534317e+00
0.900000 51.925000 1.503525600879e+00 2.902741387676e-01 1.531290e+00
0.900000 51.950000 1.504635424906e+00 2.609953330466e-01 1.527104e+00
0.900000 51.975000 1.504039556772e+00 2.321409555537e-01 1.521849e+00
0.900000 52.000000 1.501841912037e+00 2.037669417197e-01 1.515602e+00
0.900000 52.025000 1.498131909160e+00 1.759052523431e-01 1.508424e+00
0.900000 52.050000 1.492979076615e+00 1.485701798707e-01 1.500353e+00
0.900000 52.075000 1.486429586318e+00 1.217658432078e-01 1.491409e+00
0.900000 52.100000 1.478504967220e+00 9.549432119847e-02 1.481586e+00
0.900000 52.125000 1.469203097994e+00 6.976382437451e-02 1.470859e+00
0.900000 52.150000 1.458501414366e+00 4.459629763656e-02 1.459183e+00
0.900000 52.175000 1.446362107107e+00 2.003388387793e-02 1.446501e+00
0.900000 52.200000 1.432738942858e+00 -3.856242520694e-03 1.432744e+00
0.900000 52.225000 1.417585222570e+00 -2.697904878857e-02 1.417842e+00
0.900000 52.250000 1.400862309994e+00 -4.921105818548e-02 1.401726e+00
0.900000 52.275000 1.382548121301e+00 -7.040208217733e-02 1.384339e+00
0.900000 52.300000 1.362644969368e+00 -9.037918368870e-02 1.365639e+00
0.900000 52.325000 1.341186201991e+00 -1.089526288298e-01 1.345604e+00
0.900000 52.350000 1.318241158529e+00 -1.259234471199e-01 1.324242e+00
0.900000 52.375000 1.293918087542e+00 -1.410921112360e-01 1.301588e+00
0.900000 52.400000 1.268364809819e+00 -1.542677742782e-01 1.277712e+00
0.900000 52.425000 1.241767065935e+00 -1.652774702267e-01 1.252718e+00
0.900000 52.450000 1.214344643747e+00 -1.739746932680e-01 1.226744e+00
0.900000 52.475000 1.186345527438e+00 -1.802468223652e-01 1.199960e+00
0.900000 52.500000 1.158038435460e+00 -1.840209441460e-01 1.172568e+00
0.900000 52.525000 1.129704211354e+00 -1.852677425411e-01 1.144795e+00
0.900000 52.550000 1.101626592688e+00 -1.840032582924e-01 1.116888e+00
0.900000 52.575000 1.074082906070e+00 -1.802884648812e-01 1.089109e+00
0.900000 52.600000 1.047335220010e+00 -1.742267487131e-01 1.061728e+00
0.900000 52.625000 1.021622435323e+00 -1.659595101655e-01 1.035014e+00
0.900000 52.650000 9.971537102519e-01 -1.556602094182e-01 1.009230e+00
0.900000 52.675000 9.741035122544e-01 -1.435272599699e-01 9.846206e-01
0.900000 52.700000 9.526084697008e-01 -1.297762191078e-01 9.614077e-01
0.900000 52.725000 9.327660741717e-01 -1.146317369320e-01 9.397835e-01
0.900000 52.750000 9.146351672838e-01 -9.831970523036e-02 9.199045e-01
0.900000 52.775000 8.982380432987e-01 -8.105999855765e-02 9.018882e-01
0.900000 52.800000 8.835639169648e-01 -6.306012836502e-02 8.858114e-01
0.900000 52.825000 8.705734494511e-01 -4.451004445933e-02 8.717105e-01
0.900000 52.850000 8.592039958595e-01 -2.557822460639e-02 8.595846e-01
0.900000 52.875000 8.493752350552e-01 -6.409100758066e-03 8.493994e-01
0.900000 52.900000 8.409948636246e-01 1.287821365494e-02 8.410935e-01
0.900000 52.925000 8.339640760527e-01 3.219000097002e-02 8.345851e-01
0.900000 52.950000 8.281826068637e-01 5.145697892786e-02 8.297796e-01
0.900000 52.975000 8.235531711451e-01 7.063249325017e-02 8.265765e-01
0.900000 53.000000 8.199852013734e-01 8.969006719218e-02 8.248758e-01
0.900000 53.025000 8.173978353765e-01 1.086205084541e-01 8.245833e-01
0.900000 53.050000 8.157221583805e-01 1.274287565387e-01 8.256154e-01
0.900000 53.075000 8.149027388124e-01 1.461306270086e-01 8.279013e-01
0.900000 53.100000 8.148985218260e-01 1.647495777065e-01 8.313856e-01
0.900000 53.125000 8.156831569500e-01 1.833135901277e-01 8.360280e-01
0.900000 53.150000 8.172448386212e-01 2.018522303213e-01 8.418037e-01
0.900000 53.175000 8.195857333280e-01 2.203939303823e-01 8.487015e-01
0.900000 53.200000 8.227210577242e-01 2.389635150232e-01 8.567225e-01
0.900000 53.225000 8.266778613841e-01 2.575799878787e-01 8.658774e-01
0.900000 53.250000 8.314935583983e-01 2.762545880992e-01 8.761838e-01
0.900000 53.275000 8.372142455165e-01 2.949891276655e-01 8.876634e-01
0.900000 53.300000 8.438928418695e-01 3.137746215956e-01 9.003386e-01
0.900000 53.325000 8.515870863467e-01 3.325902247286e-01 9.142302e-01
0.900000 53.350000 8.603574325353e-01 3.514024883252e-01 9.293539e-01
0.900000 53.375000 8.702648862739e-01 3.701649462329e-01 9.457183e-01
0.900000 53.400000 8.813688355726e-01 3.888180334975e-01 9.633226e-01
0.900000 53.425000 8.937249252234e-01 4.072893305293e-01 9.821552e-01
0.900000 53.450000 9.073830275692e-01 4.254941143813e-01 1.002192e+00
0.900000 53.475000 9.223853558868e-01 4.433361869772e-01 1.023397e+00
0.900000 53.500000 9.387647577012e-01 4.607089399967e-01 1.045721e+00
0.900000 53.525000 9.565432128129e-01 4.774966092700e-01 1.069101e+00
0.900000 53.550000 9.757305462738e-01 4.935756691825e-01 1.093466e+00
0.900000 53.575000 9.963233517828e-01 5.088163204244e-01 1.118729e+00
0.900000 53.600000 1.018304107954e+00 5.230840323424e-01 1.144797e+00
0.900000 53.625000 1.041640460490e+00 5.362411133463e-01 1.171567e+00
0.900000 53.650000 1.066284638892e+00 5.481482978257e-01 1.198928e+00
0.900000 53.675000 1.092172977870e+00 5.586663539022e-01 1.226764e+00
0.900000 53.700000 1.119225521062e+00 5.676577309351e-01 1.254951e+00
0.900000 53.725000 1.147345697549e+00 5.749882769197e-01 1.283360e+00
0.900000 53.750000 1.176420078455e+00 5.805290620073e-01 1.311861e+00
0.900000 53.775000 1.206318239807e+00 5.841583441115e-01 1.340315e+00
0.900000 53.800000 1.236892776668e+00 5.857637054265e-01 1.368584e+00
0.900000 53.825000 1.267979529868e+00 5.852443749015e-01 1.396525e+00
0.900000 53.850000 1.299398098618e+00 5.825137322544e-01 1.423994e+00
0.900000 53.875000 1.330952717935e+00 5.775019655421e-01 1.450842e+00
0.900000 53.900000 1.362433578304e+00 5.701588286520e-01 1.476925e+00
0.900000 53.925000 1.393618655692e+00 5.604564195759e-01 1.502093e+00
0.900000 53.950000 1.424276103384e+00 5.483918772151e-01 1.526203e+00
0.900000 53.975000 1.454167233801e+00 5.339898757788e-01 1.549112e+00
0.900000 54.000000 1.483050090147e+00 5.173047832258e-01 1.570682e+00
0.900000 54.025000 1.510683575930e+00 4.984223448375e-01 1.590783e+00
0.900000 54.050000 1.536832077295e+00 4.774607555186e-01 1.609292e+00
0.900000 54.075000 1.561270480514e+00 4.545709948824e-01 1.626100e+00
0.900000 54.100000 1.583789456872e+00 4.299363171935e-01 1.641108e+00
0.900000 54.125000 1.604200861172e+00 4.037708129978e-01 1.654234e+00
0.900000 54.150000 1.622343069474e+00 3.763169896667e-01 1.665416e+00
0.900000 54.175000 1.638086067591e+00 3.478423527984e-01 1.674610e+00
0.900000 54.200000 1.651336094906e+00 3.186350080441e-01 1.681796e+00
0.900000 54.225000 1.662039648713e+00 2.889983419888e-01 1.686978e+00
0.900000 54.250000 1.670186662677e+00 2.592448797527e-01 1.690187e+00
0.900000 54.275000 1.675812689014e+00 2.296894545698e-01 1.691480e+00
0.900000 54.300000 1.678999937360e+00 2.006418593505e-01 1.690946e+00
0.900000 54.325000 1.679877053527e+00 1.723991808133e-01 1.688700e+00
0.900000 54.350000 1.678617557674e+00 1.452380419137e-01 1.684889e+00
0.900000 54.375000 1.675436903006e+00 1.194069968071e-01 1.679687e+00
0.900000 54.400000 1.670588161722e+00 9.511933340658e-02 1.673294e+00
0.900000 54.425000 1.664356393247e+00 7.254654082698e-02 1.665937e+00
0.900000 54.450000 1.657051799143e+00 5.181269198673e-02 1.657862e+00
0.900000 54.475000 1.649001817810e+00 3.298997498306e-02 1.649332e+00
0.900000 54.500000 1.640542358102e+00 1.609558055120e-02 1.640621e+00
0.900000 54.525000 1.632008412503e+00 1.090117322645e-03 1.632009e+00
0.900000 54.550000 1.623724325440e+00 -1.212231748394e-02 1.623770e+00
0.900000 54.575000 1.615994018999e+00 -2.369233566797e-02 1.616168e+00
0.900000 54.600000 1.609091495066e+00 -3.382170470022e-02 1.609447e+00
0.900000 54.625000 1.603251938659e+00 -4.275808491040e-02 1.603822e+00
0.900000 54.650000 1.598663740942e+00 -5.078816090859e-02 1.599470e+00
0.900000 54.675000 1.595461741925e+00 -5.822933222215e-02 1.596524e+00
0.900000 54.700000 1.593721962212e+00 -6.542018599072e-02 1.595064e+00
0.900000 54.725000 1.593458050971e+00 -7.271002653033e-02 1.595116e+00
0.900000 54.750000 1.594619624848e+00 -8.044778031265e-02 1.596648e+00
0.900000 54.775000 1.597092611349e+00 -8.897062829693e-02 1.599569e+00
0.900000 54.800000 1.600701642467e+00 -9.859273881555e-02 1.603735e+00
0.900000 54.825000 1.605214472366e+00 -1.095944819847e-01 1.608951e+00
0.900000 54.850000 1.610348319648e+00 -1.222125000231e-01 1.614979e+00
0.900000 54.875000 1.615777962998e+00 -1.366309866220e-01 1.621544e+00
0.900000 54.900000 1.621145351866e+00 -1.529744929510e-01 1.628347e+00
0.900000 54.925000 1.626070434398e+00 -1.713025290051e-01 1.635069e+00
0.900000 54.950000 1.630162855737e+00 -1.916061684623e-01 1.641385e+00
0.900000 54.975000 1.633034143660e+00 -2.138067953315e-01 1.646971e+00
0.900000 55.000000 1.634309977095e+00 -2.377570542926e-01 1.651514e+00
0.900000 55.025000 1.633642127704e+00 -2.632439870815e-01 1.654716e+00
0.900000 55.050000 1.630719675851e+00 -2.899942581236e-01 1.656304e+00
0.900000 55.075000 1.625279129463e+00 -3.176812975597e-01 1.656036e+00
0.900000 55.100000 1.617113116280e+00 -3.459341223048e-01 1.653700e+00
0.900000 55.125000 1.606077374599e+00 -3.743475389700e-01 1.649127e+00
0.900000 55.150000 1.592095832013e+00 -4.024933888091e-01 1.642185e+00
0.900000 55.175000 1.575163632433e+00 -4.299324660212e-01 1.632784e+00
0.900000 55.200000 1.555348045235e+00 -4.562267274640e-01 1.620880e+00
0.900000 55.225000 1.532787262975e+00 -4.809514138736e-01 1.606472e+00
0.900000 55.250000 1.507687162434e+00 -5.037067188696e-01 1.589604e+00
0.900000 55.275000 1.480316164972e+00 -5.241286703695e-01 1.570365e+00
0.900000 55.300000 1.450998384120e+00 -5.418989269754e-01 1.548887e+00
0.900000 55.325000 1.420105289953e+00 -5.567532365663e-01 1.525344e+00
0.900000 55.350000 1.388046150592e+00 -5.684883528205e-01 1.499950e+00
0.900000 55.375000 1.355257531888e+00 -5.769672550882e-01 1.472961e+00
0.900000 55.400000 1.322192147922e+00 -5.821225658329e-01 1.444666e+00
0.900000 55.425000 1.289307359222e+00 -5.839581063237e-01 1.415387e+00
0.900000 55.450000 1.257053614054e+00 -5.825485747292e-01 1.385477e+00
0.900000 55.475000 1.225863122534e+00 -5.780373712611e-01 1.355311e+00
0.900000 55.500000 1.196139044599e+00 -5.706326331499e-01 1.325281e+00
0.900000 55.525000 1.168245461758e+00 -5.606015789263e-01 1.295790e+00
0.900000 55.550000 1.142498388746e+00 -5.482632977013e-01 1.267239e+00
0.900000 55.575000 1.119158064033e+00 -5.339801555996e-01 1.240020e+00
0.900000 55.600000 1.098422736292e+00 -5.181480283883e-01 1.214500e+00
0.900000 55.625000 1.080424135913e+00 -5.011856061330e-01 1.191009e+00
0.900000 55.650000 1.065224785075e+00 -4.835230510666e-01 1.169828e+00
0.900000 55.675000 1.052817255715e+00 -4.655903216781e-01 1.151173e+00
0.900000 55.700000 1.043125431775e+00 -4.478055016474e-01 1.135183e+00
0.900000 55.725000 1.036007771023e+00 -4.305634886665e-01 1.121917e+00
0.900000 55.750000 1.031262494360e+00 -4.142254024900e-01 1.111344e+00
0.900000 55.775000 1.028634559728e+00 -3.991090612969e-01 1.103348e+00
0.900000 55.800000 1.027824207299e+00 -3.854808490211e-01 1.097733e+00
0.900000 55.825000 1.028496796922e+00 -3.735492533094e-01 1.094232e+00
0.900000 55.850000 1.030293602439e+00 -3.634602951347e-01 1.092524e+00
0.900000 55.875000 1.032843184739e+00 -3.552949992046e-01 1.092245e+00
0.900000 55.900000 1.035772939843e+00 -3.490689728343e-01 1.093012e+00
0.900000 55.925000 1.038720412349e+00 -3.447340746062e-01 1.094432e+00
0.900000 55.950000 1.041343979144e+00 -3.421820682390e-01 1.096123e+00
0.900000 55.975000 1.043332542715e+00 -3.412500771232e-01 1.097722e+00
0.900000 56.000000 1.044413925449e+00 -3.417275859972e-01 1.098899e+00
0.900000 56.025000 1.044361722338e+00 -3.433646824653e-01 1.099359e+00
0.900000 56.050000 1.043000444764e+00 -3.458811954100e-01 1.098856e+00
0.900000 56.075000 1.040208867267e+00 -3.489763712115e-01 1.097187e+00
0.900000 56.100000 1.035921566984e+00 -3.523387318175e-01 1.094201e+00
0.900000 56.125000 1.030128716948e+00 -3.556557793113e-01 1.089796e+00
0.900000 56.150000 1.022874255491e+00 -3.586232466177e-01 1.083920e+00
0.900000 56.175000 1.014252602009e+00 -3.609536393688e-01 1.076567e+00
0.900000 56.200000 1.004404122794e+00 -3.623838652707e-01 1.067778e+00
0.900000 56.225000 9.935095697449e-01 -3.626818001887e-01 1.057639e+00
0.900000 56.250000 9.817837208569e-01 -3.616516907006e-01 1.046275e+00
0.900000 56.275000 9.694684468980e-01 -3.591383380551e-01 1.033852e+00
0.900000 56.300000 9.568254165854e-01 -3.550300464208e-01 1.020569e+00
0.900000 56.325000 9.441286361120e-01 -3.492603483274e-01 1.006659e+00
0.900000 56.350000 9.316570009712e-01 -3.418085427223e-01 9.923799e-01
0.900000 56.375000 9.196870210228e-01 -3.326990974530e-01 9.780148e-01
0.900000 56.400000 9.084858651706e-01 -3.219999801816e-01 9.638623e-01
0.900000 56.425000 8.983048603636e-01 -3.098199919428e-01 9.502316e-01
0.900000 56.450000 8.893735705007e-01 -2.963051877952e-01 9.374338e-01
0.900000 56.475000 8.818945730176e-01 -2.816344808395e-01 9.257732e-01
0.900000 56.500000 8.760390427256e-01 -2.660145401212e-01 9.155371e-01
0.900000 56.525000 8.719432419864e-01 -2.496741095767e-01 9.069852e-01
0.900000 56.550000 8.697060017513e-01 -2.328578933523e-01 9.003396e-01
0.900000 56.575000 8.693872581006e-01 -2.158201709459e-01 8.957748e-01
0.900000 56.600000 8.710076830672e-01 -1.988183216191e-01 8.934109e-01
0.900000 56.625000 8.745494169543e-01 -1.821064491322e-01 8.933081e-01
0.900000 56.650000 8.799578731334e-01 -1.659293029204e-01 8.954655e-01
0.900000 56.675000 8.871445472694e-01 -1.505166886264e-01 8.998226e-01
0.900000 56.700000 8.959907234382e-01 -1.360785483576e-01 9.062653e-01
0.900000 56.725000 9.063519323872e-01 -1.228008688877e-01 9.146332e-01
0.900000 56.750000 9.180629849255e-01 -1.108425448693e-01 9.247301e-01
0.900000 56.775000 9.309433785570e-01 -1.003332853776e-01 9.363345e-01
0.900000 56.800000 9.448028598986e-01 -9.137260785006e-02 9.492109e-01
0.900000 56.825000 9.594469203776e-01 -8.402991626300e-02 9.631196e-01
0.900000 56.850000 9.746820086577e-01 -7.834561296078e-02 9.778257e-01
0.900000 56.875000 9.903202598387e-01 -7.433314866292e-02 9.931061e-01
0.900000 56.900000 1.006183567730e+00 -7.198187530088e-02 1.008755e+00
0.900000 56.925000 1.022106860776e+00 -7.126053354735e-02 1.024588e+00
0.900000 56.950000 1.037940482564e+00 -7.212118272297e-02 1.040443e+00
0.900000 56.975000 1.053551622018e+00 -7.450336615016e-02 1.056183e+00
0.900000 57.000000 1.068824784199e+00 -7.833830035075e-02 1.071692e+00
0.900000 57.025000 1.083661337818e+00 -8.355288163824e-02 1.086878e+00
0.900000 57.050000 1.097978218264e+00 -9.007331808445e-02 1.101667e+00
0.900000 57.075000 1.111705903330e+00 -9.782821766961e-02 1.116002e+00
0.900000 57.100000 1.124785811408e+00 -1.067509935419e-01 1.129840e+00
0.900000 57.125000 1.137167297577e+00 -1.167814833896e-01 1.143148e+00
0.900000 57.150000 1.148804440553e+00 -1.278667205327e-01 1.155899e+00
0.900000 57.175000 1.159652822374e+00 -1.399608378559e-01 1.168068e+00
0.900000 57.200000 1.169666502239e+00 -1.530241304253e-01 1.179634e+00
0.900000 57.225000 1.178795376020e+00 -1.670213466994e-01 1.190569e+00
0.900000 57.250000 1.186983093585e+00 -1.819193197019e-01 1.200843e+00
0.900000 57.275000 1.194165677881e+00 -1.976840863594e-01 1.210418e+00
0.900000 57.300000 1.200270953433e+00 -2.142776734184e-01 1.219248e+00
0.900000 57.325000 1.205218849183e+00 -2.316547500984e-01 1.227280e+00
0.900000 57.350000 1.208922593231e+00 -2.497593593341e-01 1.234453e+00
0.900000 57.375000 1.211290767446e+00 -2.685219399895e-01 1.240697e+00
0.900000 57.400000 1.212230140815e+00 -2.878568412475e-01 1.245939e+00
0.900000 57.425000 1.211649154730e+00 -3.076605076679e-01 1.250099e+00
0.900000 57.450000 1.209461893925e+00 -3.278104801088e-01 1.253099e+00
0.900000 57.475000 1.205592346222e+00 -3.481653155462e-01 1.254859e+00
0.900000 57.500000 1.199978734588e+00 -3.685654802324e-01 1.255305e+00
0.900000 57.525000 1.192577697777e+00 -3.888352185672e-01 1.254366e+00
0.900000 57.550000 1.183368101494e+00 -4.087853478157e-01 1.251985e+00
0.900000 57.575000 1.172354280269e+00 -4.282168797632e-01 1.248112e+00
0.900000 57.600000 1.159568539722e+00 -4.469253276854e-01 1.242715e+00
0.900000 57.625000 1.145072787538e+00 -4.647055232994e-01 1.235776e+00
0.900000 57.650000 1.128959206458e+00 -4.813567456134e-01 1.227295e+00
0.900000 57.675000 1.111349930783e+00 -4.966879528621e-01 1.217291e+00
0.900000 57.700000 1.092395735944e+00 -5.105229101812e-01 1.205804e+00
0.900000 57.725000 1.072273795459e+00 -5.227050185142e-01 1.192892e+00
0.900000 57.750000 1.051184598426e+00 -5.331016728791e-01 1.178638e+00
0.900000 57.775000 1.029348151406e+00 -5.416080082957e-01 1.163141e+00
0.900000 57.800000 1.006999609858e+00 -5.481499267384e-01 1.146524e+00
0.900000 57.825000 9.843844957610e-01 -5.526863356367e-01 1.128926e+00
0.900000 57.850000 9.617536598760e-01 -5.552105650010e-01 1.110508e+00
0.900000 57.875000 9.393581404435e-01 -5.557509638212e-01 1.091445e+00
0.900000 57.900000 9.174440563704e-01 -5.543707050842e-01 1.071928e+00
0.900000 57.925000 8.962476541619e-01 -5.511668512771e-01 1.052162e+00
0.900000 57.950000 8.759906059930e-01 -5.462687478979e-01 1.032361e+00
0.900000 57.975000 8.568756334443e-01 -5.398358211980e-01 1.012748e+00
0.900000 58.000000 8.390825094251e-01 -5.320548585413e-01 9.935501e-01
0.900000 58.025000 8.227644712371e-01 -5.231368462293e-01 9.749941e-01
0.900000 58.050000 8.080450618712e-01 -5.133134315266e-01 9.573022e-01
0.900000 58.075000 7.950154053736e-01 -5.028330642560e-01 9.406862e-01
0.900000 58.100000 7.837319160209e-01 -4.919568601530e-01 9.253417e-01
0.900000 58.125000 7.742144403666e-01 -4.809542146406e-01 9.114411e-01
0.900000 58.150000 7.664448358834e-01 -4.700981833284e-01 8.991273e-01
0.900000 58.175000 7.603659995728e-01 -4.596606358248e-01 8.885068e-01
0.900000 58.200000 7.558813738564e-01 -4.499071838571e-01 8.796437e-01
0.900000 58.225000 7.528549742551e-01 -4.410918845961e-01 8.725552e-01
0.900000 58.250000 7.511120023568e-01 -4.334517267350e-01 8.672080e-01
0.900000 58.275000 7.504401264857e-01 -4.272009212500e-01 8.635167e-01
0.900000 58.300000 7.505915290015e-01 -4.225250414465e-01 8.613449e-01
0.900000 58.325000 7.512858305880e-01 -4.195750878372e-01 8.605078e-01
0.900000 58.350000 7.522140053131e-01 -4.184615918085e-01 8.607764e-01
0.900000 58.375000 7.530433926990e-01 -4.192489161536e-01 8.618840e-01
0.900000 58.400000 7.534238918783e-01 -4.219499576015e-01 8.635330e-01
0.900000 58.425000 7.529953860703e-01 -4.265215026295e-01 8.654032e-01
0.900000 58.450000 7.513963920965e-01 -4.328605283543e-01 8.671590e-01
0.900000 58.475000 7.482738598293e-01 -4.408017697724e-01 8.684584e-01
0.900000 58.500000 7.432939624005e-01 -4.501168874147e-01 8.689598e-01
0.900000 58.525000 7.361536236329e-01 -4.605155602531e-01 8.683299e-01
0.900000 58.550000 7.265924302897e-01 -4.716487930035e-01 8.662500e-01
0.900000 58.575000 7.144044808421e-01 -4.831146619380e-01 8.624231e-01
0.900000 58.600000 6.994496382466e-01 -4.944666281924e-01 8.565787e-01
0.900000 58.625000 6.816635910042e-01 -5.052244242493e-01 8.484792e-01
0.900000 58.650000 6.610660936488e-01 -5.148873725636e-01 8.379245e-01
0.900000 58.675000 6.377667627408e-01 -5.229498329044e-01 8.247563e-01
0.900000 58.700000 6.119678533133e-01 -5.289183072652e-01 8.088629e-01
0.900000 58.725000 5.839635364602e-01 -5.323295705361e-01 7.901824e-01
0.900000 58.750000 5.541353406615e-01 -5.327690551150e-01 7.687060e-01
0.900000 58.775000 5.229436027505e-01 -5.298886118578e-01 7.444810e-01
0.900000 58.800000 4.909149902486e-01 -5.234227106712e-01 7.176133e-01
0.900000 58.825000 4.586263924654e-01 -5.132021415616e-01 6.882693e-01
0.900000 58.850000 4.266857175615e-01 -4.991643373838e-01 6.566778e-01
0.900000 58.875000 3.957103590402e-01 -4.813595645894e-01 6.231322e-01
0.900000 58.900000 3.663042896691e-01 -4.599524145044e-01 5.879924e-01
0.900000 58.925000 3.390348864428e-01 -4.352182662888e-01 5.516879e-01
0.900000 58.950000 3.144106723348e-01 -4.075346700062e-01 5.147218e-01
0.900000 58.975000 2.928611687716e-01 -3.773678962545e-01 4.776758e-01
0.900000 59.000000 2.747199818411e-01 -3.452551968512e-01 4.412167e-01
0.900000 59.025000 2.602120961048e-01 -3.117835971427e-01 4.061026e-01
0.900000 59.050000 2.494461297548e-01 -2.775662732502e-01 3.731841e-01
0.900000 59.075000 2.424120269920e-01 -2.432177381013e-01 3.433926e-01
0.900000 59.100000 2.389843462879e-01 -2.093291537519e-01 3.176983e-01
0.900000 59.125000 2.389309687854e-01 -1.764450952608e-01 2.970200e-01
0.900000 59.150000 2.419267236183e-01 -1.450430108113e-01 2.820745e-01
0.900000 59.175000 2.475711304826e-01 -1.155164584255e-01 2.731950e-01
0.900000 59.200000 2.554092163626e-01 -8.816296277988e-02 2.701973e-01
0.900000 59.225000 2.649541908940e-01 -6.317704344188e-02 2.723822e-01
0.900000 59.250000 2.757106758274e-01 -4.064863993837e-02 2.786910e-01
0.900000 59.275000 2.871971841706e-01 -2.056682365476e-02 2.879327e-01
0.900000 59.300000 2.989666324211e-01 -2.828366453743e-03 2.989800e-01
0.900000 59.325000 3.106238364629e-01 1.274954571222e-02 3.108854e-01
0.900000 59.350000 3.218391736448e-01 2.641338937361e-02 3.229212e-01
0.900000 59.375000 3.323578709340e-01 3.845525629657e-02 3.345752e-01
0.900000 59.400000 3.420046794964e-01 4.919383839942e-02 3.455246e-01
0.900000 59.425000 3.506839962493e-01 5.895558860959e-02 3.556052e-01
0.900000 59.450000 3.583757705961e-01 6.805711235150e-02 3.647807e-01
0.900000 59.475000 3.651277703864e-01 7.678968965199e-02 3.731152e-01
0.900000 59.500000 3.710449603641e-01 8.540662346313e-02 3.807475e-01
0.900000 59.525000 3.762768597607e-01 9.411387469296e-02 3.878681e-01
0.900000 59.550000 3.810037900950e-01 1.030641987129e-01 3.946975e-01
0.900000 59.575000 3.854229024292e-01 1.123547611910e-01 4.014653e-01
0.900000 59.600000 3.897347933037e-01 1.220279999892e-01 4.083920e-01
0.900000 59.625000 3.941313924574e-01 1.320753278263e-01 4.156723e-01
0.900000 59.650000 3.987856479709e-01 1.424431460887e-01 4.234620e-01
0.900000 59.675000 4.038433614293e-01 1.530405672113e-01 4.318690e-01
0.900000 59.700000 4.094173523066e-01 1.637482202868e-01 4.409490e-01
0.900000 59.725000 4.155839703238e-01 1.744275366489e-01 4.507050e-01
0.900000 59.750000 4.223818373266e-01 1.849299705993e-01 4.610917e-01
0.900000 59.775000 4.298125929882e-01 1.951056947728e-01 4.720223e-01
0.900000 59.800000 4.378433442788e-01 2.048114087926e-01 4.833782e-01
0.900000 59.825000 4.464104765672e-01 2.139170033969e-01 4.950180e-01
0.900000 59.850000 4.554244709234e-01 2.223109212526e-01 5.067875e-01
0.900000 59.875000 4.647753821538e-01 2.299041436490e-01 5.185288e-01
0.900000 59.900000 4.743386587432e-01 2.366328052234e-01 5.300870e-01
0.900000 59.925000 4.839810225786e-01 2.424594954360e-01 5.413171e-01
0.900000 59.950000 4.935661672540e-01 2.473733465059e-01 5.520880e-01
0.900000 59.975000 5.029600744290e-01 2.513890353703e-01 5.622858e-01
0.900000 60.000000 5.120357854101e-01 2.545448452340e-01 5.718162e-01
0.900000 60.025000 5.206774988084e-01 2.568999438465e-01 5.806054e-01
0.900000 60.050000 5.287838952437e-01 2.585310436748e-01 5.886006e-01
0.900000 60.075000 5.362706180687e-01 2.595286155077e-01 5.957695e-01
0.900000 60.100000 5.430718668539e-01 2.599928323916e-01 6.020991e-01
0.900000 60.125000 5.491410896247e-01 2.600294246137e-01 6.075946e-01
0.900000 60.150000 5.544507916207e-01 2.597456271914e-01 6.122773e-01
0.900000 60.175000 5.589915127107e-01 2.592463969737e-01 6.161820e-01
0.900000 60.200000 5.627700614116e-01 2.586310649374e-01 6.193546e-01
0.900000 60.225000 5.658071285790e-01 2.579905690349e-01 6.218495e-01
0.900000 60.250000 5.681344353197e-01 2.574053833975e-01 6.237261e-01
0.900000 60.275000 5.697915942770e-01 2.569442214294e-01 6.250462e-01
0.900000 60.300000 5.708228781116e-01 2.566635452411e-01 6.258713e-01
0.900000 60.325000 5.712740914156e-01 2.566078650151e-01 6.262601e-01
0.900000 60.350000 5.711897312729e-01 2.568107631481e-01 6.262663e-01
0.900000 60.375000 5.706105974261e-01 2.572965335877e-01 6.259377e-01
0.900000 60.400000 5.695719772338e-01 2.580822907033e-01 6.253149e-01
0.900000 60.425000 5.681024862994e-01 2.591803775871e-01 6.244317e-01
0.900000 60.450000 5.662235968435e-01 2.606008929751e-01 6.233153e-01
0.900000 60.475000 5.639498370707e-01 2.623541596729e-01 6.219880e-01
0.900000 60.500000 5.612896004037e-01 2.644529745351e-01 6.204687e-01
0.900000 60.525000 5.582464673804e-01 2.669145083621e-01 6.187750e-01
0.900000 60.550000 5.548209180284e-01 2.697617600624e-01 6.169260e-01
0.900000 60.575000 5.510123000413e-01 2.730245089768e-01 6.149447e-01
0.900000 60.600000 5.468209180113e-01 2.767397481103e-01 6.128605e-01
0.900000 60.625000 5.422501197906e-01 2.809516153598e-01 6.107119e-01
0.900000 60.650000 5.373082750988e-01 2.857108666894e-01 6.085482e-01
0.900000 60.675000 5.320105653616e-01 2.910739528821e-01 6.064316e-01
0.900000 60.700000 5.263805288066e-01 2.971017695980e-01 6.044385e-01
0.900000 60.725000 5.204513276999e-01 3.038581499430e-01 6.026602e-01
0.900000 60.750000 5.142667226124e-01 3.114081616422e-01 6.012032e-01
0.900000 60.775000 5.078817501729e-01 3.198162599537e-01 6.001886e-01
0.900000 60.800000 5.013631054618e-01 3.291443356977e-01 5.997507e-01
0.900000 60.825000 4.947892288221e-01 3.394496880091e-01 6.000354e-01
0.900000 60.850000 4.882500911294e-01 3.507829458756e-01 6.011962e-01
0.900000 60.875000 4.818466639073e-01 3.631859624774e-01 6.033906e-01
0.900000 60.900000 4.756900537212e-01 3.766897120221e-01 6.067752e-01
0.900000 60.925000 4.699002765149e-01 3.913122293434e-01 6.114994e-01
0.900000 60.950000 4.646046488855e-01 4.070566462952e-01 6.176994e-01
0.900000 60.975000 4.599357808135e-01 4.239093936173e-01 6.254919e-01
0.900000 61.000000 4.560291681926e-01 4.418386499776e-01 6.349677e-01
0.900000 61.025000 4.530204028270e-01 4.607931289319e-01 6.461871e-01
0.900000 61.050000 4.510420407468e-01 4.807012977398e-01 6.591757e-01
0.900000 61.075000 4.502201946061e-01 5.014711181926e-01 6.739225e-01
0.900000 61.100000 4.506709401880e-01 5.229903885676e-01 6.903791e-01
0.900000 61.125000 4.524966484367e-01 5.451277480701e-01 7.084613e-01
0.900000 61.150000 4.557823711259e-01 5.677343818730e-01 7.280521e-01
0.900000 61.175000 4.605924190082e-01 5.906464378081e-01 7.490051e-01
0.900000 61.200000 4.669672755450e-01 6.136881367368e-01 7.711495e-01
0.900000 61.225000 4.749209871253e-01 6.366755293916e-01 7.942957e-01
0.900000 61.250000 4.844391626387e-01 6.594208244688e-01 8.182403e-01
0.900000 61.275000 4.954777021985e-01 6.817371869676e-01 8.427715e-01
0.900000 61.300000 5.079623576001e-01 7.034438827546e-01 8.676745e-01
0.900000 61.325000 5.217892064653e-01 7.243716252673e-01 8.927364e-01
0.900000 61.350000 5.368260983928e-01 7.443679631467e-01 9.177505e-01
0.900000 61.375000 5.529151048689e-01 7.633025334112e-01 9.425210e-01
0.900000 61.400000 5.698759750247e-01 7.810719938252e-01 9.668672e-01
0.900000 61.425000 5.875105662742e-01 7.976044409990e-01 9.906268e-01
0.900000 61.450000 6.056081823147e-01 8.128631186224e-01 1.013661e+00
0.900000 61.475000 6.239517112267e-01 8.268492245685e-01 1.035855e+00
0.900000 61.500000 6.423244144292e-01 8.396036381538e-01 1.057126e+00
0.900000 61.525000 6.605171748059e-01 8.512074112541e-01 1.077421e+00
0.900000 61.550000 6.783359719895e-01 8.617809004862e-01 1.096725e+00
0.900000 61.575000 6.956093178877e-01 8.714814627084e-01 1.115057e+00
0.900000 61.600000 7.121953597137e-01 8.804996919979e-01 1.132476e+00
0.900000 61.625000 7.279883447641e-01 8.890542410663e-01 1.149080e+00
0.900000 61.650000 7.429241441426e-01 8.973853404699e-01 1.165005e+00
0.900000 61.675000 7.569845537775e-01 9.057472004851e-01 1.180425e+00
0.900000 61.700000 7.702001311983e-01 9.143995478333e-01 1.195548e+00
0.900000 61.725000 7.826513846728e-01 9.235986069297e-01 1.210610e+00
0.900000 61.750000 7.944682046825e-01 9.335878776219e-01 1.225874e+00
0.900000 61.775000 8.058275118201e-01 9.445890840507e-01 1.241614e+00
0.900000 61.800000 8.169491841408e-01 9.567936693588e-01 1.258118e+00
0.900000 61.825000 8.280904140632e-01 9.703551874785e-01 1.275666e+00
0.900000 61.850000 8.395387232164e-01 9.853828973333e-01 1.294529e+00
0.900000 61.875000 8.516039268565e-01 1.001936799792e+00 1.314955e+00
0.900000 61.900000 8.646093826299e-01 1.020024278852e+00 1.337161e+00
0.900000 61.925000 8.788828783956e-01 1.039598422380e+00 1.361323e+00
0.900000 61.950000 8.947475096613e-01 1.060558011556e+00 1.387572e+00
0.900000 61.975000 9.125128704152e-01 1.082749089126e+00 1.415989e+00
0.900000 62.000000 9.324668354530e-01 1.105967950968e+00 1.446603e+00
0.900000 62.025000 9.548681531783e-01 1.129965357839e+00 1.479390e+00
0.900000 62.050000 9.799400019113e-01 1.154451737328e+00 1.514279e+00
0.900000 62.075000 1.007864596943e+00 1.179103139884e+00 1.551153e+00
0.900000 62.100000 1.038778876419e+00 1.203567725541e+00 1.589854e+00
0.900000 62.125000 1.072771246929e+00 1.227472585308e+00 1.630192e+00
0.900000 62.150000 1.109879337812e+00 1.250430737745e+00 1.671948e+00
0.900000 62.175000 1.150088698052e+00 1.272048180661e+00 1.714879e+00
0.900000 62.200000 1.193332370105e+00 1.291930914210e+00 1.758729e+00
0.900000 62.225000 1.239491288164e+00 1.309691879401e+00 1.803228e+00
0.900000 62.250000 1.288395469463e+00 1.324957771808e+00 1.848101e+00
0.900000 62.275000 1.339825990784e+00 1.337375692043e+00 1.893068e+00
0.900000 62.300000 1.393517762508e+00 1.346619582953e+00 1.937853e+00
0.900000 62.325000 1.449163124293e+00 1.352396381005e+00 1.982183e+00
0.900000 62.350000 1.506416285818e+00 1.354451780002e+00 2.025791e+00
0.900000 62.375000 1.564898621053e+00 1.352575474692e+00 2.068422e+00
0.900000 62.400000 1.624204795093e+00 1.346605725436e+00 2.109831e+00
0.900000 62.425000 1.683909660904e+00 1.336433068614e+00 2.149792e+00
0.900000 62.450000 1.743575813230e+00 1.322002994957e+00 2.188092e+00
0.900000 62.475000 1.802761633592e+00 1.303317432495e+00 2.224542e+00
0.900000 62.500000 1.861029609871e+00 1.280434903012e+00 2.258970e+00
0.900000 62.525000 1.917954672120e+00 1.253469269610e+00 2.291230e+00
0.900000 62.550000 1.973132258504e+00 1.222587055074e+00 2.321200e+00
0.900000 62.575000 2.026185815405e+00 1.188003381369e+00 2.348783e+00
0.900000 62.600000 2.076773446139e+00 1.149976654150e+00 2.373907e+00
0.900000 62.625000 2.124593453652e+00 1.108802186216e+00 2.396527e+00
0.900000 62.650000 2.169388572472e+00 1.064805014564e+00 2.416621e+00
0.900000 62.675000 2.210948750635e+00 1.018332211698e+00 2.434193e+00
0.900000 62.700000 2.249112418642e+00 9.697450193917e-01 2.449268e+00
0.900000 62.725000 2.283766264067e+00 9.194111396248e-01 2.461891e+00
0.900000 62.750000 2.314843611285e+00 8.676975025059e-01 2.472125e+00
0.900000 62.775000 2.342321580147e+00 8.149637956091e-01 2.480048e+00
0.900000 62.800000 2.366217260174e+00 7.615569859637e-01 2.485750e+00
0.900000 62.825000 2.386583183738e+00 7.078069987231e-01 2.489331e+00
0.900000 62.850000 2.403502410046e+00 6.540236399738e-01 2.490898e+00
0.900000 62.875000 2.417083539736e+00 6.004947703219e-01 2.490560e+00
0.900000 62.900000 2.427455967574e+00 5.474856560202e-01 2.488430e+00
0.900000 62.925000 2.434765648968e+00 4.952393504137e-01 2.484622e+00
0.900000 62.950000 2.439171607045e+00 4.439778948464e-01 2.479249e+00
0.900000 62.975000 2.440843343898e+00 3.939040786541e-01 2.472423e+00
0.900000 63.000000 2.439959246047e+00 3.452034653842e-01 2.464258e+00
0.900000 63.025000 2.436705994508e+00 2.980463789610e-01 2.454866e+00
0.900000 63.050000 2.431278908716e+00 2.525895501721e-01 2.444365e+00
0.900000 63.075000 2.423883075743e+00 2.089771505854e-01 2.432875e+00
0.900000 63.100000 2.414735046420e+00 1.673409867668e-01 2.420526e+00
0.900000 63.125000 2.404064822732e+00 1.277996903161e-01 2.407459e+00
0.900000 63.150000 2.392117820152e+00 9.045681561481e-02 2.393828e+00
0.900000 63.175000 2.379156467686e+00 5.539784311522e-02 2.379801e+00
0.900000 63.200000 2.365461109700e+00 2.268617652740e-02 2.365570e+00
0.900000 63.225000 2.351329898068e+00 -7.641688253468e-03 2.351342e+00
0.900000 63.250000 2.337077410518e+00 -3.558156209785e-02 2.337348e+00
0.900000 63.275000 2.323031799350e+00 -6.116719937884e-02 2.323837e+00
0.900000 63.300000 2.309530360390e+00 -8.447579087311e-02 2.311075e+00
0.900000 63.325000 2.296913510309e+00 -1.056329022663e-01 2.299341e+00
0.900000 63.350000 2.285517265052e+00 -1.248164444024e-01 2.288923e+00
0.900000 63.375000 2.275664416308e+00 -1.422592850517e-01 2.280107e+00
0.900000 63.400000 2.267654699412e+00 -1.582501619229e-01 2.273170e+00
0.900000 63.425000 2.261754328145e+00 -1.731326302846e-01 2.268371e+00
0.900000 63.450000 2.258185333491e+00 -1.873018714151e-01 2.265940e+00
0.900000 63.475000 2.257115180150e+00 -2.011992941261e-01 2.266065e+00
0.900000 63.500000 2.258647143838e+00 -2.153049737548e-01 2.268886e+00
0.900000 63.525000 2.262811913616e+00 -2.301280837321e-01 2.274484e+00
0.900000 63.550000 2.269560838349e+00 -2.461955768049e-01 2.282875e+00
0.900000 63.575000 2.278761168589e+00 -2.640394597590e-01 2.294007e+00
0.900000 63.600000 2.290193559876e+00 -2.841830719785e-01 2.307758e+00
0.900000 63.625000 2.303552007157e+00 -3.071268212058e-01 2.323936e+00
0.900000 63.650000 2.318446279465e+00 -3.333338482196e-01 2.342286e+00
0.900000 63.675000 2.334406825786e+00 -3.632160867052e-01 2.362495e+00
0.900000 63.700000 2.350892033052e+00 -3.971211579932e-01 2.384198e+00
0.900000 63.725000 2.367297639883e+00 -4.353204966898e-01 2.406990e+00
0.900000 63.750000 2.382968047814e+00 -4.779990474265e-01 2.430436e+00
0.900000 63.775000 2.397209226588e+00 -5.252468101944e-01 2.454077e+00
0.900000 63.800000 2.409302880931e+00 -5.770524469224e-01 2.477444e+00
0.900000 63.825000 2.418521531244e+00 -6.332990990747e-01 2.500063e+00
0.900000 63.850000 2.424144156989e+00 -6.937625079780e-01 2.521464e+00
0.900000 63.875000 2.425472055931e+00 -7.581114778304e-01 2.541190e+00
0.900000 63.900000 2.421844581710e+00 -8.259106760451e-01 2.558800e+00
0.900000 63.925000 2.412654433852e+00 -8.966257258099e-01 2.573876e+00
0.900000 63.950000 2.397362186627e+00 -9.696305097791e-01 2.586026e+00
0.900000 63.975000 2.375509755475e+00 -1.044216569630e+00 2.594886e+00
0.900000 64.000000 2.346732512644e+00 -1.119604451906e+00 2.600128e+00
0.900000 64.025000 2.310769778359e+00 -1.194956814830e+00 2.601457e+00
0.900000 64.050000 2.267473432448e+00 -1.269393073057e+00 2.598614e+00
0.900000 64.075000 2.216814415724e+00 -1.342005318284e+00 2.591379e+00
0.900000 64.100000 2.158886922604e+00 -1.411875214624e+00 2.579571e+00
0.900000 64.125000 2.093910127405e+00 -1.478091531204e+00 2.563048e+00
0.900000 64.150000 2.022227336882e+00 -1.539767943225e+00 2.541710e+00
0.900000 64.175000 1.944302519836e+00 -1.596060709886e+00 2.515496e+00
0.900000 64.200000 1.860714229256e+00 -1.646185825574e+00 2.484388e+00
0.900000 64.225000 1.772147000468e+00 -1.689435241667e+00 2.448407e+00
0.900000 64.250000 1.679380376834e+00 -1.725191771021e+00 2.407614e+00
0.900000 64.275000 1.583275778988e+00 -1.752942315609e+00 2.362111e+00
0.900000 64.300000 1.484761491073e+00 -1.772289098382e+00 2.312039e+00
0.900000 64.325000 1.384816085133e+00 -1.782958631035e+00 2.257578e+00
0.900000 64.350000 1.284450640911e+00 -1.784808206778e+00 2.198944e+00
0.900000 64.375000 1.184690142084e+00 -1.777829768186e+00 2.136392e+00
0.900000 64.400000 1.086554441800e+00 -1.762151061401e+00 2.070212e+00
0.900000 64.425000 9.910391917123e-01 -1.738034046627e+00 2.000730e+00
0.900000 64.450000 8.990971216431e-01 -1.705870589062e+00 1.928308e+00
0.900000 64.475000 8.116200440399e-01 -1.666175503181e+00 1.853340e+00
0.900000 64.500000 7.294219409719e-01 -1.619577066753e+00 1.776256e+00
0.900000 64.525000 6.532234735234e-01 -1.566805160221e+00 1.697522e+00
0.900000 64.550000 5.836382352528e-01 -1.508677223785e+00 1.617634e+00
0.900000 64.575000 5.211610531048e-01 -1.446082260881e+00 1.537128e+00
0.900000 64.600000 4.661586198723e-01 -1.379963154543e+00 1.456572e+00
0.900000 64.625000 4.188627201354e-01 -1.311297603991e+00 1.376571e+00
0.900000 64.650000 3.793662839414e-01 -1.241078033041e+00 1.297765e+00
0.900000 64.675000 3.476224663574e-01 -1.170290869035e+00 1.220828e+00
0.900000 64.700000 3.234469035463e-01 -1.099895638935e+00 1.146468e+00
0.900000 64.725000 3.065232349081e-01 -1.030804374765e+00 1.075413e+00
0.900000 64.750000 2.964119048211e-01 -9.638618594933e-01 1.008409e+00
0.900000 64.775000 2.925621668061e-01 -8.998272717217e-01 9.461933e-01
0.900000 64.800000 2.943271093097e-01 -8.393577980605e-01 8.894661e-01
0.900000 64.825000 3.009814093355e-01 -7.829947709924e-01 8.388508e-01
0.900000 64.850000 3.117414030107e-01 -7.311528534553e-01 7.948378e-01
0.900000 64.875000 3.257869473775e-01 -6.841127268587e-01 7.577251e-01
0.900000 64.900000 3.422844426835e-01 -6.420176461312e-01 7.275612e-01
0.900000 64.925000 3.604102969736e-01 -6.048741052028e-01 7.041081e-01
0.900000 64.950000 3.793740523474e-01 -5.725567127713e-01 6.868376e-01
0.900000 64.975000 3.984403613884e-01 -5.448172171483e-01 6.749671e-01
0.900000 65.000000 4.169490079819e-01 -5.212974481496e-01 6.675309e-01
0.900000 65.025000 4.343322119391e-01 -5.015457725041e-01 6.634701e-01
0.900000 65.050000 4.501285420042e-01 -4.850364970331e-01 6.617221e-01
0.900000 65.075000 4.639928847397e-01 -4.711915109384e-01 6.612948e-01
0.900000 65.100000 4.757020726259e-01 -4.594033443468e-01 6.613198e-01
0.900000 65.125000 4.851559561526e-01 -4.490587428571e-01 6.610825e-01
0.900000 65.150000 4.923739023911e-01 -4.395618232862e-01 6.600353e-01
0.900000 65.175000 4.974869056635e-01 -4.303558876443e-01 6.577989e-01
0.900000 65.200000 5.007256929195e-01 -4.209430312212e-01 6.541554e-01
0.900000 65.225000 5.024053857335e-01 -4.109007841446e-01 6.490382e-01
0.900000 65.250000 5.029074317992e-01 -3.998951685167e-01 6.425201e-01
0.900000 65.275000 5.026596324105e-01 -3.876897272270e-01 6.347992e-01
0.900000 65.300000 5.021151620173e-01 -3.741502756284e-01 6.261853e-01
0.900000 65.325000 5.017314977113e-01 -3.592453318651e-01 6.170832e-01
0.900000 65.350000 5.019501498013e-01 -3.430423835366e-01 6.079737e-01
0.900000 65.375000 5.031780120402e-01 -3.257003356599e-01 5.993904e-01
0.900000 65.400000 5.057710372081e-01 -3.074586467693e-01 5.918912e-01
0.900000 65.425000 5.100207988285e-01 -2.886237876552e-01 5.860247e-01
0.900000 65.450000 5.161443329865e-01 -2.695537444552e-01 5.822922e-01
0.900000 65.475000 5.242774767956e-01 -2.506413313627e-01 5.811092e-01
0.900000 65.500000 5.344717435824e-01 -2.322970780832e-01 5.827709e-01
0.900000 65.525000 5.466946101478e-01 -2.149324163991e-01 5.874274e-01
0.900000 65.550000 5.608329478739e-01 -1.989438145837e-01 5.950733e-01
0.900000 65.575000 5.766992140943e-01 -1.846984058232e-01 6.055539e-01
0.900000 65.600000 5.940399375066e-01 -1.725215365077e-01 6.185848e-01
0.900000 65.625000 6.125459830673e-01 -1.626865319694e-01 6.337819e-01
0.900000 65.650000 6.318640665555e-01 -1.554068503181e-01 6.506946e-01
0.900000 65.675000 6.516090031438e-01 -1.508306775959e-01 6.688379e-01
0.900000 65.700000 6.713762122735e-01 -1.490379158929e-01 6.877197e-01
0.900000 65.725000 6.907540561052e-01 -1.500394344087e-01 7.068614e-01
0.900000 65.750000 7.093356536024e-01 -1.537783934297e-01 7.258132e-01
0.900000 65.775000 7.267298800785e-01 -1.601334122236e-01 7.441633e-01
0.900000 65.800000 7.425713270202e-01 -1.689233314141e-01 7.615427e-01
0.900000 65.825000 7.565290549648e-01 -1.799133145767e-01 7.776278e-01
0.900000 65.850000 7.683140207668e-01 -1.928220379416e-01 7.921406e-01
0.900000 65.875000 7.776850992279e-01 -2.073297265144e-01 8.048476e-01
0.900000 65.900000 7.844536489104e-01 -2.230868055438e-01 8.155582e-01
0.900000 65.925000 7.884865954190e-01 -2.397229451010e-01 8.241227e-01
0.900000 65.950000 7.897080256078e-01 -2.568562810357e-01 8.304300e-01
0.900000 65.975000 7.880993062563e-01 -2.741025977077e-01 8.344056e-01
0.900000 66.000000 7.836977634818e-01 -2.910842580203e-01 8.360097e-01
0.900000 66.025000 7.765939862432e-01 -3.074386668002e-01 8.352345e-01
0.900000 66.050000 7.669278492466e-01 -3.228260574533e-01 8.321028e-01
0.900000 66.075000 7.548833864254e-01 -3.369364020727e-01 8.266650e-01
0.900000 66.100000 7.406826837614e-01 -3.494952642146e-01 8.189980e-01
0.900000 66.125000 7.245789963437e-01 -3.602684428559e-01 8.092021e-01
0.900000 66.150000 7.068493255164e-01 -3.690652957110e-01 7.973990e-01
0.900000 66.175000 6.877867140715e-01 -3.757406788158e-01 7.837293e-01
0.900000 66.200000 6.676925275498e-01 -3.801954944005e-01 7.683501e-01
0.900000 66.225000 6.468689857451e-01 -3.823758968435e-01 7.514325e-01
0.900000 66.250000 6.256121897302e-01 -3.822712625388e-01 7.331589e-01
0.900000 66.275000 6.042058569592e-01 -3.799110793605e-01 7.137206e-01
0.900000 66.300000 5.829159325233e-01 -3.753609510350e-01 6.933158e-01
0.900000 66.325000 5.619861919646e-01 -3.687179380688e-01 6.721469e-01
0.900000 66.350000 5.416348945314e-01 -3.601054681557e-01 6.504186e-01
0.900000 66.375000 5.220524900304e-01 -3.496680449680e-01 6.283363e-01
0.900000 66.400000 5.034003319299e-01 -3.375659661865e-01 6.061045e-01
0.900000 66.425000 4.858103077846e-01 -3.239702321512e-01 5.839250e-01
0.900000 66.450000 4.693852679527e-01 -3.090577891861e-01 5.619958e-01
0.900000 66.475000 4.542001161601e-01 -2.930072105668e-01 5.405099e-01
0.900000 66.500000 4.403034205288e-01 -2.759948773290e-01 5.196540e-01
0.900000 66.525000 4.277194097094e-01 -2.581916842863e-01 4.996067e-01
0.900000 66.550000 4.164502332484e-01 -2.397602664587e-01 4.805370e-01
0.900000 66.575000 4.064783851855e-01 -2.208527192256e-01 4.626020e-01
0.900000 66.600000 3.977692118536e-01 -2.016087723025e-01 4.459444e-01
0.900000 66.625000 3.902734460241e-01 -1.821543723836e-01 4.306897e-01
0.900000 66.650000 3.839297275799e-01 -1.626006303685e-01 4.169424e-01
0.900000 66.675000 3.786670844269e-01 -1.430430943492e-01 4.047840e-01
0.900000 66.700000 3.744073559406e-01 -1.235613166582e-01 3.942693e-01
0.900000 66.725000 3.710675453628e-01 -1.042186901843e-01 3.854253e-01
0.900000 66.750000 3.685620884064e-01 -8.506253430268e-02 3.782508e-01
0.900000 66.775000 3.668050244677e-01 -6.612441333323e-02 3.727175e-01
0.900000 66.800000 3.657120559192e-01 -4.742067042612e-02 3.687737e-01
0.900000 66.825000 3.652024813114e-01 -2.895315787446e-02 3.663484e-01
0.900000 66.850000 3.652009907690e-01 -1.071014228859e-02 3.653580e-01
0.900000 66.875000 3.656393165293e-01 7.332638741480e-03 3.657128e-01
0.900000 66.900000 3.664577378550e-01 2.521079159341e-02 3.673239e-01
0.900000 66.925000 3.676064462526e-01 4.296997299258e-02 3.701093e-01
0.900000 66.950000 3.690467824743e-01 6.066450109565e-02 3.739996e-01
0.900000 66.975000 3.707523595526e-01 7.835587519050e-02 3.789419e-01
0.900000 67.000000 3.727100847156e-01 9.611119696506e-02 3.849028e-01
0.900000 67.025000 3.749210866676e-01 1.140014755321e-01 3.918701e-01
0.900000 67.050000 3.774015433388e-01 1.320997899330e-01 3.998528e-01
0.900000 67.075000 3.801833896619e-01 1.504792787885e-01 4.088807e-01
0.900000 67.100000 3.833148668999e-01 1.692109288542e-01 4.190019e-01
0.900000 67.125000 3.868608568665e-01 1.883611435285e-01 4.302804e-01
0.900000 67.150000 3.909029287852e-01 2.079890889914e-01 4.427918e-01
0.900000 67.175000 3.955390162252e-01 2.281438387205e-01 4.566188e-01
0.900000 67.200000 4.008826389066e-01 2.488613647775e-01 4.718462e-01
0.900000 67.225000 4.070615907766e-01 2.701614537554e-01 4.885554e-01
0.900000 67.250000 4.142160322427e-01 2.920446534464e-01 5.068185e-01
0.900000 67.275000 4.224959502661e-01 3.144893797639e-01 5.266938e-01
0.900000 67.300000 4.320579834880e-01 3.374493292169e-01 5.482209e-01
0.900000 67.325000 4.430616480096e-01 3.608513478932e-01 5.714169e-01
0.900000 67.350000 4.556650395127e-01 3.845939021078e-01 5.962743e-01
0.900000 67.375000 4.700201253833e-01 4.085462784304e-01 6.227592e-01
0.900000 67.400000 4.862677728269e-01 4.325486127600e-01 6.508108e-01
0.900000 67.425000 5.045326825566e-01 4.564128116595e-01 6.803425e-01
0.900000 67.450000 5.249184103330e-01 4.799243873489e-01 7.112431e-01
0.900000 67.475000 5.475026593572e-01 5.028451841780e-01 7.433791e-01
0.900000 67.500000 5.723330154358e-01 5.249169327758e-01 7.765970e-01
0.900000 67.525000 5.994232752922e-01 5.458655318147e-01 8.107265e-01
0.900000 67.550000 6.287504887316e-01 5.654059291898e-01 8.455833e-01
0.900000 67.575000 6.602528006323e-01 5.832474561868e-01 8.809718e-01
0.900000 67.600000 6.938281423271e-01 5.990994605757e-01 9.166884e-01
0.900000 67.625000 7.293337871746e-01 6.126770870817e-01 9.525235e-01
0.900000 67.650000 7.665867549298e-01 6.237070648307e-01 9.882640e-01
0.900000 67.675000 8.053650260745e-01 6.319333788824e-01 1.023696e+00
0.900000 67.700000 8.454095118082e-01 6.371227240146e-01 1.058604e+00
0.900000 67.725000 8.864267181673e-01 6.390696605664e-01 1.092777e+00
0.900000 67.750000 9.280920429583e-01 6.376014115945e-01 1.126006e+00
0.900000 67.775000 9.700536502546e-01 6.325822555649e-01 1.158087e+00
0.900000 67.800000 1.011936876886e+00 6.239174777099e-01 1.188818e+00
0.900000 67.825000 1.053349136044e+00 6.115568453260e-01 1.218009e+00
0.900000 67.850000 1.093885292245e+00 5.954975678749e-01 1.245473e+00
0.900000 67.875000 1.133133486975e+00 5.757866927947e-01 1.271032e+00
0.900000 67.900000 1.170681393567e+00 5.525228742391e-01 1.294518e+00
0.900000 67.925000 1.206122871858e+00 5.258574367905e-01 1.315773e+00
0.900000 67.950000 1.239064977566e+00 4.959946421657e-01 1.334651e+00
0.900000 67.975000 1.269135258390e+00 4.631910566840e-01 1.351018e+00
0.900000 68.000000 1.295989239701e+00 4.277539133087e-01 1.364757e+00
0.900000 68.025000 1.319317969213e+00 3.900383665078e-01 1.375765e+00
0.900000 68.050000 1.338855454616e+00 3.504435525820e-01 1.383960e+00
0.900000 68.075000 1.354385793664e+00 3.094073933814e-01 1.389278e+00
0.900000 68.100000 1.365749765769e+00 2.674001175653e-01 1.391681e+00
0.900000 68.125000 1.372850630893e+00 2.249165200564e-01 1.391153e+00
0.900000 68.150000 1.375658868502e+00 1.824670355135e-01 1.387707e+00
0.900000 68.175000 1.374215589202e+00 1.405677631206e-01 1.381386e+00
0.900000 68.200000 1.368634366506e+00 9.972964461454e-02 1.372263e+00
0.900000 68.225000 1.359101267342e+00 6.044706149994e-02 1.360445e+00
0.900000 68.250000 1.345872907769e+00 2.318617660335e-02 1.346073e+00
0.900000 68.275000 1.329272424270e+00 -1.162660491811e-02 1.329323e+00
0.900000 68.300000 1.309683328948e+00 -4.361564364445e-02 1.310409e+00
0.900000 68.325000 1.287541306013e+00 -7.246611279994e-02 1.289579e+00
0.900000 68.350000 1.263324102796e+00 -9.793265583573e-02 1.267114e+00
0.900000 68.375000 1.237539765951e+00 -1.198462516312e-01 1.243329e+00
0.900000 68.400000 1.210713566771e+00 -1.381189332354e-01 1.218566e+00
0.900000 68.425000 1.183374042214e+00 -1.527460781872e-01 1.193191e+00
0.900000 68.450000 1.156038644502e+00 -1.638060812638e-01 1.167586e+00
0.900000 68.475000 1.129199536298e+00 -1.714573299045e-01 1.142142e+00
0.900000 68.500000 1.103310086266e+00 -1.759325229034e-01 1.117249e+00
0.900000 68.525000 1.078772608415e+00 -1.775304974124e-01 1.093283e+00
0.900000 68.550000 1.055927846994e+00 -1.766058502473e-01 1.070595e+00
0.900000 68.575000 1.035046638124e+00 -1.735567491233e-01 1.049497e+00
0.900000 68.600000 1.016324082989e+00 -1.688114203506e-01 1.030248e+00
0.900000 68.625000 9.998764506618e-01 -1.628138652871e-01 1.013046e+00
0.900000 68.650000 9.857408983953e-01 -1.560093936636e-01 9.980100e-01
0.900000 68.675000 9.738779616489e-01 -1.488305649468e-01 9.851847e-01
0.900000 68.700000 9.641766339254e-01 -1.416840987365e-01 9.745312e-01
0.900000 68.725000 9.564617362516e-01 -1.349392537168e-01 9.659336e-01
0.900000 68.750000 9.505031755929e-01 -1.289180861526e-01 9.592060e-01
0.900000 68.775000 9.460266169598e-01 -1.238878895543e-01 9.541041e-01
0.900000 68.800000 9.427250497754e-01 -1.200559946573e-01 9.503389e-01
0.900000 68.825000 9.402707172347e-01 -1.175669818361e-01 9.475922e-01
0.900000 68.850000 9.383268974598e-01 -1.165022352471e-01 9.455317e-01
0.900000 68.875000 9.365590743839e-01 -1.168816575387e-01 9.438243e-01
0.900000 68.900000 9.346451095355e-01 -1.186672728365e-01 9.421483e-01
0.900000 68.925000 9.322841166233e-01 -1.217683791136e-01 9.402028e-01
0.900000 68.950000 9.292038413689e-01 -1.260478720339e-01 9.377142e-01
0.900000 68.975000 9.251664513426e-01 -1.313293516565e-01 9.344412e-01
0.900000 69.000000 9.199727368669e-01 -1.374046394351e-01 9.301773e-01
0.900000 69.025000 9.134648075560e-01 -1.440413720939e-01 9.247518e-01
0.900000 69.050000 9.055274344149e-01 -1.509903959012e-01 9.180294e-01
0.900000 69.075000 8.960882311972e-01 -1.579927531049e-01 9.099098e-01
0.900000 69.100000 8.851168895208e-01 -1.647861248521e-01 9.003257e-01
0.900000 69.125000 8.726236808331e-01 -1.711106648772e-01 8.892418e-01
0.900000 69.150000 8.586574173757e-01 -1.767142194074e-01 8.766530e-01
0.900000 69.175000 8.433030281416e-01 -1.813569761356e-01 8.625835e-01
0.900000 69.200000 8.266788599048e-01 -1.848156153955e-01 8.470860e-01
0.900000 69.225000 8.089337638375e-01 -1.868870483456e-01 8.302413e-01
0.900000 69.250000 7.902439810972e-01 -1.873918204760e-01 8.121584e-01
0.900000 69.275000 7.708098016737e-01 -1.861772363410e-01 7.929752e-01
0.900000 69.300000 7.508519442422e-01 -1.831202269191e-01 7.728594e-01
0.900000 69.325000 7.306075938429e-01 -1.781299393713e-01 7.520091e-01
0.900000 69.350000 7.103260402766e-01 -1.711499858509e-01 7.306541e-01
0.900000 69.375000 6.902638826655e-01 -1.621602491553e-01 7.090558e-01
0.900000 69.400000 6.706798024580e-01 -1.511781136812e-01 6.875073e-01
0.900000 69.425000 6.518289544374e-01 -1.382589747001e-01 6.663306e-01
0.900000 69.450000 6.339570780689e-01 -1.234958803279e-01 6.458737e-01
0.900000 69.475000 6.172944840842e-01 -1.070181799699e-01 6.265025e-01
0.900000 69.500000 6.020501177253e-01 -8.898908990075e-02 6.085913e-01
0.900000 69.525000 5.884059351238e-01 -6.960213856075e-02 5.925082e-01
0.900000 69.550000 5.765118484007e-01 -4.907651714629e-02 5.785969e-01
0.900000 69.575000 5.664814951991e-01 -2.765142985252e-02 5.671560e-01
0.900000 69.600000 5.583890681806e-01 -5.579606722451e-03 5.584169e-01
0.900000 69.625000 5.522674001568e-01 1.687979574640e-02 5.525253e-01
0.900000 69.650000 5.481074434698e-01 3.946863102566e-02 5.495267e-01
0.900000 69.675000 5.458592121671e-01 6.193722764839e-02 5.493619e-01
0.900000 69.700000 5.454341778994e-01 8.405156163234e-02 5.518724e-01
0.900000 69.725000 5.467090315543e-01 1.055998235512e-01 5.568142e-01
0.900000 69.750000 5.495306488000e-01 1.263980973031e-01 5.638798e-01
0.900000 69.775000 5.537220348715e-01 1.462949159689e-01 5.727218e-01
0.900000 69.800000 5.590889769085e-01 1.651745229312e-01 5.829778e-01
0.900000 69.825000 5.654271042165e-01 1.829587382215e-01 5.942909e-01
0.900000 69.850000 5.725290493594e-01 1.996074047891e-01 6.063272e-01
0.900000 69.875000 5.801914154008e-01 2.151174609038e-01 6.187872e-01
0.900000 69.900000 5.882212844259e-01 2.295207477243e-01 6.314143e-01
0.900000 69.925000 5.964420456632e-01 2.428807108715e-01 6.439986e-01
0.900000 69.950000 6.046983730417e-01 2.552881889776e-01 6.563781e-01
0.900000 69.975000 6.128602363561e-01 2.668564998200e-01 6.684385e-01
0.900000 70.000000 6.208258821539e-01 2.777160368689e-01 6.801110e-01
0.900000 70.025000 6.285237656126e-01 2.880085785834e-01 6.913690e-01
0.900000 70.050000 6.359134500682e-01 2.978814935070e-01 7.022245e-01
0.900000 70.075000 6.429855151792e-01 3.074820006939e-01 7.127240e-01
0.900000 70.100000 6.497605284667e-01 3.169516217596e-01 7.229433e-01
0.900000 70.125000 6.562871402957e-01 3.264209417289e-01 7.329826e-01
0.900000 70.150000 6.626393626407e-01 3.360047834386e-01 7.429604e-01
0.900000 70.175000 6.689130912991e-01 3.457978955125e-01 7.530079e-01
0.900000 70.200000 6.752219336933e-01 3.558712560540e-01 7.632621e-01
0.900000 70.225000 6.816924134884e-01 3.662691007086e-01 7.738589e-01
0.900000 70.250000 6.884586411401e-01 3.770067908469e-01 7.849264e-01
0.900000 70.275000 6.956565666502e-01 3.880696407343e-01 7.965777e-01
0.900000 70.300000 7.034179658019e-01 3.994128170831e-01 8.089051e-01
0.900000 70.325000 7.118643506540e-01 4.109624063793e-01 8.219738e-01
0.900000 70.350000 7.211010342520e-01 4.226177122747e-01 8.358184e-01
0.900000 70.375000 7.312116125205e-01 4.342547964770e-01 8.504397e-01
0.900000 70.400000 7.422531471130e-01 4.457312134983e-01 8.658037e-01
0.900000 70.425000 7.542523361150e-01 4.568918161144e-01 8.818428e-01
0.900000 70.450000 7.672029408698e-01 4.675754301712e-01 8.984582e-01
0.900000 70.475000 7.810646947717e-01 4.776221215895e-01 9.155244e-01
0.900000 70.500000 7.957638540920e-01 4.868807128384e-01 9.328949e-01
0.900000 70.525000 8.111954648549e-01 4.952161583131e-01 9.504089e-01
0.900000 70.550000 8.272273190005e-01 5.025163643497e-01 9.678986e-01
0.900000 70.575000 8.437054651080e-01 5.086980445001e-01 9.851967e-01
0.900000 70.600000 8.604610326168e-01 5.137112360621e-01 1.002144e+00
0.900000 70.625000 8.773180329614e-01 5.175421687455e-01 1.018596e+00
0.900000 70.650000 8.941017249236e-01 5.202142668982e-01 1.034428e+00
0.900000 70.675000 9.106470818852e-01 5.217871764989e-01 1.049543e+00
0.900000 70.700000 9.268068803505e-01 5.223538287808e-01 1.063872e+00
0.900000 70.725000 9.424589441287e-01 5.220356744025e-01 1.077381e+00
0.900000 70.750000 9.575121259721e-01 5.209763358700e-01 1.090067e+00
0.900000 70.775000 9.719106844107e-01 5.193340225805e-01 1.101961e+00
0.900000 70.800000 9.856368117402e-01 5.172731251868e-01 1.113127e+00
0.900000 70.825000 9.987111815608e-01 5.149554490654e-01 1.123656e+00
0.900000 70.850000 1.011191501943e+00 5.125315583129e-01 1.133665e+00
0.900000 70.875000 1.023169174223e+00 5.101326824745e-01 1.143289e+00
0.900000 70.900000 1.034764259459e+00 5.078635912978e-01 1.152676e+00
0.900000 70.925000 1.046119038082e+00 5.057967734997e-01 1.161979e+00
0.900000 70.950000 1.057390508801e+00 5.039681705438e-01 1.171349e+00
0.900000 70.975000 1.068742208144e+00 5.023746231976e-01 1.180928e+00
0.900000 71.000000 1.080335742266e+00 5.009730944866e-01 1.190840e+00
0.900000 71.025000 1.092322410106e+00 4.996816441475e-01 1.201187e+00
0.900000 71.050000 1.104835265314e+00 4.983820520270e-01 1.212042e+00
0.900000 71.075000 1.117981918489e+00 4.969239246622e-01 1.223445e+00
0.900000 71.100000 1.131838326412e+00 4.951300723116e-01 1.235399e+00
0.900000 71.125000 1.146443756135e+00 4.928029131199e-01 1.247873e+00
0.900000 71.150000 1.161797053402e+00 4.897316456137e-01 1.260797e+00
0.900000 71.175000 1.177854290418e+00 4.856999280702e-01 1.274066e+00
0.900000 71.200000 1.194527819602e+00 4.804938105821e-01 1.287545e+00
0.900000 71.225000 1.211686718866e+00 4.739096798931e-01 1.301067e+00
0.900000 71.250000 1.229158580173e+00 4.657619954959e-01 1.314445e+00
0.900000 71.275000 1.246732566034e+00 4.558906158127e-01 1.327471e+00
0.900000 71.300000 1.264163636965e+00 4.441675338860e-01 1.339923e+00
0.900000 71.325000 1.281177835440e+00 4.305028619641e-01 1.351573e+00
0.900000 71.350000 1.297478497092e+00 4.148499233522e-01 1.362186e+00
0.900000 71.375000 1.312753246889e+00 3.972093280927e-01 1.371531e+00
0.900000 71.400000 1.326681625794e+00 3.776319269531e-01 1.379380e+00
0.900000 71.425000 1.338943181707e+00 3.562205564994e-01 1.385519e+00
0.900000 71.450000 1.349225847200e+00 3.331305074392e-01 1.389743e+00
0.900000 71.475000 1.357234415833e+00 3.085686695554e-01 1.391869e+00
0.900000 71.500000 1.362698919286e+00 2.827913299612e-01 1.391732e+00
0.900000 71.525000 1.365382699563e+00 2.561006274617e-01 1.389193e+00
0.900000 71.550000 1.365089965122e+00 2.288396947285e-01 1.384138e+00
0.900000 71.575000 1.361672617649e+00 2.013865518563e-01 1.376484e+00
0.900000 71.600000 1.355036138464e+00 1.741468495182e-01 1.366181e+00
0.900000 71.625000 1.345144331330e+00 1.475455969734e-01 1.353212e+00
0.900000 71.650000 1.332022732970e+00 1.220180488585e-01 1.337600e+00
0.900000 71.675000 1.315760525046e+00 9.799996381199e-02 1.319405e+00
0.900000 71.700000 1.296510812901e+00 7.591748586409e-02 1.298732e+00
0.900000 71.725000 1.274489177600e+00 5.617693390693e-02 1.275727e+00
0.900000 71.750000 1.249970459027e+00 3.915481275201e-02 1.250584e+00
0.900000 71.775000 1.223283788284e+00 2.518837818983e-02 1.223543e+00
0.900000 71.800000 1.194805955804e+00 1.456709494620e-02 1.194895e+00
0.900000 71.825000 1.164953274714e+00 7.525317545589e-03 1.164978e+00
0.900000 71.850000 1.134172173241e+00 4.236497557527e-03 1.134180e+00
0.900000 71.875000 1.102928820614e+00 4.809175265163e-03 1.102939e+00
0.900000 71.900000 1.071698152594e+00 9.284949613263e-03 1.071738e+00
0.900000 71.925000 1.040952709989e+00 1.763853918364e-02 1.041102e+00
0.900000 71.950000 1.011151731066e+00 2.977995249160e-02 1.011590e+00
0.900000 71.975000 9.827309426255e-01 4.555868334113e-02 9.837864e-01
0.900000 72.000000 9.560934719865e-01 6.476974291756e-02 9.582848e-01
0.900000 72.025000 9.316022527272e-01 8.716124217187e-02 9.356708e-01
0.900000 72.050000 9.095742224158e-01 1.124431534786e-01 9.164981e-01
0.900000 72.075000 8.902765148324e-01 1.402968165713e-01 9.012633e-01
0.900000 72.100000 8.739247384490e-01 1.703847160865e-01 8.903794e-01
0.900000 72.125000 8.606833149679e-01 2.023600504070e-01 8.841523e-01
0.900000 72.150000 8.506677352914e-01 2.358756351401e-01 8.827644e-01
0.900000 72.175000 8.439484841699e-01 2.705917380588e-01 8.862669e-01
0.900000 72.200000 8.405562970937e-01 3.061825215946e-01 8.945852e-01
0.900000 72.225000 8.404883501756e-01 3.423408676395e-01 9.075340e-01
0.900000 72.250000 8.437149501000e-01 3.787814694864e-01 9.248407e-01
0.900000 72.275000 8.501862882318e-01 4.152421883373e-01 9.461727e-01
0.900000 72.300000 8.598388494782e-01 4.514837781500e-01 9.711645e-01
0.900000 72.325000 8.726011186831e-01 4.872881748329e-01 9.994411e-01
0.900000 72.350000 8.883982992929e-01 5.224556178393e-01 1.030636e+00
0.900000 72.375000 9.071558434907e-01 5.568009202354e-01 1.064405e+00
0.900000 72.400000 9.288016821626e-01 5.901492260799e-01 1.100431e+00
0.900000 72.425000 9.532671294862e-01 6.223315926940e-01 1.138426e+00
0.900000 72.450000 9.804865143798e-01 6.531807135339e-01 1.178134e+00
0.900000 72.475000 1.010395655009e+00 6.825270598671e-01 1.219321e+00
0.900000 72.500000 1.042929340661e+00 7.101956720333e-01 1.261776e+00
0.900000 72.525000 1.078018017350e+00 7.360037794690e-01 1.305306e+00
0.900000 72.550000 1.115583891194e+00 7.597593778145e-01 1.349727e+00
0.900000 72.575000 1.155536669964e+00 7.812608448478e-01 1.394860e+00
0.900000 72.600000 1.197769162072e+00 8.002976365429e-01 1.440530e+00
0.900000 72.625000 1.242152947274e+00 8.166520702596e-01 1.486561e+00
0.900000 72.650000 1.288534327622e+00 8.301021724747e-01 1.532772e+00
0.900000 72.675000 1.336730762303e+00 8.404255409903e-01 1.578976e+00
0.900000 72.700000 1.386527986140e+00 8.474041432852e-01 1.624978e+00
0.900000 72.725000 1.437678007173e+00 8.508299409855e-01 1.670578e+00
0.900000 72.750000 1.489898171081e+00 8.505111936998e-01 1.715566e+00
0.900000 72.775000 1.542871465597e+00 8.462792536081e-01 1.759728e+00
0.900000 72.800000 1.596248212782e+00 8.379956168910e-01 1.802844e+00
0.900000 72.825000 1.649649257891e+00 8.255589528211e-01 1.844692e+00
0.900000 72.850000 1.702670708975e+00 8.089117910411e-01 1.885053e+00
0.900000 72.875000 1.754890211315e+00 7.880465180217e-01 1.923709e+00
0.900000 72.900000 1.805874657950e+00 7.630103208578e-01 1.960451e+00
0.900000 72.925000 1.855189146377e+00 7.339087255578e-01 1.995081e+00
0.900000 72.950000 1.902406898730e+00 7.009074114057e-01 2.027418e+00
0.900000 72.975000 1.947119776232e+00 6.642320441376e-01 2.057299e+00
0.900000 73.000000 1.988948946840e+00 6.241659572321e-01 2.084587e+00
0.900000 73.025000 2.027555215729e+00 5.810456184200e-01 2.109169e+00
0.900000 73.050000 2.062648508087e+00 5.352539408826e-01 2.130966e+00
0.900000 73.075000 2.093996006879e+00 4.872116268377e-01 2.149929e+00
0.900000 73.100000 2.121428496259e+00 4.373668554159e-01 2.166044e+00
0.900000 73.125000 2.144844542483e+00 3.861837368169e-01 2.179334e+00
0.900000 73.150000 2.164212253747e+00 3.341300414058e-01 2.189853e+00
0.900000 73.175000 2.179568490968e+00 2.816647681265e-01 2.197693e+00
0.900000 73.200000 2.191015543739e+00 2.292261363424e-01 2.202974e+00
0.900000 73.225000 2.198715429015e+00 1.772205669474e-01 2.205846e+00
0.900000 73.250000 2.202882103988e+00 1.260131634739e-01 2.206483e+00
0.900000 73.275000 2.203771999285e+00 7.592011612627e-02 2.205079e+00
0.900000 73.300000 2.201673366210e+00 2.720333792973e-02 2.201841e+00
0.900000 73.325000 2.196894986507e+00 -1.993248892904e-02 2.196985e+00
0.900000 73.350000 2.189754812313e+00 -6.534041732681e-02 2.190729e+00
0.900000 73.375000 2.180569087489e+00 -1.089293875713e-01 2.183288e+00
0.900000 73.400000 2.169642452089e+00 -1.506602512022e-01 2.174867e+00
0.900000 73.425000 2.157259454127e+00 -1.905399963988e-01 2.165658e+00
0.900000 73.450000 2.143677793611e+00 -2.286145874133e-01 2.155834e+00
0.900000 73.475000 2.129123510480e+00 -2.649608842826e-01 2.145547e+00
0.900000 73.500000 2.113788208399e+00 -2.996781330443e-01 2.134926e+00
0.900000 73.525000 2.097828287890e+00 -3.328795111920e-01 2.124074e+00
0.900000 73.550000 2.081366051707e+00 -3.646841804526e-01 2.113073e+00
0.900000 73.575000 2.064492448441e+00 -3.952102426797e-01 2.101980e+00
0.900000 73.600000 2.047271141440e+00 -4.245689192699e-01 2.090832e+00
0.900000 73.625000 2.029743532373e+00 -4.528601851010e-01 2.079649e+00
0.900000 73.650000 2.011934334021e+00 -4.801699898835e-01 2.068440e+00
0.900000 73.675000 1.993857275882e+00 -5.065690983438e-01 2.057202e+00
0.900000 73.700000 1.975520538501e+00 -5.321134809716e-01 2.045929e+00
0.900000 73.725000 1.956931547032e+00 -5.568460940434e-01 2.034615e+00
0.900000 73.750000 1.938100809051e+00 -5.807998057783e-01 2.023256e+00
0.900000 73.775000 1.919044553458e+00 -6.040011588595e-01 2.011852e+00
0.900000 73.800000 1.899786012493e+00 -6.264746116057e-01 2.000414e+00
0.900000 73.825000 1.880355283256e+00 -6.482468735869e-01 1.988960e+00
0.900000 73.850000 1.860787803505e+00 -6.693509482542e-01 1.977514e+00
0.900000 73.875000 1.841121573416e+00 -6.898295159287e-01 1.966111e+00
0.900000 73.900000 1.821393344702e+00 -7.097373346758e-01 1.954789e+00
0.900000 73.925000 1.801634075192e+00 -7.291424021661e-01 1.943588e+00
0.900000 73.950000 1.781864005614e+00 -7.481257051015e-01 1.932545e+00
0.900000 73.975000 1.762087751410e+00 -7.667794792969e-01 1.921693e+00
0.900000 74.000000 1.742289813055e+00 -7.852040070461e-01 1.911052e+00
0.900000 74.025000 1.722430892153e+00 -8.035030821761e-01 1.900628e+00
0.900000 74.050000 1.702445358053e+00 -8.217783701449e-01 1.890407e+00
0.900000 74.075000 1.682240143372e+00 -8.401229738772e-01 1.880356e+00
0.900000 74.100000 1.661695260966e+00 -8.586145798372e-01 1.870414e+00
0.900000 74.125000 1.640666035287e+00 -8.773085985630e-01 1.860499e+00
0.900000 74.150000 1.618987034743e+00 -8.962317267979e-01 1.850500e+00
0.900000 74.175000 1.596477585928e+00 -9.153763437507e-01 1.840287e+00
0.900000 74.200000 1.572948652626e+00 -9.346961133154e-01 1.829706e+00
0.900000 74.225000 1.548210778869e+00 -9.541031006169e-01 1.818590e+00
0.900000 74.250000 1.522082731042e+00 -9.734666299758e-01 1.806758e+00
0.900000 74.275000 1.494400432668e+00 -9.926140183435e-01 1.794022e+00
0.900000 74.300000 1.465025768463e+00 -1.011333220002e+00 1.780195e+00
0.900000 74.325000 1.433854841309e+00 -1.029377321318e+00 1.765094e+00
0.900000 74.350000 1.400825294734e+00 -1.046470734419e+00 1.748546e+00
0.900000 74.375000 1.365922360987e+00 -1.062316860504e+00 1.730393e+00
0.900000 74.400000 1.329183356478e+00 -1.076606930552e+00 1.710500e+00
0.900000 74.425000 1.290700417487e+00 -1.089029685200e+00 1.688755e+00
0.900000 74.450000 1.250621345082e+00 -1.099281527111e+00 1.665075e+00
0.900000 74.475000 1.209148504897e+00 -1.107076767404e+00 1.639408e+00
0.900000 74.500000 1.166535801539e+00 -1.112157591135e+00 1.611738e+00
0.900000 74.525000 1.123083816444e+00 -1.114303383292e+00 1.582084e+00
0.900000 74.550000 1.079133260348e+00 -1.113339084046e+00 1.550501e+00
0.900000 74.575000 1.035056946445e+00 -1.109142278049e+00 1.517083e+00
0.900000 74.600000 9.912505373458e-01 -1.101648765683e+00 1.481961e+00
0.900000 74.625000 9.481223580518e-01 -1.090856413039e+00 1.445304e+00
0.900000 74.650000 9.060825982152e-01 -1.076827131194e+00 1.407317e+00
0.900000 74.675000 8.655322496257e-01 -1.059686893415e+00 1.368241e+00
0.900000 74.700000 8.268521385323e-01 -1.039623760525e+00 1.328346e+00
0.900000 74.725000 7.903924161855e-01 -1.016883949147e+00 1.287934e+00
0.900000 74.750000 7.564628637972e-01 -9.917660435329e-01 1.247332e+00
0.900000 74.775000 7.253243489774e-01 -9.646135175154e-01 1.206886e+00
0.900000 74.800000 6.971817388833e-01 -9.358057964517e-01 1.166960e+00
0.900000 74.825000 6.721785306672e-01 -9.057481471594e-01 1.127920e+00
0.900000 74.850000 6.503934029073e-01 -8.748607336774e-01 1.090134e+00
0.900000 74.875000 6.318388240415e-01 -8.435672152341e-01 1.053957e+00
0.900000 74.900000 6.164617777642e-01 -8.122832872989e-01 1.019720e+00
0.900000 74.925000 6.041465840876e-01 -7.814055748879e-01 9.877185e-01
0.900000 74.950000 5.947197121001e-01 -7.513012780978e-01 9.581989e-01
0.900000 74.975000 5.879564005268e-01 -7.222989428797e-01 9.313477e-01
0.900000 75.000000 5.835888291401e-01 -6.946806861765e-01 9.072801e-01
0.900000 75.025000 5.813155217429e-01 -6.686761456176e-01 8.860336e-01
0.900000 75.050000 5.808116130607e-01 -6.444583528204e-01 8.675648e-01
0.900000 75.075000 5.817395798677e-01 -6.221416494865e-01 8.517518e-01
0.900000 75.100000 5.837600224665e-01 -6.017816808662e-01 8.384014e-01
0.900000 75.125000 5.865420867011e-01 -5.833774158673e-01 8.272610e-01
0.900000 75.150000 5.897731385004e-01 -5.668750611032e-01 8.180340e-01
0.900000 75.175000 5.931673411720e-01 -5.521736611441e-01 8.103970e-01
0.900000 75.200000 5.964728382550e-01 -5.391321123190e-01 8.040170e-01
0.900000 75.225000 5.994773091446e-01 -5.275772652048e-01 7.985680e-01
0.900000 75.250000 6.020117379635e-01 -5.173127533945e-01 7.937447e-01
0.900000 75.275000 6.039523151537e-01 -5.081281646178e-01 7.892735e-01
0.900000 75.300000 6.052204726433e-01 -4.998081655493e-01 7.849204e-01
0.900000 75.325000 6.057811338651e-01 -4.921412038431e-01 7.804958e-01
0.900000 75.350000 6.056393359567e-01 -4.849274396703e-01 7.758567e-01
0.900000 75.375000 6.048354498169e-01 -4.779856032441e-01 7.709061e-01
0.900000 75.400000 6.034392811182e-01 -4.711585328157e-01 7.655908e-01
0.900000 75.425000 6.015433789361e-01 -4.643172169971e-01 7.598980e-01
0.900000 75.450000 5.992559058357e-01 -4.573632429135e-01 7.538493e-01
0.900000 75.475000 5.966934321870e-01 -4.502296338167e-01 7.474957e-01
0.900000 75.500000 5.939740071477e-01 -4.428801420727e-01 7.409102e-01
0.900000 75.525000 5.912108292433e-01 -4.353071411634e-01 7.341816e-01
0.900000 75.550000 5.885067920719e-01 -4.275283287692e-01 7.274068e-01
0.900000 75.575000 5.859501179792e-01 -4.195825076538e-01 7.206851e-01
0.900000 75.600000 5.836112184463e-01 -4.115247482049e-01 7.141111e-01
0.900000 75.625000 5.815408392896e-01 -4.034212534122e-01 7.077701e-01
0.900000 75.650000 5.797694672578e-01 -3.953442425578e-01 7.017334e-01
0.900000 75.675000 5.783078981034e-01 -3.873671443701e-01 6.960556e-01
0.900000 75.700000 5.771488004034e-01 -3.795603459975e-01 6.907726e-01
0.900000 75.725000 5.762690591675e-01 -3.719876846861e-01 6.859015e-01
0.900000 75.750000 5.756326522001e-01 -3.647037996192e-01 6.814410e-01
0.900000 75.775000 5.751938021551e-01 -3.577523880300e-01 6.773734e-01
0.900000 75.800000 5.749001582307e-01 -3.511653387744e-01 6.736670e-01
0.900000 75.825000 5.746957915064e-01 -3.449626541018e-01 6.702794e-01
0.900000 75.850000 5.745238332437e-01 -3.391530214839e-01 6.671600e-01
0.900000 75.875000 5.743286409802e-01 -3.337348657160e-01 6.642532e-01
0.900000 75.900000 5.740574368801e-01 -3.286976988907e-01 6.615014e-01
0.900000 75.925000 5.736614204866e-01 -3.240235920512e-01 6.588465e-01
0.900000 75.950000 5.730964080201e-01 -3.196886152103e-01 6.562319e-01
0.900000 75.975000 5.723230881471e-01 -3.156641281271e-01 6.536035e-01
0.900000 76.000000 5.713070067158e-01 -3.119178477578e-01 6.509105e-01
0.900000 76.025000 5.700183992232e-01 -3.084146640287e-01 6.481054e-01
0.900000 76.050000 5.684319805615e-01 -3.051172180180e-01 6.451445e-01
0.900000 76.075000 5.665267794973e-01 -3.019862910053e-01 6.419878e-01
0.900000 76.100000 5.642860743055e-01 -2.989810756653e-01 6.385988e-01
0.900000 76.125000 5.616974508230e-01 -2.960594100841e-01 6.349450e-01
0.900000 76.150000 5.587529698759e-01 -2.931780512127e-01 6.309978e-01
0.900000 76.175000 5.554494021441e-01 -2.902930484881e-01 6.267329e-01
0.900000 76.200000 5.517884686223e-01 -2.873602537193e-01 6.221306e-01
0.900000 76.225000 5.477770161046e-01 -2.843359739658e-01 6.171763e-01
0.900000 76.250000 5.434270601513e-01 -2.811777444595e-01 6.118610e-01
0.900000 76.275000 5.387556417688e-01 -2.778451728172e-01 6.061811e-01
0.900000 76.300000 5.337844661780e-01 -2.743007873539e-01 6.001390e-01
0.900000 76.325000 5.285393191620e-01 -2.705108135111e-01 5.937423e-01
0.900000 76.350000 5.230492847036e-01 -2.664458041980e-01 5.870042e-01
0.900000 76.375000 5.173458130980e-01 -2.620810616384e-01 5.799424e-01
0.900000 76.400000 5.114617081655e-01 -2.573968083019e-01 5.725785e-01
0.900000 76.425000 5.054301132405e-01 -2.523780898454e-01 5.649374e-01
0.900000 76.450000 4.992835771390e-01 -2.470144203224e-01 5.570460e-01
0.900000 76.475000 4.930532734373e-01 -2.412992057662e-01 5.489325e-01
0.900000 76.500000 4.867684304729e-01 -2.352290035558e-01 5.406257e-01
0.900000 76.525000 4.804560077460e-01 -2.288026893643e-01 5.321547e-01
0.900000 76.550000 4.741406297191e-01 -2.220206096963e-01 5.235480e-01
0.900000 76.575000 4.678447633747e-01 -2.148837957702e-01 5.148337e-01
0.900000 76.600000 4.615891040791e-01 -2.073933046653e-01 5.060400e-01
0.900000 76.625000 4.553931175128e-01 -1.995497378798e-01 4.971951e-01
0.900000 76.650000 4.492756750600e-01 -1.913529679735e-01 4.883284e-01
0.900000 76.675000 4.432557166006e-01 -1.828020832583e-01 4.794708e-01
0.900000 76.700000 4.373528777265e-01 -1.738955408522e-01 4.706561e-01
0.900000 76.725000 4.315880269303e-01 -1.646315017659e-01 4.619218e-01
0.900000 76.750000 4.259836706820e-01 -1.550083093351e-01 4.533097e-01
0.900000 76.775000 4.205641987215e-01 -1.450250648751e-01 4.448669e-01
0.900000 76.800000 4.153559566221e-01 -1.346822518458e-01 4.366462e-01
0.900000 76.825000 4.103871462279e-01 -1.239823614814e-01 4.287065e-01
0.900000 76.850000 4.056875659347e-01 -1.129304777518e-01 4.211124e-01
0.900000 76.875000 4.012882114003e-01 -1.015347865720e-01 4.139342e-01
0.900000 76.900000 3.972207630730e-01 -8.980698223127e-02 4.072464e-01
0.900000 76.925000 3.935169901812e-01 -7.776255219025e-02 4.011267e-01
0.900000 76.950000 3.902081020472e-01 -6.542092908430e-02 3.956542e-01
0.900000 76.975000 3.873240773153e-01 -5.280550566712e-02 3.909071e-01
0.900000 77.000000 3.848930004110e-01 -3.994351451263e-02 3.869601e-01
0.900000 77.025000 3.829404325750e-01 -2.686577968955e-02 3.838817e-01
0.900000 77.050000 3.814888422586e-01 -1.360635251737e-02 3.817314e-01
0.900000 77.075000 3.805571164507e-01 -2.020480109991e-04 3.805572e-01
0.900000 77.100000 3.801601704780e-01 1.330809731678e-02 3.803930e-01
0.900000 77.125000 3.803086688277e-01 2.688342222923e-02 3.812577e-01
0.900000 77.150000 3.810088635614e-01 4.048226570326e-02 3.831535e-01
0.900000 77.175000 3.822625501186e-01 5.406259278128e-02 3.860666e-01
0.900000 77.200000 3.840671331630e-01 6.758259518531e-02 3.899679e-01
0.900000 77.225000 3.864157882982e-01 8.100124382725e-02 3.948143e-01
0.900000 77.250000 3.892976997474e-01 9.427877580148e-02 4.005511e-01
0.900000 77.275000 3.926983503049e-01 1.073771057013e-01 4.071140e-01
0.900000 77.300000 3.965998386962e-01 1.202601594421e-01 4.144321e-01
0.900000 77.325000 4.009812013254e-01 1.328941372043e-01 4.224296e-01
0.900000 77.350000 4.058187202326e-01 1.452477194852e-01 4.310287e-01
0.900000 77.375000 4.110862064448e-01 1.572922354275e-01 4.401508e-01
0.900000 77.400000 4.167552568759e-01 1.690018146865e-01 4.497183e-01
0.900000 77.425000 4.227954922444e-01 1.803535425578e-01 4.596558e-01
0.900000 77.450000 4.291747917067e-01 1.913276329391e-01 4.698907e-01
0.900000 77.475000 4.358595456865e-01 2.019076254840e-01 4.803543e-01
0.900000 77.500000 4.428149505937e-01 2.120806031241e-01 4.909819e-01
0.900000 77.525000 4.500053671652e-01 2.218374154639e-01 5.017137e-01
0.900000 77.550000 4.573947580013e-01 2.311728840467e-01 5.124947e-01
0.900000 77.575000 4.649472101626e-01 2.400859587518e-01 5.232754e-01
0.900000 77.600000 4.726275366720e-01 2.485797918580e-01 5.340119e-01
0.900000 77.625000 4.804019381157e-01 2.566616983152e-01 5.446662e-01
0.900000 77.650000 4.882386941120e-01 2.643429775164e-01 5.552065e-01
0.900000 77.675000 4.961088460043e-01 2.716385826225e-01 5.656072e-01
0.900000 77.700000 5.039868281139e-01 2.785666368866e-01 5.758490e-01
0.900000 77.725000 5.118510060218e-01 2.851478105975e-01 5.859187e-01
0.900000 77.750000 5.196840866335e-01 2.914045851581e-01 5.958088e-01
0.900000 77.775000 5.274733753716e-01 2.973604405203e-01 6.055175e-01
0.900000 77.800000 5.352108692097e-01 3.030390072298e-01 6.150474e-01
0.900000 77.825000 5.428931883510e-01 3.084632239252e-01 6.244058e-01
0.900000 77.850000 5.505213619466e-01 3.136545353828e-01 6.336031e-01
0.900000 77.875000 5.581004922694e-01 3.186321561004e-01 6.426528e-01
0.900000 77.900000 5.656393256847e-01 3.234124117347e-01 6.515700e-01
0.900000 77.925000 5.731497568470e-01 3.280081577697e-01 6.603711e-01
0.900000 77.950000 5.806462850625e-01 3.324282640638e-01 6.690730e-01
0.900000 77.975000 5.881454299433e-01 3.366771476758e-01 6.776921e-01
0.900000 78.000000 5.956650994682e-01 3.407543362446e-01 6.862437e-01
0.900000 78.025000 6.032238900719e-01 3.446540509056e-01 6.947413e-01
0.900000 78.050000 6.108402883125e-01 3.483648108532e-01 7.031955e-01
0.900000 78.075000 6.185317396545e-01 3.518690796265e-01 7.116132e-01
0.900000 78.100000 6.263135538890e-01 3.551429934189e-01 7.199967e-01
0.900000 78.125000 6.341976295521e-01 3.581562309088e-01 7.283423e-01
0.900000 78.150000 6.421910009468e-01 3.608720987432e-01 7.366396e-01
0.900000 78.175000 6.502942392281e-01 3.632479135836e-01 7.448702e-01
0.900000 78.200000 6.584997704513e-01 3.652357580319e-01 7.530067e-01
0.900000 78.225000 6.667902046190e-01 3.667836724445e-01 7.610121e-01
0.900000 78.250000 6.751367962717e-01 3.678373177607e-01 7.688394e-01
0.900000 78.275000 6.834981749082e-01 3.683421077397e-01 7.764314e-01
0.900000 78.300000 6.918194890431e-01 3.682457655827e-01 7.837213e-01
0.900000 78.325000 7.000320988140e-01 3.675012141473e-01 7.906340e-01
0.900000 78.350000 7.080539281021e-01 3.660696658086e-01 7.970868e-01
0.900000 78.375000 7.157905492697e-01 3.639237425339e-01 8.029923e-01
0.900000 78.400000 7.231370246662e-01 3.610504333990e-01 8.082602e-01
0.900000 78.425000 7.299804732747e-01 3.574536889426e-01 8.128005e-01
0.900000 78.450000 7.362032734846e-01 3.531564612243e-01 8.165260e-01
0.900000 78.475000 7.416867595868e-01 3.482020251895e-01 8.193558e-01
0.900000 78.500000 7.463152255245e-01 3.426544590696e-01 8.212177e-01
0.900000 78.525000 7.499800191612e-01 3.365982155250e-01 8.220513e-01
0.900000 78.550000 7.525834969114e-01 3.301367762726e-01 8.218103e-01
0.900000 78.575000 7.540426133742e-01 3.233904455143e-01 8.204643e-01
0.900000 78.600000 7.542919431331e-01 3.164933959963e-01 8.180002e-01
0.900000 78.625000 7.532859699063e-01 3.095901308811e-01 8.144236e-01
0.900000 78.650000 7.510005280766e-01 3.028315607703e-01 8.097585e-01
0.900000 78.675000 7.474333386533e-01 2.963709155710e-01 8.040475e-01
0.900000 78.700000 7.426036408231e-01 2.903597144955e-01 7.973512e-01
0.900000 78.725000 7.365509764845e-01 2.849440049794e-01 7.897471e-01
0.900000 78.750000 7.293332342118e-01 2.802610548129e-01 7.813279e-01
0.900000 78.775000 7.210240976873e-01 2.764366444950e-01 7.722001e-01
0.900000 78.800000 7.117100697832e-01 2.735830625786e-01 7.624821e-01
0.900000 78.825000 7.014872564852e-01 2.717978595854e-01 7.523021e-01
0.900000 78.850000 6.904580953196e-01 2.711633696732e-01 7.417964e-01
0.900000 78.875000 6.787282024015e-01 2.717469667443e-01 7.311076e-01
0.900000 78.900000 6.664034928987e-01 2.736019853825e-01 7.203830e-01
0.900000 78.925000 6.535877041021e-01 2.767692082302e-01 7.097733e-01
0.900000 78.950000 6.403804209017e-01 2.812788006657e-01 6.994318e-01
0.900000 78.975000 6.268756724702e-01 2.871525606904e-01 6.895141e-01
0.900000 79.000000 6.131611380938e-01 2.944063460803e-01 6.801777e-01
0.900000 79.025000 5.993179706027e-01 3.030525411656e-01 6.715824e-01
0.900000 79.050000 5.854212185237e-01 3.131024311178e-01 6.638909e-01
0.900000 79.075000 5.715408033743e-01 3.245683615073e-01 6.572697e-01
0.900000 79.100000 5.577429867406e-01 3.374655744980e-01 6.518898e-01
0.900000 79.125000 5.440922432117e-01 3.518136298946e-01 6.479268e-01
0.900000 79.150000 5.306534402494e-01 3.676373389256e-01 6.455620e-01
0.900000 79.175000 5.174942151497e-01 3.849671606738e-01 6.449806e-01
0.900000 79.200000 5.046874329628e-01 4.038390347880e-01 6.463709e-01
0.900000 79.225000 4.923136080966e-01 4.242936485917e-01 6.499214e-01
0.900000 79.250000 4.804631766497e-01 4.463751607127e-01 6.558168e-01
0.900000 79.275000 4.692385162420e-01 4.701294254383e-01 6.642337e-01
0.900000 79.300000 4.587556246436e-01 4.956017806137e-01 6.753354e-01
0.900000 79.325000 4.491453867221e-01 5.228344756733e-01 6.892659e-01
0.900000 79.350000 4.405543794385e-01 5.518638243217e-01 7.061458e-01
0.900000 79.375000 4.331451847881e-01 5.827171681091e-01 7.260675e-01
0.900000 79.400000 4.270961985249e-01 6.154097330811e-01 7.490930e-01
0.900000 79.425000 4.226009362459e-01 6.499414530776e-01 7.752519e-01
0.900000 79.450000 4.198668465103e-01 6.862938221352e-01 8.045417e-01
0.900000 79.475000 4.191136425189e-01 7.244268273421e-01 8.369292e-01
0.900000 79.500000 4.205711599314e-01 7.642760051505e-01 8.723519e-01
0.900000 79.525000 4.244767402108e-01 8.057496610725e-01 9.107212e-01
0.900000 79.550000 4.310721290330e-01 8.487262967148e-01 9.519241e-01
0.900000 79.575000 4.405998710848e-01 8.930522999861e-01 9.958266e-01
0.900000 79.600000 4.532991796108e-01 9.385399734789e-01 1.042275e+00
0.900000 79.625000 4.694012647367e-01 9.849660004225e-01 1.091098e+00
0.900000 79.650000 4.891241214905e-01 1.032070473842e+00 1.142109e+00
0.900000 79.675000 5.126668078563e-01 1.079556638203e+00 1.195102e+00
0.900000 79.700000 5.402032847297e-01 1.127091508877e+00 1.249862e+00
0.900000 79.725000 5.718759410493e-01 1.174307538427e+00 1.306155e+00
0.900000 79.750000 6.077889845678e-01 1.220805485752e+00 1.363735e+00
0.900000 79.775000 6.480019361350e-01 1.266158612135e+00 1.422345e+00
0.900000 79.800000 6.925235164431e-01 1.309918276253e+00 1.481713e+00
0.900000 79.825000 7.413062521629e-01 1.351620930104e+00 1.541562e+00
0.900000 79.850000 7.942421470538e-01 1.390796433317e+00 1.601604e+00
0.900000 79.875000 8.511597581009e-01 1.426977510514e+00 1.661547e+00
0.900000 79.900000 9.118229842302e-01 1.459710082893e+00 1.721097e+00
0.900000 79.925000 9.759318153720e-01 1.488564119253e+00 1.779962e+00
0.900000 79.950000 1.043125205045e+00 1.513144581746e+00 1.837857e+00
0.900000 79.975000 1.112986125257e+00 1.533101994933e+00 1.894503e+00
0.900000 80.000000 1.185048745622e+00 1.548142148858e+00 1.949637e+00
0.900000 80.025000 1.258807557902e+00 1.558034460879e+00 2.003015e+00
0.900000 80.050000 1.333728152103e+00 1.562618567146e+00 2.054412e+00
0.900000 80.075000 1.409259249790e+00 1.561808790306e+00 2.103630e+00
0.900000 80.100000 1.484845522339e+00 1.555596229856e+00 2.150499e+00
0.900000 80.125000 1.559940672090e+00 1.544048338272e+00 2.194880e+00
0.900000 80.150000 1.634020236178e+00 1.527305970930e+00 2.236668e+00
0.900000 80.175000 1.706593586542e+00 1.505578021761e+00 2.275791e+00
0.900000 80.200000 1.777214643042e+00 1.479133871104e+00 2.312213e+00
0.900000 80.225000 1.845490885180e+00 1.448293970036e+00 2.345931e+00
0.900000 80.250000 1.911090335236e+00 1.413418961319e+00 2.376977e+00
0.900000 80.275000 1.973746284600e+00 1.374897788151e+00 2.405414e+00
0.900000 80.300000 2.033259638322e+00 1.333135267441e+00 2.431336e+00
0.900000 80.325000 2.089498853801e+00 1.288539606111e+00 2.454860e+00
0.900000 80.350000 2.142397542794e+00 1.241510320068e+00 2.476129e+00
0.900000 80.375000 2.191949887870e+00 1.192426980452e+00 2.495301e+00
0.900000 80.400000 2.238204093295e+00 1.141639165099e+00 2.512548e+00
0.900000 80.425000 2.281254145872e+00 1.089457939260e+00 2.528050e+00
0.900000 80.450000 2.321230204664e+00 1.036149131971e+00 2.541990e+00
0.900000 80.475000 2.358287971717e+00 9.819286152051e-01 2.554546e+00
0.900000 80.500000 2.392597420863e+00 9.269597331884e-01 2.565887e+00
0.900000 80.525000 2.424331280169e+00 8.713529686134e-01 2.576167e+00
0.900000 80.550000 2.453653676315e+00 8.151678700470e-01 2.585520e+00
0.900000 80.575000 2.480709355881e+00 7.584171991670e-01 2.594054e+00
0.900000 80.600000 2.505613897595e+00 7.010731865719e-01 2.601846e+00
0.900000 80.625000 2.528445318622e+00 6.430757105054e-01 2.608943e+00
0.900000 80.650000 2.549237453937e+00 5.843421349186e-01 2.615352e+00
0.900000 80.675000 2.567975447536e+00 5.247784643415e-01 2.621048e+00
0.900000 80.700000 2.584593635502e+00 4.642913969925e-01 2.625965e+00
0.900000 80.725000 2.598976022328e+00 4.028007896579e-01 2.630005e+00
0.900000 80.750000 2.610959454097e+00 3.402519940974e-01 2.633036e+00
0.900000 80.775000 2.620339477697e+00 2.766274912417e-01 2.634901e+00
0.900000 80.800000 2.626878748704e+00 2.119572418373e-01 2.635416e+00
0.900000 80.825000 2.630317718730e+00 1.463271947402e-01 2.634385e+00
0.900000 80.850000 2.630387203704e+00 7.988544913925e-02 2.631600e+00
0.900000 80.875000 2.626822316712e+00 1.284565455462e-02 2.626854e+00
0.900000 80.900000 2.619377151566e+00 -5.451265014113e-02 2.619944e+00
0.900000 80.925000 2.607839534267e+00 -1.218469154988e-01 2.610685e+00
0.900000 80.950000 2.592045125555e+00 -1.887576759571e-01 2.598909e+00
0.900000 80.975000 2.571890163087e+00 -2.547976913856e-01 2.584481e+00
0.900000 81.000000 2.547342178110e+00 -3.194838033720e-01 2.567299e+00
0.900000 81.025000 2.518448107356e+00 -3.823110237274e-01 2.547301e+00
0.900000 81.050000 2.485339342184e+00 -4.427682459501e-01 2.524471e+00
0.900000 81.075000 2.448233406803e+00 -5.003548758416e-01 2.498840e+00
0.900000 81.100000 2.407432126746e+00 -5.545976215107e-01 2.470487e+00
0.900000 81.125000 2.363316327324e+00 -6.050666696057e-01 2.439543e+00
0.900000 81.150000 2.316337278384e+00 -6.513905047183e-01 2.406185e+00
0.900000 81.175000 2.267005265524e+00 -6.932687006478e-01 2.370640e+00
0.900000 81.200000 2.215875808942e+00 -7.304821208231e-01 2.333176e+00
0.900000 81.225000 2.163534160935e+00 -7.629001036403e-01 2.294100e+00
0.900000 81.250000 2.110578785599e+00 -7.904843678165e-01 2.253754e+00
0.900000 81.275000 2.057604555765e+00 -8.132895429437e-01 2.212505e+00
0.900000 81.300000 2.005186391802e+00 -8.314604006761e-01 2.170737e+00
0.900000 81.325000 1.953864016359e+00 -8.452260219353e-01 2.128847e+00
0.900000 81.350000 1.904128412858e+00 -8.548912757525e-01 2.087234e+00
0.900000 81.375000 1.856410460069e+00 -8.608260978883e-01 2.046285e+00
0.900000 81.400000 1.811072078787e+00 -8.634531362382e-01 2.006373e+00
0.900000 81.425000 1.768400078840e+00 -8.632343716989e-01 1.967845e+00
0.900000 81.450000 1.728602745507e+00 -8.606573265990e-01 1.931010e+00
0.900000 81.475000 1.691809063472e+00 -8.562214396444e-01 1.896136e+00
0.900000 81.500000 1.658070352853e+00 -8.504251206495e-01 1.863443e+00
0.900000 81.525000 1.627363992920e+00 -8.437539063974e-01 1.833094e+00
0.900000 81.550000 1.599598840443e+00 -8.366700287443e-01 1.805196e+00
0.900000 81.575000 1.574621914219e+00 -8.296035866558e-01 1.779797e+00
0.900000 81.600000 1.552225915774e+00 -8.229453947581e-01 1.756885e+00
0.900000 81.625000 1.532157186323e+00 -8.170414714353e-01 1.736394e+00
0.900000 81.650000 1.514123757097e+00 -8.121890377178e-01 1.718203e+00
0.900000 81.675000 1.497803227528e+00 -8.086338306914e-01 1.702147e+00
0.900000 81.700000 1.482850294934e+00 -8.065684961718e-01 1.688016e+00
0.900000 81.725000 1.468903851402e+00 -8.061318165751e-01 1.675568e+00
0.900000 81.750000 1.455593649076e+00 -8.074085501258e-01 1.664530e+00
0.900000 81.775000 1.442546605704e+00 -8.104297029252e-01 1.654611e+00
0.900000 81.800000 1.429392871227e+00 -8.151731197603e-01 1.645500e+00
0.900000 81.825000 1.415771798678e+00 -8.215643548358e-01 1.636881e+00
0.900000 81.850000 1.401337956861e+00 -8.294778608115e-01 1.628429e+00
0.900000 81.875000 1.385767289019e+00 -8.387386043593e-01 1.619825e+00
0.900000 81.900000 1.368763464902e+00 -8.491242704018e-01 1.610753e+00
0.900000 81.925000 1.350064399510e+00 -8.603682482930e-01 1.600908e+00
0.900000 81.950000 1.329448828606e+00 -8.721635968080e-01 1.590001e+00
0.900000 81.975000 1.306742748106e+00 -8.841681590336e-01 1.577761e+00
0.900000 82.000000 1.281825451277e+00 -8.960109442697e-01 1.563941e+00
0.900000 82.025000 1.254634842925e+00 -9.072998159317e-01 1.548322e+00
0.900000 82.050000 1.225171680618e+00 -9.176304288630e-01 1.530716e+00
0.900000 82.075000 1.193502394160e+00 -9.265962550134e-01 1.510969e+00
0.900000 82.100000 1.159760167760e+00 -9.337994327932e-01 1.488968e+00
0.900000 82.125000 1.124144033521e+00 -9.388620824236e-01 1.464637e+00
0.900000 82.150000 1.086915815683e+00 -9.414376562821e-01 1.437947e+00
0.900000 82.175000 1.048394875820e+00 -9.412218469173e-01 1.408911e+00
0.900000 82.200000 1.008950731215e+00 -9.379625610311e-01 1.377590e+00
0.900000 82.225000 9.689937421456e-01 -9.314684873882e-01 1.344092e+00
0.900000 82.250000 9.289641791295e-01 -9.216158394256e-01 1.308568e+00
0.900000 82.275000 8.893200789442e-01 -9.083529355264e-01 1.271218e+00
0.900000 82.300000 8.505243713081e-01 -8.917023852916e-01 1.232284e+00
0.900000 82.325000 8.130318009896e-01 -8.717607706667e-01 1.192052e+00
0.900000 82.350000 7.772761803697e-01 -8.486958374220e-01 1.150844e+00
0.900000 82.375000 7.436584851781e-01 -8.227413360421e-01 1.109023e+00
0.900000 82.400000 7.125362540377e-01 -7.941897630124e-01 1.066980e+00
0.900000 82.425000 6.842146755091e-01 -7.633833466097e-01 1.025136e+00
0.900000 82.450000 6.589396511292e-01 -7.307036903670e-01 9.839356e-01
0.900000 82.475000 6.368930169887e-01 -6.965605293191e-01 9.438375e-01
0.900000 82.500000 6.181899974514e-01 -6.613800682341e-01 9.053079e-01
0.900000 82.525000 6.028788599644e-01 -6.255933587028e-01 8.688095e-01
0.900000 82.550000 5.909426457811e-01 -5.896251364535e-01 8.347880e-01
0.900000 82.575000 5.823027726462e-01 -5.538834861929e-01 8.036563e-01
0.900000 82.600000 5.768242451623e-01 -5.187506340631e-01 7.757760e-01
0.900000 82.625000 5.743221680801e-01 -4.845750931338e-01 7.514379e-01
0.900000 82.650000 5.745692369016e-01 -4.516653106280e-01 7.308429e-01
0.900000 82.675000 5.773038773797e-01 -4.202848915865e-01 7.140862e-01
0.900000 82.700000 5.822387181692e-01 -3.906494062017e-01 7.011483e-01
0.900000 82.725000 5.890691058227e-01 -3.629247298044e-01 6.918936e-01
0.900000 82.750000 5.974814050938e-01 -3.372268170514e-01 6.860801e-01
0.900000 82.775000 6.071608667486e-01 -3.136227757845e-01 6.833766e-01
0.900000 82.800000 6.177988867810e-01 -2.921330810127e-01 6.833866e-01
0.900000 82.825000 6.290995225766e-01 -2.727347545701e-01 6.856752e-01
0.900000 82.850000 6.407851712462e-01 -2.553653298872e-01 6.897950e-01
0.900000 82.875000 6.526013517297e-01 -2.399274224462e-01 6.953083e-01
0.900000 82.900000 6.643205645274e-01 -2.262937333431e-01 7.018053e-01
0.900000 82.925000 6.757452306629e-01 -2.143123245065e-01 7.089156e-01
0.900000 82.950000 6.867097346349e-01 -2.038120182771e-01 7.163167e-01
0.900000 82.975000 6.970816147851e-01 -1.946077901817e-01 7.237368e-01
0.900000 83.000000 7.067619589453e-01 -1.865060409570e-01 7.309562e-01
0.900000 83.025000 7.156850737112e-01 -1.793096514966e-01 7.378056e-01
0.900000 83.050000 7.238175025567e-01 -1.728227417816e-01 7.441636e-01
0.900000 83.075000 7.311564716185e-01 -1.668550715019e-01 7.499536e-01
0.900000 83.100000 7.377278427161e-01 -1.612260355142e-01 7.551399e-01
0.900000 83.125000 7.435836515114e-01 -1.557682211144e-01 7.597239e-01
0.900000 83.150000 7.487993051298e-01 -1.503305060120e-01 7.637406e-01
0.900000 83.175000 7.534705086631e-01 -1.447806856675e-01 7.672544e-01
0.900000 83.200000 7.577099843413e-01 -1.390076262191e-01 7.703555e-01
0.900000 83.225000 7.616440414217e-01 -1.329229446478e-01 7.731560e-01
0.900000 83.250000 7.654090495655e-01 -1.264622213802e-01 7.757859e-01
0.900000 83.275000 7.691478641310e-01 -1.195857525689e-01 7.783888e-01
0.900000 83.300000 7.730062487377e-01 -1.122788503815e-01 7.811179e-01
0.900000 83.325000 7.771293388022e-01 -1.045517003450e-01 7.841308e-01
0.900000 83.350000 7.816581894443e-01 -9.643878576199e-02 7.875849e-01
0.900000 83.375000 7.867264519641e-01 -8.799789101311e-02 7.916326e-01
0.900000 83.400000 7.924572245392e-01 -7.930869863081e-02 7.964159e-01
0.900000 83.425000 7.989601242978e-01 -7.047099966762e-02 8.020620e-01
0.900000 83.450000 8.063286288099e-01 -6.160254315376e-02 8.086784e-01
0.900000 83.475000 8.146377346194e-01 -5.283655818198e-02 8.163494e-01
0.900000 83.500000 8.239419780683e-01 -4.431899096912e-02 8.251331e-01
0.900000 83.525000 8.342738588564e-01 -3.620550850570e-02 8.350591e-01
0.900000 83.550000 8.456426992180e-01 -2.865832932447e-02 8.461282e-01
0.900000 83.575000 8.580339612586e-01 -2.184294958812e-02 8.583119e-01
0.900000 83.600000 8.714090321016e-01 -1.592483817977e-02 8.715545e-01
0.900000 83.625000 8.857054716245e-01 -1.106617688333e-02 8.857746e-01
0.900000 83.650000 9.008377015528e-01 -7.422720334344e-03 9.008683e-01
0.900000 83.675000 9.166980986464e-01 -5.140844705219e-03 9.167125e-01
0.900000 83.700000 9.331584399528e-01 -4.354843903466e-03 9.331686e-01
0.900000 83.725000 9.500716360251e-01 -5.184517648400e-03 9.500858e-01
0.900000 83.750000 9.672736799644e-01 -7.733077830211e-03 9.673046e-01
0.900000 83.775000 9.845857373720e-01 -1.208537919588e-02 9.846599e-01
0.900000 83.800000 1.001816305664e+00 -1.830645920305e-02 1.001984e+00
0.900000 83.825000 1.018763381134e+00 -2.644035173422e-02 1.019106e+00
0.900000 83.850000 1.035216588512e+00 -3.650912237115e-02 1.035860e+00
0.900000 83.875000 1.050959249680e+00 -4.851206120729e-02 1.052078e+00
0.900000 83.900000 1.065770394199e+00 -6.242496464808e-02 1.067597e+00
0.900000 83.925000 1.079426742096e+00 -7.819944180111e-02 1.082256e+00
0.900000 83.950000 1.091704716282e+00 -9.576219472636e-02 1.095897e+00
0.900000 83.975000 1.102382564868e+00 -1.150142449597e-01 1.108366e+00
0.900000 84.000000 1.111242689406e+00 -1.358301103301e-01 1.119513e+00
0.900000 84.025000 1.118074280714e+00 -1.580569740792e-01 1.129191e+00
0.900000 84.050000 1.122676357211e+00 -1.815139296170e-01 1.137255e+00
0.900000 84.075000 1.124861280060e+00 -2.059914250315e-01 1.143567e+00
0.900000 84.100000 1.124458784852e+00 -2.312510673191e-01 1.147992e+00
0.900000 84.125000 1.121320522075e+00 -2.570259726634e-01 1.150401e+00
0.900000 84.150000 1.115325041046e+00 -2.830218617343e-01 1.150674e+00
0.900000 84.175000 1.106383088166e+00 -3.089190944276e-01 1.148701e+00
0.900000 84.200000 1.094443025654e+00 -3.343758144819e-01 1.144383e+00
0.900000 84.225000 1.079496117042e+00 -3.590323303335e-01 1.137636e+00
0.900000 84.250000 1.061581376969e+00 -3.825167955747e-01 1.128394e+00
0.900000 84.275000 1.040789650931e+00 -4.044521735330e-01 1.116613e+00
0.900000 84.300000 1.017266580504e+00 -4.244643806473e-01 1.102271e+00
0.900000 84.325000 9.912141246385e-01 -4.421914088137e-01 1.085375e+00
0.900000 84.350000 9.628903492356e-01 -4.572931350279e-01 1.065962e+00
0.900000 84.375000 9.326072647559e-01 -4.694614451849e-01 1.044103e+00
0.900000 84.400000 9.007265819444e-01 -4.784302351913e-01 1.019904e+00
0.900000 84.425000 8.676533636842e-01 -4.839848129934e-01 9.935108e-01
0.900000 84.450000 8.338276695766e-01 -4.859702144690e-01 9.651091e-01
0.900000 84.475000 7.997144108008e-01 -4.842979669535e-01 9.349266e-01
0.900000 84.500000 7.657917473810e-01 -4.789508866161e-01 9.032336e-01
0.900000 84.525000 7.325384596040e-01 -4.699855775554e-01 8.703442e-01
0.900000 84.550000 7.004208023645e-01 -4.575324065521e-01 8.366153e-01
0.900000 84.575000 6.698793996984e-01 -4.417928511197e-01 8.024458e-01
0.900000 84.600000 6.413167528833e-01 -4.230342515944e-01 7.682741e-01
0.900000 84.625000 6.150859178788e-01 -4.015821315893e-01 7.345740e-01
0.900000 84.650000 5.914808577624e-01 -3.778103763076e-01 7.018478e-01
0.900000 84.675000 5.707288967891e-01 -3.521296668596e-01 6.706167e-01
0.900000 84.700000 5.529856003883e-01 -3.249746542088e-01 6.414060e-01
0.900000 84.725000 5.383322868973e-01 -2.967904139460e-01 6.147245e-01
0.900000 84.750000 5.267762500319e-01 -2.680187502356e-01 5.910391e-01
0.900000 84.775000 5.182536440318e-01 -2.390849137624e-01 5.707438e-01
0.900000 84.800000 5.126348635802e-01 -2.103852662312e-01 5.541268e-01
0.900000 84.825000 5.097321443705e-01 -1.822763666062e-01 5.413423e-01
0.900000 84.850000 5.093090224808e-01 -1.550658768507e-01 5.323919e-01
0.900000 84.875000 5.110912246797e-01 -1.290055931912e-01 5.271211e-01
0.900000 84.900000 5.147785188770e-01 -1.042868088849e-01 5.252358e-01
0.900000 84.925000 5.200570339717e-01 -8.103811178160e-02 5.263331e-01
0.900000 84.950000 5.266115598683e-01 -5.932561964378e-02 5.299427e-01
0.900000 84.975000 5.341373590098e-01 -3.915556223240e-02 5.355706e-01
0.900000 85.000000 5.423510574595e-01 -2.047903454742e-02 5.427376e-01
0.900000 85.025000 5.510002332429e-01 -3.198672257484e-03 5.510095e-01
0.900000 85.050000 5.598713793826e-01 1.282306069345e-02 5.600182e-01
0.900000 85.075000 5.687959862135e-01 2.775433063196e-02 5.694727e-01
0.900000 85.100000 5.776545600084e-01 4.178353275182e-02 5.791638e-01
0.900000 85.125000 5.863784709091e-01 5.510844655334e-02 5.889624e-01
0.900000 85.150000 5.949496011984e-01 6.792537517892e-02 5.988146e-01
0.900000 85.175000 6.033978436870e-01 8.041869318238e-02 6.087332e-01
0.900000 85.200000 6.117965779625e-01 9.275121167706e-02 6.187874e-01
0.900000 85.225000 6.202563276932e-01 1.050557407774e-01 6.290903e-01
0.900000 85.250000 6.289168729554e-01 1.174281865399e-01 6.397858e-01
0.900000 85.275000 6.379381550677e-01 1.299224633103e-01 6.510337e-01
0.900000 85.300000 6.474903647653e-01 1.425474332007e-01 6.629959e-01
0.900000 85.325000 6.577436446355e-01 1.552660037934e-01 6.758212e-01
0.900000 85.350000 6.688578606034e-01 1.679964254896e-01 6.896330e-01
0.900000 85.375000 6.809729023248e-01 1.806157344933e-01 7.045184e-01
0.900000 85.400000 6.941999568110e-01 1.929651903910e-01 7.205201e-01
0.900000 85.425000 7.086141626876e-01 2.048574634686e-01 7.376318e-01
0.900000 85.450000 7.242489946540e-01 2.160852413955e-01 7.557972e-01
0.900000 85.475000 7.410926508152e-01 2.264308528171e-01 7.749124e-01
0.900000 85.500000 7.590866228162e-01 2.356764513350e-01 7.948307e-01
0.900000 85.525000 7.781265245652e-01 2.436142711153e-01 8.153703e-01
0.900000 85.550000 7.980651451978e-01 2.500564575242e-01 8.363230e-01
0.900000 85.575000 8.187175818321e-01 2.548439938863e-01 8.574637e-01
0.900000 85.600000 8.398682038000e-01 2.578542882293e-01 8.785599e-01
0.900000 85.625000 8.612791083712e-01 2.590070496706e-01 8.993811e-01
0.900000 85.650000 8.826996537601e-01 2.582681693820e-01 9.197071e-01
0.900000 85.675000 9.038766026226e-01 2.556514210854e-01 9.393352e-01
0.900000 85.700000 9.245643811424e-01 2.512179051180e-01 9.580865e-01
0.900000 85.725000 9.445349564797e-01 2.450732721384e-01 9.758110e-01
0.900000 85.750000 9.635868585281e-01 2.373628712846e-01 9.923914e-01
0.900000 85.775000 9.815529187955e-01 2.282650672162e-01 1.007746e+00
0.900000 85.800000 9.983063666372e-01 2.179830558239e-01 1.021828e+00
0.900000 85.825000 1.013765006796e+00 2.067355753855e-01 1.034630e+00
0.900000 85.850000 1.027893297246e+00 1.947469557259e-01 1.046179e+00
0.900000 85.875000 1.040702247311e+00 1.822369710022e-01 1.056537e+00
0.900000 85.900000 1.052247157533e+00 1.694109619492e-01 1.065797e+00
0.900000 85.925000 1.062623319647e+00 1.564506719251e-01 1.074079e+00
0.900000 85.950000 1.071959882814e+00 1.435062001511e-01 1.081523e+00
0.900000 85.975000 1.080412167280e+00 1.306894182935e-01 1.088288e+00
0.900000 86.000000 1.088152766139e+00 1.180691267368e-01 1.094540e+00
0.900000 86.025000 1.095361818316e+00 1.056681486456e-01 1.100447e+00
0.900000 86.050000 1.102216860554e+00 9.346247732851e-02 1.106172e+00
0.900000 86.075000 1.108882673633e+00 8.138250942282e-02 1.111865e+00
0.900000 86.100000 1.115501529304e+00 6.931631647952e-02 1.117653e+00
0.900000 86.125000 1.122184221505e+00 5.711483352283e-02 1.123637e+00
0.900000 86.150000 1.129002230563e+00 4.459877724466e-02 1.129883e+00
0.900000 86.175000 1.135981324751e+00 3.156705009026e-02 1.136420e+00
0.900000 86.200000 1.143096852306e+00 1.780634031255e-02 1.143236e+00
0.900000 86.225000 1.150270921018e+00 3.101592199731e-03 1.150275e+00
0.900000 86.250000 1.157371603731e+00 -1.275300526192e-02 1.157442e+00
0.900000 86.275000 1.164214247940e+00 -2.994287972342e-02 1.164599e+00
0.900000 86.300000 1.170564907178e+00 -4.862216346287e-02 1.171574e+00
0.900000 86.325000 1.176145851491e+00 -6.890338511473e-02 1.178162e+00
0.900000 86.350000 1.180643054325e+00 -9.084813529107e-02 1.184133e+00
0.900000 86.375000 1.183715493507e+00 -1.144590619914e-01 1.189236e+00
0.900000 86.400000 1.185006044851e+00 -1.396735297574e-01 1.193209e+00
0.900000 86.425000 1.184153688580e+00 -1.663592461237e-01 1.195782e+00
0.900000 86.450000 1.180806691907e+00 -1.943121189887e-01 1.196688e+00
0.900000 86.475000 1.174636377265e+00 -2.232565579388e-01 1.195665e+00
0.900000 86.500000 1.165351036816e+00 -2.528483702704e-01 1.192466e+00
0.900000 86.525000 1.152709512778e+00 -2.826803279297e-01 1.186865e+00
0.900000 86.550000 1.136533933236e+00 -3.122903949817e-01 1.178658e+00
0.900000 86.575000 1.116721078150e+00 -3.411725077011e-01 1.167675e+00
0.900000 86.600000 1.093251854060e+00 -3.687896933429e-01 1.153779e+00
0.900000 86.625000 1.066198382078e+00 -3.945892027738e-01 1.136873e+00
0.900000 86.650000 1.035728254879e+00 -4.180192214180e-01 1.116903e+00
0.900000 86.675000 1.002105596029e+00 -4.385466184629e-01 1.093864e+00
0.900000 86.700000 9.656886591772e-01 -4.556751028788e-01 1.067799e+00
0.900000 86.725000 9.269238332991e-01 -4.689630837275e-01 1.038804e+00
0.900000 86.750000 8.863360693168e-01 -4.780404884686e-01 1.007032e+00
0.900000 86.775000 8.445159068858e-01 -4.826237826542e-01 9.726936e-01
0.900000 86.800000 8.021034498985e-01 -4.825284621692e-01 9.360575e-01
0.900000 86.825000 7.597698058207e-01 -4.776783576142e-01 8.974557e-01
0.900000 86.850000 7.181966569216e-01 -4.681111995697e-01 8.572832e-01
0.900000 86.875000 6.780547601791e-01 -4.539800405180e-01 8.160001e-01
0.900000 86.900000 6.399822671588e-01 -4.355503084156e-01 7.741327e-01
0.900000 86.925000 6.045638069595e-01 -4.131924698098e-01 7.322741e-01
0.900000 86.950000 5.723112781323e-01 -3.873704961459e-01 6.910833e-01
0.900000 86.975000 5.436472459890e-01 -3.586265429625e-01 6.512798e-01
0.900000 87.000000 5.188917399787e-01 -3.275624546145e-01 6.136333e-01
0.900000 87.025000 4.982530955203e-01 -2.948188836490e-01 5.789424e-01
0.900000 87.050000 4.818232931013e-01 -2.610529517998e-01 5.479985e-01
0.900000 87.075000 4.695780250229e-01 -2.269154686289e-01 5.215306e-01
0.900000 87.100000 4.613814799405e-01 -1.930287570110e-01 5.001330e-01
0.900000 87.125000 4.569955919899e-01 -1.599661084101e-01 4.841840e-01
0.900000 87.150000 4.560932701575e-01 -1.282338057780e-01 4.737774e-01
0.900000 87.175000 4.582749194505e-01 -9.825651254426e-02 4.686899e-01
0.900000 87.200000 4.630874015020e-01 -7.036664106474e-02 4.684030e-01
0.900000 87.225000 4.700444690007e-01 -4.479809481797e-02 4.721744e-01
0.900000 87.250000 4.786476526956e-01 -2.168453978583e-02 4.791386e-01
0.900000 87.275000 4.884065846028e-01 -1.062117364208e-03 4.884077e-01
0.900000 87.300000 4.988578050121e-01 1.712372047473e-02 4.991516e-01
0.900000 87.325000 5.095812183897e-01 3.300777855278e-02 5.106491e-01
0.900000 87.350000 5.202135250384e-01 4.679178008769e-02 5.223137e-01
0.900000 87.375000 5.304581492502e-01 5.872893318217e-02 5.336993e-01
0.900000 87.400000 5.400913966237e-01 6.910727826520e-02 5.444947e-01
0.900000 87.425000 5.489647884588e-01 7.823270291797e-02 5.545112e-01
0.900000 87.450000 5.570037254039e-01 8.641246844133e-02 5.636668e-01
0.900000 87.475000 5.642028131578e-01 9.394000428029e-02 5.719699e-01
0.900000 87.500000 5.706183299033e-01 1.010816013139e-01 5.795022e-01
0.900000 87.525000 5.763584214381e-01 1.080654844102e-01 5.864019e-01
0.900000 87.550000 5.815716724181e-01 1.150735809043e-01 5.928470e-01
0.900000 87.575000 5.864347211694e-01 1.222361370102e-01 5.990387e-01
0.900000 87.600000 5.911395648617e-01 1.296291797175e-01 6.051857e-01
0.900000 87.625000 5.958811479132e-01 1.372746864495e-01 6.114889e-01
0.900000 87.650000 6.008457476127e-01 1.451432150617e-01 6.181280e-01
0.900000 87.675000 6.062005762923e-01 1.531586659963e-01 6.252493e-01
0.900000 87.700000 6.120849181049e-01 1.612047970200e-01 6.329573e-01
0.900000 87.725000 6.186030186909e-01 1.691330867127e-01 6.413078e-01
0.900000 87.750000 6.258188542277e-01 1.767715414762e-01 6.503056e-01
0.900000 87.775000 6.337528268377e-01 1.839340566832e-01 6.599048e-01
0.900000 87.800000 6.423803680710e-01 1.904299696546e-01 6.700120e-01
0.900000 87.825000 6.516323809313e-01 1.960734747436e-01 6.804922e-01
0.900000 87.850000 6.613974116527e-01 2.006926043080e-01 6.911759e-01
0.900000 87.875000 6.715254118910e-01 2.041375107239e-01 7.018679e-01
0.900000 87.900000 6.818329264258e-01 2.062878126146e-01 7.123558e-01
0.900000 87.925000 6.921095173661e-01 2.070587936998e-01 7.224188e-01
0.900000 87.950000 7.021252106351e-01 2.064062671588e-01 7.318356e-01
0.900000 87.975000 7.116387229759e-01 2.043299451772e-01 7.403921e-01
0.900000 88.000000 7.204061983762e-01 2.008751857316e-01 7.478876e-01
0.900000 88.025000 7.281901538138e-01 1.961330295872e-01 7.541413e-01
0.900000 88.050000 7.347683091321e-01 1.902384918126e-01 7.589961e-01
0.900000 88.075000 7.399419591446e-01 1.833671341263e-01 7.623238e-01
0.900000 88.100000 7.435435424206e-01 1.757300154839e-01 7.640275e-01
0.900000 88.125000 7.454430748167e-01 1.675671949858e-01 7.640446e-01
0.900000 88.150000 7.455531496183e-01 1.591400382388e-01 7.623484e-01
0.900000 88.175000 7.438322612610e-01 1.507226493984e-01 7.589491e-01
0.900000 88.200000 7.402862848888e-01 1.425928094252e-01 7.538942e-01
0.900000 88.225000 7.349680359957e-01 1.350228401364e-01 7.472678e-01
0.900000 88.250000 7.279749374379e-01 1.282708281026e-01 7.391894e-01
0.900000 88.275000 7.194449278119e-01 1.225726289268e-01 7.298117e-01
0.900000 88.300000 7.095508471569e-01 1.181350299761e-01 7.193179e-01
0.900000 88.325000 6.984936245657e-01 1.151303799707e-01 7.079183e-01
0.900000 88.350000 6.864946597385e-01 1.136929014373e-01 6.958455e-01
0.900000 88.375000 6.737878305340e-01 1.139167937167e-01 6.833499e-01
0.900000 88.400000 6.606115672818e-01 1.158561185754e-01 6.706939e-01
0.900000 88.425000 6.472014109043e-01 1.195263469938e-01 6.581460e-01
0.900000 88.450000 6.337834176721e-01 1.249073438814e-01 6.459747e-01
0.900000 88.475000 6.205686934329e-01 1.319474857894e-01 6.344412e-01
0.900000 88.500000 6.077492415638e-01 1.405685517847e-01 6.237938e-01
0.900000 88.525000 5.954952005538e-01 1.506710036440e-01 6.142608e-01
0.900000 88.550000 5.839534386550e-01 1.621392795888e-01 6.060452e-01
0.900000 88.575000 5.732473739302e-01 1.748467640913e-01 5.993196e-01
0.900000 88.600000 5.634778066044e-01 1.886601602191e-01 5.942221e-01
0.900000 88.625000 5.547244933477e-01 2.034430736713e-01 5.908539e-01
0.900000 88.650000 5.470481638835e-01 2.190587107024e-01 5.892779e-01
0.900000 88.675000 5.404926802301e-01 2.353716865124e-01 5.895186e-01
0.900000 88.700000 5.350870662574e-01 2.522490276718e-01 5.915638e-01
0.900000 88.725000 5.308471858032e-01 2.695605241854e-01 5.953668e-01
0.900000 88.750000 5.277769151760e-01 2.871786381472e-01 6.008494e-01
0.900000 88.775000 5.258687329816e-01 3.049782032016e-01 6.079059e-01
0.900000 88.800000 5.251037289858e-01 3.228361513336e-01 6.164066e-01
0.900000 88.825000 5.254511066571e-01 3.406314824143e-01 6.262018e-01
0.900000 88.850000 5.268673147290e-01 3.582456511366e-01 6.371257e-01
0.900000 88.875000 5.292949868627e-01 3.755634907523e-01 6.490001e-01
0.900000 88.900000 5.326618925597e-01 3.924747295905e-01 6.616382e-01
0.900000 88.925000 5.368801062397e-01 4.088760911258e-01 6.748481e-01
0.900000 88.950000 5.418455862276e-01 4.246739074009e-01 6.884363e-01
0.900000 88.975000 5.474383242591e-01 4.397871238760e-01 7.022118e-01
0.900000 89.000000 5.535231831681e-01 4.541505349194e-01 7.159893e-01
0.900000 89.025000 5.599514904237e-01 4.677180651850e-01 7.295929e-01
0.900000 89.050000 5.665634029633e-01 4.804659034620e-01 7.428604e-01
0.900000 89.075000 5.731910086882e-01 4.923953012363e-01 7.556461e-01
0.900000 89.100000 5.796620856585e-01 5.035348660174e-01 7.678252e-01
0.900000 89.125000 5.858044039022e-01 5.139422066019e-01 7.792967e-01
0.900000 89.150000 5.914504283028e-01 5.237048206678e-01 7.899876e-01
0.900000 89.175000 5.964422644734e-01 5.329401512952e-01 7.998553e-01
0.900000 89.200000 6.006366823624e-01 5.417947754618e-01 8.088918e-01
0.900000 89.225000 6.039100533074e-01 5.504427221000e-01 8.171258e-01
0.900000 89.250000 6.061630438083e-01 5.590829484798e-01 8.246256e-01
0.900000 89.275000 6.073249218107e-01 5.679360306913e-01 8.315016e-01
0.900000 89.300000 6.073573472779e-01 5.772401466183e-01 8.379076e-01
0.900000 89.325000 6.062575371062e-01 5.872464481535e-01 8.440418e-01
0.900000 89.350000 6.040607141716e-01 5.982139338849e-01 8.501466e-01
0.900000 89.375000 6.008417709863e-01 6.104039444236e-01 8.565067e-01
0.900000 89.400000 5.967160998315e-01 6.240744102172e-01 8.634460e-01
0.900000 89.425000 5.918395631589e-01 6.394739861514e-01 8.713214e-01
0.900000 89.450000 5.864076003425e-01 6.568362083688e-01 8.805156e-01
0.900000 89.475000 5.806534891623e-01 6.763738062473e-01 8.914258e-01
0.900000 89.500000 5.748458021685e-01 6.982732961281e-01 9.044519e-01
0.900000 89.525000 5.692851184771e-01 7.226899729877e-01 9.199817e-01
0.900000 89.550000 5.643000696189e-01 7.497434019000e-01 9.383761e-01
0.900000 89.575000 5.602428127110e-01 7.795134932853e-01 9.599548e-01
0.900000 89.600000 5.574840344534e-01 8.120372254107e-01 9.849837e-01
0.900000 89.625000 5.564075945052e-01 8.473060556288e-01 1.013665e+00
0.900000 89.650000 5.574049162988e-01 8.852640399056e-01 1.046132e+00
0.900000 89.675000 5.608692274380e-01 9.258066599770e-01 1.082447e+00
0.900000 89.700000 5.671897412098e-01 9.687803405586e-01 1.122604e+00
0.900000 89.725000 5.767458566567e-01 1.013982626806e+00 1.166532e+00
0.900000 89.750000 5.899014388041e-01 1.061162985556e+00 1.214105e+00
0.900000 89.775000 6.069992249824e-01 1.110024193101e+00 1.265149e+00
0.900000 89.800000 6.283553897610e-01 1.160224276952e+00 1.319451e+00
0.900000 89.825000 6.542542916575e-01 1.211378988144e+00 1.376767e+00
0.900000 89.850000 6.849434209015e-01 1.263064792455e+00 1.436830e+00
0.900000 89.875000 7.206285699069e-01 1.314822381238e+00 1.499354e+00
0.900000 89.900000 7.614692567189e-01 1.366160713091e+00 1.564043e+00
0.900000 89.925000 8.075744457150e-01 1.416561604003e+00 1.630590e+00
0.900000 89.950000 8.589986276251e-01 1.465484883881e+00 1.698683e+00
0.900000 89.975000 9.157383402060e-01 1.512374130275e+00 1.768008e+00
0.900000 90.000000 9.777292289706e-01 1.556662975052e+00 1.838248e+00
0.900000 90.025000 1.044843761393e+00 1.597781957146e+00 1.909085e+00
0.900000 90.050000 1.116889715366e+00 1.635165865880e+00 1.980205e+00
0.900000 90.075000 1.193609561295e+00 1.668261486731e+00 2.051292e+00
0.900000 90.100000 1.274680845746e+00 1.696535627982e+00 2.122038e+00
0.900000 90.125000 1.359717662810e+00 1.719483275593e+00 2.192135e+00
0.900000 90.150000 1.448273268117e+00 1.736635698305e+00 2.261283e+00
0.900000 90.175000 1.539843851649e+00 1.747568308291e+00 2.329187e+00
0.900000 90.200000 1.633873442146e+00 1.751908077017e+00 2.395563e+00
0.900000 90.225000 1.729759871448e+00 1.749340312441e+00 2.460134e+00
0.900000 90.250000 1.826861685494e+00 1.739614622348e+00 2.522634e+00
0.900000 90.275000 1.924505853643e+00 1.722549918228e+00 2.582809e+00
0.900000 90.300000 2.021996102785e+00 1.698038352057e+00 2.640417e+00
0.900000 90.325000 2.118621689505e+00 1.666048121215e+00 2.695232e+00
0.900000 90.350000 2.213666423445e+00 1.626625120408e+00 2.747040e+00
0.900000 90.375000 2.306417767548e+00 1.579893459444e+00 2.795644e+00
0.900000 90.400000 2.396175864007e+00 1.526054898165e+00 2.840863e+00
0.900000 90.425000 2.482262365402e+00 1.465387271397e+00 2.882531e+00
0.900000 90.450000 2.564028984354e+00 1.398241985605e+00 2.920501e+00
0.900000 90.475000 2.640865707246e+00 1.325040664589e+00 2.954641e+00
0.900000 90.500000 2.712208643532e+00 1.246271005342e+00 2.984840e+00
0.900000 90.525000 2.777547497564e+00 1.162481880111e+00 3.011002e+00
0.900000 90.550000 2.836432651907e+00 1.074277691098e+00 3.033055e+00
0.900000 90.575000 2.888481838418e+00 9.823119554315e-01 3.050945e+00
0.900000 90.600000 2.933386346497e+00 8.872800757110e-01 3.064640e+00
0.900000 90.625000 2.970916679731e+00 7.899112408742e-01 3.074135e+00
0.900000 90.650000 3.000927526836e+00 6.909594076434e-01 3.079447e+00
0.900000 90.675000 3.023361866647e+00 5.911933370245e-01 3.080621e+00
0.900000 90.700000 3.038253986419e+00 4.913857037129e-01 3.077734e+00
0.900000 90.725000 3.045731164944e+00 3.923013569424e-01 3.070892e+00
0.900000 90.750000 3.046013762996e+00 2.946848850432e-01 3.060235e+00
0.900000 90.775000 3.039413478025e+00 1.992477164637e-01 3.045937e+00
0.900000 90.800000 3.026329560279e+00 1.066550695081e-01 3.028208e+00
0.900000 90.825000 3.007242853266e+00 1.751313307094e-02 3.007294e+00
0.900000 90.850000 2.982707609811e+00 -6.764308699619e-02 2.983475e+00
0.900000 90.875000 2.953341140026e+00 -1.483607936280e-01 2.957065e+00
0.900000 90.900000 2.919811461487e+00 -2.242788362767e-01 2.928413e+00
0.900000 90.925000 2.882823235492e+00 -2.951351347087e-01 2.897891e+00
0.900000 90.950000 2.843102376572e+00 -3.607717284382e-01 2.865901e+00
0.900000 90.975000 2.801379806275e+00 -4.211371842508e-01 2.832858e+00
0.900000 91.000000 2.758374879003e+00 -4.762862078007e-01 2.799193e+00
0.900000 91.025000 2.714779032184e+00 -5.263764305606e-01 2.765339e+00
0.900000 91.050000 2.671240203170e+00 -5.716624703074e-01 2.731725e+00
0.900000 91.075000 2.628348512395e+00 -6.124874815463e-01 2.698770e+00
0.900000 91.100000 2.586623640791e+00 -6.492725124843e-01 2.666866e+00
0.900000 91.125000 2.546504236657e+00 -6.825040600204e-01 2.636379e+00
0.900000 91.150000 2.508339582168e+00 -7.127202592102e-01 2.607631e+00
0.900000 91.175000 2.472383642441e+00 -7.404961575361e-01 2.580894e+00
0.900000 91.200000 2.438791520285e+00 -7.664285091764e-01 2.556387e+00
0.900000 91.225000 2.407618255596e+00 -7.911204854785e-01 2.534265e+00
0.900000 91.250000 2.378819845645e+00 -8.151666424605e-01 2.514613e+00
0.900000 91.275000 2.352256324058e+00 -8.391384232306e-01 2.497451e+00
0.900000 91.300000 2.327696721602e+00 -8.635704117255e-01 2.482725e+00
0.900000 91.325000 2.304825737275e+00 -8.889475021757e-01 2.470314e+00
0.900000 91.350000 2.283251967583e+00 -9.156931122315e-01 2.460027e+00
0.900000 91.375000 2.262517567388e+00 -9.441585499836e-01 2.451616e+00
0.900000 91.400000 2.242109238920e+00 -9.746136462675e-01 2.444775e+00
0.900000 91.425000 2.221470458873e+00 -1.007238780598e+00 2.439152e+00
0.900000 91.450000 2.200014850794e+00 -1.042118456087e+00 2.434353e+00
0.900000 91.475000 2.177140588040e+00 -1.079236608127e+00 2.429957e+00
0.900000 91.500000 2.152245670952e+00 -1.118473855068e+00 2.425520e+00
0.900000 91.525000 2.124743863695e+00 -1.159606908516e+00 2.420584e+00
0.900000 91.550000 2.094081007068e+00 -1.202310349693e+00 2.414690e+00
0.900000 91.575000 2.059751351556e+00 -1.246160942547e+00 2.407383e+00
0.900000 91.600000 2.021313488910e+00 -1.290644592860e+00 2.398223e+00
0.900000 91.625000 1.978405409577e+00 -1.335165977937e+00 2.386788e+00
0.900000 91.650000 1.930758185180e+00 -1.379060768786e+00 2.372685e+00
0.900000 91.675000 1.878207775319e+00 -1.421610253883e+00 2.355555e+00
0.900000 91.700000 1.820704488850e+00 -1.462058059851e+00 2.335076e+00
0.900000 91.725000 1.758319690793e+00 -1.499628559291e+00 2.310968e+00
0.900000 91.750000 1.691249433197e+00 -1.533546468216e+00 2.283000e+00
0.900000 91.775000 1.619814795217e+00 -1.563057072086e+00 2.250988e+00
0.900000 91.800000 1.544458836106e+00 -1.587446484353e+00 2.214800e+00
0.900000 91.825000 1.465740185857e+00 -1.606061336031e+00 2.174357e+00
0.900000 91.850000 1.384323413457e+00 -1.618327317225e+00 2.129633e+00
0.900000 91.875000 1.300966415087e+00 -1.623766037471e+00 2.080656e+00
0.900000 91.900000 1.216505149421e+00 -1.622009734931e+00 2.027511e+00
0.900000 91.925000 1.131836112354e+00 -1.612813438150e+00 1.970335e+00
0.900000 91.950000 1.047896989573e+00 -1.596064261498e+00 1.909322e+00
0.900000 91.975000 9.656459552001e-01 -1.571787591295e+00 1.844719e+00
0.900000 92.000000 8.860401025724e-01 -1.540149990547e+00 1.776831e+00
0.900000 92.025000 8.100135039307e-01 -1.501458715308e+00 1.706019e+00
0.900000 92.050000 7.384554036480e-01 -1.456157796155e+00 1.632701e+00
0.900000 92.075000 6.721890575184e-01 -1.404820697525e+00 1.557357e+00
0.900000 92.100000 6.119517392309e-01 -1.348139629903e+00 1.480529e+00
0.900000 92.125000 5.583764426876e-01 -1.286911659578e+00 1.402828e+00
0.900000 92.150000 5.119758111324e-01 -1.222021841245e+00 1.324936e+00
0.900000 92.175000 4.731288151455e-01 -1.154423691444e+00 1.247616e+00
0.900000 92.200000 4.420706745055e-01 -1.085117424393e+00 1.171711e+00
0.900000 92.225000 4.188864670629e-01 -1.015126481613e+00 1.098156e+00
0.900000 92.250000 4.035087859189e-01 -9.454729955449e-01 1.027978e+00
0.900000 92.275000 3.957196918176e-01 -8.771529253054e-01 9.622844e-01
0.900000 92.300000 3.951570617345e-01 -8.111116787790e-01 9.022479e-01
0.900000 92.325000 4.013252621238e-01 -7.482210784529e-01 8.490564e-01
0.900000 92.350000 4.136098850861e-01 -6.892585291597e-01 8.038348e-01
0.900000 92.375000 4.312960900649e-01 -6.348891976758e-01 7.675289e-01
0.900000 92.400000 4.535899070995e-01 -5.856519142828e-01 7.407644e-01
0.900000 92.425000 4.796416954950e-01 -5.419493571581e-01 7.237163e-01
0.900000 92.450000 5.085708285529e-01 -5.040428888888e-01 7.160332e-01
0.900000 92.475000 5.394906027966e-01 -4.720521921596e-01 7.168566e-01
0.900000 92.500000 5.715323570976e-01 -4.459596139539e-01 7.249339e-01
0.900000 92.525000 6.038678364536e-01 -4.256188918000e-01 7.387881e-01
0.900000 92.550000 6.357289446193e-01 -4.107677195197e-01 7.568893e-01
0.900000 92.575000 6.664241916685e-01 -4.010434300737e-01 7.777898e-01
0.900000 92.600000 6.953513444805e-01 -3.960009428972e-01 8.002064e-01
0.900000 92.625000 7.220060141898e-01 -3.951320516337e-01 8.230565e-01
0.900000 92.650000 7.459861470055e-01 -3.978851191880e-01 8.454631e-01
0.900000 92.675000 7.669926055273e-01 -4.036842987231e-01 8.667403e-01
0.900000 92.700000 7.848262204734e-01 -4.119475045410e-01 8.863707e-01
0.900000 92.725000 7.993818444741e-01 -4.221025042224e-01 9.039811e-01
0.900000 92.750000 8.106400415317e-01 -4.336006783634e-01 9.193187e-01
0.900000 92.775000 8.186570941841e-01 -4.459281806614e-01 9.322293e-01
0.900000 92.800000 8.235540066820e-01 -4.586144130686e-01 9.426391e-01
0.900000 92.825000 8.255051325786e-01 -4.712378941214e-01 9.505387e-01
0.900000 92.850000 8.247269686481e-01 -4.834297323144e-01 9.559701e-01
0.900000 92.875000 8.214675460063e-01 -4.948750133438e-01 9.590152e-01
0.900000 92.900000 8.159967265943e-01 -5.053124673704e-01 9.597871e-01
0.900000 92.925000 8.085975912108e-01 -5.145328014091e-01 9.584227e-01
0.900000 92.950000 7.995589946474e-01 -5.223760674178e-01 9.550766e-01
0.900000 92.975000 7.891692721254e-01 -5.287283960559e-01 9.499168e-01
0.900000 93.000000 7.777110138662e-01 -5.335183683579e-01 9.431205e-01
0.900000 93.025000 7.654567826486e-01 -5.367132318996e-01 9.348717e-01
0.900000 93.050000 7.526656310643e-01 -5.383151027778e-01 9.253587e-01
0.900000 93.075000 7.395802769750e-01 -5.383572366183e-01 9.147718e-01
0.900000 93.100000 7.264248120200e-01 -5.369004053249e-01 9.033023e-01
0.900000 93.125000 7.134028429982e-01 -5.340293835595e-01 8.911403e-01
0.900000 93.150000 7.006959939368e-01 -5.298495298671e-01 8.784733e-01
0.900000 93.175000 6.884627230456e-01 -5.244834400920e-01 8.654847e-01
0.900000 93.200000 6.768374304035e-01 -5.180676522398e-01 8.523515e-01
0.900000 93.225000 6.659298475993e-01 -5.107493887507e-01 8.392422e-01
0.900000 93.250000 6.558247096345e-01 -5.026833309927e-01 8.263151e-01
0.900000 93.275000 6.465817133700e-01 -4.940284290910e-01 8.137149e-01
0.900000 93.300000 6.382357675091e-01 -4.849447564813e-01 8.015712e-01
0.900000 93.325000 6.307975385911e-01 -4.755904224196e-01 7.899948e-01
0.900000 93.350000 6.242542974141e-01 -4.661185577319e-01 7.790763e-01
0.900000 93.375000 6.185710717021e-01 -4.566743906593e-01 7.688834e-01
0.900000 93.400000 6.136921137644e-01 -4.473924323542e-01 7.594590e-01
0.900000 93.425000 6.095426955341e-01 -4.383937968261e-01 7.508205e-01
0.900000 93.450000 6.060312461691e-01 -4.297836888123e-01 7.429589e-01
0.900000 93.475000 6.030518473878e-01 -4.216491051449e-01 7.358393e-01
0.900000 93.500000 6.004870969517e-01 -4.140568097826e-01 7.294024e-01
0.900000 93.525000 5.982113396692e-01 -4.070516579271e-01 7.235661e-01
0.900000 93.550000 5.960942472473e-01 -4.006553580192e-01 7.182291e-01
0.900000 93.575000 5.940047035599e-01 -3.948657691018e-01 7.132745e-01
0.900000 93.600000 5.918149218333e-01 -3.896568322932e-01 7.085742e-01
0.900000 93.625000 5.894046873256e-01 -3.849792267552e-01 7.039935e-01
0.900000 93.650000 5.866655865212e-01 -3.807618212584e-01 6.993969e-01
0.900000 93.675000 5.835050553521e-01 -3.769139620961e-01 6.946526e-01
0.900000 93.700000 5.798500581686e-01 -3.733285977906e-01 6.896378e-01
0.900000 93.725000 5.756501993758e-01 -3.698861930926e-01 6.842433e-01
0.900000 93.750000 5.708800732677e-01 -3.664593325183e-01 6.783778e-01
0.900000 93.775000 5.655406759755e-01 -3.629178611488e-01 6.719715e-01
0.900000 93.800000 5.596597366706e-01 -3.591343619616e-01 6.649786e-01
0.900000 93.825000 5.532908719963e-01 -3.549897288292e-01 6.573800e-01
0.900000 93.850000 5.465115257203e-01 -3.503785662895e-01 6.491841e-01
0.900000 93.875000 5.394197213644e-01 -3.452141342164e-01 6.404268e-01
0.900000 93.900000 5.321297249597e-01 -3.394325595485e-01 6.311707e-01
0.900000 93.925000 5.247667835374e-01 -3.329960590225e-01 6.215035e-01
0.900000 93.950000 5.174611679220e-01 -3.258949559766e-01 6.115338e-01
0.900000 93.975000 5.103418014783e-01 -3.181483291248e-01 6.013877e-01
0.900000 94.000000 5.035297958131e-01 -3.098031991309e-01 5.912024e-01
0.900000 94.025000 4.971322369333e-01 -3.009322362943e-01 5.811202e-01
0.900000 94.050000 4.912365687549e-01 -2.916300554790e-01 5.712805e-01
0.900000 94.075000 4.859059039418e-01 -2.820082478753e-01 5.618124e-01
0.900000 94.100000 4.811755547233e-01 -2.721893782938e-01 5.528263e-01
0.900000 94.125000 4.770510196808e-01 -2.623002464625e-01 5.444071e-01
0.900000 94.150000 4.735075887921e-01 -2.524647664576e-01 5.366078e-01
0.900000 94.175000 4.704916417496e-01 -2.427968556883e-01 5.294457e-01
0.900000 94.200000 4.679236182901e-01 -2.333937403222e-01 5.229007e-01
0.900000 94.225000 4.657025395004e-01 -2.243300753455e-01 5.169167e-01
0.900000 94.250000 4.637118619826e-01 -2.156532436466e-01 5.114049e-01
0.900000 94.275000 4.618263588954e-01 -2.073801402674e-01 5.062510e-01
0.900000 94.300000 4.599196496500e-01 -1.994956677298e-01 5.013229e-01
0.900000 94.325000 4.578719492191e-01 -1.919530703196e-01 4.964803e-01
0.900000 94.350000 4.555775832825e-01 -1.846761252627e-01 4.915854e-01
0.900000 94.375000 4.529518197651e-01 -1.775630940185e-01 4.865121e-01
0.900000 94.400000 4.499366016974e-01 -1.704922254595e-01 4.811554e-01
0.900000 94.425000 4.465048293487e-01 -1.633285027263e-01 4.754395e-01
0.900000 94.450000 4.426629275155e-01 -1.559312447582e-01 4.693240e-01
0.900000 94.475000 4.384515407371e-01 -1.481621184078e-01 4.628086e-01
0.900000 94.500000 4.339443173136e-01 -1.398930922374e-01 4.559361e-01
0.900000 94.525000 4.292448634183e-01 -1.310138707430e-01 4.487937e-01
0.900000 94.550000 4.244820620653e-01 -1.214383873092e-01 4.415114e-01
0.900000 94.575000 4.198040494343e-01 -1.111100023394e-01 4.342590e-01
0.900000 94.600000 4.153712156793e-01 -1.000051439276e-01 4.272403e-01
0.900000 94.625000 4.113486435517e-01 -8.813523433694e-02 4.206846e-01
0.900000 94.650000 4.078984132958e-01 -7.554685743812e-02 4.148354e-01
0.900000 94.675000 4.051721865769e-01 -6.232023085006e-02 4.099370e-01
0.900000 94.700000 4.033044387449e-01 -4.856614316107e-02 4.062181e-01
0.900000 94.725000 4.024066430645e-01 -3.442159420782e-02 4.038762e-01
0.900000 94.750000 4.025626299817e-01 -2.004443007347e-02 4.030613e-01
0.900000 94.775000 4.038252573062e-01 -5.607292054351e-03 4.038642e-01
0.900000 94.800000 4.062144416342e-01 8.708799067698e-03 4.063078e-01
0.900000 94.825000 4.097165247034e-01 2.272092234995e-02 4.103460e-01
0.900000 94.850000 4.142848862485e-01 3.625053587871e-02 4.158678e-01
0.900000 94.875000 4.198416705931e-01 4.912934010041e-02 4.227064e-01
0.900000 94.900000 4.262804684579e-01 6.120456136588e-02 4.306519e-01
0.900000 94.925000 4.334697866556e-01 7.234354102562e-02 4.394652e-01
0.900000 94.950000 4.412571428513e-01 8.243755717244e-02 4.488918e-01
0.900000 94.975000 4.494736354721e-01 9.140483732875e-02 4.586735e-01
0.900000 95.000000 4.579388547219e-01 9.919274018575e-02 4.685586e-01
0.900000 95.025000 4.664660144921e-01 1.057790942656e-01 4.783093e-01
0.900000 95.050000 4.748671929096e-01 1.111726842654e-01 4.877071e-01
0.900000 95.075000 4.829585692734e-01 1.154128762039e-01 4.965573e-01
0.900000 95.100000 4.905655372041e-01 1.185683750885e-01 5.046910e-01
0.900000 95.125000 4.975275600597e-01 1.207351179377e-01 5.119674e-01
0.900000 95.150000 5.037026188249e-01 1.220333236906e-01 5.182745e-01
0.900000 95.175000 5.089710896713e-01 1.226037510163e-01 5.235296e-01
0.900000 95.200000 5.132388833975e-01 1.226032543634e-01 5.276796e-01
0.900000 95.225000 5.164396866021e-01 1.221997746680e-01 5.307002e-01
0.900000 95.250000 5.185361679590e-01 1.215669490550e-01 5.325958e-01
0.900000 95.275000 5.195200535505e-01 1.208785675441e-01 5.333973e-01
0.900000 95.300000 5.194110316959e-01 1.203031377568e-01 5.331610e-01
0.900000 95.325000 5.182545164864e-01 1.199988350400e-01 5.319657e-01
0.900000 95.350000 5.161183746036e-01 1.201091108490e-01 5.299098e-01
0.900000 95.375000 5.130887947629e-01 1.207592043967e-01 5.271081e-01
0.900000 95.400000 5.092655454745e-01 1.220537518337e-01 5.236874e-01
0.900000 95.425000 5.047569172482e-01 1.240756166533e-01 5.197829e-01
0.900000 95.450000 4.996746737068e-01 1.268859801997e-01 5.155335e-01
0.900000 95.475000 4.941293382146e-01 1.305256396034e-01 5.110780e-01
0.900000 95.500000 4.882261171996e-01 1.350173707949e-01 5.065515e-01
0.900000 95.525000 4.820617098732e-01 1.403691351700e-01 5.020826e-01
0.900000 95.550000 4.757221809202e-01 1.465778478548e-01 4.977918e-01
0.900000 95.575000 4.692819846920e-01 1.536333893596e-01 4.937902e-01
0.900000 95.600000 4.628041348647e-01 1.615225342378e-01 4.901808e-01
0.900000 95.625000 4.563414215188e-01 1.702324907755e-01 4.870591e-01
0.900000 95.650000 4.499384969091e-01 1.797537923591e-01 4.845163e-01
0.900000 95.675000 4.436345893065e-01 1.900823489201e-01 4.826416e-01
0.900000 95.700000 4.374665665940e-01 2.012205486126e-01 4.815254e-01
0.900000 95.725000 4.314720605281e-01 2.131773872063e-01 4.812616e-01
0.900000 95.750000 4.256923786103e-01 2.259676868581e-01 4.819496e-01
0.900000 95.775000 4.201749704576e-01 2.396105389014e-01 4.836943e-01
0.900000 95.800000 4.149752741442e-01 2.541271604623e-01 4.866057e-01
0.900000 95.825000 4.101578382728e-01 2.695383877024e-01 4.907957e-01
0.900000 95.850000 4.057966896698e-01 2.858620373944e-01 4.963749e-01
0.900000 95.875000 4.019749867961e-01 3.031103541483e-01 5.034479e-01
0.900000 95.900000 3.987840582400e-01 3.212877260776e-01 5.121079e-01
0.900000 95.925000 3.963219686370e-01 3.403888021692e-01 5.224324e-01
0.900000 95.950000 3.946917776953e-01 3.603970865274e-01 5.344789e-01
0.900000 95.975000 3.939996606757e-01 3.812840249523e-01 5.482821e-01
0.900000 96.000000 3.943530419419e-01 4.030085447317e-01 5.638530e-01
0.900000 96.025000 3.958588603656e-01 4.255169648489e-01 5.811789e-01
0.900000 96.050000 3.986220413019e-01 4.487431653230e-01 6.002249e-01
0.900000 96.075000 4.027442004088e-01 4.726088935068e-01 6.209364e-01
0.900000 96.100000 4.083225559206e-01 4.970240922381e-01 6.432420e-01
0.900000 96.125000 4.154489839428e-01 5.218871581633e-01 6.670563e-01
0.900000 96.150000 4.242091208156e-01 5.470850749868e-01 6.922828e-01
0.900000 96.175000 4.346814011183e-01 5.724934111842e-01 7.188161e-01
0.900000 96.200000 4.469359212910e-01 5.979762193871e-01 7.465436e-01
0.900000 96.225000 4.610330371357e-01 6.233859194730e-01 7.753460e-01
0.900000 96.250000 4.770216368445e-01 6.485632839972e-01 8.050987e-01
0.900000 96.275000 4.949370763168e-01 6.733376683952e-01 8.356712e-01
0.900000 96.300000 5.147988157315e-01 6.975276361020e-01 8.669271e-01
0.900000 96.325000 5.366078501941e-01 7.209421186184e-01 8.987244e-01
0.900000 96.350000 5.603440769968e-01 7.433822226746e-01 9.309149e-01
0.900000 96.375000 5.859637820700e-01 7.646437527804e-01 9.633450e-01
0.900000 96.400000 6.133974537222e-01 7.845204611019e-01 9.958558e-01
0.900000 96.425000 6.425481391655e-01 8.028079726101e-01 1.028284e+00
0.900000 96.450000 6.732905465607e-01 8.193082676695e-01 1.060465e+00
0.900000 96.475000 7.054710622390e-01 8.338345430126e-01 1.092231e+00
0.900000 96.500000 7.389088011425e-01 8.462162216490e-01 1.123418e+00
0.900000 96.525000 7.733977421216e-01 8.563038482583e-01 1.153863e+00
0.900000 96.550000 8.087099238820e-01 8.639735933319e-01 1.183411e+00
0.900000 96.575000 8.445995987738e-01 8.691310993101e-01 1.211915e+00
0.900000 96.600000 8.808081675479e-01 8.717144356074e-01 1.239237e+00
0.900000 96.625000 9.170696560311e-01 8.716959848055e-01 1.265255e+00
0.900000 96.650000 9.531164509420e-01 8.690831551966e-01 1.289859e+00
0.900000 96.675000 9.886849918854e-01 8.639178990277e-01 1.312956e+00
0.900000 96.700000 1.023521122894e+00 8.562751034520e-01 1.334467e+00
0.900000 96.725000 1.057384840130e+00 8.462600037877e-01 1.354333e+00
0.900000 96.750000 1.090054230097e+00 8.340048376922e-01 1.372509e+00
0.900000 96.775000 1.121328469773e+00 8.196650067903e-01 1.388967e+00
0.900000 96.800000 1.151029849057e+00 8.034150335076e-01 1.403690e+00
0.900000 96.825000 1.179004867480e+00 7.854445923626e-01 1.416678e+00
0.900000 96.850000 1.205124541577e+00 7.659548569011e-01 1.427940e+00
0.900000 96.875000 1.229284126828e+00 7.451553392659e-01 1.437496e+00
0.900000 96.900000 1.251402500651e+00 7.232613156690e-01 1.445377e+00
0.900000 96.925000 1.271421464815e+00 7.004918369068e-01 1.451620e+00
0.900000 96.950000 1.289305204317e+00 6.770682293387e-01 1.456272e+00
0.900000 96.975000 1.305040086759e+00 6.532129097209e-01 1.459389e+00
0.900000 97.000000 1.318634906350e+00 6.291482774613e-01 1.461036e+00
0.900000 97.025000 1.330121578723e+00 6.050954186752e-01 1.461288e+00
0.900000 97.050000 1.339556187591e+00 5.812723631486e-01 1.460236e+00
0.900000 97.075000 1.347020184731e+00 5.578916792663e-01 1.457980e+00
0.900000 97.100000 1.352621463293e+00 5.351572701364e-01 1.454640e+00
0.900000 97.125000 1.356494972314e+00 5.132603393239e-01 1.450350e+00
0.900000 97.150000 1.358802525902e+00 4.923746160412e-01 1.445260e+00
0.900000 97.175000 1.359731488374e+00 4.726510540549e-01 1.439538e+00
0.900000 97.200000 1.359492086483e+00 4.542123316396e-01 1.433362e+00
0.900000 97.225000 1.358313206917e+00 4.371475678180e-01 1.426924e+00
0.900000 97.250000 1.356436671985e+00 4.215077211968e-01 1.420419e+00
0.900000 97.275000 1.354110135983e+00 4.073021437822e-01 1.414040e+00
0.900000 97.300000 1.351578893930e+00 3.944967196535e-01 1.407975e+00
0.900000 97.325000 1.349077027401e+00 3.830139288493e-01 1.402394e+00
0.900000 97.350000 1.346818414357e+00 3.727350469310e-01 1.397445e+00
0.900000 97.375000 1.344988189313e+00 3.635045315946e-01 1.393244e+00
0.900000 97.400000 1.343735249047e+00 3.551364739903e-01 1.389873e+00
0.900000 97.425000 1.343166354455e+00 3.474228205085e-01 1.387371e+00
0.900000 97.450000 1.343342283887e+00 3.401429173367e-01 1.385737e+00
0.900000 97.475000 1.344276354828e+00 3.330738100779e-01 1.384925e+00
0.900000 97.500000 1.345935461488e+00 3.260006560012e-01 1.384853e+00
0.900000 97.525000 1.348243590720e+00 3.187265845010e-01 1.385405e+00
0.900000 97.550000 1.351087594562e+00 3.110813743848e-01 1.386438e+00
0.900000 97.575000 1.354324831029e+00 3.029284016818e-01 1.387790e+00
0.900000 97.600000 1.357792150211e+00 2.941694408666e-01 1.389293e+00
0.900000 97.625000 1.361315611622e+00 2.847470638121e-01 1.390777e+00
0.900000 97.650000 1.364720278080e+00 2.746445598149e-01 1.392082e+00
0.900000 97.675000 1.367839443320e+00 2.638834809118e-01 1.393061e+00
0.900000 97.700000 1.370522712410e+00 2.525190840731e-01 1.393592e+00
0.900000 97.725000 1.372642458631e+00 2.406340822615e-01 1.393575e+00
0.900000 97.750000 1.374098317425e+00 2.283312193887e-01 1.392940e+00
0.900000 97.775000 1.374819534399e+00 2.157252433583e-01 1.391642e+00
0.900000 97.800000 1.374765146623e+00 2.029348643416e-01 1.389662e+00
0.900000 97.825000 1.373922131325e+00 1.900752539765e-01 1.387008e+00
0.900000 97.850000 1.372301791972e+00 1.772515706862e-01 1.383702e+00
0.900000 97.875000 1.369934759552e+00 1.645538949661e-01 1.379782e+00
0.900000 97.900000 1.366865060654e+00 1.520538362075e-01 1.375297e+00
0.900000 97.925000 1.363143740847e+00 1.398029400953e-01 1.370294e+00
0.900000 97.950000 1.358822532374e+00 1.278328932179e-01 1.364822e+00
0.900000 97.975000 1.353948022221e+00 1.161573985498e-01 1.358922e+00
0.900000 98.000000 1.348556715473e+00 1.047754894947e-01 1.352621e+00
0.900000 98.025000 1.342671305880e+00 9.367596674577e-02 1.345935e+00
0.900000 98.050000 1.336298368132e+00 8.284258472542e-02 1.338864e+00
0.900000 98.075000 1.329427581550e+00 7.225958416655e-02 1.331390e+00
0.900000 98.100000 1.322032489775e+00 6.191716406986e-02 1.323482e+00
0.900000 98.125000 1.314072701539e+00 5.181650795749e-02 1.315094e+00
0.900000 98.150000 1.305497349063e+00 4.197402306700e-02 1.306172e+00
0.900000 98.175000 1.296249547013e+00 3.242451316004e-02 1.296655e+00
0.900000 98.200000 1.286271539631e+00 2.322308166779e-02 1.286481e+00
0.900000 98.225000 1.275510188634e+00 1.444564732933e-02 1.275592e+00
0.900000 98.250000 1.263922441073e+00 6.188044477107e-03 1.263938e+00
0.900000 98.275000 1.251480424819e+00 -1.436230293019e-03 1.251481e+00
0.900000 98.300000 1.238175848974e+00 -8.299479086347e-03 1.238204e+00
0.900000 98.325000 1.224023435500e+00 -1.426425120824e-02 1.224107e+00
0.900000 98.350000 1.209063174019e+00 -1.918849951997e-02 1.209215e+00
0.900000 98.375000 1.193361269981e+00 -2.293112368536e-02 1.193582e+00
0.900000 98.400000 1.177009742622e+00 -2.535755918886e-02 1.177283e+00
0.900000 98.425000 1.160124717543e+00 -2.634507354465e-02 1.160424e+00
0.900000 98.450000 1.142843543518e+00 -2.578745645154e-02 1.143134e+00
0.900000 98.475000 1.125320938213e+00 -2.359883721537e-02 1.125568e+00
0.900000 98.500000 1.107724427435e+00 -1.971642733764e-02 1.107900e+00
0.900000 98.525000 1.090229382929e+00 -1.410206406303e-02 1.090321e+00
0.900000 98.550000 1.073013981571e+00 -6.742515999880e-03 1.073035e+00
0.900000 98.575000 1.056254402998e+00 2.351401863446e-03 1.056257e+00
0.900000 98.600000 1.040120553958e+00 1.314677598144e-02 1.040204e+00
0.900000 98.625000 1.024772558833e+00 2.559140859304e-02 1.025092e+00
0.900000 98.650000 1.010358191145e+00 3.961725059008e-02 1.011135e+00
0.900000 98.675000 9.970113461723e-01 5.514417356065e-02 9.985352e-01
0.900000 98.700000 9.848515763020e-01 7.208379213153e-02 9.874861e-01
0.900000 98.725000 9.739846347534e-01 9.034305960611e-02 9.781656e-01
0.900000 98.750000 9.645039055907e-01 1.098273908980e-01 9.707368e-01
0.900000 98.775000 9.564925429846e-01 1.304431131404e-01 9.653463e-01
0.900000 98.800000 9.500261036048e-01 1.520991013526e-01 9.621246e-01
0.900000 98.825000 9.451754341645e-01 1.747075190222e-01 9.611864e-01
0.900000 98.850000 9.420095712565e-01 1.981836464285e-01 9.626312e-01
0.900000 98.875000 9.405984210879e-01 2.224448386645e-01 9.665439e-01
0.900000 98.900000 9.410150099144e-01 2.474087073378e-01 9.729955e-01
0.900000 98.925000 9.433371288058e-01 2.729906627404e-01 9.820432e-01
0.900000 98.950000 9.476482356724e-01 2.991009859466e-01 9.937296e-01
0.900000 98.975000 9.540375204884e-01 3.256416228579e-01 1.008082e+00
0.900000 99.000000 9.625990842271e-01 3.525029053147e-01 1.025112e+00
0.900000 99.025000 9.734302266952e-01 3.795604089560e-01 1.044812e+00
0.900000 99.050000 9.866288824553e-01 4.066721542913e-01 1.067155e+00
0.900000 99.075000 1.002290286838e+00 4.336763468976e-01 1.092090e+00
0.900000 99.100000 1.020502995295e+00 4.603898346658e-01 1.119547e+00
0.900000 99.125000 1.041344418278e+00 4.866074341320e-01 1.149428e+00
0.900000 99.150000 1.064876069068e+00 5.121022434687e-01 1.181613e+00
0.900000 99.175000 1.091138751542e+00 5.366270162309e-01 1.215957e+00
0.900000 99.200000 1.120147935811e+00 5.599166176478e-01 1.252293e+00
0.900000 99.225000 1.151889578939e+00 5.816915253371e-01 1.290432e+00
0.900000 99.250000 1.186316642160e+00 6.016622713865e-01 1.330167e+00
0.900000 99.275000 1.223346532618e+00 6.195346567832e-01 1.371277e+00
0.900000 99.300000 1.262859655113e+00 6.350155074657e-01 1.413527e+00
0.900000 99.325000 1.304699198005e+00 6.478186899644e-01 1.456677e+00
0.900000 99.350000 1.348672199738e+00 6.576710700481e-01 1.500483e+00
0.900000 99.375000 1.394551853154e+00 6.643180857658e-01 1.544698e+00
0.900000 99.400000 1.442080910850e+00 6.675286210597e-01 1.589085e+00
0.900000 99.425000 1.490975964757e+00 6.670989097415e-01 1.633411e+00
0.900000 99.450000 1.540932296296e+00 6.628552712097e-01 1.677453e+00
0.900000 99.475000 1.591628939093e+00 6.546555747607e-01 1.721005e+00
0.900000 99.500000 1.642733572096e+00 6.423894415116e-01 1.763870e+00
0.900000 99.525000 1.693906872520e+00 6.259773119779e-01 1.805870e+00
0.900000 99.550000 1.744806007340e+00 6.053686215725e-01 1.846840e+00
0.900000 99.575000 1.795087027370e+00 5.805394235020e-01 1.886628e+00
0.900000 99.600000 1.844406043286e+00 5.514898672101e-01 1.925091e+00
0.900000 99.625000 1.892419198758e+00 5.182419712684e-01 1.962097e+00
0.900000 99.650000 1.938781599584e+00 4.808381163927e-01 1.997518e+00
0.900000 99.675000 1.983145494998e+00 4.393406252364e-01 2.031228e+00
0.900000 99.700000 2.025158123731e+00 3.938326936981e-01 2.063097e+00
0.900000 99.725000 2.064459719464e+00 3.444208012411e-01 2.092993e+00
0.900000 99.750000 2.100682207808e+00 2.912385668116e-01 2.120775e+00
0.900000 99.775000 2.133449113217e+00 2.344518470583e-01 2.146293e+00
0.900000 99.800000 2.162377128044e+00 1.742647109459e-01 2.169388e+00
0.900000 99.825000 2.187079680781e+00 1.109257857217e-01 2.189891e+00
0.900000 99.850000 2.207172685284e+00 4.473436795115e-02 2.207626e+00
0.900000 99.875000 2.222282470186e+00 -2.395435888055e-02 2.222412e+00
0.900000 99.900000 2.232055693805e+00 -9.472565524785e-02 2.234065e+00
0.900000 99.925000 2.236170861614e+00 -1.671036994172e-01 2.242406e+00
0.900000 99.950000 2.234350897860e+00 -2.405526849143e-01 2.247263e+00
0.900000 99.975000 2.226376094904e+00 -3.144808641819e-01 2.248477e+00
0.900000 100.000000 2.212096684731e+00 -3.882476714426e-01 2.245909e+00
