# zline X=10000000 rho=0.8 C(X)=-3 mode=v
# sigma t ReF ImF |F|
0.700000 0.100000 -1.622953418976e+00 -8.104775206797e-01 1.814070e+00
0.700000 0.125000 -1.497945907344e+00 -9.587192760059e-01 1.778478e+00
0.700000 0.150000 -1.362217806284e+00 -1.079472343598e+00 1.738073e+00
0.700000 0.175000 -1.221820208101e+00 -1.173541436830e+00 1.694120e+00
0.700000 0.200000 -1.081644377978e+00 -1.243067515134e+00 1.647778e+00
0.700000 0.225000 -9.453144437268e-01 -1.290960954728e+00 1.600062e+00
0.700000 0.250000 -8.152760306598e-01 -1.320437779883e+00 1.551848e+00
0.700000 0.275000 -6.929899444731e-01 -1.334690498451e+00 1.503873e+00
0.700000 0.300000 -5.791595868332e-01 -1.336684641332e+00 1.456761e+00
0.700000 0.325000 -4.739471169990e-01 -1.329053613953e+00 1.411031e+00
0.700000 0.350000 -3.771559548177e-01 -1.314061233954e+00 1.367115e+00
0.700000 0.375000 -2.883726357353e-01 -1.293605884248e+00 1.325358e+00
0.700000 0.400000 -2.070698080947e-01 -1.269247235127e+00 1.286027e+00
0.700000 0.425000 -1.326762094067e-01 -1.242243122203e+00 1.249308e+00
0.700000 0.450000 -6.462065587312e-02 -1.213589301954e+00 1.215309e+00
0.700000 0.475000 -2.356805663722e-03 -1.184058301699e+00 1.184061e+00
0.700000 0.500000 5.462544395429e-02 -1.154235705346e+00 1.155528e+00
0.700000 0.525000 1.067971442973e-01 -1.124553346204e+00 1.129613e+00
0.700000 0.550000 1.545923407047e-01 -1.095319360331e+00 1.106175e+00
0.700000 0.575000 1.984122060121e-01 -1.066745162360e+00 1.085040e+00
0.700000 0.600000 2.386293374549e-01 -1.038969338770e+00 1.066021e+00
0.700000 0.625000 2.755910271549e-01 -1.012078344291e+00 1.048929e+00
0.700000 0.650000 3.096209414344e-01 -9.861238166322e-01 1.033589e+00
0.700000 0.675000 3.410191541302e-01 -9.611363333747e-01 1.019842e+00
0.700000 0.700000 3.700608640219e-01 -9.371355312690e-01 1.007555e+00
0.700000 0.725000 3.969943771173e-01 -9.141366779677e-01 9.966195e-01
0.700000 0.750000 4.220390473594e-01 -8.921539989335e-01 9.869426e-01
0.700000 0.775000 4.453838506396e-01 -8.712012796226e-01 9.784470e-01
0.700000 0.800000 4.671871349918e-01 -8.512904457174e-01 9.710609e-01
0.700000 0.825000 4.875778740726e-01 -8.324289386992e-01 9.647125e-01
0.700000 0.850000 5.066584897549e-01 -8.146167279769e-01 9.593244e-01
0.700000 0.875000 5.245090453183e-01 -7.978437261959e-01 9.548112e-01
0.700000 0.900000 5.411923843510e-01 -7.820882089806e-01 9.510789e-01
0.700000 0.925000 5.567596362378e-01 -7.673166063096e-01 9.480275e-01
0.700000 0.950000 5.712554493184e-01 -7.534847629938e-01 9.455538e-01
0.700000 0.975000 5.847223550245e-01 -7.405404990772e-01 9.435573e-01
0.700000 1.000000 5.972038022207e-01 -7.284270758823e-01 9.419439e-01
0.700000 1.025000 6.087456079166e-01 -7.170870220714e-01 9.406301e-01
0.700000 1.050000 6.193958150137e-01 -7.064657174171e-01 9.395451e-01
0.700000 1.075000 6.292031907680e-01 -6.965141763200e-01 9.386313e-01
0.700000 1.100000 6.382148026907e-01 -6.871906092946e-01 9.378428e-01
0.700000 1.125000 6.464732397605e-01 -6.784605453450e-01 9.371427e-01
0.700000 1.150000 6.540140856214e-01 -6.702955375756e-01 9.364991e-01
0.700000 1.175000 6.608641912114e-01 -6.626707095327e-01 9.358814e-01
0.700000 1.200000 6.670411468381e-01 -6.555615925868e-01 9.352566e-01
0.700000 1.225000 6.725541419758e-01 -6.489408239707e-01 9.345872e-01
0.700000 1.250000 6.774061590862e-01 -6.427753015362e-01 9.338304e-01
0.700000 1.275000 6.815972144873e-01 -6.370243203767e-01 9.329388e-01
0.700000 1.300000 6.851281722945e-01 -6.316390592851e-01 9.318629e-01
0.700000 1.325000 6.880045470296e-01 -6.265635664793e-01 9.305548e-01
0.700000 1.350000 6.902396947535e-01 -6.217371489696e-01 9.289714e-01
0.700000 1.375000 6.918568746565e-01 -6.170978375723e-01 9.270791e-01
0.700000 1.400000 6.928898304024e-01 -6.125864172705e-01 9.248559e-01
0.700000 1.425000 6.933817670313e-01 -6.081504099993e-01 9.222934e-01
0.700000 1.450000 6.933828491254e-01 -6.037473910627e-01 9.193969e-01
0.700000 1.475000 6.929465795720e-01 -5.993471130755e-01 9.161833e-01
0.700000 1.500000 6.921255982981e-01 -5.949320887214e-01 9.126785e-01
0.700000 1.525000 6.909675377234e-01 -5.904965183465e-01 9.089127e-01
0.700000 1.550000 6.895115702509e-01 -5.860437038623e-01 9.049163e-01
0.700000 1.575000 6.877861822651e-01 -5.815823264835e-01 9.007152e-01
0.700000 1.600000 6.858085238951e-01 -5.771221451779e-01 8.963277e-01
0.700000 1.625000 6.835854427065e-01 -5.726697668219e-01 8.917621e-01
0.700000 1.650000 6.811160498741e-01 -5.682251326213e-01 8.870168e-01
0.700000 1.675000 6.783954297758e-01 -5.637792588516e-01 8.820813e-01
0.700000 1.700000 6.754189254712e-01 -5.593135795490e-01 8.769392e-01
0.700000 1.725000 6.721863412664e-01 -5.548009938182e-01 8.715725e-01
0.700000 1.750000 6.687054139045e-01 -5.502084589410e-01 8.659655e-01
0.700000 1.775000 6.649940144392e-01 -5.455007331025e-01 8.601093e-01
0.700000 1.800000 6.610807363809e-01 -5.406446952506e-01 8.540049e-01
0.700000 1.825000 6.570037721224e-01 -5.356135817194e-01 8.476649e-01
0.700000 1.850000 6.528082405370e-01 -5.303904933116e-01 8.411139e-01
0.700000 1.875000 6.485423633799e-01 -5.249706400556e-01 8.343868e-01
0.700000 1.900000 6.442530602675e-01 -5.193619857782e-01 8.275258e-01
0.700000 1.925000 6.399816150429e-01 -5.135842001678e-01 8.205761e-01
0.700000 1.950000 6.357600478343e-01 -5.076660835094e-01 8.135820e-01
0.700000 1.975000 6.316087106877e-01 -5.016418583800e-01 8.065817e-01
0.700000 2.000000 6.275354293215e-01 -4.955468875784e-01 7.996045e-01
0.700000 2.025000 6.235362707545e-01 -4.894134530200e-01 7.926683e-01
0.700000 2.050000 6.195977650487e-01 -4.832672051375e-01 7.857790e-01
0.700000 2.075000 6.157001891884e-01 -4.771247714411e-01 7.789318e-01
0.700000 2.100000 6.118213669730e-01 -4.709928164516e-01 7.721137e-01
0.700000 2.125000 6.079403748288e-01 -4.648686053764e-01 7.653067e-01
0.700000 2.150000 6.040405791844e-01 -4.587418796135e-01 7.584914e-01
0.700000 2.175000 6.001115600163e-01 -4.525976430024e-01 7.516505e-01
0.700000 2.200000 5.961496758234e-01 -4.464193175000e-01 7.447715e-01
0.700000 2.225000 5.921572645863e-01 -4.401916782869e-01 7.378475e-01
0.700000 2.250000 5.881407138840e-01 -4.339030290255e-01 7.308771e-01
0.700000 2.275000 5.841078319987e-01 -4.275462198269e-01 7.238631e-01
0.700000 2.300000 5.800650776501e-01 -4.211183203540e-01 7.168097e-01
0.700000 2.325000 5.760152377197e-01 -4.146190041793e-01 7.097200e-01
0.700000 2.350000 5.719560738577e-01 -4.080479380955e-01 7.025930e-01
0.700000 2.375000 5.678803003147e-01 -4.014016623379e-01 6.954217e-01
0.700000 2.400000 5.637770314404e-01 -3.946705623614e-01 6.881928e-01
0.700000 2.425000 5.596345835966e-01 -3.878365498913e-01 6.808877e-01
0.700000 2.450000 5.554442734595e-01 -3.808719858564e-01 6.734848e-01
0.700000 2.475000 5.512046622683e-01 -3.737402022795e-01 6.659642e-01
0.700000 2.500000 5.469255854071e-01 -3.663977405581e-01 6.583122e-01
0.700000 2.525000 5.426312979591e-01 -3.587981566394e-01 6.505266e-01
0.700000 2.550000 5.383621629614e-01 -3.508969909483e-01 6.426216e-01
0.700000 2.575000 5.341744969305e-01 -3.426573023447e-01 6.346309e-01
0.700000 2.600000 5.301384392765e-01 -3.340550526063e-01 6.266096e-01
0.700000 2.625000 5.263339906425e-01 -3.250836196200e-01 6.186330e-01
0.700000 2.650000 5.228456277898e-01 -3.157568162006e-01 6.107945e-01
0.700000 2.675000 5.197561093628e-01 -3.061099833253e-01 6.031996e-01
0.700000 2.700000 5.171402060984e-01 -2.961989832305e-01 5.959596e-01
0.700000 2.725000 5.150591025445e-01 -2.860972008864e-01 5.891837e-01
0.700000 2.750000 5.135561230442e-01 -2.758909294264e-01 5.829714e-01
0.700000 2.775000 5.126542470724e-01 -2.656737262071e-01 5.774053e-01
0.700000 2.800000 5.123556266390e-01 -2.555404500756e-01 5.725463e-01
0.700000 2.825000 5.126430398047e-01 -2.455817093840e-01 5.684305e-01
0.700000 2.850000 5.134829515440e-01 -2.358793627505e-01 5.650697e-01
0.700000 2.875000 5.148296455829e-01 -2.265035353103e-01 5.624530e-01
0.700000 2.900000 5.166297688743e-01 -2.175113709161e-01 5.605511e-01
0.700000 2.925000 5.188266109672e-01 -2.089474735131e-01 5.593211e-01
0.700000 2.950000 5.213635244995e-01 -2.008457401101e-01 5.587119e-01
0.700000 2.975000 5.241860652112e-01 -1.932320916901e-01 5.586678e-01
0.700000 3.000000 5.272426615553e-01 -1.861274962019e-01 5.591317e-01
0.700000 3.025000 5.304838776447e-01 -1.795506650962e-01 5.600461e-01
0.700000 3.050000 5.338605685400e-01 -1.735198914708e-01 5.613522e-01
0.700000 3.075000 5.373214069209e-01 -1.680536679184e-01 5.629887e-01
0.700000 3.100000 5.408103574706e-01 -1.631699468361e-01 5.648896e-01
0.700000 3.125000 5.442646758825e-01 -1.588841482409e-01 5.669817e-01
0.700000 3.150000 5.476139149162e-01 -1.552062407843e-01 5.691836e-01
0.700000 3.175000 5.507802472208e-01 -1.521373854436e-01 5.714059e-01
0.700000 3.200000 5.536801927965e-01 -1.496667126713e-01 5.735520e-01
0.700000 3.225000 5.562276046487e-01 -1.477687905761e-01 5.755213e-01
0.700000 3.250000 5.583375575350e-01 -1.464022373462e-01 5.772126e-01
0.700000 3.275000 5.599306353260e-01 -1.455097536434e-01 5.785287e-01
0.700000 3.300000 5.609370459863e-01 -1.450196297385e-01 5.793799e-01
0.700000 3.325000 5.613000194698e-01 -1.448485541353e-01 5.796886e-01
0.700000 3.350000 5.609780576871e-01 -1.449053525109e-01 5.793910e-01
0.700000 3.375000 5.599457877013e-01 -1.450951499362e-01 5.784392e-01
0.700000 3.400000 5.581933890881e-01 -1.453233971063e-01 5.768004e-01
0.700000 3.425000 5.557247876510e-01 -1.454992404514e-01 5.744563e-01
0.700000 3.450000 5.525549941219e-01 -1.455378392953e-01 5.714003e-01
0.700000 3.475000 5.487070877381e-01 -1.453614197099e-01 5.676349e-01
0.700000 3.500000 5.442093811187e-01 -1.448990731542e-01 5.631692e-01
0.700000 3.525000 5.390932491373e-01 -1.440855220675e-01 5.580163e-01
0.700000 3.550000 5.333919697951e-01 -1.428592487595e-01 5.521918e-01
0.700000 3.575000 5.271407320560e-01 -1.411604893326e-01 5.457139e-01
0.700000 3.600000 5.203777464088e-01 -1.389296134174e-01 5.386042e-01
0.700000 3.625000 5.131461851033e-01 -1.361063398271e-01 5.308898e-01
0.700000 3.650000 5.054965154664e-01 -1.326300892385e-01 5.226064e-01
0.700000 3.675000 4.974886990104e-01 -1.284415719789e-01 5.138018e-01
0.700000 3.700000 4.891937269325e-01 -1.234854852138e-01 5.045386e-01
0.700000 3.725000 4.806940503756e-01 -1.177139861220e-01 4.948973e-01
0.700000 3.750000 4.720826281077e-01 -1.110904504646e-01 4.849774e-01
0.700000 3.775000 4.634605291521e-01 -1.035929457099e-01 4.748970e-01
0.700000 3.800000 4.549332590417e-01 -9.521685868986e-02 4.647908e-01
0.700000 3.825000 4.466061885984e-01 -8.597621908736e-02 4.548066e-01
0.700000 3.850000 4.385796193944e-01 -7.590343673286e-02 4.450993e-01
0.700000 3.875000 4.309440949205e-01 -6.504739537885e-02 4.358256e-01
0.700000 3.900000 4.237765483029e-01 -5.347008308854e-02 4.271365e-01
0.700000 3.925000 4.171377683359e-01 -4.124215223314e-02 4.191716e-01
0.700000 3.950000 4.110714823022e-01 -2.843795671306e-02 4.120540e-01
0.700000 3.975000 4.056051250680e-01 -1.513068599854e-02 4.058872e-01
0.700000 4.000000 4.007521250973e-01 -1.388193630241e-03 4.007545e-01
0.700000 4.025000 3.965153267083e-01 1.272999442220e-02 3.967196e-01
0.700000 4.050000 3.928910170699e-01 2.717419067435e-02 3.938296e-01
0.700000 4.075000 3.898729593439e-01 4.190450280509e-02 3.921185e-01
0.700000 4.100000 3.874558598462e-01 5.688939659843e-02 3.916101e-01
0.700000 4.125000 3.856378119702e-01 7.210322922407e-02 3.923205e-01
0.700000 4.150000 3.844214435953e-01 8.752325804337e-02 3.942590e-01
0.700000 4.175000 3.838137175130e-01 1.031266869459e-01 3.974268e-01
0.700000 4.200000 3.838245596733e-01 1.188882766135e-01 4.018155e-01
0.700000 4.225000 3.844646811896e-01 1.347789239222e-01 4.074045e-01
0.700000 4.250000 3.857430861857e-01 1.507654296237e-01 4.141593e-01
0.700000 4.275000 3.876647985283e-01 1.668114536695e-01 4.220309e-01
0.700000 4.300000 3.902292900700e-01 1.828794406431e-01 4.309568e-01
0.700000 4.325000 3.934299599740e-01 1.989331197861e-01 4.408645e-01
0.700000 4.350000 3.972548213275e-01 2.149400747121e-01 4.516754e-01
0.700000 4.375000 4.016883298060e-01 2.308738555025e-01 4.633101e-01
0.700000 4.400000 4.067140765934e-01 2.467151746423e-01 4.756939e-01
0.700000 4.425000 4.123178997226e-01 2.624518773640e-01 4.887607e-01
0.700000 4.450000 4.184908730299e-01 2.780775823452e-01 5.024557e-01
0.700000 4.475000 4.252316267433e-01 2.935891168484e-01 5.167364e-01
0.700000 4.500000 4.325475405268e-01 3.089830838014e-01 5.315712e-01
0.700000 4.525000 4.404545157230e-01 3.242520615499e-01 5.469365e-01
0.700000 4.550000 4.489752527098e-01 3.393810224301e-01 5.628128e-01
0.700000 4.575000 4.581361969098e-01 3.543445486479e-01 5.791794e-01
0.700000 4.600000 4.679635349057e-01 3.691053228221e-01 5.960106e-01
0.700000 4.625000 4.784787849254e-01 3.836141906475e-01 6.132714e-01
0.700000 4.650000 4.896946067485e-01 3.978118619534e-01 6.309161e-01
0.700000 4.675000 5.016114407956e-01 4.116320699690e-01 6.488875e-01
0.700000 4.700000 5.142154759286e-01 4.250057856056e-01 6.671188e-01
0.700000 4.725000 5.274782565443e-01 4.378659193821e-01 6.855362e-01
0.700000 4.750000 5.413580007328e-01 4.501518645554e-01 7.040633e-01
0.700000 4.775000 5.558024494761e-01 4.618132540716e-01 7.226257e-01
0.700000 4.800000 5.707528412257e-01 4.728124187026e-01 7.411548e-01
0.700000 4.825000 5.861484418679e-01 4.831252267117e-01 7.595920e-01
0.700000 4.850000 6.019309826687e-01 4.927402267446e-01 7.778906e-01
0.700000 4.875000 6.180483802395e-01 5.016562679089e-01 7.960168e-01
0.700000 4.900000 6.344572293323e-01 5.098789950265e-01 8.139487e-01
0.700000 4.925000 6.511237528010e-01 5.174167781139e-01 8.316744e-01
0.700000 4.950000 6.680231328146e-01 5.242767086216e-01 8.491884e-01
0.700000 4.975000 6.851373956649e-01 5.304612699987e-01 8.664886e-01
0.700000 5.000000 7.024522404065e-01 5.359661715298e-01 8.835717e-01
0.700000 5.025000 7.199533552610e-01 5.407796416044e-01 9.004307e-01
0.700000 5.050000 7.376228317267e-01 5.448832407444e-01 9.170524e-01
0.700000 5.075000 7.554362552550e-01 5.482540135227e-01 9.334165e-01
0.700000 5.100000 7.733609292722e-01 5.508675902335e-01 9.494958e-01
0.700000 5.125000 7.913554967714e-01 5.527017064892e-01 9.652578e-01
0.700000 5.150000 8.093709922766e-01 5.537395538167e-01 9.806676e-01
0.700000 5.175000 8.273531242560e-01 5.539724144876e-01 9.956900e-01
0.700000 5.200000 8.452453914613e-01 5.534011616361e-01 1.010293e+00
0.700000 5.225000 8.629925074931e-01 5.520363995129e-01 1.024451e+00
0.700000 5.250000 8.805435662639e-01 5.498972463018e-01 1.038144e+00
0.700000 5.275000 8.978544327395e-01 5.470089859627e-01 1.051362e+00
0.700000 5.300000 9.148889789369e-01 5.433999995475e-01 1.064098e+00
0.700000 5.325000 9.316189816416e-01 5.390985006881e-01 1.076355e+00
0.700000 5.350000 9.480227228304e-01 5.341296264109e-01 1.088137e+00
0.700000 5.375000 9.640825491873e-01 5.285133695073e-01 1.099446e+00
0.700000 5.400000 9.797818178760e-01 5.222636938778e-01 1.110285e+00
0.700000 5.425000 9.951017539781e-01 5.153889741401e-01 1.120649e+00
0.700000 5.450000 1.010018754889e+00 5.078936789890e-01 1.130528e+00
0.700000 5.475000 1.024502597389e+00 4.997810114142e-01 1.139906e+00
0.700000 5.500000 1.038515847869e+00 4.910560623800e-01 1.148761e+00
0.700000 5.525000 1.052014571692e+00 4.817289540341e-01 1.157064e+00
0.700000 5.550000 1.064950218558e+00 4.718174573128e-01 1.164788e+00
0.700000 5.575000 1.077272364245e+00 4.613486653253e-01 1.171904e+00
0.700000 5.600000 1.088931848669e+00 4.503594717362e-01 1.178387e+00
0.700000 5.625000 1.099883790149e+00 4.388958139561e-01 1.184219e+00
0.700000 5.650000 1.110089986794e+00 4.270108582651e-01 1.189386e+00
0.700000 5.675000 1.119520333615e+00 4.147624904693e-01 1.193882e+00
0.700000 5.700000 1.128153068831e+00 4.022105985138e-01 1.197707e+00
0.700000 5.725000 1.135973883888e+00 3.894146701220e-01 1.200867e+00
0.700000 5.750000 1.142974151021e+00 3.764321707313e-01 1.203367e+00
0.700000 5.775000 1.149148701372e+00 3.633180223336e-01 1.205215e+00
0.700000 5.800000 1.154493693174e+00 3.501252948408e-01 1.206418e+00
0.700000 5.825000 1.159005122062e+00 3.369069823135e-01 1.206979e+00
0.700000 5.850000 1.162678438240e+00 3.237185070060e-01 1.206903e+00
0.700000 5.875000 1.165509558355e+00 3.106204145734e-01 1.206191e+00
0.700000 5.900000 1.167497319366e+00 2.976806269326e-01 1.204850e+00
0.700000 5.925000 1.168647154529e+00 2.849756257672e-01 1.202891e+00
0.700000 5.950000 1.168975520829e+00 2.725900539344e-01 1.200337e+00
0.700000 5.975000 1.168514414628e+00 2.606144312739e-01 1.197224e+00
0.700000 6.000000 1.167315212270e+00 2.491409569745e-01 1.193606e+00
0.700000 6.025000 1.165451085526e+00 2.382576726130e-01 1.189556e+00
0.700000 6.050000 1.163017372018e+00 2.280415425037e-01 1.185163e+00
0.700000 6.075000 1.160129513805e+00 2.185512268042e-01 1.180536e+00
0.700000 6.100000 1.156918482665e+00 2.098204419771e-01 1.175791e+00
0.700000 6.125000 1.153523945931e+00 2.018528008359e-01 1.171052e+00
0.700000 6.150000 1.150085743862e+00 1.946188963653e-01 1.166436e+00
0.700000 6.175000 1.146734502195e+00 1.880561543050e-01 1.162052e+00
0.700000 6.200000 1.143582353710e+00 1.820716603755e-01 1.157986e+00
0.700000 6.225000 1.140714767153e+00 1.765478124905e-01 1.154296e+00
0.700000 6.250000 1.138184375378e+00 1.713503056571e-01 1.151010e+00
0.700000 6.275000 1.136007470840e+00 1.663376752958e-01 1.148121e+00
0.700000 6.300000 1.134163526470e+00 1.613714425419e-01 1.145586e+00
0.700000 6.325000 1.132597746553e+00 1.563258473372e-01 1.143335e+00
0.700000 6.350000 1.131226304906e+00 1.510962282619e-01 1.141273e+00
0.700000 6.375000 1.129943634009e+00 1.456052995796e-01 1.139286e+00
0.700000 6.400000 1.128630928160e+00 1.398068563798e-01 1.137257e+00
0.700000 6.425000 1.127164941111e+00 1.336867661548e-01 1.135065e+00
0.700000 6.450000 1.125426201052e+00 1.272614318998e-01 1.132599e+00
0.700000 6.475000 1.123305921766e+00 1.205741915327e-01 1.129759e+00
0.700000 6.500000 1.120711130093e+00 1.136903131836e-01 1.126463e+00
0.700000 6.525000 1.117567816567e+00 1.066913318194e-01 1.122649e+00
0.700000 6.550000 1.113822202731e+00 9.966944331674e-02 1.118273e+00
0.700000 6.575000 1.109440461281e+00 9.272253905171e-02 1.113308e+00
0.700000 6.600000 1.104407388655e+00 8.595025476381e-02 1.107747e+00
0.700000 6.625000 1.098724592478e+00 7.945116042383e-02 1.101593e+00
0.700000 6.650000 1.092408714073e+00 7.332097638391e-02 1.094867e+00
0.700000 6.675000 1.085490072080e+00 6.765150622493e-02 1.087596e+00
0.700000 6.700000 1.078011915034e+00 6.252986048563e-02 1.079824e+00
0.700000 6.725000 1.070030246792e+00 5.803752591479e-02 1.071603e+00
0.700000 6.750000 1.061613980794e+00 5.424891319744e-02 1.062999e+00
0.700000 6.775000 1.052845026089e+00 5.122917658806e-02 1.054091e+00
0.700000 6.800000 1.043817838878e+00 4.903131160916e-02 1.044969e+00
0.700000 6.825000 1.034638002627e+00 4.769276284035e-02 1.035737e+00
0.700000 6.850000 1.025419525268e+00 4.723197100124e-02 1.026507e+00
0.700000 6.875000 1.016280744576e+00 4.764541943514e-02 1.017397e+00
0.700000 6.900000 1.007338979784e+00 4.890577767131e-02 1.008525e+00
0.700000 6.925000 9.987043178180e-01 5.096167205573e-02 1.000004e+00
0.700000 6.950000 9.904731331372e-01 5.373944588313e-02 9.919299e-01
0.700000 6.975000 9.827220734695e-01 5.714702616967e-02 9.843823e-01
0.700000 7.000000 9.755032731992e-01 6.107972672718e-02 9.774136e-01
0.700000 7.025000 9.688414714594e-01 6.542753108177e-02 9.710482e-01
0.700000 7.050000 9.627335202707e-01 7.008315870411e-02 9.652810e-01
0.700000 7.075000 9.571504936830e-01 7.495006283235e-02 9.600805e-01
0.700000 7.100000 9.520422895018e-01 7.994946461577e-02 9.553933e-01
0.700000 7.125000 9.473442962847e-01 8.502560676621e-02 9.511522e-01
0.700000 7.150000 9.429854262365e-01 9.014860251676e-02 9.472847e-01
0.700000 7.175000 9.388966294798e-01 9.531453740602e-02 9.437223e-01
0.700000 7.200000 9.350189346496e-01 1.005428136583e-01 9.404091e-01
0.700000 7.225000 9.313101158766e-01 1.058710634012e-01 9.373085e-01
0.700000 7.250000 9.277492596634e-01 1.113482505652e-01 9.344074e-01
0.700000 7.275000 9.243387723352e-01 1.170267912694e-01 9.317175e-01
0.700000 7.300000 9.211036916137e-01 1.229546204438e-01 9.292738e-01
0.700000 7.325000 9.180884986512e-01 1.291681065673e-01 9.271305e-01
0.700000 7.350000 9.153519230736e-01 1.356865730695e-01 9.253540e-01
0.700000 7.375000 9.129604529222e-01 1.425089474772e-01 9.240160e-01
0.700000 7.400000 9.109813757455e-01 1.496127642949e-01 9.231853e-01
0.700000 7.425000 9.094761745195e-01 1.569554388408e-01 9.229203e-01
0.700000 7.450000 9.084949882373e-01 1.644774513851e-01 9.232638e-01
0.700000 7.475000 9.080726439144e-01 1.721068723880e-01 9.242384e-01
0.700000 7.500000 9.082265089141e-01 1.797645469757e-01 9.258459e-01
0.700000 7.525000 9.089561413247e-01 1.873692509862e-01 9.280671e-01
0.700000 7.550000 9.102444732492e-01 1.948422261072e-01 9.308644e-01
0.700000 7.575000 9.120600826841e-01 2.021106765539e-01 9.341854e-01
0.700000 7.600000 9.143600179243e-01 2.091100316054e-01 9.379665e-01
0.700000 7.625000 9.170926428343e-01 2.157850083786e-01 9.421370e-01
0.700000 7.650000 9.202000646531e-01 2.220897091545e-01 9.466214e-01
0.700000 7.675000 9.236198667142e-01 2.279871257560e-01 9.513421e-01
0.700000 7.700000 9.272860647454e-01 2.334484798717e-01 9.562205e-01
0.700000 7.725000 9.311294006289e-01 2.384527974526e-01 9.611772e-01
0.700000 7.750000 9.350772465268e-01 2.429870070911e-01 9.661326e-01
0.700000 7.775000 9.390534872856e-01 2.470466895469e-01 9.710064e-01
0.700000 7.800000 9.429787641593e-01 2.506374201826e-01 9.757193e-01
0.700000 7.825000 9.467713966557e-01 2.537764733555e-01 9.801931e-01
0.700000 7.850000 9.503491647943e-01 2.564945303908e-01 9.843541e-01
0.700000 7.875000 9.536319564358e-01 2.588369749968e-01 9.881349e-01
0.700000 7.900000 9.565450965383e-01 2.608643837364e-01 9.914781e-01
0.700000 7.925000 9.590230121642e-01 2.626519218273e-01 9.943396e-01
0.700000 7.950000 9.610127797533e-01 2.642875193439e-01 9.966913e-01
0.700000 7.975000 9.624770711452e-01 2.658689017842e-01 9.985231e-01
0.700000 8.000000 9.633960704368e-01 2.674997472820e-01 9.998440e-01
0.700000 8.025000 9.637680685201e-01 2.692854050885e-01 1.000682e+00
0.700000 8.050000 9.636086356563e-01 2.713287062512e-01 1.001080e+00
0.700000 8.075000 9.629484935465e-01 2.737264081496e-01 1.001097e+00
0.700000 8.100000 9.618304202549e-01 2.765667342136e-01 1.000803e+00
0.700000 8.125000 9.603056876354e-01 2.799283085829e-01 1.000273e+00
0.700000 8.150000 9.584306217318e-01 2.838805664300e-01 9.995886e-01
0.700000 8.175000 9.562638737340e-01 2.884854783264e-01 9.988316e-01
0.700000 8.200000 9.538648891928e-01 2.938002004417e-01 9.980866e-01
0.700000 8.225000 9.512938788357e-01 2.998800892679e-01 9.974408e-01
0.700000 8.250000 9.486133521785e-01 3.067814300949e-01 9.969865e-01
0.700000 8.275000 9.458910120023e-01 3.145632401787e-01 9.968249e-01
0.700000 8.300000 9.432035649147e-01 3.232876222146e-01 9.970696e-01
0.700000 8.325000 9.406408197679e-01 3.330183467891e-01 9.978509e-01
0.700000 8.350000 9.383093524320e-01 3.438176049667e-01 9.993173e-01
0.700000 8.375000 9.363350295994e-01 3.557411550808e-01 1.001636e+00
0.700000 8.400000 9.348638068317e-01 3.688323480434e-01 1.004991e+00
0.700000 8.425000 9.340604309835e-01 3.831157126487e-01 1.009577e+00
0.700000 8.450000 9.341049539119e-01 3.985908850017e-01 1.015592e+00
0.700000 8.475000 9.351872624497e-01 4.152276570007e-01 1.023225e+00
0.700000 8.500000 9.375001045843e-01 4.329627973157e-01 1.032649e+00
0.700000 8.525000 9.412313023119e-01 4.516990812642e-01 1.044006e+00
0.700000 8.550000 9.465559558252e-01 4.713066848523e-01 1.057402e+00
0.700000 8.575000 9.536294441230e-01 4.916267944416e-01 1.072896e+00
0.700000 8.600000 9.625819136071e-01 5.124770020425e-01 1.090503e+00
0.700000 8.625000 9.735147358784e-01 5.336578388400e-01 1.110190e+00
0.700000 8.650000 9.864991406075e-01 5.549596781593e-01 1.131884e+00
0.700000 8.675000 1.001576930681e+00 5.761692309259e-01 1.155477e+00
0.700000 8.700000 1.018762909849e+00 5.970749616748e-01 1.180837e+00
0.700000 8.725000 1.038048439244e+00 6.174709538972e-01 1.207814e+00
0.700000 8.750000 1.059405419896e+00 6.371590180645e-01 1.236249e+00
0.700000 8.775000 1.082789990305e+00 6.559491225327e-01 1.265979e+00
0.700000 8.800000 1.108145330680e+00 6.736584921821e-01 1.296843e+00
0.700000 8.825000 1.135403160675e+00 6.901099214262e-01 1.328681e+00
0.700000 8.850000 1.164483773513e+00 7.051299566646e-01 1.361334e+00
0.700000 8.875000 1.195294724944e+00 7.185476027661e-01 1.394647e+00
0.700000 8.900000 1.227728546891e+00 7.301941003329e-01 1.428461e+00
0.700000 8.925000 1.261660043266e+00 7.399041237377e-01 1.462616e+00
0.700000 8.950000 1.296943820154e+00 7.475184964533e-01 1.496946e+00
0.700000 8.975000 1.333412690130e+00 7.528882508131e-01 1.531284e+00
0.700000 9.000000 1.370877473661e+00 7.558796170733e-01 1.565458e+00
0.700000 9.025000 1.409128518607e+00 7.563793497333e-01 1.599298e+00
0.700000 9.050000 1.447939004187e+00 7.542997152585e-01 1.632635e+00
0.700000 9.075000 1.487069829109e+00 7.495824872937e-01 1.665308e+00
0.700000 9.100000 1.526275646837e+00 7.422014191208e-01 1.697168e+00
0.700000 9.125000 1.565311441286e+00 7.321628683629e-01 1.728081e+00
0.700000 9.150000 1.603938959675e+00 7.195045029276e-01 1.757927e+00
0.700000 9.175000 1.641932346911e+00 7.042922797308e-01 1.786608e+00
0.700000 9.200000 1.679082452356e+00 6.866161176166e-01 1.814045e+00
0.700000 9.225000 1.715199484050e+00 6.665848475265e-01 1.840175e+00
0.700000 9.250000 1.750113934377e+00 6.443210919513e-01 1.864953e+00
0.700000 9.275000 1.783675954897e+00 6.199566925421e-01 1.888345e+00
0.700000 9.300000 1.815753576553e+00 5.936291763835e-01 1.910329e+00
0.700000 9.325000 1.846230320591e+00 5.654795496836e-01 1.930889e+00
0.700000 9.350000 1.875002802761e+00 5.356514659395e-01 1.950015e+00
0.700000 9.375000 1.901978891018e+00 5.042915732360e-01 1.967698e+00
0.700000 9.400000 1.927076843324e+00 4.715506412216e-01 1.983932e+00
0.700000 9.425000 1.950225650197e+00 4.375849348031e-01 1.998715e+00
0.700000 9.450000 1.971366569835e+00 4.025572593511e-01 2.012048e+00
0.700000 9.475000 1.990455610658e+00 3.666371569822e-01 2.023941e+00
0.700000 9.500000 2.007466524687e+00 3.299998753460e-01 2.034409e+00
0.700000 9.525000 2.022393755708e+00 2.928239355718e-01 2.043483e+00
0.700000 9.550000 2.035254757242e+00 2.552873609226e-01 2.051203e+00
0.700000 9.575000 2.046091160724e+00 2.175628543144e-01 2.057625e+00
0.700000 9.600000 2.054968422405e+00 1.798123950505e-01 2.062820e+00
0.700000 9.625000 2.061973783768e+00 1.421818344679e-01 2.066870e+00
0.700000 9.650000 2.067212610987e+00 1.047960905080e-01 2.069867e+00
0.700000 9.675000 2.070803397147e+00 6.775547096462e-02 2.071912e+00
0.700000 9.700000 2.072871882349e+00 3.113350758460e-02 2.073106e+00
0.700000 9.725000 2.073544845378e+00 -5.023516137881e-03 2.073551e+00
0.700000 9.750000 2.072944133055e+00 -4.069537815067e-02 2.073344e+00
0.700000 9.775000 2.071181420667e+00 -7.588530657722e-02 2.072571e+00
0.700000 9.800000 2.068354054547e+00 -1.106163287169e-01 2.071310e+00
0.700000 9.825000 2.064542142660e+00 -1.449270425130e-01 2.069623e+00
0.700000 9.850000 2.059806864672e+00 -1.788672674586e-01 2.067558e+00
0.700000 9.875000 2.054189804087e+00 -2.124939485240e-01 2.065151e+00
0.700000 9.900000 2.047712991393e+00 -2.458675434370e-01 2.062421e+00
0.700000 9.925000 2.040379308278e+00 -2.790489494124e-01 2.059373e+00
0.700000 9.950000 2.032172944937e+00 -3.120968546863e-01 2.055999e+00
0.700000 9.975000 2.023059716522e+00 -3.450652670607e-01 2.052277e+00
0.700000 10.000000 2.012987208609e+00 -3.780009038416e-01 2.048170e+00
0.700000 10.025000 2.001884903239e+00 -4.109401414148e-01 2.043628e+00
0.700000 10.050000 1.989664600035e+00 -4.439053201055e-01 2.038582e+00
0.700000 10.075000 1.976221556444e+00 -4.769003674659e-01 2.032950e+00
0.700000 10.100000 1.961436800399e+00 -5.099059138099e-01 2.026632e+00
0.700000 10.125000 1.945181003627e+00 -5.428742913933e-01 2.019515e+00
0.700000 10.150000 1.927320145972e+00 -5.757249932333e-01 2.011473e+00
0.700000 10.175000 1.907722968354e+00 -6.083412822941e-01 2.002370e+00
0.700000 10.200000 1.886269935847e+00 -6.405686589615e-01 1.992070e+00
0.700000 10.225000 1.862863153977e+00 -6.722158009280e-01 1.980438e+00
0.700000 10.250000 1.837436444708e+00 -7.030583883235e-01 1.967349e+00
0.700000 10.275000 1.809964634231e+00 -7.328459388751e-01 1.952699e+00
0.700000 10.300000 1.780471062542e+00 -7.613114383908e-01 1.936407e+00
0.700000 10.325000 1.749032409904e+00 -7.881832060413e-01 1.918423e+00
0.700000 10.350000 1.715780144120e+00 -8.131981299811e-01 1.898735e+00
0.700000 10.375000 1.680898203752e+00 -8.361151911226e-01 1.877367e+00
0.700000 10.400000 1.644616908861e+00 -8.567280948261e-01 1.854386e+00
0.700000 10.425000 1.607203485259e+00 -8.748758695494e-01 1.829894e+00
0.700000 10.450000 1.568949949548e+00 -8.904504668534e-01 1.804025e+00
0.700000 10.475000 1.530159383241e+00 -9.034006885312e-01 1.776941e+00
0.700000 10.500000 1.491131788288e+00 -9.137321377514e-01 1.748823e+00
0.700000 10.525000 1.452150742822e+00 -9.215032948149e-01 1.719858e+00
0.700000 10.550000 1.413471962914e+00 -9.268182030243e-01 1.690235e+00
0.700000 10.575000 1.375314640940e+00 -9.298165681870e-01 1.660135e+00
0.700000 10.600000 1.337856107118e+00 -9.306622883088e-01 1.629721e+00
0.700000 10.625000 1.301229992587e+00 -9.295315155622e-01 1.599134e+00
0.700000 10.650000 1.265527709221e+00 -9.266013061839e-01 1.568487e+00
0.700000 10.675000 1.230802749427e+00 -9.220397497784e-01 1.537866e+00
0.700000 10.700000 1.197077085479e+00 -9.159982173650e-01 1.507331e+00
0.700000 10.725000 1.164348834676e+00 -9.086060680892e-01 1.476913e+00
0.700000 10.750000 1.132600358854e+00 -8.999678527490e-01 1.446626e+00
0.700000 10.775000 1.101806072117e+00 -8.901627903414e-01 1.416463e+00
0.700000 10.800000 1.071939412176e+00 -8.792461048486e-01 1.386408e+00
0.700000 10.825000 1.042978651644e+00 -8.672517127152e-01 1.356440e+00
0.700000 10.850000 1.014911446040e+00 -8.541957499681e-01 1.326535e+00
0.700000 10.875000 9.877381981567e-01 -8.400805087049e-01 1.296673e+00
0.700000 10.900000 9.614744364602e-01 -8.248984897243e-01 1.266843e+00
0.700000 10.925000 9.361524440707e-01 -8.086364371414e-01 1.237043e+00
0.700000 10.950000 9.118223362318e-01 -7.912793658084e-01 1.207287e+00
0.700000 10.975000 8.885526840516e-01 -7.728146915388e-01 1.177611e+00
0.700000 11.000000 8.664306485026e-01 -7.532366058886e-01 1.148071e+00
0.700000 11.025000 8.455614552893e-01 -7.325507937406e-01 1.118751e+00
0.700000 11.050000 8.260669425617e-01 -7.107794805590e-01 1.089768e+00
0.700000 11.075000 8.080828777564e-01 -6.879666383272e-01 1.061271e+00
0.700000 11.100000 7.917547839528e-01 -6.641830065264e-01 1.033448e+00
0.700000 11.125000 7.772321421939e-01 -6.395304336400e-01 1.006523e+00
0.700000 11.150000 7.646610308095e-01 -6.141449505451e-01 9.807551e-01
0.700000 11.175000 7.541754986504e-01 -5.881979769778e-01 9.564296e-01
0.700000 11.200000 7.458882094003e-01 -5.618951502866e-01 9.338498e-01
0.700000 11.225000 7.398810980912e-01 -5.354724502589e-01 9.133207e-01
0.700000 11.250000 7.361969108294e-01 -5.091895568435e-01 8.951312e-01
0.700000 11.275000 7.348325260298e-01 -4.833206868181e-01 8.795327e-01
0.700000 11.300000 7.357348659984e-01 -4.581434690427e-01 8.667187e-01
0.700000 11.325000 7.388000044848e-01 -4.339266907214e-01 8.568068e-01
0.700000 11.350000 7.438757792837e-01 -4.109179375895e-01 8.498263e-01
0.700000 11.375000 7.507678643343e-01 -3.893322278481e-01 8.457139e-01
0.700000 11.400000 7.592488882209e-01 -3.693426870181e-01 8.443180e-01
0.700000 11.425000 7.690698540185e-01 -3.510741308021e-01 8.454120e-01
0.700000 11.450000 7.799728637099e-01 -3.346001358469e-01 8.487137e-01
0.700000 11.475000 7.917040130402e-01 -3.199438197341e-01 8.539082e-01
0.700000 11.500000 8.040253180943e-01 -3.070821676701e-01 8.606719e-01
0.700000 11.525000 8.167246630345e-01 -2.959533838848e-01 8.686930e-01
0.700000 11.550000 8.296230007871e-01 -2.864664566590e-01 8.776886e-01
0.700000 11.575000 8.425783608519e-01 -2.785119427769e-01 8.874160e-01
0.700000 11.600000 8.554865761628e-01 -2.719729200829e-01 8.976784e-01
0.700000 11.625000 8.682789856553e-01 -2.667351275014e-01 9.083259e-01
0.700000 11.650000 8.809176560060e-01 -2.626954939821e-01 9.192523e-01
0.700000 11.675000 8.933888601125e-01 -2.597685196759e-01 9.303888e-01
0.700000 11.700000 9.056956315992e-01 -2.578902724284e-01 9.416963e-01
0.700000 11.725000 9.178501818762e-01 -2.570200551389e-01 9.531570e-01
0.700000 11.750000 9.298668343769e-01 -2.571400430366e-01 9.647659e-01
0.700000 11.775000 9.417559292529e-01 -2.582533528484e-01 9.765239e-01
0.700000 11.800000 9.535189199231e-01 -2.603810712212e-01 9.884314e-01
0.700000 11.825000 9.651446619859e-01 -2.635587375765e-01 1.000484e+00
0.700000 11.850000 9.766067223518e-01 -2.678326631694e-01 1.012667e+00
0.700000 11.875000 9.878614389490e-01 -2.732563029772e-01 1.024958e+00
0.700000 11.900000 9.988464512634e-01 -2.798867175428e-01 1.037319e+00
0.700000 11.925000 1.009479495106e+00 -2.877810066587e-01 1.049698e+00
0.700000 11.950000 1.019657391693e+00 -2.969924989969e-01 1.062029e+00
0.700000 11.975000 1.029255329715e+00 -3.075664634192e-01 1.074227e+00
0.700000 12.000000 1.038126701584e+00 -3.195351755676e-01 1.086190e+00
0.700000 12.025000 1.046103873742e+00 -3.329123177785e-01 1.097800e+00
0.700000 12.050000 1.053000315028e+00 -3.476868866944e-01 1.108917e+00
0.700000 12.075000 1.058614458473e+00 -3.638169953928e-01 1.119387e+00
0.700000 12.100000 1.062735528408e+00 -3.812241445167e-01 1.129043e+00
0.700000 12.125000 1.065151341421e+00 -3.997886606271e-01 1.137707e+00
0.700000 12.150000 1.065657816597e+00 -4.193470291639e-01 1.145198e+00
0.700000 12.175000 1.064069648432e+00 -4.396917673919e-01 1.151335e+00
0.700000 12.200000 1.060231350106e+00 -4.605742903033e-01 1.155949e+00
0.700000 12.225000 1.054027707775e+00 -4.817109384048e-01 1.158887e+00
0.700000 12.250000 1.045392630977e+00 -5.027919951711e-01 1.160020e+00
0.700000 12.275000 1.034315457399e+00 -5.234931691021e-01 1.159247e+00
0.700000 12.300000 1.020843971067e+00 -5.434887004444e-01 1.156504e+00
0.700000 12.325000 1.005083701053e+00 -5.624650221215e-01 1.151764e+00
0.700000 12.350000 9.871934463815e-01 -5.801337942260e-01 1.145035e+00
0.700000 12.375000 9.673773735185e-01 -5.962431614581e-01 1.136365e+00
0.700000 12.400000 9.458744029240e-01 -6.105862535546e-01 1.125830e+00
0.700000 12.425000 9.229458907972e-01 -6.230062406606e-01 1.113538e+00
0.700000 12.450000 8.988627822533e-01 -6.333976320007e-01 1.099612e+00
0.700000 12.475000 8.738934397375e-01 -6.417039183003e-01 1.084193e+00
0.700000 12.500000 8.482932323053e-01 -6.479120522384e-01 1.067423e+00
0.700000 12.525000 8.222967244102e-01 -6.520445855195e-01 1.049445e+00
0.700000 12.550000 7.961129616316e-01 -6.541504947287e-01 1.030393e+00
0.700000 12.575000 7.699239624744e-01 -6.542958056794e-01 1.010389e+00
0.700000 12.600000 7.438861426796e-01 -6.525550614971e-01 9.895427e-01
0.700000 12.625000 7.181340720073e-01 -6.490044871351e-01 9.679480e-01
0.700000 12.650000 6.927857344348e-01 -6.437174137531e-01 9.456871e-01
0.700000 12.675000 6.679483572588e-01 -6.367621842458e-01 9.228332e-01
0.700000 12.700000 6.437239003420e-01 -6.282024157860e-01 8.994547e-01
0.700000 12.725000 6.202134423032e-01 -6.180991944177e-01 8.756205e-01
0.700000 12.750000 5.975199377499e-01 -6.065145596892e-01 8.514047e-01
0.700000 12.775000 5.757491087666e-01 -5.935155290520e-01 8.268904e-01
0.700000 12.800000 5.550085294416e-01 -5.791779199334e-01 8.021730e-01
0.700000 12.825000 5.354052205948e-01 -5.635893419130e-01 7.773620e-01
0.700000 12.850000 5.170422576380e-01 -5.468509268274e-01 7.525813e-01
0.700000 12.875000 5.000149856057e-01 -5.290776046541e-01 7.279685e-01
0.700000 12.900000 4.844074258895e-01 -5.103969769300e-01 7.036730e-01
0.700000 12.925000 4.702893594134e-01 -4.909470485806e-01 6.798537e-01
0.700000 12.950000 4.577144050017e-01 -4.708732229457e-01 6.566765e-01
0.700000 12.975000 4.467192127789e-01 -4.503250257897e-01 6.343112e-01
0.700000 13.000000 4.373236970946e-01 -4.294529995158e-01 6.129289e-01
0.700000 13.025000 4.295320751072e-01 -4.084061107401e-01 5.927001e-01
0.700000 13.050000 4.233343806281e-01 -3.873298669048e-01 5.737913e-01
0.700000 13.075000 4.187081004190e-01 -3.663651721046e-01 5.563631e-01
0.700000 13.100000 4.156196299614e-01 -3.456478016629e-01 5.405664e-01
0.700000 13.125000 4.140253525362e-01 -3.253082676823e-01 5.265382e-01
0.700000 13.150000 4.138722837971e-01 -3.054718028408e-01 5.143960e-01
0.700000 13.175000 4.150983631285e-01 -2.862582133585e-01 5.042325e-01
0.700000 13.200000 4.176325826528e-01 -2.677814369015e-01 4.961087e-01
0.700000 13.225000 4.213952006820e-01 -2.501487675032e-01 4.900493e-01
0.700000 13.250000 4.262982752888e-01 -2.334598491144e-01 4.860388e-01
0.700000 13.275000 4.322466755566e-01 -2.178056605669e-01 4.840212e-01
0.700000 13.300000 4.391395966650e-01 -2.032677885598e-01 4.839022e-01
0.700000 13.325000 4.468724455583e-01 -1.899182909572e-01 4.855553e-01
0.700000 13.350000 4.553388089990e-01 -1.778203818109e-01 4.888287e-01
0.700000 13.375000 4.644320993268e-01 -1.670300282322e-01 4.935547e-01
0.700000 13.400000 4.740464245155e-01 -1.575983578742e-01 4.995571e-01
0.700000 13.425000 4.840762671549e-01 -1.495745659787e-01 5.066581e-01
0.700000 13.450000 4.944146864662e-01 -1.430088206806e-01 5.146818e-01
0.700000 13.475000 5.049499669624e-01 -1.379545325670e-01 5.234557e-01
0.700000 13.500000 5.155609003352e-01 -1.344693108736e-01 5.328086e-01
0.700000 13.525000 5.261111653487e-01 -1.326139933499e-01 5.425674e-01
0.700000 13.550000 5.364435196924e-01 -1.324493125847e-01 5.525527e-01
0.700000 13.575000 5.463746944766e-01 -1.340300334651e-01 5.625739e-01
0.700000 13.600000 5.556919508076e-01 -1.373967328959e-01 5.724259e-01
0.700000 13.625000 5.641521971278e-01 -1.425657498731e-01 5.818872e-01
0.700000 13.650000 5.714843723439e-01 -1.495181610843e-01 5.907200e-01
0.700000 13.675000 5.773954893911e-01 -1.581888850379e-01 5.986729e-01
0.700000 13.700000 5.815803410702e-01 -1.684571455764e-01 6.054862e-01
0.700000 13.725000 5.837344427809e-01 -1.801395077975e-01 6.108978e-01
0.700000 13.750000 5.835693803341e-01 -1.929865296563e-01 6.146520e-01
0.700000 13.775000 5.808293999316e-01 -2.066837655828e-01 6.165071e-01
0.700000 13.800000 5.753078675812e-01 -2.208574485614e-01 6.162444e-01
0.700000 13.825000 5.668621673095e-01 -2.350847134760e-01 6.136754e-01
0.700000 13.850000 5.554257120618e-01 -2.489077646074e-01 6.086483e-01
0.700000 13.875000 5.410159969986e-01 -2.618509916202e-01 6.010526e-01
0.700000 13.900000 5.237380004249e-01 -2.734397508992e-01 5.908221e-01
0.700000 13.925000 5.037826853853e-01 -2.832193873903e-01 5.779362e-01
0.700000 13.950000 4.814208183507e-01 -2.907730910783e-01 5.624189e-01
0.700000 13.975000 4.569927426593e-01 -2.957373550177e-01 5.443372e-01
0.700000 14.000000 4.308950727110e-01 -2.978141010993e-01 5.237975e-01
0.700000 14.025000 4.035654738011e-01 -2.967789219238e-01 5.009419e-01
0.700000 14.050000 3.754667442858e-01 -2.924852990655e-01 4.759442e-01
0.700000 14.075000 3.470713249637e-01 -2.848650447316e-01 4.490062e-01
0.700000 14.100000 3.188471483841e-01 -2.739255266874e-01 4.203554e-01
0.700000 14.125000 2.912454472851e-01 -2.597444398815e-01 3.902449e-01
0.700000 14.150000 2.646908149434e-01 -2.424629648572e-01 3.589561e-01
0.700000 14.175000 2.395735010075e-01 -2.222781051171e-01 3.268073e-01
0.700000 14.200000 2.162436786130e-01 -1.994348439735e-01 2.941693e-01
0.700000 14.225000 1.950072638987e-01 -1.742185416895e-01 2.614956e-01
0.700000 14.250000 1.761228222181e-01 -1.469477498360e-01 2.293750e-01
0.700000 14.275000 1.597991524751e-01 -1.179673968632e-01 1.986255e-01
0.700000 14.300000 1.461932810385e-01 -8.764213572190e-02 1.704512e-01
0.700000 14.325000 1.354087853195e-01 -5.634956740516e-02 1.466656e-01
0.700000 14.350000 1.274945630665e-01 -2.447307354072e-02 1.298222e-01
0.700000 14.375000 1.224443255495e-01 7.605900947963e-03 1.226803e-01
0.700000 14.400000 1.201971870097e-01 3.951610115320e-02 1.265262e-01
0.700000 14.425000 1.206397277958e-01 7.090503475600e-02 1.399338e-01
0.700000 14.450000 1.236098196214e-01 1.014474553247e-01 1.599093e-01
0.700000 14.475000 1.289023305993e-01 1.308532061040e-01 1.836801e-01
0.700000 14.500000 1.362766024530e-01 1.588738133917e-01 2.093136e-01
0.700000 14.525000 1.454653503381e-01 1.853072562098e-01 2.355821e-01
0.700000 14.550000 1.561844189042e-01 2.100004753768e-01 2.617131e-01
0.700000 14.575000 1.681426755843e-01 2.328494037334e-01 2.872121e-01
0.700000 14.600000 1.810512630234e-01 2.537965690560e-01 3.117567e-01
0.700000 14.625000 1.946314819169e-01 2.728266014055e-01 3.351354e-01
0.700000 14.650000 2.086207307937e-01 2.899602234964e-01 3.572108e-01
0.700000 14.675000 2.227761707199e-01 3.052474764150e-01 3.778958e-01
0.700000 14.700000 2.368760764065e-01 3.187610045057e-01 3.971383e-01
0.700000 14.725000 2.507191375622e-01 3.305901788120e-01 4.149096e-01
0.700000 14.750000 2.641222400101e-01 3.408366823485e-01 4.311962e-01
0.700000 14.775000 2.769174444108e-01 3.496119344326e-01 4.459953e-01
0.700000 14.800000 2.889489621288e-01 3.570364313675e-01 4.593109e-01
0.700000 14.825000 3.000708896722e-01 3.632407717591e-01 4.711543e-01
0.700000 14.850000 3.101463104215e-01 3.683678633118e-01 4.815450e-01
0.700000 14.875000 3.190481278749e-01 3.725756152871e-01 4.905143e-01
0.700000 14.900000 3.266616954460e-01 3.760393361979e-01 4.981099e-01
0.700000 14.925000 3.328889995123e-01 3.789530925167e-01 5.044012e-01
0.700000 14.950000 3.376538819139e-01 3.815294354116e-01 5.094849e-01
0.700000 14.975000 3.409075965740e-01 3.839971453378e-01 5.134898e-01
0.700000 15.000000 3.426339112198e-01 3.865969412455e-01 5.165803e-01
0.700000 15.025000 3.428530014904e-01 3.895754066068e-01 5.189578e-01
0.700000 15.050000 3.416235346492e-01 3.931776517399e-01 5.208602e-01
0.700000 15.075000 3.390425798321e-01 3.976394205855e-01 5.225581e-01
0.700000 15.100000 3.352432737780e-01 4.031794321759e-01 5.243488e-01
0.700000 15.125000 3.303904701102e-01 4.099927113187e-01 5.265471e-01
0.700000 15.150000 3.246748606860e-01 4.182455165810e-01 5.294743e-01
0.700000 15.175000 3.183062400765e-01 4.280722407224e-01 5.334461e-01
0.700000 15.200000 3.115066622841e-01 4.395743765606e-01 5.387597e-01
0.700000 15.225000 3.045042024331e-01 4.528213542785e-01 5.456830e-01
0.700000 15.250000 2.975278934451e-01 4.678528088592e-01 5.544449e-01
0.700000 15.275000 2.908041832451e-01 4.846816661662e-01 5.652286e-01
0.700000 15.300000 2.845549888318e-01 5.032973679016e-01 5.781693e-01
0.700000 15.325000 2.789971529306e-01 5.236685974968e-01 5.933534e-01
0.700000 15.350000 2.743428796842e-01 5.457450115786e-01 6.108205e-01
0.700000 15.375000 2.708005732239e-01 5.694576998667e-01 6.305672e-01
0.700000 15.400000 2.685754493838e-01 5.947183535718e-01 6.525509e-01
0.700000 15.425000 2.678693423186e-01 6.214173764799e-01 6.766931e-01
0.700000 15.450000 2.688792734283e-01 6.494213833383e-01 7.028828e-01
0.700000 15.475000 2.717945639112e-01 6.785706642665e-01 7.309791e-01
0.700000 15.500000 2.767925181783e-01 7.086772323015e-01 7.608137e-01
0.700000 15.525000 2.840329427153e-01 7.395240105111e-01 7.921935e-01
0.700000 15.550000 2.936519557073e-01 7.708655684489e-01 8.249031e-01
0.700000 15.575000 3.057556575992e-01 8.024306119946e-01 8.587092e-01
0.700000 15.600000 3.204142560484e-01 8.339262018988e-01 8.933634e-01
0.700000 15.625000 3.376571707243e-01 8.650434635239e-01 9.286079e-01
0.700000 15.650000 3.574695001429e-01 8.954643883997e-01 9.641789e-01
0.700000 15.675000 3.797900429383e-01 9.248692424538e-01 9.998118e-01
0.700000 15.700000 4.045108660429e-01 9.529440970828e-01 1.035245e+00
0.700000 15.725000 4.314782396540e-01 9.793880824575e-01 1.070222e+00
0.700000 15.750000 4.604946455093e-01 1.003920107266e+00 1.104496e+00
0.700000 15.775000 4.913215313834e-01 1.026284963522e+00 1.137830e+00
0.700000 15.800000 5.236825360283e-01 1.046258901150e+00 1.170000e+00
0.700000 15.825000 5.572670335959e-01 1.063654877681e+00 1.200795e+00
0.700000 15.850000 5.917340184230e-01 1.078327734215e+00 1.230016e+00
0.700000 15.875000 6.267165327015e-01 1.090179503687e+00 1.257484e+00
0.700000 15.900000 6.618269892837e-01 1.099164922647e+00 1.283035e+00
0.700000 15.925000 6.966638208589e-01 1.105297011726e+00 1.306531e+00
0.700000 15.950000 7.308198661817e-01 1.108652347251e+00 1.327858e+00
0.700000 15.975000 7.638927710161e-01 1.109375411664e+00 1.346939e+00
0.700000 16.000000 7.954974423063e-01 1.107681231733e+00 1.363735e+00
0.700000 16.025000 8.252802748179e-01 1.103855434639e+00 1.378254e+00
0.700000 16.050000 8.529345128881e-01 1.098250903981e+00 1.390558e+00
0.700000 16.075000 8.782157698574e-01 1.091280413538e+00 1.400770e+00
0.700000 16.100000 9.009564612401e-01 1.083404947007e+00 1.409074e+00
0.700000 16.125000 9.210777661354e-01 1.075117845508e+00 1.415720e+00
0.700000 16.150000 9.385977521314e-01 1.066925411297e+00 1.421019e+00
0.700000 16.175000 9.536344986043e-01 1.059325072758e+00 1.425338e+00
0.700000 16.200000 9.664034238231e-01 1.052782615566e+00 1.429086e+00
0.700000 16.225000 9.772085295863e-01 1.047710246575e+00 1.432701e+00
0.700000 16.250000 9.864278684931e-01 1.044447333887e+00 1.436632e+00
0.700000 16.275000 9.944941436142e-01 1.043245534547e+00 1.441312e+00
0.700000 16.300000 1.001871892525e+00 1.044259682798e+00 1.447144e+00
0.700000 16.325000 1.009033115972e+00 1.047545296965e+00 1.454475e+00
0.700000 16.350000 1.016433428725e+00 1.053062926532e+00 1.463584e+00
0.700000 16.375000 1.024490801805e+00 1.060688875408e+00 1.474667e+00
0.700000 16.400000 1.033568724610e+00 1.070231184140e+00 1.487837e+00
0.700000 16.425000 1.043965165013e+00 1.081449212388e+00 1.503129e+00
0.700000 16.450000 1.055908095181e+00 1.094074800207e+00 1.520507e+00
0.700000 16.475000 1.069557650823e+00 1.107832848183e+00 1.539885e+00
0.700000 16.500000 1.085014284390e+00 1.122459260208e+00 1.561144e+00
0.700000 16.525000 1.102331641631e+00 1.137714526598e+00 1.584149e+00
0.700000 16.550000 1.121532409828e+00 1.153391749064e+00 1.608772e+00
0.700000 16.575000 1.142625109753e+00 1.169318559324e+00 1.634900e+00
0.700000 16.600000 1.165619761006e+00 1.185353081905e+00 1.662447e+00
0.700000 16.625000 1.190540541774e+00 1.201374756641e+00 1.691357e+00
0.700000 16.650000 1.217433960996e+00 1.217271391177e+00 1.721597e+00
0.700000 16.675000 1.246371610778e+00 1.232924197962e+00 1.753153e+00
0.700000 16.700000 1.277447201047e+00 1.248192745932e+00 1.786017e+00
0.700000 16.725000 1.310768220462e+00 1.262901713189e+00 1.820174e+00
0.700000 16.750000 1.346443144350e+00 1.276831079295e+00 1.855588e+00
0.700000 16.775000 1.384565560338e+00 1.289710983502e+00 1.892188e+00
0.700000 16.800000 1.425196862866e+00 1.301221954807e+00 1.929861e+00
0.700000 16.825000 1.468349259565e+00 1.311000656474e+00 1.968444e+00
0.700000 16.850000 1.513970740161e+00 1.318650747121e+00 2.007722e+00
0.700000 16.875000 1.561933408072e+00 1.323757999454e+00 2.047430e+00
0.700000 16.900000 1.612026208791e+00 1.325908478560e+00 2.087262e+00
0.700000 16.925000 1.663952658978e+00 1.324708387342e+00 2.126873e+00
0.700000 16.950000 1.717333739318e+00 1.319804140298e+00 2.165899e+00
0.700000 16.975000 1.771715710231e+00 1.310901313318e+00 2.203960e+00
0.700000 17.000000 1.826582278802e+00 1.297781307337e+00 2.240678e+00
0.700000 17.025000 1.881370309209e+00 1.280314820338e+00 2.275689e+00
0.700000 17.050000 1.935488133328e+00 1.258471506403e+00 2.308650e+00
0.700000 17.075000 1.988335474607e+00 1.232325477378e+00 2.339253e+00
0.700000 17.100000 2.039324027778e+00 1.202056546402e+00 2.367231e+00
0.700000 17.125000 2.087897815044e+00 1.167947308181e+00 2.392367e+00
0.700000 17.150000 2.133552540829e+00 1.130376295637e+00 2.414497e+00
0.700000 17.175000 2.175853271372e+00 1.089807553326e+00 2.433520e+00
0.700000 17.200000 2.214449858857e+00 1.046777038335e+00 2.449394e+00
0.700000 17.225000 2.249089608247e+00 1.001876315274e+00 2.462145e+00
0.700000 17.250000 2.279626752523e+00 9.557340673371e-01 2.471867e+00
0.700000 17.275000 2.306028369214e+00 9.089960089201e-01 2.478718e+00
0.700000 17.300000 2.328376451255e+00 8.623038578581e-01 2.482923e+00
0.700000 17.325000 2.346865950478e+00 8.162741001709e-01 2.484770e+00
0.700000 17.350000 2.361798750046e+00 7.714773438064e-01 2.484607e+00
0.700000 17.375000 2.373573692847e+00 7.284190932411e-01 2.482830e+00
0.700000 17.400000 2.382672987893e+00 6.875227670459e-01 2.479883e+00
0.700000 17.425000 2.389645519713e+00 6.491157128280e-01 2.476238e+00
0.700000 17.450000 2.395087774685e+00 6.134188429195e-01 2.472393e+00
0.700000 17.475000 2.399623249217e+00 5.805403238846e-01 2.468850e+00
0.700000 17.500000 2.403881295979e+00 5.504735172752e-01 2.466103e+00
0.700000 17.525000 2.408476380331e+00 5.230991104612e-01 2.464628e+00
0.700000 17.550000 2.413988653855e+00 4.981911224869e-01 2.464860e+00
0.700000 17.575000 2.420946610290e+00 4.754262496856e-01 2.467187e+00
0.700000 17.600000 2.429812387467e+00 4.543958546620e-01 2.471935e+00
0.700000 17.625000 2.440970041877e+00 4.346198180683e-01 2.479361e+00
0.700000 17.650000 2.454716880593e+00 4.155614723866e-01 2.489644e+00
0.700000 17.675000 2.471257719373e+00 3.966429155680e-01 2.502886e+00
0.700000 17.700000 2.490701772447e+00 3.772601431520e-01 2.519111e+00
0.700000 17.725000 2.513061786858e+00 3.567976145992e-01 2.538264e+00
0.700000 17.750000 2.538255018670e+00 3.346420522401e-01 2.560219e+00
0.700000 17.775000 2.566105703647e+00 3.101954287650e-01 2.584786e+00
0.700000 17.800000 2.596348782972e+00 2.828872059654e-01 2.611714e+00
0.700000 17.825000 2.628634778530e+00 2.521859274374e-01 2.640704e+00
0.700000 17.850000 2.662535840907e+00 2.176102374707e-01 2.671414e+00
0.700000 17.875000 2.697553086641e+00 1.787393068177e-01 2.703468e+00
0.700000 17.900000 2.733125375555e+00 1.352225147064e-01 2.736468e+00
0.700000 17.925000 2.768639641187e+00 8.678809486909e-02 2.770000e+00
0.700000 17.950000 2.803442777723e+00 3.325033444475e-02 2.803640e+00
0.700000 17.975000 2.836854919419e+00 -2.548515100823e-02 2.836969e+00
0.700000 18.000000 2.868183749436e+00 -8.941853262349e-02 2.869577e+00
0.700000 18.025000 2.896739278162e+00 -1.584556423457e-01 2.901070e+00
0.700000 18.050000 2.921848373315e+00 -2.324107947171e-01 2.931077e+00
0.700000 18.075000 2.942868238232e+00 -3.110125006574e-01 2.959257e+00
0.700000 18.100000 2.959198044886e+00 -3.939117404056e-01 2.985301e+00
0.700000 18.125000 2.970288044265e+00 -4.806921921575e-01 3.008933e+00
0.700000 18.150000 2.975645692899e+00 -5.708815903630e-01 3.029913e+00
0.700000 18.175000 2.974838628351e+00 -6.639632502823e-01 3.048034e+00
0.700000 18.200000 2.967494662890e+00 -7.593867699849e-01 3.063118e+00
0.700000 18.225000 2.953299299157e+00 -8.565770191322e-01 3.075012e+00
0.700000 18.250000 2.931991557999e+00 -9.549407396719e-01 3.083583e+00
0.700000 18.275000 2.903359105188e+00 -1.053870393661e+00 3.088711e+00
0.700000 18.300000 2.867233739718e+00 -1.152745259926e+00 3.090283e+00
0.700000 18.325000 2.823488247473e+00 -1.250930156866e+00 3.088189e+00
0.700000 18.350000 2.772035433979e+00 -1.347772503452e+00 3.082316e+00
0.700000 18.375000 2.712829851625e+00 -1.442598678850e+00 3.072546e+00
0.700000 18.400000 2.645872367747e+00 -1.534710769025e+00 3.058754e+00
0.700000 18.425000 2.571217328840e+00 -1.623384778228e+00 3.040812e+00
0.700000 18.450000 2.488981714296e+00 -1.707871235798e+00 3.018585e+00
0.700000 18.475000 2.399355387955e+00 -1.787398864522e+00 2.991939e+00
0.700000 18.500000 2.302611383758e+00 -1.861181632165e+00 2.960746e+00
0.700000 18.525000 2.199115123188e+00 -1.928429129995e+00 2.924884e+00
0.700000 18.550000 2.089331558056e+00 -1.988359861943e+00 2.884247e+00
0.700000 18.575000 1.973829444566e+00 -2.040216732736e+00 2.838747e+00
0.700000 18.600000 1.853282249583e+00 -2.083283829586e+00 2.788320e+00
0.700000 18.625000 1.728465522644e+00 -2.116903520362e+00 2.732924e+00
0.700000 18.650000 1.600250888896e+00 -2.140492943849e+00 2.672548e+00
0.700000 18.675000 1.469597083565e+00 -2.153559127895e+00 2.607208e+00
0.700000 18.700000 1.337538623147e+00 -2.155712206761e+00 2.536948e+00
0.700000 18.725000 1.205172773011e+00 -2.146676476985e+00 2.461841e+00
0.700000 18.750000 1.073645424804e+00 -2.126299285351e+00 2.381987e+00
0.700000 18.775000 9.441363572023e-01 -2.094557940657e+00 2.297513e+00
0.700000 18.800000 8.178441526627e-01 -2.051564951181e+00 2.208571e+00
0.700000 18.825000 6.959708231203e-01 -1.997571895864e+00 2.115341e+00
0.700000 18.850000 5.797060041432e-01 -1.932972141368e+00 2.018029e+00
0.700000 18.875000 4.702104504984e-01 -1.858302439185e+00 1.916869e+00
0.700000 18.900000 3.685985358532e-01 -1.774243211616e+00 1.812127e+00
0.700000 18.925000 2.759195388470e-01 -1.681617106562e+00 1.704103e+00
0.700000 18.950000 1.931376819134e-01 -1.581385214806e+00 1.593136e+00
0.700000 18.975000 1.211111549216e-01 -1.474640240985e+00 1.479605e+00
0.700000 19.000000 6.057066508839e-02 -1.362595929900e+00 1.363942e+00
0.700000 19.025000 1.209836076349e-02 -1.246572186065e+00 1.246631e+00
0.700000 19.050000 -2.389176953699e-02 -1.127975579986e+00 1.128229e+00
0.700000 19.075000 -4.717076373960e-02 -1.008275284985e+00 1.009378e+00
0.700000 19.100000 -5.770752943715e-02 -8.889748934246e-01 8.908460e-01
0.700000 19.125000 -5.567648746677e-02 -7.715809716367e-01 7.735871e-01
0.700000 19.150000 -4.145909052993e-02 -6.575695766793e-01 6.588753e-01
0.700000 19.175000 -1.563865747485e-02 -5.483522283800e-01 5.485752e-01
0.700000 19.200000 2.101159414483e-02 -4.452429714173e-01 4.457385e-01
0.700000 19.225000 6.754696560053e-02 -3.494281556084e-01 3.558969e-01
0.700000 19.250000 1.228753491273e-01 -2.619404081075e-01 2.893288e-01
0.700000 19.275000 1.857857889664e-01 -1.836379875304e-01 2.612265e-01
0.700000 19.300000 2.549801066344e-01 -1.151903314479e-01 2.797922e-01
0.700000 19.325000 3.291060406906e-01 -5.707017997034e-02 3.340177e-01
0.700000 19.350000 4.067903647390e-01 -9.552227969321e-03 4.069025e-01
0.700000 19.375000 4.866705865378e-01 2.728212741002e-02 4.874347e-01
0.700000 19.400000 5.674240682110e-01 5.353468231288e-02 5.699439e-01
0.700000 19.425000 6.477937049284e-01 6.947590436106e-02 6.515087e-01
0.700000 19.450000 7.266096154190e-01 7.552702340092e-02 7.305244e-01
0.700000 19.475000 8.028065930722e-01 7.223975311546e-02 8.060503e-01
0.700000 19.500000 8.754373099745e-01 6.027457004213e-02 8.775098e-01
0.700000 19.525000 9.436814389577e-01 4.037833519314e-02 9.445449e-01
0.700000 19.550000 1.006850955540e+00 1.336188609872e-02 1.006940e+00
0.700000 19.575000 1.064391911057e+00 -1.992191547946e-02 1.064578e+00
0.700000 19.600000 1.115882949753e+00 -5.859929961340e-02 1.117421e+00
0.700000 19.625000 1.161030802246e+00 -1.017955423900e-01 1.165485e+00
0.700000 19.650000 1.199662952891e+00 -1.486534382860e-01 1.208838e+00
0.700000 19.675000 1.231717672810e+00 -1.983499397185e-01 1.247586e+00
0.700000 19.700000 1.257231648813e+00 -2.501105659841e-01 1.281868e+00
0.700000 19.725000 1.276325525302e+00 -3.032211470178e-01 1.311850e+00
0.700000 19.750000 1.289187803764e+00 -3.570364656346e-01 1.337715e+00
0.700000 19.775000 1.296057694362e+00 -4.109854147575e-01 1.359660e+00
0.700000 19.800000 1.297207660787e+00 -4.645724038019e-01 1.377888e+00
0.700000 19.825000 1.292926514549e+00 -5.173749293803e-01 1.392600e+00
0.700000 19.850000 1.283503972045e+00 -5.690374565524e-01 1.403989e+00
0.700000 19.875000 1.269217567522e+00 -6.192620144946e-01 1.412232e+00
0.700000 19.900000 1.250322708661e+00 -6.677961647352e-01 1.417483e+00
0.700000 19.925000 1.227046472169e+00 -7.144192190866e-01 1.419872e+00
0.700000 19.950000 1.199585479888e+00 -7.589277392680e-01 1.419499e+00
0.700000 19.975000 1.168107897054e+00 -8.011214197421e-01 1.416429e+00
0.700000 20.000000 1.132759285111e+00 -8.407904291678e-01 1.410699e+00
0.700000 20.025000 1.093671755125e+00 -8.777051662262e-01 1.402314e+00
0.700000 20.050000 1.050975634341e+00 -9.116091865327e-01 1.391252e+00
0.700000 20.075000 1.004812699906e+00 -9.422158026736e-01 1.377468e+00
0.700000 20.100000 9.553499619093e-01 -9.692085787168e-01 1.360904e+00
0.700000 20.125000 9.027929923142e-01 -9.922456646208e-01 1.341487e+00
0.700000 20.150000 8.473978858203e-01 -1.010967672126e+00 1.319143e+00
0.700000 20.175000 7.894810831667e-01 -1.025008601857e+00 1.293802e+00
0.700000 20.200000 7.294264622532e-01 -1.034009201429e+00 1.265400e+00
0.700000 20.225000 6.676892828679e-01 -1.037632065693e+00 1.233892e+00
0.700000 20.250000 6.047967359217e-01 -1.035577772626e+00 1.199250e+00
0.700000 20.275000 5.413449846487e-01 -1.027601365038e+00 1.161473e+00
0.700000 20.300000 4.779926893236e-01 -1.013528519623e+00 1.120588e+00
0.700000 20.325000 4.154510842000e-01 -9.932707732249e-01 1.076655e+00
0.700000 20.350000 3.544707387394e-01 -9.668391892515e-01 1.029771e+00
0.700000 20.375000 2.958252021868e-01 -9.343558414285e-01 9.800681e-01
0.700000 20.400000 2.402918185543e-01 -8.960624734830e-01 9.277220e-01
0.700000 20.425000 1.886301209930e-01 -8.523256768940e-01 8.729492e-01
0.700000 20.450000 1.415583750109e-01 -8.036379356697e-01 8.160102e-01
0.700000 20.475000 9.972903297903e-02 -7.506139405740e-01 7.572101e-01
0.700000 20.500000 6.370407062045e-02 -6.939816958851e-01 6.968994e-01
0.700000 20.525000 3.393137289831e-02 -6.345681426732e-01 6.354747e-01
0.700000 20.550000 1.072348904456e-02 -5.732793052444e-01 5.733796e-01
0.700000 20.575000 -5.759849483379e-03 -5.110753196886e-01 5.111078e-01
0.700000 20.600000 -1.552408781202e-02 -4.489410994035e-01 4.492094e-01
0.700000 20.625000 -1.874588307464e-02 -3.878537945268e-01 3.883065e-01
0.700000 20.650000 -1.577190780949e-02 -3.287485656266e-01 3.291267e-01
0.700000 20.675000 -7.109923433907e-03 -2.724844705788e-01 2.725772e-01
0.700000 20.700000 6.587873193330e-03 -2.198124162496e-01 2.199111e-01
0.700000 20.725000 2.454867941645e-02 -1.713471236803e-01 1.730967e-01
0.700000 20.750000 4.590900044333e-02 -1.275448835436e-01 1.355556e-01
0.700000 20.775000 6.974907568316e-02 -8.868854350858e-02 1.128299e-01
0.700000 20.800000 9.512988170083e-02 -5.488069615366e-02 1.098252e-01
0.700000 20.825000 1.211305665437e-01 -2.604546761238e-02 1.238991e-01
0.700000 20.850000 1.468841411026e-01 -1.938697936668e-03 1.468969e-01
0.700000 20.875000 1.716094086318e-01 1.783428549706e-02 1.725336e-01
0.700000 20.900000 1.946374371719e-01 3.379461191415e-02 1.975495e-01
0.700000 20.925000 2.154313361392e-01 4.656122333255e-02 2.204056e-01
0.700000 20.950000 2.335986381629e-01 5.681956144287e-02 2.404096e-01
0.700000 20.975000 2.488961529430e-01 6.528955136916e-02 2.573170e-01
0.700000 21.000000 2.612276935374e-01 7.269472644812e-02 2.711539e-01
0.700000 21.025000 2.706355260232e-01 7.973407124029e-02 2.821367e-01
0.700000 21.050000 2.772867228708e-01 8.705778816882e-02 2.906320e-01
0.700000 21.075000 2.814557877415e-01 9.524776549420e-02 2.971355e-01
0.700000 21.100000 2.835049626638e-01 1.048030918811e-01 3.022561e-01
0.700000 21.125000 2.838635432234e-01 1.161305718990e-01 3.066999e-01
0.700000 21.150000 2.830073431537e-01 1.295398830387e-01 3.112455e-01
0.700000 21.175000 2.814392049287e-01 1.452427992319e-01 3.167073e-01
0.700000 21.200000 2.796711883823e-01 1.633557932709e-01 3.238844e-01
0.700000 21.225000 2.782088219248e-01 1.839053106205e-01 3.334986e-01
0.700000 21.250000 2.775375984135e-01 2.068350577009e-01 3.461327e-01
0.700000 21.275000 2.781117555337e-01 2.320147396231e-01 3.621836e-01
0.700000 21.300000 2.803453004156e-01 2.592497851813e-01 3.818428e-01
0.700000 21.325000 2.846052096045e-01 2.882916845070e-01 4.051077e-01
0.700000 21.350000 2.912067388053e-01 3.188486197280e-01 4.318169e-01
0.700000 21.375000 3.004107881515e-01 3.505960851488e-01 4.616971e-01
0.700000 21.400000 3.124232651693e-01 3.831871764747e-01 4.944095e-01
0.700000 21.425000 3.273963521131e-01 4.162621940141e-01 5.295872e-01
0.700000 21.450000 3.454315094512e-01 4.494571744255e-01 5.668639e-01
0.700000 21.475000 3.665839368883e-01 4.824109627384e-01 6.058912e-01
0.700000 21.500000 3.908680822466e-01 5.147704806445e-01 6.463486e-01
0.700000 21.525000 4.182636600604e-01 5.461939498280e-01 6.879479e-01
0.700000 21.550000 4.487215433299e-01 5.763519904609e-01 7.304332e-01
0.700000 21.575000 4.821688500003e-01 6.049267226388e-01 7.735781e-01
0.700000 21.600000 5.185125806090e-01 6.316092289871e-01 8.171814e-01
0.700000 21.625000 5.576412847553e-01 6.560959585315e-01 8.610608e-01
0.700000 21.650000 5.994244377950e-01 6.780848307535e-01 9.050462e-01
0.700000 21.675000 6.437094776829e-01 6.972719027665e-01 9.489731e-01
0.700000 21.700000 6.903167553001e-01 7.133494681565e-01 9.926755e-01
0.700000 21.725000 7.390329517666e-01 7.260063523534e-01 1.035980e+00
0.700000 21.750000 7.896037723298e-01 7.349309608221e-01 1.078702e+00
0.700000 21.775000 8.417269010277e-01 7.398173428547e-01 1.120640e+00
0.700000 21.800000 8.950462654495e-01 7.403741886339e-01 1.161577e+00
0.700000 21.825000 9.491486025468e-01 7.363363227778e-01 1.201280e+00
0.700000 21.850000 1.003563137289e+00 7.274779390523e-01 1.239501e+00
0.700000 21.875000 1.057764905463e+00 7.136265800109e-01 1.275982e+00
0.700000 21.900000 1.111181903941e+00 6.946767338764e-01 1.310458e+00
0.700000 21.925000 1.163205879804e+00 6.706019162486e-01 1.342667e+00
0.700000 21.950000 1.213206220727e+00 6.414642260867e-01 1.372350e+00
0.700000 21.975000 1.260546126612e+00 6.074205964054e-01 1.399263e+00
0.700000 22.000000 1.304600060277e+00 5.687252678245e-01 1.423176e+00
0.700000 22.025000 1.344771412209e+00 5.257283551975e-01 1.443884e+00
0.700000 22.050000 1.380509372590e+00 4.788707079876e-01 1.461206e+00
0.700000 22.075000 1.411324167344e+00 4.286755411745e-01 1.474991e+00
0.700000 22.100000 1.436800053351e+00 3.757375022718e-01 1.485117e+00
0.700000 22.125000 1.456605741063e+00 3.207099230884e-01 1.491494e+00
0.700000 22.150000 1.470502177085e+00 2.642909808812e-01 1.494064e+00
0.700000 22.175000 1.478347834855e+00 2.072093781944e-01 1.492799e+00
0.700000 22.200000 1.480101798581e+00 1.502099737219e-01 1.487704e+00
0.700000 22.225000 1.475824968696e+00 9.403959674892e-02 1.478818e+00
0.700000 22.250000 1.465679667958e+00 3.943309633565e-02 1.466210e+00
0.700000 22.275000 1.449927804173e+00 -1.290044984827e-02 1.449985e+00
0.700000 22.300000 1.428927579944e+00 -6.229148722153e-02 1.430285e+00
0.700000 22.325000 1.403128571321e+00 -1.081237697803e-01 1.407288e+00
0.700000 22.350000 1.373064866808e+00 -1.498481200884e-01 1.381217e+00
0.700000 22.375000 1.339345900861e+00 -1.869959091049e-01 1.352337e+00
0.700000 22.400000 1.302644655203e+00 -2.191917787315e-01 1.320957e+00
0.700000 22.425000 1.263683043915e+00 -2.461649233968e-01 1.287436e+00
0.700000 22.450000 1.223214533530e+00 -2.677580995387e-01 1.252177e+00
0.700000 22.475000 1.182004349282e+00 -2.839334797501e-01 1.215628e+00
0.700000 22.500000 1.140807942583e+00 -2.947745347846e-01 1.178276e+00
0.700000 22.525000 1.100348694782e+00 -3.004833171171e-01 1.140639e+00
0.700000 22.550000 1.061296060967e+00 -3.013728210296e-01 1.103257e+00
0.700000 22.575000 1.024245475172e+00 -2.978544750025e-01 1.066675e+00
0.700000 22.600000 9.897013193912e-01 -2.904212379007e-01 1.031433e+00
0.700000 22.625000 9.580640960086e-01 -2.796271690737e-01 9.980372e-01
0.700000 22.650000 9.296226495906e-01 -2.660646723724e-01 9.669481e-01
0.700000 22.675000 9.045518908799e-01 -2.503408315221e-01 9.385546e-01
0.700000 22.700000 8.829160289726e-01 -2.330543299723e-01 9.131566e-01
0.700000 22.725000 8.646768706544e-01 -2.147743718291e-01 8.909512e-01
0.700000 22.750000 8.497063523847e-01 -1.960228017915e-01 8.720240e-01
0.700000 22.775000 8.378021765745e-01 -1.772602901185e-01 8.563491e-01
0.700000 22.800000 8.287052615880e-01 -1.588770472753e-01 8.437976e-01
0.700000 22.825000 8.221176977138e-01 -1.411881139433e-01 8.341532e-01
0.700000 22.850000 8.177200224243e-01 -1.244328880280e-01 8.271334e-01
0.700000 22.875000 8.151868621163e-01 -1.087782465914e-01 8.224125e-01
0.700000 22.900000 8.142002942086e-01 -9.432442913210e-02 8.196458e-01
0.700000 22.925000 8.144606149826e-01 -8.111278335208e-02 8.184897e-01
0.700000 22.950000 8.156945062880e-01 -6.913453015883e-02 8.186190e-01
0.700000 22.975000 8.176608365060e-01 -5.833985798934e-02 8.197395e-01
0.700000 23.000000 8.201544794135e-01 -4.864687091651e-02 8.215959e-01
0.700000 23.025000 8.230085773893e-01 -3.995014649391e-02 8.239776e-01
0.700000 23.050000 8.260956197269e-01 -3.212886412787e-02 8.267202e-01
0.700000 23.075000 8.293275762581e-01 -2.505460649406e-02 8.297059e-01
0.700000 23.100000 8.326551568585e-01 -1.859899192258e-02 8.328629e-01
0.700000 23.125000 8.360661003479e-01 -1.264125843164e-02 8.361617e-01
0.700000 23.150000 8.395822720584e-01 -7.075801584833e-03 8.396121e-01
0.700000 23.175000 8.432552997252e-01 -1.819495582763e-03 8.432573e-01
0.700000 23.200000 8.471605202077e-01 3.181562120207e-03 8.471665e-01
0.700000 23.225000 8.513891454362e-01 7.946405589342e-03 8.514262e-01
0.700000 23.250000 8.560387678625e-01 1.245527546568e-02 8.561294e-01
0.700000 23.275000 8.612025813891e-01 1.664803847242e-02 8.613635e-01
0.700000 23.300000 8.669579511054e-01 2.042546984633e-02 8.671985e-01
0.700000 23.325000 8.733551787927e-01 2.365370637352e-02 8.736754e-01
0.700000 23.350000 8.804074400207e-01 2.617188381602e-02 8.807964e-01
0.700000 23.375000 8.880828828983e-01 2.780263271145e-02 8.885180e-01
0.700000 23.400000 8.962997648217e-01 2.836476770511e-02 8.967485e-01
0.700000 23.425000 9.049252677529e-01 2.768721717848e-02 9.053487e-01
0.700000 23.450000 9.137782994601e-01 2.562304624196e-02 9.141375e-01
0.700000 23.475000 9.226361982470e-01 2.206235924580e-02 9.228999e-01
0.700000 23.500000 9.312448623022e-01 1.694294239209e-02 9.313990e-01
0.700000 23.525000 9.393314746830e-01 1.025771727768e-02 9.393875e-01
0.700000 23.550000 9.466187383631e-01 2.058397033484e-03 9.466210e-01
0.700000 23.575000 9.528394072753e-01 -7.544873265820e-03 9.528693e-01
0.700000 23.600000 9.577499154419e-01 -1.838770266679e-02 9.579264e-01
0.700000 23.625000 9.611420630346e-01 -3.025890663105e-02 9.616183e-01
0.700000 23.650000 9.628519914094e-01 -4.291037955495e-02 9.638077e-01
0.700000 23.675000 9.627660281797e-01 -5.606837685987e-02 9.643973e-01
0.700000 23.700000 9.608233572279e-01 -6.944517019013e-02 9.633297e-01
0.700000 23.725000 9.570158135803e-01 -8.275014933755e-02 9.605867e-01
0.700000 23.750000 9.513853711361e-01 -9.569966742782e-02 9.561865e-01
0.700000 23.775000 9.440200469625e-01 -1.080252221467e-01 9.501807e-01
0.700000 23.800000 9.350489719587e-01 -1.194798856316e-01 9.426516e-01
0.700000 23.825000 9.246372774120e-01 -1.298431868947e-01 9.337095e-01
0.700000 23.850000 9.129812435168e-01 -1.389248667173e-01 9.234906e-01
0.700000 23.875000 9.003038886441e-01 -1.465680322148e-01 9.121564e-01
0.700000 23.900000 8.868508962401e-01 -1.526522211771e-01 8.998929e-01
0.700000 23.925000 8.728865310516e-01 -1.570967498337e-01 8.869105e-01
0.700000 23.950000 8.586890331859e-01 -1.598644866533e-01 8.734435e-01
0.700000 23.975000 8.445449294157e-01 -1.609659097934e-01 8.597477e-01
0.700000 24.000000 8.307417798153e-01 -1.604630171110e-01 8.460971e-01
0.700000 24.025000 8.175590772593e-01 -1.584724171733e-01 8.327763e-01
0.700000 24.050000 8.052573106894e-01 -1.551667830269e-01 8.200708e-01
0.700000 24.075000 7.940655476037e-01 -1.507738295797e-01 8.082530e-01
0.700000 24.100000 7.841682346699e-01 -1.455720935907e-01 7.975657e-01
0.700000 24.125000 7.756922037631e-01 -1.398830447337e-01 7.882041e-01
0.700000 24.150000 7.686950565995e-01 -1.340594091670e-01 7.802974e-01
0.700000 24.175000 7.631561506479e-01 -1.284699994708e-01 7.738940e-01
0.700000 24.200000 7.589713070914e-01 -1.234817628367e-01 7.689507e-01
0.700000 24.225000 7.559521143480e-01 -1.194401270722e-01 7.653297e-01
0.700000 24.250000 7.538303343785e-01 -1.166489914256e-01 7.628022e-01
0.700000 24.275000 7.522674766128e-01 -1.153518396906e-01 7.610601e-01
0.700000 24.300000 7.508691389960e-01 -1.157154280494e-01 7.597332e-01
0.700000 24.325000 7.492032833687e-01 -1.178173218619e-01 7.584105e-01
0.700000 24.350000 7.468212639758e-01 -1.216382463224e-01 7.566623e-01
0.700000 24.375000 7.432802020997e-01 -1.270598142170e-01 7.540621e-01
0.700000 24.400000 7.381652183247e-01 -1.338677491803e-01 7.502056e-01
0.700000 24.425000 7.311100989485e-01 -1.417602874366e-01 7.447268e-01
0.700000 24.450000 7.218151678919e-01 -1.503610635040e-01 7.373097e-01
0.700000 24.475000 7.100614278017e-01 -1.592355035248e-01 7.276972e-01
0.700000 24.500000 6.957203814947e-01 -1.679095861473e-01 7.156958e-01
0.700000 24.525000 6.787593016371e-01 -1.758897900357e-01 7.011786e-01
0.700000 24.550000 6.592420403128e-01 -1.826831169102e-01 6.840857e-01
0.700000 24.575000 6.373257281361e-01 -1.878162334720e-01 6.644238e-01
0.700000 24.600000 6.132538857372e-01 -1.908529798769e-01 6.422657e-01
0.700000 24.625000 5.873465552225e-01 -1.914097093124e-01 6.177489e-01
0.700000 24.650000 5.599880666185e-01 -1.891681192581e-01 5.910763e-01
0.700000 24.675000 5.316130069134e-01 -1.838853857712e-01 5.625178e-01
0.700000 24.700000 5.026908860601e-01 -1.754015058539e-01 5.324132e-01
0.700000 24.725000 4.737099248973e-01 -1.636437915679e-01 5.011790e-01
0.700000 24.750000 4.451603489221e-01 -1.486284574610e-01 4.693167e-01
0.700000 24.775000 4.175175740984e-01 -1.304592233686e-01 4.374249e-01
0.700000 24.800000 3.912257188442e-01 -1.093228450237e-01 4.062131e-01
0.700000 24.825000 3.666819595574e-01 -8.548151060978e-02 3.765139e-01
0.700000 24.850000 3.442223441167e-01 -5.926212079952e-02 3.492864e-01
0.700000 24.875000 3.241097603712e-01 -3.104261008837e-02 3.255930e-01
0.700000 24.900000 3.065247946844e-01 -1.235662197582e-03 3.065273e-01
0.700000 24.925000 2.915601832330e-01 2.972959725509e-02 2.930720e-01
0.700000 24.950000 2.792194394171e-01 6.142711147647e-02 2.858965e-01
0.700000 24.975000 2.694200310152e-01 9.345358111451e-02 2.851679e-01
0.700000 25.000000 2.620011920312e-01 1.254471650448e-01 2.904851e-01
0.700000 25.025000 2.567361120525e-01 1.571039834370e-01 3.009902e-01
0.700000 25.050000 2.533478868948e-01 1.881912841376e-01 3.155964e-01
0.700000 25.075000 2.515282808608e-01 2.185563235790e-01 3.332167e-01
0.700000 25.100000 2.509580854723e-01 2.481303106467e-01 3.529145e-01
0.700000 25.125000 2.513276979639e-01 2.769271385980e-01 3.739709e-01
0.700000 25.150000 2.523565090753e-01 3.050370466382e-01 3.958932e-01
0.700000 25.175000 2.538097918882e-01 3.326157627715e-01 4.183929e-01
0.700000 25.200000 2.555120123853e-01 3.598700364075e-01 4.413534e-01
0.700000 25.225000 2.573558125172e-01 3.870407323998e-01 4.647930e-01
0.700000 25.250000 2.593063093788e-01 4.143847990728e-01 4.888297e-01
0.700000 25.275000 2.614007635544e-01 4.421574284883e-01 5.136473e-01
0.700000 25.300000 2.637440485408e-01 4.705956022340e-01 5.394638e-01
0.700000 25.325000 2.665006594559e-01 4.999039814277e-01 5.665038e-01
0.700000 25.350000 2.698842020224e-01 5.302437896730e-01 5.949756e-01
0.700000 25.375000 2.741453860260e-01 5.617249946838e-01 6.250525e-01
0.700000 25.400000 2.795595116161e-01 5.944017623942e-01 6.568615e-01
0.700000 25.425000 2.864142982494e-01 6.282708763664e-01 6.904762e-01
0.700000 25.450000 2.949986937905e-01 6.632726151302e-01 7.259165e-01
0.700000 25.475000 3.055930520728e-01 6.992934770682e-01 7.631504e-01
0.700000 25.500000 3.184608199243e-01 7.361701377698e-01 8.020996e-01
0.700000 25.525000 3.338416641768e-01 7.736941052189e-01 8.426463e-01
0.700000 25.550000 3.519458215523e-01 8.116166791074e-01 8.846398e-01
0.700000 25.575000 3.729493833203e-01 8.496539905294e-01 9.279026e-01
0.700000 25.600000 3.969902324484e-01 8.874920643851e-01 9.722363e-01
0.700000 25.625000 4.241644212240e-01 9.247919800432e-01 1.017426e+00
0.700000 25.650000 4.545228898998e-01 9.611952855879e-01 1.063244e+00
0.700000 25.675000 4.880685543627e-01 9.963298379402e-01 1.109452e+00
0.700000 25.700000 5.247539053969e-01 1.029816198020e+00 1.155806e+00
0.700000 25.725000 5.644793405695e-01 1.061274620424e+00 1.202057e+00
0.700000 25.750000 6.070924772390e-01 1.090332562226e+00 1.247953e+00
0.700000 25.775000 6.523886673838e-01 1.116632520277e+00 1.293244e+00
0.700000 25.800000 7.001128584380e-01 1.139839914630e+00 1.337682e+00
0.700000 25.825000 7.499628348674e-01 1.159650685549e+00 1.381026e+00
0.700000 25.850000 8.015937545135e-01 1.175798272565e+00 1.423044e+00
0.700000 25.875000 8.546237851264e-01 1.188059695351e+00 1.463512e+00
0.700000 25.900000 9.086405705090e-01 1.196260547184e+00 1.502221e+00
0.700000 25.925000 9.632082260728e-01 1.200278823800e+00 1.538973e+00
0.700000 25.950000 1.017874584751e+00 1.200047621153e+00 1.573589e+00
0.700000 25.975000 1.072178480183e+00 1.195556822416e+00 1.605902e+00
0.700000 26.000000 1.125656949793e+00 1.186853939907e+00 1.635765e+00
0.700000 26.025000 1.177852344121e+00 1.174044271951e+00 1.663044e+00
0.700000 26.050000 1.228319416526e+00 1.157290478730e+00 1.687628e+00
0.700000 26.075000 1.276632517272e+00 1.136811586332e+00 1.709424e+00
0.700000 26.100000 1.322393012597e+00 1.112881314622e+00 1.728360e+00
0.700000 26.125000 1.365236987281e+00 1.085825517792e+00 1.744388e+00
0.700000 26.150000 1.404843174261e+00 1.056018453045e+00 1.757487e+00
0.700000 26.175000 1.440940904313e+00 1.023877575212e+00 1.767664e+00
0.700000 26.200000 1.473317708447e+00 9.898566071137e-01 1.774959e+00
0.700000 26.225000 1.501826066127e+00 9.544367594850e-01 1.779447e+00
0.700000 26.250000 1.526388703793e+00 9.181161595368e-01 1.781235e+00
0.700000 26.275000 1.547001834964e+00 8.813977709591e-01 1.780471e+00
0.700000 26.300000 1.563735809275e+00 8.447763185509e-01 1.777334e+00
0.700000 26.325000 1.576732803782e+00 8.087249313998e-01 1.772039e+00
0.700000 26.350000 1.586201431475e+00 7.736823547314e-01 1.764828e+00
0.700000 26.375000 1.592408431760e+00 7.400416243861e-01 1.755969e+00
0.700000 26.400000 1.595667908392e+00 7.081410335924e-01 1.745743e+00
0.700000 26.425000 1.596328850083e+00 6.782580488522e-01 1.734445e+00
0.700000 26.450000 1.594761867835e+00 6.506065661587e-01 1.722369e+00
0.700000 26.475000 1.591346178682e+00 6.253375709880e-01 1.709804e+00
0.700000 26.500000 1.586457839407e+00 6.025429169409e-01 1.697029e+00
0.700000 26.525000 1.580460083710e+00 5.822616149607e-01 1.684305e+00
0.700000 26.550000 1.573696358222e+00 5.644877724937e-01 1.671875e+00
0.700000 26.575000 1.566486318247e+00 5.491791761093e-01 1.659963e+00
0.700000 26.600000 1.559124677224e+00 5.362654942090e-01 1.648772e+00
0.700000 26.625000 1.551882453898e+00 5.256551930448e-01 1.638491e+00
0.700000 26.650000 1.545009876593e+00 5.172404948873e-01 1.629292e+00
0.700000 26.675000 1.538740024568e+00 5.109000302473e-01 1.621339e+00
0.700000 26.700000 1.533292237672e+00 5.064992019865e-01 1.614784e+00
0.700000 26.725000 1.528874414754e+00 5.038886367222e-01 1.609770e+00
0.700000 26.750000 1.525683535839e+00 5.029013976776e-01 1.606431e+00
0.700000 26.775000 1.523904052754e+00 5.033498305569e-01 1.604881e+00
0.700000 26.800000 1.523704153186e+00 5.050229820398e-01 1.605217e+00
0.700000 26.825000 1.525230262684e+00 5.076854593815e-01 1.607505e+00
0.700000 26.850000 1.528600456085e+00 5.110783996745e-01 1.611776e+00
0.700000 26.875000 1.533897660381e+00 5.149229173441e-01 1.618020e+00
0.700000 26.900000 1.541163614922e+00 5.189260414771e-01 1.626183e+00
0.700000 26.925000 1.550394500310e+00 5.227887917561e-01 1.636164e+00
0.700000 26.950000 1.561538962355e+00 5.262157247561e-01 1.647819e+00
0.700000 26.975000 1.574498968790e+00 5.289250559541e-01 1.660966e+00
0.700000 27.000000 1.589133585195e+00 5.306583584495e-01 1.675394e+00
0.700000 27.025000 1.605265392580e+00 5.311888707819e-01 1.690869e+00
0.700000 27.050000 1.622688942996e+00 5.303276076038e-01 1.707152e+00
0.700000 27.075000 1.641180406181e+00 5.279267341832e-01 1.724001e+00
0.700000 27.100000 1.660507431478e+00 5.238800001305e-01 1.741188e+00
0.700000 27.125000 1.680438250344e+00 5.181203821340e-01 1.758500e+00
0.700000 27.150000 1.700749172094e+00 5.106154109847e-01 1.775747e+00
0.700000 27.175000 1.721229857790e+00 5.013609115186e-01 1.792762e+00
0.700000 27.200000 1.741686059198e+00 4.903740336418e-01 1.809402e+00
0.700000 27.225000 1.761939837611e+00 4.776864825626e-01 1.825545e+00
0.700000 27.250000 1.781827585715e+00 4.633387685098e-01 1.841085e+00
0.700000 27.275000 1.801196423934e+00 4.473761089220e-01 1.855924e+00
0.700000 27.300000 1.819899701164e+00 4.298463608408e-01 1.869974e+00
0.700000 27.325000 1.837792383231e+00 4.108000773175e-01 1.883146e+00
0.700000 27.350000 1.854727061856e+00 3.902925098969e-01 1.895347e+00
0.700000 27.375000 1.870551178299e+00 3.683871557591e-01 1.906481e+00
0.700000 27.400000 1.885105856986e+00 3.451602990448e-01 1.916445e+00
0.700000 27.425000 1.898226519655e+00 3.207059340044e-01 1.925128e+00
0.700000 27.450000 1.909745235008e+00 2.951404811703e-01 1.932417e+00
0.700000 27.475000 1.919494582932e+00 2.686068017727e-01 1.938197e+00
0.700000 27.500000 1.927312696577e+00 2.412771552940e-01 1.942357e+00
0.700000 27.525000 1.933049098500e+00 2.133549006106e-01 1.944788e+00
0.700000 27.550000 1.936570963940e+00 1.850748833335e-01 1.945395e+00
0.700000 27.575000 1.937769509343e+00 1.567025571747e-01 1.944095e+00
0.700000 27.600000 1.936566293797e+00 1.285319415087e-01 1.940827e+00
0.700000 27.625000 1.932919308738e+00 1.008825186412e-01 1.935550e+00
0.700000 27.650000 1.926828792961e+00 7.409513220196e-02 1.928253e+00
0.700000 27.675000 1.918342728647e+00 4.852688161647e-02 1.918956e+00
0.700000 27.700000 1.907561943113e+00 2.454494138885e-02 1.907720e+00
0.700000 27.725000 1.894644665437e+00 2.519193146938e-03 1.894646e+00
0.700000 27.750000 1.879810283090e+00 -1.718643627105e-02 1.879889e+00
0.700000 27.775000 1.863341935463e+00 -3.422397415448e-02 1.863656e+00
0.700000 27.800000 1.845587496537e+00 -4.827266081381e-02 1.846219e+00
0.700000 27.825000 1.826958464240e+00 -5.905122292829e-02 1.827913e+00
0.700000 27.850000 1.807926308850e+00 -6.633072614389e-02 1.809143e+00
0.700000 27.875000 1.789015945799e+00 -6.994738904490e-02 1.790383e+00
0.700000 27.900000 1.770796185023e+00 -6.981459792401e-02 1.772172e+00
0.700000 27.925000 1.753867251593e+00 -6.593328826206e-02 1.755106e+00
0.700000 27.950000 1.738845741907e+00 -5.839987499227e-02 1.739826e+00
0.700000 27.975000 1.726347640233e+00 -4.741102728099e-02 1.726999e+00
0.700000 28.000000 1.716970234491e+00 -3.326478770293e-02 1.717292e+00
0.700000 28.025000 1.711273905481e+00 -1.635780889949e-02 1.711352e+00
0.700000 28.050000 1.709764797667e+00 2.821210036166e-03 1.709767e+00
0.700000 28.075000 1.712879304230e+00 2.370150009094e-02 1.713043e+00
0.700000 28.100000 1.720971122220e+00 4.564296411987e-02 1.721576e+00
0.700000 28.125000 1.734301378767e+00 6.795085579560e-02 1.735632e+00
0.700000 28.150000 1.753032031814e+00 8.989149073142e-02 1.755335e+00
0.700000 28.175000 1.777222451063e+00 1.107081196506e-01 1.780667e+00
0.700000 28.200000 1.806828829203e+00 1.296362311742e-01 1.811473e+00
0.700000 28.225000 1.841705895924e+00 1.459177674489e-01 1.847477e+00
0.700000 28.250000 1.881610331019e+00 1.588139922275e-01 1.888301e+00
0.700000 28.275000 1.926205304982e+00 1.676170044975e-01 1.933485e+00
0.700000 28.300000 1.975065704672e+00 1.716600982774e-01 1.982511e+00
0.700000 28.325000 2.027683800435e+00 1.703272954337e-01 2.034825e+00
0.700000 28.350000 2.083475339573e+00 1.630624017649e-01 2.089847e+00
0.700000 28.375000 2.141786263665e+00 1.493778534152e-01 2.146989e+00
0.700000 28.400000 2.201900399985e+00 1.288634460870e-01 2.205668e+00
0.700000 28.425000 2.263048535290e+00 1.011948056997e-01 2.265310e+00
0.700000 28.450000 2.324419224351e+00 6.614121055616e-02 2.325360e+00
0.700000 28.475000 2.385171515839e+00 2.357216130802e-02 2.385288e+00
0.700000 28.500000 2.444449515112e+00 -2.653803719703e-02 2.444594e+00
0.700000 28.525000 2.501398385505e+00 -8.410843297508e-02 2.502812e+00
0.700000 28.550000 2.555181067994e+00 -1.489529529489e-01 2.559519e+00
0.700000 28.575000 2.604994729409e+00 -2.207856750241e-01 2.614334e+00
0.700000 28.600000 2.650085783760e+00 -2.992298634968e-01 2.666926e+00
0.700000 28.625000 2.689762308783e+00 -3.838303637184e-01 2.717011e+00
0.700000 28.650000 2.723402820491e+00 -4.740685275679e-01 2.764356e+00
0.700000 28.675000 2.750460667627e+00 -5.693784775303e-01 2.808777e+00
0.700000 28.700000 2.770463736989e+00 -6.691632731751e-01 2.850131e+00
0.700000 28.725000 2.783009668796e+00 -7.728094647184e-01 2.888317e+00
0.700000 28.750000 2.787757303319e+00 -8.796986277383e-01 2.923262e+00
0.700000 28.775000 2.784415544401e+00 -9.892147683940e-01 2.954914e+00
0.700000 28.800000 2.772731165452e+00 -1.100746939969e+00 2.983233e+00
0.700000 28.825000 2.752477246864e+00 -1.213686965697e+00 3.008183e+00
0.700000 28.850000 2.723443891274e+00 -1.327422749167e+00 3.029719e+00
0.700000 28.875000 2.685432613909e+00 -1.441328194536e+00 3.047782e+00
0.700000 28.900000 2.638255377510e+00 -1.554751180655e+00 3.062294e+00
0.700000 28.925000 2.581738689550e+00 -1.667001277407e+00 3.073153e+00
0.700000 28.950000 2.515732576880e+00 -1.777338924272e+00 3.080234e+00
0.700000 28.975000 2.440123681389e+00 -1.884967605572e+00 3.083392e+00
0.700000 29.000000 2.354851258357e+00 -1.989030180176e+00 3.082461e+00
0.700000 29.025000 2.259924570472e+00 -2.088610010211e+00 3.077264e+00
0.700000 29.050000 2.155440093908e+00 -2.182736958542e+00 3.067615e+00
0.700000 29.075000 2.041597095777e+00 -2.270397773521e+00 3.053330e+00
0.700000 29.100000 1.918710479392e+00 -2.350549934195e+00 3.034227e+00
0.700000 29.125000 1.787220269247e+00 -2.422137757043e+00 3.010134e+00
0.700000 29.150000 1.647697643361e+00 -2.484109507846e+00 2.980890e+00
0.700000 29.175000 1.500847927160e+00 -2.535434427916e+00 2.946349e+00
0.700000 29.200000 1.347511352922e+00 -2.575118945680e+00 2.906377e+00
0.700000 29.225000 1.188662590191e+00 -2.602221842986e+00 2.860853e+00
0.700000 29.250000 1.025410020777e+00 -2.615868695772e+00 2.809668e+00
0.700000 29.275000 8.589954577112e-01 -2.615266413556e+00 2.752724e+00
0.700000 29.300000 6.907945202842e-01 -2.599719064609e+00 2.689932e+00
0.700000 29.325000 5.223172423582e-01 -2.568646313040e+00 2.621213e+00
0.700000 29.350000 3.552078030123e-01 -2.521605658034e+00 2.546501e+00
0.700000 29.375000 1.912416375050e-01 -2.458319240259e+00 2.465747e+00
0.700000 29.400000 3.231772452776e-02 -2.378705294642e+00 2.378925e+00
0.700000 29.425000 -1.195563502021e-01 -2.282913452279e+00 2.286042e+00
0.700000 29.450000 -2.622888160220e-01 -2.171362130963e+00 2.187146e+00
0.700000 29.475000 -3.937393881988e-01 -2.044775329453e+00 2.082339e+00
0.700000 29.500000 -5.117671105917e-01 -1.904215386492e+00 1.971786e+00
0.700000 29.525000 -6.142901784515e-01 -1.751107801877e+00 1.855729e+00
0.700000 29.550000 -6.993562680816e-01 -1.587254135954e+00 1.734496e+00
0.700000 29.575000 -7.652205881528e-01 -1.414829356748e+00 1.608510e+00
0.700000 29.600000 -8.104276750511e-01 -1.236360791937e+00 1.478303e+00
0.700000 29.625000 -8.338920266065e-01 -1.054687015347e+00 1.344522e+00
0.700000 29.650000 -8.349721267670e-01 -8.728964558114e-01 1.207943e+00
0.700000 29.675000 -8.135323415638e-01 -6.942471239661e-01 1.069492e+00
0.700000 29.700000 -7.699875977026e-01 -5.220704510142e-01 9.302894e-01
0.700000 29.725000 -7.053266681968e-01 -3.596636600186e-01 7.917346e-01
0.700000 29.750000 -6.211112102033e-01 -2.101761967007e-01 6.557081e-01
0.700000 29.775000 -5.194493089324e-01 -7.649641720309e-02 5.250517e-01
0.700000 29.800000 -4.029440266868e-01 3.885510552364e-02 4.048131e-01
0.700000 29.825000 -2.746191717304e-01 1.338196538001e-01 3.054888e-01
0.700000 29.850000 -1.378260262825e-01 2.068766560748e-01 2.485839e-01
0.700000 29.875000 3.864032398392e-03 2.570982759621e-01 2.571273e-01
0.700000 29.900000 1.467753200657e-01 2.841798860550e-01 3.198456e-01
0.700000 29.925000 2.872460644021e-01 2.884456368835e-01 4.070764e-01
0.700000 29.950000 4.217432790014e-01 2.708299142852e-01 5.012148e-01
0.700000 29.975000 5.469691506779e-01 2.328368753671e-01 5.944647e-01
0.700000 30.000000 6.599547697728e-01 1.764813472764e-01 6.831442e-01
0.700000 30.025000 7.581382174979e-01 1.042150878757e-01 7.652675e-01
0.700000 30.050000 8.394252833463e-01 1.884271414228e-02 8.396367e-01
0.700000 30.075000 9.022322839306e-01 -7.656847815849e-02 9.054755e-01
0.700000 30.100000 9.455114761304e-01 -1.787809890828e-01 9.622653e-01
0.700000 30.125000 9.687603181786e-01 -2.844787099407e-01 1.009666e+00
0.700000 30.150000 9.720162887772e-01 -3.903552250762e-01 1.047470e+00
0.700000 30.175000 9.558391265646e-01 -4.931971653272e-01 1.075580e+00
0.700000 30.200000 9.212822410213e-01 -5.899616140716e-01 1.093991e+00
0.700000 30.225000 8.698547449492e-01 -6.778470382511e-01 1.102780e+00
0.700000 30.250000 8.034751628815e-01 -7.543574590036e-01 1.102101e+00
0.700000 30.275000 7.244174811672e-01 -8.173595834579e-01 1.092180e+00
0.700000 30.300000 6.352499185500e-01 -8.651324231718e-01 1.073311e+00
0.700000 30.325000 5.387666847481e-01 -8.964085904818e-01 1.045857e+00
0.700000 30.350000 4.379131021590e-01 -9.104060790982e-01 1.010251e+00
0.700000 30.375000 3.357047992003e-01 -9.068489969002e-01 9.669916e-01
0.700000 30.400000 2.351422124526e-01 -8.859755203581e-01 9.166485e-01
0.700000 30.425000 1.391222948707e-01 -8.485313574600e-01 8.598607e-01
0.700000 30.450000 5.035002993747e-02 -7.957472877058e-01 7.973386e-01
0.700000 30.475000 -2.874700564019e-02 -7.292999067021e-01 7.298663e-01
0.700000 30.500000 -9.609730804618e-02 -6.512555144125e-01 6.583073e-01
0.700000 30.525000 -1.500533910389e-01 -5.639980896564e-01 5.836179e-01
0.700000 30.550000 -1.894451489065e-01 -4.701433990313e-01 5.068770e-01
0.700000 30.575000 -2.136152164357e-01 -3.724423869448e-01 4.293539e-01
0.700000 30.600000 -2.224336859711e-01 -2.736779687598e-01 3.526703e-01
0.700000 30.625000 -2.162906197260e-01 -1.765600916211e-01 2.792044e-01
0.700000 30.650000 -1.960660901598e-01 -8.362434681639e-02 2.131547e-01
0.700000 30.675000 -1.630788857547e-01 2.860547384012e-03 1.631040e-01
0.700000 30.700000 -1.190164116451e-01 8.097144663466e-02 1.439489e-01
0.700000 30.725000 -6.584956935558e-02 1.491914849089e-01 1.630775e-01
0.700000 30.750000 -5.737402767597e-03 2.064497052179e-01 2.065294e-01
0.700000 30.775000 5.907304398678e-02 2.521378919668e-01 2.589655e-01
0.700000 30.800000 1.263459573443e-01 2.861043692880e-01 3.127603e-01
0.700000 30.825000 1.939495486168e-01 3.086260292364e-01 3.645085e-01
0.700000 30.850000 2.599374715085e-01 3.203612371758e-01 4.125516e-01
0.700000 30.875000 3.226148636432e-01 3.222874143062e-01 4.560148e-01
0.700000 30.900000 3.805862235924e-01 3.156279273693e-01 4.944359e-01
0.700000 30.925000 4.327837059427e-01 3.017733629013e-01 5.276068e-01
0.700000 30.950000 4.784758275000e-01 2.822023043633e-01 5.554973e-01
0.700000 30.975000 5.172579074307e-01 2.584063793388e-01 5.782124e-01
0.700000 31.000000 5.490267047597e-01 2.318236502873e-01 5.959635e-01
0.700000 31.025000 5.739425821790e-01 2.037834647842e-01 6.090466e-01
0.700000 31.050000 5.923830592729e-01 1.754647587860e-01 6.178233e-01
0.700000 31.075000 6.048917986097e-01 1.478686279742e-01 6.227032e-01
0.700000 31.100000 6.121269067354e-01 1.218048549153e-01 6.241280e-01
0.700000 31.125000 6.148119723751e-01 9.789109888832e-02 6.225564e-01
0.700000 31.150000 6.136925748964e-01 7.656269514109e-02 6.184500e-01
0.700000 31.175000 6.095001629102e-01 5.809051831693e-02 6.122622e-01
0.700000 31.200000 6.029243184027e-01 4.260415788888e-02 6.044277e-01
0.700000 31.225000 5.945935755634e-01 3.011771878114e-02 5.953559e-01
0.700000 31.250000 5.850642328206e-01 2.055585864445e-02 5.854252e-01
0.700000 31.275000 5.748160392730e-01 1.377814490772e-02 5.749811e-01
0.700000 31.300000 5.642532861580e-01 9.600387953404e-03 5.643350e-01
0.700000 31.325000 5.537096976262e-01 7.812206458191e-03 5.537648e-01
0.700000 31.350000 5.434555756010e-01 8.190637438981e-03 5.435173e-01
0.700000 31.375000 5.337058730045e-01 1.051006018012e-02 5.338093e-01
0.700000 31.400000 5.246281959107e-01 1.454902184528e-02 5.248299e-01
0.700000 31.425000 5.163501092545e-01 2.009471653638e-02 5.167410e-01
0.700000 31.450000 5.089654847240e-01 2.694588380685e-02 5.096783e-01
0.700000 31.475000 5.025399338672e-01 3.491478117975e-02 5.037514e-01
0.700000 31.500000 4.971155787566e-01 4.382868635274e-02 4.990439e-01
0.700000 31.525000 4.927155088181e-01 5.353114471615e-02 4.956149e-01
0.700000 31.550000 4.893482561949e-01 6.388294379403e-02 4.935005e-01
0.700000 31.575000 4.870125108104e-01 7.476260980372e-02 4.927176e-01
0.700000 31.600000 4.857021208467e-01 8.606611313464e-02 4.932686e-01
0.700000 31.625000 4.854112232287e-01 9.770545481888e-02 4.951469e-01
0.700000 31.650000 4.861391621691e-01 1.096058845105e-01 4.983420e-01
0.700000 31.675000 4.878947177150e-01 1.217016564675e-01 5.028445e-01
0.700000 31.700000 4.906991068368e-01 1.339304358632e-01 5.086482e-01
0.700000 31.725000 4.945872500977e-01 1.462266884481e-01 5.157507e-01
0.700000 31.750000 4.996069159259e-01 1.585145853898e-01 5.241507e-01
0.700000 31.775000 5.058155467340e-01 1.707010991792e-01 5.338429e-01
0.700000 31.800000 5.132748101812e-01 1.826700316248e-01 5.448113e-01
0.700000 31.825000 5.220431715320e-01 1.942776890882e-01 5.570214e-01
0.700000 31.850000 5.321670144187e-01 2.053508046954e-01 5.704127e-01
0.700000 31.875000 5.436710160036e-01 2.156871166683e-01 5.848924e-01
0.700000 31.900000 5.565485853076e-01 2.250587709832e-01 6.003314e-01
0.700000 31.925000 5.707531883222e-01 2.332184564745e-01 6.165631e-01
0.700000 31.950000 5.861913110715e-01 2.399079340708e-01 6.333846e-01
0.700000 31.975000 6.027176646858e-01 2.448684185371e-01 6.505606e-01
0.700000 32.000000 6.201330370418e-01 2.478521328158e-01 6.678291e-01
0.700000 32.025000 6.381849716525e-01 2.486342932987e-01 6.849081e-01
0.700000 32.050000 6.565712355502e-01 2.470247989587e-01 7.015034e-01
0.700000 32.075000 6.749458498223e-01 2.428789772222e-01 7.173159e-01
0.700000 32.100000 6.929273179764e-01 2.361068652842e-01 7.320483e-01
0.700000 32.125000 7.101086074036e-01 2.266806530307e-01 7.454115e-01
0.700000 32.150000 7.260684163237e-01 2.146400582657e-01 7.571299e-01
0.700000 32.175000 7.403832815778e-01 2.000955258320e-01 7.669456e-01
0.700000 32.200000 7.526401334138e-01 1.832292261719e-01 7.746226e-01
0.700000 32.225000 7.624489607597e-01 1.642938719944e-01 7.799493e-01
0.700000 32.250000 7.694552943015e-01 1.436093799619e-01 7.827420e-01
0.700000 32.275000 7.733522300940e-01 1.215573919046e-01 7.828473e-01
0.700000 32.300000 7.738916968460e-01 9.857365660945e-02 7.801443e-01
0.700000 32.325000 7.708946187618e-01 7.513827950375e-02 7.745478e-01
0.700000 32.350000 7.642595558645e-01 5.176389120372e-02 7.660106e-01
0.700000 32.375000 7.539693356837e-01 2.898187733564e-02 7.545261e-01
0.700000 32.400000 7.400951486185e-01 7.326951633815e-03 7.401314e-01
0.700000 32.425000 7.227975882021e-01 -1.267946880833e-02 7.229088e-01
0.700000 32.450000 7.023241954727e-01 -3.054643444850e-02 7.029882e-01
0.700000 32.475000 6.790032227678e-01 -4.583034894966e-02 6.805482e-01
0.700000 32.500000 6.532335630612e-01 -5.815060393110e-02 6.558167e-01
0.700000 32.525000 6.254710797796e-01 -6.720293896873e-02 6.290710e-01
0.700000 32.550000 5.962118899862e-01 -7.276954410515e-02 6.006363e-01
0.700000 32.575000 5.659734633912e-01 -7.472507396659e-02 5.708851e-01
0.700000 32.600000 5.352746595543e-01 -7.303800164965e-02 5.402347e-01
0.700000 32.625000 5.046159969667e-01 -6.776708752855e-02 5.091460e-01
0.700000 32.650000 4.744614998903e-01 -5.905313942604e-02 4.781224e-01
0.700000 32.675000 4.452233849408e-01 -4.710665207743e-02 4.477085e-01
0.700000 32.700000 4.172506295389e-01 -3.219228654665e-02 4.184907e-01
0.700000 32.725000 3.908221267808e-01 -1.461143714032e-02 3.910952e-01
0.700000 32.750000 3.661447108731e-01 5.315704014861e-03 3.661833e-01
0.700000 32.775000 3.433558814898e-01 2.726716013239e-02 3.444369e-01
0.700000 32.800000 3.225306181612e-01 5.093397523353e-02 3.265276e-01
0.700000 32.825000 3.036913102520e-01 7.603180473021e-02 3.130643e-01
0.700000 32.850000 2.868195791957e-01 1.023086681268e-01 3.045202e-01
0.700000 32.875000 2.718686677753e-01 1.295486834174e-01 3.011568e-01
0.700000 32.900000 2.587751275400e-01 1.575720479526e-01 3.029744e-01
0.700000 32.925000 2.474687401174e-01 1.862319220723e-01 3.097146e-01
0.700000 32.950000 2.378799314632e-01 2.154091606455e-01 3.209174e-01
0.700000 32.975000 2.299443344083e-01 2.450059890578e-01 3.360094e-01
0.700000 33.000000 2.236045690734e-01 2.749397185547e-01 3.543880e-01
0.700000 33.025000 2.188096860171e-01 3.051374470112e-01 3.754817e-01
0.700000 33.050000 2.155130029648e-01 3.355324215386e-01 3.987830e-01
0.700000 33.075000 2.136692258891e-01 3.660623918683e-01 4.238587e-01
0.700000 33.100000 2.132317612666e-01 3.966699115258e-01 4.503496e-01
0.700000 33.125000 2.141510020746e-01 4.273042031460e-01 4.779639e-01
0.700000 33.150000 2.163741297912e-01 4.579239447832e-01 5.064702e-01
0.700000 33.175000 2.198466594531e-01 4.885001923409e-01 5.356911e-01
0.700000 33.200000 2.245156164073e-01 5.190186472258e-01 5.654977e-01
0.700000 33.225000 2.303339260285e-01 5.494806046966e-01 5.958042e-01
0.700000 33.250000 2.372653698625e-01 5.799021531831e-01 6.265631e-01
0.700000 33.275000 2.452893486283e-01 6.103114973636e-01 6.577591e-01
0.700000 33.300000 2.544047107444e-01 6.407445969072e-01 6.894022e-01
0.700000 33.325000 2.646320497090e-01 6.712395951106e-01 7.215211e-01
0.700000 33.350000 2.760141193073e-01 7.018307099413e-01 7.541552e-01
0.700000 33.375000 2.886143201551e-01 7.325423407899e-01 7.873478e-01
0.700000 33.400000 3.025135223848e-01 7.633840932877e-01 8.211393e-01
0.700000 33.425000 3.178057534770e-01 7.943472494464e-01 8.555630e-01
0.700000 33.450000 3.345934503782e-01 8.254029396208e-01 8.906418e-01
0.700000 33.475000 3.529830188981e-01 8.565019515970e-01 9.263869e-01
0.700000 33.500000 3.730813489149e-01 8.875757955239e-01 9.627983e-01
0.700000 33.525000 3.949937119484e-01 9.185383876746e-01 9.998664e-01
0.700000 33.550000 4.188231507006e-01 9.492875695420e-01 1.037574e+00
0.700000 33.575000 4.446711080758e-01 9.797056740927e-01 1.075898e+00
0.700000 33.600000 4.726386958468e-01 1.009658498984e+00 1.114808e+00
0.700000 33.625000 5.028277313647e-01 1.038992333806e+00 1.154271e+00
0.700000 33.650000 5.353405268402e-01 1.067529078374e+00 1.194239e+00
0.700000 33.675000 5.702774350331e-01 1.095059926562e+00 1.234655e+00
0.700000 33.700000 6.077313497795e-01 1.121338509227e+00 1.275436e+00
0.700000 33.725000 6.477787157125e-01 1.146074722767e+00 1.316474e+00
0.700000 33.750000 6.904670796530e-01 1.168930658171e+00 1.357624e+00
0.700000 33.775000 7.357997569606e-01 1.189520047811e+00 1.398699e+00
0.700000 33.800000 7.837187174637e-01 1.207412447033e+00 1.439465e+00
0.700000 33.825000 8.340872425582e-01 1.222142975898e+00 1.479640e+00
0.700000 33.850000 8.866742006204e-01 1.233227901568e+00 1.518895e+00
0.700000 33.875000 9.411418824404e-01 1.240185704739e+00 1.556859e+00
0.700000 33.900000 9.970392071867e-01 1.242562620315e+00 1.593126e+00
0.700000 33.925000 1.053801756619e+00 1.239961053979e+00 1.627268e+00
0.700000 33.950000 1.110759553844e+00 1.232068827431e+00 1.658849e+00
0.700000 33.975000 1.167152830768e+00 1.218686954656e+00 1.687437e+00
0.700000 34.000000 1.222155300900e+00 1.199753634416e+00 1.712621e+00
0.700000 34.025000 1.274903754143e+00 1.175362366157e+00 1.734029e+00
0.700000 34.050000 1.324532197367e+00 1.145772534182e+00 1.751337e+00
0.700000 34.075000 1.370208344754e+00 1.111411408473e+00 1.764286e+00
0.700000 34.100000 1.411170058942e+00 1.072867210623e+00 1.772694e+00
0.700000 34.125000 1.446759374543e+00 1.030873610972e+00 1.776461e+00
0.700000 34.150000 1.476451987232e+00 9.862866792577e-01 1.775576e+00
0.700000 34.175000 1.499880526037e+00 9.400558380892e-01 1.770126e+00
0.700000 34.200000 1.516850484910e+00 8.931907175425e-01 1.760291e+00
0.700000 34.225000 1.527348302122e+00 8.467259560220e-01 1.746350e+00
0.700000 34.250000 1.531541670559e+00 8.016859399688e-01 1.728676e+00
0.700000 34.275000 1.529772675115e+00 7.590512501954e-01 1.707736e+00
0.700000 34.300000 1.522544737429e+00 7.197282323686e-01 1.684088e+00
0.700000 34.325000 1.510504577652e+00 6.845226916461e-01 1.658371e+00
0.700000 34.350000 1.494420475450e+00 6.541182874513e-01 1.631307e+00
0.700000 34.375000 1.475158048217e+00 6.290598280004e-01 1.603686e+00
0.700000 34.400000 1.453654600639e+00 6.097413756323e-01 1.576355e+00
0.700000 34.425000 1.430892883700e+00 5.963988943601e-01 1.550208e+00
0.700000 34.450000 1.407874882220e+00 5.891071007781e-01 1.526158e+00
0.700000 34.475000 1.385596070564e+00 5.877801997666e-01 1.505112e+00
0.700000 34.500000 1.365020466027e+00 5.921762641603e-01 1.487936e+00
0.700000 34.525000 1.347056780481e+00 6.019051117795e-01 1.475416e+00
0.700000 34.550000 1.332536016721e+00 6.164396032161e-01 1.468213e+00
0.700000 34.575000 1.322190953267e+00 6.351302964333e-01 1.466826e+00
0.700000 34.600000 1.316638075146e+00 6.572233302220e-01 1.471556e+00
0.700000 34.625000 1.316362598137e+00 6.818812657834e-01 1.482489e+00
0.700000 34.650000 1.321707262636e+00 7.082064099527e-01 1.499489e+00
0.700000 34.675000 1.332865512557e+00 7.352659059320e-01 1.522218e+00
0.700000 34.700000 1.349879512025e+00 7.621176490242e-01 1.550161e+00
0.700000 34.725000 1.372643193614e+00 7.878359099916e-01 1.582667e+00
0.700000 34.750000 1.400910200421e+00 8.115354668889e-01 1.618993e+00
0.700000 34.775000 1.434306219541e+00 8.323930853679e-01 1.658346e+00
0.700000 34.800000 1.472344855153e+00 8.496653581729e-01 1.699921e+00
0.700000 34.825000 1.514445906087e+00 8.627022075811e-01 1.742929e+00
0.700000 34.850000 1.559954740390e+00 8.709557410482e-01 1.786623e+00
0.700000 34.875000 1.608161429406e+00 8.739845853249e-01 1.830309e+00
0.700000 34.900000 1.658318429226e+00 8.714542527959e-01 1.873353e+00
0.700000 34.925000 1.709655869138e+00 8.631344584866e-01 1.915183e+00
0.700000 34.950000 1.761393895146e+00 8.488945559168e-01 1.955283e+00
0.700000 34.975000 1.812751974019e+00 8.286983573817e-01 1.993191e+00
0.700000 35.000000 1.862955530939e+00 8.025995315096e-01 2.028489e+00
0.700000 35.025000 1.911240709104e+00 7.707385329801e-01 2.060796e+00
0.700000 35.050000 1.956858345665e+00 7.333416435341e-01 2.089757e+00
0.700000 35.075000 1.999078411134e+00 6.907222365301e-01 2.115044e+00
0.700000 35.100000 2.037196134457e+00 6.432838791371e-01 2.136348e+00
0.700000 35.125000 2.070540831769e+00 5.915244218636e-01 2.153379e+00
0.700000 35.150000 2.098488095186e+00 5.360398561531e-01 2.165870e+00
0.700000 35.175000 2.120475521089e+00 4.775264973228e-01 2.173580e+00
0.700000 35.200000 2.136021622384e+00 4.167800041984e-01 2.176303e+00
0.700000 35.225000 2.144747040724e+00 3.546898883634e-01 2.173878e+00
0.700000 35.250000 2.146396716293e+00 2.922284819396e-01 2.166199e+00
0.700000 35.275000 2.140861339153e+00 2.304337892452e-01 2.153227e+00
0.700000 35.300000 2.128196236442e+00 1.703861944282e-01 2.135006e+00
0.700000 35.325000 2.108635863296e+00 1.131795747081e-01 2.111671e+00
0.700000 35.350000 2.082602260051e+00 5.988791587869e-02 2.083463e+00
0.700000 35.375000 2.050706192026e+00 1.152898764495e-02 2.050739e+00
0.700000 35.400000 2.013740162596e+00 -3.097303241471e-02 2.013978e+00
0.700000 35.425000 1.972663036337e+00 -6.682392321566e-02 1.973795e+00
0.700000 35.450000 1.928576573868e+00 -9.539270164441e-02 1.930934e+00
0.700000 35.475000 1.882694713068e+00 -1.162398993763e-01 1.886280e+00
0.700000 35.500000 1.836306890223e+00 -1.291391972222e-01 1.840842e+00
0.700000 35.525000 1.790737048740e+00 -1.340911643020e-01 1.795750e+00
0.700000 35.550000 1.747300215535e+00 -1.313282972742e-01 1.752229e+00
0.700000 35.575000 1.707258632416e+00 -1.213110274756e-01 1.711563e+00
0.700000 35.600000 1.671779419614e+00 -1.047148275292e-01 1.675056e+00
0.700000 35.625000 1.641895636489e+00 -8.240897757232e-02 1.643962e+00
0.700000 35.650000 1.618472409988e+00 -5.542792714765e-02 1.619421e+00
0.700000 35.675000 1.602179544576e+00 -2.493650248435e-02 1.602374e+00
0.700000 35.700000 1.593471725249e+00 7.809542862839e-03 1.593491e+00
0.700000 35.725000 1.592577091512e+00 4.150595291536e-02 1.593118e+00
0.700000 35.750000 1.599494603841e+00 7.484356941950e-02 1.601245e+00
0.700000 35.775000 1.614000251818e+00 1.065512520080e-01 1.617514e+00
0.700000 35.800000 1.635661770574e+00 1.354362754550e-01 1.641259e+00
0.700000 35.825000 1.663861146987e+00 1.604204463390e-01 1.671577e+00
0.700000 35.850000 1.697823821074e+00 1.805703464079e-01 1.707399e+00
0.700000 35.875000 1.736653137942e+00 1.951203603126e-01 1.747580e+00
0.700000 35.900000 1.779368303915e+00 2.034874824397e-01 1.790966e+00
0.700000 35.925000 1.824943872660e+00 2.052773154873e-01 1.836453e+00
0.700000 35.950000 1.872348660059e+00 2.002811568768e-01 1.883030e+00
0.700000 35.975000 1.920581983586e+00 1.884645926126e-01 1.929807e+00
0.700000 36.000000 1.968705259152e+00 1.699485468413e-01 1.976027e+00
0.700000 36.025000 2.015867270551e+00 1.449842274424e-01 2.021074e+00
0.700000 36.050000 2.061321844754e+00 1.139238191925e-01 2.064468e+00
0.700000 36.075000 2.104437196020e+00 7.718906463528e-02 2.105852e+00
0.700000 36.100000 2.144696805012e+00 3.524000507102e-02 2.144986e+00
0.700000 36.125000 2.181692326647e+00 -1.145389056531e-02 2.181722e+00
0.700000 36.150000 2.215109617013e+00 -6.243820667881e-02 2.215989e+00
0.700000 36.175000 2.244709480209e+00 -1.172920614945e-01 2.247772e+00
0.700000 36.200000 2.270305111674e+00 -1.756395027076e-01 2.277089e+00
0.700000 36.225000 2.291738419198e+00 -2.371533469645e-01 2.303976e+00
0.700000 36.250000 2.308857417217e+00 -3.015516348663e-01 2.328466e+00
0.700000 36.275000 2.321496714619e+00 -3.685874857584e-01 2.350575e+00
0.700000 36.300000 2.329462771238e+00 -4.380336617954e-01 2.370289e+00
0.700000 36.325000 2.332525121109e+00 -5.096635417234e-01 2.387557e+00
0.700000 36.350000 2.330414201545e+00 -5.832304299254e-01 2.402288e+00
0.700000 36.375000 2.322825843155e+00 -6.584471726055e-01 2.414347e+00
0.700000 36.400000 2.309431923649e+00 -7.349679269975e-01 2.423562e+00
0.700000 36.425000 2.289896217446e+00 -8.123736554828e-01 2.429727e+00
0.700000 36.450000 2.263894121244e+00 -8.901625326943e-01 2.432613e+00
0.700000 36.475000 2.231134724190e+00 -9.677460066676e-01 2.431973e+00
0.700000 36.500000 2.191383624437e+00 -1.044450793669e+00 2.427558e+00
0.700000 36.525000 2.144484959519e+00 -1.119526655170e+00 2.419123e+00
0.700000 36.550000 2.090381291065e+00 -1.192159440089e+00 2.406437e+00
0.700000 36.575000 2.029130231427e+00 -1.261488598666e+00 2.389293e+00
0.700000 36.600000 1.960916984317e+00 -1.326628194951e+00 2.367517e+00
0.700000 36.625000 1.886062259853e+00 -1.386690358218e+00 2.340970e+00
0.700000 36.650000 1.805025289350e+00 -1.440810104518e+00 2.309556e+00
0.700000 36.675000 1.718401889792e+00 -1.488170506294e+00 2.273226e+00
0.700000 36.700000 1.626917706059e+00 -1.528027266770e+00 2.231979e+00
0.700000 36.725000 1.531416894218e+00 -1.559731845762e+00 2.185864e+00
0.700000 36.750000 1.432846612855e+00 -1.582752369599e+00 2.134983e+00
0.700000 36.775000 1.332237776153e+00 -1.596691633508e+00 2.079491e+00
0.700000 36.800000 1.230682606656e+00 -1.601301571769e+00 2.019591e+00
0.700000 36.825000 1.129309617507e+00 -1.596493638381e+00 1.955539e+00
0.700000 36.850000 1.029256756904e+00 -1.582344622008e+00 1.887640e+00
0.700000 36.875000 9.316435567093e-01 -1.559097527434e+00 1.816245e+00
0.700000 36.900000 8.375432305591e-01 -1.527157302277e+00 1.741749e+00
0.700000 36.925000 7.479557467382e-01 -1.487081376268e+00 1.664587e+00
0.700000 36.950000 6.637829380183e-01 -1.439565206618e+00 1.585231e+00
0.700000 36.975000 5.858066868268e-01 -1.385423273465e+00 1.504183e+00
0.700000 37.000000 5.146711276668e-01 -1.325566222998e+00 1.421975e+00
0.700000 37.025000 4.508696364309e-01 -1.260975086807e+00 1.339157e+00
0.700000 37.050000 3.947371354356e-01 -1.192673687410e+00 1.256299e+00
0.700000 37.075000 3.464479511750e-01 -1.121700448394e+00 1.173984e+00
0.700000 37.100000 3.060191449524e-01 -1.049080847133e+00 1.092803e+00
0.700000 37.125000 2.733189257327e-01 -9.758016730682e-01 1.013357e+00
0.700000 37.150000 2.480794814680e-01 -9.027880911492e-01 9.362530e-01
0.700000 37.175000 2.299133575146e-01 -8.308842759824e-01 8.621072e-01
0.700000 37.200000 2.183323881451e-01 -7.608381041022e-01 7.915451e-01
0.700000 37.225000 2.127681579585e-01 -6.932901018546e-01 7.252044e-01
0.700000 37.250000 2.125930301478e-01 -6.287665773675e-01 6.637343e-01
0.700000 37.275000 2.171409122186e-01 -5.676766457262e-01 6.077886e-01
0.700000 37.300000 2.257271116821e-01 -5.103127070041e-01 5.580070e-01
0.700000 37.325000 2.376668339805e-01 -4.568538661469e-01 5.149767e-01
0.700000 37.350000 2.522920615222e-01 -4.073717883124e-01 4.791691e-01
0.700000 37.375000 2.689666997518e-01 -3.618385479665e-01 4.508550e-01
0.700000 37.400000 2.870999658940e-01 -3.201361308268e-01 4.300157e-01
0.700000 37.425000 3.061580220783e-01 -2.820673560023e-01 4.162868e-01
0.700000 37.450000 3.256738229482e-01 -2.473680731339e-01 4.089675e-01
0.700000 37.475000 3.452550757290e-01 -2.157205330319e-01 4.071074e-01
0.700000 37.500000 3.645901231990e-01 -1.867678166256e-01 4.096440e-01
0.700000 37.525000 3.834514858171e-01 -1.601291342952e-01 4.155435e-01
0.700000 37.550000 4.016967655257e-01 -1.354156865573e-01 4.239077e-01
0.700000 37.575000 4.192666410121e-01 -1.122466291647e-01 4.340321e-01
0.700000 37.600000 4.361797825161e-01 -9.026453985009e-02 4.454217e-01
0.700000 37.625000 4.525246807747e-01 -6.914967160740e-02 4.577775e-01
0.700000 37.650000 4.684486036371e-01 -4.863222707825e-02 4.709662e-01
0.700000 37.675000 4.841441384301e-01 -2.850192084938e-02 4.849824e-01
0.700000 37.700000 4.998340144834e-01 -8.614219883160e-03 4.999082e-01
0.700000 37.725000 5.157550925776e-01 1.110713852148e-02 5.158747e-01
0.700000 37.750000 5.321425246271e-01 3.067147625348e-02 5.330257e-01
0.700000 37.775000 5.492151049169e-01 5.002616533388e-02 5.514888e-01
0.700000 37.800000 5.671627441413e-01 6.906478580845e-02 5.713524e-01
0.700000 37.825000 5.861368049589e-01 8.763769023292e-02 5.926523e-01
0.700000 37.850000 6.062437633221e-01 1.055640265262e-01 6.153660e-01
0.700000 37.875000 6.275423362597e-01 1.226441867587e-01 6.394146e-01
0.700000 37.900000 6.500438845738e-01 1.386716805969e-01 6.646705e-01
0.700000 37.925000 6.737156003268e-01 1.534435743715e-01 6.909686e-01
0.700000 37.950000 6.984857618828e-01 1.667688702263e-01 7.181185e-01
0.700000 37.975000 7.242502113458e-01 1.784744919193e-01 7.459166e-01
0.700000 38.000000 7.508791939695e-01 1.884088539658e-01 7.741560e-01
0.700000 38.025000 7.782237936750e-01 1.964432763830e-01 8.026346e-01
0.700000 38.050000 8.061213845943e-01 2.024717301962e-01 8.311597e-01
0.700000 38.075000 8.343997640745e-01 2.064095311303e-01 8.595510e-01
0.700000 38.100000 8.628798983969e-01 2.081916268824e-01 8.876404e-01
0.700000 38.125000 8.913774573282e-01 2.077710496027e-01 9.152719e-01
0.700000 38.150000 9.197035008952e-01 2.051179478824e-01 9.422993e-01
0.700000 38.175000 9.476647851117e-01 2.002194023738e-01 9.685847e-01
0.700000 38.200000 9.750641607499e-01 1.930800043661e-01 9.939970e-01
0.700000 38.225000 1.001701454714e+00 1.837229767138e-01 1.018410e+00
0.700000 38.250000 1.027375066427e+00 1.721914758159e-01 1.041705e+00
0.700000 38.275000 1.051884313172e+00 1.585496555158e-01 1.063766e+00
0.700000 38.300000 1.075032356558e+00 1.428831078448e-01 1.084486e+00
0.700000 38.325000 1.096629375685e+00 1.252984144314e-01 1.103764e+00
0.700000 38.350000 1.116495553462e+00 1.059217240571e-01 1.121509e+00
0.700000 38.375000 1.134463431965e+00 8.489648281606e-02 1.137636e+00
0.700000 38.400000 1.150379276075e+00 6.238064419282e-02 1.152069e+00
0.700000 38.425000 1.164103251360e+00 3.854383830725e-02 1.164741e+00
0.700000 38.450000 1.175508446221e+00 1.356505087376e-02 1.175587e+00
0.700000 38.475000 1.184479012776e+00 -1.236866599099e-02 1.184544e+00
0.700000 38.500000 1.190907923516e+00 -3.906206000618e-02 1.191548e+00
0.700000 38.525000 1.194695000554e+00 -6.630995026414e-02 1.196534e+00
0.700000 38.550000 1.195745938518e+00 -9.389401020478e-02 1.199427e+00
0.700000 38.575000 1.193972991964e+00 -1.215784635708e-01 1.200147e+00
0.700000 38.600000 1.189297831789e+00 -1.491053616019e-01 1.198608e+00
0.700000 38.625000 1.181656809009e+00 -1.761903035170e-01 1.194720e+00
0.700000 38.650000 1.171008531160e+00 -2.025195478076e-01 1.188392e+00
0.700000 38.675000 1.157343300996e+00 -2.277494182357e-01 1.179539e+00
0.700000 38.700000 1.140693639099e+00 -2.515087330870e-01 1.168092e+00
0.700000 38.725000 1.121144859548e+00 -2.734046957230e-01 1.154000e+00
0.700000 38.750000 1.098844530017e+00 -2.930323124542e-01 1.137245e+00
0.700000 38.775000 1.074009648766e+00 -3.099869965375e-01 1.117850e+00
0.700000 38.800000 1.046930516398e+00 -3.238796270985e-01 1.095884e+00
0.700000 38.825000 1.017970555748e+00 -3.343530101490e-01 1.071474e+00
0.700000 38.850000 9.875617069160e-01 -3.410984781979e-01 1.044809e+00
0.700000 38.875000 9.561954506685e-01 -3.438712932672e-01 1.016148e+00
0.700000 38.900000 9.244099400090e-01 -3.425035950091e-01 9.858207e-01
0.700000 38.925000 8.927740945163e-01 -3.369138510308e-01 9.542309e-01
0.700000 38.950000 8.618697907341e-01 -3.271120925411e-01 9.218578e-01
0.700000 38.975000 8.322734335194e-01 -3.132006133809e-01 8.892546e-01
0.700000 39.000000 8.045382044080e-01 -2.953702252248e-01 8.570445e-01
0.700000 39.025000 7.791781589357e-01 -2.738925465423e-01 8.259151e-01
0.700000 39.050000 7.566551078490e-01 -2.491091145060e-01 7.966067e-01
0.700000 39.075000 7.373689028774e-01 -2.214183162399e-01 7.698954e-01
0.700000 39.100000 7.216513992564e-01 -1.912612231729e-01 7.465665e-01
0.700000 39.125000 7.097640285033e-01 -1.591073813248e-01 7.273789e-01
0.700000 39.150000 7.018986245707e-01 -1.254414780654e-01 7.130198e-01
0.700000 39.175000 6.981809323451e-01 -9.075160099652e-02 7.040543e-01
0.700000 39.200000 6.986761036479e-01 -5.551956228517e-02 7.008785e-01
0.700000 39.225000 7.033954519214e-01 -2.021351765348e-02 7.036858e-01
0.700000 39.250000 7.123037791251e-01 1.471710624041e-02 7.124558e-01
0.700000 39.275000 7.253266842277e-01 4.884452825439e-02 7.269695e-01
0.700000 39.300000 7.423573848237e-01 8.176363283867e-02 7.468466e-01
0.700000 39.325000 7.632627057543e-01 1.130914060248e-01 7.715955e-01
0.700000 39.350000 7.878879909675e-01 1.424651104035e-01 8.006646e-01
0.700000 39.375000 8.160607664386e-01 1.695395108548e-01 8.334859e-01
0.700000 39.400000 8.475930228461e-01 1.939834502826e-01 8.695076e-01
0.700000 39.425000 8.822820069889e-01 2.154760781473e-01 9.082133e-01
0.700000 39.450000 9.199094279645e-01 2.337030635627e-01 9.491314e-01
0.700000 39.475000 9.602390180339e-01 2.483531782481e-01 9.918358e-01
0.700000 39.500000 1.003012456695e+00 2.591157010380e-01 1.035942e+00
0.700000 39.525000 1.047943780466e+00 2.656791546459e-01 1.081097e+00
0.700000 39.550000 1.094712560152e+00 2.677319117109e-01 1.126976e+00
0.700000 39.575000 1.142956319432e+00 2.649651760870e-01 1.173267e+00
0.700000 39.600000 1.192262869255e+00 2.570787380915e-01 1.219664e+00
0.700000 39.625000 1.242163409100e+00 2.437897114482e-01 1.265861e+00
0.700000 39.650000 1.292127362588e+00 2.248441916444e-01 1.311544e+00
0.700000 39.675000 1.341559938078e+00 2.000314527931e-01 1.356391e+00
0.700000 39.700000 1.389803311374e+00 1.691999588337e-01 1.400065e+00
0.700000 39.725000 1.436142108794e+00 1.322741505697e-01 1.442221e+00
0.700000 39.750000 1.479813534724e+00 8.927073105016e-02 1.482504e+00
0.700000 39.775000 1.520022067576e+00 4.031305194355e-02 1.520557e+00
0.700000 39.800000 1.555958187635e+00 -1.435776575124e-02 1.556024e+00
0.700000 39.825000 1.586820157053e+00 -7.437614919321e-02 1.588562e+00
0.700000 39.850000 1.611837506917e+00 -1.392506540766e-01 1.617841e+00
0.700000 39.875000 1.630294654564e+00 -2.083681639773e-01 1.643556e+00
0.700000 39.900000 1.641553017137e+00 -2.810035285279e-01 1.665431e+00
0.700000 39.925000 1.645070124586e+00 -3.563339237894e-01 1.683220e+00
0.700000 39.950000 1.640414559896e+00 -4.334567538215e-01 1.696716e+00
0.700000 39.975000 1.627276032498e+00 -5.114095875086e-01 1.705745e+00
0.700000 40.000000 1.605470464136e+00 -5.891904910265e-01 1.710170e+00
0.700000 40.025000 1.574940559388e+00 -6.657772017511e-01 1.709882e+00
0.700000 40.050000 1.535752862268e+00 -7.401438920012e-01 1.704802e+00
0.700000 40.075000 1.488092686849e+00 -8.112747575641e-01 1.694871e+00
0.700000 40.100000 1.432258490122e+00 -8.781742747490e-01 1.680046e+00
0.700000 40.125000 1.368657191756e+00 -9.398746177023e-01 1.660297e+00
0.700000 40.150000 1.297801633126e+00 -9.954413210681e-01 1.635602e+00
0.700000 40.175000 1.220310837331e+00 -1.043978719935e+00 1.605942e+00
0.700000 40.200000 1.136913046280e+00 -1.084636922520e+00 1.571308e+00
0.700000 40.225000 1.048450759876e+00 -1.116622020994e+00 1.531696e+00
0.700000 40.250000 9.558862902726e-01 -1.139210907152e+00 1.487118e+00
0.700000 40.275000 8.603057771017e-01 -1.151771456163e+00 1.437603e+00
0.700000 40.300000 7.629192804553e-01 -1.153788035193e+00 1.383211e+00
0.700000 40.325000 6.650545442634e-01 -1.144891377458e+00 1.324037e+00
0.700000 40.350000 5.681423340073e-01 -1.124890949808e+00 1.260224e+00
0.700000 40.375000 4.736918881970e-01 -1.093807153495e+00 1.191972e+00
0.700000 40.400000 3.832559289667e-01 -1.051900144420e+00 1.119544e+00
0.700000 40.425000 2.983857627665e-01 -9.996918285631e-01 1.043273e+00
0.700000 40.450000 2.205781498093e-01 -9.379777326254e-01 9.635647e-01
0.700000 40.475000 1.512167000158e-01 -8.678259779505e-01 8.809020e-01
0.700000 40.500000 9.151143584685e-02 -7.905614610875e-01 7.958403e-01
0.700000 40.525000 4.244073926554e-02 -7.077344881708e-01 7.090059e-01
0.700000 40.550000 4.700093796218e-03 -6.210744106905e-01 6.210922e-01
0.700000 40.575000 -2.133819243011e-02 -5.324301348030e-01 5.328575e-01
0.700000 40.600000 -3.565073014677e-02 -4.437005877448e-01 4.451305e-01
0.700000 40.625000 -3.857169265039e-02 -3.567591969130e-01 3.588383e-01
0.700000 40.650000 -3.078303855969e-02 -2.733770690371e-01 2.751047e-01
0.700000 40.675000 -1.328637534559e-02 -1.951497847319e-01 1.956015e-01
0.700000 40.700000 1.264208824449e-02 -1.234325270826e-01 1.240782e-01
0.700000 40.725000 4.551079468609e-02 -5.928766593059e-02 7.474129e-02
0.700000 40.750000 8.368257419038e-02 -3.447986905233e-03 8.375358e-02
0.700000 40.775000 1.254504588728e-01 4.370241750493e-02 1.328447e-01
0.700000 40.800000 1.691148609550e-01 8.212887216169e-02 1.880026e-01
0.700000 40.825000 2.130574807396e-01 1.121290313815e-01 2.407621e-01
0.700000 40.850000 2.558077457952e-01 1.342997330301e-01 2.889187e-01
0.700000 40.875000 2.960983117766e-01 1.494905214881e-01 3.316951e-01
0.700000 40.900000 3.329070913397e-01 1.587472638333e-01 3.688195e-01
0.700000 40.925000 3.654843226177e-01 1.632496719692e-01 4.002865e-01
0.700000 40.950000 3.933642446601e-01 1.642466221920e-01 4.262774e-01
0.700000 40.975000 4.163619266678e-01 1.629929617818e-01 4.471286e-01
0.700000 41.000000 4.345566321573e-01 1.606910612115e-01 4.633153e-01
0.700000 41.025000 4.482637434339e-01 1.584397759685e-01 4.754404e-01
0.700000 41.050000 4.579977060626e-01 1.571927937210e-01 4.842225e-01
0.700000 41.075000 4.644286804737e-01 1.577276264628e-01 4.904814e-01
0.700000 41.100000 4.683356297926e-01 1.606258183271e-01 4.951151e-01
0.700000 41.125000 4.705584627038e-01 1.662643179186e-01 4.990682e-01
0.700000 41.150000 4.719516258708e-01 1.748174329562e-01 5.032887e-01
0.700000 41.175000 4.733412391230e-01 1.862683534517e-01 5.086726e-01
0.700000 41.200000 4.754875192012e-01 2.004288948202e-01 5.160040e-01
0.700000 41.225000 4.790538665643e-01 2.169658645952e-01 5.258962e-01
0.700000 41.250000 4.845836077255e-01 2.354322841986e-01 5.387482e-01
0.700000 41.275000 4.924849985258e-01 2.553015910575e-01 5.547255e-01
0.700000 41.300000 5.030247030216e-01 2.760029017251e-01 5.737695e-01
0.700000 41.325000 5.163295691193e-01 2.969554347986e-01 5.956331e-01
0.700000 41.350000 5.323961296627e-01 3.176002793497e-01 6.199319e-01
0.700000 41.375000 5.511068760299e-01 3.374278585097e-01 6.462015e-01
0.700000 41.400000 5.722519969317e-01 3.559996856145e-01 6.739496e-01
0.700000 41.425000 5.955549706781e-01 3.729633435841e-01 7.027001e-01
0.700000 41.450000 6.207001710539e-01 3.880600303005e-01 7.320241e-01
0.700000 41.475000 6.473605214723e-01 4.011244866756e-01 7.615619e-01
0.700000 41.500000 6.752232311250e-01 4.120776324419e-01 7.910337e-01
0.700000 41.525000 7.040117835034e-01 4.209127412918e-01 8.202439e-01
0.700000 41.550000 7.335026227880e-01 4.276764504174e-01 8.490779e-01
0.700000 41.575000 7.635353838903e-01 4.324462778230e-01 8.774942e-01
0.700000 41.600000 7.940160100233e-01 4.353065767742e-01 9.055127e-01
0.700000 41.625000 8.249126581745e-01 4.363249630413e-01 9.331990e-01
0.700000 41.650000 8.562448603084e-01 4.355311935363e-01 9.606470e-01
0.700000 41.675000 8.880669361983e-01 4.329002570914e-01 9.879603e-01
0.700000 41.700000 9.204470950716e-01 4.283410783600e-01 1.015233e+00
0.700000 41.725000 9.534439788466e-01 4.216917676141e-01 1.042535e+00
0.700000 41.750000 9.870825637254e-01 4.127218167457e-01 1.069893e+00
0.700000 41.775000 1.021331339266e+00 4.011410948871e-01 1.097284e+00
0.700000 41.800000 1.056082531459e+00 3.866149853686e-01 1.124625e+00
0.700000 41.825000 1.091136850830e+00 3.687845730310e-01 1.151773e+00
0.700000 41.850000 1.126193862417e+00 3.472904703955e-01 1.178526e+00
0.700000 41.875000 1.160848633448e+00 3.217986823047e-01 1.204626e+00
0.700000 41.900000 1.194594860680e+00 2.920268557029e-01 1.229771e+00
0.700000 41.925000 1.226834253662e+00 2.577693341799e-01 1.253622e+00
0.700000 41.950000 1.256891586010e+00 2.189196138318e-01 1.275814e+00
0.700000 41.975000 1.284034546676e+00 1.754890479215e-01 1.295971e+00
0.700000 42.000000 1.307497337523e+00 1.276209393303e-01 1.313711e+00
0.700000 42.025000 1.326506870374e+00 7.559945959492e-02 1.328659e+00
0.700000 42.050000 1.340310404447e+00 1.985311428566e-02 1.340457e+00
0.700000 42.075000 1.348203514554e+00 -3.904728256551e-02 1.348769e+00
0.700000 42.100000 1.349557369753e+00 -1.003959671127e-01 1.353287e+00
0.700000 42.125000 1.343844409439e+00 -1.633646127175e-01 1.353738e+00
0.700000 42.150000 1.330661611499e+00 -2.270193350047e-01 1.349888e+00
0.700000 42.175000 1.309750643428e+00 -2.903418278139e-01 1.341546e+00
0.700000 42.200000 1.281014267666e+00 -3.522540805487e-01 1.328563e+00
0.700000 42.225000 1.244528439504e+00 -4.116460660312e-01 1.310841e+00
0.700000 42.250000 1.200549597703e+00 -4.674057177565e-01 1.288327e+00
0.700000 42.275000 1.149516716180e+00 -5.184504319445e-01 1.261023e+00
0.700000 42.300000 1.092047772068e+00 -5.637592347251e-01 1.228980e+00
0.700000 42.325000 1.028930401912e+00 -6.024046556577e-01 1.192304e+00
0.700000 42.350000 9.611066706255e-01 -6.335832576268e-01 1.151153e+00
0.700000 42.375000 8.896520686955e-01 -6.566437046781e-01 1.105740e+00
0.700000 42.400000 8.157490777902e-01 -6.711112187117e-01 1.056332e+00
0.700000 42.425000 7.406558936434e-01 -6.767072965906e-01 1.003247e+00
0.700000 42.450000 6.656711535816e-01 -6.733636410783e-01 9.468562e-01
0.700000 42.475000 5.920957669273e-01 -6.612294072842e-01 8.875820e-01
0.700000 42.500000 5.211931710978e-01 -6.406710807148e-01 8.258945e-01
0.700000 42.525000 4.541495161446e-01 -6.122645779927e-01 7.623121e-01
0.700000 42.550000 3.920353992325e-01 -5.767794861871e-01 6.973997e-01
0.700000 42.575000 3.357708145868e-01 -5.351557167284e-01 6.317703e-01
0.700000 42.600000 2.860949439659e-01 -4.884732270093e-01 5.660887e-01
0.700000 42.625000 2.435422823476e-01 -4.379158366543e-01 5.010820e-01
0.700000 42.650000 2.084263724907e-01 -3.847305142767e-01 4.375604e-01
0.700000 42.675000 1.808321146422e-01 -3.301838120334e-01 3.764593e-01
0.700000 42.700000 1.606172334296e-01 -2.755173574256e-01 3.189165e-01
0.700000 42.725000 1.474230379780e-01 -2.219044540690e-01 2.664116e-01
0.700000 42.750000 1.406941242517e-01 -1.704098777492e-01 2.209850e-01
0.700000 42.775000 1.397061667543e-01 -1.219548675638e-01 1.854476e-01
0.700000 42.800000 1.436004611036e-01 -7.728909707898e-02 1.630788e-01
0.700000 42.825000 1.514234442347e-01 -3.697106807354e-02 1.558715e-01
0.700000 42.850000 1.621690710433e-01 -1.357910232645e-03 1.621748e-01
0.700000 42.875000 1.748216996329e-01 2.939498435205e-02 1.772758e-01
0.700000 42.900000 1.883970613549e-01 5.532468021378e-02 1.963524e-01
0.700000 42.925000 2.019789869597e-01 7.664259667078e-02 2.160315e-01
0.700000 42.950000 2.147498342694e-01 9.370901793864e-02 2.343051e-01
0.700000 42.975000 2.260130081275e-01 1.070021715527e-01 2.500627e-01
0.700000 43.000000 2.352065551490e-01 1.170842192063e-01 2.627372e-01
0.700000 43.025000 2.419075121426e-01 1.245667113837e-01 2.720958e-01
0.700000 43.050000 2.458274314886e-01 1.300780525329e-01 2.781212e-01
0.700000 43.075000 2.468002324072e-01 1.342352939472e-01 2.809439e-01
0.700000 43.100000 2.447641630588e-01 1.376221259454e-01 2.808013e-01
0.700000 43.125000 2.397401374276e-01 1.407743116115e-01 2.780157e-01
0.700000 43.150000 2.318089770841e-01 1.441730454823e-01 2.729858e-01
0.700000 43.175000 2.210901042499e-01 1.482459041462e-01 2.661911e-01
0.700000 43.200000 2.077239869568e-01 1.533742646857e-01 2.582110e-01
0.700000 43.225000 1.918601454461e-01 1.599053864608e-01 2.497600e-01
0.700000 43.250000 1.736518355358e-01 1.681668595438e-01 2.417334e-01
0.700000 43.275000 1.532576986971e-01 1.784808797244e-01 2.352517e-01
0.700000 43.300000 1.308497976026e-01 1.911758506677e-01 2.316676e-01
0.700000 43.325000 1.066266365541e-01 2.065931429360e-01 2.324865e-01
0.700000 43.350000 8.082909317907e-02 2.250874286078e-01 2.391604e-01
0.700000 43.375000 5.375674253883e-02 2.470197994575e-01 2.528014e-01
0.700000 43.400000 2.578189523290e-02 2.727437810409e-01 2.739596e-01
0.700000 43.425000 -2.641176219655e-03 3.025852732988e-01 3.025968e-01
0.700000 43.450000 -3.097389256101e-02 3.368182745198e-01 3.382395e-01
0.700000 43.475000 -5.859926002878e-02 3.756388815804e-01 3.801821e-01
0.700000 43.500000 -8.483645834975e-02 4.191404269885e-01 4.276399e-01
0.700000 43.525000 -1.089636029534e-01 4.672926636896e-01 4.798286e-01
0.700000 43.550000 -1.302472067583e-01 5.199276291861e-01 5.359935e-01
0.700000 43.575000 -1.479760500983e-01 5.767342367267e-01 5.954152e-01
0.700000 43.600000 -1.614965816585e-01 6.372628142235e-01 6.574078e-01
0.700000 43.625000 -1.702466876381e-01 7.009398308279e-01 7.213186e-01
0.700000 43.650000 -1.737847155571e-01 7.670920246027e-01 7.865312e-01
0.700000 43.675000 -1.718110197519e-01 8.349781856658e-01 8.524715e-01
0.700000 43.700000 -1.641799664990e-01 9.038260627779e-01 9.186167e-01
0.700000 43.725000 -1.509012241525e-01 9.728713324773e-01 9.845049e-01
0.700000 43.750000 -1.321301705024e-01 1.041395353395e+00 1.049744e+00
0.700000 43.775000 -1.081482668678e-01 1.108758543270e+00 1.114020e+00
0.700000 43.800000 -7.933516869256e-02 1.174426644058e+00 1.177103e+00
0.700000 43.825000 -4.613507177242e-02 1.237987829029e+00 1.238847e+00
0.700000 43.850000 -9.020262170484e-03 1.299159475511e+00 1.299191e+00
0.700000 43.875000 3.154499200053e-02 1.357784382322e+00 1.358151e+00
0.700000 43.900000 7.513720150340e-02 1.413817151187e+00 1.415812e+00
0.700000 43.925000 1.214004710669e-01 1.467302283381e+00 1.472316e+00
0.700000 43.950000 1.700653948302e-01 1.518346190346e+00 1.527841e+00
0.700000 43.975000 2.209588254637e-01 1.567085729218e+00 1.582587e+00
0.700000 44.000000 2.740041354178e-01 1.613656028916e+00 1.636754e+00
0.700000 44.025000 3.292123889446e-01 1.658160276511e+00 1.690525e+00
0.700000 44.050000 3.866655467830e-01 1.700643819163e+00 1.744047e+00
0.700000 44.075000 4.464933777122e-01 1.741074454856e+00 1.797414e+00
0.700000 44.100000 5.088461206669e-01 1.779330197267e+00 1.850659e+00
0.700000 44.125000 5.738651187262e-01 1.815195169812e+00 1.903748e+00
0.700000 44.150000 6.416536433908e-01 1.848363669297e+00 1.956570e+00
0.700000 44.175000 7.122499711210e-01 1.878451886642e+00 2.008950e+00
0.700000 44.200000 7.856045003521e-01 1.905016312070e+00 2.060646e+00
0.700000 44.225000 8.615623450821e-01 1.927577500285e+00 2.111361e+00
0.700000 44.250000 9.398524464783e-01 1.945647629353e+00 2.160756e+00
0.700000 44.275000 1.020083835419e+00 1.958760147033e+00 2.208464e+00
0.700000 44.300000 1.101749276033e+00 1.966499747140e+00 2.254101e+00
0.700000 44.325000 1.184236133989e+00 1.968530942601e+00 2.297287e+00
0.700000 44.350000 1.266843948128e+00 1.964623591192e+00 2.337657e+00
0.700000 44.375000 1.348807841913e+00 1.954673879776e+00 2.374875e+00
0.700000 44.400000 1.429326595489e+00 1.938719483760e+00 2.408653e+00
0.700000 44.425000 1.507593917799e+00 1.916947894171e+00 2.438756e+00
0.700000 44.450000 1.582831226002e+00 1.889697248378e+00 2.465017e+00
0.700000 44.475000 1.654320077479e+00 1.857449410581e+00 2.487347e+00
0.700000 44.500000 1.721432333426e+00 1.820815514211e+00 2.505733e+00
0.700000 44.525000 1.783656187752e+00 1.780514678557e+00 2.520250e+00
0.700000 44.550000 1.840616390547e+00 1.737347111838e+00 2.531056e+00
0.700000 44.575000 1.892087340285e+00 1.692163268102e+00 2.538387e+00
0.700000 44.600000 1.937998205634e+00 1.645831085034e+00 2.542557e+00
0.700000 44.625000 1.978429839456e+00 1.599203543871e+00 2.543941e+00
0.700000 44.650000 2.013603918367e+00 1.553088819172e+00 2.542968e+00
0.700000 44.675000 2.043865418562e+00 1.508225099063e+00 2.540104e+00
0.700000 44.700000 2.069660149906e+00 1.465261752072e+00 2.535840e+00
0.700000 44.725000 2.091509540932e+00 1.424747917272e+00 2.530676e+00
0.700000 44.750000 2.109985131145e+00 1.387128849719e+00 2.525107e+00
0.700000 44.775000 2.125685235721e+00 1.352749535939e+00 2.519617e+00
0.700000 44.800000 2.139215979889e+00 1.321864294133e+00 2.514671e+00
0.700000 44.825000 2.151178366925e+00 1.294650386518e+00 2.510715e+00
0.700000 44.850000 2.162162289646e+00 1.271223187120e+00 2.508177e+00
0.700000 44.875000 2.172747496804e+00 1.251650239538e+00 2.507481e+00
0.700000 44.900000 2.183510582644e+00 1.235961649120e+00 2.509048e+00
0.700000 44.925000 2.195036193083e+00 1.224154689510e+00 2.513312e+00
0.700000 44.950000 2.207929947099e+00 1.216191231150e+00 2.520729e+00
0.700000 44.975000 2.222830153929e+00 1.211987547302e+00 2.531776e+00
0.700000 45.000000 2.240415333624e+00 1.211397117849e+00 2.546948e+00
0.700000 45.025000 2.261404849900e+00 1.214188108356e+00 2.566750e+00
0.700000 45.050000 2.286550625057e+00 1.220018121816e+00 2.591671e+00
0.700000 45.075000 2.316618866884e+00 1.228409482876e+00 2.622158e+00
0.700000 45.100000 2.352361897601e+00 1.238728624995e+00 2.658581e+00
0.700000 45.125000 2.394481406457e+00 1.250173053327e+00 2.701199e+00
0.700000 45.150000 2.443585608020e+00 1.261768840911e+00 2.750122e+00
0.700000 45.175000 2.500143737447e+00 1.272380722861e+00 2.805293e+00
0.700000 45.200000 2.564441931840e+00 1.280735669132e+00 2.866469e+00
0.700000 45.225000 2.636544747872e+00 1.285459464889e+00 2.933219e+00
0.700000 45.250000 2.716266310763e+00 1.285124455604e+00 3.004937e+00
0.700000 45.275000 2.803154390929e+00 1.278305375468e+00 3.080867e+00
0.700000 45.300000 2.896489625794e+00 1.263639214767e+00 3.160132e+00
0.700000 45.325000 2.995300753876e+00 1.239884507997e+00 3.241780e+00
0.700000 45.350000 3.098395247286e+00 1.205975311645e+00 3.324820e+00
0.700000 45.375000 3.204403274736e+00 1.161065509383e+00 3.408265e+00
0.700000 45.400000 3.311831656279e+00 1.104559900676e+00 3.491172e+00
0.700000 45.425000 3.419123520150e+00 1.036129713923e+00 3.572670e+00
0.700000 45.450000 3.524718843283e+00 9.557116146946e-01 3.651990e+00
0.700000 45.475000 3.627111006537e+00 8.634908040044e-01 3.728478e+00
0.700000 45.500000 3.724894927256e+00 7.598702623979e-01 3.801611e+00
0.700000 45.525000 3.816803197947e+00 6.454294423138e-01 3.870990e+00
0.700000 45.550000 3.901727867094e+00 5.208766181298e-01 3.936343e+00
0.700000 45.575000 3.978726918464e+00 3.869995827218e-01 3.997504e+00
0.700000 45.600000 4.047015990816e+00 2.446193902678e-01 4.054402e+00
0.700000 45.625000 4.105947279584e+00 9.455139628143e-02 4.107036e+00
0.700000 45.650000 4.154978737583e+00 -6.242300624603e-02 4.155448e+00
0.700000 45.675000 4.193637532264e+00 -2.255717150334e-01 4.199700e+00
0.700000 45.700000 4.221482149655e+00 -3.942134136893e-01 4.239849e+00
0.700000 45.725000 4.238067531142e+00 -5.677057233979e-01 4.275922e+00
0.700000 45.750000 4.242917205256e+00 -7.454217949557e-01 4.307900e+00
0.700000 45.775000 4.235505590479e+00 -9.267182049033e-01 4.335702e+00
0.700000 45.800000 4.215252588061e+00 -1.110897790150e+00 4.359180e+00
0.700000 45.825000 4.181531369289e+00 -1.297171457382e+00 4.378111e+00
0.700000 45.850000 4.133689012552e+00 -1.484623016483e+00 4.392208e+00
0.700000 45.875000 4.071078481223e+00 -1.672180730135e+00 4.401121e+00
0.700000 45.900000 3.993099457980e+00 -1.858598598271e+00 4.404456e+00
0.700000 45.925000 3.899244844339e+00 -2.042449487072e+00 4.401785e+00
0.700000 45.950000 3.789149344490e+00 -2.222131165846e+00 4.392667e+00
0.700000 45.975000 3.662636495388e+00 -2.395885236436e+00 4.376662e+00
0.700000 46.000000 3.519760762891e+00 -2.561827929392e+00 4.353353e+00
0.700000 46.025000 3.360841850528e+00 -2.717990886357e+00 4.322353e+00
0.700000 46.050000 3.186489094793e+00 -2.862369415201e+00 4.283325e+00
0.700000 46.075000 2.997614666273e+00 -2.992975333605e+00 4.235988e+00
0.700000 46.100000 2.795435171735e+00 -3.107891420595e+00 4.180125e+00
0.700000 46.125000 2.581462074245e+00 -3.205324658870e+00 4.115587e+00
0.700000 46.150000 2.357482043756e+00 -3.283655834731e+00 4.042291e+00
0.700000 46.175000 2.125528863954e+00 -3.341483609142e+00 3.960225e+00
0.700000 46.200000 1.887848819488e+00 -3.377661812728e+00 3.869441e+00
0.700000 46.225000 1.646861561615e+00 -3.391329374599e+00 3.770049e+00
0.700000 46.250000 1.405118314563e+00 -3.381932897580e+00 3.662216e+00
0.700000 46.275000 1.165258975809e+00 -3.349242378438e+00 3.546160e+00
0.700000 46.300000 9.299692342089e-01 -3.293360894802e+00 3.422144e+00
0.700000 46.325000 7.019383454814e-01 -3.214729214075e+00 3.290471e+00
0.700000 46.350000 4.838177340448e-01 -3.114126220630e+00 3.151486e+00
0.700000 46.375000 2.781802000717e-01 -2.992665825220e+00 3.005567e+00
0.700000 46.400000 8.747925708311e-02 -2.851790655533e+00 2.853132e+00
0.700000 46.425000 -8.599195171170e-02 -2.693262386836e+00 2.694635e+00
0.700000 46.450000 -2.401425924687e-01 -2.519148125135e+00 2.530568e+00
0.700000 46.475000 -3.731270626613e-01 -2.331801874629e+00 2.361466e+00
0.700000 46.500000 -4.833885585364e-01 -2.133839873896e+00 2.187907e+00
0.700000 46.525000 -5.697023805102e-01 -1.928108526392e+00 2.010513e+00
0.700000 46.550000 -6.312174643918e-01 -1.717643815309e+00 1.829955e+00
0.700000 46.575000 -6.674940685271e-01 -1.505621490356e+00 1.646950e+00
0.700000 46.600000 -6.785351189162e-01 -1.295297925801e+00 1.462261e+00
0.700000 46.625000 -6.648084907489e-01 -1.089942328008e+00 1.276693e+00
0.700000 46.650000 -6.272575428733e-01 -8.927618446113e-01 1.091089e+00
0.700000 46.675000 -5.672975528575e-01 -7.068220060076e-01 9.063244e-01
0.700000 46.700000 -4.867963244032e-01 -5.349657131492e-01 7.232973e-01
0.700000 46.725000 -3.880381217522e-01 -3.797345759020e-01 5.429290e-01
0.700000 46.750000 -2.736711607181e-01 -2.432967188893e-01 3.661819e-01
0.700000 46.775000 -1.466400588472e-01 -1.273851465243e-01 1.942428e-01
0.700000 46.800000 -1.010580569741e-02 -3.325036859077e-02 3.475218e-02
0.700000 46.825000 1.326431608382e-01 3.836975659768e-02 1.380813e-01
0.700000 46.850000 2.782844070237e-01 8.726105194828e-02 2.916448e-01
0.700000 46.875000 4.235546783475e-01 1.137242784512e-01 4.385565e-01
0.700000 46.900000 5.653379484053e-01 1.185473380385e-01 5.776335e-01
0.700000 46.925000 7.007438690911e-01 1.029604751801e-01 7.082675e-01
0.700000 46.950000 8.271729202255e-01 6.857769897455e-02 8.300108e-01
0.700000 46.975000 9.423656536251e-01 1.732853067914e-02 9.425250e-01
0.700000 47.000000 1.044434743942e+00 -4.861531465754e-02 1.045566e+00
0.700000 47.025000 1.131879963784e+00 -1.269136340852e-01 1.138973e+00
0.700000 47.050000 1.203587548592e+00 -2.151275240659e-01 1.222662e+00
0.700000 47.075000 1.258816566456e+00 -3.107817166101e-01 1.296613e+00
0.700000 47.100000 1.297175738560e+00 -4.114170204050e-01 1.360856e+00
0.700000 47.125000 1.318594581370e+00 -5.146317049924e-01 1.415464e+00
0.700000 47.150000 1.323292721027e+00 -6.181119963248e-01 1.460536e+00
0.700000 47.175000 1.311750773794e+00 -7.196530798844e-01 1.496192e+00
0.700000 47.200000 1.284685353805e+00 -8.171729935868e-01 1.522560e+00
0.700000 47.225000 1.243029664467e+00 -9.087224255265e-01 1.539772e+00
0.700000 47.250000 1.187919888173e+00 -9.924936409266e-01 1.547966e+00
0.700000 47.275000 1.120686361711e+00 -1.066831527857e+00 1.547277e+00
0.700000 47.300000 1.042847461719e+00 -1.130249104023e+00 1.537854e+00
0.700000 47.325000 9.561033557885e-01 -1.181448847476e+00 1.519854e+00
0.700000 47.350000 8.623263960049e-01 -1.219350021889e+00 1.493460e+00
0.700000 47.375000 7.635449923963e-01 -1.243120906625e+00 1.458887e+00
0.700000 47.400000 6.619183022146e-01 -1.252213665749e+00 1.416395e+00
0.700000 47.425000 5.596999542382e-01 -1.246398641255e+00 1.366299e+00
0.700000 47.450000 4.591901981645e-01 -1.225794250562e+00 1.308979e+00
0.700000 47.475000 3.626771975267e-01 -1.190888483917e+00 1.244890e+00
0.700000 47.500000 2.723695229119e-01 -1.142548262903e+00 1.174564e+00
0.700000 47.525000 1.903231026852e-01 -1.082013615856e+00 1.098625e+00
0.700000 47.550000 1.183668193623e-01 -1.010874681351e+00 1.017781e+00
0.700000 47.575000 5.803150028970e-02 -9.310308609411e-01 9.328377e-01
0.700000 47.600000 1.048718145152e-02 -8.446328749109e-01 8.446980e-01
0.700000 47.625000 -2.350679068159e-02 -7.540098881475e-01 7.543762e-01
0.700000 47.650000 -4.363498002690e-02 -6.615851307549e-01 6.630225e-01
0.700000 47.675000 -5.003962986236e-02 -5.697844234119e-01 5.719775e-01
0.700000 47.700000 -4.331350514448e-02 -4.809426455506e-01 4.828891e-01
0.700000 47.725000 -2.447174662958e-02 -3.972134086913e-01 3.979665e-01
0.700000 47.750000 5.095924565787e-03 -3.204870120626e-01 3.205275e-01
0.700000 47.775000 4.369004376215e-02 -2.523211959448e-01 2.560758e-01
0.700000 47.800000 8.937963130845e-02 -1.938883351709e-01 2.134980e-01
0.700000 47.825000 1.400894198585e-01 -1.459416189512e-01 2.022968e-01
0.700000 47.850000 1.936912790324e-01 -1.088015436297e-01 2.221578e-01
0.700000 47.875000 2.480949686000e-01 -8.236280304489e-02 2.614092e-01
0.700000 47.900000 3.013336007981e-01 -6.612048890567e-02 3.085026e-01
0.700000 47.925000 3.516397124975e-01 -5.921348670966e-02 3.565904e-01
0.700000 47.950000 3.975085770973e-01 -6.048212597992e-02 4.020835e-01
0.700000 47.975000 4.377462555462e-01 -6.853654920730e-02 4.430790e-01
0.700000 48.000000 4.715008273041e-01 -8.183191275781e-02 4.785494e-01
0.700000 48.025000 4.982761929706e-01 -9.874641802848e-02 5.079666e-01
0.700000 48.050000 5.179287481610e-01 -1.176582717157e-01 5.311249e-01
0.700000 48.075000 5.306480520309e-01 -1.370179610711e-01 5.480523e-01
0.700000 48.100000 5.369233240114e-01 -1.554126701972e-01 5.589631e-01
0.700000 48.125000 5.374981789890e-01 -1.716202227685e-01 5.642320e-01
0.700000 48.150000 5.333164421378e-01 -1.846505822748e-01 5.643778e-01
0.700000 48.175000 5.254621630581e-01 -1.937736420842e-01 5.600524e-01
0.700000 48.200000 5.150970716766e-01 -1.985327648815e-01 5.520328e-01
0.700000 48.225000 5.033986855143e-01 -1.987442554267e-01 5.412112e-01
0.700000 48.250000 4.915020927368e-01 -1.944836427191e-01 5.285813e-01
0.700000 48.275000 4.804481057208e-01 -1.860602772894e-01 5.152172e-01
0.700000 48.300000 4.711400196274e-01 -1.739822859080e-01 5.022377e-01
0.700000 48.325000 4.643106411099e-01 -1.589143401592e-01 4.907526e-01
0.700000 48.350000 4.605006035060e-01 -1.416309615779e-01 4.817885e-01
0.700000 48.375000 4.600482943112e-01 -1.229681857796e-01 4.761991e-01
0.700000 48.400000 4.630910321325e-01 -1.037763327076e-01 4.745765e-01
0.700000 48.425000 4.695764904559e-01 -8.487638387148e-02 4.771856e-01
0.700000 48.450000 4.792828199403e-01 -6.702206828443e-02 4.839463e-01
0.700000 48.475000 4.918455091153e-01 -5.086923842688e-02 4.944691e-01
0.700000 48.500000 5.067887741672e-01 -3.695351920019e-02 5.081343e-01
0.700000 48.525000 5.235591963861e-01 -2.567658739935e-02 5.241884e-01
0.700000 48.550000 5.415594285580e-01 -1.730084016957e-02 5.418357e-01
0.700000 48.575000 5.601800498828e-01 -1.195168833283e-02 5.603075e-01
0.700000 48.600000 5.788280286045e-01 -9.626305464605e-03 5.789081e-01
0.700000 48.625000 5.969507069493e-01 -1.020740345735e-02 5.970380e-01
0.700000 48.650000 6.140547030112e-01 -1.348050043254e-02 6.142027e-01
0.700000 48.675000 6.297195782258e-01 -1.915318985729e-02 6.300108e-01
0.700000 48.700000 6.436065031637e-01 -2.687508681208e-02 6.441674e-01
0.700000 48.725000 6.554624367279e-01 -3.625738202135e-02 6.564645e-01
0.700000 48.750000 6.651204982955e-01 -4.689123254402e-02 6.667714e-01
0.700000 48.775000 6.724972597633e-01 -5.836451480026e-02 6.750252e-01
0.700000 48.800000 6.775876316599e-01 -7.027672086945e-02 6.812223e-01
0.700000 48.825000 6.804578939622e-01 -8.225196323221e-02 6.854111e-01
0.700000 48.850000 6.812372650437e-01 -9.395015108238e-02 6.876851e-01
0.700000 48.875000 6.801082499057e-01 -1.050764134804e-01 6.881775e-01
0.700000 48.900000 6.772958954942e-01 -1.153887862753e-01 6.870548e-01
0.700000 48.925000 6.730560306994e-01 -1.247040778873e-01 6.845112e-01
0.700000 48.950000 6.676625923328e-01 -1.329017175029e-01 6.807615e-01
0.700000 48.975000 6.613942319284e-01 -1.399253027315e-01 6.760336e-01
0.700000 49.000000 6.545205436989e-01 -1.457815320582e-01 6.705590e-01
0.700000 49.025000 6.472884227860e-01 -1.505362503180e-01 6.645626e-01
0.700000 49.050000 6.399092205861e-01 -1.543074593142e-01 6.582512e-01
0.700000 49.075000 6.325474758679e-01 -1.572553424989e-01 6.518018e-01
0.700000 49.100000 6.253120376697e-01 -1.595696007063e-01 6.453508e-01
0.700000 49.125000 6.182503401555e-01 -1.614546635275e-01 6.389844e-01
0.700000 49.150000 6.113464359535e-01 -1.631135909074e-01 6.327326e-01
0.700000 49.175000 6.045231529386e-01 -1.647316752350e-01 6.265659e-01
0.700000 49.200000 5.976484333849e-01 -1.664608648960e-01 6.203973e-01
0.700000 49.225000 5.905455774490e-01 -1.684061360291e-01 6.140885e-01
0.700000 49.250000 5.830067839175e-01 -1.706148339308e-01 6.074589e-01
0.700000 49.275000 5.748090985466e-01 -1.730697977572e-01 6.002988e-01
0.700000 49.300000 5.657316768146e-01 -1.756867938884e-01 5.923835e-01
0.700000 49.325000 5.555731657545e-01 -1.783164466789e-01 5.834880e-01
0.700000 49.350000 5.441680177219e-01 -1.807505078639e-01 5.734018e-01
0.700000 49.375000 5.314006623458e-01 -1.827319851506e-01 5.619410e-01
0.700000 49.400000 5.172166635652e-01 -1.839683887943e-01 5.489603e-01
0.700000 49.425000 5.016302490067e-01 -1.841471750247e-01 5.343623e-01
0.700000 49.450000 4.847278862994e-01 -1.829523777639e-01 5.181049e-01
0.700000 49.475000 4.666678624829e-01 -1.800814231189e-01 5.002082e-01
0.700000 49.500000 4.476760703708e-01 -1.752612012513e-01 4.807602e-01
0.700000 49.525000 4.280383999576e-01 -1.682626057906e-01 4.599230e-01
0.700000 49.550000 4.080902646857e-01 -1.589129162995e-01 4.379395e-01
0.700000 49.575000 3.882038634032e-01 -1.471055693535e-01 4.151413e-01
0.700000 49.600000 3.687738001085e-01 -1.328070183012e-01 3.919590e-01
0.700000 49.625000 3.502016720976e-01 -1.160605083368e-01 3.689326e-01
0.700000 49.650000 3.328802118185e-01 -9.698668906206e-02 3.467213e-01
0.700000 49.675000 3.171775452753e-01 -7.578105710382e-02 3.261048e-01
0.700000 49.700000 3.034221209424e-01 -5.270827917001e-02 3.079661e-01
0.700000 49.725000 2.918888704084e-01 -2.809350711520e-02 2.932377e-01
0.700000 49.750000 2.827871790393e-01 -2.310876226758e-03 2.827966e-01
0.700000 49.775000 2.762512579276e-01 2.423051370433e-02 2.773119e-01
0.700000 49.800000 2.723334986093e-01 5.110269563408e-02 2.770867e-01
0.700000 49.825000 2.710013401053e-01 7.787640901642e-02 2.819689e-01
0.700000 49.850000 2.721380681220e-01 1.041393785216e-01 2.913831e-01
0.700000 49.875000 2.755477908640e-01 1.295143738213e-01 3.044677e-01
0.700000 49.900000 2.809645977174e-01 1.536760192403e-01 3.202459e-01
0.700000 49.925000 2.880656207755e-01 1.763652864025e-01 3.377670e-01
0.700000 49.950000 2.964874104949e-01 1.974006593603e-01 3.561907e-01
0.700000 49.975000 3.058447394516e-01 2.166851199916e-01 3.748246e-01
0.700000 50.000000 3.157506994599e-01 2.342083581313e-01 3.931311e-01
0.700000 50.025000 3.258367924213e-01 2.500439480527e-01 4.107208e-01
0.700000 50.050000 3.357716617153e-01 2.643416195893e-01 4.273396e-01
0.700000 50.075000 3.452771837607e-01 2.773151479829e-01 4.428544e-01
0.700000 50.100000 3.541408379786e-01 2.892267468188e-01 4.572394e-01
0.700000 50.125000 3.622235806450e-01 3.003691305765e-01 4.705609e-01
0.700000 50.150000 3.694628319676e-01 3.110465830326e-01 4.829625e-01
0.700000 50.175000 3.758706030838e-01 3.215564042105e-01 4.946486e-01
0.700000 50.200000 3.815271922754e-01 3.321720079386e-01 5.058668e-01
0.700000 50.225000 3.865712207434e-01 3.431287184747e-01 5.168894e-01
0.700000 50.250000 3.911870192817e-01 3.546129984584e-01 5.279940e-01
0.700000 50.275000 3.955904934866e-01 3.667554741014e-01 5.394455e-01
0.700000 50.300000 4.000145796560e-01 3.796277554318e-01 5.514788e-01
0.700000 50.325000 4.046952677582e-01 3.932427268267e-01 5.642855e-01
0.700000 50.350000 4.098589400868e-01 4.075577450711e-01 5.780032e-01
0.700000 50.375000 4.157114951621e-01 4.224800538030e-01 5.927103e-01
0.700000 50.400000 4.224294428189e-01 4.378737116694e-01 6.084242e-01
0.700000 50.425000 4.301529136112e-01 4.535674252966e-01 6.251039e-01
0.700000 50.450000 4.389803604156e-01 4.693628489372e-01 6.426548e-01
0.700000 50.475000 4.489646645871e-01 4.850431199215e-01 6.609358e-01
0.700000 50.500000 4.601103971000e-01 5.003815969987e-01 6.797671e-01
0.700000 50.525000 4.723721115592e-01 5.151509137407e-01 6.989391e-01
0.700000 50.550000 4.856537288258e-01 5.291325176991e-01 7.182206e-01
0.700000 50.575000 4.998092686237e-01 5.421268201316e-01 7.373675e-01
0.700000 50.600000 5.146453438653e-01 5.539639325656e-01 7.561322e-01
0.700000 50.625000 5.299259142729e-01 5.645147370173e-01 7.742728e-01
0.700000 50.650000 5.453797646420e-01 5.737017654351e-01 7.915635e-01
0.700000 50.675000 5.607110152134e-01 5.815091015292e-01 8.078055e-01
0.700000 50.700000 5.756126942398e-01 5.879903189135e-01 8.228381e-01
0.700000 50.725000 5.897830351059e-01 5.932733824705e-01 8.365509e-01
0.700000 50.750000 6.029437502518e-01 5.975615003356e-01 8.488939e-01
0.700000 50.775000 6.148591420625e-01 6.011291365236e-01 8.598884e-01
0.700000 50.800000 6.253546009057e-01 6.043127690661e-01 8.696334e-01
0.700000 50.825000 6.343328705951e-01 6.074964707576e-01 8.783110e-01
0.700000 50.850000 6.417864741266e-01 6.110929429863e-01 8.861853e-01
0.700000 50.875000 6.478049067935e-01 6.155211769438e-01 8.935981e-01
0.700000 50.900000 6.525756112120e-01 6.211823752150e-01 9.009564e-01
0.700000 50.925000 6.563783124711e-01 6.284360706928e-01 9.087158e-01
0.700000 50.950000 6.595729497421e-01 6.375784757959e-01 9.173564e-01
0.700000 50.975000 6.625821138756e-01 6.488249551073e-01 9.273559e-01
0.700000 51.000000 6.658695020809e-01 6.622981414570e-01 9.391597e-01
0.700000 51.025000 6.699163485336e-01 6.780226438348e-01 9.531540e-01
0.700000 51.050000 6.751980176799e-01 6.959265888947e-01 9.696423e-01
0.700000 51.075000 6.821629153170e-01 7.158494812921e-01 9.888310e-01
0.700000 51.100000 6.912155742628e-01 7.375551576318e-01 1.010825e+00
0.700000 51.125000 7.027052350501e-01 7.607480385611e-01 1.035631e+00
0.700000 51.150000 7.169205289388e-01 7.850905330754e-01 1.063176e+00
0.700000 51.175000 7.340900680897e-01 8.102193719688e-01 1.093318e+00
0.700000 51.200000 7.543879587042e-01 8.357588629650e-01 1.125875e+00
0.700000 51.225000 7.779425821719e-01 8.613295497743e-01 1.160639e+00
0.700000 51.250000 8.048465299324e-01 8.865514656250e-01 1.197394e+00
0.700000 51.275000 8.351653986235e-01 9.110420123685e-01 1.235920e+00
0.700000 51.300000 8.689432876443e-01 9.344093622531e-01 1.276003e+00
0.700000 51.325000 9.062032862480e-01 9.562430568543e-01 1.317424e+00
0.700000 51.350000 9.469419460961e-01 9.761040598008e-01 1.359955e+00
0.700000 51.375000 9.911176266140e-01 9.935168213953e-01 1.403350e+00
0.700000 51.400000 1.038633567002e+00 1.007965881363e+00 1.447327e+00
0.700000 51.425000 1.089317459513e+00 1.018899158342e+00 1.491566e+00
0.700000 51.450000 1.142900054107e+00 1.025739381780e+00 1.535696e+00
0.700000 51.475000 1.198995811656e+00 1.027904184110e+00 1.579297e+00
0.700000 51.500000 1.257088767406e+00 1.024834291249e+00 1.621899e+00
0.700000 51.525000 1.316526533322e+00 1.016028150874e+00 1.662996e+00
0.700000 51.550000 1.376524765627e+00 1.001080350136e+00 1.702052e+00
0.700000 51.575000 1.436183504257e+00 9.797204177187e-01 1.738527e+00
0.700000 51.600000 1.494515643981e+00 9.518481768059e-01 1.771889e+00
0.700000 51.625000 1.550486540405e+00 9.175617779041e-01 1.801646e+00
0.700000 51.650000 1.603062520894e+00 8.771749142566e-01 1.827360e+00
0.700000 51.675000 1.651264993565e+00 8.312204835251e-01 1.848676e+00
0.700000 51.700000 1.694226045481e+00 7.804390414332e-01 1.865338e+00
0.700000 51.725000 1.731240985151e+00 7.257516951303e-01 1.877208e+00
0.700000 51.750000 1.761813268792e+00 6.682184810954e-01 1.884278e+00
0.700000 51.775000 1.785687666242e+00 6.089846287886e-01 1.886675e+00
0.700000 51.800000 1.802868339698e+00 5.492182946263e-01 1.884668e+00
0.700000 51.825000 1.813619655638e+00 4.900442457358e-01 1.878659e+00
0.700000 51.850000 1.818448924928e+00 4.324784917872e-01 1.869169e+00
0.700000 51.875000 1.818071744402e+00 3.773689546429e-01 1.856823e+00
0.700000 51.900000 1.813362062816e+00 3.253469182768e-01 1.842317e+00
0.700000 51.925000 1.805290386571e+00 2.767932444070e-01 1.826387e+00
0.700000 51.950000 1.794854563263e+00 2.318222378718e-01 1.809764e+00
0.700000 51.975000 1.783008246741e+00 1.902846946937e-01 1.793133e+00
0.700000 52.000000 1.770592401084e+00 1.517901797142e-01 1.777087e+00
0.700000 52.025000 1.758275023868e+00 1.157470836934e-01 1.762081e+00
0.700000 52.050000 1.746503678832e+00 8.141762434386e-02 1.748400e+00
0.700000 52.075000 1.735474475498e+00 4.798379273306e-02 1.736138e+00
0.700000 52.100000 1.725119897725e+00 1.461939637958e-02 1.725182e+00
0.700000 52.125000 1.715116464575e+00 -1.943712300441e-02 1.715227e+00
0.700000 52.150000 1.704911717467e+00 -5.481448284707e-02 1.705793e+00
0.700000 52.175000 1.693768583171e+00 -9.195000312951e-02 1.696263e+00
0.700000 52.200000 1.680823872560e+00 -1.310450125014e-01 1.685925e+00
0.700000 52.225000 1.665156636979e+00 -1.720374826592e-01 1.674020e+00
0.700000 52.250000 1.645861393611e+00 -2.145938710810e-01 1.659792e+00
0.700000 52.275000 1.622120899155e+00 -2.581207274723e-01 1.642529e+00
0.700000 52.300000 1.593273219277e+00 -3.017951638638e-01 1.621604e+00
0.700000 52.325000 1.558868301385e+00 -3.446119122280e-01 1.596505e+00
0.700000 52.350000 1.518710072620e+00 -3.854435002289e-01 1.566859e+00
0.700000 52.375000 1.472881189025e+00 -4.231091545058e-01 1.532449e+00
0.700000 52.400000 1.421748869366e+00 -4.564474600094e-01 1.493223e+00
0.700000 52.425000 1.365951655931e+00 -4.843876053296e-01 1.449295e+00
0.700000 52.450000 1.306368344997e+00 -5.060142398181e-01 1.400946e+00
0.700000 52.475000 1.244071612183e+00 -5.206215395979e-01 1.348614e+00
0.700000 52.500000 1.180269922933e+00 -5.277529771369e-01 1.292888e+00
0.700000 52.525000 1.116242083799e+00 -5.272244373837e-01 1.234489e+00
0.700000 52.550000 1.053269198891e+00 -5.191296264164e-01 1.174254e+00
0.700000 52.575000 9.925688209216e-01 -5.038280674884e-01 1.113120e+00
0.700000 52.600000 9.352357332960e-01 -4.819172624073e-01 1.052098e+00
0.700000 52.625000 8.821931071051e-01 -4.541917081646e-01 9.922473e-01
0.700000 52.650000 8.341568121953e-01 -4.215923106937e-01 9.346431e-01
0.700000 52.675000 7.916145154157e-01 -3.851502651241e-01 8.803376e-01
0.700000 52.700000 7.548199770166e-01 -3.459296409139e-01 8.303135e-01
0.700000 52.725000 7.238017678031e-01 -3.049727203869e-01 7.854281e-01
0.700000 52.750000 6.983845787610e-01 -2.632516233866e-01 7.463528e-01
0.700000 52.775000 6.782204689014e-01 -2.216289715408e-01 7.135141e-01
0.700000 52.800000 6.628268588204e-01 -1.808293885090e-01 6.870507e-01
0.700000 52.825000 6.516278592282e-01 -1.414225967718e-01 6.667977e-01
0.700000 52.850000 6.439956247356e-01 -1.038178595031e-01 6.523101e-01
0.700000 52.875000 6.392888108735e-01 -6.826862272773e-02 6.429236e-01
0.700000 52.900000 6.368858266018e-01 -3.488551589505e-02 6.378405e-01
0.700000 52.925000 6.362113356022e-01 -3.655420777731e-03 6.362218e-01
0.700000 52.950000 6.367552772653e-01 2.553585779623e-02 6.372671e-01
0.700000 52.975000 6.380844624914e-01 5.287969826892e-02 6.402719e-01
0.700000 53.000000 6.398474705728e-01 7.862160915292e-02 6.446597e-01
0.700000 53.025000 6.417740706370e-01 1.030405951508e-01 6.499933e-01
0.700000 53.050000 6.436706784344e-01 1.264319410265e-01 6.559703e-01
0.700000 53.075000 6.454134281609e-01 1.490938136086e-01 6.624103e-01
0.700000 53.100000 6.469403079387e-01 1.713175400243e-01 6.692395e-01
0.700000 53.125000 6.482435176867e-01 1.933809936945e-01 6.764731e-01
0.700000 53.150000 6.493628167302e-01 2.155442486719e-01 6.842013e-01
0.700000 53.175000 6.503802006511e-01 2.380465637715e-01 6.925753e-01
0.700000 53.200000 6.514158464013e-01 2.611038226433e-01 7.017961e-01
0.700000 53.225000 6.526249458745e-01 2.849057550784e-01 7.121029e-01
0.700000 53.250000 6.541948491200e-01 3.096125529975e-01 7.237616e-01
0.700000 53.275000 6.563418770940e-01 3.353508175848e-01 7.370514e-01
0.700000 53.300000 6.593072368061e-01 3.622090770606e-01 7.522509e-01
0.700000 53.325000 6.633516559628e-01 3.902333498189e-01 7.696217e-01
0.700000 53.350000 6.687486116067e-01 4.194233606984e-01 7.893926e-01
0.700000 53.375000 6.757763110001e-01 4.497300321587e-01 8.117455e-01
0.700000 53.400000 6.847088446916e-01 4.810547693182e-01 8.368034e-01
0.700000 53.425000 6.958071285772e-01 5.132508581808e-01 8.646236e-01
0.700000 53.450000 7.093103526022e-01 5.461270339823e-01 8.951960e-01
0.700000 53.475000 7.254286430098e-01 5.794529939680e-01 9.284463e-01
0.700000 53.500000 7.443375244765e-01 6.129663705224e-01 9.642438e-01
0.700000 53.525000 7.661745563082e-01 6.463804862657e-01 1.002413e+00
0.700000 53.550000 7.910382445527e-01 6.793921121166e-01 1.042744e+00
0.700000 53.575000 8.189890391668e-01 7.116884578076e-01 1.085009e+00
0.700000 53.600000 8.500519543892e-01 7.429527413953e-01 1.128967e+00
0.700000 53.625000 8.842201396265e-01 7.728678939762e-01 1.174381e+00
0.700000 53.650000 9.214586069532e-01 8.011182294582e-01 1.221014e+00
0.700000 53.675000 9.617073064344e-01 8.273892098619e-01 1.268643e+00
0.700000 53.700000 1.004882833971e+00 8.513657242785e-01 1.317047e+00
0.700000 53.725000 1.050878245871e+00 8.727295368857e-01 1.366017e+00
0.700000 53.750000 1.099560715348e+00 8.911567163590e-01 1.415342e+00
0.700000 53.775000 1.150767065583e+00 9.063159167908e-01 1.464812e+00
0.700000 53.800000 1.204297515322e+00 9.178683330538e-01 1.514204e+00
0.700000 53.825000 1.259908240522e+00 9.254700087617e-01 1.563286e+00
0.700000 53.850000 1.317303559733e+00 9.287769513524e-01 1.611805e+00
0.700000 53.875000 1.376128670909e+00 9.274532333951e-01 1.659488e+00
0.700000 53.900000 1.435963893456e+00 9.211819633740e-01 1.706039e+00
0.700000 53.925000 1.496321303287e+00 9.096787243434e-01 1.751140e+00
0.700000 53.950000 1.556644502116e+00 8.927068325876e-01 1.794455e+00
0.700000 53.975000 1.616312054493e+00 8.700935815488e-01 1.835627e+00
0.700000 54.000000 1.674644880979e+00 8.417465210255e-01 1.874293e+00
0.700000 54.025000 1.730917637923e+00 8.076687812444e-01 1.910080e+00
0.700000 54.050000 1.784373866055e+00 7.679724810272e-01 1.942620e+00
0.700000 54.075000 1.834244469288e+00 7.228893478874e-01 1.971553e+00
0.700000 54.100000 1.879768903428e+00 6.727778107761e-01 1.996537e+00
0.700000 54.125000 1.920218317382e+00 6.181259876104e-01 2.017255e+00
0.700000 54.150000 1.954919796654e+00 5.595501652601e-01 2.033423e+00
0.700000 54.175000 1.983280806065e+00 4.977885479984e-01 2.044797e+00
0.700000 54.200000 2.004812909310e+00 4.336902241710e-01 2.051186e+00
0.700000 54.225000 2.019153850314e+00 3.681994665802e-01 2.052451e+00
0.700000 54.250000 2.026087110125e+00 3.023356395303e-01 2.048520e+00
0.700000 54.275000 2.025558100383e+00 2.371691361772e-01 2.039396e+00
0.700000 54.300000 2.017686220145e+00 1.737939155555e-01 2.025157e+00
0.700000 54.325000 2.002772089262e+00 1.132973499485e-01 2.005974e+00
0.700000 54.350000 1.981299382184e+00 5.672822838200e-02 1.982111e+00
0.700000 54.375000 1.953930824606e+00 5.063886372548e-03 1.953937e+00
0.700000 54.400000 1.921498083778e+00 -4.082246152010e-02 1.921932e+00
0.700000 54.425000 1.884985481143e+00 -8.019303040150e-02 1.886691e+00
0.700000 54.450000 1.845507679099e+00 -1.124742163521e-01 1.848932e+00
0.700000 54.475000 1.804281734568e+00 -1.372815945058e-01 1.809497e+00
0.700000 54.500000 1.762594159849e+00 -1.544400230587e-01 1.769347e+00
0.700000 54.525000 1.721763872832e+00 -1.639978228378e-01 1.729557e+00
0.700000 54.550000 1.683102140122e+00 -1.662341673286e-01 1.691291e+00
0.700000 54.575000 1.647870804258e+00 -1.616590334168e-01 1.655781e+00
0.700000 54.600000 1.617240228337e+00 -1.510053201704e-01 1.624275e+00
0.700000 54.625000 1.592248478663e+00 -1.352130306756e-01 1.597979e+00
0.700000 54.650000 1.573763292853e+00 -1.154057173961e-01 1.577989e+00
0.700000 54.675000 1.562448344421e+00 -9.285970136787e-02 1.565205e+00
0.700000 54.700000 1.558735215934e+00 -6.896687666330e-02 1.560260e+00
0.700000 54.725000 1.562802334174e+00 -4.519219187933e-02 1.563456e+00
0.700000 54.750000 1.574561907330e+00 -2.302714903296e-02 1.574730e+00
0.700000 54.775000 1.593655642169e+00 -3.940867502407e-03 1.593661e+00
0.700000 54.800000 1.619459715604e+00 1.066958218900e-02 1.619495e+00
0.700000 54.825000 1.651099138484e+00 1.952777094162e-02 1.651215e+00
0.700000 54.850000 1.687471289532e+00 2.152359278543e-02 1.687609e+00
0.700000 54.875000 1.727278025770e+00 1.575423733369e-02 1.727350e+00
0.700000 54.900000 1.769065406717e+00 1.558770858157e-03 1.769066e+00
0.700000 54.925000 1.811269719501e+00 -2.145515966991e-02 1.811397e+00
0.700000 54.950000 1.852268179845e+00 -5.339370948691e-02 1.853038e+00
0.700000 54.975000 1.890432429748e+00 -9.406916667037e-02 1.892771e+00
0.700000 55.000000 1.924182776682e+00 -1.430026806279e-01 1.929489e+00
0.700000 55.025000 1.952041039148e+00 -1.994373847416e-01 1.962203e+00
0.700000 55.050000 1.972679892582e+00 -2.623614368529e-01 1.990050e+00
0.700000 55.075000 1.984966754367e+00 -3.305400391593e-01 2.012300e+00
0.700000 55.100000 1.988000504383e+00 -4.025550792927e-01 2.028348e+00
0.700000 55.125000 1.981139695772e+00 -4.768506883023e-01 2.037720e+00
0.700000 55.150000 1.964021346943e+00 -5.517827665302e-01 2.040060e+00
0.700000 55.175000 1.936569889366e+00 -6.256704051820e-01 2.035133e+00
0.700000 55.200000 1.898996339310e+00 -6.968471397295e-01 2.022816e+00
0.700000 55.225000 1.851788226159e+00 -7.637101088346e-01 2.003091e+00
0.700000 55.250000 1.795691207864e+00 -8.247654442083e-01 1.976043e+00
0.700000 55.275000 1.731683604638e+00 -8.786685558408e-01 1.941851e+00
0.700000 55.300000 1.660945264659e+00 -9.242583674397e-01 1.900787e+00
0.700000 55.325000 1.584822233141e+00 -9.605849576739e-01 1.853209e+00
0.700000 55.350000 1.504788635857e+00 -9.869304328279e-01 1.799561e+00
0.700000 55.375000 1.422407031333e+00 -1.002823159721e+00 1.740372e+00
0.700000 55.400000 1.339288264859e+00 -1.008045698143e+00 1.676260e+00
0.700000 55.425000 1.257051611994e+00 -1.002636877062e+00 1.607936e+00
0.700000 55.450000 1.177285770729e+00 -9.868884614251e-01 1.536213e+00
0.700000 55.475000 1.101511087289e+00 -9.613367746433e-01 1.462017e+00
0.700000 55.500000 1.031143308622e+00 -9.267495071455e-01 1.386406e+00
0.700000 55.525000 9.674591586829e-01 -8.841077933067e-01 1.310581e+00
0.700000 55.550000 9.115641332852e-01 -8.345835204984e-01 1.235912e+00
0.700000 55.575000 8.643630802131e-01 -7.795117840970e-01 1.163943e+00
0.700000 55.600000 8.265343437995e-01 -7.203584506497e-01 1.096392e+00
0.700000 55.625000 7.985084623322e-01 -6.586829528947e-01 1.035123e+00
0.700000 55.650000 7.804525645299e-01 -5.960967119715e-01 9.820578e-01
0.700000 55.675000 7.722616728328e-01 -5.342179423156e-01 9.390298e-01
0.700000 55.700000 7.735580511214e-01 -4.746240050994e-01 9.075572e-01
0.700000 55.725000 7.836995130577e-01 -4.188028860264e-01 8.885836e-01
0.700000 55.750000 8.017972345004e-01 -3.681057262077e-01 8.822588e-01
0.700000 55.775000 8.267431103122e-01 -3.237025756984e-01 8.878556e-01
0.700000 55.800000 8.572461028521e-01 -2.865436222157e-01 9.038684e-01
0.700000 55.825000 8.918764023518e-01 -2.573280426991e-01 9.282571e-01
0.700000 55.850000 9.291156229989e-01 -2.364823236997e-01 9.587386e-01
0.700000 55.875000 9.674107586345e-01 -2.241494121651e-01 9.930390e-01
0.700000 55.900000 1.005229276987e+00 -2.201894276131e-01 1.029062e+00
0.700000 55.925000 1.041112584814e+00 -2.241919452398e-01 1.064978e+00
0.700000 55.950000 1.073725170870e+00 -2.354991151079e-01 1.099248e+00
0.700000 55.975000 1.101897027736e+00 -2.532381876781e-01 1.130622e+00
0.700000 56.000000 1.124657441248e+00 -2.763614389315e-01 1.158115e+00
0.700000 56.025000 1.141258869801e+00 -3.036910850935e-01 1.180974e+00
0.700000 56.050000 1.151190351521e+00 -3.339665842081e-01 1.198655e+00
0.700000 56.075000 1.154180602998e+00 -3.658917525557e-01 1.210789e+00
0.700000 56.100000 1.150191637089e+00 -3.981793662280e-01 1.217164e+00
0.700000 56.125000 1.139404266409e+00 -4.295913368758e-01 1.217699e+00
0.700000 56.150000 1.122197226913e+00 -4.589730920022e-01 1.212429e+00
0.700000 56.175000 1.099121827528e+00 -4.852813889643e-01 1.201485e+00
0.700000 56.200000 1.070874006021e+00 -5.076053795800e-01 1.185088e+00
0.700000 56.225000 1.038265470526e+00 -5.251812558147e-01 1.163534e+00
0.700000 56.250000 1.002195272013e+00 -5.374011963027e-01 1.137187e+00
0.700000 56.275000 9.636227407604e-01 -5.438175670436e-01 1.106484e+00
0.700000 56.300000 9.235422904073e-01 -5.441433979596e-01 1.071925e+00
0.700000 56.325000 8.829602050467e-01 -5.382500725831e-01 1.034085e+00
0.700000 56.350000 8.428732265993e-01 -5.261629627354e-01 9.936210e-01
0.700000 56.375000 8.042485841658e-01 -5.080554594633e-01 9.512813e-01
0.700000 56.400000 7.680050674638e-01 -4.842415488044e-01 9.079216e-01
0.700000 56.425000 7.349948357895e-01 -4.551668087990e-01 8.645197e-01
0.700000 56.450000 7.059858469127e-01 -4.213975077113e-01 8.221873e-01
0.700000 56.475000 6.816450475669e-01 -3.836073943293e-01 7.821730e-01
0.700000 56.500000 6.625227415520e-01 -3.425618039195e-01 7.458451e-01
0.700000 56.525000 6.490387947171e-01 -2.990988538308e-01 7.146408e-01
0.700000 56.550000 6.414715057910e-01 -2.541077495451e-01 6.899684e-01
0.700000 56.575000 6.399500371533e-01 -2.085045302563e-01 6.730603e-01
0.700000 56.600000 6.444512444599e-01 -1.632059096086e-01 6.647959e-01
0.700000 56.625000 6.548015696651e-01 -1.191021667768e-01 6.655452e-01
0.700000 56.650000 6.706843856412e-01 -7.703027449509e-02 6.750935e-01
0.700000 56.675000 6.916528326228e-01 -3.774858231424e-02 6.926822e-01
0.700000 56.700000 7.171478060142e-01 -1.914386913133e-03 7.171504e-01
0.700000 56.725000 7.465203836534e-01 2.993438659214e-02 7.471203e-01
0.700000 56.750000 7.790576579088e-01 5.739238634977e-02 7.811688e-01
0.700000 56.775000 8.140106960278e-01 8.019421679280e-02 8.179514e-01
0.700000 56.800000 8.506232120739e-01 9.821565969025e-02 8.562746e-01
0.700000 56.825000 8.881595039002e-01 1.114687664057e-01 8.951271e-01
0.700000 56.850000 9.259302845765e-01 1.200912140286e-01 9.336856e-01
0.700000 56.875000 9.633152042665e-01 1.243306308365e-01 9.713055e-01
0.700000 56.900000 9.997810928081e-01 1.245248413141e-01 1.007506e+00
0.700000 56.925000 1.034895228364e+00 1.210791464206e-01 1.041954e+00
0.700000 56.950000 1.068333226875e+00 1.144418396559e-01 1.074445e+00
0.700000 56.975000 1.099881427693e+00 1.050791709763e-01 1.104889e+00
0.700000 57.000000 1.129433905805e+00 9.345092187866e-02 1.133293e+00
0.700000 57.025000 1.156984460968e+00 7.998766190097e-02 1.159746e+00
0.700000 57.050000 1.182614116217e+00 6.507063478348e-02 1.184403e+00
0.700000 57.075000 1.206474805540e+00 4.901508395918e-02 1.207470e+00
0.700000 57.100000 1.228770049299e+00 3.205767947072e-02 1.229188e+00
0.700000 57.125000 1.249733512689e+00 1.434855426220e-02 1.249816e+00
0.700000 57.150000 1.269606421955e+00 -4.051704966565e-03 1.269613e+00
0.700000 57.175000 1.288614875722e+00 -2.316994315086e-02 1.288823e+00
0.700000 57.200000 1.306948130684e+00 -4.311322337525e-02 1.307659e+00
0.700000 57.225000 1.324738953349e+00 -6.405675394597e-02 1.326287e+00
0.700000 57.250000 1.342047101097e+00 -8.622742830530e-02 1.344814e+00
0.700000 57.275000 1.358846914265e+00 -1.098836930109e-01 1.363283e+00
0.700000 57.300000 1.375019856589e+00 -1.352926975481e-01 1.381660e+00
0.700000 57.325000 1.390352629200e+00 -1.627058941717e-01 1.399841e+00
0.700000 57.350000 1.404541206249e+00 -1.923344234724e-01 1.417649e+00
0.700000 57.375000 1.417200809306e+00 -2.243257190921e-01 1.434845e+00
0.700000 57.400000 1.427881473039e+00 -2.587427735678e-01 1.451135e+00
0.700000 57.425000 1.436088483372e+00 -2.955474140359e-01 1.466185e+00
0.700000 57.450000 1.441306623352e+00 -3.345887382930e-01 1.479633e+00
0.700000 57.475000 1.443026874047e+00 -3.755975663141e-01 1.491107e+00
0.700000 57.500000 1.440774017794e+00 -4.181873886617e-01 1.500237e+00
0.700000 57.525000 1.434133501869e+00 -4.618618699248e-01 1.506670e+00
0.700000 57.550000 1.422775954842e+00 -5.060285278933e-01 1.510085e+00
0.700000 57.575000 1.406477906039e+00 -5.500177961625e-01 1.510199e+00
0.700000 57.600000 1.385137528312e+00 -5.931063264768e-01 1.506778e+00
0.700000 57.625000 1.358784582001e+00 -6.345431288877e-01 1.499647e+00
0.700000 57.650000 1.327584150398e+00 -6.735770048083e-01 1.488686e+00
0.700000 57.675000 1.291834186190e+00 -7.094837104871e-01 1.473839e+00
0.700000 57.700000 1.251957294845e+00 -7.415913934164e-01 1.455113e+00
0.700000 57.725000 1.208487529410e+00 -7.693030565001e-01 1.432574e+00
0.700000 57.750000 1.162053233425e+00 -7.921150988180e-01 1.406348e+00
0.700000 57.775000 1.113357127247e+00 -8.096313250482e-01 1.376614e+00
0.700000 57.800000 1.063154882151e+00 -8.215721726442e-01 1.343607e+00
0.700000 57.825000 1.012233372375e+00 -8.277792428221e-01 1.307607e+00
0.700000 57.850000 9.613896540338e-01 -8.282155096282e-01 1.268941e+00
0.700000 57.875000 9.114115153189e-01 -8.229618004718e-01 1.227981e+00
0.700000 57.900000 8.630602020035e-01 -8.122102809607e-01 1.185141e+00
0.700000 57.925000 8.170556734929e-01 -7.962557361548e-01 1.140878e+00
0.700000 57.950000 7.740645113366e-01 -7.754854276999e-01 1.095698e+00
0.700000 57.975000 7.346904020832e-01 -7.503682363340e-01 1.050154e+00
0.700000 58.000000 6.994669598728e-01 -7.214436898835e-01 1.004856e+00
0.700000 58.025000 6.688525439226e-01 -6.893113460178e-01 9.604758e-01
0.700000 58.050000 6.432266584201e-01 -6.546208618308e-01 9.177521e-01
0.700000 58.075000 6.228874895691e-01 -6.180629490181e-01 8.774911e-01
0.700000 58.100000 6.080501275610e-01 -5.803612886358e-01 8.405618e-01
0.700000 58.125000 5.988450325454e-01 -5.422653625817e-01 8.078781e-01
0.700000 58.150000 5.953163294631e-01 -5.045440459555e-01 7.803629e-01
0.700000 58.175000 5.974195581927e-01 -4.679796903237e-01 7.588907e-01
0.700000 58.200000 6.050185691838e-01 -4.333623096052e-01 7.442112e-01
0.700000 58.225000 6.178813505901e-01 -4.014833595318e-01 7.368624e-01
0.700000 58.250000 6.356747118532e-01 -3.731284868432e-01 7.370938e-01
0.700000 58.275000 6.579579392775e-01 -3.490685313196e-01 7.448204e-01
0.700000 58.300000 6.841757837177e-01 -3.300480147048e-01 7.596237e-01
0.700000 58.325000 7.136514319746e-01 -3.167703716630e-01 7.807956e-01
0.700000 58.350000 7.455804330586e-01 -3.098792951922e-01 8.074128e-01
0.700000 58.375000 7.790268671359e-01 -3.099358033412e-01 8.384170e-01
0.700000 58.400000 8.129233170359e-01 -3.173909962733e-01 8.726863e-01
0.700000 58.425000 8.460763809564e-01 -3.325549582810e-01 9.090864e-01
0.700000 58.450000 8.771795003072e-01 -3.555628454753e-01 9.465035e-01
0.700000 58.475000 9.048347238148e-01 -3.863398442181e-01 9.838620e-01
0.700000 58.500000 9.275846564009e-01 -4.245673273844e-01 1.020133e+00
0.700000 58.525000 9.439552373097e-01 -4.696531008167e-01 1.054337e+00
0.700000 58.550000 9.525091704541e-01 -5.207090394324e-01 1.085547e+00
0.700000 58.575000 9.519088335916e-01 -5.765395818984e-01 1.112892e+00
0.700000 58.600000 9.409863928833e-01 -6.356444173299e-01 1.135561e+00
0.700000 58.625000 9.188177415038e-01 -6.962382121151e-01 1.152811e+00
0.700000 58.650000 8.847958784939e-01 -7.562893759691e-01 1.163975e+00
0.700000 58.675000 8.386985670468e-01 -8.135786774070e-01 1.168471e+00
0.700000 58.700000 7.807446740515e-01 -8.657770538774e-01 1.165818e+00
0.700000 58.725000 7.116335897263e-01 -9.105403230827e-01 1.155641e+00
0.700000 58.750000 6.325626198030e-01 -9.456168237804e-01 1.137685e+00
0.700000 58.775000 5.452182521640e-01 -9.689624520782e-01 1.111823e+00
0.700000 58.800000 4.517386941328e-01 -9.788562752503e-01 1.078067e+00
0.700000 58.825000 3.546469726707e-01 -9.740090521231e-01 1.036566e+00
0.700000 58.850000 2.567560557153e-01 -9.536566931023e-01 9.876157e-01
0.700000 58.875000 1.610497173884e-01 -9.176310375398e-01 9.316564e-01
0.700000 58.900000 7.054503599506e-02 -8.664013402047e-01 8.692686e-01
0.700000 58.925000 -1.185572253345e-02 -8.010815085376e-01 8.011692e-01
0.700000 58.950000 -8.351471310683e-02 -7.234003208661e-01 7.282051e-01
0.700000 58.975000 -1.421997710821e-01 -6.356344269197e-01 6.513462e-01
0.700000 59.000000 -1.862075228191e-01 -5.405066831357e-01 5.716824e-01
0.700000 59.025000 -2.144593879855e-01 -4.410550742842e-01 4.904308e-01
0.700000 59.050000 -2.265631245253e-01 -3.404798797686e-01 4.089711e-01
0.700000 59.075000 -2.228348415341e-01 -2.419786329393e-01 3.289514e-01
0.700000 59.100000 -2.042791721913e-01 -1.485796086180e-01 2.525983e-01
0.700000 59.125000 -1.725283342899e-01 -6.298492982095e-02 1.836658e-01
0.700000 59.150000 -1.297438531972e-01 1.256614549391e-02 1.303510e-01
0.700000 59.175000 -7.848751656507e-02 7.640458706662e-02 1.095352e-01
0.700000 59.200000 -2.157042456083e-02 1.275025778145e-01 1.293143e-01
0.700000 59.225000 3.810941119080e-02 1.655038154228e-01 1.698347e-01
0.700000 59.250000 9.772972434999e-02 1.907118853950e-01 2.142945e-01
0.700000 59.275000 1.546958794930e-01 2.040385984151e-01 2.560519e-01
0.700000 59.300000 2.067720193912e-01 2.069171236779e-01 2.925224e-01
0.700000 59.325000 2.521833535946e-01 2.011872354568e-01 3.226031e-01
0.700000 59.350000 2.896839262207e-01 1.889618128662e-01 3.458661e-01
0.700000 59.375000 3.185870397322e-01 1.724847479877e-01 3.622826e-01
0.700000 59.400000 3.387584690833e-01 1.539905595949e-01 3.721161e-01
0.700000 59.425000 3.505754104290e-01 1.355752971156e-01 3.758773e-01
0.700000 59.450000 3.548565262861e-01 1.190868512811e-01 3.743058e-01
0.700000 59.475000 3.527702765643e-01 1.060407318337e-01 3.683633e-01
0.700000 59.500000 3.457298291019e-01 9.756494594818e-02 3.592326e-01
0.700000 59.525000 3.352831674215e-01 9.437505664035e-02 3.483123e-01
0.700000 59.550000 3.230065796583e-01 9.677806109269e-02 3.371932e-01
0.700000 59.575000 3.104086167091e-01 1.047016218219e-01 3.275911e-01
0.700000 59.600000 2.988500050909e-01 1.177435793409e-01 3.212085e-01
0.700000 59.625000 2.894830865238e-01 1.352356814176e-01 3.195139e-01
0.700000 59.650000 2.832123445838e-01 1.563151188399e-01 3.234867e-01
0.700000 59.675000 2.806756745864e-01 1.799977283346e-01 3.334337e-01
0.700000 59.700000 2.822444327342e-01 2.052475157173e-01 3.489820e-01
0.700000 59.725000 2.880390943867e-01 2.310383252327e-01 3.692495e-01
0.700000 59.750000 2.979566311765e-01 2.564048656389e-01 3.930924e-01
0.700000 59.775000 3.117054931493e-01 2.804817252139e-01 4.193213e-01
0.700000 59.800000 3.288443080595e-01 3.025303067565e-01 4.468368e-01
0.700000 59.825000 3.488209912245e-01 3.219546628298e-01 4.746903e-01
0.700000 59.850000 3.710097703866e-01 3.383079291934e-01 5.020961e-01
0.700000 59.875000 3.947445324284e-01 3.512914101619e-01 5.284211e-01
0.700000 59.900000 4.193477601171e-01 3.607483834684e-01 5.531654e-01
0.700000 59.925000 4.441550376993e-01 3.666544270661e-01 5.759420e-01
0.700000 59.950000 4.685355898306e-01 3.691056195967e-01 5.964600e-01
0.700000 59.975000 4.919095470217e-01 3.683054381976e-01 6.145111e-01
0.700000 60.000000 5.137626135027e-01 3.645506780971e-01 6.299597e-01
0.700000 60.025000 5.336585987345e-01 3.582163371010e-01 6.427367e-01
0.700000 60.050000 5.512499376316e-01 3.497392044779e-01 6.528354e-01
0.700000 60.075000 5.662859563845e-01 3.395998917938e-01 6.603089e-01
0.700000 60.100000 5.786183289259e-01 3.283032294877e-01 6.652685e-01
0.700000 60.125000 5.882029867210e-01 3.163572809545e-01 6.678807e-01
0.700000 60.150000 5.950977388457e-01 3.042516252178e-01 6.683640e-01
0.700000 60.175000 5.994550446847e-01 2.924359478284e-01 6.669821e-01
0.700000 60.200000 6.015097385263e-01 2.813002772564e-01 6.640360e-01
0.700000 60.225000 6.015619841582e-01 2.711583453690e-01 6.598512e-01
0.700000 60.250000 5.999562668241e-01 2.622354952881e-01 6.547633e-01
0.700000 60.275000 5.970577278504e-01 2.546622989340e-01 6.491000e-01
0.700000 60.300000 5.932275347215e-01 2.484746034130e-01 6.431629e-01
0.700000 60.325000 5.887991920548e-01 2.436201525614e-01 6.372090e-01
0.700000 60.350000 5.840576971401e-01 2.399713008392e-01 6.314346e-01
0.700000 60.375000 5.792232185250e-01 2.373427347471e-01 6.259641e-01
0.700000 60.400000 5.744405506959e-01 2.355126229142e-01 6.208447e-01
0.700000 60.425000 5.697750240159e-01 2.342452964965e-01 6.160474e-01
0.700000 60.450000 5.652148995858e-01 2.333134590375e-01 6.114761e-01
0.700000 60.475000 5.606796368776e-01 2.325180518966e-01 6.069813e-01
0.700000 60.500000 5.560328694739e-01 2.317042386154e-01 6.023781e-01
0.700000 60.525000 5.510985294457e-01 2.307724714728e-01 5.974659e-01
0.700000 60.550000 5.456783694138e-01 2.296841970192e-01 5.920471e-01
0.700000 60.575000 5.395691598823e-01 2.284623644420e-01 5.859436e-01
0.700000 60.600000 5.325780741155e-01 2.271874415318e-01 5.790108e-01
0.700000 60.625000 5.245351718018e-01 2.259900499248e-01 5.711468e-01
0.700000 60.650000 5.153023929154e-01 2.250415574183e-01 5.622991e-01
0.700000 60.675000 5.047789999240e-01 2.245439909575e-01 5.524689e-01
0.700000 60.700000 4.929038845602e-01 2.247204689732e-01 5.417135e-01
0.700000 60.725000 4.796555200134e-01 2.258070325125e-01 5.301493e-01
0.700000 60.750000 4.650505451551e-01 2.280463380384e-01 5.179548e-01
0.700000 60.775000 4.491419942216e-01 2.316832293722e-01 5.053767e-01
0.700000 60.800000 4.320180405155e-01 2.369618015259e-01 4.927377e-01
0.700000 60.825000 4.138018386276e-01 2.441232653418e-01 4.804458e-01
0.700000 60.850000 3.946526783639e-01 2.534037612408e-01 4.690034e-01
0.700000 60.875000 3.747682677790e-01 2.650312717604e-01 4.590129e-01
0.700000 60.900000 3.543876063120e-01 2.792209393028e-01 4.511706e-01
0.700000 60.925000 3.337936471228e-01 2.961683775594e-01 4.462442e-01
0.700000 60.950000 3.133148187884e-01 3.160409244699e-01 4.450259e-01
0.700000 60.975000 2.933244970550e-01 3.389671635500e-01 4.482611e-01
0.700000 61.000000 2.742376803862e-01 3.650253806310e-01 4.565631e-01
0.700000 61.025000 2.565044001965e-01 3.942318746724e-01 4.703332e-01
0.700000 61.050000 2.405997434561e-01 4.265301703396e-01 4.897103e-01
0.700000 61.075000 2.270107290205e-01 4.617821729436e-01 5.145645e-01
0.700000 61.100000 2.162206071922e-01 4.997621711733e-01 5.445306e-01
0.700000 61.125000 2.086914010636e-01 5.401543571098e-01 5.790672e-01
0.700000 61.150000 2.048456499013e-01 5.825542373709e-01 6.175202e-01
0.700000 61.175000 2.050483402523e-01 6.264740013101e-01 6.591771e-01
0.700000 61.200000 2.095899303475e-01 6.713516373232e-01 7.033072e-01
0.700000 61.225000 2.186712153589e-01 7.165633821270e-01 7.491863e-01
0.700000 61.250000 2.323905838998e-01 7.614389703720e-01 7.961122e-01
0.700000 61.275000 2.507340221613e-01 8.052791245963e-01 8.434109e-01
0.700000 61.300000 2.735680690760e-01 8.473747715603e-01 8.904401e-01
0.700000 61.325000 3.006358399804e-01 8.870275591376e-01 9.365895e-01
0.700000 61.350000 3.315562266346e-01 9.235713386762e-01 9.812816e-01
0.700000 61.375000 3.658264385325e-01 9.563943313045e-01 1.023972e+00
0.700000 61.400000 4.028281469807e-01 9.849616811317e-01 1.064152e+00
0.700000 61.425000 4.418375894670e-01 1.008837996668e+00 1.101351e+00
0.700000 61.450000 4.820400417891e-01 1.027709296481e+00 1.135143e+00
0.700000 61.475000 5.225490267793e-01 1.041403529201e+00 1.165152e+00
0.700000 61.500000 5.624304705716e-01 1.049908572896e+00 1.191065e+00
0.700000 61.525000 6.007317284173e-01 1.053386388367e+00 1.212642e+00
0.700000 61.550000 6.365149936303e-01 1.052181862845e+00 1.229731e+00
0.700000 61.575000 6.688941109739e-01 1.046824887024e+00 1.242281e+00
0.700000 61.600000 6.970732960631e-01 1.038024395878e+00 1.250362e+00
0.700000 61.625000 7.203857855287e-01 1.026653485777e+00 1.254182e+00
0.700000 61.650000 7.383300832039e-01 1.013725282581e+00 1.254101e+00
0.700000 61.675000 7.506012930730e-01 1.000359934478e+00 1.250649e+00
0.700000 61.700000 7.571150899808e-01 9.877438714632e-01 1.244533e+00
0.700000 61.725000 7.580221972188e-01 9.770832251921e-01 1.236644e+00
0.700000 61.750000 7.537118070073e-01 9.695539469809e-01 1.228054e+00
0.700000 61.775000 7.448031529819e-01 9.662516121587e-01 1.219989e+00
0.700000 61.800000 7.321253506809e-01 9.681440884708e-01 1.213800e+00
0.700000 61.825000 7.166865684558e-01 9.760301357277e-01 1.210898e+00
0.700000 61.850000 6.996344725429e-01 9.905065897988e-01 1.212680e+00
0.700000 61.875000 6.822106045973e-01 1.011946100155e+00 1.220429e+00
0.700000 61.900000 6.657018126964e-01 1.040486504894e+00 1.235221e+00
0.700000 61.925000 6.513920107722e-01 1.076031935768e+00 1.257838e+00
0.700000 61.950000 6.405173661774e-01 1.118264758652e+00 1.288712e+00
0.700000 61.975000 6.342275301463e-01 1.166666584049e+00 1.327914e+00
0.700000 62.000000 6.335547889402e-01 1.220545926114e+00 1.375181e+00
0.700000 62.025000 6.393921133839e-01 1.279069720215e+00 1.429980e+00
0.700000 62.050000 6.524801302586e-01 1.341295865002e+00 1.491578e+00
0.700000 62.075000 6.734021456900e-01 1.406204232091e+00 1.559128e+00
0.700000 62.100000 7.025856245331e-01 1.472724140858e+00 1.631730e+00
0.700000 62.125000 7.403080546465e-01 1.539757049619e+00 1.708481e+00
0.700000 62.150000 7.867049514235e-01 1.606194065344e+00 1.788509e+00
0.700000 62.175000 8.417778970879e-01 1.670928709326e+00 1.870987e+00
0.700000 62.200000 9.054009315622e-01 1.732866087163e+00 1.955141e+00
0.700000 62.225000 9.773242515010e-01 1.790930107794e+00 2.040243e+00
0.700000 62.250000 1.057174938561e+00 1.844070617541e+00 2.125609e+00
0.700000 62.275000 1.144455219852e+00 1.891272237870e+00 2.210586e+00
0.700000 62.300000 1.238539455188e+00 1.931566336302e+00 2.294543e+00
0.700000 62.325000 1.338671553504e+00 1.964046971652e+00 2.376872e+00
0.700000 62.350000 1.443964776512e+00 1.987890919737e+00 2.456979e+00
0.700000 62.375000 1.553405857466e+00 2.002381103856e+00 2.534285e+00
0.700000 62.400000 1.665865050245e+00 2.006932030086e+00 2.608234e+00
0.700000 62.425000 1.780113168811e+00 2.001115255778e+00 2.678295e+00
0.700000 62.450000 1.894845949218e+00 1.984682574975e+00 2.743976e+00
0.700000 62.475000 2.008715256001e+00 1.957584530632e+00 2.804831e+00
0.700000 62.500000 2.120365860210e+00 1.919982070620e+00 2.860469e+00
0.700000 62.525000 2.228475831623e+00 1.872249627672e+00 2.910571e+00
0.700000 62.550000 2.331798090688e+00 1.814968568378e+00 2.954893e+00
0.700000 62.575000 2.429200409968e+00 1.748910746689e+00 2.993276e+00
0.700000 62.600000 2.519701163610e+00 1.675012725654e+00 3.025651e+00
0.700000 62.625000 2.602498389134e+00 1.594342009445e+00 3.052036e+00
0.700000 62.650000 2.676990213183e+00 1.508057278772e+00 3.072542e+00
0.700000 62.675000 2.742785344452e+00 1.417365087816e+00 3.087361e+00
0.700000 62.700000 2.799703082474e+00 1.323475724914e+00 3.096760e+00
0.700000 62.725000 2.847763055949e+00 1.227560953477e+00 3.101074e+00
0.700000 62.750000 2.887165619707e+00 1.130716148806e+00 3.100684e+00
0.700000 62.775000 2.918264448243e+00 1.033928965033e+00 3.096010e+00
0.700000 62.800000 2.941533326192e+00 9.380561516567e-01 3.087486e+00
0.700000 62.825000 2.957529431111e+00 8.438095440610e-01 3.075548e+00
0.700000 62.850000 2.966855528360e+00 7.517516289309e-01 3.060615e+00
0.700000 62.875000 2.970123463306e+00 6.623004787063e-01 3.043070e+00
0.700000 62.900000 2.967921164016e+00 5.757432943082e-01 3.023249e+00
0.700000 62.925000 2.960785084474e+00 4.922573161149e-01 3.001427e+00
0.700000 62.950000 2.949179650945e+00 4.119364731145e-01 2.977810e+00
0.700000 62.975000 2.933484845914e+00 3.348218451319e-01 2.952531e+00
0.700000 63.000000 2.913992594377e+00 2.609338144988e-01 2.925652e+00
0.700000 63.025000 2.890912120869e+00 1.903036819727e-01 2.897169e+00
0.700000 63.050000 2.864383934963e+00 1.230025189651e-01 2.867024e+00
0.700000 63.075000 2.834501590829e+00 5.916512847394e-02 2.835119e+00
0.700000 63.100000 2.801339868693e+00 -9.928035426554e-04 2.801340e+00
0.700000 63.125000 2.764987564173e+00 -5.716596100010e-02 2.765578e+00
0.700000 63.150000 2.725582672792e+00 -1.089602102822e-01 2.727760e+00
0.700000 63.175000 2.683347454361e+00 -1.559035802670e-01 2.687873e+00
0.700000 63.200000 2.638620689979e+00 -1.974673786376e-01 2.645999e+00
0.700000 63.225000 2.591884435718e+00 -2.330967145553e-01 2.602345e+00
0.700000 63.250000 2.543782756059e+00 -2.622489830723e-01 2.557265e+00
0.700000 63.275000 2.495130298262e+00 -2.844381906821e-01 2.511291e+00
0.700000 63.300000 2.446909139311e+00 -2.992824247021e-01 2.465144e+00
0.700000 63.325000 2.400253072964e+00 -3.065513516863e-01 2.419750e+00
0.700000 63.350000 2.356419358236e+00 -3.062104235290e-01 2.376232e+00
0.700000 63.375000 2.316748857381e+00 -2.984585105095e-01 2.335894e+00
0.700000 63.400000 2.282616374268e+00 -2.837559826062e-01 2.300186e+00
0.700000 63.425000 2.255373782456e+00 -2.628408126111e-01 2.270638e+00
0.700000 63.450000 2.236289130688e+00 -2.367310389965e-01 2.248784e+00
0.700000 63.475000 2.226485271294e+00 -2.067128411487e-01 2.236061e+00
0.700000 63.500000 2.226881635607e+00 -1.743144644124e-01 2.233694e+00
0.700000 63.525000 2.238142569561e+00 -1.412671975515e-01 2.242596e+00
0.700000 63.550000 2.260635161929e+00 -1.094554614281e-01 2.263283e+00
0.700000 63.575000 2.294398795444e+00 -8.085873650828e-02 2.295823e+00
0.700000 63.600000 2.339127799067e+00 -5.748848004650e-02 2.339834e+00
0.700000 63.625000 2.394167664665e+00 -4.132333059188e-02 2.394524e+00
0.700000 63.650000 2.458524404656e+00 -3.424576769669e-02 2.458763e+00
0.700000 63.675000 2.530885854120e+00 -3.798301882413e-02 2.531171e+00
0.700000 63.700000 2.609653129903e+00 -5.405444021305e-02 2.610213e+00
0.700000 63.725000 2.692980094710e+00 -8.372691925885e-02 2.694281e+00
0.700000 63.750000 2.778818550892e+00 -1.279791370507e-01 2.781764e+00
0.700000 63.775000 2.864966991584e+00 -1.874748730452e-01 2.871094e+00
0.700000 63.800000 2.949121023819e+00 -2.625449989796e-01 2.960784e+00
0.700000 63.825000 3.028923987036e+00 -3.531774441859e-01 3.049445e+00
0.700000 63.850000 3.102016747492e+00 -4.590142413163e-01 3.135794e+00
0.700000 63.875000 3.166086080653e+00 -5.793547733884e-01 3.218657e+00
0.700000 63.900000 3.218911395278e+00 -7.131645074726e-01 3.296967e+00
0.700000 63.925000 3.258409758867e+00 -8.590887642466e-01 3.369758e+00
0.700000 63.950000 3.282679232350e+00 -1.015471371395e+00 3.436156e+00
0.700000 63.975000 3.290040417193e+00 -1.180378315772e+00 3.495377e+00
0.700000 64.000000 3.279075889414e+00 -1.351626685747e+00 3.546721e+00
0.700000 64.025000 3.248666891587e+00 -1.526819239131e+00 3.589570e+00
0.700000 64.050000 3.198026336300e+00 -1.703384823694e+00 3.623381e+00
0.700000 64.075000 3.126726905985e+00 -1.878624621858e+00 3.647691e+00
0.700000 64.100000 3.034722870947e+00 -2.049763817477e+00 3.662113e+00
0.700000 64.125000 2.922364230317e+00 -2.214007839054e+00 3.666339e+00
0.700000 64.150000 2.790401929308e+00 -2.368601880235e+00 3.660139e+00
0.700000 64.175000 2.639983215968e+00 -2.510891998272e+00 3.643362e+00
0.700000 64.200000 2.472636643792e+00 -2.638385801157e+00 3.615939e+00
0.700000 64.225000 2.290246755909e+00 -2.748810597152e+00 3.577875e+00
0.700000 64.250000 2.095019042892e+00 -2.840166918547e+00 3.529257e+00
0.700000 64.275000 1.889436285889e+00 -2.910775543757e+00 3.470243e+00
0.700000 64.300000 1.676207821514e+00 -2.959316504024e+00 3.401063e+00
0.700000 64.325000 1.458213549380e+00 -2.984859029592e+00 3.322013e+00
0.700000 64.350000 1.238444621135e+00 -2.986881908383e+00 3.233452e+00
0.700000 64.375000 1.019942697894e+00 -2.965284236187e+00 3.135792e+00
0.700000 64.400000 8.057394601212e-01 -2.920386972769e+00 3.029501e+00
0.700000 64.425000 5.987977392376e-01 -2.852926036315e+00 2.915089e+00
0.700000 64.450000 4.019552662755e-01 -2.764037840417e+00 2.793112e+00
0.700000 64.475000 2.178716592008e-01 -2.655238195930e+00 2.664162e+00
0.700000 64.500000 4.897895440253e-02 -2.528395379760e+00 2.528870e+00
0.700000 64.525000 -1.025642230587e-01 -2.385697948962e+00 2.387902e+00
0.700000 64.550000 -2.349148304379e-01 -2.229617601841e+00 2.241959e+00
0.700000 64.575000 -3.465838273868e-01 -2.062867116402e+00 2.091779e+00
0.700000 64.600000 -4.364705459875e-01 -1.888353189118e+00 1.938139e+00
0.700000 64.625000 -5.038924025231e-01 -1.709123904258e+00 1.781856e+00
0.700000 64.650000 -5.486089812184e-01 -1.528310622287e+00 1.623793e+00
0.700000 64.675000 -5.708391665017e-01 -1.349064301412e+00 1.464866e+00
0.700000 64.700000 -5.712697181447e-01 -1.174486653462e+00 1.306051e+00
0.700000 64.725000 -5.510535320479e-01 -1.007557056032e+00 1.148404e+00
0.700000 64.750000 -5.117958558229e-01 -8.510567497987e-01 9.930924e-01
0.700000 64.775000 -4.555269624772e-01 -7.074924811599e-01 8.414573e-01
0.700000 64.800000 -3.846602357380e-01 -5.790223359188e-01 6.951477e-01
0.700000 64.825000 -3.019352721354e-01 -4.673869788578e-01 5.564310e-01
0.700000 64.850000 -2.103464209552e-01 -3.738498024964e-01 4.289630e-01
0.700000 64.875000 -1.130581074606e-01 -2.991495451435e-01 3.198009e-01
0.700000 64.900000 -1.330924696548e-02 -2.434687309227e-01 2.438322e-01
0.700000 64.925000 8.569002123397e-02 -2.064208022322e-01 2.235002e-01
0.700000 64.950000 1.808652503112e-01 -1.870580710510e-01 2.601979e-01
0.700000 64.975000 2.693836174107e-01 -1.839016456217e-01 3.261707e-01
0.700000 65.000000 3.487538869701e-01 -1.949933499979e-01 3.995644e-01
0.700000 65.025000 4.169153776205e-01 -2.179684189751e-01 4.704558e-01
0.700000 65.050000 4.723111860312e-01 -2.501465045852e-01 5.344634e-01
0.700000 65.075000 5.139415290440e-01 -2.886373621457e-01 5.894467e-01
0.700000 65.100000 5.413939748034e-01 -3.304565817047e-01 6.342783e-01
0.700000 65.125000 5.548484955701e-01 -3.726459740567e-01 6.683726e-01
0.700000 65.150000 5.550566197755e-01 -4.123927740279e-01 6.914880e-01
0.700000 65.175000 5.432954022962e-01 -4.471417319409e-01 7.036374e-01
0.700000 65.200000 5.212983728207e-01 -4.746944470425e-01 7.050438e-01
0.700000 65.225000 4.911669616042e-01 -4.932909471641e-01 6.961185e-01
0.700000 65.250000 4.552670427198e-01 -5.016695020435e-01 6.774514e-01
0.700000 65.275000 4.161160914967e-01 -4.991019123569e-01 6.498118e-01
0.700000 65.300000 3.762669584690e-01 -4.854029586080e-01 6.141603e-01
0.700000 65.325000 3.381943752455e-01 -4.609142227093e-01 5.716794e-01
0.700000 65.350000 3.041900162530e-01 -4.264640001112e-01 5.238350e-01
0.700000 65.375000 2.762712641663e-01 -3.833063909011e-01 4.724930e-01
0.700000 65.400000 2.561078171638e-01 -3.330437926021e-01 4.201302e-01
0.700000 65.425000 2.449690119972e-01 -2.775378316806e-01 3.701852e-01
0.700000 65.450000 2.436933190217e-01 -2.188142073498e-01 3.275150e-01
0.700000 65.475000 2.526800077035e-01 -1.589669543254e-01 2.985258e-01
0.700000 65.500000 2.719016005307e-01 -1.000672698393e-01 2.897308e-01
0.700000 65.525000 3.009345385222e-01 -4.408133809205e-02 3.041460e-01
0.700000 65.550000 3.390045630097e-01 7.199403256345e-03 3.390810e-01
0.700000 65.575000 3.850427390489e-01 5.221327710463e-02 3.885668e-01
0.700000 65.600000 4.377478351525e-01 8.966761800154e-02 4.468372e-01
0.700000 65.625000 4.956509251606e-01 1.185624036740e-01 5.096341e-01
0.700000 65.650000 5.571785489433e-01 1.381994452649e-01 5.740619e-01
0.700000 65.675000 6.207114871090e-01 1.481791132100e-01 6.381534e-01
0.700000 65.700000 6.846370770995e-01 1.483870826750e-01 7.005331e-01
0.700000 65.725000 7.473939193108e-01 1.389737767110e-01 7.602048e-01
0.700000 65.750000 8.075086887982e-01 1.203290813456e-01 8.164247e-01
0.700000 65.775000 8.636254905013e-01 9.305455210480e-02 8.686243e-01
0.700000 65.800000 9.145287068615e-01 5.793479944900e-02 9.163619e-01
0.700000 65.825000 9.591605498708e-01 1.590912099422e-02 9.592925e-01
0.700000 65.850000 9.966345424822e-01 -3.195616455963e-02 9.971467e-01
0.700000 65.875000 1.026245947312e+00 -8.449474648242e-02 1.029718e+00
0.700000 65.900000 1.047479791731e+00 -1.404671367674e-01 1.056856e+00
0.700000 65.925000 1.060016684855e+00 -1.985878483107e-01 1.078458e+00
0.700000 65.950000 1.063736168763e+00 -2.575534562255e-01 1.094472e+00
0.700000 65.975000 1.058716974672e+00 -3.160718128066e-01 1.104891e+00
0.700000 66.000000 1.045233331091e+00 -3.728922960775e-01 1.109757e+00
0.700000 66.025000 1.023746437316e+00 -4.268365100067e-01 1.109165e+00
0.700000 66.050000 9.948903848341e-01 -4.768284014773e-01 1.103255e+00
0.700000 66.075000 9.594521630471e-01 -5.219223935546e-01 1.092223e+00
0.700000 66.100000 9.183458780474e-01 -5.613279223120e-01 1.076312e+00
0.700000 66.125000 8.725818767592e-01 -5.944287492791e-01 1.055815e+00
0.700000 66.150000 8.232320245922e-01 -6.207956189998e-01 1.031067e+00
0.700000 66.175000 7.713928538868e-01 -6.401912265170e-01 1.002443e+00
0.700000 66.200000 7.181486145474e-01 -6.525670098536e-01 9.703510e-01
0.700000 66.225000 6.645363696147e-01 -6.580519226582e-01 9.352224e-01
0.700000 66.250000 6.115151663927e-01 -6.569339940285e-01 8.975038e-01
0.700000 66.275000 5.599409871985e-01 -6.496360658402e-01 8.576485e-01
0.700000 66.300000 5.105486803603e-01 -6.366875413623e-01 8.161072e-01
0.700000 66.325000 4.639414522409e-01 -6.186942297386e-01 7.733203e-01
0.700000 66.350000 4.205878398550e-01 -5.963084018853e-01 7.297108e-01
0.700000 66.375000 3.808254601766e-01 -5.702009861574e-01 6.856801e-01
0.700000 66.400000 3.448703189070e-01 -5.410374565580e-01 6.416051e-01
0.700000 66.425000 3.128301142734e-01 -5.094584555219e-01 5.978383e-01
0.700000 66.450000 2.847198227912e-01 -4.760656161521e-01 5.547106e-01
0.700000 66.475000 2.604779089879e-01 -4.414124797217e-01 5.125366e-01
0.700000 66.500000 2.399817379349e-01 -4.059999130495e-01 4.716218e-01
0.700000 66.525000 2.230611431630e-01 -3.702750726287e-01 4.322729e-01
0.700000 66.550000 2.095095523909e-01 -3.346327724420e-01 3.948080e-01
0.700000 66.575000 1.990925321663e-01 -2.994180992835e-01 3.595678e-01
0.700000 66.600000 1.915540159719e-01 -2.649292668665e-01 3.269258e-01
0.700000 66.625000 1.866207769123e-01 -2.314199699126e-01 2.972920e-01
0.700000 66.650000 1.840058634126e-01 -1.991008385372e-01 2.711075e-01
0.700000 66.675000 1.834117252209e-01 -1.681399417260e-01 2.488190e-01
0.700000 66.700000 1.845336316217e-01 -1.386625894838e-01 2.308246e-01
0.700000 66.725000 1.870637585332e-01 -1.107508906035e-01 2.173905e-01
0.700000 66.750000 1.906960443791e-01 -8.444360915368e-02 2.085562e-01
0.700000 66.775000 1.951316403951e-01 -5.973682149116e-02 2.040707e-01
0.700000 66.800000 2.000845603750e-01 -3.658572237237e-02 2.034019e-01
0.700000 66.825000 2.052870076561e-01 -1.490769767299e-02 2.058276e-01
0.700000 66.850000 2.104938458655e-01 5.413481073548e-03 2.105634e-01
0.700000 66.875000 2.154857864018e-01 2.452272735027e-02 2.168767e-01
0.700000 66.900000 2.200710708816e-01 4.258853734732e-02 2.241541e-01
0.700000 66.925000 2.240856944709e-01 5.979834798040e-02 2.319272e-01
0.700000 66.950000 2.273924983234e-01 7.635493851214e-02 2.398696e-01
0.700000 66.975000 2.298797047913e-01 9.247428980224e-02 2.477825e-01
0.700000 67.000000 2.314596308599e-01 1.083850494900e-01 2.555795e-01
0.700000 67.025000 2.320683589273e-01 1.243294290201e-01 2.632746e-01
0.700000 67.050000 2.316670531666e-01 1.405650301547e-01 2.709763e-01
0.700000 67.075000 2.302453888865e-01 1.573668184534e-01 2.788857e-01
0.700000 67.100000 2.278272369046e-01 1.750282780100e-01 2.872980e-01
0.700000 67.125000 2.244783577191e-01 1.938607315737e-01 2.966016e-01
0.700000 67.150000 2.203154652262e-01 2.141899105976e-01 3.072722e-01
0.700000 67.175000 2.155156744262e-01 2.363491067058e-01 3.198561e-01
0.700000 67.200000 2.103251046048e-01 2.606686040667e-01 3.349400e-01
0.700000 67.225000 2.050653088972e-01 2.874615375505e-01 3.531089e-01
0.700000 67.250000 2.001362644042e-01 3.170067884280e-01 3.748971e-01
0.700000 67.275000 1.960148837777e-01 3.495299573188e-01 4.007406e-01
0.700000 67.300000 1.932483770606e-01 3.851837864937e-01 4.309426e-01
0.700000 67.325000 1.924422601074e-01 4.240295955000e-01 4.656556e-01
0.700000 67.350000 1.942433181613e-01 4.660213181659e-01 5.048825e-01
0.700000 67.375000 1.993183290531e-01 5.109935795159e-01 5.484909e-01
0.700000 67.400000 2.083297709872e-01 5.586549441607e-01 5.962354e-01
0.700000 67.425000 2.219100357392e-01 6.085870391697e-01 6.477826e-01
0.700000 67.450000 2.406358061309e-01 6.602497548110e-01 7.027342e-01
0.700000 67.475000 2.650042237170e-01 7.129922142261e-01 7.606478e-01
0.700000 67.500000 2.954122767517e-01 7.660687365895e-01 8.210540e-01
0.700000 67.525000 3.321405073146e-01 8.186586487725e-01 8.834700e-01
0.700000 67.550000 3.753417128640e-01 8.698885655866e-01 9.474110e-01
0.700000 67.575000 4.250348537108e-01 9.188556781730e-01 1.012398e+00
0.700000 67.600000 4.811039285044e-01 9.646506644694e-01 1.077967e+00
0.700000 67.625000 5.433011947735e-01 1.006379046802e+00 1.143667e+00
0.700000 67.650000 6.112538302807e-01 1.043180136273e+00 1.209072e+00
0.700000 67.675000 6.844729781272e-01 1.074243078239e+00 1.273774e+00
0.700000 67.700000 7.623641020744e-01 1.098819900132e+00 1.337387e+00
0.700000 67.725000 8.442376898191e-01 1.116235816523e+00 1.399543e+00
0.700000 67.750000 9.293195581769e-01 1.125897328068e+00 1.459890e+00
0.700000 67.775000 1.016760302221e+00 1.127298833650e+00 1.518092e+00
0.700000 67.800000 1.105643751877e+00 1.120028544730e+00 1.573821e+00
0.700000 67.825000 1.194994615352e+00 1.103774447451e+00 1.626754e+00
0.700000 67.850000 1.283785764027e+00 1.078330913277e+00 1.676575e+00
0.700000 67.875000 1.370945820533e+00 1.043606334408e+00 1.722964e+00
0.700000 67.900000 1.455367832308e+00 9.996318831741e-01 1.765605e+00
0.700000 67.925000 1.535919838691e+00 9.465711946584e-01 1.804175e+00
0.700000 67.950000 1.611458071233e+00 8.847304777369e-01 1.838354e+00
0.700000 67.975000 1.680843372789e+00 8.145682967820e-01 1.867821e+00
0.700000 68.000000 1.742961194523e+00 7.367040550099e-01 1.892260e+00
0.700000 68.025000 1.796745248308e+00 6.519240661398e-01 1.911360e+00
0.700000 68.050000 1.841204573279e+00 5.611840339580e-01 1.924828e+00
0.700000 68.075000 1.875453438471e+00 4.656067757844e-01 1.932386e+00
0.700000 68.100000 1.898743167091e+00 3.664741285470e-01 1.933786e+00
0.700000 68.125000 1.910494651022e+00 2.652121653392e-01 1.928815e+00
0.700000 68.150000 1.910330045696e+00 1.633691233637e-01 1.917303e+00
0.700000 68.175000 1.898101915734e+00 6.258579521250e-02 1.899133e+00
0.700000 68.200000 1.873917961115e+00 -3.544144562078e-02 1.874253e+00
0.700000 68.225000 1.838159412684e+00 -1.290043428865e-01 1.842681e+00
0.700000 68.250000 1.791491262962e+00 -2.164320359546e-01 1.804518e+00
0.700000 68.275000 1.734862707700e+00 -2.961442726569e-01 1.759957e+00
0.700000 68.300000 1.669496522655e+00 -3.667064430091e-01 1.709296e+00
0.700000 68.325000 1.596866585882e+00 -4.268839269525e-01 1.652941e+00
0.700000 68.350000 1.518663363285e+00 -4.756929722326e-01 1.591421e+00
0.700000 68.375000 1.436747875943e+00 -5.124451968265e-01 1.525400e+00
0.700000 68.400000 1.353095419704e+00 -5.367828758531e-01 1.455680e+00
0.700000 68.425000 1.269731057899e+00 -5.487024454491e-01 1.383218e+00
0.700000 68.450000 1.188659595870e+00 -5.485641393967e-01 1.309135e+00
0.700000 68.475000 1.111793308783e+00 -5.370863530944e-01 1.234725e+00
0.700000 68.500000 1.040881072919e+00 -5.153241686562e-01 1.161461e+00
0.700000 68.525000 9.774426976041e-01 -4.846324209024e-01 1.090992e+00
0.700000 68.550000 9.227121387608e-01 -4.466146681659e-01 1.025116e+00
0.700000 68.575000 8.775928863771e-01 -4.030603764010e-01 9.657261e-01
0.700000 68.600000 8.426281716285e-01 -3.558734501917e-01 9.146957e-01
0.700000 68.625000 8.179877742504e-01 -3.069958759195e-01 8.736993e-01
0.700000 68.650000 8.034721883201e-01 -2.583306203432e-01 8.439800e-01
0.700000 68.675000 7.985338031268e-01 -2.116680122493e-01 8.261111e-01
0.700000 68.700000 8.023136634751e-01 -1.686196109904e-01 8.198413e-01
0.700000 68.725000 8.136913803177e-01 -1.305630463677e-01 8.240997e-01
0.700000 68.750000 8.313449505696e-01 -9.860053903672e-02 8.371717e-01
0.700000 68.775000 8.538166814901e-01 -7.353284244087e-02 8.569772e-01
0.700000 68.800000 8.795811453079e-01 -5.584926675068e-02 8.813524e-01
0.700000 68.825000 9.071111326254e-01 -4.573334277351e-02 9.082633e-01
0.700000 68.850000 9.349379193386e-01 -4.308265078848e-02 9.359300e-01
0.700000 68.875000 9.617027752957e-01 -4.754045967974e-02 9.628771e-01
0.700000 68.900000 9.861974646305e-01 -5.853616413310e-02 9.879332e-01
0.700000 68.925000 1.007392441676e+00 -7.533111915553e-02 1.010205e+00
0.700000 68.950000 1.024452447231e+00 -9.706637363051e-02 1.029041e+00
0.700000 68.975000 1.036740171148e+00 -1.228089934735e-01 1.043989e+00
0.700000 69.000000 1.043809488964e+00 -1.515941105332e-01 1.054760e+00
0.700000 69.025000 1.045390436592e+00 -1.824604846613e-01 1.061194e+00
0.700000 69.050000 1.041368511067e+00 -2.144781564151e-01 1.063226e+00
0.700000 69.075000 1.031761052558e+00 -2.467676205319e-01 1.060861e+00
0.700000 69.100000 1.016693372563e+00 -2.785107874493e-01 1.054151e+00
0.700000 69.125000 9.963769670503e-01 -3.089547484341e-01 1.043178e+00
0.700000 69.150000 9.710916327916e-01 -3.374099570137e-01 1.028039e+00
0.700000 69.175000 9.411726467608e-01 -3.632448388978e-01 1.008837e+00
0.700000 69.200000 9.070034386734e-01 -3.858790170244e-01 9.856763e-01
0.700000 69.225000 8.690134557052e-01 -4.047772809671e-01 9.586600e-01
0.700000 69.250000 8.276802541995e-01 -4.194461543638e-01 9.278953e-01
0.700000 69.275000 7.835343161744e-01 -4.294344526175e-01 8.934987e-01
0.700000 69.300000 7.371647265686e-01 -4.343386238338e-01 8.556061e-01
0.700000 69.325000 6.892236922187e-01 -4.338129881339e-01 8.143850e-01
0.700000 69.350000 6.404279487148e-01 -4.275842998644e-01 7.700495e-01
0.700000 69.375000 5.915553800401e-01 -4.154694205115e-01 7.228780e-01
0.700000 69.400000 5.434356425915e-01 -3.973943694186e-01 6.732344e-01
0.700000 69.425000 4.969341968179e-01 -3.734126669019e-01 6.215952e-01
0.700000 69.450000 4.529298493645e-01 -3.437207376142e-01 5.685854e-01
0.700000 69.475000 4.122866300247e-01 -3.086682203788e-01 5.150304e-01
0.700000 69.500000 3.758215009925e-01 -2.687613328527e-01 4.620330e-01
0.700000 69.525000 3.442699534414e-01 -2.246579427813e-01 4.110876e-01
0.700000 69.550000 3.182519298247e-01 -1.771536596462e-01 3.642358e-01
0.700000 69.575000 2.982406759205e-01 -1.271590217622e-01 3.242174e-01
0.700000 69.600000 2.845370507930e-01 -7.566864305348e-02 2.944267e-01
0.700000 69.625000 2.772515049396e-01 -2.372392420782e-02 2.782647e-01
0.700000 69.650000 2.762954006867e-01 2.762844974295e-02 2.776733e-01
0.700000 69.675000 2.813826411357e-01 7.737957358657e-02 2.918284e-01
0.700000 69.700000 2.920417605742e-01 1.246001010289e-01 3.175115e-01
0.700000 69.725000 3.076377891373e-01 1.684779559531e-01 3.507504e-01
0.700000 69.750000 3.274024214865e-01 2.083495137045e-01 3.880746e-01
0.700000 69.775000 3.504703731213e-01 2.437223376797e-01 4.268841e-01
0.700000 69.800000 3.759193652575e-01 2.742882757518e-01 4.653487e-01
0.700000 69.825000 4.028109854065e-01 2.999265374857e-01 5.022077e-01
0.700000 69.850000 4.302297442249e-01 3.206972002729e-01 5.366044e-01
0.700000 69.875000 4.573179781963e-01 3.368263420229e-01 5.679716e-01
0.700000 69.900000 4.833047912117e-01 3.486845899153e-01 5.959568e-01
0.700000 69.925000 5.075279198899e-01 3.567612472376e-01 6.203734e-01
0.700000 69.950000 5.294481637196e-01 3.616362779808e-01 6.411678e-01
0.700000 69.975000 5.486567503923e-01 3.639522872295e-01 6.583962e-01
0.700000 70.000000 5.648766214612e-01 3.643882622792e-01 6.722086e-01
0.700000 70.025000 5.779590511210e-01 3.636362918876e-01 6.828382e-01
0.700000 70.050000 5.878772036171e-01 3.623818385031e-01 6.905941e-01
0.700000 70.075000 5.947181760712e-01 3.612874924090e-01 6.958580e-01
0.700000 70.100000 5.986747810393e-01 3.609795794711e-01 6.990835e-01
0.700000 70.125000 6.000378469921e-01 3.620366055398e-01 7.007966e-01
0.700000 70.150000 5.991892314922e-01 3.649783572913e-01 7.015960e-01
0.700000 70.175000 5.965951439262e-01 3.702545666316e-01 7.021497e-01
0.700000 70.200000 5.927988589759e-01 3.782323731570e-01 7.031858e-01
0.700000 70.225000 5.884115560061e-01 3.891823406006e-01 7.054722e-01
0.700000 70.250000 5.840999087578e-01 4.032634226970e-01 7.097845e-01
0.700000 70.275000 5.805692080154e-01 4.205079349792e-01 7.168595e-01
0.700000 70.300000 5.785412234841e-01 4.408081674494e-01 7.273388e-01
0.700000 70.325000 5.787266576982e-01 4.639066710398e-01 7.417101e-01
0.700000 70.350000 5.817928379031e-01 4.893923906976e-01 7.602551e-01
0.700000 70.375000 5.883281299207e-01 5.167046538746e-01 7.830158e-01
0.700000 70.400000 5.988053271672e-01 5.451465484689e-01 8.097855e-01
0.700000 70.425000 6.135468569065e-01 5.739084738674e-01 8.401254e-01
0.700000 70.450000 6.326949606759e-01 6.021016963743e-01 8.734010e-01
0.700000 70.475000 6.561899833345e-01 6.288006900839e-01 9.088320e-01
0.700000 70.500000 6.837595219405e-01 6.530920182139e-01 9.455455e-01
0.700000 70.525000 7.149204624302e-01 6.741266328351e-01 9.826281e-01
0.700000 70.550000 7.489949324197e-01 6.911718545450e-01 1.019172e+00
0.700000 70.575000 7.851400218381e-01 7.036590221498e-01 1.054315e+00
0.700000 70.600000 8.223898931561e-01 7.112229215248e-01 1.087273e+00
0.700000 70.625000 8.597077526547e-01 7.137296133073e-01 1.117366e+00
0.700000 70.650000 8.960442095707e-01 7.112901363609e-01 1.144041e+00
0.700000 70.675000 9.303979148976e-01 7.042586831219e-01 1.166885e+00
0.700000 70.700000 9.618741152417e-01 6.932151090711e-01 1.185643e+00
0.700000 70.725000 9.897369056870e-01 6.789329205964e-01 1.200220e+00
0.700000 70.750000 1.013451499920e+00 6.623350520252e-01 1.210691e+00
0.700000 70.775000 1.032713694296e+00 6.444406774773e-01 1.217293e+00
0.700000 70.800000 1.047464789400e+00 6.263069188980e-01 1.220427e+00
0.700000 70.825000 1.057891430431e+00 6.089695587202e-01 1.220647e+00
0.700000 70.850000 1.064411011845e+00 5.933867371185e-01 1.218638e+00
0.700000 70.875000 1.067644345198e+00 5.803891442398e-01 1.215202e+00
0.700000 70.900000 1.068378116595e+00 5.706394769310e-01 1.211223e+00
0.700000 70.925000 1.067520197180e+00 5.646030121385e-01 1.207632e+00
0.700000 70.950000 1.066051089405e+00 5.625301622962e-01 1.205365e+00
0.700000 70.975000 1.064974703554e+00 5.644509271231e-01 1.205312e+00
0.700000 71.000000 1.065271306757e+00 5.701803327336e-01 1.208267e+00
0.700000 71.025000 1.067854939210e+00 5.793333203060e-01 1.214883e+00
0.700000 71.050000 1.073536932704e+00 5.913471502676e-01 1.225632e+00
0.700000 71.075000 1.082996480624e+00 6.055092299880e-01 1.240775e+00
0.700000 71.100000 1.096758573626e+00 6.209883303499e-01 1.260359e+00
0.700000 71.125000 1.115179091207e+00 6.368673837710e-01 1.284221e+00
0.700000 71.150000 1.138436463223e+00 6.521763938881e-01 1.312011e+00
0.700000 71.175000 1.166529099246e+00 6.659243717133e-01 1.343222e+00
0.700000 71.200000 1.199277716311e+00 6.771295862365e-01 1.377233e+00
0.700000 71.225000 1.236331748109e+00 6.848477333140e-01 1.413341e+00
0.700000 71.250000 1.277179150769e+00 6.881978565344e-01 1.450794e+00
0.700000 71.275000 1.321159088345e+00 6.863859874150e-01 1.488821e+00
0.700000 71.300000 1.367477145537e+00 6.787265167028e-01 1.526651e+00
0.700000 71.325000 1.415222845582e+00 6.646612832919e-01 1.563531e+00
0.700000 71.350000 1.463389330441e+00 6.437762993554e-01 1.598736e+00
0.700000 71.375000 1.510895083993e+00 6.158159475621e-01 1.631574e+00
0.700000 71.400000 1.556607554140e+00 5.806944125615e-01 1.661395e+00
0.700000 71.425000 1.599368471038e+00 5.385040600506e-01 1.687592e+00
0.700000 71.450000 1.638020583452e+00 4.895204589088e-01 1.709603e+00
0.700000 71.475000 1.671435458822e+00 4.342037527768e-01 1.726913e+00
0.700000 71.500000 1.698541924878e+00 3.731961183762e-01 1.739057e+00
0.700000 71.525000 1.718354673971e+00 3.073150883030e-01 1.745619e+00
0.700000 71.550000 1.730002501164e+00 2.375425572492e-01 1.746235e+00
0.700000 71.575000 1.732755593974e+00 1.650093298171e-01 1.740595e+00
0.700000 71.600000 1.726051225263e+00 9.097510987369e-02 1.728447e+00
0.700000 71.625000 1.709517113905e+00 1.680388821076e-02 1.709600e+00
0.700000 71.650000 1.682991611235e+00 -5.606522523993e-02 1.683925e+00
0.700000 71.675000 1.646539755622e+00 -1.261515371768e-01 1.651365e+00
0.700000 71.700000 1.600464134457e+00 -1.919702793133e-01 1.611936e+00
0.700000 71.725000 1.545309433346e+00 -2.520734137263e-01 1.565734e+00
0.700000 71.750000 1.481859571841e+00 -3.050927150140e-01 1.512941e+00
0.700000 71.775000 1.411126457891e+00 -3.497837246388e-01 1.453832e+00
0.700000 71.800000 1.334329665106e+00 -3.850687884516e-01 1.388781e+00
0.700000 71.825000 1.252866758318e+00 -4.100770564606e-01 1.318271e+00
0.700000 71.850000 1.168274553737e+00 -4.241791028400e-01 1.242897e+00
0.700000 71.875000 1.082182266832e+00 -4.270137700836e-01 1.163383e+00
0.700000 71.900000 9.962582185341e-01 -4.185049985990e-01 1.080591e+00
0.700000 71.925000 9.121524652859e-01 -3.988667961475e-01 9.955485e-01
0.700000 71.950000 8.314383079849e-01 -3.685951275264e-01 9.094790e-01
0.700000 71.975000 7.555560371926e-01 -3.284463305392e-01 8.238579e-01
0.700000 72.000000 6.857624173466e-01 -2.794026266479e-01 7.404971e-01
0.700000 72.025000 6.230892548450e-01 -2.226263062467e-01 6.616666e-01
0.700000 72.050000 5.683139192537e-01 -1.594051264084e-01 5.902463e-01
0.700000 72.075000 5.219439157624e-01 -9.109225707518e-02 5.298332e-01
0.700000 72.100000 4.842165995408e-01 -1.904465427846e-02 4.845910e-01
0.700000 72.125000 4.551139698025e-01 5.543604636347e-02 4.584778e-01
0.700000 72.150000 4.343912965373e-01 1.311561741294e-01 4.537596e-01
0.700000 72.175000 4.216172384190e-01 2.070727790742e-01 4.697236e-01
0.700000 72.200000 4.162222228129e-01 2.823239066219e-01 5.029391e-01
0.700000 72.225000 4.175512737112e-01 3.562448677303e-01 5.488711e-01
0.700000 72.250000 4.249172529259e-01 4.283701746356e-01 6.033703e-01
0.700000 72.275000 4.376506440166e-01 4.984220015414e-01 6.632967e-01
0.700000 72.300000 4.551425320746e-01 5.662870882471e-01 7.265231e-01
0.700000 72.325000 4.768782480886e-01 6.319848223109e-01 7.917182e-01
0.700000 72.350000 5.024601528513e-01 6.956297323131e-01 8.581182e-01
0.700000 72.375000 5.316191102642e-01 7.573917624119e-01 9.253438e-01
0.700000 72.400000 5.642152169520e-01 8.174574834380e-01 9.932651e-01
0.700000 72.425000 6.002291999420e-01 8.759948790191e-01 1.061905e+00
0.700000 72.450000 6.397464796125e-01 9.331236138204e-01 1.131369e+00
0.700000 72.475000 6.829361723734e-01 9.888918559454e-01 1.201794e+00
0.700000 72.500000 7.300272719908e-01 1.043259905890e+00 1.273315e+00
0.700000 72.525000 7.812839392027e-01 1.096090190394e+00 1.346038e+00
0.700000 72.550000 8.369813224346e-01 1.147142697047e+00 1.420026e+00
0.700000 72.575000 8.973827292284e-01 1.196074704392e+00 1.495289e+00
0.700000 72.600000 9.627183793385e-01 1.242443709809e+00 1.571780e+00
0.700000 72.625000 1.033165499994e+00 1.285712737824e+00 1.649390e+00
0.700000 72.650000 1.108829252494e+00 1.325257652358e+00 1.727950e+00
0.700000 72.675000 1.189723952919e+00 1.360376599642e+00 1.807226e+00
0.700000 72.700000 1.275754272066e+00 1.390302166407e+00 1.886926e+00
0.700000 72.725000 1.366696531705e+00 1.414217149013e+00 1.966690e+00
0.700000 72.750000 1.462180779550e+00 1.431274915049e+00 2.046099e+00
0.700000 72.775000 1.561674921837e+00 1.440625156215e+00 2.124672e+00
0.700000 72.800000 1.664472706947e+00 1.441445379720e+00 2.201871e+00
0.700000 72.825000 1.769687679646e+00 1.432977808822e+00 2.277108e+00
0.700000 72.850000 1.876255279229e+00 1.414570544293e+00 2.349754e+00
0.700000 72.875000 1.982944988227e+00 1.385720988512e+00 2.419151e+00
0.700000 72.900000 2.088383848099e+00 1.346118776132e+00 2.484629e+00
0.700000 72.925000 2.191091787432e+00 1.295684909160e+00 2.545522e+00
0.700000 72.950000 2.289528142090e+00 1.234603557315e+00 2.601189e+00
0.700000 72.975000 2.382147602521e+00 1.163343118711e+00 2.651036e+00
0.700000 73.000000 2.467462735018e+00 1.082663657767e+00 2.694538e+00
0.700000 73.025000 2.544109324718e+00 9.936087147484e-01 2.731254e+00
0.700000 73.050000 2.610910193858e+00 8.974806368631e-01 2.760856e+00
0.700000 73.075000 2.666932941863e+00 7.957999003561e-01 2.783133e+00
0.700000 73.100000 2.711537272669e+00 6.902502403440e-01 2.798014e+00
0.700000 73.125000 2.744408209113e+00 5.826126383205e-01 2.805568e+00
0.700000 73.150000 2.765572486496e+00 4.746922065346e-01 2.806016e+00
0.700000 73.175000 2.775396669907e+00 3.682426513632e-01 2.799720e+00
0.700000 73.200000 2.774566927294e+00 2.648932312561e-01 2.787183e+00
0.700000 73.225000 2.764051775078e+00 1.660829313816e-01 2.769037e+00
0.700000 73.250000 2.745050362428e+00 7.300598559157e-02 2.746021e+00
0.700000 73.275000 2.718929860631e+00 -1.342804356128e-02 2.718963e+00
0.700000 73.300000 2.687156193778e+00 -9.261756370703e-02 2.688752e+00
0.700000 73.325000 2.651222643619e+00 -1.642748250442e-01 2.656307e+00
0.700000 73.350000 2.612580783705e+00 -2.284148078486e-01 2.622547e+00
0.700000 73.375000 2.572577782609e+00 -2.853286938395e-01 2.588353e+00
0.700000 73.400000 2.532403429929e+00 -3.355444108067e-01 2.554537e+00
0.700000 73.425000 2.493049368561e+00 -3.797773976703e-01 2.521810e+00
0.700000 73.450000 2.455282055711e+00 -4.188751086771e-01 2.490756e+00
0.700000 73.475000 2.419630012515e+00 -4.537588686231e-01 2.461810e+00
0.700000 73.500000 2.386385032338e+00 -4.853665393671e-01 2.435244e+00
0.700000 73.525000 2.355616254934e+00 -5.145991121995e-01 2.411170e+00
0.700000 73.550000 2.327195407955e+00 -5.422738593482e-01 2.389540e+00
0.700000 73.575000 2.300831077334e+00 -5.690861179903e-01 2.370165e+00
0.700000 73.600000 2.276109584434e+00 -5.955811899082e-01 2.352741e+00
0.700000 73.625000 2.252539900149e+00 -6.221372543865e-01 2.336876e+00
0.700000 73.650000 2.229599989844e+00 -6.489596315650e-01 2.322125e+00
0.700000 73.675000 2.206782036353e+00 -6.760862061728e-01 2.308025e+00
0.700000 73.700000 2.183634116421e+00 -7.034033267394e-01 2.294130e+00
0.700000 73.725000 2.159796103862e+00 -7.306710298068e-01 2.280044e+00
0.700000 73.750000 2.135027843273e+00 -7.575560019053e-01 2.265444e+00
0.700000 73.775000 2.109227989943e+00 -7.836702912338e-01 2.250107e+00
0.700000 73.800000 2.082442352827e+00 -8.086134330582e-01 2.233925e+00
0.700000 73.825000 2.054861110860e+00 -8.320153843210e-01 2.216913e+00
0.700000 73.850000 2.026804889903e+00 -8.535775069056e-01 2.199212e+00
0.700000 73.875000 1.998700365476e+00 -8.731088296342e-01 2.181083e+00
0.700000 73.900000 1.971046756710e+00 -8.905549851768e-01 2.162895e+00
0.700000 73.925000 1.944375248018e+00 -9.060175760261e-01 2.145102e+00
0.700000 73.950000 1.919203956842e+00 -9.197622719942e-01 2.128217e+00
0.700000 73.975000 1.895991497175e+00 -9.322146571984e-01 2.112773e+00
0.700000 74.000000 1.875092415465e+00 -9.439436823070e-01 2.099286e+00
0.700000 74.025000 1.856717759341e+00 -9.556334740061e-01 2.088214e+00
0.700000 74.050000 1.840903764088e+00 -9.680451315549e-01 2.079913e+00
0.700000 74.075000 1.827491117097e+00 -9.819709189387e-01 2.074606e+00
0.700000 74.100000 1.816116523914e+00 -9.981838649460e-01 2.072354e+00
0.700000 74.125000 1.806217412526e+00 -1.017386151949e+00 2.073040e+00
0.700000 74.150000 1.797049654619e+00 -1.040159769711e+00 2.076372e+00
0.700000 74.175000 1.787717241838e+00 -1.066922723807e+00 2.081888e+00
0.700000 74.200000 1.777212018295e+00 -1.097893639714e+00 2.088984e+00
0.700000 74.225000 1.764460912531e+00 -1.133066941141e+00 2.096941e+00
0.700000 74.250000 1.748377686707e+00 -1.172199974295e+00 2.104965e+00
0.700000 74.275000 1.727916055447e+00 -1.214812580828e+00 2.112218e+00
0.700000 74.300000 1.702121119252e+00 -1.260198775979e+00 2.117857e+00
0.700000 74.325000 1.670176377929e+00 -1.307449442062e+00 2.121064e+00
0.700000 74.350000 1.631444085451e+00 -1.355484361049e+00 2.121072e+00
0.700000 74.375000 1.585497311548e+00 -1.403091520300e+00 2.117184e+00
0.700000 74.400000 1.532142714472e+00 -1.448971443022e+00 2.108786e+00
0.700000 74.425000 1.471433635821e+00 -1.491784304603e+00 2.095361e+00
0.700000 74.450000 1.403673647088e+00 -1.530197761043e+00 2.076489e+00
0.700000 74.475000 1.329411073567e+00 -1.562933685707e+00 2.051852e+00
0.700000 74.500000 1.249425281464e+00 -1.588812329057e+00 2.021234e+00
0.700000 74.525000 1.164705647761e+00 -1.606792730053e+00 1.984521e+00
0.700000 74.550000 1.076424166884e+00 -1.616008475647e+00 1.941693e+00
0.700000 74.575000 9.859026226374e-01 -1.615798101118e+00 1.892831e+00
0.700000 74.600000 8.945752112497e-01 -1.605729543075e+00 1.838106e+00
0.700000 74.625000 8.039474807102e-01 -1.585618111573e+00 1.777784e+00
0.700000 74.650000 7.155524808160e-01 -1.555537465361e+00 1.712224e+00
0.700000 74.675000 6.309051097734e-01 -1.515823091124e+00 1.641877e+00
0.700000 74.700000 5.514557913998e-01 -1.467067841302e+00 1.567288e+00
0.700000 74.725000 4.785448001573e-01 -1.410109207355e+00 1.489098e+00
0.700000 74.750000 4.133587351349e-01 -1.346008215729e+00 1.408050e+00
0.700000 74.775000 3.568907879757e-01 -1.276020135711e+00 1.324990e+00
0.700000 74.800000 3.099065135729e-01 -1.201557567764e+00 1.240880e+00
0.700000 74.825000 2.729167636569e-01 -1.124146907963e+00 1.156802e+00
0.700000 74.850000 2.461592629931e-01 -1.045379617397e+00 1.073971e+00
0.700000 74.875000 2.295899934377e-01 -9.668601177454e-01 9.937455e-01
0.700000 74.900000 2.228851179363e-01 -8.901524400944e-01 9.176324e-01
0.700000 74.925000 2.254536559282e-01 -8.167279355573e-01 8.472744e-01
0.700000 74.950000 2.364605564497e-01 -7.479163890474e-01 7.844058e-01
0.700000 74.975000 2.548592542038e-01 -6.848627535378e-01 7.307464e-01
0.700000 75.000000 2.794322849443e-01 -6.284914505804e-01 6.878110e-01
0.700000 75.025000 3.088381208018e-01 -5.794797882511e-01 6.566413e-01
0.700000 75.050000 3.416620930528e-01 -5.382415658916e-01 6.375241e-01
0.700000 75.075000 3.764691141953e-01 -5.049214078554e-01 6.298211e-01
0.700000 75.100000 4.118558930405e-01 -4.793998378864e-01 6.320202e-01
0.700000 75.125000 4.465004427276e-01 -4.613086084977e-01 6.420033e-01
0.700000 75.150000 4.792068895562e-01 -4.500553633907e-01 6.574109e-01
0.700000 75.175000 5.089438730396e-01 -4.448563519973e-01 6.759593e-01
0.700000 75.200000 5.348751574253e-01 -4.447756390244e-01 6.956413e-01
0.700000 75.225000 5.563814293056e-01 -4.487690548714e-01 7.148104e-01
0.700000 75.250000 5.730726188902e-01 -4.557310059483e-01 7.321905e-01
0.700000 75.275000 5.847904458975e-01 -4.645421968959e-01 7.468462e-01
0.700000 75.300000 5.916012531635e-01 -4.741163017422e-01 7.581414e-01
0.700000 75.325000 5.937795540569e-01 -4.834436557146e-01 7.656970e-01
0.700000 75.350000 5.917830855331e-01 -4.916301279085e-01 7.693552e-01
0.700000 75.375000 5.862205250279e-01 -4.979294870081e-01 7.691478e-01
0.700000 75.400000 5.778133869286e-01 -5.017678004133e-01 7.652707e-01
0.700000 75.425000 5.673539446208e-01 -5.027587228241e-01 7.580612e-01
0.700000 75.450000 5.556613001477e-01 -5.007089389223e-01 7.479766e-01
0.700000 75.475000 5.435379123623e-01 -4.956135212347e-01 7.355720e-01
0.700000 75.500000 5.317289618427e-01 -4.876415299716e-01 7.214776e-01
0.700000 75.525000 5.208868469800e-01 -4.771127835149e-01 7.063708e-01
0.700000 75.550000 5.115428514483e-01 -4.644673201706e-01 6.909457e-01
0.700000 75.575000 5.040875958749e-01 -4.502295988777e-01 6.758779e-01
0.700000 75.600000 4.987613028796e-01 -4.349698913320e-01 6.617867e-01
0.700000 75.625000 4.956542025835e-01 -4.192655482158e-01 6.491970e-01
0.700000 75.650000 4.947166418447e-01 -4.036648388645e-01 6.385060e-01
0.700000 75.675000 4.957777050773e-01 -3.886558478161e-01 6.299594e-01
0.700000 75.700000 4.985704838246e-01 -3.746424692390e-01 6.236421e-01
0.700000 75.725000 5.027616190134e-01 -3.619289037692e-01 6.194851e-01
0.700000 75.750000 5.079824438248e-01 -3.507132889910e-01 6.172892e-01
0.700000 75.775000 5.138590144872e-01 -3.410902610161e-01 6.167606e-01
0.700000 75.800000 5.200385413308e-01 -3.330614373441e-01 6.175516e-01
0.700000 75.825000 5.262102028638e-01 -3.265521176544e-01 6.193008e-01
0.700000 75.850000 5.321189917665e-01 -3.214319957805e-01 6.216664e-01
0.700000 75.875000 5.375720297276e-01 -3.175374184586e-01 6.243506e-01
0.700000 75.900000 5.424376086268e-01 -3.146927416623e-01 6.271125e-01
0.700000 75.925000 5.466379747983e-01 -3.127286180739e-01 6.297716e-01
0.700000 75.950000 5.501374844048e-01 -3.114955618461e-01 6.322031e-01
0.700000 75.975000 5.529281530923e-01 -3.108718137621e-01 6.343271e-01
0.700000 76.000000 5.550147610630e-01 -3.107652861355e-01 6.360947e-01
0.700000 76.025000 5.564015468985e-01 -3.111101085615e-01 6.374733e-01
0.700000 76.050000 5.570821546822e-01 -3.118589326923e-01 6.384329e-01
0.700000 76.075000 5.570339438353e-01 -3.129726114368e-01 6.389356e-01
0.700000 76.100000 5.562171065920e-01 -3.144090950011e-01 6.389292e-01
0.700000 76.125000 5.545783530932e-01 -3.161133635150e-01 6.383454e-01
0.700000 76.150000 5.520583075015e-01 -3.180099570247e-01 6.371018e-01
0.700000 76.175000 5.486012874252e-01 -3.199992121083e-01 6.351085e-01
0.700000 76.200000 5.441658685584e-01 -3.219577377764e-01 6.322763e-01
0.700000 76.225000 5.387345936164e-01 -3.237430431775e-01 6.285257e-01
0.700000 76.250000 5.323213648906e-01 -3.252016501401e-01 6.237966e-01
0.700000 76.275000 5.249754290029e-01 -3.261795601434e-01 6.180553e-01
0.700000 76.300000 5.167813626994e-01 -3.265336546029e-01 6.112996e-01
0.700000 76.325000 5.078550266438e-01 -3.261425203521e-01 6.035608e-01
0.700000 76.350000 4.983359924981e-01 -3.249153108950e-01 5.949023e-01
0.700000 76.375000 4.883773957884e-01 -3.227975524377e-01 5.854150e-01
0.700000 76.400000 4.781344677372e-01 -3.197732327188e-01 5.752108e-01
0.700000 76.425000 4.677531208003e-01 -3.158630058303e-01 5.644133e-01
0.700000 76.450000 4.573598987350e-01 -3.111188375538e-01 5.531483e-01
0.700000 76.475000 4.470543720612e-01 -3.056158377494e-01 5.415336e-01
0.700000 76.500000 4.369047048124e-01 -2.994423269460e-01 5.296711e-01
0.700000 76.525000 4.269466941995e-01 -2.926893314460e-01 5.176394e-01
0.700000 76.550000 4.171861527459e-01 -2.854406862477e-01 5.054905e-01
0.700000 76.575000 4.076041208824e-01 -2.777647622752e-01 4.932488e-01
0.700000 76.600000 3.981641137519e-01 -2.697085577041e-01 4.809131e-01
0.700000 76.625000 3.888204485708e-01 -2.612945497023e-01 4.684615e-01
0.700000 76.650000 3.795266774292e-01 -2.525203452819e-01 4.558586e-01
0.700000 76.675000 3.702432538196e-01 -2.433608480443e-01 4.430627e-01
0.700000 76.700000 3.609437615134e-01 -2.337724114133e-01 4.300348e-01
0.700000 76.725000 3.516192924040e-01 -2.236983034074e-01 4.167458e-01
0.700000 76.750000 3.422808320129e-01 -2.130747705382e-01 4.031836e-01
0.700000 76.775000 3.329597567348e-01 -2.018370493085e-01 3.893590e-01
0.700000 76.800000 3.237067337241e-01 -1.899248093783e-01 3.753098e-01
0.700000 76.825000 3.145894239618e-01 -1.772866902695e-01 3.611054e-01
0.700000 76.850000 3.056894177928e-01 -1.638837783522e-01 3.468485e-01
0.700000 76.875000 2.970987904893e-01 -1.496920312113e-01 3.326791e-01
0.700000 76.900000 2.889165744753e-01 -1.347037693625e-01 3.187756e-01
0.700000 76.925000 2.812453320720e-01 -1.189284095712e-01 3.053570e-01
0.700000 76.950000 2.741879058079e-01 -1.023926114177e-01 2.926829e-01
0.700000 76.975000 2.678443454429e-01 -8.513996223085e-02 2.810505e-01
0.700000 77.000000 2.623089759552e-01 -6.723025596062e-02 2.707876e-01
0.700000 77.025000 2.576675817741e-01 -4.873835293822e-02 2.622366e-01
0.700000 77.050000 2.539947313934e-01 -2.975256178968e-02 2.557314e-01
0.700000 77.075000 2.513513361338e-01 -1.037247743845e-02 2.515653e-01
0.700000 77.100000 2.497826051626e-01 9.293754087867e-03 2.499554e-01
0.700000 77.125000 2.493166036119e-01 2.913269757061e-02 2.510129e-01
0.700000 77.150000 2.499636240317e-01 4.902927100947e-02 2.547267e-01
0.700000 77.175000 2.517165342487e-01 6.887052047884e-02 2.609681e-01
0.700000 77.200000 2.545521685973e-01 8.854919990817e-02 2.695139e-01
0.700000 77.225000 2.584336970860e-01 1.079667931133e-01 2.800800e-01
0.700000 77.250000 2.633137601263e-01 1.270356394155e-01 2.923563e-01
0.700000 77.275000 2.691380220382e-01 1.456799116095e-01 3.060358e-01
0.700000 77.300000 2.758487020841e-01 1.638353379574e-01 3.208341e-01
0.700000 77.325000 2.833876097463e-01 1.814477388816e-01 3.364994e-01
0.700000 77.350000 2.916982542942e-01 1.984706360052e-01 3.528151e-01
0.700000 77.375000 3.007267176689e-01 2.148623540137e-01 3.695976e-01
0.700000 77.400000 3.104211610469e-01 2.305831438667e-01 3.866909e-01
0.700000 77.425000 3.207300536671e-01 2.455928857066e-01 4.039599e-01
0.700000 77.450000 3.315994337161e-01 2.598498697513e-01 4.212839e-01
0.700000 77.475000 3.429696983051e-01 2.733110064798e-01 4.385512e-01
0.700000 77.500000 3.547725390328e-01 2.859336015526e-01 4.556551e-01
0.700000 77.525000 3.669286666961e-01 2.976785770439e-01 4.724925e-01
0.700000 77.550000 3.793468926487e-01 3.085147679896e-01 4.889636e-01
0.700000 77.575000 3.919249609507e-01 3.184237134673e-01 5.049741e-01
0.700000 77.600000 4.045522770805e-01 3.274042313156e-01 5.204383e-01
0.700000 77.625000 4.171143915500e-01 3.354760410121e-01 5.352837e-01
0.700000 77.650000 4.294988146433e-01 3.426817900980e-01 5.494543e-01
0.700000 77.675000 4.416015075342e-01 3.490870374122e-01 5.629153e-01
0.700000 77.700000 4.533332551418e-01 3.547780249205e-01 5.756548e-01
0.700000 77.725000 4.646251043133e-01 3.598573882352e-01 5.876851e-01
0.700000 77.750000 4.754321564938e-01 3.644382646653e-01 5.990417e-01
0.700000 77.775000 4.857352259124e-01 3.686375065779e-01 6.097806e-01
0.700000 77.800000 4.955401820214e-01 3.725688540153e-01 6.199739e-01
0.700000 77.825000 5.048751426197e-01 3.763369354701e-01 6.297050e-01
0.700000 77.850000 5.137860171603e-01 3.800328409371e-01 6.390626e-01
0.700000 77.875000 5.223311632400e-01 3.837317604538e-01 6.481357e-01
0.700000 77.900000 5.305760666890e-01 3.874928390178e-01 6.570096e-01
0.700000 77.925000 5.385889568228e-01 3.913610162725e-01 6.657639e-01
0.700000 77.950000 5.464381149869e-01 3.953702571091e-01 6.744718e-01
0.700000 77.975000 5.541913425239e-01 3.995472978231e-01 6.832028e-01
0.700000 78.000000 5.619176627057e-01 4.039148827052e-01 6.920251e-01
0.700000 78.025000 5.696908969874e-01 4.084934810076e-01 7.010097e-01
0.700000 78.050000 5.775943461820e-01 4.133006631868e-01 7.102342e-01
0.700000 78.075000 5.857254890142e-01 4.183476607208e-01 7.197841e-01
0.700000 78.100000 5.941994410600e-01 4.236330929293e-01 7.297520e-01
0.700000 78.125000 6.031499340858e-01 4.291343544940e-01 7.402338e-01
0.700000 78.150000 6.127267911458e-01 4.347976447250e-01 7.513209e-01
0.700000 78.175000 6.230892694709e-01 4.405280090777e-01 7.630892e-01
0.700000 78.200000 6.343951765550e-01 4.461809901532e-01 7.755867e-01
0.700000 78.225000 6.467862679603e-01 4.515575046184e-01 7.888198e-01
0.700000 78.250000 6.603710278048e-01 4.564033567154e-01 8.027415e-01
0.700000 78.275000 6.752064317712e-01 4.604143817365e-01 8.172424e-01
0.700000 78.300000 6.912806241091e-01 4.632476275030e-01 8.321462e-01
0.700000 78.325000 7.084985507112e-01 4.645382968700e-01 8.472107e-01
0.700000 78.350000 7.266724540410e-01 4.639214739921e-01 8.621346e-01
0.700000 78.375000 7.455187587567e-01 4.610570307183e-01 8.765682e-01
0.700000 78.400000 7.646622975371e-01 4.556556389070e-01 8.901295e-01
0.700000 78.425000 7.836481102885e-01 4.475035629856e-01 9.024211e-01
0.700000 78.450000 8.019602807955e-01 4.364839107821e-01 9.130490e-01
0.700000 78.475000 8.190465446523e-01 4.225922833572e-01 9.216406e-01
0.700000 78.500000 8.343467981161e-01 4.059452573061e-01 9.278611e-01
0.700000 78.525000 8.473232303214e-01 3.867807980783e-01 9.314269e-01
0.700000 78.550000 8.574896368175e-01 3.654504616692e-01 9.321172e-01
0.700000 78.575000 8.644375654517e-01 3.424040057530e-01 9.297811e-01
0.700000 78.600000 8.678572789596e-01 3.181677127419e-01 9.243414e-01
0.700000 78.625000 8.675520459831e-01 2.933182521435e-01 9.157959e-01
0.700000 78.650000 8.634449254950e-01 2.684542259712e-01 9.042150e-01
0.700000 78.675000 8.555779085604e-01 2.441676249456e-01 8.897367e-01
0.700000 78.700000 8.441039448711e-01 2.210172808975e-01 8.725595e-01
0.700000 78.725000 8.292729382338e-01 1.995060656287e-01 8.529339e-01
0.700000 78.750000 8.114131925915e-01 1.800631133654e-01 8.311523e-01
0.700000 78.775000 7.909100000954e-01 1.630318001180e-01 8.075382e-01
0.700000 78.800000 7.681830835746e-01 1.486636684159e-01 7.824360e-01
0.700000 78.825000 7.436644602487e-01 1.371180021942e-01 7.561998e-01
0.700000 78.850000 7.177780235305e-01 1.284663807515e-01 7.291837e-01
0.700000 78.875000 6.909217982022e-01 1.227012986443e-01 7.017325e-01
0.700000 78.900000 6.634534662591e-01 1.197478337340e-01 6.741736e-01
0.700000 78.925000 6.356794349163e-01 1.194773615617e-01 6.468100e-01
0.700000 78.950000 6.078474599501e-01 1.217224186138e-01 6.199152e-01
0.700000 78.975000 5.801426643869e-01 1.262919694373e-01 5.937299e-01
0.700000 79.000000 5.526867038306e-01 1.329864922919e-01 5.684611e-01
0.700000 79.025000 5.255398085889e-01 1.416124315281e-01 5.442850e-01
0.700000 79.050000 4.987054514109e-01 1.519956513203e-01 5.213538e-01
0.700000 79.075000 4.721374159868e-01 1.639935595467e-01 4.998076e-01
0.700000 79.100000 4.457490463081e-01 1.775055626558e-01 4.797921e-01
0.700000 79.125000 4.194244207300e-01 1.924814846248e-01 4.614824e-01
0.700000 79.150000 3.930311109152e-01 2.089275645381e-01 4.451114e-01
0.700000 79.175000 3.664340636541e-01 2.269096666381e-01 4.310011e-01
0.700000 79.200000 3.395100052598e-01 2.465534156159e-01 4.195898e-01
0.700000 79.225000 3.121616453580e-01 2.680411175498e-01 4.114498e-01
0.700000 79.250000 2.843308836955e-01 2.916055366713e-01 4.072810e-01
0.700000 79.275000 2.560102297688e-01 3.175208475151e-01 4.078734e-01
0.700000 79.300000 2.272517489085e-01 3.460913356242e-01 4.140321e-01
0.700000 79.325000 1.981730517563e-01 3.776386352782e-01 4.264780e-01
0.700000 79.350000 1.689601298207e-01 4.124884275511e-01 4.457513e-01
0.700000 79.375000 1.398671732191e-01 4.509575427995e-01 4.721499e-01
0.700000 79.400000 1.112138396210e-01 4.933423005380e-01 5.057224e-01
0.700000 79.425000 8.338072143689e-02 5.399086794994e-01 5.463092e-01
0.700000 79.450000 5.680392977155e-02 5.908845669381e-01 5.936087e-01
0.700000 79.475000 3.196973885255e-02 6.464539349641e-01 6.472440e-01
0.700000 79.500000 9.410093739973e-03 7.067523938366e-01 7.068150e-01
0.700000 79.525000 -1.030051744566e-02 7.718632449857e-01 7.719320e-01
0.700000 79.550000 -2.654675544321e-02 8.418129632538e-01 8.422314e-01
0.700000 79.575000 -3.867311622729e-02 9.165650269636e-01 9.173805e-01
0.700000 79.600000 -4.598454131456e-02 9.960112107149e-01 9.970722e-01
0.700000 79.625000 -4.774829629222e-02 1.079959854221e+00 1.081015e+00
0.700000 79.650000 -4.319871475339e-02 1.168121184271e+00 1.168920e+00
0.700000 79.675000 -3.154643453254e-02 1.260090430327e+00 1.260485e+00
0.700000 79.700000 -1.199352532735e-02 1.355330150164e+00 1.355383e+00
0.700000 79.725000 1.624457882216e-02 1.453153772494e+00 1.453245e+00
0.700000 79.750000 5.391013566505e-02 1.552712773842e+00 1.553648e+00
0.700000 79.775000 1.016677904906e-01 1.652990058569e+00 1.656114e+00
0.700000 79.800000 1.600644732130e-01 1.752801954057e+00 1.760095e+00
0.700000 79.825000 2.294869099435e-01 1.850810755207e+00 1.864984e+00
0.700000 79.850000 3.101198413638e-01 1.945548982354e+00 1.970110e+00
0.700000 79.875000 4.019084486017e-01 2.035455522811e+00 2.074755e+00
0.700000 79.900000 5.045285547255e-01 2.118922709524e+00 2.178160e+00
0.700000 79.925000 6.173678648981e-01 2.194352272333e+00 2.279545e+00
0.700000 79.950000 7.395208433612e-01 2.260217105534e+00 2.378124e+00
0.700000 79.975000 8.697988574588e-01 2.315125046897e+00 2.473126e+00
0.700000 80.000000 1.006756042425e+00 2.357880449545e+00 2.563817e+00
0.700000 80.025000 1.148730077004e+00 2.387539303205e+00 2.649514e+00
0.700000 80.050000 1.293895842293e+00 2.403454034698e+00 2.729608e+00
0.700000 80.075000 1.440328893130e+00 2.405304852054e+00 2.803576e+00
0.700000 80.100000 1.586074910748e+00 2.393115514125e+00 2.870999e+00
0.700000 80.125000 1.729220901563e+00 2.367252597509e+00 2.931568e+00
0.700000 80.150000 1.867963891201e+00 2.328408567696e+00 2.985092e+00
0.700000 80.175000 2.000673221179e+00 2.277570112258e+00 3.031504e+00
0.700000 80.200000 2.125943231062e+00 2.215974146536e+00 3.070859e+00
0.700000 80.225000 2.242634010133e+00 2.145054570957e+00 3.103332e+00
0.700000 80.250000 2.349898917144e+00 2.066383196648e+00 3.129211e+00
0.700000 80.275000 2.447198575649e+00 1.981608258063e+00 3.148897e+00
0.700000 80.300000 2.534301946641e+00 1.892393634913e+00 3.162885e+00
0.700000 80.325000 2.611275773988e+00 1.800361382115e+00 3.171760e+00
0.700000 80.350000 2.678464139412e+00 1.707039510070e+00 3.176185e+00
0.700000 80.375000 2.736460039388e+00 1.613816271207e+00 3.176888e+00
0.700000 80.400000 2.786070831599e+00 1.521901589203e+00 3.174646e+00
0.700000 80.425000 2.828279151497e+00 1.432295791496e+00 3.170274e+00
0.700000 80.450000 2.864200550306e+00 1.345765520831e+00 3.164606e+00
0.700000 80.475000 2.895038744089e+00 1.262826619059e+00 3.158478e+00
0.700000 80.500000 2.922039073661e+00 1.183733872250e+00 3.152703e+00
0.700000 80.525000 2.946440623976e+00 1.108477725375e+00 3.148053e+00
0.700000 80.550000 2.969427477469e+00 1.036788341438e+00 3.145223e+00
0.700000 80.575000 2.992079783709e+00 9.681476088742e-01 3.144813e+00
0.700000 80.600000 3.015325687687e+00 9.018098122455e-01 3.147292e+00
0.700000 80.625000 3.039895611454e+00 8.368316117859e-01 3.152975e+00
0.700000 80.650000 3.066280847534e+00 7.721116922629e-01 3.161999e+00
0.700000 80.675000 3.094698807000e+00 7.064399393395e-01 3.174306e+00
0.700000 80.700000 3.125067483700e+00 6.385553159139e-01 3.189639e+00
0.700000 80.725000 3.156991678653e+00 5.672108068550e-01 3.207542e+00
0.700000 80.750000 3.189763232126e+00 4.912429666812e-01 3.227369e+00
0.700000 80.775000 3.222376926274e+00 4.096428418860e-01 3.248310e+00
0.700000 80.800000 3.253562875811e+00 3.216244479002e-01 3.269421e+00
0.700000 80.825000 3.281835179375e+00 2.266866468641e-01 3.289655e+00
0.700000 80.850000 3.305555448725e+00 1.246642585791e-01 3.307905e+00
0.700000 80.875000 3.323008672715e+00 1.576457300623e-02 3.323046e+00
0.700000 80.900000 3.332487819459e+00 -9.941388824803e-02 3.333970e+00
0.700000 80.925000 3.332382737230e+00 -2.198825343393e-01 3.339629e+00
0.700000 80.950000 3.321268368104e+00 -3.442847579317e-01 3.339065e+00
0.700000 80.975000 3.297987096086e+00 -4.709385083984e-01 3.331441e+00
0.700000 81.000000 3.261720238634e+00 -5.978976591790e-01 3.316067e+00
0.700000 81.025000 3.212044247363e+00 -7.230291777749e-01 3.292415e+00
0.700000 81.050000 3.148968068062e+00 -8.441020347677e-01 3.260139e+00
0.700000 81.075000 3.072949252169e+00 -9.588829927325e-01 3.219080e+00
0.700000 81.100000 2.984887722315e+00 -1.065233954998e+00 3.169271e+00
0.700000 81.125000 2.886097473288e+00 -1.161205457054e+00 3.110941e+00
0.700000 81.150000 2.778257835394e+00 -1.245121149272e+00 3.044510e+00
0.700000 81.175000 2.663347145226e+00 -1.315648720434e+00 2.970581e+00
0.700000 81.200000 2.543562678647e+00 -1.371853595807e+00 2.889930e+00
0.700000 81.225000 2.421231440882e+00 -1.413232842298e+00 2.803496e+00
0.700000 81.250000 2.298716838833e+00 -1.439727946588e+00 2.712363e+00
0.700000 81.275000 2.178326363898e+00 -1.451716415248e+00 2.617745e+00
0.700000 81.300000 2.062225193891e+00 -1.449983395145e+00 2.520957e+00
0.700000 81.325000 1.952360104388e+00 -1.435675650173e+00 2.423401e+00
0.700000 81.350000 1.850397303927e+00 -1.410241188649e+00 2.326532e+00
0.700000 81.375000 1.757676829057e+00 -1.375358559537e+00 2.231824e+00
0.700000 81.400000 1.675185019598e+00 -1.332860284819e+00 2.140739e+00
0.700000 81.425000 1.603545414280e+00 -1.284655046366e+00 2.054677e+00
0.700000 81.450000 1.543027238389e+00 -1.232653092506e+00 1.974935e+00
0.700000 81.475000 1.493569574133e+00 -1.178698884647e+00 1.902651e+00
0.700000 81.500000 1.454818383214e+00 -1.124514298588e+00 1.838757e+00
0.700000 81.525000 1.426172852806e+00 -1.071654777041e+00 1.783932e+00
0.700000 81.550000 1.406837111303e+00 -1.021479764017e+00 1.738566e+00
0.700000 81.575000 1.395873241480e+00 -9.751376155397e-01 1.702749e+00
0.700000 81.600000 1.392251717797e+00 -9.335640605959e-01 1.676278e+00
0.700000 81.625000 1.394895898568e+00 -8.974922698658e-01 1.658682e+00
0.700000 81.650000 1.402717974972e+00 -8.674717616023e-01 1.649280e+00
0.700000 81.675000 1.414644755222e+00 -8.438928062551e-01 1.647232e+00
0.700000 81.700000 1.429632761174e+00 -8.270127366731e-01 1.651605e+00
0.700000 81.725000 1.446673239173e+00 -8.169806560137e-01 1.661421e+00
0.700000 81.750000 1.464788733353e+00 -8.138574576078e-01 1.675700e+00
0.700000 81.775000 1.483023737855e+00 -8.176287949493e-01 1.693481e+00
0.700000 81.800000 1.500432547437e+00 -8.282096001822e-01 1.713835e+00
0.700000 81.825000 1.516067699816e+00 -8.454398549895e-01 1.735866e+00
0.700000 81.850000 1.528972314476e+00 -8.690724600659e-01 1.758705e+00
0.700000 81.875000 1.538179183788e+00 -8.987551126791e-01 1.781504e+00
0.700000 81.900000 1.542718702371e+00 -9.340089751925e-01 1.803428e+00
0.700000 81.925000 1.541636702828e+00 -9.742075063719e-01 1.823657e+00
0.700000 81.950000 1.534022101215e+00 -1.018559064565e+00 1.841382e+00
0.700000 81.975000 1.519043062203e+00 -1.066096745337e+00 1.855816e+00
0.700000 82.000000 1.495989295536e+00 -1.115678393234e+00 1.866205e+00
0.700000 82.025000 1.464317207847e+00 -1.165998874990e+00 1.871838e+00
0.700000 82.050000 1.423694052516e+00 -1.215615601648e+00 1.872065e+00
0.700000 82.075000 1.374037009316e+00 -1.262987048469e+00 1.866310e+00
0.700000 82.100000 1.315543311178e+00 -1.306522768122e+00 1.854092e+00
0.700000 82.125000 1.248708102602e+00 -1.344642250015e+00 1.835030e+00
0.700000 82.150000 1.174327608623e+00 -1.375839061138e+00 1.808861e+00
0.700000 82.175000 1.093486327083e+00 -1.398746101400e+00 1.775444e+00
0.700000 82.200000 1.007528219030e+00 -1.412197576376e+00 1.734767e+00
0.700000 82.225000 9.180131399128e-01 -1.415283450772e+00 1.686943e+00
0.700000 82.250000 8.266609072919e-01 -1.407392675068e+00 1.632214e+00
0.700000 82.275000 7.352863336278e-01 -1.388242317612e+00 1.570943e+00
0.700000 82.300000 6.457291851373e-01 -1.357890797544e+00 1.503607e+00
0.700000 82.325000 5.597833128331e-01 -1.316734594260e+00 1.430786e+00
0.700000 82.350000 4.791291292719e-01 -1.265488993971e+00 1.353155e+00
0.700000 82.375000 4.052731996303e-01 -1.205154515953e+00 1.271473e+00
0.700000 82.400000 3.394980350823e-01 -1.136971549748e+00 1.186576e+00
0.700000 82.425000 2.828242997438e-01 -1.062366364245e+00 1.099369e+00
0.700000 82.450000 2.359866625684e-01 -9.828919849100e-01 1.010825e+00
0.700000 82.475000 1.994235376788e-01 -9.001674727492e-01 9.219931e-01
0.700000 82.500000 1.732800479259e-01 -8.158189037048e-01 8.340183e-01
0.700000 82.525000 1.574227877207e-01 -7.314248896332e-01 7.481740e-01
0.700000 82.550000 1.514644007082e-01 -6.484688679463e-01 6.659229e-01
0.700000 82.575000 1.547956488104e-01 -5.682996898039e-01 5.890044e-01
0.700000 82.600000 1.666225299367e-01 -4.921013286571e-01 5.195448e-01
0.700000 82.625000 1.860060790711e-01 -4.208718751605e-01 4.601428e-01
0.700000 82.650000 2.119027222178e-01 -3.554114294587e-01 4.137874e-01
0.700000 82.675000 2.432033960102e-01 -2.963180780821e-01 3.833436e-01
0.700000 82.700000 2.787700463383e-01 -2.439908618651e-01 3.704650e-01
0.700000 82.725000 3.174685295132e-01 -1.986384981268e-01 3.744910e-01
0.700000 82.750000 3.581973203249e-01 -1.602925960384e-01 3.924271e-01
0.700000 82.775000 3.999117556309e-01 -1.288241710811e-01 4.201489e-01
0.700000 82.800000 4.416437954125e-01 -1.039623915736e-01 4.537151e-01
0.700000 82.825000 4.825174630693e-01 -8.531464727971e-02 4.900017e-01
0.700000 82.850000 5.217602402805e-01 -7.238719178209e-02 5.267577e-01
0.700000 82.875000 5.587107525991e-01 -6.460575853855e-02 5.624336e-01
0.700000 82.900000 5.928231064642e-01 -6.133567530548e-02 5.959877e-01
0.700000 82.925000 6.236682423800e-01 -6.190110047319e-02 6.267327e-01
0.700000 82.950000 6.509326654160e-01 -6.560308126902e-02 6.542302e-01
0.700000 82.975000 6.744149110998e-01 -7.173619482156e-02 6.782194e-01
0.700000 83.000000 6.940201052872e-01 -7.960358692779e-02 6.985704e-01
0.700000 83.025000 7.097529793681e-01 -8.853027708709e-02 7.152530e-01
0.700000 83.050000 7.217097027459e-01 -9.787465629485e-02 7.283161e-01
0.700000 83.075000 7.300688871721e-01 -1.070381670020e-01 7.378738e-01
0.700000 83.100000 7.350820969904e-01 -1.154732198493e-01 7.440966e-01
0.700000 83.125000 7.370641624369e-01 -1.226894638633e-01 7.472057e-01
0.700000 83.150000 7.363835396367e-01 -1.282585789570e-01 7.474697e-01
0.700000 83.175000 7.334528938531e-01 -1.318177951203e-01 7.452041e-01
0.700000 83.200000 7.287200078315e-01 -1.330723564777e-01 7.407706e-01
0.700000 83.225000 7.226590425579e-01 -1.317971379242e-01 7.345792e-01
0.700000 83.250000 7.157621120149e-01 -1.278375880510e-01 7.270886e-01
0.700000 83.275000 7.085310844362e-01 -1.211101184789e-01 7.188073e-01
0.700000 83.300000 7.014694961796e-01 -1.116019931873e-01 7.102918e-01
0.700000 83.325000 6.950744640108e-01 -9.937070041553e-02 7.021418e-01
0.700000 83.350000 6.898285074879e-01 -8.454272332583e-02 6.949898e-01
0.700000 83.375000 6.861912423928e-01 -6.731157248202e-02 6.894848e-01
0.700000 83.400000 6.845909732267e-01 -4.793491046301e-02 6.862671e-01
0.700000 83.425000 6.854162902001e-01 -2.673059153075e-02 6.859373e-01
0.700000 83.450000 6.890078553607e-01 -4.071459574230e-03 6.890199e-01
0.700000 83.475000 6.956506347367e-01 1.962120475518e-02 6.959273e-01
0.700000 83.500000 7.055668903579e-01 4.388562450446e-02 7.069304e-01
0.700000 83.525000 7.189102805730e-01 6.822879931611e-02 7.221407e-01
0.700000 83.550000 7.357614235101e-01 9.213695072675e-02 7.415080e-01
0.700000 83.575000 7.561252529484e-01 1.150868701393e-01 7.648336e-01
0.700000 83.600000 7.799304364126e-01 1.365577943843e-01 7.917951e-01
0.700000 83.625000 8.070310324051e-01 1.560433425897e-01 8.219785e-01
0.700000 83.650000 8.372104403488e-01 1.730629811567e-01 8.549106e-01
0.700000 83.675000 8.701875489094e-01 1.871724508019e-01 8.900898e-01
0.700000 83.700000 9.056248248638e-01 1.979725996583e-01 9.270110e-01
0.700000 83.725000 9.431379177205e-01 2.051161260670e-01 9.651848e-01
0.700000 83.750000 9.823061998566e-01 2.083118474699e-01 1.004151e+00
0.700000 83.775000 1.022683535118e+00 2.073262768293e-01 1.043487e+00
0.700000 83.800000 1.063808488537e+00 2.019824988106e-01 1.082814e+00
0.700000 83.825000 1.105213172954e+00 1.921565818909e-01 1.121793e+00
0.700000 83.850000 1.146429988508e+00 1.777720205767e-01 1.160131e+00
0.700000 83.875000 1.186995656166e+00 1.587929494774e-01 1.197570e+00
0.700000 83.900000 1.226452176661e+00 1.352170796424e-01 1.233884e+00
0.700000 83.925000 1.264344651708e+00 1.070694477201e-01 1.268870e+00
0.700000 83.950000 1.300216265063e+00 7.439811270670e-02 1.302343e+00
0.700000 83.975000 1.333601106460e+00 3.727286189326e-02 1.334122e+00
0.700000 84.000000 1.364015893367e+00 -4.212214537803e-03 1.364022e+00
0.700000 84.025000 1.390951960262e+00 -4.993175074141e-02 1.391848e+00
0.700000 84.050000 1.413869098877e+00 -9.971764622238e-02 1.417381e+00
0.700000 84.075000 1.432192906333e+00 -1.533435541662e-01 1.440379e+00
0.700000 84.100000 1.445317202359e+00 -2.105063069646e-01 1.460567e+00
0.700000 84.125000 1.452612797924e+00 -2.708058043188e-01 1.477640e+00
0.700000 84.150000 1.453443440523e+00 -3.337253432106e-01 1.491265e+00
0.700000 84.175000 1.447189151344e+00 -3.986146820421e-01 1.501083e+00
0.700000 84.200000 1.433276452115e+00 -4.646782525243e-01 1.506721e+00
0.700000 84.225000 1.411214216657e+00 -5.309708269585e-01 1.507798e+00
0.700000 84.250000 1.380633147947e+00 -5.964026008538e-01 1.503943e+00
0.700000 84.275000 1.341326253605e+00 -6.597550714407e-01 1.494802e+00
0.700000 84.300000 1.293287244921e+00 -7.197083172540e-01 1.480058e+00
0.700000 84.325000 1.236743577484e+00 -7.748793719476e-01 1.459443e+00
0.700000 84.350000 1.172180925583e+00 -8.238704150714e-01 1.432749e+00
0.700000 84.375000 1.100356251547e+00 -8.653245633235e-01 1.399847e+00
0.700000 84.400000 1.022297279694e+00 -8.979862297477e-01 1.360688e+00
0.700000 84.425000 9.392870676932e-01 -9.207624098929e-01 1.315319e+00
0.700000 84.450000 8.528334153815e-01 -9.327809204134e-01 1.263885e+00
0.700000 84.475000 7.646239727502e-01 -9.334415995173e-01 1.206633e+00
0.700000 84.500000 6.764690050094e-01 -9.224567922968e-01 1.143913e+00
0.700000 84.525000 5.902347437161e-01 -8.998780674070e-01 1.076177e+00
0.700000 84.550000 5.077710099514e-01 -8.661069942070e-01 1.003978e+00
0.700000 84.575000 4.308372697560e-01 -8.218888752168e-01 9.279666e-01
0.700000 84.600000 3.610314322105e-01 -7.682894837403e-01 8.488889e-01
0.700000 84.625000 2.997255170879e-01 -7.066559993136e-01 7.675924e-01
0.700000 84.650000 2.480118245475e-01 -6.385643657792e-01 6.850360e-01
0.700000 84.675000 2.066624857032e-01 -5.657561331382e-01 6.023200e-01
0.700000 84.700000 1.761043348600e-01 -4.900684216081e-01 5.207493e-01
0.700000 84.725000 1.564100107225e-01 -4.133609289766e-01 4.419631e-01
0.700000 84.750000 1.473051580844e-01 -3.374438851109e-01 3.681945e-01
0.700000 84.775000 1.481906505545e-01 -2.640105643315e-01 3.027574e-01
0.700000 84.800000 1.581779609559e-01 -1.945774461229e-01 2.507601e-01
0.700000 84.825000 1.761352195323e-01 -1.304344340225e-01 2.191729e-01
0.700000 84.850000 2.007411457921e-01 -7.260677729253e-02 2.134684e-01
0.700000 84.875000 2.305439162621e-01 -2.182956576924e-02 2.315751e-01
0.700000 84.900000 2.640221126755e-01 2.146504812472e-02 2.648932e-01
0.700000 84.925000 2.996451400333e-01 5.714835375830e-02 3.050461e-01
0.700000 84.950000 3.359308575522e-01 8.538423440057e-02 3.466122e-01
0.700000 84.975000 3.714985708533e-01 1.066082071704e-01 3.864926e-01
0.700000 85.000000 4.051159389828e-01 1.214977715578e-01 4.229428e-01
0.700000 85.025000 4.357387144948e-01 1.309355565697e-01 4.549861e-01
0.700000 85.050000 4.625425341905e-01 1.359667514635e-01 4.821126e-01
0.700000 85.075000 4.849462050220e-01 1.377522654441e-01 5.041314e-01
0.700000 85.100000 5.026260935148e-01 1.375190236905e-01 5.210993e-01
0.700000 85.125000 5.155213503560e-01 1.365087970733e-01 5.332888e-01
0.700000 85.150000 5.238298149890e-01 1.359269936413e-01 5.411782e-01
0.700000 85.175000 5.279945802655e-01 1.368929088208e-01 5.454521e-01
0.700000 85.200000 5.286813819981e-01 1.403930211818e-01 5.470048e-01
0.700000 85.225000 5.267472302069e-01 1.472390031065e-01 5.469387e-01
0.700000 85.250000 5.232010218055e-01 1.580321557886e-01 5.465469e-01
0.700000 85.275000 5.191572569315e-01 1.731359401333e-01 5.472662e-01
0.700000 85.300000 5.157843969518e-01 1.926581292514e-01 5.505912e-01
0.700000 85.325000 5.142498135525e-01 2.164438350719e-01 5.579434e-01
0.700000 85.350000 5.156636404171e-01 2.440802565606e-01 5.705122e-01
0.700000 85.375000 5.210241057589e-01 2.749134721476e-01 5.891040e-01
0.700000 85.400000 5.311670542494e-01 3.080769825048e-01 6.140439e-01
0.700000 85.425000 5.467223299200e-01 3.425310438433e-01 6.451611e-01
0.700000 85.450000 5.680794714919e-01 3.771111679924e-01 6.818556e-01
0.700000 85.475000 5.953647696819e-01 4.105835592436e-01 7.232137e-01
0.700000 85.500000 6.284311715747e-01 4.417047628260e-01 7.681333e-01
0.700000 85.525000 6.668618256314e-01 4.692824616487e-01 8.154328e-01
0.700000 85.550000 7.099872906269e-01 4.922342096338e-01 8.639308e-01
0.700000 85.575000 7.569156392018e-01 5.096409485331e-01 9.124994e-01
0.700000 85.600000 8.065739306610e-01 5.207924198811e-01 9.600970e-01
0.700000 85.625000 8.577588640196e-01 5.252220366244e-01 1.005787e+00
0.700000 85.650000 9.091938986951e-01 5.227293866735e-01 1.048751e+00
0.700000 85.675000 9.595897820647e-01 5.133892580418e-01 1.088293e+00
0.700000 85.700000 1.007705270915e+00 4.975468499888e-01 1.123843e+00
0.700000 85.725000 1.052404882229e+00 4.757996118570e-01 1.154964e+00
0.700000 85.750000 1.092710747127e+00 4.489668786129e-01 1.181350e+00
0.700000 85.775000 1.127846045881e+00 4.180491035208e-01 1.202831e+00
0.700000 85.800000 1.157268037101e+00 3.841789876501e-01 1.219370e+00
0.700000 85.825000 1.180689318685e+00 3.485671486324e-01 1.231067e+00
0.700000 85.850000 1.198086627093e+00 3.124451454716e-01 1.238157e+00
0.700000 85.875000 1.209697150452e+00 2.770086829352e-01 1.241008e+00
0.700000 85.900000 1.216002959124e+00 2.433636699488e-01 1.240117e+00
0.700000 85.925000 1.217704710070e+00 2.124775226128e-01 1.236103e+00
0.700000 85.950000 1.215686231872e+00 1.851377119680e-01 1.229703e+00
0.700000 85.975000 1.210971928067e+00 1.619190918225e-01 1.221749e+00
0.700000 86.000000 1.204679139011e+00 1.431610369609e-01 1.213156e+00
0.700000 86.025000 1.197967677554e+00 1.289549104235e-01 1.204888e+00
0.700000 86.050000 1.191988710058e+00 1.191418910982e-01 1.197928e+00
0.700000 86.075000 1.187835007581e+00 1.133207559186e-01 1.193228e+00
0.700000 86.100000 1.186494363472e+00 1.108648449367e-01 1.191663e+00
0.700000 86.125000 1.188807688158e+00 1.109471559131e-01 1.193974e+00
0.700000 86.150000 1.195432975949e+00 1.125723238165e-01 1.200722e+00
0.700000 86.175000 1.206816018752e+00 1.146141380960e-01 1.212246e+00
0.700000 86.200000 1.223168441334e+00 1.158572278531e-01 1.228643e+00
0.700000 86.225000 1.244453371902e+00 1.150415868619e-01 1.249759e+00
0.700000 86.250000 1.270378853763e+00 1.109086966272e-01 1.275211e+00
0.700000 86.275000 1.300398954662e+00 1.022481133530e-01 1.304413e+00
0.700000 86.300000 1.333722438287e+00 8.794349031190e-02 1.336619e+00
0.700000 86.325000 1.369328817095e+00 6.701708933449e-02 1.370968e+00
0.700000 86.350000 1.405991589935e+00 3.867187747307e-02 1.406523e+00
0.700000 86.375000 1.442308458984e+00 2.330298009798e-03 1.442310e+00
0.700000 86.400000 1.476738292831e+00 -4.233125135717e-02 1.477345e+00
0.700000 86.425000 1.507644530564e+00 -9.535329642346e-02 1.510657e+00
0.700000 86.450000 1.533344584103e+00 -1.564707000274e-01 1.541307e+00
0.700000 86.475000 1.552164578542e+00 -2.250978991417e-01 1.568402e+00
0.700000 86.500000 1.562498469143e+00 -3.003233198519e-01 1.591099e+00
0.700000 86.525000 1.562870197839e+00 -3.809143127895e-01 1.608620e+00
0.700000 86.550000 1.551997123855e+00 -4.653338274147e-01 1.620256e+00
0.700000 86.575000 1.528852517830e+00 -5.517697796980e-01 1.625374e+00
0.700000 86.600000 1.492724492497e+00 -6.381776483445e-01 1.623421e+00
0.700000 86.625000 1.443268408618e+00 -7.223362591323e-01 1.613937e+00
0.700000 86.650000 1.380549597198e+00 -8.019160023523e-01 1.596555e+00
0.700000 86.675000 1.305073228832e+00 -8.745579105037e-01 1.571008e+00
0.700000 86.700000 1.217798378715e+00 -9.379611555382e-01 1.537142e+00
0.700000 86.725000 1.120133805707e+00 -9.899756744972e-01 1.494909e+00
0.700000 86.750000 1.013913689329e+00 -1.028695875869e+00 1.444381e+00
0.700000 86.775000 9.013525291051e-01 -1.052550795362e+00 1.385749e+00
0.700000 86.800000 7.849795610158e-01 -1.060385732753e+00 1.319322e+00
0.700000 86.825000 6.675543174574e-01 -1.051530371658e+00 1.245530e+00
0.700000 86.850000 5.519662624611e-01 -1.025848701714e+00 1.164917e+00
0.700000 86.875000 4.411226727448e-01 -9.837667417325e-01 1.078140e+00
0.700000 86.900000 3.378300027727e-01 -9.262750865797e-01 9.859587e-01
0.700000 86.925000 2.446747685401e-01 -8.549046224531e-01 8.892287e-01
0.700000 86.950000 1.639104249020e-01 -7.716752976110e-01 7.888912e-01
0.700000 86.975000 9.735673288170e-02 -6.790194965379e-01 6.859634e-01
0.700000 87.000000 4.631768512066e-02 -5.796832254786e-01 5.815307e-01
0.700000 87.025000 1.152318355435e-02 -4.766098488283e-01 4.767491e-01
0.700000 87.050000 -6.901615066526e-03 -3.728123944673e-01 3.728763e-01
0.700000 87.075000 -9.436975802911e-03 -2.712413613454e-01 2.714055e-01
0.700000 87.100000 2.861200995950e-03 -1.746554285739e-01 1.746789e-01
0.700000 87.125000 2.842020175989e-02 -8.550242939532e-02 9.010202e-02
0.700000 87.150000 6.523507176405e-02 -5.817402435865e-03 6.549394e-02
0.700000 87.175000 1.109739920645e-01 6.285650460702e-02 1.275389e-01
0.700000 87.200000 1.630981859301e-01 1.195199575494e-01 2.022030e-01
0.700000 87.225000 2.189891852598e-01 1.637396280227e-01 2.734354e-01
0.700000 87.250000 2.760759019112e-01 1.956400412343e-01 3.383680e-01
0.700000 87.275000 3.319541029581e-01 2.158664350200e-01 3.959695e-01
0.700000 87.300000 3.844915688720e-01 2.255218307068e-01 4.457509e-01
0.700000 87.325000 4.319133614807e-01 2.260830925595e-01 4.875066e-01
0.700000 87.350000 4.728631469012e-01 2.193019404591e-01 5.212417e-01
0.700000 87.375000 5.064382792712e-01 2.070975940046e-01 5.471464e-01
0.700000 87.400000 5.321982066233e-01 1.914479213550e-01 5.655857e-01
0.700000 87.425000 5.501475577087e-01 1.742856444797e-01 5.770943e-01
0.700000 87.450000 5.606968636110e-01 1.574053609692e-01 5.823722e-01
0.700000 87.475000 5.646051382897e-01 1.423859684580e-01 5.822823e-01
0.700000 87.500000 5.629093987071e-01 1.305316397345e-01 5.778456e-01
0.700000 87.525000 5.568466000772e-01 1.228329330248e-01 5.702333e-01
0.700000 87.550000 5.477733920615e-01 1.199480765077e-01 5.607524e-01
0.700000 87.575000 5.370886085125e-01 1.222030739272e-01 5.508155e-01
0.700000 87.600000 5.261625662252e-01 1.296081521878e-01 5.418905e-01
0.700000 87.625000 5.162761759203e-01 1.418872921531e-01 5.354186e-01
0.700000 87.650000 5.085716869071e-01 1.585171905960e-01 5.327034e-01
0.700000 87.675000 5.040157239107e-01 1.787719916760e-01 5.347815e-01
0.700000 87.700000 5.033742475592e-01 2.017704570335e-01 5.423071e-01
0.700000 87.725000 5.071982723078e-01 2.265228370024e-01 5.554842e-01
0.700000 87.750000 5.158186671821e-01 2.519754600253e-01 5.740736e-01
0.700000 87.775000 5.293481667503e-01 2.770518605437e-01 5.974673e-01
0.700000 87.800000 5.476888135715e-01 3.006900076646e-01 6.248020e-01
0.700000 87.825000 5.705433845482e-01 3.218757841018e-01 6.550754e-01
0.700000 87.850000 5.974298399703e-01 3.396732307935e-01 6.872411e-01
0.700000 87.875000 6.276983771997e-01 3.532521854986e-01 7.202724e-01
0.700000 87.900000 6.605511696153e-01 3.619138097532e-01 7.531995e-01
0.700000 87.925000 6.950652349592e-01 3.651141602153e-01 7.851268e-01
0.700000 87.950000 7.302190376726e-01 3.624854898635e-01 8.152396e-01
0.700000 87.975000 7.649233510639e-01 3.538544536943e-01 8.428053e-01
0.700000 88.000000 7.980565878570e-01 3.392559413917e-01 8.671729e-01
0.700000 88.025000 8.285042893676e-01 3.189409581231e-01 8.877740e-01
0.700000 88.050000 8.552018139625e-01 2.933768967552e-01 9.041240e-01
0.700000 88.075000 8.771785774681e-01 2.632387329092e-01 9.158258e-01
0.700000 88.100000 8.936015756389e-01 2.293901342698e-01 9.225744e-01
0.700000 88.125000 9.038154626814e-01 1.928541746982e-01 9.241618e-01
0.700000 88.150000 9.073762545380e-01 1.547742138162e-01 9.204818e-01
0.700000 88.175000 9.040758271572e-01 1.163664480094e-01 9.115340e-01
0.700000 88.200000 8.939548074668e-01 7.886654736210e-02 8.974269e-01
0.700000 88.225000 8.773021867639e-01 4.347355084549e-02 8.783787e-01
0.700000 88.250000 8.546409618752e-01 1.129469739003e-02 8.547156e-01
0.700000 88.275000 8.267002348462e-01 -1.670495292276e-02 8.268690e-01
0.700000 88.300000 7.943753607418e-01 -3.974444579286e-02 7.953690e-01
0.700000 88.325000 7.586788001986e-01 -5.725730617152e-02 7.608363e-01
0.700000 88.350000 7.206851895847e-01 -6.890814040109e-02 7.239720e-01
0.700000 88.375000 6.814746883922e-01 -7.459437395178e-02 6.855451e-01
0.700000 88.400000 6.420788347857e-01 -7.443328574930e-02 6.463788e-01
0.700000 88.425000 6.034329108312e-01 -6.873575509004e-02 6.073351e-01
0.700000 88.450000 5.663382077090e-01 -5.796926294432e-02 5.692973e-01
0.700000 88.475000 5.314366493034e-01 -4.271356922754e-02 5.331504e-01
0.700000 88.500000 4.991990762772e-01 -2.361303129904e-02 4.997572e-01
0.700000 88.525000 4.699272325083e-01 -1.329683426238e-03 4.699291e-01
0.700000 88.550000 4.437682621762e-01 2.349904809920e-02 4.443900e-01
0.700000 88.575000 4.207394446657e-01 5.029473101796e-02 4.237349e-01
0.700000 88.600000 4.007600726408e-01 7.856205708925e-02 4.083878e-01
0.700000 88.625000 3.836868923750e-01 1.079014571067e-01 3.985704e-01
0.700000 88.650000 3.693494124493e-01 1.380101130645e-01 3.942915e-01
0.700000 88.675000 3.575816434538e-01 1.686723998872e-01 3.953669e-01
0.700000 88.700000 3.482474138226e-01 1.997417456637e-01 4.014636e-01
0.700000 88.725000 3.412572386391e-01 2.311166017623e-01 4.121546e-01
0.700000 88.750000 3.365756992446e-01 2.627136041515e-01 4.269680e-01
0.700000 88.775000 3.342193111076e-01 2.944410633111e-01 4.454190e-01
0.700000 88.800000 3.342458073732e-01 3.261756583920e-01 4.670234e-01
0.700000 88.825000 3.367365520309e-01 3.577446813823e-01 4.912970e-01
0.700000 88.850000 3.417743502714e-01 3.889154543936e-01 5.177499e-01
0.700000 88.875000 3.494192055513e-01 4.193927186952e-01 5.458791e-01
0.700000 88.900000 3.596845772959e-01 4.488239626121e-01 5.751660e-01
0.700000 88.925000 3.725164453188e-01 4.768119043558e-01 6.050769e-01
0.700000 88.950000 3.877770378644e-01 5.029327458554e-01 6.350688e-01
0.700000 88.975000 4.052344981503e-01 5.267584115257e-01 6.645972e-01
0.700000 89.000000 4.245591256730e-01 5.478808013841e-01 6.931261e-01
0.700000 89.025000 4.453262076441e-01 5.659361138343e-01 7.201383e-01
0.700000 89.050000 4.670249162047e-01 5.806274993314e-01 7.451447e-01
0.700000 89.075000 4.890723346664e-01 5.917446444573e-01 7.676936e-01
0.700000 89.100000 5.108314158310e-01 5.991792998172e-01 7.873783e-01
0.700000 89.125000 5.316315705529e-01 6.029361967112e-01 8.038434e-01
0.700000 89.150000 5.507906185637e-01 6.031391953905e-01 8.167908e-01
0.700000 89.175000 5.676369747064e-01 6.000328329814e-01 8.259849e-01
0.700000 89.200000 5.815311518939e-01 5.939796690851e-01 8.312583e-01
0.700000 89.225000 5.918858950510e-01 5.854539559618e-01 8.325174e-01
0.700000 89.250000 5.981844801323e-01 5.750321980374e-01 8.297510e-01
0.700000 89.275000 5.999968905114e-01 5.633811341531e-01 8.230398e-01
0.700000 89.300000 5.969937035637e-01 5.512436044510e-01 8.125706e-01
0.700000 89.325000 5.889575805180e-01 5.394226823991e-01 7.986538e-01
0.700000 89.350000 5.757922622865e-01 5.287643877436e-01 7.817471e-01
0.700000 89.375000 5.575289516991e-01 5.201392666846e-01 7.624850e-01
0.700000 89.400000 5.343299320723e-01 5.144231393039e-01 7.417140e-01
0.700000 89.425000 5.064892570901e-01 5.124773680439e-01 7.205307e-01
0.700000 89.450000 4.744303670338e-01 5.151290817297e-01 7.003157e-01
0.700000 89.475000 4.387005530272e-01 5.231518769847e-01 6.827489e-01
0.700000 89.500000 3.999623057985e-01 5.372475894672e-01 6.697797e-01
0.700000 89.525000 3.589817397821e-01 5.580297587882e-01 6.635248e-01
0.700000 89.550000 3.166144595160e-01 5.860093860982e-01 6.660719e-01
0.700000 89.575000 2.737894092858e-01 6.215834933484e-01 6.792103e-01
0.700000 89.600000 2.314913924993e-01 6.650268395817e-01 7.041654e-01
0.700000 89.625000 1.907430397100e-01 7.164869442587e-01 7.414421e-01
0.700000 89.650000 1.525870246579e-01 7.759823316859e-01 7.908422e-01
0.700000 89.675000 1.180692661623e-01 8.434036717326e-01 8.516279e-01
0.700000 89.700000 8.822371104623e-02 9.185172804788e-01 9.227445e-01
0.700000 89.725000 6.405908165922e-02 1.000970289117e+00 1.003018e+00
0.700000 89.750000 4.654771332785e-02 1.090296713563e+00 1.091290e+00
0.700000 89.775000 3.661633219701e-02 1.185923675157e+00 1.186489e+00
0.700000 89.800000 3.513836640872e-02 1.287177137331e+00 1.287657e+00
0.700000 89.825000 4.292717718897e-02 1.393286724960e+00 1.393948e+00
0.700000 89.850000 6.072947037379e-02 1.503389461196e+00 1.504616e+00
0.700000 89.875000 8.921812391726e-02 1.616532560467e+00 1.618993e+00
0.700000 89.900000 1.289837523650e-01 1.731675719310e+00 1.736473e+00
0.700000 89.925000 1.805245213428e-01 1.847693610216e+00 1.856492e+00
0.700000 89.950000 2.442340068479e-01 1.963379471599e+00 1.978512e+00
0.700000 89.975000 3.203872367281e-01 2.077450770597e+00 2.102011e+00
0.700000 90.000000 4.091254174005e-01 2.188557876296e+00 2.226470e+00
0.700000 90.025000 5.104401947759e-01 2.295296514695e+00 2.351369e+00
0.700000 90.050000 6.241585814917e-01 2.396224493246e+00 2.476180e+00
0.700000 90.075000 7.499298644685e-01 2.489882806408e+00 2.600368e+00
0.700000 90.100000 8.872158584787e-01 2.574820801208e+00 2.723390e+00
0.700000 90.125000 1.035285777007e+00 2.649624638537e+00 2.844702e+00
0.700000 90.150000 1.193216751121e+00 2.712947881600e+00 2.963756e+00
0.700000 90.175000 1.359900657015e+00 2.763542725722e+00 3.080016e+00
0.700000 90.200000 1.534057445953e+00 2.800290195111e+00 3.192954e+00
0.700000 90.225000 1.714254652071e+00 2.822227601463e+00 3.302066e+00
0.700000 90.250000 1.898932238573e+00 2.828571699681e+00 3.406870e+00
0.700000 90.275000 2.086431488663e+00 2.818736281848e+00 3.506918e+00
0.700000 90.300000 2.275026308528e+00 2.792343396859e+00 3.601795e+00
0.700000 90.325000 2.462955130091e+00 2.749227926921e+00 3.691125e+00
0.700000 90.350000 2.648451609927e+00 2.689435836481e+00 3.774568e+00
0.700000 90.375000 2.829772525919e+00 2.613216968408e+00 3.851820e+00
0.700000 90.400000 3.005221660975e+00 2.521013729859e+00 3.922610e+00
0.700000 90.425000 3.173168996127e+00 2.413447325699e+00 3.986694e+00
0.700000 90.450000 3.332065157051e+00 2.291303314675e+00 4.043851e+00
0.700000 90.475000 3.480451696589e+00 2.155518157418e+00 4.093874e+00
0.700000 90.500000 3.616968372808e+00 2.007168096121e+00 4.136567e+00
0.700000 90.525000 3.740359020685e+00 1.847461180892e+00 4.171738e+00
0.700000 90.550000 3.849477850304e+00 1.677732591348e+00 4.199198e+00
0.700000 90.575000 3.943297990717e+00 1.499442669167e+00 4.218759e+00
0.700000 90.600000 4.020923818726e+00 1.314176367654e+00 4.230235e+00
0.700000 90.625000 4.081608080113e+00 1.123642231220e+00 4.233450e+00
0.700000 90.650000 4.124774073949e+00 9.296686273189e-01 4.228244e+00
0.700000 90.675000 4.150042304359e+00 7.341948337811e-01 4.214486e+00
0.700000 90.700000 4.157260106158e+00 5.392547751867e-01 4.192089e+00
0.700000 90.725000 4.146531930545e+00 3.469517076565e-01 4.161022e+00
0.700000 90.750000 4.118247342335e+00 1.594229383115e-01 4.121332e+00
0.700000 90.775000 4.073103424777e+00 -2.120533673853e-02 4.073159e+00
0.700000 90.800000 4.012118278009e+00 -1.928718849100e-01 4.016752e+00
0.700000 90.825000 3.936632662170e+00 -3.536406939324e-01 3.952485e+00
0.700000 90.850000 3.848297562390e+00 -5.017643912148e-01 3.880871e+00
0.700000 90.875000 3.749046482832e+00 -6.357468876930e-01 3.802568e+00
0.700000 90.900000 3.641052513792e+00 -7.544009661441e-01 3.718385e+00
0.700000 90.925000 3.526671533123e+00 -8.568966052148e-01 3.629281e+00
0.700000 90.950000 3.408374158742e+00 -9.427963277567e-01 3.536365e+00
0.700000 90.975000 3.288670121723e+00 -1.012074748888e+00 3.440879e+00
0.700000 91.000000 3.170029456618e+00 -1.065120691793e+00 3.344184e+00
0.700000 91.025000 3.054805218550e+00 -1.102721615123e+00 3.247742e+00
0.700000 91.050000 2.945162292859e+00 -1.126031507435e+00 3.153082e+00
0.700000 91.075000 2.843016273081e+00 -1.136524696050e+00 3.061769e+00
0.700000 91.100000 2.749985410496e+00 -1.135939046083e+00 2.975362e+00
0.700000 91.125000 2.667357393633e+00 -1.126212675420e+00 2.895367e+00
0.700000 91.150000 2.596071343197e+00 -1.109418513007e+00 2.823189e+00
0.700000 91.175000 2.536714067593e+00 -1.087700764699e+00 2.760074e+00
0.700000 91.200000 2.489528473690e+00 -1.063216664012e+00 2.707061e+00
0.700000 91.225000 2.454431200440e+00 -1.038085868050e+00 2.664931e+00
0.700000 91.250000 2.431036132023e+00 -1.014348646574e+00 2.634168e+00
0.700000 91.275000 2.418680491690e+00 -9.939327641241e-01 2.614941e+00
0.700000 91.300000 2.416450697646e+00 -9.786278346651e-01 2.607095e+00
0.700000 91.325000 2.423206001533e+00 -9.700650815829e-01 2.610164e+00
0.700000 91.350000 2.437599004208e+00 -9.696999721082e-01 2.623396e+00
0.700000 91.375000 2.458093297390e+00 -9.787951723069e-01 2.645801e+00
0.700000 91.400000 2.482979547176e+00 -9.984016845823e-01 2.676190e+00
0.700000 91.425000 2.510392161908e+00 -1.029336822436e+00 2.713227e+00
0.700000 91.450000 2.538329150018e+00 -1.072158733208e+00 2.755474e+00
0.700000 91.475000 2.564677800237e+00 -1.127138347815e+00 2.801431e+00
0.700000 91.500000 2.587248393262e+00 -1.194230749442e+00 2.849569e+00
0.700000 91.525000 2.603817328844e+00 -1.273048848851e+00 2.898365e+00
0.700000 91.550000 2.612179929126e+00 -1.362842798411e+00 2.946324e+00
0.700000 91.575000 2.610211903772e+00 -1.462488682560e+00 2.992003e+00
0.700000 91.600000 2.595937203323e+00 -1.570489660082e+00 3.034028e+00
0.700000 91.625000 2.567598911892e+00 -1.684991937146e+00 3.071117e+00
0.700000 91.650000 2.523729083287e+00 -1.803816811904e+00 3.102090e+00
0.700000 91.675000 2.463213107259e+00 -1.924508689873e+00 3.125884e+00
0.700000 91.700000 2.385344349114e+00 -2.044397589921e+00 3.141565e+00
0.700000 91.725000 2.289865417794e+00 -2.160673413426e+00 3.148332e+00
0.700000 91.750000 2.176993406089e+00 -2.270468285084e+00 3.145525e+00
0.700000 91.775000 2.047427684063e+00 -2.370942704410e+00 3.132623e+00
0.700000 91.800000 1.902340154648e+00 -2.459371128772e+00 3.109245e+00
0.700000 91.825000 1.743349131830e+00 -2.533222936404e+00 3.075140e+00
0.700000 91.850000 1.572479025294e+00 -2.590235424981e+00 3.030183e+00
0.700000 91.875000 1.392108695899e+00 -2.628476471471e+00 2.974366e+00
0.700000 91.900000 1.204911621791e+00 -2.646395562439e+00 2.907786e+00
0.700000 91.925000 1.013790884304e+00 -2.642862940282e+00 2.830635e+00
0.700000 91.950000 8.218115058328e-01 -2.617197452811e+00 2.743191e+00
0.700000 91.975000 6.321319593884e-01 -2.569184228939e+00 2.645808e+00
0.700000 92.000000 4.479358666304e-01 -2.499083471689e+00 2.538910e+00
0.700000 92.025000 2.723641645811e-01 -2.407631462490e+00 2.422988e+00
0.700000 92.050000 1.084474951280e-01 -2.296034370213e+00 2.298594e+00
0.700000 92.075000 -4.096163523610e-02 -2.165954769598e+00 2.166342e+00
0.700000 92.100000 -1.732572095392e-01 -2.019490046975e+00 2.026909e+00
0.700000 92.125000 -2.861483165915e-01 -1.859141269298e+00 1.881034e+00
0.700000 92.150000 -3.777269465039e-01 -1.687770765759e+00 1.729522e+00
0.700000 92.175000 -4.465328839411e-01 -1.508546733201e+00 1.573247e+00
0.700000 92.200000 -4.916126177109e-01 -1.324873684772e+00 1.413143e+00
0.700000 92.225000 -5.125683655175e-01 -1.140308505851e+00 1.250212e+00
0.700000 92.250000 -5.095928428510e-01 -9.584631823863e-01 1.085512e+00
0.700000 92.275000 -4.834854177005e-01 -7.828967829198e-01 9.201552e-01
0.700000 92.300000 -4.356458620931e-01 -6.170008202656e-01 7.552995e-01
0.700000 92.325000 -3.680430390371e-01 -4.638834849551e-01 5.921516e-01
0.700000 92.350000 -2.831574744588e-01 -3.262592300420e-01 4.319991e-01
0.700000 92.375000 -1.838987130923e-01 -2.063506303290e-01 2.764043e-01
0.700000 92.400000 -7.350044592056e-02 -1.058092318717e-01 1.288329e-01
0.700000 92.425000 4.460160459369e-02 -2.566121833369e-02 5.145679e-02
0.700000 92.450000 1.669023774176e-01 3.371779968225e-02 1.702742e-01
0.700000 92.475000 2.899629258452e-01 7.259658835568e-02 2.989126e-01
0.700000 92.500000 4.105403305780e-01 9.185073336054e-02 4.206898e-01
0.700000 92.525000 5.257040386448e-01 9.289616942662e-02 5.338487e-01
0.700000 92.550000 6.329315966600e-01 7.759846929658e-02 6.376707e-01
0.700000 92.575000 7.301783932143e-01 4.816437960183e-02 7.317652e-01
0.700000 92.600000 8.159181478157e-01 7.023308911821e-03 8.159484e-01
0.700000 92.625000 8.891532625317e-01 -4.329302640465e-02 8.902066e-01
0.700000 92.650000 9.493965407801e-01 -1.002648486420e-01 9.546763e-01
0.700000 92.675000 9.966279323327e-01 -1.614854735782e-01 1.009626e+00
0.700000 92.700000 1.031231673469e+00 -2.247439419513e-01 1.055438e+00
0.700000 92.725000 1.053920301652e+00 -2.880856496745e-01 1.092585e+00
0.700000 92.750000 1.065652453348e+00 -3.498496320625e-01 1.121610e+00
0.700000 92.775000 1.067551099972e+00 -4.086832383393e-01 1.143104e+00
0.700000 92.800000 1.060828015328e+00 -4.635367484111e-01 1.157680e+00
0.700000 92.825000 1.046718937517e+00 -5.136418642759e-01 1.165954e+00
0.700000 92.850000 1.026432272003e+00 -5.584788447306e-01 1.168530e+00
0.700000 92.875000 1.001112482534e+00 -5.977373060985e-01 1.165983e+00
0.700000 92.900000 9.718177282857e-01 -6.312754163072e-01 1.158852e+00
0.700000 92.925000 9.395099940453e-01 -6.590814593424e-01 1.147636e+00
0.700000 92.950000 9.050550420068e-01 -6.812406819579e-01 1.132790e+00
0.700000 92.975000 8.692290458874e-01 -6.979091188440e-01 1.114736e+00
0.700000 93.000000 8.327287461517e-01 -7.092948918584e-01 1.093863e+00
0.700000 93.025000 7.961823288172e-01 -7.156464388130e-01 1.070540e+00
0.700000 93.050000 7.601588767132e-01 -7.172463556659e-01 1.045124e+00
0.700000 93.075000 7.251750433115e-01 -7.144090924391e-01 1.017968e+00
0.700000 93.100000 6.916984223367e-01 -7.074806358142e-01 9.894319e-01
0.700000 93.125000 6.601478120849e-01 -6.968385004648e-01 9.598849e-01
0.700000 93.150000 6.308911117092e-01 -6.828907599726e-01 9.297115e-01
0.700000 93.175000 6.042418868315e-01 -6.660733774151e-01 8.993120e-01
0.700000 93.200000 5.804556955221e-01 -6.468456407736e-01 8.691019e-01
0.700000 93.225000 5.597271043655e-01 -6.256839752725e-01 8.395087e-01
0.700000 93.250000 5.421880102527e-01 -6.030747239295e-01 8.109667e-01
0.700000 93.275000 5.279074971447e-01 -5.795066218946e-01 7.839096e-01
0.700000 93.300000 5.168930824906e-01 -5.554636383184e-01 7.587610e-01
0.700000 93.325000 5.090929190981e-01 -5.314186529763e-01 7.359221e-01
0.700000 93.350000 5.043983673348e-01 -5.078281303408e-01 7.157563e-01
0.700000 93.375000 5.026463630544e-01 -4.851276217478e-01 6.985715e-01
0.700000 93.400000 5.036211711479e-01 -4.637276384915e-01 6.846003e-01
0.700000 93.425000 5.070553977391e-01 -4.440092559382e-01 6.739803e-01
0.700000 93.450000 5.126304795864e-01 -4.263187713134e-01 6.667366e-01
0.700000 93.475000 5.199772105380e-01 -4.109608593855e-01 6.627708e-01
0.700000 93.500000 5.286771359737e-01 -3.981899366457e-01 6.618570e-01
0.700000 93.525000 5.382657927238e-01 -3.881998167308e-01 6.636484e-01
0.700000 93.550000 5.482387595262e-01 -3.811121607440e-01 6.676917e-01
0.700000 93.575000 5.580613022407e-01 -3.769646301929e-01 6.734499e-01
0.700000 93.600000 5.671820651208e-01 -3.756999735430e-01 6.803278e-01
0.700000 93.625000 5.750508136156e-01 -3.771574672144e-01 6.876999e-01
0.700000 93.650000 5.811397309897e-01 -3.810681542272e-01 6.949362e-01
0.700000 93.675000 5.849672740473e-01 -3.870551676387e-01 7.014260e-01
0.700000 93.700000 5.861231647287e-01 -3.946401040440e-01 7.065983e-01
0.700000 93.725000 5.842927870035e-01 -4.032559582739e-01 7.099390e-01
0.700000 93.750000 5.792791088878e-01 -4.122665928472e-01 7.110049e-01
0.700000 93.775000 5.710202743430e-01 -4.209921515546e-01 7.094354e-01
0.700000 93.800000 5.596012056974e-01 -4.287392928526e-01 7.049616e-01
0.700000 93.825000 5.452579023839e-01 -4.348346658052e-01 6.974148e-01
0.700000 93.850000 5.283735810204e-01 -4.386597173856e-01 6.867321e-01
0.700000 93.875000 5.094663322228e-01 -4.396847283514e-01 6.729626e-01
0.700000 93.900000 4.891685263311e-01 -4.374999336070e-01 6.562713e-01
0.700000 93.925000 4.681987421682e-01 -4.318416865190e-01 6.369437e-01
0.700000 93.950000 4.473274857329e-01 -4.226118594946e-01 6.153882e-01
0.700000 93.975000 4.273383837150e-01 -4.098890137844e-01 5.921377e-01
0.700000 94.000000 4.089868626477e-01 -3.939302962953e-01 5.678480e-01
0.700000 94.025000 3.929585477834e-01 -3.751635072867e-01 5.432900e-01
0.700000 94.050000 3.798297299642e-01 -3.541693093371e-01 5.193328e-01
0.700000 94.075000 3.700322491715e-01 -3.316540958819e-01 4.969087e-01
0.700000 94.100000 3.638250255282e-01 -3.084145881865e-01 4.769572e-01
0.700000 94.125000 3.612742277076e-01 -2.852957621239e-01 4.603398e-01
0.700000 94.150000 3.622437016836e-01 -2.631441957531e-01 4.477336e-01
0.700000 94.175000 3.663967903591e-01 -2.427593453594e-01 4.395210e-01
0.700000 94.200000 3.732100653584e-01 -2.248455664003e-01 4.357078e-01
0.700000 94.225000 3.819987859237e-01 -2.099678593186e-01 4.359009e-01
0.700000 94.250000 3.919531300427e-01 -1.985143029631e-01 4.393577e-01
0.700000 94.275000 4.021834577782e-01 -1.906679125305e-01 4.450908e-01
0.700000 94.300000 4.117721270618e-01 -1.863902105578e-01 4.519929e-01
0.700000 94.325000 4.198287568457e-01 -1.854181341830e-01 4.589511e-01
0.700000 94.350000 4.255453913438e-01 -1.872750488089e-01 4.649310e-01
0.700000 94.375000 4.282478242693e-01 -1.912956512138e-01 4.690312e-01
0.700000 94.400000 4.274394385701e-01 -1.966635000710e-01 4.705114e-01
0.700000 94.425000 4.228343248429e-01 -2.024589010101e-01 4.688054e-01
0.700000 94.450000 4.143771486244e-01 -2.077139960439e-01 4.635230e-01
0.700000 94.475000 4.022481975276e-01 -2.114712582458e-01 4.544488e-01
0.700000 94.500000 3.868531762070e-01 -2.128412502469e-01 4.415391e-01
0.700000 94.525000 3.687985275025e-01 -2.110555199078e-01 4.249197e-01
0.700000 94.550000 3.488542239741e-01 -2.055108925593e-01 4.048876e-01
0.700000 94.575000 3.279069760546e-01 -1.958021499787e-01 3.819181e-01
0.700000 94.600000 3.069075348501e-01 -1.817410952941e-01 3.566820e-01
0.700000 94.625000 2.868161496731e-01 -1.633611898843e-01 3.300763e-01
0.700000 94.650000 2.685502309703e-01 -1.409081896391e-01 3.032727e-01
0.700000 94.675000 2.529378710508e-01 -1.148183716619e-01 2.777784e-01
0.700000 94.700000 2.406801359499e-01 -8.568690424247e-02 2.554783e-01
0.700000 94.725000 2.323240502286e-01 -5.422957172709e-02 2.385693e-01
0.700000 94.750000 2.282470707512e-01 -2.124135733125e-02 2.292333e-01
0.700000 94.775000 2.286527188474e-01 1.244470828934e-02 2.289911e-01
0.700000 94.800000 2.335760441410e-01 4.599547811911e-02 2.380617e-01
0.700000 94.825000 2.428968400903e-01 7.861018322941e-02 2.553007e-01
0.700000 94.850000 2.563580995138e-01 1.095461901857e-01 2.787828e-01
0.700000 94.875000 2.735871226328e-01 1.381376868468e-01 3.064832e-01
0.700000 94.900000 2.941169566233e-01 1.638078473960e-01 3.366568e-01
0.700000 94.925000 3.174063945019e-01 1.860757170621e-01 3.679280e-01
0.700000 94.950000 3.428574952114e-01 2.045594662469e-01 3.992441e-01
0.700000 94.975000 3.698303855395e-01 2.189777504228e-01 4.297974e-01
0.700000 95.000000 3.976558414245e-01 2.291506817700e-01 4.589556e-01
0.700000 95.025000 4.256467067596e-01 2.350014233621e-01 4.862106e-01
0.700000 95.050000 4.531095059959e-01 2.365587478095e-01 5.111441e-01
0.700000 95.075000 4.793575975552e-01 2.339601761071e-01 5.334052e-01
0.700000 95.100000 5.037269006255e-01 2.274546537708e-01 5.526992e-01
0.700000 95.125000 5.255946578545e-01 2.174032449504e-01 5.687828e-01
0.700000 95.150000 5.444009604283e-01 2.042761188694e-01 5.814646e-01
0.700000 95.175000 5.596719769223e-01 1.886442143174e-01 5.906093e-01
0.700000 95.200000 5.710431203772e-01 1.711643970913e-01 5.961439e-01
0.700000 95.225000 5.782798784074e-01 1.525576240740e-01 5.980648e-01
0.700000 95.250000 5.812938122641e-01 1.335805059028e-01 5.964447e-01
0.700000 95.275000 5.801513566105e-01 1.149915980773e-01 5.914378e-01
0.700000 95.300000 5.750735282273e-01 9.751461499320e-02 5.832827e-01
0.700000 95.325000 5.664254351859e-01 8.180142542565e-02 5.723017e-01
0.700000 95.350000 5.546954799201e-01 6.839804759322e-02 5.588966e-01
0.700000 95.375000 5.404652488639e-01 5.771685161603e-02 5.435383e-01
0.700000 95.400000 5.243721397804e-01 5.001777933362e-02 5.267522e-01
0.700000 95.425000 5.070676591312e-01 4.540063941190e-02 5.090961e-01
0.700000 95.450000 4.891749093238e-01 4.380950980503e-02 4.911327e-01
0.700000 95.475000 4.712489984929e-01 4.504909706065e-02 4.733973e-01
0.700000 95.500000 4.537439090994e-01 4.881170134111e-02 4.563618e-01
0.700000 95.525000 4.369887724368e-01 5.471235963099e-02 4.404005e-01
0.700000 95.550000 4.211755792525e-01 6.232891492819e-02 4.257626e-01
0.700000 95.575000 4.063592173500e-01 7.124328288214e-02 4.125572e-01
0.700000 95.600000 3.924694968844e-01 8.108011313880e-02 4.007571e-01
0.700000 95.625000 3.793336442997e-01 9.153937541704e-02 3.902223e-01
0.700000 95.650000 3.667067494343e-01 1.024200962519e-01 3.807410e-01
0.700000 95.675000 3.543069457443e-01 1.136334454253e-01 3.720833e-01
0.700000 95.700000 3.418517622556e-01 1.252045049355e-01 3.640588e-01
0.700000 95.725000 3.290921344322e-01 1.372632161990e-01 3.565709e-01
0.700000 95.750000 3.158409800430e-01 1.500260624920e-01 3.496618e-01
0.700000 95.775000 3.019939735946e-01 1.637708897740e-01 3.435422e-01
0.700000 95.800000 2.875410943744e-01 1.788078160770e-01 3.386032e-01
0.700000 95.825000 2.725685640591e-01 1.954493819412e-01 3.354014e-01
0.700000 95.850000 2.572518101692e-01 2.139829479565e-01 3.346150e-01
0.700000 95.875000 2.418409804025e-01 2.346478860432e-01 3.369669e-01
0.700000 95.900000 2.266412004102e-01 2.576194075619e-01 3.431239e-01
0.700000 95.925000 2.119901545677e-01 2.830000155108e-01 3.535942e-01
0.700000 95.950000 1.982356513732e-01 3.108186627003e-01 3.686538e-01
0.700000 95.975000 1.857156230691e-01 3.410368440393e-01 3.883251e-01
0.700000 96.000000 1.747425448703e-01 3.735601373638e-01 4.124102e-01
0.700000 96.025000 1.655936087211e-01 4.082532005877e-01 4.405586e-01
0.700000 96.050000 1.585072304818e-01 4.449559735479e-01 4.723456e-01
0.700000 96.075000 1.536856934323e-01 4.834988322726e-01 5.073366e-01
0.700000 96.100000 1.513030160653e-01 5.237146859366e-01 5.451327e-01
0.700000 96.125000 1.515165472993e-01 5.654464539071e-01 5.853947e-01
0.700000 96.150000 1.544803887143e-01 6.085489566399e-01 6.278503e-01
0.700000 96.175000 1.603585518567e-01 6.528849343131e-01 6.722898e-01
0.700000 96.200000 1.693357884068e-01 6.983156024739e-01 7.185536e-01
0.700000 96.225000 1.816242715101e-01 7.446867990376e-01 7.665154e-01
0.700000 96.250000 1.974647301249e-01 7.918123140190e-01 8.160631e-01
0.700000 96.275000 2.171212035578e-01 8.394563761400e-01 8.670805e-01
0.700000 96.300000 2.408692394695e-01 8.873174663797e-01 9.194293e-01
0.700000 96.325000 2.689780487053e-01 9.350156200353e-01 9.729355e-01
0.700000 96.350000 3.016877952549e-01 9.820851637900e-01 1.027379e+00
0.700000 96.375000 3.391837816532e-01 1.027974425901e+00 1.082487e+00
0.700000 96.400000 3.815697359365e-01 1.072053384106e+00 1.137934e+00
0.700000 96.425000 4.288426707065e-01 1.113629519327e+00 1.193347e+00
0.700000 96.450000 4.808718343619e-01 1.151971378137e+00 1.248309e+00
0.700000 96.475000 5.373840907461e-01 1.186338577353e+00 1.302375e+00
0.700000 96.500000 5.979576463306e-01 1.216016279973e+00 1.355083e+00
0.700000 96.525000 6.620254144306e-01 1.240351603675e+00 1.405969e+00
0.700000 96.550000 7.288885064243e-01 1.258789056463e+00 1.454589e+00
0.700000 96.575000 7.977394339502e-01 1.270901981297e+00 1.500527e+00
0.700000 96.600000 8.676936743262e-01 1.276417165726e+00 1.543416e+00
0.700000 96.625000 9.378273859859e-01 1.275230240697e+00 1.582951e+00
0.700000 96.650000 1.007218356408e+00 1.267410231742e+00 1.618894e+00
0.700000 96.675000 1.074986809186e+00 1.253192581263e+00 1.651087e+00
0.700000 96.700000 1.140332558701e+00 1.232961048602e+00 1.679450e+00
0.700000 96.725000 1.202565220841e+00 1.207220008262e+00 1.703979e+00
0.700000 96.750000 1.261124770337e+00 1.176559685980e+00 1.724740e+00
0.700000 96.775000 1.315590642374e+00 1.141617676908e+00 1.741858e+00
0.700000 96.800000 1.365678730231e+00 1.103040573916e+00 1.755499e+00
0.700000 96.825000 1.411226918098e+00 1.061449619096e+00 1.765853e+00
0.700000 96.850000 1.452171070390e+00 1.017413940817e+00 1.773114e+00
0.700000 96.875000 1.488514526891e+00 9.714341637375e-01 1.777459e+00
0.700000 96.900000 1.520294985143e+00 9.239380431379e-01 1.779033e+00
0.700000 96.925000 1.547553071180e+00 8.752883887635e-01 1.777934e+00
0.700000 96.950000 1.570306831979e+00 8.258020559460e-01 1.774208e+00
0.700000 96.975000 1.588535806856e+00 7.757773639569e-01 1.767845e+00
0.700000 97.000000 1.602177289546e+00 7.255261268645e-01 1.758795e+00
0.700000 97.025000 1.611135976366e+00 6.754057050988e-01 1.746978e+00
0.700000 97.050000 1.615306557705e+00 6.258462218633e-01 1.732310e+00
0.700000 97.075000 1.614607134547e+00 5.773683970671e-01 1.714733e+00
0.700000 97.100000 1.609019827359e+00 5.305883259850e-01 1.694246e+00
0.700000 97.125000 1.598633780764e+00 4.862068950993e-01 1.670936e+00
0.700000 97.150000 1.583685109721e+00 4.449832454444e-01 1.645013e+00
0.700000 97.175000 1.564588283753e+00 4.076935776517e-01 1.616833e+00
0.700000 97.200000 1.541954038345e+00 3.750784284519e-01 1.586917e+00
0.700000 97.225000 1.516590095492e+00 3.477831188253e-01 1.555956e+00
0.700000 97.250000 1.489482653845e+00 3.262971861399e-01 1.524804e+00
0.700000 97.275000 1.461758597823e+00 3.108991213550e-01 1.494455e+00
0.700000 97.300000 1.434630457243e+00 3.016125591082e-01 1.465993e+00
0.700000 97.325000 1.409328091602e+00 2.981792124184e-01 1.440526e+00
0.700000 97.350000 1.387022653955e+00 3.000523831741e-01 1.419107e+00
0.700000 97.375000 1.368749424722e+00 3.064129638999e-01 1.402627e+00
0.700000 97.400000 1.355336471784e+00 3.162076790085e-01 1.391734e+00
0.700000 97.425000 1.347345741543e+00 3.282071286254e-01 1.386745e+00
0.700000 97.450000 1.345032148741e+00 3.410792318555e-01 1.387605e+00
0.700000 97.475000 1.348324620439e+00 3.534721308213e-01 1.393887e+00
0.700000 97.500000 1.356831035082e+00 3.640996743120e-01 1.404834e+00
0.700000 97.525000 1.369866797130e+00 3.718223449892e-01 1.419432e+00
0.700000 97.550000 1.386504634561e+00 3.757169437776e-01 1.436509e+00
0.700000 97.575000 1.405641323430e+00 3.751294383914e-01 1.454837e+00
0.700000 97.600000 1.426075617734e+00 3.697069902874e-01 1.473219e+00
0.700000 97.625000 1.446590825034e+00 3.594071144554e-01 1.490570e+00
0.700000 97.650000 1.466035280796e+00 3.444839893276e-01 1.505964e+00
0.700000 97.675000 1.483394426143e+00 3.254539061791e-01 1.518677e+00
0.700000 97.700000 1.497849205856e+00 3.030435362641e-01 1.528198e+00
0.700000 97.725000 1.508816941742e+00 2.781259489963e-01 1.534237e+00
0.700000 97.750000 1.515972530541e+00 2.516500415287e-01 1.536717e+00
0.700000 97.775000 1.519249580688e+00 2.245692079910e-01 1.535757e+00
0.700000 97.800000 1.518822761555e+00 1.977747160127e-01 1.531645e+00
0.700000 97.825000 1.515074043238e+00 1.720384524005e-01 1.524810e+00
0.700000 97.850000 1.508546546991e+00 1.479685706044e-01 1.515786e+00
0.700000 97.875000 1.499890348995e+00 1.259802617348e-01 1.505172e+00
0.700000 97.900000 1.489804776610e+00 1.062825216376e-01 1.493591e+00
0.700000 97.925000 1.478981545524e+00 8.888052669792e-02 1.481650e+00
0.700000 97.950000 1.468052581374e+00 7.359216000219e-02 1.469896e+00
0.700000 97.975000 1.457545644077e+00 6.007641064043e-02 1.458783e+00
0.700000 98.000000 1.447850026490e+00 4.787082801774e-02 1.448641e+00
0.700000 98.025000 1.439193722697e+00 3.643494184739e-02 1.439655e+00
0.700000 98.050000 1.431632628719e+00 2.519652290468e-02 1.431854e+00
0.700000 98.075000 1.425051599809e+00 1.359771003321e-02 1.425116e+00
0.700000 98.100000 1.419176569029e+00 1.138311298051e-03 1.419177e+00
0.700000 98.125000 1.413596435470e+00 -1.258604728992e-02 1.413652e+00
0.700000 98.150000 1.407793046569e+00 -2.785284037745e-02 1.408069e+00
0.700000 98.175000 1.401177309640e+00 -4.479010831108e-02 1.401893e+00
0.700000 98.200000 1.393129256892e+00 -6.336349592790e-02 1.394569e+00
0.700000 98.225000 1.383039746592e+00 -8.337342280472e-02 1.385550e+00
0.700000 98.250000 1.370351412630e+00 -1.044624500369e-01 1.374327e+00
0.700000 98.275000 1.354596487936e+00 -1.261323911628e-01 1.360456e+00
0.700000 98.300000 1.335429243584e+00 -1.477701802533e-01 1.343580e+00
0.700000 98.325000 1.312651025926e+00 -1.686809792971e-01 1.323445e+00
0.700000 98.350000 1.286226253573e+00 -1.881265143297e-01 1.299911e+00
0.700000 98.375000 1.256288256256e+00 -2.053662203974e-01 1.272963e+00
0.700000 98.400000 1.223134482341e+00 -2.196984991541e-01 1.242709e+00
0.700000 98.425000 1.187211334167e+00 -2.304992957717e-01 1.209380e+00
0.700000 98.450000 1.149089654958e+00 -2.372553177187e-01 1.173327e+00
0.700000 98.475000 1.109432618358e+00 -2.395895604496e-01 1.135008e+00
0.700000 98.500000 1.068958387079e+00 -2.372773623605e-01 1.094976e+00
0.700000 98.525000 1.028400340744e+00 -2.302519445890e-01 1.053861e+00
0.700000 98.550000 9.884678700018e-01 -2.185992368925e-01 1.012351e+00
0.700000 98.575000 9.498106638416e-01 -2.025426674618e-01 9.711662e-01
0.700000 98.600000 9.129890789960e-01 -1.824194125076e-01 9.310349e-01
0.700000 98.625000 8.784526057959e-01 -1.586502746452e-01 8.926639e-01
0.700000 98.650000 8.465276937882e-01 -1.317058165515e-01 8.567121e-01
0.700000 98.675000 8.174153548372e-01 -1.020715722584e-01 8.237636e-01
0.700000 98.700000 7.911981142582e-01 -7.021507862603e-02 7.943076e-01
0.700000 98.725000 7.678551234413e-01 -3.655713366746e-02 7.687249e-01
0.700000 98.750000 7.472836583750e-01 -1.449147049671e-03 7.472851e-01
0.700000 98.775000 7.293248611720e-01 3.484222454209e-02 7.301567e-01
0.700000 98.800000 7.137914587818e-01 7.214268152856e-02 7.174279e-01
0.700000 98.825000 7.004953038753e-01 1.103703238720e-01 7.091370e-01
0.700000 98.850000 6.892728863089e-01 1.495288880733e-01 7.053056e-01
0.700000 98.875000 6.800073955476e-01 1.896953237800e-01 7.059705e-01
0.700000 98.900000 6.726463988158e-01 2.310030531967e-01 7.112071e-01
0.700000 98.925000 6.672146609794e-01 2.736222733613e-01 7.211411e-01
0.700000 98.950000 6.638220074962e-01 3.177385344191e-01 7.359466e-01
0.700000 98.975000 6.626663811783e-01 3.635306140044e-01 7.558315e-01
0.700000 99.000000 6.640323556731e-01 4.111484754464e-01 7.810135e-01
0.700000 99.025000 6.682853617103e-01 4.606919088731e-01 8.116910e-01
0.700000 99.050000 6.758617998271e-01 5.121903568801e-01 8.480142e-01
0.700000 99.075000 6.872551153949e-01 5.655844429034e-01 8.900592e-01
0.700000 99.100000 7.029978626778e-01 6.207098436109e-01 9.378095e-01
0.700000 99.125000 7.236398399342e-01 6.772843399602e-01 9.911451e-01
0.700000 99.150000 7.497225719687e-01 7.348990849968e-01 1.049838e+00
0.700000 99.175000 7.817507550731e-01 7.930152668100e-01 1.113556e+00
0.700000 99.200000 8.201617332620e-01 8.509673496459e-01 1.181867e+00
0.700000 99.225000 8.652945835031e-01 9.079738871059e-01 1.254253e+00
0.700000 99.250000 9.173608663741e-01 9.631564885234e-01 1.330121e+00
0.700000 99.275000 9.764194506095e-01 1.015566889700e+00 1.408819e+00
0.700000 99.300000 1.042357952558e+00 1.064221279406e+00 1.489657e+00
0.700000 99.325000 1.114883172172e+00 1.108140148199e+00 1.571922e+00
0.700000 99.350000 1.193522418139e+00 1.146391069378e+00 1.654904e+00
0.700000 99.375000 1.277636803582e+00 1.178131120062e+00 1.737915e+00
0.700000 99.400000 1.366446517156e+00 1.202645226046e+00 1.820311e+00
0.700000 99.425000 1.459066835096e+00 1.219376666134e+00 1.901514e+00
0.700000 99.450000 1.554552376612e+00 1.227946358937e+00 1.981031e+00
0.700000 99.475000 1.651945976063e+00 1.228158383277e+00 2.058470e+00
0.700000 99.500000 1.750327707699e+00 1.219990399815e+00 2.133547e+00
0.700000 99.525000 1.848859186846e+00 1.203569137144e+00 2.206096e+00
0.700000 99.550000 1.946818376740e+00 1.179132725496e+00 2.276061e+00
0.700000 99.575000 2.043620786247e+00 1.146983221452e+00 2.343492e+00
0.700000 99.600000 2.138824117290e+00 1.107433977411e+00 2.408522e+00
0.700000 99.625000 2.232115012669e+00 1.060757397309e+00 2.471345e+00
0.700000 99.650000 2.323278408250e+00 1.007138953209e+00 2.532183e+00
0.700000 99.675000 2.412151911092e+00 9.466430434150e-01 2.591256e+00
0.700000 99.700000 2.498569392186e+00 8.791953502073e-01 2.648742e+00
0.700000 99.725000 2.582299392221e+00 8.045848769698e-01 2.704742e+00
0.700000 99.750000 2.662984818357e+00 7.224869507270e-01 2.759253e+00
0.700000 99.775000 2.740090641811e+00 6.325063601655e-01 2.812145e+00
0.700000 99.800000 2.812865843637e+00 5.342376848912e-01 2.863149e+00
0.700000 99.825000 2.880324730813e+00 4.273379875551e-01 2.911853e+00
0.700000 99.850000 2.941251062649e+00 3.116055928401e-01 2.957711e+00
0.700000 99.875000 2.994226358151e+00 1.870578259496e-01 3.000064e+00
0.700000 99.900000 3.037681511006e+00 5.400042277155e-02 3.038161e+00
0.700000 99.925000 3.069968651960e+00 -8.691812686661e-02 3.071199e+00
0.700000 99.950000 3.089448292146e+00 -2.346728409310e-01 3.098348e+00
0.700000 99.975000 3.094585345584e+00 -3.878529260105e-01 3.118796e+00
0.700000 100.000000 3.084046800813e+00 -5.446786251763e-01 3.131776e+00
