# zline X=10000000 rho=1.1 C(X)=86 mode=v
# sigma t ReF ImF |F|
0.800000 0.100000 -3.881522911167e+00 -2.221943912910e+00 4.472500e+00
0.800000 0.125000 -3.441723456157e+00 -2.497650237967e+00 4.252495e+00
0.800000 0.150000 -3.012518299575e+00 -2.668544598352e+00 4.024475e+00
0.800000 0.175000 -2.613902907402e+00 -2.755944471832e+00 3.798384e+00
0.800000 0.200000 -2.255467069514e+00 -2.780923293744e+00 3.580596e+00
0.800000 0.225000 -1.939717021796e+00 -2.761530527357e+00 3.374693e+00
0.800000 0.250000 -1.664998408726e+00 -2.711993553614e+00 3.182315e+00
0.800000 0.275000 -1.427584060983e+00 -2.642955376840e+00 3.003866e+00
0.800000 0.300000 -1.222982923286e+00 -2.562105275275e+00 2.839026e+00
0.800000 0.325000 -1.046678121311e+00 -2.474862534192e+00 2.687095e+00
0.800000 0.350000 -8.944965700904e-01 -2.384971459219e+00 2.547197e+00
0.800000 0.375000 -7.627603216505e-01 -2.294969879276e+00 2.418407e+00
0.800000 0.400000 -6.483177974416e-01 -2.206538654978e+00 2.299811e+00
0.800000 0.425000 -5.485143298798e-01 -2.120754606868e+00 2.190541e+00
0.800000 0.450000 -4.611360832901e-01 -2.038270631815e+00 2.089783e+00
0.800000 0.475000 -3.843459705584e-01 -1.959443178174e+00 1.996782e+00
0.800000 0.500000 -3.166211848792e-01 -1.884422573749e+00 1.910837e+00
0.800000 0.525000 -2.566968956155e-01 -1.813217453270e+00 1.831298e+00
0.800000 0.550000 -2.035178713548e-01 -1.745741152217e+00 1.757564e+00
0.800000 0.575000 -1.561982975202e-01 -1.681845426924e+00 1.689083e+00
0.800000 0.600000 -1.139892757235e-01 -1.621345087599e+00 1.625347e+00
0.800000 0.625000 -7.625310706040e-02 -1.564035926101e+00 1.565894e+00
0.800000 0.650000 -4.244329851687e-02 -1.509707534705e+00 1.510304e+00
0.800000 0.675000 -1.208919892309e-02 -1.458152123763e+00 1.458202e+00
0.800000 0.700000 1.521578025660e-02 -1.409170159318e+00 1.409252e+00
0.800000 0.725000 3.982330113822e-02 -1.362573483230e+00 1.363155e+00
0.800000 0.750000 6.203739590291e-02 -1.318186493613e+00 1.319646e+00
0.800000 0.775000 8.212056729959e-02 -1.275845913325e+00 1.278486e+00
0.800000 0.800000 1.002991700291e-01 -1.235399632404e+00 1.239464e+00
0.800000 0.825000 1.167683883436e-01 -1.196705061264e+00 1.202388e+00
0.800000 0.850000 1.316969803100e-01 -1.159627368033e+00 1.167082e+00
0.800000 0.875000 1.452318399140e-01 -1.124037895448e+00 1.133381e+00
0.800000 0.900000 1.575023403701e-01 -1.089812964704e+00 1.101135e+00
0.800000 0.925000 1.686243679213e-01 -1.056833182632e+00 1.070201e+00
0.800000 0.950000 1.787039337335e-01 -1.024983282809e+00 1.040445e+00
0.800000 0.975000 1.878402577265e-01 -9.941524579727e-01 1.011743e+00
0.800000 1.000000 1.961282454934e-01 -9.642350861529e-01 9.839795e-01
0.800000 1.025000 2.036603196916e-01 -9.351317192104e-01 9.570522e-01
0.800000 1.050000 2.105276121135e-01 -9.067501902760e-01 9.308694e-01
0.800000 1.075000 2.168205646189e-01 -8.790067035838e-01 9.053529e-01
0.800000 1.100000 2.226290204832e-01 -8.518267919784e-01 8.804388e-01
0.800000 1.125000 2.280419089975e-01 -8.251460584017e-01 8.560778e-01
0.800000 1.150000 2.331466342147e-01 -7.989106520187e-01 8.322353e-01
0.800000 1.175000 2.380282746614e-01 -7.730774620268e-01 8.088920e-01
0.800000 1.200000 2.427686873962e-01 -7.476140385284e-01 7.860429e-01
0.800000 1.225000 2.474455907915e-01 -7.224982677752e-01 7.636970e-01
0.800000 1.250000 2.521316798811e-01 -6.977178380532e-01 7.418764e-01
0.800000 1.275000 2.568938096465e-01 -6.732695335609e-01 7.206152e-01
0.800000 1.300000 2.617922677327e-01 -6.491583891596e-01 6.999584e-01
0.800000 1.325000 2.668801500288e-01 -6.253967317939e-01 6.799604e-01
0.800000 1.350000 2.722028500581e-01 -6.020031276699e-01 6.606831e-01
0.800000 1.375000 2.777976747832e-01 -5.790012503371e-01 6.421947e-01
0.800000 1.400000 2.836936029567e-01 -5.564186850437e-01 6.245669e-01
0.800000 1.425000 2.899112049827e-01 -5.342856893113e-01 6.078731e-01
0.800000 1.450000 2.964627430801e-01 -5.126339375895e-01 5.921855e-01
0.800000 1.475000 3.033524657905e-01 -4.914952871356e-01 5.775728e-01
0.800000 1.500000 3.105771010525e-01 -4.709006104321e-01 5.640971e-01
0.800000 1.525000 3.181265378651e-01 -4.508787439869e-01 5.518117e-01
0.800000 1.550000 3.259846697724e-01 -4.314556022546e-01 5.407587e-01
0.800000 1.575000 3.341303566023e-01 -4.126534975877e-01 5.309670e-01
0.800000 1.600000 3.425384469780e-01 -3.944906926766e-01 5.224514e-01
0.800000 1.625000 3.511807958127e-01 -3.769811922248e-01 5.152114e-01
0.800000 1.650000 3.600272102975e-01 -3.601347580484e-01 5.092314e-01
0.800000 1.675000 3.690462657006e-01 -3.439571095203e-01 5.044816e-01
0.800000 1.700000 3.782059482107e-01 -3.284502526704e-01 5.009185e-01
0.800000 1.725000 3.874741043147e-01 -3.136128692941e-01 4.984869e-01
0.800000 1.750000 3.968187019693e-01 -2.994406943114e-01 4.971215e-01
0.800000 1.775000 4.062079345254e-01 -2.859268162778e-01 4.967485e-01
0.800000 1.800000 4.156102202815e-01 -2.730618518748e-01 4.972873e-01
0.800000 1.825000 4.249941653380e-01 -2.608339684838e-01 4.986526e-01
0.800000 1.850000 4.343285627107e-01 -2.492287564869e-01 5.007557e-01
0.800000 1.875000 4.435824953588e-01 -2.382289809079e-01 5.035062e-01
0.800000 1.900000 4.527255953374e-01 -2.278142664212e-01 5.068134e-01
0.800000 1.925000 4.617284876387e-01 -2.179607870338e-01 5.105880e-01
0.800000 1.950000 4.705634185795e-01 -2.086410392525e-01 5.147436e-01
0.800000 1.975000 4.792050387769e-01 -1.998237740552e-01 5.191984e-01
0.800000 2.000000 4.876312839487e-01 -1.914741487471e-01 5.238765e-01
0.800000 2.025000 4.958242767322e-01 -1.835541366558e-01 5.287096e-01
0.800000 2.050000 5.037711622216e-01 -1.760232036465e-01 5.336380e-01
0.800000 2.075000 5.114647904306e-01 -1.688392295260e-01 5.386120e-01
0.800000 2.100000 5.189041703086e-01 -1.619596236674e-01 5.435922e-01
0.800000 2.125000 5.260946406507e-01 -1.553425613865e-01 5.485498e-01
0.800000 2.150000 5.330477304061e-01 -1.489482536213e-01 5.534668e-01
0.800000 2.175000 5.397807108110e-01 -1.427401588747e-01 5.583350e-01
0.800000 2.200000 5.463158705240e-01 -1.366860532815e-01 5.631555e-01
0.800000 2.225000 5.526795689053e-01 -1.307588906966e-01 5.679371e-01
0.800000 2.250000 5.589011389673e-01 -1.249374073150e-01 5.726952e-01
0.800000 2.275000 5.650117187532e-01 -1.192064511986e-01 5.774499e-01
0.800000 2.300000 5.710430877830e-01 -1.135570426160e-01 5.822245e-01
0.800000 2.325000 5.770265748849e-01 -1.079861930286e-01 5.870440e-01
0.800000 2.350000 5.829920874352e-01 -1.024965263808e-01 5.919335e-01
0.800000 2.375000 5.889672926928e-01 -9.709575468924e-02 5.969171e-01
0.800000 2.400000 5.949769626070e-01 -9.179606066188e-02 6.020167e-01
0.800000 2.425000 6.010424769864e-01 -8.661343427350e-02 6.072511e-01
0.800000 2.450000 6.071814682233e-01 -8.156699987843e-02 6.126357e-01
0.800000 2.475000 6.134075848573e-01 -7.667835807984e-02 6.181816e-01
0.800000 2.500000 6.197303509410e-01 -7.197095475745e-02 6.238954e-01
0.800000 2.525000 6.261551022699e-01 -6.746948053259e-02 6.297796e-01
0.800000 2.550000 6.326829871190e-01 -6.319929887418e-02 6.358317e-01
0.800000 2.575000 6.393110259702e-01 -5.918590036408e-02 6.420448e-01
0.800000 2.600000 6.460322297181e-01 -5.545438366794e-02 6.484079e-01
0.800000 2.625000 6.528357775097e-01 -5.202896894703e-02 6.549058e-01
0.800000 2.650000 6.597072530822e-01 -4.893255475785e-02 6.615195e-01
0.800000 2.675000 6.666289326409e-01 -4.618633278591e-02 6.682270e-01
0.800000 2.700000 6.735801093510e-01 -4.380947433525e-02 6.750033e-01
0.800000 2.725000 6.805374315161e-01 -4.181889741176e-02 6.818211e-01
0.800000 2.750000 6.874752258992e-01 -4.022911366190e-02 6.886513e-01
0.800000 2.775000 6.943657766159e-01 -3.905214161581e-02 6.954631e-01
0.800000 2.800000 7.011795351410e-01 -3.829745891912e-02 7.022246e-01
0.800000 2.825000 7.078852486431e-01 -3.797195439584e-02 7.089030e-01
0.800000 2.850000 7.144500112442e-01 -3.807983388563e-02 7.154641e-01
0.800000 2.875000 7.208392636858e-01 -3.862243440437e-02 7.218732e-01
0.800000 2.900000 7.270167880281e-01 -3.959791084689e-02 7.280944e-01
0.800000 2.925000 7.329447615249e-01 -4.100077833024e-02 7.340907e-01
0.800000 2.950000 7.385839438403e-01 -4.282131987582e-02 7.398242e-01
0.800000 2.975000 7.438940710969e-01 -4.504490037421e-02 7.452566e-01
0.800000 3.000000 7.488345169768e-01 -4.765125933596e-02 7.503491e-01
0.800000 3.025000 7.533652551125e-01 -5.061388177241e-02 7.550636e-01
0.800000 3.050000 7.574481201894e-01 -5.389956367217e-02 7.593634e-01
0.800000 3.075000 7.610483213528e-01 -5.746829177148e-02 7.632150e-01
0.800000 3.100000 7.641361160391e-01 -6.127354404450e-02 7.665888e-01
0.800000 3.125000 7.666885115010e-01 -6.526308707204e-02 7.694612e-01
0.800000 3.150000 7.686908314004e-01 -6.938030108850e-02 7.718155e-01
0.800000 3.175000 7.701379713453e-01 -7.356600730217e-02 7.736436e-01
0.800000 3.200000 7.710351738977e-01 -7.776071122005e-02 7.749464e-01
0.800000 3.225000 7.713981817041e-01 -8.190711758355e-02 7.757344e-01
0.800000 3.250000 7.712526755890e-01 -8.595272481742e-02 7.760274e-01
0.800000 3.275000 7.706329685100e-01 -8.985227653267e-02 7.758535e-01
0.800000 3.300000 7.695799996564e-01 -9.356983977870e-02 7.752475e-01
0.800000 3.325000 7.681387474951e-01 -9.708029703919e-02 7.742491e-01
0.800000 3.350000 7.663552474106e-01 -1.003700810085e-01 7.729001e-01
0.800000 3.375000 7.642734504444e-01 -1.034370444488e-01 7.712413e-01
0.800000 3.400000 7.619321877979e-01 -1.062894355957e-01 7.693101e-01
0.800000 3.425000 7.593625070463e-01 -1.089440342667e-01 7.671377e-01
0.800000 3.450000 7.565856193885e-01 -1.114235855732e-01 7.647464e-01
0.800000 3.475000 7.536116450405e-01 -1.137537376232e-01 7.621486e-01
0.800000 3.500000 7.504392715189e-01 -1.159597387930e-01 7.593456e-01
0.800000 3.525000 7.470563549644e-01 -1.180631733629e-01 7.563280e-01
0.800000 3.550000 7.434414072432e-01 -1.200790089493e-01 7.530764e-01
0.800000 3.575000 7.395658310584e-01 -1.220131960035e-01 7.495631e-01
0.800000 3.600000 7.353967005346e-01 -1.238610027981e-01 7.457546e-01
0.800000 3.625000 7.308998425155e-01 -1.256061956165e-01 7.416141e-01
0.800000 3.650000 7.260429581286e-01 -1.272210919971e-01 7.371049e-01
0.800000 3.675000 7.207985357246e-01 -1.286674342890e-01 7.321925e-01
0.800000 3.700000 7.151463425299e-01 -1.298979603651e-01 7.268478e-01
0.800000 3.725000 7.090753378281e-01 -1.308584954695e-01 7.210491e-01
0.800000 3.750000 7.025849177234e-01 -1.314903586899e-01 7.147834e-01
0.800000 3.775000 6.956854720405e-01 -1.317328713246e-01 7.080479e-01
0.800000 3.800000 6.883982992949e-01 -1.315257712388e-01 7.008504e-01
0.800000 3.825000 6.807549787499e-01 -1.308113731737e-01 6.932092e-01
0.800000 3.850000 6.727963342706e-01 -1.295363638130e-01 6.851530e-01
0.800000 3.875000 6.645711405029e-01 -1.276531749700e-01 6.767201e-01
0.800000 3.900000 6.561347181568e-01 -1.251209311978e-01 6.679581e-01
0.800000 3.925000 6.475475446965e-01 -1.219060129785e-01 6.589225e-01
0.800000 3.950000 6.388739743371e-01 -1.179823086844e-01 6.496767e-01
0.800000 3.975000 6.301811228512e-01 -1.133312452334e-01 6.402907e-01
0.800000 4.000000 6.215379344119e-01 -1.079416887061e-01 6.308414e-01
0.800000 4.025000 6.130144149492e-01 -1.018097942975e-01 6.214112e-01
0.800000 4.050000 6.046809932150e-01 -9.493886368465e-02 6.120886e-01
0.800000 4.075000 5.966079589500e-01 -8.733924201281e-02 6.029670e-01
0.800000 4.100000 5.888649271804e-01 -7.902826116579e-02 5.941442e-01
0.800000 4.125000 5.815202868167e-01 -7.003021503382e-02 5.857218e-01
0.800000 4.150000 5.746406070855e-01 -6.037633905455e-02 5.778037e-01
0.800000 4.175000 5.682899928998e-01 -5.010476159302e-02 5.704945e-01
0.800000 4.200000 5.625293961211e-01 -3.926039818239e-02 5.638978e-01
0.800000 4.225000 5.574159006325e-01 -2.789476915999e-02 5.581134e-01
0.800000 4.250000 5.530020033741e-01 -1.606573365102e-02 5.532353e-01
0.800000 4.275000 5.493349107431e-01 -3.837144619039e-03 5.493483e-01
0.800000 4.300000 5.464558613698e-01 8.721562384942e-03 5.465255e-01
0.800000 4.325000 5.443994748863e-01 2.153583234949e-02 5.448253e-01
0.800000 4.350000 5.431931152664e-01 3.452649652907e-02 5.442893e-01
0.800000 4.375000 5.428562500931e-01 4.761032280901e-02 5.449400e-01
0.800000 4.400000 5.433997865213e-01 6.070062794131e-02 5.467796e-01
0.800000 4.425000 5.448253723292e-01 7.370798455257e-02 5.497886e-01
0.800000 4.450000 5.471246662796e-01 8.654106804638e-02 5.539267e-01
0.800000 4.475000 5.502786042717e-01 9.910769359069e-02 5.591323e-01
0.800000 4.500000 5.542567131693e-01 1.113160885148e-01 5.653245e-01
0.800000 4.525000 5.590165483824e-01 1.230764293799e-01 5.724048e-01
0.800000 4.550000 5.645033495309e-01 1.343026463532e-01 5.802596e-01
0.800000 4.575000 5.706500165262e-01 1.449144628631e-01 5.887628e-01
0.800000 4.600000 5.773775030412e-01 1.548396000696e-01 5.977793e-01
0.800000 4.625000 5.845957042943e-01 1.640160387961e-01 6.071683e-01
0.800000 4.650000 5.922048821793e-01 1.723942019067e-01 6.167871e-01
0.800000 4.675000 6.000976260865e-01 1.799389028481e-01 6.264943e-01
0.800000 4.700000 6.081612971925e-01 1.866309049741e-01 6.361535e-01
0.800000 4.725000 6.162808537540e-01 1.924679531083e-01 6.456361e-01
0.800000 4.750000 6.243419116117e-01 1.974651728859e-01 6.548246e-01
0.800000 4.775000 6.322338638013e-01 2.016547816310e-01 6.636146e-01
0.800000 4.800000 6.398528704755e-01 2.050851115839e-01 6.719164e-01
0.800000 4.825000 6.471045377457e-01 2.078190054402e-01 6.796565e-01
0.800000 4.850000 6.539061313517e-01 2.099316980775e-01 6.867784e-01
0.800000 4.875000 6.601882153917e-01 2.115083401090e-01 6.932418e-01
0.800000 4.900000 6.658956624115e-01 2.126413430812e-01 6.990232e-01
0.800000 4.925000 6.709880419725e-01 2.134277294859e-01 7.041139e-01
0.800000 4.950000 6.754394525983e-01 2.139666528374e-01 7.085197e-01
0.800000 4.975000 6.792379092594e-01 2.143572163041e-01 7.122592e-01
0.800000 5.000000 6.823844291291e-01 2.146966678306e-01 7.153623e-01
0.800000 5.025000 6.848919683282e-01 2.150789923453e-01 7.178691e-01
0.800000 5.050000 6.867843506920e-01 2.155938655480e-01 7.198288e-01
0.800000 5.075000 6.880952981782e-01 2.163258868174e-01 7.212988e-01
0.800000 5.100000 6.888676261704e-01 2.173539776852e-01 7.223443e-01
0.800000 5.125000 6.891526125564e-01 2.187508215894e-01 7.230375e-01
0.800000 5.150000 6.890094952837e-01 2.205822319068e-01 7.234574e-01
0.800000 5.175000 6.885050074223e-01 2.229063670561e-01 7.236894e-01
0.800000 5.200000 6.877128288373e-01 2.257727592620e-01 7.238248e-01
0.800000 5.225000 6.867128245513e-01 2.292211804332e-01 7.239592e-01
0.800000 5.250000 6.855899539942e-01 2.332804260852e-01 7.241915e-01
0.800000 5.275000 6.844327716183e-01 2.379671475210e-01 7.246217e-01
0.800000 5.300000 6.833314935684e-01 2.432848956179e-01 7.253478e-01
0.800000 5.325000 6.823756703237e-01 2.492235505801e-01 7.264633e-01
0.800000 5.350000 6.816515727086e-01 2.557592978018e-01 7.280534e-01
0.800000 5.375000 6.812394589613e-01 2.628552707984e-01 7.301918e-01
0.800000 5.400000 6.812109347560e-01 2.704629216986e-01 7.329383e-01
0.800000 5.425000 6.816266391144e-01 2.785241047777e-01 7.363359e-01
0.800000 5.450000 6.825344826750e-01 2.869737779199e-01 7.404102e-01
0.800000 5.475000 6.839686299145e-01 2.957431508095e-01 7.451692e-01
0.800000 5.500000 6.859493563798e-01 3.047630470001e-01 7.506044e-01
0.800000 5.525000 6.884838319337e-01 3.139672082693e-01 7.566937e-01
0.800000 5.550000 6.915677902647e-01 3.232952597538e-01 7.634041e-01
0.800000 5.575000 6.951879539840e-01 3.326950757917e-01 7.706960e-01
0.800000 5.600000 6.993250043899e-01 3.421243379058e-01 7.785272e-01
0.800000 5.625000 7.039568253514e-01 3.515511529512e-01 7.868567e-01
0.800000 5.650000 7.090617194557e-01 3.609536929099e-01 7.956482e-01
0.800000 5.675000 7.146212960870e-01 3.703189176807e-01 8.048725e-01
0.800000 5.700000 7.206227661284e-01 3.796405369532e-01 8.145085e-01
0.800000 5.725000 7.270604431955e-01 3.889164456738e-01 8.245440e-01
0.800000 5.750000 7.339363397229e-01 3.981459201743e-01 8.349747e-01
0.800000 5.775000 7.412598479073e-01 4.073268820677e-01 8.458022e-01
0.800000 5.800000 7.490465987360e-01 4.164535215501e-01 8.570323e-01
0.800000 5.825000 7.573166849109e-01 4.255145219488e-01 8.686721e-01
0.800000 5.850000 7.660925041895e-01 4.344920485021e-01 8.807276e-01
0.800000 5.875000 7.753965196070e-01 4.433615652780e-01 8.932017e-01
0.800000 5.900000 7.852492367116e-01 4.520924363252e-01 9.060927e-01
0.800000 5.925000 7.956676639952e-01 4.606491634079e-01 9.193936e-01
0.800000 5.950000 8.066644541862e-01 4.689930257542e-01 9.330927e-01
0.800000 5.975000 8.182478282425e-01 4.770838282815e-01 9.471739e-01
0.800000 6.000000 8.304222714743e-01 4.848814419901e-01 9.616190e-01
0.800000 6.025000 8.431898753155e-01 4.923468379028e-01 9.764090e-01
0.800000 6.050000 8.565520928813e-01 4.994423737526e-01 9.915262e-01
0.800000 6.075000 8.705115949750e-01 5.061311855259e-01 1.006955e+00
0.800000 6.100000 8.850738668462e-01 5.123756545722e-01 1.022685e+00
0.800000 6.125000 9.002481823798e-01 5.181350524683e-01 1.038706e+00
0.800000 6.150000 9.160476345892e-01 5.233625952060e-01 1.055013e+00
0.800000 6.175000 9.324879872241e-01 5.280022500617e-01 1.071597e+00
0.800000 6.200000 9.495852348010e-01 5.319857183979e-01 1.088449e+00
0.800000 6.225000 9.673519056580e-01 5.352300541726e-01 1.105550e+00
0.800000 6.250000 9.857922995099e-01 5.376363639210e-01 1.122871e+00
0.800000 6.275000 1.004897000266e+00 5.390899675300e-01 1.140367e+00
0.800000 6.300000 1.024637129313e+00 5.394622841266e-01 1.157973e+00
0.800000 6.325000 1.044958888551e+00 5.386145533431e-01 1.175604e+00
0.800000 6.350000 1.065778974371e+00 5.364033234594e-01 1.193153e+00
0.800000 6.375000 1.086981416687e+00 5.326874522909e-01 1.210489e+00
0.800000 6.400000 1.108416310404e+00 5.273361937625e-01 1.227465e+00
0.800000 6.425000 1.129900766219e+00 5.202378020219e-01 1.243914e+00
0.800000 6.450000 1.151222225232e+00 5.113079923711e-01 1.259662e+00
0.800000 6.475000 1.172144074672e+00 5.004975663890e-01 1.274527e+00
0.800000 6.500000 1.192413290587e+00 4.877985435404e-01 1.288331e+00
0.800000 6.525000 1.211769639357e+00 4.732482425011e-01 1.300903e+00
0.800000 6.550000 1.229955814326e+00 4.569309143948e-01 1.312089e+00
0.800000 6.575000 1.246727783941e+00 4.389767326184e-01 1.321753e+00
0.800000 6.600000 1.261864595645e+00 4.195581701768e-01 1.329786e+00
0.800000 6.625000 1.275176920299e+00 3.988840225857e-01 1.336108e+00
0.800000 6.650000 1.286513732334e+00 3.771915387869e-01 1.340668e+00
0.800000 6.675000 1.295766690759e+00 3.547372824715e-01 1.343447e+00
0.800000 6.700000 1.302871998252e+00 3.317874444033e-01 1.344455e+00
0.800000 6.725000 1.307809747791e+00 3.086083519896e-01 1.343728e+00
0.800000 6.750000 1.310600993800e+00 2.854578725143e-01 1.341328e+00
0.800000 6.775000 1.311302983122e+00 2.625782865920e-01 1.337334e+00
0.800000 6.800000 1.310003128791e+00 2.401910319075e-01 1.331841e+00
0.800000 6.825000 1.306812390555e+00 2.184935040922e-01 1.324952e+00
0.800000 6.850000 1.301858732179e+00 1.976578758899e-01 1.316778e+00
0.800000 6.875000 1.295281256718e+00 1.778316833653e-01 1.307432e+00
0.800000 6.900000 1.287225486385e+00 1.591397531125e-01 1.297025e+00
0.800000 6.925000 1.277840069828e+00 1.416869271581e-01 1.285671e+00
0.800000 6.950000 1.267274989310e+00 1.255609956482e-01 1.273480e+00
0.800000 6.975000 1.255681129028e+00 1.108352761253e-01 1.260563e+00
0.800000 7.000000 1.243210879649e+00 9.757037781922e-02 1.247034e+00
0.800000 7.025000 1.230019315831e+00 8.581484682249e-02 1.233009e+00
0.800000 7.050000 1.216265410027e+00 7.560458311953e-02 1.218613e+00
0.800000 7.075000 1.202112746365e+00 6.696112833497e-02 1.203976e+00
0.800000 7.100000 1.187729272623e+00 5.988911722432e-02 1.189238e+00
0.800000 7.125000 1.173285767079e+00 5.437334144960e-02 1.174545e+00
0.800000 7.150000 1.158952882824e+00 5.037597088174e-02 1.160047e+00
0.800000 7.175000 1.144896841625e+00 4.783450258660e-02 1.145896e+00
0.800000 7.200000 1.131274056196e+00 4.666095678703e-02 1.132236e+00
0.800000 7.225000 1.118225137353e+00 4.674271783152e-02 1.119202e+00
0.800000 7.250000 1.105868868305e+00 4.794524080571e-02 1.106908e+00
0.800000 7.275000 1.094296785700e+00 5.011663217442e-02 1.095444e+00
0.800000 7.300000 1.083568987920e+00 5.309389145668e-02 1.084869e+00
0.800000 7.325000 1.073711696844e+00 5.671039736150e-02 1.075208e+00
0.800000 7.350000 1.064716940411e+00 6.080406081862e-02 1.066452e+00
0.800000 7.375000 1.056544518281e+00 6.522546852251e-02 1.058556e+00
0.800000 7.400000 1.049126185718e+00 6.984531589082e-02 1.051449e+00
0.800000 7.425000 1.042371768054e+00 7.456048063987e-02 1.045035e+00
0.800000 7.450000 1.036176725550e+00 7.929821104049e-02 1.039207e+00
0.800000 7.475000 1.030430547822e+00 8.401808152890e-02 1.033850e+00
0.800000 7.500000 1.025025283617e+00 8.871158142223e-02 1.028857e+00
0.800000 7.525000 1.019863512132e+00 9.339942512119e-02 1.024131e+00
0.800000 7.550000 1.014865134290e+00 9.812687896344e-02 1.019598e+00
0.800000 7.575000 1.009972495427e+00 1.029575681448e-01 1.015207e+00
0.800000 7.600000 1.005153527150e+00 1.079663396543e-01 1.010935e+00
0.800000 7.625000 1.000402793453e+00 1.132318042439e-01 1.006791e+00
0.800000 7.650000 9.957405209509e-01 1.188291607852e-01 1.002806e+00
0.800000 7.675000 9.912098632866e-01 1.248238269322e-01 9.990385e-01
0.800000 7.700000 9.868727776695e-01 1.312662747550e-01 9.955645e-01
0.800000 7.725000 9.828049661320e-01 1.381883177786e-01 9.924725e-01
0.800000 7.750000 9.790903517959e-01 1.456009375217e-01 9.898573e-01
0.800000 7.775000 9.758155255878e-01 1.534935932977e-01 9.878139e-01
0.800000 7.800000 9.730645223375e-01 1.618348452249e-01 9.864305e-01
0.800000 7.825000 9.709141828573e-01 1.705740479767e-01 9.857839e-01
0.800000 7.850000 9.694302485253e-01 1.796438457369e-01 9.859345e-01
0.800000 7.875000 9.686642347250e-01 1.889632139238e-01 9.869232e-01
0.800000 7.900000 9.686510537588e-01 1.984408410436e-01 9.887687e-01
0.800000 7.925000 9.694073159468e-01 2.079787104691e-01 9.914664e-01
0.800000 7.950000 9.709302324389e-01 2.174758107839e-01 9.949881e-01
0.800000 7.975000 9.731970710166e-01 2.268319588285e-01 9.992824e-01
0.800000 8.000000 9.761651670343e-01 2.359517489997e-01 1.004277e+00
0.800000 8.025000 9.797725515520e-01 2.447486380748e-01 1.009879e+00
0.800000 8.050000 9.839393115489e-01 2.531491356584e-01 1.015983e+00
0.800000 8.075000 9.885698274429e-01 2.610970017724e-01 1.022469e+00
0.800000 8.100000 9.935560287834e-01 2.685572666515e-01 1.029212e+00
0.800000 8.125000 9.987817631489e-01 2.755197993198e-01 1.036087e+00
0.800000 8.150000 1.004128285896e+00 2.820020788677e-01 1.042976e+00
0.800000 8.175000 1.009480756607e+00 2.880507826355e-01 1.049774e+00
0.800000 8.200000 1.014735485460e+00 2.937418124321e-01 1.056396e+00
0.800000 8.225000 1.019807527788e+00 2.991784413824e-01 1.062786e+00
0.800000 8.250000 1.024638098713e+00 3.044873806082e-01 1.068923e+00
0.800000 8.275000 1.029201192513e+00 3.098127293928e-01 1.074820e+00
0.800000 8.300000 1.033508760500e+00 3.153079700101e-01 1.080537e+00
0.800000 8.325000 1.037613837995e+00 3.211263783982e-01 1.086170e+00
0.800000 8.350000 1.041611119069e+00 3.274104202014e-01 1.091857e+00
0.800000 8.375000 1.045634651817e+00 3.342808637447e-01 1.097768e+00
0.800000 8.400000 1.049852553503e+00 3.418264451703e-01 1.104099e+00
0.800000 8.425000 1.054458902814e+00 3.500949497011e-01 1.111058e+00
0.800000 8.450000 1.059663229965e+00 3.590865180389e-01 1.118852e+00
0.800000 8.475000 1.065678266312e+00 3.687498486728e-01 1.127673e+00
0.800000 8.500000 1.072706806828e+00 3.789817552845e-01 1.137685e+00
0.800000 8.525000 1.080928658737e+00 3.896302719921e-01 1.149008e+00
0.800000 8.550000 1.090488682668e+00 4.005012031102e-01 1.161709e+00
0.800000 8.575000 1.101486872506e+00 4.113677175859e-01 1.175796e+00
0.800000 8.600000 1.113971270432e+00 4.219823211914e-01 1.191218e+00
0.800000 8.625000 1.127934287780e+00 4.320903291782e-01 1.207865e+00
0.800000 8.650000 1.143312721644e+00 4.414438299697e-01 1.225576e+00
0.800000 8.675000 1.159991449286e+00 4.498150900589e-01 1.244152e+00
0.800000 8.700000 1.177810477329e+00 4.570084054460e-01 1.263366e+00
0.800000 8.725000 1.196574750454e+00 4.628695496204e-01 1.282981e+00
0.800000 8.750000 1.216065910905e+00 4.672921869441e-01 1.302758e+00
0.800000 8.775000 1.236055065224e+00 4.702208905884e-01 1.322475e+00
0.800000 8.800000 1.256315569406e+00 4.716506982800e-01 1.341933e+00
0.800000 8.825000 1.276634889806e+00 4.716234276135e-01 1.360965e+00
0.800000 8.850000 1.296824726758e+00 4.702212275546e-01 1.379443e+00
0.800000 8.875000 1.316728784706e+00 4.675580403846e-01 1.397278e+00
0.800000 8.900000 1.336227814193e+00 4.637697718818e-01 1.414421e+00
0.800000 8.925000 1.355241810731e+00 4.590040085810e-01 1.430862e+00
0.800000 8.950000 1.373729506425e+00 4.534100801179e-01 1.446621e+00
0.800000 8.975000 1.391685507038e+00 4.471301511808e-01 1.461750e+00
0.800000 9.000000 1.409135590086e+00 4.402918580380e-01 1.476320e+00
0.800000 9.025000 1.426130775002e+00 4.330028007142e-01 1.490416e+00
0.800000 9.050000 1.442740799412e+00 4.253469880692e-01 1.504135e+00
0.800000 9.075000 1.459047589018e+00 4.173831333939e-01 1.517573e+00
0.800000 9.100000 1.475139203279e+00 4.091445340136e-01 1.530828e+00
0.800000 9.125000 1.491104591799e+00 4.006401558093e-01 1.543990e+00
0.800000 9.150000 1.507029327893e+00 3.918564918778e-01 1.557141e+00
0.800000 9.175000 1.522992318433e+00 3.827597753937e-01 1.570354e+00
0.800000 9.200000 1.539063343856e+00 3.732981942495e-01 1.583688e+00
0.800000 9.225000 1.555301176714e+00 3.634038667612e-01 1.597193e+00
0.800000 9.250000 1.571751973219e+00 3.529944761339e-01 1.610903e+00
0.800000 9.275000 1.588447635264e+00 3.419746062781e-01 1.624842e+00
0.800000 9.300000 1.605403898094e+00 3.302369523142e-01 1.639017e+00
0.800000 9.325000 1.622618002341e+00 3.176636772648e-01 1.653421e+00
0.800000 9.350000 1.640065943732e+00 3.041282377992e-01 1.668026e+00
0.800000 9.375000 1.657699440732e+00 2.894979982503e-01 1.682788e+00
0.800000 9.400000 1.675442899379e+00 2.736378921483e-01 1.697641e+00
0.800000 9.425000 1.693190765830e+00 2.564152799621e-01 1.712496e+00
0.800000 9.450000 1.710805724192e+00 2.377060028195e-01 1.727241e+00
0.800000 9.475000 1.728118208339e+00 2.174014619035e-01 1.741739e+00
0.800000 9.500000 1.744927646573e+00 1.954163823316e-01 1.755836e+00
0.800000 9.525000 1.761005749172e+00 1.716967696664e-01 1.769356e+00
0.800000 9.550000 1.776101990131e+00 1.462274561854e-01 1.782111e+00
0.800000 9.575000 1.789951240741e+00 1.190385781164e-01 1.793905e+00
0.800000 9.600000 1.802283303874e+00 9.021033394980e-02 1.804540e+00
0.800000 9.625000 1.812833895632e+00 5.987545045704e-02 1.813822e+00
0.800000 9.650000 1.821356447350e+00 2.821892261057e-02 1.821575e+00
0.800000 9.675000 1.827633975196e+00 -4.525215274996e-03 1.827640e+00
0.800000 9.700000 1.831490201280e+00 -3.808010445258e-02 1.831886e+00
0.800000 9.725000 1.832799117944e+00 -7.213504144279e-02 1.834218e+00
0.800000 9.750000 1.831492266647e+00 -1.063567724453e-01 1.834578e+00
0.800000 9.775000 1.827563148637e+00 -1.404024552986e-01 1.832948e+00
0.800000 9.800000 1.821068383355e+00 -1.739334953552e-01 1.829356e+00
0.800000 9.825000 1.812125464281e+00 -2.066293795354e-01 1.823868e+00
0.800000 9.850000 1.800907209230e+00 -2.382006223247e-01 1.816592e+00
0.800000 9.875000 1.787633240627e+00 -2.683999986950e-01 1.807670e+00
0.800000 9.900000 1.772559040182e+00 -2.970313649833e-01 1.797274e+00
0.800000 9.925000 1.755963284136e+00 -3.239555467857e-01 1.785596e+00
0.800000 9.950000 1.738134267958e+00 -3.490929855894e-01 1.772844e+00
0.800000 9.975000 1.719356266902e+00 -3.724230634861e-01 1.759228e+00
0.800000 10.000000 1.699896652035e+00 -3.939802479602e-01 1.744955e+00
0.800000 10.025000 1.679994496660e+00 -4.138473984347e-01 1.730217e+00
0.800000 10.050000 1.659851277084e+00 -4.321467386499e-01 1.715184e+00
0.800000 10.075000 1.639624108935e+00 -4.490291145516e-01 1.699998e+00
0.800000 10.100000 1.619421781760e+00 -4.646622220909e-01 1.684766e+00
0.800000 10.125000 1.599303675731e+00 -4.792185042807e-01 1.669558e+00
0.800000 10.150000 1.579281478040e+00 -4.928633875133e-01 1.654401e+00
0.800000 10.175000 1.559323472869e+00 -5.057444621233e-01 1.639289e+00
0.800000 10.200000 1.539361063326e+00 -5.179821216606e-01 1.624173e+00
0.800000 10.225000 1.519297098577e+00 -5.296620694814e-01 1.608977e+00
0.800000 10.250000 1.499015523180e+00 -5.408299889710e-01 1.593595e+00
0.800000 10.275000 1.478391834854e+00 -5.514885615862e-01 1.577904e+00
0.800000 10.300000 1.457303827255e+00 -5.615969089979e-01 1.561770e+00
0.800000 10.325000 1.435642101446e+00 -5.710724335274e-01 1.545054e+00
0.800000 10.350000 1.413319850917e+00 -5.797949346408e-01 1.527624e+00
0.800000 10.375000 1.390281458947e+00 -5.876127875908e-01 1.509361e+00
0.800000 10.400000 1.366509494645e+00 -5.943508828539e-01 1.490168e+00
0.800000 10.425000 1.342029757117e+00 -5.998199426281e-01 1.469975e+00
0.800000 10.450000 1.316914098307e+00 -6.038267562669e-01 1.448748e+00
0.800000 10.475000 1.291280855730e+00 -6.061848152485e-01 1.426487e+00
0.800000 10.500000 1.265292846104e+00 -6.067247870991e-01 1.403239e+00
0.800000 10.525000 1.239153006318e+00 -6.053042544303e-01 1.379092e+00
0.800000 10.550000 1.213097912137e+00 -6.018161672288e-01 1.354175e+00
0.800000 10.575000 1.187389547275e+00 -5.961955189524e-01 1.328662e+00
0.800000 10.600000 1.162305822593e+00 -5.884238613887e-01 1.302765e+00
0.800000 10.625000 1.138130443208e+00 -5.785314163635e-01 1.276730e+00
0.800000 10.650000 1.115142776454e+00 -5.665967155989e-01 1.250830e+00
0.800000 10.675000 1.093608375348e+00 -5.527438895520e-01 1.225359e+00
0.800000 10.700000 1.073770754615e+00 -5.371379140459e-01 1.200625e+00
0.800000 10.725000 1.055844900001e+00 -5.199782899245e-01 1.176939e+00
0.800000 10.750000 1.040012824381e+00 -5.014917560042e-01 1.154608e+00
0.800000 10.775000 1.026421280852e+00 -4.819247024501e-01 1.133928e+00
0.800000 10.800000 1.015181524388e+00 -4.615359490713e-01 1.115172e+00
0.800000 10.825000 1.006370804005e+00 -4.405904772557e-01 1.098591e+00
0.800000 10.850000 1.000035091990e+00 -4.193545605091e-01 1.084402e+00
0.800000 10.875000 9.961924382334e-01 -3.980925408820e-01 1.072789e+00
0.800000 10.900000 9.948362931044e-01 -3.770652687542e-01 1.063897e+00
0.800000 10.925000 9.959381802569e-01 -3.565299887399e-01 1.057831e+00
0.800000 10.950000 9.994492198096e-01 -3.367412442763e-01 1.054653e+00
0.800000 10.975000 1.005300190597e+00 -3.179522156315e-01 1.054382e+00
0.800000 11.000000 1.013400056082e+00 -3.004158231108e-01 1.056991e+00
0.800000 11.025000 1.023633133279e+00 -2.843849330129e-01 1.062403e+00
0.800000 11.050000 1.035855325085e+00 -2.701111013090e-01 1.070493e+00
0.800000 11.075000 1.049890031467e+00 -2.578414701408e-01 1.081088e+00
0.800000 11.100000 1.065524476404e+00 -2.478136748368e-01 1.093963e+00
0.800000 11.125000 1.082507216212e+00 -2.402488949939e-01 1.108847e+00
0.800000 11.150000 1.100547523284e+00 -2.353434574311e-01 1.125429e+00
0.800000 11.175000 1.119317172535e+00 -2.332596355961e-01 1.143364e+00
0.800000 11.200000 1.138454914015e+00 -2.341164569626e-01 1.162278e+00
0.800000 11.225000 1.157573622929e+00 -2.379814029114e-01 1.181783e+00
0.800000 11.250000 1.176269813676e+00 -2.448638518404e-01 1.201486e+00
0.800000 11.275000 1.194134926350e+00 -2.547109768412e-01 1.220998e+00
0.800000 11.300000 1.210767578675e+00 -2.674065790824e-01 1.239945e+00
0.800000 11.325000 1.225785852718e+00 -2.827730442984e-01 1.257979e+00
0.800000 11.350000 1.238838671579e+00 -3.005762887214e-01 1.274781e+00
0.800000 11.375000 1.249615420222e+00 -3.205332530141e-01 1.290070e+00
0.800000 11.400000 1.257853165489e+00 -3.423212478998e-01 1.303602e+00
0.800000 11.425000 1.263341108255e+00 -3.655882865972e-01 1.315175e+00
0.800000 11.450000 1.265922220108e+00 -3.899634792678e-01 1.324625e+00
0.800000 11.475000 1.265492336475e+00 -4.150666218121e-01 1.331822e+00
0.800000 11.500000 1.261997255498e+00 -4.405162782947e-01 1.336672e+00
0.800000 11.525000 1.255428590495e+00 -4.659359111025e-01 1.339103e+00
0.800000 11.550000 1.245819216411e+00 -4.909579215803e-01 1.339069e+00
0.800000 11.575000 1.233239124706e+00 -5.152257846853e-01 1.336539e+00
0.800000 11.600000 1.217792359395e+00 -5.383947503189e-01 1.331498e+00
0.800000 11.625000 1.199615468399e+00 -5.601318013638e-01 1.323943e+00
0.800000 11.650000 1.178877600815e+00 -5.801156732170e-01 1.313882e+00
0.800000 11.675000 1.155782053737e+00 -5.980377343816e-01 1.301338e+00
0.800000 11.700000 1.130568766760e+00 -6.136044010926e-01 1.286350e+00
0.800000 11.725000 1.103517021205e+00 -6.265415260073e-01 1.268978e+00
0.800000 11.750000 1.074947459314e+00 -6.366008912318e-01 1.249309e+00
0.800000 11.775000 1.045222518174e+00 -6.435685897022e-01 1.227465e+00
0.800000 11.800000 1.014744480366e+00 -6.472747419824e-01 1.203607e+00
0.800000 11.825000 9.839505676697e-01 -6.476037131748e-01 1.177943e+00
0.800000 11.850000 9.533048197470e-01 -6.445038056135e-01 1.150728e+00
0.800000 11.875000 9.232868681993e-01 -6.379953344891e-01 1.122273e+00
0.800000 11.900000 8.943780924871e-01 -6.281760574636e-01 1.092940e+00
0.800000 11.925000 8.670459809738e-01 -6.152231208255e-01 1.063141e+00
0.800000 11.950000 8.417277757607e-01 -5.993909828452e-01 1.033332e+00
0.800000 11.975000 8.188146219316e-01 -5.810051453572e-01 1.004004e+00
0.800000 12.000000 7.986374523382e-01 -5.604519239662e-01 9.756680e-01
0.800000 12.025000 7.814557163607e-01 -5.381648690858e-01 9.488385e-01
0.800000 12.050000 7.674498195947e-01 -5.146087702943e-01 9.240138e-01
0.800000 12.075000 7.567178096552e-01 -4.902623993498e-01 9.016535e-01
0.800000 12.100000 7.492764599871e-01 -4.656012491306e-01 8.821563e-01
0.800000 12.125000 7.450665125330e-01 -4.410814982149e-01 8.658389e-01
0.800000 12.150000 7.439614846864e-01 -4.171262808074e-01 8.529203e-01
0.800000 12.175000 7.457791636216e-01 -3.941150903505e-01 8.435125e-01
0.800000 12.200000 7.502947290846e-01 -3.723768244612e-01 8.376197e-01
0.800000 12.225000 7.572543782033e-01 -3.521866272000e-01 8.351465e-01
0.800000 12.250000 7.663883728267e-01 -3.337663418598e-01 8.359133e-01
0.800000 12.275000 7.774225780133e-01 -3.172880894993e-01 8.396771e-01
0.800000 12.300000 7.900877855369e-01 -3.028802634716e-01 8.461532e-01
0.800000 12.325000 8.041263876216e-01 -2.906350955009e-01 8.550368e-01
0.800000 12.350000 8.192962500675e-01 -2.806169096035e-01 8.660209e-01
0.800000 12.375000 8.353718988992e-01 -2.728702297610e-01 8.788085e-01
0.800000 12.400000 8.521433549182e-01 -2.674270294402e-01 8.931212e-01
0.800000 12.425000 8.694131088241e-01 -2.643125828915e-01 9.087025e-01
0.800000 12.450000 8.869918184814e-01 -2.635495738800e-01 9.253177e-01
0.800000 12.475000 9.046933316512e-01 -2.651603123179e-01 9.427513e-01
0.800000 12.500000 9.223296022978e-01 -2.691670825991e-01 9.608032e-01
0.800000 12.525000 9.397059920783e-01 -2.755907852884e-01 9.792842e-01
0.800000 12.550000 9.566173487617e-01 -2.844481297891e-01 9.980118e-01
0.800000 12.575000 9.728451471917e-01 -2.957476906027e-01 1.016806e+00
0.800000 12.600000 9.881558796048e-01 -3.094851606596e-01 1.035487e+00
0.800000 12.625000 1.002300799021e+00 -3.256381323777e-01 1.053872e+00
0.800000 12.650000 1.015017054603e+00 -3.441607220182e-01 1.071777e+00
0.800000 12.675000 1.026030208630e+00 -3.649783353942e-01 1.089012e+00
0.800000 12.700000 1.035058084578e+00 -3.879828592788e-01 1.105385e+00
0.800000 12.725000 1.041815856792e+00 -4.130285545118e-01 1.120702e+00
0.800000 12.750000 1.046022247187e+00 -4.399289206333e-01 1.134769e+00
0.800000 12.775000 1.047406639156e+00 -4.684547909943e-01 1.147393e+00
0.800000 12.800000 1.045716853741e+00 -4.983338929484e-01 1.158387e+00
0.800000 12.825000 1.040727263270e+00 -5.292520616352e-01 1.167571e+00
0.800000 12.850000 1.032246852893e+00 -5.608562225586e-01 1.174774e+00
0.800000 12.875000 1.020126793099e+00 -5.927591569525e-01 1.179840e+00
0.800000 12.900000 1.004267069448e+00 -6.245459399831e-01 1.182628e+00
0.800000 12.925000 9.846217401811e-01 -6.557818062502e-01 1.183017e+00
0.800000 12.950000 9.612024642607e-01 -6.860210657043e-01 1.180904e+00
0.800000 12.975000 9.340800611281e-01 -7.148165845179e-01 1.176209e+00
0.800000 13.000000 9.033840209830e-01 -7.417292779512e-01 1.168873e+00
0.800000 13.025000 8.693000651478e-01 -7.663370507694e-01 1.158859e+00
0.800000 13.050000 8.320660388061e-01 -7.882426739591e-01 1.146150e+00
0.800000 13.075000 7.919665786767e-01 -8.070802045480e-01 1.130747e+00
0.800000 13.100000 7.493271118918e-01 -8.225197289830e-01 1.112668e+00
0.800000 13.125000 7.045077893653e-01 -8.342704213567e-01 1.091942e+00
0.800000 13.150000 6.578979246044e-01 -8.420821301252e-01 1.068612e+00
0.800000 13.175000 6.099113945659e-01 -8.457459108881e-01 1.042726e+00
0.800000 13.200000 5.609832714527e-01 -8.450940781128e-01 1.014340e+00
0.800000 13.225000 5.115677130450e-01 -8.400004291836e-01 9.835152e-01
0.800000 13.250000 4.621368732001e-01 -8.303812816509e-01 9.503176e-01
0.800000 13.275000 4.131803384448e-01 -8.161978520682e-01 9.148207e-01
0.800000 13.300000 3.652043875766e-01 -7.974602983305e-01 8.771073e-01
0.800000 13.325000 3.187302421336e-01 -7.742334660622e-01 8.372732e-01
0.800000 13.350000 2.742904518576e-01 -7.466440539187e-01 7.954323e-01
0.800000 13.375000 2.324226544861e-01 -7.148885813974e-01 7.517220e-01
0.800000 13.400000 1.936601628161e-01 -6.792412483084e-01 7.063094e-01
0.800000 13.425000 1.585191484526e-01 -6.400605583128e-01 6.593981e-01
0.800000 13.450000 1.274825816843e-01 -5.977934740048e-01 6.112355e-01
0.800000 13.475000 1.009815103341e-01 -5.529759007104e-01 5.621206e-01
0.800000 13.500000 7.937467057835e-02 -5.062284687229e-01 5.124135e-01
0.800000 13.525000 6.292777185595e-02 -4.582468911129e-01 4.625474e-01
0.800000 13.550000 5.179404275985e-02 -4.097865927756e-01 4.130468e-01
0.800000 13.575000 4.599773153109e-02 -3.616417986404e-01 3.645553e-01
0.800000 13.600000 4.542220345216e-02 -3.146197879537e-01 3.178817e-01
0.800000 13.625000 4.980406432063e-02 -2.695115156351e-01 2.740746e-01
0.800000 13.650000 5.873437744414e-02 -2.270602202959e-01 2.345337e-01
0.800000 13.675000 7.166756007275e-02 -1.879299375063e-01 2.011316e-01
0.800000 13.700000 8.793798540731e-02 -1.526759834617e-01 1.761904e-01
0.800000 13.725000 1.067837281107e-01 -1.217194501718e-01 1.619209e-01
0.800000 13.750000 1.273763275876e-01 -9.532755697320e-02 1.590977e-01
0.800000 13.775000 1.488549548772e-01 -7.360134927536e-02 1.660571e-01
0.800000 13.800000 1.703629992714e-01 -5.647175338641e-02 1.794787e-01
0.800000 13.825000 1.910848718227e-01 -4.370442687601e-02 1.960191e-01
0.800000 13.850000 2.102807727988e-01 -3.491323525678e-02 2.131594e-01
0.800000 13.875000 2.273172916545e-01 -2.958158828030e-02 2.292340e-01
0.800000 13.900000 2.416919891252e-01 -2.709033101339e-02 2.432055e-01
0.800000 13.925000 2.530505264200e-01 -2.675044772019e-02 2.544605e-01
0.800000 13.950000 2.611954207990e-01 -2.783853221003e-02 2.626748e-01
0.800000 13.975000 2.660860780811e-01 -2.963282649724e-02 2.677310e-01
0.800000 14.000000 2.678303361989e-01 -3.144763720504e-02 2.696702e-01
0.800000 14.025000 2.666683062424e-01 -3.266410035830e-02 2.686614e-01
0.800000 14.050000 2.629497794573e-01 -3.275556295550e-02 2.649821e-01
0.800000 14.075000 2.571068484196e-01 -3.130625769134e-02 2.590058e-01
0.800000 14.100000 2.496236451094e-01 -2.802243249196e-02 2.511916e-01
0.800000 14.125000 2.410052147955e-01 -2.273562237989e-02 2.420752e-01
0.800000 14.150000 2.317475196132e-01 -1.539827979774e-02 2.322585e-01
0.800000 14.175000 2.223104062685e-01 -6.072474568740e-03 2.223933e-01
0.800000 14.200000 2.130950938957e-01 5.087196457280e-03 2.131558e-01
0.800000 14.225000 2.044273635386e-01 1.785501442571e-02 2.052056e-01
0.800000 14.250000 1.965471884509e-01 3.195816034475e-02 1.991284e-01
0.800000 14.275000 1.896050666622e-01 4.710155942414e-02 1.953680e-01
0.800000 14.300000 1.836648380755e-01 6.299178620758e-02 1.941668e-01
0.800000 14.325000 1.787123215119e-01 7.935842563419e-02 1.955399e-01
0.800000 14.350000 1.746687239712e-01 9.597155241512e-02 1.992980e-01
0.800000 14.375000 1.714074817696e-01 1.126543473239e-01 2.051134e-01
0.800000 14.400000 1.687730115223e-01 1.292902861160e-01 2.126036e-01
0.800000 14.425000 1.665997903418e-01 1.458247819912e-01 2.214054e-01
0.800000 14.450000 1.647302518681e-01 1.622616004552e-01 2.312247e-01
0.800000 14.475000 1.630301705098e-01 1.786547610051e-01 2.418602e-01
0.800000 14.500000 1.614004933375e-01 1.950969612294e-01 2.532053e-01
0.800000 14.525000 1.597849413531e-01 2.117057796983e-01 2.652368e-01
0.800000 14.550000 1.581731063776e-01 2.286090170246e-01 2.779943e-01
0.800000 14.575000 1.565991794862e-01 2.459305128792e-01 2.915564e-01
0.800000 14.600000 1.551368239729e-01 2.637776353640e-01 3.060165e-01
0.800000 14.625000 1.538910154451e-01 2.822313942968e-01 3.214607e-01
0.800000 14.650000 1.529878856623e-01 3.013398082654e-01 3.379511e-01
0.800000 14.675000 1.525637066681e-01 3.211147910921e-01 3.555143e-01
0.800000 14.700000 1.527541311063e-01 3.415324552838e-01 3.741367e-01
0.800000 14.725000 1.536846696966e-01 3.625363969558e-01 3.937659e-01
0.800000 14.750000 1.554631564466e-01 3.840432633415e-01 4.143163e-01
0.800000 14.775000 1.581746555492e-01 4.059497369418e-01 4.356770e-01
0.800000 14.800000 1.618789375378e-01 4.281400149748e-01 4.577212e-01
0.800000 14.825000 1.666103357406e-01 4.504929211799e-01 4.803154e-01
0.800000 14.850000 1.723795253005e-01 4.728879477674e-01 5.033266e-01
0.800000 14.875000 1.791765777621e-01 4.952097645889e-01 5.266279e-01
0.800000 14.900000 1.869745560188e-01 5.173510171555e-01 5.501014e-01
0.800000 14.925000 1.957329359236e-01 5.392135261668e-01 5.736398e-01
0.800000 14.950000 2.054002666230e-01 5.607082593415e-01 5.971457e-01
0.800000 14.975000 2.159156926510e-01 5.817546364819e-01 6.205305e-01
0.800000 15.000000 2.272092267243e-01 6.022798246577e-01 6.437119e-01
0.800000 15.025000 2.392009452156e-01 6.222186683082e-01 6.666132e-01
0.800000 15.050000 2.517995379258e-01 6.415147793681e-01 6.891620e-01
0.800000 15.075000 2.649008420054e-01 6.601231001262e-01 7.112911e-01
0.800000 15.100000 2.783870961301e-01 6.780139740794e-01 7.329409e-01
0.800000 15.125000 2.921276463187e-01 6.951784546193e-01 7.540634e-01
0.800000 15.150000 3.059817143593e-01 7.116342898398e-01 7.746278e-01
0.800000 15.175000 3.198036140732e-01 7.274317854590e-01 7.946266e-01
0.800000 15.200000 3.334504941661e-01 7.426586023630e-01 8.140829e-01
0.800000 15.225000 3.467923350677e-01 7.574425157254e-01 8.330571e-01
0.800000 15.250000 3.597235739037e-01 7.719512603166e-01 8.516512e-01
0.800000 15.275000 3.721754214039e-01 7.863888072137e-01 8.700126e-01
0.800000 15.300000 3.841277082935e-01 8.009877410431e-01 8.883330e-01
0.800000 15.325000 3.956189890464e-01 8.159978012583e-01 9.068444e-01
0.800000 15.350000 4.067536574439e-01 8.316710733502e-01 9.258106e-01
0.800000 15.375000 4.177049955570e-01 8.482447192251e-01 9.455139e-01
0.800000 15.400000 4.287133738087e-01 8.659224739736e-01 9.662385e-01
0.800000 15.425000 4.400792180528e-01 8.848563687659e-01 9.882512e-01
0.800000 15.450000 4.521508215106e-01 9.051302372886e-01 1.011781e+00
0.800000 15.475000 4.653075585517e-01 9.267465108180e-01 1.037001e+00
0.800000 15.500000 4.799395047425e-01 9.496176053935e-01 1.064009e+00
0.800000 15.525000 4.964248370371e-01 9.735628701437e-01 1.092823e+00
0.800000 15.550000 5.151066409627e-01 9.983116291204e-01 1.123370e+00
0.800000 15.575000 5.362708613429e-01 1.023512351172e+00 1.155493e+00
0.800000 15.600000 5.601270872222e-01 1.048747470834e+00 1.188955e+00
0.800000 15.625000 5.867936633813e-01 1.073552906590e+00 1.223455e+00
0.800000 15.650000 6.162882883780e-01 1.097440926141e+00 1.258645e+00
0.800000 15.675000 6.485248234252e-01 1.119924728288e+00 1.294147e+00
0.800000 15.700000 6.833165381998e-01 1.140542972931e+00 1.329571e+00
0.800000 15.725000 7.203855047606e-01 1.158882505854e+00 1.364538e+00
0.800000 15.750000 7.593773658215e-01 1.174597690360e+00 1.398690e+00
0.800000 15.775000 7.998802917225e-01 1.187425056327e+00 1.431708e+00
0.800000 15.800000 8.414466370240e-01 1.197192380185e+00 1.463319e+00
0.800000 15.825000 8.836156375764e-01 1.203821778854e+00 1.493306e+00
0.800000 15.850000 9.259354644712e-01 1.207326894030e+00 1.521511e+00
0.800000 15.875000 9.679830714547e-01 1.207804716268e+00 1.547832e+00
0.800000 15.900000 1.009380523317e+00 1.205423009904e+00 1.572226e+00
0.800000 15.925000 1.049806849326e+00 1.200404614853e+00 1.594699e+00
0.800000 15.950000 1.089004893933e+00 1.193010094183e+00 1.615303e+00
0.800000 15.975000 1.126783097077e+00 1.183520252358e+00 1.634124e+00
0.800000 16.000000 1.163012586415e+00 1.172219966120e+00 1.651272e+00
0.800000 16.025000 1.197620363278e+00 1.159384558195e+00 1.666873e+00
0.800000 16.050000 1.230579677283e+00 1.145269624918e+00 1.681062e+00
0.800000 16.075000 1.261898883682e+00 1.130104833509e+00 1.693967e+00
0.800000 16.100000 1.291610145144e+00 1.114091770991e+00 1.705713e+00
0.800000 16.125000 1.319759270440e+00 1.097405496192e+00 1.716410e+00
0.800000 16.150000 1.346397783480e+00 1.080199060409e+00 1.726157e+00
0.800000 16.175000 1.371578006839e+00 1.062609958927e+00 1.735041e+00
0.800000 16.200000 1.395351554395e+00 1.044767285343e+00 1.743142e+00
0.800000 16.225000 1.417771196584e+00 1.026798303738e+00 1.750540e+00
0.800000 16.250000 1.438895632368e+00 1.008833237992e+00 1.757318e+00
0.800000 16.275000 1.458796318870e+00 9.910072969460e-01 1.763571e+00
0.800000 16.300000 1.477565213930e+00 9.734592889763e-01 1.769413e+00
0.800000 16.325000 1.495322112163e+00 9.563265978380e-01 1.774979e+00
0.800000 16.350000 1.512220224077e+00 9.397367515867e-01 1.780426e+00
0.800000 16.375000 1.528448768888e+00 9.237962703676e-01 1.785933e+00
0.800000 16.400000 1.544231617759e+00 9.085778779991e-01 1.791693e+00
0.800000 16.425000 1.559821412884e+00 8.941074614209e-01 1.797907e+00
0.800000 16.450000 1.575489062557e+00 8.803523248250e-01 1.804768e+00
0.800000 16.475000 1.591509026192e+00 8.672122881886e-01 1.812445e+00
0.800000 16.500000 1.608141302948e+00 8.545150156036e-01 1.821075e+00
0.800000 16.525000 1.625611469486e+00 8.420166374123e-01 1.830739e+00
0.800000 16.550000 1.644090427855e+00 8.294082790779e-01 1.841454e+00
0.800000 16.575000 1.663675685722e+00 8.163285711450e-01 1.853162e+00
0.800000 16.600000 1.684375975448e+00 8.023816415964e-01 1.865727e+00
0.800000 16.625000 1.706100821542e+00 7.871595427038e-01 1.878936e+00
0.800000 16.650000 1.728656302464e+00 7.702675964930e-01 1.892502e+00
0.800000 16.675000 1.751747755690e+00 7.513508062814e-01 1.906082e+00
0.800000 16.700000 1.774989592194e+00 7.301193134493e-01 1.919287e+00
0.800000 16.725000 1.797921775684e+00 7.063708983750e-01 1.931705e+00
0.800000 16.750000 1.820031944425e+00 6.800087321646e-01 1.942917e+00
0.800000 16.775000 1.840781667334e+00 6.510529613128e-01 1.952523e+00
0.800000 16.800000 1.859634979525e+00 6.196452127558e-01 1.960154e+00
0.800000 16.825000 1.876087168966e+00 5.860456903185e-01 1.965490e+00
0.800000 16.850000 1.889691799618e+00 5.506231359644e-01 1.968279e+00
0.800000 16.875000 1.900084151574e+00 5.138384901920e-01 1.968337e+00
0.800000 16.900000 1.906999610140e+00 4.762235509286e-01 1.965563e+00
0.800000 16.925000 1.910286002144e+00 4.383562568584e-01 1.959936e+00
0.800000 16.950000 1.909909407000e+00 4.008343833244e-01 1.951518e+00
0.800000 16.975000 1.905953505318e+00 3.642494298644e-01 1.940447e+00
0.800000 17.000000 1.898613014676e+00 3.291623102863e-01 1.926935e+00
0.800000 17.025000 1.888182154459e+00 2.960821581871e-01 1.911255e+00
0.800000 17.050000 1.875039346941e+00 2.654491748054e-01 1.893736e+00
0.800000 17.075000 1.859629484394e+00 2.376220209913e-01 1.874750e+00
0.800000 17.100000 1.842445073916e+00 2.128698404490e-01 1.854701e+00
0.800000 17.125000 1.824007431384e+00 1.913686413370e-01 1.834019e+00
0.800000 17.150000 1.804848864830e+00 1.732014912696e-01 1.813140e+00
0.800000 17.175000 1.785496505169e+00 1.583618160408e-01 1.792506e+00
0.800000 17.200000 1.766458150477e+00 1.467590386582e-01 1.772544e+00
0.800000 17.225000 1.748210227359e+00 1.382258413112e-01 1.753666e+00
0.800000 17.250000 1.731187769631e+00 1.325264552771e-01 1.736253e+00
0.800000 17.275000 1.715776188806e+00 1.293655511072e-01 1.720646e+00
0.800000 17.300000 1.702304567684e+00 1.283974795098e-01 1.707140e+00
0.800000 17.325000 1.691040239486e+00 1.292357702612e-01 1.695971e+00
0.800000 17.350000 1.682184501388e+00 1.314629072859e-01 1.687314e+00
0.800000 17.375000 1.675869427035e+00 1.346404479408e-01 1.681269e+00
0.800000 17.400000 1.672155858975e+00 1.383195404682e-01 1.677867e+00
0.800000 17.425000 1.671032752638e+00 1.420518239027e-01 1.677060e+00
0.800000 17.450000 1.672418088451e+00 1.454005871245e-01 1.678727e+00
0.800000 17.475000 1.676161557107e+00 1.479519418942e-01 1.682679e+00
0.800000 17.500000 1.682049154730e+00 1.493256539516e-01 1.688664e+00
0.800000 17.525000 1.689809709586e+00 1.491851994278e-01 1.696382e+00
0.800000 17.550000 1.699123218243e+00 1.472465874416e-01 1.705492e+00
0.800000 17.575000 1.709630719632e+00 1.432855215182e-01 1.715625e+00
0.800000 17.600000 1.720945304156e+00 1.371425601620e-01 1.726401e+00
0.800000 17.625000 1.732663762682e+00 1.287260689929e-01 1.737439e+00
0.800000 17.650000 1.744378341292e+00 1.180129145674e-01 1.748366e+00
0.800000 17.675000 1.755688087639e+00 1.050470105759e-01 1.758828e+00
0.800000 17.700000 1.766209349814e+00 8.993596758472e-02 1.768498e+00
0.800000 17.725000 1.775585106287e+00 7.284619849619e-02 1.777079e+00
0.800000 17.750000 1.783492946522e+00 5.399688074027e-02 1.784310e+00
0.800000 17.775000 1.789651664082e+00 3.365316886799e-02 1.789968e+00
0.800000 17.800000 1.793826545447e+00 1.211899284064e-02 1.793867e+00
0.800000 17.825000 1.795833520593e+00 -1.027031875497e-02 1.795863e+00
0.800000 17.850000 1.795542374591e+00 -3.315546588795e-02 1.795848e+00
0.800000 17.875000 1.792879200929e+00 -5.616064123301e-02 1.793759e+00
0.800000 17.900000 1.787828213415e+00 -7.890110507263e-02 1.789568e+00
0.800000 17.925000 1.780432938889e+00 -1.009909916953e-01 1.783295e+00
0.800000 17.950000 1.770796706947e+00 -1.220514657070e-01 1.774998e+00
0.800000 17.975000 1.759082257151e+00 -1.417192946818e-01 1.764782e+00
0.800000 18.000000 1.745510218532e+00 -1.596558112412e-01 1.752797e+00
0.800000 18.025000 1.730356195447e+00 -1.755561185580e-01 1.739239e+00
0.800000 18.050000 1.713946225450e+00 -1.891582687287e-01 1.724353e+00
0.800000 18.075000 1.696650457485e+00 -2.002520350514e-01 1.708427e+00
0.800000 18.100000 1.678875022565e+00 -2.086868263692e-01 1.691795e+00
0.800000 18.125000 1.661052217508e+00 -2.143782682271e-01 1.674829e+00
0.800000 18.150000 1.643629274354e+00 -2.173130079082e-01 1.657933e+00
0.800000 18.175000 1.627056122195e+00 -2.175513859801e-01 1.641536e+00
0.800000 18.200000 1.611772645403e+00 -2.152277450799e-01 1.626079e+00
0.800000 18.225000 1.598195989601e+00 -2.105483000955e-01 1.612005e+00
0.800000 18.250000 1.586708458927e+00 -2.037866518589e-01 1.599741e+00
0.800000 18.275000 1.577646488647e+00 -1.952771679900e-01 1.589686e+00
0.800000 18.300000 1.571291077256e+00 -1.854065619532e-01 1.582192e+00
0.800000 18.325000 1.567859939088e+00 -1.746040631882e-01 1.577552e+00
0.800000 18.350000 1.567501512256e+00 -1.633305838619e-01 1.575988e+00
0.800000 18.375000 1.570290846950e+00 -1.520672562775e-01 1.577637e+00
0.800000 18.400000 1.576227321280e+00 -1.413036516746e-01 1.582548e+00
0.800000 18.425000 1.585234094778e+00 -1.315259136442e-01 1.590681e+00
0.800000 18.450000 1.597159213984e+00 -1.232049672179e-01 1.601904e+00
0.800000 18.475000 1.611778322453e+00 -1.167849158714e-01 1.616004e+00
0.800000 18.500000 1.628798984193e+00 -1.126717262486e-01 1.632691e+00
0.800000 18.525000 1.647866685681e+00 -1.112223299549e-01 1.651616e+00
0.800000 18.550000 1.668572616954e+00 -1.127343400881e-01 1.672377e+00
0.800000 18.575000 1.690463329114e+00 -1.174366754595e-01 1.694538e+00
0.800000 18.600000 1.713052312468e+00 -1.254814890747e-01 1.717642e+00
0.800000 18.625000 1.735833433338e+00 -1.369378866546e-01 1.741226e+00
0.800000 18.650000 1.758296014906e+00 -1.517879729436e-01 1.764836e+00
0.800000 18.675000 1.779941164064e+00 -1.699257589695e-01 1.788034e+00
0.800000 18.700000 1.800298754892e+00 -1.911593901531e-01 1.810419e+00
0.800000 18.725000 1.818944307020e+00 -2.152170106349e-01 1.831632e+00
0.800000 18.750000 1.835514870304e+00 -2.417563713016e-01 1.851367e+00
0.800000 18.775000 1.849722968599e+00 -2.703780355985e-01 1.869379e+00
0.800000 18.800000 1.861367679751e+00 -3.006417637965e-01 1.885491e+00
0.800000 18.825000 1.870342040818e+00 -3.320853926969e-01 1.899595e+00
0.800000 18.850000 1.876636160538e+00 -3.642453036268e-01 1.911658e+00
0.800000 18.875000 1.880335678273e+00 -3.966774127846e-01 1.921722e+00
0.800000 18.900000 1.881615505064e+00 -4.289775425505e-01 1.929896e+00
0.800000 18.925000 1.880729088416e+00 -4.608000482912e-01 1.936357e+00
0.800000 18.950000 1.877993727997e+00 -4.918736794043e-01 1.941340e+00
0.800000 18.975000 1.873772707903e+00 -5.220138326834e-01 1.945128e+00
0.800000 19.000000 1.868455183316e+00 -5.511305894346e-01 1.948043e+00
0.800000 19.025000 1.862434854831e+00 -5.792321895720e-01 1.950429e+00
0.800000 19.050000 1.856088482325e+00 -6.064238600209e-01 1.952643e+00
0.800000 19.075000 1.849755240505e+00 -6.329021582494e-01 1.955034e+00
0.800000 19.100000 1.843717815561e+00 -6.589451978967e-01 1.957934e+00
0.800000 19.125000 1.838186005121e+00 -6.848992834766e-01 1.961636e+00
0.800000 19.150000 1.833283430328e+00 -7.111625942123e-01 1.966388e+00
0.800000 19.175000 1.829037813993e+00 -7.381666291708e-01 1.972377e+00
0.800000 19.200000 1.825375131448e+00 -7.663561669874e-01 1.979721e+00
0.800000 19.225000 1.822117803122e+00 -7.961685144724e-01 1.988466e+00
0.800000 19.250000 1.818986966476e+00 -8.280128275321e-01 1.998579e+00
0.800000 19.275000 1.815608732214e+00 -8.622502883519e-01 2.009953e+00
0.800000 19.300000 1.811524187886e+00 -8.991759113904e-01 2.022409e+00
0.800000 19.325000 1.806202756079e+00 -9.390027180008e-01 2.035705e+00
0.800000 19.350000 1.799058345885e+00 -9.818489518919e-01 2.049546e+00
0.800000 19.375000 1.789467564835e+00 -1.027728890937e+00 2.063594e+00
0.800000 19.400000 1.776789102457e+00 -1.076547634466e+00 2.077483e+00
0.800000 19.425000 1.760383281328e+00 -1.128100006545e+00 2.090827e+00
0.800000 19.450000 1.739630725559e+00 -1.182073423809e+00 2.103239e+00
0.800000 19.475000 1.713949146730e+00 -1.238054253267e+00 2.114332e+00
0.800000 19.500000 1.682807412056e+00 -1.295536866146e+00 2.123736e+00
0.800000 19.525000 1.645736344075e+00 -1.353934322573e+00 2.131100e+00
0.800000 19.550000 1.602336092431e+00 -1.412589447155e+00 2.136092e+00
0.800000 19.575000 1.552280383434e+00 -1.470785022005e+00 2.138407e+00
0.800000 19.600000 1.495318440284e+00 -1.527751964588e+00 2.137757e+00
0.800000 19.625000 1.431275810004e+00 -1.582674686252e+00 2.133872e+00
0.800000 19.650000 1.360055659536e+00 -1.634693331521e+00 2.126493e+00
0.800000 19.675000 1.281642243637e+00 -1.682903237625e+00 2.115365e+00
0.800000 19.700000 1.196108146210e+00 -1.726352660747e+00 2.100231e+00
0.800000 19.725000 1.103626524557e+00 -1.764040500562e+00 2.080824e+00
0.800000 19.750000 1.004488946138e+00 -1.794916316150e+00 2.056872e+00
0.800000 19.775000 8.991285414679e-01 -1.817885262916e+00 2.028088e+00
0.800000 19.800000 7.881471841118e-01 -1.831820605312e+00 1.994177e+00
0.800000 19.825000 6.723443612152e-01 -1.835586116195e+00 1.954846e+00
0.800000 19.850000 5.527444487203e-01 -1.828069943712e+00 1.909808e+00
0.800000 19.875000 4.306183938055e-01 -1.808230442054e+00 1.858798e+00
0.800000 19.900000 3.074954610980e-01 -1.775153104879e+00 1.801589e+00
0.800000 19.925000 1.851608172504e-01 -1.728116236804e+00 1.738008e+00
0.800000 19.950000 6.563536328461e-02 -1.666661510590e+00 1.667953e+00
0.800000 19.975000 -4.886462886470e-02 -1.590664264358e+00 1.591415e+00
0.800000 20.000000 -1.559889271072e-01 -1.500397470104e+00 1.508484e+00
0.800000 20.025000 -2.533347392108e-01 -1.396582902284e+00 1.419374e+00
0.800000 20.050000 -3.385449948041e-01 -1.280423257370e+00 1.324423e+00
0.800000 20.075000 -4.094184239725e-01 -1.153609863624e+00 1.224107e+00
0.800000 20.100000 -4.640246611139e-01 -1.018302143374e+00 1.119043e+00
0.800000 20.125000 -5.008164148535e-01 -8.770770421118e-01 1.009991e+00
0.800000 20.150000 -5.187302203760e-01 -7.328490466795e-01 8.978579e-01
0.800000 20.175000 -5.172675324604e-01 -5.887639545144e-01 7.837147e-01
0.800000 20.200000 -4.965489507673e-01 -4.480719749851e-01 6.688268e-01
0.800000 20.225000 -4.573361336081e-01 -3.139877893086e-01 5.547474e-01
0.800000 20.250000 -4.010183105094e-01 -1.895466426852e-01 4.435579e-01
0.800000 20.275000 -3.295630361614e-01 -7.746622150536e-02 3.385451e-01
0.800000 20.300000 -2.454336796738e-01 1.997611367631e-02 2.462453e-01
0.800000 20.325000 -1.514788342919e-01 1.010422165980e-01 1.820862e-01
0.800000 20.350000 -5.080109546819e-02 1.646014685917e-01 1.722626e-01
0.800000 20.375000 5.338573788221e-02 2.101642534115e-01 2.168388e-01
0.800000 20.400000 1.579011931179e-01 2.378791335432e-01 2.855158e-01
0.800000 20.425000 2.597346381906e-01 2.484951641010e-01 3.594606e-01
0.800000 20.450000 3.561650040237e-01 2.432934833077e-01 4.313296e-01
0.800000 20.475000 4.448566667236e-01 2.239945648234e-01 4.980673e-01
0.800000 20.500000 5.239267370159e-01 1.926490959340e-01 5.582230e-01
0.800000 20.525000 5.919816193814e-01 1.515212213222e-01 6.110654e-01
0.800000 20.550000 6.481233621368e-01 1.029728191332e-01 6.562525e-01
0.800000 20.575000 6.919287502509e-01 4.935660167490e-02 6.936869e-01
0.800000 20.600000 7.234060578530e-01 -7.075709617643e-03 7.234407e-01
0.800000 20.625000 7.429357010481e-01 -6.424589545225e-02 7.457084e-01
0.800000 20.650000 7.512016170686e-01 -1.203004306698e-01 7.607733e-01
0.800000 20.675000 7.491200341417e-01 -1.736405529409e-01 7.689811e-01
0.800000 20.700000 7.377714644462e-01 -2.229333346486e-01 7.707179e-01
0.800000 20.725000 7.183403997638e-01 -2.671073507028e-01 7.663937e-01
0.800000 20.750000 6.920655172861e-01 -3.053374102809e-01 7.564295e-01
0.800000 20.775000 6.602014378632e-01 -3.370230565915e-01 7.412493e-01
0.800000 20.800000 6.239914432687e-01 -3.617651682516e-01 7.212762e-01
0.800000 20.825000 5.846492440712e-01 -3.793441239433e-01 6.969338e-01
0.800000 20.850000 5.433470332347e-01 -3.897017795313e-01 6.686505e-01
0.800000 20.875000 5.012067322563e-01 -3.929281471519e-01 6.368679e-01
0.800000 20.900000 4.592915326580e-01 -3.892523582850e-01 6.020516e-01
0.800000 20.925000 4.185954830349e-01 -3.790364168311e-01 5.647042e-01
0.800000 20.950000 3.800298416164e-01 -3.627695406039e-01 5.253803e-01
0.800000 20.975000 3.444060412122e-01 -3.410606289585e-01 4.847039e-01
0.800000 21.000000 3.124162198492e-01 -3.146265931105e-01 4.433890e-01
0.800000 21.025000 2.846131905915e-01 -2.842748922136e-01 4.022647e-01
0.800000 21.050000 2.613923259445e-01 -2.508795260369e-01 3.623072e-01
0.800000 21.075000 2.429780339100e-01 -2.153507999449e-01 3.246757e-01
0.800000 21.100000 2.294172813338e-01 -1.786002390266e-01 2.907410e-01
0.800000 21.125000 2.205820126875e-01 -1.415029307412e-01 2.620677e-01
0.800000 21.150000 2.161814083729e-01 -1.048601911624e-01 2.402708e-01
0.800000 21.175000 2.157838539734e-01 -6.936569377553e-02 2.266589e-01
0.800000 21.200000 2.188473982190e-01 -3.557803989314e-02 2.217205e-01
0.800000 21.225000 2.247565094195e-01 -3.902209703191e-03 2.247904e-01
0.800000 21.250000 2.328622236752e-01 2.541851324452e-02 2.342454e-01
0.800000 21.275000 2.425224023834e-01 5.229959105710e-02 2.480975e-01
0.800000 21.300000 2.531388230489e-01 7.680179943878e-02 2.645331e-01
0.800000 21.325000 2.641882066560e-01 9.910887899253e-02 2.821666e-01
0.800000 21.350000 2.752449794149e-01 1.194986508030e-01 3.000662e-01
0.800000 21.375000 2.859944807842e-01 1.383104988259e-01 3.176832e-01
0.800000 21.400000 2.962363434808e-01 1.559122976111e-01 3.347605e-01
0.800000 21.425000 3.058787577389e-01 1.726696899518e-01 3.512501e-01
0.800000 21.450000 3.149251743165e-01 1.889201355581e-01 3.672447e-01
0.800000 21.475000 3.234556063849e-01 2.049534362923e-01 3.829222e-01
0.800000 21.500000 3.316050028353e-01 2.209995982934e-01 3.985006e-01
0.800000 21.525000 3.395411691153e-01 2.372240288130e-01 4.142022e-01
0.800000 21.550000 3.474444315570e-01 2.537292926711e-01 4.302281e-01
0.800000 21.575000 3.554907371928e-01 2.705620573891e-01 4.467410e-01
0.800000 21.600000 3.638392376671e-01 2.877234949434e-01 4.638575e-01
0.800000 21.625000 3.726247189221e-01 3.051813038150e-01 4.816480e-01
0.800000 21.650000 3.819546014309e-01 3.228816536277e-01 5.001419e-01
0.800000 21.675000 3.919097273877e-01 3.407596906695e-01 5.193365e-01
0.800000 21.700000 4.025478252916e-01 3.587477075496e-01 5.392074e-01
0.800000 21.725000 4.139084221526e-01 3.767805941089e-01 5.597176e-01
0.800000 21.750000 4.260180511140e-01 3.947986699837e-01 5.808247e-01
0.800000 21.775000 4.388948417162e-01 4.127483843883e-01 6.024864e-01
0.800000 21.800000 4.525519249055e-01 4.305816089678e-01 6.246629e-01
0.800000 21.825000 4.669994680063e-01 4.482543243846e-01 6.473179e-01
0.800000 21.850000 4.822455091072e-01 4.657254173242e-01 6.704184e-01
0.800000 21.875000 4.982960286474e-01 4.829560929008e-01 6.939348e-01
0.800000 21.900000 5.151548396003e-01 4.999101170964e-01 7.178403e-01
0.800000 21.925000 5.328238806360e-01 5.165547932901e-01 7.421119e-01
0.800000 21.950000 5.513043672551e-01 5.328623042783e-01 7.667325e-01
0.800000 21.975000 5.705990238583e-01 5.488108652891e-01 7.916922e-01
0.800000 22.000000 5.907153306186e-01 5.643850666372e-01 8.169915e-01
0.800000 22.025000 6.116694264343e-01 5.795748483088e-01 8.426426e-01
0.800000 22.050000 6.334900660315e-01 5.943727324194e-01 8.686706e-01
0.800000 22.075000 6.562218793462e-01 6.087692131989e-01 8.951129e-01
0.800000 22.100000 6.799271531108e-01 6.227465236165e-01 9.220164e-01
0.800000 22.125000 7.046854569461e-01 6.362713115607e-01 9.494329e-01
0.800000 22.150000 7.305906577203e-01 6.492870161038e-01 9.774131e-01
0.800000 22.175000 7.577451766259e-01 6.617068937892e-01 1.005999e+00
0.800000 22.200000 7.862516999956e-01 6.734086786893e-01 1.035215e+00
0.800000 22.225000 8.162029071152e-01 6.842317592102e-01 1.065064e+00
0.800000 22.250000 8.476700765169e-01 6.939775296871e-01 1.095513e+00
0.800000 22.275000 8.806916344595e-01 7.024132536608e-01 1.126500e+00
0.800000 22.300000 9.152627870176e-01 7.092793995254e-01 1.157922e+00
0.800000 22.325000 9.513273190682e-01 7.143000263306e-01 1.189642e+00
0.800000 22.350000 9.887724564534e-01 7.171954565264e-01 1.221491e+00
0.800000 22.375000 1.027427395536e+00 7.176962156553e-01 1.253274e+00
0.800000 22.400000 1.067065744170e+00 7.155570768082e-01 1.284777e+00
0.800000 22.425000 1.107411734376e+00 7.105700349781e-01 1.315778e+00
0.800000 22.450000 1.148149705869e+00 7.025751512434e-01 1.346053e+00
0.800000 22.475000 1.188936062360e+00 6.914684311344e-01 1.375390e+00
0.800000 22.500000 1.229412700983e+00 6.772062049147e-01 1.403590e+00
0.800000 22.525000 1.269220827283e+00 6.598058210781e-01 1.430477e+00
0.800000 22.550000 1.308014097296e+00 6.393428067260e-01 1.455905e+00
0.800000 22.575000 1.345470162968e+00 6.159449510892e-01 1.479756e+00
0.800000 22.600000 1.381299914385e+00 5.897840003515e-01 1.501944e+00
0.800000 22.625000 1.415253980447e+00 5.610657931861e-01 1.522412e+00
0.800000 22.650000 1.447126334026e+00 5.300197097380e-01 1.541134e+00
0.800000 22.675000 1.476755114471e+00 4.968882574960e-01 1.558109e+00
0.800000 22.700000 1.504021001570e+00 4.619174915780e-01 1.573355e+00
0.800000 22.725000 1.528843631008e+00 4.253487881279e-01 1.586910e+00
0.800000 22.750000 1.551176622678e+00 3.874122853269e-01 1.598824e+00
0.800000 22.775000 1.571001800834e+00 3.483221044114e-01 1.609153e+00
0.800000 22.800000 1.588323129127e+00 3.082732868769e-01 1.617963e+00
0.800000 22.825000 1.603160780921e+00 2.674402511857e-01 1.625315e+00
0.800000 22.850000 1.615545636513e+00 2.259764924053e-01 1.631273e+00
0.800000 22.875000 1.625514365268e+00 1.840152227072e-01 1.635897e+00
0.800000 22.900000 1.633105131165e+00 1.416706736361e-01 1.639239e+00
0.800000 22.925000 1.638353869345e+00 9.903984097930e-02 1.641345e+00
0.800000 22.950000 1.641291027803e+00 5.620453500572e-02 1.642253e+00
0.800000 22.975000 1.641938654830e+00 1.323368685510e-02 1.641992e+00
0.800000 23.000000 1.640307736358e+00 -2.981405879410e-02 1.640579e+00
0.800000 23.025000 1.636395740366e+00 -7.288737589351e-02 1.638018e+00
0.800000 23.050000 1.630184397619e+00 -1.159387949806e-01 1.634302e+00
0.800000 23.075000 1.621637827510e+00 -1.589206300732e-01 1.629406e+00
0.800000 23.100000 1.610701193140e+00 -2.017802119638e-01 1.623291e+00
0.800000 23.125000 1.597300130819e+00 -2.444544081657e-01 1.615898e+00
0.800000 23.150000 1.581341237725e+00 -2.868634949417e-01 1.607150e+00
0.800000 23.175000 1.562713911737e+00 -3.289045466884e-01 1.596951e+00
0.800000 23.200000 1.541293815963e+00 -3.704446139233e-01 1.585186e+00
0.800000 23.225000 1.516948185826e+00 -4.113140643199e-01 1.571722e+00
0.800000 23.250000 1.489543109395e+00 -4.513005528025e-01 1.556410e+00
0.800000 23.275000 1.458952794363e+00 -4.901441578464e-01 1.539086e+00
0.800000 23.300000 1.425070691931e+00 -5.275342633310e-01 1.519579e+00
0.800000 23.325000 1.387822185365e+00 -5.631087705355e-01 1.497712e+00
0.800000 23.350000 1.347178377834e+00 -5.964561860340e-01 1.473312e+00
0.800000 23.375000 1.303170341665e+00 -6.271210428967e-01 1.446214e+00
0.800000 23.400000 1.255903033062e+00 -6.546129719021e-01 1.416266e+00
0.800000 23.425000 1.205567948304e+00 -6.784195472941e-01 1.383346e+00
0.800000 23.450000 1.152453516089e+00 -6.980227936251e-01 1.347362e+00
0.800000 23.475000 1.096952201969e+00 -7.129189675064e-01 1.308265e+00
0.800000 23.500000 1.039563358280e+00 -7.226409375181e-01 1.266058e+00
0.800000 23.525000 9.808909954089e-01 -7.267821990710e-01 1.220803e+00
0.800000 23.550000 9.216358799062e-01 -7.250213045985e-01 1.172633e+00
0.800000 23.575000 8.625816757529e-01 -7.171452905972e-01 1.121760e+00
0.800000 23.600000 8.045752218271e-01 -7.030705682732e-01 1.068480e+00
0.800000 23.625000 7.485014571285e-01 -6.828597360929e-01 1.013189e+00
0.800000 23.650000 6.952539337823e-01 -6.567328851892e-01 9.563870e-01
0.800000 23.675000 6.457022591343e-01 -6.250722070570e-01 8.986916e-01
0.800000 23.700000 6.006581435107e-01 -5.884190699789e-01 8.408491e-01
0.800000 23.725000 5.608419627674e-01 -5.474631863052e-01 7.837472e-01
0.800000 23.750000 5.268518443765e-01 -5.030240153819e-01 7.284271e-01
0.800000 23.775000 4.991372327585e-01 -4.560250954015e-01 6.760894e-01
0.800000 23.800000 4.779786774399e-01 -4.074625246346e-01 6.280839e-01
0.800000 23.825000 4.634752253005e-01 -3.583692699400e-01 5.858650e-01
0.800000 23.850000 4.555403098052e-01 -3.097773234623e-01 5.508892e-01
0.800000 23.875000 4.539064536184e-01 -2.626799210416e-01 5.244348e-01
0.800000 23.900000 4.581384846889e-01 -2.179960551554e-01 5.073590e-01
0.800000 23.925000 4.676543640175e-01 -1.765393543134e-01 4.998667e-01
0.800000 23.950000 4.817521903947e-01 -1.389930703341e-01 5.014023e-01
0.800000 23.975000 4.996415326819e-01 -1.058924423350e-01 5.107395e-01
0.800000 24.000000 5.204769822193e-01 -7.761513359054e-02 5.262323e-01
0.800000 24.025000 5.433917402892e-01 -5.437981706256e-02 5.461060e-01
0.800000 24.050000 5.675291641567e-01 -3.625237487282e-02 5.686858e-01
0.800000 24.075000 5.920704775425e-01 -2.315863285372e-02 5.925232e-01
0.800000 24.100000 6.162572776479e-01 -1.490212330834e-02 6.164374e-01
0.800000 24.125000 6.394079971463e-01 -1.118509489584e-02 6.395058e-01
0.800000 24.150000 6.609280525019e-01 -1.163088979274e-02 6.610304e-01
0.800000 24.175000 6.803139724419e-01 -1.580588849344e-02 6.804976e-01
0.800000 24.200000 6.971522975888e-01 -2.323946702376e-02 6.975395e-01
0.800000 24.225000 7.111144273950e-01 -3.344078872517e-02 7.119003e-01
0.800000 24.250000 7.219488297687e-01 -4.591171907119e-02 7.234072e-01
0.800000 24.275000 7.294721044541e-01 -6.015565526233e-02 7.319483e-01
0.800000 24.300000 7.335603033191e-01 -7.568254850806e-02 7.374541e-01
0.800000 24.325000 7.341416764371e-01 -9.201081552860e-02 7.398851e-01
0.800000 24.350000 7.311916642688e-01 -1.086671453817e-01 7.392224e-01
0.800000 24.375000 7.247305364387e-01 -1.251853798371e-01 7.354629e-01
0.800000 24.400000 7.148236356459e-01 -1.411056675194e-01 7.286176e-01
0.800000 24.425000 7.015837708287e-01 -1.559749677492e-01 7.187127e-01
0.800000 24.450000 6.851749617592e-01 -1.693497288767e-01 7.057932e-01
0.800000 24.475000 6.658165033253e-01 -1.808012202783e-01 6.899280e-01
0.800000 24.500000 6.437862146032e-01 -1.899235984743e-01 6.712166e-01
0.800000 24.525000 6.194217733866e-01 -1.963443817279e-01 6.497957e-01
0.800000 24.550000 5.931192039983e-01 -1.997366389884e-01 6.258475e-01
0.800000 24.575000 5.653278640929e-01 -1.998319077519e-01 5.996069e-01
0.800000 24.600000 5.365416328329e-01 -1.964326715268e-01 5.713692e-01
0.800000 24.625000 5.072863990453e-01 -1.894231691745e-01 5.414985e-01
0.800000 24.650000 4.781043415722e-01 -1.787773799178e-01 5.104362e-01
0.800000 24.675000 4.495358443139e-01 -1.645632202499e-01 4.787103e-01
0.800000 24.700000 4.221001603760e-01 -1.469422812297e-01 4.469458e-01
0.800000 24.725000 3.962761071227e-01 -1.261647962056e-01 4.158754e-01
0.800000 24.750000 3.724841219098e-01 -1.025599233185e-01 3.863456e-01
0.800000 24.775000 3.510709341516e-01 -7.652181560915e-02 3.593138e-01
0.800000 24.800000 3.322979225071e-01 -4.849229736088e-02 3.358175e-01
0.800000 24.825000 3.163339462905e-01 -1.894123702875e-02 3.169005e-01
0.800000 24.850000 3.032530957997e-01 1.165411851657e-02 3.034769e-01
0.800000 24.875000 2.930374303372e-01 4.282951981625e-02 2.961508e-01
0.800000 24.900000 2.855844001069e-01 7.415252095983e-02 2.950543e-01
0.800000 24.925000 2.807183120382e-01 1.052385894946e-01 2.997965e-01
0.800000 24.950000 2.782049281906e-01 1.357636334887e-01 3.095638e-01
0.800000 24.975000 2.777680997277e-01 1.654723608772e-01 3.233206e-01
0.800000 25.000000 2.791072516393e-01 1.941822204755e-01 3.400112e-01
0.800000 25.025000 2.819145459287e-01 2.217830100053e-01 3.586970e-01
0.800000 25.050000 2.858906570832e-01 2.482325448975e-01 3.786197e-01
0.800000 25.075000 2.907582783337e-01 2.735490374386e-01 3.992110e-01
0.800000 25.100000 2.962727192494e-01 2.978010203097e-01 4.200750e-01
0.800000 25.125000 3.022292294543e-01 3.210957507702e-01 4.409592e-01
0.800000 25.150000 3.084669633158e-01 3.435670490179e-01 4.617252e-01
0.800000 25.175000 3.148697613034e-01 3.653634620385e-01 4.823209e-01
0.800000 25.200000 3.213641440165e-01 3.866375149510e-01 5.027559e-01
0.800000 25.225000 3.279150788338e-01 4.075366331766e-01 5.230816e-01
0.800000 25.250000 3.345201776267e-01 4.281961115954e-01 5.433743e-01
0.800000 25.275000 3.412030150007e-01 4.487342929406e-01 5.637215e-01
0.800000 25.300000 3.480062248099e-01 4.692499173076e-01 5.842121e-01
0.800000 25.325000 3.549849486718e-01 4.898214347263e-01 6.049292e-01
0.800000 25.350000 3.622010884199e-01 5.105079452731e-01 6.259457e-01
0.800000 25.375000 3.697186715916e-01 5.313513524716e-01 6.473223e-01
0.800000 25.400000 3.776004919794e-01 5.523792861842e-01 6.691076e-01
0.800000 25.425000 3.859060510420e-01 5.736083659459e-01 6.913393e-01
0.800000 25.450000 3.946907122816e-01 5.950474256900e-01 7.140464e-01
0.800000 25.475000 4.040058969029e-01 6.167003943787e-01 7.372517e-01
0.800000 25.500000 4.139000977494e-01 6.385686116727e-01 7.609751e-01
0.800000 25.525000 4.244204677381e-01 6.606524417935e-01 7.852352e-01
0.800000 25.550000 4.356147431600e-01 6.829521229048e-01 8.100517e-01
0.800000 25.575000 4.475332833051e-01 7.054678477856e-01 8.354465e-01
0.800000 25.600000 4.602310370610e-01 7.281991123029e-01 8.614445e-01
0.800000 25.625000 4.737692763532e-01 7.511433929510e-01 8.880730e-01
0.800000 25.650000 4.882169595379e-01 7.742942282003e-01 9.153619e-01
0.800000 25.675000 5.036516022187e-01 7.976387870966e-01 9.433412e-01
0.800000 25.700000 5.201595389594e-01 8.211550192811e-01 9.720399e-01
0.800000 25.725000 5.378354608216e-01 8.448084989901e-01 1.001483e+00
0.800000 25.750000 5.567811168147e-01 8.685491047852e-01 1.031689e+00
0.800000 25.775000 5.771030796614e-01 8.923077165189e-01 1.062667e+00
0.800000 25.800000 5.989095048440e-01 9.159931574204e-01 1.094411e+00
0.800000 25.825000 6.223058618434e-01 9.394896548854e-01 1.126901e+00
0.800000 25.850000 6.473896896317e-01 9.626551288714e-01 1.160094e+00
0.800000 25.875000 6.742445223796e-01 9.853206310733e-01 1.193927e+00
0.800000 25.900000 7.029332390092e-01 1.007291241517e+00 1.228312e+00
0.800000 25.925000 7.334912005227e-01 1.028348674746e+00 1.263135e+00
0.800000 25.950000 7.659196378533e-01 1.048255752619e+00 1.298258e+00
0.800000 25.975000 8.001798249223e-01 1.066762767573e+00 1.333518e+00
0.800000 26.000000 8.361886021225e-01 1.083615597485e+00 1.368735e+00
0.800000 26.025000 8.738157931188e-01 1.098565255158e+00 1.403709e+00
0.800000 26.050000 9.128839763276e-01 1.111378380014e+00 1.438235e+00
0.800000 26.075000 9.531709319559e-01 1.121848027576e+00 1.472100e+00
0.800000 26.100000 9.944148936712e-01 1.129804003971e+00 1.505097e+00
0.800000 26.125000 1.036322505629e+00 1.135121945757e+00 1.537032e+00
0.800000 26.150000 1.078579141517e+00 1.137730371906e+00 1.567726e+00
0.800000 26.175000 1.120861007319e+00 1.137615039729e+00 1.597028e+00
0.800000 26.200000 1.162848249713e+00 1.134820115974e+00 1.624818e+00
0.800000 26.225000 1.204238151777e+00 1.129445915637e+00 1.651011e+00
0.800000 26.250000 1.244757436326e+00 1.121643243330e+00 1.675561e+00
0.800000 26.275000 1.284172726820e+00 1.111604668519e+00 1.698459e+00
0.800000 26.300000 1.322298338715e+00 1.099553346422e+00 1.719736e+00
0.800000 26.325000 1.359000782826e+00 1.085730230423e+00 1.739452e+00
0.800000 26.350000 1.394199638881e+00 1.070380683118e+00 1.757699e+00
0.800000 26.375000 1.427864776115e+00 1.053741561394e+00 1.774590e+00
0.800000 26.400000 1.460010226620e+00 1.036029816061e+00 1.790248e+00
0.800000 26.425000 1.490685322268e+00 1.017433508759e+00 1.804803e+00
0.800000 26.450000 1.519963954746e+00 9.981059202188e-01 1.818380e+00
0.800000 26.475000 1.547932983462e+00 9.781631264529e-01 1.831092e+00
0.800000 26.500000 1.574680878952e+00 9.576850834657e-01 1.843036e+00
0.800000 26.525000 1.600287642321e+00 9.367199216293e-01 1.854283e+00
0.800000 26.550000 1.624816888238e+00 9.152908440477e-01 1.864883e+00
0.800000 26.575000 1.648310736242e+00 8.934047818636e-01 1.874860e+00
0.800000 26.600000 1.670787848471e+00 8.710618094923e-01 1.884219e+00
0.800000 26.625000 1.692244615001e+00 8.482642800573e-01 1.892946e+00
0.800000 26.650000 1.712659157350e+00 8.250247098596e-01 1.901017e+00
0.800000 26.675000 1.731997532732e+00 8.013716119844e-01 1.908406e+00
0.800000 26.700000 1.750221307450e+00 7.773527331106e-01 1.915085e+00
0.800000 26.725000 1.767295550269e+00 7.530354548695e-01 1.921040e+00
0.800000 26.750000 1.783196287302e+00 7.285044464955e-01 1.926268e+00
0.800000 26.775000 1.797916558083e+00 7.038569619945e-01 1.930782e+00
0.800000 26.800000 1.811470404823e+00 6.791964281759e-01 1.934614e+00
0.800000 26.825000 1.823894389476e+00 6.546251417277e-01 1.937814e+00
0.800000 26.850000 1.835246534234e+00 6.302369660219e-01 1.940445e+00
0.800000 26.875000 1.845602884632e+00 6.061108853218e-01 1.942581e+00
0.800000 26.900000 1.855052164758e+00 5.823061419605e-01 1.944299e+00
0.800000 26.925000 1.863689200086e+00 5.588594689169e-01 1.945678e+00
0.800000 26.950000 1.871607902183e+00 5.357846635959e-01 1.946787e+00
0.800000 26.975000 1.878894628973e+00 5.130744619996e-01 1.947688e+00
0.800000 27.000000 1.885622654676e+00 4.907044012707e-01 1.948426e+00
0.800000 27.025000 1.891848317504e+00 4.686381356559e-01 1.949028e+00
0.800000 27.050000 1.897609183569e+00 4.468335226434e-01 1.949508e+00
0.800000 27.075000 1.902924302910e+00 4.252487388876e-01 1.949861e+00
0.800000 27.100000 1.907796372222e+00 4.038477243589e-01 1.950072e+00
0.800000 27.125000 1.912215392463e+00 3.826043803604e-01 1.950116e+00
0.800000 27.150000 1.916163246512e+00 3.615051438014e-01 1.949966e+00
0.800000 27.175000 1.919618542603e+00 3.405497986993e-01 1.949592e+00
0.800000 27.200000 1.922561082094e+00 3.197506333676e-01 1.948969e+00
0.800000 27.225000 1.924975411843e+00 2.991302742224e-01 1.948078e+00
0.800000 27.250000 1.926853096450e+00 2.787186941996e-01 1.946907e+00
0.800000 27.275000 1.928193568684e+00 2.585499825346e-01 1.945451e+00
0.800000 27.300000 1.929003655338e+00 2.386594608678e-01 1.943711e+00
0.800000 27.325000 1.929296096027e+00 2.190816384648e-01 1.941695e+00
0.800000 27.350000 1.929087541798e+00 1.998493294795e-01 1.939412e+00
0.800000 27.375000 1.928396612844e+00 1.809940314946e-01 1.936872e+00
0.800000 27.400000 1.927242594526e+00 1.625474189208e-01 1.934085e+00
0.800000 27.425000 1.925645255236e+00 1.445435732206e-01 1.931063e+00
0.800000 27.450000 1.923626088492e+00 1.270213894803e-01 1.927815e+00
0.800000 27.475000 1.921211037827e+00 1.100264952859e-01 1.924359e+00
0.800000 27.500000 1.918434488831e+00 9.361201308073e-02 1.920717e+00
0.800000 27.525000 1.915344046391e+00 7.783759832396e-02 1.916925e+00
0.800000 27.550000 1.912005395874e+00 6.276638570664e-02 1.913035e+00
0.800000 27.575000 1.908506409506e+00 4.845975331431e-02 1.909122e+00
0.800000 27.600000 1.904959629346e+00 3.497013710415e-02 1.905281e+00
0.800000 27.625000 1.901502348793e+00 2.233245451809e-02 1.901633e+00
0.800000 27.650000 1.898293723197e+00 1.055498259888e-02 1.898323e+00
0.800000 27.675000 1.895508648782e+00 -3.892587695557e-04 1.895509e+00
0.800000 27.700000 1.893328525744e+00 -1.056947731408e-02 1.893358e+00
0.800000 27.725000 1.891929423156e+00 -2.010133625607e-02 1.892036e+00
0.800000 27.750000 1.891468541825e+00 -2.914752870574e-02 1.891693e+00
0.800000 27.775000 1.892070177842e+00 -3.791410111818e-02 1.892450e+00
0.800000 27.800000 1.893812582009e+00 -4.664234120585e-02 1.894387e+00
0.800000 27.825000 1.896717157595e+00 -5.559651548698e-02 1.897532e+00
0.800000 27.850000 1.900741326061e+00 -6.504821687988e-02 1.901854e+00
0.800000 27.875000 1.905776120677e+00 -7.525850874344e-02 1.907262e+00
0.800000 27.900000 1.911649163131e+00 -8.645937705285e-02 1.913603e+00
0.800000 27.925000 1.918133176795e+00 -9.883618501282e-02 1.920678e+00
0.800000 27.950000 1.924959643312e+00 -1.125128370929e-01 1.928245e+00
0.800000 27.975000 1.931836674682e+00 -1.275411933298e-01 1.936042e+00
0.800000 28.000000 1.938469709700e+00 -1.438959407203e-01 1.943803e+00
0.800000 28.025000 1.944583303679e+00 -1.614756566666e-01 1.951276e+00
0.800000 28.050000 1.949942103841e+00 -1.801102357090e-01 1.958243e+00
0.800000 28.075000 1.954369112414e+00 -1.995742522151e-01 1.964533e+00
0.800000 28.100000 1.957759538317e+00 -2.196052600277e-01 1.970038e+00
0.800000 28.125000 1.960088908874e+00 -2.399255448790e-01 1.974718e+00
0.800000 28.150000 1.961414619508e+00 -2.602654974633e-01 1.978607e+00
0.800000 28.175000 1.961870691191e+00 -2.803866008373e-01 1.981806e+00
0.800000 28.200000 1.961656123341e+00 -3.001020433677e-01 1.984479e+00
0.800000 28.225000 1.961017811956e+00 -3.192931757623e-01 1.986841e+00
0.800000 28.250000 1.960229491621e+00 -3.379204061367e-01 1.989143e+00
0.800000 28.275000 1.959568508563e+00 -3.560276319617e-01 1.991649e+00
0.800000 28.300000 1.959292408197e+00 -3.737398911008e-01 1.994620e+00
0.800000 28.325000 1.959617310934e+00 -3.912545181543e-01 1.998294e+00
0.800000 28.350000 1.960699859492e+00 -4.088266588642e-01 2.002869e+00
0.800000 28.375000 1.962624172529e+00 -4.267504717906e-01 2.008484e+00
0.800000 28.400000 1.965394770525e+00 -4.453376910951e-01 2.015218e+00
0.800000 28.425000 1.968935897909e+00 -4.648954097680e-01 2.023076e+00
0.800000 28.450000 1.973097102738e+00 -4.857049581324e-01 2.031999e+00
0.800000 28.475000 1.977664403028e+00 -5.080036035866e-01 2.041868e+00
0.800000 28.500000 1.982375913043e+00 -5.319705046544e-01 2.052512e+00
0.800000 28.525000 1.986940459295e+00 -5.577179477333e-01 2.063730e+00
0.800000 28.550000 1.991057508673e+00 -5.852884182519e-01 2.075301e+00
0.800000 28.575000 1.994436670406e+00 -6.146575527131e-01 2.087003e+00
0.800000 28.600000 1.996815117059e+00 -6.457425268541e-01 2.098631e+00
0.800000 28.625000 1.997971483545e+00 -6.784149962375e-01 2.110009e+00
0.800000 28.650000 1.997735124290e+00 -7.125173504063e-01 2.120997e+00
0.800000 28.675000 1.995990008059e+00 -7.478807930802e-01 2.131502e+00
0.800000 28.700000 1.992672974929e+00 -7.843436324386e-01 2.141481e+00
0.800000 28.725000 1.987766537120e+00 -8.217681619406e-01 2.150934e+00
0.800000 28.750000 1.981286842611e+00 -8.600546298325e-01 2.159905e+00
0.800000 28.775000 1.973267808347e+00 -8.991510237842e-01 2.168469e+00
0.800000 28.800000 1.963742742757e+00 -9.390577191703e-01 2.176721e+00
0.800000 28.825000 1.952724994496e+00 -9.798264336286e-01 2.184764e+00
0.800000 28.850000 1.940189270063e+00 -1.021553370736e+00 2.192694e+00
0.800000 28.875000 1.926055247799e+00 -1.064366892733e+00 2.200583e+00
0.800000 28.900000 1.910174976827e+00 -1.108410504642e+00 2.208471e+00
0.800000 28.925000 1.892325291710e+00 -1.153822327098e+00 2.216349e+00
0.800000 28.950000 1.872206110441e+00 -1.200712550698e+00 2.224155e+00
0.800000 28.975000 1.849445037215e+00 -1.249140571246e+00 2.231770e+00
0.800000 29.000000 1.823608193673e+00 -1.299093579319e+00 2.239016e+00
0.800000 29.025000 1.794216691966e+00 -1.350468303841e+00 2.245658e+00
0.800000 29.050000 1.760767684805e+00 -1.403057384400e+00 2.251416e+00
0.800000 29.075000 1.722758528189e+00 -1.456541481025e+00 2.255972e+00
0.800000 29.100000 1.679712315950e+00 -1.510487748707e+00 2.258984e+00
0.800000 29.125000 1.631202927992e+00 -1.564354747266e+00 2.260095e+00
0.800000 29.150000 1.576877799422e+00 -1.617503278132e+00 2.258951e+00
0.800000 29.175000 1.516476871306e+00 -1.669212099339e+00 2.255210e+00
0.800000 29.200000 1.449846610071e+00 -1.718697031691e+00 2.248549e+00
0.800000 29.225000 1.376948544419e+00 -1.765131690782e+00 2.238678e+00
0.800000 29.250000 1.297862408252e+00 -1.807668006055e+00 2.225334e+00
0.800000 29.275000 1.212784622384e+00 -1.845454843951e+00 2.208291e+00
0.800000 29.300000 1.122023414898e+00 -1.877653435498e+00 2.187354e+00
0.800000 29.325000 1.025992289387e+00 -1.903448888656e+00 2.162355e+00
0.800000 29.350000 9.252037329200e-01 -1.922057782497e+00 2.133145e+00
0.800000 29.375000 8.202649642603e-01 -1.932732609772e+00 2.099593e+00
0.800000 29.400000 7.118771414226e-01 -1.934764556002e+00 2.061573e+00
0.800000 29.425000 6.008387959668e-01 -1.927486671014e+00 2.018963e+00
0.800000 29.450000 4.880533978434e-01 -1.910279805201e+00 1.971640e+00
0.800000 29.475000 3.745399720239e-01 -1.882583671370e+00 1.919479e+00
0.800000 29.500000 2.614447064408e-01 -1.843915011909e+00 1.862358e+00
0.800000 29.525000 1.500506439363e-01 -1.793894101293e+00 1.800159e+00
0.800000 29.550000 4.178197165516e-02 -1.732279744746e+00 1.732784e+00
0.800000 29.575000 -6.180077625766e-02 -1.659011641292e+00 1.660162e+00
0.800000 29.600000 -1.590180234349e-01 -1.574257599081e+00 1.582269e+00
0.800000 29.625000 -2.481036293744e-01 -1.478461785338e+00 1.499135e+00
0.800000 29.650000 -3.272539867116e-01 -1.372389134246e+00 1.410868e+00
0.800000 29.675000 -3.946935847752e-01 -1.257160384366e+00 1.317663e+00
0.800000 29.700000 -4.487550499887e-01 -1.134272101849e+00 1.219817e+00
0.800000 29.725000 -4.879697830333e-01 -1.005596545645e+00 1.117738e+00
0.800000 29.750000 -5.111635762980e-01 -8.733573610021e-01 1.011949e+00
0.800000 29.775000 -5.175502231420e-01 -7.400787915351e-01 9.030918e-01
0.800000 29.800000 -5.068153105434e-01 -6.085082514648e-01 7.919243e-01
0.800000 29.825000 -4.791822603655e-01 -4.815145109145e-01 6.793172e-01
0.800000 29.850000 -4.354533277250e-01 -3.619661874017e-01 5.662501e-01
0.800000 29.875000 -3.770196751101e-01 -2.525974546520e-01 4.538164e-01
0.800000 29.900000 -3.058367321542e-01 -1.558696313119e-01 3.432659e-01
0.800000 29.925000 -2.243636591194e-01 -7.383838743733e-02 2.362015e-01
0.800000 29.950000 -1.354686289139e-01 -8.036555976349e-03 1.357068e-01
0.800000 29.975000 -4.230455743199e-02 4.061811078421e-02 5.864731e-02
0.800000 30.000000 5.183743925235e-02 7.188242407757e-02 8.862394e-02
0.800000 30.025000 1.436874680923e-01 8.620895516533e-02 1.675651e-01
0.800000 30.050000 2.301584125636e-01 8.472628217487e-02 2.452579e-01
0.800000 30.075000 3.084984171443e-01 6.917880104896e-02 3.161597e-01
0.800000 30.100000 3.764236248468e-01 4.182981108820e-02 3.787406e-01
0.800000 30.125000 4.322219470944e-01 5.334499825494e-03 4.322549e-01
0.800000 30.150000 4.748209089533e-01 -3.740819306877e-02 4.762922e-01
0.800000 30.175000 5.038154719580e-01 -8.341427953327e-02 5.106740e-01
0.800000 30.200000 5.194549210272e-01 -1.297727926195e-01 5.354198e-01
0.800000 30.225000 5.225911099949e-01 -1.737923465718e-01 5.507316e-01
0.800000 30.250000 5.145932920893e-01 -2.131265665981e-01 5.569822e-01
0.800000 30.275000 4.972371501388e-01 -2.458708098441e-01 5.547046e-01
0.800000 30.300000 4.725772797448e-01 -2.706252146614e-01 5.445799e-01
0.800000 30.325000 4.428131414111e-01 -2.865220380227e-01 5.274262e-01
0.800000 30.350000 4.101583509891e-01 -2.932181832802e-01 5.041892e-01
0.800000 30.375000 3.767221807176e-01 -2.908565043578e-01 4.759381e-01
0.800000 30.400000 3.444104375283e-01 -2.800016585249e-01 4.438688e-01
0.800000 30.425000 3.148506774280e-01 -2.615577913294e-01 4.093207e-01
0.800000 30.450000 2.893442503534e-01 -2.366760757416e-01 3.738123e-01
0.800000 30.475000 2.688452055785e-01 -2.066600798251e-01 3.390961e-01
0.800000 30.500000 2.539638629584e-01 -1.728761717233e-01 3.072195e-01
0.800000 30.525000 2.449910672630e-01 -1.366748252048e-01 2.805363e-01
0.800000 30.550000 2.419379279395e-01 -9.932695100251e-02 2.615336e-01
0.800000 30.575000 2.445852695597e-01 -6.197746203522e-02 2.523156e-01
0.800000 30.600000 2.525370702435e-01 -2.561639786104e-02 2.538330e-01
0.800000 30.625000 2.652727710552e-01 8.933724571696e-03 2.654232e-01
0.800000 30.650000 2.821943706149e-01 4.101695357811e-02 2.851597e-01
0.800000 30.675000 3.026655142323e-01 7.013278251740e-02 3.106848e-01
0.800000 30.700000 3.260411720179e-01 9.591864168027e-02 3.398577e-01
0.800000 30.725000 3.516878111198e-01 1.181296445709e-01 3.709972e-01
0.800000 30.750000 3.789950664544e-01 1.366187126697e-01 4.028671e-01
0.800000 30.775000 4.073807058466e-01 1.513194127473e-01 4.345764e-01
0.800000 30.800000 4.362911211462e-01 1.622329105841e-01 4.654777e-01
0.800000 30.825000 4.651996569024e-01 1.694195061906e-01 4.950896e-01
0.800000 30.850000 4.936048557311e-01 1.729943839536e-01 5.230419e-01
0.800000 30.875000 5.210302303647e-01 1.731265737167e-01 5.490404e-01
0.800000 30.900000 5.470265613911e-01 1.700397269110e-01 5.728452e-01
0.800000 30.925000 5.711770665406e-01 1.640131787733e-01 5.942588e-01
0.800000 30.950000 5.931051830618e-01 1.553818719317e-01 6.131209e-01
0.800000 30.975000 6.124842209825e-01 1.445340092126e-01 6.293068e-01
0.800000 31.000000 6.290478274592e-01 1.319057181267e-01 6.427288e-01
0.800000 31.025000 6.426000680161e-01 1.179724736851e-01 6.533394e-01
0.800000 31.050000 6.530239694953e-01 1.032374720772e-01 6.611341e-01
0.800000 31.075000 6.602875506954e-01 8.821752048484e-02 6.661546e-01
0.800000 31.100000 6.644466447882e-01 7.342727184956e-02 6.684915e-01
0.800000 31.125000 6.656441421159e-01 5.936277246335e-02 6.682859e-01
0.800000 31.150000 6.641056050953e-01 4.648530917728e-02 6.657305e-01
0.800000 31.175000 6.601314901721e-01 3.520646172097e-02 6.610696e-01
0.800000 31.200000 6.540864299105e-01 2.587511385330e-02 6.545980e-01
0.800000 31.225000 6.463861709322e-01 1.876698791757e-02 6.466586e-01
0.800000 31.250000 6.374828335384e-01 1.407707137421e-02 6.376382e-01
0.800000 31.275000 6.278491695841e-01 1.191512439754e-02 6.279622e-01
0.800000 31.300000 6.179624652287e-01 1.230430831377e-02 6.180849e-01
0.800000 31.325000 6.082886839506e-01 1.518285914242e-02 6.084781e-01
0.800000 31.350000 5.992673886444e-01 2.040864398714e-02 5.996148e-01
0.800000 31.375000 5.912979293133e-01 2.776637041189e-02 5.919495e-01
0.800000 31.400000 5.847273370312e-01 3.697715866459e-02 5.858954e-01
0.800000 31.425000 5.798403209999e-01 4.771012427665e-02 5.817998e-01
0.800000 31.450000 5.768517147284e-01 5.959554982080e-02 5.799220e-01
0.800000 31.475000 5.759016494153e-01 7.223915149155e-02 5.804147e-01
0.800000 31.500000 5.770536394826e-01 8.523687695360e-02 5.833149e-01
0.800000 31.525000 5.802956438875e-01 9.818961827220e-02 5.885442e-01
0.800000 31.550000 5.855440211432e-01 1.107172019206e-01 5.959195e-01
0.800000 31.575000 5.926501368227e-01 1.224710391662e-01 6.051722e-01
0.800000 31.600000 6.014092263182e-01 1.331448917078e-01 6.159713e-01
0.800000 31.625000 6.115709824748e-01 1.424833288694e-01 6.279495e-01
0.800000 31.650000 6.228512465290e-01 1.502876149799e-01 6.407262e-01
0.800000 31.675000 6.349441464105e-01 1.564189519369e-01 6.539273e-01
0.800000 31.700000 6.475340561763e-01 1.607991898514e-01 6.672007e-01
0.800000 31.725000 6.603068418759e-01 1.634092834916e-01 6.802262e-01
0.800000 31.750000 6.729600001529e-01 1.642858914081e-01 6.927229e-01
0.800000 31.775000 6.852114654750e-01 1.635165717254e-01 7.044519e-01
0.800000 31.800000 6.968070334963e-01 1.612340166700e-01 7.152178e-01
0.800000 31.825000 7.075264938055e-01 1.576096912418e-01 7.248686e-01
0.800000 31.850000 7.171886606472e-01 1.528471155588e-01 7.332952e-01
0.800000 31.875000 7.256555183717e-01 1.471748800317e-01 7.404299e-01
0.800000 31.900000 7.328356537971e-01 1.408393379173e-01 7.462465e-01
0.800000 31.925000 7.386870375794e-01 1.340968118783e-01 7.507599e-01
0.800000 31.950000 7.432190607699e-01 1.272051062245e-01 7.540263e-01
0.800000 31.975000 7.464935605215e-01 1.204141514347e-01 7.561430e-01
0.800000 32.000000 7.486244155582e-01 1.139557262792e-01 7.572479e-01
0.800000 32.025000 7.497751927815e-01 1.080323948008e-01 7.575182e-01
0.800000 32.050000 7.501543107968e-01 1.028060360670e-01 7.571661e-01
0.800000 32.075000 7.500072728050e-01 9.838659858858e-02 7.564330e-01
0.800000 32.100000 7.496057140639e-01 9.482193702952e-02 7.555792e-01
0.800000 32.125000 7.492332954169e-01 9.208974475493e-02 7.548715e-01
0.800000 32.150000 7.491688259508e-01 9.009264652316e-02 7.545665e-01
0.800000 32.175000 7.496673738976e-01 8.865743797963e-02 7.548916e-01
0.800000 32.200000 7.509404773202e-01 8.753924545059e-02 7.560256e-01
0.800000 32.225000 7.531368459300e-01 8.643104197107e-02 7.580801e-01
0.800000 32.250000 7.563251095460e-01 8.497852218590e-02 7.610841e-01
0.800000 32.275000 7.604801863728e-01 8.279985283620e-02 7.649745e-01
0.800000 32.300000 7.654747013653e-01 7.950932929750e-02 7.695929e-01
0.800000 32.325000 7.710765865994e-01 7.474353689814e-02 7.746907e-01
0.800000 32.350000 7.769535658269e-01 6.818828883920e-02 7.799401e-01
0.800000 32.375000 7.826847044642e-01 5.960442973212e-02 7.849510e-01
0.800000 32.400000 7.877786454784e-01 4.885057830846e-02 7.892918e-01
0.800000 32.425000 7.916976070104e-01 3.590103915713e-02 7.925112e-01
0.800000 32.450000 7.938857428841e-01 2.085742671899e-02 7.941597e-01
0.800000 32.475000 7.938001074305e-01 3.952983766541e-03 7.938099e-01
0.800000 32.500000 7.909422525330e-01 -1.445090260258e-02 7.910743e-01
0.800000 32.525000 7.848884318766e-01 -3.387593213936e-02 7.856191e-01
0.800000 32.550000 7.753164920127e-01 -5.374528109905e-02 7.771771e-01
0.800000 32.575000 7.620277732711e-01 -7.340809180469e-02 7.655554e-01
0.800000 32.600000 7.449626950435e-01 -9.216863110677e-02 7.506427e-01
0.800000 32.625000 7.242091218191e-01 -1.093184323404e-01 7.324134e-01
0.800000 32.650000 7.000030593716e-01 -1.241696055910e-01 7.109306e-01
0.800000 32.675000 6.727216789419e-01 -1.360874898515e-01 6.863485e-01
0.800000 32.700000 6.428690826568e-01 -1.445209124787e-01 6.589135e-01
0.800000 32.725000 6.110555866626e-01 -1.490284954090e-01 6.289662e-01
0.800000 32.750000 5.779715998243e-01 -1.492996820203e-01 5.969435e-01
0.800000 32.775000 5.443574134979e-01 -1.451694341798e-01 5.633819e-01
0.800000 32.800000 5.109703948364e-01 -1.366258518510e-01 5.289209e-01
0.800000 32.825000 4.785511967030e-01 -1.238102894277e-01 4.943078e-01
0.800000 32.850000 4.477906639509e-01 -1.070098803207e-01 4.603994e-01
0.800000 32.875000 4.192991266950e-01 -8.664273316211e-02 4.281574e-01
0.800000 32.900000 3.935797192389e-01 -6.323642720449e-02 3.986274e-01
0.800000 32.925000 3.710072374080e-01 -3.740080441962e-02 3.728876e-01
0.800000 32.950000 3.518138346765e-01 -9.796417567328e-03 3.519502e-01
0.800000 32.975000 3.360825487130e-01 1.889967533319e-02 3.366135e-01
0.800000 33.000000 3.237492420166e-01 4.802880936315e-02 3.272924e-01
0.800000 33.025000 3.146130415996e-01 7.698416886384e-02 3.238949e-01
0.800000 33.050000 3.083547957564e-01 1.052406236673e-01 3.258194e-01
0.800000 33.075000 3.045624682590e-01 1.323788863351e-01 3.320880e-01
0.800000 33.100000 3.027618123584e-01 1.581022291704e-01 3.415568e-01
0.800000 33.125000 3.024501679063e-01 1.822444769836e-01 3.531135e-01
0.800000 33.150000 3.031308658956e-01 2.047686271124e-01 3.658121e-01
0.800000 33.175000 3.043455607176e-01 2.257561986089e-01 3.789355e-01
0.800000 33.200000 3.057018817256e-01 2.453882142273e-01 3.920064e-01
0.800000 33.225000 3.068941203622e-01 2.639194936153e-01 4.047685e-01
0.800000 33.250000 3.077152376073e-01 2.816485992378e-01 4.171506e-01
0.800000 33.275000 3.080592496514e-01 2.988862471783e-01 4.292243e-01
0.800000 33.300000 3.079139603418e-01 3.159252066888e-01 4.411573e-01
0.800000 33.325000 3.073449677880e-01 3.330146232761e-01 4.531663e-01
0.800000 33.350000 3.064727772845e-01 3.503413001708e-01 4.654724e-01
0.800000 33.375000 3.054455999891e-01 3.680197879494e-01 4.782631e-01
0.800000 33.400000 3.044109147312e-01 3.860922227939e-01 4.916637e-01
0.800000 33.425000 3.034890508687e-01 4.045378113523e-01 5.057237e-01
0.800000 33.450000 3.027518788138e-01 4.232907959737e-01 5.204169e-01
0.800000 33.475000 3.022091769791e-01 4.422647678114e-01 5.356571e-01
0.800000 33.500000 3.018044257408e-01 4.613804402296e-01 5.513237e-01
0.800000 33.525000 3.014207440107e-01 4.805935439719e-01 5.672959e-01
0.800000 33.550000 3.008965439917e-01 4.999194189487e-01 5.834879e-01
0.800000 33.575000 3.000493622628e-01 5.194511745212e-01 5.998826e-01
0.800000 33.600000 2.987053587677e-01 5.393689454296e-01 6.165580e-01
0.800000 33.625000 2.967312729728e-01 5.599387159905e-01 6.337040e-01
0.800000 33.650000 2.940652728786e-01 5.815003174847e-01 6.516264e-01
0.800000 33.675000 2.907431724813e-01 6.044453959749e-01 6.707353e-01
0.800000 33.700000 2.869169258491e-01 6.291872648823e-01 6.915186e-01
0.800000 33.725000 2.828630843806e-01 6.561254711183e-01 7.145013e-01
0.800000 33.750000 2.789799406560e-01 6.856085112536e-01 7.401951e-01
0.800000 33.775000 2.757732600002e-01 7.178983667767e-01 7.690442e-01
0.800000 33.800000 2.738316859547e-01 7.531403606163e-01 8.013764e-01
0.800000 33.825000 2.737939649243e-01 7.913412931771e-01 8.373674e-01
0.800000 33.850000 2.763109511969e-01 8.323579611253e-01 8.770220e-01
0.800000 33.875000 2.820058391968e-01 8.758970972111e-01 9.201755e-01
0.800000 33.900000 2.914361782014e-01 9.215266181028e-01 9.665125e-01
0.800000 33.925000 3.050609536304e-01 9.686969602704e-01 1.015596e+00
0.800000 33.950000 3.232154104472e-01 1.016770343478e+00 1.066907e+00
0.800000 33.975000 3.460954280371e-01 1.065055126331e+00 1.119877e+00
0.800000 34.000000 3.737522392868e-01 1.112842073176e+00 1.173929e+00
0.800000 34.025000 4.060972398918e-01 1.159439360130e+00 1.228501e+00
0.800000 34.050000 4.429156759967e-01 1.204203491374e+00 1.283075e+00
0.800000 34.075000 4.838872319731e-01 1.246563918175e+00 1.337187e+00
0.800000 34.100000 5.286110406463e-01 1.286039965484e+00 1.390442e+00
0.800000 34.125000 5.766324451965e-01 1.322249569835e+00 1.442515e+00
0.800000 34.150000 6.274689563254e-01 1.354910208768e+00 1.493151e+00
0.800000 34.175000 6.806332344331e-01 1.383833156537e+00 1.542159e+00
0.800000 34.200000 7.356515185614e-01 1.408912754972e+00 1.589408e+00
0.800000 34.225000 7.920766354131e-01 1.430112692868e+00 1.634811e+00
0.800000 34.250000 8.494954580505e-01 1.447451326866e+00 1.678320e+00
0.800000 34.275000 9.075313539413e-01 1.460987869516e+00 1.719912e+00
0.800000 34.300000 9.658426897594e-01 1.470810863310e+00 1.759584e+00
0.800000 34.325000 1.024118793128e+00 1.477029821154e+00 1.797341e+00
0.800000 34.350000 1.082074885012e+00 1.479770323654e+00 1.833196e+00
0.800000 34.375000 1.139447395920e+00 1.479172301347e+00 1.867161e+00
0.800000 34.400000 1.195990796265e+00 1.475390765844e+00 1.899256e+00
0.800000 34.425000 1.251476658690e+00 1.468597939778e+00 1.929501e+00
0.800000 34.450000 1.305695192772e+00 1.458985600554e+00 1.957927e+00
0.800000 34.475000 1.358459018656e+00 1.446766501008e+00 1.984577e+00
0.800000 34.500000 1.409608538487e+00 1.432173941531e+00 2.009507e+00
0.800000 34.525000 1.459017972655e+00 1.415458903782e+00 2.032795e+00
0.800000 34.550000 1.506600983280e+00 1.396884563999e+00 2.054540e+00
0.800000 34.575000 1.552314820811e+00 1.376718426477e+00 2.074858e+00
0.800000 34.600000 1.596162091274e+00 1.355222699830e+00 2.093887e+00
0.800000 34.625000 1.638189524609e+00 1.332643833549e+00 2.111778e+00
0.800000 34.650000 1.678483488484e+00 1.309202306917e+00 2.128689e+00
0.800000 34.675000 1.717162390246e+00 1.285083799920e+00 2.144781e+00
0.800000 34.700000 1.754366494172e+00 1.260432776306e+00 2.160207e+00
0.800000 34.725000 1.790246008765e+00 1.235349287886e+00 2.175102e+00
0.800000 34.750000 1.824948534988e+00 1.209889493908e+00 2.189582e+00
0.800000 34.775000 1.858607088317e+00 1.184070015579e+00 2.203734e+00
0.800000 34.800000 1.891329905388e+00 1.157875852715e+00 2.217613e+00
0.800000 34.825000 1.923193122292e+00 1.131271215736e+00 2.231243e+00
0.800000 34.850000 1.954237179638e+00 1.104212306443e+00 2.244622e+00
0.800000 34.875000 1.984467491177e+00 1.076660843194e+00 2.257722e+00
0.800000 34.900000 2.013859535893e+00 1.048596990217e+00 2.270503e+00
0.800000 34.925000 2.042368128760e+00 1.020030328240e+00 2.282921e+00
0.800000 34.950000 2.069940224813e+00 9.910075971669e-01 2.294940e+00
0.800000 34.975000 2.096530245421e+00 9.616161462128e-01 2.306544e+00
0.800000 35.000000 2.122116613078e+00 9.319823307182e-01 2.317751e+00
0.800000 35.025000 2.146717966285e+00 9.022644793559e-01 2.328622e+00
0.800000 35.050000 2.170407419322e+00 8.726404970133e-01 2.339267e+00
0.800000 35.075000 2.193323247415e+00 8.432906387208e-01 2.349852e+00
0.800000 35.100000 2.215674523713e+00 8.143764564593e-01 2.360598e+00
0.800000 35.125000 2.237740510784e+00 7.860173487237e-01 2.371773e+00
0.800000 35.150000 2.259863006875e+00 7.582664967022e-01 2.383684e+00
0.800000 35.175000 2.282431347472e+00 7.310882165757e-01 2.396661e+00
0.800000 35.200000 2.305860337051e+00 7.043388645459e-01 2.411034e+00
0.800000 35.225000 2.330561996376e+00 6.777533767950e-01 2.427111e+00
0.800000 35.250000 2.356912611811e+00 6.509392980177e-01 2.445150e+00
0.800000 35.275000 2.385217114422e+00 6.233797498753e-01 2.465332e+00
0.800000 35.300000 2.415673247135e+00 5.944462301254e-01 2.487739e+00
0.800000 35.325000 2.448338250458e+00 5.634214453302e-01 2.512330e+00
0.800000 35.350000 2.483100872960e+00 5.295316106755e-01 2.538936e+00
0.800000 35.375000 2.519661367088e+00 4.919868572771e-01 2.567245e+00
0.800000 35.400000 2.557521756828e+00 4.500276358794e-01 2.596814e+00
0.800000 35.425000 2.595988074232e+00 4.029743635859e-01 2.627079e+00
0.800000 35.450000 2.634185490398e+00 3.502770903850e-01 2.657372e+00
0.800000 35.475000 2.671086365877e+00 2.915617170355e-01 2.686952e+00
0.800000 35.500000 2.705550283434e+00 2.266693108830e-01 2.715029e+00
0.800000 35.525000 2.736374180397e+00 1.556853555478e-01 2.740799e+00
0.800000 35.550000 2.762349848703e+00 7.895632449689e-02 2.763478e+00
0.800000 35.575000 2.782325393788e+00 -2.908246563392e-03 2.782327e+00
0.800000 35.600000 2.795266801892e+00 -8.904905341041e-02 2.796685e+00
0.800000 35.625000 2.800315603967e+00 -1.783854857972e-01 2.805992e+00
0.800000 35.650000 2.796838764407e+00 -2.696579808797e-01 2.809808e+00
0.800000 35.675000 2.784467360220e+00 -3.614819784053e-01 2.807833e+00
0.800000 35.700000 2.763121320967e+00 -4.524103290568e-01 2.799913e+00
0.800000 35.725000 2.733018418945e+00 -5.410003704502e-01 2.786049e+00
0.800000 35.750000 2.694666761442e+00 -6.258815231349e-01 2.766398e+00
0.800000 35.775000 2.648841159287e+00 -7.058192007883e-01 2.741266e+00
0.800000 35.800000 2.596544840618e+00 -7.797710786546e-01 2.711105e+00
0.800000 35.825000 2.538958961355e+00 -8.469323009928e-01 2.676492e+00
0.800000 35.850000 2.477383159662e+00 -9.067669878173e-01 2.638116e+00
0.800000 35.875000 2.413170952612e+00 -9.590243608377e-01 2.596752e+00
0.800000 35.900000 2.347664041289e+00 -1.003738872465e+00 2.553237e+00
0.800000 35.925000 2.282129560879e+00 -1.041214807705e+00 2.508434e+00
0.800000 35.950000 2.217703993271e+00 -1.071996854478e+00 2.463207e+00
0.800000 35.975000 2.155346881821e+00 -1.096829027662e+00 2.418378e+00
0.800000 36.000000 2.095806700850e+00 -1.116605022207e+00 2.374703e+00
0.800000 36.025000 2.039600300552e+00 -1.132313513944e+00 2.332832e+00
0.800000 36.050000 1.987006345434e+00 -1.144982095642e+00 2.293290e+00
0.800000 36.075000 1.938072169583e+00 -1.155623424268e+00 2.256455e+00
0.800000 36.100000 1.892632561534e+00 -1.165186778576e+00 2.222548e+00
0.800000 36.125000 1.850338234759e+00 -1.174517619682e+00 2.191630e+00
0.800000 36.150000 1.810691193910e+00 -1.184326964503e+00 2.163616e+00
0.800000 36.175000 1.773083912107e+00 -1.195171490086e+00 2.138285e+00
0.800000 36.200000 1.736839211064e+00 -1.207444362295e+00 2.115309e+00
0.800000 36.225000 1.701247981392e+00 -1.221375904941e+00 2.094279e+00
0.800000 36.250000 1.665602370006e+00 -1.237042472051e+00 2.074730e+00
0.800000 36.275000 1.629222748201e+00 -1.254381324237e+00 2.056171e+00
0.800000 36.300000 1.591477591837e+00 -1.273208991942e+00 2.038103e+00
0.800000 36.325000 1.551796274107e+00 -1.293240564538e+00 2.020035e+00
0.800000 36.350000 1.509675604018e+00 -1.314107580404e+00 2.001499e+00
0.800000 36.375000 1.464681652377e+00 -1.335372687364e+00 1.982048e+00
0.800000 36.400000 1.416448913190e+00 -1.356539946226e+00 1.961257e+00
0.800000 36.425000 1.364679090429e+00 -1.377060489433e+00 1.938722e+00
0.800000 36.450000 1.309141741743e+00 -1.396334130412e+00 1.914054e+00
0.800000 36.475000 1.249678646088e+00 -1.413708345499e+00 1.886867e+00
0.800000 36.500000 1.186213119462e+00 -1.428476717647e+00 1.856784e+00
0.800000 36.525000 1.118764643129e+00 -1.439879349426e+00 1.823427e+00
0.800000 36.550000 1.047468182169e+00 -1.447107853938e+00 1.786424e+00
0.800000 36.575000 9.725965703830e-01 -1.449317280180e+00 1.745412e+00
0.800000 36.600000 8.945834419035e-01 -1.445646726094e+00 1.700051e+00
0.800000 36.625000 8.140435187149e-01 -1.435249481528e+00 1.650033e+00
0.800000 36.650000 7.317867179402e-01 -1.417332407188e+00 1.595100e+00
0.800000 36.675000 6.488225941971e-01 -1.391203009898e+00 1.535062e+00
0.800000 36.700000 5.663521108856e-01 -1.356321456333e+00 1.469817e+00
0.800000 36.725000 4.857446228869e-01 -1.312353721210e+00 1.399364e+00
0.800000 36.750000 4.084991860992e-01 -1.259221327331e+00 1.323824e+00
0.800000 36.775000 3.361907764207e-01 -1.197142813606e+00 1.243453e+00
0.800000 36.800000 2.704035577116e-01 -1.126662233229e+00 1.158657e+00
0.800000 36.825000 2.126548206220e-01 -1.048660656760e+00 1.070005e+00
0.800000 36.850000 1.643144557983e-01 -9.643477972626e-01 9.782463e-01
0.800000 36.875000 1.265256770838e-01 -8.752323955372e-01 8.843305e-01
0.800000 36.900000 1.001330593165e-01 -7.830717643681e-01 7.894479e-01
0.800000 36.925000 8.562373792364e-02 -6.898027199982e-01 6.950966e-01
0.800000 36.950000 8.308682983583e-02 -5.974578399320e-01 6.032075e-01
0.800000 36.975000 9.219483582527e-02 -5.080723979434e-01 5.163695e-01
0.800000 37.000000 1.122090893856e-01 -4.235882856604e-01 4.381985e-01
0.800000 37.025000 1.420093890634e-01 -3.457616264169e-01 3.737884e-01
0.800000 37.050000 1.801459807520e-01 -2.760805709662e-01 3.296560e-01
0.800000 37.075000 2.249102423373e-01 -2.156989515119e-01 3.116258e-01
0.800000 37.100000 2.744189486083e-01 -1.653901405253e-01 3.204055e-01
0.800000 37.125000 3.267060065518e-01 -1.255237504717e-01 3.499900e-01
0.800000 37.150000 3.798151437790e-01 -9.606589723774e-02 3.917757e-01
0.800000 37.175000 4.318872354492e-01 -7.660183163540e-02 4.386279e-01
0.800000 37.200000 4.812367299638e-01 -6.637801529950e-02 4.857930e-01
0.800000 37.225000 5.264128809144e-01 -6.435934984695e-02 5.303326e-01
0.800000 37.250000 5.662430625822e-01 -6.929638694337e-02 5.704675e-01
0.800000 37.275000 5.998571577709e-01 -7.979701881626e-02 6.051414e-01
0.800000 37.300000 6.266936699822e-01 -9.439737538192e-02 6.337632e-01
0.800000 37.325000 6.464896509351e-01 -1.116273733940e-01 6.560560e-01
0.800000 37.350000 6.592576080823e-01 -1.300674583918e-01 6.719659e-01
0.800000 37.375000 6.652531749538e-01 -1.483943971454e-01 6.816030e-01
0.800000 37.400000 6.649374599948e-01 -1.654153444381e-01 6.852037e-01
0.800000 37.425000 6.589376688830e-01 -1.800906559557e-01 6.831043e-01
0.800000 37.450000 6.480089079518e-01 -1.915469071842e-01 6.757261e-01
0.800000 37.475000 6.329991506075e-01 -1.990822082003e-01 6.635674e-01
0.800000 37.500000 6.148183354798e-01 -2.021661319784e-01 6.472038e-01
0.800000 37.525000 5.944116169732e-01 -2.004364130422e-01 6.272957e-01
0.800000 37.550000 5.727360389993e-01 -1.936940911245e-01 6.046023e-01
0.800000 37.575000 5.507394471158e-01 -1.818980800714e-01 5.800007e-01
0.800000 37.600000 5.293403401276e-01 -1.651593696350e-01 5.545077e-01
0.800000 37.625000 5.094075824567e-01 -1.437343560831e-01 5.292973e-01
0.800000 37.650000 4.917393949205e-01 -1.180162704569e-01 5.057029e-01
0.800000 37.675000 4.770417142098e-01 -8.852342161547e-02 4.851857e-01
0.800000 37.700000 4.659067347088e-01 -5.588304003680e-02 4.692462e-01
0.800000 37.725000 4.587930878956e-01 -2.080989121387e-02 4.592648e-01
0.800000 37.750000 4.560095549710e-01 1.592053218957e-02 4.562874e-01
0.800000 37.775000 4.577043587940e-01 5.350363050053e-02 4.608209e-01
0.800000 37.800000 4.638618968024e-01 9.114068625181e-02 4.727309e-01
0.800000 37.825000 4.743082632014e-01 1.280750436107e-01 4.912958e-01
0.800000 37.850000 4.887261224360e-01 1.636267846365e-01 5.153901e-01
0.800000 37.875000 5.066785355893e-01 1.972230087025e-01 5.437095e-01
0.800000 37.900000 5.276403345382e-01 2.284209857270e-01 5.749613e-01
0.800000 37.925000 5.510347242305e-01 2.569219823140e-01 6.079870e-01
0.800000 37.950000 5.762721016355e-01 2.825744005897e-01 6.418238e-01
0.800000 37.975000 6.027877143007e-01 3.053659254829e-01 6.757229e-01
0.800000 38.000000 6.300748039382e-01 3.254055182237e-01 7.091424e-01
0.800000 38.025000 6.577103022819e-01 3.428971777062e-01 7.417286e-01
0.800000 38.050000 6.853709259545e-01 3.581082772653e-01 7.732883e-01
0.800000 38.075000 7.128385646766e-01 3.713358558358e-01 8.037594e-01
0.800000 38.100000 7.399950468794e-01 3.828744219025e-01 8.331779e-01
0.800000 38.125000 7.668075526346e-01 3.929885882877e-01 8.616460e-01
0.800000 38.150000 7.933069788494e-01 4.018932213406e-01 8.892998e-01
0.800000 38.175000 8.195623171384e-01 4.097428356094e-01 9.162814e-01
0.800000 38.200000 8.456544868568e-01 4.166308112618e-01 9.427156e-01
0.800000 38.225000 8.716530276070e-01 4.225977985895e-01 9.686939e-01
0.800000 38.250000 8.975986030701e-01 4.276475512793e-01 9.942664e-01
0.800000 38.275000 9.234934589943e-01 4.317675353185e-01 1.019443e+00
0.800000 38.300000 9.493009143516e-01 4.349511017327e-01 1.044201e+00
0.800000 38.325000 9.749537785866e-01 4.372178545580e-01 1.068501e+00
0.800000 38.350000 1.000370425772e+00 4.386291059034e-01 1.092308e+00
0.800000 38.375000 1.025476259858e+00 4.392959514974e-01 1.115609e+00
0.800000 38.400000 1.050227593269e+00 4.393784403705e-01 1.138434e+00
0.800000 38.425000 1.074634616347e+00 4.390754338277e-01 1.160873e+00
0.800000 38.450000 1.098780194093e+00 4.386059142167e-01 1.183086e+00
0.800000 38.475000 1.122831676073e+00 4.381835733085e-01 1.205303e+00
0.800000 38.500000 1.147043685679e+00 4.379873580644e-01 1.227820e+00
0.800000 38.525000 1.171750868088e+00 4.381311824317e-01 1.250983e+00
0.800000 38.550000 1.197350699425e+00 4.386361720552e-01 1.275167e+00
0.800000 38.575000 1.224277560296e+00 4.394085845783e-01 1.300744e+00
0.800000 38.600000 1.252970229440e+00 4.402259769740e-01 1.328056e+00
0.800000 38.625000 1.283835653778e+00 4.407333478912e-01 1.357380e+00
0.800000 38.650000 1.317212228681e+00 4.404499710118e-01 1.388900e+00
0.800000 38.675000 1.353335846333e+00 4.387865739244e-01 1.422692e+00
0.800000 38.700000 1.392311651889e+00 4.350715256357e-01 1.458705e+00
0.800000 38.725000 1.434093836827e+00 4.285838805882e-01 1.496766e+00
0.800000 38.750000 1.478474977445e+00 4.185905685963e-01 1.536589e+00
0.800000 38.775000 1.525085494566e+00 4.043847656239e-01 1.577787e+00
0.800000 38.800000 1.573402875683e+00 3.853225397824e-01 1.619898e+00
0.800000 38.825000 1.622769464695e+00 3.608552141538e-01 1.662407e+00
0.800000 38.850000 1.672416970859e+00 3.305554658269e-01 1.704771e+00
0.800000 38.875000 1.721495435478e+00 2.941359093557e-01 1.746443e+00
0.800000 38.900000 1.769104248625e+00 2.514597014269e-01 1.786886e+00
0.800000 38.925000 1.814322923092e+00 2.025434603107e-01 1.825593e+00
0.800000 38.950000 1.856239673647e+00 1.475534374508e-01 1.862095e+00
0.800000 38.975000 1.893976358092e+00 8.679634717391e-02 1.895964e+00
0.800000 39.000000 1.926708939333e+00 2.070651677391e-02 1.926820e+00
0.800000 39.025000 1.953683246117e+00 -5.016894657157e-02 1.954327e+00
0.800000 39.050000 1.974226369933e+00 -1.251854464969e-01 1.978191e+00
0.800000 39.075000 1.987754475167e+00 -2.036154564861e-01 1.998156e+00
0.800000 39.100000 1.993778075955e+00 -2.846616033437e-01 2.013997e+00
0.800000 39.125000 1.991905925998e+00 -3.674680204768e-01 2.025518e+00
0.800000 39.150000 1.981848579925e+00 -4.511301837171e-01 2.032546e+00
0.800000 39.175000 1.963422440994e+00 -5.347038289505e-01 2.034929e+00
0.800000 39.200000 1.936554751799e+00 -6.172138110063e-01 2.032535e+00
0.800000 39.225000 1.901289565314e+00 -6.976638693075e-01 2.025250e+00
0.800000 39.250000 1.857794310811e+00 -7.750482098856e-01 2.012983e+00
0.800000 39.275000 1.806366198577e+00 -8.483656073637e-01 1.995666e+00
0.800000 39.300000 1.747437436008e+00 -9.166364037822e-01 1.973261e+00
0.800000 39.325000 1.681578089477e+00 -9.789223761371e-01 1.945763e+00
0.800000 39.350000 1.609495438647e+00 -1.034349011790e+00 1.913205e+00
0.800000 39.375000 1.532028831911e+00 -1.082129322874e+00 1.875664e+00
0.800000 39.400000 1.450139345899e+00 -1.121587996014e+00 1.833266e+00
0.800000 39.425000 1.364893945890e+00 -1.152184451528e+00 1.786187e+00
0.800000 39.450000 1.277444294588e+00 -1.173533302908e+00 1.734660e+00
0.800000 39.475000 1.189000815263e+00 -1.185420773225e+00 1.678972e+00
0.800000 39.500000 1.100803032687e+00 -1.187815834119e+00 1.619467e+00
0.800000 39.525000 1.014087547717e+00 -1.180875163346e+00 1.556547e+00
0.800000 39.550000 9.300552147506e-01 -1.164941434081e+00 1.490668e+00
0.800000 39.575000 8.498391649410e-01 -1.140534909508e+00 1.422338e+00
0.800000 39.600000 7.744752469626e-01 -1.108338772295e+00 1.352119e+00
0.800000 39.625000 7.048762520901e-01 -1.069179024070e+00 1.280623e+00
0.800000 39.650000 6.418109768412e-01 -1.024000105279e+00 1.208510e+00
0.800000 39.675000 5.858887913447e-01 -9.738375823049e-01 1.136497e+00
0.800000 39.700000 5.375499690006e-01 -9.197893119425e-01 1.065351e+00
0.800000 39.725000 4.970616388685e-01 -8.629864248357e-01 9.958995e-01
0.800000 39.750000 4.645188888408e-01 -8.045652862963e-01 9.290334e-01
0.800000 39.775000 4.398503085325e-01 -7.456413255159e-01 8.657074e-01
0.800000 39.800000 4.228271363525e-01 -6.872853126246e-01 8.069349e-01
0.800000 39.825000 4.130751702933e-01 -6.305023517749e-01 7.537667e-01
0.800000 39.850000 4.100887049837e-01 -5.762135904939e-01 7.072445e-01
0.800000 39.875000 4.132459420933e-01 -5.252404567644e-01 6.683186e-01
0.800000 39.900000 4.218255493583e-01 -4.782911492382e-01 6.377297e-01
0.800000 39.925000 4.350242710323e-01 -4.359491304077e-01 6.158715e-01
0.800000 39.950000 4.519756750796e-01 -3.986634979101e-01 6.026729e-01
0.800000 39.975000 4.717702217910e-01 -3.667413093288e-01 5.975503e-01
0.800000 40.000000 4.934768288231e-01 -3.403421714793e-01 5.994599e-01
0.800000 40.025000 5.161659796335e-01 -3.194756286567e-01 6.070354e-01
0.800000 40.050000 5.389341857023e-01 -3.040020466495e-01 6.187627e-01
0.800000 40.075000 5.609292962030e-01 -2.936377472074e-01 6.331388e-01
0.800000 40.100000 5.813757962692e-01 -2.879650704658e-01 6.487848e-01
0.800000 40.125000 5.995989014029e-01 -2.864478180548e-01 6.645082e-01
0.800000 40.150000 6.150459988417e-01 -2.884521661703e-01 6.793278e-01
0.800000 40.175000 6.273038598418e-01 -2.932726665130e-01 6.924731e-01
0.800000 40.200000 6.361100898405e-01 -3.001624237199e-01 7.033730e-01
0.800000 40.225000 6.413575166343e-01 -3.083660144572e-01 7.116383e-01
0.800000 40.250000 6.430906361651e-01 -3.171532654459e-01 7.170438e-01
0.800000 40.275000 6.414938118220e-01 -3.258517018591e-01 7.195093e-01
0.800000 40.300000 6.368716034093e-01 -3.338753678362e-01 7.190815e-01
0.800000 40.325000 6.296223150497e-01 -3.407478407210e-01 7.159143e-01
0.800000 40.350000 6.202065162804e-01 -3.461176169637e-01 7.102489e-01
0.800000 40.375000 6.091128264921e-01 -3.497646182186e-01 7.023914e-01
0.800000 40.400000 5.968235892266e-01 -3.515973008137e-01 6.926897e-01
0.800000 40.425000 5.837831494718e-01 -3.516406771381e-01 6.815086e-01
0.800000 40.450000 5.703712613860e-01 -3.500163854101e-01 6.692046e-01
0.800000 40.475000 5.568837050236e-01 -3.469166821598e-01 6.561026e-01
0.800000 40.500000 5.435215196989e-01 -3.425747941271e-01 6.424742e-01
0.800000 40.525000 5.303894375225e-01 -3.372343858269e-01 6.285221e-01
0.800000 40.550000 5.175032123966e-01 -3.311209355220e-01 6.143701e-01
0.800000 40.575000 5.048046857958e-01 -3.244175583723e-01 6.000621e-01
0.800000 40.600000 4.921827068421e-01 -3.172472981011e-01 5.855678e-01
0.800000 40.625000 4.794975116923e-01 -3.096631862323e-01 5.707969e-01
0.800000 40.650000 4.666059223968e-01 -3.016465240396e-01 5.556183e-01
0.800000 40.675000 4.533847723359e-01 -2.931129744100e-01 5.398824e-01
0.800000 40.700000 4.397502930654e-01 -2.839252586929e-01 5.234442e-01
0.800000 40.725000 4.256717611622e-01 -2.739106267347e-01 5.061852e-01
0.800000 40.750000 4.111784308061e-01 -2.628808746347e-01 4.880308e-01
0.800000 40.775000 3.963595773488e-01 -2.506525623153e-01 4.689644e-01
0.800000 40.800000 3.813582514191e-01 -2.370652354755e-01 4.490368e-01
0.800000 40.825000 3.663600006753e-01 -2.219958534471e-01 4.283711e-01
0.800000 40.850000 3.515782832955e-01 -2.053682059224e-01 4.071651e-01
0.800000 40.875000 3.372385266828e-01 -1.871567865370e-01 3.856909e-01
0.800000 40.900000 3.235627618383e-01 -1.673852890869e-01 3.642948e-01
0.800000 40.925000 3.107565067324e-01 -1.461205144118e-01 3.433960e-01
0.800000 40.950000 2.989991286819e-01 -1.234629484296e-01 3.234866e-01
0.800000 40.975000 2.884383561715e-01 -9.953554372562e-02 3.051295e-01
0.800000 41.000000 2.791890164393e-01 -7.447228723425e-02 2.889509e-01
0.800000 41.025000 2.713355282372e-01 -4.840797480666e-02 2.756198e-01
0.800000 41.050000 2.649372500161e-01 -2.147027821142e-02 2.658058e-01
0.800000 41.075000 2.600355222745e-01 6.225258411922e-03 2.601100e-01
0.800000 41.100000 2.566611721393e-01 3.457714489311e-02 2.589798e-01
0.800000 41.125000 2.548413627352e-01 6.349710250608e-02 2.626328e-01
0.800000 41.150000 2.546049371871e-01 9.290711934350e-02 2.710266e-01
0.800000 41.175000 2.559857741276e-01 1.227352850728e-01 2.838885e-01
0.800000 41.200000 2.590240733553e-01 1.529113360001e-01 3.007912e-01
0.800000 41.225000 2.637658602671e-01 1.833627306179e-01 3.212387e-01
0.800000 41.250000 2.702612779000e-01 2.140118346930e-01 3.447350e-01
0.800000 41.275000 2.785623850925e-01 2.447744724665e-01 3.708255e-01
0.800000 41.300000 2.887211805231e-01 2.755597565084e-01 3.991154e-01
0.800000 41.325000 3.007884322065e-01 3.062708041138e-01 4.292732e-01
0.800000 41.350000 3.148136404571e-01 3.368057351473e-01 4.610268e-01
0.800000 41.375000 3.308461469941e-01 3.670582605740e-01 4.941568e-01
0.800000 41.400000 3.489370809292e-01 3.969172262104e-01 5.284888e-01
0.800000 41.425000 3.691415612128e-01 4.262646624167e-01 5.638857e-01
0.800000 41.450000 3.915204029984e-01 4.549721758032e-01 6.002399e-01
0.800000 41.475000 4.161405339023e-01 4.828958555206e-01 6.374648e-01
0.800000 41.500000 4.430734252780e-01 5.098701980411e-01 6.754863e-01
0.800000 41.525000 4.723910703906e-01 5.357018249608e-01 7.142337e-01
0.800000 41.550000 5.041593620231e-01 5.601639324875e-01 7.536314e-01
0.800000 41.575000 5.384290876877e-01 5.829924400562e-01 7.935906e-01
0.800000 41.600000 5.752251150393e-01 6.038846916283e-01 8.340028e-01
0.800000 41.625000 6.145346288320e-01 6.225013218573e-01 8.747346e-01
0.800000 41.650000 6.562954597442e-01 6.384715656376e-01 9.156253e-01
0.800000 41.675000 7.003855878371e-01 6.514019130701e-01 9.564855e-01
0.800000 41.700000 7.466148040516e-01 6.608876483512e-01 9.970989e-01
0.800000 41.725000 7.947192888551e-01 6.665265137195e-01 1.037225e+00
0.800000 41.750000 8.443595541468e-01 6.679335504706e-01 1.076605e+00
0.800000 41.775000 8.951218424164e-01 6.647561125455e-01 1.114964e+00
0.800000 41.800000 9.465227408113e-01 6.566881271059e-01 1.152018e+00
0.800000 41.825000 9.980164985121e-01 6.434828717938e-01 1.187479e+00
0.800000 41.850000 1.049004372961e+00 6.249638122651e-01 1.221061e+00
0.800000 41.875000 1.098845294991e+00 6.010333459118e-01 1.252478e+00
0.800000 41.900000 1.146867233831e+00 5.716795740951e-01 1.281453e+00
0.800000 41.925000 1.192378837620e+00 5.369814261570e-01 1.307714e+00
0.800000 41.950000 1.234681182384e+00 4.971125476311e-01 1.330999e+00
0.800000 41.975000 1.273079729957e+00 4.523443254442e-01 1.351054e+00
0.800000 42.000000 1.306896817231e+00 4.030482602512e-01 1.367636e+00
0.800000 42.025000 1.335485125970e+00 3.496976383370e-01 1.380510e+00
0.800000 42.050000 1.358242579355e+00 2.928681490652e-01 1.389458e+00
0.800000 42.075000 1.374628964206e+00 2.332367962949e-01 1.394276e+00
0.800000 42.100000 1.384184296608e+00 1.715782235109e-01 1.394778e+00
0.800000 42.125000 1.386548566626e+00 1.087574654479e-01 1.390807e+00
0.800000 42.150000 1.381482067582e+00 4.571819065615e-02 1.382238e+00
0.800000 42.175000 1.368885101329e+00 -1.653427568472e-02 1.368985e+00
0.800000 42.200000 1.348815520089e+00 -7.695547237981e-02 1.351009e+00
0.800000 42.225000 1.321502377322e+00 -1.344896768947e-01 1.328328e+00
0.800000 42.250000 1.287353957831e+00 -1.881023625577e-01 1.301024e+00
0.800000 42.275000 1.246958660831e+00 -2.368158857275e-01 1.269247e+00
0.800000 42.300000 1.201077611840e+00 -2.797465446199e-01 1.233226e+00
0.800000 42.325000 1.150628446427e+00 -3.161407887802e-01 1.193269e+00
0.800000 42.350000 1.096660384650e+00 -3.454081905660e-01 1.149770e+00
0.800000 42.375000 1.040321427727e+00 -3.671488464813e-01 1.103208e+00
0.800000 42.400000 9.828191803911e-01 -3.811731587636e-01 1.054147e+00
0.800000 42.425000 9.253773598000e-01 -3.875124309360e-01 1.003239e+00
0.800000 42.450000 8.691904349268e-01 -3.864193458611e-01 9.512160e-01
0.800000 42.475000 8.153790102047e-01 -3.783581148146e-01 8.988870e-01
0.800000 42.500000 7.649485106218e-01 -3.639848165177e-01 8.471311e-01
0.800000 42.525000 7.187534556433e-01 -3.441191126812e-01 7.968842e-01
0.800000 42.550000 6.774691630771e-01 -3.197090687910e-01 7.491184e-01
0.800000 42.575000 6.415721558193e-01 -2.917911809986e-01 7.048098e-01
0.800000 42.600000 6.113299185214e-01 -2.614478899818e-01 6.648904e-01
0.800000 42.625000 5.868000326161e-01 -2.297648521218e-01 6.301795e-01
0.800000 42.650000 5.678381641367e-01 -1.977900603812e-01 6.012995e-01
0.800000 42.675000 5.541139322512e-01 -1.664966013676e-01 5.785874e-01
0.800000 42.700000 5.451333716812e-01 -1.367504499975e-01 5.620241e-01
0.800000 42.725000 5.402665237933e-01 -1.092842892899e-01 5.512086e-01
0.800000 42.750000 5.387786360060e-01 -8.467794455766e-02 5.453923e-01
0.800000 42.775000 5.398634909899e-01 -6.334567155241e-02 5.435672e-01
0.800000 42.800000 5.426774926861e-01 -4.553025491985e-02 5.445841e-01
0.800000 42.825000 5.463732719457e-01 -3.130365926360e-02 5.472693e-01
0.800000 42.850000 5.501317130185e-01 -2.057381960697e-02 5.505163e-01
0.800000 42.875000 5.531914259191e-01 -1.309704176951e-02 5.533464e-01
0.800000 42.900000 5.548747941021e-01 -8.495383761206e-03 5.549398e-01
0.800000 42.925000 5.546098190367e-01 -6.278287226419e-03 5.546454e-01
0.800000 42.950000 5.519470793452e-01 -5.867611599303e-03 5.519783e-01
0.800000 42.975000 5.465712425140e-01 -6.625092389748e-03 5.466114e-01
0.800000 43.000000 5.383067306889e-01 -7.881110196082e-03 5.383644e-01
0.800000 43.025000 5.271173606144e-01 -8.963540036961e-03 5.271936e-01
0.800000 43.050000 5.131000520333e-01 -9.225378890387e-03 5.131830e-01
0.800000 43.075000 4.964730160605e-01 -8.069850928604e-03 4.965386e-01
0.800000 43.100000 4.775591694034e-01 -4.971787242924e-03 4.775850e-01
0.800000 43.125000 4.567658360226e-01 5.057188843471e-04 4.567661e-01
0.800000 43.150000 4.345620542897e-01 8.700072733142e-03 4.346491e-01
0.800000 43.175000 4.114549660436e-01 1.984365648952e-02 4.119332e-01
0.800000 43.200000 3.879667939015e-01 3.406388993015e-02 3.894593e-01
0.800000 43.225000 3.646137990811e-01 5.138830168268e-02 3.682173e-01
0.800000 43.250000 3.418883567726e-01 7.175365523582e-02 3.493369e-01
0.800000 43.275000 3.202449126235e-01 9.501789181893e-02 3.340437e-01
0.800000 43.300000 3.000901331370e-01 1.209735115076e-01 3.235563e-01
0.800000 43.325000 2.817770890427e-01 1.493610367681e-01 3.189154e-01
0.800000 43.350000 2.656028745098e-01 1.798813901394e-01 3.207837e-01
0.800000 43.375000 2.518087246910e-01 2.122063481177e-01 3.293010e-01
0.800000 43.400000 2.405814969268e-01 2.459866640415e-01 3.440769e-01
0.800000 43.425000 2.320553562413e-01 2.808579257052e-01 3.643225e-01
0.800000 43.450000 2.263126595717e-01 3.164446624845e-01 3.890432e-01
0.800000 43.475000 2.233833466709e-01 3.523635770149e-01 4.172052e-01
0.800000 43.500000 2.232425768317e-01 3.882269935451e-01 4.478364e-01
0.800000 43.525000 2.258068396945e-01 4.236476530737e-01 4.800688e-01
0.800000 43.550000 2.309292456109e-01 4.582458325185e-01 5.131448e-01
0.800000 43.575000 2.383950961461e-01 4.916594360808e-01 5.464076e-01
0.800000 43.600000 2.479190874338e-01 5.235572412382e-01 5.792893e-01
0.800000 43.625000 2.591455653806e-01 5.536549390114e-01 6.113021e-01
0.800000 43.650000 2.716531134022e-01 5.817330600298e-01 6.420349e-01
0.800000 43.675000 2.849644188280e-01 6.076553987602e-01 6.711556e-01
0.800000 43.700000 2.985618678403e-01 6.313862048914e-01 6.984180e-01
0.800000 43.725000 3.119087171561e-01 6.530042537291e-01 7.236723e-01
0.800000 43.750000 3.244750542262e-01 6.727119638444e-01 7.468771e-01
0.800000 43.775000 3.357671622442e-01 6.908380008804e-01 7.681124e-01
0.800000 43.800000 3.453584226350e-01 7.078322655919e-01 7.875906e-01
0.800000 43.825000 3.529195730569e-01 7.242527634270e-01 8.056639e-01
0.800000 43.850000 3.582460297187e-01 7.407445276577e-01 8.228260e-01
0.800000 43.875000 3.612800907294e-01 7.580114461554e-01 8.397051e-01
0.800000 43.900000 3.621261488331e-01 7.767824529996e-01 8.570451e-01
0.800000 43.925000 3.610575214685e-01 7.977740301487e-01 8.756746e-01
0.800000 43.950000 3.585141011720e-01 8.216512783622e-01 8.964615e-01
0.800000 43.975000 3.550906782534e-01 8.489899385395e-01 9.202572e-01
0.800000 44.000000 3.515164277664e-01 8.802416748042e-01 9.478340e-01
0.800000 44.025000 3.486266279989e-01 9.157046891587e-01 9.798243e-01
0.800000 44.050000 3.473281446543e-01 9.555013599666e-01 1.016671e+00
0.800000 44.075000 3.485605464793e-01 9.995641276548e-01 1.058595e+00
0.800000 44.100000 3.532549045107e-01 1.047630338137e+00 1.105585e+00
0.800000 44.125000 3.622923741759e-01 1.099246241032e+00 1.157410e+00
0.800000 44.150000 3.764645849228e-01 1.153779860772e+00 1.213645e+00
0.800000 44.175000 3.964376905951e-01 1.210442038032e+00 1.273708e+00
0.800000 44.200000 4.227216919338e-01 1.268314588876e+00 1.336905e+00
0.800000 44.225000 4.556463541934e-01 1.326384252196e+00 1.402465e+00
0.800000 44.250000 4.953447260446e-01 1.383580888496e+00 1.469579e+00
0.800000 44.275000 5.417449320424e-01 1.438818248403e+00 1.537428e+00
0.800000 44.300000 5.945705653670e-01 1.491035542347e+00 1.605211e+00
0.800000 44.325000 6.533496522999e-01 1.539238012287e+00 1.672160e+00
0.800000 44.350000 7.174317969472e-01 1.582534736185e+00 1.737563e+00
0.800000 44.375000 7.860127495964e-01 1.620171993888e+00 1.800770e+00
0.800000 44.400000 8.581652865643e-01 1.651560699004e+00 1.861209e+00
0.800000 44.425000 9.328749626419e-01 1.676296662412e+00 1.918392e+00
0.800000 44.450000 1.009079025108e+00 1.694172800362e+00 1.971918e+00
0.800000 44.475000 1.085706590236e+00 1.705182824389e+00 2.021486e+00
0.800000 44.500000 1.161718107967e+00 1.709516430219e+00 2.066890e+00
0.800000 44.525000 1.236142200172e+00 1.707546504462e+00 2.108023e+00
0.800000 44.550000 1.308108163119e+00 1.699809347690e+00 2.144877e+00
0.800000 44.575000 1.376872769495e+00 1.686979321474e+00 2.177539e+00
0.800000 44.600000 1.441840465370e+00 1.669839617967e+00 2.206189e+00
0.800000 44.625000 1.502576590691e+00 1.649250985296e+00 2.231091e+00
0.800000 44.650000 1.558813802007e+00 1.626120198142e+00 2.252591e+00
0.800000 44.675000 1.610452379318e+00 1.601369839652e+00 2.271110e+00
0.800000 44.700000 1.657555492178e+00 1.575910581556e+00 2.287135e+00
0.800000 44.725000 1.700340731062e+00 1.550616660680e+00 2.301211e+00
0.800000 44.750000 1.739169244974e+00 1.526304717137e+00 2.313939e+00
0.800000 44.775000 1.774533658063e+00 1.503715658375e+00 2.325969e+00
0.800000 44.800000 1.807045588541e+00 1.483498820186e+00 2.337987e+00
0.800000 44.825000 1.837423112945e+00 1.466197475968e+00 2.350715e+00
0.800000 44.850000 1.866477981905e+00 1.452234742333e+00 2.364894e+00
0.800000 44.875000 1.895101888112e+00 1.441899155884e+00 2.381278e+00
0.800000 44.900000 1.924250703583e+00 1.435329631127e+00 2.400607e+00
0.800000 44.925000 1.954925420555e+00 1.432500097475e+00 2.423590e+00
0.800000 44.950000 1.988148603411e+00 1.433204769483e+00 2.450880e+00
0.800000 44.975000 2.024935508556e+00 1.437045625761e+00 2.483035e+00
0.800000 45.000000 2.066259635517e+00 1.443424150403e+00 2.520496e+00
0.800000 45.025000 2.113013275302e+00 1.451539628704e+00 2.563551e+00
0.800000 45.050000 2.165964525401e+00 1.460396214669e+00 2.612309e+00
0.800000 45.075000 2.225713124373e+00 1.468820567598e+00 2.666689e+00
0.800000 45.100000 2.292648192858e+00 1.475491101233e+00 2.726410e+00
0.800000 45.125000 2.366911430333e+00 1.478978861972e+00 2.790994e+00
0.800000 45.150000 2.448369411738e+00 1.477798856157e+00 2.859791e+00
0.800000 45.175000 2.536598299580e+00 1.470469416676e+00 2.931998e+00
0.800000 45.200000 2.630883530940e+00 1.455576088627e+00 3.006701e+00
0.800000 45.225000 2.730235905430e+00 1.431835672307e+00 3.082911e+00
0.800000 45.250000 2.833424092687e+00 1.398155616423e+00 3.159609e+00
0.800000 45.275000 2.939022040942e+00 1.353683991489e+00 3.235786e+00
0.800000 45.300000 3.045468272377e+00 1.297845825429e+00 3.310480e+00
0.800000 45.325000 3.151132772123e+00 1.230362621706e+00 3.382814e+00
0.800000 45.350000 3.254386275670e+00 1.151253315883e+00 3.452016e+00
0.800000 45.375000 3.353666356667e+00 1.060816618545e+00 3.517444e+00
0.800000 45.400000 3.447534882794e+00 9.595964630642e-01 3.578592e+00
0.800000 45.425000 3.534722146856e+00 8.483339319895e-01 3.635097e+00
0.800000 45.450000 3.614154232314e+00 7.279103884212e-01 3.686728e+00
0.800000 45.475000 3.684961815038e+00 5.992874304059e-01 3.733375e+00
0.800000 45.500000 3.746470466500e+00 4.634496078655e-01 3.775027e+00
0.800000 45.525000 3.798174409458e+00 3.213555457544e-01 3.811745e+00
0.800000 45.550000 3.839697381672e+00 1.739022259073e-01 3.843633e+00
0.800000 45.575000 3.870745600166e+00 2.190578199296e-02 3.870808e+00
0.800000 45.600000 3.891058641639e+00 -1.338995973591e-01 3.893362e+00
0.800000 45.625000 3.900364273526e+00 -2.928449971065e-01 3.911342e+00
0.800000 45.650000 3.898342860992e+00 -4.542945817538e-01 3.924724e+00
0.800000 45.675000 3.884605981987e+00 -6.176018010572e-01 3.933395e+00
0.800000 45.700000 3.858692412330e+00 -7.820591916003e-01 3.937147e+00
0.800000 45.725000 3.820082851500e+00 -9.468477133418e-01 3.935677e+00
0.800000 45.750000 3.768232834608e+00 -1.110991702926e+00 3.928598e+00
0.800000 45.775000 3.702621413653e+00 -1.273325062958e+00 3.915452e+00
0.800000 45.800000 3.622811576308e+00 -1.432473296436e+00 3.895734e+00
0.800000 45.825000 3.528517156709e+00 -1.586854550172e+00 3.868920e+00
0.800000 45.850000 3.419670286973e+00 -1.734701102293e+00 3.834493e+00
0.800000 45.875000 3.296483292521e+00 -1.874100890662e+00 3.791973e+00
0.800000 45.900000 3.159499342782e+00 -2.003056907846e+00 3.740945e+00
0.800000 45.925000 3.009627072525e+00 -2.119560744866e+00 3.681086e+00
0.800000 45.950000 2.848155684624e+00 -2.221675380325e+00 3.612178e+00
0.800000 45.975000 2.676748599346e+00 -2.307621571762e+00 3.534134e+00
0.800000 46.000000 2.497415380049e+00 -2.375861953706e+00 3.446999e+00
0.800000 46.025000 2.312463293296e+00 -2.425177176137e+00 3.350966e+00
0.800000 46.050000 2.124431320284e+00 -2.454729080791e+00 3.246368e+00
0.800000 46.075000 1.936010619015e+00 -2.464106930160e+00 3.133682e+00
0.800000 46.100000 1.749956267977e+00 -2.453353972453e+00 3.013518e+00
0.800000 46.125000 1.568995562278e+00 -2.422973031285e+00 2.886615e+00
0.800000 46.150000 1.395738176292e+00 -2.373911237994e+00 2.753823e+00
0.800000 46.175000 1.232593177006e+00 -2.307525372467e+00 2.616096e+00
0.800000 46.200000 1.081697217449e+00 -2.225530456236e+00 2.474481e+00
0.800000 46.225000 9.448573257084e-01 -2.129935180118e+00 2.330103e+00
0.800000 46.250000 8.235106083271e-01 -2.022968399738e+00 2.184164e+00
0.800000 46.275000 7.187019890456e-01 -1.907001269143e+00 2.037937e+00
0.800000 46.300000 6.310798869041e-01 -1.784469598599e+00 1.892774e+00
0.800000 46.325000 5.609085803078e-01 -1.657800729016e+00 1.750120e+00
0.800000 46.350000 5.080949787539e-01 -1.529348640369e+00 1.611542e+00
0.800000 46.375000 4.722266959450e-01 -1.401340198066e+00 1.478767e+00
0.800000 46.400000 4.526177406480e-01 -1.275834446404e+00 1.353742e+00
0.800000 46.425000 4.483578550221e-01 -1.154695751008e+00 1.238688e+00
0.800000 46.450000 4.583615574933e-01 -1.039580451581e+00 1.136144e+00
0.800000 46.475000 4.814132918748e-01 -9.319355979018e-01 1.048934e+00
0.800000 46.500000 5.162057265932e-01 -8.330073932730e-01 9.799845e-01
0.800000 46.525000 5.613691431996e-01 -7.438562434207e-01 9.319106e-01
0.800000 46.550000 6.154909329298e-01 -6.653748759872e-01 9.063955e-01
0.800000 46.575000 6.771253933062e-01 -5.983059071382e-01 9.035866e-01
0.800000 46.600000 7.447951769483e-01 -5.432555106680e-01 9.218711e-01
0.800000 46.625000 8.169867777053e-01 -5.007004812727e-01 9.582110e-01
0.800000 46.650000 8.921432341375e-01 -4.709869308990e-01 1.008835e+00
0.800000 46.675000 9.686576920330e-01 -4.543200332098e-01 1.069909e+00
0.800000 46.700000 1.044871528402e+00 -4.507455237429e-01 1.137949e+00
0.800000 46.725000 1.119080369555e+00 -4.601249386684e-01 1.209982e+00
0.800000 46.750000 1.189550550527e+00 -4.821076915744e-01 1.283534e+00
0.800000 46.775000 1.254547424542e+00 -5.161039114322e-01 1.356559e+00
0.800000 46.800000 1.312375545505e+00 -5.612623850628e-01 1.427356e+00
0.800000 46.825000 1.361429254775e+00 -6.164578918872e-01 1.494493e+00
0.800000 46.850000 1.400250767808e+00 -6.802916645277e-01 1.556759e+00
0.800000 46.875000 1.427591642308e+00 -7.511076887249e-01 1.613128e+00
0.800000 46.900000 1.442472666934e+00 -8.270261579872e-01 1.662739e+00
0.800000 46.925000 1.444236853690e+00 -9.059937585337e-01 1.704888e+00
0.800000 46.950000 1.432590413045e+00 -9.858487492716e-01 1.739026e+00
0.800000 46.975000 1.407627343542e+00 -1.064397206746e+00 1.764754e+00
0.800000 47.000000 1.369834518347e+00 -1.139495508095e+00 1.781824e+00
0.800000 47.025000 1.320075781637e+00 -1.209133280826e+00 1.790141e+00
0.800000 47.050000 1.259555412001e+00 -1.271510765119e+00 1.789754e+00
0.800000 47.075000 1.189763172488e+00 -1.325104859906e+00 1.780854e+00
0.800000 47.100000 1.112404844573e+00 -1.368719037297e+00 1.763756e+00
0.800000 47.125000 1.029323449666e+00 -1.401513722304e+00 1.738893e+00
0.800000 47.150000 9.424171493724e-01 -1.423015498955e+00 1.706787e+00
0.800000 47.175000 8.535599944204e-01 -1.433105429598e+00 1.668040e+00
0.800000 47.200000 7.645312407926e-01 -1.431988651237e+00 1.623299e+00
0.800000 47.225000 6.769579213562e-01 -1.420149034566e+00 1.573244e+00
0.800000 47.250000 5.922738702181e-01 -1.398293880629e+00 1.518557e+00
0.800000 47.275000 5.116966166004e-01 -1.367294259384e+00 1.459907e+00
0.800000 47.300000 4.362216995321e-01 -1.328126602055e+00 1.397930e+00
0.800000 47.325000 3.666322170252e-01 -1.281820556325e+00 1.333223e+00
0.800000 47.350000 3.035200094998e-01 -1.229416982743e+00 1.266330e+00
0.800000 47.375000 2.473139424297e-01 -1.171938456237e+00 1.197750e+00
0.800000 47.400000 1.983103939598e-01 -1.110372925575e+00 1.127943e+00
0.800000 47.425000 1.567012959603e-01 -1.045669484064e+00 1.057346e+00
0.800000 47.450000 1.225958755192e-01 -9.787437195066e-01 9.863919e-01
0.800000 47.475000 9.603348604002e-02 -9.104890141382e-01 9.155396e-01
0.800000 47.500000 7.698643923713e-02 -8.417895792659e-01 8.453027e-01
0.800000 47.525000 6.535335686527e-02 -7.735309937842e-01 7.762868e-01
0.800000 47.550000 6.094505280498e-02 -7.066045591458e-01 7.092280e-01
0.800000 47.575000 6.346614887626e-02 -6.419028064406e-01 6.450327e-01
0.800000 47.600000 7.249637815097e-02 -5.803048576340e-01 5.848157e-01
0.800000 47.625000 8.747575080202e-02 -5.226518770693e-01 5.299217e-01
0.800000 47.650000 1.076974289139e-01 -4.697143582020e-01 4.819028e-01
0.800000 47.675000 1.323113245141e-01 -4.221542878551e-01 4.424031e-01
0.800000 47.700000 1.603402057690e-01 -3.804861586521e-01 4.128907e-01
0.800000 47.725000 1.907086220514e-01 -3.450412494730e-01 3.942375e-01
0.800000 47.750000 2.222834181489e-01 -3.159395128723e-01 3.863000e-01
0.800000 47.775000 2.539231844192e-01 -2.930728103324e-01 3.877740e-01
0.800000 47.800000 2.845328489798e-01 -2.761021945859e-01 3.964737e-01
0.800000 47.825000 3.131188893030e-01 -2.644705767880e-01 4.098635e-01
0.800000 47.850000 3.388404025577e-01 -2.574305930374e-01 4.255389e-01
0.800000 47.875000 3.610515472299e-01 -2.540859722225e-01 4.414951e-01
0.800000 47.900000 3.793316149677e-01 -2.534433722134e-01 4.562083e-01
0.800000 47.925000 3.935001211683e-01 -2.544706359708e-01 4.686125e-01
0.800000 47.950000 4.036156857587e-01 -2.561568251380e-01 4.780397e-01
0.800000 47.975000 4.099589586889e-01 -2.575692680309e-01 4.841573e-01
0.800000 48.000000 4.130012695287e-01 -2.579032099947e-01 4.869128e-01
0.800000 48.025000 4.133619016358e-01 -2.565204242274e-01 4.864882e-01
0.800000 48.050000 4.117577913889e-01 -2.529742351964e-01 4.832602e-01
0.800000 48.075000 4.089499543378e-01 -2.470196996209e-01 4.777644e-01
0.800000 48.100000 4.056910112126e-01 -2.386090420080e-01 4.706586e-01
0.800000 48.125000 4.026778426427e-01 -2.278737146654e-01 4.626833e-01
0.800000 48.150000 4.005126995064e-01 -2.150955239000e-01 4.546169e-01
0.800000 48.175000 3.996751267804e-01 -2.006700408427e-01 4.472233e-01
0.800000 48.200000 4.005059348994e-01 -1.850659393321e-01 4.411966e-01
0.800000 48.225000 4.032032945168e-01 -1.687839566295e-01 4.371052e-01
0.800000 48.250000 4.078299538397e-01 -1.523188762573e-01 4.353462e-01
0.800000 48.275000 4.143296815500e-01 -1.361273405217e-01 4.361189e-01
0.800000 48.300000 4.225503964748e-01 -1.206034934162e-01 4.394247e-01
0.800000 48.325000 4.322711004504e-01 -1.060635281012e-01 4.450930e-01
0.800000 48.350000 4.432296932882e-01 -9.273926710842e-02 4.528279e-01
0.800000 48.375000 4.551489972780e-01 -8.078003204429e-02 4.622619e-01
0.800000 48.400000 4.677588056022e-01 -7.026134246190e-02 4.730063e-01
0.800000 48.425000 4.808124269850e-01 -6.119847899226e-02 4.846915e-01
0.800000 48.450000 4.940969488579e-01 -5.356268680173e-02 4.969917e-01
0.800000 48.475000 5.074372011524e-01 -4.729778852826e-02 5.096367e-01
0.800000 48.500000 5.206940953594e-01 -4.233520253624e-02 5.224123e-01
0.800000 48.525000 5.337585733911e-01 -3.860578259772e-02 5.351529e-01
0.800000 48.550000 5.465427798868e-01 -3.604745265783e-02 5.477303e-01
0.800000 48.575000 5.589702422573e-01 -3.460823884910e-02 5.600406e-01
0.800000 48.600000 5.709667992023e-01 -3.424493072860e-02 5.719928e-01
0.800000 48.625000 5.824537761577e-01 -3.491816840179e-02 5.834995e-01
0.800000 48.650000 5.933444995284e-01 -3.658519449891e-02 5.944713e-01
0.800000 48.675000 6.035447201254e-01 -3.919178667684e-02 6.048159e-01
0.800000 48.700000 6.129569395082e-01 -4.266497183059e-02 6.144400e-01
0.800000 48.725000 6.214880649229e-01 -4.690801153192e-02 6.232558e-01
0.800000 48.750000 6.290593216239e-01 -5.179885331581e-02 6.311884e-01
0.800000 48.775000 6.356169805622e-01 -5.719279681445e-02 6.381849e-01
0.800000 48.800000 6.411422570308e-01 -6.292957545985e-02 6.442232e-01
0.800000 48.825000 6.456587273475e-01 -6.884446272712e-02 6.493187e-01
0.800000 48.850000 6.492358018144e-01 -7.478244143883e-02 6.535285e-01
0.800000 48.875000 6.519871681235e-01 -8.061398958989e-02 6.569520e-01
0.800000 48.900000 6.540636453381e-01 -8.625069348443e-02 6.597260e-01
0.800000 48.925000 6.556405128473e-01 -9.165874260775e-02 6.620165e-01
0.800000 48.950000 6.569000372134e-01 -9.686841642288e-02 6.640039e-01
0.800000 48.975000 6.580105423456e-01 -1.019779455607e-01 6.658659e-01
0.800000 49.000000 6.591038855405e-01 -1.071506002378e-01 6.677568e-01
0.800000 49.025000 6.602535524096e-01 -1.126044869235e-01 6.697869e-01
0.800000 49.050000 6.614557213219e-01 -1.185952615080e-01 6.720034e-01
0.800000 49.075000 6.626155470256e-01 -1.253927216507e-01 6.743758e-01
0.800000 49.100000 6.635405719504e-01 -1.332529448062e-01 6.767883e-01
0.800000 49.125000 6.639426159460e-01 -1.423882159240e-01 6.790392e-01
0.800000 49.150000 6.634487681209e-01 -1.529373745288e-01 6.808481e-01
0.800000 49.175000 6.616212746880e-01 -1.649393569245e-01 6.818707e-01
0.800000 49.200000 6.579852638983e-01 -1.783125909619e-01 6.817184e-01
0.800000 49.225000 6.520624577203e-01 -1.928425200147e-01 6.799807e-01
0.800000 49.250000 6.434083703657e-01 -2.081789183080e-01 6.762491e-01
0.800000 49.275000 6.316500540042e-01 -2.238438647915e-01 6.701402e-01
0.800000 49.300000 6.165212700846e-01 -2.392503398541e-01 6.613163e-01
0.800000 49.325000 5.978920634893e-01 -2.537304827192e-01 6.495029e-01
0.800000 49.350000 5.757900915275e-01 -2.665716849285e-01 6.345035e-01
0.800000 49.375000 5.504116785355e-01 -2.770579786322e-01 6.162095e-01
0.800000 49.400000 5.221213738101e-01 -2.845136749477e-01 5.946081e-01
0.800000 49.425000 4.914397120701e-01 -2.883459639728e-01 5.697863e-01
0.800000 49.450000 4.590198277738e-01 -2.880832253379e-01 5.419328e-01
0.800000 49.475000 4.256144720453e-01 -2.834061107558e-01 5.113381e-01
0.800000 49.500000 3.920357452822e-01 -2.741690166001e-01 4.783938e-01
0.800000 49.525000 3.591104257849e-01 -2.604103122068e-01 4.435920e-01
0.800000 49.550000 3.276341010651e-01 -2.423505598978e-01 4.075266e-01
0.800000 49.575000 2.983273732534e-01 -2.203788789367e-01 3.708990e-01
0.800000 49.600000 2.717972165275e-01 -1.950284905190e-01 3.345293e-01
0.800000 49.625000 2.485061381184e-01 -1.669432639131e-01 2.993749e-01
0.800000 49.650000 2.287511787595e-01 -1.368377071259e-01 2.665552e-01
0.800000 49.675000 2.126540397834e-01 -1.054532678715e-01 2.373650e-01
0.800000 49.700000 2.001628055201e-01 -7.351401000468e-02 2.132357e-01
0.800000 49.725000 1.910649050456e-01 -4.168470365413e-02 1.955592e-01
0.800000 49.750000 1.850101859207e-01 -1.053412793149e-02 1.853098e-01
0.800000 49.775000 1.815423049295e-01 1.949403876695e-02 1.825859e-01
0.800000 49.800000 1.801361162177e-01 4.810093607147e-02 1.864476e-01
0.800000 49.825000 1.802383823179e-01 7.514171400491e-02 1.952746e-01
0.800000 49.850000 1.813089625225e-01 1.006237952399e-01 2.073598e-01
0.800000 49.875000 1.828596485694e-01 1.246945383259e-01 2.213287e-01
0.800000 49.900000 1.844880122491e-01 1.476193344819e-01 2.362780e-01
0.800000 49.925000 1.859039875174e-01 1.697517979874e-01 2.517458e-01
0.800000 49.950000 1.869474081820e-01 1.914982292419e-01 2.676208e-01
0.800000 49.975000 1.875953325534e-01 2.132789114833e-01 2.840421e-01
0.800000 50.000000 1.879586748137e-01 2.354890243391e-01 3.013031e-01
0.800000 50.025000 1.882683910571e-01 2.584620040464e-01 3.197618e-01
0.800000 50.050000 1.888521940151e-01 2.824380433939e-01 3.397593e-01
0.800000 50.075000 1.901034498577e-01 3.075401054726e-01 3.615525e-01
0.800000 50.100000 1.924444977767e-01 3.337593359618e-01 3.852664e-01
0.800000 50.125000 1.962870845824e-01 3.609511223350e-01 4.108702e-01
0.800000 50.150000 2.019928835474e-01 3.888423004660e-01 4.381774e-01
0.800000 50.175000 2.098371391024e-01 4.170491964198e-01 4.668636e-01
0.800000 50.200000 2.199783291252e-01 4.451053698434e-01 4.964970e-01
0.800000 50.225000 2.324363627019e-01 4.724971573289e-01 5.265740e-01
0.800000 50.250000 2.470812497202e-01 4.987044625445e-01 5.565566e-01
0.800000 50.275000 2.636334246831e-01 5.232437633842e-01 5.859067e-01
0.800000 50.300000 2.816760335372e-01 5.457100528041e-01 6.141179e-01
0.800000 50.325000 3.006785661576e-01 5.658144309708e-01 6.407445e-01
0.800000 50.350000 3.200303144768e-01 5.834143325319e-01 6.654259e-01
0.800000 50.375000 3.390813352368e-01 5.985338912980e-01 6.879091e-01
0.800000 50.400000 3.571879695228e-01 6.113726785004e-01 7.080677e-01
0.800000 50.425000 3.737595779014e-01 6.223019415244e-01 7.259173e-01
0.800000 50.450000 3.883030294192e-01 6.318484422899e-01 7.416277e-01
0.800000 50.475000 4.004616493751e-01 6.406669631436e-01 7.555287e-01
0.800000 50.500000 4.100457718975e-01 6.495034268081e-01 7.681095e-01
0.800000 50.525000 4.170527196420e-01 6.591512867216e-01 7.800086e-01
0.800000 50.550000 4.216748820741e-01 6.704043220336e-01 7.919922e-01
0.800000 50.575000 4.242955068239e-01 6.840091772540e-01 8.049194e-01
0.800000 50.600000 4.254727680097e-01 7.006209067094e-01 8.196931e-01
0.800000 50.625000 4.259135444529e-01 7.207644333661e-01 8.371999e-01
0.800000 50.650000 4.264390524669e-01 7.448042514635e-01 8.582445e-01
0.800000 50.675000 4.279449733873e-01 7.729239554855e-01 8.834865e-01
0.800000 50.700000 4.313589598405e-01 8.051163413457e-01 9.133909e-01
0.800000 50.725000 4.375983883248e-01 8.411839819671e-01 9.481998e-01
0.800000 50.750000 4.475309669870e-01 8.807494079449e-01 9.879289e-01
0.800000 50.775000 4.619403480069e-01 9.232733920775e-01 1.032387e+00
0.800000 50.800000 4.814982930465e-01 9.680793930975e-01 1.081212e+00
0.800000 50.825000 5.067442673251e-01 1.014381984970e+00 1.133914e+00
0.800000 50.850000 5.380726646527e-01 1.061317085518e+00 1.189923e+00
0.800000 50.875000 5.757272576840e-01 1.107971981066e+00 1.248625e+00
0.800000 50.900000 6.198019774347e-01 1.153413482865e+00 1.309396e+00
0.800000 50.925000 6.702467887283e-01 1.196712994212e+00 1.371624e+00
0.800000 50.950000 7.268772587322e-01 1.236967756787e+00 1.434726e+00
0.800000 50.975000 7.893864093312e-01 1.273318024644e+00 1.498155e+00
0.800000 51.000000 8.573575789450e-01 1.304960336089e+00 1.561404e+00
0.800000 51.025000 9.302772609631e-01 1.331157381417e+00 1.624006e+00
0.800000 51.050000 1.007547192571e+00 1.351245177405e+00 1.685531e+00
0.800000 51.075000 1.088495296373e+00 1.364638352353e+00 1.745583e+00
0.800000 51.100000 1.172385388772e+00 1.370834327241e+00 1.803794e+00
0.800000 51.125000 1.258425832467e+00 1.369417069166e+00 1.859822e+00
0.800000 51.150000 1.345777505062e+00 1.360060919253e+00 1.913343e+00
0.800000 51.175000 1.433561572128e+00 1.342534787907e+00 1.964052e+00
0.800000 51.200000 1.520867592039e+00 1.316706793088e+00 2.011655e+00
0.800000 51.225000 1.606762450241e+00 1.282549215153e+00 2.055874e+00
0.800000 51.250000 1.690300536431e+00 1.240143471157e+00 2.096443e+00
0.800000 51.275000 1.770535455431e+00 1.189684681651e+00 2.133107e+00
0.800000 51.300000 1.846533416744e+00 1.131485317394e+00 2.165628e+00
0.800000 51.325000 1.917388291693e+00 1.065977370518e+00 2.193783e+00
0.800000 51.350000 1.982238170035e+00 9.937124908496e-01 2.217371e+00
0.800000 51.375000 2.040283096004e+00 9.153595589742e-01 2.236211e+00
0.800000 51.400000 2.090803520540e+00 8.316992299325e-01 2.250152e+00
0.800000 51.425000 2.133178874932e+00 7.436150737286e-01 2.259074e+00
0.800000 51.450000 2.166905554753e+00 6.520810610903e-01 2.262894e+00
0.800000 51.475000 2.191613507431e+00 5.581452958967e-01 2.261569e+00
0.800000 51.500000 2.207080550282e+00 4.629100790368e-01 2.255103e+00
0.800000 51.525000 2.213243518591e+00 3.675085991940e-01 2.243548e+00
0.800000 51.550000 2.210205366786e+00 2.730787769500e-01 2.227011e+00
0.800000 51.575000 2.198237430277e+00 1.807350273920e-01 2.205655e+00
0.800000 51.600000 2.177776208226e+00 9.153893585477e-02 2.179699e+00
0.800000 51.625000 2.149414249984e+00 6.470040394255e-03 2.149424e+00
0.800000 51.650000 2.113885014369e+00 -7.360193975946e-02 2.115166e+00
0.800000 51.675000 2.072041907468e+00 -1.479420200029e-01 2.077317e+00
0.800000 51.700000 2.024832069433e+00 -2.159706228359e-01 2.036317e+00
0.800000 51.725000 1.973265845658e+00 -2.772787447689e-01 1.992652e+00
0.800000 51.750000 1.918383211003e+00 -3.316365849008e-01 1.946838e+00
0.800000 51.775000 1.861218685331e+00 -3.789949264050e-01 1.899414e+00
0.800000 51.800000 1.802766456227e+00 -4.194789605876e-01 1.850927e+00
0.800000 51.825000 1.743947489001e+00 -4.533746870104e-01 1.801916e+00
0.800000 51.850000 1.685580343812e+00 -4.811084772758e-01 1.752897e+00
0.800000 51.875000 1.628357235439e+00 -5.032208169324e-01 1.704341e+00
0.800000 51.900000 1.572826575319e+00 -5.203356037608e-01 1.656663e+00
0.800000 51.925000 1.519382851197e+00 -5.331266513116e-01 1.610201e+00
0.800000 51.950000 1.468264258442e+00 -5.422832028321e-01 1.565206e+00
0.800000 51.975000 1.419558034808e+00 -5.484762925347e-01 1.521832e+00
0.800000 52.000000 1.373213003815e+00 -5.523277002800e-01 1.480128e+00
0.800000 52.025000 1.329058434135e+00 -5.543830449324e-01 1.440048e+00
0.800000 52.050000 1.286828000178e+00 -5.550902726900e-01 1.401446e+00
0.800000 52.075000 1.246187399814e+00 -5.547844472500e-01 1.364100e+00
0.800000 52.100000 1.206764056630e+00 -5.536793688000e-01 1.327720e+00
0.800000 52.125000 1.168177304089e+00 -5.518661673586e-01 1.291973e+00
0.800000 52.150000 1.130067507455e+00 -5.493186575629e-01 1.256505e+00
0.800000 52.175000 1.092122710649e+00 -5.459049249971e-01 1.220960e+00
0.800000 52.200000 1.054101581034e+00 -5.414043497283e-01 1.185010e+00
0.800000 52.225000 1.015851647403e+00 -5.355290651667e-01 1.148367e+00
0.800000 52.250000 9.773220696633e-01 -5.279486983850e-01 1.110805e+00
0.800000 52.275000 9.385704313512e-01 -5.183171368407e-01 1.072179e+00
0.800000 52.300000 8.997633012238e-01 -5.063000100441e-01 1.032431e+00
0.800000 52.325000 8.611705646003e-01 -4.916015581275e-01 9.916082e-01
0.800000 52.350000 8.231537781618e-01 -4.739895800531e-01 9.498675e-01
0.800000 52.375000 7.861490532458e-01 -4.533172131973e-01 9.074838e-01
0.800000 52.400000 7.506452204145e-01 -4.295403970442e-01 8.648544e-01
0.800000 52.425000 7.171582669425e-01 -4.027300222438e-01 8.225007e-01
0.800000 52.450000 6.862032593237e-01 -3.730779675805e-01 7.810647e-01
0.800000 52.475000 6.582651510258e-01 -3.408964842032e-01 7.412985e-01
0.800000 52.500000 6.337700143558e-01 -3.066106967503e-01 7.040416e-01
0.800000 52.525000 6.130583059626e-01 -2.707443463428e-01 6.701813e-01
0.800000 52.550000 5.963617610272e-01 -2.338992852023e-01 6.405905e-01
0.800000 52.575000 5.837853986797e-01 -1.967296244029e-01 6.160422e-01
0.800000 52.600000 5.752959046058e-01 -1.599118071757e-01 5.971073e-01
0.800000 52.625000 5.707173391777e-01 -1.241121995609e-01 5.840566e-01
0.800000 52.650000 5.697347136979e-01 -8.995402773833e-02 5.767923e-01
0.800000 52.675000 5.719055063365e-01 -5.798562060053e-02 5.748376e-01
0.800000 52.700000 5.766786842158e-01 -2.865191780359e-02 5.773900e-01
0.800000 52.725000 5.834202958517e-01 -2.271068216150e-03 5.834247e-01
0.800000 52.750000 5.914442381912e-01 2.098232649533e-02 5.918163e-01
0.800000 52.775000 6.000464227695e-01 4.108615940126e-02 6.014514e-01
0.800000 52.800000 6.085402989044e-01 5.817127987512e-02 6.113143e-01
0.800000 52.825000 6.162915627553e-01 7.251334025375e-02 6.205429e-01
0.800000 52.850000 6.227499031297e-01 8.451646808375e-02 6.284588e-01
0.800000 52.875000 6.274758095962e-01 9.468975245206e-02 6.345802e-01
0.800000 52.900000 6.301607850233e-01 1.036180180002e-01 6.386230e-01
0.800000 52.925000 6.306397411295e-01 1.119287456405e-01 6.404955e-01
0.800000 52.950000 6.288948807604e-01 1.202572555732e-01 6.402894e-01
0.800000 52.975000 6.250509465099e-01 1.292123765500e-01 6.382668e-01
0.800000 53.000000 6.193623004645e-01 1.393447770540e-01 6.348438e-01
0.800000 53.025000 6.121928521931e-01 1.511199321283e-01 6.305690e-01
0.800000 53.050000 6.039903319564e-01 1.648973578605e-01 6.260954e-01
0.800000 53.075000 5.952567787742e-01 1.809172877075e-01 6.221428e-01
0.800000 53.100000 5.865173509541e-01 1.992954227922e-01 6.194524e-01
0.800000 53.125000 5.782896513556e-01 2.200258001337e-01 6.187328e-01
0.800000 53.150000 5.710556826342e-01 2.429912305486e-01 6.206040e-01
0.800000 53.175000 5.652383116164e-01 2.679802052535e-01 6.255460e-01
0.800000 53.200000 5.611837408100e-01 2.947086994084e-01 6.338615e-01
0.800000 53.225000 5.591509840665e-01 3.228449503506e-01 6.456614e-01
0.800000 53.250000 5.593087581552e-01 3.520350895328e-01 6.608744e-01
0.800000 53.275000 5.617395767738e-01 3.819274817903e-01 6.792790e-01
0.800000 53.300000 5.664502188451e-01 4.121937826001e-01 7.005495e-01
0.800000 53.325000 5.733871921757e-01 4.425450579101e-01 7.243059e-01
0.800000 53.350000 5.824553785754e-01 4.727418005220e-01 7.501594e-01
0.800000 53.375000 5.935377729501e-01 5.025972847364e-01 7.777475e-01
0.800000 53.400000 6.065141509270e-01 5.319743756776e-01 8.067566e-01
0.800000 53.425000 6.212766353825e-01 5.607765892998e-01 8.369319e-01
0.800000 53.450000 6.377404801627e-01 5.889348156595e-01 8.680767e-01
0.800000 53.475000 6.558489256719e-01 6.163916044933e-01 9.000425e-01
0.800000 53.500000 6.755716603803e-01 6.430852093694e-01 9.327141e-01
0.800000 53.525000 6.968971798931e-01 6.689356510681e-01 9.659920e-01
0.800000 53.550000 7.198200922757e-01 6.938348707934e-01 9.997739e-01
0.800000 53.575000 7.443250896184e-01 7.176426045121e-01 1.033939e+00
0.800000 53.600000 7.703698089875e-01 7.401889552650e-01 1.068340e+00
0.800000 53.625000 7.978690714363e-01 7.612838324166e-01 1.102791e+00
0.800000 53.650000 8.266829684487e-01 7.807325501878e-01 1.137079e+00
0.800000 53.675000 8.566109440270e-01 7.983560318625e-01 1.170963e+00
0.800000 53.700000 8.873934153236e-01 8.140133542140e-01 1.204195e+00
0.800000 53.725000 9.187216386701e-01 8.276238840345e-01 1.236532e+00
0.800000 53.750000 9.502555464183e-01 8.391860794893e-01 1.267761e+00
0.800000 53.775000 9.816482625541e-01 8.487901960417e-01 1.297720e+00
0.800000 53.800000 1.012575073103e+00 8.566226531969e-01 1.326315e+00
0.800000 53.825000 1.042763900451e+00 8.629606448229e-01 1.353535e+00
0.800000 53.850000 1.072023911155e+00 8.681566319744e-01 1.379468e+00
0.800000 53.875000 1.100268845754e+00 8.726135289666e-01 1.404296e+00
0.800000 53.900000 1.127532025343e+00 8.767525453572e-01 1.428294e+00
0.800000 53.925000 1.153970743553e+00 8.809766370433e-01 1.451816e+00
0.800000 53.950000 1.179858825174e+00 8.856332190125e-01 1.475267e+00
0.800000 53.975000 1.205567411899e+00 8.909800991576e-01 1.499079e+00
0.800000 54.000000 1.231535377642e+00 8.971584487816e-01 1.523671e+00
0.800000 54.025000 1.258232021721e+00 9.041760254356e-01 1.549413e+00
0.800000 54.050000 1.286115682970e+00 9.119028580634e-01 1.576598e+00
0.800000 54.075000 1.315592530566e+00 9.200802959857e-01 1.605407e+00
0.800000 54.100000 1.346979928410e+00 9.283428567032e-01 1.635902e+00
0.800000 54.125000 1.380478404299e+00 9.362508528441e-01 1.668019e+00
0.800000 54.150000 1.416155408932e+00 9.433305106590e-01 1.701578e+00
0.800000 54.175000 1.453942809141e+00 9.491173691102e-01 1.736310e+00
0.800000 54.200000 1.493648562248e+00 9.531982900701e-01 1.771884e+00
0.800000 54.225000 1.534981436885e+00 9.552474827616e-01 1.807945e+00
0.800000 54.250000 1.577586167840e+00 9.550525517767e-01 1.844154e+00
0.800000 54.275000 1.621085237185e+00 9.525276543579e-01 1.880220e+00
0.800000 54.300000 1.665122708508e+00 9.477122763453e-01 1.915931e+00
0.800000 54.325000 1.709405301454e+00 9.407557395279e-01 1.951176e+00
0.800000 54.350000 1.753736212168e+00 9.318891439598e-01 1.985953e+00
0.800000 54.375000 1.798038023922e+00 9.213878348013e-01 2.020370e+00
0.800000 54.400000 1.842362308518e+00 9.095284965948e-01 2.054639e+00
0.800000 54.425000 1.886885037081e+00 8.965454971942e-01 2.089050e+00
0.800000 54.450000 1.931888509542e+00 8.825910699521e-01 2.123949e+00
0.800000 54.475000 1.977731977504e+00 8.677033480666e-01 2.159707e+00
0.800000 54.500000 2.024814294422e+00 8.517852304705e-01 2.196682e+00
0.800000 54.525000 2.073532639887e+00 8.345957047877e-01 2.235193e+00
0.800000 54.550000 2.124241550794e+00 8.157537607309e-01 2.275490e+00
0.800000 54.575000 2.177216141311e+00 7.947535946853e-01 2.317737e+00
0.800000 54.600000 2.232622567430e+00 7.709886208846e-01 2.361996e+00
0.800000 54.625000 2.290497616339e+00 7.437810191818e-01 2.408234e+00
0.800000 54.650000 2.350737948017e+00 7.124132601802e-01 2.456319e+00
0.800000 54.675000 2.413098182075e+00 6.761582822965e-01 2.506039e+00
0.800000 54.700000 2.477195898976e+00 6.343057052723e-01 2.557116e+00
0.800000 54.725000 2.542520873094e+00 5.861825363872e-01 2.609219e+00
0.800000 54.750000 2.608445584281e+00 5.311680925653e-01 2.661978e+00
0.800000 54.775000 2.674234304484e+00 4.687041278217e-01 2.714998e+00
0.800000 54.800000 2.739048790817e+00 3.983022228025e-01 2.767857e+00
0.800000 54.825000 2.801949729140e+00 3.195511889805e-01 2.820113e+00
0.800000 54.850000 2.861894397607e+00 2.321274420359e-01 2.871293e+00
0.800000 54.875000 2.917732356715e+00 1.358109533977e-01 2.920891e+00
0.800000 54.900000 2.968202111480e+00 3.050851978508e-02 2.968359e+00
0.800000 54.925000 3.011932443024e+00 -8.371520165668e-02 3.013096e+00
0.800000 54.950000 3.047452328522e+00 -2.065999953219e-01 3.054447e+00
0.800000 54.975000 3.073212985613e+00 -3.376484281372e-01 3.091706e+00
0.800000 55.000000 3.087624595396e+00 -4.760843536559e-01 3.124113e+00
0.800000 55.025000 3.089108764304e+00 -6.208167352557e-01 3.150874e+00
0.800000 55.050000 3.076165939391e+00 -7.704144146090e-01 3.171173e+00
0.800000 55.075000 3.047455007552e+00 -9.230972537441e-01 3.184194e+00
0.800000 55.100000 3.001880428523e+00 -1.076748187817e+00 3.189149e+00
0.800000 55.125000 2.938680712976e+00 -1.228949202115e+00 3.185304e+00
0.800000 55.150000 2.857511066917e+00 -1.377042232361e+00 3.172005e+00
0.800000 55.175000 2.758512728970e+00 -1.518213688293e+00 3.148709e+00
0.800000 55.200000 2.642361996788e+00 -1.649598963359e+00 3.115005e+00
0.800000 55.225000 2.510293153712e+00 -1.768401175628e+00 3.070637e+00
0.800000 55.250000 2.364091361585e+00 -1.872016724166e+00 3.015522e+00
0.800000 55.275000 2.206053900842e+00 -1.958159230234e+00 2.949756e+00
0.800000 55.300000 2.038920681697e+00 -2.024973181915e+00 2.873624e+00
0.800000 55.325000 1.865777462311e+00 -2.071129148267e+00 2.787598e+00
0.800000 55.350000 1.689937437200e+00 -2.095893721153e+00 2.692333e+00
0.800000 55.375000 1.514808581818e+00 -2.099169246077e+00 2.588659e+00
0.800000 55.400000 1.343755195328e+00 -2.081500720820e+00 2.477564e+00
0.800000 55.425000 1.179962386430e+00 -2.044049736705e+00 2.360180e+00
0.800000 55.450000 1.026311792745e+00 -1.988537764953e+00 2.237766e+00
0.800000 55.475000 8.852756888400e-01 -1.917163220197e+00 2.111688e+00
0.800000 55.500000 7.588349654340e-01 -1.832498377784e+00 1.983401e+00
0.800000 55.525000 6.484244450026e-01 -1.737373255464e+00 1.854433e+00
0.800000 55.550000 5.549068529667e-01 -1.634753940299e+00 1.726367e+00
0.800000 55.575000 4.785747025343e-01 -1.527622569042e+00 1.600832e+00
0.800000 55.600000 4.191775622013e-01 -1.418865341900e+00 1.479489e+00
0.800000 55.625000 3.759707987800e-01 -1.311173704281e+00 1.364013e+00
0.800000 55.650000 3.477810076117e-01 -1.206962338371e+00 1.256069e+00
0.800000 55.675000 3.330829741168e-01 -1.108306044167e+00 1.157275e+00
0.800000 55.700000 3.300831161289e-01 -1.016896122151e+00 1.069127e+00
0.800000 55.725000 3.368048451333e-01 -9.340156287695e-01 9.928860e-01
0.800000 55.750000 3.511720347335e-01 -8.605319479456e-01 9.294283e-01
0.800000 55.775000 3.710876613825e-01 -7.969045419546e-01 8.790693e-01
0.800000 55.800000 3.945055565623e-01 -7.432054985205e-01 8.414209e-01
0.800000 55.825000 4.194939747650e-01 -6.991505209026e-01 8.153445e-01
0.800000 55.850000 4.442902662664e-01 -6.641382281938e-01 7.990453e-01
0.800000 55.875000 4.673463171897e-01 -6.372959448926e-01 7.902903e-01
0.800000 55.900000 4.873645920469e-01 -6.175304662103e-01 7.866817e-01
0.800000 55.925000 5.033246308458e-01 -6.035825105947e-01 7.859055e-01
0.800000 55.950000 5.144997830066e-01 -5.940836643620e-01 7.859042e-01
0.800000 55.975000 5.204638831745e-01 -5.876145703695e-01 7.849672e-01
0.800000 56.000000 5.210875650571e-01 -5.827629332311e-01 7.817576e-01
0.800000 56.025000 5.165240273017e-01 -5.781796569519e-01 7.752992e-01
0.800000 56.050000 5.071843422448e-01 -5.726311663526e-01 7.649460e-01
0.800000 56.075000 4.937028343314e-01 -5.650457682853e-01 7.503461e-01
0.800000 56.100000 4.768936182695e-01 -5.545518542249e-01 7.314064e-01
0.800000 56.125000 4.577000182530e-01 -5.405058869171e-01 7.082626e-01
0.800000 56.150000 4.371392107530e-01 -5.225084785275e-01 6.812531e-01
0.800000 56.175000 4.162449589425e-01 -5.004074526752e-01 6.508974e-01
0.800000 56.200000 3.960116561458e-01 -4.742875520074e-01 6.178786e-01
0.800000 56.225000 3.773430047192e-01 -4.444473423580e-01 5.830276e-01
0.800000 56.250000 3.610084872118e-01 -4.113647891449e-01 5.473099e-01
0.800000 56.275000 3.476103319507e-01 -3.756538465240e-01 5.118093e-01
0.800000 56.300000 3.375629620802e-01 -3.380151116734e-01 4.777059e-01
0.800000 56.325000 3.310860030509e-01 -2.991840753815e-01 4.462388e-01
0.800000 56.350000 3.282108903757e-01 -2.598806888606e-01 4.186411e-01
0.800000 56.375000 3.288000639617e-01 -2.207638382254e-01 3.960381e-01
0.800000 56.400000 3.325767583882e-01 -1.823938782940e-01 3.793084e-01
0.800000 56.425000 3.391625938506e-01 -1.452056645387e-01 3.689390e-01
0.800000 56.450000 3.481196166338e-01 -1.094936023593e-01 3.649330e-01
0.800000 56.475000 3.589931821354e-01 -7.540919315181e-02 3.668278e-01
0.800000 56.500000 3.713521387295e-01 -4.297049483033e-02 3.738300e-01
0.800000 56.525000 3.848231465317e-01 -1.208192929886e-02 3.850128e-01
0.800000 56.550000 3.991166109103e-01 1.743794952884e-02 3.994974e-01
0.800000 56.575000 4.140425609452e-01 4.582369439491e-02 4.165706e-01
0.800000 56.600000 4.295157746507e-01 7.332847255609e-02 4.357303e-01
0.800000 56.625000 4.455504531528e-01 1.001910956430e-01 4.566765e-01
0.800000 56.650000 4.622456825125e-01 1.266075192206e-01 4.792708e-01
0.800000 56.675000 4.797637104596e-01 1.527091958664e-01 5.034812e-01
0.800000 56.700000 4.983036379031e-01 1.785499022753e-01 5.293265e-01
0.800000 56.725000 5.180734353752e-01 2.041017740647e-01 5.568282e-01
0.800000 56.750000 5.392632212927e-01 2.292603566052e-01 5.859737e-01
0.800000 56.775000 5.620224870996e-01 2.538576026434e-01 6.166952e-01
0.800000 56.800000 5.864434539730e-01 2.776809976147e-01 6.488626e-01
0.800000 56.825000 6.125520485848e-01 3.004964380731e-01 6.822889e-01
0.800000 56.850000 6.403071598859e-01 3.220721755532e-01 7.167452e-01
0.800000 56.875000 6.696079640074e-01 3.422010928699e-01 7.519817e-01
0.800000 56.900000 7.003082626275e-01 3.607188033664e-01 7.877498e-01
0.800000 56.925000 7.322360503692e-01 3.775155326604e-01 8.238250e-01
0.800000 56.950000 7.652159772827e-01 3.925404116117e-01 8.600253e-01
0.800000 56.975000 7.990920550782e-01 4.057976149363e-01 8.962253e-01
0.800000 57.000000 8.337479012655e-01 4.173346458853e-01 9.323646e-01
0.800000 57.025000 8.691220304618e-01 4.272239114416e-01 9.684490e-01
0.800000 57.050000 9.052161686917e-01 4.355394736354e-01 1.004545e+00
0.800000 57.075000 9.420952427397e-01 4.423314285617e-01 1.040769e+00
0.800000 57.100000 9.798785205236e-01 4.476006986663e-01 1.077269e+00
0.800000 57.125000 1.018722273171e+00 4.512770900182e-01 1.114202e+00
0.800000 57.150000 1.058795210159e+00 4.532032535821e-01 1.151712e+00
0.800000 57.175000 1.100248720601e+00 4.531267132682e-01 1.189904e+00
0.800000 57.200000 1.143184559556e+00 4.507014246109e-01 1.228822e+00
0.800000 57.225000 1.187622986845e+00 4.454994691558e-01 1.268431e+00
0.800000 57.250000 1.233474457719e+00 4.370325502823e-01 1.308609e+00
0.800000 57.275000 1.280517766627e+00 4.247820244223e-01 1.349135e+00
0.800000 57.300000 1.328387071671e+00 4.082353659319e-01 1.389701e+00
0.800000 57.325000 1.376569519470e+00 3.869263043685e-01 1.429915e+00
0.800000 57.350000 1.424414312215e+00 3.604754532350e-01 1.469319e+00
0.800000 57.375000 1.471153091459e+00 3.286281101229e-01 1.507411e+00
0.800000 57.400000 1.515930546126e+00 2.912860633504e-01 1.543662e+00
0.800000 57.425000 1.557843274156e+00 2.485306750355e-01 1.577543e+00
0.800000 57.450000 1.595984217889e+00 2.006351839135e-01 1.608546e+00
0.800000 57.475000 1.629489515113e+00 1.480650197172e-01 1.636203e+00
0.800000 57.500000 1.657584399921e+00 9.146586595722e-02 1.660106e+00
0.800000 57.525000 1.679624863125e+00 3.164016367129e-02 1.679923e+00
0.800000 57.550000 1.695132126745e+00 -3.048636888365e-02 1.695406e+00
0.800000 57.575000 1.703817562725e+00 -9.390589057254e-02 1.706403e+00
0.800000 57.600000 1.705596434378e+00 -1.575744251808e-01 1.712860e+00
0.800000 57.625000 1.700589689794e+00 -2.204595515608e-01 1.714820e+00
0.800000 57.650000 1.689113913793e+00 -2.815866263304e-01 1.712424e+00
0.800000 57.675000 1.671660376596e+00 -3.400805712244e-01 1.705902e+00
0.800000 57.700000 1.648864840087e+00 -3.952006683649e-01 1.695564e+00
0.800000 57.725000 1.621470348196e+00 -4.463663807873e-01 1.681787e+00
0.800000 57.750000 1.590285606104e+00 -4.931728971177e-01 1.665001e+00
0.800000 57.775000 1.556141731504e+00 -5.353958302928e-01 1.645669e+00
0.800000 57.800000 1.519850144869e+00 -5.729852255751e-01 1.624271e+00
0.800000 57.825000 1.482164173148e+00 -6.060497053679e-01 1.601283e+00
0.800000 57.850000 1.443746600615e+00 -6.348321602492e-01 1.577154e+00
0.800000 57.875000 1.405144945202e+00 -6.596788613387e-01 1.552291e+00
0.800000 57.900000 1.366775703229e+00 -6.810042033374e-01 1.527037e+00
0.800000 57.925000 1.328918223157e+00 -6.992534838905e-01 1.501659e+00
0.800000 57.950000 1.291718269741e+00 -7.148661832988e-01 1.476337e+00
0.800000 57.975000 1.255200750439e+00 -7.282421330119e-01 1.451160e+00
0.800000 58.000000 1.219290519879e+00 -7.397127580734e-01 1.426129e+00
0.800000 58.025000 1.183839678520e+00 -7.495192556374e-01 1.401162e+00
0.800000 58.050000 1.148659361064e+00 -7.577991388096e-01 1.376110e+00
0.800000 58.075000 1.113553692619e+00 -7.645820458575e-01 1.350773e+00
0.800000 58.100000 1.078353400211e+00 -7.697951083767e-01 1.324927e+00
0.800000 58.125000 1.042946527337e+00 -7.732775149277e-01 1.298343e+00
0.800000 58.150000 1.007303828604e+00 -7.748032344883e-01 1.270819e+00
0.800000 58.175000 9.714967311712e-01 -7.741102210644e-01 1.242197e+00
0.800000 58.200000 9.357062381180e-01 -7.709338580752e-01 1.212388e+00
0.800000 58.225000 9.002217986770e-01 -7.650419728033e-01 1.181393e+00
0.800000 58.250000 8.654299459143e-01 -7.562685087540e-01 1.149309e+00
0.800000 58.275000 8.317933499549e-01 -7.445429293623e-01 1.116344e+00
0.800000 58.300000 7.998217847548e-01 -7.299126659042e-01 1.082815e+00
0.800000 58.325000 7.700372787973e-01 -7.125564189848e-01 1.049140e+00
0.800000 58.350000 7.429363326082e-01 -6.927868531379e-01 1.015829e+00
0.800000 58.375000 7.189524633438e-01 -6.710421363838e-01 9.834583e-01
0.800000 58.400000 6.984224206671e-01 -6.478667937930e-01 9.526412e-01
0.800000 58.425000 6.815591768139e-01 -6.238833691438e-01 9.239878e-01
0.800000 58.450000 6.684342285248e-01 -5.997573141886e-01 8.980608e-01
0.800000 58.475000 6.589708975520e-01 -5.761582448488e-01 8.753291e-01
0.800000 58.500000 6.529492537969e-01 -5.537211262895e-01 8.561249e-01
0.800000 58.525000 6.500221151290e-01 -5.330110096897e-01 8.406126e-01
0.800000 58.550000 6.497404252315e-01 -5.144946151837e-01 8.287746e-01
0.800000 58.575000 6.515853067632e-01 -4.985213541466e-01 8.204188e-01
0.800000 58.600000 6.550033543849e-01 -4.853153709761e-01 8.152057e-01
0.800000 58.625000 6.594413689131e-01 -4.749789619187e-01 8.126918e-01
0.800000 58.650000 6.643768000989e-01 -4.675064296427e-01 8.123785e-01
0.800000 58.675000 6.693406732004e-01 -4.628062073760e-01 8.137607e-01
0.800000 58.700000 6.739306829993e-01 -4.607280852440e-01 8.163657e-01
0.800000 58.725000 6.778133567961e-01 -4.610917246885e-01 8.197783e-01
0.800000 58.750000 6.807155813277e-01 -4.637124491330e-01 8.236522e-01
0.800000 58.775000 6.824071952761e-01 -4.684205951252e-01 8.277061e-01
0.800000 58.800000 6.826775969163e-01 -4.750714847521e-01 8.317101e-01
0.800000 58.825000 6.813102441121e-01 -4.835442644816e-01 8.354632e-01
0.800000 58.850000 6.780594009914e-01 -4.937293214934e-01 8.387689e-01
0.800000 58.875000 6.726334305719e-01 -5.055055691397e-01 8.414105e-01
0.800000 58.900000 6.646883246005e-01 -5.187103993330e-01 8.431317e-01
0.800000 58.925000 6.538340464783e-01 -5.331063421671e-01 8.436239e-01
0.800000 58.950000 6.396547496163e-01 -5.483492855431e-01 8.425231e-01
0.800000 58.975000 6.217421845000e-01 -5.639633676113e-01 8.394153e-01
0.800000 59.000000 5.997398215920e-01 -5.793273006690e-01 8.338513e-01
0.800000 59.025000 5.733936060734e-01 -5.936759255038e-01 8.253674e-01
0.800000 59.050000 5.426040251683e-01 -6.061193110020e-01 8.135108e-01
0.800000 59.075000 5.074734748182e-01 -6.156798514514e-01 7.978665e-01
0.800000 59.100000 4.683428688874e-01 -6.213457701121e-01 7.780846e-01
0.800000 59.125000 4.258120789978e-01 -6.221374381106e-01 7.539038e-01
0.800000 59.150000 3.807400868716e-01 -6.171811920496e-01 7.251728e-01
0.800000 59.175000 3.342225585484e-01 -6.057840886367e-01 6.918664e-01
0.800000 59.200000 2.875467314843e-01 -5.875024296272e-01 6.540965e-01
0.800000 59.225000 2.421258162233e-01 -5.621970182445e-01 6.121196e-01
0.800000 59.250000 1.994173079192e-01 -5.300689829933e-01 5.663395e-01
0.800000 59.275000 1.608314395740e-01 -4.916715583048e-01 5.173081e-01
0.800000 59.300000 1.276372818965e-01 -4.478952996502e-01 4.657268e-01
0.800000 59.325000 1.008745544490e-01 -3.999266283752e-01 4.124524e-01
0.800000 59.350000 8.127898379341e-02 -3.491821039494e-01 3.585170e-01
0.800000 59.375000 6.922803457738e-02 -2.972231512958e-01 3.051788e-01
0.800000 59.400000 6.471214004667e-02 -2.456578863146e-01 2.540383e-01
0.800000 59.425000 6.733433419012e-02 -1.960379833977e-01 2.072795e-01
0.800000 59.450000 7.633865955910e-02 -1.497590779841e-01 1.680933e-01
0.800000 59.475000 9.066514593524e-02 -1.079729367048e-01 1.409905e-01
0.800000 59.500000 1.090267835104e-01 -7.151858349136e-02 1.303907e-01
0.800000 59.525000 1.300019855136e-01 -4.087784935435e-02 1.362773e-01
0.800000 59.550000 1.521347369512e-01 -1.615859255365e-02 1.529905e-01
0.800000 59.575000 1.740340790519e-01 2.893659767412e-03 1.740581e-01
0.800000 59.600000 1.944648248681e-01 1.685741724331e-02 1.951941e-01
0.800000 59.625000 2.124224001308e-01 2.657434360584e-02 2.140782e-01
0.800000 59.650000 2.271863385573e-01 3.307170126522e-02 2.295809e-01
0.800000 59.675000 2.383490539906e-01 3.747527634381e-02 2.412772e-01
0.800000 59.700000 2.458188428073e-01 4.092045938834e-02 2.492015e-01
0.800000 59.725000 2.497984014144e-01 4.446893780406e-02 2.537257e-01
0.800000 59.750000 2.507422459306e-01 4.903754659258e-02 2.554924e-01
0.800000 59.775000 2.492980969276e-01 5.534434386192e-02 2.553675e-01
0.800000 59.800000 2.462383957335e-01 6.387510006280e-02 2.543882e-01
0.800000 59.825000 2.423885697123e-01 7.487132151197e-02 2.536887e-01
0.800000 59.850000 2.385584526056e-01 8.833888608539e-02 2.543893e-01
0.800000 59.875000 2.354824518506e-01 1.040745552427e-01 2.574558e-01
0.800000 59.900000 2.337727567396e-01 1.217062106631e-01 2.635566e-01
0.800000 59.925000 2.338882622907e-01 1.407417638219e-01 2.729688e-01
0.800000 59.950000 2.361201310651e-01 1.606213599838e-01 2.855730e-01
0.800000 59.975000 2.405932190902e-01 1.807677375403e-01 3.009353e-01
0.800000 60.000000 2.472811249316e-01 2.006303427719e-01 3.184344e-01
0.800000 60.025000 2.560315195128e-01 2.197199231172e-01 3.373855e-01
0.800000 60.050000 2.665977667041e-01 2.376316792614e-01 3.571319e-01
0.800000 60.075000 2.786726836297e-01 2.540564829333e-01 3.770983e-01
0.800000 60.100000 2.919205920166e-01 2.687810022834e-01 3.968134e-01
0.800000 60.125000 3.060045048192e-01 2.816786809279e-01 4.159106e-01
0.800000 60.150000 3.206062645060e-01 2.926942870848e-01 4.341179e-01
0.800000 60.175000 3.354385661679e-01 3.018251281339e-01 4.512399e-01
0.800000 60.200000 3.502489190433e-01 3.091020050529e-01 4.671385e-01
0.800000 60.225000 3.648165936331e-01 3.145725990790e-01 4.817126e-01
0.800000 60.250000 3.789443628038e-01 3.182893175124e-01 4.948807e-01
0.800000 60.275000 3.924473044763e-01 3.203027821271e-01 5.065657e-01
0.800000 60.300000 4.051410627528e-01 3.206612405169e-01 5.166845e-01
0.800000 60.325000 4.168317779673e-01 3.194153339805e-01 5.251427e-01
0.800000 60.350000 4.273094461170e-01 3.166269651077e-01 5.318327e-01
0.800000 60.375000 4.363458349805e-01 3.123805464303e-01 5.366370e-01
0.800000 60.400000 4.436973650269e-01 3.067947160499e-01 5.394352e-01
0.800000 60.425000 4.491126581034e-01 3.000326776965e-01 5.401128e-01
0.800000 60.450000 4.523438559541e-01 2.923096272827e-01 5.385721e-01
0.800000 60.475000 4.531603828979e-01 2.838962040043e-01 5.347442e-01
0.800000 60.500000 4.513636127018e-01 2.751174720159e-01 5.286007e-01
0.800000 60.525000 4.468009068448e-01 2.663475134732e-01 5.201654e-01
0.800000 60.550000 4.393776968357e-01 2.580002163033e-01 5.095261e-01
0.800000 60.575000 4.290666380159e-01 2.505172082299e-01 4.968471e-01
0.800000 60.600000 4.159133000923e-01 2.443540846551e-01 4.823824e-01
0.800000 60.625000 4.000383076251e-01 2.399660926596e-01 4.664916e-01
0.800000 60.650000 3.816362334992e-01 2.377942854031e-01 4.496580e-01
0.800000 60.675000 3.609718261838e-01 2.382528929637e-01 4.325102e-01
0.800000 60.700000 3.383742855462e-01 2.417183254486e-01 4.158424e-01
0.800000 60.725000 3.142302862670e-01 2.485198963214e-01 4.006280e-01
0.800000 60.750000 2.889763025211e-01 2.589320880970e-01 3.880118e-01
0.800000 60.775000 2.630905542599e-01 2.731680244519e-01 3.792590e-01
0.800000 60.800000 2.370846301276e-01 2.913737866124e-01 3.756432e-01
0.800000 60.825000 2.114946053289e-01 3.136233166288e-01 3.782718e-01
0.800000 60.850000 1.868713193546e-01 3.399138598845e-01 3.878947e-01
0.800000 60.875000 1.637694477290e-01 3.701621673299e-01 4.047721e-01
0.800000 60.900000 1.427351106612e-01 4.042019449132e-01 4.286636e-01
0.800000 60.925000 1.242920002529e-01 4.417832410174e-01 4.589346e-01
0.800000 60.950000 1.089263416220e-01 4.825745477723e-01 4.947152e-01
0.800000 60.975000 9.707137586047e-02 5.261683220415e-01 5.350476e-01
0.800000 61.000000 8.909239553208e-02 5.720903951119e-01 5.789861e-01
0.800000 61.025000 8.527360603264e-02 6.198133540253e-01 6.256518e-01
0.800000 61.050000 8.580816825695e-02 6.687734877563e-01 6.742559e-01
0.800000 61.075000 9.079266014188e-02 7.183903666536e-01 7.241050e-01
0.800000 61.100000 1.002268664220e-01 7.680876459583e-01 7.745993e-01
0.800000 61.125000 1.140192902710e-01 8.173133375339e-01 8.252281e-01
0.800000 61.150000 1.319981329628e-01 8.655576503022e-01 8.755647e-01
0.800000 61.175000 1.539267906279e-01 9.123666073379e-01 9.252601e-01
0.800000 61.200000 1.795222694595e-01 9.573500206377e-01 9.740366e-01
0.800000 61.225000 2.084744240704e-01 1.000183018914e+00 1.021679e+00
0.800000 61.250000 2.404636676783e-01 1.040601116475e+00 1.068023e+00
0.800000 61.275000 2.751748504100e-01 1.078389686808e+00 1.112945e+00
0.800000 61.300000 3.123053781526e-01 1.113369545959e+00 1.156342e+00
0.800000 61.325000 3.515663289517e-01 1.145381035052e+00 1.198122e+00
0.800000 61.350000 3.926762510354e-01 1.174269406075e+00 1.238185e+00
0.800000 61.375000 4.353483899562e-01 1.199874376086e+00 1.276412e+00
0.800000 61.400000 4.792731574540e-01 1.222026379701e+00 1.312650e+00
0.800000 61.425000 5.240985748885e-01 1.240551327076e+00 1.346717e+00
0.800000 61.450000 5.694120603693e-01 1.255284626996e+00 1.378394e+00
0.800000 61.475000 6.147271690264e-01 1.266093974271e+00 1.407439e+00
0.800000 61.500000 6.594786725325e-01 1.272909076843e+00 1.433600e+00
0.800000 61.525000 7.030286658690e-01 1.275755280655e+00 1.456640e+00
0.800000 61.550000 7.446852671955e-01 1.274787107720e+00 1.476360e+00
0.800000 61.575000 7.837340405169e-01 1.270317199867e+00 1.492630e+00
0.800000 61.600000 8.194806791074e-01 1.262836157687e+00 1.505425e+00
0.800000 61.625000 8.513019294799e-01 1.253019321631e+00 1.514851e+00
0.800000 61.650000 8.787004080783e-01 1.241717631564e+00 1.521176e+00
0.800000 61.675000 9.013580457096e-01 1.229931224740e+00 1.524853e+00
0.800000 61.700000 9.191825267732e-01 1.218766232584e+00 1.526528e+00
0.800000 61.725000 9.323413494967e-01 1.209377113164e+00 1.527041e+00
0.800000 61.750000 9.412790239689e-01 1.202898588597e+00 1.527407e+00
0.800000 61.775000 9.467143736767e-01 1.200372632067e+00 1.528778e+00
0.800000 61.800000 9.496167691081e-01 1.202676789085e+00 1.532385e+00
0.800000 61.825000 9.511621983186e-01 1.210460301858e+00 1.539456e+00
0.800000 61.850000 9.526721357896e-01 1.224093988685e+00 1.551125e+00
0.800000 61.875000 9.555399690246e-01 1.243638650037e+00 1.568341e+00
0.800000 61.900000 9.611510681263e-01 1.268835048032e+00 1.591777e+00
0.800000 61.925000 9.708032746013e-01 1.299116423190e+00 1.621778e+00
0.800000 61.950000 9.856345521522e-01 1.333642305382e+00 1.658336e+00
0.800000 61.975000 1.006563779924e+00 1.371350297122e+00 1.701109e+00
0.800000 62.000000 1.034249260633e+00 1.411020797388e+00 1.749472e+00
0.800000 62.025000 1.069067623789e+00 1.451348491576e+00 1.802586e+00
0.800000 62.050000 1.111113648837e+00 1.491013989690e+00 1.859488e+00
0.800000 62.075000 1.160219368436e+00 1.528749298201e+00 1.919162e+00
0.800000 62.100000 1.215988893555e+00 1.563391818382e+00 1.980612e+00
0.800000 62.125000 1.277843955129e+00 1.593923146574e+00 2.042909e+00
0.800000 62.150000 1.345074348475e+00 1.619490910983e+00 2.105226e+00
0.800000 62.175000 1.416887384347e+00 1.639413970462e+00 2.166852e+00
0.800000 62.200000 1.492451091458e+00 1.653173263739e+00 2.227194e+00
0.800000 62.225000 1.570927186261e+00 1.660392190194e+00 2.285763e+00
0.800000 62.250000 1.651491555234e+00 1.660811431370e+00 2.342161e+00
0.800000 62.275000 1.733341953849e+00 1.654263463851e+00 2.396051e+00
0.800000 62.300000 1.815694558464e+00 1.640651635105e+00 2.447138e+00
0.800000 62.325000 1.897772660183e+00 1.619937632408e+00 2.495143e+00
0.800000 62.350000 1.978791947980e+00 1.592139614054e+00 2.539789e+00
0.800000 62.375000 2.057947340382e+00 1.557341401151e+00 2.580787e+00
0.800000 62.400000 2.134406122633e+00 1.515711196944e+00 2.617837e+00
0.800000 62.425000 2.207311253164e+00 1.467526566506e+00 2.650633e+00
0.800000 62.450000 2.275797232329e+00 1.413201106071e+00 2.678879e+00
0.800000 62.475000 2.339019065479e+00 1.353307537504e+00 2.702305e+00
0.800000 62.500000 2.396192840759e+00 1.288591981662e+00 2.720700e+00
0.800000 62.525000 2.446644539910e+00 1.219974907177e+00 2.733936e+00
0.800000 62.550000 2.489862157029e+00 1.148535639040e+00 2.741997e+00
0.800000 62.575000 2.525545222248e+00 1.075479183017e+00 2.745002e+00
0.800000 62.600000 2.553645553028e+00 1.002086253590e+00 2.743225e+00
0.800000 62.625000 2.574393537951e+00 9.296495266905e-01 2.737106e+00
0.800000 62.650000 2.588305457247e+00 8.594010123941e-01 2.727250e+00
0.800000 62.675000 2.596169134010e+00 7.924368245640e-01 2.714415e+00
0.800000 62.700000 2.599007391155e+00 7.296463384163e-01 2.699486e+00
0.800000 62.725000 2.598021114812e+00 6.716526755634e-01 2.683436e+00
0.800000 62.750000 2.594515929217e+00 6.187706309650e-01 2.667281e+00
0.800000 62.775000 2.589818318760e+00 5.709866392515e-01 2.652015e+00
0.800000 62.800000 2.585188279380e+00 5.279633307678e-01 2.638550e+00
0.800000 62.825000 2.581736100336e+00 4.890688727359e-01 2.627651e+00
0.800000 62.850000 2.580350607599e+00 4.534288846707e-01 2.619887e+00
0.800000 62.875000 2.581645169234e+00 4.199965207113e-01 2.615586e+00
0.800000 62.900000 2.585926083052e+00 3.876345607273e-01 2.614818e+00
0.800000 62.925000 2.593185819785e+00 3.552022313739e-01 2.617400e+00
0.800000 62.950000 2.603121211930e+00 3.216391010949e-01 2.622917e+00
0.800000 62.975000 2.615174312268e+00 2.860387904485e-01 2.630771e+00
0.800000 63.000000 2.628591543612e+00 2.477063583179e-01 2.640237e+00
0.800000 63.025000 2.642495136157e+00 2.061949367571e-01 2.650528e+00
0.800000 63.050000 2.655959859116e+00 1.613193036081e-01 2.660855e+00
0.800000 63.075000 2.668087786574e+00 1.131463758399e-01 2.670486e+00
0.800000 63.100000 2.678074302917e+00 6.196483848520e-02 2.678791e+00
0.800000 63.125000 2.685259683989e+00 8.238067979609e-03 2.685272e+00
0.800000 63.150000 2.689162252277e+00 -4.745402493155e-02 2.689581e+00
0.800000 63.175000 2.689491114022e+00 -1.044777533550e-01 2.691520e+00
0.800000 63.200000 2.686138629433e+00 -1.622063598803e-01 2.691032e+00
0.800000 63.225000 2.679154824283e+00 -2.200725184526e-01 2.688178e+00
0.800000 63.250000 2.668707718163e+00 -2.776075889640e-01 2.683108e+00
0.800000 63.275000 2.655034853737e+00 -3.344641648037e-01 2.676019e+00
0.800000 63.300000 2.638392045699e+00 -3.904203414481e-01 2.667122e+00
0.800000 63.325000 2.619005471587e+00 -4.453661301212e-01 2.656603e+00
0.800000 63.350000 2.597032706107e+00 -4.992743446797e-01 2.644590e+00
0.800000 63.375000 2.572537223443e+00 -5.521599176770e-01 2.631127e+00
0.800000 63.400000 2.545479376126e+00 -6.040328007912e-01 2.616165e+00
0.800000 63.425000 2.515725060948e+00 -6.548502683957e-01 2.599558e+00
0.800000 63.450000 2.483071380030e+00 -7.044745172311e-01 2.581071e+00
0.800000 63.475000 2.447286782023e+00 -7.526409422287e-01 2.560406e+00
0.800000 63.500000 2.408161595926e+00 -7.989414248285e-01 2.537233e+00
0.800000 63.525000 2.365563693285e+00 -8.428254989475e-01 2.511224e+00
0.800000 63.550000 2.319493340365e+00 -8.836205010744e-01 2.482103e+00
0.800000 63.575000 2.270131190390e+00 -9.205699282551e-01 2.449683e+00
0.800000 63.600000 2.217873826747e+00 -9.528873934068e-01 2.413909e+00
0.800000 63.625000 2.163352260492e+00 -9.798219480631e-01 2.374899e+00
0.800000 63.650000 2.107430222441e+00 -1.000729285202e+00 2.332964e+00
0.800000 63.675000 2.051180846462e+00 -1.015142554323e+00 2.288637e+00
0.800000 63.700000 1.995842263094e+00 -1.022836291391e+00 2.242673e+00
0.800000 63.725000 1.942754543333e+00 -1.023877314420e+00 2.196046e+00
0.800000 63.750000 1.893282182342e+00 -1.018657338520e+00 2.149926e+00
0.800000 63.775000 1.848727735855e+00 -1.007903451379e+00 2.105627e+00
0.800000 63.800000 1.810243188445e+00 -9.926643480508e-01 2.064549e+00
0.800000 63.825000 1.778746050376e+00 -9.742722054559e-01 2.028089e+00
0.800000 63.850000 1.754847002221e+00 -9.542821133235e-01 1.997534e+00
0.800000 63.875000 1.738795138705e+00 -9.343928927836e-01 1.973955e+00
0.800000 63.900000 1.730445561699e+00 -9.163547570335e-01 1.958098e+00
0.800000 63.925000 1.729252341637e+00 -9.018704534024e-01 1.950304e+00
0.800000 63.950000 1.734287851504e+00 -8.924971614446e-01 1.950463e+00
0.800000 63.975000 1.744287350900e+00 -8.895564429159e-01 1.958022e+00
0.800000 64.000000 1.757715645949e+00 -8.940589358927e-01 1.972031e+00
0.800000 64.025000 1.772850857268e+00 -9.066493025449e-01 1.991234e+00
0.800000 64.050000 1.787878955883e+00 -9.275752773103e-01 2.014177e+00
0.800000 64.075000 1.800991903305e+00 -9.566826644609e-01 2.039317e+00
0.800000 64.100000 1.810482035433e+00 -9.934359796592e-01 2.065130e+00
0.800000 64.125000 1.814825782032e+00 -1.036962314639e+00 2.090187e+00
0.800000 64.150000 1.812750874746e+00 -1.086114122240e+00 2.113223e+00
0.800000 64.175000 1.803282769616e+00 -1.139545145463e+00 2.133165e+00
0.800000 64.200000 1.785767947361e+00 -1.195792786700e+00 2.149160e+00
0.800000 64.225000 1.759873872643e+00 -1.253359918170e+00 2.160571e+00
0.800000 64.250000 1.725567489367e+00 -1.310789497663e+00 2.166968e+00
0.800000 64.275000 1.683076001016e+00 -1.366726336577e+00 2.168106e+00
0.800000 64.300000 1.632835152307e+00 -1.419961870260e+00 2.163895e+00
0.800000 64.325000 1.575431149500e+00 -1.469459652439e+00 2.154366e+00
0.800000 64.350000 1.511542644208e+00 -1.514361347012e+00 2.139638e+00
0.800000 64.375000 1.441888835468e+00 -1.553975014413e+00 2.119878e+00
0.800000 64.400000 1.367188759692e+00 -1.587749280961e+00 2.095269e+00
0.800000 64.425000 1.288135342832e+00 -1.615238356379e+00 2.065983e+00
0.800000 64.450000 1.205385941244e+00 -1.636063687204e+00 2.032156e+00
0.800000 64.475000 1.119569090975e+00 -1.649878219026e+00 1.993874e+00
0.800000 64.500000 1.031305230316e+00 -1.656338770749e+00 1.951166e+00
0.800000 64.525000 9.412374632024e-01 -1.655090949425e+00 1.904010e+00
0.800000 64.550000 8.500671711451e-01 -1.645769467420e+00 1.852342e+00
0.800000 64.575000 7.585885939406e-01 -1.628014829104e+00 1.796076e+00
0.800000 64.600000 6.677164606942e-01 -1.601505330831e+00 1.735127e+00
0.800000 64.625000 5.785013720454e-01 -1.566001379113e+00 1.669438e+00
0.800000 64.650000 4.921288532263e-01 -1.521397483556e+00 1.599013e+00
0.800000 64.675000 4.098996946418e-01 -1.467776100342e+00 1.523937e+00
0.800000 64.700000 3.331912007930e-01 -1.405456919336e+00 1.444412e+00
0.800000 64.725000 2.634010754946e-01 -1.335035272981e+00 1.360772e+00
0.800000 64.750000 2.018776651565e-01 -1.257404100222e+00 1.273507e+00
0.800000 64.775000 1.498419557993e-01 -1.173755257773e+00 1.183281e+00
0.800000 64.800000 1.083078975005e-01 -1.085557806155e+00 1.090947e+00
0.800000 64.825000 7.800818459421e-02 -9.945130322809e-01 9.975678e-01
0.800000 64.850000 5.933248509521e-02 -9.024881954658e-01 9.044364e-01
0.800000 64.875000 5.228429063060e-02 -8.114330803190e-01 8.131158e-01
0.800000 64.900000 5.646111899957e-02 -7.232851999935e-01 7.254856e-01
0.800000 64.925000 7.106087712497e-02 -6.398707401650e-01 6.438045e-01
0.800000 64.950000 9.491496296183e-02 -5.628089407879e-01 5.707563e-01
0.800000 64.975000 1.265463620493e-01 -4.934275138841e-01 5.093964e-01
0.800000 65.000000 1.642487991858e-01 -4.326958945852e-01 4.628211e-01
0.800000 65.025000 2.061811478900e-01 -3.811816908768e-01 4.333707e-01
0.800000 65.050000 2.504699574614e-01 -3.390337678022e-01 4.215200e-01
0.800000 65.075000 2.953122575655e-01 -3.059931554436e-01 4.252542e-01
0.800000 65.100000 3.390708091855e-01 -2.814306186338e-01 4.406498e-01
0.800000 65.125000 3.803546858122e-01 -2.644074917348e-01 4.632289e-01
0.800000 65.150000 4.180794189257e-01 -2.537544737785e-01 4.890621e-01
0.800000 65.175000 4.515027950226e-01 -2.481616751808e-01 5.152077e-01
0.800000 65.200000 4.802345674499e-01 -2.462724346387e-01 5.396993e-01
0.800000 65.225000 5.042206347495e-01 -2.467733489425e-01 5.613693e-01
0.800000 65.250000 5.237044184857e-01 -2.484735759482e-01 5.796598e-01
0.800000 65.275000 5.391700406677e-01 -2.503677105383e-01 5.944647e-01
0.800000 65.300000 5.512732801817e-01 -2.516782631960e-01 6.060067e-01
0.800000 65.325000 5.607670559964e-01 -2.518758119533e-01 6.147366e-01
0.800000 65.350000 5.684282818767e-01 -2.506770434369e-01 6.212485e-01
0.800000 65.375000 5.749923709967e-01 -2.480229326500e-01 6.262041e-01
0.800000 65.400000 5.811005144215e-01 -2.440410338297e-01 6.302649e-01
0.800000 65.425000 5.872632490774e-01 -2.389971013002e-01 6.340329e-01
0.800000 65.450000 5.938419471843e-01 -2.332419169177e-01 6.380047e-01
0.800000 65.475000 6.010479042153e-01 -2.271592202151e-01 6.425417e-01
0.800000 65.500000 6.089568838952e-01 -2.211200375715e-01 6.478600e-01
0.800000 65.525000 6.175354856094e-01 -2.154475720616e-01 6.540395e-01
0.800000 65.550000 6.266746822487e-01 -2.103952862923e-01 6.610502e-01
0.800000 65.575000 6.362254306870e-01 -2.061390667947e-01 6.687870e-01
0.800000 65.600000 6.460314140250e-01 -2.027826007087e-01 6.771096e-01
0.800000 65.625000 6.559546983095e-01 -2.003735215760e-01 6.858762e-01
0.800000 65.650000 6.658912779232e-01 -1.989266648672e-01 6.949698e-01
0.800000 65.675000 6.757749935009e-01 -1.984500458129e-01 7.043112e-01
0.800000 65.700000 6.855699507192e-01 -1.989690049505e-01 7.138591e-01
0.800000 65.725000 6.952531517605e-01 -2.005443679938e-01 7.235986e-01
0.800000 65.750000 7.047903876984e-01 -2.032813780827e-01 7.335208e-01
0.800000 65.775000 7.141093746493e-01 -2.073274638483e-01 7.435973e-01
0.800000 65.800000 7.230745430591e-01 -2.128584453944e-01 7.537543e-01
0.800000 65.825000 7.314677621575e-01 -2.200543662825e-01 7.638514e-01
0.800000 65.850000 7.389786197571e-01 -2.290675834315e-01 7.736675e-01
0.800000 65.875000 7.452067627767e-01 -2.399868775212e-01 7.828964e-01
0.800000 65.900000 7.496773698093e-01 -2.528020312740e-01 7.911542e-01
0.800000 65.925000 7.518692433073e-01 -2.673734823707e-01 7.979949e-01
0.800000 65.950000 7.512534608625e-01 -2.834112741210e-01 8.029344e-01
0.800000 65.975000 7.473391918441e-01 -3.004666458537e-01 8.054788e-01
0.800000 66.000000 7.397223196903e-01 -3.179383287120e-01 8.051546e-01
0.800000 66.025000 7.281320196053e-01 -3.350940876078e-01 8.015387e-01
0.800000 66.050000 7.124704785286e-01 -3.511064491795e-01 7.942858e-01
0.800000 66.075000 6.928415003598e-01 -3.651000570648e-01 7.831522e-01
0.800000 66.100000 6.695647474241e-01 -3.762068628132e-01 7.680160e-01
0.800000 66.125000 6.431737127488e-01 -3.836245228737e-01 7.488926e-01
0.800000 66.150000 6.143970462668e-01 -3.866730112159e-01 7.259475e-01
0.800000 66.175000 5.841244051443e-01 -3.848445997032e-01 6.995046e-01
0.800000 66.200000 5.533594015634e-01 -3.778429742495e-01 6.700537e-01
0.800000 66.225000 5.231633404627e-01 -3.656082632899e-01 6.382549e-01
0.800000 66.250000 4.945941725096e-01 -3.483260363295e-01 6.049417e-01
0.800000 66.275000 4.686453788733e-01 -3.264197411933e-01 5.711202e-01
0.800000 66.300000 4.461893502054e-01 -3.005274404992e-01 5.379607e-01
0.800000 66.325000 4.279292668697e-01 -2.714649442662e-01 5.067708e-01
0.800000 66.350000 4.143626149736e-01 -2.401784068967e-01 4.789385e-01
0.800000 66.375000 4.057583941395e-01 -2.076900911229e-01 4.558235e-01
0.800000 66.400000 4.021489109000e-01 -1.750412698716e-01 4.385923e-01
0.800000 66.425000 4.033359248932e-01 -1.432361526530e-01 4.280146e-01
0.800000 66.450000 4.089099247694e-01 -1.131903356764e-01 4.242869e-01
0.800000 66.475000 4.182805300775e-01 -8.568666039118e-02 4.269670e-01
0.800000 66.500000 4.307154840374e-01 -6.134061311995e-02 4.350615e-01
0.800000 66.525000 4.453854256912e-01 -4.057659898332e-02 4.472300e-01
0.800000 66.550000 4.614115844603e-01 -2.361565513694e-02 4.620155e-01
0.800000 66.575000 4.779136800385e-01 -1.047449000264e-02 4.780285e-01
0.800000 66.600000 4.940555790059e-01 -9.751803045772e-04 4.940565e-01
0.800000 66.625000 5.090865993822e-01 5.235565337004e-03 5.091135e-01
0.800000 66.650000 5.223767175804e-01 8.658971663342e-03 5.224485e-01
0.800000 66.675000 5.334442869265e-01 9.910198712298e-03 5.335363e-01
0.800000 66.700000 5.419752102814e-01 9.679541239587e-03 5.420616e-01
0.800000 66.725000 5.478328266812e-01 8.690708378683e-03 5.479018e-01
0.800000 66.750000 5.510580921319e-01 7.658174037800e-03 5.511113e-01
0.800000 66.775000 5.518599826291e-01 7.245682556603e-03 5.519075e-01
0.800000 66.800000 5.505964452991e-01 8.028057558643e-03 5.506550e-01
0.800000 66.825000 5.477466823199e-01 1.045846330235e-02 5.478465e-01
0.800000 66.850000 5.438760654393e-01 1.484316758534e-02 5.440786e-01
0.800000 66.875000 5.395955190341e-01 2.132561443313e-02 5.400168e-01
0.800000 66.900000 5.355177292564e-01 2.988120479575e-02 5.363507e-01
0.800000 66.925000 5.322129731608e-01 4.032359486560e-02 5.337384e-01
0.800000 66.950000 5.301676453495e-01 5.232257070448e-02 5.327433e-01
0.800000 66.975000 5.297486252411e-01 6.543268923647e-02 5.337743e-01
0.800000 67.000000 5.311764258314e-01 7.913096048325e-02 5.370383e-01
0.800000 67.025000 5.345095711948e-01 9.286097537047e-02 5.425160e-01
0.800000 67.050000 5.396418750296e-01 1.060801583893e-01 5.499694e-01
0.800000 67.075000 5.463132833532e-01 1.183063422996e-01 5.589764e-01
0.800000 67.100000 5.541337831445e-01 1.291597030766e-01 5.689872e-01
0.800000 67.125000 5.626186754426e-01 1.383963074957e-01 5.793905e-01
0.800000 67.150000 5.712323925757e-01 1.459301234865e-01 5.895779e-01
0.800000 67.175000 5.794371326249e-01 1.518412903300e-01 5.990018e-01
0.800000 67.200000 5.867420029371e-01 1.563696636441e-01 6.072213e-01
0.800000 67.225000 5.927481913536e-01 1.598940233380e-01 6.139353e-01
0.800000 67.250000 5.971859592789e-01 1.628987204376e-01 6.190049e-01
0.800000 67.275000 5.999399653345e-01 1.659307906740e-01 6.224636e-01
0.800000 67.300000 6.010605214477e-01 1.695515373424e-01 6.245170e-01
0.800000 67.325000 6.007597479739e-01 1.742871677843e-01 6.255304e-01
0.800000 67.350000 5.993930890103e-01 1.805831827656e-01 6.260051e-01
0.800000 67.375000 5.974281125668e-01 1.887668434090e-01 6.265407e-01
0.800000 67.400000 5.954037916179e-01 1.990212093340e-01 6.277859e-01
0.800000 67.425000 5.938843992608e-01 2.113730404061e-01 6.303786e-01
0.800000 67.450000 5.934126486426e-01 2.256954129031e-01 6.348834e-01
0.800000 67.475000 5.944667099520e-01 2.417243776637e-01 6.417331e-01
0.800000 67.500000 5.974252432488e-01 2.590875518030e-01 6.511861e-01
0.800000 67.525000 6.025436548688e-01 2.773413458787e-01 6.633077e-01
0.800000 67.550000 6.099435244618e-01 2.960127151799e-01 6.779783e-01
0.800000 67.575000 6.196157046017e-01 3.146409729823e-01 6.949263e-01
0.800000 67.600000 6.314361303657e-01 3.328153467792e-01 7.137770e-01
0.800000 67.625000 6.451920573951e-01 3.502045696117e-01 7.341090e-01
0.800000 67.650000 6.606154190606e-01 3.665757977905e-01 7.555068e-01
0.800000 67.675000 6.774193650894e-01 3.818014100629e-01 7.776049e-01
0.800000 67.700000 6.953338748334e-01 3.958536201393e-01 8.001183e-01
0.800000 67.725000 7.141366324676e-01 4.087881636644e-01 8.228602e-01
0.800000 67.750000 7.336760584675e-01 4.207194516198e-01 8.457455e-01
0.800000 67.775000 7.538844142735e-01 4.317903923142e-01 8.687834e-01
0.800000 67.800000 7.747801036130e-01 4.421404932483e-01 8.920608e-01
0.800000 67.825000 7.964595359250e-01 4.518758325356e-01 9.157181e-01
0.800000 67.850000 8.190800476316e-01 4.610440602218e-01 9.399222e-01
0.800000 67.875000 8.428362679919e-01 4.696168238386e-01 9.648383e-01
0.800000 67.900000 8.679328747282e-01 4.774810186597e-01 9.906037e-01
0.800000 67.925000 8.945568619676e-01 4.844391731129e-01 1.017307e+00
0.800000 67.950000 9.228522397559e-01 4.902182311401e-01 1.044974e+00
0.800000 67.975000 9.528995479961e-01 4.944851118939e-01 1.073561e+00
0.800000 68.000000 9.847017849980e-01 4.968668120632e-01 1.102957e+00
0.800000 68.025000 1.018177435580e+00 4.969725280530e-01 1.132990e+00
0.800000 68.050000 1.053160360958e+00 4.944153304679e-01 1.163440e+00
0.800000 68.075000 1.089405502655e+00 4.888312932615e-01 1.194052e+00
0.800000 68.100000 1.126598755430e+00 4.798945964204e-01 1.224550e+00
0.800000 68.125000 1.164369047529e+00 4.673278867504e-01 1.254652e+00
0.800000 68.150000 1.202300658410e+00 4.509079831206e-01 1.284074e+00
0.800000 68.175000 1.239944090110e+00 4.304677367309e-01 1.312541e+00
0.800000 68.200000 1.276824335450e+00 4.058954042373e-01 1.339788e+00
0.800000 68.225000 1.312446069903e+00 3.771331892689e-01 1.365556e+00
0.800000 68.250000 1.346296030659e+00 3.441766190379e-01 1.389594e+00
0.800000 68.275000 1.377843527380e+00 3.070761499853e-01 1.411647e+00
0.800000 68.300000 1.406540554293e+00 2.659418809403e-01 1.431461e+00
0.800000 68.325000 1.431823264546e+00 2.209515678890e-01 1.448771e+00
0.800000 68.350000 1.453116578410e+00 1.723613776861e-01 1.463303e+00
0.800000 68.375000 1.469843417699e+00 1.205180955308e-01 1.474776e+00
0.800000 68.400000 1.481439518523e+00 6.587091590227e-02 1.482903e+00
0.800000 68.425000 1.487374036544e+00 8.980585569210e-03 1.487401e+00
0.800000 68.450000 1.487175313199e+00 -4.947641041143e-02 1.487998e+00
0.800000 68.475000 1.480460323123e+00 -1.087106983698e-01 1.484446e+00
0.800000 68.500000 1.466965580367e+00 -1.678314545263e-01 1.476535e+00
0.800000 68.525000 1.446576741562e+00 -2.258672142035e-01 1.464104e+00
0.800000 68.550000 1.419353883731e+00 -2.817958965617e-01 1.447057e+00
0.800000 68.575000 1.385549497771e+00 -3.345828882152e-01 1.425375e+00
0.800000 68.600000 1.345616634290e+00 -3.832250744751e-01 1.399123e+00
0.800000 68.625000 1.300205337577e+00 -4.267979076864e-01 1.368463e+00
0.800000 68.650000 1.250146442857e+00 -4.645020517134e-01 1.333652e+00
0.800000 68.675000 1.196422900828e+00 -4.957059082700e-01 1.295049e+00
0.800000 68.700000 1.140129923477e+00 -5.199804497885e-01 1.253107e+00
0.800000 68.725000 1.082426301964e+00 -5.371232534541e-01 1.208366e+00
0.800000 68.750000 1.024480122607e+00 -5.471694138886e-01 1.161445e+00
0.800000 68.775000 9.674127101578e-01 -5.503880371454e-01 1.113020e+00
0.800000 68.800000 9.122448947442e-01 -5.472641905115e-01 1.063809e+00
0.800000 68.825000 8.598495997520e-01 -5.384673901832e-01 1.014539e+00
0.800000 68.850000 8.109142883200e-01 -5.248088375876e-01 9.659225e-01
0.800000 68.875000 7.659160273176e-01 -5.071905581023e-01 9.186238e-01
0.800000 68.900000 7.251109017098e-01 -4.865502648009e-01 8.732222e-01
0.800000 68.925000 6.885383345960e-01 -4.638061032118e-01 8.301814e-01
0.800000 68.950000 6.560396480001e-01 -4.398054021317e-01 7.898207e-01
0.800000 68.975000 6.272890485290e-01 -4.152811664537e-01 7.522965e-01
0.800000 69.000000 6.018342439057e-01 -3.908193405671e-01 7.175961e-01
0.800000 69.025000 5.791431767783e-01 -3.668389141179e-01 6.855491e-01
0.800000 69.050000 5.586529608583e-01 -3.435858265806e-01 6.558539e-01
0.800000 69.075000 5.398170502760e-01 -3.211404565588e-01 6.281191e-01
0.800000 69.100000 5.221469622246e-01 -2.994373618209e-01 6.019138e-01
0.800000 69.125000 5.052454702478e-01 -2.782949649317e-01 5.768198e-01
0.800000 69.150000 4.888290286551e-01 -2.574521384738e-01 5.524812e-01
0.800000 69.175000 4.727381950541e-01 -2.366081910908e-01 5.286443e-01
0.800000 69.200000 4.569358936299e-01 -2.154626206399e-01 5.051876e-01
0.800000 69.225000 4.414944098251e-01 -1.937511835890e-01 4.821378e-01
0.800000 69.250000 4.265729372313e-01 -1.712753020685e-01 4.596735e-01
0.800000 69.275000 4.123882339819e-01 -1.479225389111e-01 4.381154e-01
0.800000 69.300000 3.991814334968e-01 -1.236767454619e-01 4.179016e-01
0.800000 69.325000 3.871842622592e-01 -9.861744488065e-02 3.995461e-01
0.800000 69.350000 3.765878403098e-01 -7.290897006661e-02 3.835807e-01
0.800000 69.375000 3.675168977739e-01 -4.678074991332e-02 3.704823e-01
0.800000 69.400000 3.600116736923e-01 -2.050086142295e-02 3.605949e-01
0.800000 69.425000 3.540190286341e-01 5.654514190620e-03 3.540642e-01
0.800000 69.450000 3.493934672296e-01 3.143280870917e-02 3.508045e-01
0.800000 69.475000 3.459079020062e-01 5.663499820487e-02 3.505136e-01
0.800000 69.500000 3.432731647791e-01 8.114099269981e-02 3.527327e-01
0.800000 69.525000 3.411645481860e-01 1.049281462500e-01 3.569358e-01
0.800000 69.550000 3.392530883197e-01 1.280811416188e-01 3.626258e-01
0.800000 69.575000 3.372389166311e-01 1.507922200777e-01 3.694163e-01
0.800000 69.600000 3.348838370432e-01 1.733515116597e-01 3.770914e-01
0.800000 69.625000 3.320403291869e-01 1.961280168264e-01 3.856384e-01
0.800000 69.650000 3.286744332216e-01 2.195425412521e-01 3.952541e-01
0.800000 69.675000 3.248804155051e-01 2.440345403096e-01 4.063252e-01
0.800000 69.700000 3.208857161802e-01 2.700253449482e-01 4.193821e-01
0.800000 69.725000 3.170453993752e-01 2.978805808811e-01 4.350295e-01
0.800000 69.750000 3.138261170544e-01 3.278747334458e-01 4.538597e-01
0.800000 69.775000 3.117804065975e-01 3.601607375768e-01 4.763641e-01
0.800000 69.800000 3.115129152296e-01 3.947471847823e-01 5.028575e-01
0.800000 69.825000 3.136408264956e-01 4.314852486860e-01 5.334324e-01
0.800000 69.850000 3.187513027456e-01 4.700667630432e-01 5.679482e-01
0.800000 69.875000 3.273591066300e-01 5.100340801977e-01 6.060518e-01
0.800000 69.900000 3.398676870991e-01 5.508014454235e-01 6.472189e-01
0.800000 69.925000 3.565368879312e-01 5.916867059291e-01 6.908051e-01
0.800000 69.950000 3.774600529364e-01 6.319513023604e-01 7.360968e-01
0.800000 69.975000 4.025526750467e-01 6.708457380881e-01 7.823571e-01
0.800000 70.000000 4.315539010538e-01 7.076571570928e-01 8.288651e-01
0.800000 70.025000 4.640412153820e-01 7.417553449978e-01 8.749487e-01
0.800000 70.050000 4.994575588993e-01 7.726334435562e-01 9.200110e-01
0.800000 70.075000 5.371490799856e-01 7.999399581728e-01 9.635523e-01
0.800000 70.100000 5.764107590612e-01 8.234992352860e-01 1.005187e+00
0.800000 70.125000 6.165363867068e-01 8.433184568945e-01 1.044655e+00
0.800000 70.150000 6.568688899773e-01 8.595802797225e-01 1.081829e+00
0.800000 70.175000 6.968468512952e-01 8.726214482353e-01 1.116720e+00
0.800000 70.200000 7.360432802653e-01 8.828989279410e-01 1.149465e+00
0.800000 70.225000 7.741932773975e-01 8.909462241063e-01 1.180322e+00
0.800000 70.250000 8.112081300420e-01 8.973234606211e-01 1.209648e+00
0.800000 70.275000 8.471745301947e-01 9.025653992680e-01 1.237873e+00
0.800000 70.300000 8.823388979062e-01 9.071318127815e-01 1.265468e+00
0.800000 70.325000 9.170781105674e-01 9.113644531303e-01 1.292910e+00
0.800000 70.350000 9.518591485762e-01 9.154542875466e-01 1.320641e+00
0.800000 70.375000 9.871911504967e-01 9.194217587893e-01 1.349030e+00
0.800000 70.400000 1.023574025647e+00 9.231116503914e-01 1.378346e+00
0.800000 70.425000 1.061448031951e+00 9.262028186642e-01 1.408731e+00
0.800000 70.450000 1.101148566095e+00 9.282317240457e-01 1.440188e+00
0.800000 70.475000 1.142869850823e+00 9.286274898864e-01 1.472583e+00
0.800000 70.500000 1.186640303490e+00 9.267552582979e-01 1.505653e+00
0.800000 70.525000 1.232311230044e+00 9.219639939385e-01 1.539028e+00
0.800000 70.550000 1.279559234227e+00 9.136346626940e-01 1.572260e+00
0.800000 70.575000 1.327901497933e+00 9.012248932197e-01 1.604845e+00
0.800000 70.600000 1.376722004947e+00 8.843067795066e-01 1.636265e+00
0.800000 70.625000 1.425305955283e+00 8.625953252665e-01 1.666004e+00
0.800000 70.650000 1.472879125625e+00 8.359660581922e-01 1.693580e+00
0.800000 70.675000 1.518648805481e+00 8.044614291706e-01 1.718561e+00
0.800000 70.700000 1.561843165715e+00 7.682866322738e-01 1.740580e+00
0.800000 70.725000 1.601746441060e+00 7.277963247244e-01 1.759341e+00
0.800000 70.750000 1.637728042238e+00 6.834743095508e-01 1.774624e+00
0.800000 70.775000 1.669264546607e+00 6.359085233688e-01 1.786288e+00
0.800000 70.800000 1.695954333813e+00 5.857636465033e-01 1.794263e+00
0.800000 70.825000 1.717525330060e+00 5.337533626586e-01 1.798551e+00
0.800000 70.850000 1.733836821628e+00 4.806138146726e-01 1.799216e+00
0.800000 70.875000 1.744876550447e+00 4.270792276099e-01 1.796383e+00
0.800000 70.900000 1.750754307540e+00 3.738601036457e-01 1.790227e+00
0.800000 70.925000 1.751693029160e+00 3.216239291895e-01 1.780975e+00
0.800000 70.950000 1.748018043514e+00 2.709780448701e-01 1.768897e+00
0.800000 70.975000 1.740144702190e+00 2.224542511048e-01 1.754306e+00
0.800000 71.000000 1.728564255793e+00 1.764948547308e-01 1.737551e+00
0.800000 71.025000 1.713827584341e+00 1.334401658671e-01 1.719015e+00
0.800000 71.050000 1.696526332862e+00 9.351785720425e-02 1.699102e+00
0.800000 71.075000 1.677271160215e+00 5.683500846874e-02 1.678234e+00
0.800000 71.100000 1.656667173479e+00 2.337397979697e-02 1.656832e+00
0.800000 71.125000 1.635287141040e+00 -7.006597034667e-03 1.635302e+00
0.800000 71.150000 1.613643672400e+00 -3.456451170181e-02 1.614014e+00
0.800000 71.175000 1.592162118768e+00 -5.965950609013e-02 1.593279e+00
0.800000 71.200000 1.571156378534e+00 -8.273138829798e-02 1.573333e+00
0.800000 71.225000 1.550809990791e+00 -1.042712477305e-01 1.554311e+00
0.800000 71.250000 1.531164801571e+00 -1.247871454517e-01 1.536241e+00
0.800000 71.275000 1.512119064979e+00 -1.447664761519e-01 1.519033e+00
0.800000 71.300000 1.493436115401e+00 -1.646378624431e-01 1.502484e+00
0.800000 71.325000 1.474763784446e+00 -1.847358376810e-01 1.486289e+00
0.800000 71.350000 1.455663643852e+00 -2.052716188913e-01 1.470066e+00
0.800000 71.375000 1.435648065937e+00 -2.263129287115e-01 1.453376e+00
0.800000 71.400000 1.414222147996e+00 -2.477751076237e-01 1.435763e+00
0.800000 71.425000 1.390926876949e+00 -2.694247300421e-01 1.416781e+00
0.800000 71.450000 1.365379616886e+00 -2.908957100900e-01 1.396024e+00
0.800000 71.475000 1.337308141417e+00 -3.117165972160e-01 1.373157e+00
0.800000 71.500000 1.306575007286e+00 -3.313465741116e-01 1.347935e+00
0.800000 71.525000 1.273190021555e+00 -3.492167289433e-01 1.320214e+00
0.800000 71.550000 1.237309786697e+00 -3.647726030474e-01 1.289959e+00
0.800000 71.575000 1.199224672956e+00 -3.775138923227e-01 1.257242e+00
0.800000 71.600000 1.159334901554e+00 -3.870275285814e-01 1.222231e+00
0.800000 71.625000 1.118118563189e+00 -3.930111495300e-01 1.185178e+00
0.800000 71.650000 1.076095203213e+00 -3.952850905938e-01 1.146399e+00
0.800000 71.675000 1.033788978595e+00 -3.937923618395e-01 1.106251e+00
0.800000 71.700000 9.916952871212e-01 -3.885874452521e-01 1.065110e+00
0.800000 71.725000 9.502542019924e-01 -3.798159922318e-01 1.023349e+00
0.800000 71.750000 9.098330893374e-01 -3.676884653503e-01 9.813211e-01
0.800000 71.775000 8.707195660388e-01 -3.524513352772e-01 9.393479e-01
0.800000 71.800000 8.331246272369e-01 -3.343595478973e-01 8.977154e-01
0.800000 71.825000 7.971945063728e-01 -3.136536122133e-01 8.566783e-01
0.800000 71.850000 7.630287853882e-01 -2.905438810259e-01 8.164733e-01
0.800000 71.875000 7.307015783210e-01 -2.652035105371e-01 7.773401e-01
0.800000 71.900000 7.002823508431e-01 -2.377703370819e-01 7.395472e-01
0.800000 71.925000 6.718531371249e-01 -2.083566632429e-01 7.034196e-01
0.800000 71.950000 6.455195399981e-01 -1.770648631503e-01 6.693635e-01
0.800000 71.975000 6.214138625568e-01 -1.440059358948e-01 6.378816e-01
0.800000 72.000000 5.996898887098e-01 -1.093177538359e-01 6.095723e-01
0.800000 72.025000 5.805100517486e-01 -7.317981358189e-02 5.851044e-01
0.800000 72.050000 5.640268443263e-01 -3.582178845996e-02 5.651632e-01
0.800000 72.075000 5.503611870974e-01 2.475965468873e-03 5.503668e-01
0.800000 72.100000 5.395809773833e-01 4.139069516368e-02 5.411662e-01
0.800000 72.125000 5.316831214330e-01 8.057386401617e-02 5.377537e-01
0.800000 72.150000 5.265820057754e-01 1.196744663316e-01 5.400098e-01
0.800000 72.175000 5.241066299354e-01 1.583664462532e-01 5.475104e-01
0.800000 72.200000 5.240075961057e-01 1.963769664553e-01 5.595962e-01
0.800000 72.225000 5.259739569405e-01 2.335120055428e-01 5.754793e-01
0.800000 72.250000 5.296587040299e-01 2.696759198595e-01 5.943597e-01
0.800000 72.275000 5.347105805976e-01 3.048821663411e-01 6.155230e-01
0.800000 72.300000 5.408090496084e-01 3.392532827909e-01 6.384099e-01
0.800000 72.325000 5.476987391867e-01 3.730093579390e-01 6.626537e-01
0.800000 72.350000 5.552195770353e-01 4.064454692759e-01 6.880892e-01
0.800000 72.375000 5.633291255826e-01 4.398997863338e-01 7.147388e-01
0.800000 72.400000 5.721143070633e-01 4.737151013840e-01 7.427791e-01
0.800000 72.425000 5.817906914539e-01 5.081973484614e-01 7.724927e-01
0.800000 72.450000 5.926887099313e-01 5.435751250861e-01 8.042101e-01
0.800000 72.475000 6.052274345386e-01 5.799642949930e-01 8.382475e-01
0.800000 72.500000 6.198778081375e-01 6.173414189271e-01 8.748479e-01
0.800000 72.525000 6.371183010238e-01 6.555290649888e-01 9.141324e-01
0.800000 72.550000 6.573868117123e-01 6.941950527673e-01 9.560670e-01
0.800000 72.575000 6.810331431008e-01 7.328664737723e-01 1.000450e+00
0.800000 72.600000 7.082765238481e-01 7.709580079933e-01 1.046915e+00
0.800000 72.625000 7.391723914751e-01 8.078127339653e-01 1.094960e+00
0.800000 72.650000 7.735920221629e-01 8.427524181227e-01 1.143974e+00
0.800000 72.675000 8.112176251133e-01 8.751332711701e-01 1.193286e+00
0.800000 72.700000 8.515542848876e-01 9.044024628984e-01 1.242211e+00
0.800000 72.725000 8.939587231155e-01 9.301503606093e-01 1.290094e+00
0.800000 72.750000 9.376833677005e-01 9.521535436908e-01 1.336356e+00
0.800000 72.775000 9.819327801423e-01 9.704041629965e-01 1.380535e+00
0.800000 72.800000 1.025928220813e+00 9.851221421436e-01 1.422320e+00
0.800000 72.825000 1.068975144923e+00 9.967480090838e-01 1.461579e+00
0.800000 72.850000 1.110527822725e+00 1.005915717654e+00 1.498379e+00
0.800000 72.875000 1.150245147949e+00 1.013406556875e+00 1.532989e+00
0.800000 72.900000 1.188032088438e+00 1.020087011819e+00 1.565886e+00
0.800000 72.925000 1.224062151711e+00 1.026835078366e+00 1.597723e+00
0.800000 72.950000 1.258777647929e+00 1.034460884765e+00 1.629304e+00
0.800000 72.975000 1.292866346018e+00 1.043628384811e+00 1.661524e+00
0.800000 73.000000 1.327215199765e+00 1.054785235655e+00 1.695309e+00
0.800000 73.025000 1.362843993342e+00 1.068107674630e+00 1.731530e+00
0.800000 73.050000 1.400823815913e+00 1.083466236747e+00 1.770934e+00
0.800000 73.075000 1.442187009249e+00 1.100416546058e+00 1.814062e+00
0.800000 73.100000 1.487836439475e+00 1.118217277947e+00 1.861200e+00
0.800000 73.125000 1.538462458688e+00 1.135874898990e+00 1.912349e+00
0.800000 73.150000 1.594475636631e+00 1.152212173768e+00 1.967218e+00
0.800000 73.175000 1.655962225239e+00 1.165954945037e+00 2.025256e+00
0.800000 73.200000 1.722667425027e+00 1.175829614120e+00 2.085703e+00
0.800000 73.225000 1.794008996288e+00 1.180662319880e+00 2.147657e+00
0.800000 73.250000 1.869120824759e+00 1.179470232577e+00 2.210150e+00
0.800000 73.275000 1.946922997202e+00 1.171535760489e+00 2.272225e+00
0.800000 73.300000 2.026212087288e+00 1.156455831092e+00 2.333008e+00
0.800000 73.325000 2.105763015713e+00 1.134160665809e+00 2.391769e+00
0.800000 73.350000 2.184432312571e+00 1.104899423649e+00 2.447968e+00
0.800000 73.375000 2.261252083864e+00 1.069193460593e+00 2.501287e+00
0.800000 73.400000 2.335504575793e+00 1.027761391886e+00 2.551642e+00
0.800000 73.425000 2.406768928322e+00 9.814232814070e-01 2.599178e+00
0.800000 73.450000 2.474934377119e+00 9.309937593615e-01 2.644248e+00
0.800000 73.475000 2.540177548553e+00 8.771753883487e-01 2.687366e+00
0.800000 73.500000 2.602905253270e+00 8.204639550195e-01 2.729153e+00
0.800000 73.525000 2.663667921537e+00 7.610764795553e-01 2.770264e+00
0.800000 73.550000 2.723052128675e+00 6.989106642634e-01 2.811314e+00
0.800000 73.575000 2.781563157637e+00 6.335414367966e-01 2.852800e+00
0.800000 73.600000 2.839509944451e+00 5.642564908334e-01 2.895031e+00
0.800000 73.625000 2.896904873362e+00 4.901286797257e-01 2.938075e+00
0.800000 73.650000 2.953389693744e+00 4.101192098045e-01 2.981729e+00
0.800000 73.675000 3.008196428229e+00 3.232022344405e-01 3.025509e+00
0.800000 73.700000 3.060148774879e+00 2.284990349586e-01 3.068668e+00
0.800000 73.725000 3.107705528650e+00 1.254087569915e-01 3.110235e+00
0.800000 73.750000 3.149043381290e+00 1.372278607414e-02 3.149073e+00
0.800000 73.775000 3.182172547288e+00 -1.062887180295e-01 3.183947e+00
0.800000 73.800000 3.205075419665e+00 -2.338270107589e-01 3.213594e+00
0.800000 73.825000 3.215856219066e+00 -3.675570828274e-01 3.236793e+00
0.800000 73.850000 3.212888583324e+00 -5.056435419976e-01 3.252434e+00
0.800000 73.875000 3.194948334772e+00 -6.458274368910e-01 3.259569e+00
0.800000 73.900000 3.161320195776e+00 -7.855377008191e-01 3.257455e+00
0.800000 73.925000 3.111869802090e+00 -9.220279125669e-01 3.245592e+00
0.800000 73.950000 3.047075683402e+00 -1.052527092330e+00 3.223738e+00
0.800000 73.975000 2.968019567297e+00 -1.174392434696e+00 3.191918e+00
0.800000 74.000000 2.876337019832e+00 -1.285252252158e+00 3.150427e+00
0.800000 74.025000 2.774133690499e+00 -1.383128856258e+00 3.099817e+00
0.800000 74.050000 2.663874974573e+00 -1.466533420701e+00 3.040880e+00
0.800000 74.075000 2.548258533109e+00 -1.534527752614e+00 2.974626e+00
0.800000 74.100000 2.430079727523e+00 -1.586751004821e+00 2.902252e+00
0.800000 74.125000 2.312099658466e+00 -1.623412355931e+00 2.825115e+00
0.800000 74.150000 2.196924281543e+00 -1.645253270338e+00 2.744692e+00
0.800000 74.175000 2.086901221465e+00 -1.653484904935e+00 2.662549e+00
0.800000 74.200000 1.984038687269e+00 -1.649707425391e+00 2.580299e+00
0.800000 74.225000 1.889948581917e+00 -1.635818404904e+00 2.499561e+00
0.800000 74.250000 1.805813754763e+00 -1.613917168811e+00 2.421919e+00
0.800000 74.275000 1.732377567189e+00 -1.586211061052e+00 2.348872e+00
0.800000 74.300000 1.669952660647e+00 -1.554928333161e+00 2.281785e+00
0.800000 74.325000 1.618445083152e+00 -1.522240901255e+00 2.221842e+00
0.800000 74.350000 1.577389720119e+00 -1.490198777123e+00 2.169989e+00
0.800000 74.375000 1.545993202143e+00 -1.460676715336e+00 2.126892e+00
0.800000 74.400000 1.523180999867e+00 -1.435332635220e+00 2.092907e+00
0.800000 74.425000 1.507646123192e+00 -1.415576721216e+00 2.068056e+00
0.800000 74.450000 1.497897586107e+00 -1.402549767946e+00 2.052034e+00
0.800000 74.475000 1.492307474440e+00 -1.397109264056e+00 2.044235e+00
0.800000 74.500000 1.489155996543e+00 -1.399821822016e+00 2.043792e+00
0.800000 74.525000 1.486674283640e+00 -1.410960774029e+00 2.049637e+00
0.800000 74.550000 1.483084952053e+00 -1.430507993238e+00 2.060557e+00
0.800000 74.575000 1.476640583553e+00 -1.458159216186e+00 2.075258e+00
0.800000 74.600000 1.465660372030e+00 -1.493332320254e+00 2.092415e+00
0.800000 74.625000 1.448565266175e+00 -1.535178161517e+00 2.110714e+00
0.800000 74.650000 1.423912029995e+00 -1.582593738248e+00 2.128880e+00
0.800000 74.675000 1.390426738072e+00 -1.634237653960e+00 2.145698e+00
0.800000 74.700000 1.347038283864e+00 -1.688548142842e+00 2.160025e+00
0.800000 74.725000 1.292912449045e+00 -1.743764296663e+00 2.170792e+00
0.800000 74.750000 1.227486894518e+00 -1.797951568160e+00 2.177006e+00
0.800000 74.775000 1.150507034600e+00 -1.849033056373e+00 2.177749e+00
0.800000 74.800000 1.062062119744e+00 -1.894828407199e+00 2.172176e+00
0.800000 74.825000 9.626199991736e-01 -1.933102272607e+00 2.159519e+00
0.800000 74.850000 8.530580359028e-01 -1.961624051848e+00 2.139083e+00
0.800000 74.875000 7.346866278116e-01 -1.978240001472e+00 2.110260e+00
0.800000 74.900000 6.092609171520e-01 -1.980957711432e+00 2.072533e+00
0.800000 74.925000 4.789757351203e-01 -1.968041432955e+00 2.025489e+00
0.800000 74.950000 3.464388097222e-01 -1.938114918283e+00 1.968834e+00
0.800000 74.975000 2.146179077056e-01 -1.890266475509e+00 1.902411e+00
0.800000 75.000000 8.675896072575e-02 -1.824149096114e+00 1.826211e+00
0.800000 75.025000 -3.372567345289e-02 -1.740067054564e+00 1.740394e+00
0.800000 75.050000 -1.433969618373e-01 -1.639039582319e+00 1.645300e+00
0.800000 75.075000 -2.389520257686e-01 -1.522832315185e+00 1.541466e+00
0.800000 75.100000 -3.174019666036e-01 -1.393948355002e+00 1.429628e+00
0.800000 75.125000 -3.762537531522e-01 -1.255573014081e+00 1.310737e+00
0.800000 75.150000 -4.136830623795e-01 -1.111469531914e+00 1.185959e+00
0.800000 75.175000 -4.286838147695e-01 -9.658270418054e-01 1.056689e+00
0.800000 75.200000 -4.211802838342e-01 -8.230664727981e-01 9.245708e-01
0.800000 75.225000 -3.920892255500e-01 -6.876144633054e-01 7.915476e-01
0.800000 75.250000 -3.433224549568e-01 -5.636592578531e-01 6.599864e-01
0.800000 75.275000 -2.777245157623e-01 -4.549054901287e-01 5.329821e-01
0.800000 75.300000 -1.989452101719e-01 -3.643463265954e-01 4.151234e-01
0.800000 75.325000 -1.112523181405e-01 -2.940713800749e-01 3.144122e-01
0.800000 75.350000 -1.929529409543e-02 -2.451269896199e-01 2.458852e-01
0.800000 75.375000 7.216448151697e-02 -2.174419751062e-01 2.291042e-01
0.800000 75.400000 1.585377234842e-01 -2.098270726630e-01 2.629860e-01
0.800000 75.425000 2.356843834828e-01 -2.200503665361e-01 3.224427e-01
0.800000 75.450000 3.001626593476e-01 -2.449847043495e-01 3.874469e-01
0.800000 75.475000 3.494304715339e-01 -2.808169320028e-01 4.482854e-01
0.800000 75.500000 3.819836794857e-01 -3.233034261415e-01 5.004364e-01
0.800000 75.525000 3.974204774644e-01 -3.680523805707e-01 5.416693e-01
0.800000 75.550000 3.964275808931e-01 -4.108110304809e-01 5.708945e-01
0.800000 75.575000 3.806903916714e-01 -4.477357081105e-01 5.877010e-01
0.800000 75.600000 3.527356711901e-01 -4.756243427709e-01 5.921494e-01
0.800000 75.625000 3.157207362237e-01 -4.920945652564e-01 5.846680e-01
0.800000 75.650000 2.731873027326e-01 -4.956955817552e-01 5.659906e-01
0.800000 75.675000 2.288004631551e-01 -4.859479299877e-01 5.371173e-01
0.800000 75.700000 1.860937098470e-01 -4.633115178395e-01 4.992879e-01
0.800000 75.725000 1.482394314303e-01 -4.290883501144e-01 4.539733e-01
0.800000 75.750000 1.178611276406e-01 -3.852714989318e-01 4.028962e-01
0.800000 75.775000 9.689909676644e-02 -3.343557043289e-01 3.481137e-01
0.800000 75.800000 8.653605215093e-02 -2.791271969119e-01 2.922336e-01
0.800000 75.825000 8.718358383645e-02 -2.224507906039e-01 2.389254e-01
0.800000 75.850000 9.852515638723e-02 -1.670710659822e-01 1.939586e-01
0.800000 75.875000 1.196069160782e-01 -1.154417904074e-01 1.662306e-01
0.800000 75.900000 1.489643451561e-01 -6.959397316518e-02 1.644193e-01
0.800000 75.925000 1.847709719315e-01 -3.104859157412e-02 1.873615e-01
0.800000 75.950000 2.249949813796e-01 -7.755365789669e-04 2.249963e-01
0.800000 75.975000 2.675505694902e-01 2.080382415301e-02 2.683582e-01
0.800000 76.000000 3.104330067790e-01 3.377649585291e-02 3.122651e-01
0.800000 76.025000 3.518292843837e-01 3.866858389180e-02 3.539479e-01
0.800000 76.050000 3.901995204332e-01 3.635666847717e-02 3.918896e-01
0.800000 76.075000 4.243276128357e-01 2.796977399520e-02 4.252484e-01
0.800000 76.100000 4.533425883508e-01 1.479105707349e-02 4.535838e-01
0.800000 76.125000 4.767144473369e-01 -1.833261561629e-03 4.767180e-01
0.800000 76.150000 4.942298723906e-01 -2.057228588087e-02 4.946578e-01
0.800000 76.175000 5.059539021996e-01 -4.017299307612e-02 5.075463e-01
0.800000 76.200000 5.121836197058e-01 -5.950595432280e-02 5.156288e-01
0.800000 76.225000 5.133992033073e-01 -7.759507810703e-02 5.192299e-01
0.800000 76.250000 5.102165376083e-01 -9.363356882611e-02 5.187371e-01
0.800000 76.275000 5.033441994455e-01 -1.069890658162e-01 5.145892e-01
0.800000 76.300000 4.935462437711e-01 -1.172011397309e-01 5.072711e-01
0.800000 76.325000 4.816109979540e-01 -1.239740550015e-01 4.973115e-01
0.800000 76.350000 4.683251648766e-01 -1.271670907719e-01 4.852833e-01
0.800000 76.375000 4.544520043116e-01 -1.267839064389e-01 4.718059e-01
0.800000 76.400000 4.407122139880e-01 -1.229616011058e-01 4.575443e-01
0.800000 76.425000 4.277663164011e-01 -1.159593871972e-01 4.432049e-01
0.800000 76.450000 4.161977839820e-01 -1.061462780648e-01 4.295202e-01
0.800000 76.475000 4.064966909062e-01 -9.398693207496e-02 4.172207e-01
0.800000 76.500000 3.990442491577e-01 -8.002480828742e-02 4.069893e-01
0.800000 76.525000 3.940990684541e-01 -6.486203658657e-02 3.994010e-01
0.800000 76.550000 3.917863003196e-01 -4.913582258792e-02 3.948555e-01
0.800000 76.575000 3.920909458380e-01 -3.349171287309e-02 3.935187e-01
0.800000 76.600000 3.948565189197e-01 -1.855455504177e-02 3.952922e-01
0.800000 76.625000 3.997899868161e-01 -4.898426074870e-03 3.998200e-01
0.800000 76.650000 4.064735033098e-01 6.982882660053e-03 4.065335e-01
0.800000 76.675000 4.143829649825e-01 1.670307518457e-02 4.147195e-01
0.800000 76.700000 4.229129157226e-01 2.400650790451e-02 4.235937e-01
0.800000 76.725000 4.314068502399e-01 2.878569538781e-02 4.323661e-01
0.800000 76.750000 4.391915619124e-01 3.109183714202e-02 4.402907e-01
0.800000 76.775000 4.456138670082e-01 3.113739711167e-02 4.467004e-01
0.800000 76.800000 4.500778258161e-01 2.929018379058e-02 4.510299e-01
0.800000 76.825000 4.520804712648e-01 2.605882475973e-02 4.528309e-01
0.800000 76.850000 4.512440421409e-01 2.206998541321e-02 4.517834e-01
0.800000 76.875000 4.473427959233e-01 1.803813446017e-02 4.477063e-01
0.800000 76.900000 4.403226437162e-01 1.472909886177e-02 4.405689e-01
0.800000 76.925000 4.303121094202e-01 1.291906788532e-02 4.305060e-01
0.800000 76.950000 4.176234726562e-01 1.335108476957e-02 4.178368e-01
0.800000 76.975000 4.027434147583e-01 1.669138220128e-02 4.030891e-01
0.800000 77.000000 3.863130480273e-01 2.348814313525e-02 3.870264e-01
0.800000 77.025000 3.690978575626e-01 3.413536412199e-02 3.706730e-01
0.800000 77.050000 3.519487938734e-01 4.884442580831e-02 3.553220e-01
0.800000 77.075000 3.357564770704e-01 6.762570227260e-02 3.424991e-01
0.800000 77.100000 3.214011476871e-01 9.028204902498e-02 3.338406e-01
0.800000 77.125000 3.097015520312e-01 1.164153020061e-01 3.308588e-01
0.800000 77.150000 3.013663056991e-01 1.454460266825e-01 3.346284e-01
0.800000 77.175000 2.969513696274e-01 1.766457358417e-01 3.455197e-01
0.800000 77.200000 2.968270500628e-01 2.091797314602e-01 3.631287e-01
0.800000 77.225000 3.011573776003e-01 2.421577235873e-01 3.864403e-01
0.800000 77.250000 3.098938480677e-01 2.746885491412e-01 4.141111e-01
0.800000 77.275000 3.227843760906e-01 3.059347618314e-01 4.447312e-01
0.800000 77.300000 3.393970143802e-01 3.351626769472e-01 4.769951e-01
0.800000 77.325000 3.591566511904e-01 3.617836838325e-01 5.097852e-01
0.800000 77.350000 3.813916547284e-01 3.853832932837e-01 5.421991e-01
0.800000 77.375000 4.053864269237e-01 4.057354269453e-01 5.735498e-01
0.800000 77.400000 4.304351834355e-01 4.228007933615e-01 6.033531e-01
0.800000 77.425000 4.558920822876e-01 4.367097025871e-01 6.313105e-01
0.800000 77.450000 4.812131236219e-01 4.477311926621e-01 6.572894e-01
0.800000 77.475000 5.059860265731e-01 4.562317113243e-01 6.812997e-01
0.800000 77.500000 5.299454887446e-01 4.626276590939e-01 7.034675e-01
0.800000 77.525000 5.529727310538e-01 4.673367281987e-01 7.240045e-01
0.800000 77.550000 5.750798690242e-01 4.707330838653e-01 7.431733e-01
0.800000 77.575000 5.963812529358e-01 4.731110051511e-01 7.612520e-01
0.800000 77.600000 6.170553049267e-01 4.746606680593e-01 7.784986e-01
0.800000 77.625000 6.373013929834e-01 4.754584092439e-01 7.951187e-01
0.800000 77.650000 6.572968012527e-01 4.754721981297e-01 8.112416e-01
0.800000 77.675000 6.771588190421e-01 4.745813454496e-01 8.269048e-01
0.800000 77.700000 6.969163757106e-01 4.726078763744e-01 8.420514e-01
0.800000 77.725000 7.164945573255e-01 4.693556764950e-01 8.565391e-01
0.800000 77.750000 7.357138723020e-01 4.646526285133e-01 8.701592e-01
0.800000 77.775000 7.543044494197e-01 4.583905984337e-01 8.826648e-01
0.800000 77.800000 7.719336396273e-01 4.505583445433e-01 8.938033e-01
0.800000 77.825000 7.882439433527e-01 4.412631884048e-01 9.033503e-01
0.800000 77.850000 8.028969698075e-01 4.307385206739e-01 9.111417e-01
0.800000 77.875000 8.156183886249e-01 4.193357801857e-01 9.171019e-01
0.800000 77.900000 8.262386393166e-01 4.075012706228e-01 9.212641e-01
0.800000 77.925000 8.347245416389e-01 3.957398766841e-01 9.237830e-01
0.800000 77.950000 8.411978586135e-01 3.845692268975e-01 9.249364e-01
0.800000 77.975000 8.459382049896e-01 3.744689634186e-01 9.251154e-01
0.800000 78.000000 8.493693232045e-01 3.658304022026e-01 9.248028e-01
0.800000 78.025000 8.520294929872e-01 3.589119351266e-01 9.245388e-01
0.800000 78.050000 8.545285161482e-01 3.538050336885e-01 9.248767e-01
0.800000 78.075000 8.574951507434e-01 3.504147151801e-01 9.263306e-01
0.800000 78.100000 8.615199121296e-01 3.484569319601e-01 9.293217e-01
0.800000 78.125000 8.670987078932e-01 3.474736876115e-01 9.341296e-01
0.800000 78.150000 8.745827764004e-01 3.468649393194e-01 9.408562e-01
0.800000 78.175000 8.841398577769e-01 3.459346890128e-01 9.494072e-01
0.800000 78.200000 8.957304986211e-01 3.439472605622e-01 9.594961e-01
0.800000 78.225000 9.091019819632e-01 3.401887431689e-01 9.706672e-01
0.800000 78.250000 9.238007220181e-01 3.340280486359e-01 9.823352e-01
0.800000 78.275000 9.392022306817e-01 3.249720306616e-01 9.938348e-01
0.800000 78.300000 9.545561165060e-01 3.127096440284e-01 1.004472e+00
0.800000 78.325000 9.690421736885e-01 2.971411264804e-01 1.013576e+00
0.800000 78.350000 9.818325901451e-01 2.783895678177e-01 1.020537e+00
0.800000 78.375000 9.921547450676e-01 2.567938564407e-01 1.024848e+00
0.800000 78.400000 9.993490276600e-01 2.328837088004e-01 1.026125e+00
0.800000 78.425000 1.002916591260e+00 2.073391302784e-01 1.024125e+00
0.800000 78.450000 1.002552913458e+00 1.809380728872e-01 1.018750e+00
0.800000 78.475000 9.981643718770e-01 1.544971134318e-01 1.010050e+00
0.800000 78.500000 9.898666401278e-01 1.288105766037e-01 9.982125e-01
0.800000 78.525000 9.779654084763e-01 1.045936147688e-01 9.835427e-01
0.800000 78.550000 9.629215777955e-01 8.243432183450e-02 9.664437e-01
0.800000 78.575000 9.453045071014e-01 6.275904350560e-02 9.473855e-01
0.800000 78.600000 9.257379768863e-01 4.581373732252e-02 9.268709e-01
0.800000 78.625000 9.048441574678e-01 3.166265828939e-02 9.053980e-01
0.800000 78.650000 8.831909812360e-01 2.020395201078e-02 8.834220e-01
0.800000 78.675000 8.612478971387e-01 1.120009252919e-02 8.613207e-01
0.800000 78.700000 8.393540739979e-01 4.319669309650e-03 8.393652e-01
0.800000 78.725000 8.177018045797e-01 -8.140487757098e-04 8.177022e-01
0.800000 78.750000 7.963362747591e-01 -4.572954367008e-03 7.963494e-01
0.800000 78.775000 7.751711614164e-01 -7.277607023265e-03 7.752053e-01
0.800000 78.800000 7.540178829458e-01 -9.159196446561e-03 7.540735e-01
0.800000 78.825000 7.326249182764e-01 -1.033379086438e-02 7.326978e-01
0.800000 78.850000 7.107225837457e-01 -1.079132939407e-02 7.108045e-01
0.800000 78.875000 6.880681241045e-01 -1.040018765865e-02 6.881467e-01
0.800000 78.900000 6.644859959140e-01 -8.926427177685e-03 6.645460e-01
0.800000 78.925000 6.398988015380e-01 -6.065215706972e-03 6.399275e-01
0.800000 78.950000 6.143454123377e-01 -1.480555288201e-03 6.143472e-01
0.800000 78.975000 5.879842872582e-01 5.151471854357e-03 5.880069e-01
0.800000 79.000000 5.610816899000e-01 1.410112545337e-02 5.612589e-01
0.800000 79.025000 5.339862474190e-01 2.555009888586e-02 5.345972e-01
0.800000 79.050000 5.070928843618e-01 3.956753126161e-02 5.086342e-01
0.800000 79.075000 4.808004237771e-01 5.609995162237e-02 4.840622e-01
0.800000 79.100000 4.554679311680e-01 7.497657329379e-02 4.615978e-01
0.800000 79.125000 4.313750902890e-01 9.592958415038e-02 4.419128e-01
0.800000 79.150000 4.086915130585e-01 1.186273260970e-01 4.255599e-01
0.800000 79.175000 3.874589363802e-01 1.427167229906e-01 4.129074e-01
0.800000 79.200000 3.675888483019e-01 1.678701763189e-01 4.041064e-01
0.800000 79.225000 3.488763699722e-01 1.938315347081e-01 3.991057e-01
0.800000 79.250000 3.310293895610e-01 2.204557302190e-01 3.977200e-01
0.800000 79.275000 3.137102050443e-01 2.477372669141e-01 3.997347e-01
0.800000 79.300000 2.965854802866e-01 2.758238818880e-01 4.050207e-01
0.800000 79.325000 2.793793165745e-01 3.050132506806e-01 4.136253e-01
0.800000 79.350000 2.619238017983e-01 3.357324052913e-01 4.258172e-01
0.800000 79.375000 2.442015698181e-01 3.685013743880e-01 4.420720e-01
0.800000 79.400000 2.263756618388e-01 4.038842384144e-01 4.629994e-01
0.800000 79.425000 2.088032422481e-01 4.424321336169e-01 4.892290e-01
0.800000 79.450000 1.920313404646e-01 4.846235958122e-01 5.212831e-01
0.800000 79.475000 1.767745870826e-01 5.308079209766e-01 5.594697e-01
0.800000 79.500000 1.638766899390e-01 5.811569150111e-01 6.038203e-01
0.800000 79.525000 1.542589635019e-01 6.356295553464e-01 6.540801e-01
0.800000 79.550000 1.488604216740e-01 6.939527977475e-01 7.097393e-01
0.800000 79.575000 1.485746547349e-01 7.556201835299e-01 7.700885e-01
0.800000 79.600000 1.541888787508e-01 8.199082125061e-01 8.342803e-01
0.800000 79.625000 1.663301758726e-01 8.859088273593e-01 9.013879e-01
0.800000 79.650000 1.854231010123e-01 9.525749714232e-01 9.704539e-01
0.800000 79.675000 2.116616275676e-01 1.018775164980e+00 1.040530e+00
0.800000 79.700000 2.449969882727e-01 1.083352478156e+00 1.110710e+00
0.800000 79.725000 2.851414970101e-01 1.145183189554e+00 1.180148e+00
0.800000 79.750000 3.315870682209e-01 1.203230782711e+00 1.248084e+00
0.800000 79.775000 3.836360140289e-01 1.256591673731e+00 1.313849e+00
0.800000 79.800000 4.404408903369e-01 1.304530074002e+00 1.376876e+00
0.800000 79.825000 5.010497323120e-01 1.346500543555e+00 1.436703e+00
0.800000 79.850000 5.644529706891e-01 1.382157952328e+00 1.492973e+00
0.800000 79.875000 6.296286147489e-01 1.411355620681e+00 1.545431e+00
0.800000 79.900000 6.955828540869e-01 1.434133264990e+00 1.593918e+00
0.800000 79.925000 7.613839771940e-01 1.450696971039e+00 1.638361e+00
0.800000 79.950000 8.261883314982e-01 1.461393735527e+00 1.678767e+00
0.800000 79.975000 8.892578643621e-01 1.466683167132e+00 1.715208e+00
0.800000 80.000000 9.499695121776e-01 1.467108762909e+00 1.747813e+00
0.800000 80.025000 1.007817293630e+00 1.463270830990e+00 1.776755e+00
0.800000 80.050000 1.062408388219e+00 1.455802680604e+00 1.802241e+00
0.800000 80.075000 1.113454741405e+00 1.445351206020e+00 1.824506e+00
0.800000 80.100000 1.160761851264e+00 1.432562500975e+00 1.843801e+00
0.800000 80.125000 1.204216387431e+00 1.418072687110e+00 1.860394e+00
0.800000 80.150000 1.243774202959e+00 1.402503739091e+00 1.874564e+00
0.800000 80.175000 1.279450150319e+00 1.386463741237e+00 1.886604e+00
0.800000 80.200000 1.311310920531e+00 1.370550706890e+00 1.896825e+00
0.800000 80.225000 1.339471893527e+00 1.355358822035e+00 1.905566e+00
0.800000 80.250000 1.364098711487e+00 1.341485732691e+00 1.913204e+00
0.800000 80.275000 1.385413951788e+00 1.329539286126e+00 1.920168e+00
0.800000 80.300000 1.403708869267e+00 1.320141976496e+00 1.926960e+00
0.800000 80.325000 1.419359693307e+00 1.313931266554e+00 1.934166e+00
0.800000 80.350000 1.432847412963e+00 1.311553997519e+00 1.942479e+00
0.800000 80.375000 1.444779391059e+00 1.313653299461e+00 1.952709e+00
0.800000 80.400000 1.455910564707e+00 1.320846807661e+00 1.965785e+00
0.800000 80.425000 1.467161481211e+00 1.333695592709e+00 1.982752e+00
0.800000 80.450000 1.479630062552e+00 1.352664014984e+00 2.004746e+00
0.800000 80.475000 1.494593867257e+00 1.378071679266e+00 2.032952e+00
0.800000 80.500000 1.513499793706e+00 1.410039722959e+00 2.068549e+00
0.800000 80.525000 1.537938689123e+00 1.448434724757e+00 2.112633e+00
0.800000 80.550000 1.569603205610e+00 1.492814453404e+00 2.166137e+00
0.800000 80.575000 1.610228449576e+00 1.542380365600e+00 2.229747e+00
0.800000 80.600000 1.661516431641e+00 1.595942092907e+00 2.303838e+00
0.800000 80.625000 1.725046927450e+00 1.651899038694e+00 2.388422e+00
0.800000 80.650000 1.802178961284e+00 1.708243583987e+00 2.483132e+00
0.800000 80.675000 1.893948560408e+00 1.762589271205e+00 2.587231e+00
0.800000 80.700000 2.000969534331e+00 1.812225747105e+00 2.699637e+00
0.800000 80.725000 2.123344662353e+00 1.854200305320e+00 2.818981e+00
0.800000 80.750000 2.260594713379e+00 1.885423726800e+00 2.943656e+00
0.800000 80.775000 2.411612113482e+00 1.902795960020e+00 3.071890e+00
0.800000 80.800000 2.574644820033e+00 1.903345215750e+00 3.201799e+00
0.800000 80.825000 2.747314122836e+00 1.884372473637e+00 3.331455e+00
0.800000 80.850000 2.926667802133e+00 1.843592384397e+00 3.458933e+00
0.800000 80.875000 3.109267512479e+00 1.779261231929e+00 3.582362e+00
0.800000 80.900000 3.291306649092e+00 1.690283062952e+00 3.699967e+00
0.800000 80.925000 3.468752523904e+00 1.576286296080e+00 3.810108e+00
0.800000 80.950000 3.637504659345e+00 1.437665012273e+00 3.911307e+00
0.800000 80.975000 3.793559595663e+00 1.275581560606e+00 4.002275e+00
0.800000 81.000000 3.933171947923e+00 1.091929886825e+00 4.081930e+00
0.800000 81.025000 4.053001620361e+00 8.892618689091e-01 4.149411e+00
0.800000 81.050000 4.150238090548e+00 6.706816693887e-01 4.204080e+00
0.800000 81.075000 4.222694437737e+00 4.397154433607e-01 4.245527e+00
0.800000 81.100000 4.268866160013e+00 2.001654614488e-01 4.273556e+00
0.800000 81.125000 4.287952595781e+00 -4.404133984962e-02 4.288179e+00
0.800000 81.150000 4.279841688774e+00 -2.890002700155e-01 4.289588e+00
0.800000 81.175000 4.245061647982e+00 -5.309619139644e-01 4.278138e+00
0.800000 81.200000 4.184705499082e+00 -7.664434914213e-01 4.254315e+00
0.800000 81.225000 4.100336380045e+00 -9.923129588138e-01 4.218702e+00
0.800000 81.250000 3.993882533572e+00 -1.205842900782e+00 4.171949e+00
0.800000 81.275000 3.867531197533e+00 -1.404734076121e+00 4.114739e+00
0.800000 81.300000 3.723629977594e+00 -1.587111214992e+00 4.047758e+00
0.800000 81.325000 3.564602873166e+00 -1.751496049579e+00 3.971666e+00
0.800000 81.350000 3.392886065296e+00 -1.896764371281e+00 3.887080e+00
0.800000 81.375000 3.210886073610e+00 -2.022094972030e+00 3.794556e+00
0.800000 81.400000 3.020960203000e+00 -2.126918546516e+00 3.694588e+00
0.800000 81.425000 2.825416602942e+00 -2.210873990396e+00 3.587610e+00
0.800000 81.450000 2.626529018959e+00 -2.273778097789e+00 3.474007e+00
0.800000 81.475000 2.426559658962e+00 -2.315612589787e+00 3.354140e+00
0.800000 81.500000 2.227782701314e+00 -2.336529911674e+00 3.228372e+00
0.800000 81.525000 2.032500935105e+00 -2.336876581929e+00 3.097104e+00
0.800000 81.550000 1.843048857501e+00 -2.317230343427e+00 2.960808e+00
0.800000 81.575000 1.661777179558e+00 -2.278445230017e+00 2.820074e+00
0.800000 81.600000 1.491015948305e+00 -2.221697157006e+00 2.675643e+00
0.800000 81.625000 1.333016147921e+00 -2.148521947606e+00 2.528454e+00
0.800000 81.650000 1.189872419013e+00 -2.060837913278e+00 2.379674e+00
0.800000 81.675000 1.063432135722e+00 -1.960946215770e+00 2.230739e+00
0.800000 81.700000 9.551982209743e-01 -1.851504158928e+00 2.083380e+00
0.800000 81.725000 8.662345175313e-01 -1.735469107547e+00 1.939643e+00
0.800000 81.750000 7.970830916946e-01 -1.616013656632e+00 1.801899e+00
0.800000 81.775000 7.477024412907e-01 -1.496415679188e+00 1.672818e+00
0.800000 81.800000 7.174342231766e-01 -1.379929650299e+00 1.555287e+00
0.800000 81.825000 7.050039220600e-01 -1.269647883462e+00 1.452252e+00
0.800000 81.850000 7.085580569463e-01 -1.168361774898e+00 1.366427e+00
0.800000 81.875000 7.257373400743e-01 -1.078433662725e+00 1.299890e+00
0.800000 81.900000 7.537819848036e-01 -1.001689397135e+00 1.253622e+00
0.800000 81.925000 7.896624320983e-01 -9.393402182715e-01 1.227162e+00
0.800000 81.950000 8.302264326837e-01 -8.919401884936e-01 1.218537e+00
0.800000 81.975000 8.723519272884e-01 -8.593824549108e-01 1.224555e+00
0.800000 82.000000 9.130946678989e-01 -8.409343242964e-01 1.241335e+00
0.800000 82.025000 9.498200713316e-01 -8.353078496932e-01 1.264870e+00
0.800000 82.050000 9.803103339665e-01 -8.407596903415e-01 1.291466e+00
0.800000 82.075000 1.002840198677e+00 -8.552117112111e-01 1.317982e+00
0.800000 82.100000 1.016217699307e+00 -8.763823627693e-01 1.341918e+00
0.800000 82.125000 1.019789401668e+00 -9.019184576513e-01 1.361406e+00
0.800000 82.150000 1.013412775015e+00 -9.295175603371e-01 1.375139e+00
0.800000 82.175000 9.974010392556e-01 -9.570327381295e-01 1.382288e+00
0.800000 82.200000 9.724478656181e-01 -9.825536942966e-01 1.382413e+00
0.800000 82.225000 9.395404677628e-01 -1.004461045855e+00 1.375383e+00
0.800000 82.250000 8.998698148892e-01 -1.021453400696e+00 1.361298e+00
0.800000 82.275000 8.547459488008e-01 -1.032549603622e+00 1.340429e+00
0.800000 82.300000 8.055248223135e-01 -1.037070759336e+00 1.313159e+00
0.800000 82.325000 7.535509177128e-01 -1.034608167434e+00 1.279943e+00
0.800000 82.350000 7.001174362110e-01 -1.024983976062e+00 1.241272e+00
0.800000 82.375000 6.464433863494e-01 -1.008211140058e+00 1.197656e+00
0.800000 82.400000 5.936647451404e-01 -9.844582290737e-01 1.149607e+00
0.800000 82.425000 5.428352776553e-01 -9.540229434587e-01 1.097647e+00
0.800000 82.450000 4.949317580467e-01 -9.173161089072e-01 1.042318e+00
0.800000 82.475000 4.508583178423e-01 -8.748557278805e-01 9.841980e-01
0.800000 82.500000 4.114454282287e-01 -8.272686660970e-01 9.239377e-01
0.800000 82.525000 3.774404716140e-01 -7.752960145143e-01 8.622907e-01
0.800000 82.550000 3.494887585975e-01 -7.197972949656e-01 8.001566e-01
0.800000 82.575000 3.281059275670e-01 -6.617485845841e-01 7.386235e-01
0.800000 82.600000 3.136446321083e-01 -6.022303301863e-01 6.790098e-01
0.800000 82.625000 3.062599993783e-01 -5.424020143654e-01 6.228926e-01
0.800000 82.650000 3.058793055955e-01 -4.834627340985e-01 5.721000e-01
0.800000 82.675000 3.121815184169e-01 -4.265989068401e-01 5.286246e-01
0.800000 82.700000 3.245917545573e-01 -3.729224403812e-01 4.943996e-01
0.800000 82.725000 3.422943532924e-01 -3.234045054468e-01 4.709096e-01
0.800000 82.750000 3.642663279230e-01 -2.788112868917e-01 4.587218e-01
0.800000 82.775000 3.893306603234e-01 -2.396485830027e-01 4.571759e-01
0.800000 82.800000 4.162265283980e-01 -2.061217873840e-01 4.644682e-01
0.800000 82.825000 4.436913953297e-01 -1.781166413079e-01 4.781083e-01
0.800000 82.850000 4.705482118738e-01 -1.552043035130e-01 4.954836e-01
0.800000 82.875000 4.957900008714e-01 -1.366719519346e-01 5.142829e-01
0.800000 82.900000 5.186539364971e-01 -1.215775707472e-01 5.327129e-01
0.800000 82.925000 5.386777318462e-01 -1.088250774184e-01 5.495604e-01
0.800000 82.950000 5.557326390228e-01 -9.725379212999e-02 5.641782e-01
0.800000 82.975000 5.700294862911e-01 -8.573468897600e-02 5.764408e-01
0.800000 83.000000 5.820966961821e-01 -7.326506884996e-02 5.866893e-01
0.800000 83.025000 5.927318727761e-01 -5.905334366251e-02 5.956663e-01
0.800000 83.050000 6.029310314293e-01 -4.258650977666e-02 6.044332e-01
0.800000 83.075000 6.138016084005e-01 -2.367451151383e-02 6.142580e-01
0.800000 83.100000 6.264668216664e-01 -2.467870778057e-03 6.264717e-01
0.800000 83.125000 6.419696225441e-01 2.055255182191e-02 6.422985e-01
0.800000 83.150000 6.611843325567e-01 4.461226038920e-02 6.626877e-01
0.800000 83.175000 6.847431424935e-01 6.870256079694e-02 6.881811e-01
0.800000 83.200000 7.129830830038e-01 9.165711316486e-02 7.188504e-01
0.800000 83.225000 7.459170441299e-01 1.122387050067e-01 7.543141e-01
0.800000 83.250000 7.832301507261e-01 1.292287828861e-01 7.938196e-01
0.800000 83.275000 8.243005305217e-01 1.415124407246e-01 8.363595e-01
0.800000 83.300000 8.682414665442e-01 1.481523923447e-01 8.807908e-01
0.800000 83.325000 9.139602931191e-01 1.484468299199e-01 9.259373e-01
0.800000 83.350000 9.602283067399e-01 1.419678161439e-01 9.706664e-01
0.800000 83.375000 1.005755486126e+00 1.285787775411e-01 1.013941e+00
0.800000 83.400000 1.049263948239e+00 1.084315580728e-01 1.054852e+00
0.800000 83.425000 1.089554745086e+00 8.194517378067e-02 1.092632e+00
0.800000 83.450000 1.125563715516e+00 4.976973520999e-02 1.126664e+00
0.800000 83.475000 1.156403498997e+00 1.273987845556e-02 1.156474e+00
0.800000 83.500000 1.181390331198e+00 -2.817757371592e-02 1.181726e+00
0.800000 83.525000 1.200055714411e+00 -7.193709971563e-02 1.202210e+00
0.800000 83.550000 1.212144349336e+00 -1.174650169063e-01 1.217823e+00
0.800000 83.575000 1.217600720681e+00 -1.637038174708e-01 1.228556e+00
0.800000 83.600000 1.216547379384e+00 -2.096481042662e-01 1.234480e+00
0.800000 83.625000 1.209258233841e+00 -2.543710617272e-01 1.235723e+00
0.800000 83.650000 1.196130066206e+00 -2.970414878578e-01 1.232461e+00
0.800000 83.675000 1.177655077448e+00 -3.369323573236e-01 1.224906e+00
0.800000 83.700000 1.154396611890e+00 -3.734226030131e-01 1.213291e+00
0.800000 83.725000 1.126969409862e+00 -4.059942446092e-01 1.197870e+00
0.800000 83.750000 1.096024882870e+00 -4.342271395554e-01 1.178908e+00
0.800000 83.775000 1.062241092581e+00 -4.577934959807e-01 1.156690e+00
0.800000 83.800000 1.026316424387e+00 -4.764539061200e-01 1.131518e+00
0.800000 83.825000 9.889654421089e-01 -4.900560901397e-01 1.103724e+00
0.800000 83.850000 9.509151350402e-01 -4.985368553122e-01 1.073675e+00
0.800000 83.875000 9.128997407249e-01 -5.019270522684e-01 1.041785e+00
0.800000 83.900000 8.756525423814e-01 -5.003586269354e-01 1.008527e+00
0.800000 83.925000 8.398934719812e-01 -4.940722962044e-01 9.744375e-01
0.800000 83.950000 8.063119528911e-01 -4.834239785717e-01 9.401264e-01
0.800000 83.975000 7.755451280827e-01 -4.688879332694e-01 9.062705e-01
0.800000 84.000000 7.481523687597e-01 -4.510546285596e-01 8.736030e-01
0.800000 84.025000 7.245876659314e-01 -4.306216756407e-01 8.428893e-01
0.800000 84.050000 7.051720968346e-01 -4.083767095105e-01 8.148860e-01
0.800000 84.075000 6.900689593799e-01 -3.851718297718e-01 7.902863e-01
0.800000 84.100000 6.792643252083e-01 -3.618900697653e-01 7.696522e-01
0.800000 84.125000 6.725556398597e-01 -3.394052621593e-01 7.533439e-01
0.800000 84.150000 6.695505865564e-01 -3.185375235678e-01 7.414608e-01
0.800000 84.175000 6.696777461330e-01 -3.000072978586e-01 7.338070e-01
0.800000 84.200000 6.722096767692e-01 -2.843913921143e-01 7.298934e-01
0.800000 84.225000 6.762979773595e-01 -2.720846412569e-01 7.289781e-01
0.800000 84.250000 6.810187831737e-01 -2.632707022818e-01 7.301356e-01
0.800000 84.275000 6.854260808300e-01 -2.579049935936e-01 7.323414e-01
0.800000 84.300000 6.886093332634e-01 -2.557119814714e-01 7.345553e-01
0.800000 84.325000 6.897512769285e-01 -2.561979327478e-01 7.357949e-01
0.800000 84.350000 6.881814745202e-01 -2.586789914858e-01 7.351929e-01
0.800000 84.375000 6.834213269813e-01 -2.623231138103e-01 7.320370e-01
0.800000 84.400000 6.752167791630e-01 -2.662031389220e-01 7.257974e-01
0.800000 84.425000 6.635558618242e-01 -2.693572157099e-01 7.161422e-01
0.800000 84.450000 6.486694243333e-01 -2.708520589878e-01 7.029458e-01
0.800000 84.475000 6.310148172433e-01 -2.698441648068e-01 6.862912e-01
0.800000 84.500000 6.112437463221e-01 -2.656342188090e-01 6.664686e-01
0.800000 84.525000 5.901568930857e-01 -2.577104869486e-01 6.439719e-01
0.800000 84.550000 5.686490399350e-01 -2.457779373112e-01 6.194905e-01
0.800000 84.575000 5.476492305065e-01 -2.297711135942e-01 5.938977e-01
0.800000 84.600000 5.280608533452e-01 -2.098502376655e-01 5.682300e-01
0.800000 84.625000 5.107064211286e-01 -1.863815110841e-01 5.436535e-01
0.800000 84.650000 4.962812415651e-01 -1.599039587522e-01 5.214061e-01
0.800000 84.675000 4.853192035503e-01 -1.310862695667e-01 5.027110e-01
0.800000 84.700000 4.781726409375e-01 -1.006778255623e-01 4.886564e-01
0.800000 84.725000 4.750068257489e-01 -6.945840142311e-02 4.800583e-01
0.800000 84.750000 4.758082377681e-01 -3.819083986572e-02 4.773385e-01
0.800000 84.775000 4.804045105415e-01 -7.580397813456e-03 4.804643e-01
0.800000 84.800000 4.884929966831e-01 2.175650502200e-02 4.889773e-01
0.800000 84.825000 4.996743239059e-01 4.931259911969e-02 5.021017e-01
0.800000 84.850000 5.134871763140e-01 7.469888685968e-02 5.188921e-01
0.800000 84.875000 5.294408299354e-01 9.764353970418e-02 5.383696e-01
0.800000 84.900000 5.470426430349e-01 1.179825539482e-01 5.596209e-01
0.800000 84.925000 5.658186526660e-01 1.356448500606e-01 5.818507e-01
0.800000 84.950000 5.853265306497e-01 1.506348182251e-01 6.043989e-01
0.800000 84.975000 6.051612616509e-01 1.630152250662e-01 6.267329e-01
0.800000 85.000000 6.249548836014e-01 1.728929333547e-01 6.484293e-01
0.800000 85.025000 6.443723572382e-01 1.804091231944e-01 6.691511e-01
0.800000 85.050000 6.631060226243e-01 1.857347506465e-01 6.886269e-01
0.800000 85.075000 6.808711163170e-01 1.890709697754e-01 7.066352e-01
0.800000 85.100000 6.974044719176e-01 1.906533125906e-01 7.229949e-01
0.800000 85.125000 7.124678640132e-01 1.907576913751e-01 7.375628e-01
0.800000 85.150000 7.258565745537e-01 1.897058546464e-01 7.502373e-01
0.800000 85.175000 7.374127812827e-01 1.878678476271e-01 7.609678e-01
0.800000 85.200000 7.470424207853e-01 1.856593115254e-01 7.697673e-01
0.800000 85.225000 7.547333896115e-01 1.835320682656e-01 7.767281e-01
0.800000 85.250000 7.605724209726e-01 1.819573030088e-01 7.820351e-01
0.800000 85.275000 7.647577841343e-01 1.814016693465e-01 7.859778e-01
0.800000 85.300000 7.676051304020e-01 1.822976772420e-01 7.889551e-01
0.800000 85.325000 7.695443411679e-01 1.850106546793e-01 7.914717e-01
0.800000 85.350000 7.711060656917e-01 1.898052856530e-01 7.941225e-01
0.800000 85.375000 7.728976800657e-01 1.968151298204e-01 7.975632e-01
0.800000 85.400000 7.755695408565e-01 2.060185678261e-01 8.024661e-01
0.800000 85.425000 7.797735226812e-01 2.172242764110e-01 8.094647e-01
0.800000 85.450000 7.861167965126e-01 2.300686455086e-01 8.190917e-01
0.800000 85.475000 7.951145185009e-01 2.440265698685e-01 8.317187e-01
0.800000 85.500000 8.071454777914e-01 2.584358746283e-01 8.475098e-01
0.800000 85.525000 8.224147506508e-01 2.725343818016e-01 8.663954e-01
0.800000 85.550000 8.409270197983e-01 2.855074146481e-01 8.880725e-01
0.800000 85.575000 8.624734727437e-01 2.965424867237e-01 9.120296e-01
0.800000 85.600000 8.866341558990e-01 3.048871335499e-01 9.375907e-01
0.800000 85.625000 9.127964241680e-01 3.099053937180e-01 9.639703e-01
0.800000 85.650000 9.401887984770e-01 3.111283775800e-01 9.903312e-01
0.800000 85.675000 9.679282435621e-01 3.082946852592e-01 1.015840e+00
0.800000 85.700000 9.950777193252e-01 3.013771262242e-01 1.039715e+00
0.800000 85.725000 1.020709941946e+00 2.905931928687e-01 1.061270e+00
0.800000 85.750000 1.043972694737e+00 2.763979667962e-01 1.079942e+00
0.800000 85.775000 1.064150804453e+00 2.594594866295e-01 1.095325e+00
0.800000 85.800000 1.080720065610e+00 2.406179683065e-01 1.107182e+00
0.800000 85.825000 1.093388939597e+00 2.208315310811e-01 1.115467e+00
0.800000 85.850000 1.102124732149e+00 2.011121421068e-01 1.120324e+00
0.800000 85.875000 1.107162089966e+00 1.824562644717e-01 1.122095e+00
0.800000 85.900000 1.108992962209e+00 1.657751172069e-01 1.121315e+00
0.800000 85.925000 1.108338539397e+00 1.518294996882e-01 1.118690e+00
0.800000 85.950000 1.106105001249e+00 1.411737971593e-01 1.115078e+00
0.800000 85.975000 1.103326071644e+00 1.341131003042e-01 1.111447e+00
0.800000 86.000000 1.101096302732e+00 1.306763997928e-01 1.108823e+00
0.800000 86.025000 1.100499622580e+00 1.306076394503e-01 1.108223e+00
0.800000 86.050000 1.102537940199e+00 1.333751276828e-01 1.110576e+00
0.800000 86.075000 1.108064498027e+00 1.381985212974e-01 1.116649e+00
0.800000 86.100000 1.117726215539e+00 1.440914112865e-01 1.126976e+00
0.800000 86.125000 1.131918528333e+00 1.499165468312e-01 1.141803e+00
0.800000 86.150000 1.150755267688e+00 1.544500017431e-01 1.161074e+00
0.800000 86.175000 1.174055035338e+00 1.564501605895e-01 1.184433e+00
0.800000 86.200000 1.201344402538e+00 1.547272939510e-01 1.211267e+00
0.800000 86.225000 1.231877194107e+00 1.482096880503e-01 1.240761e+00
0.800000 86.250000 1.264668187286e+00 1.360027510819e-01 1.271960e+00
0.800000 86.275000 1.298538822191e+00 1.174381740868e-01 1.303838e+00
0.800000 86.300000 1.332172020664e+00 9.211100277298e-02 1.335353e+00
0.800000 86.325000 1.364172951707e+00 5.990329994773e-02 1.365488e+00
0.800000 86.350000 1.393132547079e+00 2.099387414847e-02 1.393291e+00
0.800000 86.375000 1.417690722202e+00 -2.414573891722e-02 1.417896e+00
0.800000 86.400000 1.436596543755e+00 -7.476826674307e-02 1.438541e+00
0.800000 86.425000 1.448762950179e+00 -1.298794348814e-01 1.454573e+00
0.800000 86.450000 1.453314023025e+00 -1.882768966194e-01 1.465459e+00
0.800000 86.475000 1.449623186192e+00 -2.485975903080e-01 1.470785e+00
0.800000 86.500000 1.437341054691e+00 -3.093716093986e-01 1.470259e+00
0.800000 86.525000 1.416411962828e+00 -3.690805551986e-01 1.463709e+00
0.800000 86.550000 1.387078489780e+00 -4.262182301109e-01 1.451085e+00
0.800000 86.575000 1.349873598317e+00 -4.793514042443e-01 1.432458e+00
0.800000 86.600000 1.305600344712e+00 -5.271782546693e-01 1.408016e+00
0.800000 86.625000 1.255299535880e+00 -5.685819586881e-01 1.378065e+00
0.800000 86.650000 1.200206220870e+00 -6.026768622890e-01 1.343024e+00
0.800000 86.675000 1.141696504640e+00 -6.288446952771e-01 1.303425e+00
0.800000 86.700000 1.081226833276e+00 -6.467585191868e-01 1.259900e+00
0.800000 86.725000 1.020268566578e+00 -6.563925163889e-01 1.213177e+00
0.800000 86.750000 9.602412501068e-01 -6.580163806850e-01 1.164066e+00
0.800000 86.775000 9.024484361240e-01 -6.521739426067e-01 1.113438e+00
0.800000 86.800000 8.480200935418e-01 -6.396467126492e-01 1.062208e+00
0.800000 86.825000 7.978655180823e-01 -6.214041735784e-01 1.011302e+00
0.800000 86.850000 7.526401609057e-01 -5.985437902291e-01 9.616246e-01
0.800000 86.875000 7.127289328013e-01 -5.722247053469e-01 9.140151e-01
0.800000 86.900000 6.782473540613e-01 -5.435998240063e-01 8.692067e-01
0.800000 86.925000 6.490604970917e-01 -5.137513433022e-01 8.277801e-01
0.800000 86.950000 6.248181402541e-01 -4.836346776571e-01 7.901267e-01
0.800000 86.975000 6.050030759688e-01 -4.540351302235e-01 7.564236e-01
0.800000 87.000000 5.889882621058e-01 -4.255405917964e-01 7.266306e-01
0.800000 87.025000 5.760976299945e-01 -3.985320943396e-01 7.005115e-01
0.800000 87.050000 5.656649887061e-01 -3.731923447093e-01 6.776794e-01
0.800000 87.075000 5.570856653207e-01 -3.495305940041e-01 6.576595e-01
0.800000 87.100000 5.498563011512e-01 -3.274205582166e-01 6.399579e-01
0.800000 87.125000 5.435995201906e-01 -3.066467917594e-01 6.241255e-01
0.800000 87.150000 5.380718673250e-01 -2.869540929448e-01 6.098065e-01
0.800000 87.175000 5.331552951246e-01 -2.680943032777e-01 5.967656e-01
0.800000 87.200000 5.288343412562e-01 -2.498652943137e-01 5.848918e-01
0.800000 87.225000 5.251627591552e-01 -2.321379817884e-01 5.741811e-01
0.800000 87.250000 5.222245399663e-01 -2.148687537081e-01 5.647009e-01
0.800000 87.275000 5.200948404888e-01 -1.980965673973e-01 5.565437e-01
0.800000 87.300000 5.188062273198e-01 -1.819259344195e-01 5.497790e-01
0.800000 87.325000 5.183248630358e-01 -1.664988276693e-01 5.444103e-01
0.800000 87.350000 5.185398841586e-01 -1.519599802500e-01 5.403475e-01
0.800000 87.375000 5.192674186888e-01 -1.384209125581e-01 5.374002e-01
0.800000 87.400000 5.202686874301e-01 -1.259282026627e-01 5.352919e-01
0.800000 87.425000 5.212796831126e-01 -1.144409721362e-01 5.336940e-01
0.800000 87.450000 5.220482775295e-01 -1.038213541452e-01 5.322718e-01
0.800000 87.475000 5.223734875997e-01 -9.383998890787e-02 5.307353e-01
0.800000 87.500000 5.221411903301e-01 -8.419656926480e-02 5.288861e-01
0.800000 87.525000 5.213508823482e-01 -7.455339438681e-02 5.266545e-01
0.800000 87.550000 5.201291043312e-01 -6.457805044922e-02 5.241227e-01
0.800000 87.575000 5.187267727639e-01 -5.398996589691e-02 5.215289e-01
0.800000 87.600000 5.174996802849e-01 -4.260487072826e-02 5.192505e-01
0.800000 87.625000 5.168735868083e-01 -3.037122662233e-02 5.177651e-01
0.800000 87.650000 5.172973508242e-01 -1.739349365859e-02 5.175897e-01
0.800000 87.675000 5.191891826823e-01 -3.938567454624e-03 5.192041e-01
0.800000 87.700000 5.228821269802e-01 9.576321486857e-03 5.229698e-01
0.800000 87.725000 5.285751639386e-01 2.261374981277e-02 5.290587e-01
0.800000 87.750000 5.362958189706e-01 3.456161274671e-02 5.374083e-01
0.800000 87.775000 5.458789446704e-01 4.478945872090e-02 5.477134e-01
0.800000 87.800000 5.569645414214e-01 5.270976183865e-02 5.594531e-01
0.800000 87.825000 5.690153351365e-01 5.783760738801e-02 5.719472e-01
0.800000 87.850000 5.813525994309e-01 5.984240106088e-02 5.844245e-01
0.800000 87.875000 5.932066687375e-01 5.858609923086e-02 5.960927e-01
0.800000 87.900000 6.037769848453e-01 5.414397770779e-02 6.061998e-01
0.800000 87.925000 6.122955392434e-01 4.680591422169e-02 6.140819e-01
0.800000 87.950000 6.180873224735e-01 3.705830893318e-02 6.191973e-01
0.800000 87.975000 6.206218802969e-01 2.554884298440e-02 6.211475e-01
0.800000 88.000000 6.195512225812e-01 1.303802967034e-02 6.196884e-01
0.800000 88.025000 6.147309721957e-01 3.427468294848e-04 6.147311e-01
0.800000 88.050000 6.062235593473e-01 -1.172247404889e-02 6.063369e-01
0.800000 88.075000 5.942842172767e-01 -2.240072648734e-02 5.947062e-01
0.800000 88.100000 5.793322807788e-01 -3.103963786019e-02 5.801632e-01
0.800000 88.125000 5.619116303086e-01 -3.712621917028e-02 5.631368e-01
0.800000 88.150000 5.426449248257e-01 -4.030753965781e-02 5.441399e-01
0.800000 88.175000 5.221864670993e-01 -4.039679176768e-02 5.237467e-01
0.800000 88.200000 5.011781685971e-01 -3.736588586952e-02 5.025692e-01
0.800000 88.225000 4.802122239094e-01 -3.132699313385e-02 4.812330e-01
0.800000 88.250000 4.598029199002e-01 -2.250630508881e-02 4.603534e-01
0.800000 88.275000 4.403686771171e-01 -1.121363377091e-02 4.405114e-01
0.800000 88.300000 4.222241389812e-01 2.188655854373e-03 4.222298e-01
0.800000 88.325000 4.055810532802e-01 1.731443534464e-02 4.059505e-01
0.800000 88.350000 3.905559505365e-01 3.377821206276e-02 3.920139e-01
0.800000 88.375000 3.771822753492e-01 5.121399307513e-02 3.806433e-01
0.800000 88.400000 3.654246659799e-01 6.928840923831e-02 3.719356e-01
0.800000 88.425000 3.551934416347e-01 8.770867120517e-02 3.658623e-01
0.800000 88.450000 3.463579386991e-01 1.062264425442e-01 3.622815e-01
0.800000 88.475000 3.387580049163e-01 1.246389210830e-01 3.609596e-01
0.800000 88.500000 3.322135813177e-01 1.427883298972e-01 3.615997e-01
0.800000 88.525000 3.265327639396e-01 1.605606970890e-01 3.638728e-01
0.800000 88.550000 3.215189683775e-01 1.778843488538e-01 3.674470e-01
0.800000 88.575000 3.169777971283e-01 1.947280712888e-01 3.720134e-01
0.800000 88.600000 3.127239613243e-01 2.110985267342e-01 3.773047e-01
0.800000 88.625000 3.085882085827e-01 2.270363292267e-01 3.831086e-01
0.800000 88.650000 3.044237614302e-01 2.426102391928e-01 3.892731e-01
0.800000 88.675000 3.001113910987e-01 2.579092286126e-01 3.957070e-01
0.800000 88.700000 2.955620438312e-01 2.730326436534e-01 4.023726e-01
0.800000 88.725000 2.907159753018e-01 2.880792601052e-01 4.092743e-01
0.800000 88.750000 2.855376624112e-01 3.031365702615e-01 4.164415e-01
0.800000 88.775000 2.800063273632e-01 3.182720355806e-01 4.239111e-01
0.800000 88.800000 2.741026525061e-01 3.335281818252e-01 4.317098e-01
0.800000 88.825000 2.677930712780e-01 3.489232332886e-01 4.398415e-01
0.800000 88.850000 2.610137527491e-01 3.644584620263e-01 4.482836e-01
0.800000 88.875000 2.536569153918e-01 3.801326059925e-01 4.569930e-01
0.800000 88.900000 2.455622922486e-01 3.959626807157e-01 4.659263e-01
0.800000 88.925000 2.365163493943e-01 4.120094100009e-01 4.750702e-01
0.800000 88.950000 2.262612145285e-01 4.284044938036e-01 4.844838e-01
0.800000 88.975000 2.145142485586e-01 4.453761783154e-01 4.943443e-01
0.800000 89.000000 2.009978969221e-01 4.632692328399e-01 5.049936e-01
0.800000 89.025000 1.854780446224e-01 4.825555624018e-01 5.169739e-01
0.800000 89.050000 1.678077535693e-01 5.038323239476e-01 5.310428e-01
0.800000 89.075000 1.479721704718e-01 5.278055270767e-01 5.481555e-01
0.800000 89.100000 1.261297229529e-01 5.552585791928e-01 5.694039e-01
0.800000 89.125000 1.026445884403e-01 5.870069156963e-01 5.959136e-01
0.800000 89.150000 7.810587728002e-02 6.238415387440e-01 6.287120e-01
0.800000 89.175000 5.332999624113e-02 6.664657639757e-01 6.685961e-01
0.800000 89.200000 2.934415491495e-02 7.154305524466e-01 7.160321e-01
0.800000 89.225000 7.350785966728e-03 7.710743378730e-01 7.711094e-01
0.800000 89.250000 -1.132543229209e-02 8.334731645900e-01 8.335501e-01
0.800000 89.275000 -2.530445696312e-02 9.024062228766e-01 9.027609e-01
0.800000 89.300000 -3.322668800653e-02 9.773405768523e-01 9.779052e-01
0.800000 89.325000 -3.383173696115e-02 1.057437166425e+00 1.057978e+00
0.800000 89.350000 -2.603381264740e-02 1.141578220385e+00 1.141875e+00
0.800000 89.375000 -8.987648796499e-03 1.228414260960e+00 1.228447e+00
0.800000 89.400000 1.786022191368e-02 1.316427128001e+00 1.316548e+00
0.800000 89.425000 5.473866297608e-02 1.404004092012e+00 1.405071e+00
0.800000 89.450000 1.015396997542e-01 1.489517296414e+00 1.492974e+00
0.800000 89.475000 1.578271090498e-01 1.571402540345e+00 1.579309e+00
0.800000 89.500000 2.228643114900e-01 1.648231779754e+00 1.663231e+00
0.800000 89.525000 2.956585340757e-01 1.718774611836e+00 1.744018e+00
0.800000 89.550000 3.750171083759e-01 1.782045283503e+00 1.821077e+00
0.800000 89.575000 4.596111662370e-01 1.837333257988e+00 1.893947e+00
0.800000 89.600000 5.480419113745e-01 1.884216900213e+00 1.962301e+00
0.800000 89.625000 6.389050383172e-01 1.922561227114e+00 2.025942e+00
0.800000 89.650000 7.308496409929e-01 1.952501772536e+00 2.084803e+00
0.800000 89.675000 8.226289645196e-01 1.974417345358e+00 2.138935e+00
0.800000 89.700000 9.131414512780e-01 1.988894780033e+00 2.188499e+00
0.800000 89.725000 1.001461567348e+00 1.996688714452e+00 2.233762e+00
0.800000 89.750000 1.086860745033e+00 1.998679054782e+00 2.275079e+00
0.800000 89.775000 1.168819359915e+00 1.995828209703e+00 2.312892e+00
0.800000 89.800000 1.247030944887e+00 1.989139522450e+00 2.347714e+00
0.800000 89.825000 1.321399847466e+00 1.979617719864e+00 2.380123e+00
0.800000 89.850000 1.392033322436e+00 1.968231731964e+00 2.410745e+00
0.800000 89.875000 1.459228711765e+00 1.955879976448e+00 2.440249e+00
0.800000 89.900000 1.523456003056e+00 1.943358168379e+00 2.469324e+00
0.800000 89.925000 1.585335776749e+00 1.931329880911e+00 2.498665e+00
0.800000 89.950000 1.645612428947e+00 1.920300384634e+00 2.528951e+00
0.800000 89.975000 1.705122634701e+00 1.910594642781e+00 2.560823e+00
0.800000 90.000000 1.764759298414e+00 1.902340639116e+00 2.594856e+00
0.800000 90.025000 1.825431685099e+00 1.895459375327e+00 2.631533e+00
0.800000 90.050000 1.888022965992e+00 1.889662828894e+00 2.671227e+00
0.800000 90.075000 1.953346949868e+00 1.884460879639e+00 2.714177e+00
0.800000 90.100000 2.022106206610e+00 1.879177703601e+00 2.760475e+00
0.800000 90.125000 2.094854031874e+00 1.872977446722e+00 2.810064e+00
0.800000 90.150000 2.171962686412e+00 1.864898211773e+00 2.862738e+00
0.800000 90.175000 2.253600043036e+00 1.853892624459e+00 2.918155e+00
0.800000 90.200000 2.339716203023e+00 1.838872598436e+00 2.975857e+00
0.800000 90.225000 2.430040858487e+00 1.818755492130e+00 3.035287e+00
0.800000 90.250000 2.524091269076e+00 1.792508713900e+00 3.095824e+00
0.800000 90.275000 2.621189803624e+00 1.759190018967e+00 3.156800e+00
0.800000 90.300000 2.720489189890e+00 1.717981239761e+00 3.217533e+00
0.800000 90.325000 2.821003026970e+00 1.668213944708e+00 3.277346e+00
0.800000 90.350000 2.921638827576e+00 1.609386435304e+00 3.335581e+00
0.800000 90.375000 3.021230913645e+00 1.541172448377e+00 3.391614e+00
0.800000 90.400000 3.118570885146e+00 1.463422801119e+00 3.444864e+00
0.800000 90.425000 3.212434067373e+00 1.376161880588e+00 3.494790e+00
0.800000 90.450000 3.301601223760e+00 1.279581241834e+00 3.540890e+00
0.800000 90.475000 3.384875776785e+00 1.174032583627e+00 3.582700e+00
0.800000 90.500000 3.461097671579e+00 1.060022009984e+00 3.619785e+00
0.800000 90.525000 3.529155712731e+00 9.382068019135e-01 3.651735e+00
0.800000 90.550000 3.588000593160e+00 8.093950061595e-01 3.678161e+00
0.800000 90.575000 3.636660841760e+00 6.745471218047e-01 3.698691e+00
0.800000 90.600000 3.674263519272e+00 5.347781779404e-01 3.712977e+00
0.800000 90.625000 3.700060719372e+00 3.913576953717e-01 3.720700e+00
0.800000 90.650000 3.713461866569e+00 2.457045449501e-01 3.721582e+00
0.800000 90.675000 3.714070570933e+00 9.937365239003e-02 3.715400e+00
0.800000 90.700000 3.701723559090e+00 -4.596809665944e-02 3.702009e+00
0.800000 90.725000 3.676528120301e+00 -1.885785353689e-01 3.681361e+00
0.800000 90.750000 3.638893746594e+00 -3.266900098205e-01 3.653529e+00
0.800000 90.775000 3.589553338747e+00 -4.585712990555e-01 3.618726e+00
0.800000 90.800000 3.529569580971e+00 -5.825990469334e-01 3.577329e+00
0.800000 90.825000 3.460322882703e+00 -6.973345525794e-01 3.529888e+00
0.800000 90.850000 3.383478606188e+00 -8.016005062227e-01 3.477138e+00
0.800000 90.875000 3.300933038595e+00 -8.945514511709e-01 3.419997e+00
0.800000 90.900000 3.214739565498e+00 -9.757315351415e-01 3.359554e+00
0.800000 90.925000 3.127018555187e+00 -1.045113561627e+00 3.297045e+00
0.800000 90.950000 3.039856346265e+00 -1.103114470260e+00 3.233819e+00
0.800000 90.975000 2.955200223498e+00 -1.150584094593e+00 3.171286e+00
0.800000 91.000000 2.874757176936e+00 -1.188766224159e+00 3.110851e+00
0.800000 91.025000 2.799904426936e+00 -1.219233432250e+00 3.053849e+00
0.800000 91.050000 2.731619094465e+00 -1.243799576669e+00 3.001463e+00
0.800000 91.075000 2.670433016620e+00 -1.264416076202e+00 2.954651e+00
0.800000 91.100000 2.616416653546e+00 -1.283059760322e+00 2.914083e+00
0.800000 91.125000 2.569193487824e+00 -1.301621073801e+00 2.880099e+00
0.800000 91.150000 2.527983529166e+00 -1.321801547900e+00 2.852693e+00
0.800000 91.175000 2.491671796239e+00 -1.345028668903e+00 2.831524e+00
0.800000 91.200000 2.458895254888e+00 -1.372394625210e+00 2.815960e+00
0.800000 91.225000 2.428139927591e+00 -1.404623038185e+00 2.805143e+00
0.800000 91.250000 2.397838976352e+00 -1.442064912331e+00 2.798068e+00
0.800000 91.275000 2.366462639880e+00 -1.484721979093e+00 2.793662e+00
0.800000 91.300000 2.332592008627e+00 -1.532292696857e+00 2.790861e+00
0.800000 91.325000 2.294970664366e+00 -1.584233750327e+00 2.788671e+00
0.800000 91.350000 2.252530995740e+00 -1.639828270478e+00 2.786204e+00
0.800000 91.375000 2.204395230322e+00 -1.698251399978e+00 2.782699e+00
0.800000 91.400000 2.149854529291e+00 -1.758624378730e+00 2.777523e+00
0.800000 91.425000 2.088332474016e+00 -1.820050010040e+00 2.770147e+00
0.800000 91.450000 2.019341549654e+00 -1.881625042746e+00 2.760118e+00
0.800000 91.475000 1.942442475902e+00 -1.942428392026e+00 2.747019e+00
0.800000 91.500000 1.857216230101e+00 -2.001487840320e+00 2.730422e+00
0.800000 91.525000 1.763257271956e+00 -2.057731462673e+00 2.709859e+00
0.800000 91.550000 1.660193888625e+00 -2.109933043838e+00 2.684783e+00
0.800000 91.575000 1.547737969718e+00 -2.156662772468e+00 2.654560e+00
0.800000 91.600000 1.425762271594e+00 -2.196255177825e+00 2.618460e+00
0.800000 91.625000 1.294398823283e+00 -2.226805423714e+00 2.575681e+00
0.800000 91.650000 1.154148101526e+00 -2.246202672734e+00 2.525368e+00
0.800000 91.675000 1.005985492703e+00 -2.252205448846e+00 2.466665e+00
0.800000 91.700000 8.514498264729e-01 -2.242559105839e+00 2.398758e+00
0.800000 91.725000 6.926987398036e-01 -2.215150152526e+00 2.320931e+00
0.800000 91.750000 5.325174603747e-01 -2.168186893365e+00 2.232624e+00
0.800000 91.775000 3.742712238982e-01 -2.100391252587e+00 2.133477e+00
0.800000 91.800000 2.217966825587e-01 -2.011183361111e+00 2.023376e+00
0.800000 91.825000 7.923384478490e-02 -1.900838987510e+00 1.902490e+00
0.800000 91.850000 -4.919332109174e-02 -1.770600500439e+00 1.771284e+00
0.800000 91.875000 -1.594332056636e-01 -1.622724850196e+00 1.630538e+00
0.800000 91.900000 -2.478801471676e-01 -1.460456893875e+00 1.481344e+00
0.800000 91.925000 -3.116420969291e-01 -1.287922861751e+00 1.325091e+00
0.800000 91.950000 -3.487778275603e-01 -1.109946262009e+00 1.163455e+00
0.800000 91.975000 -3.584802891674e-01 -9.317962870898e-01 9.983749e-01
0.800000 92.000000 -3.411863542205e-01 -7.588859884416e-01 8.320553e-01
0.800000 92.025000 -2.985990608796e-01 -5.964433206435e-01 6.670128e-01
0.800000 92.050000 -2.336160449031e-01 -4.491819298906e-01 5.063012e-01
0.800000 92.075000 -1.501664076323e-01 -3.209997842174e-01 3.543879e-01
0.800000 92.100000 -5.296693224491e-02 -2.147321850092e-01 2.211683e-01
0.800000 92.125000 5.278357902833e-02 -1.319814303726e-01 1.421450e-01
0.800000 92.150000 1.617468692079e-01 -7.303878921555e-02 1.774731e-01
0.800000 92.175000 2.687958592270e-01 -3.690612491381e-02 2.713177e-01
0.800000 92.200000 3.693434628856e-01 -2.141531498398e-02 3.699638e-01
0.800000 92.225000 4.596216050442e-01 -2.343449566201e-02 4.602186e-01
0.800000 92.250000 5.368871685631e-01 -3.914207239233e-02 5.383121e-01
0.800000 92.275000 5.995386288502e-01 -6.434323380882e-02 6.029814e-01
0.800000 92.300000 6.471357706335e-01 -9.480004562099e-02 6.540426e-01
0.800000 92.325000 6.803242146966e-01 -1.265454669043e-01 6.919933e-01
0.800000 92.350000 7.006755295541e-01 -1.561538917839e-01 7.178651e-01
0.800000 92.375000 7.104615130039e-01 -1.809458149346e-01 7.331418e-01
0.800000 92.400000 7.123869886356e-01 -1.991113925228e-01 7.396895e-01
0.800000 92.425000 7.093085900935e-01 -2.097462293976e-01 7.396703e-01
0.800000 92.450000 7.039672132032e-01 -2.128017324652e-01 7.354280e-01
0.800000 92.475000 6.987591398790e-01 -2.089608554799e-01 7.293346e-01
0.800000 92.500000 6.955656326439e-01 -1.994571208755e-01 7.235984e-01
0.800000 92.525000 6.956536928388e-01 -1.858597124984e-01 7.200541e-01
0.800000 92.550000 6.996524958849e-01 -1.698497156993e-01 7.199740e-01
0.800000 92.575000 7.076016911367e-01 -1.530120681203e-01 7.239564e-01
0.800000 92.600000 7.190602033377e-01 -1.366646226072e-01 7.319322e-01
0.800000 92.625000 7.332582073288e-01 -1.217403535400e-01 7.432956e-01
0.800000 92.650000 7.492711756607e-01 -1.087318365507e-01 7.571195e-01
0.800000 92.675000 7.661936618773e-01 -9.769952905954e-02 7.723975e-01
0.800000 92.700000 7.832918235259e-01 -8.833795877229e-02 7.882574e-01
0.800000 92.725000 8.001173562875e-01 -8.008752282577e-02 8.041155e-01
0.800000 92.750000 8.165709945507e-01 -7.227490066623e-02 8.197633e-01
0.800000 92.775000 8.329103345714e-01 -6.426255816070e-02 8.353857e-01
0.800000 92.800000 8.497036513459e-01 -5.558767114304e-02 8.515200e-01
0.800000 92.825000 8.677378005217e-01 -4.607294448497e-02 8.689601e-01
0.800000 92.850000 8.878935010547e-01 -3.589590665263e-02 8.886188e-01
0.800000 92.875000 9.110047304776e-01 -2.560876553028e-02 9.113646e-01
0.800000 92.900000 9.377203066684e-01 -1.610712482894e-02 9.378586e-01
0.800000 92.925000 9.683849075551e-01 -8.552033533154e-03 9.684227e-01
0.800000 92.950000 1.002953976370e+00 -4.255260923439e-03 1.002963e+00
0.800000 92.975000 1.040952579522e+00 -4.541761041468e-03 1.040962e+00
0.800000 93.000000 1.081482896550e+00 -1.060559860477e-02 1.081535e+00
0.800000 93.025000 1.123279288033e+00 -2.337596037321e-02 1.123522e+00
0.800000 93.050000 1.164804479573e+00 -4.340831269072e-02 1.165613e+00
0.800000 93.075000 1.204375921849e+00 -7.081254647551e-02 1.206456e+00
0.800000 93.100000 1.240308307914e+00 -1.052255122054e-01 1.244764e+00
0.800000 93.125000 1.271056836967e+00 -1.458302449662e-01 1.279395e+00
0.800000 93.150000 1.295346190445e+00 -1.914190176347e-01 1.309413e+00
0.800000 93.175000 1.312272208749e+00 -2.404927198054e-01 1.334127e+00
0.800000 93.200000 1.321366622923e+00 -2.913854338469e-01 1.353113e+00
0.800000 93.225000 1.322619467652e+00 -3.424008205825e-01 1.366221e+00
0.800000 93.250000 1.316458464527e+00 -3.919462168286e-01 1.373566e+00
0.800000 93.275000 1.303689187227e+00 -4.386511845079e-01 1.375507e+00
0.800000 93.300000 1.285403717645e+00 -4.814594641179e-01 1.372613e+00
0.800000 93.325000 1.262868385855e+00 -5.196865604406e-01 1.365617e+00
0.800000 93.350000 1.237402802598e+00 -5.530391143118e-01 1.355366e+00
0.800000 93.375000 1.210262639528e+00 -5.815963340190e-01 1.342755e+00
0.800000 93.400000 1.182537542933e+00 -6.057576238260e-01 1.328660e+00
0.800000 93.425000 1.155073372113e+00 -6.261637615618e-01 1.313878e+00
0.800000 93.450000 1.128424932695e+00 -6.436012431622e-01 1.299063e+00
0.800000 93.475000 1.102841894552e+00 -6.589005505883e-01 1.284683e+00
0.800000 93.500000 1.078287034177e+00 -6.728390621645e-01 1.270990e+00
0.800000 93.525000 1.054482693742e+00 -6.860581885424e-01 1.258018e+00
0.800000 93.550000 1.030978718640e+00 -6.990022690592e-01 1.245601e+00
0.800000 93.575000 1.007233352120e+00 -7.118840691373e-01 1.233409e+00
0.800000 93.600000 9.826977578409e-01 -7.246786939301e-01 1.221005e+00
0.800000 93.625000 9.568950298457e-01 -7.371447031587e-01 1.207903e+00
0.800000 93.650000 9.294856544789e-01 -7.488684819531e-01 1.193628e+00
0.800000 93.675000 9.003132445593e-01 -7.593257475202e-01 1.177769e+00
0.800000 93.700000 8.694267440922e-01 -7.679526354962e-01 1.160023e+00
0.800000 93.725000 8.370779368455e-01 -7.742182132250e-01 1.140225e+00
0.800000 93.750000 8.036957104851e-01 -7.776905230656e-01 1.118360e+00
0.800000 93.775000 7.698408733633e-01 -7.780892978420e-01 1.094567e+00
0.800000 93.800000 7.361471772454e-01 -7.753201726377e-01 1.069128e+00
0.800000 93.825000 7.032554073817e-01 -7.694873485685e-01 1.042439e+00
0.800000 93.850000 6.717478710770e-01 -7.608840180574e-01 1.014983e+00
0.800000 93.875000 6.420903301622e-01 -7.499621994527e-01 9.872808e-01
0.800000 93.900000 6.145874359111e-01 -7.372857241545e-01 9.598479e-01
0.800000 93.925000 5.893561552781e-01 -7.234717747330e-01 9.331410e-01
0.800000 93.950000 5.663196945577e-01 -7.091274378612e-01 9.075129e-01
0.800000 93.975000 5.452222353557e-01 -6.947881205350e-01 8.831749e-01
0.800000 94.000000 5.256626186873e-01 -6.808643577065e-01 8.601729e-01
0.800000 94.025000 5.071431623059e-01 -6.676025576419e-01 8.383838e-01
0.800000 94.050000 4.891282659900e-01 -6.550636950694e-01 8.175298e-01
0.800000 94.075000 4.711064992070e-01 -6.431220320223e-01 7.972122e-01
0.800000 94.100000 4.526495683458e-01 -6.314838212254e-01 7.769578e-01
0.800000 94.125000 4.334619533021e-01 -6.197238455516e-01 7.562717e-01
0.800000 94.150000 4.134160425496e-01 -6.073357863653e-01 7.346901e-01
0.800000 94.175000 3.925691722701e-01 -5.937909868256e-01 7.118274e-01
0.800000 94.200000 3.711609224201e-01 -5.785993329963e-01 6.874137e-01
0.800000 94.225000 3.495911341106e-01 -5.613658052439e-01 6.613210e-01
0.800000 94.250000 3.283811624383e-01 -5.418367732804e-01 6.335782e-01
0.800000 94.275000 3.081226455215e-01 -5.199312642919e-01 6.043741e-01
0.800000 94.300000 2.894193615173e-01 -4.957540989796e-01 5.740520e-01
0.800000 94.325000 2.728284191776e-01 -4.695897817891e-01 5.430929e-01
0.800000 94.350000 2.588070101858e-01 -4.418781280202e-01 5.120912e-01
0.800000 94.375000 2.476702466658e-01 -4.131745774096e-01 4.817196e-01
0.800000 94.400000 2.395642967792e-01 -3.840997600790e-01 4.526850e-01
0.800000 94.425000 2.344572671202e-01 -3.552839647227e-01 4.256723e-01
0.800000 94.450000 2.321482676755e-01 -3.273125901545e-01 4.012809e-01
0.800000 94.475000 2.322930677049e-01 -3.006783957284e-01 3.799573e-01
0.800000 94.500000 2.344429447832e-01 -2.757454419376e-01 3.619379e-01
0.800000 94.525000 2.380919531120e-01 -2.527281462173e-01 3.472165e-01
0.800000 94.550000 2.427270470285e-01 -2.316870516518e-01 3.355522e-01
0.800000 94.575000 2.478753753569e-01 -2.125409412736e-01 3.265208e-01
0.800000 94.600000 2.531436132662e-01 -1.950930659363e-01 3.195982e-01
0.800000 94.625000 2.582453395259e-01 -1.790677121550e-01 3.142545e-01
0.800000 94.650000 2.630140454584e-01 -1.641522974236e-01 3.100361e-01
0.800000 94.675000 2.674011724494e-01 -1.500397581625e-01 3.066192e-01
0.800000 94.700000 2.714603873240e-01 -1.364662237229e-01 3.038318e-01
0.800000 94.725000 2.753208937158e-01 -1.232397996420e-01 3.016449e-01
0.800000 94.750000 2.791537512772e-01 -1.102575898250e-01 3.001392e-01
0.800000 94.775000 2.831358003237e-01 -9.750968763255e-02 2.994562e-01
0.800000 94.800000 2.874158094871e-01 -8.507054430295e-02 2.997413e-01
0.800000 94.825000 2.920869016103e-01 -7.307966063125e-02 3.010903e-01
0.800000 94.850000 2.971682681314e-01 -6.171475147766e-02 3.035090e-01
0.800000 94.875000 3.025978150358e-01 -5.116126125989e-02 3.068923e-01
0.800000 94.900000 3.082358917383e-01 -4.158229058304e-02 3.110281e-01
0.800000 94.925000 3.138788443526e-01 -3.309263561973e-02 3.156185e-01
0.800000 94.950000 3.192799926545e-01 -2.573982320385e-02 3.203159e-01
0.800000 94.975000 3.241748955083e-01 -1.949388690253e-02 3.247605e-01
0.800000 95.000000 3.283075178261e-01 -1.424635206182e-02 3.286165e-01
0.800000 95.025000 3.314541451942e-01 -9.817671534154e-03 3.315995e-01
0.800000 95.050000 3.334425408928e-01 -5.971351724398e-03 3.334960e-01
0.800000 95.075000 3.341647766404e-01 -2.432361380355e-03 3.341736e-01
0.800000 95.100000 3.335832283824e-01 1.092807049460e-03 3.335850e-01
0.800000 95.125000 3.317302366770e-01 4.896851572996e-03 3.317664e-01
0.800000 95.150000 3.287027296734e-01 9.255019044228e-03 3.288330e-01
0.800000 95.175000 3.246535790322e-01 1.441218223419e-02 3.249733e-01
0.800000 95.200000 3.197815485261e-01 2.057383709847e-02 3.204427e-01
0.800000 95.225000 3.143214122060e-01 2.790043405369e-02 3.155573e-01
0.800000 95.250000 3.085352394453e-01 3.650389882489e-02 3.106872e-01
0.800000 95.275000 3.027050950473e-01 4.644497012863e-02 3.062475e-01
0.800000 95.300000 2.971266410630e-01 5.773012281851e-02 3.026830e-01
0.800000 95.325000 2.921025134359e-01 7.030732785179e-02 3.004447e-01
0.800000 95.350000 2.879340171946e-01 8.406063207856e-02 2.999536e-01
0.800000 95.375000 2.849097263997e-01 9.880437924631e-02 3.015557e-01
0.800000 95.400000 2.832900121294e-01 1.142786698662e-01 3.054715e-01
0.800000 95.425000 2.832873047013e-01 1.301482040758e-01 3.117535e-01
0.800000 95.450000 2.850429098995e-01 1.460068306820e-01 3.202615e-01
0.800000 95.475000 2.886022776703e-01 1.613898542946e-01 3.306629e-01
0.800000 95.500000 2.938915745344e-01 1.757954197284e-01 3.424563e-01
0.800000 95.525000 3.006990512702e-01 1.887151654315e-01 3.550117e-01
0.800000 95.550000 3.086648738205e-01 1.996729542928e-01 3.676184e-01
0.800000 95.575000 3.172827080285e-01 2.082690438806e-01 3.795317e-01
0.800000 95.600000 3.259154077300e-01 2.142257694950e-01 3.900174e-01
0.800000 95.625000 3.338257273957e-01 2.174298979992e-01 3.983910e-01
0.800000 95.650000 3.402212218593e-01 2.179664456483e-01 4.040543e-01
0.800000 95.675000 3.443106253835e-01 2.161390492918e-01 4.065291e-01
0.800000 95.700000 3.453672723242e-01 2.124729600534e-01 4.054914e-01
0.800000 95.725000 3.427937821761e-01 2.076983186233e-01 4.008069e-01
0.800000 95.750000 3.361814953284e-01 2.027134077665e-01 3.925694e-01
0.800000 95.775000 3.253581550119e-01 1.985298246627e-01 3.811457e-01
0.800000 95.800000 3.104181350287e-01 1.962036950019e-01 3.672265e-01
0.800000 95.825000 2.917310570246e-01 1.967588785212e-01 3.518822e-01
0.800000 95.850000 2.699267694256e-01 2.011093411782e-01 3.366087e-01
0.800000 95.875000 2.458571334214e-01 2.099883102403e-01 3.233277e-01
0.800000 95.900000 2.205375863465e-01 2.238913984109e-01 3.142677e-01
0.800000 95.925000 1.950737200886e-01 2.430396046447e-01 3.116440e-01
0.800000 95.950000 1.705798369392e-01 2.673661049277e-01 3.171468e-01
0.800000 95.975000 1.480974055308e-01 2.965282626797e-01 3.314541e-01
0.800000 96.000000 1.285214061699e-01 3.299436083049e-01 3.540911e-01
0.800000 96.025000 1.125417101476e-01 3.668459821407e-01 3.837207e-01
0.800000 96.050000 1.006049782437e-01 4.063559129452e-01 4.186245e-01
0.800000 96.075000 9.290028903081e-02 4.475578702467e-01 4.570979e-01
0.800000 96.100000 8.936909411236e-02 4.895764520580e-01 4.976665e-01
0.800000 96.125000 8.973746254850e-02 5.316439102164e-01 5.391642e-01
0.800000 96.150000 9.356623770354e-02 5.731526191415e-01 5.807397e-01
0.800000 96.175000 1.003129626225e-01 6.136879979791e-01 6.218325e-01
0.800000 96.200000 1.093984344971e-01 6.530397537248e-01 6.621397e-01
0.800000 96.225000 1.202706234323e-01 6.911918249955e-01 7.015776e-01
0.800000 96.250000 1.324594222906e-01 7.282937614792e-01 7.402414e-01
0.800000 96.275000 1.456171617701e-01 7.646181900063e-01 7.783607e-01
0.800000 96.300000 1.595418175493e-01 8.005102763414e-01 8.162538e-01
0.800000 96.325000 1.741820841575e-01 8.363355649371e-01 8.542813e-01
0.800000 96.350000 1.896257004508e-01 8.724322446854e-01 8.928023e-01
0.800000 96.375000 2.060743078448e-01 9.090728292246e-01 9.321373e-01
0.800000 96.400000 2.238094804344e-01 9.464386276794e-01 9.725414e-01
0.800000 96.425000 2.431552410657e-01 9.846084519129e-01 1.014188e+00
0.800000 96.450000 2.644423200498e-01 1.023561025904e+00 1.057169e+00
0.800000 96.475000 2.879786722436e-01 1.063188792036e+00 1.101500e+00
0.800000 96.500000 3.140294796508e-01 1.103319467853e+00 1.147139e+00
0.800000 96.525000 3.428082316429e-01 1.143740947497e+00 1.194010e+00
0.800000 96.550000 3.744787297423e-01 1.184225032000e+00 1.242024e+00
0.800000 96.575000 4.091662469751e-01 1.224545990033e+00 1.291096e+00
0.800000 96.600000 4.469747914237e-01 1.264490991639e+00 1.341165e+00
0.800000 96.625000 4.880066319128e-01 1.303860854696e+00 1.392194e+00
0.800000 96.650000 5.323800195290e-01 1.342461092478e+00 1.444171e+00
0.800000 96.675000 5.802413811837e-01 1.380084738114e+00 1.497102e+00
0.800000 96.700000 6.317690956263e-01 1.416489656549e+00 1.550992e+00
0.800000 96.725000 6.871671537387e-01 1.451373890520e+00 1.605828e+00
0.800000 96.750000 7.466483819977e-01 1.484352939622e+00 1.661562e+00
0.800000 96.775000 8.104082875702e-01 1.514942724380e+00 1.718084e+00
0.800000 96.800000 8.785917964203e-01 1.542551389017e+00 1.775215e+00
0.800000 96.825000 9.512560680621e-01 1.566482148499e+00 1.832690e+00
0.800000 96.850000 1.028333097928e+00 1.585948222963e+00 1.890159e+00
0.800000 96.875000 1.109595932293e+00 1.600099673721e+00 1.947183e+00
0.800000 96.900000 1.194632046060e+00 1.608060798938e+00 2.003249e+00
0.800000 96.925000 1.282826838430e+00 1.608975776584e+00 2.057777e+00
0.800000 96.950000 1.373359381270e+00 1.602059532109e+00 2.110145e+00
0.800000 96.975000 1.465211615832e+00 1.586650390711e+00 2.159700e+00
0.800000 97.000000 1.557191234422e+00 1.562260941788e+00 2.205789e+00
0.800000 97.025000 1.647967583907e+00 1.528623658525e+00 2.247774e+00
0.800000 97.050000 1.736119138609e+00 1.485728123223e+00 2.285060e+00
0.800000 97.075000 1.820190433227e+00 1.433847150573e+00 2.317113e+00
0.800000 97.100000 1.898755819296e+00 1.373549627316e+00 2.343483e+00
0.800000 97.125000 1.970486993797e+00 1.305698466351e+00 2.363825e+00
0.800000 97.150000 2.034220925074e+00 1.231432696132e+00 2.377915e+00
0.800000 97.175000 2.089024557386e+00 1.152133380108e+00 2.385673e+00
0.800000 97.200000 2.134252516644e+00 1.069373803915e+00 2.387173e+00
0.800000 97.225000 2.169593993694e+00 9.848551965290e-01 2.382662e+00
0.800000 97.250000 2.195105094973e+00 9.003301676692e-01 2.372568e+00
0.800000 97.275000 2.211223282460e+00 8.175170242742e-01 2.357508e+00
0.800000 97.300000 2.218761133558e+00 7.380091186930e-01 2.338281e+00
0.800000 97.325000 2.218877577999e+00 6.631842927116e-01 2.315865e+00
0.800000 97.350000 2.213026022392e+00 5.941202011458e-01 2.291389e+00
0.800000 97.375000 2.202880318180e+00 5.315217003099e-01 2.266097e+00
0.800000 97.400000 2.190241279387e+00 4.756664498351e-01 2.241298e+00
0.800000 97.425000 2.176928276711e+00 4.263743074144e-01 2.218290e+00
0.800000 97.450000 2.164662148685e+00 3.830049482584e-01 2.198285e+00
0.800000 97.475000 2.154947081168e+00 3.444864303078e-01 2.182308e+00
0.800000 97.500000 2.148960017793e+00 3.093752399385e-01 2.171115e+00
0.800000 97.525000 2.147456409233e+00 2.759458490804e-01 2.165113e+00
0.800000 97.550000 2.150700576263e+00 2.423052111319e-01 2.164307e+00
0.800000 97.575000 2.158427614546e+00 2.065251766636e-01 2.168286e+00
0.800000 97.600000 2.169841661421e+00 1.667837885477e-01 2.176242e+00
0.800000 97.625000 2.183652621618e+00 1.215050664507e-01 2.187030e+00
0.800000 97.650000 2.198150337355e+00 6.948640579591e-02 2.199248e+00
0.800000 97.675000 2.211311977204e+00 1.000320831375e-02 2.211335e+00
0.800000 97.700000 2.220935427501e+00 -5.711815834412e-02 2.221670e+00
0.800000 97.725000 2.224789014772e+00 -1.314656025229e-01 2.228670e+00
0.800000 97.750000 2.220766240429e+00 -2.120482187248e-01 2.230867e+00
0.800000 97.775000 2.207033566171e+00 -2.973448609651e-01 2.226974e+00
0.800000 97.800000 2.182159744142e+00 -3.853908334815e-01 2.215930e+00
0.800000 97.825000 2.145216717336e+00 -4.738958993199e-01 2.196937e+00
0.800000 97.850000 2.095844582825e+00 -5.603841736746e-01 2.169469e+00
0.800000 97.875000 2.034276269383e+00 -6.423447257264e-01 2.133281e+00
0.800000 97.900000 1.961321110885e+00 -7.173810362416e-01 2.088400e+00
0.800000 97.925000 1.878310035187e+00 -7.833479087714e-01 2.035112e+00
0.800000 97.950000 1.787008273294e+00 -8.384659471864e-01 1.973936e+00
0.800000 97.975000 1.689504005800e+00 -8.814061127951e-01 1.905597e+00
0.800000 98.000000 1.588082962048e+00 -9.113398870459e-01 1.830996e+00
0.800000 98.025000 1.485099537362e+00 -9.279538553485e-01 1.751176e+00
0.800000 98.050000 1.382854480587e+00 -9.314307362087e-01 1.667288e+00
0.800000 98.075000 1.283487733116e+00 -9.224016700249e-01 1.580559e+00
0.800000 98.100000 1.188892781625e+00 -9.018766752160e-01 1.492263e+00
0.800000 98.125000 1.100656207187e+00 -8.711613881736e-01 1.403697e+00
0.800000 98.150000 1.020023301479e+00 -8.317684507584e-01 1.316163e+00
0.800000 98.175000 9.478880049571e-01 -7.853312339608e-01 1.230950e+00
0.800000 98.200000 8.848032910805e-01 -7.335261359663e-01 1.149320e+00
0.800000 98.225000 8.310066903479e-01 -6.780077003741e-01 1.072505e+00
0.800000 98.250000 7.864550361693e-01 -6.203585531039e-01 1.001677e+00
0.800000 98.275000 7.508627308123e-01 -5.620539584241e-01 9.379230e-01
0.800000 98.300000 7.237387775153e-01 -5.044389270189e-01 8.821884e-01
0.800000 98.325000 7.044193182349e-01 -4.487144961472e-01 8.351954e-01
0.800000 98.350000 6.920942064963e-01 -3.959291837170e-01 7.973420e-01
0.800000 98.375000 6.858279541827e-01 -3.469717349498e-01 7.686022e-01
0.800000 98.400000 6.845769511030e-01 -3.025620709805e-01 7.484580e-01
0.800000 98.425000 6.872059419352e-01 -2.632386610644e-01 7.358985e-01
0.800000 98.450000 6.925072041851e-01 -2.293421532913e-01 7.294958e-01
0.800000 98.475000 6.992256419156e-01 -2.009967542502e-01 7.275412e-01
0.800000 98.500000 7.060921300648e-01 -1.780922845081e-01 7.282053e-01
0.800000 98.525000 7.118660419432e-01 -1.602708247605e-01 7.296849e-01
0.800000 98.550000 7.153861710284e-01 -1.469222401348e-01 7.303174e-01
0.800000 98.575000 7.156274675632e-01 -1.371925449771e-01 7.286594e-01
0.800000 98.600000 7.117594149194e-01 -1.300080605454e-01 7.235355e-01
0.800000 98.625000 7.032007140104e-01 -1.241167309012e-01 7.140702e-01
0.800000 98.650000 6.896644174782e-01 -1.181459867218e-01 6.997110e-01
0.800000 98.675000 6.711878724955e-01 -1.106744296680e-01 6.802514e-01
0.800000 98.700000 6.481428116632e-01 -1.003126256850e-01 6.558595e-01
0.800000 98.725000 6.212225976834e-01 -8.578671190836e-02 6.271179e-01
0.800000 98.750000 5.914058110563e-01 -6.601756618043e-02 5.950791e-01
0.800000 98.775000 5.598978312421e-01 -4.018811882673e-02 5.613383e-01
0.800000 98.800000 5.280545167348e-01 -7.792071387329e-03 5.281120e-01
0.800000 98.825000 4.972942434524e-01 3.134120620534e-02 4.982809e-01
0.800000 98.850000 4.690061426323e-01 7.704863215024e-02 4.752928e-01
0.800000 98.875000 4.444631741842e-01 1.288625881811e-01 4.627668e-01
0.800000 98.900000 4.247485472022e-01 1.860648241743e-01 4.637148e-01
0.800000 98.925000 4.107029245645e-01 2.477598753872e-01 4.796476e-01
0.800000 98.950000 4.028978987112e-01 3.129604907747e-01 5.101676e-01
0.800000 98.975000 4.016385780522e-01 3.806760044228e-01 5.533785e-01
0.800000 99.000000 4.069950402661e-01 4.499939415878e-01 6.067450e-01
0.800000 99.025000 4.188592109839e-01 5.201455489414e-01 6.678281e-01
0.800000 99.050000 4.370207601688e-01 5.905473783714e-01 7.346655e-01
0.800000 99.075000 4.612532084462e-01 6.608134243613e-01 8.058715e-01
0.800000 99.100000 4.913998879441e-01 7.307354004736e-01 8.805953e-01
0.800000 99.125000 5.274489125022e-01 8.002322391061e-01 9.584227e-01
0.800000 99.150000 5.695869807184e-01 8.692734525761e-01 1.039262e+00
0.800000 99.175000 6.182236430733e-01 9.377842247744e-01 1.123227e+00
0.800000 99.200000 6.739804706037e-01 1.005542652430e+00 1.210523e+00
0.800000 99.225000 7.376431157503e-01 1.072081122375e+00 1.301336e+00
0.800000 99.250000 8.100782162106e-01 1.136604186267e+00 1.395742e+00
0.800000 99.275000 8.921210641466e-01 1.197934383342e+00 1.493629e+00
0.800000 99.300000 9.844435335528e-01 1.254495301378e+00 1.594643e+00
0.800000 99.325000 1.087414541174e+00 1.304337923025e+00 1.698166e+00
0.800000 99.350000 1.200966990636e+00 1.345212264005e+00 1.803307e+00
0.800000 99.375000 1.324485496714e+00 1.374681848597e+00 1.908930e+00
0.800000 99.400000 1.456728115687e+00 1.390274120294e+00 2.013683e+00
0.800000 99.425000 1.595792868320e+00 1.389655899442e+00 2.116057e+00
0.800000 99.450000 1.739136224388e+00 1.370819891534e+00 2.214439e+00
0.800000 99.475000 1.883646236996e+00 1.332266360962e+00 2.307175e+00
0.800000 99.500000 2.025768083214e+00 1.273163644698e+00 2.392631e+00
0.800000 99.525000 2.161674853796e+00 1.193472279322e+00 2.469254e+00
0.800000 99.550000 2.287472018919e+00 1.094020092310e+00 2.535628e+00
0.800000 99.575000 2.399420521299e+00 9.765194546536e-01 2.590523e+00
0.800000 99.600000 2.494161271308e+00 8.435226663688e-01 2.632940e+00
0.800000 99.625000 2.568923177697e+00 6.983167094232e-01 2.662144e+00
0.800000 99.650000 2.621697830971e+00 5.447638587808e-01 2.677698e+00
0.800000 99.675000 2.651366493575e+00 3.870993895765e-01 2.679476e+00
0.800000 99.700000 2.657768916825e+00 2.297013997242e-01 2.667677e+00
0.800000 99.725000 2.641708340664e+00 7.685021692285e-02 2.642826e+00
0.800000 99.750000 2.604892383349e+00 -6.750425872194e-02 2.605767e+00
0.800000 99.775000 2.549814886819e+00 -1.999496917962e-01 2.557643e+00
0.800000 99.800000 2.479588643098e+00 -3.177776774122e-01 2.499868e+00
0.800000 99.825000 2.397742833304e+00 -4.190977495179e-01 2.434094e+00
0.800000 99.850000 2.308001607866e+00 -5.028920755918e-01 2.362154e+00
0.800000 99.875000 2.214061303617e+00 -5.690090209637e-01 2.286009e+00
0.800000 99.900000 2.119383265342e+00 -6.180989155796e-01 2.207676e+00
0.800000 99.925000 2.027017211481e+00 -6.515000267688e-01 2.129143e+00
0.800000 99.950000 1.939466798791e+00 -6.710865050338e-01 2.052289e+00
0.800000 99.975000 1.858604860425e+00 -6.790926014945e-01 1.978782e+00
0.800000 100.000000 1.785641155333e+00 -6.779285664191e-01 1.910000e+00
