# zline X=10000000 rho=1.1 C(X)=86 mode=v
# sigma t ReF ImF |F|
0.700000 0.100000 -2.755241077845e+00 -1.150409748920e+00 2.985766e+00
0.700000 0.125000 -2.590690653612e+00 -1.360551561722e+00 2.926223e+00
0.700000 0.150000 -2.412243158749e+00 -1.531385280403e+00 2.857282e+00
0.700000 0.175000 -2.227852771440e+00 -1.663962943195e+00 2.780666e+00
0.700000 0.200000 -2.043893240981e+00 -1.761268941901e+00 2.698067e+00
0.700000 0.225000 -1.865035367234e+00 -1.827429544646e+00 2.611102e+00
0.700000 0.250000 -1.694388704931e+00 -1.867057655667e+00 2.521281e+00
0.700000 0.275000 -1.533780935172e+00 -1.884778310019e+00 2.429994e+00
0.700000 0.300000 -1.384076084141e+00 -1.884925119664e+00 2.338506e+00
0.700000 0.325000 -1.245469824360e+00 -1.871372493102e+00 2.247939e+00
0.700000 0.350000 -1.117731933357e+00 -1.847463749852e+00 2.159270e+00
0.700000 0.375000 -1.000387813672e+00 -1.816001020863e+00 2.073315e+00
0.700000 0.400000 -8.928434596854e-01 -1.779271827482e+00 1.990723e+00
0.700000 0.425000 -7.944639714003e-01 -1.739095622934e+00 1.911969e+00
0.700000 0.450000 -7.046172546419e-01 -1.696879935120e+00 1.837359e+00
0.700000 0.475000 -6.226938387868e-01 -1.653679959203e+00 1.767033e+00
0.700000 0.500000 -5.481120095789e-01 -1.610257949415e+00 1.700987e+00
0.700000 0.525000 -4.803153900470e-01 -1.567140106397e+00 1.639095e+00
0.700000 0.550000 -4.187680692440e-01 -1.524669332606e+00 1.581134e+00
0.700000 0.575000 -3.629505528547e-01 -1.483052586855e+00 1.526820e+00
0.700000 0.600000 -3.123582725757e-01 -1.442401833815e+00 1.475836e+00
0.700000 0.625000 -2.665031759428e-01 -1.402767873885e+00 1.427859e+00
0.700000 0.650000 -2.249180325227e-01 -1.364166694388e+00 1.382584e+00
0.700000 0.675000 -1.871625258084e-01 -1.326598394862e+00 1.339736e+00
0.700000 0.700000 -1.528299267485e-01 -1.290059168363e+00 1.299080e+00
0.700000 0.725000 -1.215531239486e-01 -1.254547216848e+00 1.260422e+00
0.700000 0.750000 -9.300896395090e-02 -1.220063793622e+00 1.223604e+00
0.700000 0.775000 -6.692017062012e-02 -1.186610762378e+00 1.188496e+00
0.700000 0.800000 -4.305449997828e-02 -1.154186120586e+00 1.154989e+00
0.700000 0.825000 -2.122118282056e-02 -1.122778853978e+00 1.122979e+00
0.700000 0.850000 -1.265057459356e-03 -1.092364285544e+00 1.092365e+00
0.700000 0.875000 1.694094236492e-02 -1.062900788415e+00 1.063036e+00
0.700000 0.900000 3.350412887152e-02 -1.034328388117e+00 1.034871e+00
0.700000 0.925000 4.852038434439e-02 -1.006569429628e+00 1.007738e+00
0.700000 0.950000 6.208170047220e-02 -9.795311697265e-01 9.814965e-01
0.700000 0.975000 7.428233180397e-02 -9.531099078885e-01 9.560002e-01
0.700000 1.000000 8.522318382828e-02 -9.271961107531e-01 9.311045e-01
0.700000 1.025000 9.501429721133e-02 -9.016799232449e-01 9.066722e-01
0.700000 1.050000 1.037755156771e-01 -8.764564880363e-01 8.825788e-01
0.700000 1.075000 1.116356074902e-01 -8.514305968438e-01 8.587180e-01
0.700000 1.100000 1.187302304849e-01 -8.265203470412e-01 8.350046e-01
0.700000 1.125000 1.251991802664e-01 -8.016596465758e-01 8.113772e-01
0.700000 1.150000 1.311833439200e-01 -7.767995714445e-01 7.877986e-01
0.700000 1.175000 1.368217101789e-01 -7.519087101020e-01 7.642558e-01
0.700000 1.200000 1.422486810320e-01 -7.269727129915e-01 7.407591e-01
0.700000 1.225000 1.475918116716e-01 -7.019932970140e-01 7.173409e-01
0.700000 1.250000 1.529699971049e-01 -6.769869375743e-01 6.940541e-01
0.700000 1.275000 1.584920420930e-01 -6.519834260237e-01 6.709710e-01
0.700000 1.300000 1.642555070105e-01 -6.270243942959e-01 6.481817e-01
0.700000 1.325000 1.703457185295e-01 -6.021618297398e-01 6.257927e-01
0.700000 1.350000 1.768348657672e-01 -5.774565387224e-01 6.039260e-01
0.700000 1.375000 1.837811583868e-01 -5.529764804456e-01 5.827165e-01
0.700000 1.400000 1.912280879124e-01 -5.287948892556e-01 5.623097e-01
0.700000 1.425000 1.992038910169e-01 -5.049881341050e-01 5.428584e-01
0.700000 1.450000 2.077213495918e-01 -4.816333205514e-01 5.245177e-01
0.700000 1.475000 2.167780673794e-01 -4.588057113686e-01 5.074401e-01
0.700000 1.500000 2.263573334265e-01 -4.365761112471e-01 4.917686e-01
0.700000 1.525000 2.364296219495e-01 -4.150084139219e-01 4.776306e-01
0.700000 1.550000 2.469546959156e-01 -3.941575338878e-01 4.651309e-01
0.700000 1.575000 2.578841917206e-01 -3.740679321648e-01 4.543469e-01
0.700000 1.600000 2.691644808162e-01 -3.547728953306e-01 4.453238e-01
0.700000 1.625000 2.807395462837e-01 -3.362946449289e-01 4.380739e-01
0.700000 1.650000 2.925535900215e-01 -3.186452519732e-01 4.325765e-01
0.700000 1.675000 3.045531057119e-01 -3.018282242272e-01 4.287807e-01
0.700000 1.700000 3.166882136172e-01 -2.858405393752e-01 4.266102e-01
0.700000 1.725000 3.289131482247e-01 -2.706748309417e-01 4.259680e-01
0.700000 1.750000 3.411859056729e-01 -2.563214077336e-01 4.267417e-01
0.700000 1.775000 3.534671777693e-01 -2.427698075685e-01 4.288079e-01
0.700000 1.800000 3.657188050622e-01 -2.300096509303e-01 4.320355e-01
0.700000 1.825000 3.779020563209e-01 -2.180306617475e-01 4.362881e-01
0.700000 1.850000 3.899760736860e-01 -2.068218466075e-01 4.414257e-01
0.700000 1.875000 4.018968057219e-01 -1.963699525044e-01 4.473055e-01
0.700000 1.900000 4.136166860027e-01 -1.866574377023e-01 4.537838e-01
0.700000 1.925000 4.250852112548e-01 -1.776602733382e-01 4.607175e-01
0.700000 1.950000 4.362504449639e-01 -1.693459323345e-01 4.679663e-01
0.700000 1.975000 4.470613380552e-01 -1.616719108250e-01 4.753963e-01
0.700000 2.000000 4.574706371054e-01 -1.545850668192e-01 4.828829e-01
0.700000 2.025000 4.674380599947e-01 -1.480219596960e-01 4.903150e-01
0.700000 2.050000 4.769333718989e-01 -1.419102467383e-01 4.975982e-01
0.700000 2.075000 4.859389975257e-01 -1.361710575047e-01 5.046576e-01
0.700000 2.100000 4.944518576417e-01 -1.307221425821e-01 5.114400e-01
0.700000 2.125000 5.024842111332e-01 -1.254814975058e-01 5.179150e-01
0.700000 2.150000 5.100634041899e-01 -1.203711082178e-01 5.240743e-01
0.700000 2.175000 5.172305580895e-01 -1.153204579085e-01 5.299304e-01
0.700000 2.200000 5.240383479653e-01 -1.102694757595e-01 5.355143e-01
0.700000 2.225000 5.305481202219e-01 -1.051706883937e-01 5.408717e-01
0.700000 2.250000 5.368266536637e-01 -9.999044154817e-02 5.460595e-01
0.700000 2.275000 5.429428828044e-01 -9.470917599051e-02 5.511414e-01
0.700000 2.300000 5.489648720005e-01 -8.932085066612e-02 5.561840e-01
0.700000 2.325000 5.549572633296e-01 -8.383169211308e-02 5.612533e-01
0.700000 2.350000 5.609793319781e-01 -7.825850130487e-02 5.664117e-01
0.700000 2.375000 5.670836857902e-01 -7.262676218095e-02 5.717154e-01
0.700000 2.400000 5.733155563648e-01 -6.696877165908e-02 5.772136e-01
0.700000 2.425000 5.797125612700e-01 -6.132195637911e-02 5.829469e-01
0.700000 2.450000 5.863047797277e-01 -5.572746886405e-02 5.889472e-01
0.700000 2.475000 5.931149808670e-01 -5.022907960801e-02 5.952381e-01
0.700000 2.500000 6.001588715220e-01 -4.487231601147e-02 6.018340e-01
0.700000 2.525000 6.074452812331e-01 -3.970375557362e-02 6.087415e-01
0.700000 2.550000 6.149762634277e-01 -3.477036613075e-02 6.159584e-01
0.700000 2.575000 6.227471499466e-01 -3.011880118610e-02 6.234751e-01
0.700000 2.600000 6.307466384216e-01 -2.579459856328e-02 6.312739e-01
0.700000 2.625000 6.389570091266e-01 -2.184128580849e-02 6.393302e-01
0.700000 2.650000 6.473545556521e-01 -1.829945294691e-02 6.476131e-01
0.700000 2.675000 6.559102739739e-01 -1.520589866305e-02 6.560865e-01
0.700000 2.700000 6.645907949283e-01 -1.259297800666e-02 6.647101e-01
0.700000 2.725000 6.733594780650e-01 -1.048827088694e-02 6.734412e-01
0.700000 2.750000 6.821775250311e-01 -8.914649421437e-03 6.822358e-01
0.700000 2.775000 6.910049324527e-01 -7.890753687189e-03 6.910500e-01
0.700000 2.800000 6.998010991124e-01 -7.431800648220e-03 6.998406e-01
0.700000 2.825000 7.085249360288e-01 -7.550565404464e-03 7.085652e-01
0.700000 2.850000 7.171343998861e-01 -8.258304666307e-03 7.171819e-01
0.700000 2.875000 7.255854718503e-01 -9.565355567214e-03 7.256485e-01
0.700000 2.900000 7.338307204119e-01 -1.148115048216e-02 7.339205e-01
0.700000 2.925000 7.418176993610e-01 -1.401344568502e-02 7.419500e-01
0.700000 2.950000 7.494875196949e-01 -1.716666557500e-02 7.496841e-01
0.700000 2.975000 7.567739784477e-01 -2.093940356955e-02 7.570636e-01
0.700000 3.000000 7.636036146172e-01 -2.532127710946e-02 7.640233e-01
0.700000 3.025000 7.698969869416e-01 -3.028948423006e-02 7.704926e-01
0.700000 3.050000 7.755713341437e-01 -3.580552804264e-02 7.763974e-01
0.700000 3.075000 7.805445989848e-01 -4.181264083163e-02 7.816637e-01
0.700000 3.100000 7.847405949586e-01 -4.823443496636e-02 7.862216e-01
0.700000 3.125000 7.880948962239e-01 -5.497522619503e-02 7.900100e-01
0.700000 3.150000 7.905608667710e-01 -6.192231974279e-02 7.929823e-01
0.700000 3.175000 7.921151407700e-01 -6.895033569602e-02 7.951104e-01
0.700000 3.200000 7.927618428803e-01 -7.592740183372e-02 7.963895e-01
0.700000 3.225000 7.925349053630e-01 -8.272279051600e-02 7.968404e-01
0.700000 3.250000 7.914979963705e-01 -8.921535526280e-02 7.965102e-01
0.700000 3.275000 7.897418065288e-01 -9.530196401560e-02 7.954713e-01
0.700000 3.300000 7.873787234353e-01 -1.009050548958e-01 7.938180e-01
0.700000 3.325000 7.845352224167e-01 -1.059784711982e-01 7.916609e-01
0.700000 3.350000 7.813425794333e-01 -1.105108670558e-01 7.891191e-01
0.700000 3.375000 7.779267321944e-01 -1.145262016356e-01 7.863118e-01
0.700000 3.400000 7.743982483218e-01 -1.180811332962e-01 7.833491e-01
0.700000 3.425000 7.708433852062e-01 -1.212594516738e-01 7.803226e-01
0.700000 3.450000 7.673171388171e-01 -1.241640058077e-01 7.772981e-01
0.700000 3.475000 7.638389864186e-01 -1.269068607488e-01 7.743096e-01
0.700000 3.500000 7.603917528028e-01 -1.295986094811e-01 7.713569e-01
0.700000 3.525000 7.569237040110e-01 -1.323378571360e-01 7.684054e-01
0.700000 3.550000 7.533536359265e-01 -1.352018693071e-01 7.653896e-01
0.700000 3.575000 7.495784182931e-01 -1.382392393674e-01 7.622191e-01
0.700000 3.600000 7.454822143588e-01 -1.414651988665e-01 7.587860e-01
0.700000 3.625000 7.409464502821e-01 -1.448598998853e-01 7.549742e-01
0.700000 3.650000 7.358595720420e-01 -1.483696759506e-01 7.506683e-01
0.700000 3.675000 7.301257018769e-01 -1.519109786724e-01 7.457617e-01
0.700000 3.700000 7.236714780591e-01 -1.553764278911e-01 7.401637e-01
0.700000 3.725000 7.164506057864e-01 -1.586422333718e-01 7.338044e-01
0.700000 3.750000 7.084459294283e-01 -1.615761641675e-01 7.266378e-01
0.700000 3.775000 6.996691200063e-01 -1.640452623459e-01 7.186430e-01
0.700000 3.800000 6.901583208916e-01 -1.659226118750e-01 7.098231e-01
0.700000 3.825000 6.799742799775e-01 -1.670926601743e-01 7.002035e-01
0.700000 3.850000 6.691955988929e-01 -1.674548197162e-01 6.898289e-01
0.700000 3.875000 6.579137424194e-01 -1.669253165971e-01 6.787596e-01
0.700000 3.900000 6.462283801305e-01 -1.654374695061e-01 6.670687e-01
0.700000 3.925000 6.342434945944e-01 -1.629407487349e-01 6.548393e-01
0.700000 3.950000 6.220645116400e-01 -1.593990625863e-01 6.421622e-01
0.700000 3.975000 6.097965175655e-01 -1.547887407153e-01 6.291354e-01
0.700000 4.000000 5.975434546285e-01 -1.490966351388e-01 6.158636e-01
0.700000 4.025000 5.854080537188e-01 -1.423186546348e-01 6.024593e-01
0.700000 4.050000 5.734921876359e-01 -1.344589091992e-01 5.890437e-01
0.700000 4.075000 5.618973155754e-01 -1.255294937743e-01 5.757484e-01
0.700000 4.100000 5.507247345297e-01 -1.155508095750e-01 5.627164e-01
0.700000 4.125000 5.400754425238e-01 -1.045522273037e-01 5.501024e-01
0.700000 4.150000 5.300495317463e-01 -9.257285193875e-02 5.380727e-01
0.700000 4.175000 5.207451438935e-01 -7.966215681458e-02 5.268032e-01
0.700000 4.200000 5.122571138471e-01 -6.588030911010e-02 5.164761e-01
0.700000 4.225000 5.046754845595e-01 -5.129809534293e-02 5.072759e-01
0.700000 4.250000 4.980840867280e-01 -3.599645452833e-02 4.993831e-01
0.700000 4.275000 4.925593415026e-01 -2.006571714802e-02 4.929679e-01
0.700000 4.300000 4.881693719132e-01 -3.604710973156e-03 4.881827e-01
0.700000 4.325000 4.849734148295e-01 1.328008336380e-02 4.851552e-01
0.700000 4.350000 4.830214302047e-01 3.047516887936e-02 4.839819e-01
0.700000 4.375000 4.823537288362e-01 4.786037049403e-02 4.847223e-01
0.700000 4.400000 4.830004014469e-01 6.530888369054e-02 4.873958e-01
0.700000 4.425000 4.849803417504e-01 8.268715391939e-02 4.919788e-01
0.700000 4.450000 4.882997168996e-01 9.985480961188e-02 4.984051e-01
0.700000 4.475000 4.929498436076e-01 1.166649435013e-01 5.065671e-01
0.700000 4.500000 4.989045619878e-01 1.329650607598e-01 5.163192e-01
0.700000 4.525000 5.061173402303e-01 1.485989782261e-01 5.274812e-01
0.700000 4.550000 5.145184671533e-01 1.634098661229e-01 5.398445e-01
0.700000 4.575000 5.240127730765e-01 1.772444815354e-01 5.531772e-01
0.700000 4.600000 5.344783439671e-01 1.899584698688e-01 5.672313e-01
0.700000 4.625000 5.457666493369e-01 2.014224312651e-01 5.817493e-01
0.700000 4.650000 5.577043911336e-01 2.115282910344e-01 5.964716e-01
0.700000 4.675000 5.700972099201e-01 2.201954025703e-01 6.111439e-01
0.700000 4.700000 5.827351766251e-01 2.273757683651e-01 6.255238e-01
0.700000 4.725000 5.953997805841e-01 2.330578009974e-01 6.393879e-01
0.700000 4.750000 6.078719279748e-01 2.372681614890e-01 6.525369e-01
0.700000 4.775000 6.199403180415e-01 2.400713957277e-01 6.648009e-01
0.700000 4.800000 6.314094907651e-01 2.415673187766e-01 6.760419e-01
0.700000 4.825000 6.421068523678e-01 2.418863423436e-01 6.861561e-01
0.700000 4.850000 6.518880858578e-01 2.411831694890e-01 6.950737e-01
0.700000 4.875000 6.606405318550e-01 2.396294610464e-01 7.027576e-01
0.700000 4.900000 6.682843580148e-01 2.374061843736e-01 7.092007e-01
0.700000 4.925000 6.747715929403e-01 2.346963708505e-01 7.144222e-01
0.700000 4.950000 6.800833477777e-01 2.316789302854e-01 7.184626e-01
0.700000 4.975000 6.842257516617e-01 2.285240075283e-01 7.213793e-01
0.700000 5.000000 6.872252573226e-01 2.253901406794e-01 7.232422e-01
0.700000 5.025000 6.891240117394e-01 2.224232221584e-01 7.241298e-01
0.700000 5.050000 6.899759276002e-01 2.197570094585e-01 7.241270e-01
0.700000 5.075000 6.898439420710e-01 2.175147176015e-01 7.233238e-01
0.700000 5.100000 6.887987304046e-01 2.158110810601e-01 7.218158e-01
0.700000 5.125000 6.869188838747e-01 2.147542206269e-01 7.197061e-01
0.700000 5.150000 6.842923010396e-01 2.144466991694e-01 7.171076e-01
0.700000 5.175000 6.810183160680e-01 2.149852940525e-01 7.141461e-01
0.700000 5.200000 6.772099311479e-01 2.164592343270e-01 7.109627e-01
0.700000 5.225000 6.729954561878e-01 2.189469174926e-01 7.077151e-01
0.700000 5.250000 6.685188999090e-01 2.225113965242e-01 7.045771e-01
0.700000 5.275000 6.639385994302e-01 2.271951735554e-01 7.017351e-01
0.700000 5.300000 6.594238037060e-01 2.330150160815e-01 6.993824e-01
0.700000 5.325000 6.551492106462e-01 2.399575969592e-01 6.977106e-01
0.700000 5.350000 6.512877609008e-01 2.479767352493e-01 6.968990e-01
0.700000 5.375000 6.480022721164e-01 2.569928799478e-01 6.971028e-01
0.700000 5.400000 6.454367168364e-01 2.668952466998e-01 6.984423e-01
0.700000 5.425000 6.437080731839e-01 2.775467158055e-01 7.009938e-01
0.700000 5.450000 6.428996895733e-01 2.887912652747e-01 7.047839e-01
0.700000 5.475000 6.430569968806e-01 3.004633877258e-01 7.097891e-01
0.700000 5.500000 6.441861830648e-01 3.123986667215e-01 7.159391e-01
0.700000 5.525000 6.462561399151e-01 3.244445032872e-01 7.231260e-01
0.700000 5.550000 6.492036347581e-01 3.364699131225e-01 7.312164e-01
0.700000 5.575000 6.529412942558e-01 3.483733717952e-01 7.400651e-01
0.700000 5.600000 6.573676575730e-01 3.600878658733e-01 7.495302e-01
0.700000 5.625000 6.623783034218e-01 3.715825939445e-01 7.594858e-01
0.700000 5.650000 6.678769124256e-01 3.828611209533e-01 7.698326e-01
0.700000 5.675000 6.737851127665e-01 3.939561808278e-01 7.805049e-01
0.700000 5.700000 6.800500778013e-01 4.049216998683e-01 7.914731e-01
0.700000 5.725000 6.866490877909e-01 4.158229315764e-01 8.027426e-01
0.700000 5.750000 6.935906077915e-01 4.267258134852e-01 8.143481e-01
0.700000 5.775000 7.009118318127e-01 4.376867500756e-01 8.263456e-01
0.700000 5.800000 7.086730537339e-01 4.487439793853e-01 8.388019e-01
0.700000 5.825000 7.169495999874e-01 4.599114970237e-01 8.517836e-01
0.700000 5.850000 7.258223527347e-01 4.711762087400e-01 8.653468e-01
0.700000 5.875000 7.353680687422e-01 4.824985944207e-01 8.795289e-01
0.700000 5.900000 7.456507347675e-01 4.938167361254e-01 8.943433e-01
0.700000 5.925000 7.567150871573e-01 5.050531400709e-01 9.097782e-01
0.700000 5.950000 7.685831706481e-01 5.161234173425e-01 9.257988e-01
0.700000 5.975000 7.812544445049e-01 5.269456252689e-01 9.423535e-01
0.700000 6.000000 7.947095024407e-01 5.374489451336e-01 9.593824e-01
0.700000 6.025000 8.089170053443e-01 5.475804019757e-01 9.768270e-01
0.700000 6.050000 8.238429864388e-01 5.573085212379e-01 9.946407e-01
0.700000 6.075000 8.394613295648e-01 5.666231495322e-01 1.012797e+00
0.700000 6.100000 8.557639882242e-01 5.755311105326e-01 1.031294e+00
0.700000 6.125000 8.727694387805e-01 5.840478757935e-01 1.050161e+00
0.700000 6.150000 8.905279622741e-01 5.921859486152e-01 1.069450e+00
0.700000 6.175000 9.091226231367e-01 5.999411279053e-01 1.089235e+00
0.700000 6.200000 9.286652376364e-01 6.072781820745e-01 1.109597e+00
0.700000 6.225000 9.492871602010e-01 6.141176732789e-01 1.130613e+00
0.700000 6.250000 9.711253075311e-01 6.203256974507e-01 1.152340e+00
0.700000 6.275000 9.943044253247e-01 6.257081322501e-01 1.174799e+00
0.700000 6.300000 1.018917114720e+00 6.300106214010e-01 1.197959e+00
0.700000 6.325000 1.045003514156e+00 6.329249995238e-01 1.221731e+00
0.700000 6.350000 1.072532727889e+00 6.341022255286e-01 1.245958e+00
0.700000 6.375000 1.101388073303e+00 6.331712087744e-01 1.270418e+00
0.700000 6.400000 1.131357975916e+00 6.297622529386e-01 1.294825e+00
0.700000 6.425000 1.162133888636e+00 6.235332811721e-01 1.318844e+00
0.700000 6.450000 1.193315989003e+00 6.141966086676e-01 1.342103e+00
0.700000 6.475000 1.224426674491e+00 6.015438463004e-01 1.364212e+00
0.700000 6.500000 1.254931105923e+00 5.854665810279e-01 1.384783e+00
0.700000 6.525000 1.284263324574e+00 5.659707890328e-01 1.403444e+00
0.700000 6.550000 1.311855869967e+00 5.431834724296e-01 1.419864e+00
0.700000 6.575000 1.337170422253e+00 5.173507200426e-01 1.433763e+00
0.700000 6.600000 1.359726835825e+00 4.888272061426e-01 1.444925e+00
0.700000 6.625000 1.379128044246e+00 4.580579727329e-01 1.453207e+00
0.700000 6.650000 1.395078695676e+00 4.255541006111e-01 1.458541e+00
0.700000 6.675000 1.407395987826e+00 3.918644768902e-01 1.460932e+00
0.700000 6.700000 1.416011949695e+00 3.575462420836e-01 1.460455e+00
0.700000 6.725000 1.420967280857e+00 3.231366023478e-01 1.457246e+00
0.700000 6.750000 1.422397712706e+00 2.891285062657e-01 1.451486e+00
0.700000 6.775000 1.420514603724e+00 2.559522277497e-01 1.443390e+00
0.700000 6.800000 1.415582036522e+00 2.239642162284e-01 1.433190e+00
0.700000 6.825000 1.407892983007e+00 1.934437481538e-01 1.421120e+00
0.700000 6.850000 1.397747109163e+00 1.645970344952e-01 1.407405e+00
0.700000 6.875000 1.385432500693e+00 1.375676094431e-01 1.392246e+00
0.700000 6.900000 1.371213038006e+00 1.124511437827e-01 1.375816e+00
0.700000 6.925000 1.355322398619e+00 8.931237368013e-02 1.358262e+00
0.700000 6.950000 1.337964806523e+00 6.820166677121e-02 1.339702e+00
0.700000 6.975000 1.319321784899e+00 4.916888345229e-02 1.320238e+00
0.700000 7.000000 1.299563406129e+00 3.227261624324e-02 1.299964e+00
0.700000 7.025000 1.278861965242e+00 1.758355250282e-02 1.278983e+00
0.700000 7.050000 1.257405700594e+00 5.181524401769e-03 1.257416e+00
0.700000 7.075000 1.235410187410e+00 -4.853316402106e-03 1.235420e+00
0.700000 7.100000 1.213125336969e+00 -1.245394245748e-02 1.213189e+00
0.700000 7.125000 1.190836509764e+00 -1.758259335311e-02 1.190966e+00
0.700000 7.150000 1.168859024349e+00 -2.024727758798e-02 1.169034e+00
0.700000 7.175000 1.147526218689e+00 -2.051616857238e-02 1.147710e+00
0.700000 7.200000 1.127172088354e+00 -1.852761896174e-02 1.127324e+00
0.700000 7.225000 1.108110276790e+00 -1.449399909622e-02 1.108205e+00
0.700000 7.250000 1.090611732189e+00 -8.698281060747e-03 1.090646e+00
0.700000 7.275000 1.074883604424e+00 -1.483151885106e-03 1.074885e+00
0.700000 7.300000 1.061051900327e+00 6.766658854523e-03 1.061073e+00
0.700000 7.325000 1.049150052006e+00 1.564732191300e-02 1.049267e+00
0.700000 7.350000 1.039114924994e+00 2.476195118066e-02 1.039410e+00
0.700000 7.375000 1.030790978251e+00 3.374717532806e-02 1.031343e+00
0.700000 7.400000 1.023942386567e+00 4.229756973521e-02 1.024816e+00
0.700000 7.425000 1.018272058167e+00 5.018549568884e-02 1.019508e+00
0.700000 7.450000 1.013445732726e+00 5.727439306413e-02 1.015063e+00
0.700000 7.475000 1.009118816303e+00 6.352429121793e-02 1.011116e+00
0.700000 7.500000 1.004963359863e+00 6.898914969877e-02 1.007329e+00
0.700000 7.525000 1.000692641001e+00 7.380651034170e-02 1.003411e+00
0.700000 7.550000 9.960811494788e-01 7.818072945439e-02 9.991446e-01
0.700000 7.575000 9.909783555585e-01 8.236167034526e-02 9.943951e-01
0.700000 7.600000 9.853153764804e-01 8.662110453199e-02 9.891156e-01
0.700000 7.625000 9.791044538951e-01 9.122915998097e-02 9.833455e-01
0.700000 7.650000 9.724319121755e-01 9.643296896968e-02 9.772017e-01
0.700000 7.675000 9.654458920798e-01 1.024392446316e-01 9.708654e-01
0.700000 7.700000 9.583405751471e-01 1.094019214705e-01 9.645649e-01
0.700000 7.725000 9.513387905218e-01 1.174153182664e-01 9.585572e-01
0.700000 7.750000 9.446748214946e-01 1.265126160917e-01 9.531086e-01
0.700000 7.775000 9.385789322096e-01 1.366688778344e-01 9.484771e-01
0.700000 7.800000 9.332646736140e-01 1.478074387791e-01 9.448968e-01
0.700000 7.825000 9.289194800267e-01 1.598083131157e-01 9.425657e-01
0.700000 7.850000 9.256985206696e-01 1.725172987771e-01 9.416369e-01
0.700000 7.875000 9.237213069691e-01 1.857546996202e-01 9.422133e-01
0.700000 7.900000 9.230702432482e-01 1.993229676074e-01 9.443454e-01
0.700000 7.925000 9.237901868552e-01 2.130130256338e-01 9.480310e-01
0.700000 7.950000 9.258881639527e-01 2.266094819157e-01 9.532160e-01
0.700000 7.975000 9.293326469404e-01 2.398953103541e-01 9.597963e-01
0.700000 8.000000 9.340521880544e-01 2.526567839547e-01 9.676202e-01
0.700000 8.025000 9.399336494610e-01 2.646894707919e-01 9.764916e-01
0.700000 8.050000 9.468206916316e-01 2.758059254458e-01 9.861736e-01
0.700000 8.075000 9.545134997657e-01 2.858453568914e-01 9.963953e-01
0.700000 8.100000 9.627708778294e-01 2.946850792218e-01 1.006860e+00
0.700000 8.125000 9.713157811896e-01 3.022530288311e-01 1.017257e+00
0.700000 8.150000 9.798450827797e-01 3.085401463287e-01 1.027275e+00
0.700000 8.175000 9.880438985287e-01 3.136110577709e-01 1.036621e+00
0.700000 8.200000 9.956041905132e-01 3.176113182773e-01 1.045038e+00
0.700000 8.225000 1.002246699988e+00 3.207695478221e-01 1.052327e+00
0.700000 8.250000 1.007744629522e+00 3.233931081427e-01 1.058363e+00
0.700000 8.275000 1.011946987276e+00 3.258565203838e-01 1.063118e+00
0.700000 8.300000 1.014799208357e+00 3.285825509833e-01 1.066670e+00
0.700000 8.325000 1.016358635917e+00 3.320167168028e-01 1.069215e+00
0.700000 8.350000 1.016802703921e+00 3.365967808018e-01 1.071067e+00
0.700000 8.375000 1.016428203280e+00 3.427195230851e-01 1.072652e+00
0.700000 8.400000 1.015640785996e+00 3.507075839636e-01 1.074487e+00
0.700000 8.425000 1.014934789467e+00 3.607794118734e-01 1.077151e+00
0.700000 8.450000 1.014864444290e+00 3.730252666807e-01 1.081248e+00
0.700000 8.475000 1.016008452804e+00 3.873918222136e-01 1.087357e+00
0.700000 8.500000 1.018930684660e+00 4.036772135215e-01 1.095981e+00
0.700000 8.525000 1.024140238819e+00 4.215374522949e-01 1.107500e+00
0.700000 8.550000 1.032054305329e+00 4.405040835481e-01 1.122132e+00
0.700000 8.575000 1.042967097219e+00 4.600118899602e-01 1.139908e+00
0.700000 8.600000 1.057027624389e+00 4.794344823967e-01 1.160674e+00
0.700000 8.625000 1.074228296752e+00 4.981248511717e-01 1.184101e+00
0.700000 8.650000 1.094405354645e+00 5.154574752660e-01 1.209719e+00
0.700000 8.675000 1.117251034911e+00 5.308684469141e-01 1.236960e+00
0.700000 8.700000 1.142336306008e+00 5.438902802115e-01 1.265207e+00
0.700000 8.725000 1.169142057264e+00 5.541786095559e-01 1.293834e+00
0.700000 8.750000 1.197095903251e+00 5.615287864578e-01 1.322253e+00
0.700000 8.775000 1.225611335430e+00 5.658813632546e-01 1.349943e+00
0.700000 8.800000 1.254125857579e+00 5.673165036960e-01 1.376474e+00
0.700000 8.825000 1.282134980105e+00 5.660383721256e-01 1.401524e+00
0.700000 8.850000 1.309219485943e+00 5.623514210358e-01 1.424884e+00
0.700000 8.875000 1.335064150935e+00 5.566311356536e-01 1.446456e+00
0.700000 8.900000 1.359467014758e+00 5.492921458937e-01 1.466244e+00
0.700000 8.925000 1.382339252732e+00 5.407566555296e-01 1.484345e+00
0.700000 8.950000 1.403696591290e+00 5.314258756183e-01 1.500926e+00
0.700000 8.975000 1.423643948335e+00 5.216566264591e-01 1.516208e+00
0.700000 9.000000 1.442355492447e+00 5.117445588423e-01 1.530448e+00
0.700000 9.025000 1.460052557748e+00 5.019146284491e-01 1.543914e+00
0.700000 9.050000 1.476981811778e+00 4.923186322445e-01 1.556873e+00
0.700000 9.075000 1.493395771371e+00 4.830388748938e-01 1.569572e+00
0.700000 9.100000 1.509537244448e+00 4.740964557665e-01 1.582236e+00
0.700000 9.125000 1.525628614117e+00 4.654623106336e-01 1.595054e+00
0.700000 9.150000 1.541866159896e+00 4.570690370131e-01 1.608186e+00
0.700000 9.175000 1.558418917097e+00 4.488216788036e-01 1.621762e+00
0.700000 9.200000 1.575430991436e+00 4.406060157535e-01 1.635884e+00
0.700000 9.225000 1.593025838469e+00 4.322934428525e-01 1.650639e+00
0.700000 9.250000 1.611310830657e+00 4.237421618904e-01 1.666097e+00
0.700000 9.275000 1.630380486240e+00 4.147950603596e-01 1.682318e+00
0.700000 9.300000 1.650317012412e+00 4.052752394544e-01 1.699351e+00
0.700000 9.325000 1.671187282906e+00 3.949805999684e-01 1.717229e+00
0.700000 9.350000 1.693035967039e+00 3.836791465351e-01 1.735967e+00
0.700000 9.375000 1.715875178690e+00 3.711066944909e-01 1.755548e+00
0.700000 9.400000 1.739671638342e+00 3.569684542701e-01 1.775918e+00
0.700000 9.425000 1.764332860689e+00 3.409455478648e-01 1.796974e+00
0.700000 9.450000 1.789694228068e+00 3.227069277060e-01 1.818556e+00
0.700000 9.475000 1.815508938880e+00 3.019264872378e-01 1.840444e+00
0.700000 9.500000 1.841442708232e+00 2.783044535251e-01 1.862355e+00
0.700000 9.525000 1.867074750630e+00 2.515915177369e-01 1.883950e+00
0.700000 9.550000 1.891906024387e+00 2.216136654861e-01 1.904841e+00
0.700000 9.575000 1.915375020711e+00 1.882953772109e-01 1.924608e+00
0.700000 9.600000 1.936880611258e+00 1.516788186303e-01 1.942811e+00
0.700000 9.625000 1.955810709388e+00 1.119368458497e-01 1.959011e+00
0.700000 9.650000 1.971574835800e+00 6.937809378883e-02 1.972795e+00
0.700000 9.675000 1.983638182806e+00 2.444305836741e-02 1.983789e+00
0.700000 9.700000 1.991554499350e+00 -2.230914174332e-02 1.991679e+00
0.700000 9.725000 1.994995103542e+00 -7.022280816954e-02 1.996231e+00
0.700000 9.750000 1.993771575390e+00 -1.185751961963e-01 1.997294e+00
0.700000 9.775000 1.987850165959e+00 -1.666115381728e-01 1.994820e+00
0.700000 9.800000 1.977356631415e+00 -2.135830536035e-01 1.988858e+00
0.700000 9.825000 1.962570992430e+00 -2.587851715998e-01 1.979559e+00
0.700000 9.850000 1.943912550672e+00 -3.015931764467e-01 1.967169e+00
0.700000 9.875000 1.921916281579e+00 -3.414927243600e-01 1.952019e+00
0.700000 9.900000 1.897202390111e+00 -3.781031385181e-01 1.934513e+00
0.700000 9.925000 1.870441302883e+00 -4.111920170864e-01 1.915106e+00
0.700000 9.950000 1.842316637056e+00 -4.406804164193e-01 1.894289e+00
0.700000 9.975000 1.813488720033e+00 -4.666386229060e-01 1.872563e+00
0.700000 10.000000 1.784561046525e+00 -4.892732279592e-01 1.850418e+00
0.700000 10.025000 1.756051686285e+00 -5.089068078609e-01 1.828306e+00
0.700000 10.050000 1.728371149342e+00 -5.259519374371e-01 1.806625e+00
0.700000 10.075000 1.701807638466e+00 -5.408815094889e-01 1.785694e+00
0.700000 10.100000 1.676520034894e+00 -5.541973892939e-01 1.765745e+00
0.700000 10.125000 1.652538430112e+00 -5.663993253854e-01 1.746909e+00
0.700000 10.150000 1.629771577525e+00 -5.779558008601e-01 1.729216e+00
0.700000 10.175000 1.608020318723e+00 -5.892781904083e-01 1.712594e+00
0.700000 10.200000 1.586995846043e+00 -6.006992361105e-01 1.696878e+00
0.700000 10.225000 1.566341584238e+00 -6.124565137766e-01 1.681823e+00
0.700000 10.250000 1.545657483638e+00 -6.246812638281e-01 1.667118e+00
0.700000 10.275000 1.524525581584e+00 -6.373927238971e-01 1.652407e+00
0.700000 10.300000 1.502535774013e+00 -6.504979255596e-01 1.637303e+00
0.700000 10.325000 1.479310816644e+00 -6.637967915418e-01 1.621415e+00
0.700000 10.350000 1.454529628588e+00 -6.769922688715e-01 1.604361e+00
0.700000 10.375000 1.427947998183e+00 -6.897051304250e-01 1.585790e+00
0.700000 10.400000 1.399415803855e+00 -7.014929478170e-01 1.565394e+00
0.700000 10.425000 1.368889886186e+00 -7.118725677308e-01 1.542926e+00
0.700000 10.450000 1.336441771937e+00 -7.203452109133e-01 1.518214e+00
0.700000 10.475000 1.302259587015e+00 -7.264230737662e-01 1.491164e+00
0.700000 10.500000 1.266643725705e+00 -7.296560776588e-01 1.461774e+00
0.700000 10.525000 1.229996176011e+00 -7.296572227496e-01 1.430136e+00
0.700000 10.550000 1.192803824555e+00 -7.261249075581e-01 1.396438e+00
0.700000 10.575000 1.155616547789e+00 -7.188606150205e-01 1.360959e+00
0.700000 10.600000 1.119021389356e+00 -7.077805697728e-01 1.324070e+00
0.700000 10.625000 1.083614564047e+00 -6.929203492759e-01 1.286219e+00
0.700000 10.650000 1.049973350222e+00 -6.744319672948e-01 1.247919e+00
0.700000 10.675000 1.018630074536e+00 -6.525736001299e-01 1.209735e+00
0.700000 10.700000 9.900503115079e-01 -6.276928283570e-01 1.172262e+00
0.700000 10.725000 9.646170975661e-01 -6.002049378356e-01 1.136104e+00
0.700000 10.750000 9.426224078800e-01 -5.705683755171e-01 1.101855e+00
0.700000 10.775000 9.242664106184e-01 -5.392598065085e-01 1.070079e+00
0.700000 10.800000 9.096641732081e-01 -5.067513061846e-01 1.041290e+00
0.700000 10.825000 8.988586464040e-01 -4.734920118464e-01 1.015944e+00
0.700000 10.850000 8.918380021275e-01 -4.398960566477e-01 9.944262e-01
0.700000 10.875000 8.885548531468e-01 -4.063378581520e-01 9.770569e-01
0.700000 10.900000 8.889446205771e-01 -3.731549156466e-01 9.640888e-01
0.700000 10.925000 8.929403901352e-01 -3.406572932331e-01 9.557144e-01
0.700000 10.950000 9.004820195433e-01 -3.091420538664e-01 9.520697e-01
0.700000 10.975000 9.115179908525e-01 -2.789101860291e-01 9.532345e-01
0.700000 11.000000 9.259994624004e-01 -2.502831345761e-01 9.592271e-01
0.700000 11.025000 9.438670499702e-01 -2.236159818088e-01 9.699944e-01
0.700000 11.050000 9.650319184468e-01 -1.993046500429e-01 9.853979e-01
0.700000 11.075000 9.893536531681e-01 -1.777851875532e-01 1.005201e+00
0.700000 11.100000 1.016617979011e+00 -1.595241802014e-01 1.029058e+00
0.700000 11.125000 1.046517613044e+00 -1.450004832521e-01 1.056515e+00
0.700000 11.150000 1.078639328823e+00 -1.346796457713e-01 1.087015e+00
0.700000 11.175000 1.112459687963e+00 -1.289834481346e-01 1.119912e+00
0.700000 11.200000 1.147350924633e+00 -1.282577476484e-01 1.154497e+00
0.700000 11.225000 1.182597267392e+00 -1.327422158515e-01 1.190024e+00
0.700000 11.250000 1.217420701534e+00 -1.425454895171e-01 1.225737e+00
0.700000 11.275000 1.251013980898e+00 -1.576287399898e-01 1.260906e+00
0.700000 11.300000 1.282577751007e+00 -1.777997476515e-01 1.294843e+00
0.700000 11.325000 1.311358077028e+00 -2.027183607814e-01 1.326934e+00
0.700000 11.350000 1.336680564416e+00 -2.319128735143e-01 1.356650e+00
0.700000 11.375000 1.357977641031e+00 -2.648055508220e-01 1.383555e+00
0.700000 11.400000 1.374806395895e+00 -3.007444331936e-01 1.407317e+00
0.700000 11.425000 1.386855539636e+00 -3.390378188694e-01 1.427696e+00
0.700000 11.450000 1.393941414608e+00 -3.789875504119e-01 1.444543e+00
0.700000 11.475000 1.395994359586e+00 -4.199174676117e-01 1.457783e+00
0.700000 11.500000 1.393037940568e+00 -4.611941051640e-01 1.467397e+00
0.700000 11.525000 1.385164431511e+00 -5.022378205922e-01 1.473405e+00
0.700000 11.550000 1.372510345309e+00 -5.425238906701e-01 1.475844e+00
0.700000 11.575000 1.355235714692e+00 -5.815745328050e-01 1.474752e+00
0.700000 11.600000 1.333510212818e+00 -6.189440998466e-01 1.470150e+00
0.700000 11.625000 1.307508161078e+00 -6.542006854662e-01 1.462038e+00
0.700000 11.650000 1.277413133797e+00 -6.869079243740e-01 1.450389e+00
0.700000 11.675000 1.243431414169e+00 -7.166107970429e-01 1.435149e+00
0.700000 11.700000 1.205812179347e+00 -7.428287417554e-01 1.416255e+00
0.700000 11.725000 1.164871182818e+00 -7.650583988388e-01 1.393642e+00
0.700000 11.750000 1.121014012932e+00 -7.827869881351e-01 1.367270e+00
0.700000 11.775000 1.074754836617e+00 -7.955158238731e-01 1.337140e+00
0.700000 11.800000 1.026726917275e+00 -8.027919986282e-01 1.303320e+00
0.700000 11.825000 9.776820829294e-01 -8.042450156038e-01 1.265967e+00
0.700000 11.850000 9.284776048090e-01 -7.996242836823e-01 1.225345e+00
0.700000 11.875000 8.800504649041e-01 -7.888330297896e-01 1.181840e+00
0.700000 11.900000 8.333805495850e-01 -7.719543793396e-01 1.135974e+00
0.700000 11.925000 7.894457060716e-01 -7.492660865537e-01 1.088404e+00
0.700000 11.950000 7.491726614141e-01 -7.212415716594e-01 1.039927e+00
0.700000 11.975000 7.133883962495e-01 -6.885363939285e-01 9.914663e-01
0.700000 12.000000 6.827766160396e-01 -6.519608740230e-01 9.440534e-01
0.700000 12.025000 6.578434690868e-01 -6.124410799244e-01 8.988004e-01
0.700000 12.050000 6.388956908099e-01 -5.709716254031e-01 8.568526e-01
0.700000 12.075000 6.260330339994e-01 -5.285645535579e-01 8.193277e-01
0.700000 12.100000 6.191553425285e-01 -4.861989009089e-01 7.872374e-01
0.700000 12.125000 6.179831268285e-01 -4.447753359755e-01 7.613989e-01
0.700000 12.150000 6.220891821527e-01 -4.050795830446e-01 7.423506e-01
0.700000 12.175000 6.309378042571e-01 -3.677572785063e-01 7.302930e-01
0.700000 12.200000 6.439276024583e-01 -3.333016084444e-01 7.250743e-01
0.700000 12.225000 6.604338286924e-01 -3.020537091608e-01 7.262295e-01
0.700000 12.250000 6.798465129142e-01 -2.742145432791e-01 7.330654e-01
0.700000 12.275000 7.016014437511e-01 -2.498659366730e-01 7.447668e-01
0.700000 12.300000 7.252020399366e-01 -2.289977788827e-01 7.604985e-01
0.700000 12.325000 7.502312798523e-01 -2.115381034174e-01 7.794840e-01
0.700000 12.350000 7.763539474458e-01 -1.973828706363e-01 8.010527e-01
0.700000 12.375000 8.033103837887e-01 -1.864227203206e-01 8.246581e-01
0.700000 12.400000 8.309036089745e-01 -1.785646497954e-01 8.498742e-01
0.700000 12.425000 8.589820474241e-01 -1.737473897877e-01 8.763780e-01
0.700000 12.450000 8.874201471079e-01 -1.719500729322e-01 9.039255e-01
0.700000 12.475000 9.160989697196e-01 -1.731945114362e-01 9.323270e-01
0.700000 12.500000 9.448884182821e-01 -1.775419415327e-01 9.614236e-01
0.700000 12.525000 9.736322540800e-01 -1.850854112753e-01 9.910683e-01
0.700000 12.550000 1.002136532049e+00 -1.959390835015e-01 1.021112e+00
0.700000 12.575000 1.030161635628e+00 -2.102256324623e-01 1.051393e+00
0.700000 12.600000 1.057417775895e+00 -2.280626926411e-01 1.081732e+00
0.700000 12.625000 1.083563659826e+00 -2.495490471767e-01 1.111928e+00
0.700000 12.650000 1.108208018781e+00 -2.747509952304e-01 1.141759e+00
0.700000 12.675000 1.130913781074e+00 -3.036891716478e-01 1.170980e+00
0.700000 12.700000 1.151204812354e+00 -3.363260418347e-01 1.199328e+00
0.700000 12.725000 1.168575268135e+00 -3.725543624134e-01 1.226526e+00
0.700000 12.750000 1.182501645050e+00 -4.121870559969e-01 1.252281e+00
0.700000 12.775000 1.192457541403e+00 -4.549491441132e-01 1.276297e+00
0.700000 12.800000 1.197930931848e+00 -5.004725501379e-01 1.298272e+00
0.700000 12.825000 1.198443445375e+00 -5.482946581550e-01 1.317913e+00
0.700000 12.850000 1.193570759147e+00 -5.978614416335e-01 1.334934e+00
0.700000 12.875000 1.182962853344e+00 -6.485357305102e-01 1.349074e+00
0.700000 12.900000 1.166362592786e+00 -6.996107721473e-01 1.360094e+00
0.700000 12.925000 1.143620983180e+00 -7.503287005614e-01 1.367795e+00
0.700000 12.950000 1.114707546962e+00 -7.999029293012e-01 1.372012e+00
0.700000 12.975000 1.079714597785e+00 -8.475429167191e-01 1.372630e+00
0.700000 13.000000 1.038854747785e+00 -8.924793147732e-01 1.369576e+00
0.700000 13.025000 9.924517023867e-01 -9.339872908480e-01 1.362825e+00
0.700000 13.050000 9.409251948405e-01 -9.714058683049e-01 1.352394e+00
0.700000 13.075000 8.847716763939e-01 -1.004151489997e+00 1.338335e+00
0.700000 13.100000 8.245429911091e-01 -1.031724649814e+00 1.320730e+00
0.700000 13.125000 7.608256218275e-01 -1.053709295463e+00 1.299676e+00
0.700000 13.150000 6.942231192712e-01 -1.069765677532e+00 1.275282e+00
0.700000 13.175000 6.253439857883e-01 -1.079618276270e+00 1.247650e+00
0.700000 13.200000 5.547965952642e-01 -1.083041240591e+00 1.216872e+00
0.700000 13.225000 4.831917591762e-01 -1.079844297240e+00 1.183021e+00
0.700000 13.250000 4.111524085500e-01 -1.069862235416e+00 1.146146e+00
0.700000 13.275000 3.393286972170e-01 -1.052950792765e+00 1.106277e+00
0.700000 13.300000 2.684158010015e-01 -1.028991067326e+00 1.063424e+00
0.700000 13.325000 1.991709400862e-01 -9.979035191371e-01 1.017586e+00
0.700000 13.350000 1.324258088664e-01 -9.596713194003e-01 9.687650e-01
0.700000 13.375000 6.909073371554e-02 -9.143714081165e-01 9.169780e-01
0.700000 13.400000 1.014751052766e-02 -8.622103069767e-01 8.622700e-01
0.700000 13.425000 -4.337104588297e-02 -8.035606756018e-01 8.047303e-01
0.700000 13.450000 -9.041538498692e-02 -7.389939443387e-01 7.445045e-01
0.700000 13.475000 -1.299662671173e-01 -6.693042104870e-01 6.818060e-01
0.700000 13.500000 -1.610918826469e-01 -5.955189935845e-01 6.169226e-01
0.700000 13.525000 -1.830109134923e-01 -5.188933904513e-01 5.502212e-01
0.700000 13.550000 -1.951563233337e-01 -4.408855691101e-01 4.821474e-01
0.700000 13.575000 -1.972340729331e-01 -3.631132543954e-01 4.132221e-01
0.700000 13.600000 -1.892709436397e-01 -2.872927098416e-01 3.440357e-01
0.700000 13.625000 -1.716462352483e-01 -2.151635147316e-01 2.752413e-01
0.700000 13.650000 -1.451032374602e-01 -1.484039807413e-01 2.075541e-01
0.700000 13.675000 -1.107379506973e-01 -8.854318439617e-02 1.417843e-01
0.700000 13.700000 -6.996439788782e-02 -3.687618908699e-02 7.908774e-02
0.700000 13.725000 -2.445784055833e-02 5.610969675644e-03 2.509321e-02
0.700000 13.750000 2.392090196126e-02 3.830056034751e-02 4.515687e-02
0.700000 13.775000 7.321521186238e-02 6.098185355820e-02 9.528512e-02
0.700000 13.800000 1.214704872688e-01 7.386596483519e-02 1.421663e-01
0.700000 13.825000 1.668333009147e-01 7.757540065856e-02 1.839872e-01
0.700000 13.850000 2.076450721444e-01 7.310880647841e-02 2.201394e-01
0.700000 13.875000 2.425238623723e-01 6.178328505668e-02 2.502699e-01
0.700000 13.900000 2.704288489822e-01 4.515829478587e-02 2.741734e-01
0.700000 13.925000 2.907033816980e-01 2.494642167063e-02 2.917718e-01
0.700000 13.950000 3.030941499006e-01 2.917156019271e-03 3.031082e-01
0.700000 13.975000 3.077457456172e-01 -1.919984965847e-02 3.083441e-01
0.700000 14.000000 3.051716509134e-01 -3.980571262375e-02 3.077568e-01
0.700000 14.025000 2.962042782672e-01 -5.751171494084e-02 3.017359e-01
0.700000 14.050000 2.819280380963e-01 -7.120242085521e-02 2.907803e-01
0.700000 14.075000 2.636004169060e-01 -8.007905265912e-02 2.754956e-01
0.700000 14.100000 2.425666713134e-01 -8.368112270458e-02 2.565952e-01
0.700000 14.125000 2.201739568331e-01 -8.188585555556e-02 2.349082e-01
0.700000 14.150000 1.976905231690e-01 -7.488643944390e-02 2.113990e-01
0.700000 14.175000 1.762350513883e-01 -6.315152391149e-02 1.872082e-01
0.700000 14.200000 1.567203339863e-01 -4.736954817028e-02 1.637227e-01
0.700000 14.225000 1.398143731031e-01 -2.838237590406e-02 1.426661e-01
0.700000 14.250000 1.259206730032e-01 -7.113278400575e-03 1.261214e-01
0.700000 14.275000 1.151781162490e-01 1.550548058451e-02 1.162171e-01
0.700000 14.300000 1.074794291169e-01 3.860035763207e-02 1.142008e-01
0.700000 14.325000 1.025059519331e-01 6.141494536251e-02 1.194959e-01
0.700000 14.350000 9.977532202844e-02 8.335532210174e-02 1.300124e-01
0.700000 14.375000 9.869783046576e-02 1.040196575260e-01 1.433923e-01
0.700000 14.400000 9.863669397178e-02 1.232106767047e-01 1.578292e-01
0.700000 14.425000 9.896733571989e-02 1.409309612712e-01 1.722094e-01
0.700000 14.450000 9.913101170215e-02 1.573624323516e-01 1.859836e-01
0.700000 14.475000 9.867874161210e-02 1.728326036421e-01 1.990191e-01
0.700000 14.500000 9.730245951290e-02 1.877712068945e-01 2.114847e-01
0.700000 14.525000 9.485151279898e-02 2.026614827461e-01 2.237599e-01
0.700000 14.550000 9.133400280506e-02 2.179907290808e-01 2.363511e-01
0.700000 14.575000 8.690385181034e-02 2.342045729082e-01 2.498080e-01
0.700000 14.600000 8.183576572155e-02 2.516688867141e-01 2.646400e-01
0.700000 14.625000 7.649131134396e-02 2.706423559613e-01 2.812440e-01
0.700000 14.650000 7.128003362456e-02 2.912615109488e-01 2.998568e-01
0.700000 14.675000 6.661982647277e-02 3.135386865155e-01 3.205382e-01
0.700000 14.700000 6.290060919968e-02 3.373720107145e-01 3.431856e-01
0.700000 14.725000 6.045476713831e-02 3.625652973036e-01 3.675709e-01
0.700000 14.750000 5.953685699853e-02 3.888547632496e-01 3.933862e-01
0.700000 14.775000 6.031386589340e-02 4.159389190734e-01 4.202891e-01
0.700000 14.800000 6.286599036179e-02 4.435078514685e-01 4.479412e-01
0.700000 14.825000 6.719662614354e-02 4.712684467032e-01 4.760350e-01
0.700000 14.850000 7.324918533894e-02 4.989628470018e-01 5.043108e-01
0.700000 14.875000 8.092761644304e-02 5.263784960972e-01 5.325632e-01
0.700000 14.900000 9.011718617294e-02 5.533493791879e-01 5.606395e-01
0.700000 14.925000 1.007022292209e-01 5.797493365760e-01 5.884303e-01
0.700000 14.950000 1.125781637905e-01 6.054794642834e-01 6.158565e-01
0.700000 14.975000 1.256560305826e-01 6.304524598997e-01 6.428528e-01
0.700000 15.000000 1.398590159145e-01 6.545772141835e-01 6.693518e-01
0.700000 15.025000 1.551117078176e-01 6.777469255540e-01 6.952701e-01
0.700000 15.050000 1.713240357644e-01 6.998335222428e-01 7.204991e-01
0.700000 15.075000 1.883727971826e-01 7.206902732852e-01 7.449019e-01
0.700000 15.100000 2.060842438601e-01 7.401632670023e-01 7.683179e-01
0.700000 15.125000 2.242213028105e-01 7.581110874288e-01 7.905742e-01
0.700000 15.150000 2.424786123237e-01 7.744307003019e-01 8.115040e-01
0.700000 15.175000 2.604877013007e-01 7.890864454996e-01 8.309701e-01
0.700000 15.200000 2.778334246206e-01 8.021382742780e-01 8.488918e-01
0.700000 15.225000 2.940813333371e-01 8.137650772040e-01 8.652730e-01
0.700000 15.250000 3.088141804683e-01 8.242791756325e-01 8.802286e-01
0.700000 15.275000 3.216744244161e-01 8.341287855240e-01 8.940052e-01
0.700000 15.300000 3.324085621172e-01 8.438864339166e-01 9.069949e-01
0.700000 15.325000 3.409085375681e-01 8.542227877388e-01 9.197365e-01
0.700000 15.350000 3.472454116581e-01 8.658669751797e-01 9.329014e-01
0.700000 15.375000 3.516909679902e-01 8.795560559459e-01 9.472621e-01
0.700000 15.400000 3.547239242040e-01 8.959776461721e-01 9.636415e-01
0.700000 15.425000 3.570188179852e-01 9.157106690901e-01 9.828471e-01
0.700000 15.450000 3.594172935510e-01 9.391696694958e-01 1.005595e+00
0.700000 15.475000 3.628832509438e-01 9.665580401561e-01 1.032433e+00
0.700000 15.500000 3.684449513640e-01 9.978348650000e-01 1.063685e+00
0.700000 15.525000 3.771285239847e-01 1.032698951136e+00 1.099406e+00
0.700000 15.550000 3.898882516660e-01 1.070592115514e+00 1.139377e+00
0.700000 15.575000 4.075394294730e-01 1.110722066743e+00 1.183128e+00
0.700000 15.600000 4.306994510773e-01 1.152103453010e+00 1.229977e+00
0.700000 15.625000 4.597421020917e-01 1.193614009423e+00 1.279092e+00
0.700000 15.650000 4.947688984292e-01 1.234061391218e+00 1.329550e+00
0.700000 15.675000 5.355998188035e-01 1.272255349029e+00 1.380399e+00
0.700000 15.700000 5.817840914484e-01 1.307079470096e+00 1.430709e+00
0.700000 15.725000 6.326299688646e-01 1.337556805559e+00 1.479621e+00
0.700000 15.750000 6.872508220337e-01 1.362904308005e+00 1.526375e+00
0.700000 15.775000 7.446235511066e-01 1.382572047530e+00 1.570341e+00
0.700000 15.800000 8.036543572805e-01 1.396264552692e+00 1.611029e+00
0.700000 15.825000 8.632464258448e-01 1.403943202318e+00 1.648105e+00
0.700000 15.850000 9.223640649890e-01 1.405810229239e+00 1.681386e+00
0.700000 15.875000 9.800883164708e-01 1.402276441884e+00 1.710834e+00
0.700000 15.900000 1.035659949160e+00 1.393916091208e+00 1.736546e+00
0.700000 15.925000 1.088506976597e+00 1.381413298594e+00 1.758735e+00
0.700000 15.950000 1.138255290790e+00 1.365505036698e+00 1.777703e+00
0.700000 15.975000 1.184722546255e+00 1.346925777202e+00 1.793816e+00
0.700000 16.000000 1.227896925284e+00 1.326358583895e+00 1.807473e+00
0.700000 16.025000 1.267903737466e+00 1.304396670984e+00 1.819074e+00
0.700000 16.050000 1.304963838859e+00 1.281518334996e+00 1.828994e+00
0.700000 16.075000 1.339348508502e+00 1.258076803603e+00 1.837556e+00
0.700000 16.100000 1.371335633140e+00 1.234305047937e+00 1.845012e+00
0.700000 16.125000 1.401171803142e+00 1.210334111127e+00 1.851537e+00
0.700000 16.150000 1.429044231101e+00 1.186222152179e+00 1.857227e+00
0.700000 16.175000 1.455065326904e+00 1.161990319230e+00 1.862105e+00
0.700000 16.200000 1.479271393185e+00 1.137660858040e+00 1.866150e+00
0.700000 16.225000 1.501635367460e+00 1.113292607874e+00 1.869312e+00
0.700000 16.250000 1.522091977214e+00 1.089009275698e+00 1.871552e+00
0.700000 16.275000 1.540572245902e+00 1.065016603531e+00 1.872865e+00
0.700000 16.300000 1.557043139648e+00 1.041605697468e+00 1.873319e+00
0.700000 16.325000 1.571547404613e+00 1.019141269597e+00 1.873075e+00
0.700000 16.350000 1.584238406808e+00 9.980352163512e-01 1.872401e+00
0.700000 16.375000 1.595405096205e+00 9.787076525239e-01 1.871680e+00
0.700000 16.400000 1.605483067371e+00 9.615390618363e-01 1.871399e+00
0.700000 16.425000 1.615049013769e+00 9.468184419651e-01 1.872124e+00
0.700000 16.450000 1.624797552875e+00 9.346930695568e-01 1.874465e+00
0.700000 16.475000 1.635501270182e+00 9.251256874324e-01 1.879022e+00
0.700000 16.500000 1.647956699254e+00 9.178644774034e-01 1.886329e+00
0.700000 16.525000 1.662920620468e+00 9.124301485637e-01 1.896796e+00
0.700000 16.550000 1.681042334553e+00 9.081229297155e-01 1.910652e+00
0.700000 16.575000 1.702798295482e+00 9.040503525623e-01 1.927908e+00
0.700000 16.600000 1.728435572295e+00 8.991746421822e-01 1.948334e+00
0.700000 16.625000 1.757930020613e+00 8.923765113348e-01 1.971460e+00
0.700000 16.650000 1.790963826051e+00 8.825304050875e-01 1.996600e+00
0.700000 16.675000 1.826925349180e+00 8.685849577289e-01 2.022893e+00
0.700000 16.700000 1.864932131371e+00 8.496417531392e-01 2.049357e+00
0.700000 16.725000 1.903875730762e+00 8.250255047196e-01 2.074948e+00
0.700000 16.750000 1.942484982178e+00 7.943394964742e-01 2.098624e+00
0.700000 16.775000 1.979402538553e+00 7.575014785341e-01 2.119397e+00
0.700000 16.800000 2.013268341291e+00 7.147570425270e-01 2.136382e+00
0.700000 16.825000 2.042803110532e+00 6.666696141265e-01 2.148835e+00
0.700000 16.850000 2.066885095907e+00 6.140883601345e-01 2.156181e+00
0.700000 16.875000 2.084614154954e+00 5.580972804237e-01 2.158029e+00
0.700000 16.900000 2.095358623304e+00 4.999503307692e-01 2.154177e+00
0.700000 16.925000 2.098782237503e+00 4.409984409638e-01 2.144613e+00
0.700000 16.950000 2.094850354855e+00 3.826146625101e-01 2.129505e+00
0.700000 16.975000 2.083816656456e+00 3.261233894684e-01 2.109182e+00
0.700000 17.000000 2.066193204247e+00 2.727387112471e-01 2.084116e+00
0.700000 17.025000 2.042707974377e+00 2.235156122137e-01 2.054900e+00
0.700000 17.050000 2.014254692071e+00 1.793161143086e-01 2.022221e+00
0.700000 17.075000 1.981839905001e+00 1.407907740417e-01 1.986835e+00
0.700000 17.100000 1.946531786249e+00 1.083743997088e-01 1.949546e+00
0.700000 17.125000 1.909414255982e+00 8.229362385610e-02 1.911187e+00
0.700000 17.150000 1.871548806522e+00 6.258317398221e-02 1.872595e+00
0.700000 17.175000 1.833945091503e+00 4.910738949559e-02 1.834602e+00
0.700000 17.200000 1.797540081937e+00 4.158372316178e-02 1.798021e+00
0.700000 17.225000 1.763184563698e+00 3.960556373566e-02 1.763629e+00
0.700000 17.250000 1.731635071448e+00 4.266259528206e-02 1.732161e+00
0.700000 17.275000 1.703549084337e+00 5.015790983170e-02 1.704287e+00
0.700000 17.300000 1.679481445749e+00 6.142204942649e-02 1.680604e+00
0.700000 17.325000 1.659880449833e+00 7.572492552004e-02 1.661607e+00
0.700000 17.350000 1.645082750809e+00 9.228704094232e-02 1.647669e+00
0.700000 17.375000 1.635307057745e+00 1.102915678283e-01 1.639022e+00
0.700000 17.400000 1.630647332363e+00 1.288986179386e-01 1.635734e+00
0.700000 17.425000 1.631066781650e+00 1.472625384960e-01 1.637701e+00
0.700000 17.450000 1.636394237760e+00 1.645523791884e-01 1.644647e+00
0.700000 17.475000 1.646324500580e+00 1.799749319964e-01 1.656133e+00
0.700000 17.500000 1.660423893444e+00 1.927990769880e-01 1.671580e+00
0.700000 17.525000 1.678141709843e+00 2.023796893482e-01 1.690301e+00
0.700000 17.550000 1.698827508141e+00 2.081791561184e-01 1.711535e+00
0.700000 17.575000 1.721753463632e+00 2.097846492472e-01 1.734487e+00
0.700000 17.600000 1.746140336040e+00 2.069196876012e-01 1.758358e+00
0.700000 17.625000 1.771185160881e+00 1.994491307095e-01 1.782380e+00
0.700000 17.650000 1.796088595435e+00 1.873774819336e-01 1.805836e+00
0.700000 17.675000 1.820079969229e+00 1.708411205059e-01 1.828080e+00
0.700000 17.700000 1.842438481247e+00 1.500957134123e-01 1.848542e+00
0.700000 17.725000 1.862509583872e+00 1.255004821893e-01 1.866733e+00
0.700000 17.750000 1.879716296861e+00 9.750115452735e-02 1.882243e+00
0.700000 17.775000 1.893565888164e+00 6.661329919028e-02 1.894737e+00
0.700000 17.800000 1.903652930282e+00 3.340735526266e-02 1.903946e+00
0.700000 17.825000 1.909660101157e+00 -1.503905292180e-03 1.909661e+00
0.700000 17.850000 1.911358193600e+00 -3.747539848959e-02 1.911726e+00
0.700000 17.875000 1.908606617906e+00 -7.383777545419e-02 1.910034e+00
0.700000 17.900000 1.901355265288e+00 -1.099045282934e-01 1.904529e+00
0.700000 17.925000 1.889648020998e+00 -1.449794571871e-01 1.895201e+00
0.700000 17.950000 1.873627577917e+00 -1.783658058226e-01 1.882098e+00
0.700000 17.975000 1.853540615864e+00 -2.093781105173e-01 1.865329e+00
0.700000 18.000000 1.829741981622e+00 -2.373573236441e-01 1.845073e+00
0.700000 18.025000 1.802696306578e+00 -2.616891450255e-01 1.821591e+00
0.700000 18.050000 1.772975571172e+00 -2.818248302918e-01 1.795235e+00
0.700000 18.075000 1.741251461584e+00 -2.973031538229e-01 1.766450e+00
0.700000 18.100000 1.708281914332e+00 -3.077717850105e-01 1.735785e+00
0.700000 18.125000 1.674891923359e+00 -3.130061613190e-01 1.703888e+00
0.700000 18.150000 1.641949385617e+00 -3.129240413915e-01 1.671502e+00
0.700000 18.175000 1.610337375075e+00 -3.075942828773e-01 1.639451e+00
0.700000 18.200000 1.580924666238e+00 -2.972389569584e-01 1.608625e+00
0.700000 18.225000 1.554536511600e+00 -2.822285958621e-01 1.579948e+00
0.700000 18.250000 1.531927588556e+00 -2.630710638485e-01 1.554351e+00
0.700000 18.275000 1.513758690799e+00 -2.403951387333e-01 1.532728e+00
0.700000 18.300000 1.500578208558e+00 -2.149302999251e-01 1.515892e+00
0.700000 18.325000 1.492808813405e+00 -1.874843827152e-01 1.504536e+00
0.700000 18.350000 1.490739144139e+00 -1.589206617320e-01 1.499186e+00
0.700000 18.375000 1.494519784344e+00 -1.301355982981e-01 1.500175e+00
0.700000 18.400000 1.504162512976e+00 -1.020379958589e-01 1.507620e+00
0.700000 18.425000 1.519541744545e+00 -7.552975158382e-02 1.521418e+00
0.700000 18.450000 1.540397259385e+00 -5.148787912366e-02 1.541258e+00
0.700000 18.475000 1.566337716362e+00 -3.074710853326e-02 1.566639e+00
0.700000 18.500000 1.596844960836e+00 -1.408222089694e-02 1.596907e+00
0.700000 18.525000 1.631279685084e+00 -2.189384969704e-03 1.631281e+00
0.700000 18.550000 1.668889454057e+00 4.333877161106e-03 1.668895e+00
0.700000 18.575000 1.708820374925e+00 5.009912973847e-03 1.708828e+00
0.700000 18.600000 1.750133692388e+00 -4.974904166075e-04 1.750134e+00
0.700000 18.625000 1.791828303245e+00 -1.236267722200e-02 1.791871e+00
0.700000 18.650000 1.832869622537e+00 -3.058083730091e-02 1.833125e+00
0.700000 18.675000 1.872224466164e+00 -5.495614218357e-02 1.873031e+00
0.700000 18.700000 1.908900746197e+00 -8.509754661521e-02 1.910797e+00
0.700000 18.725000 1.941989932209e+00 -1.204241279070e-01 1.945720e+00
0.700000 18.750000 1.970709545026e+00 -1.601811520247e-01 1.977209e+00
0.700000 18.775000 1.994442530302e+00 -2.034671344825e-01 2.004794e+00
0.700000 18.800000 2.012770284778e+00 -2.492711187795e-01 2.028147e+00
0.700000 18.825000 2.025496405821e+00 -2.965183602320e-01 2.047085e+00
0.700000 18.850000 2.032658879563e+00 -3.441217150633e-01 2.061582e+00
0.700000 18.875000 2.034529339345e+00 -3.910354105061e-01 2.071767e+00
0.700000 18.900000 2.031599100589e+00 -4.363075913391e-01 2.077922e+00
0.700000 18.925000 2.024552775927e+00 -4.791281324688e-01 2.080475e+00
0.700000 18.950000 2.014231260639e+00 -5.188686536258e-01 2.079989e+00
0.700000 18.975000 2.001586638765e+00 -5.551124001043e-01 2.077137e+00
0.700000 19.000000 1.987632017750e+00 -5.876725558195e-01 2.072689e+00
0.700000 19.025000 1.973389425393e+00 -6.165985066549e-01 2.067477e+00
0.700000 19.050000 1.959838718812e+00 -6.421704506787e-01 2.062365e+00
0.700000 19.075000 1.947870027464e+00 -6.648834572600e-01 2.058220e+00
0.700000 19.100000 1.938241677666e+00 -6.854225473372e-01 2.055866e+00
0.700000 19.125000 1.931544933715e+00 -7.046305864074e-01 2.056057e+00
0.700000 19.150000 1.928176340900e+00 -7.234707809466e-01 2.059435e+00
0.700000 19.175000 1.928318041939e+00 -7.429854164022e-01 2.066504e+00
0.700000 19.200000 1.931926193468e+00 -7.642522610231e-01 2.077600e+00
0.700000 19.225000 1.938727520496e+00 -7.883398770478e-01 2.092879e+00
0.700000 19.250000 1.948224059273e+00 -8.162630027523e-01 2.112312e+00
0.700000 19.275000 1.959706168490e+00 -8.489392331806e-01 2.135684e+00
0.700000 19.300000 1.972273840381e+00 -8.871484248641e-01 2.162613e+00
0.700000 19.325000 1.984866134293e+00 -9.314965232842e-01 2.192574e+00
0.700000 19.350000 1.996298137062e+00 -9.823857645584e-01 2.224924e+00
0.700000 19.375000 2.005304228371e+00 -1.039993316542e+00 2.258945e+00
0.700000 19.400000 2.010585655543e+00 -1.104260283516e+00 2.293871e+00
0.700000 19.425000 2.010859616074e+00 -1.174892516439e+00 2.328933e+00
0.700000 19.450000 2.004906364000e+00 -1.251373814529e+00 2.363384e+00
0.700000 19.475000 1.991610470094e+00 -1.332990911479e+00 2.396534e+00
0.700000 19.500000 1.969992433091e+00 -1.418868225394e+00 2.427768e+00
0.700000 19.525000 1.939227468830e+00 -1.508008899368e+00 2.456561e+00
0.700000 19.550000 1.898649528375e+00 -1.599337401187e+00 2.482489e+00
0.700000 19.575000 1.847740350500e+00 -1.691738133294e+00 2.505219e+00
0.700000 19.600000 1.786105471753e+00 -1.784084350194e+00 2.524506e+00
0.700000 19.625000 1.713441341045e+00 -1.875252346093e+00 2.540168e+00
0.700000 19.650000 1.629499694057e+00 -1.964117414222e+00 2.552063e+00
0.700000 19.675000 1.534056792436e+00 -2.049530417429e+00 2.560060e+00
0.700000 19.700000 1.426895709213e+00 -2.130276738838e+00 2.564003e+00
0.700000 19.725000 1.307809311432e+00 -2.205022571478e+00 2.563687e+00
0.700000 19.750000 1.176629847876e+00 -2.272256537189e+00 2.558829e+00
0.700000 19.775000 1.033288148445e+00 -2.330237039602e+00 2.549057e+00
0.700000 19.800000 8.779016100196e-01 -2.376957118190e+00 2.533897e+00
0.700000 19.825000 7.108857711718e-01 -2.410138533671e+00 2.512793e+00
0.700000 19.850000 5.330798805267e-01 -2.427265180565e+00 2.485114e+00
0.700000 19.875000 3.458730251504e-01 -2.425662684723e+00 2.450197e+00
0.700000 19.900000 1.513146856429e-01 -2.402626410887e+00 2.407387e+00
0.700000 19.925000 -4.780748042812e-02 -2.355594495566e+00 2.356080e+00
0.700000 19.950000 -2.479389183579e-01 -2.282356524958e+00 2.295784e+00
0.700000 19.975000 -4.447918138186e-01 -2.181282799612e+00 2.226170e+00
0.700000 20.000000 -6.334494302789e-01 -2.051554499728e+00 2.147122e+00
0.700000 20.025000 -8.085429748734e-01 -1.893372157668e+00 2.058786e+00
0.700000 20.050000 -9.644953684017e-01 -1.708119173479e+00 1.961612e+00
0.700000 20.075000 -1.095818692361e+00 -1.498458959956e+00 1.856394e+00
0.700000 20.100000 -1.197445202140e+00 -1.268348677015e+00 1.744300e+00
0.700000 20.125000 -1.265066476080e+00 -1.022959109090e+00 1.626911e+00
0.700000 20.150000 -1.295452230634e+00 -7.684984676181e-01 1.506249e+00
0.700000 20.175000 -1.286720062782e+00 -5.119469483775e-01 1.384824e+00
0.700000 20.200000 -1.238530075550e+00 -2.607177842732e-01 1.265674e+00
0.700000 20.225000 -1.152183859687e+00 -2.226831964032e-02 1.152399e+00
0.700000 20.250000 -1.030615170554e+00 1.963096102164e-01 1.049145e+00
0.700000 20.275000 -8.782690920895e-01 3.886876858408e-01 9.604346e-01
0.700000 20.300000 -7.008765502500e-01 5.496553131335e-01 8.907014e-01
0.700000 20.325000 -5.051406593167e-01 6.754011957535e-01 8.434061e-01
0.700000 20.350000 -2.983595153208e-01 7.636996994521e-01 8.199120e-01
0.700000 20.375000 -8.801580084942e-02 8.139880004783e-01 8.187327e-01
0.700000 20.400000 1.186336979510e-01 8.273299691804e-01 8.357923e-01
0.700000 20.425000 3.149361349604e-01 8.062730318068e-01 8.655986e-01
0.700000 20.450000 4.951594879967e-01 7.546137747118e-01 9.025657e-01
0.700000 20.475000 6.547261601128e-01 6.770957918869e-01 9.418732e-01
0.700000 20.500000 7.903498065446e-01 5.790684247280e-01 9.797821e-01
0.700000 20.525000 9.000715813375e-01 4.661371020507e-01 1.013614e+00
0.700000 20.550000 9.832016539069e-01 3.438348194039e-01 1.041589e+00
0.700000 20.575000 1.040180413849e+00 2.173401341407e-01 1.062644e+00
0.700000 20.600000 1.072380355181e+00 9.126047094244e-02 1.076257e+00
0.700000 20.625000 1.081873559519e+00 -3.050862926139e-02 1.082304e+00
0.700000 20.650000 1.071190662578e+00 -1.448464282058e-01 1.080939e+00
0.700000 20.675000 1.043095232076e+00 -2.493984841723e-01 1.072496e+00
0.700000 20.700000 1.000392996144e+00 -3.425100378773e-01 1.057402e+00
0.700000 20.725000 9.457890165102e-01 -4.231193990099e-01 1.036121e+00
0.700000 20.750000 8.817985727869e-01 -4.906316723679e-01 1.009103e+00
0.700000 20.775000 8.107101662505e-01 -5.447927230438e-01 9.767549e-01
0.700000 20.800000 7.345925754808e-01 -5.855803986581e-01 9.394310e-01
0.700000 20.825000 6.553330587483e-01 -6.131252261122e-01 8.974319e-01
0.700000 20.850000 5.746911108764e-01 -6.276668211107e-01 8.510203e-01
0.700000 20.875000 4.943518560622e-01 -6.295459452673e-01 8.004448e-01
0.700000 20.900000 4.159650873329e-01 -6.192263720792e-01 7.459680e-01
0.700000 20.925000 3.411597527839e-01 -5.973362221978e-01 6.878957e-01
0.700000 20.950000 2.715287169130e-01 -5.647157393785e-01 6.266033e-01
0.700000 20.975000 2.085841351852e-01 -5.224578739892e-01 5.625563e-01
0.700000 21.000000 1.536889843045e-01 -4.719295022473e-01 4.963242e-01
0.700000 21.025000 1.079744781236e-01 -4.147643401795e-01 4.285883e-01
0.700000 21.050000 7.225572578315e-02 -3.528230885640e-01 3.601458e-01
0.700000 21.075000 4.695874443011e-02 -2.881213977031e-01 2.919230e-01
0.700000 21.100000 3.207077993096e-02 -2.227311454835e-01 2.250282e-01
0.700000 21.125000 2.712303361730e-02 -1.586646026664e-01 1.609662e-01
0.700000 21.150000 3.121078218815e-02 -9.775377601356e-02 1.026154e-01
0.700000 21.175000 4.305110714865e-02 -4.153823714631e-02 5.982326e-02
0.700000 21.200000 6.107368384884e-02 8.826030886632e-03 6.170813e-02
0.700000 21.225000 8.353595886826e-02 5.262665500470e-02 9.873106e-02
0.700000 21.250000 1.086510994915e-01 8.961733951782e-02 1.408415e-01
0.700000 21.275000 1.347156849497e-01 1.200008000164e-01 1.804120e-01
0.700000 21.300000 1.602243629416e-01 1.443747709651e-01 2.156755e-01
0.700000 21.325000 1.839605263186e-01 1.636478238701e-01 2.462155e-01
0.700000 21.350000 2.050551774495e-01 1.789348886287e-01 2.721494e-01
0.700000 21.375000 2.230100881209e-01 1.914441866315e-01 2.939122e-01
0.700000 21.400000 2.376855879574e-01 2.023675879821e-01 3.121651e-01
0.700000 21.425000 2.492572691445e-01 2.127852324806e-01 3.277297e-01
0.700000 21.450000 2.581490877748e-01 2.235928338710e-01 3.415182e-01
0.700000 21.475000 2.649524070374e-01 2.354568015966e-01 3.544569e-01
0.700000 21.500000 2.703412689624e-01 2.487986400219e-01 3.674033e-01
0.700000 21.525000 2.749935910993e-01 2.638065222651e-01 3.810713e-01
0.700000 21.550000 2.795262324158e-01 2.804689399307e-01 3.959769e-01
0.700000 21.575000 2.844492742951e-01 2.986232519539e-01 4.124163e-01
0.700000 21.600000 2.901418271430e-01 3.180109994367e-01 4.304803e-01
0.700000 21.625000 2.968486421622e-01 3.383320563088e-01 4.500974e-01
0.700000 21.650000 3.046941916419e-01 3.592909237276e-01 4.710929e-01
0.700000 21.675000 3.137090036078e-01 3.806304904966e-01 4.932473e-01
0.700000 21.700000 3.238620953149e-01 4.021510235558e-01 5.163449e-01
0.700000 21.725000 3.350933956161e-01 4.237146376684e-01 5.402052e-01
0.700000 21.750000 3.473409847616e-01 4.452376593496e-01 5.646967e-01
0.700000 21.775000 3.605595953762e-01 4.666748566818e-01 5.897361e-01
0.700000 21.800000 3.747288103852e-01 4.880002735276e-01 6.152771e-01
0.700000 21.825000 3.898514278285e-01 5.091893327174e-01 6.412939e-01
0.700000 21.850000 4.059442204145e-01 5.302060361039e-01 6.677643e-01
0.700000 21.875000 4.230245432117e-01 5.509976781040e-01 6.946569e-01
0.700000 21.900000 4.410967767844e-01 5.714977676023e-01 7.219252e-01
0.700000 21.925000 4.601423913582e-01 5.916361174390e-01 7.495094e-01
0.700000 21.950000 4.801165521984e-01 6.113535940070e-01 7.773449e-01
0.700000 21.975000 5.009528285751e-01 6.306180490599e-01 8.053775e-01
0.700000 22.000000 5.225759585811e-01 6.494376218195e-01 8.335795e-01
0.700000 22.025000 5.449210294156e-01 6.678679375603e-01 8.619667e-01
0.700000 22.050000 5.679561148205e-01 6.860106692990e-01 8.906092e-01
0.700000 22.075000 5.917045749760e-01 7.040023115566e-01 9.196377e-01
0.700000 22.100000 6.162629962199e-01 7.219936156865e-01 9.492391e-01
0.700000 22.125000 6.418111595597e-01 7.401217038264e-01 9.796437e-01
0.700000 22.150000 6.686114118802e-01 7.584781728422e-01 1.011104e+00
0.700000 22.175000 6.969962216537e-01 7.770773265724e-01 1.043864e+00
0.700000 22.200000 7.273443221272e-01 7.958289133096e-01 1.078134e+00
0.700000 22.225000 7.600474430109e-01 8.145193633986e-01 1.114053e+00
0.700000 22.250000 7.954709787020e-01 8.328045770566e-01 1.151667e+00
0.700000 22.275000 8.339128502502e-01 8.502159420000e-01 1.190915e+00
0.700000 22.300000 8.755651691646e-01 8.661796578813e-01 1.231617e+00
0.700000 22.325000 9.204830645672e-01 8.800478307025e-01 1.273489e+00
0.700000 22.350000 9.685642355187e-01 8.911383911207e-01 1.316148e+00
0.700000 22.375000 1.019541556141e+00 8.987798666326e-01 1.359143e+00
0.700000 22.400000 1.072989565547e+00 9.023565210401e-01 1.401982e+00
0.700000 22.425000 1.128344118768e+00 9.013494143477e-01 1.444158e+00
0.700000 22.450000 1.184933059211e+00 8.953695050452e-01 1.485178e+00
0.700000 22.475000 1.242014669698e+00 8.841799186179e-01 1.524590e+00
0.700000 22.500000 1.298819989762e+00 8.677057933020e-01 1.562001e+00
0.700000 22.525000 1.354594909486e+00 8.460315099482e-01 1.597090e+00
0.700000 22.550000 1.408638255043e+00 8.193864376898e-01 1.629618e+00
0.700000 22.575000 1.460332796335e+00 7.881214226584e-01 1.659430e+00
0.700000 22.600000 1.509167112931e+00 7.526789962462e-01 1.686449e+00
0.700000 22.625000 1.554747402542e+00 7.135606194284e-01 1.710675e+00
0.700000 22.650000 1.596799452385e+00 6.712942058098e-01 1.732168e+00
0.700000 22.675000 1.635161978652e+00 6.264047278863e-01 1.751039e+00
0.700000 22.700000 1.669773266614e+00 5.793900009037e-01 1.767438e+00
0.700000 22.725000 1.700653451281e+00 5.307028754217e-01 1.781535e+00
0.700000 22.750000 1.727884852154e+00 4.807401798481e-01 1.793515e+00
0.700000 22.775000 1.751592547147e+00 4.298379541514e-01 1.803562e+00
0.700000 22.800000 1.771926908159e+00 3.782718969855e-01 1.811854e+00
0.700000 22.825000 1.789049215480e+00 3.262615670305e-01 1.818555e+00
0.700000 22.850000 1.803120819273e+00 2.739767532479e-01 1.823817e+00
0.700000 22.875000 1.814295716573e+00 2.215445391978e-01 1.827772e+00
0.700000 22.900000 1.822715935423e+00 1.690558853717e-01 1.830539e+00
0.700000 22.925000 1.828508811522e+00 1.165709734921e-01 1.832221e+00
0.700000 22.950000 1.831785125196e+00 6.412302368566e-02 1.832907e+00
0.700000 22.975000 1.832637127775e+00 1.172073934954e-02 1.832675e+00
0.700000 23.000000 1.831135694908e+00 -4.065010133862e-02 1.831587e+00
0.700000 23.025000 1.827326153764e+00 -9.302514177403e-02 1.829692e+00
0.700000 23.050000 1.821222689986e+00 -1.454591537096e-01 1.827022e+00
0.700000 23.075000 1.812801600022e+00 -1.980220976077e-01 1.823585e+00
0.700000 23.100000 1.801993974659e+00 -2.507928159010e-01 1.819362e+00
0.700000 23.125000 1.788678652204e+00 -3.038498645161e-01 1.814303e+00
0.700000 23.150000 1.772676448789e+00 -3.572592749330e-01 1.808319e+00
0.700000 23.175000 1.753746753128e+00 -4.110593597219e-01 1.801277e+00
0.700000 23.200000 1.731587565112e+00 -4.652430063545e-01 1.792999e+00
0.700000 23.225000 1.705839965859e+00 -5.197382298064e-01 1.783260e+00
0.700000 23.250000 1.676097835321e+00 -5.743880604817e-01 1.771786e+00
0.700000 23.275000 1.641923384109e+00 -6.289311177184e-01 1.758257e+00
0.700000 23.300000 1.602868739523e+00 -6.829844457929e-01 1.742313e+00
0.700000 23.325000 1.558503423262e+00 -7.360303494901e-01 1.723564e+00
0.700000 23.350000 1.508447086422e+00 -7.874090350959e-01 1.701595e+00
0.700000 23.375000 1.452406341332e+00 -8.363188112989e-01 1.675981e+00
0.700000 23.400000 1.390213977626e+00 -8.818254041290e-01 1.646302e+00
0.700000 23.425000 1.321868313733e+00 -9.228815675849e-01 1.612156e+00
0.700000 23.450000 1.247569970093e+00 -9.583576165033e-01 1.573175e+00
0.700000 23.475000 1.167753020953e+00 -9.870827789165e-01 1.529045e+00
0.700000 23.500000 1.083107353626e+00 -1.007896394093e+00 1.479519e+00
0.700000 23.525000 9.945891957124e-01 -1.019707027626e+00 1.424433e+00
0.700000 23.550000 9.034172021867e-01 -1.021556618158e+00 1.363723e+00
0.700000 23.575000 8.110522381316e-01 -1.012685910734e+00 1.297435e+00
0.700000 23.600000 7.191600269913e-01 -9.925967759816e-01 1.225740e+00
0.700000 23.625000 6.295570984640e-01 -9.611066634395e-01 1.148942e+00
0.700000 23.650000 5.441418681231e-01 -9.183904730322e-01 1.067488e+00
0.700000 23.675000 4.648140869343e-01 -8.650055997550e-01 9.819811e-01
0.700000 23.700000 3.933871701382e-01 -8.018968188005e-01 8.931920e-01
0.700000 23.725000 3.314989068512e-01 -7.303789881318e-01 8.020879e-01
0.700000 23.750000 2.805266354396e-01 -6.520971604158e-01 7.098774e-01
0.700000 23.775000 2.415130492792e-01 -5.689654809656e-01 6.181022e-01
0.700000 23.800000 2.151083241594e-01 -4.830880373052e-01 5.288153e-01
0.700000 23.825000 2.015332403085e-01 -3.966664402553e-01 4.449269e-01
0.700000 23.850000 2.005664764708e-01 -3.119001839887e-01 3.708216e-01
0.700000 23.875000 2.115574040383e-01 -2.308866083634e-01 3.131536e-01
0.700000 23.900000 2.334636737866e-01 -1.555274714591e-01 2.805247e-01
0.700000 23.925000 2.649108615908e-01 -8.744869299941e-02 2.789714e-01
0.700000 23.950000 3.042696242319e-01 -2.793877560362e-02 3.055496e-01
0.700000 23.975000 3.497443974358e-01 2.209015857850e-02 3.504413e-01
0.700000 24.000000 3.994667933075e-01 6.211671547673e-02 4.042675e-01
0.700000 24.025000 4.515866160177e-01 9.200007580173e-02 4.608628e-01
0.700000 24.050000 5.043538391112e-01 1.119475379662e-01 5.166285e-01
0.700000 24.075000 5.561859312000e-01 1.224637946228e-01 5.695087e-01
0.700000 24.100000 6.057164692168e-01 1.242873946631e-01 6.183363e-01
0.700000 24.125000 6.518228762622e-01 1.183206930826e-01 6.624748e-01
0.700000 24.150000 6.936331650690e-01 1.055598006646e-01 7.016194e-01
0.700000 24.175000 7.305135457028e-01 8.703060600319e-02 7.356795e-01
0.700000 24.200000 7.620404649363e-01 6.373591543200e-02 7.647012e-01
0.700000 24.225000 7.879619149083e-01 3.661726498829e-02 7.888123e-01
0.700000 24.250000 8.081535609797e-01 6.533172885987e-03 8.081800e-01
0.700000 24.275000 8.225753366361e-01 -2.574628135065e-02 8.229782e-01
0.700000 24.300000 8.312336479400e-01 -5.953044120643e-02 8.333626e-01
0.700000 24.325000 8.341532970832e-01 -9.418799592438e-02 8.394540e-01
0.700000 24.350000 8.313618041898e-01 -1.291202618970e-01 8.413290e-01
0.700000 24.375000 8.228871474447e-01 -1.637327525395e-01 8.390183e-01
0.700000 24.400000 8.087682415257e-01 -1.974099055416e-01 8.325123e-01
0.700000 24.425000 7.890759186997e-01 -2.294972326241e-01 8.217723e-01
0.700000 24.450000 7.639409290140e-01 -2.592940954954e-01 8.067460e-01
0.700000 24.475000 7.335846599562e-01 -2.860589237920e-01 7.873856e-01
0.700000 24.500000 6.983479650074e-01 -3.090271376305e-01 7.636672e-01
0.700000 24.525000 6.587137012431e-01 -3.274404917361e-01 7.356093e-01
0.700000 24.550000 6.153192690393e-01 -3.405851852705e-01 7.032895e-01
0.700000 24.575000 5.689565330896e-01 -3.478350220949e-01 6.668589e-01
0.700000 24.600000 5.205578565519e-01 -3.486952624998e-01 6.265532e-01
0.700000 24.625000 4.711684496561e-01 -3.428426342075e-01 5.827013e-01
0.700000 24.650000 4.219066647611e-01 -3.301572715984e-01 5.357323e-01
0.700000 24.675000 3.739151161914e-01 -3.107430825878e-01 4.861829e-01
0.700000 24.700000 3.283064444261e-01 -2.849341154190e-01 4.347098e-01
0.700000 24.725000 2.861080954268e-01 -2.532857948437e-01 3.821146e-01
0.700000 24.750000 2.482106047551e-01 -2.165512831808e-01 3.293979e-01
0.700000 24.775000 2.153235651191e-01 -1.756445579816e-01 2.778763e-01
0.700000 24.800000 1.879427598014e-01 -1.315929567385e-01 2.294323e-01
0.700000 24.825000 1.663309434498e-01 -8.548281555201e-02 1.870115e-01
0.700000 24.850000 1.505135523104e-01 -3.840235020887e-02 1.553353e-01
0.700000 24.875000 1.402893487360e-01 8.613940391294e-03 1.405536e-01
0.700000 24.900000 1.352547721339e-01 5.463532329653e-02 1.458728e-01
0.700000 24.925000 1.348396927369e-01 9.887590847490e-02 1.672070e-01
0.700000 24.950000 1.383514376831e-01 1.407242043168e-01 1.973434e-01
0.700000 24.975000 1.450234447177e-01 1.797596584599e-01 2.309661e-01
0.700000 25.000000 1.540647285345e-01 2.157558219923e-01 2.651160e-01
0.700000 25.025000 1.647065154245e-01 2.486708740153e-01 2.982707e-01
0.700000 25.050000 1.762428786269e-01 2.786272115311e-01 3.296888e-01
0.700000 25.075000 1.880629277006e-01 3.058825658726e-01 3.590708e-01
0.700000 25.100000 1.996729888567e-01 3.307955952710e-01 3.863871e-01
0.700000 25.125000 2.107081672822e-01 3.537890963367e-01 4.117823e-01
0.700000 25.150000 2.209336136380e-01 3.753138778331e-01 4.355137e-01
0.700000 25.175000 2.302366397786e-01 3.958159788937e-01 4.579074e-01
0.700000 25.200000 2.386114740912e-01 4.157093450762e-01 4.793221e-01
0.700000 25.225000 2.461388676186e-01 4.353553704989e-01 5.001186e-01
0.700000 25.250000 2.529629370570e-01 4.550499525351e-01 5.206349e-01
0.700000 25.275000 2.592675650036e-01 4.750179668598e-01 5.411670e-01
0.700000 25.300000 2.652544011540e-01 4.954144262540e-01 5.619567e-01
0.700000 25.325000 2.711240699687e-01 5.163310921007e-01 5.831861e-01
0.700000 25.350000 2.770616533171e-01 5.378069978270e-01 6.049789e-01
0.700000 25.375000 2.832269487952e-01 5.598412301859e-01 6.274071e-01
0.700000 25.400000 2.897494710675e-01 5.824063855893e-01 6.505013e-01
0.700000 25.425000 2.967277197338e-01 6.054613427508e-01 6.742631e-01
0.700000 25.450000 3.042319216657e-01 6.289623226705e-01 6.986778e-01
0.700000 25.475000 3.123092873866e-01 6.528715872263e-01 7.237254e-01
0.700000 25.500000 3.209907977332e-01 6.771635025202e-01 7.493901e-01
0.700000 25.525000 3.302986372769e-01 7.018280136791e-01 7.756673e-01
0.700000 25.550000 3.402535782224e-01 7.268718081947e-01 8.025678e-01
0.700000 25.575000 3.508818471672e-01 7.523175666920e-01 8.301203e-01
0.700000 25.600000 3.622212298872e-01 7.782017139686e-01 8.583718e-01
0.700000 25.625000 3.743263444671e-01 8.045710080883e-01 8.873865e-01
0.700000 25.650000 3.872731108491e-01 8.314781744623e-01 9.172439e-01
0.700000 25.675000 4.011624519625e-01 8.589766470077e-01 9.480360e-01
0.700000 25.700000 4.161231832814e-01 8.871143628446e-01 9.798624e-01
0.700000 25.725000 4.323139068627e-01 9.159265077932e-01 1.012826e+00
0.700000 25.750000 4.499235595948e-01 9.454271517504e-01 1.047026e+00
0.700000 25.775000 4.691701185417e-01 9.755998530506e-01 1.082551e+00
0.700000 25.800000 4.902968844681e-01 1.006387536735e+00 1.119467e+00
0.700000 25.825000 5.135657861190e-01 1.037682232074e+00 1.157814e+00
0.700000 25.850000 5.392472963448e-01 1.069315543627e+00 1.197591e+00
0.700000 25.875000 5.676068306283e-01 1.101050973007e+00 1.238746e+00
0.700000 25.900000 5.988878905403e-01 1.132579350536e+00 1.281172e+00
0.700000 25.925000 6.332926790158e-01 1.163518630839e+00 1.324702e+00
0.700000 25.950000 6.709613934004e-01 1.193419124548e+00 1.369101e+00
0.700000 25.975000 7.119518276979e-01 1.221774873187e+00 1.414075e+00
0.700000 26.000000 7.562212176583e-01 1.248041345577e+00 1.459273e+00
0.700000 26.025000 8.036123801971e-01 1.271658987864e+00 1.504297e+00
0.700000 26.050000 8.538460892451e-01 1.292081463303e+00 1.548718e+00
0.700000 26.075000 9.065212765705e-01 1.308806755120e+00 1.592092e+00
0.700000 26.100000 9.611240620677e-01 1.321408763369e+00 1.633977e+00
0.700000 26.125000 1.017045848640e+00 1.329566685394e+00 1.673956e+00
0.700000 26.150000 1.073609835314e+00 1.333089391942e+00 1.711656e+00
0.700000 26.175000 1.130104402497e+00 1.331932232153e+00 1.746763e+00
0.700000 26.200000 1.185821009320e+00 1.326204221454e+00 1.779042e+00
0.700000 26.225000 1.240093616268e+00 1.316164350945e+00 1.808348e+00
0.700000 26.250000 1.292336292847e+00 1.302206734894e+00 1.834632e+00
0.700000 26.275000 1.342075648819e+00 1.284835386075e+00 1.857948e+00
0.700000 26.300000 1.388975061471e+00 1.264630461462e+00 1.878441e+00
0.700000 26.325000 1.432848342707e+00 1.242208733627e+00 1.896348e+00
0.700000 26.350000 1.473661440221e+00 1.218181706745e+00 1.911974e+00
0.700000 26.375000 1.511521903027e+00 1.193115125417e+00 1.925674e+00
0.700000 26.400000 1.546657044049e+00 1.167493569500e+00 1.937831e+00
0.700000 26.425000 1.579382870185e+00 1.141693381716e+00 1.948824e+00
0.700000 26.450000 1.610066794827e+00 1.115966374665e+00 1.959004e+00
0.700000 26.475000 1.639087789694e+00 1.090435689660e+00 1.968669e+00
0.700000 26.500000 1.666797893909e+00 1.065103944827e+00 1.978045e+00
0.700000 26.525000 1.693488842893e+00 1.039872548558e+00 1.987269e+00
0.700000 26.550000 1.719367018948e+00 1.014569906694e+00 1.996391e+00
0.700000 26.575000 1.744539017591e+00 9.889853471773e-01 2.005370e+00
0.700000 26.600000 1.769008967522e+00 9.629050275062e-01 2.014095e+00
0.700000 26.625000 1.792687466148e+00 9.361459426413e-01 2.022399e+00
0.700000 26.650000 1.815410740384e+00 9.085844317581e-01 2.030084e+00
0.700000 26.675000 1.836967555668e+00 8.801762596737e-01 2.036949e+00
0.700000 26.700000 1.857130598131e+00 8.509663450249e-01 2.042811e+00
0.700000 26.725000 1.875688635398e+00 8.210874072336e-01 2.047533e+00
0.700000 26.750000 1.892475766706e+00 7.907480689660e-01 2.051036e+00
0.700000 26.775000 1.907394498940e+00 7.602121336995e-01 2.053309e+00
0.700000 26.800000 1.920430178636e+00 7.297717225830e-01 2.054414e+00
0.700000 26.825000 1.931655374587e+00 6.997175906127e-01 2.054482e+00
0.700000 26.850000 1.941224013201e+00 6.703101783102e-01 2.053696e+00
0.700000 26.875000 1.949356274792e+00 6.417547685564e-01 2.052277e+00
0.700000 26.900000 1.956316319889e+00 6.141835367368e-01 2.050462e+00
0.700000 26.925000 1.962385705519e+00 5.876463809552e-01 2.048484e+00
0.700000 26.950000 1.967835780397e+00 5.621113110235e-01 2.046545e+00
0.700000 26.975000 1.972902368302e+00 5.374739979363e-01 2.044804e+00
0.700000 27.000000 1.977765663903e+00 5.135749846769e-01 2.043359e+00
0.700000 27.025000 1.982537528329e+00 4.902221693690e-01 2.042247e+00
0.700000 27.050000 1.987257379499e+00 4.672156007583e-01 2.041441e+00
0.700000 27.075000 1.991896752641e+00 4.443714412240e-01 2.040862e+00
0.700000 27.100000 1.996371502958e+00 4.215421725372e-01 2.040391e+00
0.700000 27.125000 2.000559675975e+00 3.986307116362e-01 2.039889e+00
0.700000 27.150000 2.004322402143e+00 3.755969876813e-01 2.039211e+00
0.700000 27.175000 2.007524865852e+00 3.524565900510e-01 2.038230e+00
0.700000 27.200000 2.010054493022e+00 3.292721895312e-01 2.036845e+00
0.700000 27.225000 2.011833982227e+00 3.061394165914e-01 2.034993e+00
0.700000 27.250000 2.012827607226e+00 2.831696199327e-01 2.032649e+00
0.700000 27.275000 2.013040236334e+00 2.604723247972e-01 2.029822e+00
0.700000 27.300000 2.012509609205e+00 2.381402075961e-01 2.026550e+00
0.700000 27.325000 2.011293434937e+00 2.162389972518e-01 2.022884e+00
0.700000 27.350000 2.009453684719e+00 1.948039540860e-01 2.018874e+00
0.700000 27.375000 2.007040931033e+00 1.738435623142e-01 2.014556e+00
0.700000 27.400000 2.004081658839e+00 1.533499369702e-01 2.009940e+00
0.700000 27.425000 2.000571120059e+00 1.333143449345e-01 2.005008e+00
0.700000 27.450000 1.996473555425e+00 1.137453272426e-01 1.999711e+00
0.700000 27.475000 1.991730556094e+00 9.468632025892e-02 1.993980e+00
0.700000 27.500000 1.986277113749e+00 7.622950235133e-02 1.987739e+00
0.700000 27.525000 1.980063672990e+00 5.852288372219e-02 1.980928e+00
0.700000 27.550000 1.973081422201e+00 4.176839356569e-02 1.973523e+00
0.700000 27.575000 1.965387293738e+00 2.620982440614e-02 1.965562e+00
0.700000 27.600000 1.957124811766e+00 1.211083991175e-02 1.957162e+00
0.700000 27.625000 1.948537095614e+00 -2.753261451105e-04 1.948537e+00
0.700000 27.650000 1.939969005025e+00 -1.074153906264e-02 1.939999e+00
0.700000 27.675000 1.931856542819e+00 -1.916383286716e-02 1.931952e+00
0.700000 27.700000 1.924703090903e+00 -2.553532137449e-02 1.924872e+00
0.700000 27.725000 1.919043680618e+00 -2.999233650036e-02 1.919278e+00
0.700000 27.750000 1.915400092664e+00 -3.282869865986e-02 1.915681e+00
0.700000 27.775000 1.914230945129e+00 -3.449508463533e-02 1.914542e+00
0.700000 27.800000 1.915881880287e+00 -3.558195914944e-02 1.916212e+00
0.700000 27.825000 1.920541364668e+00 -3.678631783119e-02 1.920894e+00
0.700000 27.850000 1.928207396872e+00 -3.886435090154e-02 1.928599e+00
0.700000 27.875000 1.938669570892e+00 -4.257386103913e-02 1.939137e+00
0.700000 27.900000 1.951509541750e+00 -4.861164664311e-02 1.952115e+00
0.700000 27.925000 1.966121125944e+00 -5.755191869542e-02 1.966963e+00
0.700000 27.950000 1.981749235668e+00 -6.979203770490e-02 1.982978e+00
0.700000 27.975000 1.997544817978e+00 -8.551139069603e-02 1.999374e+00
0.700000 28.000000 2.012631177793e+00 -1.046481096363e-01 2.015350e+00
0.700000 28.025000 2.026175713860e+00 -1.268966709599e-01 2.030146e+00
0.700000 28.050000 2.037460349220e+00 -1.517273841712e-01 2.043102e+00
0.700000 28.075000 2.045943885168e+00 -1.784265936041e-01 2.053709e+00
0.700000 28.100000 2.051310165027e+00 -2.061543182751e-01 2.061643e+00
0.700000 28.125000 2.053497236214e+00 -2.340142690567e-01 2.066788e+00
0.700000 28.150000 2.052704508462e+00 -2.611299038585e-01 2.069247e+00
0.700000 28.175000 2.049377029342e+00 -2.867195468101e-01 2.069337e+00
0.700000 28.200000 2.044168208574e+00 -3.101636709412e-01 2.067565e+00
0.700000 28.225000 2.037884386538e+00 -3.310582112473e-01 2.064600e+00
0.700000 28.250000 2.031416346390e+00 -3.492491464823e-01 2.061220e+00
0.700000 28.275000 2.025664043385e+00 -3.648454100797e-01 2.058258e+00
0.700000 28.300000 2.021461361402e+00 -3.782092654670e-01 2.056538e+00
0.700000 28.325000 2.019507568744e+00 -3.899253902098e-01 2.056806e+00
0.700000 28.350000 2.020311369794e+00 -4.007518431188e-01 2.059675e+00
0.700000 28.375000 2.024152137947e+00 -4.115576530187e-01 2.065568e+00
0.700000 28.400000 2.031061221372e+00 -4.232528291218e-01 2.074693e+00
0.700000 28.425000 2.040824320387e+00 -4.367170722024e-01 2.087028e+00
0.700000 28.450000 2.053004035901e+00 -4.527333487976e-01 2.102330e+00
0.700000 28.475000 2.066979962472e+00 -4.719318242153e-01 2.120171e+00
0.700000 28.500000 2.082002295497e+00 -4.947485317275e-01 2.139979e+00
0.700000 28.525000 2.097253944665e+00 -5.214017183009e-01 2.161096e+00
0.700000 28.550000 2.111915649305e+00 -5.518872026991e-01 2.182835e+00
0.700000 28.575000 2.125228579664e+00 -5.859924610835e-01 2.204537e+00
0.700000 28.600000 2.136549341522e+00 -6.233276542293e-01 2.225619e+00
0.700000 28.625000 2.145393106149e+00 -6.633705383484e-01 2.245612e+00
0.700000 28.650000 2.151461668937e+00 -7.055212344416e-01 2.264188e+00
0.700000 28.675000 2.154654495122e+00 -7.491622110967e-01 2.281180e+00
0.700000 28.700000 2.155062139749e+00 -7.937185740527e-01 2.296581e+00
0.700000 28.725000 2.152942741661e+00 -8.387138393822e-01 2.310542e+00
0.700000 28.750000 2.148683512336e+00 -8.838167657630e-01 2.323354e+00
0.700000 28.775000 2.142750209049e+00 -9.288754949161e-01 2.335420e+00
0.700000 28.800000 2.135628449541e+00 -9.739361530254e-01 2.347224e+00
0.700000 28.825000 2.127761352396e+00 -1.019244152191e+00 2.359285e+00
0.700000 28.850000 2.119488339435e+00 -1.065227648938e+00 2.372117e+00
0.700000 28.875000 2.110989983844e+00 -1.112463909593e+00 2.386180e+00
0.700000 28.900000 2.102243506645e+00 -1.161630633612e+00 2.401835e+00
0.700000 28.925000 2.092992901046e+00 -1.213445517103e+00 2.419312e+00
0.700000 28.950000 2.082736703573e+00 -1.268598409088e+00 2.438675e+00
0.700000 28.975000 2.070735162453e+00 -1.327681223246e+00 2.459813e+00
0.700000 29.000000 2.056037040096e+00 -1.391121218789e+00 2.482440e+00
0.700000 29.025000 2.037524626813e+00 -1.459123268408e+00 2.506102e+00
0.700000 29.050000 2.013973871618e+00 -1.531626228916e+00 2.530211e+00
0.700000 29.075000 1.984125015212e+00 -1.608277503530e+00 2.554077e+00
0.700000 29.100000 1.946757915603e+00 -1.688428371246e+00 2.576947e+00
0.700000 29.125000 1.900765556771e+00 -1.771150758921e+00 2.598054e+00
0.700000 29.150000 1.845219163194e+00 -1.855274008348e+00 2.616653e+00
0.700000 29.175000 1.779418990626e+00 -1.939438059424e+00 2.632062e+00
0.700000 29.200000 1.702926232935e+00 -2.022157580398e+00 2.643687e+00
0.700000 29.225000 1.615573493240e+00 -2.101890181347e+00 2.651041e+00
0.700000 29.250000 1.517453739337e+00 -2.177101173762e+00 2.653759e+00
0.700000 29.275000 1.408890340044e+00 -2.246317550975e+00 2.651587e+00
0.700000 29.300000 1.290393342295e+00 -2.308165031054e+00 2.644379e+00
0.700000 29.325000 1.162609254853e+00 -2.361384079444e+00 2.632070e+00
0.700000 29.350000 1.026272927818e+00 -2.404823642012e+00 2.614653e+00
0.700000 29.375000 8.821703957133e-01 -2.437414580891e+00 2.592145e+00
0.700000 29.400000 7.311206310250e-01 -2.458128132940e+00 2.564553e+00
0.700000 29.425000 5.739820204899e-01 -2.465927667313e+00 2.531848e+00
0.700000 29.450000 4.116861724347e-01 -2.459724166928e+00 2.493938e+00
0.700000 29.475000 2.452976922697e-01 -2.438346817202e+00 2.450654e+00
0.700000 29.500000 7.609426144516e-02 -2.400539586831e+00 2.401745e+00
0.700000 29.525000 -9.434274867570e-02 -2.344992622383e+00 2.346890e+00
0.700000 29.550000 -2.640402420827e-01 -2.270413735834e+00 2.285716e+00
0.700000 29.575000 -4.305631210433e-01 -2.175640526298e+00 2.217836e+00
0.700000 29.600000 -5.909773149804e-01 -2.059788211317e+00 2.142891e+00
0.700000 29.625000 -7.418600975560e-01 -1.922422656741e+00 2.060598e+00
0.700000 29.650000 -8.793681504038e-01 -1.763743070428e+00 1.970806e+00
0.700000 29.675000 -9.993685698383e-01 -1.584755042985e+00 1.873549e+00
0.700000 29.700000 -1.097631466451e+00 -1.387412668195e+00 1.769098e+00
0.700000 29.725000 -1.170075628123e+00 -1.174708775970e+00 1.658016e+00
0.700000 29.750000 -1.213051688407e+00 -9.506950456760e-01 1.541206e+00
0.700000 29.775000 -1.223641194532e+00 -7.204188457792e-01 1.419965e+00
0.700000 29.800000 -1.199945681302e+00 -4.897706912215e-01 1.296050e+00
0.700000 29.825000 -1.141337959220e+00 -2.652445890315e-01 1.171754e+00
0.700000 29.850000 -1.048648713916e+00 -5.362242326479e-02 1.050019e+00
0.700000 29.875000 -9.242652917658e-01 1.383980311175e-01 9.345696e-01
0.700000 29.900000 -7.721259927920e-01 3.046048290813e-01 8.300377e-01
0.700000 29.925000 -5.976017725125e-01 4.396718647114e-01 7.419159e-01
0.700000 29.950000 -4.072671690804e-01 5.395237858934e-01 6.759826e-01
0.700000 29.975000 -2.085725360941e-01 6.016337147281e-01 6.367618e-01
0.700000 30.000000 -9.439211380852e-03 6.252261808430e-01 6.252974e-01
0.700000 30.025000 1.821929346983e-01 6.113650560638e-01 6.379353e-01
0.700000 30.050000 3.588309155218e-01 5.629158603319e-01 6.675582e-01
0.700000 30.075000 5.138703452217e-01 4.843826601203e-01 7.061794e-01
0.700000 30.100000 6.419782583603e-01 3.816308151282e-01 7.468455e-01
0.700000 30.125000 7.393866726960e-01 2.615169236413e-01 7.842728e-01
0.700000 30.150000 8.040742824897e-01 1.314554378839e-01 8.147490e-01
0.700000 30.175000 8.358235470680e-01 -1.043259923116e-03 8.358242e-01
0.700000 30.200000 8.361514406362e-01 -1.288265407235e-01 8.460174e-01
0.700000 30.225000 8.081231331530e-01 -2.455097021784e-01 8.445934e-01
0.700000 30.250000 7.560677675992e-01 -3.458121710636e-01 8.313991e-01
0.700000 30.275000 6.852233099052e-01 -4.257968232221e-01 8.067428e-01
0.700000 30.300000 6.013424394547e-01 -4.829989681389e-01 7.712981e-01
0.700000 30.325000 5.102932049141e-01 -5.164418934855e-01 7.260244e-01
0.700000 30.350000 4.176866350545e-01 -5.265460197960e-01 6.720959e-01
0.700000 30.375000 3.285589650084e-01 -5.149476513244e-01 6.108372e-01
0.700000 30.400000 2.471292233170e-01 -4.842501718921e-01 5.436645e-01
0.700000 30.425000 1.766444632271e-01 -4.377347312600e-01 4.720328e-01
0.700000 30.450000 1.193158789130e-01 -3.790587232260e-01 3.973938e-01
0.700000 30.475000 7.634040133192e-02 -3.119687312714e-01 3.211734e-01
0.700000 30.500000 4.799499680937e-02 -2.400504833113e-01 2.448015e-01
0.700000 30.525000 3.378547645628e-02 -1.665323393048e-01 1.699249e-01
0.700000 30.550000 3.262858554686e-02 -9.415172667152e-02 9.964523e-02
0.700000 30.575000 4.304560289595e-02 -2.508659649970e-02 4.982230e-02
0.700000 30.600000 6.334747384179e-02 3.905278240293e-02 7.441789e-02
0.700000 30.625000 9.179520765666e-02 9.718185735951e-02 1.336812e-01
0.700000 30.650000 1.267242877961e-01 1.486635456906e-01 1.953456e-01
0.700000 30.675000 1.666274694082e-01 1.932093333423e-01 2.551364e-01
0.700000 30.700000 2.101958643463e-01 2.307750997199e-01 3.121529e-01
0.700000 30.725000 2.563230106075e-01 2.614650807203e-01 3.661495e-01
0.700000 30.750000 3.040802113397e-01 2.854541177699e-01 4.170717e-01
0.700000 30.775000 3.526735244421e-01 3.029343254045e-01 4.649170e-01
0.700000 30.800000 4.013933162196e-01 3.140881214763e-01 5.096743e-01
0.700000 30.825000 4.495663918369e-01 3.190857385461e-01 5.512945e-01
0.700000 30.850000 4.965186767428e-01 3.181023027588e-01 5.896778e-01
0.700000 30.875000 5.415536523893e-01 3.113476074200e-01 6.246741e-01
0.700000 30.900000 5.839486980221e-01 2.991009315025e-01 6.560926e-01
0.700000 30.925000 6.229685913146e-01 2.817436003033e-01 6.837173e-01
0.700000 30.950000 6.578930333651e-01 2.597832575855e-01 7.073264e-01
0.700000 30.975000 6.880534332347e-01 2.338657189066e-01 7.267123e-01
0.700000 31.000000 7.128734246365e-01 2.047724615950e-01 7.417009e-01
0.700000 31.025000 7.319076698694e-01 1.734039421158e-01 7.521687e-01
0.700000 31.050000 7.448742968398e-01 1.407507338911e-01 7.580557e-01
0.700000 31.075000 7.516775970696e-01 1.078557525179e-01 7.593761e-01
0.700000 31.100000 7.524191306617e-01 7.577148953820e-02 7.562247e-01
0.700000 31.125000 7.473968874562e-01 4.551622318124e-02 7.487816e-01
0.700000 31.150000 7.370934330238e-01 1.803271560872e-02 7.373140e-01
0.700000 31.175000 7.221548829204e-01 -5.847897750649e-03 7.221786e-01
0.700000 31.200000 7.033630389674e-01 -2.543528269844e-02 7.038228e-01
0.700000 31.225000 6.816031065515e-01 -4.020134002866e-02 6.827876e-01
0.700000 31.250000 6.578291758900e-01 -4.979386880650e-02 6.597110e-01
0.700000 31.275000 6.330292173555e-01 -5.404295319329e-02 6.353319e-01
0.700000 31.300000 6.081908481885e-01 -5.296081706023e-02 6.104924e-01
0.700000 31.325000 5.842686971892e-01 -4.673590397054e-02 5.861349e-01
0.700000 31.350000 5.621539104098e-01 -3.572179746081e-02 5.632877e-01
0.700000 31.375000 5.426462399023e-01 -2.042140124147e-02 5.430304e-01
0.700000 31.400000 5.264292227467e-01 -1.466652397983e-03 5.264313e-01
0.700000 31.425000 5.140491285510e-01 2.040597953086e-02 5.144540e-01
0.700000 31.450000 5.058985425547e-01 4.438381092869e-02 5.078418e-01
0.700000 31.475000 5.022055641663e-01 6.960938472660e-02 5.070068e-01
0.700000 31.500000 5.030295583092e-01 9.521393829643e-02 5.119614e-01
0.700000 31.525000 5.082641538514e-01 1.203513886262e-01 5.223188e-01
0.700000 31.550000 5.176477388032e-01 1.442309947884e-01 5.373656e-01
0.700000 31.575000 5.307811017961e-01 1.661467059089e-01 5.561774e-01
0.700000 31.600000 5.471511991476e-01 1.855012951881e-01 5.777414e-01
0.700000 31.625000 5.661593964763e-01 2.018237404771e-01 6.010568e-01
0.700000 31.650000 5.871520571970e-01 2.147789129585e-01 6.252020e-01
0.700000 31.675000 6.094511230981e-01 2.241694031310e-01 6.493709e-01
0.700000 31.700000 6.323824129498e-01 2.299301360870e-01 6.728859e-01
0.700000 31.725000 6.552997614535e-01 2.321171761012e-01 6.951951e-01
0.700000 31.750000 6.776037853637e-01 2.308926680833e-01 7.158619e-01
0.700000 31.775000 6.987548991010e-01 2.265081118439e-01 7.345504e-01
0.700000 31.800000 7.182810760093e-01 2.192880619016e-01 7.510093e-01
0.700000 31.825000 7.357816171004e-01 2.096158961781e-01 7.650578e-01
0.700000 31.850000 7.509287109729e-01 1.979225669259e-01 7.765741e-01
0.700000 31.875000 7.634687457842e-01 1.846783540846e-01 7.854875e-01
0.700000 31.900000 7.732251198329e-01 1.703867369281e-01 7.917757e-01
0.700000 31.925000 7.801037094082e-01 1.555787467681e-01 7.954662e-01
0.700000 31.950000 7.841012740601e-01 1.408057075839e-01 7.966436e-01
0.700000 31.975000 7.853160479979e-01 1.266282170330e-01 7.954596e-01
0.700000 32.000000 7.839587541630e-01 1.135996104113e-01 7.921466e-01
0.700000 32.025000 7.803614651083e-01 1.022429564191e-01 7.870309e-01
0.700000 32.050000 7.749812818348e-01 9.302175709492e-02 7.805441e-01
0.700000 32.075000 7.683958205309e-01 8.630580782902e-02 7.732275e-01
0.700000 32.100000 7.612880324267e-01 8.233492349205e-02 7.657274e-01
0.700000 32.125000 7.544189006385e-01 8.118425223515e-02 7.587745e-01
0.700000 32.150000 7.485879505153e-01 8.273550123006e-02 7.531461e-01
0.700000 32.175000 7.445831042657e-01 8.665846141985e-02 7.496090e-01
0.700000 32.200000 7.431229946604e-01 9.240668638580e-02 7.488463e-01
0.700000 32.225000 7.447962048896e-01 9.923008180723e-02 7.513774e-01
0.700000 32.250000 7.500028232592e-01 1.062056062732e-01 7.574852e-01
0.700000 32.275000 7.589040452239e-01 1.122854487923e-01 7.671658e-01
0.700000 32.300000 7.713852480831e-01 1.163601545794e-01 7.801121e-01
0.700000 32.325000 7.870370177227e-01 1.173324533135e-01 7.957350e-01
0.700000 32.350000 8.051571187261e-01 1.141962185450e-01 8.132151e-01
0.700000 32.375000 8.247745369596e-01 1.061142196146e-01 8.315728e-01
0.700000 32.400000 8.446947031627e-01 9.248821295498e-02 8.497430e-01
0.700000 32.425000 8.635630608130e-01 7.301546881204e-02 8.666443e-01
0.700000 32.450000 8.799424909222e-01 4.772696953872e-02 8.812359e-01
0.700000 32.475000 8.923989262231e-01 1.700410271058e-02 8.925609e-01
0.700000 32.500000 8.995888873683e-01 -1.842748668677e-02 8.997776e-01
0.700000 32.525000 9.003426866257e-01 -5.752633946931e-02 9.021786e-01
0.700000 32.550000 8.937376247955e-01 -9.898365760442e-02 8.992023e-01
0.700000 32.575000 8.791565432268e-01 -1.412881608594e-01 8.904373e-01
0.700000 32.600000 8.563284279662e-01 -1.828027254941e-01 8.756228e-01
0.700000 32.625000 8.253492213194e-01 -2.218477375467e-01 8.546448e-01
0.700000 32.650000 7.866824101148e-01 -2.567860793091e-01 8.275315e-01
0.700000 32.675000 7.411401952968e-01 -2.861050263777e-01 7.944463e-01
0.700000 32.700000 6.898470195931e-01 -3.084909470309e-01 7.556822e-01
0.700000 32.725000 6.341879115449e-01 -3.228934371316e-01 7.116562e-01
0.700000 32.750000 5.757445214524e-01 -3.285762770087e-01 6.629058e-01
0.700000 32.775000 5.162219446288e-01 -3.251532801213e-01 6.100900e-01
0.700000 32.800000 4.573695369600e-01 -3.126076810727e-01 5.539950e-01
0.700000 32.825000 4.008990113095e-01 -2.912941956662e-01 4.955525e-01
0.700000 32.850000 3.484032200586e-01 -2.619233318794e-01 4.358769e-01
0.700000 32.875000 3.012791968942e-01 -2.255280156591e-01 3.763403e-01
0.700000 32.900000 2.606592189450e-01 -1.834131986154e-01 3.187219e-01
0.700000 32.925000 2.273537819603e-01 -1.370898929209e-01 2.654871e-01
0.700000 32.950000 2.018103479427e-01 -8.819604556203e-02 2.202407e-01
0.700000 32.975000 1.840914082642e-01 -3.840777640177e-02 1.880553e-01
0.700000 33.000000 1.738747047416e-01 1.065434048979e-02 1.742008e-01
0.700000 33.025000 1.704773094533e-01 5.751822838578e-02 1.799190e-01
0.700000 33.050000 1.729036902095e-01 1.009460181551e-01 2.002143e-01
0.700000 33.075000 1.799159698184e-01 1.400057713968e-01 2.279723e-01
0.700000 33.100000 1.901224888965e-01 1.741228302587e-01 2.578087e-01
0.700000 33.125000 2.020787331224e-01 2.031054871050e-01 2.865094e-01
0.700000 33.150000 2.143929527758e-01 2.271414653669e-01 3.123421e-01
0.700000 33.175000 2.258276521486e-01 2.467641158858e-01 3.345006e-01
0.700000 33.200000 2.353877860892e-01 2.627900549925e-01 3.527974e-01
0.700000 33.225000 2.423871187805e-01 2.762329111196e-01 3.674998e-01
0.700000 33.250000 2.464858142922e-01 2.882005630797e-01 3.792292e-01
0.700000 33.275000 2.476948505007e-01 2.997853929860e-01 3.888753e-01
0.700000 33.300000 2.463460609153e-01 3.119583267723e-01 3.974976e-01
0.700000 33.325000 2.430301862850e-01 3.254775676933e-01 4.062011e-01
0.700000 33.350000 2.385088585336e-01 3.408218393735e-01 4.159880e-01
0.700000 33.375000 2.336095161287e-01 3.581556888130e-01 4.276084e-01
0.700000 33.400000 2.291144637612e-01 3.773311523419e-01 4.414434e-01
0.700000 33.425000 2.256563248882e-01 3.979261911144e-01 4.574560e-01
0.700000 33.450000 2.236318076744e-01 4.193161900920e-01 4.752234e-01
0.700000 33.475000 2.231439883828e-01 4.407709678482e-01 4.940367e-01
0.700000 33.500000 2.239803583887e-01 4.615666353625e-01 5.130409e-01
0.700000 33.525000 2.256299890348e-01 4.810996697308e-01 5.313810e-01
0.700000 33.550000 2.273387768155e-01 4.989900065868e-01 5.483374e-01
0.700000 33.575000 2.281973498750e-01 5.151609108540e-01 5.634401e-01
0.700000 33.600000 2.272523684331e-01 5.298857828484e-01 5.765610e-01
0.700000 33.625000 2.236291062144e-01 5.437956403227e-01 5.879827e-01
0.700000 33.650000 2.166517130225e-01 5.578453806640e-01 5.984392e-01
0.700000 33.675000 2.059476251526e-01 5.732415631444e-01 6.091144e-01
0.700000 33.700000 1.915242175181e-01 5.913388115484e-01 6.215811e-01
0.700000 33.725000 1.738087958091e-01 6.135155045874e-01 6.376604e-01
0.700000 33.750000 1.536470565675e-01 6.410417716444e-01 6.591980e-01
0.700000 33.775000 1.322597205600e-01 6.749536688936e-01 6.877900e-01
0.700000 33.800000 1.111616277906e-01 7.159466824133e-01 7.245251e-01
0.700000 33.825000 9.205163139272e-02 7.642994905939e-01 7.698228e-01
0.700000 33.850000 7.668467324505e-02 8.198354974022e-01 8.234141e-01
0.700000 33.875000 6.673912548897e-02 8.819254429637e-01 8.844471e-01
0.700000 33.900000 6.369266718096e-02 9.495299183616e-01 9.516637e-01
0.700000 33.925000 6.871864970184e-02 1.021276390162e+00 1.023586e+00
0.700000 33.950000 8.261228560636e-02 1.095561865219e+00 1.098672e+00
0.700000 33.975000 1.057524235201e-01 1.170669981841e+00 1.175437e+00
0.700000 34.000000 1.381006015511e-01 1.244890333898e+00 1.252527e+00
0.700000 34.025000 1.792350033892e-01 1.316628280211e+00 1.328772e+00
0.700000 34.050000 2.284133554487e-01 1.384495246526e+00 1.403211e+00
0.700000 34.075000 2.846561017680e-01 1.447372320575e+00 1.475099e+00
0.700000 34.100000 3.468396513971e-01 1.504443385783e+00 1.543907e+00
0.700000 34.125000 4.137892303971e-01 1.555197688409e+00 1.609305e+00
0.700000 34.150000 4.843618434149e-01 1.599405136031e+00 1.671138e+00
0.700000 34.175000 5.575118635761e-01 1.637070386846e+00 1.729398e+00
0.700000 34.200000 6.323345115930e-01 1.668373615740e+00 1.784185e+00
0.700000 34.225000 7.080855706357e-01 1.693606575011e+00 1.835671e+00
0.700000 34.250000 7.841787086430e-01 1.713112192217e+00 1.884062e+00
0.700000 34.275000 8.601643738539e-01 1.727234592076e+00 1.929565e+00
0.700000 34.300000 9.356961008536e-01 1.736284335949e+00 1.972362e+00
0.700000 34.325000 1.010491033130e+00 1.740521160471e+00 2.012587e+00
0.700000 34.350000 1.084291481168e+00 1.740153916175e+00 2.050323e+00
0.700000 34.375000 1.156833465052e+00 1.735355091196e+00 2.085598e+00
0.700000 34.400000 1.227826617481e+00 1.726285529598e+00 2.118400e+00
0.700000 34.425000 1.296947803542e+00 1.713123904301e+00 2.148690e+00
0.700000 34.450000 1.363848641572e+00 1.696095259687e+00 2.176424e+00
0.700000 34.475000 1.428175076084e+00 1.675493468620e+00 2.201582e+00
0.700000 34.500000 1.489595509249e+00 1.651693626119e+00 2.224182e+00
0.700000 34.525000 1.547832923130e+00 1.625152028449e+00 2.244305e+00
0.700000 34.550000 1.602696014784e+00 1.596393222400e+00 2.262102e+00
0.700000 34.575000 1.654104623857e+00 1.565985409020e+00 2.277800e+00
0.700000 34.600000 1.702105577049e+00 1.534507028420e+00 2.291697e+00
0.700000 34.625000 1.746876360700e+00 1.502508467677e+00 2.304150e+00
0.700000 34.650000 1.788715575800e+00 1.470473419326e+00 2.315555e+00
0.700000 34.675000 1.828020730074e+00 1.438784443179e+00 2.326319e+00
0.700000 34.700000 1.865255392896e+00 1.407696787052e+00 2.336833e+00
0.700000 34.725000 1.900908927793e+00 1.377323595843e+00 2.347440e+00
0.700000 34.750000 1.935452818607e+00 1.347634414035e+00 2.358410e+00
0.700000 34.775000 1.969297966503e+00 1.318467512062e+00 2.369914e+00
0.700000 34.800000 2.002757254562e+00 1.289555187940e+00 2.382014e+00
0.700000 34.825000 2.036017196359e+00 1.260559940206e+00 2.394656e+00
0.700000 34.850000 2.069121677346e+00 1.231118376763e+00 2.407679e+00
0.700000 34.875000 2.101969753376e+00 1.200888984108e+00 2.420829e+00
0.700000 34.900000 2.134328285189e+00 1.169599468464e+00 2.433787e+00
0.700000 34.925000 2.165858952826e+00 1.137089303081e+00 2.446205e+00
0.700000 34.950000 2.196157991942e+00 1.103343362378e+00 2.457738e+00
0.700000 34.975000 2.224805895453e+00 1.068513067983e+00 2.468093e+00
0.700000 35.000000 2.251423388951e+00 1.032922279450e+00 2.477062e+00
0.700000 35.025000 2.275729269137e+00 9.970561930072e-01 2.484565e+00
0.700000 35.050000 2.297595238063e+00 9.615327181444e-01 2.490680e+00
0.700000 35.075000 2.317092714550e+00 9.270571287533e-01 2.495667e+00
0.700000 35.100000 2.334526794056e+00 8.943621657840e-01 2.499980e+00
0.700000 35.125000 2.350453085060e+00 8.641371206185e-01 2.504269e+00
0.700000 35.150000 2.365674081679e+00 8.369506571924e-01 2.509363e+00
0.700000 35.175000 2.381213021541e+00 8.131731300373e-01 2.516232e+00
0.700000 35.200000 2.398264775180e+00 7.929048153743e-01 2.525940e+00
0.700000 35.225000 2.418125132083e+00 7.759166915435e-01 2.539562e+00
0.700000 35.250000 2.442101766024e+00 7.616101033635e-01 2.558107e+00
0.700000 35.275000 2.471412024537e+00 7.490007782588e-01 2.582417e+00
0.700000 35.300000 2.507074320953e+00 7.367312341827e-01 2.613081e+00
0.700000 35.325000 2.549801135688e+00 7.231136910965e-01 2.650355e+00
0.700000 35.350000 2.599902296861e+00 7.062032882962e-01 2.694107e+00
0.700000 35.375000 2.657207186215e+00 6.838988919241e-01 2.743805e+00
0.700000 35.400000 2.721013738354e+00 6.540662639395e-01 2.798521e+00
0.700000 35.425000 2.790070572724e+00 6.146760902242e-01 2.856978e+00
0.700000 35.450000 2.862596397932e+00 5.639475631406e-01 2.917618e+00
0.700000 35.475000 2.936338110529e+00 5.004870858358e-01 2.978686e+00
0.700000 35.500000 3.008665991577e+00 4.234113620183e-01 3.038313e+00
0.700000 35.525000 3.076701343936e+00 3.324447332083e-01 3.094610e+00
0.700000 35.550000 3.137469089066e+00 2.279821181365e-01 3.145741e+00
0.700000 35.575000 3.188065521318e+00 1.111112006325e-01 3.190001e+00
0.700000 35.600000 3.225829828168e+00 -1.640957334121e-02 3.225872e+00
0.700000 35.625000 3.248507291023e+00 -1.522173330886e-01 3.252072e+00
0.700000 35.650000 3.254392365752e+00 -2.934522038693e-01 3.267596e+00
0.700000 35.675000 3.242441096797e+00 -4.368993616483e-01 3.271743e+00
0.700000 35.700000 3.212344445532e+00 -5.791565504653e-01 3.264135e+00
0.700000 35.725000 3.164556934284e+00 -7.168158801949e-01 3.244726e+00
0.700000 35.750000 3.100278282855e+00 -8.466475927589e-01 3.213804e+00
0.700000 35.775000 3.021389167502e+00 -9.657733252927e-01 3.171988e+00
0.700000 35.800000 2.930345576136e+00 -1.071817211816e+00 3.120211e+00
0.700000 35.825000 2.830039197027e+00 -1.163024869328e+00 3.059697e+00
0.700000 35.850000 2.723633630482e+00 -1.238342755628e+00 2.991935e+00
0.700000 35.875000 2.614387781000e+00 -1.297453354302e+00 2.918631e+00
0.700000 35.900000 2.505478467957e+00 -1.340764891483e+00 2.841667e+00
0.700000 35.925000 2.399834057275e+00 -1.369357560688e+00 2.763032e+00
0.700000 35.950000 2.299989807967e+00 -1.384891275650e+00 2.684749e+00
0.700000 35.975000 2.207973753883e+00 -1.389482563200e+00 2.608795e+00
0.700000 36.000000 2.125229463021e+00 -1.385560166779e+00 2.537002e+00
0.700000 36.025000 2.052579133635e+00 -1.375710126400e+00 2.470963e+00
0.700000 36.050000 1.990227420618e+00 -1.362521460776e+00 2.411943e+00
0.700000 36.075000 1.937803367744e+00 -1.348443090632e+00 2.360801e+00
0.700000 36.100000 1.894435075570e+00 -1.335661356623e+00 2.317946e+00
0.700000 36.125000 1.858849465190e+00 -1.326005504339e+00 2.283334e+00
0.700000 36.150000 1.829487876510e+00 -1.320885985830e+00 2.256494e+00
0.700000 36.175000 1.804627394342e+00 -1.321267556509e+00 2.236611e+00
0.700000 36.200000 1.782497800931e+00 -1.327676153885e+00 2.222616e+00
0.700000 36.225000 1.761384921857e+00 -1.340235673641e+00 2.213303e+00
0.700000 36.250000 1.739712808555e+00 -1.358728254126e+00 2.207429e+00
0.700000 36.275000 1.716099560217e+00 -1.382669770851e+00 2.203809e+00
0.700000 36.300000 1.689384439575e+00 -1.411391119530e+00 2.201373e+00
0.700000 36.325000 1.658627033246e+00 -1.444115663950e+00 2.199208e+00
0.700000 36.350000 1.623082259212e+00 -1.480024002025e+00 2.196558e+00
0.700000 36.375000 1.582157725396e+00 -1.518298928595e+00 2.192819e+00
0.700000 36.400000 1.535361998301e+00 -1.558146018607e+00 2.187500e+00
0.700000 36.425000 1.482253495948e+00 -1.598788396636e+00 2.180183e+00
0.700000 36.450000 1.422399795112e+00 -1.639437693837e+00 2.170479e+00
0.700000 36.475000 1.355356061089e+00 -1.679246559924e+00 2.157976e+00
0.700000 36.500000 1.280669111710e+00 -1.717251010984e+00 2.142210e+00
0.700000 36.525000 1.197910487678e+00 -1.752312987260e+00 2.122638e+00
0.700000 36.550000 1.106738112250e+00 -1.783074464056e+00 2.098624e+00
0.700000 36.575000 1.006982078146e+00 -1.807934103048e+00 2.069454e+00
0.700000 36.600000 8.987462547189e-01 -1.825055686983e+00 2.034348e+00
0.700000 36.625000 7.825142346624e-01 -1.832414542156e+00 1.992504e+00
0.700000 36.650000 6.592460672494e-01 -1.827884074332e+00 1.943133e+00
0.700000 36.675000 5.304515888219e-01 -1.809359822603e+00 1.885514e+00
0.700000 36.700000 3.982271518683e-01 -1.774913576670e+00 1.819039e+00
0.700000 36.725000 2.652451838740e-01 -1.722965665985e+00 1.743263e+00
0.700000 36.750000 1.346900953927e-01 -1.652460064362e+00 1.657940e+00
0.700000 36.775000 1.013923735723e-02 -1.563024935643e+00 1.563058e+00
0.700000 36.800000 -1.046066391965e-01 -1.455101009946e+00 1.458856e+00
0.700000 36.825000 -2.057332623043e-01 -1.330021872939e+00 1.345840e+00
0.700000 36.850000 -2.896478924465e-01 -1.190033801562e+00 1.224776e+00
0.700000 36.875000 -3.532206853632e-01 -1.038247896111e+00 1.096688e+00
0.700000 36.900000 -3.940115908256e-01 -8.785234502528e-01 9.628336e-01
0.700000 36.925000 -4.104621963678e-01 -7.152881283736e-01 8.246917e-01
0.700000 36.950000 -4.020342684429e-01 -5.533068664480e-01 6.839445e-01
0.700000 36.975000 -3.692810700019e-01 -3.974167663547e-01 5.425022e-01
0.700000 37.000000 -3.138434295332e-01 -2.522489929086e-01 4.026503e-01
0.700000 37.025000 -2.383693953010e-01 -1.219603552886e-01 2.677579e-01
0.700000 37.050000 -1.463633971615e-01 -9.996635276514e-03 1.467044e-01
0.700000 37.075000 -4.197738343569e-02 8.109315048075e-02 9.131374e-02
0.700000 37.100000 7.023831967880e-02 1.497772008603e-01 1.654286e-01
0.700000 37.125000 1.856032458273e-01 1.955880056955e-01 2.696354e-01
0.700000 37.150000 2.995717273100e-01 2.190949603881e-01 3.711412e-01
0.700000 37.175000 4.079732520791e-01 2.218083902585e-01 4.643718e-01
0.700000 37.200000 5.072102363457e-01 2.060269938753e-01 5.474572e-01
0.700000 37.225000 5.944002425776e-01 1.746453667549e-01 6.195262e-01
0.700000 37.250000 6.674558399759e-01 1.309409489123e-01 6.801785e-01
0.700000 37.275000 7.251018653817e-01 7.836021233651e-02 7.293237e-01
0.700000 37.300000 7.668360245668e-01 2.032219932227e-02 7.671053e-01
0.700000 37.325000 7.928438706548e-01 -3.994606439870e-02 7.938495e-01
0.700000 37.350000 8.038826557466e-01 -9.953270818773e-02 8.100210e-01
0.700000 37.375000 8.011500429978e-01 -1.559187757057e-01 8.161814e-01
0.700000 37.400000 7.861531182520e-01 -2.070122736275e-01 8.129519e-01
0.700000 37.425000 7.605907448257e-01 -2.511450336201e-01 8.009820e-01
0.700000 37.450000 7.262584860275e-01 -2.870424430183e-01 7.809256e-01
0.700000 37.475000 6.849806717466e-01 -3.137779266986e-01 7.534289e-01
0.700000 37.500000 6.385693892081e-01 -3.307240466849e-01 7.191309e-01
0.700000 37.525000 5.888059081911e-01 -3.375103440524e-01 6.786793e-01
0.700000 37.550000 5.374368837678e-01 -3.339949299935e-01 6.327646e-01
0.700000 37.575000 4.861760161100e-01 -3.202528693074e-01 5.821761e-01
0.700000 37.600000 4.367018619278e-01 -2.965802220242e-01 5.278905e-01
0.700000 37.625000 3.906441144413e-01 -2.635088611272e-01 4.712109e-01
0.700000 37.650000 3.495535961849e-01 -2.218244312080e-01 4.139973e-01
0.700000 37.675000 3.148549547940e-01 -1.725784618083e-01 3.590501e-01
0.700000 37.700000 2.877850172433e-01 -1.170858946772e-01 3.106917e-01
0.700000 37.725000 2.693233183465e-01 -5.690108273093e-02 2.752686e-01
0.700000 37.750000 2.601239142819e-01 6.231602649352e-03 2.601985e-01
0.700000 37.775000 2.604588049375e-01 7.045252153017e-02 2.698191e-01
0.700000 37.800000 2.701829061126e-01 1.338827040846e-01 3.015350e-01
0.700000 37.825000 2.887285528635e-01 1.947330598522e-01 3.482602e-01
0.700000 37.850000 3.151342269832e-01 2.514161438288e-01 4.031373e-01
0.700000 37.875000 3.481080276463e-01 3.026483619726e-01 4.612757e-01
0.700000 37.900000 3.861219195477e-01 3.475307310079e-01 5.194880e-01
0.700000 37.925000 4.275286237946e-01 3.855981907761e-01 5.757314e-01
0.700000 37.950000 4.706897536072e-01 4.168307853178e-01 6.287263e-01
0.700000 37.975000 5.141019113786e-01 4.416243626147e-01 6.777410e-01
0.700000 38.000000 5.565072435881e-01 4.607232287431e-01 7.224723e-01
0.700000 38.025000 5.969764591055e-01 4.751217984884e-01 7.629689e-01
0.700000 38.050000 6.349553848566e-01 4.859460979152e-01 7.995699e-01
0.700000 38.075000 6.702703804160e-01 4.943284832032e-01 8.328403e-01
0.700000 38.100000 7.030928203417e-01 5.012898031040e-01 8.634993e-01
0.700000 38.125000 7.338677537255e-01 5.076423246655e-01 8.923355e-01
0.700000 38.150000 7.632161352914e-01 5.139241707247e-01 9.201179e-01
0.700000 38.175000 7.918231426862e-01 5.203721074588e-01 9.475078e-01
0.700000 38.200000 8.203266540100e-01 5.269347684117e-01 9.749852e-01
0.700000 38.225000 8.492197650299e-01 5.333234117069e-01 1.002800e+00
0.700000 38.250000 8.787793103615e-01 5.390927100147e-01 1.030958e+00
0.700000 38.275000 9.090289703092e-01 5.437404429894e-01 1.059239e+00
0.700000 38.300000 9.397411321823e-01 5.468127447439e-01 1.087252e+00
0.700000 38.325000 9.704767938054e-01 5.480010151588e-01 1.114509e+00
0.700000 38.350000 1.000658060381e+00 5.472177790676e-01 1.140510e+00
0.700000 38.375000 1.029663778015e+00 5.446415004972e-01 1.164836e+00
0.700000 38.400000 1.056936049960e+00 5.407242686434e-01 1.187222e+00
0.700000 38.425000 1.082084115850e+00 5.361608664139e-01 1.207632e+00
0.700000 38.450000 1.104972463279e+00 5.318224361871e-01 1.226295e+00
0.700000 38.475000 1.125782000956e+00 5.286621969508e-01 1.243732e+00
0.700000 38.500000 1.145036378216e+00 5.276039411524e-01 1.260744e+00
0.700000 38.525000 1.163589661544e+00 5.294259805168e-01 1.278371e+00
0.700000 38.550000 1.182576056874e+00 5.346536242084e-01 1.297821e+00
0.700000 38.575000 1.203326654009e+00 5.434721585111e-01 1.320362e+00
0.700000 38.600000 1.227261766741e+00 5.556698379079e-01 1.347197e+00
0.700000 38.625000 1.255769952061e+00 5.706169310008e-01 1.379334e+00
0.700000 38.650000 1.290085964370e+00 5.872828355663e-01 1.417471e+00
0.700000 38.675000 1.331179656464e+00 6.042891770320e-01 1.461918e+00
0.700000 38.700000 1.379666271520e+00 6.199931107991e-01 1.512571e+00
0.700000 38.725000 1.435745924518e+00 6.325921661696e-01 1.568929e+00
0.700000 38.750000 1.499176707338e+00 6.402401860532e-01 1.630165e+00
0.700000 38.775000 1.569282193772e+00 6.411633745924e-01 1.695210e+00
0.700000 38.800000 1.644990603254e+00 6.337661526353e-01 1.762854e+00
0.700000 38.825000 1.724899897090e+00 6.167182834081e-01 1.831835e+00
0.700000 38.850000 1.807360933007e+00 5.890172965013e-01 1.900919e+00
0.700000 38.875000 1.890569680034e+00 5.500232599574e-01 1.968954e+00
0.700000 38.900000 1.972659450872e+00 4.994660504970e-01 2.034908e+00
0.700000 38.925000 2.051785068222e+00 4.374280904258e-01 2.097895e+00
0.700000 38.950000 2.126192658338e+00 3.643077545640e-01 2.157178e+00
0.700000 38.975000 2.194271091038e+00 2.807700895019e-01 2.212161e+00
0.700000 39.000000 2.254583647628e+00 1.876920267542e-01 2.262383e+00
0.700000 39.025000 2.305880979607e+00 8.610891950656e-02 2.307488e+00
0.700000 39.050000 2.347098537117e+00 -2.283189868178e-02 2.347210e+00
0.700000 39.075000 2.377343176019e+00 -1.379065515229e-01 2.381340e+00
0.700000 39.100000 2.395874459405e+00 -2.578371263209e-01 2.409708e+00
0.700000 39.125000 2.402086210175e+00 -3.813014433112e-01 2.432161e+00
0.700000 39.150000 2.395493194504e+00 -5.069322139396e-01 2.448544e+00
0.700000 39.175000 2.375726549563e+00 -6.333092361480e-01 2.458690e+00
0.700000 39.200000 2.342539900060e+00 -7.589492296448e-01 2.462417e+00
0.700000 39.225000 2.295826258885e+00 -8.822982186110e-01 2.459526e+00
0.700000 39.250000 2.235644006501e+00 -1.001731018813e+00 2.449810e+00
0.700000 39.275000 2.162248703257e+00 -1.115561450334e+00 2.433063e+00
0.700000 39.300000 2.076126379797e+00 -1.222065507801e+00 2.409096e+00
0.700000 39.325000 1.978023388792e+00 -1.319518053071e+00 2.377752e+00
0.700000 39.350000 1.868967936730e+00 -1.406241850156e+00 2.338922e+00
0.700000 39.375000 1.750279030220e+00 -1.480666138859e+00 2.292564e+00
0.700000 39.400000 1.623559687818e+00 -1.541390622609e+00 2.238712e+00
0.700000 39.425000 1.490672754204e+00 -1.587249869424e+00 2.177491e+00
0.700000 39.450000 1.353699340834e+00 -1.617372783752e+00 2.109122e+00
0.700000 39.475000 1.214881620199e+00 -1.631232032380e+00 2.033926e+00
0.700000 39.500000 1.076553235339e+00 -1.628679069778e+00 1.952322e+00
0.700000 39.525000 9.410617891108e-01 -1.609961619905e+00 1.864825e+00
0.700000 39.550000 8.106886233569e-01 -1.575721998279e+00 1.772037e+00
0.700000 39.575000 6.875713117756e-01 -1.526976332495e+00 1.674638e+00
0.700000 39.600000 5.736339559176e-01 -1.465076379444e+00 1.573374e+00
0.700000 39.625000 4.705295358210e-01 -1.391657065657e+00 1.469050e+00
0.700000 39.650000 3.795973259674e-01 -1.308573940882e+00 1.362520e+00
0.700000 39.675000 3.018368895687e-01 -1.217835323015e+00 1.254683e+00
0.700000 39.700000 2.378985851174e-01 -1.121533969104e+00 1.146488e+00
0.700000 39.725000 1.880890436045e-01 -1.021782638953e+00 1.038950e+00
0.700000 39.750000 1.523888754571e-01 -9.206569947983e-01 9.331836e-01
0.700000 39.775000 1.304790821546e-01 -8.201480283343e-01 8.304623e-01
0.700000 39.800000 1.217723662331e-01 -7.221247930105e-01 7.323201e-01
0.700000 39.825000 1.254457782513e-01 -6.283068346236e-01 6.407075e-01
0.700000 39.850000 1.404718646860e-01 -5.402445449619e-01 5.582083e-01
0.700000 39.875000 1.656465751737e-01 -4.593048730685e-01 4.882620e-01
0.700000 39.900000 1.996134867201e-01 -3.866595292081e-01 4.351450e-01
0.700000 39.925000 2.408852089159e-01 -3.232730541318e-01 4.031515e-01
0.700000 39.950000 2.878639429014e-01 -2.698888715169e-01 3.945956e-01
0.700000 39.975000 3.388638937234e-01 -2.270125902108e-01 4.078768e-01
0.700000 40.000000 3.921384443433e-01 -1.948932064850e-01 4.378994e-01
0.700000 40.025000 4.459146229815e-01 -1.735042623806e-01 4.784805e-01
0.700000 40.050000 4.984364501213e-01 -1.625282155889e-01 5.242655e-01
0.700000 40.075000 5.480173394499e-01 -1.613480558884e-01 5.712759e-01
0.700000 40.100000 5.931000273362e-01 -1.690503966333e-01 6.167217e-01
0.700000 40.125000 6.323207531390e-01 -1.844437848011e-01 6.586722e-01
0.700000 40.150000 6.645728691579e-01 -2.060948092139e-01 6.957961e-01
0.700000 40.175000 6.890639766764e-01 -2.323828417748e-01 7.271939e-01
0.700000 40.200000 7.053602701528e-01 -2.615721099688e-01 7.522985e-01
0.700000 40.225000 7.134121543371e-01 -2.918975302984e-01 7.708184e-01
0.700000 40.250000 7.135564071002e-01 -3.216586306519e-01 7.827049e-01
0.700000 40.275000 7.064921106761e-01 -3.493142537508e-01 7.881317e-01
0.700000 40.300000 6.932300753289e-01 -3.735698215266e-01 7.874785e-01
0.700000 40.325000 6.750182540351e-01 -3.934489301395e-01 7.813141e-01
0.700000 40.350000 6.532483616575e-01 -4.083420078423e-01 7.703743e-01
0.700000 40.375000 6.293512213927e-01 -4.180266498063e-01 7.555324e-01
0.700000 40.400000 6.046899521809e-01 -4.226568690703e-01 7.377593e-01
0.700000 40.425000 5.804607468616e-01 -4.227215891078e-01 7.180726e-01
0.700000 40.450000 5.576105472255e-01 -4.189758963993e-01 6.974742e-01
0.700000 40.475000 5.367794064930e-01 -4.123514872436e-01 6.768795e-01
0.700000 40.500000 5.182728866319e-01 -4.038550187899e-01 6.570431e-01
0.700000 40.525000 5.020667342516e-01 -3.944644160267e-01 6.384929e-01
0.700000 40.550000 4.878426726069e-01 -3.850334100807e-01 6.214831e-01
0.700000 40.575000 4.750508432533e-01 -3.762136413805e-01 6.059786e-01
0.700000 40.600000 4.629916285552e-01 -3.684016528898e-01 5.916765e-01
0.700000 40.625000 4.509076274333e-01 -3.617152585934e-01 5.780619e-01
0.700000 40.650000 4.380756801319e-01 -3.560004429334e-01 5.644879e-01
0.700000 40.675000 4.238891464203e-01 -3.508665339790e-01 5.502630e-01
0.700000 40.700000 4.079220883524e-01 -3.457443138437e-01 5.347332e-01
0.700000 40.725000 3.899694016294e-01 -3.399593576874e-01 5.173476e-01
0.700000 40.750000 3.700599673056e-01 -3.328115081105e-01 4.977026e-01
0.700000 40.775000 3.484431684380e-01 -3.236511456922e-01 4.755657e-01
0.700000 40.800000 3.255522186187e-01 -3.119438106548e-01 4.508805e-01
0.700000 40.825000 3.019502949238e-01 -2.973166189482e-01 4.237584e-01
0.700000 40.850000 2.782671512435e-01 -2.795825254753e-01 3.944604e-01
0.700000 40.875000 2.551345245639e-01 -2.587414564681e-01 3.633741e-01
0.700000 40.900000 2.331281955707e-01 -2.349602629538e-01 3.309911e-01
0.700000 40.925000 2.127231315252e-01 -2.085359556854e-01 2.978899e-01
0.700000 40.950000 1.942659582852e-01 -1.798484557788e-01 2.647352e-01
0.700000 40.975000 1.779664078094e-01 -1.493099321384e-01 2.323048e-01
0.700000 41.000000 1.639067413902e-01 -1.173176301297e-01 2.015660e-01
0.700000 41.025000 1.520658232648e-01 -8.421600110484e-02 1.738285e-01
0.700000 41.050000 1.423528208936e-01 -5.027212167224e-02 1.509689e-01
0.700000 41.075000 1.346446426150e-01 -1.566614207216e-02 1.355530e-01
0.700000 41.100000 1.288212684140e-01 1.950382908949e-02 1.302894e-01
0.700000 41.125000 1.247940279075e-01 5.520506723336e-02 1.364593e-01
0.700000 41.150000 1.225234514698e-01 9.144598275337e-02 1.528868e-01
0.700000 41.175000 1.220252933672e-01 1.282492293709e-01 1.770255e-01
0.700000 41.200000 1.233653783044e-01 1.656270582394e-01 2.065220e-01
0.700000 41.225000 1.266457336714e-01 2.035629685529e-01 2.397437e-01
0.700000 41.250000 1.319857665312e-01 2.420022585770e-01 2.756544e-01
0.700000 41.275000 1.395028433021e-01 2.808522810272e-01 3.135906e-01
0.700000 41.300000 1.492964620300e-01 3.199913564122e-01 3.531061e-01
0.700000 41.325000 1.614393253332e-01 3.592836992331e-01 3.938876e-01
0.700000 41.350000 1.759771911076e-01 3.985966189426e-01 4.357146e-01
0.700000 41.375000 1.929376458313e-01 4.378158382957e-01 4.784429e-01
0.700000 41.400000 2.123462027132e-01 4.768550833032e-01 5.219978e-01
0.700000 41.425000 2.342466616053e-01 5.156570807841e-01 5.663689e-01
0.700000 41.450000 2.587217185303e-01 5.541845844033e-01 6.116024e-01
0.700000 41.475000 2.859095333767e-01 5.924017924055e-01 6.577873e-01
0.700000 41.500000 3.160123995439e-01 6.302482355139e-01 7.050366e-01
0.700000 41.525000 3.492947392628e-01 6.676086237485e-01 7.534641e-01
0.700000 41.550000 3.860692006829e-01 7.042830188383e-01 8.031588e-01
0.700000 41.575000 4.266714110912e-01 7.399619031263e-01 8.541616e-01
0.700000 41.600000 4.714256635863e-01 7.742102129072e-01 9.064456e-01
0.700000 41.625000 5.206052111296e-01 8.064632728685e-01 9.599025e-01
0.700000 41.650000 5.743916941864e-01 8.360359868127e-01 1.014338e+00
0.700000 41.675000 6.328384055241e-01 8.621448565875e-01 1.069476e+00
0.700000 41.700000 6.958415752820e-01 8.839406951832e-01 1.124965e+00
0.700000 41.725000 7.631227291401e-01 9.005485363730e-01 1.180400e+00
0.700000 41.750000 8.342236167314e-01 9.111104310703e-01 1.235334e+00
0.700000 41.775000 9.085134775843e-01 9.148266793970e-01 1.289304e+00
0.700000 41.800000 9.852067855275e-01 9.109915887199e-01 1.341841e+00
0.700000 41.825000 1.063388349276e+00 8.990209729134e-01 1.392492e+00
0.700000 41.850000 1.142041946748e+00 8.784701239058e-01 1.440823e+00
0.700000 41.875000 1.220078641337e+00 8.490426367194e-01 1.486427e+00
0.700000 41.900000 1.296361567912e+00 8.105919748407e-01 1.528925e+00
0.700000 41.925000 1.369725172417e+00 7.631187674208e-01 1.567960e+00
0.700000 41.950000 1.438988436319e+00 7.067673409913e-01 1.603187e+00
0.700000 41.975000 1.502963249365e+00 6.418248094111e-01 1.634270e+00
0.700000 42.000000 1.560460525827e+00 5.687251925108e-01 1.660869e+00
0.700000 42.025000 1.610297631810e+00 4.880596341743e-01 1.682635e+00
0.700000 42.050000 1.651311013699e+00 4.005920656637e-01 1.699206e+00
0.700000 42.075000 1.682377500168e+00 3.072778913827e-01 1.710209e+00
0.700000 42.100000 1.702446618157e+00 2.092817604967e-01 1.715262e+00
0.700000 42.125000 1.710584558144e+00 1.079894981825e-01 1.713990e+00
0.700000 42.150000 1.706028382679e+00 5.009002167361e-03 1.706036e+00
0.700000 42.175000 1.688246993138e+00 -9.784454274103e-02 1.691080e+00
0.700000 42.200000 1.657003569149e+00 -1.985824440990e-01 1.668861e+00
0.700000 42.225000 1.612412959706e+00 -2.950966094477e-01 1.639194e+00
0.700000 42.250000 1.554987048302e+00 -3.852329415960e-01 1.601995e+00
0.700000 42.275000 1.485661544596e+00 -4.668805200910e-01 1.557295e+00
0.700000 42.300000 1.405798957324e+00 -5.380708517595e-01 1.505254e+00
0.700000 42.325000 1.317164540517e+00 -5.970798076895e-01 1.446177e+00
0.700000 42.350000 1.221874537306e+00 -6.425239830343e-01 1.380512e+00
0.700000 42.375000 1.122318762708e+00 -6.734432500100e-01 1.308864e+00
0.700000 42.400000 1.021062133021e+00 -6.893622320241e-01 1.231985e+00
0.700000 42.425000 9.207318500353e-01 -6.903251942125e-01 1.150781e+00
0.700000 42.450000 8.238983331442e-01 -6.769012041325e-01 1.066304e+00
0.700000 42.475000 7.329585095096e-01 -6.501590745622e-01 9.797627e-01
0.700000 42.500000 6.500296862572e-01 -6.116142361177e-01 8.925304e-01
0.700000 42.525000 5.768610217357e-01 -5.631519933217e-01 8.061692e-01
0.700000 42.550000 5.147677699535e-01 -5.069333430372e-01 7.224730e-01
0.700000 42.575000 4.645912502231e-01 -4.452905170633e-01 6.435283e-01
0.700000 42.600000 4.266851824135e-01 -3.806195966971e-01 5.717793e-01
0.700000 42.625000 4.009269065575e-01 -3.152769905088e-01 5.100411e-01
0.700000 42.650000 3.867503042625e-01 -2.514854162042e-01 4.613250e-01
0.700000 42.675000 3.831961095222e-01 -1.912534983153e-01 4.282723e-01
0.700000 42.700000 3.889747936103e-01 -1.363114303790e-01 4.121677e-01
0.700000 42.725000 4.025372917900e-01 -8.806358853120e-02 4.120576e-01
0.700000 42.750000 4.221493855173e-01 -4.755771328681e-02 4.248198e-01
0.700000 42.775000 4.459663841648e-01 -1.546941642437e-02 4.462346e-01
0.700000 42.800000 4.721056651796e-01 7.899645676773e-03 4.721718e-01
0.700000 42.825000 4.987154457927e-01 2.261161149465e-02 4.992278e-01
0.700000 42.850000 5.240387337217e-01 2.907168853905e-02 5.248445e-01
0.700000 42.875000 5.464716677674e-01 2.799790716359e-02 5.471884e-01
0.700000 42.900000 5.646154181750e-01 2.038206902600e-02 5.649832e-01
0.700000 42.925000 5.773205497625e-01 7.442464440422e-03 5.773685e-01
0.700000 42.950000 5.837223910094e-01 -9.430929212829e-03 5.837986e-01
0.700000 42.975000 5.832656588031e-01 -2.873762005112e-02 5.839732e-01
0.700000 43.000000 5.757165143224e-01 -4.893231931980e-02 5.777922e-01
0.700000 43.025000 5.611604856644e-01 -6.849257954240e-02 5.653250e-01
0.700000 43.050000 5.399853391881e-01 -8.598497471220e-02 5.467884e-01
0.700000 43.075000 5.128489889122e-01 -1.001259138773e-01 5.225316e-01
0.700000 43.100000 4.806337987194e-01 -1.098330318525e-01 4.930235e-01
0.700000 43.125000 4.443899886695e-01 -1.142634427302e-01 4.588449e-01
0.700000 43.150000 4.052720991137e-01 -1.128360048616e-01 4.206869e-01
0.700000 43.175000 3.644733845088e-01 -1.052360745363e-01 3.793619e-01
0.700000 43.200000 3.231634242045e-01 -9.140288009664e-02 3.358409e-01
0.700000 43.225000 2.824340353105e-01 -7.150142244664e-02 2.913442e-01
0.700000 43.250000 2.432577257454e-01 -4.588245838387e-02 2.475470e-01
0.700000 43.275000 2.064615040658e-01 -1.503540627725e-02 2.070083e-01
0.700000 43.300000 1.727170294087e-01 2.046027565259e-02 1.739247e-01
0.700000 43.325000 1.425460747492e-01 5.997968178683e-02 1.546510e-01
0.700000 43.350000 1.163383641241e-01 1.028881982540e-01 1.553081e-01
0.700000 43.375000 9.437730340532e-02 1.485649638103e-01 1.760075e-01
0.700000 43.400000 7.686818649282e-02 1.964125195192e-01 2.109185e-01
0.700000 43.425000 6.396327774674e-02 2.458532467670e-01 2.540376e-01
0.700000 43.450000 5.577879620202e-02 2.963152694013e-01 3.015195e-01
0.700000 43.475000 5.240019186615e-02 3.472122173649e-01 3.511440e-01
0.700000 43.500000 5.387403488703e-02 3.979223596950e-01 4.015528e-01
0.700000 43.525000 6.018707440797e-02 4.477729382785e-01 4.517998e-01
0.700000 43.550000 7.123525522240e-02 4.960350022674e-01 5.011239e-01
0.700000 43.575000 8.678739031249e-02 5.419327082909e-01 5.488380e-01
0.700000 43.600000 1.064494984159e-01 5.846690795573e-01 5.942806e-01
0.700000 43.625000 1.296363293687e-01 6.234678656636e-01 6.368028e-01
0.700000 43.650000 1.555562254949e-01 6.576287288402e-01 6.757761e-01
0.700000 43.675000 1.832142354437e-01 6.865908282396e-01 7.106155e-01
0.700000 43.700000 2.114364555097e-01 7.099982751652e-01 7.408123e-01
0.700000 43.725000 2.389161669090e-01 7.277601081191e-01 7.659737e-01
0.700000 43.750000 2.642797719008e-01 7.400975025147e-01 7.858677e-01
0.700000 43.775000 2.861681322910e-01 7.475718824275e-01 8.004723e-01
0.700000 43.800000 3.033269801154e-01 7.510893211301e-01 8.100262e-01
0.700000 43.825000 3.146988354476e-01 7.518788862585e-01 8.150811e-01
0.700000 43.850000 3.195084675588e-01 7.514451219573e-01 8.165509e-01
0.700000 43.875000 3.173343989853e-01 7.514973572494e-01 8.157508e-01
0.700000 43.900000 3.081601929974e-01 7.538606980135e-01 8.144131e-01
0.700000 43.925000 2.924011055064e-01 7.603751663587e-01 8.146587e-01
0.700000 43.950000 2.709038803084e-01 7.727903474771e-01 8.188979e-01
0.700000 43.975000 2.449197523207e-01 7.926630412472e-01 8.296387e-01
0.700000 44.000000 2.160528393746e-01 8.212648438265e-01 8.492083e-01
0.700000 44.025000 1.861878378220e-01 8.595054368826e-01 8.794405e-01
0.700000 44.050000 1.574021509834e-01 9.078758300408e-01 9.214195e-01
0.700000 44.075000 1.318682167851e-01 9.664141008399e-01 9.753694e-01
0.700000 44.100000 1.117518889689e-01 1.034694511353e+00 1.040712e+00
0.700000 44.125000 9.911236029284e-02 1.111839417448e+00 1.116248e+00
0.700000 44.150000 9.580843539892e-02 1.196552231303e+00 1.200382e+00
0.700000 44.175000 1.034151191763e-01 1.287168887688e+00 1.291317e+00
0.700000 44.200000 1.231536225910e-01 1.381724773284e+00 1.387202e+00
0.700000 44.225000 1.558371028853e-01 1.478033831062e+00 1.486226e+00
0.700000 44.250000 2.018337970756e-01 1.573776449210e+00 1.586666e+00
0.700000 44.275000 2.610486700322e-01 1.666592688501e+00 1.686914e+00
0.700000 44.300000 3.329242285756e-01 1.754177322343e+00 1.785491e+00
0.700000 44.325000 4.164606714537e-01 1.834373032820e+00 1.881054e+00
0.700000 44.350000 5.102549700009e-01 1.905257948083e+00 1.972402e+00
0.700000 44.375000 6.125577471620e-01 1.965223592577e+00 2.058478e+00
0.700000 44.400000 7.213459291069e-01 2.013039354109e+00 2.138380e+00
0.700000 44.425000 8.344081261614e-01 2.047899860187e+00 2.211364e+00
0.700000 44.450000 9.494386575944e-01 2.069452289619e+00 2.276855e+00
0.700000 44.475000 1.064135212368e+00 2.077801666236e+00 2.334447e+00
0.700000 44.500000 1.176294501664e+00 2.073493566417e+00 2.383914e+00
0.700000 44.525000 1.283900066843e+00 2.057475322715e+00 2.425202e+00
0.700000 44.550000 1.385196775332e+00 2.031038556048e+00 2.458432e+00
0.700000 44.575000 1.478747514027e+00 1.995747502709e+00 2.483889e+00
0.700000 44.600000 1.563469132896e+00 1.953358885569e+00 2.502009e+00
0.700000 44.625000 1.638646663960e+00 1.905739796572e+00 2.513366e+00
0.700000 44.650000 1.703927021461e+00 1.854790052954e+00 2.518653e+00
0.700000 44.675000 1.759295498406e+00 1.802374696878e+00 2.518665e+00
0.700000 44.700000 1.805040113619e+00 1.750270773478e+00 2.514283e+00
0.700000 44.725000 1.841709958502e+00 1.700130408499e+00 2.506459e+00
0.700000 44.750000 1.870073942268e+00 1.653459779173e+00 2.496218e+00
0.700000 44.775000 1.891085646391e+00 1.611611166883e+00 2.484652e+00
0.700000 44.800000 1.905858415872e+00 1.575783258730e+00 2.472931e+00
0.700000 44.825000 1.915652517943e+00 1.547023560005e+00 2.462317e+00
0.700000 44.850000 1.921873492544e+00 1.526226441334e+00 2.454173e+00
0.700000 44.875000 1.926078094214e+00 1.514121096716e+00 2.449967e+00
0.700000 44.900000 1.929981906763e+00 1.511245499733e+00 2.451264e+00
0.700000 44.925000 1.935461197701e+00 1.517905120156e+00 2.459684e+00
0.700000 44.950000 1.944541176792e+00 1.534118360998e+00 2.476845e+00
0.700000 44.975000 1.959363698643e+00 1.559553950025e+00 2.504259e+00
0.700000 45.000000 1.982129592321e+00 1.593468375303e+00 2.543222e+00
0.700000 45.025000 2.015014013253e+00 1.634653418763e+00 2.594682e+00
0.700000 45.050000 2.060057123394e+00 1.681404534135e+00 2.659127e+00
0.700000 45.075000 2.119036514076e+00 1.731520008599e+00 2.736508e+00
0.700000 45.100000 2.193331523463e+00 1.782338509753e+00 2.826205e+00
0.700000 45.125000 2.283792407783e+00 1.830818932958e+00 2.927047e+00
0.700000 45.150000 2.390628730744e+00 1.873661811797e+00 3.037386e+00
0.700000 45.175000 2.513331026082e+00 1.907466479019e+00 3.155196e+00
0.700000 45.200000 2.650637662175e+00 1.928913304118e+00 3.278199e+00
0.700000 45.225000 2.800555029604e+00 1.934956336218e+00 3.403992e+00
0.700000 45.250000 2.960434047526e+00 1.923009122493e+00 3.530175e+00
0.700000 45.275000 3.127100100215e+00 1.891105773118e+00 3.654454e+00
0.700000 45.300000 3.297027556508e+00 1.838020706409e+00 3.774746e+00
0.700000 45.325000 3.466544720151e+00 1.763333881831e+00 3.889252e+00
0.700000 45.350000 3.632051086160e+00 1.667433406876e+00 3.996515e+00
0.700000 45.375000 3.790226675880e+00 1.551453654479e+00 4.095464e+00
0.700000 45.400000 3.938213317602e+00 1.417153753782e+00 4.185433e+00
0.700000 45.425000 4.073750097051e+00 1.266747742169e+00 4.266156e+00
0.700000 45.450000 4.195249615604e+00 1.102703029492e+00 4.337750e+00
0.700000 45.475000 4.301807703839e+00 9.275274765096e-01 4.400665e+00
0.700000 45.500000 4.393146184001e+00 7.435668724855e-01 4.455628e+00
0.700000 45.525000 4.469495377534e+00 5.528337069489e-01 4.503556e+00
0.700000 45.550000 4.531429506954e+00 3.568849416304e-01 4.545461e+00
0.700000 45.575000 4.579673212079e+00 1.567613441831e-01 4.582355e+00
0.700000 45.600000 4.614900516283e+00 -4.700558292322e-02 4.615140e+00
0.700000 45.625000 4.637548395153e+00 -2.543202279656e-01 4.644517e+00
0.700000 45.650000 4.647665540890e+00 -4.653912394707e-01 4.670908e+00
0.700000 45.675000 4.644813175907e+00 -6.805559550381e-01 4.694406e+00
0.700000 45.700000 4.628029287015e+00 -9.000797633837e-01 4.714743e+00
0.700000 45.725000 4.595861051294e+00 -1.123951802401e+00 4.731301e+00
0.700000 45.750000 4.546463237882e+00 -1.351698672304e+00 4.743144e+00
0.700000 45.775000 4.477753746466e+00 -1.582235900054e+00 4.749079e+00
0.700000 45.800000 4.387611864848e+00 -1.813773005056e+00 4.747727e+00
0.700000 45.825000 4.274100832714e+00 -2.043782661392e+00 4.737614e+00
0.700000 45.850000 4.135694227603e+00 -2.269038238437e+00 4.717256e+00
0.700000 45.875000 3.971485659115e+00 -2.485717596952e+00 4.685242e+00
0.700000 45.900000 3.781363162952e+00 -2.689565068158e+00 4.640309e+00
0.700000 45.925000 3.566133227405e+00 -2.876098604100e+00 4.581403e+00
0.700000 45.950000 3.327584115499e+00 -3.040845567856e+00 4.507722e+00
0.700000 45.975000 3.068483536312e+00 -3.179588763827e+00 4.418753e+00
0.700000 46.000000 2.792511221045e+00 -3.288604137289e+00 4.314283e+00
0.700000 46.025000 2.504132067989e+00 -3.364872973848e+00 4.194407e+00
0.700000 46.050000 2.208419822000e+00 -3.406254140870e+00 4.059518e+00
0.700000 46.075000 1.910844458232e+00 -3.411605579540e+00 3.910291e+00
0.700000 46.100000 1.617038392410e+00 -3.380848480738e+00 3.747659e+00
0.700000 46.125000 1.332557317161e+00 -3.314971967131e+00 3.572779e+00
0.700000 46.150000 1.062650952728e+00 -3.215980307832e+00 3.386998e+00
0.700000 46.175000 8.120574687576e-01 -3.086788428827e+00 3.191818e+00
0.700000 46.200000 5.848329980689e-01 -2.931074550260e+00 2.988851e+00
0.700000 46.225000 3.842247578460e-01 -2.753101058083e+00 2.779783e+00
0.700000 46.250000 2.125930469345e-01 -2.557516147567e+00 2.566337e+00
0.700000 46.275000 7.138400812473e-02 -2.349149356827e+00 2.350234e+00
0.700000 46.300000 -3.884828593816e-02 -2.132813871698e+00 2.133168e+00
0.700000 46.325000 -1.183749854542e-01 -1.913127482536e+00 1.916786e+00
0.700000 46.350000 -1.681881848086e-01 -1.694362377098e+00 1.702689e+00
0.700000 46.375000 -1.898688216775e-01 -1.480331644358e+00 1.492458e+00
0.700000 46.400000 -1.854380228757e-01 -1.274317546188e+00 1.287739e+00
0.700000 46.425000 -1.572040822823e-01 -1.079043421332e+00 1.090435e+00
0.700000 46.450000 -1.076173224826e-01 -8.966876925799e-01 9.031225e-01
0.700000 46.475000 -3.914423430445e-02 -7.289350695144e-01 7.299853e-01
0.700000 46.500000 4.582951122278e-02 -5.770569299436e-01 5.788739e-01
0.700000 46.525000 1.450602700101e-01 -4.420103006828e-01 4.652049e-01
0.700000 46.550000 2.564683681947e-01 -3.245431179726e-01 4.136475e-01
0.700000 46.575000 3.781212215202e-01 -2.252927694935e-01 4.401505e-01
0.700000 46.600000 5.081821607137e-01 -1.448654712637e-01 5.284270e-01
0.700000 46.625000 6.448333553264e-01 -8.388587408242e-02 6.502668e-01
0.700000 46.650000 7.861844422023e-01 -4.300935276542e-02 7.873600e-01
0.700000 46.675000 9.301806292349e-01 -2.289348890082e-02 9.304623e-01
0.700000 46.700000 1.074524834381e+00 -2.412995730540e-02 1.074796e+00
0.700000 46.725000 1.216627632578e+00 -4.714289859380e-02 1.217541e+00
0.700000 46.750000 1.353596382386e+00 -9.206436982766e-02 1.356724e+00
0.700000 46.775000 1.482271040113e+00 -1.586010698642e-01 1.490732e+00
0.700000 46.800000 1.599309178693e+00 -2.459087547566e-01 1.618104e+00
0.700000 46.825000 1.701317110156e+00 -3.524912370059e-01 1.737449e+00
0.700000 46.850000 1.785018375047e+00 -4.761394283598e-01 1.847430e+00
0.700000 46.875000 1.847445865101e+00 -6.139225846606e-01 1.946781e+00
0.700000 46.900000 1.886140108133e+00 -7.622390158579e-01 2.034338e+00
0.700000 46.925000 1.899334273331e+00 -9.169275160540e-01 2.109082e+00
0.700000 46.950000 1.886106573196e+00 -1.073434289296e+00 2.170175e+00
0.700000 46.975000 1.846483032653e+00 -1.227023928281e+00 2.217000e+00
0.700000 47.000000 1.781477895738e+00 -1.373017779506e+00 2.249187e+00
0.700000 47.025000 1.693064826947e+00 -1.507039445505e+00 2.266635e+00
0.700000 47.050000 1.584078911992e+00 -1.625245706140e+00 2.269522e+00
0.700000 47.075000 1.458056509039e+00 -1.724522022060e+00 2.258297e+00
0.700000 47.100000 1.319026437040e+00 -1.802624975305e+00 2.233671e+00
0.700000 47.125000 1.171271055321e+00 -1.858259187035e+00 2.196589e+00
0.700000 47.150000 1.019078877909e+00 -1.891082866852e+00 2.148189e+00
0.700000 47.175000 8.665110929887e-01 -1.901643446455e+00 2.089758e+00
0.700000 47.200000 7.172026157406e-01 -1.891251893252e+00 2.022675e+00
0.700000 47.225000 5.742142805905e-01 -1.861810456989e+00 1.948348e+00
0.700000 47.250000 4.399469408394e-01 -1.815613055759e+00 1.868155e+00
0.700000 47.275000 3.161212754600e-01 -1.755139739720e+00 1.783381e+00
0.700000 47.300000 2.038198276493e-01 -1.682866431007e+00 1.695164e+00
0.700000 47.325000 1.035810774571e-01 -1.601108474878e+00 1.604455e+00
0.700000 47.350000 1.552997168228e-02 -1.511911791392e+00 1.511992e+00
0.700000 47.375000 -6.047407881759e-02 -1.416999180941e+00 1.418289e+00
0.700000 47.400000 -1.246917920413e-01 -1.317772379187e+00 1.323659e+00
0.700000 47.425000 -1.773798882461e-01 -1.215363626375e+00 1.228240e+00
0.700000 47.450000 -2.187033398360e-01 -1.110724636092e+00 1.132051e+00
0.700000 47.475000 -2.486937502749e-01 -1.004736616065e+00 1.035058e+00
0.700000 47.500000 -2.672572067150e-01 -8.983228931650e-01 9.372355e-01
0.700000 47.525000 -2.742282831535e-01 -7.925459424634e-01 8.386479e-01
0.700000 47.550000 -2.694607655449e-01 -6.886731402092e-01 7.395132e-01
0.700000 47.575000 -2.529408660913e-01 -5.882000002602e-01 6.402799e-01
0.700000 47.600000 -2.249057560682e-01 -4.928254314487e-01 5.417190e-01
0.700000 47.625000 -1.859495004390e-01 -4.043799362444e-01 4.450847e-01
0.700000 47.650000 -1.370999740273e-01 -3.247138670266e-01 3.524706e-01
0.700000 47.675000 -7.985385462767e-02 -2.555581136559e-01 2.677435e-01
0.700000 47.700000 -1.616185954097e-02 -1.983732945749e-01 1.990306e-01
0.700000 47.725000 5.163762192038e-02 -1.542052467819e-01 1.626213e-01
0.700000 47.750000 1.209321808218e-01 -1.235641897085e-01 1.728951e-01
0.700000 47.775000 1.889863958215e-01 -1.063424677892e-01 2.168515e-01
0.700000 47.800000 2.531158588067e-01 -1.017815914780e-01 2.728134e-01
0.700000 47.825000 3.108671672820e-01 -1.084939248421e-01 3.292557e-01
0.700000 47.850000 3.601860792988e-01 -1.245384604672e-01 3.811087e-01
0.700000 47.875000 3.995572696287e-01 -1.475443703382e-01 4.259288e-01
0.700000 47.900000 4.281021640056e-01 -1.748710722719e-01 4.624406e-01
0.700000 47.925000 4.456257621666e-01 -2.037899350400e-01 4.900129e-01
0.700000 47.950000 4.526086475959e-01 -2.316708164753e-01 5.084545e-01
0.700000 47.975000 4.501459070281e-01 -2.561565349369e-01 5.179262e-01
0.700000 48.000000 4.398398330036e-01 -2.753100488810e-01 5.188976e-01
0.700000 48.025000 4.236575180809e-01 -2.877223007370e-01 5.121229e-01
0.700000 48.050000 4.037673603209e-01 -2.925729551262e-01 4.986251e-01
0.700000 48.075000 3.823698461749e-01 -2.896411160932e-01 4.796860e-01
0.700000 48.100000 3.615377043865e-01 -2.792679988959e-01 4.568371e-01
0.700000 48.125000 3.430787576448e-01 -2.622779448940e-01 4.318481e-01
0.700000 48.150000 3.284318149886e-01 -2.398676745866e-01 4.066989e-01
0.700000 48.175000 3.186021357406e-01 -2.134759719061e-01 3.835092e-01
0.700000 48.200000 3.141388032432e-01 -1.846469305198e-01 3.643867e-01
0.700000 48.225000 3.151522284068e-01 -1.548994727126e-01 3.511620e-01
0.700000 48.250000 3.213663705278e-01 -1.256142174955e-01 3.450439e-01
0.700000 48.275000 3.321974441806e-01 -9.794618491209e-02 3.463360e-01
0.700000 48.300000 3.468490940478e-01 -7.276861284015e-02 3.544003e-01
0.700000 48.325000 3.644133590711e-01 -5.064970046997e-02 3.679164e-01
0.700000 48.350000 3.839671868142e-01 -3.186074235247e-02 3.852868e-01
0.700000 48.375000 4.046556649080e-01 -1.641119919764e-02 4.049883e-01
0.700000 48.400000 4.257552920220e-01 -4.104016957713e-03 4.257751e-01
0.700000 48.425000 4.467132450442e-01 5.396883296827e-03 4.467458e-01
0.700000 48.450000 4.671614183019e-01 1.249549794358e-02 4.673285e-01
0.700000 48.475000 4.869067279357e-01 1.759715591464e-02 4.872246e-01
0.700000 48.500000 5.059015356862e-01 2.105339988760e-02 5.063394e-01
0.700000 48.525000 5.241998494308e-01 2.312346679759e-02 5.247096e-01
0.700000 48.550000 5.419060661679e-01 2.395529027300e-02 5.424353e-01
0.700000 48.575000 5.591233717404e-01 2.358657214625e-02 5.596206e-01
0.700000 48.600000 5.759085070913e-01 2.196416631265e-02 5.763272e-01
0.700000 48.625000 5.922385264011e-01 1.897800391197e-02 5.925425e-01
0.700000 48.650000 6.079935383350e-01 1.450424726043e-02 6.081665e-01
0.700000 48.675000 6.229574123938e-01 8.451426447433e-03 6.230147e-01
0.700000 48.700000 6.368362518674e-01 8.030651182138e-04 6.368368e-01
0.700000 48.725000 6.492922995010e-01 -8.349243738139e-03 6.493460e-01
0.700000 48.750000 6.599890631088e-01 -1.878724320982e-02 6.602564e-01
0.700000 48.775000 6.686420149317e-01 -3.016517695945e-02 6.693221e-01
0.700000 48.800000 6.750683804508e-01 -4.202795256980e-02 6.763754e-01
0.700000 48.825000 6.792293862797e-01 -5.384732123820e-02 6.813605e-01
0.700000 48.850000 6.812589151603e-01 -6.507290887817e-02 6.843597e-01
0.700000 48.875000 6.814737813912e-01 -7.519301876352e-02 6.856096e-01
0.700000 48.900000 6.803626845445e-01 -8.379868822437e-02 6.855039e-01
0.700000 48.925000 6.785531520648e-01 -9.064369183510e-02 6.845806e-01
0.700000 48.950000 6.767582215653e-01 -9.569315237434e-02 6.834902e-01
0.700000 48.975000 6.757069907321e-01 -9.915418619021e-02 6.829433e-01
0.700000 49.000000 6.760652207255e-01 -1.014835271178e-01 6.836396e-01
0.700000 49.025000 6.783536833553e-01 -1.033692165383e-01 6.861843e-01
0.700000 49.050000 6.828727066085e-01 -1.056860175008e-01 6.910027e-01
0.700000 49.075000 6.896412815648e-01 -1.094269539971e-01 6.982688e-01
0.700000 49.100000 6.983581176113e-01 -1.156160085573e-01 7.078638e-01
0.700000 49.125000 7.083902376472e-01 -1.252092484029e-01 7.193706e-01
0.700000 49.150000 7.187922471634e-01 -1.389932400728e-01 7.321075e-01
0.700000 49.175000 7.283565244037e-01 -1.574903631486e-01 7.451889e-01
0.700000 49.200000 7.356915507768e-01 -1.808804381487e-01 7.576013e-01
0.700000 49.225000 7.393227422214e-01 -2.089469333503e-01 7.682818e-01
0.700000 49.250000 7.378077535555e-01 -2.410540040080e-01 7.761877e-01
0.700000 49.275000 7.298565648157e-01 -2.761579328737e-01 7.803549e-01
0.700000 49.300000 7.144459035798e-01 -3.128534452622e-01 7.799425e-01
0.700000 49.325000 6.909177980986e-01 -3.494521734381e-01 7.742637e-01
0.700000 49.350000 6.590532759947e-01 -3.840875642833e-01 7.628070e-01
0.700000 49.375000 6.191143029527e-01 -4.148380582686e-01 7.452470e-01
0.700000 49.400000 5.718497871565e-01 -4.398586582188e-01 7.214484e-01
0.700000 49.425000 5.184645855430e-01 -4.575102133196e-01 6.914630e-01
0.700000 49.450000 4.605536309288e-01 -4.664759302104e-01 6.555223e-01
0.700000 49.475000 4.000062490432e-01 -4.658557504138e-01 6.140249e-01
0.700000 49.500000 3.388881793484e-01 -4.552311697190e-01 5.675215e-01
0.700000 49.525000 2.793105424983e-01 -4.346956129009e-01 5.166959e-01
0.700000 49.550000 2.232958804254e-01 -4.048483592179e-01 4.623454e-01
0.700000 49.575000 1.726513921615e-01 -3.667529640999e-01 4.053594e-01
0.700000 49.600000 1.288586472978e-01 -3.218638749873e-01 3.467000e-01
0.700000 49.625000 9.298750320419e-02 -2.719272671045e-01 2.873867e-01
0.700000 49.650000 6.563986193859e-02 -2.188638588849e-01 2.284950e-01
0.700000 49.675000 4.692649061953e-02 -1.646425073227e-01 1.711994e-01
0.700000 49.700000 3.647761438381e-02 -1.111537031474e-01 1.169862e-01
0.700000 49.725000 3.348557747110e-02 -6.009172223951e-02 6.879171e-02
0.700000 49.750000 3.677572530704e-02 -1.285323329055e-02 3.895715e-02
0.700000 49.775000 4.489991379898e-02 2.954126249011e-02 5.374652e-02
0.700000 49.800000 5.624577814764e-02 6.649853400313e-02 8.709559e-02
0.700000 49.825000 6.915412375678e-02 9.787357386517e-02 1.198396e-01
0.700000 49.850000 8.203653055960e-02 1.239597006482e-01 1.486472e-01
0.700000 49.875000 9.348545723953e-02 1.454490417266e-01 1.729016e-01
0.700000 49.900000 1.023697460977e-01 1.633664207380e-01 1.927904e-01
0.700000 49.925000 1.079094092002e-01 1.789812549956e-01 2.089946e-01
0.700000 49.950000 1.097248675991e-01 1.937033840861e-01 2.226220e-01
0.700000 49.975000 1.078573638852e-01 2.089697540014e-01 2.351629e-01
0.700000 50.000000 1.027590176809e-01 2.261295267263e-01 2.483827e-01
0.700000 50.025000 9.525287974929e-02 2.463354293534e-01 2.641103e-01
0.700000 50.050000 8.646528519891e-02 2.704489590162e-01 2.839346e-01
0.700000 50.075000 7.773471359842e-02 2.989663895981e-01 3.089071e-01
0.700000 50.100000 7.050311834856e-02 3.319713722264e-01 3.393754e-01
0.700000 50.125000 6.619715905759e-02 3.691183032076e-01 3.750072e-01
0.700000 50.150000 6.610782308745e-02 4.096486093976e-01 4.149485e-01
0.700000 50.175000 7.127742890196e-02 4.524397766791e-01 4.580199e-01
0.700000 50.200000 8.240286355484e-02 4.960844724781e-01 5.028817e-01
0.700000 50.225000 9.976306293630e-02 5.389946765443e-01 5.481496e-01
0.700000 50.250000 1.231771990480e-01 5.795235478179e-01 5.924695e-01
0.700000 50.275000 1.519978657644e-01 6.160960343525e-01 6.345689e-01
0.700000 50.300000 1.851408968229e-01 6.473381716699e-01 6.732933e-01
0.700000 50.325000 2.211505147812e-01 6.721947594027e-01 7.076393e-01
0.700000 50.350000 2.582955524265e-01 6.900257342183e-01 7.367850e-01
0.700000 50.375000 2.946897863997e-01 7.006730612796e-01 7.601216e-01
0.700000 50.400000 3.284272471130e-01 7.044922476874e-01 7.772862e-01
0.700000 50.425000 3.577219510340e-01 7.023454531086e-01 7.881968e-01
0.700000 50.450000 3.810410047582e-01 6.955563773815e-01 7.930895e-01
0.700000 50.475000 3.972205282629e-01 6.858303388403e-01 7.925575e-01
0.700000 50.500000 4.055553077536e-01 6.751459039459e-01 7.875894e-01
0.700000 50.525000 4.058553838564e-01 6.656267948011e-01 7.796009e-01
0.700000 50.550000 3.984656850063e-01 6.594043495830e-01 7.704473e-01
0.700000 50.575000 3.842480382314e-01 6.584813903390e-01 7.623938e-01
0.700000 50.600000 3.645281051155e-01 6.646079151822e-01 7.580135e-01
0.700000 50.625000 3.410126772616e-01 6.791776394294e-01 7.599815e-01
0.700000 50.650000 3.156850405004e-01 7.031522267061e-01 7.707659e-01
0.700000 50.675000 2.906875698551e-01 7.370173228337e-01 7.922713e-01
0.700000 50.700000 2.682012324025e-01 7.807715313530e-01 8.255520e-01
0.700000 50.725000 2.503312436475e-01 8.339465654255e-01 8.707081e-01
0.700000 50.750000 2.390068400650e-01 8.956542716506e-01 9.269956e-01
0.700000 50.775000 2.359011808285e-01 9.646542878109e-01 9.930797e-01
0.700000 50.800000 2.423750241760e-01 1.039434929197e+00 1.067319e+00
0.700000 50.825000 2.594453187664e-01 1.118299562036e+00 1.148001e+00
0.700000 50.850000 2.877774846466e-01 1.199451184814e+00 1.233491e+00
0.700000 50.875000 3.276981728010e-01 1.281069078029e+00 1.322318e+00
0.700000 50.900000 3.792238644249e-01 1.361373011511e+00 1.413205e+00
0.700000 50.925000 4.420998991072e-01 1.438672387446e+00 1.505068e+00
0.700000 50.950000 5.158444174986e-01 1.511399609485e+00 1.597005e+00
0.700000 50.975000 5.997922015835e-01 1.578128687693e+00 1.688266e+00
0.700000 51.000000 6.931343632420e-01 1.637581446023e+00 1.778232e+00
0.700000 51.025000 7.949510970470e-01 1.688624586611e+00 1.866387e+00
0.700000 51.050000 9.042360891494e-01 1.730261246777e+00 1.952293e+00
0.700000 51.075000 1.019912484677e+00 1.761620590216e+00 2.035566e+00
0.700000 51.100000 1.140841418135e+00 1.781948488149e+00 2.115859e+00
0.700000 51.125000 1.265824909380e+00 1.790601590392e+00 2.192844e+00
0.700000 51.150000 1.393605380547e+00 1.787046196173e+00 2.266202e+00
0.700000 51.175000 1.522864167223e+00 1.770862439818e+00 2.335609e+00
0.700000 51.200000 1.652221233046e+00 1.741753512730e+00 2.400737e+00
0.700000 51.225000 1.780237930380e+00 1.699559020578e+00 2.461249e+00
0.700000 51.250000 1.905424170782e+00 1.644271153552e+00 2.516797e+00
0.700000 51.275000 2.026250860539e+00 1.576052121035e+00 2.567028e+00
0.700000 51.300000 2.141167982202e+00 1.495251235035e+00 2.611585e+00
0.700000 51.325000 2.248628298685e+00 1.402420068670e+00 2.650115e+00
0.700000 51.350000 2.347116329457e+00 1.298324215071e+00 2.682275e+00
0.700000 51.375000 2.435181981950e+00 1.183950287495e+00 2.707739e+00
0.700000 51.400000 2.511477984050e+00 1.060506912578e+00 2.726206e+00
0.700000 51.425000 2.574800021356e+00 9.294185783428e-01 2.737410e+00
0.700000 51.450000 2.624128210971e+00 7.923113309627e-01 2.741132e+00
0.700000 51.475000 2.658668236010e+00 6.509895075177e-01 2.737207e+00
0.700000 51.500000 2.677890139959e+00 5.074029872177e-01 2.725537e+00
0.700000 51.525000 2.681562479805e+00 3.636048725591e-01 2.706102e+00
0.700000 51.550000 2.669779321639e+00 2.217000859481e-01 2.678969e+00
0.700000 51.575000 2.642977500516e+00 8.378606933389e-02 2.644305e+00
0.700000 51.600000 2.601941720294e+00 -4.811244385178e-02 2.602387e+00
0.700000 51.625000 2.547795482801e+00 -1.721118298136e-01 2.553602e+00
0.700000 51.650000 2.481976522072e+00 -2.865377003199e-01 2.498462e+00
0.700000 51.675000 2.406196354024e+00 -3.899888045577e-01 2.437596e+00
0.700000 51.700000 2.322384670986e+00 -4.813925421071e-01 2.371752e+00
0.700000 51.725000 2.232620515981e+00 -5.600480577976e-01 2.301792e+00
0.700000 51.750000 2.139053342162e+00 -6.256534056650e-01 2.228675e+00
0.700000 51.775000 2.043818068978e+00 -6.783141509177e-01 2.153440e+00
0.700000 51.800000 1.948948968258e+00 -7.185319637979e-01 2.077183e+00
0.700000 51.825000 1.856297556611e+00 -7.471731449801e-01 2.001027e+00
0.700000 51.850000 1.767459581387e+00 -7.654184771477e-01 1.926079e+00
0.700000 51.875000 1.683715660460e+00 -7.746971775866e-01 1.853390e+00
0.700000 51.900000 1.605989215822e+00 -7.766088935569e-01 1.783907e+00
0.700000 51.925000 1.534824117024e+00 -7.728385210075e-01 1.718419e+00
0.700000 51.950000 1.470383045635e+00 -7.650690609816e-01 1.657515e+00
0.700000 51.975000 1.412466146263e+00 -7.548977270776e-01 1.601540e+00
0.700000 52.000000 1.360548182391e+00 -7.437601014603e-01 1.550571e+00
0.700000 52.025000 1.313831287033e+00 -7.328663710215e-01 1.504409e+00
0.700000 52.050000 1.271309576682e+00 -7.231526587540e-01 1.462593e+00
0.700000 52.075000 1.231841427886e+00 -7.152493168084e-01 1.424435e+00
0.700000 52.100000 1.194225100100e+00 -7.094668882223e-01 1.389071e+00
0.700000 52.125000 1.157273586434e+00 -7.057993809389e-01 1.355520e+00
0.700000 52.150000 1.119885014795e+00 -7.039436104632e-01 1.322754e+00
0.700000 52.175000 1.081105517683e+00 -7.033327010237e-01 1.289754e+00
0.700000 52.200000 1.040182149240e+00 -7.031813968547e-01 1.255565e+00
0.700000 52.225000 9.966040754367e-01 -7.025405995393e-01 1.219337e+00
0.700000 52.250000 9.501308429743e-01 -7.003584647878e-01 1.180360e+00
0.700000 52.275000 9.008070199886e-01 -6.955454019679e-01 1.138085e+00
0.700000 52.300000 8.489629022272e-01 -6.870403641250e-01 1.092137e+00
0.700000 52.325000 7.952013221010e-01 -6.738758520605e-01 1.042331e+00
0.700000 52.350000 7.403709299695e-01 -6.552390639317e-01 9.886796e-01
0.700000 52.375000 6.855266847054e-01 -6.305266100722e-01 9.314025e-01
0.700000 52.400000 6.318787312119e-01 -5.993902153108e-01 8.709417e-01
0.700000 52.425000 5.807313720247e-01 -5.617709006763e-01 8.079823e-01
0.700000 52.450000 5.334144461203e-01 -5.179193332208e-01 7.434860e-01
0.700000 52.475000 4.912100683116e-01 -4.684004113223e-01 6.787387e-01
0.700000 52.500000 4.552782888951e-01 -4.140807491843e-01 6.154195e-01
0.700000 52.525000 4.265857203318e-01 -3.560985451961e-01 5.556812e-01
0.700000 52.550000 4.058414563960e-01 -2.958163360953e-01 5.022097e-01
0.700000 52.575000 3.934446003827e-01 -2.347582885720e-01 4.581595e-01
0.700000 52.600000 3.894473677868e-01 -1.745348677489e-01 4.267689e-01
0.700000 52.625000 3.935370155829e-01 -1.167588335622e-01 4.104924e-01
0.700000 52.650000 4.050387965084e-01 -6.295743113026e-02 4.099025e-01
0.700000 52.675000 4.229408062254e-01 -1.448624900052e-02 4.231888e-01
0.700000 52.700000 4.459400843235e-01 2.754956660868e-02 4.467903e-01
0.700000 52.725000 4.725077735712e-01 6.236128277892e-02 4.766052e-01
0.700000 52.750000 5.009696746713e-01 8.952495638417e-02 5.089060e-01
0.700000 52.775000 5.295972917127e-01 1.090085259987e-01 5.406997e-01
0.700000 52.800000 5.567035636907e-01 1.211753482023e-01 5.697388e-01
0.700000 52.825000 5.807370059258e-01 1.267635419620e-01 5.944110e-01
0.700000 52.850000 6.003679883465e-01 1.268422207093e-01 6.136210e-01
0.700000 52.875000 6.145613585768e-01 1.227473480958e-01 6.266997e-01
0.700000 52.900000 6.226305379141e-01 1.160014169405e-01 6.333444e-01
0.700000 52.925000 6.242695028918e-01 1.082223078651e-01 6.335807e-01
0.700000 52.950000 6.195606123488e-01 1.010274492762e-01 6.277435e-01
0.700000 52.975000 6.089579313827e-01 9.593972188802e-02 6.164691e-01
0.700000 53.000000 5.932474149904e-01 9.430141189839e-02 6.006956e-01
0.700000 53.025000 5.734869249998e-01 9.720193305190e-02 5.816661e-01
0.700000 53.050000 5.509304547191e-01 1.054240537352e-01 5.609266e-01
0.700000 53.075000 5.269420337232e-01 1.194120490525e-01 5.403028e-01
0.700000 53.100000 5.029055073527e-01 1.392636358084e-01 5.218317e-01
0.700000 53.125000 4.801366805102e-01 1.647458402133e-01 5.076144e-01
0.700000 53.150000 4.598041549074e-01 1.953332030312e-01 4.995747e-01
0.700000 53.175000 4.428645691559e-01 2.302650597787e-01 4.991503e-01
0.700000 53.200000 4.300168942943e-01 2.686171614664e-01 5.070204e-01
0.700000 53.225000 4.216789942253e-01 3.093817386054e-01 5.230012e-01
0.700000 53.250000 4.179879120608e-01 3.515493630227e-01 5.461692e-01
0.700000 53.275000 4.188234013243e-01 3.941857161843e-01 5.751482e-01
0.700000 53.300000 4.238522258659e-01 4.364966893286e-01 6.084243e-01
0.700000 53.325000 4.325888676030e-01 4.778761414350e-01 6.445919e-01
0.700000 53.350000 4.444666826426e-01 5.179320991240e-01 6.824986e-01
0.700000 53.375000 4.589124072443e-01 5.564891157332e-01 7.213049e-01
0.700000 53.400000 4.754163874073e-01 5.935667751974e-01 7.604882e-01
0.700000 53.425000 4.935910996997e-01 6.293367373561e-01 7.998105e-01
0.700000 53.450000 5.132114947159e-01 6.640630421194e-01 8.392650e-01
0.700000 53.475000 5.342323992579e-01 6.980323680700e-01 8.790071e-01
0.700000 53.500000 5.567805439092e-01 7.314823312887e-01 9.192774e-01
0.700000 53.525000 5.811215392397e-01 7.645365050621e-01 9.603220e-01
0.700000 53.550000 6.076050343418e-01 7.971545018371e-01 1.002317e+00
0.700000 53.575000 6.365940356509e-01 8.291041412297e-01 1.045306e+00
0.700000 53.600000 6.683866078523e-01 8.599605001884e-01 1.089161e+00
0.700000 53.625000 7.031396142804e-01 8.891336885333e-01 1.133563e+00
0.700000 53.650000 7.408045421077e-01 9.159238067902e-01 1.178010e+00
0.700000 53.675000 7.810846645436e-01 9.395980962409e-01 1.221858e+00
0.700000 53.700000 8.234208192156e-01 9.594821978123e-01 1.264369e+00
0.700000 53.725000 8.670100771457e-01 9.750551036595e-01 1.304775e+00
0.700000 53.750000 9.108578304934e-01 9.860361592121e-01 1.342360e+00
0.700000 53.775000 9.538597468993e-01 9.924525892761e-01 1.376521e+00
0.700000 53.800000 9.949061056928e-01 9.946775639242e-01 1.406848e+00
0.700000 53.825000 1.032997746306e+00 9.934316985584e-01 1.433175e+00
0.700000 53.850000 1.067360676377e+00 9.897448317040e-01 1.455628e+00
0.700000 53.875000 1.097545652701e+00 9.848795229928e-01 1.474651e+00
0.700000 53.900000 1.123499948067e+00 9.802224303933e-01 1.491002e+00
0.700000 53.925000 1.145601040835e+00 9.771539784443e-01 1.505733e+00
0.700000 53.950000 1.164645894064e+00 9.769099592916e-01 1.520116e+00
0.700000 53.975000 1.181794417345e+00 9.804504539947e-01 1.535552e+00
0.700000 54.000000 1.198471067144e+00 9.883514240148e-01 1.553439e+00
0.700000 54.025000 1.216233694658e+00 1.000732414218e+00 1.575021e+00
0.700000 54.050000 1.236623041798e+00 1.017230175073e+00 1.601248e+00
0.700000 54.075000 1.261009141923e+00 1.037023025737e+00 1.632655e+00
0.700000 54.100000 1.290451884980e+00 1.058905003213e+00 1.669295e+00
0.700000 54.125000 1.325591957504e+00 1.081402962354e+00 1.710739e+00
0.700000 54.150000 1.366585320512e+00 1.102924534395e+00 1.756132e+00
0.700000 54.175000 1.413089653254e+00 1.121920892796e+00 1.804308e+00
0.700000 54.200000 1.464305304388e+00 1.137046147349e+00 1.853932e+00
0.700000 54.225000 1.519066954587e+00 1.147295206736e+00 1.903641e+00
0.700000 54.250000 1.575976183857e+00 1.152104167406e+00 1.952190e+00
0.700000 54.275000 1.633560209801e+00 1.151401474306e+00 1.998561e+00
0.700000 54.300000 1.690438855537e+00 1.145603770678e+00 2.042056e+00
0.700000 54.325000 1.745480747016e+00 1.135556823166e+00 2.082353e+00
0.700000 54.350000 1.797930989469e+00 1.122428372743e+00 2.119529e+00
0.700000 54.375000 1.847495997279e+00 1.107565407069e+00 2.154053e+00
0.700000 54.400000 1.894376332745e+00 1.092332455671e+00 2.186745e+00
0.700000 54.425000 1.939244696190e+00 1.077949547223e+00 2.218703e+00
0.700000 54.450000 1.983172800900e+00 1.065348173800e+00 2.251209e+00
0.700000 54.475000 2.027516913335e+00 1.055061019459e+00 2.285602e+00
0.700000 54.500000 2.073776559845e+00 1.047156671161e+00 2.323163e+00
0.700000 54.525000 2.123443684801e+00 1.041224640745e+00 2.364987e+00
0.700000 54.550000 2.177860036272e+00 1.036409571386e+00 2.411891e+00
0.700000 54.575000 2.238098704488e+00 1.031487343945e+00 2.464356e+00
0.700000 54.600000 2.304881811526e+00 1.024970763477e+00 2.522508e+00
0.700000 54.625000 2.378540896819e+00 1.015229270365e+00 2.586145e+00
0.700000 54.650000 2.459020321752e+00 1.000606116917e+00 2.654806e+00
0.700000 54.675000 2.545917896342e+00 9.795178072671e-01 2.727848e+00
0.700000 54.700000 2.638551771402e+00 9.505241186085e-01 2.804541e+00
0.700000 54.725000 2.736039173041e+00 9.123622060550e-01 2.884149e+00
0.700000 54.750000 2.837371285848e+00 8.639444058261e-01 2.965986e+00
0.700000 54.775000 2.941469717869e+00 8.043255178782e-01 3.049456e+00
0.700000 54.800000 3.047213372339e+00 7.326506760146e-01 3.134053e+00
0.700000 54.825000 3.153429755920e+00 6.480986109427e-01 3.219340e+00
0.700000 54.850000 3.258851056223e+00 5.498366035689e-01 3.304910e+00
0.700000 54.875000 3.362041839385e+00 4.370024325980e-01 3.390324e+00
0.700000 54.900000 3.461311018059e+00 3.087252027486e-01 3.475052e+00
0.700000 54.925000 3.554624964264e+00 1.641914956776e-01 3.558415e+00
0.700000 54.950000 3.639540627544e+00 2.756502756478e-03 3.639542e+00
0.700000 54.975000 3.713176891707e+00 -1.759074334226e-01 3.717341e+00
0.700000 55.000000 3.772239131140e+00 -3.716391483499e-01 3.790502e+00
0.700000 55.025000 3.813106332117e+00 -5.836133836414e-01 3.857510e+00
0.700000 55.050000 3.831982863980e+00 -8.101844674922e-01 3.916694e+00
0.700000 55.075000 3.825108896011e+00 -1.048771810471e+00 3.966280e+00
0.700000 55.100000 3.789015561167e+00 -1.295807517912e+00 4.004467e+00
0.700000 55.125000 3.720804268988e+00 -1.546761196837e+00 4.029498e+00
0.700000 55.150000 3.618424937674e+00 -1.796249700475e+00 4.039742e+00
0.700000 55.175000 3.480925977426e+00 -2.038230930600e+00 4.033761e+00
0.700000 55.200000 3.308649918022e+00 -2.266271901501e+00 4.010381e+00
0.700000 55.225000 3.103352574052e+00 -2.473873100315e+00 3.968733e+00
0.700000 55.250000 2.868230166906e+00 -2.654824713753e+00 3.908304e+00
0.700000 55.275000 2.607847155512e+00 -2.803566286329e+00 3.828949e+00
0.700000 55.300000 2.327966737773e+00 -2.915520291589e+00 3.730910e+00
0.700000 55.325000 2.035295044840e+00 -2.987372049975e+00 3.614805e+00
0.700000 55.350000 1.737157964562e+00 -3.017273173300e+00 3.481617e+00
0.700000 55.375000 1.441135452908e+00 -3.004952694762e+00 3.332658e+00
0.700000 55.400000 1.154681527068e+00 -2.951728448509e+00 3.169541e+00
0.700000 55.425000 8.847586000590e-01 -2.860420146833e+00 2.994128e+00
0.700000 55.450000 6.375124718731e-01 -2.735173996804e+00 2.808487e+00
0.700000 55.475000 4.180095138178e-01 -2.581215727670e+00 2.614844e+00
0.700000 55.500000 2.300510093344e-01 -2.404553888711e+00 2.415534e+00
0.700000 55.525000 7.607205726649e-02 -2.211657817353e+00 2.212966e+00
0.700000 55.550000 -4.287522122520e-02 -2.009134667681e+00 2.009592e+00
0.700000 55.575000 -1.270613710518e-01 -1.803427530352e+00 1.807898e+00
0.700000 55.600000 -1.779549129910e-01 -1.600552425579e+00 1.610415e+00
0.700000 55.625000 -1.980496459278e-01 -1.405886457599e+00 1.419768e+00
0.700000 55.650000 -1.906618691950e-01 -1.224013421876e+00 1.238774e+00
0.700000 55.675000 -1.597149845932e-01 -1.058627389766e+00 1.070608e+00
0.700000 55.700000 -1.095267507393e-01 -9.124898961541e-01 9.190397e-01
0.700000 55.725000 -4.461104614992e-02 -7.874327880737e-01 7.886955e-01
0.700000 55.750000 3.049805292368e-02 -6.843968022455e-01 6.850760e-01
0.700000 55.775000 1.113961451329e-01 -6.034955395083e-01 6.136904e-01
0.700000 55.800000 1.939321368809e-01 -5.440954913568e-01 5.776241e-01
0.700000 55.825000 2.743080501876e-01 -5.049047760685e-01 5.746075e-01
0.700000 55.850000 3.491588544906e-01 -4.840657832707e-01 5.968514e-01
0.700000 55.875000 4.156164018740e-01 -4.792495027930e-01 6.343635e-01
0.700000 55.900000 4.713607276557e-01 -4.877514697499e-01 6.782938e-01
0.700000 55.925000 5.146604189873e-01 -5.065906469700e-01 7.221561e-01
0.700000 55.950000 5.444018545426e-01 -5.326129961018e-01 7.616101e-01
0.700000 55.975000 5.601053084166e-01 -5.626009410885e-01 7.938752e-01
0.700000 56.000000 5.619245827702e-01 -5.933885495477e-01 8.172327e-01
0.700000 56.025000 5.506262822371e-01 -6.219803317934e-01 8.306918e-01
0.700000 56.050000 5.275452272717e-01 -6.456694536770e-01 8.337824e-01
0.700000 56.075000 4.945138255277e-01 -6.621492758117e-01 8.264294e-01
0.700000 56.100000 4.537653294127e-01 -6.696108331205e-01 8.088768e-01
0.700000 56.125000 4.078135264465e-01 -6.668184337362e-01 7.816385e-01
0.700000 56.150000 3.593141748396e-01 -6.531561380741e-01 7.454660e-01
0.700000 56.175000 3.109160163459e-01 -6.286394842102e-01 7.013247e-01
0.700000 56.200000 2.651111029412e-01 -5.938893156600e-01 6.503756e-01
0.700000 56.225000 2.240951693655e-01 -5.500676781705e-01 5.939639e-01
0.700000 56.250000 1.896486902653e-01 -4.987791306341e-01 5.336171e-01
0.700000 56.275000 1.630480354683e-01 -4.419440680160e-01 4.710618e-01
0.700000 56.300000 1.450138773184e-01 -3.816533976523e-01 4.082748e-01
0.700000 56.325000 1.357009338126e-01 -3.200158191506e-01 3.475987e-01
0.700000 56.350000 1.347295708831e-01 -2.590098044769e-01 2.919557e-01
0.700000 56.375000 1.412561128730e-01 -2.003520535902e-01 2.451413e-01
0.700000 56.400000 1.540753084732e-01 -1.453927393765e-01 2.118449e-01
0.700000 56.425000 1.717456217615e-01 -9.504540622014e-02 1.962911e-01
0.700000 56.450000 1.927261425605e-01 -4.975620595712e-02 1.990453e-01
0.700000 56.475000 2.155131134704e-01 -9.513571677168e-03 2.157230e-01
0.700000 56.500000 2.387644121020e-01 2.610419444221e-02 2.401872e-01
0.700000 56.525000 2.614017476168e-01 5.784925339420e-02 2.677264e-01
0.700000 56.550000 2.826826655926e-01 8.670100071415e-02 2.956798e-01
0.700000 56.575000 3.022374551787e-01 1.137496171598e-01 3.229341e-01
0.700000 56.600000 3.200694133063e-01 1.400775512217e-01 3.493797e-01
0.700000 56.625000 3.365203161375e-01 1.666498465793e-01 3.755238e-01
0.700000 56.650000 3.522060621132e-01 1.942229942097e-01 4.022085e-01
0.700000 56.675000 3.679300073691e-01 2.232799086407e-01 4.303794e-01
0.700000 56.700000 3.845832987080e-01 2.539959189308e-01 4.608885e-01
0.700000 56.725000 4.030423854770e-01 2.862375929867e-01 4.943431e-01
0.700000 56.750000 4.240738088799e-01 3.195930662531e-01 5.310163e-01
0.700000 56.775000 4.482553602839e-01 3.534296063610e-01 5.708287e-01
0.700000 56.800000 4.759208824558e-01 3.869716705842e-01 6.133904e-01
0.700000 56.825000 5.071335390541e-01 4.193909125019e-01 6.580829e-01
0.700000 56.850000 5.416895272531e-01 4.498986154396e-01 7.041565e-01
0.700000 56.875000 5.791512151366e-01 4.778309481231e-01 7.508252e-01
0.700000 56.900000 6.189058174141e-01 5.027182506763e-01 7.973519e-01
0.700000 56.925000 6.602432356024e-01 5.243311888086e-01 8.431158e-01
0.700000 56.950000 7.024448048527e-01 5.426989132080e-01 8.876659e-01
0.700000 56.975000 7.448735809260e-01 5.580971238936e-01 9.307572e-01
0.700000 57.000000 7.870565734307e-01 5.710069173424e-01 9.723718e-01
0.700000 57.025000 8.287500152490e-01 5.820482167640e-01 1.012722e+00
0.700000 57.050000 8.699803021190e-01 5.918941821547e-01 1.052238e+00
0.700000 57.075000 9.110555106415e-01 6.011750195425e-01 1.091528e+00
0.700000 57.100000 9.525452073064e-01 6.103808577272e-01 1.131330e+00
0.700000 57.125000 9.952293406519e-01 6.197737022735e-01 1.172434e+00
0.700000 57.150000 1.040020075673e+00 6.293178590877e-01 1.215600e+00
0.700000 57.175000 1.087863189740e+00 6.386366824638e-01 1.261469e+00
0.700000 57.200000 1.139627829994e+00 6.470011739063e-01 1.310482e+00
0.700000 57.225000 1.195994810530e+00 6.533530478782e-01 1.362818e+00
0.700000 57.250000 1.257354054516e+00 6.563616608178e-01 1.418362e+00
0.700000 57.275000 1.323721203968e+00 6.545109789536e-01 1.476693e+00
0.700000 57.300000 1.394681870481e+00 6.462098531714e-01 1.537116e+00
0.700000 57.325000 1.469369623984e+00 6.299165632890e-01 1.598700e+00
0.700000 57.350000 1.546480839175e+00 6.042671199385e-01 1.660344e+00
0.700000 57.375000 1.624326229000e+00 5.681963174314e-01 1.720838e+00
0.700000 57.400000 1.700915612235e+00 5.210410637026e-01 1.778932e+00
0.700000 57.425000 1.774069507482e+00 4.626170169550e-01 1.833395e+00
0.700000 57.450000 1.841548801945e+00 3.932618773509e-01 1.883071e+00
0.700000 57.475000 1.901192227292e+00 3.138415792527e-01 1.926922e+00
0.700000 57.500000 1.951050814764e+00 2.257188138405e-01 1.964064e+00
0.700000 57.525000 1.989508924121e+00 1.306864707124e-01 1.993797e+00
0.700000 57.550000 2.015382771585e+00 3.087142082677e-02 2.015619e+00
0.700000 57.575000 2.027989456679e+00 -7.138368184658e-02 2.029245e+00
0.700000 57.600000 2.027182075126e+00 -1.736514083862e-01 2.034606e+00
0.700000 57.625000 2.013349335138e+00 -2.735535616643e-01 2.031848e+00
0.700000 57.650000 1.987380891636e+00 -3.688885870111e-01 2.021327e+00
0.700000 57.675000 1.950602126926e+00 -4.577437785213e-01 2.003591e+00
0.700000 57.700000 1.904684138153e+00 -5.385852744315e-01 1.979368e+00
0.700000 57.725000 1.851536111551e+00 -6.103208516448e-01 1.949533e+00
0.700000 57.750000 1.793188017720e+00 -6.723327434721e-01 1.915086e+00
0.700000 57.775000 1.731671670236e+00 -7.244799086038e-01 1.877114e+00
0.700000 57.800000 1.668907731769e+00 -7.670711990558e-01 1.836750e+00
0.700000 57.825000 1.606605347802e+00 -8.008125851893e-01 1.795127e+00
0.700000 57.850000 1.546179876500e+00 -8.267329271047e-01 1.753328e+00
0.700000 57.875000 1.488692798244e+00 -8.460937165131e-01 1.712332e+00
0.700000 57.900000 1.434816441988e+00 -8.602887758784e-01 1.672960e+00
0.700000 57.925000 1.384824736993e+00 -8.707401415857e-01 1.635826e+00
0.700000 57.950000 1.338609831520e+00 -8.787963313524e-01 1.601299e+00
0.700000 57.975000 1.295723128800e+00 -8.856389494735e-01 1.569476e+00
0.700000 58.000000 1.255438071959e+00 -8.922031420197e-01 1.540179e+00
0.700000 58.025000 1.216830859017e+00 -8.991167776193e-01 1.512973e+00
0.700000 58.050000 1.178874196467e+00 -9.066623766400e-01 1.487206e+00
0.700000 58.075000 1.140538242122e+00 -9.147647115357e-01 1.462061e+00
0.700000 58.100000 1.100892113767e+00 -9.230056303126e-01 1.436629e+00
0.700000 58.125000 1.059198847780e+00 -9.306660160412e-01 1.409979e+00
0.700000 58.150000 1.014996595831e+00 -9.367929332776e-01 1.381231e+00
0.700000 58.175000 9.681592599136e-01 -9.402880253659e-01 1.349620e+00
0.700000 58.200000 9.189307702471e-01 -9.400112673009e-01 1.314555e+00
0.700000 58.225000 8.679288387688e-01 -9.348924440451e-01 1.275666e+00
0.700000 58.250000 8.161162318701e-01 -9.240414347753e-01 1.232842e+00
0.700000 58.275000 7.647402736128e-01 -9.068477551403e-01 1.186255e+00
0.700000 58.300000 7.152442045204e-01 -8.830600186347e-01 1.136384e+00
0.700000 58.325000 6.691569003817e-01 -8.528371281066e-01 1.084021e+00
0.700000 58.350000 6.279699768629e-01 -8.167651017953e-01 1.030268e+00
0.700000 58.375000 5.930131412220e-01 -7.758363602266e-01 9.765176e-01
0.700000 58.400000 5.653395142188e-01 -7.313918166330e-01 9.244148e-01
0.700000 58.425000 5.456323301238e-01 -6.850298865954e-01 8.757743e-01
0.700000 58.450000 5.341428495596e-01 -6.384901532771e-01 8.324532e-01
0.700000 58.475000 5.306665550602e-01 -5.935224586374e-01 7.961632e-01
0.700000 58.500000 5.345609633299e-01 -5.517542333149e-01 7.682370e-01
0.700000 58.525000 5.448040427501e-01 -5.145696085643e-01 7.493953e-01
0.700000 58.550000 5.600877382598e-01 -4.830130875821e-01 7.395944e-01
0.700000 58.575000 5.789370025639e-01 -4.577282761419e-01 7.380266e-01
0.700000 58.600000 5.998415295434e-01 -4.389385554503e-01 7.432879e-01
0.700000 58.625000 6.213855252795e-01 -4.264719740385e-01 7.536566e-01
0.700000 58.650000 6.423606402772e-01 -4.198275376539e-01 7.673867e-01
0.700000 58.675000 6.618487443479e-01 -4.182750773335e-01 7.829418e-01
0.700000 58.700000 6.792644617954e-01 -4.209765911714e-01 7.991380e-01
0.700000 58.725000 6.943519935818e-01 -4.271139475412e-01 8.152000e-01
0.700000 58.750000 7.071362416622e-01 -4.360065427015e-01 8.307487e-01
0.700000 58.775000 7.178339890425e-01 -4.472031709336e-01 8.457401e-01
0.700000 58.800000 7.267361836082e-01 -4.605350075312e-01 8.603708e-01
0.700000 58.825000 7.340765503053e-01 -4.761209968880e-01 8.749626e-01
0.700000 58.850000 7.399042458704e-01 -4.943226247738e-01 8.898388e-01
0.700000 58.875000 7.439786850366e-01 -5.156513993207e-01 9.052075e-01
0.700000 58.900000 7.457028564460e-01 -5.406386224354e-01 9.210662e-01
0.700000 58.925000 7.441075260591e-01 -5.696824327960e-01 9.371414e-01
0.700000 58.950000 7.378930741991e-01 -6.028909451722e-01 9.528713e-01
0.700000 58.975000 7.255289346711e-01 -6.399420603907e-01 9.674286e-01
0.700000 59.000000 7.054034667434e-01 -6.799798695179e-01 9.797789e-01
0.700000 59.025000 6.760104326965e-01 -7.215644957510e-01 9.887595e-01
0.700000 59.050000 6.361528886048e-01 -7.626869692086e-01 9.931676e-01
0.700000 59.075000 5.851419126660e-01 -8.008538422405e-01 9.918457e-01
0.700000 59.100000 5.229666710646e-01 -8.332384672617e-01 9.837583e-01
0.700000 59.125000 4.504140593128e-01 -8.568880464223e-01 9.680547e-01
0.700000 59.150000 3.691204551989e-01 -8.689686232340e-01 9.441167e-01
0.700000 59.175000 2.815445753630e-01 -8.670249452308e-01 9.115918e-01
0.700000 59.200000 1.908583788477e-01 -8.492292339570e-01 8.704121e-01
0.700000 59.225000 1.007615580435e-01 -8.145927504620e-01 8.208010e-01
0.700000 59.250000 1.523345855681e-02 -7.631167331111e-01 7.632688e-01
0.700000 59.275000 -6.175665163779e-02 -6.958645826771e-01 6.985996e-01
0.700000 59.300000 -1.265549911505e-01 -6.149445525453e-01 6.278320e-01
0.700000 59.325000 -1.761159430616e-01 -5.234009042492e-01 5.522367e-01
0.700000 59.350000 -2.082540768599e-01 -4.250205895862e-01 4.732993e-01
0.700000 59.375000 -2.218309797771e-01 -3.240710472445e-01 3.927226e-01
0.700000 59.400000 -2.168583246078e-01 -2.249917383148e-01 3.124881e-01
0.700000 59.425000 -1.945065176548e-01 -1.320668351867e-01 2.351052e-01
0.700000 59.450000 -1.570173120262e-01 -4.910851008687e-02 1.645177e-01
0.700000 59.475000 -1.075279883131e-01 2.082066931050e-02 1.095252e-01
0.700000 59.500000 -4.982313279109e-02 7.562152986300e-02 9.055915e-02
0.700000 59.525000 1.196318890188e-02 1.142898066744e-01 1.149142e-01
0.700000 59.550000 7.366764166081e-02 1.369549362462e-01 1.555107e-01
0.700000 59.575000 1.314113401690e-01 1.448246209580e-01 1.955585e-01
0.700000 59.600000 1.818794428540e-01 1.400425742183e-01 2.295475e-01
0.700000 59.625000 2.225429315724e-01 1.254748367777e-01 2.554786e-01
0.700000 59.650000 2.518050701722e-01 1.044463012962e-01 2.726075e-01
0.700000 59.675000 2.690627584526e-01 8.045299934482e-02 2.808335e-01
0.700000 59.700000 2.746814231426e-01 5.687696041446e-02 2.805082e-01
0.700000 59.725000 2.698903254529e-01 3.672900562506e-02 2.723781e-01
0.700000 59.750000 2.566123751229e-01 2.244093649747e-02 2.575917e-01
0.700000 59.775000 2.372480213075e-01 1.572271981347e-02 2.377684e-01
0.700000 59.800000 2.144360483659e-01 1.749314077543e-02 2.151484e-01
0.700000 59.825000 1.908149025090e-01 2.788479370655e-02 1.928416e-01
0.700000 59.850000 1.688065481384e-01 4.631701505207e-02 1.750455e-01
0.700000 59.875000 1.504410928630e-01 7.162417825223e-02 1.666210e-01
0.700000 59.900000 1.372350350463e-01 1.022222552351e-01 1.711223e-01
0.700000 59.925000 1.301296352509e-01 1.362940878109e-01 1.884404e-01
0.700000 59.950000 1.294893227975e-01 1.719735461289e-01 2.152728e-01
0.700000 59.975000 1.351539385842e-01 2.075105768426e-01 2.476433e-01
0.700000 60.000000 1.465336124012e-01 2.414027341048e-01 2.823958e-01
0.700000 60.025000 1.627316482189e-01 2.724836394510e-01 3.173782e-01
0.700000 60.050000 1.826792143004e-01 2.999643182538e-01 3.512126e-01
0.700000 60.075000 2.052659551592e-01 3.234288601412e-01 3.830670e-01
0.700000 60.100000 2.294526923873e-01 3.427907365558e-01 4.124973e-01
0.700000 60.125000 2.543558087447e-01 3.582198745240e-01 4.393385e-01
0.700000 60.150000 2.792972266244e-01 3.700528842891e-01 4.636228e-01
0.700000 60.175000 3.038185379372e-01 3.786995124450e-01 4.855090e-01
0.700000 60.200000 3.276622542590e-01 3.845574826875e-01 5.052198e-01
0.700000 60.225000 3.507268233035e-01 3.879456172639e-01 5.229829e-01
0.700000 60.250000 3.730046186859e-01 3.890618743058e-01 5.389820e-01
0.700000 60.275000 3.945133305422e-01 3.879691546598e-01 5.533180e-01
0.700000 60.300000 4.152310171720e-01 3.846079252917e-01 5.659859e-01
0.700000 60.325000 4.350436473248e-01 3.788313445934e-01 5.768675e-01
0.700000 60.350000 4.537115419369e-01 3.704560426871e-01 5.857404e-01
0.700000 60.375000 4.708580922257e-01 3.593202635519e-01 5.922992e-01
0.700000 60.400000 4.859809203252e-01 3.453408182051e-01 5.961860e-01
0.700000 60.425000 4.984826868625e-01 3.285611732576e-01 5.970238e-01
0.700000 60.450000 5.077164055283e-01 3.091848074634e-01 5.944503e-01
0.700000 60.475000 5.130386620921e-01 2.875904006783e-01 5.881470e-01
0.700000 60.500000 5.138636848484e-01 2.643281011571e-01 5.778626e-01
0.700000 60.525000 5.097117606419e-01 2.400986634458e-01 5.634301e-01
0.700000 60.550000 5.002468846033e-01 2.157193168566e-01 5.447768e-01
0.700000 60.575000 4.853005121547e-01 1.920815570102e-01 5.219309e-01
0.700000 60.600000 4.648805195967e-01 1.701065123825e-01 4.950254e-01
0.700000 60.625000 4.391666259397e-01 1.507031200617e-01 4.643046e-01
0.700000 60.650000 4.084952659565e-01 1.347331752540e-01 4.301412e-01
0.700000 60.675000 3.733379912879e-01 1.229856297033e-01 3.930734e-01
0.700000 60.700000 3.342777810669e-01 1.161606070266e-01 3.538855e-01
0.700000 60.725000 2.919871608458e-01 1.148618027685e-01 3.137670e-01
0.700000 60.750000 2.472108786328e-01 1.195945417255e-01 2.746199e-01
0.700000 60.775000 2.007542944768e-01 1.307660006082e-01 2.395872e-01
0.700000 60.800000 1.534768995118e-01 1.486840895641e-01 2.136870e-01
0.700000 60.825000 1.062888089224e-01 1.735522154341e-01 2.035133e-01
0.700000 60.850000 6.014696119674e-02 2.054584918388e-01 2.140814e-01
0.700000 60.875000 1.604732001245e-02 2.443596796324e-01 2.448860e-01
0.700000 60.900000 -2.499027774424e-02 2.900619294268e-01 2.911365e-01
0.700000 60.925000 -6.194687663771e-02 3.422019268372e-01 3.477637e-01
0.700000 60.950000 -9.383929351863e-02 4.002330115787e-01 4.110867e-01
0.700000 60.975000 -1.197636188641e-01 4.634210332007e-01 4.786464e-01
0.700000 61.000000 -1.389437371869e-01 5.308540164908e-01 5.487361e-01
0.700000 61.025000 -1.507795633222e-01 6.014681758105e-01 6.200794e-01
0.700000 61.050000 -1.548886616003e-01 6.740906189772e-01 6.916565e-01
0.700000 61.075000 -1.511348086838e-01 7.474965185941e-01 7.626223e-01
0.700000 61.100000 -1.396379902516e-01 8.204759849597e-01 8.322738e-01
0.700000 61.125000 -1.207622434867e-01 8.919037606858e-01 9.000421e-01
0.700000 61.150000 -9.508046911953e-02 9.608035502151e-01 9.654966e-01
0.700000 61.175000 -6.331849720131e-02 1.026398581224e+00 1.028350e+00
0.700000 61.200000 -2.628386142592e-02 1.088141010038e+00 1.088458e+00
0.700000 61.225000 1.521255874403e-02 1.145714995925e+00 1.145816e+00
0.700000 61.250000 6.043207687692e-02 1.199011464080e+00 1.200533e+00
0.700000 61.275000 1.087704364098e-01 1.248076376060e+00 1.252807e+00
0.700000 61.300000 1.597971832846e-01 1.293038232164e+00 1.302875e+00
0.700000 61.325000 2.132649819575e-01 1.334023990316e+00 1.350963e+00
0.700000 61.350000 2.690852901099e-01 1.371075068490e+00 1.397231e+00
0.700000 61.375000 3.272712495427e-01 1.404076168249e+00 1.441713e+00
0.700000 61.400000 3.878533755420e-01 1.432709047544e+00 1.484279e+00
0.700000 61.425000 4.507780022052e-01 1.456441027882e+00 1.524605e+00
0.700000 61.450000 5.158018370330e-01 1.474554127337e+00 1.562166e+00
0.700000 61.475000 5.823978546504e-01 1.486215675448e+00 1.596253e+00
0.700000 61.500000 6.496877468092e-01 1.490585681737e+00 1.626020e+00
0.700000 61.525000 7.164141045613e-01 1.486950803315e+00 1.650537e+00
0.700000 61.550000 7.809615627284e-01 1.474870220470e+00 1.668875e+00
0.700000 61.575000 8.414306721983e-01 1.454315741490e+00 1.680190e+00
0.700000 61.600000 8.957618921855e-01 1.425787513428e+00 1.683823e+00
0.700000 61.625000 9.419005774361e-01 1.390388068584e+00 1.679391e+00
0.700000 61.650000 9.779880008762e-01 1.349841056046e+00 1.666893e+00
0.700000 61.675000 1.002559082376e+00 1.306446566890e+00 1.646793e+00
0.700000 61.700000 1.014725221783e+00 1.262971867385e+00 1.620113e+00
0.700000 61.725000 1.014320853419e+00 1.222483812448e+00 1.588494e+00
0.700000 61.750000 1.001995144111e+00 1.188136321343e+00 1.554240e+00
0.700000 61.775000 9.792354179701e-01 1.162932164947e+00 1.520300e+00
0.700000 61.800000 9.483158722429e-01 1.149482166408e+00 1.490172e+00
0.700000 61.825000 9.121731650871e-01 1.149786207489e+00 1.467674e+00
0.700000 61.850000 8.742185674574e-01 1.165058917036e+00 1.456578e+00
0.700000 61.875000 8.381035962392e-01 1.195618694722e+00 1.460110e+00
0.700000 61.900000 8.074614866323e-01 1.240852231567e+00 1.480442e+00
0.700000 61.925000 7.856498205269e-01 1.299258661022e+00 1.518328e+00
0.700000 61.950000 7.755196993574e-01 1.368568849780e+00 1.573026e+00
0.700000 61.975000 7.792339804025e-01 1.445927147476e+00 1.642532e+00
0.700000 62.000000 7.981515947569e-01 1.528116153649e+00 1.724003e+00
0.700000 62.025000 8.327874743807e-01 1.611800560222e+00 1.814232e+00
0.700000 62.050000 8.828490308587e-01 1.693764448563e+00 1.910042e+00
0.700000 62.075000 9.473414907694e-01 1.771117776608e+00 2.008560e+00
0.700000 62.100000 1.024726757472e+00 1.841452021572e+00 2.107371e+00
0.700000 62.125000 1.113114773384e+00 1.902931525578e+00 2.204580e+00
0.700000 62.150000 1.210463298421e+00 1.954315206476e+00 2.298819e+00
0.700000 62.175000 1.314761968354e+00 1.994911930869e+00 2.389199e+00
0.700000 62.200000 1.424179442880e+00 2.024480920154e+00 2.475239e+00
0.700000 62.225000 1.537158010602e+00 2.043095062302e+00 2.556774e+00
0.700000 62.250000 1.652447469670e+00 2.050989119676e+00 2.633845e+00
0.700000 62.275000 1.769078491702e+00 2.048416046600e+00 2.706593e+00
0.700000 62.300000 1.886283926886e+00 2.035532817474e+00 2.775151e+00
0.700000 62.325000 2.003383562736e+00 2.012332561589e+00 2.839547e+00
0.700000 62.350000 2.119652803076e+00 1.978633004448e+00 2.899641e+00
0.700000 62.375000 2.234197951315e+00 1.934123106706e+00 2.955076e+00
0.700000 62.400000 2.345859975294e+00 1.878461417426e+00 3.005275e+00
0.700000 62.425000 2.453164898001e+00 1.811412099142e+00 3.049464e+00
0.700000 62.450000 2.554332769387e+00 1.732998815985e+00 3.086730e+00
0.700000 62.475000 2.647349312123e+00 1.643653454028e+00 3.116096e+00
0.700000 62.500000 2.730095793888e+00 1.544336395106e+00 3.136622e+00
0.700000 62.525000 2.800524543093e+00 1.436607846930e+00 3.147504e+00
0.700000 62.550000 2.856860827094e+00 1.322635218352e+00 3.148177e+00
0.700000 62.575000 2.897807406752e+00 1.205129055672e+00 3.138411e+00
0.700000 62.600000 2.922726539655e+00 1.087208705979e+00 3.118390e+00
0.700000 62.625000 2.931775743609e+00 9.722075896792e-01 3.088769e+00
0.700000 62.650000 2.925978091777e+00 8.634356815962e-01 3.050716e+00
0.700000 62.675000 2.907214674429e+00 7.639225761804e-01 3.005907e+00
0.700000 62.700000 2.878135323899e+00 6.761676422898e-01 2.956495e+00
0.700000 62.725000 2.841992763762e+00 6.019238715653e-01 2.905036e+00
0.700000 62.750000 2.802413948717e+00 5.420390697946e-01 2.854353e+00
0.700000 62.775000 2.763129507456e+00 4.963723719190e-01 2.807360e+00
0.700000 62.800000 2.727687066260e+00 4.637963331292e-01 2.766836e+00
0.700000 62.825000 2.699176269052e+00 4.422859482975e-01 2.735173e+00
0.700000 62.850000 2.679992306802e+00 4.290868914379e-01 2.714125e+00
0.700000 62.875000 2.671660863211e+00 4.209470611999e-01 2.704620e+00
0.700000 62.900000 2.674741040347e+00 4.143890683914e-01 2.706651e+00
0.700000 62.925000 2.688814778783e+00 4.059972926748e-01 2.719294e+00
0.700000 62.950000 2.712562438864e+00 3.926919652800e-01 2.740840e+00
0.700000 62.975000 2.743915536722e+00 3.719644753883e-01 2.769012e+00
0.700000 63.000000 2.780270059963e+00 3.420524994005e-01 2.801232e+00
0.700000 63.025000 2.818738105120e+00 3.020400802660e-01 2.834874e+00
0.700000 63.050000 2.856412335179e+00 2.518756895766e-01 2.867496e+00
0.700000 63.075000 2.890617222566e+00 1.923097156652e-01 2.897007e+00
0.700000 63.100000 2.919123193628e+00 1.247608405435e-01 2.921788e+00
0.700000 63.125000 2.940304313958e+00 5.112757589603e-02 2.940749e+00
0.700000 63.150000 2.953226501798e+00 -2.643383830883e-02 2.953345e+00
0.700000 63.175000 2.957660713137e+00 -1.057413493286e-01 2.959550e+00
0.700000 63.200000 2.954023307005e+00 -1.848048740856e-01 2.959798e+00
0.700000 63.225000 2.943253076048e+00 -2.620082921699e-01 2.954892e+00
0.700000 63.250000 2.926640504368e+00 -3.362383768981e-01 2.945892e+00
0.700000 63.275000 2.905629133092e+00 -4.069493523027e-01 2.933988e+00
0.700000 63.300000 2.881611115494e+00 -4.741586524607e-01 2.920361e+00
0.700000 63.325000 2.855738993019e+00 -5.383765676306e-01 2.906044e+00
0.700000 63.350000 2.828773509945e+00 -6.004790929706e-01 2.891805e+00
0.700000 63.375000 2.800983198393e+00 -6.615388319311e-01 2.878045e+00
0.700000 63.400000 2.772105959607e+00 -7.226327610518e-01 2.864746e+00
0.700000 63.425000 2.741376505447e+00 -7.846477174556e-01 2.851459e+00
0.700000 63.450000 2.707616922470e+00 -8.481044935035e-01 2.837335e+00
0.700000 63.475000 2.669381391935e+00 -9.130194711685e-01 2.821206e+00
0.700000 63.500000 2.625140797637e+00 -9.788190301700e-01 2.801687e+00
0.700000 63.525000 2.573489033377e+00 -1.044316890661e+00 2.777309e+00
0.700000 63.550000 2.513350603661e+00 -1.107758580610e+00 2.746645e+00
0.700000 63.575000 2.444168761868e+00 -1.166930889017e+00 2.708448e+00
0.700000 63.600000 2.366054956462e+00 -1.219328034349e+00 2.661762e+00
0.700000 63.625000 2.279883609542e+00 -1.262360870972e+00 2.606036e+00
0.700000 63.650000 2.187320945179e+00 -1.293591235441e+00 2.541211e+00
0.700000 63.675000 2.090782315326e+00 -1.310970858603e+00 2.467796e+00
0.700000 63.700000 1.993318753513e+00 -1.313063370497e+00 2.386934e+00
0.700000 63.725000 1.898439790677e+00 -1.299228890914e+00 2.300450e+00
0.700000 63.750000 1.809885357785e+00 -1.269753465230e+00 2.210873e+00
0.700000 63.775000 1.731364377075e+00 -1.225909960711e+00 2.121433e+00
0.700000 63.800000 1.666280983960e+00 -1.169942636073e+00 2.035991e+00
0.700000 63.825000 1.617470912986e+00 -1.104973979459e+00 1.958872e+00
0.700000 63.850000 1.586970251320e+00 -1.034839043348e+00 1.894562e+00
0.700000 63.875000 1.575836499401e+00 -9.638588196461e-01 1.847237e+00
0.700000 63.900000 1.584037834170e+00 -8.965696365298e-01 1.820168e+00
0.700000 63.925000 1.610420959685e+00 -8.374296220527e-01 1.815143e+00
0.700000 63.950000 1.652761406365e+00 -7.905255760185e-01 1.832089e+00
0.700000 63.975000 1.707893162188e+00 -7.593038749483e-01 1.869075e+00
0.700000 64.000000 1.771907704499e+00 -7.463472336220e-01 1.922678e+00
0.700000 64.025000 1.840406471631e+00 -7.532153781614e-01 1.988575e+00
0.700000 64.050000 1.908786137385e+00 -7.803622537179e-01 2.062142e+00
0.700000 64.075000 1.972533186683e+00 -8.271357629415e-01 2.138934e+00
0.700000 64.100000 2.027503536775e+00 -8.918588046178e-01 2.214990e+00
0.700000 64.125000 2.070164410954e+00 -9.719832231846e-01 2.286992e+00
0.700000 64.150000 2.097779245388e+00 -1.064301867637e+00 2.352321e+00
0.700000 64.175000 2.108521781389e+00 -1.165198914042e+00 2.409056e+00
0.700000 64.200000 2.101512169135e+00 -1.270915430300e+00 2.455927e+00
0.700000 64.225000 2.076775250496e+00 -1.377806181086e+00 2.492257e+00
0.700000 64.250000 2.035128486241e+00 -1.482564999027e+00 2.517885e+00
0.700000 64.275000 1.978013527827e+00 -1.582399570068e+00 2.533086e+00
0.700000 64.300000 1.907290553546e+00 -1.675141859283e+00 2.538475e+00
0.700000 64.325000 1.825017675471e+00 -1.759287108966e+00 2.534912e+00
0.700000 64.350000 1.733238650061e+00 -1.833961703490e+00 2.523397e+00
0.700000 64.375000 1.633800691535e+00 -1.898827471536e+00 2.504965e+00
0.700000 64.400000 1.528220534124e+00 -1.953936444422e+00 2.480590e+00
0.700000 64.425000 1.417611387001e+00 -1.999555047537e+00 2.451090e+00
0.700000 64.450000 1.302676636970e+00 -2.035979657342e+00 2.417060e+00
0.700000 64.475000 1.183768777945e+00 -2.063366099957e+00 2.378821e+00
0.700000 64.500000 1.061004846198e+00 -2.081593927257e+00 2.336400e+00
0.700000 64.525000 9.344233650710e-01 -2.090182357376e+00 2.289543e+00
0.700000 64.550000 8.041631083028e-01 -2.088269012642e+00 2.237755e+00
0.700000 64.575000 6.706413724211e-01 -2.074655621642e+00 2.180357e+00
0.700000 64.600000 5.347091876642e-01 -2.047917393491e+00 2.116573e+00
0.700000 64.625000 3.977630332291e-01 -2.006565594440e+00 2.045610e+00
0.700000 64.650000 2.617969486756e-01 -1.949246706767e+00 1.966749e+00
0.700000 64.675000 1.293850157881e-01 -1.874957070688e+00 1.879416e+00
0.700000 64.700000 3.591409306692e-03 -1.783249576039e+00 1.783253e+00
0.700000 64.725000 -1.121871525292e-01 -1.674409037985e+00 1.678163e+00
0.700000 64.750000 -2.144344627755e-01 -1.549575372471e+00 1.564342e+00
0.700000 64.775000 -2.997651376773e-01 -1.410798350519e+00 1.442294e+00
0.700000 64.800000 -3.651895264012e-01 -1.261014102183e+00 1.312829e+00
0.700000 64.825000 -4.083683490652e-01 -1.103941032968e+00 1.177052e+00
0.700000 64.850000 -4.278324231355e-01 -9.439006672032e-01 1.036334e+00
0.700000 64.875000 -4.231455042094e-01 -7.855763663179e-01 8.922905e-01
0.700000 64.900000 -3.949931237953e-01 -6.337291468103e-01 7.467477e-01
0.700000 64.925000 -3.451868909811e-01 -4.928943171805e-01 6.017465e-01
0.700000 64.950000 -2.765814023770e-01 -3.670849142901e-01 4.596179e-01
0.700000 64.975000 -1.929089323971e-01 -2.595277151384e-01 3.233705e-01
0.700000 65.000000 -9.854467515529e-02 -1.724549391455e-01 1.986247e-01
0.700000 65.025000 1.778257708291e-03 -1.069698884240e-01 1.069847e-01
0.700000 65.050000 1.032802365324e-01 -6.299816486503e-02 1.209776e-01
0.700000 65.075000 2.014466619357e-01 -3.932838927635e-02 2.052498e-01
0.700000 65.100000 2.923134834809e-01 -3.373827348627e-02 2.942540e-01
0.700000 65.125000 3.727030419923e-01 -4.319424076753e-02 3.751977e-01
0.700000 65.150000 4.403913309640e-01 -6.410629127377e-02 4.450327e-01
0.700000 65.175000 4.941942573531e-01 -9.261509151332e-02 5.027977e-01
0.700000 65.200000 5.339680711179e-01 -1.248857783453e-01 5.483779e-01
0.700000 65.225000 5.605270798282e-01 -1.573829359680e-01 5.822027e-01
0.700000 65.250000 5.754892894410e-01 -1.871036123208e-01 6.051410e-01
0.700000 65.275000 5.810669789951e-01 -2.117498297996e-01 6.184471e-01
0.700000 65.300000 5.798238079894e-01 -2.298283372632e-01 6.237120e-01
0.700000 65.325000 5.744224342399e-01 -2.406726992800e-01 6.228037e-01
0.700000 65.350000 5.673865768856e-01 -2.443904733396e-01 6.177817e-01
0.700000 65.375000 5.608990321643e-01 -2.417454076379e-01 6.107770e-01
0.700000 65.400000 5.566526218845e-01 -2.339905751493e-01 6.038325e-01
0.700000 65.425000 5.557649257108e-01 -2.226725466498e-01 5.987134e-01
0.700000 65.450000 5.587605822918e-01 -2.094286903250e-01 5.967192e-01
0.700000 65.475000 5.656176991488e-01 -1.957992976143e-01 5.985489e-01
0.700000 65.500000 5.758682591667e-01 -1.830735566241e-01 6.042683e-01
0.700000 65.525000 5.887370552987e-01 -1.721837534717e-01 6.133992e-01
0.700000 65.550000 6.033001820760e-01 -1.636560159372e-01 6.251035e-01
0.700000 65.575000 6.186428135550e-01 -1.576191117980e-01 6.384064e-01
0.700000 65.600000 6.339970080433e-01 -1.538660409020e-01 6.524009e-01
0.700000 65.625000 6.488434488422e-01 -1.519571708936e-01 6.663999e-01
0.700000 65.650000 6.629659658065e-01 -1.513491235381e-01 6.800224e-01
0.700000 65.675000 6.764537972251e-01 -1.515310157053e-01 6.932181e-01
0.700000 65.700000 6.896531287398e-01 -1.521492664429e-01 7.062371e-01
0.700000 65.725000 7.030757217514e-01 -1.531040150144e-01 7.195529e-01
0.700000 65.750000 7.172776944577e-01 -1.546040145612e-01 7.337504e-01
0.700000 65.775000 7.327251444917e-01 -1.571722050723e-01 7.493926e-01
0.700000 65.800000 7.496648961163e-01 -1.616003880846e-01 7.668847e-01
0.700000 65.825000 7.680180495854e-01 -1.688577871133e-01 7.863617e-01
0.700000 65.850000 7.873112960587e-01 -1.799640346534e-01 8.076176e-01
0.700000 65.875000 8.066564746507e-01 -1.958416081887e-01 8.300895e-01
0.700000 65.900000 8.247831296984e-01 -2.171654290073e-01 8.528939e-01
0.700000 65.925000 8.401225561336e-01 -2.442279388145e-01 8.749018e-01
0.700000 65.950000 8.509357362239e-01 -2.768364288473e-01 8.948352e-01
0.700000 65.975000 8.554723783790e-01 -3.142559150508e-01 9.113670e-01
0.700000 66.000000 8.521445602323e-01 -3.552058565006e-01 9.232126e-01
0.700000 66.025000 8.396966625752e-01 -3.979130992685e-01 9.292068e-01
0.700000 66.050000 8.173535376503e-01 -4.402172879592e-01 9.283631e-01
0.700000 66.075000 7.849311183462e-01 -4.797193281199e-01 9.199171e-01
0.700000 66.100000 7.428976445341e-01 -5.139589380949e-01 9.033552e-01
0.700000 66.125000 6.923788682322e-01 -5.406043854632e-01 8.784313e-01
0.700000 66.150000 6.351063822668e-01 -5.576364465671e-01 8.451737e-01
0.700000 66.175000 5.733139303250e-01 -5.635095139905e-01 8.038855e-01
0.700000 66.200000 5.095915656314e-01 -5.572754337995e-01 7.551420e-01
0.700000 66.225000 4.467113054149e-01 -5.386597104449e-01 6.997894e-01
0.700000 66.250000 3.874401213680e-01 -5.080846551709e-01 6.389522e-01
0.700000 66.275000 3.343565589649e-01 -4.666392802346e-01 5.740614e-01
0.700000 66.300000 2.896860499894e-01 -4.160006633974e-01 5.069266e-01
0.700000 66.325000 2.551673259985e-01 -3.583156058063e-01 4.398868e-01
0.700000 66.350000 2.319586596632e-01 -2.960542962708e-01 3.761023e-01
0.700000 66.375000 2.205884504812e-01 -2.318491644524e-01 3.200208e-01
0.700000 66.400000 2.209504471977e-01 -1.683321315429e-01 2.777675e-01
0.700000 66.425000 2.323401309349e-01 -1.079822039589e-01 2.562071e-01
0.700000 66.450000 2.535258359197e-01 -5.299310085168e-02 2.590051e-01
0.700000 66.475000 2.828462805386e-01 -5.167748582878e-03 2.828935e-01
0.700000 66.500000 3.183253810009e-01 3.415656628292e-02 3.201526e-01
0.700000 66.525000 3.577954300801e-01 6.415143146448e-02 3.635010e-01
0.700000 66.550000 3.990207259052e-01 8.451030594932e-02 4.078720e-01
0.700000 66.575000 4.398152324132e-01 9.543429047721e-02 4.500502e-01
0.700000 66.600000 4.781495201246e-01 9.759457658006e-02 4.880079e-01
0.700000 66.625000 5.122437787100e-01 9.207571165865e-02 5.204533e-01
0.700000 66.650000 5.406448923574e-01 8.030357093774e-02 5.465762e-01
0.700000 66.675000 5.622863130809e-01 6.396144428258e-02 5.659125e-01
0.700000 66.700000 5.765297623141e-01 4.489717968419e-02 5.782753e-01
0.700000 66.725000 5.831877530734e-01 2.502408897324e-02 5.837244e-01
0.700000 66.750000 5.825257501428e-01 6.218447207916e-03 5.825589e-01
0.700000 66.775000 5.752427088851e-01 -9.783069607047e-03 5.753259e-01
0.700000 66.800000 5.624289781823e-01 -2.148185154804e-02 5.628391e-01
0.700000 66.825000 5.455012843957e-01 -2.770664593506e-02 5.462045e-01
0.700000 66.850000 5.261157985325e-01 -2.768781099555e-02 5.268439e-01
0.700000 66.875000 5.060620758254e-01 -2.111030668798e-02 5.065022e-01
0.700000 66.900000 4.871427720517e-01 -8.139493967509e-03 4.872108e-01
0.700000 66.925000 4.710462084520e-01 1.058506733900e-02 4.711651e-01
0.700000 66.950000 4.592207376235e-01 3.399064863401e-02 4.604770e-01
0.700000 66.975000 4.527611048647e-01 6.064728861465e-02 4.568049e-01
0.700000 67.000000 4.523172971845e-01 8.887543878336e-02 4.609661e-01
0.700000 67.025000 4.580355195170e-01 1.168786781863e-01 4.727126e-01
0.700000 67.050000 4.695388709004e-01 1.428916747108e-01 4.908001e-01
0.700000 67.075000 4.859521148835e-01 1.653310953344e-01 5.133068e-01
0.700000 67.100000 5.059709167843e-01 1.829357980349e-01 5.380261e-01
0.700000 67.125000 5.279714659699e-01 1.948826614114e-01 5.627905e-01
0.700000 67.150000 5.501520194929e-01 2.008659530253e-01 5.856743e-01
0.700000 67.175000 5.706941316870e-01 2.011311440187e-01 6.050996e-01
0.700000 67.200000 5.879286712121e-01 1.964582927184e-01 6.198838e-01
0.700000 67.225000 6.004905627751e-01 1.880951199389e-01 6.292604e-01
0.700000 67.250000 6.074467495959e-01 1.776451358531e-01 6.328897e-01
0.700000 67.275000 6.083841752819e-01 1.669210465951e-01 6.308676e-01
0.700000 67.300000 6.034484354368e-01 1.577775800069e-01 6.237337e-01
0.700000 67.325000 5.933287566105e-01 1.519403302113e-01 6.124744e-01
0.700000 67.350000 5.791905743010e-01 1.508478967523e-01 5.985122e-01
0.700000 67.375000 5.625625635603e-01 1.555233605126e-01 5.836644e-01
0.700000 67.400000 5.451898743379e-01 1.664880991614e-01 5.700441e-01
0.700000 67.425000 5.288689577349e-01 1.837264241620e-01 5.598730e-01
0.700000 67.450000 5.152813012881e-01 2.067040282006e-01 5.551949e-01
0.700000 67.475000 5.058433840208e-01 2.344373984060e-01 5.575289e-01
0.700000 67.500000 5.015882099114e-01 2.656058548064e-01 5.675713e-01
0.700000 67.525000 5.030901103703e-01 2.986933550648e-01 5.850790e-01
0.700000 67.550000 5.104395574765e-01 3.321441880874e-01 6.089896e-01
0.700000 67.575000 5.232690880208e-01 3.645155010408e-01 6.377163e-01
0.700000 67.600000 5.408257712635e-01 3.946103834140e-01 6.694848e-01
0.700000 67.625000 5.620806248528e-01 4.215778481302e-01 7.026112e-01
0.700000 67.650000 5.858615723495e-01 4.449701636364e-01 7.356849e-01
0.700000 67.675000 6.109943652706e-01 4.647530873044e-01 7.676650e-01
0.700000 67.700000 6.364355796852e-01 4.812700050139e-01 7.979167e-01
0.700000 67.725000 6.613833300515e-01 4.951661397429e-01 8.262066e-01
0.700000 67.750000 6.853544856011e-01 5.072832498547e-01 8.526705e-01
0.700000 67.775000 7.082215019283e-01 5.185381168324e-01 8.777582e-01
0.700000 67.800000 7.302069347287e-01 5.297993250862e-01 9.021582e-01
0.700000 67.825000 7.518386660234e-01 5.417762794596e-01 9.267054e-01
0.700000 67.850000 7.738732462745e-01 5.549322239677e-01 9.522760e-01
0.700000 67.875000 7.971980317024e-01 5.694295484045e-01 9.796809e-01
0.700000 67.900000 8.227246211683e-01 5.851113765334e-01 1.009570e+00
0.700000 67.925000 8.512863101820e-01 6.015188834344e-01 1.042360e+00
0.700000 67.950000 8.835509267465e-01 6.179395637388e-01 1.078198e+00
0.700000 67.975000 9.199577349113e-01 6.334782787495e-01 1.116968e+00
0.700000 68.000000 9.606834847328e-01 6.471407364331e-01 1.158319e+00
0.700000 68.025000 1.005638651497e+00 6.579183226012e-01 1.201734e+00
0.700000 68.050000 1.054490977542e+00 6.648639319688e-01 1.246593e+00
0.700000 68.075000 1.106710108082e+00 6.671504838476e-01 1.292245e+00
0.700000 68.100000 1.161624802992e+00 6.641068273480e-01 1.338062e+00
0.700000 68.125000 1.218483169877e+00 6.552293083952e-01 1.383484e+00
0.700000 68.150000 1.276506686985e+00 6.401708931468e-01 1.428036e+00
0.700000 68.175000 1.334930376071e+00 6.187129358739e-01 1.471341e+00
0.700000 68.200000 1.393024091670e+00 5.907270304761e-01 1.513101e+00
0.700000 68.225000 1.450093136459e+00 5.561356007540e-01 1.553080e+00
0.700000 68.250000 1.505459840974e+00 5.148798271432e-01 1.591072e+00
0.700000 68.275000 1.558430894565e+00 4.669022066846e-01 1.626870e+00
0.700000 68.300000 1.608257662690e+00 4.121486885817e-01 1.660229e+00
0.700000 68.325000 1.654098149961e+00 3.505922423254e-01 1.690845e+00
0.700000 68.350000 1.694989480666e+00 2.822763109475e-01 1.718333e+00
0.700000 68.375000 1.729838736573e+00 2.073733266647e-01 1.742224e+00
0.700000 68.400000 1.757437840724e+00 1.262507484356e-01 1.761967e+00
0.700000 68.425000 1.776505169751e+00 3.953527723164e-02 1.776945e+00
0.700000 68.450000 1.785753084792e+00 -5.183474253573e-02 1.786505e+00
0.700000 68.475000 1.783977020120e+00 -1.465781173253e-01 1.789989e+00
0.700000 68.500000 1.770158593735e+00 -2.430683607480e-01 1.786769e+00
0.700000 68.525000 1.743572795569e+00 -3.393647511124e-01 1.776292e+00
0.700000 68.550000 1.703887967389e+00 -4.332781051528e-01 1.758114e+00
0.700000 68.575000 1.651247191454e+00 -5.224686563206e-01 1.731933e+00
0.700000 68.600000 1.586320888197e+00 -6.045697278758e-01 1.697621e+00
0.700000 68.625000 1.510322777880e+00 -6.773277380276e-01 1.655249e+00
0.700000 68.650000 1.424984648304e+00 -7.387468231582e-01 1.605094e+00
0.700000 68.675000 1.332489248618e+00 -7.872252734466e-01 1.547660e+00
0.700000 68.700000 1.235364692805e+00 -8.216711750236e-01 1.483668e+00
0.700000 68.725000 1.136347580977e+00 -8.415861376967e-01 1.414056e+00
0.700000 68.750000 1.038225234207e+00 -8.471086150902e-01 1.339964e+00
0.700000 68.775000 9.436696596477e-01 -8.390118337047e-01 1.262717e+00
0.700000 68.800000 8.550768892774e-01 -8.186553882503e-01 1.183788e+00
0.700000 68.825000 7.744250639618e-01 -7.878937302943e-01 1.104767e+00
0.700000 68.850000 7.031630933691e-01 -7.489486640317e-01 1.027308e+00
0.700000 68.875000 6.421390675272e-01 -7.042561881155e-01 9.530579e-01
0.700000 68.900000 5.915740924966e-01 -6.563002780134e-01 8.835666e-01
0.700000 68.925000 5.510832156649e-01 -6.074472818454e-01 8.201737e-01
0.700000 68.950000 5.197409842621e-01 -5.597944157809e-01 7.638720e-01
0.700000 68.975000 4.961853364047e-01 -5.150444297091e-01 7.151718e-01
0.700000 69.000000 4.787503146764e-01 -4.744160254547e-01 6.739974e-01
0.700000 69.025000 4.656158057082e-01 -4.385963036657e-01 6.396599e-01
0.700000 69.050000 4.549613371728e-01 -4.077377191737e-01 6.109336e-01
0.700000 69.075000 4.451109857904e-01 -3.814981033452e-01 5.862291e-01
0.700000 69.100000 4.346576299239e-01 -3.591186317639e-01 5.638204e-01
0.700000 69.125000 4.225569729842e-01 -3.395315076008e-01 5.420665e-01
0.700000 69.150000 4.081847335814e-01 -3.214868604107e-01 5.195850e-01
0.700000 69.175000 3.913538454594e-01 -3.036871029621e-01 4.953622e-01
0.700000 69.200000 3.722921028621e-01 -2.849168188776e-01 4.688059e-01
0.700000 69.225000 3.515840945059e-01 -2.641571404218e-01 4.397617e-01
0.700000 69.250000 3.300841942971e-01 -2.406753912859e-01 4.085098e-01
0.700000 69.275000 3.088095817849e-01 -2.140833071588e-01 3.757593e-01
0.700000 69.300000 2.888235916798e-01 -1.843601460282e-01 3.426481e-01
0.700000 69.325000 2.711200704407e-01 -1.518401729040e-01 3.107435e-01
0.700000 69.350000 2.565188695159e-01 -1.171670651197e-01 2.820107e-01
0.700000 69.375000 2.455812309840e-01 -8.122047892394e-02 2.586637e-01
0.700000 69.400000 2.385517888129e-01 -4.502214093941e-02 2.427632e-01
0.700000 69.425000 2.353314284881e-01 -9.630239683743e-03 2.355284e-01
0.700000 69.450000 2.354825506211e-01 2.396847506384e-02 2.366992e-01
0.700000 69.475000 2.382655993006e-01 5.495962113334e-02 2.445221e-01
0.700000 69.500000 2.427032502108e-01 8.278673274622e-02 2.564342e-01
0.700000 69.525000 2.476665765725e-01 1.072144745354e-01 2.698772e-01
0.700000 69.550000 2.519759463527e-01 1.283644712777e-01 2.827885e-01
0.700000 69.575000 2.545084264133e-01 1.467208973979e-01 2.937713e-01
0.700000 69.600000 2.543031060767e-01 1.631052875437e-01 3.021149e-01
0.700000 69.625000 2.506559911931e-01 1.786223154877e-01 3.077895e-01
0.700000 69.650000 2.431969151486e-01 1.945804057623e-01 3.114583e-01
0.700000 69.675000 2.319421966075e-01 2.123928742678e-01 3.144963e-01
0.700000 69.700000 2.173184597923e-01 2.334667456250e-01 3.189577e-01
0.700000 69.725000 2.001550248481e-01 2.590873913094e-01 3.273963e-01
0.700000 69.750000 1.816444670519e-01 2.903076170148e-01 3.424518e-01
0.700000 69.775000 1.632732191300e-01 3.278497613839e-01 3.662562e-01
0.700000 69.800000 1.467263260341e-01 3.720287315816e-01 3.999175e-01
0.700000 69.825000 1.337725220812e-01 4.227026977861e-01 4.433652e-01
0.700000 69.850000 1.261375452063e-01 4.792564312409e-01 4.955779e-01
0.700000 69.875000 1.253748897687e-01 5.406200675259e-01 5.549675e-01
0.700000 69.900000 1.327438940396e-01 6.053235178299e-01 6.197076e-01
0.700000 69.925000 1.491050495765e-01 6.715839893251e-01 6.879370e-01
0.700000 69.950000 1.748416337934e-01 7.374213048137e-01 7.578653e-01
0.700000 69.975000 2.098151854111e-01 8.007931561357e-01 8.278237e-01
0.700000 70.000000 2.533600147590e-01 8.597403244760e-01 8.962950e-01
0.700000 70.025000 3.043189934567e-01 9.125304847702e-01 9.619366e-01
0.700000 70.050000 3.611195041504e-01 9.577886774518e-01 1.023605e+00
0.700000 70.075000 4.218849213755e-01 9.946030132924e-01 1.080381e+00
0.700000 70.100000 4.845736571941e-01 1.022595723987e+00 1.131598e+00
0.700000 70.125000 5.471349760150e-01 1.041952226142e+00 1.176869e+00
0.700000 70.150000 6.076687798523e-01 1.053404261969e+00 1.216109e+00
0.700000 70.175000 6.645756496357e-01 1.058167143642e+00 1.249551e+00
0.700000 70.200000 7.166837684267e-01 1.057835302279e+00 1.277752e+00
0.700000 70.225000 7.633409952232e-01 1.054244316970e+00 1.301584e+00
0.700000 70.250000 8.044632118779e-01 1.049310955419e+00 1.322201e+00
0.700000 70.275000 8.405338998086e-01 1.044865115856e+00 1.340985e+00
0.700000 70.300000 8.725543644764e-01 1.042488626945e+00 1.359461e+00
0.700000 70.325000 9.019486715224e-01 1.043375472973e+00 1.379182e+00
0.700000 70.350000 9.304317040804e-01 1.048226154780e+00 1.401600e+00
0.700000 70.375000 9.598523240888e-01 1.057185726729e+00 1.427921e+00
0.700000 70.400000 9.920260193455e-01 1.069830875108e+00 1.458991e+00
0.700000 70.425000 1.028572361794e+00 1.085206656508e+00 1.495204e+00
0.700000 70.450000 1.070771970183e+00 1.101908705744e+00 1.536475e+00
0.700000 70.475000 1.119455520623e+00 1.118202378844e+00 1.582263e+00
0.700000 70.500000 1.174933918192e+00 1.132166898646e+00 1.631647e+00
0.700000 70.525000 1.236974420702e+00 1.141850492879e+00 1.683428e+00
0.700000 70.550000 1.304822788542e+00 1.145421977110e+00 1.736247e+00
0.700000 70.575000 1.377266965630e+00 1.141305273057e+00 1.788698e+00
0.700000 70.600000 1.452733898427e+00 1.128285811597e+00 1.839420e+00
0.700000 70.625000 1.529408308287e+00 1.105581322414e+00 1.887167e+00
0.700000 70.650000 1.605360839322e+00 1.072873701407e+00 1.930865e+00
0.700000 70.675000 1.678673121508e+00 1.030302944316e+00 1.969636e+00
0.700000 70.700000 1.747548834110e+00 9.784280102754e-01 2.002810e+00
0.700000 70.725000 1.810402563406e+00 9.181624703104e-01 2.029921e+00
0.700000 70.750000 1.865921711482e+00 8.506945705890e-01 2.050694e+00
0.700000 70.775000 1.913100432544e+00 7.774017389622e-01 2.065020e+00
0.700000 70.800000 1.951248034284e+00 6.997686189858e-01 2.072932e+00
0.700000 70.825000 1.979977022483e+00 6.193156466335e-01 2.074575e+00
0.700000 70.850000 1.999177643688e+00 5.375423616354e-01 2.070184e+00
0.700000 70.875000 2.008986215503e+00 4.558865350261e-01 2.060063e+00
0.700000 70.900000 2.009753738402e+00 3.756972921113e-01 2.044568e+00
0.700000 70.925000 2.002019454556e+00 2.982181653407e-01 2.024109e+00
0.700000 70.950000 1.986491510283e+00 2.245747621535e-01 1.999145e+00
0.700000 70.975000 1.964034142677e+00 1.557616538826e-01 1.970201e+00
0.700000 71.000000 1.935658332925e+00 9.262416942693e-02 1.937873e+00
0.700000 71.025000 1.902511090808e+00 3.583281029244e-02 1.902849e+00
0.700000 71.050000 1.865857787514e+00 -1.414936725228e-02 1.865911e+00
0.700000 71.075000 1.827052402914e+00 -5.710329450630e-02 1.827945e+00
0.700000 71.100000 1.787492171473e+00 -9.308884849333e-02 1.789914e+00
0.700000 71.125000 1.748555677153e+00 -1.224711316810e-01 1.752839e+00
0.700000 71.150000 1.711526577479e+00 -1.459305448351e-01 1.717737e+00
0.700000 71.175000 1.677508337004e+00 -1.644500073032e-01 1.685550e+00
0.700000 71.200000 1.647338091235e+00 -1.792748413975e-01 1.657064e+00
0.700000 71.225000 1.621509558583e+00 -1.918440380943e-01 1.632819e+00
0.700000 71.250000 1.600115404746e+00 -2.036954434209e-01 1.613029e+00
0.700000 71.275000 1.582818456234e+00 -2.163513132136e-01 1.597536e+00
0.700000 71.300000 1.568858687220e+00 -2.311940996804e-01 1.585802e+00
0.700000 71.325000 1.557099216021e+00 -2.493447187362e-01 1.576937e+00
0.700000 71.350000 1.546110084740e+00 -2.715564865837e-01 1.569777e+00
0.700000 71.375000 1.534283932998e+00 -2.981371790002e-01 1.562982e+00
0.700000 71.400000 1.519973445804e+00 -3.289092560851e-01 1.555153e+00
0.700000 71.425000 1.501637255968e+00 -3.632144434097e-01 1.544940e+00
0.700000 71.450000 1.477979294342e+00 -3.999640125771e-01 1.531141e+00
0.700000 71.475000 1.448066698093e+00 -4.377308595777e-01 1.512781e+00
0.700000 71.500000 1.411413363484e+00 -4.748745125971e-01 1.489159e+00
0.700000 71.525000 1.368019870232e+00 -5.096861701173e-01 1.459883e+00
0.700000 71.550000 1.318365385135e+00 -5.405383254663e-01 1.424875e+00
0.700000 71.575000 1.263352672669e+00 -5.660228399060e-01 1.384356e+00
0.700000 71.600000 1.204212801688e+00 -5.850626083446e-01 1.338815e+00
0.700000 71.625000 1.142380838204e+00 -5.969850852322e-01 1.288963e+00
0.700000 71.650000 1.079357143217e+00 -6.015505232082e-01 1.235668e+00
0.700000 71.675000 1.016570415431e+00 -5.989332469752e-01 1.179888e+00
0.700000 71.700000 9.552581293419e-01 -5.896599422696e-01 1.122594e+00
0.700000 71.725000 8.963775813455e-01 -5.745140595132e-01 1.064687e+00
0.700000 71.750000 8.405566873790e-01 -5.544193578686e-01 1.006934e+00
0.700000 71.775000 7.880885062721e-01 -5.303178491352e-01 9.499055e-01
0.700000 71.800000 7.389678670685e-01 -5.030576668019e-01 8.939466e-01
0.700000 71.825000 6.929631818601e-01 -4.733046674584e-01 8.391754e-01
0.700000 71.850000 6.497122094331e-01 -4.414881134857e-01 7.855175e-01
0.700000 71.875000 6.088277457518e-01 -4.077860567256e-01 7.327760e-01
0.700000 71.900000 5.699982957094e-01 -3.721506729264e-01 6.807306e-01
0.700000 71.925000 5.330698189396e-01 -3.343684920374e-01 6.292581e-01
0.700000 71.950000 4.980974760139e-01 -2.941459170506e-01 5.784660e-01
0.700000 71.975000 4.653605340305e-01 -2.512072023343e-01 5.288341e-01
0.700000 72.000000 4.353386514699e-01 -2.053905665814e-01 4.813575e-01
0.700000 72.025000 4.086529836710e-01 -1.567285098572e-01 4.376769e-01
0.700000 72.050000 3.859802575267e-01 -1.055006057173e-01 4.001389e-01
0.700000 72.075000 3.679515628856e-01 -5.225073443367e-02 3.716430e-01
0.700000 72.100000 3.550496599828e-01 2.234585205151e-03 3.550567e-01
0.700000 72.125000 3.475188757785e-01 5.698503174300e-02 3.521600e-01
0.700000 72.150000 3.453001565621e-01 1.109359333437e-01 3.626830e-01
0.700000 72.175000 3.480007813467e-01 1.630378198067e-01 3.842992e-01
0.700000 72.200000 3.549040283841e-01 2.123729133443e-01 4.135929e-01
0.700000 72.225000 3.650192609730e-01 2.582643660147e-01 4.471460e-01
0.700000 72.250000 3.771680493717e-01 3.003647198292e-01 4.821563e-01
0.700000 72.275000 3.900976439380e-01 3.387123126667e-01 5.166258e-01
0.700000 72.300000 4.026098433950e-01 3.737478781226e-01 5.493470e-01
0.700000 72.325000 4.136914032708e-01 4.062879546848e-01 5.798366e-01
0.700000 72.350000 4.226317725989e-01 4.374564189395e-01 6.082645e-01
0.700000 72.375000 4.291151211092e-01 4.685799682929e-01 6.353794e-01
0.700000 72.400000 4.332761478698e-01 5.010572299736e-01 6.624097e-01
0.700000 72.425000 4.357127365576e-01 5.362139920130e-01 6.909204e-01
0.700000 72.450000 4.374527457020e-01 5.751585954315e-01 7.226149e-01
0.700000 72.475000 4.398766605780e-01 6.186516948960e-01 7.590925e-01
0.700000 72.500000 4.446020637651e-01 6.670034258086e-01 8.016013e-01
0.700000 72.525000 4.533395311229e-01 7.200086660578e-01 8.508403e-01
0.700000 72.550000 4.677323351245e-01 7.769277974301e-01 9.068574e-01
0.700000 72.575000 4.891940378490e-01 8.365164587703e-01 9.690565e-01
0.700000 72.600000 5.187585777200e-01 8.971035693968e-01 1.036294e+00
0.700000 72.625000 5.569567836404e-01 9.567127145237e-01 1.107023e+00
0.700000 72.650000 6.037314519960e-01 1.013218130840e+00 1.179450e+00
0.700000 72.675000 6.584003252147e-01 1.064523282874e+00 1.251679e+00
0.700000 72.700000 7.196726970386e-01 1.108747611910e+00 1.321836e+00
0.700000 72.725000 7.857211652531e-01 1.144405657326e+00 1.388172e+00
0.700000 72.750000 8.543055217365e-01 1.170562535041e+00 1.449157e+00
0.700000 72.775000 9.229412111985e-01 1.186950793435e+00 1.503553e+00
0.700000 72.800000 9.891005315821e-01 1.194035971622e+00 1.550497e+00
0.700000 72.825000 1.050431137129e+00 1.193021696226e+00 1.589562e+00
0.700000 72.850000 1.104973786568e+00 1.185789714635e+00 1.620822e+00
0.700000 72.875000 1.151359974949e+00 1.174775614215e+00 1.644910e+00
0.700000 72.900000 1.188970359068e+00 1.162786750507e+00 1.663046e+00
0.700000 72.925000 1.218036894054e+00 1.152774639349e+00 1.677052e+00
0.700000 72.950000 1.239675364965e+00 1.147579225210e+00 1.689300e+00
0.700000 72.975000 1.255840374343e+00 1.149666461807e+00 1.702606e+00
0.700000 73.000000 1.269201500116e+00 1.160883003725e+00 1.720035e+00
0.700000 73.025000 1.282946750749e+00 1.182252079574e+00 1.744612e+00
0.700000 73.050000 1.300526944988e+00 1.213832533085e+00 1.778977e+00
0.700000 73.075000 1.325361461961e+00 1.254658536029e+00 1.825035e+00
0.700000 73.100000 1.360531151743e+00 1.302770814262e+00 1.883682e+00
0.700000 73.125000 1.408487345065e+00 1.355341875375e+00 1.954684e+00
0.700000 73.150000 1.470806298513e+00 1.408888420674e+00 2.036722e+00
0.700000 73.175000 1.548015757832e+00 1.459554791861e+00 2.127593e+00
0.700000 73.200000 1.639514636725e+00 1.503442967686e+00 2.224488e+00
0.700000 73.225000 1.743598464209e+00 1.536958295644e+00 2.324301e+00
0.700000 73.250000 1.857592965602e+00 1.557136685006e+00 2.423907e+00
0.700000 73.275000 1.978086913736e+00 1.561919006359e+00 2.520401e+00
0.700000 73.300000 2.101244412398e+00 1.550342188318e+00 2.611281e+00
0.700000 73.325000 2.223167308401e+00 1.522623805490e+00 2.694598e+00
0.700000 73.350000 2.340271639766e+00 1.480127215325e+00 2.769052e+00
0.700000 73.375000 2.449638846273e+00 1.425206539741e+00 2.834068e+00
0.700000 73.400000 2.549303460064e+00 1.360943721839e+00 2.889830e+00
0.700000 73.425000 2.638444265297e+00 1.290802084257e+00 2.937271e+00
0.700000 73.450000 2.717455076497e+00 1.218230849126e+00 2.978028e+00
0.700000 73.475000 2.787883468381e+00 1.146261709768e+00 3.014334e+00
0.700000 73.500000 2.852239733860e+00 1.077140874061e+00 3.048853e+00
0.700000 73.525000 2.913692531005e+00 1.012037600208e+00 3.084449e+00
0.700000 73.550000 2.975680498412e+00 9.508632277658e-01 3.123910e+00
0.700000 73.575000 3.041479072336e+00 8.922237261910e-01 3.169646e+00
0.700000 73.600000 3.113767620828e+00 8.335149796552e-01 3.223398e+00
0.700000 73.625000 3.194243058279e+00 7.711548997553e-01 3.286011e+00
0.700000 73.650000 3.283322105872e+00 7.009316936251e-01 3.357307e+00
0.700000 73.675000 3.379965692978e+00 6.184348874602e-01 3.436078e+00
0.700000 73.700000 3.481646575508e+00 5.195264731819e-01 3.520195e+00
0.700000 73.725000 3.584466449625e+00 4.008048735252e-01 3.606805e+00
0.700000 73.750000 3.683413317274e+00 2.600148471628e-01 3.692579e+00
0.700000 73.775000 3.772735354222e+00 9.636192641100e-02 3.773966e+00
0.700000 73.800000 3.846395658115e+00 -8.930014543545e-02 3.847432e+00
0.700000 73.825000 3.898564311565e+00 -2.944273804303e-01 3.909666e+00
0.700000 73.850000 3.924101008505e+00 -5.148924474818e-01 3.957737e+00
0.700000 73.875000 3.918983319210e+00 -7.452291172872e-01 3.989210e+00
0.700000 73.900000 3.880642179406e+00 -9.789895445724e-01 4.002225e+00
0.700000 73.925000 3.808176513964e+00 -1.209179405632e+00 3.995538e+00
0.700000 73.950000 3.702431759606e+00 -1.428729702384e+00 3.968535e+00
0.700000 73.975000 3.565940898684e+00 -1.630962424123e+00 3.921221e+00
0.700000 74.000000 3.402739869005e+00 -1.810010183524e+00 3.854189e+00
0.700000 74.025000 3.218080428544e+00 -1.961156840139e+00 3.768578e+00
0.700000 74.050000 3.018071600549e+00 -2.081075979659e+00 3.666011e+00
0.700000 74.075000 2.809285016518e+00 -2.167955624789e+00 3.548537e+00
0.700000 74.100000 2.598359628516e+00 -2.221509293742e+00 3.418563e+00
0.700000 74.125000 2.391637692844e+00 -2.242884145712e+00 3.278789e+00
0.700000 74.150000 2.194857376470e+00 -2.234485347151e+00 3.132144e+00
0.700000 74.175000 2.012918851923e+00 -2.199741209939e+00 2.981728e+00
0.700000 74.200000 1.849731518812e+00 -2.142835778788e+00 2.830769e+00
0.700000 74.225000 1.708141193364e+00 -2.068434508550e+00 2.682567e+00
0.700000 74.250000 1.589928739787e+00 -1.981424989854e+00 2.540456e+00
0.700000 74.275000 1.495866383823e+00 -1.886689156263e+00 2.407740e+00
0.700000 74.300000 1.425815191252e+00 -1.788916990177e+00 2.287613e+00
0.700000 74.325000 1.378846878606e+00 -1.692465392021e+00 2.183039e+00
0.700000 74.350000 1.353374883346e+00 -1.601260407894e+00 2.096583e+00
0.700000 74.375000 1.347282846260e+00 -1.518737004796e+00 2.030205e+00
0.700000 74.400000 1.358042614123e+00 -1.447808319647e+00 1.985051e+00
0.700000 74.425000 1.382817823425e+00 -1.390855758788e+00 1.961292e+00
0.700000 74.450000 1.418552463304e+00 -1.349732190321e+00 1.958078e+00
0.700000 74.475000 1.462046132742e+00 -1.325772267049e+00 1.973639e+00
0.700000 74.500000 1.510018851813e+00 -1.319806076771e+00 2.005504e+00
0.700000 74.525000 1.559168359449e+00 -1.332174304156e+00 2.050779e+00
0.700000 74.550000 1.606222136151e+00 -1.362744499645e+00 2.106424e+00
0.700000 74.575000 1.647985358405e+00 -1.410928679145e+00 2.169464e+00
0.700000 74.600000 1.681385074463e+00 -1.475702343227e+00 2.237131e+00
0.700000 74.625000 1.703510462269e+00 -1.555624333339e+00 2.306928e+00
0.700000 74.650000 1.711649301367e+00 -1.648856111555e+00 2.376651e+00
0.700000 74.675000 1.703321761314e+00 -1.753178495786e+00 2.444369e+00
0.700000 74.700000 1.676314059537e+00 -1.866003997734e+00 2.508386e+00
0.700000 74.725000 1.628716070490e+00 -1.984383949711e+00 2.567196e+00
0.700000 74.750000 1.558968069498e+00 -2.105011609093e+00 2.619438e+00
0.700000 74.775000 1.465921962378e+00 -2.224225187694e+00 2.663852e+00
0.700000 74.800000 1.348921190494e+00 -2.338017823902e+00 2.699244e+00
0.700000 74.825000 1.207900827299e+00 -2.442064277754e+00 2.724464e+00
0.700000 74.850000 1.043505295328e+00 -2.531775886184e+00 2.738392e+00
0.700000 74.875000 8.572160376132e-01 -2.602395418084e+00 2.739942e+00
0.700000 74.900000 6.514760581636e-01 -2.649141444105e+00 2.728071e+00
0.700000 74.925000 4.297933832795e-01 -2.667407501643e+00 2.701811e+00
0.700000 74.950000 1.968021428947e-01 -2.653014872745e+00 2.660304e+00
0.700000 74.975000 -4.174099440390e-02 -2.602509770323e+00 2.602844e+00
0.700000 75.000000 -2.790452315857e-01 -2.513487061766e+00 2.528929e+00
0.700000 75.025000 -5.074737151244e-01 -2.384914513680e+00 2.438308e+00
0.700000 75.050000 -7.188375596617e-01 -2.217425182372e+00 2.331030e+00
0.700000 75.075000 -9.047911023628e-01 -2.013542190154e+00 2.207487e+00
0.700000 75.100000 -1.057311258551e+00 -1.777800644972e+00 2.068449e+00
0.700000 75.125000 -1.169231483107e+00 -1.516736385418e+00 1.915096e+00
0.700000 75.150000 -1.234790108735e+00 -1.238720533015e+00 1.749038e+00
0.700000 75.175000 -1.250145288783e+00 -9.536318924295e-01 1.572348e+00
0.700000 75.200000 -1.213805721284e+00 -6.723748880409e-01 1.387592e+00
0.700000 75.225000 -1.126928624918e+00 -4.062673478464e-01 1.197924e+00
0.700000 75.250000 -9.934443322203e-01 -1.663381622935e-01 1.007274e+00
0.700000 75.275000 -8.199799416876e-01 3.741226631966e-02 8.208330e-01
0.700000 75.300000 -6.155716440453e-01 1.967275294927e-01 6.462431e-01
0.700000 75.325000 -3.911749546102e-01 3.057229177650e-01 4.964719e-01
0.700000 75.350000 -1.590020951671e-01 3.613655771536e-01 3.947996e-01
0.700000 75.375000 6.826603349658e-02 3.637578213992e-01 3.701081e-01
0.700000 75.400000 2.783315678201e-01 3.161903834669e-01 4.212420e-01
0.700000 75.425000 4.601247447823e-01 2.249525857733e-01 5.121703e-01
0.700000 75.450000 6.045701604072e-01 9.890868323656e-02 6.126075e-01
0.700000 75.475000 7.052074815359e-01 -5.112835317971e-02 7.070585e-01
0.700000 75.500000 7.586120981715e-01 -2.131749611166e-01 7.879948e-01
0.700000 75.525000 7.645790728325e-01 -3.749417326542e-01 8.515647e-01
0.700000 75.550000 7.260554224505e-01 -5.247112200014e-01 8.958116e-01
0.700000 75.575000 6.488289856573e-01 -6.521542414826e-01 9.199371e-01
0.700000 75.600000 5.410044338663e-01 -7.490165117621e-01 9.239651e-01
0.700000 75.625000 4.123160360334e-01 -8.096204698541e-01 9.085647e-01
0.700000 75.650000 2.733406213620e-01 -8.311454445790e-01 8.749388e-01
0.700000 75.675000 1.346814421085e-01 -8.136707713743e-01 8.247419e-01
0.700000 75.700000 6.193712968526e-03 -7.599888303694e-01 7.600141e-01
0.700000 75.725000 -1.036843043456e-01 -6.752158441523e-01 6.831302e-01
0.700000 75.750000 -1.884437253546e-01 -5.662455177997e-01 5.967789e-01
0.700000 75.775000 -2.438273672312e-01 -4.411025594928e-01 5.040072e-01
0.700000 75.800000 -2.679480898615e-01 -3.082587736011e-01 4.084356e-01
0.700000 75.825000 -2.612091800442e-01 -1.759734991648e-01 3.149554e-01
0.700000 75.850000 -2.260507842721e-01 -5.171314891862e-02 2.318905e-01
0.700000 75.875000 -1.665606566729e-01 5.830738423065e-02 1.764715e-01
0.700000 75.900000 -8.799676630452e-02 1.494340266055e-01 1.734185e-01
0.700000 75.925000 3.727022743883e-03 2.187229024209e-01 2.187547e-01
0.700000 75.950000 1.025428725421e-01 2.649354975506e-01 2.840878e-01
0.700000 75.975000 2.026759331368e-01 2.883994463807e-01 3.524937e-01
0.700000 76.000000 2.990042434747e-01 2.907653660128e-01 4.170708e-01
0.700000 76.025000 3.873121121109e-01 2.746963771505e-01 4.748355e-01
0.700000 76.050000 4.644307119246e-01 2.435285493765e-01 5.244064e-01
0.700000 76.075000 5.282718225887e-01 2.009378082134e-01 5.651965e-01
0.700000 76.100000 5.777705821825e-01 1.506426377380e-01 5.970863e-01
0.700000 76.125000 6.127598885115e-01 9.616333890385e-02 6.202597e-01
0.700000 76.150000 6.338023181848e-01 4.064895974712e-02 6.351045e-01
0.700000 76.175000 6.420051829981e-01 -1.322641321663e-02 6.421414e-01
0.700000 76.200000 6.388411165738e-01 -6.330440933795e-02 6.419700e-01
0.700000 76.225000 6.259911928993e-01 -1.079325315376e-01 6.352278e-01
0.700000 76.250000 6.052210129440e-01 -1.459194378517e-01 6.225632e-01
0.700000 76.275000 5.782934748540e-01 -1.764717902862e-01 6.046202e-01
0.700000 76.300000 5.469159765737e-01 -1.991274993371e-01 5.820385e-01
0.700000 76.325000 5.127152772201e-01 -2.136968142289e-01 5.554667e-01
0.700000 76.350000 4.772305678566e-01 -2.202183057462e-01 5.255903e-01
0.700000 76.375000 4.419145674398e-01 -2.189321412678e-01 4.931732e-01
0.700000 76.400000 4.081334750423e-01 -2.102688697443e-01 4.591143e-01
0.700000 76.425000 3.771589615290e-01 -1.948487646936e-01 4.245173e-01
0.700000 76.450000 3.501485232241e-01 -1.734849421926e-01 3.907698e-01
0.700000 76.475000 3.281138578482e-01 -1.471830649646e-01 3.596131e-01
0.700000 76.500000 3.118799220414e-01 -1.171313280960e-01 3.331499e-01
0.700000 76.525000 3.020395774587e-01 -8.467628917947e-02 3.136845e-01
0.700000 76.550000 2.989099857144e-01 -5.128254483033e-02 3.032772e-01
0.700000 76.575000 3.024971114892e-01 -1.847682852326e-02 3.030609e-01
0.700000 76.600000 3.124739446501e-01 1.222058254735e-02 3.127128e-01
0.700000 76.625000 3.281765887085e-01 3.937250666178e-02 3.305300e-01
0.700000 76.650000 3.486204867590e-01 6.170386103925e-02 3.540390e-01
0.700000 76.675000 3.725370797670e-01 7.817705974441e-02 3.806515e-01
0.700000 76.700000 3.984293851133e-01 8.805820722267e-02 4.080444e-01
0.700000 76.725000 4.246435337209e-01 9.096934693227e-02 4.342782e-01
0.700000 76.750000 4.494523004779e-01 8.692316218488e-02 4.577805e-01
0.700000 76.775000 4.711460974666e-01 7.633774559322e-02 4.772904e-01
0.700000 76.800000 4.881266908328e-01 6.003020455316e-02 4.918041e-01
0.700000 76.825000 4.989989282684e-01 3.918887377776e-02 5.005354e-01
0.700000 76.850000 5.026559025918e-01 1.532475787685e-02 5.028895e-01
0.700000 76.875000 4.983531400250e-01 -9.796415323320e-03 4.984494e-01
0.700000 76.900000 4.857675607259e-01 -3.423939551784e-02 4.869728e-01
0.700000 76.925000 4.650371526474e-01 -5.599888885552e-02 4.683967e-01
0.700000 76.950000 4.367776248199e-01 -7.310936012812e-02 4.428540e-01
0.700000 76.975000 4.020728930595e-01 -8.376009806140e-02 4.107047e-01
0.700000 77.000000 3.624372279014e-01 -8.640934239819e-02 3.725954e-01
0.700000 77.025000 3.197483476330e-01 -7.989025813261e-02 3.295777e-01
0.700000 77.050000 2.761526784695e-01 -6.350087189053e-02 2.833596e-01
0.700000 77.075000 2.339463395615e-01 -3.706998764486e-02 2.368651e-01
0.700000 77.100000 1.954379481185e-01 -9.917723322889e-04 1.954405e-01
0.700000 77.125000 1.628017947873e-01 4.377673180012e-02 1.685848e-01
0.700000 77.150000 1.379319706169e-01 9.575844523943e-02 1.679134e-01
0.700000 77.175000 1.223092859556e-01 1.530394810470e-01 1.959098e-01
0.700000 77.200000 1.168930086716e-01 2.133890708834e-01 2.433082e-01
0.700000 77.225000 1.220483678370e-01 2.744086381118e-01 3.003263e-01
0.700000 77.250000 1.375183707700e-01 3.336989570458e-01 3.609242e-01
0.700000 77.275000 1.624448904256e-01 3.890316395951e-01 4.215851e-01
0.700000 77.300000 1.954394952027e-01 4.385097263571e-01 4.800910e-01
0.700000 77.325000 2.346995624573e-01 4.807022305430e-01 5.349379e-01
0.700000 77.350000 2.781603893302e-01 5.147392214126e-01 5.850895e-01
0.700000 77.375000 3.236698727175e-01 5.403573679314e-01 6.298796e-01
0.700000 77.400000 3.691694148648e-01 5.578905137840e-01 6.689752e-01
0.700000 77.425000 4.128634454630e-01 5.682053574472e-01 7.023628e-01
0.700000 77.450000 4.533605785586e-01 5.725880666712e-01 7.303375e-01
0.700000 77.475000 4.897719649488e-01 5.725930023685e-01 7.534848e-01
0.700000 77.500000 5.217566451097e-01 5.698690181446e-01 7.726453e-01
0.700000 77.525000 5.495092238560e-01 5.659814959011e-01 7.888570e-01
0.700000 77.550000 5.736913749057e-01 5.622490070235e-01 8.032719e-01
0.700000 77.575000 5.953148400520e-01 5.596121108519e-01 8.170468e-01
0.700000 77.600000 6.155889971643e-01 5.585484257959e-01 8.312197e-01
0.700000 77.625000 6.357500905605e-01 5.590430841444e-01 8.465857e-01
0.700000 77.650000 6.568913573429e-01 5.606175631787e-01 8.635961e-01
0.700000 77.675000 6.798132711075e-01 5.624133645704e-01 8.823009e-01
0.700000 77.700000 7.049109386600e-01 5.633208384070e-01 9.023468e-01
0.700000 77.725000 7.321115602354e-01 5.621383297740e-01 9.230313e-01
0.700000 77.750000 7.608692616045e-01 5.577433562040e-01 9.433979e-01
0.700000 77.775000 7.902181623226e-01 5.492561038007e-01 9.623549e-01
0.700000 77.800000 8.188779897310e-01 5.361763208854e-01 9.787983e-01
0.700000 77.825000 8.454006241860e-01 5.184775977447e-01 9.917264e-01
0.700000 77.850000 8.683413311454e-01 4.966477149964e-01 1.000338e+00
0.700000 77.875000 8.864356107049e-01 4.716696872711e-01 1.004112e+00
0.700000 77.900000 8.987618759179e-01 4.449446547031e-01 1.002870e+00
0.700000 77.925000 9.048716189448e-01 4.181641578889e-01 9.968219e-01
0.700000 77.950000 9.048721585528e-01 3.931448758508e-01 9.865883e-01
0.700000 77.975000 8.994520883574e-01 3.716430195040e-01 9.732074e-01
0.700000 78.000000 8.898456017769e-01 3.551678313553e-01 9.581072e-01
0.700000 78.025000 8.777382974441e-01 3.448138312180e-01 9.430382e-01
0.700000 78.050000 8.651231842965e-01 3.411295789946e-01 9.299503e-01
0.700000 78.075000 8.541207754055e-01 3.440370273791e-01 9.208060e-01
0.700000 78.100000 8.467808658853e-01 3.528104227291e-01 9.173402e-01
0.700000 78.125000 8.448854801587e-01 3.661177290649e-01 9.208006e-01
0.700000 78.150000 8.497723895743e-01 3.821213186647e-01 9.317348e-01
0.700000 78.175000 8.621965879673e-01 3.986288204999e-01 9.498884e-01
0.700000 78.200000 8.822434053310e-01 4.132801162084e-01 9.742453e-01
0.700000 78.225000 9.093019323361e-01 4.237529840868e-01 1.003193e+00
0.700000 78.250000 9.421016292129e-01 4.279681266211e-01 1.034752e+00
0.700000 78.275000 9.788089709782e-01 4.242744151797e-01 1.066806e+00
0.700000 78.300000 1.017175312348e+00 4.115971063824e-01 1.097296e+00
0.700000 78.325000 1.054722367942e+00 3.895353194466e-01 1.124356e+00
0.700000 78.350000 1.088948231542e+00 3.583998598956e-01 1.146411e+00
0.700000 78.375000 1.117535008466e+00 3.191880718387e-01 1.162224e+00
0.700000 78.400000 1.138539062041e+00 2.734982734947e-01 1.170928e+00
0.700000 78.425000 1.150546571388e+00 2.233919358557e-01 1.172033e+00
0.700000 78.450000 1.152780397602e+00 1.712165886702e-01 1.165426e+00
0.700000 78.475000 1.145148850904e+00 1.194060401367e-01 1.151357e+00
0.700000 78.500000 1.128232418879e+00 7.027654562237e-02 1.130419e+00
0.700000 78.525000 1.103210352241e+00 2.583786350292e-02 1.103513e+00
0.700000 78.550000 1.071734669594e+00 -1.236334371878e-02 1.071806e+00
0.700000 78.575000 1.035764105506e+00 -4.335344232627e-02 1.036671e+00
0.700000 78.600000 9.973743124941e-01 -6.678528915045e-02 9.996078e-01
0.700000 78.625000 9.585628631804e-01 -8.293089762284e-02 9.621436e-01
0.700000 78.650000 9.210680476305e-01 -9.261491640367e-02 9.257126e-01
0.700000 78.675000 8.862190511442e-01 -9.709634498714e-02 8.915222e-01
0.700000 78.700000 8.548319359715e-01 -9.791103698414e-02 8.604209e-01
0.700000 78.725000 8.271612183054e-01 -9.669145620772e-02 8.327934e-01
0.700000 78.750000 8.029111664125e-01 -9.498243600166e-02 8.085097e-01
0.700000 78.775000 7.813048022386e-01 -9.407208280825e-02 7.869477e-01
0.700000 78.800000 7.612025896334e-01 -9.485538081409e-02 7.670899e-01
0.700000 78.825000 7.412575651809e-01 -9.774461840323e-02 7.476743e-01
0.700000 78.850000 7.200897794839e-01 -1.026357908110e-01 7.273674e-01
0.700000 78.875000 6.964608103128e-01 -1.089341320805e-01 7.049286e-01
0.700000 78.900000 6.694290491142e-01 -1.156355158303e-01 6.793429e-01
0.700000 78.925000 6.384684991750e-01 -1.214543254446e-01 6.499178e-01
0.700000 78.950000 6.035377783762e-01 -1.249832077813e-01 6.163430e-01
0.700000 78.975000 5.650914950282e-01 -1.248664821876e-01 5.787228e-01
0.700000 79.000000 5.240325835135e-01 -1.199673142564e-01 5.375893e-01
0.700000 79.025000 4.816108474422e-01 -1.095093056409e-01 4.939041e-01
0.700000 79.050000 4.392791165063e-01 -9.317587726154e-02 4.490522e-01
0.700000 79.075000 3.985233735768e-01 -7.115546362972e-02 4.048259e-01
0.700000 79.100000 3.606863681180e-01 -4.412659542176e-02 3.633756e-01
0.700000 79.125000 3.268052124278e-01 -1.318375691648e-02 3.270710e-01
0.700000 79.150000 2.974821151212e-01 2.028830366589e-02 2.981731e-01
0.700000 79.175000 2.728038653306e-01 5.477813834422e-02 2.782492e-01
0.700000 79.200000 2.523203226679e-01 8.883086528677e-02 2.675004e-01
0.700000 79.225000 2.350855901175e-01 1.212304896569e-01 2.645034e-01
0.700000 79.250000 2.197584962887e-01 1.511604853795e-01 2.667270e-01
0.700000 79.275000 2.047522975697e-01 1.783240541318e-01 2.715197e-01
0.700000 79.300000 1.884179024659e-01 2.030098006180e-01 2.769734e-01
0.700000 79.325000 1.692410648449e-01 2.260945051589e-01 2.824204e-01
0.700000 79.350000 1.460323295505e-01 2.489815529070e-01 2.886473e-01
0.700000 79.375000 1.180892242538e-01 2.734806030096e-01 2.978871e-01
0.700000 79.400000 8.531317757553e-02 3.016404479381e-01 3.134730e-01
0.700000 79.425000 4.826854186328e-02 3.355520045668e-01 3.390059e-01
0.700000 79.450000 8.177326588899e-03 3.771414461536e-01 3.772301e-01
0.700000 79.475000 -3.314992400234e-02 4.279743139672e-01 4.292563e-01
0.700000 79.500000 -7.344003256332e-02 4.890899928813e-01 4.945730e-01
0.700000 79.525000 -1.101270800236e-01 5.608824191244e-01 5.715917e-01
0.700000 79.550000 -1.405493288927e-01 6.430377678991e-01 6.582186e-01
0.700000 79.575000 -1.621540125667e-01 7.345337743229e-01 7.522192e-01
0.700000 79.600000 -1.726907471418e-01 8.336989947790e-01 8.513966e-01
0.700000 79.625000 -1.703762892924e-01 9.383244390956e-01 9.536670e-01
0.700000 79.650000 -1.540170536220e-01 1.045815230838e+00 1.057095e+00
0.700000 79.675000 -1.230807076982e-01 1.153366755609e+00 1.159915e+00
0.700000 79.700000 -7.771366026745e-02 1.258148396087e+00 1.260546e+00
0.700000 79.725000 -1.870669355357e-02 1.357478455433e+00 1.357607e+00
0.700000 79.750000 5.258423896776e-02 1.448976043087e+00 1.449930e+00
0.700000 79.775000 1.343514024868e-01 1.530679159936e+00 1.536564e+00
0.700000 79.800000 2.244700363367e-01 1.601122470514e+00 1.616781e+00
0.700000 79.825000 3.206410322673e-01 1.659372734011e+00 1.690068e+00
0.700000 79.850000 4.205289333022e-01 1.705024052802e+00 1.756118e+00
0.700000 79.875000 5.218846901477e-01 1.738158546311e+00 1.814816e+00
0.700000 79.900000 6.226454681096e-01 1.759280468100e+00 1.866214e+00
0.700000 79.925000 7.210070315797e-01 1.769233019768e+00 1.910507e+00
0.700000 79.950000 8.154674150114e-01 1.769107207994e+00 1.948006e+00
0.700000 79.975000 9.048433554386e-01 1.760151216202e+00 1.979109e+00
0.700000 80.000000 9.882630590065e-01 1.743687197432e+00 2.004273e+00
0.700000 80.025000 1.065140183348e+00 1.721040466454e+00 2.023982e+00
0.700000 80.050000 1.135134453845e+00 1.693484096550e+00 2.038730e+00
0.700000 80.075000 1.198104223392e+00 1.662200172818e+00 2.048991e+00
0.700000 80.100000 1.254055737047e+00 1.628257590435e+00 2.055208e+00
0.700000 80.125000 1.303093109464e+00 1.592605374843e+00 2.057776e+00
0.700000 80.150000 1.345372280211e+00 1.556079997471e+00 2.057040e+00
0.700000 80.175000 1.381061636557e+00 1.519424937952e+00 2.053286e+00
0.700000 80.200000 1.410311654495e+00 1.483320627842e+00 2.046758e+00
0.700000 80.225000 1.433235779852e+00 1.448422724431e+00 2.037669e+00
0.700000 80.250000 1.449904739195e+00 1.415406269882e+00 2.026228e+00
0.700000 80.275000 1.460356362632e+00 1.385012629696e+00 2.012685e+00
0.700000 80.300000 1.464622626187e+00 1.358095210233e+00 1.997384e+00
0.700000 80.325000 1.462774814905e+00 1.335658960390e+00 1.980832e+00
0.700000 80.350000 1.454986372797e+00 1.318887780248e+00 1.963785e+00
0.700000 80.375000 1.441611147094e+00 1.309153448104e+00 1.947338e+00
0.700000 80.400000 1.423272474996e+00 1.307999794630e+00 1.933020e+00
0.700000 80.425000 1.400956137860e+00 1.317096806071e+00 1.922868e+00
0.700000 80.450000 1.376097947368e+00 1.338161236787e+00 1.919459e+00
0.700000 80.475000 1.350655005236e+00 1.372843132246e+00 1.925868e+00
0.700000 80.500000 1.327148860722e+00 1.422581234804e+00 1.945523e+00
0.700000 80.525000 1.308669182147e+00 1.488434250933e+00 1.981931e+00
0.700000 80.550000 1.298828343951e+00 1.570898968449e+00 2.038303e+00
0.700000 80.575000 1.301660532892e+00 1.669729726375e+00 2.117148e+00
0.700000 80.600000 1.321463435886e+00 1.783776252323e+00 2.219938e+00
0.700000 80.625000 1.362585946284e+00 1.910857947977e+00 2.346917e+00
0.700000 80.650000 1.429171118644e+00 2.047692003729e+00 2.497113e+00
0.700000 80.675000 1.524869212014e+00 2.189890118733e+00 2.668491e+00
0.700000 80.700000 1.652540446629e+00 2.332034163996e+00 2.858194e+00
0.700000 80.725000 1.813970452886e+00 2.467835144704e+00 3.062793e+00
0.700000 80.750000 2.009622820066e+00 2.590372785170e+00 3.278508e+00
0.700000 80.775000 2.238452337887e+00 2.692405622951e+00 3.501388e+00
0.700000 80.800000 2.497799373458e+00 2.766734395362e+00 3.727442e+00
0.700000 80.825000 2.783380493457e+00 2.806595480635e+00 3.952744e+00
0.700000 80.850000 3.089383322415e+00 2.806056894039e+00 4.173517e+00
0.700000 80.875000 3.408665328057e+00 2.760387362936e+00 4.386199e+00
0.700000 80.900000 3.733047499861e+00 2.666369627201e+00 4.587502e+00
0.700000 80.925000 4.053685569389e+00 2.522532391485e+00 4.774467e+00
0.700000 80.950000 4.361494331208e+00 2.329281083487e+00 4.944510e+00
0.700000 80.975000 4.647595485389e+00 2.088915284088e+00 5.095460e+00
0.700000 81.000000 4.903756785724e+00 1.805529715621e+00 5.225588e+00
0.700000 81.025000 5.122790456686e+00 1.484805181829e+00 5.333632e+00
0.700000 81.050000 5.298881880663e+00 1.133704959913e+00 5.418804e+00
0.700000 81.075000 5.427825220091e+00 7.600999872086e-01 5.480788e+00
0.700000 81.100000 5.507150432403e+00 3.723520078676e-01 5.519724e+00
0.700000 81.125000 5.536135352076e+00 -2.111292034166e-02 5.536176e+00
0.700000 81.150000 5.515706300902e+00 -4.122078377097e-01 5.531088e+00
0.700000 81.175000 5.448240129599e+00 -7.935351313223e-01 5.505726e+00
0.700000 81.200000 5.337288800968e+00 -1.158658904592e+00 5.461606e+00
0.700000 81.225000 5.187253819407e+00 -1.502282342120e+00 5.400412e+00
0.700000 81.250000 5.003041403727e+00 -1.820322044574e+00 5.323908e+00
0.700000 81.275000 4.789729946183e+00 -2.109881051923e+00 5.233843e+00
0.700000 81.300000 4.552278937845e+00 -2.369131727235e+00 5.131864e+00
0.700000 81.325000 4.295303395688e+00 -2.597127925535e+00 5.019433e+00
0.700000 81.350000 4.022930397882e+00 -2.793572120556e+00 4.897756e+00
0.700000 81.375000 3.738745344042e+00 -2.958566791865e+00 4.767739e+00
0.700000 81.400000 3.445825889439e+00 -3.092380020595e+00 4.629960e+00
0.700000 81.425000 3.146852114967e+00 -3.195252826972e+00 4.484676e+00
0.700000 81.450000 2.844273331067e+00 -3.267270530678e+00 4.331853e+00
0.700000 81.475000 2.540505808800e+00 -3.308312834009e+00 4.171223e+00
0.700000 81.500000 2.238132327738e+00 -3.318088165881e+00 4.002367e+00
0.700000 81.525000 1.940074111379e+00 -3.296248002175e+00 3.824806e+00
0.700000 81.550000 1.649708565420e+00 -3.242567398940e+00 3.638101e+00
0.700000 81.575000 1.370912001486e+00 -3.157169830089e+00 3.441965e+00
0.700000 81.600000 1.108014674022e+00 -3.040768486734e+00 3.236351e+00
0.700000 81.625000 8.656651781336e-01 -2.894893140849e+00 3.021553e+00
0.700000 81.650000 6.486115658388e-01 -2.722071890550e+00 2.798280e+00
0.700000 81.675000 4.614163646544e-01 -2.525940646519e+00 2.567739e+00
0.700000 81.700000 3.081309746598e-01 -2.311259801928e+00 2.331709e+00
0.700000 81.725000 1.919607594846e-01 -2.083826536885e+00 2.092650e+00
0.700000 81.750000 1.149548475349e-01 -1.850281755555e+00 1.853849e+00
0.700000 81.775000 7.775385035422e-02 -1.617821664644e+00 1.619689e+00
0.700000 81.800000 7.942437644574e-02 -1.393834322073e+00 1.396095e+00
0.700000 81.825000 1.174017377881e-01 -1.185490003551e+00 1.191289e+00
0.700000 81.850000 1.875523265538e-01 -9.993200055220e-01 1.016768e+00
0.700000 81.875000 2.843557747364e-01 -8.408208507986e-01 8.876023e-01
0.700000 81.900000 4.011953724373e-01 -7.141194667451e-01 8.190997e-01
0.700000 81.925000 5.307345392256e-01 -6.217298419725e-01 8.174516e-01
0.700000 81.950000 6.653485657957e-01 -5.644234130956e-01 8.725036e-01
0.700000 81.975000 7.975753098708e-01 -5.412248214593e-01 9.638728e-01
0.700000 82.000000 9.205466623032e-01 -5.495328155546e-01 1.072097e+00
0.700000 82.025000 1.028364623333e+00 -5.853542153222e-01 1.183289e+00
0.700000 82.050000 1.116391544447e+00 -6.436282706031e-01 1.288638e+00
0.700000 82.075000 1.181432886074e+00 -7.186105779272e-01 1.382818e+00
0.700000 82.100000 1.221801755838e+00 -8.042808454675e-01 1.462760e+00
0.700000 82.125000 1.237266325047e+00 -8.947377268742e-01 1.526887e+00
0.700000 82.150000 1.228892665875e+00 -9.845467630423e-01 1.574646e+00
0.700000 82.175000 1.198805347182e+00 -1.069013816884e+00 1.606214e+00
0.700000 82.200000 1.149895204927e+00 -1.144365497118e+00 1.622292e+00
0.700000 82.225000 1.085507314909e+00 -1.207828865271e+00 1.623939e+00
0.700000 82.250000 1.009142001070e+00 -1.257613939449e+00 1.612439e+00
0.700000 82.275000 9.241978213769e-01 -1.292812845099e+00 1.589184e+00
0.700000 82.300000 8.337784310064e-01 -1.313237731315e+00 1.555564e+00
0.700000 82.325000 7.405759445869e-01 -1.319224846595e+00 1.512880e+00
0.700000 82.350000 6.468330781865e-01 -1.311433898090e+00 1.462276e+00
0.700000 82.375000 5.543762336202e-01 -1.290669889050e+00 1.404693e+00
0.700000 82.400000 4.647030330320e-01 -1.257749376354e+00 1.340851e+00
0.700000 82.425000 3.791016630933e-01 -1.213425255578e+00 1.271267e+00
0.700000 82.450000 2.987764613985e-01 -1.158374818224e+00 1.196286e+00
0.700000 82.475000 2.249547749185e-01 -1.093246165734e+00 1.116150e+00
0.700000 82.500000 1.589540948982e-01 -1.018749361020e+00 1.031075e+00
0.700000 82.525000 1.021952501740e-01 -9.357720681245e-01 9.413359e-01
0.700000 82.550000 5.615609537092e-02 -8.454957158793e-01 8.473586e-01
0.700000 82.575000 2.226950338800e-02 -7.494878824004e-01 7.498187e-01
0.700000 82.600000 1.778320944924e-03 -6.497496576584e-01 6.497521e-01
0.700000 82.625000 -4.432895337884e-03 -5.487027872381e-01 5.487207e-01
0.700000 82.650000 3.994979166150e-03 -4.491096361194e-01 4.491274e-01
0.700000 82.675000 2.675524594213e-02 -3.539283628506e-01 3.549382e-01
0.700000 82.700000 6.278523643242e-02 -2.661149478663e-01 2.734212e-01
0.700000 82.725000 1.102445969128e-01 -1.883916760912e-01 2.182780e-01
0.700000 82.750000 1.665723703097e-01 -1.230073015484e-01 2.070680e-01
0.700000 82.775000 2.286238727274e-01 -7.151668481727e-02 2.395486e-01
0.700000 82.800000 2.928786136213e-01 -3.460684396749e-02 2.949161e-01
0.700000 82.825000 3.557015863313e-01 -1.199217410417e-02 3.559037e-01
0.700000 82.850000 4.136332611861e-01 -2.394561220763e-03 4.136402e-01
0.700000 82.875000 4.636794049259e-01 -3.615081342122e-03 4.636935e-01
0.700000 82.900000 5.035709401045e-01 -1.269401381371e-02 5.037309e-01
0.700000 82.925000 5.319665546658e-01 -2.614618881105e-02 5.326087e-01
0.700000 82.950000 5.485763725689e-01 -4.025037088796e-02 5.500510e-01
0.700000 82.975000 5.541930325410e-01 -5.136540845862e-02 5.565683e-01
0.700000 83.000000 5.506260478669e-01 -5.624291579833e-02 5.534910e-01
0.700000 83.025000 5.405452330793e-01 -5.230659523791e-02 5.430701e-01
0.700000 83.050000 5.272481609690e-01 -3.787185628470e-02 5.286066e-01
0.700000 83.075000 5.143740475847e-01 -1.228567977007e-02 5.145207e-01
0.700000 83.100000 5.055913766390e-01 2.402505859256e-02 5.061619e-01
0.700000 83.125000 5.042885051629e-01 6.959931723800e-02 5.090687e-01
0.700000 83.150000 5.132953330718e-01 1.220749473237e-01 5.276120e-01
0.700000 83.175000 5.346601179328e-01 1.783941595988e-01 5.636363e-01
0.700000 83.200000 5.694992284816e-01 2.350601532226e-01 6.161028e-01
0.700000 83.225000 6.179298403524e-01 2.884197933830e-01 6.819261e-01
0.700000 83.250000 6.790871941636e-01 3.349460959565e-01 7.571977e-01
0.700000 83.275000 7.512199815246e-01 3.714958471411e-01 8.380577e-01
0.700000 83.300000 8.318505267195e-01 3.955216187455e-01 9.210932e-01
0.700000 83.325000 9.179813362951e-01 4.052231631122e-01 1.003442e+00
0.700000 83.350000 1.006326697661e+00 3.996299578150e-01 1.082773e+00
0.700000 83.375000 1.093547452465e+00 3.786137308503e-01 1.157236e+00
0.700000 83.400000 1.176468718106e+00 3.428363770459e-01 1.225404e+00
0.700000 83.425000 1.252263821502e+00 2.936441366651e-01 1.286232e+00
0.700000 83.450000 1.318592516941e+00 2.329227858983e-01 1.339007e+00
0.700000 83.475000 1.373687066225e+00 1.629306368553e-01 1.383316e+00
0.700000 83.500000 1.416385331979e+00 8.612633189753e-02 1.419001e+00
0.700000 83.525000 1.446115098579e+00 5.006913882887e-03 1.446124e+00
0.700000 83.550000 1.462837928558e+00 -7.803120977580e-02 1.464918e+00
0.700000 83.575000 1.466963675817e+00 -1.607995794839e-01 1.475750e+00
0.700000 83.600000 1.459248167809e+00 -2.413886726703e-01 1.479079e+00
0.700000 83.625000 1.440686555737e+00 -3.182021704429e-01 1.475409e+00
0.700000 83.650000 1.412413572714e+00 -3.899578591649e-01 1.465257e+00
0.700000 83.675000 1.375619696615e+00 -4.556615176383e-01 1.449123e+00
0.700000 83.700000 1.331489313087e+00 -5.145621623642e-01 1.427459e+00
0.700000 83.725000 1.281163763571e+00 -5.660979825764e-01 1.400660e+00
0.700000 83.750000 1.225728979178e+00 -6.098422106209e-01 1.369058e+00
0.700000 83.775000 1.166224538627e+00 -6.454571497489e-01 1.332927e+00
0.700000 83.800000 1.103668681919e+00 -6.726627966503e-01 1.292501e+00
0.700000 83.825000 1.039092226369e+00 -6.912241706257e-01 1.248000e+00
0.700000 83.850000 9.735735611928e-01 -7.009588378676e-01 1.199662e+00
0.700000 83.875000 9.082669659014e-01 -7.017634440982e-01 1.147790e+00
0.700000 83.900000 8.444173683798e-01 -6.936555765754e-01 1.092794e+00
0.700000 83.925000 7.833562375427e-01 -6.768251791969e-01 1.035248e+00
0.700000 83.950000 7.264754519689e-01 -6.516882219693e-01 9.759427e-01
0.700000 83.975000 6.751785182408e-01 -6.189345179103e-01 9.159399e-01
0.700000 84.000000 6.308112167944e-01 -5.795615772807e-01 8.566297e-01
0.700000 84.025000 5.945763921784e-01 -5.348872245676e-01 7.997659e-01
0.700000 84.050000 5.674399323283e-01 -4.865353467710e-01 7.474655e-01
0.700000 84.075000 5.500367585267e-01 -4.363914908956e-01 7.021239e-01
0.700000 84.100000 5.425866623651e-01 -3.865279113781e-01 6.661862e-01
0.700000 84.125000 5.448299165956e-01 -3.391008457196e-01 6.417391e-01
0.700000 84.150000 5.559916643313e-01 -2.962259774536e-01 6.299814e-01
0.700000 84.175000 5.747821584745e-01 -2.598409078450e-01 6.307867e-01
0.700000 84.200000 5.994370874353e-01 -2.315656785965e-01 6.426099e-01
0.700000 84.225000 6.277986969651e-01 -2.125736787909e-01 6.628113e-01
0.700000 84.250000 6.574345094750e-01 -2.034854123939e-01 6.882052e-01
0.700000 84.275000 6.857865311509e-01 -2.042964837056e-01 7.155699e-01
0.700000 84.300000 7.103403386952e-01 -2.143487913172e-01 7.419763e-01
0.700000 84.325000 7.288007574667e-01 -2.323504605259e-01 7.649427e-01
0.700000 84.350000 7.392593291186e-01 -2.564457791283e-01 7.824761e-01
0.700000 84.375000 7.403386631159e-01 -2.843317345511e-01 7.930611e-01
0.700000 84.400000 7.313001744111e-01 -3.134131584032e-01 7.956304e-01
0.700000 84.425000 7.121045657558e-01 -3.409844680832e-01 7.895336e-01
0.700000 84.450000 6.834184854417e-01 -3.644230193510e-01 7.745095e-01
0.700000 84.475000 6.465656956717e-01 -3.813775210185e-01 7.506637e-01
0.700000 84.500000 6.034263247395e-01 -3.899350421379e-01 7.184516e-01
0.700000 84.525000 5.562927887686e-01 -3.887519139790e-01 6.786676e-01
0.700000 84.550000 5.076952009918e-01 -3.771371516535e-01 6.324451e-01
0.700000 84.575000 4.602120546960e-01 -3.550815677746e-01 5.812728e-01
0.700000 84.600000 4.162833184983e-01 -3.232310463563e-01 5.270390e-01
0.700000 84.625000 3.780426469454e-01 -2.828079144790e-01 4.721192e-01
0.700000 84.650000 3.471832175785e-01 -2.354893861699e-01 4.195133e-01
0.700000 84.675000 3.248679949466e-01 -1.832560932584e-01 3.729906e-01
0.700000 84.700000 3.116904101473e-01 -1.282263084621e-01 3.370355e-01
0.700000 84.725000 3.076860807698e-01 -7.249232119532e-02 3.161105e-01
0.700000 84.750000 3.123908962343e-01 -1.797446535649e-02 3.129076e-01
0.700000 84.775000 3.249361644060e-01 3.369434502895e-02 3.266785e-01
0.700000 84.800000 3.441680808891e-01 8.124470799530e-02 3.536274e-01
0.700000 84.825000 3.687769190207e-01 1.238034364979e-01 3.890035e-01
0.700000 84.850000 3.974212294865e-01 1.608839675928e-01 4.287508e-01
0.700000 84.875000 4.288339521249e-01 1.923403380656e-01 4.699929e-01
0.700000 84.900000 4.619004384405e-01 2.182944410786e-01 5.108860e-01
0.700000 84.925000 4.957025443536e-01 2.390487823206e-01 5.503320e-01
0.700000 84.950000 5.295276389052e-01 2.549978414997e-01 5.877273e-01
0.700000 84.975000 5.628459926173e-01 2.665503546219e-01 6.227718e-01
0.700000 85.000000 5.952639868539e-01 2.740725122313e-01 6.553281e-01
0.700000 85.025000 6.264634430404e-01 2.778585532382e-01 6.853188e-01
0.700000 85.050000 6.561387784665e-01 2.781309990165e-01 7.126535e-01
0.700000 85.075000 6.839435123949e-01 2.750683729290e-01 7.371847e-01
0.700000 85.100000 7.094559327592e-01 2.688542492117e-01 7.586899e-01
0.700000 85.125000 7.321707397684e-01 2.597383729624e-01 7.768771e-01
0.700000 85.150000 7.515196120688e-01 2.480987678362e-01 7.914131e-01
0.700000 85.175000 7.669193976952e-01 2.344934116082e-01 8.019679e-01
0.700000 85.200000 7.778425554195e-01 2.196912356259e-01 8.082718e-01
0.700000 85.225000 7.839010704569e-01 2.046747300474e-01 8.101806e-01
0.700000 85.250000 7.849327578509e-01 1.906099894445e-01 8.077448e-01
0.700000 85.275000 7.810779236801e-01 1.787841721852e-01 8.012780e-01
0.700000 85.300000 7.728348866131e-01 1.705145701715e-01 7.914221e-01
0.700000 85.325000 7.610848025910e-01 1.670372910548e-01 7.791993e-01
0.700000 85.350000 7.470793537495e-01 1.693864995595e-01 7.660413e-01
0.700000 85.375000 7.323887992838e-01 1.782769122194e-01 7.537745e-01
0.700000 85.400000 7.188121965564e-01 1.940025966556e-01 7.445321e-01
0.700000 85.425000 7.082558095874e-01 2.163640567140e-01 7.405671e-01
0.700000 85.450000 7.025893754888e-01 2.446332082807e-01 7.439605e-01
0.700000 85.475000 7.034926140255e-01 2.775624237224e-01 7.562690e-01
0.700000 85.500000 7.123058657455e-01 3.134397050797e-01 7.782185e-01
0.700000 85.525000 7.298988861383e-01 3.501876579110e-01 8.095578e-01
0.700000 85.550000 7.565706031575e-01 3.854997149394e-01 8.491226e-01
0.700000 85.575000 7.919901929181e-01 4.170034085048e-01 8.950644e-01
0.700000 85.600000 8.351863875106e-01 4.424377535433e-01 9.451389e-01
0.700000 85.625000 8.845878290567e-01 4.598302228335e-01 9.969651e-01
0.700000 85.650000 9.381129053944e-01 4.676585045635e-01 1.048218e+00
0.700000 85.675000 9.933032388605e-01 4.649832403433e-01 1.096750e+00
0.700000 85.700000 1.047491222963e+00 4.515401463919e-01 1.140669e+00
0.700000 85.725000 1.097989032349e+00 4.277831182306e-01 1.178380e+00
0.700000 85.750000 1.142284612889e+00 3.948738272475e-01 1.208611e+00
0.700000 85.775000 1.178229440984e+00 3.546176007700e-01 1.230438e+00
0.700000 85.800000 1.204203372231e+00 3.093496765367e-01 1.243303e+00
0.700000 85.825000 1.219243624559e+00 2.617798835821e-01 1.247030e+00
0.700000 85.850000 1.223127708648e+00 2.148071030256e-01 1.241847e+00
0.700000 85.875000 1.216403695121e+00 1.713172398027e-01 1.228409e+00
0.700000 85.900000 1.200365295968e+00 1.339797029884e-01 1.207819e+00
0.700000 85.925000 1.176973499548e+00 1.050574529029e-01 1.181653e+00
0.700000 85.950000 1.148730583627e+00 8.624453222901e-02 1.151964e+00
0.700000 85.975000 1.118515904474e+00 7.854276064449e-02 1.121270e+00
0.700000 86.000000 1.089395630958e+00 8.218613523786e-02 1.092491e+00
0.700000 86.025000 1.064420339385e+00 9.661771637763e-02 1.068796e+00
0.700000 86.050000 1.046424976496e+00 1.205197187202e-01 1.053342e+00
0.700000 86.075000 1.037845106946e+00 1.518935223950e-01 1.048901e+00
0.700000 86.100000 1.040561668359e+00 1.881827148542e-01 1.057441e+00
0.700000 86.125000 1.055783843313e+00 2.264293727470e-01 1.079792e+00
0.700000 86.150000 1.083976389548e+00 2.634518267714e-01 1.115532e+00
0.700000 86.175000 1.124834170821e+00 2.960312560122e-01 1.163136e+00
0.700000 86.200000 1.177303048085e+00 3.210946565268e-01 1.220305e+00
0.700000 86.225000 1.239643056618e+00 3.358829340239e-01 1.284341e+00
0.700000 86.250000 1.309527190280e+00 3.380948928327e-01 1.352468e+00
0.700000 86.275000 1.384167337319e+00 3.260004651751e-01 1.422039e+00
0.700000 86.300000 1.460458055775e+00 2.985193337176e-01 1.490655e+00
0.700000 86.325000 1.535128920034e+00 2.552638292321e-01 1.556207e+00
0.700000 86.350000 1.604896985289e+00 1.965473528059e-01 1.616888e+00
0.700000 86.375000 1.666612289082e+00 1.233613692093e-01 1.671172e+00
0.700000 86.400000 1.717390970962e+00 3.732513416342e-02 1.717797e+00
0.700000 86.425000 1.754732262470e+00 -5.938724690960e-02 1.755737e+00
0.700000 86.450000 1.776617031034e+00 -1.641379712784e-01 1.784183e+00
0.700000 86.475000 1.781586573185e+00 -2.739309685185e-01 1.802523e+00
0.700000 86.500000 1.768800863154e+00 -3.855283369260e-01 1.810328e+00
0.700000 86.525000 1.738075501450e+00 -4.955750688100e-01 1.807346e+00
0.700000 86.550000 1.689896309149e+00 -6.007295751938e-01 1.793495e+00
0.700000 86.575000 1.625410094739e+00 -6.977972908863e-01 1.768864e+00
0.700000 86.600000 1.546389842581e+00 -7.838639278140e-01 1.733714e+00
0.700000 86.625000 1.455172692414e+00 -8.564238430694e-01 1.688487e+00
0.700000 86.650000 1.354569799532e+00 -9.134977059489e-01 1.633811e+00
0.700000 86.675000 1.247748587180e+00 -9.537324769873e-01 1.570504e+00
0.700000 86.700000 1.138089996384e+00 -9.764759818122e-01 1.499585e+00
0.700000 86.725000 1.029025931296e+00 -9.818183858998e-01 1.422273e+00
0.700000 86.750000 9.238648860899e-01 -9.705938887799e-01 1.339992e+00
0.700000 86.775000 8.256163224308e-01 -9.443380652548e-01 1.254359e+00
0.700000 86.800000 7.368263030690e-01 -9.051994299006e-01 1.167176e+00
0.700000 86.825000 6.594377611730e-01 -8.558077555546e-01 1.080400e+00
0.700000 86.850000 5.946882763004e-01 -7.991060400172e-01 9.961047e-01
0.700000 86.875000 5.430561736473e-01 -7.381572698100e-01 9.163985e-01
0.700000 86.900000 5.042622019768e-01 -6.759407006791e-01 8.433126e-01
0.700000 86.925000 4.773292345463e-01 -6.151547092585e-01 7.786260e-01
0.700000 86.950000 4.606968379895e-01 -5.580439225306e-01 7.236398e-01
0.700000 86.975000 4.523817866197e-01 -5.062670363274e-01 6.789371e-01
0.700000 87.000000 4.501703696121e-01 -4.608184623584e-01 6.442104e-01
0.700000 87.025000 4.518243454050e-01 -4.220119281045e-01 6.182550e-01
0.700000 87.050000 4.552802366488e-01 -3.895278796607e-01 5.991762e-01
0.700000 87.075000 4.588217306589e-01 -3.625196927628e-01 5.847546e-01
0.700000 87.100000 4.612073911407e-01 -3.397670951783e-01 5.728472e-01
0.700000 87.125000 4.617405326528e-01 -3.198596802787e-01 5.617068e-01
0.700000 87.150000 4.602744976822e-01 -3.013896934129e-01 5.501712e-01
0.700000 87.175000 4.571539918332e-01 -2.831319503874e-01 5.377299e-01
0.700000 87.200000 4.531006889353e-01 -2.641900707845e-01 5.244965e-01
0.700000 87.225000 4.490580674854e-01 -2.440921160695e-01 5.111107e-01
0.700000 87.250000 4.460154987207e-01 -2.228248119341e-01 4.985787e-01
0.700000 87.275000 4.448342753216e-01 -2.008031034629e-01 4.880568e-01
0.700000 87.300000 4.460981347990e-01 -1.787799181266e-01 4.805890e-01
0.700000 87.325000 4.500078319682e-01 -1.577086679685e-01 4.768428e-01
0.700000 87.350000 4.563337628170e-01 -1.385772099151e-01 4.769110e-01
0.700000 87.375000 4.644331940237e-01 -1.222358661170e-01 4.802497e-01
0.700000 87.400000 4.733302320029e-01 -1.092431286122e-01 4.857732e-01
0.700000 87.425000 4.818483477904e-01 -9.975064048009e-02 4.920651e-01
0.700000 87.450000 4.887781463347e-01 -9.344416278143e-02 4.976303e-01
0.700000 87.475000 4.930580847611e-01 -8.955008689450e-02 5.011242e-01
0.700000 87.500000 4.939436943293e-01 -8.690853004228e-02 5.015311e-01
0.700000 87.525000 4.911418743623e-01 -8.410525007576e-02 4.982911e-01
0.700000 87.550000 4.848909207736e-01 -7.964668153370e-02 4.913886e-01
0.700000 87.575000 4.759736366399e-01 -7.215637920861e-02 4.814119e-01
0.700000 87.600000 4.656593089729e-01 -6.056786980330e-02 4.695818e-01
0.700000 87.625000 4.555794449764e-01 -4.428881847736e-02 4.577271e-01
0.700000 87.650000 4.475507636869e-01 -2.331456125992e-02 4.481576e-01
0.700000 87.675000 4.433659128471e-01 1.724943056801e-03 4.433693e-01
0.700000 87.700000 4.445768108561e-01 2.959258436209e-02 4.455606e-01
0.700000 87.725000 4.522968142013e-01 5.854467097347e-02 4.560700e-01
0.700000 87.750000 4.670459053643e-01 8.649421904291e-02 4.749875e-01
0.700000 87.775000 4.886580410806e-01 1.112188072837e-01 5.011550e-01
0.700000 87.800000 5.162623506099e-01 1.305893388227e-01 5.325227e-01
0.700000 87.825000 5.483409927721e-01 1.427935123544e-01 5.666285e-01
0.700000 87.850000 5.828573131646e-01 1.465285297781e-01 6.009936e-01
0.700000 87.875000 6.174396594352e-01 1.411414285482e-01 6.333661e-01
0.700000 87.900000 6.495998528470e-01 1.267018880213e-01 6.618409e-01
0.700000 87.925000 6.769616515194e-01 1.040005532346e-01 6.849038e-01
0.700000 87.950000 6.974739812211e-01 7.447476973283e-02 7.014388e-01
0.700000 87.975000 7.095862456830e-01 4.007198974060e-02 7.107168e-01
0.700000 88.000000 7.123682474583e-01 3.067945061198e-03 7.123749e-01
0.700000 88.025000 7.055643994075e-01 -3.413883242279e-02 7.063898e-01
0.700000 88.050000 6.895800025881e-01 -6.923290939571e-02 6.930467e-01
0.700000 88.075000 6.654053343063e-01 -1.001663094220e-01 6.729023e-01
0.700000 88.100000 6.344901133801e-01 -1.253032730802e-01 6.467446e-01
0.700000 88.125000 5.985857655424e-01 -1.435132555104e-01 6.155493e-01
0.700000 88.150000 5.595752777088e-01 -1.542070074357e-01 5.804346e-01
0.700000 88.175000 5.193101437326e-01 -1.573177292962e-01 5.426158e-01
0.700000 88.200000 4.794711733416e-01 -1.532356127002e-01 5.033625e-01
0.700000 88.225000 4.414652917119e-01 -1.427088003981e-01 4.639584e-01
0.700000 88.250000 4.063646662979e-01 -1.267263844276e-01 4.256663e-01
0.700000 88.275000 3.748884422077e-01 -1.063993304479e-01 3.896950e-01
0.700000 88.300000 3.474219128447e-01 -8.285331441330e-02 3.571647e-01
0.700000 88.325000 3.240638223173e-01 -5.714383866117e-02 3.290635e-01
0.700000 88.350000 3.046901728188e-01 -3.019933279763e-02 3.061831e-01
0.700000 88.375000 2.890225755946e-01 -2.793025435898e-03 2.890361e-01
0.700000 88.400000 2.766907067325e-01 2.446003254942e-02 2.777698e-01
0.700000 88.425000 2.672813994629e-01 5.108766292024e-02 2.721200e-01
0.700000 88.450000 2.603707122383e-01 7.673552041253e-02 2.714429e-01
0.700000 88.475000 2.555392495976e-01 1.011408318105e-01 2.748268e-01
0.700000 88.500000 2.523743939505e-01 1.241118314173e-01 2.812411e-01
0.700000 88.525000 2.504653744294e-01 1.455170564949e-01 2.896690e-01
0.700000 88.550000 2.493979136405e-01 1.652853353516e-01 2.991965e-01
0.700000 88.575000 2.487544803027e-01 1.834140516145e-01 3.090623e-01
0.700000 88.600000 2.481241328372e-01 1.999807245468e-01 3.186815e-01
0.700000 88.625000 2.471229967228e-01 2.151515915597e-01 3.276583e-01
0.700000 88.650000 2.454231650388e-01 2.291809803558e-01 3.357923e-01
0.700000 88.675000 2.427848917352e-01 2.423968160775e-01 3.430754e-01
0.700000 88.700000 2.390849520821e-01 2.551703611840e-01 3.496763e-01
0.700000 88.725000 2.343334112007e-01 2.678717490423e-01 3.559037e-01
0.700000 88.750000 2.286719754275e-01 2.808164207195e-01 3.621446e-01
0.700000 88.775000 2.223495381020e-01 2.942105433379e-01 3.687806e-01
0.700000 88.800000 2.156741406343e-01 3.081052841877e-01 3.760907e-01
0.700000 88.825000 2.089448019532e-01 3.223700164878e-01 3.841619e-01
0.700000 88.850000 2.023708396136e-01 3.366929664475e-01 3.928309e-01
0.700000 88.875000 1.959897000815e-01 3.506145877524e-01 4.016747e-01
0.700000 88.900000 1.895963050705e-01 3.635944567098e-01 4.100582e-01
0.700000 88.925000 1.826970644030e-01 3.751073334446e-01 4.172334e-01
0.700000 88.950000 1.744998274584e-01 3.847589852382e-01 4.224804e-01
0.700000 88.975000 1.639472708060e-01 3.924081988649e-01 4.252798e-01
0.700000 89.000000 1.497959697527e-01 3.982788109741e-01 4.255171e-01
0.700000 89.025000 1.307373392464e-01 4.030450529402e-01 4.237187e-01
0.700000 89.050000 1.055505702796e-01 4.078752547213e-01 4.213112e-01
0.700000 89.075000 7.327248482093e-02 4.144228775872e-01 4.208505e-01
0.700000 89.100000 3.336565373092e-02 4.247595303442e-01 4.260680e-01
0.700000 89.125000 -1.413526116088e-02 4.412513870195e-01 4.414777e-01
0.700000 89.150000 -6.851788051938e-02 4.663874116574e-01 4.713936e-01
0.700000 89.175000 -1.283425980819e-01 5.025740966934e-01 5.187028e-01
0.700000 89.200000 -1.914589868998e-01 5.519161927620e-01 5.841815e-01
0.700000 89.225000 -2.550909102696e-01 6.160054934368e-01 6.667339e-01
0.700000 89.250000 -3.159855662179e-01 6.957397602713e-01 7.641339e-01
0.700000 89.275000 -3.706145220987e-01 7.911912856871e-01 8.736926e-01
0.700000 89.300000 -4.154089060339e-01 9.015396874731e-01 9.926421e-01
0.700000 89.325000 -4.470070449683e-01 1.025076903055e+00 1.118301e+00
0.700000 89.350000 -4.624914440276e-01 1.159284818032e+00 1.248134e+00
0.700000 89.375000 -4.595932357690e-01 1.300978445082e+00 1.379772e+00
0.700000 89.400000 -4.368459001993e-01 1.446500974789e+00 1.511026e+00
0.700000 89.425000 -3.936756695730e-01 1.591952123009e+00 1.639906e+00
0.700000 89.450000 -3.304228535630e-01 1.733428538610e+00 1.764640e+00
0.700000 89.475000 -2.482954860264e-01 1.867254848951e+00 1.883691e+00
0.700000 89.500000 -1.492633264546e-01 1.990186122309e+00 1.995776e+00
0.700000 89.525000 -3.590557318755e-02 2.099566728782e+00 2.099874e+00
0.700000 89.550000 8.877090883410e-02 2.193436156619e+00 2.195232e+00
0.700000 89.575000 2.215247742332e-01 2.270578516541e+00 2.281359e+00
0.700000 89.600000 3.590676317358e-01 2.330518434259e+00 2.358017e+00
0.700000 89.625000 4.982313539388e-01 2.373471059273e+00 2.425201e+00
0.700000 89.650000 6.361050467009e-01 2.400257447301e+00 2.483116e+00
0.700000 89.675000 7.701363154348e-01 2.412198286520e+00 2.532155e+00
0.700000 89.700000 8.981962969510e-01 2.410998788993e+00 2.572872e+00
0.700000 89.725000 1.018612075396e+00 2.398635776829e+00 2.605959e+00
0.700000 89.750000 1.130173057366e+00 2.377254993762e+00 2.632230e+00
0.700000 89.775000 1.232119346335e+00 2.349083045096e+00 2.652604e+00
0.700000 89.800000 1.324120077331e+00 2.316354739217e+00 2.668107e+00
0.700000 89.825000 1.406248236274e+00 2.281253552220e+00 2.679860e+00
0.700000 89.850000 1.478956079730e+00 2.245860911434e+00 2.689089e+00
0.700000 89.875000 1.543052405006e+00 2.212109248079e+00 2.697117e+00
0.700000 89.900000 1.599680156011e+00 2.181734334346e+00 2.705354e+00
0.700000 89.925000 1.650290700422e+00 2.156224107315e+00 2.715283e+00
0.700000 89.950000 1.696609967097e+00 2.136763621947e+00 2.728414e+00
0.700000 89.975000 1.740591695970e+00 2.124178482027e+00 2.746233e+00
0.700000 90.000000 1.784354322350e+00 2.118881549705e+00 2.770123e+00
0.700000 90.025000 1.830100284837e+00 2.120829457442e+00 2.801283e+00
0.700000 90.050000 1.880019433535e+00 2.129496089955e+00 2.840638e+00
0.700000 90.075000 1.936181238081e+00 2.143869594657e+00 2.888767e+00
0.700000 90.100000 2.000423138542e+00 2.162477647736e+00 2.945845e+00
0.700000 90.125000 2.074244182407e+00 2.183442878941e+00 3.011629e+00
0.700000 90.150000 2.158713706626e+00 2.204566935148e+00 3.085476e+00
0.700000 90.175000 2.254404090414e+00 2.223438138915e+00 3.166388e+00
0.700000 90.200000 2.361354560563e+00 2.237554601331e+00 3.253098e+00
0.700000 90.225000 2.479069914125e+00 2.244452456420e+00 3.344152e+00
0.700000 90.250000 2.606554237571e+00 2.241827953942e+00 3.438011e+00
0.700000 90.275000 2.742375760242e+00 2.227642659551e+00 3.533131e+00
0.700000 90.300000 2.884755431932e+00 2.200202942845e+00 3.628044e+00
0.700000 90.325000 3.031669166322e+00 2.158208057699e+00 3.721408e+00
0.700000 90.350000 3.180952334433e+00 2.100765033994e+00 3.812043e+00
0.700000 90.375000 3.330395243958e+00 2.027372783484e+00 3.898945e+00
0.700000 90.400000 3.477820014421e+00 1.937881703774e+00 3.981283e+00
0.700000 90.425000 3.621132257406e+00 1.832438100892e+00 4.058378e+00
0.700000 90.450000 3.758344911629e+00 1.711424503741e+00 4.129665e+00
0.700000 90.475000 3.887575942595e+00 1.575407138834e+00 4.194658e+00
0.700000 90.500000 4.007025804109e+00 1.425100401572e+00 4.252901e+00
0.700000 90.525000 4.114943989398e+00 1.261355248801e+00 4.303926e+00
0.700000 90.550000 4.209596172754e+00 1.085174396797e+00 4.347218e+00
0.700000 90.575000 4.289244009721e+00 8.977525502833e-01 4.382188e+00
0.700000 90.600000 4.352148475802e+00 7.005352213103e-01 4.408168e+00
0.700000 90.625000 4.396604754992e+00 4.952856547381e-01 4.424414e+00
0.700000 90.650000 4.421012434799e+00 2.841465364321e-01 4.430134e+00
0.700000 90.675000 4.423979607503e+00 6.968196830297e-02 4.424528e+00
0.700000 90.700000 4.404454037522e+00 -1.451140905031e-01 4.406844e+00
0.700000 90.725000 4.361869514945e+00 -3.568540622116e-01 4.376443e+00
0.700000 90.750000 4.296291542630e+00 -5.618444257606e-01 4.332873e+00
0.700000 90.775000 4.208544169499e+00 -7.562258895923e-01 4.275947e+00
0.700000 90.800000 4.100299489241e+00 -9.361607260247e-01 4.205812e+00
0.700000 90.825000 3.974113254023e+00 -1.098055557544e+00 4.123021e+00
0.700000 90.850000 3.833394137794e+00 -1.238802295008e+00 4.028591e+00
0.700000 90.875000 3.682300099236e+00 -1.356015833670e+00 3.924043e+00
0.700000 90.900000 3.525562486263e+00 -1.448245096720e+00 3.811431e+00
0.700000 90.925000 3.368246259070e+00 -1.515134455876e+00 3.693334e+00
0.700000 90.950000 3.215462148533e+00 -1.557515576556e+00 3.572821e+00
0.700000 90.975000 3.072052854690e+00 -1.577415169493e+00 3.453368e+00
0.700000 91.000000 2.942279746663e+00 -1.577971538254e+00 3.338713e+00
0.700000 91.025000 2.829538338866e+00 -1.563261501426e+00 3.232657e+00
0.700000 91.050000 2.736129723058e+00 -1.538048361100e+00 3.138789e+00
0.700000 91.075000 2.663111067383e+00 -1.507470107502e+00 3.060168e+00
0.700000 91.100000 2.610241516056e+00 -1.476694016916e+00 2.998997e+00
0.700000 91.125000 2.576030919984e+00 -1.450568351810e+00 2.956363e+00
0.700000 91.150000 2.557888658591e+00 -1.433303358720e+00 2.932090e+00
0.700000 91.175000 2.552359432893e+00 -1.428211834979e+00 2.924778e+00
0.700000 91.200000 2.555423467885e+00 -1.437534216106e+00 2.932012e+00
0.700000 91.225000 2.562831174744e+00 -1.462364824795e+00 2.950697e+00
0.700000 91.250000 2.570437944477e+00 -1.502685390167e+00 2.977451e+00
0.700000 91.275000 2.574504045788e+00 -1.557500268167e+00 3.008966e+00
0.700000 91.300000 2.571927871436e+00 -1.625056249061e+00 3.042305e+00
0.700000 91.325000 2.560387867422e+00 -1.703119773544e+00 3.075094e+00
0.700000 91.350000 2.538378779464e+00 -1.789277058938e+00 3.105621e+00
0.700000 91.375000 2.505140334527e+00 -1.881219086978e+00 3.132844e+00
0.700000 91.400000 2.460489786865e+00 -1.976974273377e+00 3.156333e+00
0.700000 91.425000 2.404582352650e+00 -2.075057093487e+00 3.176142e+00
0.700000 91.450000 2.337633868922e+00 -2.174510607464e+00 3.192652e+00
0.700000 91.475000 2.259646641345e+00 -2.274833809528e+00 3.206380e+00
0.700000 91.500000 2.170181338041e+00 -2.375799653584e+00 3.217780e+00
0.700000 91.525000 2.068214389755e+00 -2.477184784256e+00 3.227066e+00
0.700000 91.550000 1.952111719018e+00 -2.578445580372e+00 3.234057e+00
0.700000 91.575000 1.819736432901e+00 -2.678385312297e+00 3.238084e+00
0.700000 91.600000 1.668691668627e+00 -2.774862524919e+00 3.237961e+00
0.700000 91.625000 1.496681861206e+00 -2.864590171719e+00 3.232017e+00
0.700000 91.650000 1.301958396306e+00 -2.943068175043e+00 3.218190e+00
0.700000 91.675000 1.083801082543e+00 -3.004679341679e+00 3.194170e+00
0.700000 91.700000 8.429771034359e-01 -3.042961030939e+00 3.157566e+00
0.700000 91.725000 5.821156309751e-01 -3.051044421334e+00 3.106080e+00
0.700000 91.750000 3.059399863634e-01 -3.022231904489e+00 3.037678e+00
0.700000 91.775000 2.131020129185e-02 -2.950663548624e+00 2.950741e+00
0.700000 91.800000 -2.629537185456e-01 -2.832008174074e+00 2.844190e+00
0.700000 91.825000 -5.364752050877e-01 -2.664105483822e+00 2.717584e+00
0.700000 91.850000 -7.879336873335e-01 -2.447484390549e+00 2.571190e+00
0.700000 91.875000 -1.005844016460e+00 -2.185689842617e+00 2.406026e+00
0.700000 91.900000 -1.179438746060e+00 -1.885365780831e+00 2.223888e+00
0.700000 91.925000 -1.299573237474e+00 -1.556064085406e+00 2.027369e+00
0.700000 91.950000 -1.359565408972e+00 -1.209776353462e+00 1.819884e+00
0.700000 91.975000 -1.355883017704e+00 -8.602142735077e-01 1.605736e+00
0.700000 92.000000 -1.288602003905e+00 -5.218920651975e-01 1.390276e+00
0.700000 92.025000 -1.161578896579e+00 -2.090877582165e-01 1.180247e+00
0.700000 92.050000 -9.823067892412e-01 6.522380746792e-02 9.844698e-01
0.700000 92.075000 -7.614552751309e-01 2.903665517447e-01 8.149398e-01
0.700000 92.100000 -5.121267174698e-01 4.587911422027e-01 6.875777e-01
0.700000 92.125000 -2.488908209708e-01 5.666531348530e-01 6.189042e-01
0.700000 92.150000 1.331666857982e-02 6.140819957398e-01 6.142264e-01
0.700000 92.175000 2.603299525582e-01 6.051115340066e-01 6.587349e-01
0.700000 92.200000 4.798176928399e-01 5.472757661485e-01 7.278295e-01
0.700000 92.225000 6.621760259709e-01 4.509078012159e-01 8.011210e-01
0.700000 92.250000 8.011668025849e-01 3.282093085991e-01 8.657884e-01
0.700000 92.275000 8.942434209479e-01 1.921811778135e-01 9.146611e-01
0.700000 92.300000 9.425384235017e-01 5.551952177820e-02 9.441722e-01
0.700000 92.325000 9.505215208313e-01 -7.041631758239e-02 9.531262e-01
0.700000 92.350000 9.253701141297e-01 -1.764659196473e-01 9.420457e-01
0.700000 92.375000 8.761230331241e-01 -2.562813998083e-01 9.128372e-01
0.700000 92.400000 8.127089589944e-01 -3.066411189203e-01 8.686338e-01
0.700000 92.425000 7.449516322813e-01 -3.274445290429e-01 8.137400e-01
0.700000 92.450000 6.816533866862e-01 -3.214030540582e-01 7.536254e-01
0.700000 92.475000 6.298470148089e-01 -2.934734279074e-01 6.948625e-01
0.700000 92.500000 5.942849231267e-01 -2.501056310577e-01 6.447693e-01
0.700000 92.525000 5.772065000142e-01 -1.983947115912e-01 6.103506e-01
0.700000 92.550000 5.783928919469e-01 -1.452326076724e-01 5.963479e-01
0.700000 92.575000 5.954866151456e-01 -9.655207254487e-02 6.032633e-01
0.700000 92.600000 6.245252119458e-01 -5.674066749122e-02 6.270975e-01
0.700000 92.625000 6.606165961973e-01 -2.828040780900e-02 6.612216e-01
0.700000 92.650000 6.986710825868e-01 -1.164080479486e-02 6.987681e-01
0.700000 92.675000 7.341025351023e-01 -5.423087271759e-03 7.341226e-01
0.700000 92.700000 7.634185729019e-01 -6.724808719664e-03 7.634482e-01
0.700000 92.725000 7.846361426078e-01 -1.167008908329e-02 7.847229e-01
0.700000 92.750000 7.974818137494e-01 -1.603400667706e-02 7.976430e-01
0.700000 92.775000 8.033629792439e-01 -1.588182345066e-02 8.035199e-01
0.700000 92.800000 8.051235011769e-01 -8.145379418003e-03 8.051647e-01
0.700000 92.825000 8.066220394369e-01 8.930416443385e-03 8.066715e-01
0.700000 92.850000 8.121905688581e-01 3.552011320147e-02 8.129669e-01
0.700000 92.875000 8.260424002899e-01 7.015542845387e-02 8.290162e-01
0.700000 92.900000 8.517022953529e-01 1.098692379603e-01 8.587596e-01
0.700000 92.925000 8.915259695392e-01 1.505227528089e-01 9.041436e-01
0.700000 92.950000 9.463633851554e-01 1.872722646720e-01 9.647148e-01
0.700000 92.975000 1.015401564283e+00 2.151172019734e-01 1.037938e+00
0.700000 93.000000 1.096200618909e+00 2.294639362329e-01 1.119960e+00
0.700000 93.025000 1.184914001141e+00 2.266403305363e-01 1.206394e+00
0.700000 93.050000 1.276663273359e+00 2.043040122190e-01 1.292907e+00
0.700000 93.075000 1.366021280130e+00 1.617015146243e-01 1.375559e+00
0.700000 93.100000 1.447547153609e+00 9.975384842076e-02 1.450980e+00
0.700000 93.125000 1.516313008011e+00 2.096441626023e-02 1.516458e+00
0.700000 93.150000 1.568365540942e+00 -7.083494249374e-02 1.569964e+00
0.700000 93.175000 1.601075321458e+00 -1.708668299235e-01 1.610167e+00
0.700000 93.200000 1.613340898311e+00 -2.738744928313e-01 1.636422e+00
0.700000 93.225000 1.605632130966e+00 -3.746187906716e-01 1.648755e+00
0.700000 93.250000 1.579875234219e+00 -4.683525545292e-01 1.647835e+00
0.700000 93.275000 1.539198872661e+00 -5.512240366104e-01 1.634925e+00
0.700000 93.300000 1.487574451600e+00 -6.205711987978e-01 1.611827e+00
0.700000 93.325000 1.429393189954e+00 -6.750822046152e-01 1.580791e+00
0.700000 93.350000 1.369026868008e+00 -7.148129483720e-01 1.544407e+00
0.700000 93.375000 1.310418178767e+00 -7.410679770679e-01 1.505449e+00
0.700000 93.400000 1.256740825888e+00 -7.561650543604e-01 1.466691e+00
0.700000 93.425000 1.210159847708e+00 -7.631144999937e-01 1.430675e+00
0.700000 93.450000 1.171710400062e+00 -7.652513590981e-01 1.399470e+00
0.700000 93.475000 1.141299874566e+00 -7.658609579946e-01 1.374448e+00
0.700000 93.500000 1.117825242177e+00 -7.678365362889e-01 1.356137e+00
0.700000 93.525000 1.099386217700e+00 -7.734019153296e-01 1.344173e+00
0.700000 93.550000 1.083566280998e+00 -7.839234390215e-01 1.337405e+00
0.700000 93.575000 1.067748440568e+00 -7.998248114358e-01 1.334094e+00
0.700000 93.600000 1.049431158794e+00 -8.206071654633e-01 1.332179e+00
0.700000 93.625000 1.026511957027e+00 -8.449659060556e-01 1.329547e+00
0.700000 93.650000 9.975114213151e-01 -8.709866129346e-01 1.324253e+00
0.700000 93.675000 9.617179093964e-01 -8.963953605742e-01 1.314696e+00
0.700000 93.700000 9.192423199824e-01 -9.188347298636e-01 1.299717e+00
0.700000 93.725000 8.709818600148e-01 -9.361357499542e-01 1.278655e+00
0.700000 93.750000 8.185008932570e-01 -9.465579260362e-01 1.251366e+00
0.700000 93.775000 7.638448398933e-01 -9.489740220349e-01 1.218200e+00
0.700000 93.800000 7.093090572022e-01 -9.429828102297e-01 1.179973e+00
0.700000 93.825000 6.571882136006e-01 -9.289408620249e-01 1.137905e+00
0.700000 93.850000 6.095326539454e-01 -9.079128498055e-01 1.093543e+00
0.700000 93.875000 5.679366604883e-01 -8.815479663065e-01 1.048656e+00
0.700000 93.900000 5.333795804547e-01 -8.518972085867e-01 1.005098e+00
0.700000 93.925000 5.061349500269e-01 -8.211917932045e-01 9.646391e-01
0.700000 93.950000 4.857555808668e-01 -7.916063986800e-01 9.287622e-01
0.700000 93.975000 4.711347786679e-01 -7.650319921949e-01 8.984664e-01
0.700000 94.000000 4.606361714933e-01 -7.428816222117e-01 8.741046e-01
0.700000 94.025000 4.522777652437e-01 -7.259488973294e-01 8.553110e-01
0.700000 94.050000 4.439504682969e-01 -7.143332825534e-01 8.410494e-01
0.700000 94.075000 4.336479599079e-01 -7.074393678800e-01 8.297717e-01
0.700000 94.100000 4.196837579724e-01 -7.040495809840e-01 8.196464e-01
0.700000 94.125000 4.008727911377e-01 -7.024621879827e-01 8.087967e-01
0.700000 94.150000 3.766585763668e-01 -7.006796279983e-01 7.955021e-01
0.700000 94.175000 3.471728837680e-01 -6.966269687345e-01 7.783432e-01
0.700000 94.200000 3.132219587966e-01 -6.883771221647e-01 7.562877e-01
0.700000 94.225000 2.762012261875e-01 -6.743587862309e-01 7.287296e-01
0.700000 94.250000 2.379480857624e-01 -6.535249896381e-01 6.954957e-01
0.700000 94.275000 2.005490877552e-01 -6.254644428803e-01 6.568300e-01
0.700000 94.300000 1.661226930781e-01 -5.904441973798e-01 6.133686e-01
0.700000 94.325000 1.366014086229e-01 -5.493797099314e-01 5.661078e-01
0.700000 94.350000 1.135370175932e-01 -5.037364601578e-01 5.163730e-01
0.700000 94.375000 9.794987772903e-02 -4.553748604083e-01 4.657901e-01
0.700000 94.400000 9.023812658784e-02 -4.063564501696e-01 4.162553e-01
0.700000 94.425000 9.015569145485e-02 -3.587335412913e-01 3.698889e-01
0.700000 94.450000 9.686005696571e-02 -3.143460722940e-01 3.289306e-01
0.700000 94.475000 1.090227346245e-01 -2.746482399097e-01 2.954955e-01
0.700000 94.500000 1.249882635805e-01 -2.405836403956e-01 2.711135e-01
0.700000 94.525000 1.429622100355e-01 -2.125216353371e-01 2.561321e-01
0.700000 94.550000 1.612056718858e-01 -1.902601941995e-01 2.493716e-01
0.700000 94.575000 1.782135876037e-01 -1.730924811149e-01 2.484373e-01
0.700000 94.600000 1.928567001521e-01 -1.599269373879e-01 2.505401e-01
0.700000 94.625000 2.044719937725e-01 -1.494444962241e-01 2.532636e-01
0.700000 94.650000 2.128931512874e-01 -1.402726036847e-01 2.549508e-01
0.700000 94.675000 2.184201950493e-01 -1.311543807008e-01 2.547722e-01
0.700000 94.700000 2.217349894924e-01 -1.210926722023e-01 2.526457e-01
0.700000 94.725000 2.237757329447e-01 -1.094526570170e-01 2.491093e-01
0.700000 94.750000 2.255881377095e-01 -9.601257287426e-02 2.451702e-01
0.700000 94.775000 2.281731377696e-01 -8.095912923561e-02 2.421102e-01
0.700000 94.800000 2.323504544684e-01 -6.483138161148e-02 2.412257e-01
0.700000 94.825000 2.386543356769e-01 -4.842326148533e-02 2.435174e-01
0.700000 94.850000 2.472727454237e-01 -3.265975816681e-02 2.494203e-01
0.700000 94.875000 2.580349688617e-01 -1.846433549480e-02 2.586948e-01
0.700000 94.900000 2.704459212531e-01 -6.635261322416e-03 2.705273e-01
0.700000 94.925000 2.837593474533e-01 2.253788832594e-03 2.837683e-01
0.700000 94.950000 2.970774024824e-01 7.917801277954e-03 2.971829e-01
0.700000 94.975000 3.094614226473e-01 1.038372174170e-02 3.096356e-01
0.700000 95.000000 3.200383300057e-01 9.973580883589e-03 3.201937e-01
0.700000 95.025000 3.280890128950e-01 7.253628309336e-03 3.281692e-01
0.700000 95.050000 3.331088090570e-01 2.959965770771e-03 3.331220e-01
0.700000 95.075000 3.348352306759e-01 -2.086383211562e-03 3.348417e-01
0.700000 95.100000 3.332434883068e-01 -7.061739904960e-03 3.333183e-01
0.700000 95.125000 3.285153280633e-01 -1.120796432972e-02 3.287065e-01
0.700000 95.150000 3.209904210301e-01 -1.387871881859e-02 3.212903e-01
0.700000 95.175000 3.111114750015e-01 -1.456058329501e-02 3.114520e-01
0.700000 95.200000 2.993741136935e-01 -1.287072613447e-02 2.996507e-01
0.700000 95.225000 2.862904630537e-01 -8.537195542482e-03 2.864177e-01
0.700000 95.250000 2.723716992321e-01 -1.370953380897e-03 2.723751e-01
0.700000 95.275000 2.581302110081e-01 8.759998524368e-03 2.582788e-01
0.700000 95.300000 2.440973302372e-01 2.194487058889e-02 2.450818e-01
0.700000 95.325000 2.308486316979e-01 3.822593420976e-02 2.339921e-01
0.700000 95.350000 2.190263314844e-01 5.757340657238e-02 2.264668e-01
0.700000 95.375000 2.093478207794e-01 7.984179444511e-02 2.240563e-01
0.700000 95.400000 2.025910398126e-01 1.047150012643e-01 2.280534e-01
0.700000 95.425000 1.995510478479e-01 1.316514021564e-01 2.390663e-01
0.700000 95.450000 2.009672619945e-01 1.598422583568e-01 2.567828e-01
0.700000 95.475000 2.074266350148e-01 1.881967752818e-01 2.800783e-01
0.700000 95.500000 2.192535820074e-01 2.153646482216e-01 3.073338e-01
0.700000 95.525000 2.364018001003e-01 2.398023073241e-01 3.367357e-01
0.700000 95.550000 2.583654456116e-01 2.598828513775e-01 3.664585e-01
0.700000 95.575000 2.841269024433e-01 2.740427155657e-01 3.947499e-01
0.700000 95.600000 3.121554230595e-01 2.809514833306e-01 4.199699e-01
0.700000 95.625000 3.404654870411e-01 2.796859711324e-01 4.406143e-01
0.700000 95.650000 3.667364300124e-01 2.698866867785e-01 4.553399e-01
0.700000 95.675000 3.884866885844e-01 2.518746004436e-01 4.629932e-01
0.700000 95.700000 4.032880118418e-01 2.267090964876e-01 4.626427e-01
0.700000 95.725000 4.089983615716e-01 1.961737794431e-01 4.536120e-01
0.700000 95.750000 4.039879771238e-01 1.626848507269e-01 4.355142e-01
0.700000 95.775000 3.873319403601e-01 1.291260677544e-01 4.082886e-01
0.700000 95.800000 3.589448601181e-01 9.862363961724e-02 3.722473e-01
0.700000 95.825000 3.196388588194e-01 7.428254416758e-02 3.281568e-01
0.700000 95.850000 2.710942837096e-01 5.891153227109e-02 2.774215e-01
0.700000 95.875000 2.157424936771e-01 5.476666202953e-02 2.225853e-01
0.700000 95.900000 1.565704437176e-01 6.334213436959e-02 1.688980e-01
0.700000 95.925000 9.686626569182e-02 8.523251699431e-02 1.290258e-01
0.700000 95.950000 3.993237944845e-02 1.200826660150e-01 1.265482e-01
0.700000 95.975000 -1.120312143424e-02 1.666317243994e-01 1.670079e-01
0.700000 96.000000 -5.404556433325e-02 2.228467330454e-01 2.293068e-01
0.700000 96.025000 -8.683533763093e-02 2.861310068070e-01 2.990173e-01
0.700000 96.050000 -1.086708623958e-01 3.535838263184e-01 3.699066e-01
0.700000 96.075000 -1.195409669537e-01 4.222822699707e-01 4.388762e-01
0.700000 96.100000 -1.202654012106e-01 4.895538756182e-01 5.041099e-01
0.700000 96.125000 -1.123529146666e-01 5.532105234581e-01 5.645043e-01
0.700000 96.150000 -9.779567819249e-02 6.117192125381e-01 6.194872e-01
0.700000 96.175000 -7.882569001766e-02 6.642935417101e-01 6.689540e-01
0.700000 96.200000 -5.766234757833e-02 7.108996167452e-01 7.132343e-01
0.700000 96.225000 -3.628021258204e-02 7.521804905679e-01 7.530549e-01
0.700000 96.250000 -1.622226094726e-02 7.893127685536e-01 7.894795e-01
0.700000 96.275000 1.522827522131e-03 8.238164837216e-01 8.238179e-01
0.700000 96.300000 1.656956362733e-02 8.573438750103e-01 8.575040e-01
0.700000 96.325000 2.911057149365e-02 8.914738052779e-01 8.919490e-01
0.700000 96.350000 3.982657055610e-02 9.275362198442e-01 9.283909e-01
0.700000 96.375000 4.974802649592e-02 9.664857117196e-01 9.677652e-01
0.700000 96.400000 6.009013077227e-02 1.008835748271e+00 1.010624e+00
0.700000 96.425000 7.208474002090e-02 1.054656506256e+00 1.057117e+00
0.700000 96.450000 8.683168241327e-02 1.103630741246e+00 1.107041e+00
0.700000 96.475000 1.051877326729e-01 1.155154805505e+00 1.159934e+00
0.700000 96.500000 1.277052577547e-01 1.208466735938e+00 1.215196e+00
0.700000 96.525000 1.546249913871e-01 1.262780844664e+00 1.272212e+00
0.700000 96.550000 1.859196798803e-01 1.317408650673e+00 1.330463e+00
0.700000 96.575000 2.213784953800e-01 1.371849082984e+00 1.389596e+00
0.700000 96.600000 2.607170055945e-01 1.425836102554e+00 1.449476e+00
0.700000 96.625000 3.036947072844e-01 1.479338413462e+00 1.510190e+00
0.700000 96.650000 3.502219119490e-01 1.532512814699e+00 1.572021e+00
0.700000 96.675000 4.004399914118e-01 1.585619041997e+00 1.635402e+00
0.700000 96.700000 4.547632003089e-01 1.638908862474e+00 1.700833e+00
0.700000 96.725000 5.138758031213e-01 1.692505153672e+00 1.768797e+00
0.700000 96.750000 5.786842285222e-01 1.746287466838e+00 1.839673e+00
0.700000 96.775000 6.502296324431e-01 1.799799205405e+00 1.913655e+00
0.700000 96.800000 7.295708649453e-01 1.852188392896e+00 1.990697e+00
0.700000 96.825000 8.176509010784e-01 1.902189623191e+00 2.070478e+00
0.700000 96.850000 9.151610688911e-01 1.948149858020e+00 2.152396e+00
0.700000 96.875000 1.022416917528e+00 1.988095944883e+00 2.235590e+00
0.700000 96.900000 1.139257585802e+00 2.019837660618e+00 2.318977e+00
0.700000 96.925000 1.264977504379e+00 2.041097153745e+00 2.401301e+00
0.700000 96.950000 1.398295728944e+00 2.049654055516e+00 2.481192e+00
0.700000 96.975000 1.537364687115e+00 2.043495223299e+00 2.557218e+00
0.700000 97.000000 1.679817065691e+00 2.020958845905e+00 2.627938e+00
0.700000 97.025000 1.822847248399e+00 1.980864124105e+00 2.691950e+00
0.700000 97.050000 1.963322232889e+00 1.922619536398e+00 2.747927e+00
0.700000 97.075000 2.097916223203e+00 1.846304439357e+00 2.794654e+00
0.700000 97.100000 2.223262883051e+00 1.752720168104e+00 2.831064e+00
0.700000 97.125000 2.336119241145e+00 1.643407782289e+00 2.856264e+00
0.700000 97.150000 2.433535158687e+00 1.520630200068e+00 2.869566e+00
0.700000 97.175000 2.513021873270e+00 1.387316877307e+00 2.870527e+00
0.700000 97.200000 2.572712331439e+00 1.246969717647e+00 2.858983e+00
0.700000 97.225000 2.611504891409e+00 1.103529860527e+00 2.835090e+00
0.700000 97.250000 2.629180761655e+00 9.612066505375e-01 2.799377e+00
0.700000 97.275000 2.626484614145e+00 8.242725728274e-01 2.752789e+00
0.700000 97.300000 2.605157609388e+00 6.968311910468e-01 2.696742e+00
0.700000 97.325000 2.567913008353e+00 5.825688859971e-01 2.633166e+00
0.700000 97.350000 2.518346924662e+00 4.845050141404e-01 2.564530e+00
0.700000 97.375000 2.460780698155e+00 4.047583990595e-01 2.493847e+00
0.700000 97.400000 2.400036711547e+00 3.443501974216e-01 2.424614e+00
0.700000 97.425000 2.341155827126e+00 3.030635567838e-01 2.360690e+00
0.700000 97.450000 2.289071356149e+00 2.793786748320e-01 2.306057e+00
0.700000 97.475000 2.248260787400e+00 2.704976950220e-01 2.264475e+00
0.700000 97.500000 2.222401523073e+00 2.724674573785e-01 2.239042e+00
0.700000 97.525000 2.214059783629e+00 2.803999181628e-01 2.231745e+00
0.700000 97.550000 2.224442009854e+00 2.887808102841e-01 2.243109e+00
0.700000 97.575000 2.253235157883e+00 2.918478135957e-01 2.272057e+00
0.700000 97.600000 2.298556261060e+00 2.840112270422e-01 2.316036e+00
0.700000 97.625000 2.357022922875e+00 2.602839423625e-01 2.371351e+00
0.700000 97.650000 2.423945778584e+00 2.166843008480e-01 2.433612e+00
0.700000 97.675000 2.493632484435e+00 1.505757607574e-01 2.498175e+00
0.700000 97.700000 2.559781702836e+00 6.091140929143e-02 2.560506e+00
0.700000 97.725000 2.615936115618e+00 -5.164102640026e-02 2.616446e+00
0.700000 97.750000 2.655956849336e+00 -1.847075587612e-01 2.662372e+00
0.700000 97.775000 2.674478688860e+00 -3.343513538187e-01 2.695297e+00
0.700000 97.800000 2.667306542544e+00 -4.953400841855e-01 2.712911e+00
0.700000 97.825000 2.631718791075e+00 -6.615142867082e-01 2.713585e+00
0.700000 97.850000 2.566651911046e+00 -8.262241748044e-01 2.696358e+00
0.700000 97.875000 2.472752193093e+00 -9.827960511125e-01 2.660901e+00
0.700000 97.900000 2.352293229366e+00 -1.124987188619e+00 2.607466e+00
0.700000 97.925000 2.208970706484e+00 -1.247390049618e+00 2.536835e+00
0.700000 97.950000 2.047597484222e+00 -1.345752745117e+00 2.450246e+00
0.700000 97.975000 1.873730711833e+00 -1.417191985853e+00 2.349319e+00
0.700000 98.000000 1.693267899623e+00 -1.460286340326e+00 2.235977e+00
0.700000 98.025000 1.512049923267e+00 -1.475050048206e+00 2.112361e+00
0.700000 98.050000 1.335505883698e+00 -1.462799510517e+00 1.980747e+00
0.700000 98.075000 1.168368054556e+00 -1.425934556539e+00 1.843468e+00
0.700000 98.100000 1.014475721965e+00 -1.367663592144e+00 1.702840e+00
0.700000 98.125000 8.766757620231e-01 -1.291705069956e+00 1.561109e+00
0.700000 98.150000 7.568166640157e-01 -1.201997154989e+00 1.420411e+00
0.700000 98.175000 6.558227261771e-01 -1.102443237692e+00 1.282764e+00
0.700000 98.200000 5.738274745269e-01 -9.967137564933e-01 1.150094e+00
0.700000 98.225000 5.103408089674e-01 -8.881156635098e-01 1.024303e+00
0.700000 98.250000 4.644233707331e-01 -7.795310350022e-01 9.073906e-01
0.700000 98.275000 4.348440989703e-01 -6.734170719707e-01 8.016108e-01
0.700000 98.300000 4.202024093896e-01 -5.718522174379e-01 7.096372e-01
0.700000 98.325000 4.190040265913e-01 -4.766082348548e-01 6.346021e-01
0.700000 98.350000 4.296881288446e-01 -3.892263762519e-01 5.797664e-01
0.700000 98.375000 4.506119155073e-01 -3.110773209618e-01 5.475584e-01
0.700000 98.400000 4.800058358190e-01 -2.433890571846e-01 5.381857e-01
0.700000 98.425000 5.159175796045e-01 -1.872336022697e-01 5.488418e-01
0.700000 98.450000 5.561649018021e-01 -1.434714269471e-01 5.743722e-01
0.700000 98.475000 5.983162042054e-01 -1.126605304828e-01 6.088306e-01
0.700000 98.500000 6.397137166312e-01 -9.494417568191e-02 6.467210e-01
0.700000 98.525000 6.775476797495e-01 -8.993634927299e-02 6.834906e-01
0.700000 98.550000 7.089820147776e-01 -9.662634965737e-02 7.155363e-01
0.700000 98.575000 7.313236454835e-01 -1.133231647080e-01 7.400516e-01
0.700000 98.600000 7.422200441857e-01 -1.376565329864e-01 7.548774e-01
0.700000 98.625000 7.398637462889e-01 -1.666452215371e-01 7.583990e-01
0.700000 98.650000 7.231793396316e-01 -1.968348783124e-01 7.494880e-01
0.700000 98.675000 6.919682875786e-01 -2.244988433364e-01 7.274750e-01
0.700000 98.700000 6.469900079505e-01 -2.458866608268e-01 6.921389e-01
0.700000 98.725000 5.899636250998e-01 -2.574978325088e-01 6.437097e-01
0.700000 98.750000 5.234830951382e-01 -2.563535408899e-01 5.828822e-01
0.700000 98.775000 4.508480388626e-01 -2.402373286914e-01 5.108600e-01
0.700000 98.800000 3.758224853966e-01 -2.078773706203e-01 4.294829e-01
0.700000 98.825000 3.023426614068e-01 -1.590479438233e-01 3.416246e-01
0.700000 98.850000 2.342018683088e-01 -9.457552958371e-02 2.525768e-01
0.700000 98.875000 1.747444944576e-01 -1.624485401410e-02 1.754980e-01
0.700000 98.900000 1.266017440709e-01 7.338896295573e-02 1.463350e-01
0.700000 98.925000 9.149854286259e-02 1.712653350484e-01 1.941747e-01
0.700000 98.950000 7.015452237907e-02 2.741341771854e-01 2.829686e-01
0.700000 98.975000 6.229260048797e-02 3.788901631226e-01 3.839767e-01
0.700000 99.000000 6.675740354137e-02 4.828891522901e-01 4.874818e-01
0.700000 99.025000 8.173378925643e-02 5.842111286930e-01 5.899009e-01
0.700000 99.050000 1.050443128007e-01 6.818383817036e-01 6.898825e-01
0.700000 99.075000 1.344948929160e-01 7.757256357020e-01 7.872986e-01
0.700000 99.100000 1.682312825396e-01 8.667496739239e-01 8.829251e-01
0.700000 99.125000 2.050660525774e-01 9.565386444984e-01 9.782731e-01
0.700000 99.150000 2.447371085211e-01 1.047194401340e+00 1.075413e+00
0.700000 99.175000 2.880642976285e-01 1.140933540644e+00 1.176737e+00
0.700000 99.200000 3.369800054470e-01 1.239682911394e+00 1.284667e+00
0.700000 99.225000 3.944219479006e-01 1.344672156928e+00 1.401325e+00
0.700000 99.250000 4.640904644697e-01 1.456068445350e+00 1.528239e+00
0.700000 99.275000 5.500871081720e-01 1.572696537097e+00 1.666124e+00
0.700000 99.300000 6.564647197510e-01 1.691880749210e+00 1.814774e+00
0.700000 99.325000 7.867300400600e-01 1.809434714090e+00 1.973068e+00
0.700000 99.350000 9.433470416339e-01 1.919811039447e+00 2.139060e+00
0.700000 99.375000 1.127291677703e+00 2.016407354215e+00 2.310127e+00
0.700000 99.400000 1.337706229529e+00 2.092009301981e+00 2.483135e+00
0.700000 99.425000 1.571693959186e+00 2.139336429824e+00 2.654615e+00
0.700000 99.450000 1.824282934044e+00 2.151645143835e+00 2.820919e+00
0.700000 99.475000 2.088572736029e+00 2.123335246939e+00 2.978370e+00
0.700000 99.500000 2.356060728490e+00 2.050503939875e+00 3.123394e+00
0.700000 99.525000 2.617127284505e+00 1.931393963812e+00 3.252636e+00
0.700000 99.550000 2.861643608651e+00 1.766690659891e+00 3.363064e+00
0.700000 99.575000 3.079653125144e+00 1.559635438734e+00 3.452061e+00
0.700000 99.600000 3.262069192972e+00 1.315939325029e+00 3.517498e+00
0.700000 99.625000 3.401329050229e+00 1.043498325098e+00 3.557798e+00
0.700000 99.650000 3.491946761129e+00 7.519305907108e-01 3.571987e+00
0.700000 99.675000 3.530916335278e+00 4.519719097181e-01 3.559726e+00
0.700000 99.700000 3.517929335958e+00 1.547792790519e-01 3.521333e+00
0.700000 99.725000 3.455387922560e+00 -1.287991316628e-01 3.457788e+00
0.700000 99.750000 3.348212744684e+00 -3.889263077625e-01 3.370726e+00
0.700000 99.775000 3.203463586168e+00 -6.173925272441e-01 3.262415e+00
0.700000 99.800000 3.029807307189e+00 -8.080952124761e-01 3.135722e+00
0.700000 99.825000 2.836880803588e+00 -9.573454613695e-01 2.994061e+00
0.700000 99.850000 2.634605115592e+00 -1.063980608430e+00 2.841338e+00
0.700000 99.875000 2.432509698887e+00 -1.129280186763e+00 2.681861e+00
0.700000 99.900000 2.239123031967e+00 -1.156700479294e+00 2.520244e+00
0.700000 99.925000 2.061477589470e+00 -1.151458670813e+00 2.361260e+00
0.700000 99.950000 1.904764727453e+00 -1.120009894883e+00 2.209649e+00
0.700000 99.975000 1.772159606556e+00 -1.069468073178e+00 2.069858e+00
0.700000 100.000000 1.664819602092e+00 -1.007023758784e+00 1.945693e+00
