# zline X=10000000 rho=1.1 C(X)=86 mode=v
# sigma t ReF ImF |F|
0.900000 0.100000 -4.992602873344e+00 -5.508396560100e+00 7.434280e+00
0.900000 0.125000 -3.787888251420e+00 -5.375612994006e+00 6.576117e+00
0.900000 0.150000 -2.882829956562e+00 -5.087602794315e+00 5.847599e+00
0.900000 0.175000 -2.209235102240e+00 -4.749575134254e+00 5.238242e+00
0.900000 0.200000 -1.705098399990e+00 -4.411036192178e+00 4.729123e+00
0.900000 0.225000 -1.323223500002e+00 -4.092916020198e+00 4.301498e+00
0.900000 0.250000 -1.029774491926e+00 -3.802445867217e+00 3.939420e+00
0.900000 0.275000 -8.009201532065e-01 -3.540612291908e+00 3.630070e+00
0.900000 0.300000 -6.198706503940e-01 -3.305751319957e+00 3.363366e+00
0.900000 0.325000 -4.746972440317e-01 -3.095240752059e+00 3.131430e+00
0.900000 0.350000 -3.568237065265e-01 -2.906273375485e+00 2.928096e+00
0.900000 0.375000 -2.600031757770e-01 -2.736189848041e+00 2.748515e+00
0.900000 0.400000 -1.796256142734e-01 -2.582602894098e+00 2.588842e+00
0.900000 0.425000 -1.122459014305e-01 -2.443424964954e+00 2.446002e+00
0.900000 0.450000 -5.525872615227e-02 -2.316853670940e+00 2.317513e+00
0.900000 0.475000 -6.671708682333e-03 -2.201341101006e+00 2.201351e+00
0.900000 0.500000 3.505506607393e-02 -2.095559310454e+00 2.095852e+00
0.900000 0.525000 7.112403089808e-02 -1.998367444996e+00 1.999633e+00
0.900000 0.550000 1.024835191526e-01 -1.908782629501e+00 1.911532e+00
0.900000 0.575000 1.298888704206e-01 -1.825955143539e+00 1.830569e+00
0.900000 0.600000 1.539476074961e-01 -1.749147670827e+00 1.755909e+00
0.900000 0.625000 1.751530788566e-01 -1.677718112917e+00 1.686836e+00
0.900000 0.650000 1.939096619759e-01 -1.611105379419e+00 1.622733e+00
0.900000 0.675000 2.105517475373e-01 -1.548817594702e+00 1.563064e+00
0.900000 0.700000 2.253581239091e-01 -1.490422235513e+00 1.507364e+00
0.900000 0.725000 2.385629594541e-01 -1.435537804205e+00 1.455225e+00
0.900000 0.750000 2.503642759748e-01 -1.383826731528e+00 1.406293e+00
0.900000 0.775000 2.609305806889e-01 -1.334989282361e+00 1.360250e+00
0.900000 0.800000 2.704061519461e-01 -1.288758303034e+00 1.316821e+00
0.900000 0.825000 2.789153401384e-01 -1.244894698464e+00 1.275757e+00
0.900000 0.850000 2.865661405910e-01 -1.203183561584e+00 1.236839e+00
0.900000 0.875000 2.934532139055e-01 -1.163430898132e+00 1.199869e+00
0.900000 0.900000 2.996604675484e-01 -1.125460899375e+00 1.164671e+00
0.900000 0.925000 3.052632677144e-01 -1.089113716660e+00 1.131085e+00
0.900000 0.950000 3.103303202678e-01 -1.054243688048e+00 1.098970e+00
0.900000 0.975000 3.149252415050e-01 -1.020717961413e+00 1.068196e+00
0.900000 1.000000 3.191078311204e-01 -9.884154528567e-01 1.038651e+00
0.900000 1.025000 3.229350585319e-01 -9.572260756683e-01 1.010232e+00
0.900000 1.050000 3.264617771529e-01 -9.270501745756e-01 9.828526e-01
0.900000 1.075000 3.297411869902e-01 -8.977981028485e-01 9.564365e-01
0.900000 1.100000 3.328250721981e-01 -8.693898857770e-01 9.309196e-01
0.900000 1.125000 3.357638455098e-01 -8.417549223566e-01 9.062498e-01
0.900000 1.150000 3.386064349091e-01 -8.148316867365e-01 8.823860e-01
0.900000 1.175000 3.414000491426e-01 -7.885674010745e-01 8.592977e-01
0.900000 1.200000 3.441898577973e-01 -7.629176609898e-01 8.369648e-01
0.900000 1.225000 3.470186190969e-01 -7.378460031250e-01 8.153764e-01
0.900000 1.250000 3.499262848914e-01 -7.133234110528e-01 7.945305e-01
0.900000 1.275000 3.529496081632e-01 -6.893277608263e-01 7.744328e-01
0.900000 1.300000 3.561217742661e-01 -6.658432110602e-01 7.550960e-01
0.900000 1.325000 3.594720734084e-01 -6.428595449116e-01 7.365382e-01
0.900000 1.350000 3.630256287152e-01 -6.203714731190e-01 7.187826e-01
0.900000 1.375000 3.668031914803e-01 -5.983779087408e-01 7.018552e-01
0.900000 1.400000 3.708210127192e-01 -5.768812256516e-01 6.857843e-01
0.900000 1.425000 3.750907975705e-01 -5.558865142855e-01 6.705989e-01
0.900000 1.450000 3.796197461878e-01 -5.354008494397e-01 6.563271e-01
0.900000 1.475000 3.844106813638e-01 -5.154325859248e-01 6.429948e-01
0.900000 1.500000 3.894622592266e-01 -4.959906981178e-01 6.306248e-01
0.900000 1.525000 3.947692551573e-01 -4.770841787230e-01 6.192351e-01
0.900000 1.550000 4.003229129425e-01 -4.587215100409e-01 6.088381e-01
0.900000 1.575000 4.061113415905e-01 -4.409102177227e-01 5.994399e-01
0.900000 1.600000 4.121199417073e-01 -4.236565125083e-01 5.910395e-01
0.900000 1.625000 4.183318422967e-01 -4.069650201755e-01 5.836284e-01
0.900000 1.650000 4.247283296041e-01 -3.908385944229e-01 5.771906e-01
0.900000 1.675000 4.312892522321e-01 -3.752782023316e-01 5.717028e-01
0.900000 1.700000 4.379933910137e-01 -3.602828680673e-01 5.671349e-01
0.900000 1.725000 4.448187875836e-01 -3.458496581717e-01 5.634499e-01
0.900000 1.750000 4.517430315785e-01 -3.319736915318e-01 5.606053e-01
0.900000 1.775000 4.587435121492e-01 -3.186481590141e-01 5.585537e-01
0.900000 1.800000 4.657976441809e-01 -3.058643416272e-01 5.572436e-01
0.900000 1.825000 4.728830826271e-01 -2.936116214522e-01 5.566203e-01
0.900000 1.850000 4.799779391841e-01 -2.818774857432e-01 5.566271e-01
0.900000 1.875000 4.870610140003e-01 -2.706475307111e-01 5.572060e-01
0.900000 1.900000 4.941120513581e-01 -2.599054766841e-01 5.582988e-01
0.900000 1.925000 5.011120227646e-01 -2.496332098311e-01 5.598482e-01
0.900000 1.950000 5.080434343420e-01 -2.398108668809e-01 5.617983e-01
0.900000 1.975000 5.148906487016e-01 -2.304169780230e-01 5.640961e-01
0.900000 2.000000 5.216402055335e-01 -2.214286795096e-01 5.666914e-01
0.900000 2.025000 5.282811207742e-01 -2.128220018102e-01 5.695385e-01
0.900000 2.050000 5.348051420477e-01 -2.045722321813e-01 5.725961e-01
0.900000 2.075000 5.412069384473e-01 -1.966543430644e-01 5.758280e-01
0.900000 2.100000 5.474842056410e-01 -1.890434707433e-01 5.792032e-01
0.900000 2.125000 5.536376724061e-01 -1.817154230248e-01 5.826965e-01
0.900000 2.150000 5.596710014245e-01 -1.746471910326e-01 5.862877e-01
0.900000 2.175000 5.655905847043e-01 -1.678174389190e-01 5.899622e-01
0.900000 2.200000 5.714052414561e-01 -1.612069465002e-01 5.937101e-01
0.900000 2.225000 5.771258328231e-01 -1.547989832721e-01 5.975257e-01
0.900000 2.250000 5.827648128605e-01 -1.485795974742e-01 6.014073e-01
0.900000 2.275000 5.883357381628e-01 -1.425378101554e-01 6.053561e-01
0.900000 2.300000 5.938527593769e-01 -1.366657107906e-01 6.093756e-01
0.900000 2.325000 5.993301166654e-01 -1.309584571685e-01 6.134710e-01
0.900000 2.350000 6.047816583529e-01 -1.254141874087e-01 6.176484e-01
0.900000 2.375000 6.102203980568e-01 -1.200338556716e-01 6.219140e-01
0.900000 2.400000 6.156581211650e-01 -1.148210052384e-01 6.262737e-01
0.900000 2.425000 6.211050471799e-01 -1.097814932299e-01 6.307325e-01
0.900000 2.450000 6.265695506536e-01 -1.049231805883e-01 6.352938e-01
0.900000 2.475000 6.320579405069e-01 -1.002555994558e-01 6.399597e-01
0.900000 2.500000 6.375742955387e-01 -9.578960819834e-02 6.447299e-01
0.900000 2.525000 6.431203528191e-01 -9.153704243637e-02 6.496020e-01
0.900000 2.550000 6.486954451796e-01 -8.751036884867e-02 6.545715e-01
0.900000 2.575000 6.542964838766e-01 -8.372234733892e-02 6.596312e-01
0.900000 2.600000 6.599179824140e-01 -8.018570636452e-02 6.647718e-01
0.900000 2.625000 6.655521172593e-01 -7.691283566610e-02 6.699815e-01
0.900000 2.650000 6.711888206907e-01 -7.391550005232e-02 6.752466e-01
0.900000 2.675000 6.768159003490e-01 -7.120457704682e-02 6.805511e-01
0.900000 2.700000 6.824191794478e-01 -6.878981991376e-02 6.858775e-01
0.900000 2.725000 6.879826513186e-01 -6.667964581122e-02 6.912064e-01
0.900000 2.750000 6.934886423544e-01 -6.488094670424e-02 6.965171e-01
0.900000 2.775000 6.989179787177e-01 -6.339891850881e-02 7.017875e-01
0.900000 2.800000 7.042501544858e-01 -6.223690217159e-02 7.069948e-01
0.900000 2.825000 7.094635021221e-01 -6.139622950429e-02 7.121151e-01
0.900000 2.850000 7.145353699309e-01 -6.087606704684e-02 7.171239e-01
0.900000 2.875000 7.194423149276e-01 -6.067325333449e-02 7.219962e-01
0.900000 2.900000 7.241603226412e-01 -6.078212876621e-02 7.267067e-01
0.900000 2.925000 7.286650669979e-01 -6.119436258821e-02 7.312301e-01
0.900000 2.950000 7.329322229785e-01 -6.189878778181e-02 7.355414e-01
0.900000 2.975000 7.369378417217e-01 -6.288126105424e-02 7.396157e-01
0.900000 3.000000 7.406587920574e-01 -6.412457067467e-02 7.434295e-01
0.900000 3.025000 7.440732643585e-01 -6.560841850464e-02 7.469602e-01
0.900000 3.050000 7.471613228031e-01 -6.730950328389e-02 7.501871e-01
0.900000 3.075000 7.499054816915e-01 -6.920172935067e-02 7.530917e-01
0.900000 3.100000 7.522912717076e-01 -7.125655820812e-02 7.556584e-01
0.900000 3.125000 7.543077543869e-01 -7.344350990872e-02 7.578748e-01
0.900000 3.150000 7.559479388922e-01 -7.573080785709e-02 7.597318e-01
0.900000 3.175000 7.572090555870e-01 -7.808614556765e-02 7.612247e-01
0.900000 3.200000 7.580926464183e-01 -8.047753876344e-02 7.623523e-01
0.900000 3.225000 7.586044428040e-01 -8.287421277235e-02 7.631178e-01
0.900000 3.250000 7.587540169187e-01 -8.524746524463e-02 7.635279e-01
0.900000 3.275000 7.585542107440e-01 -8.757143929856e-02 7.635923e-01
0.900000 3.300000 7.580203672324e-01 -8.982374334262e-02 7.633238e-01
0.900000 3.325000 7.571694073484e-01 -9.198586142273e-02 7.627365e-01
0.900000 3.350000 7.560188134544e-01 -9.404331167150e-02 7.618455e-01
0.900000 3.375000 7.545855915089e-01 -9.598552922991e-02 7.606659e-01
0.900000 3.400000 7.528852903302e-01 -9.780547216795e-02 7.592115e-01
0.900000 3.425000 7.509311548210e-01 -9.949897228913e-02 7.574943e-01
0.900000 3.450000 7.487334814494e-01 -1.010638748933e-01 7.555235e-01
0.900000 3.475000 7.462992290908e-01 -1.024990302743e-01 7.533051e-01
0.900000 3.500000 7.436319179917e-01 -1.038032129803e-01 7.508419e-01
0.900000 3.525000 7.407318261198e-01 -1.049740512601e-01 7.481331e-01
0.900000 3.550000 7.375964678813e-01 -1.060070480182e-01 7.451752e-01
0.900000 3.575000 7.342213175461e-01 -1.068947661653e-01 7.419619e-01
0.900000 3.600000 7.306007209772e-01 -1.076262364618e-01 7.384855e-01
0.900000 3.625000 7.267289261472e-01 -1.081866264429e-01 7.347376e-01
0.900000 3.650000 7.226011565792e-01 -1.085571868996e-01 7.307100e-01
0.900000 3.675000 7.182146525661e-01 -1.087154699958e-01 7.263961e-01
0.900000 3.700000 7.135696123672e-01 -1.086357926689e-01 7.217917e-01
0.900000 3.725000 7.086699783699e-01 -1.082899024224e-01 7.168960e-01
0.900000 3.750000 7.035240297630e-01 -1.076477913306e-01 7.117121e-01
0.900000 3.775000 6.981447615758e-01 -1.066785987586e-01 7.062481e-01
0.900000 3.800000 6.925500479764e-01 -1.053515439064e-01 7.005173e-01
0.900000 3.825000 6.867626036381e-01 -1.036368351467e-01 6.945383e-01
0.900000 3.850000 6.808097693593e-01 -1.015065129878e-01 6.883353e-01
0.900000 3.875000 6.747231560928e-01 -9.893519581049e-02 6.819381e-01
0.900000 3.900000 6.685381848525e-01 -9.590071059199e-02 6.753816e-01
0.900000 3.925000 6.622935589587e-01 -9.238460309020e-02 6.687060e-01
0.900000 3.950000 6.560307005873e-01 -8.837253212091e-02 6.619562e-01
0.900000 3.975000 6.497931767481e-01 -8.385455980538e-02 6.551815e-01
0.900000 4.000000 6.436261319291e-01 -7.882535364297e-02 6.484351e-01
0.900000 4.025000 6.375757369184e-01 -7.328431713889e-02 6.417736e-01
0.900000 4.050000 6.316886567706e-01 -6.723566402905e-02 6.352568e-01
0.900000 4.075000 6.260115361579e-01 -6.068844772427e-02 6.289464e-01
0.900000 4.100000 6.205904977178e-01 -5.365655336727e-02 6.229058e-01
0.900000 4.125000 6.154706483589e-01 -4.615865572669e-02 6.171991e-01
0.900000 4.150000 6.106955893932e-01 -3.821814273297e-02 6.118903e-01
0.900000 4.175000 6.063069282332e-01 -2.986300218265e-02 6.070419e-01
0.900000 4.200000 6.023437915743e-01 -2.112566810058e-02 6.027141e-01
0.900000 4.225000 5.988423419157e-01 -1.204282325692e-02 5.989634e-01
0.900000 4.250000 5.958353005945e-01 -2.655154995020e-03 5.958412e-01
0.900000 4.275000 5.933514810945e-01 6.992937648424e-03 5.933927e-01
0.900000 4.300000 5.914153363965e-01 1.685368700935e-02 5.916554e-01
0.900000 4.325000 5.900465239030e-01 2.687635157244e-02 5.906583e-01
0.900000 4.350000 5.892594914668e-01 3.700766469088e-02 5.904205e-01
0.900000 4.375000 5.890630887418e-01 4.719234067018e-02 5.909505e-01
0.900000 4.400000 5.894602097938e-01 5.737364288351e-02 5.922458e-01
0.900000 4.425000 5.904474757653e-01 6.749401931067e-02 5.942926e-01
0.900000 4.450000 5.920149702088e-01 7.749581047046e-02 5.970656e-01
0.900000 4.475000 5.941460439989e-01 8.732203260458e-02 6.005286e-01
0.900000 4.500000 5.968172108042e-01 9.691723484901e-02 6.046352e-01
0.900000 4.525000 5.999981570381e-01 1.062284229842e-01 6.093294e-01
0.900000 4.550000 6.036518911885e-01 1.152060345567e-01 6.145470e-01
0.900000 4.575000 6.077350556702e-01 1.238049414304e-01 6.202174e-01
0.900000 4.600000 6.121984194613e-01 1.319854471761e-01 6.262644e-01
0.900000 4.625000 6.169875617244e-01 1.397142393232e-01 6.326087e-01
0.900000 4.650000 6.220437458055e-01 1.469652515541e-01 6.391692e-01
0.900000 4.675000 6.273049703302e-01 1.537203894263e-01 6.458649e-01
0.900000 4.700000 6.327071708011e-01 1.599700758123e-01 6.526169e-01
0.900000 4.725000 6.381855325957e-01 1.657135791272e-01 6.593495e-01
0.900000 4.750000 6.436758660447e-01 1.709590982278e-01 6.659922e-01
0.900000 4.775000 6.491159876386e-01 1.757235917142e-01 6.724807e-01
0.900000 4.800000 6.544470492925e-01 1.800323549404e-01 6.787581e-01
0.900000 4.825000 6.596147604293e-01 1.839183637200e-01 6.847756e-01
0.900000 4.850000 6.645704552286e-01 1.874214178291e-01 6.904931e-01
0.900000 4.875000 6.692719689762e-01 1.905871283972e-01 6.958796e-01
0.900000 4.900000 6.736843017453e-01 1.934657999666e-01 7.009134e-01
0.900000 4.925000 6.777800630089e-01 1.961112597139e-01 7.055816e-01
0.900000 4.950000 6.815397054428e-01 1.985796830374e-01 7.098805e-01
0.900000 4.975000 6.849515684431e-01 2.009284570200e-01 7.138143e-01
0.900000 5.000000 6.880117603945e-01 2.032151123586e-01 7.173957e-01
0.900000 5.025000 6.907239126385e-01 2.054963418025e-01 7.206443e-01
0.900000 5.050000 6.930988372093e-01 2.078271107543e-01 7.235870e-01
0.900000 5.075000 6.951541151947e-01 2.102598552064e-01 7.262565e-01
0.900000 5.100000 6.969136341243e-01 2.128437550646e-01 7.286913e-01
0.900000 5.125000 6.984070826508e-01 2.156240680919e-01 7.309351e-01
0.900000 5.150000 6.996694007671e-01 2.186415114970e-01 7.330357e-01
0.900000 5.175000 7.007401756935e-01 2.219316841794e-01 7.350445e-01
0.900000 5.200000 7.016629689216e-01 2.255245317844e-01 7.370158e-01
0.900000 5.225000 7.024845597407e-01 2.294438674202e-01 7.390054e-01
0.900000 5.250000 7.032540952874e-01 2.337069712707e-01 7.410704e-01
0.900000 5.275000 7.040221463915e-01 2.383243004728e-01 7.432669e-01
0.900000 5.300000 7.048396811692e-01 2.432993448098e-01 7.456497e-01
0.900000 5.325000 7.057569827810e-01 2.486286628059e-01 7.482708e-01
0.900000 5.350000 7.068225519858e-01 2.543021261377e-01 7.511775e-01
0.900000 5.375000 7.080820469337e-01 2.603033881753e-01 7.544124e-01
0.900000 5.400000 7.095773200778e-01 2.666105759319e-01 7.580113e-01
0.900000 5.425000 7.113456136270e-01 2.731971854829e-01 7.620035e-01
0.900000 5.450000 7.134189697862e-01 2.800331411776e-01 7.664106e-01
0.900000 5.475000 7.158239001120e-01 2.870859611488e-01 7.712472e-01
0.900000 5.500000 7.185813405138e-01 2.943219580311e-01 7.765208e-01
0.900000 5.525000 7.217068963954e-01 3.017073963766e-01 7.822328e-01
0.900000 5.550000 7.252113584119e-01 3.092095282625e-01 7.883794e-01
0.900000 5.575000 7.291014459349e-01 3.167974364762e-01 7.949525e-01
0.900000 5.600000 7.333807152344e-01 3.244426299243e-01 8.019416e-01
0.900000 5.625000 7.380505549676e-01 3.321193571644e-01 8.093342e-01
0.900000 5.650000 7.431111846201e-01 3.398046290347e-01 8.171178e-01
0.900000 5.675000 7.485625730390e-01 3.474779675899e-01 8.252799e-01
0.900000 5.700000 7.544052041475e-01 3.551209230381e-01 8.338094e-01
0.900000 5.725000 7.606406343598e-01 3.627164203487e-01 8.426965e-01
0.900000 5.750000 7.672718092392e-01 3.702480103676e-01 8.519329e-01
0.900000 5.775000 7.743031329822e-01 3.776991050613e-01 8.615114e-01
0.900000 5.800000 7.817403103782e-01 3.850522723317e-01 8.714259e-01
0.900000 5.825000 7.895900039201e-01 3.922886531379e-01 8.816704e-01
0.900000 5.850000 7.978593659769e-01 3.993875439121e-01 8.922387e-01
0.900000 5.875000 8.065555152437e-01 4.063261628178e-01 9.031239e-01
0.900000 5.900000 8.156850268483e-01 4.130795922512e-01 9.143177e-01
0.900000 5.925000 8.252534963601e-01 4.196208653868e-01 9.258105e-01
0.900000 5.950000 8.352652205088e-01 4.259211447049e-01 9.375910e-01
0.900000 5.975000 8.457230137082e-01 4.319499279938e-01 9.496463e-01
0.900000 6.000000 8.566281523793e-01 4.376752141975e-01 9.619623e-01
0.900000 6.025000 8.679804119898e-01 4.430635684932e-01 9.745231e-01
0.900000 6.050000 8.797781382577e-01 4.480800427588e-01 9.873122e-01
0.900000 6.075000 8.920182774131e-01 4.526879325132e-01 1.000311e+00
0.900000 6.100000 9.046962834301e-01 4.568483818239e-01 1.013502e+00
0.900000 6.125000 9.178058243796e-01 4.605198800458e-01 1.026862e+00
0.900000 6.150000 9.313382259191e-01 4.636577246494e-01 1.040370e+00
0.900000 6.175000 9.452816164640e-01 4.662135488195e-01 1.053998e+00
0.900000 6.200000 9.596197735100e-01 4.681350274233e-01 1.067717e+00
0.900000 6.225000 9.743307104748e-01 4.693658776816e-01 1.081492e+00
0.900000 6.250000 9.893850840869e-01 4.698462599726e-01 1.095280e+00
0.900000 6.275000 1.004744539167e+00 4.695136596445e-01 1.109033e+00
0.900000 6.300000 1.020360136149e+00 4.683042940465e-01 1.122695e+00
0.900000 6.325000 1.036171022991e+00 4.661550431753e-01 1.136200e+00
0.900000 6.350000 1.052103514509e+00 4.630058515572e-01 1.149476e+00
0.900000 6.375000 1.068070727236e+00 4.588024982245e-01 1.162443e+00
0.900000 6.400000 1.083972887054e+00 4.534995861709e-01 1.175015e+00
0.900000 6.425000 1.099698382154e+00 4.470635675069e-01 1.187098e+00
0.900000 6.450000 1.115125578919e+00 4.394755998840e-01 1.198601e+00
0.900000 6.475000 1.130125358037e+00 4.307340264952e-01 1.209428e+00
0.900000 6.500000 1.144564268272e+00 4.208562873023e-01 1.219487e+00
0.900000 6.525000 1.158308141583e+00 4.098801024097e-01 1.228690e+00
0.900000 6.550000 1.171225971323e+00 3.978638171427e-01 1.236958e+00
0.900000 6.575000 1.183193829399e+00 3.848858581654e-01 1.244221e+00
0.900000 6.600000 1.194098591415e+00 3.710433153831e-01 1.250418e+00
0.900000 6.625000 1.203841252089e+00 3.564497292009e-01 1.255504e+00
0.900000 6.650000 1.212339645385e+00 3.412322206595e-01 1.259447e+00
0.900000 6.675000 1.219530432004e+00 3.255281473778e-01 1.262229e+00
0.900000 6.700000 1.225370276157e+00 3.094814966767e-01 1.263848e+00
0.900000 6.725000 1.229836198235e+00 2.932392360628e-01 1.264313e+00
0.900000 6.750000 1.232925153240e+00 2.769478298272e-01 1.263647e+00
0.900000 6.775000 1.234652940552e+00 2.607501004167e-01 1.261887e+00
0.900000 6.800000 1.235052593094e+00 2.447825680563e-01 1.259076e+00
0.900000 6.825000 1.234172419171e+00 2.291733470257e-01 1.255270e+00
0.900000 6.850000 1.232073876217e+00 2.140406182764e-01 1.250528e+00
0.900000 6.875000 1.228829442355e+00 1.994916422825e-01 1.244917e+00
0.900000 6.900000 1.224520621435e+00 1.856222293039e-01 1.238510e+00
0.900000 6.925000 1.219236174275e+00 1.725165516041e-01 1.231381e+00
0.900000 6.950000 1.213070618755e+00 1.602471668835e-01 1.223609e+00
0.900000 6.975000 1.206122990745e+00 1.488751254122e-01 1.215276e+00
0.900000 7.000000 1.198495812824e+00 1.384500539859e-01 1.206466e+00
0.900000 7.025000 1.190294184090e+00 1.290101446422e-01 1.197265e+00
0.900000 7.050000 1.181624886207e+00 1.205820201359e-01 1.187762e+00
0.900000 7.075000 1.172595400284e+00 1.131804953902e-01 1.178045e+00
0.900000 7.100000 1.163312746284e+00 1.068082980749e-01 1.168206e+00
0.900000 7.125000 1.153882089038e+00 1.014558460811e-01 1.158334e+00
0.900000 7.150000 1.144405098381e+00 9.710120010396e-02 1.148517e+00
0.900000 7.175000 1.134978099662e+00 9.371031273185e-02 1.138840e+00
0.900000 7.200000 1.125690098643e+00 9.123768044902e-02 1.129381e+00
0.900000 7.225000 1.116620804979e+00 8.962747317846e-02 1.120212e+00
0.900000 7.250000 1.107838805844e+00 8.881517092615e-02 1.111393e+00
0.900000 7.275000 1.099400051573e+00 8.872968395399e-02 1.102975e+00
0.900000 7.300000 1.091346806735e+00 8.929587799418e-02 1.094994e+00
0.900000 7.325000 1.083707193002e+00 9.043737591675e-02 1.087474e+00
0.900000 7.350000 1.076495407223e+00 9.207946804015e-02 1.080426e+00
0.900000 7.375000 1.069712643716e+00 9.415193979052e-02 1.073848e+00
0.900000 7.400000 1.063348689844e+00 9.659162066049e-02 1.067727e+00
0.900000 7.425000 1.057384104982e+00 9.934447322828e-02 1.062041e+00
0.900000 7.450000 1.051792841423e+00 1.023670739518e-01 1.056763e+00
0.900000 7.475000 1.046545127133e+00 1.056273850417e-01 1.051862e+00
0.900000 7.500000 1.041610408461e+00 1.091047738640e-01 1.047309e+00
0.900000 7.525000 1.036960148021e+00 1.127892969449e-01 1.043076e+00
0.900000 7.550000 1.032570288748e+00 1.166803234632e-01 1.039142e+00
0.900000 7.575000 1.028423227363e+00 1.207846223583e-01 1.035492e+00
0.900000 7.600000 1.024509185234e+00 1.251140732823e-01 1.032120e+00
0.900000 7.625000 1.020826916682e+00 1.296831817138e-01 1.029031e+00
0.900000 7.650000 1.017383748510e+00 1.345065816835e-01 1.026237e+00
0.900000 7.675000 1.014194994508e+00 1.395966967830e-01 1.023757e+00
0.900000 7.700000 1.011282830250e+00 1.449617041450e-01 1.021620e+00
0.900000 7.725000 1.008674743480e+00 1.506039109074e-01 1.019856e+00
0.900000 7.750000 1.006401692145e+00 1.565186129226e-01 1.018500e+00
0.900000 7.775000 1.004496105964e+00 1.626934658219e-01 1.017586e+00
0.900000 7.800000 1.002989859898e+00 1.691083630226e-01 1.017146e+00
0.900000 7.825000 1.001912332072e+00 1.757357868329e-01 1.017208e+00
0.900000 7.850000 1.001288638049e+00 1.825415790076e-01 1.017792e+00
0.900000 7.875000 1.001138111551e+00 1.894860659902e-01 1.018912e+00
0.900000 7.900000 1.001473081870e+00 1.965254703618e-01 1.020574e+00
0.900000 7.925000 1.002297982498e+00 2.036135413893e-01 1.022771e+00
0.900000 7.950000 1.003608814856e+00 2.107033412160e-01 1.025488e+00
0.900000 7.975000 1.005392985022e+00 2.177491263674e-01 1.028703e+00
0.900000 8.000000 1.007629528507e+00 2.247082646018e-01 1.032381e+00
0.900000 8.025000 1.010289735976e+00 2.315431234739e-01 1.036483e+00
0.900000 8.050000 1.013338188692e+00 2.382228592810e-01 1.040963e+00
0.900000 8.075000 1.016734203701e+00 2.447250246074e-01 1.045772e+00
0.900000 8.100000 1.020433673686e+00 2.510369018962e-01 1.050859e+00
0.900000 8.125000 1.024391264256e+00 2.571564625251e-01 1.056176e+00
0.900000 8.150000 1.028562902934e+00 2.630928491820e-01 1.061678e+00
0.900000 8.175000 1.032908461538e+00 2.688662870095e-01 1.067328e+00
0.900000 8.200000 1.037394500469e+00 2.745073481997e-01 1.073099e+00
0.900000 8.225000 1.041996913936e+00 2.800555262685e-01 1.078976e+00
0.900000 8.250000 1.046703294143e+00 2.855571192224e-01 1.084957e+00
0.900000 8.275000 1.051514824176e+00 2.910624726048e-01 1.091055e+00
0.900000 8.300000 1.056447517210e+00 2.966226897062e-01 1.097300e+00
0.900000 8.325000 1.061532645424e+00 3.022859716066e-01 1.103734e+00
0.900000 8.350000 1.066816245638e+00 3.080937981311e-01 1.110414e+00
0.900000 8.375000 1.072357647810e+00 3.140771963101e-01 1.117406e+00
0.900000 8.400000 1.078227043001e+00 3.202533604503e-01 1.124783e+00
0.900000 8.425000 1.084502183245e+00 3.266228838927e-01 1.132620e+00
0.900000 8.450000 1.091264380058e+00 3.331678354586e-01 1.140990e+00
0.900000 8.475000 1.098594033609e+00 3.398508643150e-01 1.149960e+00
0.900000 8.500000 1.106565974242e+00 3.466154487744e-01 1.159582e+00
0.900000 8.525000 1.115244926258e+00 3.533873227582e-01 1.169895e+00
0.900000 8.550000 1.124681407163e+00 3.600770253143e-01 1.180916e+00
0.900000 8.575000 1.134908352597e+00 3.665834316340e-01 1.192644e+00
0.900000 8.600000 1.145938709228e+00 3.727980465063e-01 1.205053e+00
0.900000 8.625000 1.157764168853e+00 3.786097803807e-01 1.218098e+00
0.900000 8.650000 1.170355132735e+00 3.839098899506e-01 1.231713e+00
0.900000 8.675000 1.183661903382e+00 3.885967530327e-01 1.245818e+00
0.900000 8.700000 1.197617009757e+00 3.925801625968e-01 1.260320e+00
0.900000 8.725000 1.212138489502e+00 3.957848655291e-01 1.275118e+00
0.900000 8.750000 1.227133885462e+00 3.981531340673e-01 1.290110e+00
0.900000 8.775000 1.242504669076e+00 3.996462357753e-01 1.305195e+00
0.900000 8.800000 1.258150783602e+00 4.002447540051e-01 1.320280e+00
0.900000 8.825000 1.273975006318e+00 3.999477970152e-01 1.335279e+00
0.900000 8.850000 1.289886859334e+00 3.987712125291e-01 1.350121e+00
0.900000 8.875000 1.305805849253e+00 3.967449888079e-01 1.364747e+00
0.900000 8.900000 1.321663881127e+00 3.939100682804e-01 1.379116e+00
0.900000 8.925000 1.337406764795e+00 3.903148225588e-01 1.393199e+00
0.900000 8.950000 1.352994804692e+00 3.860114377790e-01 1.406983e+00
0.900000 8.975000 1.368402530628e+00 3.810524384769e-01 1.420467e+00
0.900000 9.000000 1.383617681081e+00 3.754875404469e-01 1.433663e+00
0.900000 9.025000 1.398639588236e+00 3.693609735855e-01 1.446589e+00
0.900000 9.050000 1.413477133244e+00 3.627093607311e-01 1.459272e+00
0.900000 9.075000 1.428146441083e+00 3.555601842938e-01 1.471742e+00
0.900000 9.100000 1.442668469116e+00 3.479308247019e-01 1.484031e+00
0.900000 9.125000 1.457066615757e+00 3.398281178926e-01 1.496171e+00
0.900000 9.150000 1.471364440485e+00 3.312483560927e-01 1.508191e+00
0.900000 9.175000 1.485583549243e+00 3.221776479227e-01 1.520117e+00
0.900000 9.200000 1.499741665312e+00 3.125925594525e-01 1.531972e+00
0.900000 9.225000 1.513850879504e+00 3.024609745589e-01 1.543770e+00
0.900000 9.250000 1.527916058177e+00 2.917431367901e-01 1.555520e+00
0.900000 9.275000 1.541933384637e+00 2.803928611546e-01 1.567220e+00
0.900000 9.300000 1.555889018612e+00 2.683589279107e-01 1.578863e+00
0.900000 9.325000 1.569757877754e+00 2.555866870766e-01 1.590429e+00
0.900000 9.350000 1.583502570897e+00 2.420199086163e-01 1.601891e+00
0.900000 9.375000 1.597072540758e+00 2.276029071379e-01 1.613209e+00
0.900000 9.400000 1.610403498898e+00 2.122829512569e-01 1.624335e+00
0.900000 9.425000 1.623417253389e+00 1.960129380879e-01 1.635208e+00
0.900000 9.450000 1.636022035805e+00 1.787542757993e-01 1.645759e+00
0.900000 9.475000 1.648113426259e+00 1.604798762098e-01 1.655908e+00
0.900000 9.500000 1.659575952223e+00 1.411771201920e-01 1.665570e+00
0.900000 9.525000 1.670285399701e+00 1.208506264689e-01 1.674652e+00
0.900000 9.550000 1.680111826557e+00 9.952463407592e-02 1.683057e+00
0.900000 9.575000 1.688923211643e+00 7.724480406040e-02 1.690689e+00
0.900000 9.600000 1.696589615153e+00 5.407925914264e-02 1.697451e+00
0.900000 9.625000 1.702987671134e+00 3.011871144852e-02 1.703254e+00
0.900000 9.650000 1.708005188193e+00 5.475576516088e-03 1.708014e+00
0.900000 9.675000 1.711545604168e+00 -1.971796678838e-02 1.711659e+00
0.900000 9.700000 1.713532028730e+00 -4.531294090575e-02 1.714131e+00
0.900000 9.725000 1.713910616710e+00 -7.114745675244e-02 1.715387e+00
0.900000 9.750000 1.712653044542e+00 -9.705135268555e-02 1.715401e+00
0.900000 9.775000 1.709757910837e+00 -1.228513556965e-01 1.714166e+00
0.900000 9.800000 1.705250946175e+00 -1.483764916260e-01 1.711694e+00
0.900000 9.825000 1.699183991563e+00 -1.734634466976e-01 1.708015e+00
0.900000 9.850000 1.691632783871e+00 -1.979615795445e-01 1.703177e+00
0.900000 9.875000 1.682693663306e+00 -2.217373014550e-01 1.697241e+00
0.900000 9.900000 1.672479386837e+00 -2.446775811924e-01 1.690282e+00
0.900000 9.925000 1.661114286929e+00 -2.666923861425e-01 1.682387e+00
0.900000 9.950000 1.648729053249e+00 -2.877159390969e-01 1.673645e+00
0.900000 9.975000 1.635455433724e+00 -3.077067442228e-01 1.664151e+00
0.900000 10.000000 1.621421149893e+00 -3.266464109912e-01 1.653997e+00
0.900000 10.025000 1.606745300985e+00 -3.445373755422e-01 1.643270e+00
0.900000 10.050000 1.591534494076e+00 -3.613996804676e-01 1.632051e+00
0.900000 10.075000 1.575879887648e+00 -3.772670226497e-01 1.620410e+00
0.900000 10.100000 1.559855277110e+00 -3.921823123051e-01 1.608402e+00
0.900000 10.125000 1.543516287902e+00 -4.061930038139e-01 1.596069e+00
0.900000 10.150000 1.526900678791e+00 -4.193464605563e-01 1.583438e+00
0.900000 10.175000 1.510029698744e+00 -4.316856032159e-01 1.570523e+00
0.900000 10.200000 1.492910388100e+00 -4.432450659173e-01 1.557321e+00
0.900000 10.225000 1.475538670867e+00 -4.540480496825e-01 1.543818e+00
0.900000 10.250000 1.457903051044e+00 -4.641040206535e-01 1.529991e+00
0.900000 10.275000 1.439988702437e+00 -4.734073538656e-01 1.515811e+00
0.900000 10.300000 1.421781728616e+00 -4.819369743494e-01 1.501242e+00
0.900000 10.325000 1.403273367109e+00 -4.896569979285e-01 1.486250e+00
0.900000 10.350000 1.384463919184e+00 -4.965183259827e-01 1.470806e+00
0.900000 10.375000 1.365366203151e+00 -5.024611031688e-01 1.454886e+00
0.900000 10.400000 1.346008354484e+00 -5.074179061046e-01 1.438475e+00
0.900000 10.425000 1.326435829394e+00 -5.113174958699e-01 1.421576e+00
0.900000 10.450000 1.306712509119e+00 -5.140889394502e-01 1.404203e+00
0.900000 10.475000 1.286920848565e+00 -5.156658866702e-01 1.386390e+00
0.900000 10.500000 1.267161063449e+00 -5.159907812861e-01 1.368190e+00
0.900000 10.525000 1.247549402175e+00 -5.150187891003e-01 1.349675e+00
0.900000 10.550000 1.228215599403e+00 -5.127212429468e-01 1.330938e+00
0.900000 10.575000 1.209299654204e+00 -5.090884341438e-01 1.312089e+00
0.900000 10.600000 1.190948113184e+00 -5.041316213881e-01 1.293254e+00
0.900000 10.625000 1.173310064658e+00 -4.978841787990e-01 1.274576e+00
0.900000 10.650000 1.156533061049e+00 -4.904018614704e-01 1.256210e+00
0.900000 10.675000 1.140759181434e+00 -4.817622250497e-01 1.238316e+00
0.900000 10.700000 1.126121424370e+00 -4.720632905378e-01 1.221062e+00
0.900000 10.725000 1.112740583997e+00 -4.614215915715e-01 1.204617e+00
0.900000 10.750000 1.100722713195e+00 -4.499697742887e-01 1.189144e+00
0.900000 10.775000 1.090157220661e+00 -4.378539359331e-01 1.174802e+00
0.900000 10.800000 1.081115589988e+00 -4.252308856833e-01 1.161737e+00
0.900000 10.825000 1.073650654380e+00 -4.122654898469e-01 1.150082e+00
0.900000 10.850000 1.067796316585e+00 -3.991282257170e-01 1.139953e+00
0.900000 10.875000 1.063567575104e+00 -3.859930182572e-01 1.131444e+00
0.900000 10.900000 1.060960708276e+00 -3.730353772278e-01 1.124630e+00
0.900000 10.925000 1.059953478733e+00 -3.604307962503e-01 1.119559e+00
0.900000 10.950000 1.060505250943e+00 -3.483533267297e-01 1.116253e+00
0.900000 10.975000 1.062556960429e+00 -3.369742049241e-01 1.114710e+00
0.900000 11.000000 1.066030929208e+00 -3.264603946770e-01 1.114898e+00
0.900000 11.025000 1.070830580729e+00 -3.169729140734e-01 1.116759e+00
0.900000 11.050000 1.076840161411e+00 -3.086648415770e-01 1.120205e+00
0.900000 11.075000 1.083924617169e+00 -3.016789432574e-01 1.125123e+00
0.900000 11.100000 1.091929796012e+00 -2.961449222183e-01 1.131376e+00
0.900000 11.125000 1.100683147895e+00 -2.921763570128e-01 1.138802e+00
0.900000 11.150000 1.109995069246e+00 -2.898674593173e-01 1.147219e+00
0.900000 11.175000 1.119660993928e+00 -2.892898340424e-01 1.156430e+00
0.900000 11.200000 1.129464269453e+00 -2.904894600563e-01 1.166222e+00
0.900000 11.225000 1.139179784275e+00 -2.934841214903e-01 1.176377e+00
0.900000 11.250000 1.148578237569e+00 -2.982615057259e-01 1.186673e+00
0.900000 11.275000 1.157430876137e+00 -3.047781453562e-01 1.196886e+00
0.900000 11.300000 1.165514472396e+00 -3.129593216146e-01 1.206801e+00
0.900000 11.325000 1.172616289252e+00 -3.226999726881e-01 1.216209e+00
0.900000 11.350000 1.178538775883e+00 -3.338665706439e-01 1.224917e+00
0.900000 11.375000 1.183103763440e+00 -3.462998549318e-01 1.232744e+00
0.900000 11.400000 1.186155978568e+00 -3.598182477382e-01 1.239530e+00
0.900000 11.425000 1.187565759317e+00 -3.742217344273e-01 1.245132e+00
0.900000 11.450000 1.187230934103e+00 -3.892959758799e-01 1.249427e+00
0.900000 11.475000 1.185077900225e+00 -4.048164303763e-01 1.252312e+00
0.900000 11.500000 1.181062004325e+00 -4.205522988553e-01 1.253703e+00
0.900000 11.525000 1.175167374763e+00 -4.362701636292e-01 1.253535e+00
0.900000 11.550000 1.167406379158e+00 -4.517372589703e-01 1.251760e+00
0.900000 11.575000 1.157818876647e+00 -4.667243827663e-01 1.248349e+00
0.900000 11.600000 1.146471404611e+00 -4.810085216375e-01 1.243288e+00
0.900000 11.625000 1.133456388393e+00 -4.943753084656e-01 1.236580e+00
0.900000 11.650000 1.118891397204e+00 -5.066214543239e-01 1.228244e+00
0.900000 11.675000 1.102918399818e+00 -5.175572926261e-01 1.218316e+00
0.900000 11.700000 1.085702909984e+00 -5.270095419122e-01 1.206851e+00
0.900000 11.725000 1.067432863518e+00 -5.348243388398e-01 1.193922e+00
0.900000 11.750000 1.048317044755e+00 -5.408705217182e-01 1.179623e+00
0.900000 11.775000 1.028582884046e+00 -5.450430668335e-01 1.164068e+00
0.900000 11.800000 1.008473481630e+00 -5.472665055920e-01 1.147397e+00
0.900000 11.825000 9.882437735834e-01 -5.474980906897e-01 1.129770e+00
0.900000 11.850000 9.681558363532e-01 -5.457304430797e-01 1.111372e+00
0.900000 11.875000 9.484734183348e-01 -5.419934046775e-01 1.092410e+00
0.900000 11.900000 9.294558792547e-01 -5.363548471574e-01 1.073110e+00
0.900000 11.925000 9.113517994310e-01 -5.289202435278e-01 1.053717e+00
0.900000 11.950000 8.943925812659e-01 -5.198308912812e-01 1.034486e+00
0.900000 11.975000 8.787863967425e-01 -5.092607754407e-01 1.015683e+00
0.900000 12.000000 8.647128328041e-01 -4.974121662372e-01 9.975706e-01
0.900000 12.025000 8.523185506661e-01 -4.845101480228e-01 9.804065e-01
0.900000 12.050000 8.417142086407e-01 -4.707963624176e-01 9.644335e-01
0.900000 12.075000 8.329728076739e-01 -4.565223104830e-01 9.498717e-01
0.900000 12.100000 8.261295138643e-01 -4.419425896016e-01 9.369115e-01
0.900000 12.125000 8.211829035247e-01 -4.273084379886e-01 9.257072e-01
0.900000 12.150000 8.180974748072e-01 -4.128619243253e-01 9.163724e-01
0.900000 12.175000 8.168071853355e-01 -3.988310563890e-01 9.089776e-01
0.900000 12.200000 8.172197152649e-01 -3.854259980873e-01 9.035493e-01
0.900000 12.225000 8.192211243344e-01 -3.728364881683e-01 9.000724e-01
0.900000 12.250000 8.226805710546e-01 -3.612304559997e-01 8.984936e-01
0.900000 12.275000 8.274547901883e-01 -3.507537396032e-01 8.987267e-01
0.900000 12.300000 8.333920763011e-01 -3.415307365769e-01 9.006584e-01
0.900000 12.325000 8.403355895246e-01 -3.336657652586e-01 9.041553e-01
0.900000 12.350000 8.481258768179e-01 -3.272448844469e-01 9.090691e-01
0.900000 12.375000 8.566025799098e-01 -3.223379153211e-01 9.152430e-01
0.900000 12.400000 8.656053725588e-01 -3.190004265442e-01 9.225150e-01
0.900000 12.425000 8.749742291497e-01 -3.172754785734e-01 9.307221e-01
0.900000 12.450000 8.845491703546e-01 -3.171949704756e-01 9.397020e-01
0.900000 12.475000 8.941696581168e-01 -3.187804861567e-01 9.492947e-01
0.900000 12.500000 9.036738220609e-01 -3.220435914003e-01 9.593427e-01
0.900000 12.525000 9.128976946243e-01 -3.269855839093e-01 9.696916e-01
0.900000 12.550000 9.216746157634e-01 -3.335967424588e-01 9.801892e-01
0.900000 12.575000 9.298349434388e-01 -3.418551565090e-01 9.906856e-01
0.900000 12.600000 9.372061764820e-01 -3.517252436894e-01 1.001032e+00
0.900000 12.625000 9.436135645790e-01 -3.631560799658e-01 1.011083e+00
0.900000 12.650000 9.488812478678e-01 -3.760796770682e-01 1.020692e+00
0.900000 12.675000 9.528339371463e-01 -3.904093450864e-01 1.029715e+00
0.900000 12.700000 9.552991153719e-01 -4.060382759946e-01 1.038009e+00
0.900000 12.725000 9.561097121608e-01 -4.228384767556e-01 1.045437e+00
0.900000 12.750000 9.551071754700e-01 -4.406601686148e-01 1.051861e+00
0.900000 12.775000 9.521448390717e-01 -4.593317519122e-01 1.057150e+00
0.900000 12.800000 9.470914617493e-01 -4.786604128166e-01 1.061178e+00
0.900000 12.825000 9.398347959329e-01 -4.984334197002e-01 1.063826e+00
0.900000 12.850000 9.302850316979e-01 -5.184201229213e-01 1.064983e+00
0.900000 12.875000 9.183779587583e-01 -5.383746339199e-01 1.064549e+00
0.900000 12.900000 9.040776960667e-01 -5.580391200967e-01 1.062433e+00
0.900000 12.925000 8.873788569109e-01 -5.771476141311e-01 1.058556e+00
0.900000 12.950000 8.683080468038e-01 -5.954302039702e-01 1.052851e+00
0.900000 12.975000 8.469246304341e-01 -6.126174465306e-01 1.045266e+00
0.900000 13.000000 8.233207494046e-01 -6.284448375527e-01 1.035761e+00
0.900000 13.025000 7.976206200698e-01 -6.426571742764e-01 1.024308e+00
0.900000 13.050000 7.699791852638e-01 -6.550126673061e-01 1.010895e+00
0.900000 13.075000 7.405802296381e-01 -6.652866918643e-01 9.955227e-01
0.900000 13.100000 7.096340907542e-01 -6.732751132779e-01 9.782024e-01
0.900000 13.125000 6.773751033875e-01 -6.787971718329e-01 9.589591e-01
0.900000 13.150000 6.440589009974e-01 -6.816979616579e-01 9.378294e-01
0.900000 13.175000 6.099596667674e-01 -6.818505801068e-01 9.148612e-01
0.900000 13.200000 5.753673802876e-01 -6.791580516437e-01 8.901142e-01
0.900000 13.225000 5.405850505426e-01 -6.735551382818e-01 8.636601e-01
0.900000 13.250000 5.059258688296e-01 -6.650101341494e-01 8.355833e-01
0.900000 13.275000 4.717101650457e-01 -6.535267045386e-01 8.059824e-01
0.900000 13.300000 4.382620158193e-01 -6.391457726771e-01 7.749716e-01
0.900000 13.325000 4.059053404134e-01 -6.219473863237e-01 7.426828e-01
0.900000 13.350000 3.749593351459e-01 -6.020524194396e-01 7.092684e-01
0.900000 13.375000 3.457331411408e-01 -5.796238915856e-01 6.749039e-01
0.900000 13.400000 3.185197118717e-01 -5.548676297684e-01 6.397913e-01
0.900000 13.425000 2.935889408960e-01 -5.280319638595e-01 6.041624e-01
0.900000 13.450000 2.711802178540e-01 -4.994061450662e-01 5.682827e-01
0.900000 13.475000 2.514946912468e-01 -4.693172117934e-01 5.324549e-01
0.900000 13.500000 2.346876173915e-01 -4.381250993225e-01 4.970230e-01
0.900000 13.525000 2.208612540167e-01 -4.062158956137e-01 4.623754e-01
0.900000 13.550000 2.100588033378e-01 -3.739932778106e-01 4.289472e-01
0.900000 13.575000 2.022599150008e-01 -3.418683118669e-01 3.972191e-01
0.900000 13.600000 1.973782195625e-01 -3.102479479782e-01 3.677118e-01
0.900000 13.625000 1.952612781036e-01 -2.795226829606e-01 3.409691e-01
0.900000 13.650000 1.956932075920e-01 -2.500539735603e-01 3.175261e-01
0.900000 13.675000 1.984000833425e-01 -2.221620599075e-01 2.978566e-01
0.900000 13.700000 2.030580414283e-01 -1.961148870536e-01 2.823006e-01
0.900000 13.725000 2.093038195619e-01 -1.721187898610e-01 2.709852e-01
0.900000 13.750000 2.167473000685e-01 -1.503115321349e-01 2.637668e-01
0.900000 13.775000 2.249854679465e-01 -1.307581690802e-01 2.602233e-01
0.900000 13.800000 2.336170835262e-01 -1.134500414481e-01 2.597072e-01
0.900000 13.825000 2.422573027581e-01 -9.830702205768e-02 2.614438e-01
0.900000 13.850000 2.505514645764e-01 -8.518293499580e-02 2.646359e-01
0.900000 13.875000 2.581873056143e-01 -7.387387002397e-02 2.685480e-01
0.900000 13.900000 2.649049548728e-01 -6.412893452579e-02 2.725567e-01
0.900000 13.925000 2.705041977485e-01 -5.566283613518e-02 2.761718e-01
0.900000 13.950000 2.748486697130e-01 -4.816958173952e-02 2.790378e-01
0.900000 13.975000 2.778668320858e-01 -4.133652017583e-02 2.809247e-01
0.900000 14.000000 2.795497816017e-01 -3.485795003886e-02 2.817147e-01
0.900000 14.025000 2.799461375396e-01 -2.844755998817e-02 2.813878e-01
0.900000 14.050000 2.791544216983e-01 -2.184906235187e-02 2.800082e-01
0.900000 14.075000 2.773134860163e-01 -1.484451393766e-02 2.777105e-01
0.900000 14.100000 2.745916413536e-01 -7.259980429937e-03 2.746876e-01
0.900000 14.125000 2.711751933075e-01 1.031619516788e-03 2.711772e-01
0.900000 14.150000 2.672570947567e-01 1.011047028950e-02 2.674483e-01
0.900000 14.175000 2.630263814702e-01 2.001241957194e-02 2.637866e-01
0.900000 14.200000 2.586589711291e-01 3.073379153157e-02 2.604785e-01
0.900000 14.225000 2.543102848799e-01 4.223797639998e-02 2.577940e-01
0.900000 14.250000 2.501100036897e-01 5.446323252002e-02 2.559712e-01
0.900000 14.275000 2.461591104342e-01 6.733109214097e-02 2.552015e-01
0.900000 14.300000 2.425292046806e-01 8.075476168395e-02 2.556203e-01
0.900000 14.325000 2.392639222870e-01 9.464694932485e-02 2.573038e-01
0.900000 14.350000 2.363821570477e-01 1.089266329681e-01 2.602720e-01
0.900000 14.375000 2.338826758002e-01 1.235243927379e-01 2.644984e-01
0.900000 14.400000 2.317496484453e-01 1.383860645748e-01 2.699233e-01
0.900000 14.425000 2.299585841288e-01 1.534746145464e-01 2.764695e-01
0.900000 14.450000 2.284821751296e-01 1.687702755961e-01 2.840555e-01
0.900000 14.475000 2.272955983068e-01 1.842691185204e-01 2.926062e-01
0.900000 14.500000 2.263809047455e-01 1.999803370453e-01 3.020603e-01
0.900000 14.525000 2.257302333871e-01 2.159226050783e-01 3.123727e-01
0.900000 14.550000 2.253477039353e-01 2.321199074145e-01 3.235139e-01
0.900000 14.575000 2.252499671748e-01 2.485972514181e-01 3.354670e-01
0.900000 14.600000 2.254655060297e-01 2.653766379343e-01 3.482233e-01
0.900000 14.625000 2.260328782524e-01 2.824736095654e-01 3.617765e-01
0.900000 14.650000 2.269981635988e-01 2.998946109228e-01 3.761183e-01
0.900000 14.675000 2.284119195056e-01 3.176352979785e-01 3.912342e-01
0.900000 14.700000 2.303259577230e-01 3.356798326944e-01 4.071007e-01
0.900000 14.725000 2.327902315583e-01 3.540011051110e-01 4.236839e-01
0.900000 14.750000 2.358500741137e-01 3.725617472896e-01 4.409394e-01
0.900000 14.775000 2.395439595466e-01 3.913157489967e-01 4.588130e-01
0.900000 14.800000 2.439018811565e-01 4.102104579496e-01 4.772429e-01
0.900000 14.825000 2.489443619228e-01 4.291887486049e-01 4.961615e-01
0.900000 14.850000 2.546820444531e-01 4.481911702795e-01 5.154981e-01
0.900000 14.875000 2.611157560076e-01 4.671579322129e-01 5.351803e-01
0.900000 14.900000 2.682369157258e-01 4.860306421093e-01 5.551368e-01
0.900000 14.925000 2.760281475576e-01 5.047537765230e-01 5.752981e-01
0.900000 14.950000 2.844639825079e-01 5.232759168890e-01 5.955984e-01
0.900000 14.975000 2.935115731788e-01 5.415508258408e-01 6.159759e-01
0.900000 15.000000 3.031313951667e-01 5.595384586853e-01 6.363740e-01
0.900000 15.025000 3.132779648326e-01 5.772060014615e-01 6.567418e-01
0.900000 15.050000 3.239006519841e-01 5.945290002611e-01 6.770350e-01
0.900000 15.075000 3.349447004178e-01 6.114926001880e-01 6.972167e-01
0.900000 15.100000 3.463525823123e-01 6.280928532099e-01 7.172592e-01
0.900000 15.125000 3.580658001758e-01 6.443379910642e-01 7.371449e-01
0.900000 15.150000 3.700272119365e-01 6.602495021719e-01 7.568682e-01
0.900000 15.175000 3.821838939248e-01 6.758628097876e-01 7.764374e-01
0.900000 15.200000 3.944904793792e-01 6.912273303985e-01 7.958756e-01
0.900000 15.225000 4.069128257854e-01 7.064057020957e-01 8.152221e-01
0.900000 15.250000 4.194317834808e-01 7.214720142106e-01 8.345327e-01
0.900000 15.275000 4.320467714489e-01 7.365089400767e-01 8.538793e-01
0.900000 15.300000 4.447788239835e-01 7.516037686933e-01 8.733478e-01
0.900000 15.325000 4.576727614882e-01 7.668434394957e-01 8.930360e-01
0.900000 15.350000 4.707981643854e-01 7.823087962330e-01 9.130487e-01
0.900000 15.375000 4.842488912865e-01 7.980683789396e-01 9.334935e-01
0.900000 15.400000 4.981409774933e-01 8.141721552862e-01 9.544741e-01
0.900000 15.425000 5.126088700013e-01 8.306456440098e-01 9.760840e-01
0.900000 15.450000 5.278000898518e-01 8.474848963226e-01 9.984005e-01
0.900000 15.475000 5.438685493309e-01 8.646527725739e-01 1.021478e+00
0.900000 15.500000 5.609668768777e-01 8.820768815947e-01 1.045344e+00
0.900000 15.525000 5.792382040992e-01 8.996494439100e-01 1.069993e+00
0.900000 15.550000 5.988079365154e-01 9.172292059390e-01 1.095391e+00
0.900000 15.575000 6.197760552380e-01 9.346453819458e-01 1.121465e+00
0.900000 15.600000 6.422104772880e-01 9.517034471301e-01 1.148117e+00
0.900000 15.625000 6.661419385431e-01 9.681924626225e-01 1.175220e+00
0.900000 15.650000 6.915607603929e-01 9.838934941070e-01 1.202623e+00
0.900000 15.675000 7.184157277950e-01 9.985886010290e-01 1.230163e+00
0.900000 15.700000 7.466151540857e-01 1.012069830395e+00 1.257664e+00
0.900000 15.725000 7.760300498454e-01 1.024147651689e+00 1.284952e+00
0.900000 15.750000 8.064991629883e-01 1.034658316942e+00 1.311853e+00
0.900000 15.775000 8.378355278484e-01 1.043469717966e+00 1.338207e+00
0.900000 15.800000 8.698340631543e-01 1.050485433068e+00 1.363866e+00
0.900000 15.825000 9.022797002127e-01 1.055646797341e+00 1.388704e+00
0.900000 15.850000 9.349555075486e-01 1.058932981283e+00 1.412615e+00
0.900000 15.875000 9.676503068850e-01 1.060359208829e+00 1.435517e+00
0.900000 15.900000 1.000165344045e+00 1.059973375439e+00 1.457352e+00
0.900000 15.925000 1.032319679949e+00 1.057851428809e+00 1.478084e+00
0.900000 15.950000 1.063954091436e+00 1.054091941089e+00 1.497701e+00
0.900000 15.975000 1.094933407321e+00 1.048810327376e+00 1.516207e+00
0.900000 16.000000 1.125147339362e+00 1.042133149787e+00 1.533623e+00
0.900000 16.025000 1.154509988429e+00 1.034192892421e+00 1.549983e+00
0.900000 16.050000 1.182958302342e+00 1.025123506254e+00 1.565333e+00
0.900000 16.075000 1.210449825307e+00 1.015056913713e+00 1.579724e+00
0.900000 16.100000 1.236960104478e+00 1.004120541620e+00 1.593213e+00
0.900000 16.125000 1.262480105335e+00 9.924358306030e-01 1.605860e+00
0.900000 16.150000 1.287013936742e+00 9.801175612126e-01 1.617725e+00
0.900000 16.175000 1.310577104580e+00 9.672737525682e-01 1.628874e+00
0.900000 16.200000 1.333195408805e+00 9.540058371700e-01 1.639371e+00
0.900000 16.225000 1.354904484012e+00 9.404088007522e-01 1.649283e+00
0.900000 16.250000 1.375749870542e+00 9.265710004777e-01 1.658681e+00
0.900000 16.275000 1.395787404462e+00 9.125734359439e-01 1.667637e+00
0.900000 16.300000 1.415083641600e+00 8.984883391521e-01 1.676229e+00
0.900000 16.325000 1.433715992126e+00 8.843770621918e-01 1.684537e+00
0.900000 16.350000 1.451772243428e+00 8.702873628249e-01 1.692644e+00
0.900000 16.375000 1.469349191587e+00 8.562503050382e-01 1.700633e+00
0.900000 16.400000 1.486550182696e+00 8.422770905879e-01 1.708585e+00
0.900000 16.425000 1.503481477492e+00 8.283562066440e-01 1.716575e+00
0.900000 16.450000 1.520247485346e+00 8.144513046103e-01 1.724669e+00
0.900000 16.475000 1.536945053464e+00 8.005002106147e-01 1.732917e+00
0.900000 16.500000 1.553657129227e+00 7.864154080883e-01 1.741350e+00
0.900000 16.525000 1.570446223738e+00 7.720862311278e-01 1.749977e+00
0.900000 16.550000 1.587348179922e+00 7.573828723126e-01 1.758779e+00
0.900000 16.575000 1.604366779482e+00 7.421621525025e-01 1.767710e+00
0.900000 16.600000 1.621469704327e+00 7.262748376599e-01 1.776693e+00
0.900000 16.625000 1.638586299308e+00 7.095741348514e-01 1.785626e+00
0.900000 16.650000 1.655607469153e+00 6.919248717124e-01 1.794379e+00
0.900000 16.675000 1.672387892649e+00 6.732127740524e-01 1.802802e+00
0.900000 16.700000 1.688750564917e+00 6.533532146155e-01 1.810732e+00
0.900000 16.725000 1.704493499571e+00 6.322988172762e-01 1.817993e+00
0.900000 16.750000 1.719398253546e+00 6.100453649120e-01 1.824414e+00
0.900000 16.775000 1.733239793818e+00 5.866355703703e-01 1.829826e+00
0.900000 16.800000 1.745797120502e+00 5.621604181780e-01 1.834075e+00
0.900000 16.825000 1.756864004004e+00 5.367579562208e-01 1.837030e+00
0.900000 16.850000 1.766259189323e+00 5.106095957244e-01 1.838585e+00
0.900000 16.875000 1.773835467562e+00 4.839341482909e-01 1.838664e+00
0.900000 16.900000 1.779487107071e+00 4.569799756222e-01 1.837228e+00
0.900000 16.925000 1.783155264520e+00 4.300157388807e-01 1.834273e+00
0.900000 16.950000 1.784831146179e+00 4.033203024348e-01 1.829833e+00
0.900000 16.975000 1.784556847338e+00 3.771723677758e-01 1.823980e+00
0.900000 17.000000 1.782423948451e+00 3.518403892863e-01 1.816818e+00
0.900000 17.025000 1.778570077691e+00 3.275732602675e-01 1.808484e+00
0.900000 17.050000 1.773173751188e+00 3.045921646755e-01 1.799145e+00
0.900000 17.075000 1.766447868721e+00 2.830838789927e-01 1.788987e+00
0.900000 17.100000 1.758632272185e+00 2.631956918723e-01 1.778218e+00
0.900000 17.125000 1.749985769464e+00 2.450319981992e-01 1.767057e+00
0.900000 17.150000 1.740777993076e+00 2.286525284538e-01 1.755731e+00
0.900000 17.175000 1.731281409554e+00 2.140721002764e-01 1.744466e+00
0.900000 17.200000 1.721763731116e+00 2.012617299120e-01 1.733487e+00
0.900000 17.225000 1.712480915120e+00 1.901509163837e-01 1.723006e+00
0.900000 17.250000 1.703670876680e+00 1.806309073628e-01 1.713220e+00
0.900000 17.275000 1.695547991342e+00 1.725587672426e-01 1.704306e+00
0.900000 17.300000 1.688298430575e+00 1.657620881665e-01 1.696416e+00
0.900000 17.325000 1.682076353099e+00 1.600442070760e-01 1.689673e+00
0.900000 17.350000 1.677000967331e+00 1.551898105486e-01 1.684166e+00
0.900000 17.375000 1.673154480230e+00 1.509708204520e-01 1.679952e+00
0.900000 17.400000 1.670580950648e+00 1.471524556083e-01 1.677049e+00
0.900000 17.425000 1.669286065847e+00 1.434993583854e-01 1.675443e+00
0.900000 17.450000 1.669237854293e+00 1.397816630207e-01 1.675080e+00
0.900000 17.475000 1.670368333785e+00 1.357808684596e-01 1.675878e+00
0.900000 17.500000 1.672576070968e+00 1.312953670465e-01 1.677721e+00
0.900000 17.525000 1.675729598044e+00 1.261454757013e-01 1.680471e+00
0.900000 17.550000 1.679671598073e+00 1.201778213550e-01 1.683965e+00
0.900000 17.575000 1.684223736001e+00 1.132689488835e-01 1.688028e+00
0.900000 17.600000 1.689191982906e+00 1.053280471927e-01 1.692473e+00
0.900000 17.625000 1.694372259933e+00 9.629872528754e-02 1.697107e+00
0.900000 17.650000 1.699556218838e+00 8.615981148335e-02 1.701739e+00
0.900000 17.675000 1.704536979088e+00 7.492519094288e-02 1.706183e+00
0.900000 17.700000 1.709114656527e+00 6.264273491539e-02 1.710262e+00
0.900000 17.725000 1.713101543218e+00 4.939240549482e-02 1.713813e+00
0.900000 17.750000 1.716326828691e+00 3.528363976412e-02 1.716689e+00
0.900000 17.775000 1.718640784990e+00 2.045212585774e-02 1.718762e+00
0.900000 17.800000 1.719918367467e+00 5.056081535001e-03 1.719926e+00
0.900000 17.825000 1.720062206452e+00 -1.072786428734e-02 1.720096e+00
0.900000 17.850000 1.719004979695e+00 -2.670910139513e-02 1.719212e+00
0.900000 17.875000 1.716711160985e+00 -4.268770924003e-02 1.717242e+00
0.900000 17.900000 1.713178137905e+00 -5.845931070471e-02 1.714175e+00
0.900000 17.925000 1.708436683766e+00 -7.382005590343e-02 1.710031e+00
0.900000 17.950000 1.702550758997e+00 -8.857168061210e-02 1.704853e+00
0.900000 17.975000 1.695616609787e+00 -1.025265730536e-01 1.698713e+00
0.900000 18.000000 1.687761130122e+00 -1.155127652856e-01 1.691709e+00
0.900000 18.025000 1.679139460413e+00 -1.273787443779e-01 1.683964e+00
0.900000 18.050000 1.669931812881e+00 -1.379979578687e-01 1.675624e+00
0.900000 18.075000 1.660339540404e+00 -1.472728718465e-01 1.666858e+00
0.900000 18.100000 1.650580499574e+00 -1.551384321818e-01 1.657855e+00
0.900000 18.125000 1.640883796806e+00 -1.615647826368e-01 1.648819e+00
0.900000 18.150000 1.631484044353e+00 -1.665591090017e-01 1.639964e+00
0.900000 18.175000 1.622615286474e+00 -1.701665055318e-01 1.631514e+00
0.900000 18.200000 1.614504780988e+00 -1.724697966482e-01 1.623691e+00
0.900000 18.225000 1.607366835210e+00 -1.735882896729e-01 1.616713e+00
0.900000 18.250000 1.601396896549e+00 -1.736754791186e-01 1.610787e+00
0.900000 18.275000 1.596766087199e+00 -1.729157654760e-01 1.606101e+00
0.900000 18.300000 1.593616351434e+00 -1.715202878469e-01 1.602820e+00
0.900000 18.325000 1.592056356028e+00 -1.697219976022e-01 1.601077e+00
0.900000 18.350000 1.592158252973e+00 -1.677701184095e-01 1.600973e+00
0.900000 18.375000 1.593955382726e+00 -1.659241469701e-01 1.602568e+00
0.900000 18.400000 1.597440968457e+00 -1.644475504885e-01 1.605883e+00
0.900000 18.425000 1.602567829118e+00 -1.636013140833e-01 1.610897e+00
0.900000 18.450000 1.609249121776e+00 -1.636374872032e-01 1.617548e+00
0.900000 18.475000 1.617360110451e+00 -1.647928754808e-01 1.625734e+00
0.900000 18.500000 1.626740947218e+00 -1.672830252711e-01 1.635319e+00
0.900000 18.525000 1.637200438475e+00 -1.712966529048e-01 1.646137e+00
0.900000 18.550000 1.648520751973e+00 -1.769906784081e-01 1.657995e+00
0.900000 18.575000 1.660462995834e+00 -1.844860315479e-01 1.670680e+00
0.900000 18.600000 1.672773568296e+00 -1.938644028452e-01 1.683970e+00
0.900000 18.625000 1.685191136670e+00 -2.051661094691e-01 1.697634e+00
0.900000 18.650000 1.697454058414e+00 -2.183892316211e-01 1.711445e+00
0.900000 18.675000 1.709308010347e+00 -2.334901461154e-01 1.725182e+00
0.900000 18.700000 1.720513549176e+00 -2.503855389144e-01 1.738637e+00
0.900000 18.725000 1.730853293497e+00 -2.689559180266e-01 1.751625e+00
0.900000 18.750000 1.740138400018e+00 -2.890505752743e-01 1.763982e+00
0.900000 18.775000 1.748214009258e+00 -3.104938648794e-01 1.775573e+00
0.900000 18.800000 1.754963361303e+00 -3.330925849966e-01 1.786294e+00
0.900000 18.825000 1.760310330570e+00 -3.566441725060e-01 1.796076e+00
0.900000 18.850000 1.764220198003e+00 -3.809453586608e-01 1.804880e+00
0.900000 18.875000 1.766698565171e+00 -4.058008897821e-01 1.812705e+00
0.900000 18.900000 1.767788411198e+00 -4.310318975445e-01 1.819578e+00
0.900000 18.925000 1.767565392938e+00 -4.564835097011e-01 1.825559e+00
0.900000 18.950000 1.766131583641e+00 -4.820313240839e-01 1.830731e+00
0.900000 18.975000 1.763607928617e+00 -5.075864237425e-01 1.835199e+00
0.900000 19.000000 1.760125762326e+00 -5.330986845484e-01 1.839086e+00
0.900000 19.025000 1.755817776223e+00 -5.585582126104e-01 1.842521e+00
0.900000 19.050000 1.750808848746e+00 -5.839948409644e-01 1.845639e+00
0.900000 19.075000 1.745207148542e+00 -6.094757069939e-01 1.848569e+00
0.900000 19.100000 1.739095901276e+00 -6.351010185363e-01 1.851434e+00
0.900000 19.125000 1.732526172392e+00 -6.609981934932e-01 1.854337e+00
0.900000 19.150000 1.725510966714e+00 -6.873146223199e-01 1.857361e+00
0.900000 19.175000 1.718020884408e+00 -7.142093535630e-01 1.860562e+00
0.900000 19.200000 1.709981504938e+00 -7.418440392701e-01 1.863966e+00
0.900000 19.225000 1.701272598720e+00 -7.703734996600e-01 1.867566e+00
0.900000 19.250000 1.691729192406e+00 -7.999362751553e-01 1.871322e+00
0.900000 19.275000 1.681144439646e+00 -8.306455286983e-01 1.875158e+00
0.900000 19.300000 1.669274176863e+00 -8.625806418226e-01 1.878968e+00
0.900000 19.325000 1.655842975084e+00 -8.957798136833e-01 1.882615e+00
0.900000 19.350000 1.640551437621e+00 -9.302339227489e-01 1.885933e+00
0.900000 19.375000 1.623084443309e+00 -9.658818465164e-01 1.888738e+00
0.900000 19.400000 1.603120000939e+00 -1.002607357147e+00 1.890824e+00
0.900000 19.425000 1.580338367341e+00 -1.040237624006e+00 1.891973e+00
0.900000 19.450000 1.554431093473e+00 -1.078543263549e+00 1.891960e+00
0.900000 19.475000 1.525109702368e+00 -1.117239790780e+00 1.890551e+00
0.900000 19.500000 1.492113769519e+00 -1.155990254100e+00 1.887516e+00
0.900000 19.525000 1.455218266516e+00 -1.194408786694e+00 1.882624e+00
0.900000 19.550000 1.414240134728e+00 -1.232064791892e+00 1.875649e+00
0.900000 19.575000 1.369044165913e+00 -1.268487503616e+00 1.866371e+00
0.900000 19.600000 1.319548366551e+00 -1.303170728861e+00 1.854579e+00
0.900000 19.625000 1.265729056340e+00 -1.335577684077e+00 1.840065e+00
0.900000 19.650000 1.207625983397e+00 -1.365145972725e+00 1.822631e+00
0.900000 19.675000 1.145347716833e+00 -1.391292902067e+00 1.802087e+00
0.900000 19.700000 1.079077494194e+00 -1.413421483730e+00 1.778249e+00
0.900000 19.725000 1.009079556827e+00 -1.430927581591e+00 1.750941e+00
0.900000 19.750000 9.357058090271e-01 -1.443208738625e+00 1.719999e+00
0.900000 19.775000 8.594024040380e-01 -1.449675210645e+00 1.685269e+00
0.900000 19.800000 7.807156168143e-01 -1.449763644352e+00 1.646612e+00
0.900000 19.825000 7.002961409010e-01 -1.442953653768e+00 1.603911e+00
0.900000 19.850000 6.189007783574e-01 -1.428787277691e+00 1.557071e+00
0.900000 19.875000 5.373904096949e-01 -1.406890958327e+00 1.506031e+00
0.900000 19.900000 4.567231619078e-01 -1.376999296016e+00 1.450766e+00
0.900000 19.925000 3.779418538295e-01 -1.338979444952e+00 1.391297e+00
0.900000 19.950000 3.021550931116e-01 -1.292854664061e+00 1.327694e+00
0.900000 19.975000 2.305118169052e-01 -1.238825271256e+00 1.260089e+00
0.900000 20.000000 1.641695820557e-01 -1.177285109817e+00 1.188677e+00
0.900000 20.025000 1.042574795033e-01 -1.108831655320e+00 1.113722e+00
0.900000 20.050000 5.183512004021e-02 -1.034268089072e+00 1.035566e+00
0.900000 20.075000 7.849657139862e-03 -9.545960408338e-01 9.546283e-01
0.900000 20.100000 -2.690678010103e-02 -8.709982421256e-01 8.714137e-01
0.900000 20.125000 -5.183662556122e-02 -7.848109952442e-01 7.865210e-01
0.900000 20.150000 -6.657072277057e-02 -6.974871001223e-01 7.006568e-01
0.900000 20.175000 -7.099399159724e-02 -6.105506273819e-01 6.146643e-01
0.900000 20.200000 -6.526082212326e-02 -5.255456125947e-01 5.295821e-01
0.900000 20.225000 -4.979869505974e-02 -4.439813067686e-01 4.467654e-01
0.900000 20.250000 -2.529927339140e-02 -3.672769936870e-01 3.681473e-01
0.900000 20.275000 7.302952391916e-03 -2.967095339319e-01 2.967994e-01
0.900000 20.300000 4.686352527663e-02 -2.333666970202e-01 2.380256e-01
0.900000 20.325000 9.207064686712e-02 -1.781089995725e-01 2.004989e-01
0.900000 20.350000 1.414951510702e-01 -1.315422052905e-01 1.931948e-01
0.900000 20.375000 1.936449261967e-01 -9.400190989428e-02 2.152550e-01
0.900000 20.400000 2.470206326713e-01 -6.555079606604e-02 2.555701e-01
0.900000 20.425000 3.001695628338e-01 -4.598827507788e-02 3.036720e-01
0.900000 20.450000 3.517347360835e-01 -3.487141063177e-02 3.534591e-01
0.900000 20.475000 4.004967882558e-01 -3.154531821214e-02 4.017372e-01
0.900000 20.500000 4.454068492884e-01 -3.518070833472e-02 4.467941e-01
0.900000 20.525000 4.856093433815e-01 -4.481593369469e-02 4.876729e-01
0.900000 20.550000 5.204544184379e-01 -5.940082469181e-02 5.238332e-01
0.900000 20.575000 5.495004440115e-01 -7.783974749832e-02 5.549863e-01
0.900000 20.600000 5.725076444464e-01 -9.903166381544e-02 5.810097e-01
0.900000 20.625000 5.894244059890e-01 -1.219054636031e-01 6.018987e-01
0.900000 20.650000 6.003680823119e-01 -1.454494211525e-01 6.177357e-01
0.900000 20.675000 6.056022127858e-01 -1.687342258330e-01 6.286695e-01
0.900000 20.700000 6.055119743091e-01 -1.909295992991e-01 6.349007e-01
0.900000 20.725000 6.005794418185e-01 -2.113149780774e-01 6.366708e-01
0.900000 20.750000 5.913598802372e-01 -2.292850765678e-01 6.342540e-01
0.900000 20.775000 5.784598849861e-01 -2.443513312949e-01 6.279518e-01
0.900000 20.800000 5.625177837649e-01 -2.561402630076e-01 6.180891e-01
0.900000 20.825000 5.441863579696e-01 -2.643896972741e-01 6.050130e-01
0.900000 20.850000 5.241176755353e-01 -2.689435894313e-01 5.890925e-01
0.900000 20.875000 5.029496706902e-01 -2.697459483479e-01 5.707199e-01
0.900000 20.900000 4.812940657300e-01 -2.668340909636e-01 5.503130e-01
0.900000 20.925000 4.597252946440e-01 -2.603312285980e-01 5.283178e-01
0.900000 20.950000 4.387702335730e-01 -2.504382208938e-01 5.052115e-01
0.900000 20.975000 4.188987343254e-01 -2.374242558826e-01 4.815043e-01
0.900000 21.000000 4.005151558743e-01 -2.216162323396e-01 4.577403e-01
0.900000 21.025000 3.839512574675e-01 -2.033867258565e-01 4.344936e-01
0.900000 21.050000 3.694609246791e-01 -1.831405924778e-01 4.123613e-01
0.900000 21.075000 3.572172258227e-01 -1.613004734331e-01 3.919464e-01
0.900000 21.100000 3.473122329052e-01 -1.382916766733e-01 3.738320e-01
0.900000 21.125000 3.397598944997e-01 -1.145270910513e-01 3.585432e-01
0.900000 21.150000 3.345020355184e-01 -9.039290752410e-02 3.465003e-01
0.900000 21.175000 3.314173081981e-01 -6.623595816502e-02 3.379714e-01
0.900000 21.200000 3.303326622851e-01 -4.235342909577e-02 3.330368e-01
0.900000 21.225000 3.310366737676e-01 -1.898556119493e-02 3.315807e-01
0.900000 21.250000 3.332939000595e-01 3.688262157099e-03 3.333143e-01
0.900000 21.275000 3.368593371300e-01 2.554990340405e-02 3.378269e-01
0.900000 21.300000 3.414920521851e-01 4.653947803847e-02 3.446487e-01
0.900000 21.325000 3.469671540666e-01 6.664938851836e-02 3.533106e-01
0.900000 21.350000 3.530854312832e-01 8.591601330813e-02 3.633881e-01
0.900000 21.375000 3.596802139429e-01 1.044098324778e-01 3.745281e-01
0.900000 21.400000 3.666212738743e-01 1.222248423200e-01 3.864584e-01
0.900000 21.425000 3.738158373261e-01 1.394680965937e-01 3.989858e-01
0.900000 21.450000 3.812070184535e-01 1.562501177882e-01 4.119865e-01
0.900000 21.475000 3.887701657100e-01 1.726767637929e-01 4.253934e-01
0.900000 21.500000 3.965077310764e-01 1.888429357085e-01 4.391811e-01
0.900000 21.525000 4.044433166252e-01 2.048282967622e-01 4.533531e-01
0.900000 21.550000 4.126155264096e-01 2.206949658527e-01 4.679293e-01
0.900000 21.575000 4.210721646545e-01 2.364869742567e-01 4.829367e-01
0.900000 21.600000 4.298651906625e-01 2.522311467388e-01 4.984021e-01
0.900000 21.625000 4.390466873732e-01 2.679389974203e-01 5.143475e-01
0.900000 21.650000 4.486659454523e-01 2.836092169999e-01 5.307875e-01
0.900000 21.675000 4.587676272256e-01 2.992303645889e-01 5.477285e-01
0.900000 21.700000 4.693908692686e-01 3.147834520401e-01 5.651694e-01
0.900000 21.725000 4.805691174080e-01 3.302442051900e-01 5.831020e-01
0.900000 21.750000 4.923304650512e-01 3.455848879060e-01 6.015133e-01
0.900000 21.775000 5.046982805767e-01 3.607756658046e-01 6.203865e-01
0.900000 21.800000 5.176919525107e-01 3.757855551859e-01 6.397029e-01
0.900000 21.825000 5.313276398100e-01 3.905830423422e-01 6.594423e-01
0.900000 21.850000 5.456189753548e-01 4.051364677563e-01 6.795849e-01
0.900000 21.875000 5.605777216358e-01 4.194142528223e-01 7.001112e-01
0.900000 21.900000 5.762144096425e-01 4.333850117793e-01 7.210032e-01
0.900000 21.925000 5.925390005068e-01 4.470175491447e-01 7.422447e-01
0.900000 21.950000 6.095615947108e-01 4.602807042308e-01 7.638217e-01
0.900000 21.975000 6.272931802667e-01 4.731429790663e-01 7.857232e-01
0.900000 22.000000 6.457463673392e-01 4.855718810227e-01 8.079409e-01
0.900000 22.025000 6.649360123220e-01 4.975329294282e-01 8.304691e-01
0.900000 22.050000 6.848795996424e-01 5.089883148436e-01 8.533049e-01
0.900000 22.075000 7.055972332100e-01 5.198952548446e-01 8.764465e-01
0.900000 22.100000 7.271110971452e-01 5.302041524154e-01 8.998928e-01
0.900000 22.125000 7.494442790034e-01 5.398567220792e-01 9.236406e-01
0.900000 22.150000 7.726189057217e-01 5.487842943765e-01 9.476836e-01
0.900000 22.175000 7.966536166493e-01 5.569065325562e-01 9.720092e-01
0.900000 22.200000 8.215604800531e-01 5.641307906905e-01 9.965968e-01
0.900000 22.225000 8.473415385629e-01 5.703523080192e-01 1.021415e+00
0.900000 22.250000 8.739852343082e-01 5.754553725104e-01 1.046422e+00
0.900000 22.275000 9.014630066630e-01 5.793155035974e-01 1.071561e+00
0.900000 22.300000 9.297263680749e-01 5.818026090235e-01 1.096761e+00
0.900000 22.325000 9.587047436644e-01 5.827849746671e-01 1.121942e+00
0.900000 22.350000 9.883043094366e-01 5.821338603565e-01 1.147007e+00
0.900000 22.375000 1.018407987258e+00 5.797284090496e-01 1.171853e+00
0.900000 22.400000 1.048876660519e+00 5.754605388838e-01 1.196368e+00
0.900000 22.425000 1.079551572941e+00 5.692394816096e-01 1.220436e+00
0.900000 22.450000 1.110257775318e+00 5.609956571375e-01 1.243941e+00
0.900000 22.475000 1.140808401270e+00 5.506836288837e-01 1.266766e+00
0.900000 22.500000 1.171009491685e+00 5.382839617111e-01 1.288803e+00
0.900000 22.525000 1.200665053779e+00 5.238038946896e-01 1.309949e+00
0.900000 22.550000 1.229582036610e+00 5.072768347893e-01 1.330113e+00
0.900000 22.575000 1.257574929071e+00 4.887607653323e-01 1.349215e+00
0.900000 22.600000 1.284469734347e+00 4.683357362731e-01 1.367187e+00
0.900000 22.625000 1.310107139874e+00 4.461006561087e-01 1.383975e+00
0.900000 22.650000 1.334344775932e+00 4.221696341930e-01 1.399537e+00
0.900000 22.675000 1.357058530960e+00 3.966681270999e-01 1.413844e+00
0.900000 22.700000 1.378142959905e+00 3.697291258506e-01 1.426877e+00
0.900000 22.725000 1.397510877759e+00 3.414895867719e-01 1.438628e+00
0.900000 22.750000 1.415092269894e+00 3.120872634047e-01 1.449098e+00
0.900000 22.775000 1.430832672783e+00 2.816580465910e-01 1.458291e+00
0.900000 22.800000 1.444691183784e+00 2.503338707059e-01 1.466220e+00
0.900000 22.825000 1.456638249791e+00 2.182412009451e-01 1.472897e+00
0.900000 22.850000 1.466653365550e+00 1.855000831026e-01 1.478338e+00
0.900000 22.875000 1.474722788045e+00 1.522237150444e-01 1.482558e+00
0.900000 22.900000 1.480837347993e+00 1.185184880268e-01 1.485573e+00
0.900000 22.925000 1.484990417107e+00 8.448444451396e-02 1.487392e+00
0.900000 22.950000 1.487176073267e+00 5.021610451113e-02 1.488024e+00
0.900000 22.975000 1.487387496442e+00 1.580362129667e-02 1.487471e+00
0.900000 23.000000 1.485615626433e+00 -1.866576361214e-02 1.485733e+00
0.900000 23.025000 1.481848118129e+00 -5.310599049585e-02 1.482799e+00
0.900000 23.050000 1.476068638904e+00 -8.743020016528e-02 1.478656e+00
0.900000 23.075000 1.468256563389e+00 -1.215485313639e-01 1.473279e+00
0.900000 23.100000 1.458387130185e+00 -1.553657403037e-01 1.466640e+00
0.900000 23.125000 1.446432130171e+00 -1.887787058552e-01 1.458699e+00
0.900000 23.150000 1.432361194468e+00 -2.216739089764e-01 1.449413e+00
0.900000 23.175000 1.416143739828e+00 -2.539250027383e-01 1.438729e+00
0.900000 23.200000 1.397751609098e+00 -2.853906169344e-01 1.426589e+00
0.900000 23.225000 1.377162414078e+00 -3.159125655914e-01 1.412932e+00
0.900000 23.250000 1.354363548170e+00 -3.453146434577e-01 1.397692e+00
0.900000 23.275000 1.329356788203e+00 -3.734022055834e-01 1.380804e+00
0.900000 23.300000 1.302163351050e+00 -3.999627196108e-01 1.362204e+00
0.900000 23.325000 1.272829214521e+00 -4.247674611195e-01 1.341835e+00
0.900000 23.350000 1.241430457416e+00 -4.475744868721e-01 1.319649e+00
0.900000 23.375000 1.208078325191e+00 -4.681329686884e-01 1.295609e+00
0.900000 23.400000 1.172923690398e+00 -4.861889028071e-01 1.269697e+00
0.900000 23.425000 1.136160555758e+00 -5.014921282765e-01 1.241916e+00
0.900000 23.450000 1.098028246999e+00 -5.138044969947e-01 1.212296e+00
0.900000 23.475000 1.058811966006e+00 -5.229089428019e-01 1.180896e+00
0.900000 23.500000 1.018841424602e+00 -5.286191041631e-01 1.147814e+00
0.900000 23.525000 9.784873557861e-01 -5.307890719740e-01 1.113182e+00
0.900000 23.550000 9.381558004985e-01 -5.293227688250e-01 1.077181e+00
0.900000 23.575000 8.982801897683e-01 -5.241824262552e-01 1.040036e+00
0.900000 23.600000 8.593113775526e-01 -5.153956186117e-01 1.002022e+00
0.900000 23.625000 8.217059199144e-01 -5.030603407259e-01 9.634679e-01
0.900000 23.650000 7.859130309616e-01 -4.873476837037e-01 9.247524e-01
0.900000 23.675000 7.523607640387e-01 -4.685017675840e-01 8.863073e-01
0.900000 23.700000 7.214420571145e-01 -4.468367268937e-01 8.486116e-01
0.900000 23.725000 6.935013345760e-01 -4.227307073483e-01 8.121855e-01
0.900000 23.750000 6.688223665852e-01 -3.966170083358e-01 7.775786e-01
0.900000 23.775000 6.476180478944e-01 -3.689726834650e-01 7.453523e-01
0.900000 23.800000 6.300226707370e-01 -3.403050764155e-01 7.160559e-01
0.900000 23.825000 6.160871354000e-01 -3.111369078509e-01 6.901953e-01
0.900000 23.850000 6.057773758799e-01 -2.819906290993e-01 6.681953e-01
0.900000 23.875000 5.989760885588e-01 -2.533728103365e-01 6.503615e-01
0.900000 23.900000 5.954876536391e-01 -2.257593296607e-01 6.368460e-01
0.900000 23.925000 5.950459479140e-01 -1.995820738667e-01 6.276246e-01
0.900000 23.950000 5.973245787947e-01 -1.752177558129e-01 6.224933e-01
0.900000 23.975000 6.019489371604e-01 -1.529793055523e-01 6.210839e-01
0.900000 24.000000 6.085093811417e-01 -1.331101152073e-01 6.228980e-01
0.900000 24.025000 6.165748308089e-01 -1.157812259600e-01 6.273514e-01
0.900000 24.050000 6.257060764723e-01 -1.010913558255e-01 6.338198e-01
0.900000 24.075000 6.354681773630e-01 -8.906949505563e-02 6.416800e-01
0.900000 24.100000 6.454414446708e-01 -7.967965616489e-02 6.503411e-01
0.900000 24.125000 6.552306511854e-01 -7.282726847587e-02 6.592655e-01
0.900000 24.150000 6.644722744335e-01 -6.836665922452e-02 6.679801e-01
0.900000 24.175000 6.728397454359e-01 -6.610906621988e-02 6.760797e-01
0.900000 24.200000 6.800468257311e-01 -6.583067742356e-02 6.832257e-01
0.900000 24.225000 6.858493578580e-01 -6.728028269953e-02 6.891415e-01
0.900000 24.250000 6.900457191313e-01 -7.018624088593e-02 6.936059e-01
0.900000 24.275000 6.924763496168e-01 -7.426259745275e-02 6.964470e-01
0.900000 24.300000 6.930227217354e-01 -7.921431971578e-02 6.975352e-01
0.900000 24.325000 6.916060746147e-01 -8.474173397605e-02 6.967784e-01
0.900000 24.350000 6.881861589441e-01 -9.054434032602e-02 6.941170e-01
0.900000 24.375000 6.827601386534e-01 -9.632423777065e-02 6.895214e-01
0.900000 24.400000 6.753616870411e-01 -1.017894104326e-01 6.829894e-01
0.900000 24.425000 6.660602103322e-01 -1.066571049985e-01 6.745457e-01
0.900000 24.450000 6.549600433431e-01 -1.106574745243e-01 6.642422e-01
0.900000 24.475000 6.421994000438e-01 -1.135375821764e-01 6.521586e-01
0.900000 24.500000 6.279488331315e-01 -1.150657610354e-01 6.384042e-01
0.900000 24.525000 6.124089642142e-01 -1.150362247545e-01 6.231196e-01
0.900000 24.550000 5.958072887399e-01 -1.132737307957e-01 6.064794e-01
0.900000 24.575000 5.783939324681e-01 -1.096380241289e-01 5.886935e-01
0.900000 24.600000 5.604363309979e-01 -1.040277433518e-01 5.700093e-01
0.900000 24.625000 5.422129103040e-01 -9.638345869597e-02 5.507128e-01
0.900000 24.650000 5.240059530079e-01 -8.668953425688e-02 5.311283e-01
0.900000 24.675000 5.060939309213e-01 -7.497456320907e-02 5.116173e-01
0.900000 24.700000 4.887436592533e-01 -6.131020953092e-02 4.925742e-01
0.900000 24.725000 4.722026739940e-01 -4.580839484152e-02 4.744194e-01
0.900000 24.750000 4.566922465847e-01 -2.861688442454e-02 4.575880e-01
0.900000 24.775000 4.424014276156e-01 -9.913441588854e-03 4.425125e-01
0.900000 24.800000 4.294824558837e-01 1.010117637611e-02 4.296012e-01
0.900000 24.825000 4.180477857482e-01 3.121102357196e-02 4.192113e-01
0.900000 24.850000 4.081688818602e-01 5.319315880348e-02 4.116204e-01
0.900000 24.875000 3.998768152552e-01 7.582578915519e-02 4.070025e-01
0.900000 24.900000 3.931645784744e-01 9.889593534599e-02 4.054119e-01
0.900000 24.925000 3.879909295894e-01 1.222062314510e-01 4.067817e-01
0.900000 24.950000 3.842854844288e-01 1.455805401562e-01 4.109368e-01
0.900000 24.975000 3.819547097252e-01 1.688681541545e-01 4.176193e-01
0.900000 25.000000 3.808884317200e-01 1.919464564254e-01 4.265202e-01
0.900000 25.025000 3.809664666724e-01 2.147220180777e-01 4.373111e-01
0.900000 25.050000 3.820650007168e-01 2.371302134290e-01 4.496714e-01
0.900000 25.075000 3.840623931289e-01 2.591335202342e-01 4.633078e-01
0.900000 25.100000 3.868441438211e-01 2.807187422305e-01 4.779659e-01
0.900000 25.125000 3.903068459506e-01 3.018934372773e-01 4.934360e-01
0.900000 25.150000 3.943610303849e-01 3.226818554731e-01 5.095529e-01
0.900000 25.175000 3.989328929976e-01 3.431206881872e-01 5.261932e-01
0.900000 25.200000 4.039649717053e-01 3.632549034985e-01 5.432696e-01
0.900000 25.225000 4.094159024368e-01 3.831339003470e-01 5.607254e-01
0.900000 25.250000 4.152594282113e-01 4.028081581715e-01 5.785281e-01
0.900000 25.275000 4.214828614410e-01 4.223264968954e-01 5.966636e-01
0.900000 25.300000 4.280852065905e-01 4.417339997012e-01 6.151308e-01
0.900000 25.325000 4.350751402426e-01 4.610705933597e-01 6.339373e-01
0.900000 25.350000 4.424690215671e-01 4.803702321282e-01 6.530960e-01
0.900000 25.375000 4.502890721647e-01 4.996605942145e-01 6.726224e-01
0.900000 25.400000 4.585618246123e-01 5.189631758638e-01 6.925328e-01
0.900000 25.425000 4.673168979709e-01 5.382936571814e-01 7.128430e-01
0.900000 25.450000 4.765861196959e-01 5.576624145721e-01 7.335678e-01
0.900000 25.475000 4.864029795754e-01 5.770750649937e-01 7.547208e-01
0.900000 25.500000 4.968023742842e-01 5.965329444409e-01 7.763145e-01
0.900000 25.525000 5.078205815787e-01 6.160334444431e-01 7.983602e-01
0.900000 25.550000 5.194953908727e-01 6.355701534172e-01 8.208684e-01
0.900000 25.575000 5.318663110484e-01 6.551327724990e-01 8.438488e-01
0.900000 25.600000 5.449747755980e-01 6.747067967300e-01 8.673101e-01
0.900000 25.625000 5.588642682567e-01 6.942729716012e-01 8.912599e-01
0.900000 25.650000 5.735802980557e-01 7.138065519644e-01 9.157042e-01
0.900000 25.675000 5.891701605184e-01 7.332764055623e-01 9.406465e-01
0.900000 25.700000 6.056824313484e-01 7.526440173941e-01 9.660871e-01
0.900000 25.725000 6.231661507054e-01 7.718624641139e-01 9.920220e-01
0.900000 25.750000 6.416696706164e-01 7.908754395888e-01 1.018442e+00
0.900000 25.775000 6.612391559162e-01 8.096164229937e-01 1.045331e+00
0.900000 25.800000 6.819167507856e-01 8.280080882293e-01 1.072664e+00
0.900000 25.825000 7.037384484393e-01 8.459620563947e-01 1.100409e+00
0.900000 25.850000 7.267317300250e-01 8.633790896970e-01 1.128522e+00
0.900000 25.875000 7.509130687393e-01 8.801498138018e-01 1.156950e+00
0.900000 25.900000 7.762854240901e-01 8.961560349696e-01 1.185628e+00
0.900000 25.925000 8.028358760718e-01 9.112726879482e-01 1.214481e+00
0.900000 25.950000 8.305335663126e-01 9.253704111977e-01 1.243421e+00
0.900000 25.975000 8.593281196769e-01 9.383186995576e-01 1.272355e+00
0.900000 26.000000 8.891487125659e-01 9.499895341635e-01 1.301179e+00
0.900000 26.025000 9.199039315249e-01 9.602613395631e-01 1.329784e+00
0.900000 26.050000 9.514825274619e-01 9.690230735700e-01 1.358059e+00
0.900000 26.075000 9.837551182135e-01 9.761782215953e-01 1.385893e+00
0.900000 26.100000 1.016576828578e+00 9.816484487525e-01 1.413174e+00
0.900000 26.125000 1.049790787074e+00 9.853766636349e-01 1.439801e+00
0.900000 26.150000 1.083232328633e+00 9.873292693862e-01 1.465678e+00
0.900000 26.175000 1.116733688956e+00 9.874974205788e-01 1.490720e+00
0.900000 26.200000 1.150128925997e+00 9.858971662831e-01 1.514856e+00
0.900000 26.225000 1.183258772935e+00 9.825684361913e-01 1.538032e+00
0.900000 26.250000 1.215975119394e+00 9.775729114910e-01 1.560206e+00
0.900000 26.275000 1.248144835819e+00 9.709909077939e-01 1.581357e+00
0.900000 26.300000 1.279652699500e+00 9.629174756846e-01 1.601475e+00
0.900000 26.325000 1.310403246883e+00 9.534579875063e-01 1.620567e+00
0.900000 26.350000 1.340321459995e+00 9.427235201763e-01 1.638655e+00
0.900000 26.375000 1.369352287771e+00 9.308263584177e-01 1.655767e+00
0.900000 26.400000 1.397459096926e+00 9.178759286519e-01 1.671941e+00
0.900000 26.425000 1.424621232841e+00 9.039754316795e-01 1.687222e+00
0.900000 26.450000 1.450830940137e+00 8.892193758484e-01 1.701653e+00
0.900000 26.475000 1.476089938240e+00 8.736921279492e-01 1.715278e+00
0.900000 26.500000 1.500405964716e+00 8.574675048450e-01 1.728140e+00
0.900000 26.525000 1.523789586679e+00 8.406093342279e-01 1.740275e+00
0.900000 26.550000 1.546251539555e+00 8.231728273968e-01 1.751716e+00
0.900000 26.575000 1.567800787329e+00 8.052065391831e-01 1.762486e+00
0.900000 26.600000 1.588443416093e+00 7.867546467994e-01 1.772607e+00
0.900000 26.625000 1.608182381945e+00 7.678592645767e-01 1.782094e+00
0.900000 26.650000 1.627018044876e+00 7.485625262644e-01 1.790959e+00
0.900000 26.675000 1.644949341400e+00 7.289082086217e-01 1.799212e+00
0.900000 26.700000 1.661975388719e+00 7.089427342656e-01 1.806865e+00
0.900000 26.725000 1.678097277926e+00 6.887154706460e-01 1.813929e+00
0.900000 26.750000 1.693319806451e+00 6.682783266066e-01 1.820420e+00
0.900000 26.775000 1.707652920457e+00 6.476847287472e-01 1.826355e+00
0.900000 26.800000 1.721112683144e+00 6.269881279172e-01 1.831760e+00
0.900000 26.825000 1.733721648974e+00 6.062402343807e-01 1.836659e+00
0.900000 26.850000 1.745508598807e+00 5.854892037382e-01 1.841086e+00
0.900000 26.875000 1.756507667864e+00 5.647779927449e-01 1.845073e+00
0.900000 26.900000 1.766756968410e+00 5.441430760167e-01 1.848654e+00
0.900000 26.925000 1.776296864075e+00 5.236136655102e-01 1.851864e+00
0.900000 26.950000 1.785168087106e+00 5.032115111521e-01 1.854736e+00
0.900000 26.975000 1.793409900106e+00 4.829512912002e-01 1.857299e+00
0.900000 27.000000 1.801058489874e+00 4.628415334456e-01 1.859579e+00
0.900000 27.025000 1.808145745479e+00 4.428859512808e-01 1.861596e+00
0.900000 27.050000 1.814698520978e+00 4.230850384889e-01 1.863366e+00
0.900000 27.075000 1.820738422329e+00 4.034377475571e-01 1.864900e+00
0.900000 27.100000 1.826282096230e+00 3.839430797873e-01 1.866204e+00
0.900000 27.125000 1.831341943652e+00 3.646014399392e-01 1.867283e+00
0.900000 27.150000 1.835927139633e+00 3.454156493795e-01 1.868138e+00
0.900000 27.175000 1.840044818200e+00 3.263915634147e-01 1.868769e+00
0.900000 27.200000 1.843701279256e+00 3.075382931205e-01 1.869175e+00
0.900000 27.225000 1.846903092248e+00 2.888680817862e-01 1.869357e+00
0.900000 27.250000 1.849658005855e+00 2.703959241459e-01 1.869318e+00
0.900000 27.275000 1.851975618173e+00 2.521390377264e-01 1.869061e+00
0.900000 27.300000 1.853867810585e+00 2.341162972384e-01 1.868592e+00
0.900000 27.325000 1.855348993034e+00 2.163477251699e-01 1.867920e+00
0.900000 27.350000 1.856436241573e+00 1.988540976961e-01 1.867056e+00
0.900000 27.375000 1.857149425399e+00 1.816566802362e-01 1.866013e+00
0.900000 27.400000 1.857511416871e+00 1.647770587765e-01 1.864806e+00
0.900000 27.425000 1.857548454214e+00 1.482369894925e-01 1.863454e+00
0.900000 27.450000 1.857290685501e+00 1.320581579479e-01 1.861980e+00
0.900000 27.475000 1.856772869813e+00 1.162617264414e-01 1.860409e+00
0.900000 27.500000 1.856035154881e+00 1.008675577268e-01 1.858774e+00
0.900000 27.525000 1.855123798926e+00 8.589303608744e-02 1.857111e+00
0.900000 27.550000 1.854091666547e+00 7.135145998241e-02 1.855464e+00
0.900000 27.575000 1.852998311877e+00 5.725004842766e-02 1.853882e+00
0.900000 27.600000 1.851909471961e+00 4.358767756784e-02 1.852422e+00
0.900000 27.625000 1.850895831115e+00 3.035253456897e-02 1.851145e+00
0.900000 27.650000 1.850030981318e+00 1.751993269053e-02 1.850114e+00
0.900000 27.675000 1.849388588626e+00 5.050564797579e-03 1.849395e+00
0.900000 27.700000 1.849038872739e+00 -7.110524465285e-03 1.849053e+00
0.900000 27.725000 1.849044604937e+00 -1.903399891139e-02 1.849143e+00
0.900000 27.750000 1.849456916691e+00 -3.080513989115e-02 1.849713e+00
0.900000 27.775000 1.850311275591e+00 -4.252151563754e-02 1.850800e+00
0.900000 27.800000 1.851624017036e+00 -5.428943856939e-02 1.852420e+00
0.900000 27.825000 1.853389812736e+00 -6.621936426346e-02 1.854572e+00
0.900000 27.850000 1.855580407973e+00 -7.842050811405e-02 1.857237e+00
0.900000 27.875000 1.858144870899e+00 -9.099506037558e-02 1.860372e+00
0.900000 27.900000 1.861011475753e+00 -1.040324545745e-01 1.863917e+00
0.900000 27.925000 1.864091198496e+00 -1.176041781078e-01 1.867797e+00
0.900000 27.950000 1.867282652000e+00 -1.317596011090e-01 1.871926e+00
0.900000 27.975000 1.870478143845e+00 -1.465232390553e-01 1.876208e+00
0.900000 28.000000 1.873570418326e+00 -1.618937599276e-01 1.880552e+00
0.900000 28.025000 1.876459558874e+00 -1.778449067153e-01 1.884869e+00
0.900000 28.050000 1.879059487827e+00 -1.943283433896e-01 1.889081e+00
0.900000 28.075000 1.881303512871e+00 -2.112782626425e-01 1.893130e+00
0.900000 28.100000 1.883148433920e+00 -2.286174333003e-01 1.896975e+00
0.900000 28.125000 1.884576835510e+00 -2.462642303498e-01 1.900599e+00
0.900000 28.150000 1.885597338286e+00 -2.641400945963e-01 1.904008e+00
0.900000 28.175000 1.886242754878e+00 -2.821768219573e-01 1.907232e+00
0.900000 28.200000 1.886566274364e+00 -3.003230892991e-01 1.910321e+00
0.900000 28.225000 1.886635968604e+00 -3.185496842102e-01 1.913340e+00
0.900000 28.250000 1.886528057030e+00 -3.368530145878e-01 1.916366e+00
0.900000 28.275000 1.886319470671e+00 -3.552566201198e-01 1.919481e+00
0.900000 28.300000 1.886080311926e+00 -3.738105778552e-01 1.922767e+00
0.900000 28.325000 1.885866809047e+00 -3.925888721827e-01 1.926297e+00
0.900000 28.350000 1.885715314203e+00 -4.116849692565e-01 1.930131e+00
0.900000 28.375000 1.885637796590e+00 -4.312059820005e-01 1.934313e+00
0.900000 28.400000 1.885619147173e+00 -4.512659215967e-01 1.938866e+00
0.900000 28.425000 1.885616452076e+00 -4.719785958703e-01 1.943788e+00
0.900000 28.450000 1.885560222199e+00 -4.934507296533e-01 1.949059e+00
0.900000 28.475000 1.885357402270e+00 -5.157758471010e-01 1.954635e+00
0.900000 28.500000 1.884895837513e+00 -5.390293755116e-01 1.960455e+00
0.900000 28.525000 1.884049762060e+00 -5.632653126919e-01 1.966446e+00
0.900000 28.550000 1.882685799091e+00 -5.885146563752e-01 1.972525e+00
0.900000 28.575000 1.880668933234e+00 -6.147856374229e-01 1.978605e+00
0.900000 28.600000 1.877867932235e+00 -6.420656418424e-01 1.984600e+00
0.900000 28.625000 1.874159754617e+00 -6.703245627945e-01 1.990430e+00
0.900000 28.650000 1.869432577006e+00 -6.995192039275e-01 1.996022e+00
0.900000 28.675000 1.863587200471e+00 -7.295982684974e-01 2.001317e+00
0.900000 28.700000 1.856536739119e+00 -7.605074208774e-01 2.006265e+00
0.900000 28.725000 1.848204644870e+00 -7.921939012616e-01 2.010829e+00
0.900000 28.750000 1.838521268205e+00 -8.246102104829e-01 2.014980e+00
0.900000 28.775000 1.827419284607e+00 -8.577164567930e-01 2.018697e+00
0.900000 28.800000 1.814828420749e+00 -8.914810643579e-01 2.021965e+00
0.900000 28.825000 1.800669985181e+00 -9.258796759957e-01 2.024763e+00
0.900000 28.850000 1.784851739861e+00 -9.608922304241e-01 2.027069e+00
0.900000 28.875000 1.767263638475e+00 -9.964983458812e-01 2.028849e+00
0.900000 28.900000 1.747774905214e+00 -1.032671285836e+00 2.030056e+00
0.900000 28.925000 1.726232836896e+00 -1.069370907226e+00 2.030624e+00
0.900000 28.950000 1.702463588240e+00 -1.106536086907e+00 2.030469e+00
0.900000 28.975000 1.676275054019e+00 -1.144077179373e+00 2.029485e+00
0.900000 29.000000 1.647461804176e+00 -1.181869072491e+00 2.027547e+00
0.900000 29.025000 1.615811871881e+00 -1.219745375812e+00 2.024507e+00
0.900000 29.050000 1.581115053645e+00 -1.257494199436e+00 2.020202e+00
0.900000 29.075000 1.543172267982e+00 -1.294855866444e+00 2.014456e+00
0.900000 29.100000 1.501805445895e+00 -1.331522758211e+00 2.007081e+00
0.900000 29.125000 1.456867400363e+00 -1.367141332880e+00 1.997883e+00
0.900000 29.150000 1.408251146611e+00 -1.401316198494e+00 1.986670e+00
0.900000 29.175000 1.355898218268e+00 -1.433615980318e+00 1.973250e+00
0.900000 29.200000 1.299805639400e+00 -1.463580612473e+00 1.957438e+00
0.900000 29.225000 1.240031356108e+00 -1.490729620044e+00 1.939060e+00
0.900000 29.250000 1.176698087149e+00 -1.514570947765e+00 1.917953e+00
0.900000 29.275000 1.109995701334e+00 -1.534609937589e+00 1.893969e+00
0.900000 29.300000 1.040182350133e+00 -1.550358155210e+00 1.866973e+00
0.900000 29.325000 9.675846589925e-01 -1.561341903389e+00 1.836847e+00
0.900000 29.350000 8.925972966126e-01 -1.567110419508e+00 1.803487e+00
0.900000 29.375000 8.156821909033e-01 -1.567243913416e+00 1.766802e+00
0.900000 29.400000 7.373675450401e-01 -1.561361734238e+00 1.726720e+00
0.900000 29.425000 6.582466374610e-01 -1.549131036989e+00 1.683180e+00
0.900000 29.450000 5.789761852588e-01 -1.530276331187e+00 1.636142e+00
0.900000 29.475000 5.002738379140e-01 -1.504590221062e+00 1.585581e+00
0.900000 29.500000 4.229141791571e-01 -1.471945486773e+00 1.531496e+00
0.900000 29.525000 3.477224816323e-01 -1.432308416291e+00 1.473913e+00
0.900000 29.550000 2.755654117956e-01 -1.385752997786e+00 1.412886e+00
0.900000 29.575000 2.073379440225e-01 -1.332475252745e+00 1.348510e+00
0.900000 29.600000 1.439459254088e-01 -1.272806669043e+00 1.280920e+00
0.900000 29.625000 8.628403498996e-02 -1.207225423422e+00 1.210305e+00
0.900000 29.650000 3.520928695289e-02 -1.136363906623e+00 1.136909e+00
0.900000 29.675000 -8.489293785139e-03 -1.061011018391e+00 1.061045e+00
0.900000 29.700000 -4.412368672693e-02 -9.821078099356e-01 9.830985e-01
0.900000 29.725000 -7.114095842926e-02 -9.007353295032e-01 9.035404e-01
0.900000 29.750000 -8.915638079707e-02 -8.180939664667e-01 8.229378e-01
0.900000 29.775000 -9.798327557499e-02 -7.354741660271e-01 7.419724e-01
0.900000 29.800000 -9.765717344206e-02 -6.542190582334e-01 6.614677e-01
0.900000 29.825000 -8.845197981713e-02 -5.756802551955e-01 5.824358e-01
0.900000 29.850000 -7.088616050732e-02 -5.011687535640e-01 5.061571e-01
0.900000 29.875000 -4.571748874512e-02 -4.319034672211e-01 4.343164e-01
0.900000 29.900000 -1.392559918876e-02 -3.689603437004e-01 3.692230e-01
0.900000 29.925000 2.331757766581e-02 -3.132252345592e-01 3.140920e-01
0.900000 29.950000 6.468854281968e-02 -2.653536598548e-01 2.731248e-01
0.900000 29.975000 1.087622959110e-01 -2.257403173242e-01 2.505752e-01
0.900000 30.000000 1.540691551674e-01 -1.945006497133e-01 2.481286e-01
0.900000 30.025000 1.991551498526e-01 -1.714660352356e-01 2.627991e-01
0.900000 30.050000 2.426424423065e-01 -1.561932642061e-01 2.885683e-01
0.900000 30.075000 2.832861437535e-01 -1.479879837002e-01 3.196115e-01
0.900000 30.100000 3.200240792205e-01 -1.459408151675e-01 3.517302e-01
0.900000 30.125000 3.520165201799e-01 -1.489739618536e-01 3.822419e-01
0.900000 30.150000 3.786736013738e-01 -1.558954009445e-01 4.095083e-01
0.900000 30.175000 3.996690111148e-01 -1.654572617154e-01 4.325638e-01
0.900000 30.200000 4.149395164855e-01 -1.764147665437e-01 4.508847e-01
0.900000 30.225000 4.246708719414e-01 -1.875821720855e-01 4.642547e-01
0.900000 30.250000 4.292715773614e-01 -1.978824823018e-01 4.726855e-01
0.900000 30.275000 4.293367232377e-01 -2.063882773440e-01 4.763677e-01
0.900000 30.300000 4.256047256324e-01 -2.123517555268e-01 4.756392e-01
0.900000 30.325000 4.189100720827e-01 -2.152229478625e-01 4.709634e-01
0.900000 30.350000 4.101352565168e-01 -2.146559567331e-01 4.629126e-01
0.900000 30.375000 4.001648861743e-01 -2.105039139266e-01 4.521547e-01
0.900000 30.400000 3.898445292054e-01 -2.028040787307e-01 4.394408e-01
0.900000 30.425000 3.799462893752e-01 -1.917550494250e-01 4.255927e-01
0.900000 30.450000 3.711424079281e-01 -1.776884065088e-01 4.114849e-01
0.900000 30.475000 3.639874713413e-01 -1.610372305885e-01 3.980199e-01
0.900000 30.500000 3.589091145888e-01 -1.423038512827e-01 3.860908e-01
0.900000 30.525000 3.562065111594e-01 -1.220289145131e-01 3.765291e-01
0.900000 30.550000 3.560554779298e-01 -1.007634480129e-01 3.700389e-01
0.900000 30.575000 3.585187221157e-01 -7.904511203033e-02 3.671291e-01
0.900000 30.600000 3.635596271447e-01 -5.737930031643e-02 3.680598e-01
0.900000 30.625000 3.710580046990e-01 -3.622525872842e-02 3.728221e-01
0.900000 30.650000 3.808264064176e-01 -1.598695982193e-02 3.811618e-01
0.900000 30.675000 3.926258548740e-01 2.991856045724e-03 3.926373e-01
0.900000 30.700000 4.061801775187e-01 2.042927163772e-02 4.066936e-01
0.900000 30.725000 4.211884666578e-01 3.610430181475e-02 4.227331e-01
0.900000 30.750000 4.373355046478e-01 4.985438328641e-02 4.401679e-01
0.900000 30.775000 4.543002557309e-01 6.157199522503e-02 4.584537e-01
0.900000 30.800000 4.717627141185e-01 7.120098731324e-02 4.771055e-01
0.900000 30.825000 4.894095033679e-01 7.873298862688e-02 4.957021e-01
0.900000 30.850000 5.069386470499e-01 8.420406793336e-02 5.138843e-01
0.900000 30.875000 5.240638867064e-01 8.769163890058e-02 5.313500e-01
0.900000 30.900000 5.405188282602e-01 8.931147069653e-02 5.478477e-01
0.900000 30.925000 5.560610739464e-01 8.921458557048e-02 5.631724e-01
0.900000 30.950000 5.704763653794e-01 8.758380194476e-02 5.771605e-01
0.900000 30.975000 5.835826439619e-01 8.462970867832e-02 5.896871e-01
0.900000 31.000000 5.952338423648e-01 8.058592231979e-02 6.006641e-01
0.900000 31.025000 6.053231643740e-01 7.570356990185e-02 6.100387e-01
0.900000 31.050000 6.137855931266e-01 7.024503978391e-02 6.177921e-01
0.900000 31.075000 6.205993872775e-01 6.447713807902e-02 6.239398e-01
0.900000 31.100000 6.257863743599e-01 5.866386700181e-02 6.285301e-01
0.900000 31.125000 6.294109212455e-01 5.305909657103e-02 6.316434e-01
0.900000 31.150000 6.315775429339e-01 4.789942913096e-02 6.333913e-01
0.900000 31.175000 6.324271932060e-01 4.339755753835e-02 6.339144e-01
0.900000 31.200000 6.321323559711e-01 3.973639597223e-02 6.333801e-01
0.900000 31.225000 6.308911188377e-01 3.706422241907e-02 6.319789e-01
0.900000 31.250000 6.289204575191e-01 3.549101994854e-02 6.299211e-01
0.900000 31.275000 6.264489904647e-01 3.508614564021e-02 6.274308e-01
0.900000 31.300000 6.237094786140e-01 3.587739616941e-02 6.247405e-01
0.900000 31.325000 6.209313474494e-01 3.785148098329e-02 6.220840e-01
0.900000 31.350000 6.183334999006e-01 4.095585970736e-02 6.196884e-01
0.900000 31.375000 6.161176711565e-01 4.510185086728e-02 6.177663e-01
0.900000 31.400000 6.144625514995e-01 5.016887452635e-02 6.165072e-01
0.900000 31.425000 6.135188716695e-01 5.600965226496e-02 6.160702e-01
0.900000 31.450000 6.134056073166e-01 6.245615459992e-02 6.165770e-01
0.900000 31.475000 6.142074151012e-01 6.932605953297e-02 6.181075e-01
0.900000 31.500000 6.159733635647e-01 7.642946800342e-02 6.206969e-01
0.900000 31.525000 6.187169684122e-01 8.357561444060e-02 6.243361e-01
0.900000 31.550000 6.224174866014e-01 9.057931504223e-02 6.289739e-01
0.900000 31.575000 6.270223698189e-01 9.726691385974e-02 6.345218e-01
0.900000 31.600000 6.324507293219e-01 1.034815171530e-01 6.408606e-01
0.900000 31.625000 6.385976246320e-01 1.090873482777e-01 6.478480e-01
0.900000 31.650000 6.453389615767e-01 1.139731056150e-01 6.553261e-01
0.900000 31.675000 6.525367729383e-01 1.180542605455e-01 6.631297e-01
0.900000 31.700000 6.600446581423e-01 1.212742862375e-01 6.710934e-01
0.900000 31.725000 6.677131757577e-01 1.236048560763e-01 6.790575e-01
0.900000 31.750000 6.753950110057e-01 1.250450885826e-01 6.868731e-01
0.900000 31.775000 6.829497754585e-01 1.256199408097e-01 6.944068e-01
0.900000 31.800000 6.902483322663e-01 1.253778635544e-01 7.015428e-01
0.900000 31.825000 6.971765722740e-01 1.243878305679e-01 7.081861e-01
0.900000 31.850000 7.036385898415e-01 1.227358436799e-01 7.142628e-01
0.900000 31.875000 7.095592194124e-01 1.205210012895e-01 7.197219e-01
0.900000 31.900000 7.148858944665e-01 1.178512047758e-01 7.245348e-01
0.900000 31.925000 7.195897815744e-01 1.148385715427e-01 7.286957e-01
0.900000 31.950000 7.236661282163e-01 1.115946289481e-01 7.322199e-01
0.900000 31.975000 7.271337499172e-01 1.082253824395e-01 7.351437e-01
0.900000 32.000000 7.300335768645e-01 1.048263832821e-01 7.375212e-01
0.900000 32.025000 7.324261888991e-01 1.014779628684e-01 7.394227e-01
0.900000 32.050000 7.343882953966e-01 9.824084564756e-02 7.409301e-01
0.900000 32.075000 7.360081652842e-01 9.515239320352e-02 7.421334e-01
0.900000 32.100000 7.373800812064e-01 9.222375912916e-02 7.431249e-01
0.900000 32.125000 7.385979761088e-01 8.943823976005e-02 7.439934e-01
0.900000 32.150000 7.397485025077e-01 8.675108303370e-02 7.448178e-01
0.900000 32.175000 7.409038743014e-01 8.409096322831e-02 7.456607e-01
0.900000 32.200000 7.421148968289e-01 8.136324338272e-02 7.465618e-01
0.900000 32.225000 7.434046518778e-01 7.845503422340e-02 7.475331e-01
0.900000 32.250000 7.447633211739e-01 7.524192672180e-02 7.485544e-01
0.900000 32.275000 7.461446082812e-01 7.159613638485e-02 7.495717e-01
0.900000 32.300000 7.474641526620e-01 6.739566433796e-02 7.504964e-01
0.900000 32.325000 7.486002233007e-01 6.253396685587e-02 7.512076e-01
0.900000 32.350000 7.493968396914e-01 5.692954365104e-02 7.515561e-01
0.900000 32.375000 7.496693058868e-01 5.053481562188e-02 7.513706e-01
0.900000 32.400000 7.492119721604e-01 4.334367070534e-02 7.504647e-01
0.900000 32.425000 7.478078733684e-01 3.539711317836e-02 7.486452e-01
0.900000 32.450000 7.452397476593e-01 2.678655373003e-02 7.457210e-01
0.900000 32.475000 7.413018262638e-01 1.765441711712e-02 7.415120e-01
0.900000 32.500000 7.358117140527e-01 8.191910087488e-03 7.358573e-01
0.900000 32.525000 7.286216567839e-01 -1.366028701597e-03 7.286229e-01
0.900000 32.550000 7.196285155529e-01 -1.074839672595e-02 7.197088e-01
0.900000 32.575000 7.087818389245e-01 -1.965804910803e-02 7.090544e-01
0.900000 32.600000 6.960895320420e-01 -2.778336976432e-02 6.966438e-01
0.900000 32.625000 6.816207606737e-01 -3.481108255257e-02 6.825091e-01
0.900000 32.650000 6.655058862040e-01 -4.043952578674e-02 6.667334e-01
0.900000 32.675000 6.479333942597e-01 -4.439168733284e-02 6.494523e-01
0.900000 32.700000 6.291439448345e-01 -4.642731138357e-02 6.308547e-01
0.900000 32.725000 6.094218265984e-01 -4.635343889239e-02 6.111821e-01
0.900000 32.750000 5.890842353224e-01 -4.403282695593e-02 5.907276e-01
0.900000 32.775000 5.684689104661e-01 -3.938980274743e-02 5.698320e-01
0.900000 32.800000 5.479207508485e-01 -3.241323916071e-02 5.488786e-01
0.900000 32.825000 5.277780869332e-01 -2.315648630483e-02 5.282858e-01
0.900000 32.850000 5.083593113977e-01 -1.173424955801e-02 5.084947e-01
0.900000 32.875000 4.899505596266e-01 1.683435006007e-03 4.899535e-01
0.900000 32.900000 4.727950864965e-01 1.687981985018e-02 4.730963e-01
0.900000 32.925000 4.570849050108e-01 3.360220493080e-02 4.583184e-01
0.900000 32.950000 4.429551370391e-01 5.157425269155e-02 4.459475e-01
0.900000 32.975000 4.304813795066e-01 7.050917353557e-02 4.362176e-01
0.900000 33.000000 4.196802162519e-01 9.012303000383e-02 4.292478e-01
0.900000 33.025000 4.105128146764e-01 1.101473854145e-01 4.250332e-01
0.900000 33.050000 4.028913484206e-01 1.303405502408e-01 4.234502e-01
0.900000 33.075000 3.966877963783e-01 1.504967603122e-01 4.242764e-01
0.900000 33.100000 3.917444998262e-01 1.704527542024e-01 4.272211e-01
0.900000 33.125000 3.878857290563e-01 1.900913972190e-01 4.319607e-01
0.900000 33.150000 3.849294330536e-01 2.093422153412e-01 4.381721e-01
0.900000 33.175000 3.826983316242e-01 2.281789385053e-01 4.455599e-01
0.900000 33.200000 3.810295651452e-01 2.466143892263e-01 4.538746e-01
0.900000 33.225000 3.797822426060e-01 2.646932679258e-01 4.629223e-01
0.900000 33.250000 3.788424165118e-01 2.824835588330e-01 4.725659e-01
0.900000 33.275000 3.781252491107e-01 3.000673907749e-01 4.827206e-01
0.900000 33.300000 3.775743976368e-01 3.175322213849e-01 4.933448e-01
0.900000 33.325000 3.771589118185e-01 3.349631640977e-01 5.044295e-01
0.900000 33.350000 3.768681778207e-01 3.524371460718e-01 5.159860e-01
0.900000 33.375000 3.767056331674e-01 3.700193821579e-01 5.280355e-01
0.900000 33.400000 3.766820952061e-01 3.877623938571e-01 5.406007e-01
0.900000 33.425000 3.768095763460e-01 4.057075182814e-01 5.537003e-01
0.900000 33.450000 3.770963966310e-01 4.238885700615e-01 5.673475e-01
0.900000 33.475000 3.775442523016e-01 4.423370695352e-01 5.815512e-01
0.900000 33.500000 3.781476720584e-01 4.610882615172e-01 5.963204e-01
0.900000 33.525000 3.788960138301e-01 4.801870427538e-01 6.116713e-01
0.900000 33.550000 3.797778535570e-01 4.996929064265e-01 6.276338e-01
0.900000 33.575000 3.807873266751e-01 5.196831019197e-01 6.442589e-01
0.900000 33.600000 3.819317350774e-01 5.402533895008e-01 6.616234e-01
0.900000 33.625000 3.832395555592e-01 5.615160240840e-01 6.798329e-01
0.900000 33.650000 3.847679008153e-01 5.835949028465e-01 6.990203e-01
0.900000 33.675000 3.866085015525e-01 6.066181255592e-01 7.193411e-01
0.900000 33.700000 3.888913974166e-01 6.307085096831e-01 7.409654e-01
0.900000 33.725000 3.917857329828e-01 6.559728422658e-01 7.640657e-01
0.900000 33.750000 3.954973307326e-01 6.824908110466e-01 7.888041e-01
0.900000 33.775000 4.002630259690e-01 7.103046204003e-01 8.153178e-01
0.900000 33.800000 4.063420651646e-01 7.394102572590e-01 8.437069e-01
0.900000 33.825000 4.140051553505e-01 7.697512329230e-01 8.740236e-01
0.900000 33.850000 4.235219776760e-01 8.012154046317e-01 9.062654e-01
0.900000 33.875000 4.351481202283e-01 8.336352007496e-01 9.403731e-01
0.900000 33.900000 4.491124303589e-01 8.667912661647e-01 9.762321e-01
0.900000 33.925000 4.656057328820e-01 9.004192430120e-01 1.013678e+00
0.900000 33.950000 4.847717163699e-01 9.342191375021e-01 1.052506e+00
0.900000 33.975000 5.067005738070e-01 9.678665227023e-01 1.092479e+00
0.900000 34.000000 5.314257217254e-01 1.001024707805e+00 1.133342e+00
0.900000 34.025000 5.589236433094e-01 1.033356975139e+00 1.174829e+00
0.900000 34.050000 5.891166358448e-01 1.064538044992e+00 1.216676e+00
0.900000 34.075000 6.218780183154e-01 1.094264063538e+00 1.258629e+00
0.900000 34.100000 6.570391917697e-01 1.122260601350e+00 1.300450e+00
0.900000 34.125000 6.943978560482e-01 1.148288374420e+00 1.341922e+00
0.900000 34.150000 7.337266750483e-01 1.172146629641e+00 1.382853e+00
0.900000 34.175000 7.747817433541e-01 1.193674346948e+00 1.423076e+00
0.900000 34.200000 8.173103263520e-01 1.212749579525e+00 1.462449e+00
0.900000 34.225000 8.610575047419e-01 1.229287366865e+00 1.500856e+00
0.900000 34.250000 9.057715304481e-01 1.243236706020e+00 1.538200e+00
0.900000 34.275000 9.512078720043e-01 1.254577055083e+00 1.574408e+00
0.900000 34.300000 9.971320737492e-01 1.263314778195e+00 1.609421e+00
0.900000 34.325000 1.043321659676e+00 1.269479837265e+00 1.643198e+00
0.900000 34.350000 1.089567370823e+00 1.273122909825e+00 1.675709e+00
0.900000 34.375000 1.135674032854e+00 1.274312983852e+00 1.706936e+00
0.900000 34.400000 1.181461312689e+00 1.273135366365e+00 1.736872e+00
0.900000 34.425000 1.226764549881e+00 1.269689957297e+00 1.765521e+00
0.900000 34.450000 1.271435753861e+00 1.264089592558e+00 1.792895e+00
0.900000 34.475000 1.315344757751e+00 1.256458253779e+00 1.819016e+00
0.900000 34.500000 1.358380428438e+00 1.246928974702e+00 1.843917e+00
0.900000 34.525000 1.400451763861e+00 1.235641338074e+00 1.867639e+00
0.900000 34.550000 1.441488671113e+00 1.222738541387e+00 1.890233e+00
0.900000 34.575000 1.481442217442e+00 1.208364101502e+00 1.911757e+00
0.900000 34.600000 1.520284180038e+00 1.192658353896e+00 1.932278e+00
0.900000 34.625000 1.558005784632e+00 1.175754969726e+00 1.951866e+00
0.900000 34.650000 1.594615608733e+00 1.157777753907e+00 1.970596e+00
0.900000 34.675000 1.630136721613e+00 1.138837994234e+00 1.988542e+00
0.900000 34.700000 1.664603227957e+00 1.119032603826e+00 2.005776e+00
0.900000 34.725000 1.698056463676e+00 1.098443239358e+00 2.022368e+00
0.900000 34.750000 1.730541150835e+00 1.077136491908e+00 2.038381e+00
0.900000 34.775000 1.762101846654e+00 1.055165144623e+00 2.053869e+00
0.900000 34.800000 1.792780015133e+00 1.032570382504e+00 2.068879e+00
0.900000 34.825000 1.822612008430e+00 1.009384735506e+00 2.083452e+00
0.900000 34.850000 1.851628171719e+00 9.856354475779e-01 2.097619e+00
0.900000 34.875000 1.879853185639e+00 9.613479004726e-01 2.111407e+00
0.900000 34.900000 1.907307643023e+00 9.365486891547e-01 2.124840e+00
0.900000 34.925000 1.934010731190e+00 9.112679498460e-01 2.137945e+00
0.900000 34.950000 1.959983768538e+00 8.855405836200e-01 2.150748e+00
0.900000 34.975000 1.985254235303e+00 8.594060963821e-01 2.163288e+00
0.900000 35.000000 2.009859853112e+00 8.329068855937e-01 2.175608e+00
0.900000 35.025000 2.033852215236e+00 8.060849381104e-01 2.187768e+00
0.900000 35.050000 2.057299455637e+00 7.789770526751e-01 2.199838e+00
0.900000 35.075000 2.080287474283e+00 7.516088539162e-01 2.211902e+00
0.900000 35.100000 2.102919309737e+00 7.239880100739e-01 2.224057e+00
0.900000 35.125000 2.125312365589e+00 6.960971917084e-01 2.236404e+00
0.900000 35.150000 2.147593349400e+00 6.678874015006e-01 2.249051e+00
0.900000 35.175000 2.169890962439e+00 6.392723555031e-01 2.262100e+00
0.900000 35.200000 2.192326574061e+00 6.101245957970e-01 2.275642e+00
0.900000 35.225000 2.215003311577e+00 5.802739586527e-01 2.289751e+00
0.900000 35.250000 2.237994179487e+00 5.495089101392e-01 2.304469e+00
0.900000 35.275000 2.261329974701e+00 5.175810963248e-01 2.319807e+00
0.900000 35.300000 2.284987871833e+00 4.842132460591e-01 2.335729e+00
0.900000 35.325000 2.308881601820e+00 4.491103235689e-01 2.352155e+00
0.900000 35.350000 2.332854128971e+00 4.119735722712e-01 2.368951e+00
0.900000 35.375000 2.356673641489e+00 3.725168395610e-01 2.385934e+00
0.900000 35.400000 2.380033509968e+00 3.304843454075e-01 2.402869e+00
0.900000 35.425000 2.402556644438e+00 2.856688754895e-01 2.419480e+00
0.900000 35.450000 2.423804406508e+00 2.379292601766e-01 2.435454e+00
0.900000 35.475000 2.443289927054e+00 1.872059577749e-01 2.450451e+00
0.900000 35.500000 2.460495364075e+00 1.335336024604e-01 2.464116e+00
0.900000 35.525000 2.474892333790e+00 7.704950599006e-02 2.476091e+00
0.900000 35.550000 2.485964485222e+00 1.799731227868e-02 2.486030e+00
0.900000 35.575000 2.493230986739e+00 -4.327471703847e-02 2.493607e+00
0.900000 35.600000 2.496269570456e+00 -1.063209784000e-01 2.498533e+00
0.900000 35.625000 2.494737749525e+00 -1.706111990810e-01 2.500565e+00
0.900000 35.650000 2.488390889563e+00 -2.355479848930e-01 2.499514e+00
0.900000 35.675000 2.477095976397e+00 -3.004883892722e-01 2.495255e+00
0.900000 35.700000 2.460840168033e+00 -3.647683703189e-01 2.487728e+00
0.900000 35.725000 2.439733532350e+00 -4.277287959044e-01 2.476944e+00
0.900000 35.750000 2.414005731075e+00 -4.887415401860e-01 2.462984e+00
0.900000 35.775000 2.383996788965e+00 -5.472341970600e-01 2.445998e+00
0.900000 35.800000 2.350142456965e+00 -6.027120188272e-01 2.426197e+00
0.900000 35.825000 2.312955012616e+00 -6.547758654218e-01 2.403849e+00
0.900000 35.850000 2.273000615828e+00 -7.031352075074e-01 2.379271e+00
0.900000 35.875000 2.230874534112e+00 -7.476155460319e-01 2.352813e+00
0.900000 35.900000 2.187175655363e+00 -7.881599674720e-01 2.324851e+00
0.900000 35.925000 2.142481712464e+00 -8.248249215225e-01 2.295771e+00
0.900000 35.950000 2.097326553954e+00 -8.577706595629e-01 2.265954e+00
0.900000 35.975000 2.052180617840e+00 -8.872470827726e-01 2.235767e+00
0.900000 36.000000 2.007435516514e+00 -9.135759968011e-01 2.205543e+00
0.900000 36.025000 1.963393340382e+00 -9.371309392396e-01 2.175575e+00
0.900000 36.050000 1.920260960087e+00 -9.583158269634e-01 2.146106e+00
0.900000 36.075000 1.878149277617e+00 -9.775436599967e-01 2.117318e+00
0.900000 36.100000 1.837077070363e+00 -9.952164213388e-01 2.089332e+00
0.900000 36.125000 1.796978811758e+00 -1.011707139416e+00 2.062204e+00
0.900000 36.150000 1.757715656188e+00 -1.027344848513e+00 2.035928e+00
0.900000 36.175000 1.719088656956e+00 -1.042402914223e+00 2.010440e+00
0.900000 36.200000 1.680853250439e+00 -1.057090909733e+00 1.985626e+00
0.900000 36.225000 1.642734085883e+00 -1.071549959529e+00 1.961325e+00
0.900000 36.250000 1.604439400082e+00 -1.085851233198e+00 1.937343e+00
0.900000 36.275000 1.565674314538e+00 -1.099997093248e+00 1.913460e+00
0.900000 36.300000 1.526152649090e+00 -1.113924291759e+00 1.889436e+00
0.900000 36.325000 1.485607076613e+00 -1.127508578816e+00 1.865021e+00
0.900000 36.350000 1.443797662785e+00 -1.140570130886e+00 1.839960e+00
0.900000 36.375000 1.400519018830e+00 -1.152879321466e+00 1.813997e+00
0.900000 36.400000 1.355606422851e+00 -1.164162523868e+00 1.786881e+00
0.900000 36.425000 1.308941321848e+00 -1.174107835101e+00 1.758368e+00
0.900000 36.450000 1.260456604566e+00 -1.182370814604e+00 1.728222e+00
0.900000 36.475000 1.210141936451e+00 -1.188580514565e+00 1.696221e+00
0.900000 36.500000 1.158049282932e+00 -1.192346213651e+00 1.662158e+00
0.900000 36.525000 1.104298535161e+00 -1.193265331420e+00 1.625841e+00
0.900000 36.550000 1.049082919366e+00 -1.190932981820e+00 1.587103e+00
0.900000 36.575000 9.926736473859e-01 -1.184953515636e+00 1.545806e+00
0.900000 36.600000 9.354230834865e-01 -1.174954208510e+00 1.501843e+00
0.900000 36.625000 8.777655901204e-01 -1.160600989097e+00 1.455152e+00
0.900000 36.650000 8.202151963208e-01 -1.141615796271e+00 1.405717e+00
0.900000 36.675000 7.633593208030e-01 -1.117794837906e+00 1.353581e+00
0.900000 36.700000 7.078479804129e-01 -1.089026733523e+00 1.298856e+00
0.900000 36.725000 6.543782134508e-01 -1.055309296171e+00 1.241728e+00
0.900000 36.750000 6.036738244396e-01 -1.016763578420e+00 1.182468e+00
0.900000 36.775000 5.564609792990e-01 -9.736437983964e-01 1.121442e+00
0.900000 36.800000 5.134406071094e-01 -9.263418878457e-01 1.059118e+00
0.900000 36.825000 4.752589525669e-01 -8.753856652993e-01 9.960779e-01
0.900000 36.850000 4.424779288075e-01 -8.214300186129e-01 9.330241e-01
0.900000 36.875000 4.155471063788e-01 -7.652409540761e-01 8.707888e-01
0.900000 36.900000 3.947792140073e-01 -7.076728940026e-01 8.103404e-01
0.900000 36.925000 3.803309073975e-01 -6.496401337827e-01 7.527841e-01
0.900000 36.950000 3.721902864817e-01 -5.920838526789e-01 6.993489e-01
0.900000 36.975000 3.701722281483e-01 -5.359364626489e-01 6.513489e-01
0.900000 37.000000 3.739220840743e-01 -4.820853365196e-01 6.101016e-01
0.900000 37.025000 3.829277167445e-01 -4.313380536008e-01 5.767895e-01
0.900000 37.050000 3.965392627927e-01 -3.843912255155e-01 5.522681e-01
0.900000 37.075000 4.139954745435e-01 -3.418047229199e-01 5.368638e-01
0.900000 37.100000 4.344550468942e-01 -3.039827368224e-01 5.302421e-01
0.900000 37.125000 4.570310267261e-01 -2.711626127025e-01 5.314193e-01
0.900000 37.150000 4.808262514125e-01 -2.434118383623e-01 5.389278e-01
0.900000 37.175000 5.049677808710e-01 -2.206329995012e-01 5.510639e-01
0.900000 37.200000 5.286384660172e-01 -2.025759921790e-01 5.661234e-01
0.900000 37.225000 5.511041115304e-01 -1.888563443378e-01 5.825654e-01
0.900000 37.250000 5.717351057712e-01 -1.789781843752e-01 5.990945e-01
0.900000 37.275000 5.900218603003e-01 -1.723602239827e-01 6.146819e-01
0.900000 37.300000 6.055838774875e-01 -1.683630996447e-01 6.285523e-01
0.900000 37.325000 6.181727014402e-01 -1.663165309819e-01 6.401552e-01
0.900000 37.350000 6.276693667911e-01 -1.655449794204e-01 6.491332e-01
0.900000 37.375000 6.340772152515e-01 -1.653907922188e-01 6.552923e-01
0.900000 37.400000 6.375110888149e-01 -1.652341541350e-01 6.585763e-01
0.900000 37.425000 6.381839332368e-01 -1.645095012717e-01 6.590464e-01
0.900000 37.450000 6.363917714861e-01 -1.627183431595e-01 6.568651e-01
0.900000 37.475000 6.324978602147e-01 -1.594386632057e-01 6.522839e-01
0.900000 37.500000 6.269166552282e-01 -1.543312094565e-01 6.456335e-01
0.900000 37.525000 6.200980182361e-01 -1.471430452887e-01 6.373167e-01
0.900000 37.550000 6.125119274086e-01 -1.377087135281e-01 6.278014e-01
0.900000 37.575000 6.046338316969e-01 -1.259492978318e-01 6.176126e-01
0.900000 37.600000 5.969307265429e-01 -1.118695684652e-01 6.073229e-01
0.900000 37.625000 5.898480280118e-01 -9.555330426679e-02 5.975376e-01
0.900000 37.650000 5.837973738964e-01 -7.715681444042e-02 5.888740e-01
0.900000 37.675000 5.791455651999e-01 -5.690066216621e-02 5.819341e-01
0.900000 37.700000 5.762049549677e-01 -3.505962677408e-02 5.772706e-01
0.900000 37.725000 5.752256673485e-01 -1.195103146281e-02 5.753498e-01
0.900000 37.750000 5.763900641814e-01 1.207830223964e-02 5.765166e-01
0.900000 37.775000 5.798098519154e-01 3.666605419517e-02 5.809680e-01
0.900000 37.800000 5.855261301843e-01 6.144878487441e-02 5.887417e-01
0.900000 37.825000 5.935125276013e-01 8.607599371687e-02 5.997218e-01
0.900000 37.850000 6.036813637984e-01 1.102230855649e-01 6.136614e-01
0.900000 37.875000 6.158925419276e-01 1.336024769076e-01 6.302168e-01
0.900000 37.900000 6.299646413551e-01 1.559721589895e-01 6.489860e-01
0.900000 37.925000 6.456874767432e-01 1.771412004334e-01 6.695456e-01
0.900000 37.950000 6.628352455381e-01 1.969719043096e-01 6.914828e-01
0.900000 37.975000 6.811793231405e-01 2.153786100839e-01 7.144181e-01
0.900000 38.000000 7.004997961748e-01 2.323234191613e-01 7.380204e-01
0.900000 38.025000 7.205949501525e-01 2.478093903110e-01 7.620148e-01
0.900000 38.050000 7.412881372021e-01 2.618719659403e-01 7.861838e-01
0.900000 38.075000 7.624317202917e-01 2.745695254568e-01 8.103645e-01
0.900000 38.100000 7.839080921139e-01 2.859740004785e-01 8.344417e-01
0.900000 38.125000 8.056280646815e-01 2.961624227502e-01 8.583407e-01
0.900000 38.150000 8.275271847636e-01 3.052101161236e-01 8.820173e-01
0.900000 38.175000 8.495607200003e-01 3.131860075315e-01 9.054496e-01
0.900000 38.200000 8.716981585789e-01 3.201502467359e-01 9.286301e-01
0.900000 38.225000 8.939180605345e-01 3.261540250322e-01 9.515597e-01
0.900000 38.250000 9.162039924057e-01 3.312412051209e-01 9.742435e-01
0.900000 38.275000 9.385420828495e-01 3.354511513901e-01 9.966889e-01
0.900000 38.300000 9.609204792454e-01 3.388220084471e-01 1.018906e+00
0.900000 38.325000 9.833306962261e-01 3.413936324010e-01 1.040908e+00
0.900000 38.350000 1.005770561992e+00 3.432094386139e-01 1.062717e+00
0.900000 38.375000 1.028248221931e+00 3.443165834498e-01 1.084365e+00
0.900000 38.400000 1.050786481228e+00 3.447641266744e-01 1.105900e+00
0.900000 38.425000 1.073426679967e+00 3.445990974597e-01 1.127383e+00
0.900000 38.450000 1.096231305970e+00 3.438606770131e-01 1.148897e+00
0.900000 38.475000 1.119284660434e+00 3.425729800544e-01 1.170536e+00
0.900000 38.500000 1.142691086031e+00 3.407371340779e-01 1.192411e+00
0.900000 38.525000 1.166570523448e+00 3.383234946003e-01 1.214640e+00
0.900000 38.550000 1.191051450596e+00 3.352648808999e-01 1.237338e+00
0.900000 38.575000 1.216261546004e+00 3.314516656581e-01 1.260616e+00
0.900000 38.600000 1.242316672347e+00 3.267294101904e-01 1.284563e+00
0.900000 38.625000 1.269308970138e+00 3.208995214718e-01 1.309245e+00
0.900000 38.650000 1.297294965595e+00 3.137231425822e-01 1.334690e+00
0.900000 38.675000 1.326284620338e+00 3.049282038224e-01 1.360887e+00
0.900000 38.700000 1.356232183975e+00 2.942192880007e-01 1.387779e+00
0.900000 38.725000 1.387029563914e+00 2.812897282487e-01 1.415265e+00
0.900000 38.750000 1.418502718158e+00 2.658351827028e-01 1.443197e+00
0.900000 38.775000 1.450411330625e+00 2.475678322221e-01 1.471388e+00
0.900000 38.800000 1.482451771473e+00 2.262303307094e-01 1.499614e+00
0.900000 38.825000 1.514263103568e+00 2.016086991478e-01 1.527625e+00
0.900000 38.850000 1.545435693648e+00 1.735434824709e-01 1.555149e+00
0.900000 38.875000 1.575521840111e+00 1.419386648332e-01 1.581903e+00
0.900000 38.900000 1.604047748770e+00 1.067680417473e-01 1.607597e+00
0.900000 38.925000 1.630526175153e+00 6.807895377068e-02 1.631947e+00
0.900000 38.950000 1.654469101379e+00 2.599347434751e-02 1.654673e+00
0.900000 38.975000 1.675399915173e+00 -1.929270365786e-02 1.675511e+00
0.900000 39.000000 1.692864691486e+00 -6.751333434356e-02 1.694210e+00
0.900000 39.025000 1.706442324459e+00 -1.183362393475e-01 1.710541e+00
0.900000 39.050000 1.715753400281e+00 -1.713690858328e-01 1.724290e+00
0.900000 39.075000 1.720467823139e+00 -2.261659719252e-01 1.735270e+00
0.900000 39.100000 1.720311294446e+00 -2.822345492594e-01 1.743309e+00
0.900000 39.125000 1.715070792627e+00 -3.390435095740e-01 1.748262e+00
0.900000 39.150000 1.704599205305e+00 -3.960303611803e-01 1.750000e+00
0.900000 39.175000 1.688819231969e+00 -4.526095065617e-01 1.748418e+00
0.900000 39.200000 1.667726611731e+00 -5.081806920559e-01 1.743433e+00
0.900000 39.225000 1.641392649887e+00 -5.621379263409e-01 1.734984e+00
0.900000 39.250000 1.609965932497e+00 -6.138789529573e-01 1.723032e+00
0.900000 39.275000 1.573673044029e+00 -6.628153150676e-01 1.707563e+00
0.900000 39.300000 1.532818051430e+00 -7.083829743777e-01 1.688590e+00
0.900000 39.325000 1.487780497978e+00 -7.500533506693e-01 1.666155e+00
0.900000 39.350000 1.439011666915e+00 -7.873445460666e-01 1.640325e+00
0.900000 39.375000 1.387028928726e+00 -8.198324222876e-01 1.611203e+00
0.900000 39.400000 1.332408073012e+00 -8.471611222267e-01 1.578922e+00
0.900000 39.425000 1.275773638236e+00 -8.690525797293e-01 1.543649e+00
0.900000 39.450000 1.217787379362e+00 -8.853145504807e-01 1.505586e+00
0.900000 39.475000 1.159135141880e+00 -8.958467256489e-01 1.464969e+00
0.900000 39.500000 1.100512528063e+00 -9.006445570699e-01 1.422072e+00
0.900000 39.525000 1.042609835933e+00 -8.998005230262e-01 1.377199e+00
0.900000 39.550000 9.860968139567e-01 -8.935026882203e-01 1.330689e+00
0.900000 39.575000 9.316077991890e-01 -8.820305491713e-01 1.282915e+00
0.900000 39.600000 8.797277916945e-01 -8.657482945560e-01 1.234278e+00
0.900000 39.625000 8.309799657044e-01 -8.450957368462e-01 1.185207e+00
0.900000 39.650000 7.858150343812e-01 -8.205772763807e-01 1.136157e+00
0.900000 39.675000 7.446027791382e-01 -7.927493339414e-01 1.087605e+00
0.900000 39.700000 7.076259371637e-01 -7.622067286590e-01 1.040045e+00
0.900000 39.725000 6.750765235338e-01 -7.295684843009e-01 9.939811e-01
0.900000 39.750000 6.470545576453e-01 -6.954635221016e-01 9.499206e-01
0.900000 39.775000 6.235690761693e-01 -6.605166490155e-01 9.083615e-01
0.900000 39.800000 6.045412517074e-01 -6.253351855435e-01 8.697783e-01
0.900000 39.825000 5.898093996185e-01 -5.904965071446e-01 8.346025e-01
0.900000 39.850000 5.791356430551e-01 -5.565367073183e-01 8.032006e-01
0.900000 39.875000 5.722140127814e-01 -5.239405366848e-01 7.758496e-01
0.900000 39.900000 5.686797760243e-01 -4.931327359257e-01 7.527128e-01
0.900000 39.925000 5.681198083705e-01 -4.644708628578e-01 7.338210e-01
0.900000 39.950000 5.700838357032e-01 -4.382397129912e-01 7.190616e-01
0.900000 39.975000 5.740963721269e-01 -4.146474430000e-01 7.081802e-01
0.900000 40.000000 5.796691604083e-01 -3.938235192810e-01 7.007948e-01
0.900000 40.025000 5.863138830823e-01 -3.758186195141e-01 6.964220e-01
0.900000 40.050000 5.935548585773e-01 -3.606066043483e-01 6.945103e-01
0.900000 40.075000 6.009413749237e-01 -3.480886412783e-01 6.944755e-01
0.900000 40.100000 6.080592543077e-01 -3.380994989625e-01 6.957351e-01
0.900000 40.125000 6.145411970713e-01 -3.304159374552e-01 6.977360e-01
0.900000 40.150000 6.200754358675e-01 -3.247670027727e-01 6.999765e-01
0.900000 40.175000 6.244122498174e-01 -3.208459021953e-01 7.020205e-01
0.900000 40.200000 6.273679513067e-01 -3.183230029889e-01 7.035056e-01
0.900000 40.225000 6.288260661503e-01 -3.168593774246e-01 7.041464e-01
0.900000 40.250000 6.287355771352e-01 -3.161202272541e-01 7.037332e-01
0.900000 40.275000 6.271062814656e-01 -3.157874756736e-01 7.021282e-01
0.900000 40.300000 6.240015093660e-01 -3.155708250982e-01 6.992588e-01
0.900000 40.325000 6.195286454030e-01 -3.152166501200e-01 6.951095e-01
0.900000 40.350000 6.138280657801e-01 -3.145142255807e-01 6.897131e-01
0.900000 40.375000 6.070612345894e-01 -3.132989715195e-01 6.831395e-01
0.900000 40.400000 5.993987737356e-01 -3.114526151897e-01 6.754862e-01
0.900000 40.425000 5.910093243682e-01 -3.089004055943e-01 6.668669e-01
0.900000 40.450000 5.820499486164e-01 -3.056057453261e-01 6.574017e-01
0.900000 40.475000 5.726586834881e-01 -3.015628047385e-01 6.472079e-01
0.900000 40.500000 5.629496658514e-01 -2.967878337392e-01 6.363924e-01
0.900000 40.525000 5.530110169142e-01 -2.913099707961e-01 6.250461e-01
0.900000 40.550000 5.429054294939e-01 -2.851623579387e-01 6.132405e-01
0.900000 40.575000 5.326731665622e-01 -2.783743036160e-01 6.010266e-01
0.900000 40.600000 5.223369790242e-01 -2.709650996034e-01 5.884369e-01
0.900000 40.625000 5.119083046801e-01 -2.629399086951e-01 5.754889e-01
0.900000 40.650000 5.013940328767e-01 -2.542879175251e-01 5.621906e-01
0.900000 40.675000 4.908031167488e-01 -2.449827178067e-01 5.485474e-01
0.900000 40.700000 4.801523849182e-01 -2.349846643936e-01 5.345691e-01
0.900000 40.725000 4.694710366783e-01 -2.242447822405e-01 5.202776e-01
0.900000 40.750000 4.588034818651e-01 -2.127096739692e-01 5.057134e-01
0.900000 40.775000 4.482103870618e-01 -2.003268256505e-01 4.909413e-01
0.900000 40.800000 4.377679899297e-01 -1.870497228777e-01 4.760551e-01
0.900000 40.825000 4.275659208055e-01 -1.728422663630e-01 4.611801e-01
0.900000 40.850000 4.177039065890e-01 -1.576821031540e-01 4.464753e-01
0.900000 40.875000 4.082878136443e-01 -1.415626479404e-01 4.321330e-01
0.900000 40.900000 3.994255085535e-01 -1.244937378326e-01 4.183771e-01
0.900000 40.925000 3.912229803302e-01 -1.065010225316e-01 4.054601e-01
0.900000 40.950000 3.837810843234e-01 -8.762432175559e-02 3.936571e-01
0.900000 40.975000 3.771931511433e-01 -6.791526982878e-02 3.832586e-01
0.900000 41.000000 3.715435713075e-01 -4.743460654201e-02 3.745593e-01
0.900000 41.025000 3.669073363840e-01 -2.624946372737e-02 3.678451e-01
0.900000 41.050000 3.633504067306e-01 -4.430944902573e-03 3.633774e-01
0.900000 41.075000 3.609306970172e-01 1.794778753550e-02 3.613767e-01
0.900000 41.100000 3.596994305916e-01 4.081280191643e-02 3.620074e-01
0.900000 41.125000 3.597026133021e-01 6.409004708201e-02 3.653676e-01
0.900000 41.150000 3.609824116971e-01 8.770543066544e-02 3.714842e-01
0.900000 41.175000 3.635782799480e-01 1.115844541266e-01 3.803160e-01
0.900000 41.200000 3.675277518105e-01 1.356515617236e-01 3.917627e-01
0.900000 41.225000 3.728668850314e-01 1.598293578648e-01 4.056786e-01
0.900000 41.250000 3.796304037136e-01 1.840378174620e-01 4.218876e-01
0.900000 41.275000 3.878516203011e-01 2.081935657121e-01 4.401970e-01
0.900000 41.300000 3.975622284861e-01 2.322092484189e-01 4.604094e-01
0.900000 41.325000 4.087920418412e-01 2.559929633376e-01 4.823311e-01
0.900000 41.350000 4.215687154181e-01 2.794476874808e-01 5.057778e-01
0.900000 41.375000 4.359174376224e-01 3.024706221664e-01 5.305775e-01
0.900000 41.400000 4.518605282067e-01 3.249523898706e-01 5.565716e-01
0.900000 41.425000 4.694168362241e-01 3.467760530769e-01 5.836144e-01
0.900000 41.450000 4.886008086913e-01 3.678159793242e-01 6.115712e-01
0.900000 41.475000 5.094211026864e-01 3.879366393464e-01 6.403161e-01
0.900000 41.500000 5.318786426542e-01 4.069914855518e-01 6.697290e-01
0.900000 41.525000 5.559640782184e-01 4.248221052227e-01 6.996927e-01
0.900000 41.550000 5.816546690879e-01 4.412578676590e-01 7.300895e-01
0.900000 41.575000 6.089107029162e-01 4.561162813359e-01 7.607985e-01
0.900000 41.600000 6.376716279246e-01 4.692042445218e-01 7.916930e-01
0.900000 41.625000 6.678521437364e-01 4.803203137730e-01 8.226385e-01
0.900000 41.650000 6.993385322043e-01 4.892580363185e-01 8.534915e-01
0.900000 41.675000 7.319855194737e-01 4.958103045562e-01 8.840988e-01
0.900000 41.700000 7.656139398321e-01 4.997746049546e-01 9.142972e-01
0.900000 41.725000 8.000094241497e-01 5.009589604355e-01 9.439147e-01
0.900000 41.750000 8.349222679328e-01 4.991883134667e-01 9.727714e-01
0.900000 41.775000 8.700685558536e-01 4.943110718400e-01 1.000681e+00
0.900000 41.800000 9.051325418928e-01 4.862055414219e-01 1.027454e+00
0.900000 41.825000 9.397702170327e-01 4.747859967274e-01 1.052896e+00
0.900000 41.850000 9.736139475727e-01 4.600081840040e-01 1.076816e+00
0.900000 41.875000 1.006278040837e+00 4.418741032522e-01 1.099021e+00
0.900000 41.900000 1.037365091275e+00 4.204359650860e-01 1.119327e+00
0.900000 41.925000 1.066472974518e+00 3.957992564203e-01 1.137551e+00
0.900000 41.950000 1.093202382176e+00 3.681248691610e-01 1.153520e+00
0.900000 41.975000 1.117164816315e+00 3.376302457098e-01 1.167070e+00
0.900000 42.000000 1.137990979435e+00 3.045894759534e-01 1.178048e+00
0.900000 42.025000 1.155339494836e+00 2.693322485341e-01 1.186317e+00
0.900000 42.050000 1.168905867870e+00 2.322415240192e-01 1.191754e+00
0.900000 42.075000 1.178431549582e+00 1.937497704904e-01 1.194253e+00
0.900000 42.100000 1.183712894385e+00 1.543335944484e-01 1.193732e+00
0.900000 42.125000 1.184609720790e+00 1.145066213116e-01 1.190131e+00
0.900000 42.150000 1.181053101124e+00 7.481053603635e-02 1.183420e+00
0.900000 42.175000 1.173051936296e+00 3.580428642966e-02 1.173598e+00
0.900000 42.200000 1.160697829402e+00 -1.948425002111e-03 1.160699e+00
0.900000 42.225000 1.144167769106e+00 -3.789309018813e-02 1.144795e+00
0.900000 42.250000 1.123724178493e+00 -7.149936326257e-02 1.125997e+00
0.900000 42.275000 1.099711980024e+00 -1.022764822639e-01 1.104458e+00
0.900000 42.300000 1.072552468997e+00 -1.297884644520e-01 1.080377e+00
0.900000 42.325000 1.042733966998e+00 -1.536683215763e-01 1.053996e+00
0.900000 42.350000 1.010799428791e+00 -1.736305219858e-01 1.025604e+00
0.900000 42.375000 9.773313829558e-01 -1.894809672294e-01 9.955298e-01
0.900000 42.400000 9.429347790158e-01 -2.011238516425e-01 9.641456e-01
0.900000 42.425000 9.082184735339e-01 -2.085649278757e-01 9.318584e-01
0.900000 42.450000 8.737761992807e-01 -2.119108971645e-01 8.991057e-01
0.900000 42.475000 8.401679148257e-01 -2.113648638908e-01 8.663471e-01
0.900000 42.500000 8.079024221878e-01 -2.072180208462e-01 8.340537e-01
0.900000 42.525000 7.774220693650e-01 -1.998379456290e-01 8.026956e-01
0.900000 42.550000 7.490902302547e-01 -1.896540728304e-01 7.727256e-01
0.900000 42.575000 7.231820889788e-01 -1.771410478267e-01 7.445611e-01
0.900000 42.600000 6.998790642180e-01 -1.628007578228e-01 7.185644e-01
0.900000 42.625000 6.792670082426e-01 -1.471438713917e-01 6.950216e-01
0.900000 42.650000 6.613381204373e-01 -1.306717014809e-01 6.741240e-01
0.900000 42.675000 6.459963394192e-01 -1.138591454265e-01 6.559536e-01
0.900000 42.700000 6.330658309154e-01 -9.713935866069e-02 6.404751e-01
0.900000 42.725000 6.223020759158e-01 -8.089069775965e-02 6.275374e-01
0.900000 42.750000 6.134049867689e-01 -6.542633440992e-02 6.168843e-01
0.900000 42.775000 6.060334360393e-01 -5.098680457058e-02 6.081745e-01
0.900000 42.800000 5.998205699501e-01 -3.773562412388e-02 6.010064e-01
0.900000 42.825000 5.943892898367e-01 -2.575797856799e-02 5.949471e-01
0.900000 42.850000 5.893673160171e-01 -1.506238228829e-02 5.895598e-01
0.900000 42.875000 5.844012945057e-01 -5.585103226655e-03 5.844280e-01
0.900000 42.900000 5.791694652122e-01 2.802939088117e-03 5.791762e-01
0.900000 42.925000 5.733924792645e-01 1.028717072756e-02 5.734848e-01
0.900000 42.950000 5.668420326075e-01 1.709868941779e-02 5.670999e-01
0.900000 42.975000 5.593470731912e-01 2.350240533794e-02 5.598406e-01
0.900000 43.000000 5.507974395622e-01 2.978451924776e-02 5.516022e-01
0.900000 43.025000 5.411448979491e-01 3.623987805562e-02 5.423570e-01
0.900000 43.050000 5.304016595550e-01 4.315974236175e-02 5.321548e-01
0.900000 43.075000 5.186365742655e-01 5.082046859025e-02 5.211205e-01
0.900000 43.100000 5.059693040600e-01 5.947354852745e-02 5.094527e-01
0.900000 43.125000 4.925628706689e-01 6.933736244340e-02 4.974192e-01
0.900000 43.150000 4.786150390403e-01 8.059089262270e-02 4.853527e-01
0.900000 43.175000 4.643490337777e-01 9.336951934714e-02 4.736432e-01
0.900000 43.200000 4.500040852112e-01 1.077628911018e-01 4.627273e-01
0.900000 43.225000 4.358262640498e-01 1.238147366206e-01 4.530724e-01
0.900000 43.250000 4.220599916440e-01 1.415243802284e-01 4.451559e-01
0.900000 43.275000 4.089405139405e-01 1.608496443460e-01 4.394371e-01
0.900000 43.300000 3.966875120008e-01 1.817107817115e-01 4.363253e-01
0.900000 43.325000 3.854999036103e-01 2.039950784473e-01 4.361470e-01
0.900000 43.350000 3.755517829518e-01 2.275618062984e-01 4.391167e-01
0.900000 43.375000 3.669893613769e-01 2.522472719771e-01 4.453200e-01
0.900000 43.400000 3.599287219799e-01 2.778698029783e-01 4.547090e-01
0.900000 43.425000 3.544541895452e-01 3.042346088164e-01 4.671150e-01
0.900000 43.450000 3.506171458383e-01 3.311385493542e-01 4.822708e-01
0.900000 43.475000 3.484351829012e-01 3.583749134211e-01 4.998396e-01
0.900000 43.500000 3.478915737791e-01 3.857383496178e-01 5.194445e-01
0.900000 43.525000 3.489351369613e-01 4.130300898487e-01 5.406936e-01
0.900000 43.550000 3.514806618578e-01 4.400635630125e-01 5.632003e-01
0.900000 43.575000 3.554101321363e-01 4.666704157073e-01 5.865984e-01
0.900000 43.600000 3.605750183706e-01 4.927068485868e-01 6.105525e-01
0.900000 43.625000 3.667999021271e-01 5.180600553794e-01 6.347664e-01
0.900000 43.650000 3.738876368554e-01 5.426544333829e-01 6.589885e-01
0.900000 43.675000 3.816261495495e-01 5.664571367483e-01 6.830170e-01
0.900000 43.700000 3.897968498815e-01 5.894824825224e-01 7.067045e-01
0.900000 43.725000 3.981844542477e-01 6.117947058275e-01 7.299614e-01
0.900000 43.750000 4.065878680874e-01 6.335086009142e-01 7.527595e-01
0.900000 43.775000 4.148316194523e-01 6.547876790899e-01 7.751337e-01
0.900000 43.800000 4.227772176017e-01 6.758396163544e-01 7.971824e-01
0.900000 43.825000 4.303337368363e-01 6.969089410983e-01 8.190661e-01
0.900000 43.850000 4.374669075442e-01 7.182671094366e-01 8.410023e-01
0.900000 43.875000 4.442060374158e-01 7.402003144661e-01 8.632587e-01
0.900000 43.900000 4.506481837819e-01 7.629955576073e-01 8.861411e-01
0.900000 43.925000 4.569591451840e-01 7.869256588213e-01 9.099800e-01
0.900000 43.950000 4.633710241573e-01 8.122339850627e-01 9.351132e-01
0.900000 43.975000 4.701763183754e-01 8.391197247824e-01 9.618668e-01
0.900000 44.000000 4.777187071225e-01 8.677245278773e-01 9.905357e-01
0.900000 44.025000 4.863808984950e-01 8.981212675475e-01 1.021366e+00
0.900000 44.050000 4.965700758234e-01 9.303055698573e-01 1.054538e+00
0.900000 44.075000 5.087016188682e-01 9.641906084627e-01 1.090156e+00
0.900000 44.100000 5.231818694741e-01 9.996054879261e-01 1.128242e+00
0.900000 44.125000 5.403907595642e-01 1.036297351791e+00 1.168732e+00
0.900000 44.150000 5.606651221096e-01 1.073937162999e+00 1.211481e+00
0.900000 44.175000 5.842834662674e-01 1.112128924645e+00 1.256271e+00
0.900000 44.200000 6.114529213849e-01 1.150421946806e+00 1.302822e+00
0.900000 44.225000 6.422989472388e-01 1.188325626627e+00 1.350802e+00
0.900000 44.250000 6.768582762549e-01 1.225326098314e+00 1.399843e+00
0.900000 44.275000 7.150754040751e-01 1.260904030206e+00 1.449556e+00
0.900000 44.300000 7.568027839840e-01 1.294552799609e+00 1.499539e+00
0.900000 44.325000 8.018047145933e-01 1.325796263645e+00 1.549396e+00
0.900000 44.350000 8.497647451306e-01 1.354205366663e+00 1.598741e+00
0.900000 44.375000 9.002962653648e-01 1.379412881554e+00 1.647214e+00
0.900000 44.400000 9.529558047867e-01 1.401125672217e+00 1.694485e+00
0.900000 44.425000 1.007258445629e+00 1.419133984747e+00 1.740262e+00
0.900000 44.450000 1.062694664051e+00 1.433317420621e+00 1.784298e+00
0.900000 44.475000 1.118747859912e+00 1.443647409199e+00 1.826394e+00
0.900000 44.500000 1.174911822928e+00 1.450186169777e+00 1.866402e+00
0.900000 44.525000 1.230707413869e+00 1.453082323939e+00 1.904229e+00
0.900000 44.550000 1.285697812621e+00 1.452563474955e+00 1.939835e+00
0.900000 44.575000 1.339501795216e+00 1.448926200321e+00 1.973234e+00
0.900000 44.600000 1.391804640356e+00 1.442523996157e+00 2.004494e+00
0.900000 44.625000 1.442366419895e+00 1.433753760753e+00 2.033733e+00
0.900000 44.650000 1.491027582837e+00 1.423041406509e+00 2.061119e+00
0.900000 44.675000 1.537711883209e+00 1.410827147149e+00 2.086862e+00
0.900000 44.700000 1.582426815081e+00 1.397550928156e+00 2.111214e+00
0.900000 44.725000 1.625261792452e+00 1.383638365258e+00 2.134463e+00
0.900000 44.750000 1.666384342175e+00 1.369487444127e+00 2.156927e+00
0.900000 44.775000 1.706034565251e+00 1.355456131233e+00 2.178948e+00
0.900000 44.800000 1.744518072601e+00 1.341850967042e+00 2.200888e+00
0.900000 44.825000 1.782197528688e+00 1.328916670826e+00 2.223117e+00
0.900000 44.850000 1.819482857203e+00 1.316826788380e+00 2.246008e+00
0.900000 44.875000 1.856820096571e+00 1.305675459630e+00 2.269927e+00
0.900000 44.900000 1.894678857599e+00 1.295470464960e+00 2.295224e+00
0.900000 44.925000 1.933538345856e+00 1.286127812192e+00 2.322218e+00
0.900000 44.950000 1.973871975681e+00 1.277468230557e+00 2.351190e+00
0.900000 44.975000 2.016130721320e+00 1.269216020595e+00 2.382371e+00
0.900000 45.000000 2.060725514633e+00 1.261000747213e+00 2.415929e+00
0.900000 45.025000 2.108009190692e+00 1.252362238412e+00 2.451961e+00
0.900000 45.050000 2.158258677820e+00 1.242759252665e+00 2.490488e+00
0.900000 45.075000 2.211658298679e+00 1.231582001470e+00 2.531448e+00
0.900000 45.100000 2.268285164636e+00 1.218168468691e+00 2.574695e+00
0.900000 45.125000 2.328097681384e+00 1.201824174363e+00 2.620004e+00
0.900000 45.150000 2.390928121381e+00 1.181844716018e+00 2.667076e+00
0.900000 45.175000 2.456480050534e+00 1.157540120047e+00 2.715547e+00
0.900000 45.200000 2.524331127695e+00 1.128259785982e+00 2.764999e+00
0.900000 45.225000 2.593941443877e+00 1.093416642419e+00 2.814976e+00
0.900000 45.250000 2.664667163447e+00 1.052509082023e+00 2.865000e+00
0.900000 45.275000 2.735778810754e+00 1.005139321412e+00 2.914582e+00
0.900000 45.300000 2.806483156172e+00 9.510270422283e-01 2.963241e+00
0.900000 45.325000 2.875947338984e+00 8.900175003305e-01 3.010516e+00
0.900000 45.350000 2.943323658887e+00 8.220837138367e-01 3.055974e+00
0.900000 45.375000 3.007773401027e+00 7.473228189264e-01 3.099224e+00
0.900000 45.400000 3.068488145226e+00 6.659471678425e-01 3.139921e+00
0.900000 45.425000 3.124707246133e+00 5.782711863832e-01 3.177765e+00
0.900000 45.450000 3.175730538301e+00 4.846953609299e-01 3.212506e+00
0.900000 45.475000 3.220925784835e+00 3.856889484504e-01 3.243936e+00
0.900000 45.500000 3.259730904570e+00 2.817730704749e-01 3.271887e+00
0.900000 45.525000 3.291651528498e+00 1.735057534670e-01 3.296221e+00
0.900000 45.550000 3.316254897885e+00 6.147022055010e-02 3.316825e+00
0.900000 45.575000 3.333161475803e+00 -5.373265246183e-02 3.333595e+00
0.900000 45.600000 3.342035862187e+00 -1.714872913951e-01 3.346433e+00
0.900000 45.625000 3.342578656433e+00 -2.911618969776e-01 3.355236e+00
0.900000 45.650000 3.334520794015e+00 -4.121030712846e-01 3.359890e+00
0.900000 45.675000 3.317621605977e+00 -5.336276953909e-01 3.360264e+00
0.900000 45.700000 3.291671439830e+00 -6.550135108417e-01 3.356210e+00
0.900000 45.725000 3.256499178508e+00 -7.754900671033e-01 3.347562e+00
0.900000 45.750000 3.211984450472e+00 -8.942317407937e-01 3.334141e+00
0.900000 45.775000 3.158073792403e+00 -1.010354406214e+00 3.315757e+00
0.900000 45.800000 3.094799557631e+00 -1.122917053381e+00 3.292222e+00
0.900000 45.825000 3.022300002950e+00 -1.230929237391e+00 3.263355e+00
0.900000 45.850000 2.940838766729e+00 -1.333364741385e+00 3.228993e+00
0.900000 45.875000 2.850821890894e+00 -1.429181291793e+00 3.189004e+00
0.900000 45.900000 2.752810641754e+00 -1.517345628892e+00 3.143295e+00
0.900000 45.925000 2.647528637887e+00 -1.596862755128e+00 3.091824e+00
0.900000 45.950000 2.535862172240e+00 -1.666807799050e+00 3.034608e+00
0.900000 45.975000 2.418853085181e+00 -1.726358674238e+00 2.971728e+00
0.900000 46.000000 2.297684063775e+00 -1.774827598531e+00 2.903337e+00
0.900000 46.025000 2.173656766492e+00 -1.811689573955e+00 2.829665e+00
0.900000 46.050000 2.048163659874e+00 -1.836606104108e+00 2.751017e+00
0.900000 46.075000 1.922654867948e+00 -1.849442724591e+00 2.667778e+00
0.900000 46.100000 1.798601647488e+00 -1.850279315420e+00 2.580407e+00
0.900000 46.125000 1.677458293811e+00 -1.839412619097e+00 2.489439e+00
0.900000 46.150000 1.560624343727e+00 -1.817350867862e+00 2.395478e+00
0.900000 46.175000 1.449408876244e+00 -1.784800892911e+00 2.299196e+00
0.900000 46.200000 1.344998528164e+00 -1.742648514245e+00 2.201328e+00
0.900000 46.225000 1.248430559443e+00 -1.691933364363e+00 2.102669e+00
0.900000 46.250000 1.160571946177e+00 -1.633819560947e+00 2.004069e+00
0.900000 46.275000 1.082105075792e+00 -1.569563799161e+00 1.906432e+00
0.900000 46.300000 1.013520199263e+00 -1.500482477066e+00 1.810710e+00
0.900000 46.325000 9.551143891456e-01 -1.427919399907e+00 1.717905e+00
0.900000 46.350000 9.069963878018e-01 -1.353215439803e+00 1.629059e+00
0.900000 46.375000 8.690964321447e-01 -1.277681272711e+00 1.545250e+00
0.900000 46.400000 8.411799289305e-01 -1.202573996091e+00 1.467572e+00
0.900000 46.425000 8.228637414317e-01 -1.129078074503e+00 1.397112e+00
0.900000 46.450000 8.136338401930e-01 -1.058290695186e+00 1.334908e+00
0.900000 46.475000 8.128631655212e-01 -9.912112712307e-01 1.281892e+00
0.900000 46.500000 8.198287372338e-01 -9.287345346575e-01 1.238817e+00
0.900000 46.525000 8.337273100366e-01 -8.716464404944e-01 1.206179e+00
0.900000 46.550000 8.536891858586e-01 -8.206219750807e-01 1.184148e+00
0.900000 46.575000 8.787901275414e-01 -7.762239387639e-01 1.172517e+00
0.900000 46.600000 9.080616385494e-01 -7.389018571825e-01 1.170706e+00
0.900000 46.625000 9.405001479655e-01 -7.089903585276e-01 1.177798e+00
0.900000 46.650000 9.750758391756e-01 -6.867066185795e-01 1.192618e+00
0.900000 46.675000 1.010741960864e+00 -6.721467939734e-01 1.213829e+00
0.900000 46.700000 1.046445445930e+00 -6.652817031700e-01 1.240019e+00
0.900000 46.725000 1.081139534605e+00 -6.659523363017e-01 1.269785e+00
0.900000 46.750000 1.113798861653e+00 -6.738660416194e-01 1.301785e+00
0.900000 46.775000 1.143437145513e+00 -6.885944138494e-01 1.334770e+00
0.900000 46.800000 1.169127241517e+00 -7.095739724605e-01 1.367609e+00
0.900000 46.825000 1.190022931715e+00 -7.361106509575e-01 1.399290e+00
0.900000 46.850000 1.205381463704e+00 -7.673889208380e-01 1.428926e+00
0.900000 46.875000 1.214585562857e+00 -8.024860590810e-01 1.455748e+00
0.900000 46.900000 1.217163463291e+00 -8.403916632034e-01 1.479103e+00
0.900000 46.925000 1.212805459446e+00 -8.800320615167e-01 1.498450e+00
0.900000 46.950000 1.201375585259e+00 -9.202988044326e-01 1.513358e+00
0.900000 46.975000 1.182917278695e+00 -9.600800043686e-01 1.523498e+00
0.900000 47.000000 1.157652267005e+00 -9.982929631475e-01 1.528642e+00
0.900000 47.025000 1.125972378743e+00 -1.033916324938e+00 1.528658e+00
0.900000 47.050000 1.088424507609e+00 -1.066019945185e+00 1.523505e+00
0.900000 47.075000 1.045689468970e+00 -1.093790781207e+00 1.513223e+00
0.900000 47.100000 9.985559501434e-01 -1.116553380328e+00 1.497934e+00
0.900000 47.125000 9.478911128696e-01 -1.133783941652e+00 1.477824e+00
0.900000 47.150000 8.946096238636e-01 -1.145117418671e+00 1.453142e+00
0.900000 47.175000 8.396429449687e-01 -1.150347662223e+00 1.424184e+00
0.900000 47.200000 7.839106036138e-01 -1.149421122733e+00 1.391289e+00
0.900000 47.225000 7.282949006356e-01 -1.142425084371e+00 1.354824e+00
0.900000 47.250000 6.736201263752e-01 -1.129571746455e+00 1.315179e+00
0.900000 47.275000 6.206368907737e-01 -1.111179666597e+00 1.272757e+00
0.900000 47.300000 5.700116806902e-01 -1.087654119439e+00 1.227968e+00
0.900000 47.325000 5.223212916444e-01 -1.059467806413e+00 1.181225e+00
0.900000 47.350000 4.780513913838e-01 -1.027143095577e+00 1.132941e+00
0.900000 47.375000 4.375981989012e-01 -9.912366112828e-01 1.083532e+00
0.900000 47.400000 4.012721302038e-01 -9.523265772776e-01 1.033414e+00
0.900000 47.425000 3.693022794474e-01 -9.110028953643e-01 9.830109e-01
0.900000 47.450000 3.418407613012e-01 -8.678595654344e-01 9.327568e-01
0.900000 47.475000 3.189662114704e-01 -8.234887655014e-01 8.831043e-01
0.900000 47.500000 3.006860880378e-01 -7.784757440686e-01 8.345278e-01
0.900000 47.525000 2.869377894942e-01 -7.333936481004e-01 7.875275e-01
0.900000 47.550000 2.775889566339e-01 -6.887975171096e-01 7.426289e-01
0.900000 47.575000 2.724376092767e-01 -6.452168996987e-01 7.003764e-01
0.900000 47.600000 2.712129487327e-01 -6.031468612656e-01 6.613188e-01
0.900000 47.625000 2.735777101965e-01 -5.630375082633e-01 6.259840e-01
0.900000 47.650000 2.791328690118e-01 -5.252825082941e-01 5.948419e-01
0.900000 47.675000 2.874253007148e-01 -4.902073901792e-01 5.682575e-01
0.900000 47.700000 2.979586917512e-01 -4.580586242219e-01 5.464404e-01
0.900000 47.725000 3.102076324435e-01 -4.289945815012e-01 5.294007e-01
0.900000 47.750000 3.236344400917e-01 -4.030794378477e-01 5.169258e-01
0.900000 47.775000 3.377079039056e-01 -3.802809246178e-01 5.085865e-01
0.900000 47.800000 3.519228571564e-01 -3.604725512192e-01 5.037759e-01
0.900000 47.825000 3.658192995060e-01 -3.434405633809e-01 5.017720e-01
0.900000 47.850000 3.789997357946e-01 -3.288954955364e-01 5.018098e-01
0.900000 47.875000 3.911434741274e-01 -3.164877692098e-01 5.031478e-01
0.900000 47.900000 4.020168285323e-01 -3.058264253188e-01 5.051211e-01
0.900000 47.925000 4.114784787185e-01 -2.964997949036e-01 5.071752e-01
0.900000 47.950000 4.194796195988e-01 -2.880967386364e-01 5.088840e-01
0.900000 47.975000 4.260589472178e-01 -2.802270369910e-01 5.099543e-01
0.900000 48.000000 4.313329339802e-01 -2.725395929499e-01 5.102215e-01
0.900000 48.025000 4.354822050498e-01 -2.647373069648e-01 5.096377e-01
0.900000 48.050000 4.387351061274e-01 -2.565877771875e-01 5.082576e-01
0.900000 48.075000 4.413497266273e-01 -2.479293354860e-01 5.062199e-01
0.900000 48.100000 4.435956992170e-01 -2.386723150608e-01 5.037277e-01
0.900000 48.125000 4.457370366714e-01 -2.287958210562e-01 5.010280e-01
0.900000 48.150000 4.480171015737e-01 -2.183406067679e-01 4.983893e-01
0.900000 48.175000 4.506465548933e-01 -2.073989164912e-01 4.960813e-01
0.900000 48.200000 4.537948242399e-01 -1.961023221454e-01 4.943540e-01
0.900000 48.225000 4.575853036865e-01 -1.846086452058e-01 4.934214e-01
0.900000 48.250000 4.620941767515e-01 -1.730890193899e-01 4.934479e-01
0.900000 48.275000 4.673524716634e-01 -1.617160238780e-01 4.945406e-01
0.900000 48.300000 4.733507368636e-01 -1.506536204714e-01 4.967469e-01
0.900000 48.325000 4.800455806103e-01 -1.400493853546e-01 5.000576e-01
0.900000 48.350000 4.873672585685e-01 -1.300292640843e-01 5.044150e-01
0.900000 48.375000 4.952275157027e-01 -1.206948239065e-01 5.097230e-01
0.900000 48.400000 5.035269839450e-01 -1.121227545144e-01 5.158594e-01
0.900000 48.425000 5.121615889000e-01 -1.043661959055e-01 5.226871e-01
0.900000 48.450000 5.210276068249e-01 -9.745736256025e-02 5.300639e-01
0.900000 48.475000 5.300252148052e-01 -9.141089197630e-02 5.378501e-01
0.900000 48.500000 5.390605702852e-01 -8.622737059533e-02 5.459134e-01
0.900000 48.525000 5.480466212394e-01 -8.189657270578e-02 5.541319e-01
0.900000 48.550000 5.569029699062e-01 -7.840007406394e-02 5.623944e-01
0.900000 48.575000 5.655551812752e-01 -7.571305418278e-02 5.706007e-01
0.900000 48.600000 5.739339387955e-01 -7.380526028167e-02 5.786600e-01
0.900000 48.625000 5.819744066347e-01 -7.264125288243e-02 5.864904e-01
0.900000 48.650000 5.896160686197e-01 -7.218017129749e-02 5.940177e-01
0.900000 48.675000 5.968031916968e-01 -7.237533390458e-02 6.011757e-01
0.900000 48.700000 6.034859225699e-01 -7.317401523877e-02 6.079060e-01
0.900000 48.725000 6.096218877899e-01 -7.451771732602e-02 6.141594e-01
0.900000 48.750000 6.151780472966e-01 -7.634317990092e-02 6.198970e-01
0.900000 48.775000 6.201324644678e-01 -7.858426214306e-02 6.250918e-01
0.900000 48.800000 6.244756135895e-01 -8.117469072296e-02 6.297294e-01
0.900000 48.825000 6.282108549145e-01 -8.405152172907e-02 6.338088e-01
0.900000 48.850000 6.313537690345e-01 -8.715902529297e-02 6.373416e-01
0.900000 48.875000 6.339301511970e-01 -9.045258880824e-02 6.403508e-01
0.900000 48.900000 6.359726120416e-01 -9.390216260114e-02 6.428676e-01
0.900000 48.925000 6.375158990515e-01 -9.749475183069e-02 6.449277e-01
0.900000 48.950000 6.385912247867e-01 -1.012354960646e-01 6.465658e-01
0.900000 48.975000 6.392200443760e-01 -1.051469731075e-01 6.478103e-01
0.900000 49.000000 6.394078472044e-01 -1.092665096700e-01 6.486768e-01
0.900000 49.025000 6.391386003796e-01 -1.136414659556e-01 6.491629e-01
0.900000 49.050000 6.383704930484e-01 -1.183226670197e-01 6.492435e-01
0.900000 49.075000 6.370335755121e-01 -1.233563605170e-01 6.488671e-01
0.900000 49.100000 6.350297666304e-01 -1.287752667165e-01 6.479551e-01
0.900000 49.125000 6.322355253220e-01 -1.345894320584e-01 6.464024e-01
0.900000 49.150000 6.285072614693e-01 -1.407776848636e-01 6.440805e-01
0.900000 49.175000 6.236893175981e-01 -1.472805090737e-01 6.408431e-01
0.900000 49.200000 6.176241079401e-01 -1.539950935913e-01 6.365328e-01
0.900000 49.225000 6.101637794220e-01 -1.607731827454e-01 6.309896e-01
0.900000 49.250000 6.011825819384e-01 -1.674221567767e-01 6.240598e-01
0.900000 49.275000 5.905890214292e-01 -1.737095257788e-01 6.156057e-01
0.900000 49.300000 5.783368316932e-01 -1.793707471464e-01 6.055141e-01
0.900000 49.325000 5.644338454332e-01 -1.841199993310e-01 5.937051e-01
0.900000 49.350000 5.489479700450e-01 -1.876632884868e-01 5.801391e-01
0.900000 49.375000 5.320096698398e-01 -1.897130526990e-01 5.648233e-01
0.900000 49.400000 5.138106078415e-01 -1.900032803752e-01 5.478162e-01
0.900000 49.425000 4.945983859532e-01 -1.883040887861e-01 5.292315e-01
0.900000 49.450000 4.746676180051e-01 -1.844347224348e-01 5.092401e-01
0.900000 49.475000 4.543478510219e-01 -1.782740281628e-01 4.880713e-01
0.900000 49.500000 4.339890925597e-01 -1.697676365806e-01 4.660124e-01
0.900000 49.525000 4.139458863448e-01 -1.589313130523e-01 4.434077e-01
0.900000 49.550000 3.945609902159e-01 -1.458502166131e-01 4.206550e-01
0.900000 49.575000 3.761497414436e-01 -1.306740993680e-01 3.982014e-01
0.900000 49.600000 3.589861436743e-01 -1.136087686478e-01 3.765342e-01
0.900000 49.625000 3.432915825055e-01 -9.490439708361e-02 3.561684e-01
0.900000 49.650000 3.292268843909e-01 -7.484148233151e-02 3.376264e-01
0.900000 49.675000 3.168881922255e-01 -5.371541327678e-02 3.214086e-01
0.900000 49.700000 3.063068596448e-01 -3.182068333666e-02 3.079553e-01
0.900000 49.725000 2.974532853048e-01 -9.435799829930e-03 2.976029e-01
0.900000 49.750000 2.902443384658e-01 1.319012717266e-02 2.905439e-01
0.900000 49.775000 2.845537866830e-01 3.584826587985e-02 2.868030e-01
0.900000 49.800000 2.802249410655e-01 5.837775206734e-02 2.862411e-01
0.900000 49.825000 2.770845964448e-01 8.066975596213e-02 2.885888e-01
0.900000 49.850000 2.749572707603e-01 1.026677525859e-01 2.934999e-01
0.900000 49.875000 2.736787434657e-01 1.243640860644e-01 3.006102e-01
0.900000 49.900000 2.731079559301e-01 1.457931738051e-01 3.095862e-01
0.900000 49.925000 2.731364627078e-01 1.670219261878e-01 3.201560e-01
0.900000 49.950000 2.736948026104e-01 1.881381469055e-01 3.321217e-01
0.900000 49.975000 2.747553810005e-01 2.092378162243e-01 3.453563e-01
0.900000 50.000000 2.763317054207e-01 2.304122351677e-01 3.597902e-01
0.900000 50.025000 2.784740794664e-01 2.517360175031e-01 3.753916e-01
0.900000 50.050000 2.812621175833e-01 2.732568569143e-01 3.921450e-01
0.900000 50.075000 2.847946789106e-01 2.949878715485e-01 4.100315e-01
0.900000 50.100000 2.891780148938e-01 3.169031442466e-01 4.290123e-01
0.900000 50.125000 2.945130685464e-01 3.389368453191e-01 4.490169e-01
0.900000 50.150000 3.008829413026e-01 3.609860606147e-01 4.699377e-01
0.900000 50.175000 3.083415487205e-01 3.829171687546e-01 4.916300e-01
0.900000 50.200000 3.169044161049e-01 4.045753376316e-01 5.139160e-01
0.900000 50.225000 3.265424221309e-01 4.257964621201e-01 5.365935e-01
0.900000 50.250000 3.371790911641e-01 4.464206619533e-01 5.594472e-01
0.900000 50.275000 3.486917770176e-01 4.663063178984e-01 5.822607e-01
0.900000 50.300000 3.609167908662e-01 4.853435584763e-01 6.048300e-01
0.900000 50.325000 3.736582258069e-01 5.034661257954e-01 6.269758e-01
0.900000 50.350000 3.866999436809e-01 5.206606483461e-01 6.485556e-01
0.900000 50.375000 3.998199394704e-01 5.369725246843e-01 6.694740e-01
0.900000 50.400000 4.128061056811e-01 5.525078619943e-01 6.896911e-01
0.900000 50.425000 4.254723000190e-01 5.674311989610e-01 7.092283e-01
0.900000 50.450000 4.376735847255e-01 5.819590503494e-01 7.281720e-01
0.900000 50.475000 4.493195583230e-01 5.963496160762e-01 7.466732e-01
0.900000 50.500000 4.603848358204e-01 6.108892752978e-01 7.649444e-01
0.900000 50.525000 4.709159398856e-01 6.258767134932e-01 7.832519e-01
0.900000 50.550000 4.810341251669e-01 6.416056895687e-01 8.019050e-01
0.900000 50.575000 4.909339483429e-01 6.583475288726e-01 8.212415e-01
0.900000 50.600000 5.008776927739e-01 6.763344222103e-01 8.416096e-01
0.900000 50.625000 5.111860340881e-01 6.957445237673e-01 8.633491e-01
0.900000 50.650000 5.222255693677e-01 7.166896827371e-01 8.867715e-01
0.900000 50.675000 5.343940101044e-01 7.392064309073e-01 9.121420e-01
0.900000 50.700000 5.481039461934e-01 7.632506021668e-01 9.396645e-01
0.900000 50.725000 5.637661203549e-01 7.886957025384e-01 9.694706e-01
0.900000 50.750000 5.817731121500e-01 8.153349033015e-01 1.001614e+00
0.900000 50.775000 6.024842272291e-01 8.428863148579e-01 1.036072e+00
0.900000 50.800000 6.262122349481e-01 8.710010307354e-01 1.072746e+00
0.900000 50.825000 6.532124137226e-01 8.992733193757e-01 1.111476e+00
0.900000 50.850000 6.836741675542e-01 9.272522898295e-01 1.152045e+00
0.900000 50.875000 7.177152874980e-01 9.544543637911e-01 1.194194e+00
0.900000 50.900000 7.553787644121e-01 9.803759428903e-01 1.237632e+00
0.900000 50.925000 7.966319261604e-01 1.004505755116e+00 1.282051e+00
0.900000 50.950000 8.413675808579e-01 1.026336483599e+00 1.327127e+00
0.900000 50.975000 8.894068000314e-01 1.045375409954e+00 1.372536e+00
0.900000 51.000000 9.405029693379e-01 1.061153929150e+00 1.417954e+00
0.900000 51.025000 9.943467634884e-01 1.073235901919e+00 1.463066e+00
0.900000 51.050000 1.050571757284e+00 1.081224895689e+00 1.507564e+00
0.900000 51.075000 1.108760455837e+00 1.084770421316e+00 1.551153e+00
0.900000 51.100000 1.168450603626e+00 1.083573299502e+00 1.593552e+00
0.900000 51.125000 1.229141704537e+00 1.077390289923e+00 1.634490e+00
0.900000 51.150000 1.290301745951e+00 1.066038092485e+00 1.673713e+00
0.900000 51.175000 1.351374163903e+00 1.049396790099e+00 1.710978e+00
0.900000 51.200000 1.411785110616e+00 1.027412752840e+00 1.746057e+00
0.900000 51.225000 1.470951089891e+00 1.000100971238e+00 1.778735e+00
0.900000 51.250000 1.528287011252e+00 9.675467377111e-01 1.808814e+00
0.900000 51.275000 1.583214683272e+00 9.299065548080e-01 1.836109e+00
0.900000 51.300000 1.635171723827e+00 8.874081204245e-01 1.860451e+00
0.900000 51.325000 1.683620814109e+00 8.403492259396e-01 1.881692e+00
0.900000 51.350000 1.728059168202e+00 7.890954043966e-01 1.899700e+00
0.900000 51.375000 1.768028034747e+00 7.340761827916e-01 1.914364e+00
0.900000 51.400000 1.803121995411e+00 6.757798248891e-01 1.925598e+00
0.900000 51.425000 1.832997779971e+00 6.147464978245e-01 1.933338e+00
0.900000 51.450000 1.857382283244e+00 5.515598556591e-01 1.937547e+00
0.900000 51.475000 1.876079447975e+00 4.868371039697e-01 1.938217e+00
0.900000 51.500000 1.888975673325e+00 4.212176886902e-01 1.935369e+00
0.900000 51.525000 1.896043423253e+00 3.553508361479e-01 1.929055e+00
0.900000 51.550000 1.897342745131e+00 2.898822549547e-01 1.919360e+00
0.900000 51.575000 1.893020467060e+00 2.254403887054e-01 1.906397e+00
0.900000 51.600000 1.883306922347e+00 1.626226752434e-01 1.890315e+00
0.900000 51.625000 1.868510149098e+00 1.019823173010e-01 1.871291e+00
0.900000 51.650000 1.849007627800e+00 4.401609470795e-02 1.849531e+00
0.900000 51.675000 1.825235744063e+00 -1.084625483735e-02 1.825268e+00
0.900000 51.700000 1.797677289675e+00 -6.225059443826e-02 1.798755e+00
0.900000 51.725000 1.766847433983e+00 -1.099244619195e-01 1.770264e+00
0.900000 51.750000 1.733278700184e+00 -1.536803337480e-01 1.740078e+00
0.900000 51.775000 1.697505558672e+00 -1.934158793812e-01 1.708489e+00
0.900000 51.800000 1.660049294731e+00 -2.291111518558e-01 1.675785e+00
0.900000 51.825000 1.621403815521e+00 -2.608228164095e-01 1.642248e+00
0.900000 51.850000 1.582023028955e+00 -2.886756749905e-01 1.608145e+00
0.900000 51.875000 1.542310355648e+00 -3.128518897308e-01 1.573721e+00
0.900000 51.900000 1.502610828439e+00 -3.335784324708e-01 1.539193e+00
0.900000 51.925000 1.463206099031e+00 -3.511133813919e-01 1.504743e+00
0.900000 51.950000 1.424312516922e+00 -3.657317432770e-01 1.470519e+00
0.900000 51.975000 1.386082282644e+00 -3.777114972798e-01 1.436625e+00
0.900000 52.000000 1.348607516161e+00 -3.873205329173e-01 1.403125e+00
0.900000 52.025000 1.311926932356e+00 -3.948050938812e-01 1.370045e+00
0.900000 52.050000 1.276034687908e+00 -4.003802454425e-01 1.337374e+00
0.900000 52.075000 1.240890864202e+00 -4.042227639010e-01 1.305069e+00
0.900000 52.100000 1.206432983636e+00 -4.064667101219e-01 1.273065e+00
0.900000 52.125000 1.172587923746e+00 -4.072018044998e-01 1.241280e+00
0.900000 52.150000 1.139283594214e+00 -4.064745760823e-01 1.209623e+00
0.900000 52.175000 1.106459773928e+00 -4.042921215050e-01 1.178009e+00
0.900000 52.200000 1.074077564649e+00 -4.006281858920e-01 1.146362e+00
0.900000 52.225000 1.042127000085e+00 -3.954311725236e-01 1.114628e+00
0.900000 52.250000 1.010632449134e+00 -3.886336039766e-01 1.082781e+00
0.900000 52.275000 9.796555648697e-01 -3.801624965162e-01 1.050832e+00
0.900000 52.300000 9.492956518482e-01 -3.699500727575e-01 1.018835e+00
0.900000 52.325000 9.196874493022e-01 -3.579442254308e-01 9.868886e-01
0.900000 52.350000 8.909964526599e-01 -3.441181575482e-01 9.551398e-01
0.900000 52.375000 8.634120166204e-01 -3.284786611772e-01 9.237849e-01
0.900000 52.400000 8.371385956286e-01 -3.110725579174e-01 8.930662e-01
0.900000 52.425000 8.123855775325e-01 -2.919909080805e-01 8.632665e-01
0.900000 52.450000 7.893562487547e-01 -2.713707007588e-01 8.347008e-01
0.900000 52.475000 7.682364894995e-01 -2.493938606200e-01 8.077033e-01
0.900000 52.500000 7.491838305808e-01 -2.262835451621e-01 7.826114e-01
0.900000 52.525000 7.323175052078e-01 -2.022978526153e-01 7.597456e-01
0.900000 52.550000 7.177100965498e-01 -1.777212084641e-01 7.393866e-01
0.900000 52.575000 7.053813138869e-01 -1.528538393127e-01 7.217528e-01
0.900000 52.600000 6.952943277049e-01 -1.279998674114e-01 7.069782e-01
0.900000 52.625000 6.873549608192e-01 -1.034546584969e-01 6.950969e-01
0.900000 52.650000 6.814138748138e-01 -7.949212138199e-02 6.860349e-01
0.900000 52.675000 6.772717174852e-01 -5.635268329766e-02 6.796121e-01
0.900000 52.700000 6.746870182753e-01 -3.423264614638e-02 6.755549e-01
0.900000 52.725000 6.733864467851e-01 -1.327556439183e-02 6.735173e-01
0.900000 52.750000 6.730768965390e-01 6.433822503847e-03 6.731076e-01
0.900000 52.775000 6.734587336718e-01 2.487271572506e-02 6.739179e-01
0.900000 52.800000 6.742394677920e-01 4.208022794969e-02 6.755513e-01
0.900000 52.825000 6.751470669728e-01 5.815417860523e-02 6.776470e-01
0.900000 52.850000 6.759421543246e-01 7.324488937993e-02 6.798990e-01
0.900000 52.875000 6.764283898934e-01 8.754634326073e-02 6.820702e-01
0.900000 52.900000 6.764604548840e-01 1.012852352165e-01 6.840011e-01
0.900000 52.925000 6.759492080373e-01 1.147085729791e-01 6.856131e-01
0.900000 52.950000 6.748637659888e-01 1.280705726574e-01 6.869084e-01
0.900000 52.975000 6.732304579250e-01 1.416196297304e-01 6.879647e-01
0.900000 53.000000 6.711288058302e-01 1.555861285357e-01 6.889274e-01
0.900000 53.025000 6.686848707913e-01 1.701717837662e-01 6.899985e-01
0.900000 53.050000 6.660624696390e-01 1.855410906082e-01 6.914222e-01
0.900000 53.075000 6.634528928413e-01 2.018153043474e-01 6.934689e-01
0.900000 53.100000 6.610638347772e-01 2.190691868474e-01 6.964170e-01
0.900000 53.125000 6.591082754039e-01 2.373305596956e-01 7.005352e-01
0.900000 53.150000 6.577940257167e-01 2.565825067377e-01 7.060648e-01
0.900000 53.175000 6.573145702248e-01 2.767678870751e-01 7.132061e-01
0.900000 53.200000 6.578417138572e-01 2.977956674399e-01 7.221066e-01
0.900000 53.225000 6.595203780146e-01 3.195484722768e-01 7.328563e-01
0.900000 53.250000 6.624657037832e-01 3.418906899710e-01 7.454865e-01
0.900000 53.275000 6.667624249135e-01 3.646764697521e-01 7.599744e-01
0.900000 53.300000 6.724662855292e-01 3.877569966473e-01 7.762515e-01
0.900000 53.325000 6.796071141313e-01 4.109865374105e-01 7.942139e-01
0.900000 53.350000 6.881930412526e-01 4.342268997158e-01 8.137338e-01
0.900000 53.375000 6.982152751273e-01 4.573501268634e-01 8.346698e-01
0.900000 53.400000 7.096528357398e-01 4.802394440983e-01 8.568763e-01
0.900000 53.425000 7.224766950561e-01 5.027886616053e-01 8.802096e-01
0.900000 53.450000 7.366528766223e-01 5.249004040826e-01 9.045319e-01
0.900000 53.475000 7.521442214808e-01 5.464836597626e-01 9.297125e-01
0.900000 53.500000 7.689107144152e-01 5.674512085395e-01 9.556278e-01
0.900000 53.525000 7.869084654479e-01 5.877174903389e-01 9.821592e-01
0.900000 53.550000 8.060876342524e-01 6.071974085411e-01 1.009191e+00
0.900000 53.575000 8.263897473113e-01 6.258064339451e-01 1.036607e+00
0.900000 53.600000 8.477449689943e-01 6.434621947153e-01 1.064291e+00
0.900000 53.625000 8.700699325799e-01 6.600875257123e-01 1.092125e+00
0.900000 53.650000 8.932667066696e-01 6.756147302599e-01 1.119991e+00
0.900000 53.675000 9.172233657936e-01 6.899906048184e-01 1.147774e+00
0.900000 53.700000 9.418164596117e-01 7.031816179215e-01 1.175365e+00
0.900000 53.725000 9.669154498857e-01 7.151785412441e-01 1.202666e+00
0.900000 53.750000 9.923889324982e-01 7.259998185391e-01 1.229598e+00
0.900000 53.775000 1.018112212140e+00 7.356930343963e-01 1.256104e+00
0.900000 53.800000 1.043975580443e+00 7.443340060775e-01 1.282154e+00
0.900000 53.825000 1.069892492877e+00 7.520232543254e-01 1.307750e+00
0.900000 53.850000 1.095806768637e+00 7.588798897422e-01 1.332926e+00
0.900000 53.875000 1.121697965203e+00 7.650332495234e-01 1.357749e+00
0.900000 53.900000 1.147584208461e+00 7.706129004304e-01 1.382315e+00
0.900000 53.925000 1.173521981228e+00 7.757378533151e-01 1.406742e+00
0.900000 53.950000 1.199602667106e+00 7.805059819035e-01 1.431166e+00
0.900000 53.975000 1.225945982244e+00 7.849846817358e-01 1.455728e+00
0.900000 54.000000 1.252690767758e+00 7.892037333136e-01 1.480566e+00
0.900000 54.025000 1.279983920547e+00 7.931511490321e-01 1.505805e+00
0.900000 54.050000 1.307968472972e+00 7.967725023948e-01 1.531544e+00
0.900000 54.075000 1.336771961890e+00 7.999738885880e-01 1.557857e+00
0.900000 54.100000 1.366496235575e+00 8.026282853414e-01 1.584779e+00
0.900000 54.125000 1.397209727651e+00 8.045847148370e-01 1.612312e+00
0.900000 54.150000 1.428942989505e+00 8.056792940626e-01 1.640426e+00
0.900000 54.175000 1.461687940717e+00 8.057470400980e-01 1.669060e+00
0.900000 54.200000 1.495400906176e+00 8.046331961588e-01 1.698134e+00
0.900000 54.225000 1.530009102405e+00 8.022028780057e-01 1.727558e+00
0.900000 54.250000 1.565419860190e+00 7.983480071414e-01 1.757242e+00
0.900000 54.275000 1.601531569362e+00 7.929907798485e-01 1.787103e+00
0.900000 54.300000 1.638245139483e+00 7.860832883931e-01 1.817078e+00
0.900000 54.325000 1.675474709775e+00 7.776033211059e-01 1.847128e+00
0.900000 54.350000 1.713156419775e+00 7.675467746898e-01 1.877241e+00
0.900000 54.375000 1.751254259177e+00 7.559174685214e-01 1.907434e+00
0.900000 54.400000 1.789762326142e+00 7.427154166361e-01 1.937750e+00
0.900000 54.425000 1.828703200560e+00 7.279247594110e-01 1.968256e+00
0.900000 54.450000 1.868122537302e+00 7.115025695054e-01 1.999029e+00
0.900000 54.475000 1.908080357520e+00 6.933696277278e-01 2.030156e+00
0.900000 54.500000 1.948639820701e+00 6.734040327641e-01 2.061715e+00
0.900000 54.525000 1.989854463161e+00 6.514381963614e-01 2.093775e+00
0.900000 54.550000 2.031754970626e+00 6.272594241825e-01 2.126378e+00
0.900000 54.575000 2.074336510115e+00 6.006139374658e-01 2.159539e+00
0.900000 54.600000 2.117547492796e+00 5.712138948915e-01 2.193238e+00
0.900000 54.625000 2.161280402322e+00 5.387467625590e-01 2.227416e+00
0.900000 54.650000 2.205365040630e+00 5.028862749515e-01 2.261975e+00
0.900000 54.675000 2.249564258459e+00 4.633042376312e-01 2.296778e+00
0.900000 54.700000 2.293571993132e+00 4.196825331781e-01 2.331653e+00
0.900000 54.725000 2.337013266809e+00 3.717248805393e-01 2.366392e+00
0.900000 54.750000 2.379445727538e+00 3.191681281230e-01 2.400756e+00
0.900000 54.775000 2.420362350696e+00 2.617930900741e-01 2.434479e+00
0.900000 54.800000 2.459195050808e+00 1.994351207076e-01 2.467269e+00
0.900000 54.825000 2.495319158295e+00 1.319947277836e-01 2.498808e+00
0.900000 54.850000 2.528058955261e+00 5.944852669564e-02 2.528758e+00
0.900000 54.875000 2.556694694310e+00 -1.813927403264e-02 2.556759e+00
0.900000 54.900000 2.580471698994e+00 -1.006048814456e-01 2.582432e+00
0.900000 54.925000 2.598612223653e+00 -1.876727408430e-01 2.605380e+00
0.900000 54.950000 2.610330705673e+00 -2.789438249359e-01 2.625193e+00
0.900000 54.975000 2.614852862005e+00 -3.738853639591e-01 2.641448e+00
0.900000 55.000000 2.611438770781e+00 -4.718232506592e-01 2.653720e+00
0.900000 55.025000 2.599409663026e+00 -5.719385032558e-01 2.661587e+00
0.900000 55.050000 2.578177670697e+00 -6.732691714804e-01 2.664637e+00
0.900000 55.075000 2.547277289219e+00 -7.747189049742e-01 2.662482e+00
0.900000 55.100000 2.506396874333e+00 -8.750730687003e-01 2.654765e+00
0.900000 55.125000 2.455408162245e+00 -9.730228064173e-01 2.641174e+00
0.900000 55.150000 2.394391627211e+00 -1.067196859722e+00 2.621454e+00
0.900000 55.175000 2.323655505624e+00 -1.156200301061e+00 2.595414e+00
0.900000 55.200000 2.243746534258e+00 -1.238658698127e+00 2.562942e+00
0.900000 55.225000 2.155450864703e+00 -1.313265660093e+00 2.524012e+00
0.900000 55.250000 2.059784196783e+00 -1.378831283779e+00 2.478686e+00
0.900000 55.275000 1.957970872907e+00 -1.434328768331e+00 2.427128e+00
0.900000 55.300000 1.851412431386e+00 -1.478936430788e+00 2.369595e+00
0.900000 55.325000 1.741646861463e+00 -1.512072541129e+00 2.306447e+00
0.900000 55.350000 1.630300468603e+00 -1.533420790904e+00 2.238137e+00
0.900000 55.375000 1.519034785681e+00 -1.542944780452e+00 2.165213e+00
0.900000 55.400000 1.409491308571e+00 -1.540890605357e+00 2.088303e+00
0.900000 55.425000 1.303236966344e+00 -1.527777381349e+00 2.008116e+00
0.900000 55.450000 1.201713150913e+00 -1.504376302291e+00 1.925425e+00
0.900000 55.475000 1.106190843394e+00 -1.471679514828e+00 1.841059e+00
0.900000 55.500000 1.017733917802e+00 -1.430860661607e+00 1.755889e+00
0.900000 55.525000 9.371721242937e-01 -1.383229352906e+00 1.670813e+00
0.900000 55.550000 8.650846091992e-01 -1.330182051887e+00 1.586744e+00
0.900000 55.575000 8.017941750043e-01 -1.273151897896e+00 1.504590e+00
0.900000 55.600000 7.473718732588e-01 -1.213559859481e+00 1.425234e+00
0.900000 55.625000 7.016510008649e-01 -1.152769332636e+00 1.349515e+00
0.900000 55.650000 6.642491659789e-01 -1.092045919089e+00 1.278198e+00
0.900000 55.675000 6.345968195512e-01 -1.032523678015e+00 1.211948e+00
0.900000 55.700000 6.119705130760e-01 -9.751786857269e-01 1.151296e+00
0.900000 55.725000 5.955291301813e-01 -9.208103000618e-01 1.096607e+00
0.900000 55.750000 5.843514270348e-01 -8.700301388648e-01 1.048055e+00
0.900000 55.775000 5.774733761486e-01 -8.232584639380e-01 1.005599e+00
0.900000 55.800000 5.739240106026e-01 -7.807274204960e-01 9.689809e-01
0.900000 55.825000 5.727586839051e-01 -7.424904145985e-01 9.377337e-01
0.900000 55.850000 5.730888733959e-01 -7.084368063387e-01 9.112154e-01
0.900000 55.875000 5.741078485100e-01 -6.783110390088e-01 8.886539e-01
0.900000 55.900000 5.751116938310e-01 -6.517352968641e-01 8.692021e-01
0.900000 55.925000 5.755153226130e-01 -6.282347711750e-01 8.519958e-01
0.900000 55.950000 5.748632468637e-01 -6.072646050736e-01 8.362046e-01
0.900000 55.975000 5.728349957432e-01 -5.882375773378e-01 8.210745e-01
0.900000 56.000000 5.692452056544e-01 -5.705515751862e-01 8.059586e-01
0.900000 56.025000 5.640385511463e-01 -5.536159034264e-01 7.903354e-01
0.900000 56.050000 5.572798490668e-01 -5.368754929144e-01 7.738192e-01
0.900000 56.075000 5.491398468150e-01 -5.198321176746e-01 7.561614e-01
0.900000 56.100000 5.398773904395e-01 -5.020618185287e-01 7.372474e-01
0.900000 56.125000 5.298188458374e-01 -4.832278692708e-01 7.170894e-01
0.900000 56.150000 5.193357991006e-01 -4.630888112882e-01 6.958167e-01
0.900000 56.175000 5.088221716963e-01 -4.415013191778e-01 6.736642e-01
0.900000 56.200000 4.986719359110e-01 -4.184179315158e-01 6.509587e-01
0.900000 56.225000 4.892585932465e-01 -3.938799695592e-01 6.281046e-01
0.900000 56.250000 4.809174770060e-01 -3.680062499712e-01 6.055660e-01
0.900000 56.275000 4.739317615754e-01 -3.409784514588e-01 5.838473e-01
0.900000 56.300000 4.685228144112e-01 -3.130241961068e-01 5.634694e-01
0.900000 56.325000 4.648452294553e-01 -2.843990344138e-01 5.449439e-01
0.900000 56.350000 4.629865555787e-01 -2.553685648409e-01 5.287435e-01
0.900000 56.375000 4.629714073081e-01 -2.261918680255e-01 5.152720e-01
0.900000 56.400000 4.647693451532e-01 -1.971072953182e-01 5.048384e-01
0.900000 56.425000 4.683056650488e-01 -1.683214320835e-01 4.976367e-01
0.900000 56.450000 4.734740619678e-01 -1.400017769287e-01 4.937390e-01
0.900000 56.475000 4.801500461728e-01 -1.122733630380e-01 4.931018e-01
0.900000 56.500000 4.882039982212e-01 -8.521922471790e-02 4.955860e-01
0.900000 56.525000 4.975128483847e-01 -5.888430931530e-02 5.009854e-01
0.900000 56.550000 5.079695468205e-01 -3.328217786756e-02 5.090587e-01
0.900000 56.575000 5.194897345989e-01 -8.403648580554e-03 5.195577e-01
0.900000 56.600000 5.320153090894e-01 1.577356970696e-02 5.322491e-01
0.900000 56.625000 5.455148736417e-01 3.927522458548e-02 5.469269e-01
0.900000 56.650000 5.599813438285e-01 6.212174799327e-02 5.634166e-01
0.900000 56.675000 5.754272255823e-01 8.432111669392e-02 5.815725e-01
0.900000 56.700000 5.918782634472e-01 1.058638863227e-01 6.012712e-01
0.900000 56.725000 6.093662650559e-01 1.267206888836e-01 6.224029e-01
0.900000 56.750000 6.279219332886e-01 1.468422168369e-01 6.448632e-01
0.900000 56.775000 6.475684806560e-01 1.661614601797e-01 6.685466e-01
0.900000 56.800000 6.683166691376e-01 1.845977403091e-01 6.933423e-01
0.900000 56.825000 6.901617276489e-01 2.020619163738e-01 7.191330e-01
0.900000 56.850000 7.130823683989e-01 2.184620412208e-01 7.457963e-01
0.900000 56.875000 7.370418759789e-01 2.337087231170e-01 7.732079e-01
0.900000 56.900000 7.619910036190e-01 2.477195069606e-01 8.012461e-01
0.900000 56.925000 7.878722032466e-01 2.604217180785e-01 8.297964e-01
0.900000 56.950000 8.146245601329e-01 2.717533995594e-01 8.587567e-01
0.900000 56.975000 8.421887144361e-01 2.816622015198e-01 8.880402e-01
0.900000 57.000000 8.705110397815e-01 2.901023251064e-01 9.175777e-01
0.900000 57.025000 8.995464148616e-01 2.970298610741e-01 9.473175e-01
0.900000 57.050000 9.292590621320e-01 3.023970686806e-01 9.772238e-01
0.900000 57.075000 9.596211252712e-01 3.061462944364e-01 1.007273e+00
0.900000 57.100000 9.906088955742e-01 3.082043157338e-01 1.037447e+00
0.900000 57.125000 1.022196854103e+00 3.084779016952e-01 1.067729e+00
0.900000 57.150000 1.054349946377e+00 3.068513102536e-01 1.098095e+00
0.900000 57.175000 1.087014725075e+00 3.031862916891e-01 1.128505e+00
0.900000 57.200000 1.120110161698e+00 2.973249571308e-01 1.158900e+00
0.900000 57.225000 1.153519023024e+00 2.890956145996e-01 1.189194e+00
0.900000 57.250000 1.187080721878e+00 2.783213982493e-01 1.219272e+00
0.900000 57.275000 1.220586480682e+00 2.648312441315e-01 1.248986e+00
0.900000 57.300000 1.253777495383e+00 2.484725235327e-01 1.278161e+00
0.900000 57.325000 1.286346568684e+00 2.291244556769e-01 1.306593e+00
0.900000 57.350000 1.317943413803e+00 2.067113035813e-01 1.334056e+00
0.900000 57.375000 1.348183536578e+00 1.812143218270e-01 1.360308e+00
0.900000 57.400000 1.376660310276e+00 1.526814771271e-01 1.385101e+00
0.900000 57.425000 1.402959589925e+00 1.212340980121e-01 1.408188e+00
0.900000 57.450000 1.426675994506e+00 8.706981737398e-02 1.429330e+00
0.900000 57.475000 1.447429834783e+00 5.046143329717e-02 1.448309e+00
0.900000 57.500000 1.464883594320e+00 1.175160724691e-02 1.464931e+00
0.900000 57.525000 1.478756886507e+00 -2.865638046420e-02 1.479035e+00
0.900000 57.550000 1.488838908891e+00 -7.031131474543e-02 1.490498e+00
0.900000 57.575000 1.494997588206e+00 -1.127294231083e-01 1.499242e+00
0.900000 57.600000 1.497184839962e+00 -1.554115157659e-01 1.505229e+00
0.900000 57.625000 1.495437635595e+00 -1.978608450374e-01 1.508470e+00
0.900000 57.650000 1.489874855923e+00 -2.396006057774e-01 1.509018e+00
0.900000 57.675000 1.480690189970e+00 -2.801900414837e-01 1.506967e+00
0.900000 57.700000 1.468141592360e+00 -3.192382351457e-01 1.502449e+00
0.900000 57.725000 1.452538023248e+00 -3.564148383806e-01 1.495626e+00
0.900000 57.750000 1.434224349132e+00 -3.914572117654e-01 1.486687e+00
0.900000 57.775000 1.413565373023e+00 -4.241736961387e-01 1.475835e+00
0.900000 57.800000 1.390929985390e+00 -4.544429909733e-01 1.463286e+00
0.900000 57.825000 1.366676385025e+00 -4.822098644097e-01 1.449252e+00
0.900000 57.850000 1.341139217335e+00 -5.074776447196e-01 1.433941e+00
0.900000 57.875000 1.314619325726e+00 -5.302981319709e-01 1.417547e+00
0.900000 57.900000 1.287376621017e+00 -5.507597116420e-01 1.400241e+00
0.900000 57.925000 1.259626356878e+00 -5.689745421920e-01 1.382169e+00
0.900000 57.950000 1.231538869467e+00 -5.850657225138e-01 1.363448e+00
0.900000 57.975000 1.203242610190e+00 -5.991553220608e-01 1.344165e+00
0.900000 58.000000 1.174830084664e+00 -6.113540782233e-01 1.324379e+00
0.900000 58.025000 1.146366121089e+00 -6.217534367430e-01 1.304121e+00
0.900000 58.050000 1.117897738392e+00 -6.304204385783e-01 1.283404e+00
0.900000 58.075000 1.089464778731e+00 -6.373957500199e-01 1.262223e+00
0.900000 58.100000 1.061110418101e+00 -6.426949037029e-01 1.240569e+00
0.900000 58.125000 1.032890678415e+00 -6.463125802742e-01 1.218435e+00
0.900000 58.150000 1.004882136559e+00 -6.482295293542e-01 1.195822e+00
0.900000 58.175000 9.771871589684e-01 -6.484215206154e-01 1.172751e+00
0.900000 58.200000 9.499361777770e-01 -6.468695477422e-01 1.149269e+00
0.900000 58.225000 9.232867557135e-01 -6.435703949001e-01 1.125452e+00
0.900000 58.250000 8.974194458301e-01 -6.385466293655e-01 1.101410e+00
0.900000 58.275000 8.725307194810e-01 -6.318551130072e-01 1.077289e+00
0.900000 58.300000 8.488234894742e-01 -6.235932313757e-01 1.053266e+00
0.900000 58.325000 8.264959721141e-01 -6.139022174812e-01 1.029549e+00
0.900000 58.350000 8.057297904011e-01 -6.029671859570e-01 1.006365e+00
0.900000 58.375000 7.866783032569e-01 -5.910137734521e-01 9.839512e-01
0.900000 58.400000 7.694561406631e-01 -5.783015784539e-01 9.625463e-01
0.900000 58.425000 7.541308284009e-01 -5.651148804273e-01 9.423737e-01
0.900000 58.450000 7.407172040930e-01 -5.517513654696e-01 9.236296e-01
0.900000 58.475000 7.291750733005e-01 -5.385097671434e-01 9.064707e-01
0.900000 58.500000 7.194102537413e-01 -5.256774256830e-01 8.910039e-01
0.900000 58.525000 7.112788370687e-01 -5.135187634618e-01 8.772794e-01
0.900000 58.550000 7.045941944131e-01 -5.022655668230e-01 8.652882e-01
0.900000 58.575000 6.991359974239e-01 -4.921097627362e-01 8.549638e-01
0.900000 58.600000 6.946603503607e-01 -4.831991029030e-01 8.461881e-01
0.900000 58.625000 6.909100528241e-01 -4.756358469542e-01 8.388004e-01
0.900000 58.650000 6.876240483569e-01 -4.694782059023e-01 8.326083e-01
0.900000 58.675000 6.845452601838e-01 -4.647440053428e-01 8.273991e-01
0.900000 58.700000 6.814262575023e-01 -4.614157917108e-01 8.229497e-01
0.900000 58.725000 6.780325075648e-01 -4.594464645960e-01 8.190355e-01
0.900000 58.750000 6.741433143047e-01 -4.587644939878e-01 8.154349e-01
0.900000 58.775000 6.695508817604e-01 -4.592778804248e-01 8.119326e-01
0.900000 58.800000 6.640582273313e-01 -4.608762307555e-01 8.083194e-01
0.900000 58.825000 6.574768674774e-01 -4.634306304257e-01 8.043903e-01
0.900000 58.850000 6.496252773711e-01 -4.667913601693e-01 7.999420e-01
0.900000 58.875000 6.403290698891e-01 -4.707838869876e-01 7.947696e-01
0.900000 58.900000 6.294236475505e-01 -4.752039085140e-01 7.886653e-01
0.900000 58.925000 6.167597695472e-01 -4.798124998906e-01 7.814171e-01
0.900000 58.950000 6.022120763030e-01 -4.843325638746e-01 7.728114e-01
0.900000 58.975000 5.856901699627e-01 -4.884477909731e-01 7.626364e-01
0.900000 59.000000 5.671514125436e-01 -4.918051859515e-01 7.506884e-01
0.900000 59.025000 5.466142279257e-01 -4.940219171077e-01 7.367800e-01
0.900000 59.050000 5.241704289063e-01 -4.946968204336e-01 7.207493e-01
0.900000 59.075000 4.999949754540e-01 -4.934263833234e-01 7.024703e-01
0.900000 59.100000 4.743516290685e-01 -4.898244948595e-01 6.818633e-01
0.900000 59.125000 4.475932060551e-01 -4.835447411882e-01 6.589045e-01
0.900000 59.150000 4.201555348221e-01 -4.743036040674e-01 6.336360e-01
0.900000 59.175000 3.925447550402e-01 -4.619026403064e-01 6.061728e-01
0.900000 59.200000 3.653182097320e-01 -4.462476183385e-01 5.767099e-01
0.900000 59.225000 3.390598141050e-01 -4.273626864733e-01 5.455277e-01
0.900000 59.250000 3.143513716960e-01 -4.053979455260e-01 5.129954e-01
0.900000 59.275000 2.917417861171e-01 -3.806292751384e-01 4.795747e-01
0.900000 59.300000 2.717164318352e-01 -3.534498771457e-01 4.458213e-01
0.900000 59.325000 2.546690618911e-01 -3.243536940646e-01 4.123853e-01
0.900000 59.350000 2.408785261062e-01 -2.939115695568e-01 3.800085e-01
0.900000 59.375000 2.304922541342e-01 -2.627416709607e-01 3.495138e-01
0.900000 59.400000 2.235179497946e-01 -2.314762264925e-01 3.217787e-01
0.900000 59.425000 2.198242921164e-01 -2.007269876024e-01 2.976811e-01
0.900000 59.450000 2.191507050236e-01 -1.710519733986e-01 2.780033e-01
0.900000 59.475000 2.211255108645e-01 -1.429259731321e-01 2.632951e-01
0.900000 59.500000 2.252910937980e-01 -1.167169812203e-01 2.537300e-01
0.900000 59.525000 2.311341323666e-01 -9.267024580692e-02 2.490196e-01
0.900000 59.550000 2.381185689038e-01 -7.090097381995e-02 2.484500e-01
0.900000 59.575000 2.457188015455e-01 -5.139601411903e-02 2.510364e-01
0.900000 59.600000 2.534506262584e-01 -3.402410415130e-02 2.557242e-01
0.900000 59.625000 2.608977131013e-01 -1.855358335392e-02 2.615566e-01
0.900000 59.650000 2.677318436708e-01 -4.675910385509e-03 2.677727e-01
0.900000 59.675000 2.737257187530e-01 7.967079738063e-03 2.738416e-01
0.900000 59.700000 2.787578077738e-01 1.975444681439e-02 2.794569e-01
0.900000 59.725000 2.828093900143e-01 3.105820938050e-02 2.845097e-01
0.900000 59.750000 2.859545678800e-01 4.221826344299e-02 2.890543e-01
0.900000 59.775000 2.883445582809e-01 5.352184547243e-02 2.932698e-01
0.900000 59.800000 2.901879456452e-01 6.518873019889e-02 2.974199e-01
0.900000 59.825000 2.917287822458e-01 7.736278263700e-02 3.018123e-01
0.900000 59.850000 2.932244400582e-01 9.010989891107e-02 3.067578e-01
0.900000 59.875000 2.949249636462e-01 1.034218283811e-01 3.125329e-01
0.900000 59.900000 2.970553726318e-01 1.172249191973e-01 3.193487e-01
0.900000 59.925000 2.998019551182e-01 1.313925073678e-01 3.273304e-01
0.900000 59.950000 3.033031280739e-01 1.457594969551e-01 3.365095e-01
0.900000 59.975000 3.076449677936e-01 1.601376606780e-01 3.468278e-01
0.900000 60.000000 3.128610808621e-01 1.743303143682e-01 3.581524e-01
0.900000 60.025000 3.189361335061e-01 1.881452599596e-01 3.702957e-01
0.900000 60.050000 3.258121132690e-01 2.014052142204e-01 3.830373e-01
0.900000 60.075000 3.333962762006e-01 2.139553028907e-01 3.961438e-01
0.900000 60.100000 3.415697354764e-01 2.256675600335e-01 4.093846e-01
0.900000 60.125000 3.501957603784e-01 2.364426919349e-01 4.225426e-01
0.900000 60.150000 3.591270538312e-01 2.462096133181e-01 4.354210e-01
0.900000 60.175000 3.682115307195e-01 2.549234211095e-01 4.478456e-01
0.900000 60.200000 3.772963932611e-01 2.625625297389e-01 4.596647e-01
0.900000 60.225000 3.862305600093e-01 2.691256561412e-01 4.707469e-01
0.900000 60.250000 3.948657225829e-01 2.746292269948e-01 4.809783e-01
0.900000 60.275000 4.030564577444e-01 2.791056079372e-01 4.902596e-01
0.900000 60.300000 4.106599003662e-01 2.826023518339e-01 4.985034e-01
0.900000 60.325000 4.175354837564e-01 2.851824588777e-01 5.056332e-01
0.900000 60.350000 4.235451858821e-01 2.869254610744e-01 5.115826e-01
0.900000 60.375000 4.285545990722e-01 2.879290077386e-01 5.162966e-01
0.900000 60.400000 4.324349876800e-01 2.883105497272e-01 5.197336e-01
0.900000 60.425000 4.350663358466e-01 2.882087025186e-01 5.218687e-01
0.900000 60.450000 4.363412377075e-01 2.877839079430e-01 5.226981e-01
0.900000 60.475000 4.361693630963e-01 2.872181003957e-01 5.222432e-01
0.900000 60.500000 4.344821551487e-01 2.867131998349e-01 5.205566e-01
0.900000 60.525000 4.312373874066e-01 2.864883825303e-01 5.177270e-01
0.900000 60.550000 4.264232252844e-01 2.867762035102e-01 5.138846e-01
0.900000 60.575000 4.200614922221e-01 2.878177468584e-01 5.092060e-01
0.900000 60.600000 4.122099222706e-01 2.898570510227e-01 5.039188e-01
0.900000 60.625000 4.029632737667e-01 2.931350914399e-01 4.983047e-01
0.900000 60.650000 3.924532689041e-01 2.978836032534e-01 4.927009e-01
0.900000 60.675000 3.808473994598e-01 3.043189990561e-01 4.874985e-01
0.900000 60.700000 3.683466917904e-01 3.126365904290e-01 4.831365e-01
0.900000 60.725000 3.551825515614e-01 3.230052692503e-01 4.800907e-01
0.900000 60.750000 3.416128126334e-01 3.355627565428e-01 4.788545e-01
0.900000 60.775000 3.279171015687e-01 3.504114918137e-01 4.799144e-01
0.900000 60.800000 3.143916086385e-01 3.676152193002e-01 4.837179e-01
0.900000 60.825000 3.013433382843e-01 3.871963294678e-01 4.906412e-01
0.900000 60.850000 2.890839058600e-01 4.091340300955e-01 5.009592e-01
0.900000 60.875000 2.779229593797e-01 4.333634431399e-01 5.148253e-01
0.900000 60.900000 2.681613367918e-01 4.597757409691e-01 5.322633e-01
0.900000 60.925000 2.600841179733e-01 4.882194379848e-01 5.531744e-01
0.900000 60.950000 2.539537884806e-01 5.185029325578e-01 5.773542e-01
0.900000 60.975000 2.500037878317e-01 5.503983448943e-01 6.045165e-01
0.900000 61.000000 2.484327557199e-01 5.836466193826e-01 6.343203e-01
0.900000 61.025000 2.493998025463e-01 6.179637612908e-01 6.663929e-01
0.900000 61.050000 2.530211063706e-01 6.530479687762e-01 7.003509e-01
0.900000 61.075000 2.593680720865e-01 6.885873173039e-01 7.358154e-01
0.900000 61.100000 2.684671819937e-01 7.242675717377e-01 7.724236e-01
0.900000 61.125000 2.803015284901e-01 7.597796576944e-01 8.098358e-01
0.900000 61.150000 2.948138642326e-01 7.948263306849e-01 8.477406e-01
0.900000 61.175000 3.119108524259e-01 8.291276455468e-01 8.858561e-01
0.900000 61.200000 3.314680717415e-01 8.624249483115e-01 9.239307e-01
0.900000 61.225000 3.533352477248e-01 8.944832781434e-01 9.617412e-01
0.900000 61.250000 3.773411622945e-01 9.250922606022e-01 9.990906e-01
0.900000 61.275000 4.032977448720e-01 9.540657713224e-01 1.035804e+00
0.900000 61.300000 4.310029733836e-01 9.812408241088e-01 1.071726e+00
0.900000 61.325000 4.602424011588e-01 1.006476262513e+00 1.106715e+00
0.900000 61.350000 4.907893570146e-01 1.029651886444e+00 1.140639e+00
0.900000 61.375000 5.224041128855e-01 1.050668610290e+00 1.173376e+00
0.900000 61.400000 5.548325435481e-01 1.069450121978e+00 1.204808e+00
0.900000 61.425000 5.878049826754e-01 1.085946301137e+00 1.234826e+00
0.900000 61.450000 6.210360785861e-01 1.100138378966e+00 1.263325e+00
0.900000 61.475000 6.542264495250e-01 1.112045513040e+00 1.290216e+00
0.900000 61.500000 6.870668215897e-01 1.121732144898e+00 1.315425e+00
0.900000 61.525000 7.192451059060e-01 1.129315247634e+00 1.338905e+00
0.900000 61.550000 7.504565533001e-01 1.134970393272e+00 1.360641e+00
0.900000 61.575000 7.804167458264e-01 1.138935506755e+00 1.380661e+00
0.900000 61.600000 8.088767866457e-01 1.141511243918e+00 1.399046e+00
0.900000 61.625000 8.356396801448e-01 1.143057138949e+00 1.415935e+00
0.900000 61.650000 8.605766001488e-01 1.143982999665e+00 1.431534e+00
0.900000 61.675000 8.836415669996e-01 1.144735457469e+00 1.446113e+00
0.900000 61.700000 9.048830241822e-01 1.145780060601e+00 1.460009e+00
0.900000 61.725000 9.244509363192e-01 1.147579782470e+00 1.473618e+00
0.900000 61.750000 9.425983186446e-01 1.150571246927e+00 1.487382e+00
0.900000 61.775000 9.596765306962e-01 1.155140297592e+00 1.501775e+00
0.900000 61.800000 9.761241843246e-01 1.161598717353e+00 1.517277e+00
0.900000 61.825000 9.924500758691e-01 1.170163910267e+00 1.534354e+00
0.900000 61.850000 1.009211095321e+00 1.180943183791e+00 1.553426e+00
0.900000 61.875000 1.026986532233e+00 1.193923927579e+00 1.574851e+00
0.900000 61.900000 1.046350536913e+00 1.208970508284e+00 1.598893e+00
0.900000 61.925000 1.067844667332e+00 1.225828136636e+00 1.625714e+00
0.900000 61.950000 1.091952436868e+00 1.244133372803e+00 1.655363e+00
0.900000 61.975000 1.119077576297e+00 1.263430381845e+00 1.687777e+00
0.900000 62.000000 1.149527357402e+00 1.283191592411e+00 1.722787e+00
0.900000 62.025000 1.183501836296e+00 1.302841097621e+00 1.760134e+00
0.900000 62.050000 1.221089317291e+00 1.321778999133e+00 1.799488e+00
0.900000 62.075000 1.262267775608e+00 1.339404945327e+00 1.840469e+00
0.900000 62.100000 1.306911472461e+00 1.355139341606e+00 1.882663e+00
0.900000 62.125000 1.354801604275e+00 1.368441083572e+00 1.925648e+00
0.900000 62.150000 1.405639590099e+00 1.378821134016e+00 1.969002e+00
0.900000 62.175000 1.459061539431e+00 1.385851772929e+00 2.012323e+00
0.900000 62.200000 1.514652556599e+00 1.389171833357e+00 2.055230e+00
0.900000 62.225000 1.571959805752e+00 1.388488636170e+00 2.097369e+00
0.900000 62.250000 1.630503641745e+00 1.383577606793e+00 2.138417e+00
0.900000 62.275000 1.689786552427e+00 1.374280666893e+00 2.178078e+00
0.900000 62.300000 1.749300096125e+00 1.360504435304e+00 2.216083e+00
0.900000 62.325000 1.808530394451e+00 1.342219058572e+00 2.252184e+00
0.900000 62.350000 1.866963003901e+00 1.319458155950e+00 2.286158e+00
0.900000 62.375000 1.924088104081e+00 1.292319956047e+00 2.317802e+00
0.900000 62.400000 1.979406889911e+00 1.260969281677e+00 2.346933e+00
0.900000 62.425000 2.032439845696e+00 1.225639666600e+00 2.373395e+00
0.900000 62.450000 2.082737238009e+00 1.186634617958e+00 2.397060e+00
0.900000 62.475000 2.129891736845e+00 1.144326913141e+00 2.417834e+00
0.900000 62.500000 2.173552618133e+00 1.099154863096e+00 2.435667e+00
0.900000 62.525000 2.213440577717e+00 1.051614687493e+00 2.450554e+00
0.900000 62.550000 2.249361856960e+00 1.002248510324e+00 2.462546e+00
0.900000 62.575000 2.281220192305e+00 9.516279572216e-01 2.471753e+00
0.900000 62.600000 2.309025087891e+00 9.003338628683e-01 2.478346e+00
0.900000 62.625000 2.332895083219e+00 8.489331146255e-01 2.482557e+00
0.900000 62.650000 2.353055035601e+00 7.979541027573e-01 2.484673e+00
0.900000 62.675000 2.369826927265e+00 7.478625611035e-01 2.485031e+00
0.900000 62.700000 2.383614288731e+00 6.990397218315e-01 2.484004e+00
0.900000 62.725000 2.394880940981e+00 6.517646502847e-01 2.481985e+00
0.900000 62.750000 2.404125331582e+00 6.062023696912e-01 2.479375e+00
0.900000 62.775000 2.411852210072e+00 5.623989520083e-01 2.476555e+00
0.900000 62.800000 2.418543701650e+00 5.202841821979e-01 2.473873e+00
0.900000 62.825000 2.424631958615e+00 4.796817561387e-01 2.471626e+00
0.900000 62.850000 2.430475479727e+00 4.403263137012e-01 2.470040e+00
0.900000 62.875000 2.436340895312e+00 4.018860064887e-01 2.469265e+00
0.900000 62.900000 2.442391548934e+00 3.639888166594e-01 2.469365e+00
0.900000 62.925000 2.448683611785e+00 3.262505287159e-01 2.470322e+00
0.900000 62.950000 2.455169804038e+00 2.883021416869e-01 2.472039e+00
0.900000 62.975000 2.461710135243e+00 2.498146050619e-01 2.474353e+00
0.900000 63.000000 2.468088479754e+00 2.105190563613e-01 2.477050e+00
0.900000 63.025000 2.474033331791e+00 1.702211991249e-01 2.479882e+00
0.900000 63.050000 2.479240782817e+00 1.288090384644e-01 2.482585e+00
0.900000 63.075000 2.483397657964e+00 8.625382710078e-02 2.484895e+00
0.900000 63.100000 2.486202844289e+00 4.260470329263e-02 2.486568e+00
0.900000 63.125000 2.487385126730e+00 -2.021939212606e-03 2.487386e+00
0.900000 63.150000 2.486716284386e+00 -4.745687397405e-02 2.487169e+00
0.900000 63.175000 2.484018741971e+00 -9.349451063358e-02 2.485778e+00
0.900000 63.200000 2.479167661392e+00 -1.399095772920e-01 2.483112e+00
0.900000 63.225000 2.472087935575e+00 -1.864722874062e-01 2.479111e+00
0.900000 63.250000 2.462747053150e+00 -2.329605382908e-01 2.473741e+00
0.900000 63.275000 2.451145189092e+00 -2.791681043972e-01 2.466992e+00
0.900000 63.300000 2.437304107220e+00 -3.249082985473e-01 2.458865e+00
0.900000 63.325000 2.421256515957e+00 -3.700131240747e-01 2.449366e+00
0.900000 63.350000 2.403037397498e+00 -4.143284736302e-01 2.438495e+00
0.900000 63.375000 2.382678548263e+00 -4.577063925160e-01 2.426242e+00
0.900000 63.400000 2.360207156609e+00 -4.999957701766e-01 2.412586e+00
0.900000 63.425000 2.335648745518e+00 -5.410330194910e-01 2.397493e+00
0.900000 63.450000 2.309034274324e+00 -5.806343314563e-01 2.380919e+00
0.900000 63.475000 2.280410678070e+00 -6.185909508378e-01 2.362822e+00
0.900000 63.500000 2.249853677015e+00 -6.546686207547e-01 2.343167e+00
0.900000 63.525000 2.217481356265e+00 -6.886119199647e-01 2.321941e+00
0.900000 63.550000 2.183466829667e+00 -7.201537064670e-01 2.299163e+00
0.900000 63.575000 2.148048282284e+00 -7.490293335394e-01 2.274897e+00
0.900000 63.600000 2.111534836003e+00 -7.749947713629e-01 2.249266e+00
0.900000 63.625000 2.074306991383e+00 -7.978472996797e-01 2.222456e+00
0.900000 63.650000 2.036810839689e+00 -8.174470793531e-01 2.194725e+00
0.900000 63.675000 1.999545773875e+00 -8.337376985444e-01 2.166403e+00
0.900000 63.700000 1.963046009098e+00 -8.467637448944e-01 2.137886e+00
0.900000 63.725000 1.927856800465e+00 -8.566835863377e-01 2.109630e+00
0.900000 63.750000 1.894506766218e+00 -8.637758421407e-01 2.082130e+00
0.900000 63.775000 1.863478140962e+00 -8.684384696803e-01 2.055903e+00
0.900000 63.800000 1.835177056611e+00 -8.711799455003e-01 2.031460e+00
0.900000 63.825000 1.809906051587e+00 -8.726026352634e-01 2.009277e+00
0.900000 63.850000 1.787840928745e+00 -8.733790740934e-01 1.989765e+00
0.900000 63.875000 1.769013822939e+00 -8.742224624011e-01 1.973240e+00
0.900000 63.900000 1.753303919074e+00 -8.758531715047e-01 1.959896e+00
0.900000 63.925000 1.740436714529e+00 -8.789634045358e-01 1.949794e+00
0.900000 63.950000 1.729992090986e+00 -8.841823391890e-01 1.942846e+00
0.900000 63.975000 1.721420803080e+00 -8.920440721713e-01 1.938822e+00
0.900000 64.000000 1.714068361008e+00 -9.029604896278e-01 1.937361e+00
0.900000 64.025000 1.707204735824e+00 -9.172008188715e-01 1.937990e+00
0.900000 64.050000 1.700057897204e+00 -9.348791056530e-01 1.940154e+00
0.900000 64.075000 1.691848940432e+00 -9.559502521826e-01 1.943243e+00
0.900000 64.100000 1.681826494008e+00 -9.802145974945e-01 1.946628e+00
0.900000 64.125000 1.669298226271e+00 -1.007330381173e+00 1.949685e+00
0.900000 64.150000 1.653657575993e+00 -1.036832860569e+00 1.951821e+00
0.900000 64.175000 1.634404288516e+00 -1.068158400648e+00 1.952496e+00
0.900000 64.200000 1.611157902420e+00 -1.100671563627e+00 1.951232e+00
0.900000 64.225000 1.583663948457e+00 -1.133693116550e+00 1.947627e+00
0.900000 64.250000 1.551793234593e+00 -1.166526955577e+00 1.941352e+00
0.900000 64.275000 1.515535140887e+00 -1.198484204398e+00 1.932152e+00
0.900000 64.300000 1.474986284717e+00 -1.228903152124e+00 1.919840e+00
0.900000 64.325000 1.430336200804e+00 -1.257164210167e+00 1.904291e+00
0.900000 64.350000 1.381851787389e+00 -1.282699634736e+00 1.885426e+00
0.900000 64.375000 1.329862193378e+00 -1.304998323571e+00 1.863211e+00
0.900000 64.400000 1.274745573300e+00 -1.323606495251e+00 1.837637e+00
0.900000 64.425000 1.216918747026e+00 -1.338125446424e+00 1.808721e+00
0.900000 64.450000 1.156830313052e+00 -1.348207818091e+00 1.776491e+00
0.900000 64.475000 1.094957231528e+00 -1.353553863892e+00 1.740988e+00
0.900000 64.500000 1.031804374167e+00 -1.353909096547e+00 1.702260e+00
0.900000 64.525000 9.679060893821e-01 -1.349064407481e+00 1.660367e+00
0.900000 64.550000 9.038285016524e-01 -1.338859340380e+00 1.615379e+00
0.900000 64.575000 8.401710910754e-01 -1.323188697695e+00 1.567391e+00
0.900000 64.600000 7.775661026774e-01 -1.302012124772e+00 1.516524e+00
0.900000 64.625000 7.166745173535e-01 -1.275365808120e+00 1.462936e+00
0.900000 64.650000 6.581776603588e-01 -1.243374998968e+00 1.406833e+00
0.900000 64.675000 6.027639949896e-01 -1.206265779085e+00 1.348481e+00
0.900000 64.700000 5.511112005855e-01 -1.164374358305e+00 1.288212e+00
0.900000 64.725000 5.038642083279e-01 -1.118152250715e+00 1.226435e+00
0.900000 64.750000 4.616104053431e-01 -1.068165918745e+00 1.163642e+00
0.900000 64.775000 4.248536600302e-01 -1.015089881968e+00 1.100413e+00
0.900000 64.800000 3.939891206759e-01 -9.596928238085e-01 1.037419e+00
0.900000 64.825000 3.692808603311e-01 -9.028168441843e-01 9.754212e-01
0.900000 64.850000 3.508443659657e-01 -8.453506404809e-01 9.152647e-01
0.900000 64.875000 3.386356006164e-01 -7.881979912858e-01 8.578637e-01
0.900000 64.900000 3.324479244031e-01 -7.322434082630e-01 8.041779e-01
0.900000 64.925000 3.319175819765e-01 -6.783171618769e-01 7.551711e-01
0.900000 64.950000 3.365378019221e-01 -6.271620407506e-01 7.117513e-01
0.900000 64.975000 3.456808683311e-01 -5.794041542511e-01 6.746884e-01
0.900000 65.000000 3.586268793660e-01 -5.355298348647e-01 6.445195e-01
0.900000 65.025000 3.745973621286e-01 -4.958702618564e-01 6.214584e-01
0.900000 65.050000 3.927915181905e-01 -4.605948488175e-01 6.053369e-01
0.900000 65.075000 4.124226664129e-01 -4.297137669558e-01 5.956059e-01
0.900000 65.100000 4.327524481301e-01 -4.030892740346e-01 5.914014e-01
0.900000 65.125000 4.531205639056e-01 -3.804548492381e-01 5.916622e-01
0.900000 65.150000 4.729682010077e-01 -3.614405571153e-01 5.952631e-01
0.900000 65.175000 4.918538492452e-01 -3.456026301990e-01 6.011334e-01
0.900000 65.200000 5.094608389137e-01 -3.324550069467e-01 6.083393e-01
0.900000 65.225000 5.255966087843e-01 -3.215005087990e-01 6.161285e-01
0.900000 65.250000 5.401843620025e-01 -3.122594876232e-01 6.239432e-01
0.900000 65.275000 5.532483345283e-01 -3.042941036888e-01 6.314100e-01
0.900000 65.300000 5.648943345360e-01 -2.972268686846e-01 6.383176e-01
0.900000 65.325000 5.752874761452e-01 -2.907526589095e-01 6.445873e-01
0.900000 65.350000 5.846291084104e-01 -2.846440132795e-01 6.502410e-01
0.900000 65.375000 5.931348309958e-01 -2.787501194863e-01 6.553705e-01
0.900000 65.400000 6.010152102847e-01 -2.729904035880e-01 6.601084e-01
0.900000 65.425000 6.084603989844e-01 -2.673440269542e-01 6.646028e-01
0.900000 65.450000 6.156293661230e-01 -2.618368272472e-01 6.689978e-01
0.900000 65.475000 6.226439174366e-01 -2.565273014993e-01 6.734179e-01
0.900000 65.500000 6.295871845702e-01 -2.514931221851e-01 6.779593e-01
0.900000 65.525000 6.365058367282e-01 -2.468194219891e-01 6.826855e-01
0.900000 65.550000 6.434149618453e-01 -2.425897153206e-01 6.876282e-01
0.900000 65.575000 6.503044032149e-01 -2.388798910530e-01 6.927910e-01
0.900000 65.600000 6.571453321053e-01 -2.357552636364e-01 6.981551e-01
0.900000 65.625000 6.638959798366e-01 -2.332702605858e-01 7.036852e-01
0.900000 65.650000 6.705057202372e-01 -2.314699993964e-01 7.093351e-01
0.900000 65.675000 6.769170479785e-01 -2.303928011651e-01 7.150507e-01
0.900000 65.700000 6.830653936546e-01 -2.300726219101e-01 7.207716e-01
0.900000 65.725000 6.888771026575e-01 -2.305404592866e-01 7.264300e-01
0.900000 65.750000 6.942662341420e-01 -2.318239987707e-01 7.319481e-01
0.900000 65.775000 6.991310685445e-01 -2.339450709975e-01 7.372344e-01
0.900000 65.800000 7.033513192503e-01 -2.369148608278e-01 7.421804e-01
0.900000 65.825000 7.067870133826e-01 -2.407271921218e-01 7.466575e-01
0.900000 65.850000 7.092798420890e-01 -2.453505621143e-01 7.505164e-01
0.900000 65.875000 7.106575018285e-01 -2.507198720348e-01 7.535878e-01
0.900000 65.900000 7.107411881089e-01 -2.567289619003e-01 7.556870e-01
0.900000 65.925000 7.093560044124e-01 -2.632250861548e-01 7.566197e-01
0.900000 65.950000 7.063436586443e-01 -2.700063575263e-01 7.561910e-01
0.900000 65.975000 7.015764831779e-01 -2.768229495991e-01 7.542152e-01
0.900000 66.000000 6.949715720375e-01 -2.833825092501e-01 7.505272e-01
0.900000 66.025000 6.865037087139e-01 -2.893598249130e-01 7.449943e-01
0.900000 66.050000 6.762157754633e-01 -2.944103694675e-01 7.375264e-01
0.900000 66.075000 6.642254892494e-01 -2.981869333767e-01 7.280872e-01
0.900000 66.100000 6.507275853431e-01 -3.003582274233e-01 7.167018e-01
0.900000 66.125000 6.359909386054e-01 -3.006281001251e-01 7.034641e-01
0.900000 66.150000 6.203505368453e-01 -2.987539062636e-01 6.885410e-01
0.900000 66.175000 6.041946575126e-01 -2.945625897936e-01 6.721743e-01
0.900000 66.200000 5.879480053448e-01 -2.879632022317e-01 6.546798e-01
0.900000 66.225000 5.720519059752e-01 -2.789548486258e-01 6.364426e-01
0.900000 66.250000 5.569428888657e-01 -2.676294087736e-01 6.179085e-01
0.900000 66.275000 5.430311135369e-01 -2.541687856795e-01 5.995703e-01
0.900000 66.300000 5.306800897566e-01 -2.388368475238e-01 5.819488e-01
0.900000 66.325000 5.201890214743e-01 -2.219666162206e-01 5.655668e-01
0.900000 66.350000 5.117788830805e-01 -2.039435826858e-01 5.509180e-01
0.900000 66.375000 5.055830405138e-01 -1.851862721040e-01 5.384312e-01
0.900000 66.400000 5.016428891207e-01 -1.661253276098e-01 5.284347e-01
0.900000 66.425000 4.999086265071e-01 -1.471824241365e-01 5.211250e-01
0.900000 66.450000 5.002449411789e-01 -1.287502716717e-01 5.165478e-01
0.900000 66.475000 5.024411008455e-01 -1.111748325572e-01 5.145939e-01
0.900000 66.500000 5.062246853634e-01 -9.474067988390e-02 5.150138e-01
0.900000 66.525000 5.112780383027e-01 -7.966018507708e-02 5.174466e-01
0.900000 66.550000 5.172564106870e-01 -6.606696384591e-02 5.214586e-01
0.900000 66.575000 5.238067370553e-01 -5.401374977832e-02 5.265843e-01
0.900000 66.600000 5.305860098447e-01 -4.347461906829e-02 5.323641e-01
0.900000 66.625000 5.372782929899e-01 -3.435126868730e-02 5.383753e-01
0.900000 66.650000 5.436095290646e-01 -2.648285994963e-02 5.442542e-01
0.900000 66.675000 5.493594367435e-01 -1.965878260321e-02 5.497111e-01
0.900000 66.700000 5.543699593120e-01 -1.363357192087e-02 5.545376e-01
0.900000 66.725000 5.585499049524e-01 -8.143122670790e-03 5.586093e-01
0.900000 66.750000 5.618756116853e-01 -2.921289713437e-03 5.618832e-01
0.900000 66.775000 5.643876708087e-01 2.284053011870e-03 5.643923e-01
0.900000 66.800000 5.661839483981e-01 7.696402171966e-03 5.662363e-01
0.900000 66.825000 5.674093489655e-01 1.349830625731e-02 5.675699e-01
0.900000 66.850000 5.682429601207e-01 1.982207047752e-02 5.685886e-01
0.900000 66.875000 5.688833905453e-01 2.674405858019e-02 5.695117e-01
0.900000 66.900000 5.695332520115e-01 3.428295951950e-02 5.705641e-01
0.900000 66.925000 5.703838247414e-01 4.240214169089e-02 5.719577e-01
0.900000 66.950000 5.716009702223e-01 5.101594436480e-02 5.738731e-01
0.900000 66.975000 5.733133058583e-01 5.999947249485e-02 5.764443e-01
0.900000 67.000000 5.756035261079e-01 6.920118921465e-02 5.797484e-01
0.900000 67.025000 5.785035467576e-01 7.845736466011e-02 5.837995e-01
0.900000 67.050000 5.819938727288e-01 8.760726488460e-02 5.885507e-01
0.900000 67.075000 5.860072637120e-01 9.650787220130e-02 5.939009e-01
0.900000 67.100000 5.904364217346e-01 1.050469339465e-01 5.997083e-01
0.900000 67.125000 5.951450814884e-01 1.131532474475e-01 6.058063e-01
0.900000 67.150000 5.999815809958e-01 1.208033016032e-01 6.120223e-01
0.900000 67.175000 6.047937586539e-01 1.280236956497e-01 6.181954e-01
0.900000 67.200000 6.094438892324e-01 1.348891188345e-01 6.241930e-01
0.900000 67.225000 6.138223537077e-01 1.415160680764e-01 6.299243e-01
0.900000 67.250000 6.178588422708e-01 1.480528664346e-01 6.353497e-01
0.900000 67.275000 6.215301101339e-01 1.546668845320e-01 6.404854e-01
0.900000 67.300000 6.248636229500e-01 1.615301245097e-01 6.454042e-01
0.900000 67.325000 6.279368127781e-01 1.688044737053e-01 6.502304e-01
0.900000 67.350000 6.308720785691e-01 1.766279560754e-01 6.551313e-01
0.900000 67.375000 6.338280650922e-01 1.851031997461e-01 6.603039e-01
0.900000 67.400000 6.369880997154e-01 1.942891092500e-01 6.659595e-01
0.900000 67.425000 6.405469215055e-01 2.041964044806e-01 6.723069e-01
0.900000 67.450000 6.446969752133e-01 2.147872992846e-01 6.795350e-01
0.900000 67.475000 6.496155500292e-01 2.259791820241e-01 6.877986e-01
0.900000 67.500000 6.554539199354e-01 2.376517717945e-01 6.972074e-01
0.900000 67.525000 6.623294037701e-01 2.496568980969e-01 7.078198e-01
0.900000 67.550000 6.703209360302e-01 2.618298222288e-01 7.196423e-01
0.900000 67.575000 6.794683606741e-01 2.740009080363e-01 7.326348e-01
0.900000 67.600000 6.897752715801e-01 2.860064670104e-01 7.467192e-01
0.900000 67.625000 7.012148669766e-01 2.976977427014e-01 7.617915e-01
0.900000 67.650000 7.137379986518e-01 3.089472432128e-01 7.777341e-01
0.900000 67.675000 7.272824088570e-01 3.196519481628e-01 7.944288e-01
0.900000 67.700000 7.417820753925e-01 3.297332706070e-01 8.117664e-01
0.900000 67.725000 7.571756317353e-01 3.391340047596e-01 8.296546e-01
0.900000 67.750000 7.734129839699e-01 3.478127985444e-01 8.480220e-01
0.900000 67.775000 7.904594875403e-01 3.557369239768e-01 8.668189e-01
0.900000 67.800000 8.082973433292e-01 3.628742558568e-01 8.860149e-01
0.900000 67.825000 8.269241882299e-01 3.691854000956e-01 9.055945e-01
0.900000 67.850000 8.463491536677e-01 3.746168398712e-01 9.255510e-01
0.900000 67.875000 8.665869138156e-01 3.790958053495e-01 9.458787e-01
0.900000 67.900000 8.876504185184e-01 3.825273452860e-01 9.665663e-01
0.900000 67.925000 9.095430895172e-01 3.847938170824e-01 9.875905e-01
0.900000 67.950000 9.322512493758e-01 3.857567487851e-01 1.008911e+00
0.900000 67.975000 9.557374589144e-01 3.852607931503e-01 1.030466e+00
0.900000 68.000000 9.799352791591e-01 3.831393157256e-01 1.052173e+00
0.900000 68.025000 1.004745773073e+00 3.792210528112e-01 1.073929e+00
0.900000 68.050000 1.030035849434e+00 3.733372478403e-01 1.095607e+00
0.900000 68.075000 1.055638354581e+00 3.653287222101e-01 1.117066e+00
0.900000 68.100000 1.081353661861e+00 3.550524453890e-01 1.138151e+00
0.900000 68.125000 1.106952410818e+00 3.423873183479e-01 1.158694e+00
0.900000 68.150000 1.132179016957e+00 3.272390488269e-01 1.178522e+00
0.900000 68.175000 1.156755606962e+00 3.095441507542e-01 1.197456e+00
0.900000 68.200000 1.180386122822e+00 2.892732201248e-01 1.215315e+00
0.900000 68.225000 1.202760463535e+00 2.664337084978e-01 1.231917e+00
0.900000 68.250000 1.223558671780e+00 2.410724237210e-01 1.247081e+00
0.900000 68.275000 1.242455300780e+00 2.132779354127e-01 1.260628e+00
0.900000 68.300000 1.259124190639e+00 1.831829590688e-01 1.272380e+00
0.900000 68.325000 1.273243926029e+00 1.509666541182e-01 1.282163e+00
0.900000 68.350000 1.284504227497e+00 1.168566200115e-01 1.289809e+00
0.900000 68.375000 1.292613445315e+00 8.113023519980e-02 1.295157e+00
0.900000 68.400000 1.297307184971e+00 4.411488056554e-02 1.298057e+00
0.900000 68.425000 1.298357912831e+00 6.186541487935e-03 1.298373e+00
0.900000 68.450000 1.295585191307e+00 -3.223369539248e-02 1.295986e+00
0.900000 68.475000 1.288866000853e+00 -7.068563866391e-02 1.290803e+00
0.900000 68.500000 1.278144447709e+00 -1.086787042478e-01 1.282757e+00
0.900000 68.525000 1.263440055272e+00 -1.457033437939e-01 1.271814e+00
0.900000 68.550000 1.244853811387e+00 -1.812449334492e-01 1.257979e+00
0.900000 68.575000 1.222571203912e+00 -2.147996021113e-01 1.241297e+00
0.900000 68.600000 1.196861623427e+00 -2.458912338570e-01 1.221859e+00
0.900000 68.625000 1.168073736042e+00 -2.740886834987e-01 1.199800e+00
0.900000 68.650000 1.136626713142e+00 -2.990221212366e-01 1.175302e+00
0.900000 68.675000 1.102997523431e+00 -3.203973895101e-01 1.148590e+00
0.900000 68.700000 1.067704816310e+00 -3.380073209328e-01 1.119930e+00
0.900000 68.725000 1.031290222986e+00 -3.517391293194e-01 1.089624e+00
0.900000 68.750000 9.942981433666e-01 -3.615772350457e-01 1.058001e+00
0.900000 68.775000 9.572552478555e-01 -3.676012012297e-01 1.025411e+00
0.900000 68.800000 9.206509861543e-01 -3.699788114604e-01 9.922109e-01
0.900000 68.825000 8.849203518681e-01 -3.689546816973e-01 9.587552e-01
0.900000 68.850000 8.504300038326e-01 -3.648351360935e-01 9.253842e-01
0.900000 68.875000 8.174686042993e-01 -3.579703583455e-01 8.924112e-01
0.900000 68.900000 7.862419208832e-01 -3.487350313219e-01 8.601119e-01
0.900000 68.925000 7.568728806919e-01 -3.375087801096e-01 8.287151e-01
0.900000 68.950000 7.294063926389e-01 -3.246577283422e-01 7.983961e-01
0.900000 68.975000 7.038184000389e-01 -3.105183657064e-01 7.692737e-01
0.900000 69.000000 6.800283206563e-01 -2.953847165215e-01 7.414113e-01
0.900000 69.025000 6.579138011053e-01 -2.794995144361e-01 7.148220e-01
0.900000 69.050000 6.373265754705e-01 -2.630497524089e-01 6.894783e-01
0.900000 69.075000 6.181081841192e-01 -2.461666201118e-01 6.653238e-01
0.900000 69.100000 6.001043784324e-01 -2.289294938626e-01 6.422881e-01
0.900000 69.125000 5.831772018856e-01 -2.113733366567e-01 6.203018e-01
0.900000 69.150000 5.672139807299e-01 -1.934986230427e-01 5.993108e-01
0.900000 69.175000 5.521327552212e-01 -1.752827442807e-01 5.792880e-01
0.900000 69.200000 5.378840076377e-01 -1.566917843085e-01 5.602424e-01
0.900000 69.225000 5.244488674001e-01 -1.376915888166e-01 5.422228e-01
0.900000 69.250000 5.118342688288e-01 -1.182571720112e-01 5.253181e-01
0.900000 69.275000 5.000657792707e-01 -9.837970464227e-02 5.096512e-01
0.900000 69.300000 4.891789858682e-01 -7.807058277450e-02 4.953697e-01
0.900000 69.325000 4.792104163157e-01 -5.736236568024e-02 4.826314e-01
0.900000 69.350000 4.701889683189e-01 -3.630666743686e-02 4.715886e-01
0.900000 69.375000 4.621287374115e-01 -1.496936506013e-02 4.623711e-01
0.900000 69.400000 4.550239734943e-01 6.576276391175e-03 4.550715e-01
0.900000 69.425000 4.488466787680e-01 2.825778274431e-02 4.497353e-01
0.900000 69.450000 4.435471035856e-01 5.001206799321e-02 4.463577e-01
0.900000 69.475000 4.390571243546e-01 7.179353597049e-02 4.448882e-01
0.900000 69.500000 4.352962215699e-01 9.358082266424e-02 4.452417e-01
0.900000 69.525000 4.321795376158e-01 1.153814380986e-01 4.473165e-01
0.900000 69.550000 4.296273015158e-01 1.372337504503e-01 4.510130e-01
0.900000 69.575000 4.275747756576e-01 1.592059843086e-01 4.562529e-01
0.900000 69.600000 4.259818171066e-01 1.813921611817e-01 4.629942e-01
0.900000 69.625000 4.248411575848e-01 2.039051734774e-01 4.712402e-01
0.900000 69.650000 4.241845902580e-01 2.268674330719e-01 4.810420e-01
0.900000 69.675000 4.240864017729e-01 2.503997533021e-01 4.924930e-01
0.900000 69.700000 4.246635935013e-01 2.746092921777e-01 5.057167e-01
0.900000 69.725000 4.260726818430e-01 2.995774916604e-01 5.208499e-01
0.900000 69.750000 4.285031359309e-01 3.253489839967e-01 5.380213e-01
0.900000 69.775000 4.321677825270e-01 3.519223971608e-01 5.573315e-01
0.900000 69.800000 4.372907620251e-01 3.792438784317e-01 5.788343e-01
0.900000 69.825000 4.440938365580e-01 4.072039742820e-01 6.025234e-01
0.900000 69.850000 4.527820135180e-01 4.356382674450e-01 6.283250e-01
0.900000 69.875000 4.635295407598e-01 4.643318942735e-01 6.560974e-01
0.900000 69.900000 4.764673433146e-01 4.930277670719e-01 6.856366e-01
0.900000 69.925000 4.916729009930e-01 5.214380294184e-01 7.166867e-01
0.900000 69.950000 5.091634134987e-01 5.492580011340e-01 7.489538e-01
0.900000 69.975000 5.288928729070e-01 5.761816464447e-01 7.821208e-01
0.900000 70.000000 5.507533774037e-01 6.019174444513e-01 8.158639e-01
0.900000 70.025000 5.745806956400e-01 6.262034712607e-01 8.498669e-01
0.900000 70.050000 6.001637530330e-01 6.488205279052e-01 8.838352e-01
0.900000 70.075000 6.272573876254e-01 6.696022698236e-01 9.175070e-01
0.900000 70.100000 6.555974418316e-01 6.884415062591e-01 9.506628e-01
0.900000 70.125000 6.849170435567e-01 7.052921271407e-01 9.831319e-01
0.900000 70.150000 7.149628069959e-01 7.201664589267e-01 1.014796e+00
0.900000 70.175000 7.455096641206e-01 7.331282215059e-01 1.045592e+00
0.900000 70.200000 7.763731277690e-01 7.442816238393e-01 1.075505e+00
0.900000 70.225000 8.074179818401e-01 7.537574639209e-01 1.104570e+00
0.900000 70.250000 8.385626788504e-01 7.616973584568e-01 1.132859e+00
0.900000 70.275000 8.697790765650e-01 7.682373943702e-01 1.160476e+00
0.900000 70.300000 9.010875330154e-01 7.734925508987e-01 1.187539e+00
0.900000 70.325000 9.325477682212e-01 7.775431808354e-01 1.214174e+00
0.900000 70.350000 9.642462557311e-01 7.804246666541e-01 1.240497e+00
0.900000 70.375000 9.962811949016e-01 7.821210971399e-01 1.266606e+00
0.900000 70.400000 1.028746309024e+00 7.825634676235e-01 1.292565e+00
0.900000 70.425000 1.061714797522e+00 7.816325241270e-01 1.318403e+00
0.900000 70.450000 1.095224735930e+00 7.791659847217e-01 1.344104e+00
0.900000 70.475000 1.129267070526e+00 7.749695163566e-01 1.369606e+00
0.900000 70.500000 1.163777111696e+00 7.688305548500e-01 1.394804e+00
0.900000 70.525000 1.198630117078e+00 7.605338549662e-01 1.419551e+00
0.900000 70.550000 1.233641204547e+00 7.498775620756e-01 1.443671e+00
0.900000 70.575000 1.268569480946e+00 7.366886110560e-01 1.466962e+00
0.900000 70.600000 1.303125949160e+00 7.208363745888e-01 1.489209e+00
0.900000 70.625000 1.336984492498e+00 7.022436842818e-01 1.510190e+00
0.900000 70.650000 1.369795052492e+00 6.808946086151e-01 1.529691e+00
0.900000 70.675000 1.401198025120e+00 6.568386614087e-01 1.547512e+00
0.900000 70.700000 1.430838901351e+00 6.301914022716e-01 1.563471e+00
0.900000 70.725000 1.458382260804e+00 6.011316480736e-01 1.577415e+00
0.900000 70.750000 1.483524373972e+00 5.698957197113e-01 1.589222e+00
0.900000 70.775000 1.506003855048e+00 5.367692875255e-01 1.598802e+00
0.900000 70.800000 1.525610008074e+00 5.020774474354e-01 1.606103e+00
0.900000 70.825000 1.542188699714e+00 4.661736632230e-01 1.611106e+00
0.900000 70.850000 1.555645752679e+00 4.294281613434e-01 1.613828e+00
0.900000 70.875000 1.565947972321e+00 3.922162813664e-01 1.614319e+00
0.900000 70.900000 1.573121990818e+00 3.549071880630e-01 1.612660e+00
0.900000 70.925000 1.577251142732e+00 3.178532594440e-01 1.608960e+00
0.900000 70.950000 1.578470583398e+00 2.813803937508e-01 1.603354e+00
0.900000 70.975000 1.576960843054e+00 2.457794360432e-01 1.595999e+00
0.900000 71.000000 1.572939991823e+00 2.112989125940e-01 1.587069e+00
0.900000 71.025000 1.566654588877e+00 1.781392722487e-01 1.576750e+00
0.900000 71.050000 1.558369614095e+00 1.464488556198e-01 1.565236e+00
0.900000 71.075000 1.548357636212e+00 1.163218291198e-01 1.552721e+00
0.900000 71.100000 1.536887554067e+00 8.779831444729e-02 1.539393e+00
0.900000 71.125000 1.524213345933e+00 6.086690094254e-02 1.525428e+00
0.900000 71.150000 1.510563358750e+00 3.546963950143e-02 1.510980e+00
0.900000 71.175000 1.496130744147e+00 1.150948153340e-02 1.496175e+00
0.900000 71.200000 1.481065680864e+00 -1.114004752025e-02 1.481108e+00
0.900000 71.225000 1.465469996867e+00 -3.262334728857e-02 1.465833e+00
0.900000 71.250000 1.449394709005e+00 -5.309001824866e-02 1.450367e+00
0.900000 71.275000 1.432840832415e+00 -7.268168910086e-02 1.434683e+00
0.900000 71.300000 1.415763585265e+00 -9.151928939947e-02 1.418719e+00
0.900000 71.325000 1.398079845698e+00 -1.096917055391e-01 1.402376e+00
0.900000 71.350000 1.379678433788e+00 -1.272467137184e-01 1.385534e+00
0.900000 71.375000 1.360432523553e+00 -1.441849457333e-01 1.368052e+00
0.900000 71.400000 1.340213270904e+00 -1.604574196477e-01 1.349784e+00
0.900000 71.425000 1.318903601531e+00 -1.759668762827e-01 1.330590e+00
0.900000 71.450000 1.296411059332e+00 -1.905728324783e-01 1.310343e+00
0.900000 71.475000 1.272678681205e+00 -2.040999281018e-01 1.288941e+00
0.900000 71.500000 1.247693035410e+00 -2.163488430078e-01 1.266311e+00
0.900000 71.525000 1.221488822738e+00 -2.271088272976e-01 1.242422e+00
0.900000 71.550000 1.194149765497e+00 -2.361707510827e-01 1.217280e+00
0.900000 71.575000 1.165805863357e+00 -2.433395555512e-01 1.190931e+00
0.900000 71.600000 1.136627437974e+00 -2.484450793351e-01 1.163463e+00
0.900000 71.625000 1.106816681070e+00 -2.513504329056e-01 1.134998e+00
0.900000 71.650000 1.076597630266e+00 -2.519573759680e-01 1.105688e+00
0.900000 71.675000 1.046205599997e+00 -2.502084854048e-01 1.075709e+00
0.900000 71.700000 1.015877081007e+00 -2.460862449184e-01 1.045258e+00
0.900000 71.725000 9.858409950146e-01 -2.396095016785e-01 1.014542e+00
0.900000 71.750000 9.563119688933e-01 -2.308279833943e-01 9.837755e-01
0.900000 71.775000 9.274860043199e-01 -2.198157232694e-01 9.531785e-01
0.900000 71.800000 8.995386013669e-01 -2.066642842268e-01 9.229734e-01
0.900000 71.825000 8.726250880703e-01 -1.914766055972e-01 8.933856e-01
0.900000 71.850000 8.468826506244e-01 -1.743621272439e-01 8.646458e-01
0.900000 71.875000 8.224333817035e-01 -1.554336024021e-01 8.369924e-01
0.900000 71.900000 7.993875878639e-01 -1.348057250839e-01 8.106745e-01
0.900000 71.925000 7.778466281301e-01 -1.125954091766e-01 7.859536e-01
0.900000 71.950000 7.579046878259e-01 -8.892330260272e-02 7.631034e-01
0.900000 71.975000 7.396491046335e-01 -6.391593416612e-02 7.424056e-01
0.900000 72.000000 7.231591277139e-01 -3.770779674885e-02 7.241416e-01
0.900000 72.025000 7.085032692221e-01 -1.044267987713e-02 7.085802e-01
0.900000 72.050000 6.957356629169e-01 1.772632467864e-02 6.959614e-01
0.900000 72.075000 6.848920423602e-01 4.663852379344e-02 6.864782e-01
0.900000 72.100000 6.759860646014e-01 7.612915305121e-02 6.802594e-01
0.900000 72.125000 6.690067184150e-01 1.060345755489e-01 6.773576e-01
0.900000 72.150000 6.639174659999e-01 1.361987165930e-01 6.777437e-01
0.900000 72.175000 6.606575835158e-01 1.664800753864e-01 6.813105e-01
0.900000 72.200000 6.591459104838e-01 1.967585050157e-01 6.878861e-01
0.900000 72.225000 6.592869213613e-01 2.269408991641e-01 6.972528e-01
0.900000 72.250000 6.609787300746e-01 2.569649769829e-01 7.091713e-01
0.900000 72.275000 6.641223663549e-01 2.868005128929e-01 7.234038e-01
0.900000 72.300000 6.686314543871e-01 3.164476002210e-01 7.397345e-01
0.900000 72.325000 6.744413054426e-01 3.459318409617e-01 7.579841e-01
0.900000 72.350000 6.815164228015e-01 3.752966859942e-01 7.780181e-01
0.900000 72.375000 6.898555138514e-01 4.045934749202e-01 7.997478e-01
0.900000 72.400000 6.994933034429e-01 4.338700069727e-01 8.231246e-01
0.900000 72.425000 7.104987262254e-01 4.631586831718e-01 8.481299e-01
0.900000 72.450000 7.229694168300e-01 4.924653714275e-01 8.747611e-01
0.900000 72.475000 7.370227825262e-01 5.217601465604e-01 9.030151e-01
0.900000 72.500000 7.527842978315e-01 5.509709430418e-01 9.328736e-01
0.900000 72.525000 7.703739697091e-01 5.799809373297e-01 9.642893e-01
0.900000 72.550000 7.898921546183e-01 6.086301668150e-01 9.971762e-01
0.900000 72.575000 8.114060405551e-01 6.367215197361e-01 1.031404e+00
0.900000 72.600000 8.349381227930e-01 6.640308271572e-01 1.066798e+00
0.900000 72.625000 8.604578957042e-01 6.903203897444e-01 1.103146e+00
0.900000 72.650000 8.878777596088e-01 7.153549144813e-01 1.140202e+00
0.900000 72.675000 9.170538160618e-01 7.389185530720e-01 1.177705e+00
0.900000 72.700000 9.477918213575e-01 7.608315528171e-01 1.215390e+00
0.900000 72.725000 9.798581179509e-01 7.809649729705e-01 1.253008e+00
0.900000 72.750000 1.012994903791e+00 7.992519963518e-01 1.290334e+00
0.900000 72.775000 1.046938769784e+00 8.156945779590e-01 1.327192e+00
0.900000 72.800000 1.081441075033e+00 8.303645088142e-01 1.363459e+00
0.900000 72.825000 1.116288473893e+00 8.433984123692e-01 1.399079e+00
0.900000 72.850000 1.151321787482e+00 8.549867003147e-01 1.434066e+00
0.900000 72.875000 1.186451444611e+00 8.653570540049e-01 1.468506e+00
0.900000 72.900000 1.221667910732e+00 8.747535206813e-01 1.502553e+00
0.900000 72.925000 1.257045872064e+00 8.834127719096e-01 1.536419e+00
0.900000 72.950000 1.292741424535e+00 8.915394188148e-01 1.570358e+00
0.900000 72.975000 1.328982098733e+00 8.992824749934e-01 1.604650e+00
0.900000 73.000000 1.366050185340e+00 9.067150744991e-01 1.639581e+00
0.900000 73.025000 1.404260454714e+00 9.138193748488e-01 1.675414e+00
0.900000 73.050000 1.443933929294e+00 9.204782069905e-01 1.712374e+00
0.900000 73.075000 1.485369809588e+00 9.264744979081e-01 1.750622e+00
0.900000 73.100000 1.528817922630e+00 9.314988277298e-01 1.790244e+00
0.900000 73.125000 1.574454118316e+00 9.351647485015e-01 1.831240e+00
0.900000 73.150000 1.622360864775e+00 9.370307542571e-01 1.873521e+00
0.900000 73.175000 1.672514892066e+00 9.366271250223e-01 1.916918e+00
0.900000 73.200000 1.724783130760e+00 9.334853422027e-01 1.961191e+00
0.900000 73.225000 1.778927437770e+00 9.271674508631e-01 2.006046e+00
0.900000 73.250000 1.834617764710e+00 9.172926699129e-01 2.051158e+00
0.900000 73.275000 1.891452585660e+00 9.035587451402e-01 2.096190e+00
0.900000 73.300000 1.948984648199e+00 8.857559962028e-01 2.140819e+00
0.900000 73.325000 2.006749526455e+00 8.637726926423e-01 2.184753e+00
0.900000 73.350000 2.064294107052e+00 8.375912450946e-01 2.227750e+00
0.900000 73.375000 2.121202075485e+00 8.072756343103e-01 2.269624e+00
0.900000 73.400000 2.177113710893e+00 7.729514273929e-01 2.310255e+00
0.900000 73.425000 2.231737828683e+00 7.347805493252e-01 2.349586e+00
0.900000 73.450000 2.284854488374e+00 6.929335972635e-01 2.387617e+00
0.900000 73.475000 2.336308035110e+00 6.475628318620e-01 2.424391e+00
0.900000 73.500000 2.385991072947e+00 5.987790072573e-01 2.459978e+00
0.900000 73.525000 2.433820969444e+00 5.466348954833e-01 2.494453e+00
0.900000 73.550000 2.479711357331e+00 4.911177436100e-01 2.527878e+00
0.900000 73.575000 2.523541734214e+00 4.321520288204e-01 2.560277e+00
0.900000 73.600000 2.565128592103e+00 3.696128329372e-01 2.591621e+00
0.900000 73.625000 2.604201492456e+00 3.033490489856e-01 2.621810e+00
0.900000 73.650000 2.640387133439e+00 2.332145727478e-01 2.650667e+00
0.900000 73.675000 2.673203765509e+00 1.591047331129e-01 2.677934e+00
0.900000 73.700000 2.702067365659e+00 8.099457196547e-02 2.703281e+00
0.900000 73.725000 2.726309873286e+00 -1.024733311222e-03 2.726310e+00
0.900000 73.750000 2.745208633384e+00 -8.671496856496e-02 2.746578e+00
0.900000 73.775000 2.758025102281e+00 -1.756687654510e-01 2.763614e+00
0.900000 73.800000 2.764049957026e+00 -2.672988111312e-01 2.776945e+00
0.900000 73.825000 2.762651102038e+00 -3.608399638663e-01 2.786117e+00
0.900000 73.850000 2.753320747163e+00 -4.553647410270e-01 2.790723e+00
0.900000 73.875000 2.735717766484e+00 -5.498114970600e-01 2.790420e+00
0.900000 73.900000 2.709701926376e+00 -6.430235354204e-01 2.784953e+00
0.900000 73.925000 2.675357249008e+00 -7.337965017073e-01 2.774165e+00
0.900000 73.950000 2.633002679408e+00 -8.209307650137e-01 2.758012e+00
0.900000 73.975000 2.583189256151e+00 -9.032851613139e-01 2.736566e+00
0.900000 74.000000 2.526684044908e+00 -9.798284636400e-01 2.710018e+00
0.900000 74.025000 2.464442080329e+00 -1.049685242271e+00 2.678678e+00
0.900000 74.050000 2.397568388369e+00 -1.112173337679e+00 2.642965e+00
0.900000 74.075000 2.327272763339e+00 -1.166830919943e+00 2.603400e+00
0.900000 74.100000 2.254820314357e+00 -1.213431967267e+00 2.560592e+00
0.900000 74.125000 2.181480866385e+00 -1.251989875628e+00 2.515221e+00
0.900000 74.150000 2.108480121530e+00 -1.282749730170e+00 2.468023e+00
0.900000 74.175000 2.036955099576e+00 -1.306170459498e+00 2.419766e+00
0.900000 74.200000 1.967915841900e+00 -1.322898609731e+00 2.371235e+00
0.900000 74.225000 1.902214746853e+00 -1.333735792494e+00 2.323203e+00
0.900000 74.250000 1.840524273831e+00 -1.339601979432e+00 2.276415e+00
0.900000 74.275000 1.783323166193e+00 -1.341496755380e+00 2.231559e+00
0.900000 74.300000 1.730890845067e+00 -1.340460438099e+00 2.189250e+00
0.900000 74.325000 1.683309245381e+00 -1.337536668887e+00 2.150008e+00
0.900000 74.350000 1.640471113502e+00 -1.333737722043e+00 2.114238e+00
0.900000 74.375000 1.602093657981e+00 -1.330013415540e+00 2.082220e+00
0.900000 74.400000 1.567736424503e+00 -1.327224165578e+00 2.054099e+00
0.900000 74.425000 1.536822328694e+00 -1.326118438697e+00 2.029880e+00
0.900000 74.450000 1.508660898255e+00 -1.327314630033e+00 2.009433e+00
0.900000 74.475000 1.482472922930e+00 -1.331287238036e+00 1.992499e+00
0.900000 74.500000 1.457415864766e+00 -1.338357109462e+00 1.978702e+00
0.900000 74.525000 1.432609526235e+00 -1.348685483845e+00 1.967568e+00
0.900000 74.550000 1.407161599991e+00 -1.362271562217e+00 1.958542e+00
0.900000 74.575000 1.380192826783e+00 -1.378953349745e+00 1.951011e+00
0.900000 74.600000 1.350861565513e+00 -1.398411567538e+00 1.944320e+00
0.900000 74.625000 1.318387631291e+00 -1.420176489030e+00 1.937794e+00
0.900000 74.650000 1.282075282216e+00 -1.443637626756e+00 1.930753e+00
0.900000 74.675000 1.241335230763e+00 -1.468056271635e+00 1.922525e+00
0.900000 74.700000 1.195705516696e+00 -1.492580963011e+00 1.912462e+00
0.900000 74.725000 1.144871001215e+00 -1.516266034043e+00 1.899945e+00
0.900000 74.750000 1.088681124231e+00 -1.538093419999e+00 1.884399e+00
0.900000 74.775000 1.027165411134e+00 -1.556997919165e+00 1.865291e+00
0.900000 74.800000 9.605460319742e-01 -1.571896038599e+00 1.842147e+00
0.900000 74.825000 8.892465234838e-01 -1.581718422174e+00 1.814550e+00
0.900000 74.850000 8.138956103793e-01 -1.585445634458e+00 1.782151e+00
0.900000 74.875000 7.353249418276e-01 -1.582146758702e+00 1.744675e+00
0.900000 74.900000 6.545595301267e-01 -1.571019871494e+00 1.701926e+00
0.900000 74.925000 5.727997784456e-01 -1.551433007034e+00 1.653797e+00
0.900000 74.950000 4.913942418635e-01 -1.522963762200e+00 1.600277e+00
0.900000 74.975000 4.118026959974e-01 -1.485435274436e+00 1.541460e+00
0.900000 75.000000 3.355496858013e-01 -1.438945990660e+00 1.477552e+00
0.900000 75.025000 2.641694663982e-01 -1.383890500475e+00 1.408878e+00
0.900000 75.050000 1.991440771385e-01 -1.320968786795e+00 1.335896e+00
0.900000 75.075000 1.418371373393e-01 -1.251181591023e+00 1.259195e+00
0.900000 75.100000 9.342672978497e-02 -1.175810213148e+00 1.179516e+00
0.900000 75.125000 5.484135170678e-02 -1.096379954448e+00 1.097751e+00
0.900000 75.150000 2.670327215391e-02 -1.014607514242e+00 1.014959e+00
0.900000 75.175000 9.283664436695e-03 -9.323338932301e-01 9.323801e-01
0.900000 75.200000 2.473533990767e-03 -8.514456297706e-01 8.514492e-01
0.900000 75.225000 5.773722010884e-03 -7.737883806697e-01 7.738099e-01
0.900000 75.250000 1.830616037620e-02 -7.010778294773e-01 7.013168e-01
0.900000 75.275000 3.884715187942e-02 -6.348135471551e-01 6.360011e-01
0.900000 75.300000 6.588185706904e-02 -5.762016503523e-01 5.799558e-01
0.900000 75.325000 9.767751921609e-02 -5.260918450633e-01 5.350827e-01
0.900000 75.350000 1.323714021519e-01 -4.849336964929e-01 5.026757e-01
0.900000 75.375000 1.680681027658e-01 -4.527557665976e-01 4.829438e-01
0.900000 75.400000 2.029399660770e-01 -4.291696937938e-01 4.747328e-01
0.900000 75.425000 2.353238803964e-01 -4.133994805343e-01 4.756853e-01
0.900000 75.450000 2.638078243083e-01 -4.043343591804e-01 4.827845e-01
0.900000 75.475000 2.873011857163e-01 -4.006017944200e-01 4.929744e-01
0.900000 75.500000 3.050840316894e-01 -4.006556178513e-01 5.035883e-01
0.900000 75.525000 3.168320812113e-01 -4.028731232019e-01 5.125323e-01
0.900000 75.550000 3.226159842280e-01 -4.056542887930e-01 5.183015e-01
0.900000 75.575000 3.228754744696e-01 -4.075161992153e-01 5.199212e-01
0.900000 75.600000 3.183708638601e-01 -4.071762180809e-01 5.168680e-01
0.900000 75.625000 3.101160131828e-01 -4.036184701028e-01 5.089988e-01
0.900000 75.650000 2.992982013839e-01 -3.961396254230e-01 4.964937e-01
0.900000 75.675000 2.871911175993e-01 -3.843717043128e-01 4.798128e-01
0.900000 75.700000 2.750674577858e-01 -3.682814735386e-01 4.596666e-01
0.900000 75.725000 2.641173176488e-01 -3.481478166242e-01 4.369953e-01
0.900000 75.750000 2.553777839956e-01 -3.245200686395e-01 4.129541e-01
0.900000 75.775000 2.496779322405e-01 -2.981615776790e-01 3.888951e-01
0.900000 75.800000 2.476019675697e-01 -2.699835941195e-01 3.663303e-01
0.900000 75.825000 2.494716499504e-01 -2.409749460187e-01 3.468502e-01
0.900000 75.850000 2.553475709684e-01 -2.121328348693e-01 3.319680e-01
0.900000 75.875000 2.650474432667e-01 -1.843995271029e-01 3.228828e-01
0.900000 75.900000 2.781784350721e-01 -1.586088087794e-01 3.202187e-01
0.900000 75.925000 2.941798108694e-01 -1.354449266659e-01 3.238628e-01
0.900000 75.950000 3.123717612719e-01 -1.154154848860e-01 3.330118e-01
0.900000 75.975000 3.320063151293e-01 -9.883852833514e-02 3.464062e-01
0.900000 76.000000 3.523165817080e-01 -8.584293416393e-02 3.626237e-01
0.900000 76.025000 3.725611973252e-01 -7.638033852123e-02 3.803101e-01
0.900000 76.050000 3.920616569182e-01 -7.024620378946e-02 3.983050e-01
0.900000 76.075000 4.102310971081e-01 -6.710730394510e-02 4.156837e-01
0.900000 76.100000 4.265939680754e-01 -6.653286177985e-02 4.317511e-01
0.900000 76.125000 4.407968058245e-01 -6.802677291643e-02 4.460151e-01
0.900000 76.150000 4.526109344841e-01 -7.105873892015e-02 4.581550e-01
0.900000 76.175000 4.619283558810e-01 -7.509263525290e-02 4.679922e-01
0.900000 76.200000 4.687523124392e-01 -7.961098753256e-02 4.754647e-01
0.900000 76.225000 4.731840545662e-01 -8.413495654668e-02 4.806057e-01
0.900000 76.250000 4.754072384098e-01 -8.823968719863e-02 4.835269e-01
0.900000 76.275000 4.756711690786e-01 -9.156522516618e-02 4.844040e-01
0.900000 76.300000 4.742738372807e-01 -9.382343273843e-02 4.834651e-01
0.900000 76.325000 4.715454204902e-01 -9.480144521453e-02 4.809807e-01
0.900000 76.350000 4.678326717356e-01 -9.436221917339e-02 4.772543e-01
0.900000 76.375000 4.634844266282e-01 -9.244266153312e-02 4.726134e-01
0.900000 76.400000 4.588383355789e-01 -8.904972581942e-02 4.673997e-01
0.900000 76.425000 4.542088734788e-01 -8.425475099032e-02 4.619573e-01
0.900000 76.450000 4.498766827482e-01 -7.818622504803e-02 4.566203e-01
0.900000 76.475000 4.460793492531e-01 -7.102109901260e-02 4.516977e-01
0.900000 76.500000 4.430037721424e-01 -6.297476567333e-02 4.474574e-01
0.900000 76.525000 4.407803462480e-01 -5.428985154981e-02 4.441111e-01
0.900000 76.550000 4.394792107848e-01 -4.522404142269e-02 4.417999e-01
0.900000 76.575000 4.391088177598e-01 -3.603724875511e-02 4.405851e-01
0.900000 76.600000 4.396170316074e-01 -2.697854560369e-02 4.404441e-01
0.900000 76.625000 4.408948887052e-01 -1.827335539832e-02 4.412734e-01
0.900000 76.650000 4.427830280086e-01 -1.011147664307e-02 4.428985e-01
0.900000 76.675000 4.450806626912e-01 -2.636534380414e-03 4.450885e-01
0.900000 76.700000 4.475568103821e-01 4.062556977601e-03 4.475752e-01
0.900000 76.725000 4.499633498539e-01 9.957592584546e-03 4.500735e-01
0.900000 76.750000 4.520493373858e-01 1.508410859615e-02 4.523009e-01
0.900000 76.775000 4.535759070887e-01 1.954114951267e-02 4.539967e-01
0.900000 76.800000 4.543310043462e-01 2.348763466545e-02 4.549377e-01
0.900000 76.825000 4.541431658229e-01 2.713536501032e-02 4.549531e-01
0.900000 76.850000 4.528935665801e-01 3.073889784227e-02 4.539355e-01
0.900000 76.875000 4.505256061751e-01 3.458270232748e-02 4.518510e-01
0.900000 76.900000 4.470514010108e-01 3.896618311222e-02 4.487464e-01
0.900000 76.925000 4.425546878362e-01 4.418731285635e-02 4.447552e-01
0.900000 76.950000 4.371898195583e-01 5.052573733701e-02 4.400997e-01
0.900000 76.975000 4.311767435340e-01 5.822629878122e-02 4.350904e-01
0.900000 77.000000 4.247920856668e-01 6.748395478970e-02 4.301191e-01
0.900000 77.025000 4.183567092212e-01 7.843104344376e-02 4.256451e-01
0.900000 77.050000 4.122203604227e-01 9.112775427832e-02 4.221728e-01
0.900000 77.075000 4.067442360733e-01 1.055565079568e-01 4.202179e-01
0.900000 77.100000 4.022824923961e-01 1.216207280296e-01 4.202652e-01
0.900000 77.125000 3.991638399452e-01 1.391482155089e-01 4.227221e-01
0.900000 77.150000 3.976744196565e-01 1.578990269832e-01 4.278750e-01
0.900000 77.175000 3.980431173936e-01 1.775774314272e-01 4.358579e-01
0.900000 77.200000 4.004303428036e-01 1.978472061403e-01 4.466408e-01
0.900000 77.225000 4.049210755243e-01 2.183492571568e-01 4.600407e-01
0.900000 77.250000 4.115226798087e-01 2.387203422757e-01 4.757503e-01
0.900000 77.275000 4.201676287685e-01 2.586115600117e-01 4.933769e-01
0.900000 77.300000 4.307208910473e-01 2.777052627121e-01 5.124848e-01
0.900000 77.325000 4.429913507079e-01 2.957291644765e-01 5.326322e-01
0.900000 77.350000 4.567462925118e-01 3.124666404284e-01 5.534009e-01
0.900000 77.375000 4.717277247452e-01 3.277625372304e-01 5.744174e-01
0.900000 77.400000 4.876691594910e-01 3.415242081095e-01 5.953654e-01
0.900000 77.425000 5.043114451785e-01 3.537179126579e-01 6.159922e-01
0.900000 77.450000 5.214163552480e-01 3.643611404618e-01 6.361085e-01
0.900000 77.475000 5.387768726576e-01 3.735117852915e-01 6.555849e-01
0.900000 77.500000 5.562234516186e-01 3.812553741089e-01 6.743443e-01
0.900000 77.525000 5.736259520486e-01 3.876917117946e-01 6.923522e-01
0.900000 77.550000 5.908913865888e-01 3.929223197786e-01 7.096059e-01
0.900000 77.575000 6.079580480198e-01 3.970399208986e-01 7.261224e-01
0.900000 77.600000 6.247869506326e-01 4.001209656194e-01 7.419269e-01
0.900000 77.625000 6.413517826226e-01 4.022218327008e-01 7.570433e-01
0.900000 77.650000 6.576286985287e-01 4.033789089919e-01 7.714856e-01
0.900000 77.675000 6.735872658951e-01 4.036123046035e-01 7.852533e-01
0.900000 77.700000 6.891837195462e-01 4.029325404191e-01 7.983288e-01
0.900000 77.725000 7.043573871425e-01 4.013492011255e-01 8.106790e-01
0.900000 77.750000 7.190307625155e-01 3.988803171166e-01 8.222595e-01
0.900000 77.775000 7.331132611399e-01 3.955611487816e-01 8.330208e-01
0.900000 77.800000 7.465082438433e-01 3.914511075327e-01 8.429167e-01
0.900000 77.825000 7.591224902097e-01 3.866377535493e-01 8.519130e-01
0.900000 77.850000 7.708769872420e-01 3.812371386842e-01 8.599960e-01
0.900000 77.875000 7.817177072265e-01 3.753901788310e-01 8.671795e-01
0.900000 77.900000 7.916250033902e-01 3.692551981346e-01 8.735099e-01
0.900000 77.925000 8.006203589675e-01 3.629972379213e-01 8.790677e-01
0.900000 77.950000 8.087694743177e-01 3.567751170593e-01 8.839664e-01
0.900000 77.975000 8.161810420693e-01 3.507275246333e-01 8.883475e-01
0.900000 78.000000 8.230010038153e-01 3.449595879537e-01 8.923720e-01
0.900000 78.025000 8.294025572316e-01 3.395313706851e-01 8.962088e-01
0.900000 78.050000 8.355726399488e-01 3.344496147369e-01 9.000212e-01
0.900000 78.075000 8.416960083006e-01 3.296637589858e-01 9.039526e-01
0.900000 78.100000 8.479383143168e-01 3.250668757165e-01 9.081122e-01
0.900000 78.125000 8.544297331703e-01 3.205017011156e-01 9.125632e-01
0.900000 78.150000 8.612506898193e-01 3.157714456960e-01 9.173137e-01
0.900000 78.175000 8.684210773049e-01 3.106546030793e-01 9.223131e-01
0.900000 78.200000 8.758940648372e-01 3.049225775711e-01 9.274525e-01
0.900000 78.225000 8.835551898088e-01 2.983586617770e-01 9.325705e-01
0.900000 78.250000 8.912269532523e-01 2.907767436187e-01 9.374629e-01
0.900000 78.275000 8.986786387444e-01 2.820381224890e-01 9.418964e-01
0.900000 78.300000 9.056405983022e-01 2.720649670518e-01 9.456237e-01
0.900000 78.325000 9.118218408850e-01 2.608492378172e-01 9.483994e-01
0.900000 78.350000 9.169294584288e-01 2.484562984093e-01 9.499948e-01
0.900000 78.375000 9.206882591814e-01 2.350229123426e-01 9.502119e-01
0.900000 78.400000 9.228589637755e-01 2.207498223739e-01 9.488936e-01
0.900000 78.425000 9.232534568999e-01 2.058895899413e-01 9.459321e-01
0.900000 78.450000 9.217458631701e-01 1.907307877115e-01 9.412724e-01
0.900000 78.475000 9.182786033625e-01 1.755799500097e-01 9.349139e-01
0.900000 78.500000 9.128630495577e-01 1.607428649742e-01 9.269073e-01
0.900000 78.525000 9.055748908867e-01 1.465068224131e-01 9.173495e-01
0.900000 78.550000 8.965447985815e-01 1.331253104700e-01 9.063746e-01
0.900000 78.575000 8.859453945701e-01 1.208063946953e-01 8.941440e-01
0.900000 78.600000 8.739758424784e-01 1.097056406419e-01 8.808343e-01
0.900000 78.625000 8.608455639169e-01 9.992399227071e-02 8.666256e-01
0.900000 78.650000 8.467586192876e-01 9.151053732411e-02 8.516891e-01
0.900000 78.675000 8.319001784406e-01 8.446962472840e-02 8.361776e-01
0.900000 78.700000 8.164262545683e-01 7.877139395420e-02 8.202175e-01
0.900000 78.725000 8.004575107486e-01 7.436447211283e-02 8.039044e-01
0.900000 78.750000 7.840775099130e-01 7.118942137988e-02 7.873027e-01
0.900000 78.775000 7.673353107769e-01 6.919149396136e-02 7.704485e-01
0.900000 78.800000 7.502518627628e-01 6.833137601238e-02 7.533572e-01
0.900000 78.825000 7.328292687762e-01 6.859286201646e-02 7.360324e-01
0.900000 78.850000 7.150617059152e-01 6.998676919578e-02 7.184785e-01
0.900000 78.875000 6.969466500040e-01 7.255083808555e-02 7.007127e-01
0.900000 78.900000 6.784950553167e-01 7.634582346681e-02 6.827768e-01
0.900000 78.925000 6.597392951421e-01 8.144840978484e-02 6.647479e-01
0.900000 78.950000 6.407379550059e-01 8.794194002341e-02 6.467449e-01
0.900000 78.975000 6.215769569631e-01 9.590618760812e-02 6.289324e-01
0.900000 79.000000 6.023669377241e-01 1.054075003160e-01 6.115200e-01
0.900000 79.025000 5.832372560180e-01 1.164905917488e-01 5.947569e-01
0.900000 79.050000 5.643274147206e-01 1.291730549073e-01 5.789224e-01
0.900000 79.075000 5.457770043121e-01 1.434433454873e-01 5.643124e-01
0.900000 79.100000 5.277154691365e-01 1.592625657059e-01 5.512243e-01
0.900000 79.125000 5.102530434251e-01 1.765699191805e-01 5.399399e-01
0.900000 79.150000 4.934740934108e-01 1.952912553874e-01 5.307121e-01
0.900000 79.175000 4.774338458632e-01 2.153497298446e-01 5.237543e-01
0.900000 79.200000 4.621591092323e-01 2.366773184853e-01 5.192371e-01
0.900000 79.225000 4.476531420146e-01 2.592257754211e-01 5.172923e-01
0.900000 79.250000 4.339043436687e-01 2.829756308897e-01 5.180233e-01
0.900000 79.275000 4.208979895467e-01 3.079419916418e-01 5.215203e-01
0.900000 79.300000 4.086298534522e-01 3.341762127671e-01 5.278751e-01
0.900000 79.325000 3.971203018995e-01 3.617629256301e-01 5.371936e-01
0.900000 79.350000 3.864273322131e-01 3.908123867253e-01 5.496002e-01
0.900000 79.375000 3.766570752761e-01 4.214486053552e-01 5.652340e-01
0.900000 79.400000 3.679704883912e-01 4.537941612925e-01 5.842358e-01
0.900000 79.425000 3.605853027437e-01 4.879529889069e-01 6.067288e-01
0.900000 79.450000 3.547727274162e-01 5.239926434688e-01 6.327969e-01
0.900000 79.475000 3.508489016867e-01 5.619276544085e-01 6.624633e-01
0.900000 79.500000 3.491615785114e-01 6.017055015966e-01 6.956747e-01
0.900000 79.525000 3.500729646062e-01 6.431965335516e-01 7.322929e-01
0.900000 79.550000 3.539399927183e-01 6.861888056553e-01 7.720936e-01
0.900000 79.575000 3.610935268628e-01 7.303883890499e-01 8.147734e-01
0.900000 79.600000 3.718180829501e-01 7.754252317198e-01 8.599610e-01
0.900000 79.625000 3.863335825050e-01 8.208641897710e-01 9.072330e-01
0.900000 79.650000 4.047804584144e-01 8.662204338208e-01 9.561303e-01
0.900000 79.675000 4.272091243813e-01 9.109781100106e-01 1.006175e+00
0.900000 79.700000 4.535744391466e-01 9.546109237170e-01 1.056888e+00
0.900000 79.725000 4.837353830296e-01 9.966032295983e-01 1.107799e+00
0.900000 79.750000 5.174597589092e-01 1.036470253518e+00 1.158462e+00
0.900000 79.775000 5.544333695356e-01 1.073776226782e+00 1.208467e+00
0.900000 79.800000 5.942728375728e-01 1.108149457495e+00 1.257440e+00
0.900000 79.825000 6.365410435158e-01 1.139293667341e+00 1.305057e+00
0.900000 79.850000 6.807640678958e-01 1.166995251497e+00 1.351043e+00
0.900000 79.875000 7.264485353803e-01 1.191126442341e+00 1.395174e+00
0.900000 79.900000 7.730983574482e-01 1.211644646115e+00 1.437277e+00
0.900000 79.925000 8.202300382476e-01 1.228588454317e+00 1.477229e+00
0.900000 79.950000 8.673859219490e-01 1.242070995138e+00 1.514958e+00
0.900000 79.975000 9.141449952206e-01 1.252271379600e+00 1.550434e+00
0.900000 80.000000 9.601310928831e-01 1.259425014843e+00 1.583668e+00
0.900000 80.025000 1.005018569474e+00 1.263813511538e+00 1.614710e+00
0.900000 80.050000 1.048535680388e+00 1.265754816112e+00 1.643643e+00
0.900000 80.075000 1.090466054708e+00 1.265594065521e+00 1.670582e+00
0.900000 80.100000 1.130648733808e+00 1.263695506846e+00 1.695669e+00
0.900000 80.125000 1.168977295184e+00 1.260435658931e+00 1.719071e+00
0.900000 80.150000 1.205398582179e+00 1.256197729335e+00 1.740982e+00
0.900000 80.175000 1.239911521089e+00 1.251367145751e+00 1.761619e+00
0.900000 80.200000 1.272566431896e+00 1.246327923630e+00 1.781224e+00
0.900000 80.225000 1.303465131615e+00 1.241459476979e+00 1.800067e+00
0.900000 80.250000 1.332761994326e+00 1.237133392942e+00 1.818448e+00
0.900000 80.275000 1.360665973961e+00 1.233709638770e+00 1.836696e+00
0.900000 80.300000 1.387443420968e+00 1.231531658651e+00 1.855174e+00
0.900000 80.325000 1.413421340351e+00 1.230919854134e+00 1.874279e+00
0.900000 80.350000 1.438990557434e+00 1.232163030961e+00 1.894444e+00
0.900000 80.375000 1.464608093332e+00 1.235507540334e+00 1.916130e+00
0.900000 80.400000 1.490797921460e+00 1.241144043239e+00 1.939824e+00
0.900000 80.425000 1.518149197865e+00 1.249192076317e+00 1.966026e+00
0.900000 80.450000 1.547311049673e+00 1.259682884528e+00 1.995237e+00
0.900000 80.475000 1.578983082789e+00 1.272541290216e+00 2.027942e+00
0.900000 80.500000 1.613900941833e+00 1.287567664914e+00 2.064584e+00
0.900000 80.525000 1.652816524376e+00 1.304421329603e+00 2.105544e+00
0.900000 80.550000 1.696472810015e+00 1.322606899414e+00 2.151118e+00
0.900000 80.575000 1.745573694631e+00 1.341465179854e+00 2.201490e+00
0.900000 80.600000 1.800749692725e+00 1.360170188219e+00 2.256715e+00
0.900000 80.625000 1.862520848581e+00 1.377733699549e+00 2.316708e+00
0.900000 80.650000 1.931258637038e+00 1.393018396585e+00 2.381231e+00
0.900000 80.675000 2.007148991325e+00 1.404760246659e+00 2.449898e+00
0.900000 80.700000 2.090158826083e+00 1.411600159062e+00 2.522177e+00
0.900000 80.725000 2.180008492658e+00 1.412124331399e+00 2.597409e+00
0.900000 80.750000 2.276152487413e+00 1.404912021255e+00 2.674817e+00
0.900000 80.775000 2.377770423580e+00 1.388588836083e+00 2.753538e+00
0.900000 80.800000 2.483769782061e+00 1.361883077477e+00 2.832638e+00
0.900000 80.825000 2.592801303640e+00 1.323682260863e+00 2.911143e+00
0.900000 80.850000 2.703287117597e+00 1.273086703603e+00 2.988061e+00
0.900000 80.875000 2.813460876828e+00 1.209457065290e+00 3.062409e+00
0.900000 80.900000 2.921418352539e+00 1.132452947085e+00 3.133231e+00
0.900000 80.925000 3.025176200797e+00 1.042060105645e+00 3.199622e+00
0.900000 80.950000 3.122736013078e+00 9.386044841377e-01 3.260745e+00
0.900000 80.975000 3.212150358175e+00 8.227520619144e-01 3.315845e+00
0.900000 81.000000 3.291587352169e+00 6.954944142386e-01 3.364262e+00
0.900000 81.025000 3.359390376194e+00 5.581207828714e-01 3.405437e+00
0.900000 81.050000 3.414129895315e+00 4.121783126040e-01 3.438920e+00
0.900000 81.075000 3.454644890972e+00 2.594228369285e-01 3.464372e+00
0.900000 81.100000 3.480072158401e+00 1.017631369892e-01 3.481560e+00
0.900000 81.125000 3.489862576976e+00 -5.879809298530e-02 3.490358e+00
0.900000 81.150000 3.483784362489e+00 -2.202232876437e-01 3.490738e+00
0.900000 81.175000 3.461914178622e+00 -3.804959781307e-01 3.482761e+00
0.900000 81.200000 3.424617746065e+00 -5.376710431336e-01 3.466568e+00
0.900000 81.225000 3.372522177620e+00 -6.899172321269e-01 3.442367e+00
0.900000 81.250000 3.306482638361e+00 -8.355507110435e-01 3.410421e+00
0.900000 81.275000 3.227546054177e+00 -9.730591998012e-01 3.371038e+00
0.900000 81.300000 3.136914466305e+00 -1.101117070579e+00 3.324559e+00
0.900000 81.325000 3.035910273861e+00 -1.218592480701e+00 3.271348e+00
0.900000 81.350000 2.925945063194e+00 -1.324548159587e+00 3.211788e+00
0.900000 81.375000 2.808493052205e+00 -1.418237806865e+00 3.146273e+00
0.900000 81.400000 2.685069451780e+00 -1.499100161005e+00 3.075207e+00
0.900000 81.425000 2.557213342333e+00 -1.566752660995e+00 2.999009e+00
0.900000 81.450000 2.426474055495e+00 -1.620986268464e+00 2.918111e+00
0.900000 81.475000 2.294399603571e+00 -1.661762487350e+00 2.832971e+00
0.900000 81.500000 2.162525459797e+00 -1.689212974002e+00 2.744077e+00
0.900000 81.525000 2.032361986510e+00 -1.703641445972e+00 2.651960e+00
0.900000 81.550000 1.905379037097e+00 -1.705526950776e+00 2.557204e+00
0.900000 81.575000 1.782986697114e+00 -1.695527021481e+00 2.460458e+00
0.900000 81.600000 1.666511733371e+00 -1.674478887842e+00 2.362444e+00
0.900000 81.625000 1.557170021904e+00 -1.643396775771e+00 2.263964e+00
0.900000 81.650000 1.456035949279e+00 -1.603463436999e+00 2.165903e+00
0.900000 81.675000 1.364010445633e+00 -1.556014401960e+00 2.069228e+00
0.900000 81.700000 1.281789835140e+00 -1.502514013132e+00 1.974977e+00
0.900000 81.725000 1.209838016197e+00 -1.444523020784e+00 1.884239e+00
0.900000 81.750000 1.148364564718e+00 -1.383658337115e+00 1.798124e+00
0.900000 81.775000 1.097311169563e+00 -1.321546365708e+00 1.717724e+00
0.900000 81.800000 1.056348366893e+00 -1.259772065333e+00 1.644049e+00
0.900000 81.825000 1.024883874467e+00 -1.199826490906e+00 1.577964e+00
0.900000 81.850000 1.002082996553e+00 -1.143055914528e+00 1.520114e+00
0.900000 81.875000 9.869006520782e-01 -1.090615722430e+00 1.470855e+00
0.900000 81.900000 9.781236606809e-01 -1.043432092163e+00 1.430202e+00
0.900000 81.925000 9.744210926974e-01 -1.002173990224e+00 1.397802e+00
0.900000 81.950000 9.743998312322e-01 -9.672373330480e-01 1.372954e+00
0.900000 81.975000 9.766620722804e-01 -9.387422876528e-01 1.354661e+00
0.900000 82.000000 9.798613439747e-01 -9.165437334788e-01 1.341708e+00
0.900000 82.025000 9.827537718517e-01 -9.002539544410e-01 1.332765e+00
0.900000 82.050000 9.842417376749e-01 -8.892757699393e-01 1.326478e+00
0.900000 82.075000 9.834077310259e-01 -8.828436254376e-01 1.321553e+00
0.900000 82.100000 9.795370087862e-01 -8.800697087205e-01 1.316820e+00
0.900000 82.125000 9.721285753037e-01 -8.799919735847e-01 1.311267e+00
0.900000 82.150000 9.608948863021e-01 -8.816210463728e-01 1.304061e+00
0.900000 82.175000 9.457514764379e-01 -8.839833411966e-01 1.294555e+00
0.900000 82.200000 9.267983402841e-01 -8.861582693346e-01 1.282276e+00
0.900000 82.225000 9.042953062807e-01 -8.873081290569e-01 1.266912e+00
0.900000 82.250000 8.786338055140e-01 -8.867000234160e-01 1.248293e+00
0.900000 82.275000 8.503073530777e-01 -8.837198916792e-01 1.226370e+00
0.900000 82.300000 8.198827576288e-01 -8.778793779485e-01 1.201199e+00
0.900000 82.325000 7.879736063367e-01 -8.688167362788e-01 1.172922e+00
0.900000 82.350000 7.552170060619e-01 -8.562932454914e-01 1.141749e+00
0.900000 82.375000 7.222539735489e-01 -8.401866652446e-01 1.107955e+00
0.900000 82.400000 6.897133324229e-01 -8.204831210221e-01 1.071866e+00
0.900000 82.425000 6.581985569975e-01 -7.972684972971e-01 1.033858e+00
0.900000 82.450000 6.282767482351e-01 -7.707200020114e-01 9.943546e-01
0.900000 82.475000 6.004688580783e-01 -7.410981098361e-01 9.538287e-01
0.900000 82.500000 5.752403914905e-01 -7.087386670118e-01 9.128045e-01
0.900000 82.525000 5.529920829094e-01 -6.740446106903e-01 8.718580e-01
0.900000 82.550000 5.340504168792e-01 -6.374765695150e-01 8.316166e-01
0.900000 82.575000 5.186582789654e-01 -5.995415974944e-01 7.927525e-01
0.900000 82.600000 5.069664147738e-01 -5.607794533748e-01 7.559686e-01
0.900000 82.625000 4.990266776709e-01 -5.217461513183e-01 7.219741e-01
0.900000 82.650000 4.947882072957e-01 -4.829949325256e-01 6.914474e-01
0.900000 82.675000 4.940976678550e-01 -4.450552822240e-01 6.649862e-01
0.900000 82.700000 4.967044775132e-01 -4.084110744918e-01 6.430513e-01
0.900000 82.725000 5.022715928633e-01 -3.734793014720e-01 6.259102e-01
0.900000 82.750000 5.103919135274e-01 -3.405910755479e-01 6.135977e-01
0.900000 82.775000 5.206097979700e-01 -3.099766415929e-01 6.059043e-01
0.900000 82.800000 5.324466007085e-01 -2.817559822256e-01 6.024000e-01
0.900000 82.825000 5.454286245336e-01 -2.559362476506e-01 6.024913e-01
0.900000 82.850000 5.591154947135e-01 -2.324167231405e-01 6.054979e-01
0.900000 82.875000 5.731267573251e-01 -2.110014125091e-01 6.107339e-01
0.900000 82.900000 5.871645126174e-01 -1.914186310887e-01 6.175785e-01
0.900000 82.925000 6.010301244164e-01 -1.733463400707e-01 6.255287e-01
0.900000 82.950000 6.146334807500e-01 -1.564413876465e-01 6.342304e-01
0.900000 82.975000 6.279938787570e-01 -1.403704135342e-01 6.434906e-01
0.900000 83.000000 6.412323098272e-01 -1.248399677758e-01 6.532717e-01
0.900000 83.025000 6.545556584283e-01 -1.096234158366e-01 6.636719e-01
0.900000 83.050000 6.682340262328e-01 -9.458244940674e-02 6.748945e-01
0.900000 83.075000 6.825729826006e-01 -7.968147134996e-02 6.872081e-01
0.900000 83.100000 6.978829660101e-01 -6.499372861525e-02 7.009029e-01
0.900000 83.125000 7.144482796151e-01 -5.069876783655e-02 7.162449e-01
0.900000 83.150000 7.324981205444e-01 -3.707151557390e-02 7.334356e-01
0.900000 83.175000 7.521818627399e-01 -2.446396869378e-02 7.525796e-01
0.900000 83.200000 7.735504045165e-01 -1.328105691127e-02 7.736644e-01
0.900000 83.225000 7.965448399745e-01 -3.952658847994e-03 7.965546e-01
0.900000 83.250000 8.209930755535e-01 3.096017325001e-03 8.209989e-01
0.900000 83.275000 8.466143527298e-01 7.473449561090e-03 8.466473e-01
0.900000 83.300000 8.730310172967e-01 8.848140082808e-03 8.730759e-01
0.900000 83.325000 8.997863494606e-01 6.970533844011e-03 8.998133e-01
0.900000 83.350000 9.263668790821e-01 1.689231908661e-03 9.263684e-01
0.900000 83.375000 9.522273826009e-01 -7.039254533631e-03 9.522534e-01
0.900000 83.400000 9.768167007038e-01 -1.914741250522e-02 9.770043e-01
0.900000 83.425000 9.996026196704e-01 -3.445998136509e-02 1.000196e+00
0.900000 83.450000 1.020094300744e+00 -5.270279288281e-02 1.021455e+00
0.900000 83.475000 1.037861085780e+00 -7.351610372190e-02 1.040462e+00
0.900000 83.500000 1.052546912021e+00 -9.647112230242e-02 1.056959e+00
0.900000 83.525000 1.063879990460e+00 -1.210883619944e-01 1.070749e+00
0.900000 83.550000 1.071677799791e+00 -1.468565086926e-01 1.081693e+00
0.900000 83.575000 1.075847786858e+00 -1.732506532475e-01 1.089708e+00
0.900000 83.600000 1.076384419620e+00 -1.997489797830e-01 1.094762e+00
0.900000 83.625000 1.073363395491e+00 -2.258472867045e-01 1.096866e+00
0.900000 83.650000 1.066933863688e+00 -2.510710142464e-01 1.096077e+00
0.900000 83.675000 1.057309482062e+00 -2.749847292655e-01 1.092483e+00
0.900000 83.700000 1.044759013143e+00 -2.971992484934e-01 1.086208e+00
0.900000 83.725000 1.029596993112e+00 -3.173767468549e-01 1.077403e+00
0.900000 83.750000 1.012174807021e+00 -3.352342875328e-01 1.066246e+00
0.900000 83.775000 9.928723005390e-01 -3.505462237739e-01 1.052938e+00
0.900000 83.800000 9.720898773750e-01 -3.631458657949e-01 1.037706e+00
0.900000 83.825000 9.502408928899e-01 -3.729266933032e-01 1.020800e+00
0.900000 83.850000 9.277440728072e-01 -3.798432440241e-01 1.002492e+00
0.900000 83.875000 9.050156690970e-01 -3.839116432333e-01 9.830776e-01
0.900000 83.900000 8.824611133324e-01 -3.852095814999e-01 9.628728e-01
0.900000 83.925000 8.604660342732e-01 -3.838754191604e-01 9.422113e-01
0.900000 83.950000 8.393866579588e-01 -3.801060146414e-01 9.214394e-01
0.900000 83.975000 8.195397869481e-01 -3.741528527187e-01 9.009083e-01
0.900000 84.000000 8.011927389806e-01 -3.663160949348e-01 8.809638e-01
0.900000 84.025000 7.845537913576e-01 -3.569362873810e-01 8.619328e-01
0.900000 84.050000 7.697638037160e-01 -3.463836333189e-01 8.441078e-01
0.900000 84.075000 7.568897595696e-01 -3.350449553183e-01 8.277302e-01
0.900000 84.100000 7.459209620331e-01 -3.233087136166e-01 8.129739e-01
0.900000 84.125000 7.367685342387e-01 -3.115486901482e-01 7.999315e-01
0.900000 84.150000 7.292687106503e-01 -3.001071650971e-01 7.886046e-01
0.900000 84.175000 7.231901706596e-01 -2.892785794853e-01 7.789006e-01
0.900000 84.200000 7.182453773600e-01 -2.792947710080e-01 7.706374e-01
0.900000 84.225000 7.141055659845e-01 -2.703128745981e-01 7.635547e-01
0.900000 84.250000 7.104187067813e-01 -2.624068853993e-01 7.573322e-01
0.900000 84.275000 7.068294770666e-01 -2.555636906238e-01 7.516121e-01
0.900000 84.300000 7.030000470633e-01 -2.496840987120e-01 7.460236e-01
0.900000 84.325000 6.986303402213e-01 -2.445890493468e-01 7.402082e-01
0.900000 84.350000 6.934763904223e-01 -2.400308042674e-01 7.338421e-01
0.900000 84.375000 6.873654957731e-01 -2.357085301178e-01 7.266566e-01
0.900000 84.400000 6.802070606097e-01 -2.312873268225e-01 7.184535e-01
0.900000 84.425000 6.719983113562e-01 -2.264194629617e-01 7.091174e-01
0.900000 84.450000 6.628244447783e-01 -2.207663831408e-01 6.986230e-01
0.900000 84.475000 6.528531868810e-01 -2.140199728268e-01 6.870385e-01
0.900000 84.500000 6.423241694380e-01 -2.059216140392e-01 6.745251e-01
0.900000 84.525000 6.315339291364e-01 -1.962777386257e-01 6.613320e-01
0.900000 84.550000 6.208176640336e-01 -1.849708700023e-01 6.477876e-01
0.900000 84.575000 6.105291121731e-01 -1.719655131609e-01 6.342854e-01
0.900000 84.600000 6.010200262598e-01 -1.573086715912e-01 6.212657e-01
0.900000 84.625000 5.926206969379e-01 -1.411251984427e-01 6.091926e-01
0.900000 84.650000 5.856228294502e-01 -1.236085867232e-01 5.985258e-01
0.900000 84.675000 5.802658212959e-01 -1.050081320746e-01 5.896907e-01
0.900000 84.700000 5.767271500489e-01 -8.561363172593e-02 5.830471e-01
0.900000 84.725000 5.751171968832e-01 -6.573889553340e-02 5.788622e-01
0.900000 84.750000 5.754784426271e-01 -4.570533337677e-02 5.772906e-01
0.900000 84.775000 5.777886188034e-01 -2.582675479374e-02 5.783655e-01
0.900000 84.800000 5.819671105930e-01 -6.396291215877e-03 5.820023e-01
0.900000 84.825000 5.878837176171e-01 1.232394196830e-02 5.880129e-01
0.900000 84.850000 5.953687959855e-01 3.011015121132e-02 5.961297e-01
0.900000 84.875000 6.042238323851e-01 4.678116499401e-02 6.060321e-01
0.900000 84.900000 6.142316266282e-01 6.220003231709e-02 6.173729e-01
0.900000 84.925000 6.251654606032e-01 7.627343053587e-02 6.298012e-01
0.900000 84.950000 6.367968786229e-01 8.894951144866e-02 6.429792e-01
0.900000 84.975000 6.489019623443e-01 1.002148359730e-01 6.565948e-01
0.900000 85.000000 6.612662186587e-01 1.100909778397e-01 6.703678e-01
0.900000 85.025000 6.736883815994e-01 1.186312319242e-01 6.840537e-01
0.900000 85.050000 6.859835378159e-01 1.259176684726e-01 6.974444e-01
0.900000 85.075000 6.979860084519e-01 1.320585614360e-01 7.103689e-01
0.900000 85.100000 7.095523589244e-01 1.371860197528e-01 7.226926e-01
0.900000 85.125000 7.205647740311e-01 1.414534944364e-01 7.343178e-01
0.900000 85.150000 7.309348505135e-01 1.450327450715e-01 7.451847e-01
0.900000 85.175000 7.406076508823e-01 1.481098409399e-01 7.552723e-01
0.900000 85.200000 7.495656622596e-01 1.508798476822e-01 7.646002e-01
0.900000 85.225000 7.578321426015e-01 1.535400021622e-01 7.732296e-01
0.900000 85.250000 7.654732396315e-01 1.562813878527e-01 7.812638e-01
0.900000 85.275000 7.725982529798e-01 1.592793645220e-01 7.888460e-01
0.900000 85.300000 7.793574851605e-01 1.626832484767e-01 7.961557e-01
0.900000 85.325000 7.859372888795e-01 1.666059512790e-01 8.034021e-01
0.900000 85.350000 7.925521528142e-01 1.711144366513e-01 8.108138e-01
0.900000 85.375000 7.994339523342e-01 1.762219242950e-01 8.186262e-01
0.900000 85.400000 8.068187960370e-01 1.818827415267e-01 8.270658e-01
0.900000 85.425000 8.149321905022e-01 1.879905953720e-01 8.363342e-01
0.900000 85.450000 8.239734917760e-01 1.943808164265e-01 8.465909e-01
0.900000 85.475000 8.341007840251e-01 2.008368289672e-01 8.579391e-01
0.900000 85.500000 8.454174017315e-01 2.071007555028e-01 8.704144e-01
0.900000 85.525000 8.579612791131e-01 2.128876999811e-01 8.839789e-01
0.900000 85.550000 8.716981670240e-01 2.179029065948e-01 8.985207e-01
0.900000 85.575000 8.865195120882e-01 2.218606940913e-01 9.138594e-01
0.900000 85.600000 9.022454637762e-01 2.245038481495e-01 9.297574e-01
0.900000 85.625000 9.186330893241e-01 2.256220392577e-01 9.459345e-01
0.900000 85.650000 9.353894661287e-01 2.250678341700e-01 9.620857e-01
0.900000 85.675000 9.521889215966e-01 2.227689886920e-01 9.779007e-01
0.900000 85.700000 9.686933358340e-01 2.187359410585e-01 9.930822e-01
0.900000 85.725000 9.845741439568e-01 2.130637514907e-01 1.007364e+00
0.900000 85.750000 9.995344967630e-01 2.059281293330e-01 1.020527e+00
0.900000 85.775000 1.013329977286e+00 1.975756231701e-01 1.032412e+00
0.900000 85.800000 1.025786332809e+00 1.883084868243e-01 1.042927e+00
0.900000 85.825000 1.036812863580e+00 1.784651401577e-01 1.052060e+00
0.900000 85.850000 1.046410397218e+00 1.683974857257e-01 1.059874e+00
0.900000 85.875000 1.054673149449e+00 1.584465934074e-01 1.066509e+00
0.900000 85.900000 1.061784198651e+00 1.489184055392e-01 1.072176e+00
0.900000 85.925000 1.068004750570e+00 1.400611341602e-01 1.077150e+00
0.900000 85.950000 1.073657806068e+00 1.320459189415e-01 1.081747e+00
0.900000 85.975000 1.079107235816e+00 1.249520981325e-01 1.086317e+00
0.900000 86.000000 1.084733582489e+00 1.187581331929e-01 1.091215e+00
0.900000 86.025000 1.090908130817e+00 1.133388456537e-01 1.096780e+00
0.900000 86.050000 1.097966894599e+00 1.084692021247e-01 1.103312e+00
0.900000 86.075000 1.106186162271e+00 1.038344524873e-01 1.111049e+00
0.900000 86.100000 1.115761123285e+00 9.904601901988e-02 1.120149e+00
0.900000 86.125000 1.126788879106e+00 9.366217914556e-02 1.130675e+00
0.900000 86.150000 1.139256845269e+00 8.721230488479e-02 1.142590e+00
0.900000 86.175000 1.153037199714e+00 7.922323396446e-02 1.155756e+00
0.900000 86.200000 1.167887655379e+00 6.924625870231e-02 1.169939e+00
0.900000 86.225000 1.183458459494e+00 5.688322879109e-02 1.184825e+00
0.900000 86.250000 1.199305173483e+00 4.181036481856e-02 1.200034e+00
0.900000 86.275000 1.214906486705e+00 2.379855644294e-02 1.215140e+00
0.900000 86.300000 1.229686079138e+00 2.729153963205e-03 1.229689e+00
0.900000 86.325000 1.243037380844e+00 -2.139546607157e-02 1.243221e+00
0.900000 86.350000 1.254349981293e+00 -4.844699203554e-02 1.255285e+00
0.900000 86.375000 1.263036415398e+00 -7.817206912720e-02 1.265453e+00
0.900000 86.400000 1.268558087379e+00 -1.101988653388e-01 1.273336e+00
0.900000 86.425000 1.270449177770e+00 -1.440489407685e-01 1.278590e+00
0.900000 86.450000 1.268337501969e+00 -1.791538377927e-01 1.280928e+00
0.900000 86.475000 1.261961440731e+00 -2.148756322115e-01 1.280124e+00
0.900000 86.500000 1.251182236104e+00 -2.505305418725e-01 1.276018e+00
0.900000 86.525000 1.235991135446e+00 -2.854145778832e-01 1.268517e+00
0.900000 86.550000 1.216511068633e+00 -3.188301431650e-01 1.257598e+00
0.900000 86.575000 1.192992758325e+00 -3.501124343182e-01 1.243306e+00
0.900000 86.600000 1.165805389288e+00 -3.786544884013e-01 1.225757e+00
0.900000 86.625000 1.135422198053e+00 -4.039297414479e-01 1.205132e+00
0.900000 86.650000 1.102401583449e+00 -4.255110370016e-01 1.181672e+00
0.900000 86.675000 1.067364572902e+00 -4.430851473189e-01 1.155678e+00
0.900000 86.700000 1.030969695571e+00 -4.564620519402e-01 1.127500e+00
0.900000 86.725000 9.938864946984e-01 -4.655784588079e-01 1.097531e+00
0.900000 86.750000 9.567690389672e-01 -4.704953469747e-01 1.066196e+00
0.900000 86.775000 9.202308474126e-01 -4.713896450829e-01 1.033941e+00
0.900000 86.800000 8.848226086422e-01 -4.685405168101e-01 1.001220e+00
0.900000 86.825000 8.510139427285e-01 -4.623110774944e-01 9.684814e-01
0.900000 86.850000 8.191802216009e-01 -4.531266849150e-01 9.361517e-01
0.900000 86.875000 7.895951397796e-01 -4.414512000467e-01 9.046213e-01
0.900000 86.900000 7.624293314634e-01 -4.277627712863e-01 8.742308e-01
0.900000 86.925000 7.377548920544e-01 -4.125307352567e-01 8.452597e-01
0.900000 86.950000 7.155552197353e-01 -3.961951359239e-01 8.179180e-01
0.900000 86.975000 6.957391875213e-01 -3.791501412968e-01 7.923433e-01
0.900000 87.000000 6.781583297542e-01 -3.617322974322e-01 7.686020e-01
0.900000 87.025000 6.626255153804e-01 -3.442141307024e-01 7.466967e-01
0.900000 87.050000 6.489335095341e-01 -3.268031308630e-01 7.265776e-01
0.900000 87.075000 6.368719068243e-01 -3.096456668220e-01 7.081569e-01
0.900000 87.100000 6.262411497520e-01 -2.928349543240e-01 6.913250e-01
0.900000 87.125000 6.168627023493e-01 -2.764218570636e-01 6.759650e-01
0.900000 87.150000 6.085848956012e-01 -2.604270980784e-01 6.619651e-01
0.900000 87.175000 6.012844490204e-01 -2.448534106477e-01 6.492274e-01
0.900000 87.200000 5.948641471440e-01 -2.296962736920e-01 6.376706e-01
0.900000 87.225000 5.892475561590e-01 -2.149521430760e-01 6.272297e-01
0.900000 87.250000 5.843719566488e-01 -2.006234762241e-01 6.178514e-01
0.900000 87.275000 5.801808089477e-01 -1.867203069526e-01 6.094869e-01
0.900000 87.300000 5.766170408801e-01 -1.732586045556e-01 6.020845e-01
0.900000 87.325000 5.736182571843e-01 -1.602560870023e-01 5.955837e-01
0.900000 87.350000 5.711146395491e-01 -1.477264979649e-01 5.899111e-01
0.900000 87.375000 5.690298777141e-01 -1.356735579325e-01 5.849806e-01
0.900000 87.400000 5.672850002558e-01 -1.240858345445e-01 5.806975e-01
0.900000 87.425000 5.658045195454e-01 -1.129336409408e-01 5.769651e-01
0.900000 87.450000 5.645239285288e-01 -1.021687796485e-01 5.736948e-01
0.900000 87.475000 5.633973379529e-01 -9.172753978522e-02 5.708156e-01
0.900000 87.500000 5.624039561896e-01 -8.153687942979e-02 5.682838e-01
0.900000 87.525000 5.615522041491e-01 -7.152324452396e-02 5.660887e-01
0.900000 87.550000 5.608805165264e-01 -6.162305378579e-02 5.642556e-01
0.900000 87.575000 5.604542774985e-01 -5.179357240455e-02 5.628424e-01
0.900000 87.600000 5.603588254306e-01 -4.202274833682e-02 5.619323e-01
0.900000 87.625000 5.606889763150e-01 -3.233661678965e-02 5.616207e-01
0.900000 87.650000 5.615359942113e-01 -2.280309109609e-02 5.619988e-01
0.900000 87.675000 5.629733172657e-01 -1.353132875865e-02 5.631359e-01
0.900000 87.700000 5.650425800927e-01 -4.666346744397e-03 5.650618e-01
0.900000 87.725000 5.677415256681e-01 3.620897957522e-03 5.677531e-01
0.900000 87.750000 5.710152629426e-01 1.114721366512e-02 5.711241e-01
0.900000 87.775000 5.747520141856e-01 1.773345756905e-02 5.750255e-01
0.900000 87.800000 5.787840443992e-01 2.322186112808e-02 5.792497e-01
0.900000 87.825000 5.828939269265e-01 2.749270218488e-02 5.835419e-01
0.900000 87.850000 5.868257379600e-01 3.047865912221e-02 5.876167e-01
0.900000 87.875000 5.903002537403e-01 3.217539790283e-02 5.911765e-01
0.900000 87.900000 5.930328076595e-01 3.264731706248e-02 5.939308e-01
0.900000 87.925000 5.947521968568e-01 3.202786357448e-02 5.956139e-01
0.900000 87.950000 5.952189370338e-01 3.051437616614e-02 5.960006e-01
0.900000 87.975000 5.942412561543e-01 2.835794908789e-02 5.949175e-01
0.900000 88.000000 5.916874765041e-01 2.584927819011e-02 5.922519e-01
0.900000 88.025000 5.874938250570e-01 2.330180224640e-02 5.879558e-01
0.900000 88.050000 5.816671848110e-01 2.103365159067e-02 5.820474e-01
0.900000 88.075000 5.742827978015e-01 1.934994869939e-02 5.746087e-01
0.900000 88.100000 5.654773968845e-01 1.852687731497e-02 5.657808e-01
0.900000 88.125000 5.554386282083e-01 1.879867277285e-02 5.557567e-01
0.900000 88.150000 5.443918925798e-01 2.034832572023e-02 5.447721e-01
0.900000 88.175000 5.325858615529e-01 2.330238252919e-02 5.330954e-01
0.900000 88.200000 5.202779111767e-01 2.772981863370e-02 5.210164e-01
0.900000 88.225000 5.077205783353e-01 3.364460149509e-02 5.088341e-01
0.900000 88.250000 4.951499108070e-01 4.101128358294e-02 4.968454e-01
0.900000 88.275000 4.827762908325e-01 4.975279439533e-02 4.853332e-01
0.900000 88.300000 4.707780044670e-01 5.975954028396e-02 4.745557e-01
0.900000 88.325000 4.592975438448e-01 7.089896290736e-02 4.647374e-01
0.900000 88.350000 4.484403974762e-01 8.302483040461e-02 4.560613e-01
0.900000 88.375000 4.382759242257e-01 9.598571076411e-02 4.486636e-01
0.900000 88.400000 4.288398262475e-01 1.096322722922e-01 4.426317e-01
0.900000 88.425000 4.201377290150e-01 1.238232416248e-01 4.380045e-01
0.900000 88.450000 4.121494268106e-01 1.384300019567e-01 4.347758e-01
0.900000 88.475000 4.048334374728e-01 1.533399190755e-01 4.329010e-01
0.900000 88.500000 3.981316068191e-01 1.684585370131e-01 4.323044e-01
0.900000 88.525000 3.919735895460e-01 1.837107952478e-01 4.328891e-01
0.900000 88.550000 3.862810942874e-01 1.990413995877e-01 4.345464e-01
0.900000 88.575000 3.809718091705e-01 2.144144474316e-01 4.371648e-01
0.900000 88.600000 3.759629230052e-01 2.298123833380e-01 4.406380e-01
0.900000 88.625000 3.711741366255e-01 2.452343571977e-01 4.448709e-01
0.900000 88.650000 3.665300347067e-01 2.606940823486e-01 4.497840e-01
0.900000 88.675000 3.619616783489e-01 2.762173436697e-01 4.553156e-01
0.900000 88.700000 3.574072984099e-01 2.918393764706e-01 4.614219e-01
0.900000 88.725000 3.528120288482e-01 3.076024093310e-01 4.680765e-01
0.900000 88.750000 3.481267196249e-01 3.235537175744e-01 4.752675e-01
0.900000 88.775000 3.433060018936e-01 3.397445484873e-01 4.829962e-01
0.900000 88.800000 3.383059271557e-01 3.562302386356e-01 4.912748e-01
0.900000 88.825000 3.330816428735e-01 3.730717395192e-01 5.001259e-01
0.900000 88.850000 3.275856727047e-01 3.903386025603e-01 5.095847e-01
0.900000 88.875000 3.217674143548e-01 4.081132615933e-01 5.197025e-01
0.900000 88.900000 3.155744322592e-01 4.264962144975e-01 5.305528e-01
0.900000 88.925000 3.089559960201e-01 4.456114768884e-01 5.422392e-01
0.900000 88.950000 3.018691014305e-01 4.656114947744e-01 5.549045e-01
0.900000 88.975000 2.942869252223e-01 4.866805930454e-01 5.687379e-01
0.900000 89.000000 2.862093359726e-01 5.090360290571e-01 5.839807e-01
0.900000 89.025000 2.776747498844e-01 5.329258305024e-01 6.009270e-01
0.900000 89.050000 2.687723241303e-01 5.586228248816e-01 6.199178e-01
0.900000 89.075000 2.596532640063e-01 5.864145990973e-01 6.413282e-01
0.900000 89.100000 2.505399185091e-01 6.165895321324e-01 6.655471e-01
0.900000 89.125000 2.417313755645e-01 6.494194797502e-01 6.929500e-01
0.900000 89.150000 2.336044507956e-01 6.851401090420e-01 7.238702e-01
0.900000 89.175000 2.266092828142e-01 7.239302327365e-01 7.585689e-01
0.900000 89.200000 2.212591768764e-01 7.658917340484e-01 7.972112e-01
0.900000 89.225000 2.181148363840e-01 8.110317690871e-01 8.398492e-01
0.900000 89.250000 2.177636374116e-01 8.592488676654e-01 8.864139e-01
0.900000 89.275000 2.207950807581e-01 9.103243250821e-01 9.367181e-01
0.900000 89.300000 2.277739473181e-01 9.639199059263e-01 9.904658e-01
0.900000 89.325000 2.392129432501e-01 1.019582401403e+00 1.047268e+00
0.900000 89.350000 2.555467230937e-01 1.076755041677e+00 1.106664e+00
0.900000 89.375000 2.771091107797e-01 1.134795218484e+00 1.168139e+00
0.900000 89.400000 3.041151081619e-01 1.192997475224e+00 1.231149e+00
0.900000 89.425000 3.366489135142e-01 1.250620320185e+00 1.295138e+00
0.900000 89.450000 3.746587076849e-01 1.306915150111e+00 1.359557e+00
0.900000 89.475000 4.179584517175e-01 1.361155457060e+00 1.423880e+00
0.900000 89.500000 4.662364282233e-01 1.412664535097e+00 1.487615e+00
0.900000 89.525000 5.190697981367e-01 1.460840091388e+00 1.550318e+00
0.900000 89.550000 5.759440746257e-01 1.505174470833e+00 1.611602e+00
0.900000 89.575000 6.362761641407e-01 1.545269586085e+00 1.671139e+00
0.900000 89.600000 6.994395030830e-01 1.580846062203e+00 1.728667e+00
0.900000 89.625000 7.647898242723e-01 1.611746514382e+00 1.783993e+00
0.900000 89.650000 8.316902035985e-01 1.637933240573e+00 1.836990e+00
0.900000 89.675000 8.995342369834e-01 1.659480900968e+00 1.887601e+00
0.900000 89.700000 9.677664482667e-01 1.676564957396e+00 1.935831e+00
0.900000 89.725000 1.035899296128e+00 1.689446755157e+00 1.981746e+00
0.900000 89.750000 1.103526402534e+00 1.698456156351e+00 2.025469e+00
0.900000 89.775000 1.170331843610e+00 1.703972595296e+00 2.067172e+00
0.900000 89.800000 1.236095513063e+00 1.706405345932e+00 2.107072e+00
0.900000 89.825000 1.300694685214e+00 1.706173692385e+00 2.145422e+00
0.900000 89.850000 1.364101975683e+00 1.703687598084e+00 2.182504e+00
0.900000 89.875000 1.426379935961e+00 1.699329391087e+00 2.218621e+00
0.900000 89.900000 1.487672540433e+00 1.693436930797e+00 2.254085e+00
0.900000 89.925000 1.548193847858e+00 1.686288692675e+00 2.289208e+00
0.900000 89.950000 1.608214157603e+00 1.678091194423e+00 2.324294e+00
0.900000 89.975000 1.668044041658e+00 1.668969175645e+00 2.359625e+00
0.900000 90.000000 1.728016717023e+00 1.658958917478e+00 2.395451e+00
0.900000 90.025000 1.788469322002e+00 1.648005034706e+00 2.431983e+00
0.900000 90.050000 1.849723760777e+00 1.635960980353e+00 2.469382e+00
0.900000 90.075000 1.912067865686e+00 1.622593368459e+00 2.507751e+00
0.900000 90.100000 1.975737677492e+00 1.607590049177e+00 2.547133e+00
0.900000 90.125000 2.040901644723e+00 1.590571673895e+00 2.587508e+00
0.900000 90.150000 2.107647483364e+00 1.571106285329e+00 2.628793e+00
0.900000 90.175000 2.175972315280e+00 1.548726280729e+00 2.670844e+00
0.900000 90.200000 2.245776523710e+00 1.522946948194e+00 2.713463e+00
0.900000 90.225000 2.316861541809e+00 1.493285686134e+00 2.756402e+00
0.900000 90.250000 2.388931547043e+00 1.459280997589e+00 2.799374e+00
0.900000 90.275000 2.461598795976e+00 1.420510409037e+00 2.842062e+00
0.900000 90.300000 2.534392127059e+00 1.376606592612e+00 2.884127e+00
0.900000 90.325000 2.606768006782e+00 1.327271156723e+00 2.925216e+00
0.900000 90.350000 2.678123413849e+00 1.272285790498e+00 2.964972e+00
0.900000 90.375000 2.747809854660e+00 1.211520674812e+00 3.003039e+00
0.900000 90.400000 2.815147878575e+00 1.144940278017e+00 3.039070e+00
0.900000 90.425000 2.879441599949e+00 1.072606811419e+00 3.072730e+00
0.900000 90.450000 2.939992913409e+00 9.946817082156e-01 3.103699e+00
0.900000 90.475000 2.996115280795e+00 9.114254991558e-01 3.131677e+00
0.900000 90.500000 3.047147141507e+00 8.231963893185e-01 3.156384e+00
0.900000 90.525000 3.092465123475e+00 7.304477051379e-01 3.177561e+00
0.900000 90.550000 3.131497286159e+00 6.337242017136e-01 3.194978e+00
0.900000 90.575000 3.163736596055e+00 5.336570277818e-01 3.208429e+00
0.900000 90.600000 3.188754717147e+00 4.309569737556e-01 3.217745e+00
0.900000 90.625000 3.206216004445e+00 3.264055106922e-01 3.222788e+00
0.900000 90.650000 3.215891341300e+00 2.208430934698e-01 3.223465e+00
0.900000 90.675000 3.217671193444e+00 1.151542690588e-01 3.219731e+00
0.900000 90.700000 3.211577003799e+00 1.024930714185e-02 3.211593e+00
0.900000 90.725000 3.197769862593e+00 -9.295765226710e-02 3.199121e+00
0.900000 90.750000 3.176555293998e+00 -1.935735833538e-01 3.182448e+00
0.900000 90.775000 3.148383031779e+00 -2.907539402519e-01 3.161780e+00
0.900000 90.800000 3.113840827436e+00 -3.837312533609e-01 3.137396e+00
0.900000 90.825000 3.073641644856e+00 -4.718434551261e-01 3.109648e+00
0.900000 90.850000 3.028604028061e+00 -5.545601808211e-01 3.078958e+00
0.900000 90.875000 2.979625949801e+00 -6.315051747812e-01 3.045812e+00
0.900000 90.900000 2.927653011453e+00 -7.024729846260e-01 3.010751e+00
0.900000 90.925000 2.873642413010e+00 -7.674383578513e-01 2.974354e+00
0.900000 90.950000 2.818524586640e+00 -8.265571601764e-01 2.937223e+00
0.900000 90.975000 2.763164732570e+00 -8.801581869556e-01 2.899958e+00
0.900000 91.000000 2.708326665760e+00 -9.287258934070e-01 2.863139e+00
0.900000 91.025000 2.654641345920e+00 -9.728747676248e-01 2.827297e+00
0.900000 91.050000 2.602582211572e+00 -1.013316744835e+00 2.792892e+00
0.900000 91.075000 2.552448983684e+00 -1.050823642866e+00 2.760295e+00
0.900000 91.100000 2.504360980940e+00 -1.086187023872e+00 2.729767e+00
0.900000 91.125000 2.458260252180e+00 -1.120178105837e+00 2.701452e+00
0.900000 91.150000 2.413924052241e+00 -1.153510328692e+00 2.675372e+00
0.900000 91.175000 2.370985443920e+00 -1.186806917697e+00 2.651430e+00
0.900000 91.200000 2.328960179273e+00 -1.220575301056e+00 2.629422e+00
0.900000 91.225000 2.287277567368e+00 -1.255189574959e+00 2.609050e+00
0.900000 91.250000 2.245312824681e+00 -1.290881434783e+00 2.589943e+00
0.900000 91.275000 2.202418456339e+00 -1.327739188525e+00 2.571680e+00
0.900000 91.300000 2.157952530048e+00 -1.365713727058e+00 2.553808e+00
0.900000 91.325000 2.111302248511e+00 -1.404629731348e+00 2.535859e+00
0.900000 91.350000 2.061901940563e+00 -1.444200021858e+00 2.517370e+00
0.900000 91.375000 2.009245393790e+00 -1.484040849522e+00 2.497888e+00
0.900000 91.400000 1.952893244804e+00 -1.523686110474e+00 2.476976e+00
0.900000 91.425000 1.892476827311e+00 -1.562598923571e+00 2.454218e+00
0.900000 91.450000 1.827700359919e+00 -1.600179691612e+00 2.429210e+00
0.900000 91.475000 1.758343563056e+00 -1.635770594219e+00 2.401566e+00
0.900000 91.500000 1.684266684606e+00 -1.668657329942e+00 2.370901e+00
0.900000 91.525000 1.605419481813e+00 -1.698069722445e+00 2.336838e+00
0.900000 91.550000 1.521854987414e+00 -1.723183417276e+00 2.299001e+00
0.900000 91.575000 1.433747954875e+00 -1.743125223226e+00 2.257015e+00
0.900000 91.600000 1.341416837452e+00 -1.756984625863e+00 2.210519e+00
0.900000 91.625000 1.245347137045e+00 -1.763833589268e+00 2.159166e+00
0.900000 91.650000 1.146213097955e+00 -1.762755980038e+00 2.102644e+00
0.900000 91.675000 1.044894146002e+00 -1.752886856846e+00 2.040690e+00
0.900000 91.700000 9.424822891937e-01 -1.733460574637e+00 1.973109e+00
0.900000 91.725000 8.402769678717e-01 -1.703865293584e+00 1.899795e+00
0.900000 91.750000 7.397645863126e-01 -1.663700218258e+00 1.820755e+00
0.900000 91.775000 6.425811355762e-01 -1.612830883043e+00 1.736126e+00
0.900000 91.800000 5.504578360675e-01 -1.551437190336e+00 1.646196e+00
0.900000 91.825000 4.651514477207e-01 -1.480048808388e+00 1.551422e+00
0.900000 91.850000 3.883626415067e-01 -1.399563005896e+00 1.452447e+00
0.900000 91.875000 3.216474073755e-01 -1.311241040451e+00 1.350115e+00
0.900000 91.900000 2.663277045357e-01 -1.216680763507e+00 1.245489e+00
0.900000 91.925000 2.234082798880e-01 -1.117765030790e+00 1.139873e+00
0.900000 91.950000 1.935066749170e-01 -1.016587638732e+00 1.034841e+00
0.900000 91.975000 1.768028570842e-01 -9.153606364012e-01 9.322791e-01
0.900000 92.000000 1.730136657564e-01 -8.163087680546e-01 8.344422e-01
0.900000 92.025000 1.813954440375e-01 -7.215582761550e-01 7.440098e-01
0.900000 92.050000 2.007759910702e-01 -6.330281659291e-01 6.641052e-01
0.900000 92.075000 2.296145203156e-01 -5.523321845381e-01 5.981586e-01
0.900000 92.100000 2.660858845055e-01 -4.806991557646e-01 5.494300e-01
0.900000 92.125000 3.081831699636e-01 -4.189179687012e-01 5.200665e-01
0.900000 92.150000 3.538310940230e-01 -3.673115575879e-01 5.100139e-01
0.900000 92.175000 4.010016366351e-01 -3.257418086028e-01 5.166334e-01
0.900000 92.200000 4.478231128925e-01 -2.936447168847e-01 5.355117e-01
0.900000 92.225000 4.926744802543e-01 -2.700925483052e-01 5.618524e-01
0.900000 92.250000 5.342580220931e-01 -2.538774895943e-01 5.915111e-01
0.900000 92.275000 5.716455276686e-01 -2.436095230360e-01 6.213889e-01
0.900000 92.300000 6.042955013357e-01 -2.378202107511e-01 6.494086e-01
0.900000 92.325000 6.320415387555e-01 -2.350638191847e-01 6.743378e-01
0.900000 92.350000 6.550545435335e-01 -2.340077742319e-01 6.955977e-01
0.900000 92.375000 6.737836712257e-01 -2.335057437546e-01 7.130984e-01
0.900000 92.400000 6.888825622286e-01 -2.326485518000e-01 7.271070e-01
0.900000 92.425000 7.011284033268e-01 -2.307904310328e-01 7.381363e-01
0.900000 92.450000 7.113415581789e-01 -2.275505717601e-01 7.468508e-01
0.900000 92.475000 7.203129323658e-01 -2.227922713677e-01 7.539808e-01
0.900000 92.500000 7.287449738441e-01 -2.165839878433e-01 7.602486e-01
0.900000 92.525000 7.372104115909e-01 -2.091480591329e-01 7.663042e-01
0.900000 92.550000 7.461307137921e-01 -2.008036338776e-01 7.726792e-01
0.900000 92.575000 7.557740408256e-01 -1.919104130259e-01 7.797589e-01
0.900000 92.600000 7.662704177906e-01 -1.828191516423e-01 7.877774e-01
0.900000 92.625000 7.776401715604e-01 -1.738336178977e-01 7.968327e-01
0.900000 92.650000 7.898305348758e-01 -1.651870165042e-01 8.069195e-01
0.900000 92.675000 8.027548157103e-01 -1.570339638966e-01 8.179700e-01
0.900000 92.700000 8.163286898137e-01 -1.494571772244e-01 8.298976e-01
0.900000 92.725000 8.304989482828e-01 -1.424863254232e-01 8.426333e-01
0.900000 92.750000 8.452613031896e-01 -1.361251724931e-01 8.561523e-01
0.900000 92.775000 8.606654541021e-01 -1.303823525270e-01 8.704853e-01
0.900000 92.800000 8.768073476015e-01 -1.253009194267e-01 8.857152e-01
0.900000 92.825000 8.938102148941e-01 -1.209822074258e-01 9.019609e-01
0.900000 92.850000 9.117973608279e-01 -1.176004498603e-01 9.193499e-01
0.900000 92.875000 9.308606507663e-01 -1.154059048284e-01 9.379872e-01
0.900000 92.900000 9.510291035423e-01 -1.147157596062e-01 9.579228e-01
0.900000 92.925000 9.722419157219e-01 -1.158936443767e-01 9.791250e-01
0.900000 92.950000 9.943296454137e-01 -1.193199969926e-01 1.001463e+00
0.900000 92.975000 1.017006261621e+00 -1.253566256076e-01 1.024703e+00
0.900000 93.000000 1.039873451680e+00 -1.343094982762e-01 1.048511e+00
0.900000 93.025000 1.062437136647e+00 -1.463939845445e-01 1.072476e+00
0.900000 93.050000 1.084134742786e+00 -1.617064784776e-01 1.096128e+00
0.900000 93.075000 1.104370574852e+00 -1.802055966301e-01 1.118977e+00
0.900000 93.100000 1.122555763014e+00 -2.017050672498e-01 1.140533e+00
0.900000 93.125000 1.138148796211e+00 -2.258791420204e-01 1.160347e+00
0.900000 93.150000 1.150692646776e+00 -2.522800200831e-01 1.178023e+00
0.900000 93.175000 1.159844917886e+00 -2.803655268151e-01 1.193250e+00
0.900000 93.200000 1.165398243088e+00 -3.095342704860e-01 1.205805e+00
0.900000 93.225000 1.167289233575e+00 -3.391648106601e-01 1.215564e+00
0.900000 93.250000 1.165595477176e+00 -3.686550740279e-01 1.222505e+00
0.900000 93.275000 1.160521306727e+00 -3.974583613903e-01 1.226696e+00
0.900000 93.300000 1.152374144518e+00 -4.251127738630e-01 1.228286e+00
0.900000 93.325000 1.141534083687e+00 -4.512616778615e-01 1.227492e+00
0.900000 93.350000 1.128419907856e+00 -4.756638283738e-01 1.224576e+00
0.900000 93.375000 1.113454935845e+00 -4.981928627146e-01 1.219827e+00
0.900000 93.400000 1.097035907861e+00 -5.188269430939e-01 1.213536e+00
0.900000 93.425000 1.079507639937e+00 -5.376302561397e-01 1.205978e+00
0.900000 93.450000 1.061145432898e+00 -5.547287818545e-01 1.197395e+00
0.900000 93.475000 1.042146321367e+00 -5.702831630109e-01 1.187978e+00
0.900000 93.500000 1.022629289386e+00 -5.844616117489e-01 1.177865e+00
0.900000 93.525000 1.002643664054e+00 -5.974155902102e-01 1.167133e+00
0.900000 93.550000 9.821841186888e-01 -6.092605346668e-01 1.155804e+00
0.900000 93.575000 9.612101442274e-01 -6.200632211758e-01 1.143855e+00
0.900000 93.600000 9.396675286119e-01 -6.298365757952e-01 1.131225e+00
0.900000 93.625000 9.175093365324e-01 -6.385419020625e-01 1.117837e+00
0.900000 93.650000 8.947140955549e-01 -6.460977193934e-01 1.103610e+00
0.900000 93.675000 8.712993329949e-01 -6.523937547183e-01 1.088476e+00
0.900000 93.700000 8.473292140716e-01 -6.573081652870e-01 1.072390e+00
0.900000 93.725000 8.229157354224e-01 -6.607258304280e-01 1.055343e+00
0.900000 93.750000 7.982136525676e-01 -6.625555470765e-01 1.037364e+00
0.900000 93.775000 7.734099908115e-01 -6.627441868007e-01 1.018525e+00
0.900000 93.800000 7.487095407523e-01 -6.612862877455e-01 9.989322e-01
0.900000 93.825000 7.243181212474e-01 -6.582281127091e-01 9.787242e-01
0.900000 93.850000 7.004255725740e-01 -6.536658419961e-01 9.580579e-01
0.900000 93.875000 6.771904100257e-01 -6.477382189003e-01 9.370975e-01
0.900000 93.900000 6.547278340899e-01 -6.406145601884e-01 9.159998e-01
0.900000 93.925000 6.331023879850e-01 -6.324795249450e-01 8.949017e-01
0.900000 93.950000 6.123260230936e-01 -6.235163568076e-01 8.739084e-01
0.900000 93.975000 5.923617352299e-01 -6.138904482389e-01 8.530849e-01
0.900000 94.000000 5.731323326102e-01 -6.037350117549e-01 8.324522e-01
0.900000 94.025000 5.545333518636e-01 -5.931403926206e-01 8.119869e-01
0.900000 94.050000 5.364487065635e-01 -5.821481497013e-01 7.916272e-01
0.900000 94.075000 5.187673764673e-01 -5.707505106852e-01 7.712819e-01
0.900000 94.100000 5.013993514152e-01 -5.588952304677e-01 7.508430e-01
0.900000 94.125000 4.842891392226e-01 -5.464953080609e-01 7.302007e-01
0.900000 94.150000 4.674254197712e-01 -5.334425080026e-01 7.092584e-01
0.900000 94.175000 4.508458473621e-01 -5.196232398492e-01 6.879464e-01
0.900000 94.200000 4.346365244642e-01 -5.049351143192e-01 6.662345e-01
0.900000 94.225000 4.189262360198e-01 -4.893024405762e-01 6.441398e-01
0.900000 94.250000 4.038760836346e-01 -4.726890601674e-01 6.217321e-01
0.900000 94.275000 3.896656344054e-01 -4.551072135414e-01 5.991343e-01
0.900000 94.300000 3.764770492539e-01 -4.366215708517e-01 5.765183e-01
0.900000 94.325000 3.644788437699e-01 -4.173480812921e-01 5.540977e-01
0.900000 94.350000 3.538109420260e-01 -3.974478465582e-01 5.321156e-01
0.900000 94.375000 3.445725120269e-01 -3.771167434152e-01 5.108300e-01
0.900000 94.400000 3.368137418322e-01 -3.565719509371e-01 4.904967e-01
0.900000 94.425000 3.305322669230e-01 -3.360368334229e-01 4.713516e-01
0.900000 94.450000 3.256744441509e-01 -3.157257596400e-01 4.535930e-01
0.900000 94.475000 3.221411447217e-01 -2.958303915541e-01 4.373677e-01
0.900000 94.500000 3.197972673342e-01 -2.765087601892e-01 4.227616e-01
0.900000 94.525000 3.184838051914e-01 -2.578780911736e-01 4.097963e-01
0.900000 94.550000 3.180310764755e-01 -2.400118920811e-01 3.984338e-01
0.900000 94.575000 3.182716688257e-01 -2.229413224308e-01 3.885868e-01
0.900000 94.600000 3.190517561813e-01 -2.066603933845e-01 3.801349e-01
0.900000 94.625000 3.202397029561e-01 -1.911341425191e-01 3.729420e-01
0.900000 94.650000 3.217312404292e-01 -1.763086442247e-01 3.668729e-01
0.900000 94.675000 3.234509353498e-01 -1.621215775609e-01 3.618065e-01
0.900000 94.700000 3.253501165046e-01 -1.485120913683e-01 3.576430e-01
0.900000 94.725000 3.274018274001e-01 -1.354288721221e-01 3.543063e-01
0.900000 94.750000 3.295936855969e-01 -1.228356065444e-01 3.517394e-01
0.900000 94.775000 3.319197179843e-01 -1.107133975318e-01 3.498974e-01
0.900000 94.800000 3.343722897046e-01 -9.906008936691e-02 3.487373e-01
0.900000 94.825000 3.369351543252e-01 -8.788683569607e-02 3.482088e-01
0.900000 94.850000 3.395784435762e-01 -7.721255558160e-02 3.482460e-01
0.900000 94.875000 3.422561201760e-01 -6.705713416793e-02 3.487634e-01
0.900000 94.900000 3.449060798523e-01 -5.743431518748e-02 3.496554e-01
0.900000 94.925000 3.474527545310e-01 -4.834519975717e-02 3.508000e-01
0.900000 94.950000 3.498117803707e-01 -3.977312329377e-02 3.520656e-01
0.900000 94.975000 3.518960853817e-01 -3.168045736466e-02 3.533193e-01
0.900000 95.000000 3.536226420546e-01 -2.400761257953e-02 3.544366e-01
0.900000 95.025000 3.549191256713e-01 -1.667424242552e-02 3.553106e-01
0.900000 95.050000 3.557298085354e-01 -9.582403954762e-03 3.558588e-01
0.900000 95.075000 3.560201812710e-01 -2.621249256676e-03 3.560298e-01
0.900000 95.100000 3.557799931457e-01 4.327280396092e-03 3.558063e-01
0.900000 95.125000 3.550246094978e-01 1.138230393111e-02 3.552070e-01
0.900000 95.150000 3.537947637469e-01 1.865788339282e-02 3.542864e-01
0.900000 95.175000 3.521549096787e-01 2.625732085699e-02 3.531325e-01
0.900000 95.200000 3.501904434838e-01 3.426811504094e-02 3.518631e-01
0.900000 95.225000 3.480040641194e-01 4.275769339849e-02 3.506209e-01
0.900000 95.250000 3.457114871187e-01 5.176993708697e-02 3.495662e-01
0.900000 95.275000 3.434366430228e-01 6.132246777544e-02 3.488684e-01
0.900000 95.300000 3.413064047656e-01 7.140467382032e-02 3.486957e-01
0.900000 95.325000 3.394448265116e-01 8.197651308504e-02 3.492033e-01
0.900000 95.350000 3.379668625141e-01 9.296822296610e-02 3.505206e-01
0.900000 95.375000 3.369715817199e-01 1.042811685291e-01 3.527384e-01
0.900000 95.400000 3.365350026182e-01 1.157901364264e-01 3.558977e-01
0.900000 95.425000 3.367028301191e-01 1.273474062929e-01 3.599808e-01
0.900000 95.450000 3.374835567068e-01 1.387888805098e-01 3.649075e-01
0.900000 95.475000 3.388425598347e-01 1.499424172851e-01 3.705361e-01
0.900000 95.500000 3.406979492165e-01 1.606382954066e-01 3.766693e-01
0.900000 95.525000 3.429189569433e-01 1.707214617400e-01 3.830656e-01
0.900000 95.550000 3.453275948402e-01 1.800649081954e-01 3.894541e-01
0.900000 95.575000 3.477041159546e-01 1.885832366374e-01 3.955525e-01
0.900000 95.600000 3.497965167290e-01 1.962452447291e-01 4.010858e-01
0.900000 95.625000 3.513339275862e-01 2.030842462643e-01 4.058063e-01
0.900000 95.650000 3.520433028338e-01 2.092048590471e-01 4.095133e-01
0.900000 95.675000 3.516683880676e-01 2.147851685563e-01 4.120720e-01
0.900000 95.700000 3.499895717099e-01 2.200735031662e-01 4.134308e-01
0.900000 95.725000 3.468429712782e-01 2.253795121313e-01 4.136375e-01
0.900000 95.750000 3.421370082306e-01 2.310597770810e-01 4.128515e-01
0.900000 95.775000 3.358648141876e-01 2.374987529840e-01 4.113524e-01
0.900000 95.800000 3.281110903988e-01 2.450863593479e-01 4.095415e-01
0.900000 95.825000 3.190524919976e-01 2.541939614779e-01 4.079327e-01
0.900000 95.850000 3.089511867630e-01 2.651507390043e-01 4.071311e-01
0.900000 95.875000 2.981418845267e-01 2.782224958349e-01 4.077945e-01
0.900000 95.900000 2.870132766246e-01 2.935948063402e-01 4.105783e-01
0.900000 95.925000 2.759853911246e-01 3.113620268360e-01 4.160700e-01
0.900000 95.950000 2.654847921169e-01 3.315231645126e-01 4.247232e-01
0.900000 95.975000 2.559197788543e-01 3.539849446149e-01 4.368069e-01
0.900000 96.000000 2.476577440247e-01 3.785717224910e-01 4.523836e-01
0.900000 96.025000 2.410066273062e-01 4.050412277960e-01 4.713201e-01
0.900000 96.050000 2.362019749018e-01 4.331045778895e-01 4.933264e-01
0.900000 96.075000 2.334005363831e-01 4.624486177627e-01 5.180102e-01
0.900000 96.100000 2.326806634215e-01 4.927584757596e-01 5.449323e-01
0.900000 96.125000 2.340490972407e-01 5.237382835760e-01 5.736556e-01
0.900000 96.150000 2.374531195774e-01 5.551282840115e-01 6.037809e-01
0.900000 96.175000 2.427965631169e-01 5.867170037180e-01 6.349701e-01
0.900000 96.200000 2.499578818797e-01 6.183477432931e-01 6.669579e-01
0.900000 96.225000 2.588083967021e-01 6.499192630822e-01 6.995547e-01
0.900000 96.250000 2.692289564944e-01 6.813811456579e-01 7.326421e-01
0.900000 96.275000 2.811235676178e-01 7.127248263176e-01 7.661639e-01
0.900000 96.300000 2.944289950954e-01 7.439716461323e-01 8.001139e-01
0.900000 96.325000 3.091198689849e-01 7.751594635596e-01 8.345222e-01
0.900000 96.350000 3.252093688393e-01 8.063293497934e-01 8.694413e-01
0.900000 96.375000 3.427460426127e-01 8.375137037005e-01 9.049332e-01
0.900000 96.400000 3.618076879674e-01 8.687267897850e-01 9.410585e-01
0.900000 96.425000 3.824934451224e-01 8.999582787272e-01 9.778682e-01
0.900000 96.450000 4.049153038900e-01 9.311699149877e-01 1.015398e+00
0.900000 96.475000 4.291901185854e-01 9.622950106889e-01 1.053668e+00
0.900000 96.500000 4.554329790152e-01 9.932401230434e-01 1.092678e+00
0.900000 96.525000 4.837524459796e-01 1.023888053622e+00 1.132415e+00
0.900000 96.550000 5.142477778343e-01 1.054101232971e+00 1.172851e+00
0.900000 96.575000 5.470079054058e-01 1.083724624553e+00 1.213951e+00
0.900000 96.600000 5.821116059803e-01 1.112587479480e+00 1.255669e+00
0.900000 96.625000 6.196281222281e-01 1.140503564115e+00 1.297955e+00
0.900000 96.650000 6.596173923400e-01 1.167269821836e+00 1.340751e+00
0.900000 96.675000 7.021291092439e-01 1.192663769661e+00 1.383991e+00
0.900000 96.700000 7.471999981162e-01 1.216440223994e+00 1.427598e+00
0.900000 96.725000 7.948489662487e-01 1.238328159658e+00 1.471476e+00
0.900000 96.750000 8.450701009878e-01 1.258028607435e+00 1.515513e+00
0.900000 96.775000 8.978238281089e-01 1.275214477103e+00 1.559570e+00
0.900000 96.800000 9.530268533047e-01 1.289533060091e+00 1.603482e+00
0.900000 96.825000 1.010541757677e+00 1.300611736315e+00 1.647054e+00
0.900000 96.850000 1.070167277868e+00 1.308067111356e+00 1.690058e+00
0.900000 96.875000 1.131630357981e+00 1.311517476432e+00 1.732243e+00
0.900000 96.900000 1.194581011215e+00 1.310598149362e+00 1.773328e+00
0.900000 96.925000 1.258590882410e+00 1.304978951582e+00 1.813014e+00
0.900000 96.950000 1.323156175648e+00 1.294382830035e+00 1.850991e+00
0.900000 96.975000 1.387705325919e+00 1.278604461046e+00 1.886943e+00
0.900000 97.000000 1.451611475347e+00 1.257527585518e+00 1.920560e+00
0.900000 97.025000 1.514209486322e+00 1.231139822502e+00 1.951547e+00
0.900000 97.050000 1.574816907117e+00 1.199543787198e+00 1.979635e+00
0.900000 97.075000 1.632758017179e+00 1.162963491279e+00 2.004590e+00
0.900000 97.100000 1.687389832296e+00 1.121745218068e+00 2.026227e+00
0.900000 97.125000 1.738128754163e+00 1.076352331866e+00 2.044413e+00
0.900000 97.150000 1.784476412276e+00 1.027353789414e+00 2.059080e+00
0.900000 97.175000 1.826043175748e+00 9.754064620773e-01 2.070230e+00
0.900000 97.200000 1.862567815915e+00 9.212317392761e-01 2.077938e+00
0.900000 97.225000 1.893931884899e+00 8.655872542446e-01 2.082359e+00
0.900000 97.250000 1.920167547711e+00 8.092349365650e-01 2.083724e+00
0.900000 97.275000 1.941457870662e+00 7.529069318561e-01 2.082337e+00
0.900000 97.300000 1.958128927138e+00 6.972712130751e-01 2.078571e+00
0.900000 97.325000 1.970633526285e+00 6.428989124720e-01 2.072852e+00
0.900000 97.350000 1.979526885165e+00 5.902354997595e-01 2.065649e+00
0.900000 97.375000 1.985435124073e+00 5.395778944810e-01 2.057449e+00
0.900000 97.400000 1.989018031718e+00 4.910594092778e-01 2.048739e+00
0.900000 97.425000 1.990928076894e+00 4.446440668385e-01 2.039976e+00
0.900000 97.450000 1.991768086230e+00 4.001313219654e-01 2.031562e+00
0.900000 97.475000 1.992050313789e+00 3.571715730555e-01 2.023817e+00
0.900000 97.500000 1.992159753113e+00 3.152921029531e-01 2.016956e+00
0.900000 97.525000 1.992324453441e+00 2.739323013473e-01 2.011068e+00
0.900000 97.550000 1.992595283603e+00 2.324862547999e-01 2.006112e+00
0.900000 97.575000 1.992837045195e+00 1.903501166465e-01 2.001907e+00
0.900000 97.600000 1.992732099545e+00 1.469711562172e-01 1.998145e+00
0.900000 97.625000 1.991796791481e+00 1.018950942888e-01 1.994401e+00
0.900000 97.650000 1.989409996255e+00 5.480830162826e-02 1.990165e+00
0.900000 97.675000 1.984852166188e+00 5.571689155901e-03 1.984860e+00
0.900000 97.700000 1.977352397346e+00 -4.575635592039e-02 1.977882e+00
0.900000 97.725000 1.966140355882e+00 -9.890986885094e-02 1.968627e+00
0.900000 97.750000 1.950499467277e+00 -1.534189786811e-01 1.956524e+00
0.900000 97.775000 1.929817626662e+00 -2.086272490719e-01 1.941062e+00
0.900000 97.800000 1.903631854260e+00 -2.637215398765e-01 1.921813e+00
0.900000 97.825000 1.871663785964e+00 -3.177722859000e-01 1.898448e+00
0.900000 97.850000 1.833843614431e+00 -3.697813132157e-01 1.870754e+00
0.900000 97.875000 1.790321013718e+00 -4.187337871645e-01 1.838637e+00
0.900000 97.900000 1.741462604260e+00 -4.636506558929e-01 1.802128e+00
0.900000 97.925000 1.687836548395e+00 -5.036380352372e-01 1.761375e+00
0.900000 97.950000 1.630185813608e+00 -5.379303596176e-01 1.716646e+00
0.900000 97.975000 1.569392415593e+00 -5.659247543256e-01 1.668312e+00
0.900000 98.000000 1.506435490362e+00 -5.872048976942e-01 1.616836e+00
0.900000 98.025000 1.442346304729e+00 -6.015535512895e-01 1.562763e+00
0.900000 98.050000 1.378163288440e+00 -6.089538500118e-01 1.506705e+00
0.900000 98.075000 1.314889880389e+00 -6.095802732299e-01 1.449318e+00
0.900000 98.100000 1.253457473695e+00 -6.037808878026e-01 1.391297e+00
0.900000 98.125000 1.194695088756e+00 -5.920529105214e-01 1.333350e+00
0.900000 98.150000 1.139306679786e+00 -5.750138543377e-01 1.276190e+00
0.900000 98.175000 1.087856271143e+00 -5.533705014201e-01 1.220512e+00
0.900000 98.200000 1.040760499369e+00 -5.278877152177e-01 1.166982e+00
0.900000 98.225000 9.982876632592e-01 -4.993587140066e-01 1.116216e+00
0.900000 98.250000 9.605620933820e-01 -4.685779452689e-01 1.068759e+00
0.900000 98.275000 9.275725542818e-01 -4.363171949980e-01 1.025068e+00
0.900000 98.300000 8.991834719963e-01 -4.033051064680e-01 9.854877e-01
0.900000 98.325000 8.751479991582e-01 -3.702099250804e-01 9.502312e-01
0.900000 98.350000 8.551222366664e-01 -3.376250669180e-01 9.193610e-01
0.900000 98.375000 8.386802632682e-01 -3.060570432991e-01 8.927796e-01
0.900000 98.400000 8.253299217189e-01 -2.759153530561e-01 8.702291e-01
0.900000 98.425000 8.145295206368e-01 -2.475041481804e-01 8.513029e-01
0.900000 98.450000 8.057056988634e-01 -2.210157401406e-01 8.354697e-01
0.900000 98.475000 7.982726487503e-01 -1.965262874620e-01 8.221081e-01
0.900000 98.500000 7.916527133680e-01 -1.739942326327e-01 8.105480e-01
0.900000 98.525000 7.852980884977e-01 -1.532621876904e-01 8.001140e-01
0.900000 98.550000 7.787130188355e-01 -1.340629667166e-01 7.901689e-01
0.900000 98.575000 7.714755354509e-01 -1.160303132686e-01 7.801523e-01
0.900000 98.600000 7.632574975500e-01 -9.871457700527e-02 7.696146e-01
0.900000 98.625000 7.538415301764e-01 -8.160318395903e-02 7.582454e-01
0.900000 98.650000 7.431334319776e-01 -6.414526539413e-02 7.458967e-01
0.900000 98.675000 7.311687859932e-01 -4.577932055079e-02 7.326005e-01
0.900000 98.700000 7.181128412967e-01 -2.596235406842e-02 7.185820e-01
0.900000 98.725000 7.042532204225e-01 -4.198612185970e-03 7.042657e-01
0.900000 98.750000 6.899856013873e-01 1.993410526424e-02 6.902735e-01
0.900000 98.775000 6.757931616403e-01 4.676252363795e-02 6.774091e-01
0.900000 98.800000 6.622211824971e-01 7.650205881051e-02 6.666254e-01
0.900000 98.825000 6.498487232546e-01 1.092482941971e-01 6.589678e-01
0.900000 98.850000 6.392596184066e-01 1.449763634700e-01 6.554929e-01
0.900000 98.875000 6.310151790005e-01 1.835481019998e-01 6.571682e-01
0.900000 98.900000 6.256308622933e-01 2.247260749499e-01 6.647675e-01
0.900000 98.925000 6.235588111441e-01 2.681928934615e-01 6.787879e-01
0.900000 98.950000 6.251775825147e-01 3.135736729610e-01 6.994108e-01
0.900000 98.975000 6.307896356779e-01 3.604591383250e-01 7.265166e-01
0.900000 99.000000 6.406263091569e-01 4.084267886765e-01 7.597463e-01
0.900000 99.025000 6.548591689166e-01 4.570577231162e-01 7.985877e-01
0.900000 99.050000 6.736158516154e-01 5.059471910466e-01 8.424612e-01
0.900000 99.075000 6.969979433672e-01 5.547076299583e-01 8.907899e-01
0.900000 99.100000 7.250980991026e-01 6.029638250795e-01 9.430443e-01
0.900000 99.125000 7.580135695288e-01 6.503407828576e-01 9.987631e-01
0.900000 99.150000 7.958535813998e-01 6.964458542304e-01 1.057554e+00
0.900000 99.175000 8.387385989324e-01 7.408474711497e-01 1.119079e+00
0.900000 99.200000 8.867903333423e-01 7.830534755094e-01 1.183034e+00
0.900000 99.225000 9.401123878701e-01 8.224923460673e-01 1.249122e+00
0.900000 99.250000 9.987625289594e-01 8.585006155257e-01 1.317023e+00
0.900000 99.275000 1.062718648771e+00 8.903193991863e-01 1.386376e+00
0.900000 99.300000 1.131841416198e+00 9.171022473631e-01 1.456757e+00
0.900000 99.325000 1.205837298671e+00 9.379355406790e-01 1.527667e+00
0.900000 99.350000 1.284225991690e+00 9.518714566304e-01 1.598529e+00
0.900000 99.375000 1.366316263472e+00 9.579722574667e-01 1.668691e+00
0.900000 99.400000 1.451193791294e+00 9.553634071040e-01 1.737436e+00
0.900000 99.425000 1.537723756477e+00 9.432919435421e-01 1.803994e+00
0.900000 99.450000 1.624569837663e+00 9.211857270319e-01 1.867568e+00
0.900000 99.475000 1.710229892081e+00 8.887087439939e-01 1.927353e+00
0.900000 99.500000 1.793087162003e+00 8.458076305699e-01 1.982562e+00
0.900000 99.525000 1.871474422916e+00 7.927450062112e-01 2.032452e+00
0.900000 99.550000 1.943747236304e+00 7.301160529073e-01 2.076348e+00
0.900000 99.575000 2.008361506133e+00 6.588459743382e-01 2.113668e+00
0.900000 99.600000 2.063949962223e+00 5.801674205560e-01 2.143941e+00
0.900000 99.625000 2.109392068580e+00 4.955785404804e-01 2.166826e+00
0.900000 99.650000 2.143872201427e+00 4.067838849751e-01 2.182123e+00
0.900000 99.675000 2.166921736745e+00 3.156217853479e-01 2.189787e+00
0.900000 99.700000 2.178441864229e+00 2.239829470401e-01 2.189926e+00
0.900000 99.725000 2.178705400875e+00 1.337257233681e-01 2.182805e+00
0.900000 99.750000 2.168337483334e+00 4.659380318713e-02 2.168838e+00
0.900000 99.775000 2.148276629976e+00 -3.585816411944e-02 2.148576e+00
0.900000 99.800000 2.119719137857e+00 -1.123261510621e-01 2.122693e+00
0.900000 99.825000 2.084050986754e+00 -1.818017478991e-01 2.091966e+00
0.900000 99.850000 2.042772259702e+00 -2.435981317461e-01 2.057245e+00
0.900000 99.875000 1.997419490400e+00 -2.973560887752e-01 2.019432e+00
0.900000 99.900000 1.949491288905e+00 -3.430307164198e-01 1.979441e+00
0.900000 99.925000 1.900382097859e+00 -3.808608686114e-01 1.938171e+00
0.900000 99.950000 1.851328053074e+00 -4.113246089991e-01 1.896471e+00
0.900000 99.975000 1.803367758802e+00 -4.350848081248e-01 1.855110e+00
0.900000 100.000000 1.757319456862e+00 -4.529294992321e-01 1.814750e+00
