# zline X=10000000 rho=0.6 C(X)=10 mode=v
# sigma t ReF ImF |F|
0.850000 0.100000 -1.981156009321e+00 -1.842163753858e+00 2.705281e+00
0.850000 0.125000 -1.572664171535e+00 -1.962193665233e+00 2.514652e+00
0.850000 0.150000 -1.212104389478e+00 -1.993931512687e+00 2.333444e+00
0.850000 0.175000 -9.063278725044e-01 -1.969330778391e+00 2.167878e+00
0.850000 0.200000 -6.523229359826e-01 -1.911764476692e+00 2.019992e+00
0.850000 0.225000 -4.432087219305e-01 -1.836796554068e+00 1.889512e+00
0.850000 0.250000 -2.713804298153e-01 -1.754199467416e+00 1.775067e+00
0.850000 0.275000 -1.298696889468e-01 -1.669844757944e+00 1.674887e+00
0.850000 0.300000 -1.278262572215e-02 -1.587109446312e+00 1.587161e+00
0.850000 0.325000 8.467576592041e-02 -1.507824243097e+00 1.510200e+00
0.850000 0.350000 1.663332436087e-01 -1.432882247929e+00 1.442504e+00
0.850000 0.375000 2.352205190157e-01 -1.362619636809e+00 1.382773e+00
0.850000 0.400000 2.937324254435e-01 -1.297050251064e+00 1.329894e+00
0.850000 0.425000 3.437644545779e-01 -1.236008745892e+00 1.282923e+00
0.850000 0.450000 3.868225950667e-01 -1.179237162162e+00 1.241061e+00
0.850000 0.475000 4.241094188156e-01 -1.126436678375e+00 1.203631e+00
0.850000 0.500000 4.565906843056e-01 -1.077297985998e+00 1.170062e+00
0.850000 0.525000 4.850465857761e-01 -1.031518566024e+00 1.139869e+00
0.850000 0.550000 5.101111536721e-01 -9.888119648274e-01 1.112638e+00
0.850000 0.575000 5.323026111410e-01 -9.489122159162e-01 1.088017e+00
0.850000 0.600000 5.520468628687e-01 -9.115753560195e-01 1.065704e+00
0.850000 0.625000 5.696957763970e-01 -8.765792462776e-01 1.045440e+00
0.850000 0.650000 5.855415097726e-01 -8.437224529365e-01 1.026999e+00
0.850000 0.675000 5.998278266212e-01 -8.128226575170e-01 1.010185e+00
0.850000 0.700000 6.127591020499e-01 -7.837148871889e-01 9.948280e-01
0.850000 0.725000 6.245075438546e-01 -7.562497414165e-01 9.807769e-01
0.850000 0.750000 6.352190200365e-01 -7.302917162762e-01 9.678994e-01
0.850000 0.775000 6.450177852454e-01 -7.057176784718e-01 9.560781e-01
0.850000 0.800000 6.540103272747e-01 -6.824155083152e-01 9.452092e-01
0.850000 0.825000 6.622885036628e-01 -6.602829097257e-01 9.352003e-01
0.850000 0.850000 6.699321025255e-01 -6.392263726515e-01 9.259694e-01
0.850000 0.875000 6.770109365798e-01 -6.191602673038e-01 9.174439e-01
0.850000 0.900000 6.835865613264e-01 -6.000060487781e-01 9.095591e-01
0.850000 0.925000 6.897136946152e-01 -5.816915536966e-01 9.022583e-01
0.850000 0.950000 6.954414031335e-01 -5.641503760878e-01 8.954911e-01
0.850000 0.975000 7.008141102104e-01 -5.473213164227e-01 8.892137e-01
0.850000 1.000000 7.058724679336e-01 -5.311479041998e-01 8.833878e-01
0.850000 1.025000 7.106541247240e-01 -5.155779994976e-01 8.779806e-01
0.850000 1.050000 7.151944076010e-01 -5.005634815891e-01 8.729644e-01
0.850000 1.075000 7.195269270770e-01 -4.860600325371e-01 8.683164e-01
0.850000 1.100000 7.236841028737e-01 -4.720270206100e-01 8.640186e-01
0.850000 1.125000 7.276976013290e-01 -4.584274828144e-01 8.600579e-01
0.850000 1.150000 7.315986711273e-01 -4.452281986295e-01 8.564256e-01
0.850000 1.175000 7.354183631948e-01 -4.323998392414e-01 8.531177e-01
0.850000 1.200000 7.391876231691e-01 -4.199171693773e-01 8.501346e-01
0.850000 1.225000 7.429372502526e-01 -4.077592733146e-01 8.474806e-01
0.850000 1.250000 7.466977236599e-01 -3.959097736439e-01 8.451639e-01
0.850000 1.275000 7.504989061271e-01 -3.843570113433e-01 8.431957e-01
0.850000 1.300000 7.543696419052e-01 -3.730941587156e-01 8.415895e-01
0.850000 1.325000 7.583372732250e-01 -3.621192423363e-01 8.403605e-01
0.850000 1.350000 7.624271035444e-01 -3.514350605926e-01 8.395247e-01
0.850000 1.375000 7.666618375464e-01 -3.410489886529e-01 8.390976e-01
0.850000 1.400000 7.710610267757e-01 -3.309726717290e-01 8.390936e-01
0.850000 1.425000 7.756405464011e-01 -3.212216142949e-01 8.395246e-01
0.850000 1.450000 7.804121235568e-01 -3.118146777914e-01 8.403996e-01
0.850000 1.475000 7.853829319993e-01 -3.027735019110e-01 8.417233e-01
0.850000 1.500000 7.905552623682e-01 -2.941218648621e-01 8.434959e-01
0.850000 1.525000 7.959262730076e-01 -2.858849964906e-01 8.457120e-01
0.850000 1.550000 8.014878236848e-01 -2.780888555146e-01 8.483609e-01
0.850000 1.575000 8.072263938271e-01 -2.707593792967e-01 8.514253e-01
0.850000 1.600000 8.131230879367e-01 -2.639217124355e-01 8.548823e-01
0.850000 1.625000 8.191537330627e-01 -2.575994197384e-01 8.587027e-01
0.850000 1.650000 8.252890758282e-01 -2.518136902753e-01 8.628512e-01
0.850000 1.675000 8.314950885767e-01 -2.465825422674e-01 8.672872e-01
0.850000 1.700000 8.377333948171e-01 -2.419200431800e-01 8.719648e-01
0.850000 1.725000 8.439618226511e-01 -2.378355648603e-01 8.768337e-01
0.850000 1.750000 8.501350908731e-01 -2.343330989257e-01 8.818399e-01
0.850000 1.775000 8.562056260517e-01 -2.314106618103e-01 8.869267e-01
0.850000 1.800000 8.621245005727e-01 -2.290598209411e-01 8.920353e-01
0.850000 1.825000 8.678424722904e-01 -2.272653726996e-01 8.971065e-01
0.850000 1.850000 8.733110971266e-01 -2.260051987784e-01 9.020813e-01
0.850000 1.875000 8.784838779696e-01 -2.252503203545e-01 9.069022e-01
0.850000 1.900000 8.833174075982e-01 -2.249651597259e-01 9.115147e-01
0.850000 1.925000 8.877724609929e-01 -2.251080076456e-01 9.158677e-01
0.850000 1.950000 8.918149937045e-01 -2.256316827448e-01 9.199150e-01
0.850000 1.975000 8.954170079271e-01 -2.264843584867e-01 9.236161e-01
0.850000 2.000000 8.985572560416e-01 -2.276105242393e-01 9.269367e-01
0.850000 2.025000 9.012217617326e-01 -2.289520412658e-01 9.298493e-01
0.850000 2.050000 9.034041501471e-01 -2.304492522437e-01 9.323336e-01
0.850000 2.075000 9.051057896089e-01 -2.320421044109e-01 9.343768e-01
0.850000 2.100000 9.063357569188e-01 -2.336712511776e-01 9.359737e-01
0.850000 2.125000 9.071106452371e-01 -2.352791042041e-01 9.371264e-01
0.850000 2.150000 9.074542374287e-01 -2.368108163938e-01 9.378446e-01
0.850000 2.175000 9.073970683307e-01 -2.382151847576e-01 9.381449e-01
0.850000 2.200000 9.069758971426e-01 -2.394454694848e-01 9.380509e-01
0.850000 2.225000 9.062331066703e-01 -2.404601308847e-01 9.375924e-01
0.850000 2.250000 9.052160406140e-01 -2.412234885844e-01 9.368057e-01
0.850000 2.275000 9.039762845101e-01 -2.417063073640e-01 9.357324e-01
0.850000 2.300000 9.025688914804e-01 -2.418863116248e-01 9.344194e-01
0.850000 2.325000 9.010515513436e-01 -2.417486264243e-01 9.329182e-01
0.850000 2.350000 8.994837014422e-01 -2.412861382415e-01 9.312840e-01
0.850000 2.375000 8.979255797320e-01 -2.404997642030e-01 9.295754e-01
0.850000 2.400000 8.964372248988e-01 -2.393986153732e-01 9.278531e-01
0.850000 2.425000 8.950774338067e-01 -2.380000386020e-01 9.261790e-01
0.850000 2.450000 8.939026924608e-01 -2.363295227003e-01 9.246154e-01
0.850000 2.475000 8.929661019451e-01 -2.344204583247e-01 9.232234e-01
0.850000 2.500000 8.923163245094e-01 -2.323137464590e-01 9.220619e-01
0.850000 2.525000 8.919965765972e-01 -2.300572570210e-01 9.211863e-01
0.850000 2.550000 8.920436947557e-01 -2.277051459654e-01 9.206474e-01
0.850000 2.575000 8.924872972859e-01 -2.253170453336e-01 9.204897e-01
0.850000 2.600000 8.933490596014e-01 -2.229571452023e-01 9.207510e-01
0.850000 2.625000 8.946421154136e-01 -2.206931888670e-01 9.214608e-01
0.850000 2.650000 8.963705899692e-01 -2.185954027037e-01 9.226398e-01
0.850000 2.675000 8.985292665480e-01 -2.167353802047e-01 9.242992e-01
0.850000 2.700000 9.011033840395e-01 -2.151849362885e-01 9.264404e-01
0.850000 2.725000 9.040685620849e-01 -2.140149439770e-01 9.290546e-01
0.850000 2.750000 9.073908510335e-01 -2.132941618797e-01 9.321226e-01
0.850000 2.775000 9.110269064518e-01 -2.130880585257e-01 9.356156e-01
0.850000 2.800000 9.149242914428e-01 -2.134576391185e-01 9.394949e-01
0.850000 2.825000 9.190219135987e-01 -2.144582820815e-01 9.437127e-01
0.850000 2.850000 9.232506060059e-01 -2.161385967400e-01 9.482128e-01
0.850000 2.875000 9.275338624113e-01 -2.185393191104e-01 9.529315e-01
0.850000 2.900000 9.317887347605e-01 -2.216922691799e-01 9.577984e-01
0.850000 2.925000 9.359268965470e-01 -2.256193991466e-01 9.627374e-01
0.850000 2.950000 9.398558679571e-01 -2.303319666697e-01 9.676683e-01
0.850000 2.975000 9.434803892773e-01 -2.358298692183e-01 9.725076e-01
0.850000 3.000000 9.467039184771e-01 -2.421011743363e-01 9.771700e-01
0.850000 3.025000 9.494302185441e-01 -2.491218757426e-01 9.815699e-01
0.850000 3.050000 9.515649913917e-01 -2.568558968254e-01 9.856221e-01
0.850000 3.075000 9.530175091315e-01 -2.652553519324e-01 9.892435e-01
0.850000 3.100000 9.537021911507e-01 -2.742610629848e-01 9.923543e-01
0.850000 3.125000 9.535400771877e-01 -2.838033156981e-01 9.948784e-01
0.850000 3.150000 9.524601523692e-01 -2.938028275211e-01 9.967449e-01
0.850000 3.175000 9.504004894044e-01 -3.041718896247e-01 9.978886e-01
0.850000 3.200000 9.473091847724e-01 -3.148156389169e-01 9.982503e-01
0.850000 3.225000 9.431450784671e-01 -3.256334137120e-01 9.977774e-01
0.850000 3.250000 9.378782592418e-01 -3.365201484069e-01 9.964243e-01
0.850000 3.275000 9.314903679651e-01 -3.473677678655e-01 9.941522e-01
0.850000 3.300000 9.239747195797e-01 -3.580665502785e-01 9.909293e-01
0.850000 3.325000 9.153362685766e-01 -3.685064368282e-01 9.867307e-01
0.850000 3.350000 9.055914436978e-01 -3.785782762157e-01 9.815383e-01
0.850000 3.375000 8.947678750797e-01 -3.881750007030e-01 9.753406e-01
0.850000 3.400000 8.829040320342e-01 -3.971927367467e-01 9.681330e-01
0.850000 3.425000 8.700487831769e-01 -4.055318569091e-01 9.599172e-01
0.850000 3.450000 8.562608838867e-01 -4.130979803109e-01 9.507011e-01
0.850000 3.475000 8.416083902500e-01 -4.198029267279e-01 9.404994e-01
0.850000 3.500000 8.261679946298e-01 -4.255656251837e-01 9.293329e-01
0.850000 3.525000 8.100242763981e-01 -4.303129725237e-01 9.172288e-01
0.850000 3.550000 7.932688623203e-01 -4.339806320013e-01 9.042205e-01
0.850000 3.575000 7.759994942969e-01 -4.365137574213e-01 8.903480e-01
0.850000 3.600000 7.583190070498e-01 -4.378676255857e-01 8.756573e-01
0.850000 3.625000 7.403342239967e-01 -4.380081592012e-01 8.602011e-01
0.850000 3.650000 7.221547850495e-01 -4.369123240316e-01 8.440379e-01
0.850000 3.675000 7.038919245379e-01 -4.345683876420e-01 8.272324e-01
0.850000 3.700000 6.856572202602e-01 -4.309760319192e-01 8.098556e-01
0.850000 3.725000 6.675613354737e-01 -4.261463168647e-01 7.919841e-01
0.850000 3.750000 6.497127745429e-01 -4.201014980799e-01 7.737002e-01
0.850000 3.775000 6.322166703368e-01 -4.128747041630e-01 7.550917e-01
0.850000 3.800000 6.151736180183e-01 -4.045094824283e-01 7.362517e-01
0.850000 3.825000 5.986785663732e-01 -3.950592217785e-01 7.172781e-01
0.850000 3.850000 5.828197751124e-01 -3.845864604471e-01 6.982733e-01
0.850000 3.875000 5.676778452546e-01 -3.731620841879e-01 6.793439e-01
0.850000 3.900000 5.533248301263e-01 -3.608644181249e-01 6.605993e-01
0.850000 3.925000 5.398234366659e-01 -3.477782137263e-01 6.421519e-01
0.850000 3.950000 5.272263302131e-01 -3.339935320457e-01 6.241148e-01
0.850000 3.975000 5.155755600826e-01 -3.196045260804e-01 6.066014e-01
0.850000 4.000000 5.049021270416e-01 -3.047081290496e-01 5.897230e-01
0.850000 4.025000 4.952257163339e-01 -2.894026615094e-01 5.735873e-01
0.850000 4.050000 4.865546202381e-01 -2.737863778896e-01 5.582960e-01
0.850000 4.075000 4.788858716629e-01 -2.579559814354e-01 5.439421e-01
0.850000 4.100000 4.722056047098e-01 -2.420051445275e-01 5.306078e-01
0.850000 4.125000 4.664896496396e-01 -2.260230777927e-01 5.183619e-01
0.850000 4.150000 4.617043588697e-01 -2.100931952610e-01 5.072574e-01
0.850000 4.175000 4.578076484682e-01 -1.942919232914e-01 4.973301e-01
0.850000 4.200000 4.547502273107e-01 -1.786876977040e-01 4.885970e-01
0.850000 4.225000 4.524769749103e-01 -1.633401865954e-01 4.810566e-01
0.850000 4.250000 4.509284200887e-01 -1.482997662197e-01 4.746886e-01
0.850000 4.275000 4.500422670636e-01 -1.336072649983e-01 4.694560e-01
0.850000 4.300000 4.497549136942e-01 -1.192939773778e-01 4.653069e-01
0.850000 4.325000 4.500029086376e-01 -1.053819361448e-01 4.621774e-01
0.850000 4.350000 4.507242996487e-01 -9.188442015337e-02 4.599947e-01
0.850000 4.375000 4.518598334331e-01 -7.880666516391e-02 4.586805e-01
0.850000 4.400000 4.533539773233e-01 -6.614673926011e-02 4.581541e-01
0.850000 4.425000 4.551557434559e-01 -5.389654127104e-02 4.583357e-01
0.850000 4.450000 4.572193060169e-01 -4.204288054466e-02 4.591482e-01
0.850000 4.475000 4.595044106397e-01 -3.056859872146e-02 4.605201e-01
0.850000 4.500000 4.619765816597e-01 -1.945369800034e-02 4.623860e-01
0.850000 4.525000 4.646071374947e-01 -8.676444887960e-03 4.646881e-01
0.850000 4.550000 4.673730271552e-01 1.785577267982e-03 4.673764e-01
0.850000 4.575000 4.702565023119e-01 1.195449015469e-02 4.704084e-01
0.850000 4.600000 4.732446401517e-01 2.185123757973e-02 4.737488e-01
0.850000 4.625000 4.763287331784e-01 3.149481725051e-02 4.773688e-01
0.850000 4.650000 4.795035637641e-01 4.090164612544e-02 4.812449e-01
0.850000 4.675000 4.827665840189e-01 5.008507770286e-02 4.853577e-01
0.850000 4.700000 4.861170254553e-01 5.905508847015e-02 4.896910e-01
0.850000 4.725000 4.895549676921e-01 6.781814824631e-02 4.942301e-01
0.850000 4.750000 4.930804004487e-01 7.637728479248e-02 4.989607e-01
0.850000 4.775000 4.966923175034e-01 8.473234659016e-02 5.038679e-01
0.850000 4.800000 5.003878842195e-01 9.288045922722e-02 5.089350e-01
0.850000 4.825000 5.041617208425e-01 1.008166608858e-01 5.141430e-01
0.850000 4.850000 5.080053414361e-01 1.085346918207e-01 5.194701e-01
0.850000 4.875000 5.119067827757e-01 1.160279024990e-01 5.248914e-01
0.850000 4.900000 5.158504489052e-01 1.232902363510e-01 5.303793e-01
0.850000 4.925000 5.198171859205e-01 1.303172368872e-01 5.359034e-01
0.850000 4.950000 5.237845887865e-01 1.371070260436e-01 5.414320e-01
0.850000 4.975000 5.277275287553e-01 1.436612014376e-01 5.469322e-01
0.850000 5.000000 5.316188774589e-01 1.499856047345e-01 5.523715e-01
0.850000 5.025000 5.354303931314e-01 1.560909211002e-01 5.577186e-01
0.850000 5.050000 5.391337265918e-01 1.619930799141e-01 5.629449e-01
0.850000 5.075000 5.427015001059e-01 1.677134384918e-01 5.680253e-01
0.850000 5.100000 5.461084111959e-01 1.732787423377e-01 5.729397e-01
0.850000 5.125000 5.493323155560e-01 1.787208663280e-01 5.776739e-01
0.850000 5.150000 5.523552478222e-01 1.840763503397e-01 5.822203e-01
0.850000 5.175000 5.551643451323e-01 1.893857496487e-01 5.865786e-01
0.850000 5.200000 5.577526452280e-01 1.946928247792e-01 5.907566e-01
0.850000 5.225000 5.601197373863e-01 2.000435976284e-01 5.947702e-01
0.850000 5.250000 5.622722500377e-01 2.054853011755e-01 5.986437e-01
0.850000 5.275000 5.642241631760e-01 2.110652496533e-01 6.024097e-01
0.850000 5.300000 5.659969365890e-01 2.168296555017e-01 6.061086e-01
0.850000 5.325000 5.676194468917e-01 2.228224194219e-01 6.097882e-01
0.850000 5.350000 5.691277279418e-01 2.290839208159e-01 6.135029e-01
0.850000 5.375000 5.705645112137e-01 2.356498379274e-01 6.173125e-01
0.850000 5.400000 5.719785658234e-01 2.425500298175e-01 6.212809e-01
0.850000 5.425000 5.734238426986e-01 2.498075152759e-01 6.254748e-01
0.850000 5.450000 5.749584340958e-01 2.574375860665e-01 6.299614e-01
0.850000 5.475000 5.766433681534e-01 2.654470925615e-01 6.348068e-01
0.850000 5.500000 5.785412678565e-01 2.738339380009e-01 6.400742e-01
0.850000 5.525000 5.807149137688e-01 2.825868126831e-01 6.458213e-01
0.850000 5.550000 5.832257590071e-01 2.916851911344e-01 6.520986e-01
0.850000 5.575000 5.861324519388e-01 3.010996039197e-01 6.589478e-01
0.850000 5.600000 5.894894258659e-01 3.107921819707e-01 6.664005e-01
0.850000 5.625000 5.933456146477e-01 3.207174561977e-01 6.744766e-01
0.850000 5.650000 5.977433484061e-01 3.308233801422e-01 6.831846e-01
0.850000 5.675000 6.027174742515e-01 3.410525299973e-01 6.925209e-01
0.850000 5.700000 6.082947339880e-01 3.513434259054e-01 7.024704e-01
0.850000 5.725000 6.144934151207e-01 3.616319121583e-01 7.130076e-01
0.850000 5.750000 6.213232746425e-01 3.718525324705e-01 7.240973e-01
0.850000 5.775000 6.287857186339e-01 3.819398400261e-01 7.356966e-01
0.850000 5.800000 6.368742062486e-01 3.918295901003e-01 7.477561e-01
0.850000 5.825000 6.455748354953e-01 4.014597747983e-01 7.602216e-01
0.850000 5.850000 6.548670613044e-01 4.107714735371e-01 7.730356e-01
0.850000 5.875000 6.647244940625e-01 4.197095077732e-01 7.861391e-01
0.850000 5.900000 6.751157289864e-01 4.282229026331e-01 7.994724e-01
0.850000 5.925000 6.860051626996e-01 4.362651701583e-01 8.129762e-01
0.850000 5.950000 6.973537621293e-01 4.437944378633e-01 8.265929e-01
0.850000 5.975000 7.091197610421e-01 4.507734516675e-01 8.402664e-01
0.850000 6.000000 7.212592698490e-01 4.571694840003e-01 8.539431e-01
0.850000 6.025000 7.337267935357e-01 4.629541764274e-01 8.675722e-01
0.850000 6.050000 7.464756598082e-01 4.681033423447e-01 8.811054e-01
0.850000 6.075000 7.594583643139e-01 4.725967501604e-01 8.944969e-01
0.850000 6.100000 7.726268420570e-01 4.764179020409e-01 9.077038e-01
0.850000 6.125000 7.859326742525e-01 4.795538186677e-01 9.206856e-01
0.850000 6.150000 7.993272385531e-01 4.819948372341e-01 9.334040e-01
0.850000 6.175000 8.127618087025e-01 4.837344283963e-01 9.458228e-01
0.850000 6.200000 8.261876080943e-01 4.847690380047e-01 9.579076e-01
0.850000 6.225000 8.395558211733e-01 4.850979607279e-01 9.696257e-01
0.850000 6.250000 8.528175675613e-01 4.847232544277e-01 9.809457e-01
0.850000 6.275000 8.659238462899e-01 4.836497055448e-01 9.918373e-01
0.850000 6.300000 8.788254613238e-01 4.818848559999e-01 1.002271e+00
0.850000 6.325000 8.914729440327e-01 4.794391006272e-01 1.012218e+00
0.850000 6.350000 9.038164926101e-01 4.763258606408e-01 1.021651e+00
0.850000 6.375000 9.158059517456e-01 4.725618331544e-01 1.030541e+00
0.850000 6.400000 9.273908573413e-01 4.681673097942e-01 1.038862e+00
0.850000 6.425000 9.385205700981e-01 4.631665497025e-01 1.046587e+00
0.850000 6.450000 9.491445182033e-01 4.575881846847e-01 1.053690e+00
0.850000 6.475000 9.592125631915e-01 4.514656278835e-01 1.060146e+00
0.850000 6.500000 9.686754949008e-01 4.448374530698e-01 1.065933e+00
0.850000 6.525000 9.774856520934e-01 4.377477100456e-01 1.071028e+00
0.850000 6.550000 9.855976557745e-01 4.302461430393e-01 1.075414e+00
0.850000 6.575000 9.929692335693e-01 4.223882832323e-01 1.079074e+00
0.850000 6.600000 9.995621066195e-01 4.142353931913e-01 1.081996e+00
0.850000 6.625000 1.005342906018e+00 4.058542491977e-01 1.084173e+00
0.850000 6.650000 1.010284084108e+00 3.973167562943e-01 1.085603e+00
0.850000 6.675000 1.014364786978e+00 3.886993993203e-01 1.086289e+00
0.850000 6.700000 1.017571657717e+00 3.800825403928e-01 1.086239e+00
0.850000 6.725000 1.019899544784e+00 3.715495786310e-01 1.085470e+00
0.850000 6.750000 1.021352095232e+00 3.631859911174e-01 1.084004e+00
0.850000 6.775000 1.021942217748e+00 3.550782752775e-01 1.081872e+00
0.850000 6.800000 1.021692404662e+00 3.473128124667e-01 1.079111e+00
0.850000 6.825000 1.020634904937e+00 3.399746712870e-01 1.075769e+00
0.850000 6.850000 1.018811741375e+00 3.331463678149e-01 1.071897e+00
0.850000 6.875000 1.016274565319e+00 3.269065992880e-01 1.067559e+00
0.850000 6.900000 1.013084341365e+00 3.213289684396e-01 1.062823e+00
0.850000 6.925000 1.009310853998e+00 3.164807178927e-01 1.057766e+00
0.850000 6.950000 1.005032028261e+00 3.124214977159e-01 1.052472e+00
0.850000 6.975000 1.000333058569e+00 3.092021939670e-01 1.047030e+00
0.850000 7.000000 9.953053439114e-01 3.068638510087e-01 1.041536e+00
0.850000 7.025000 9.900452342336e-01 3.054367246252e-01 1.036089e+00
0.850000 7.050000 9.846526015373e-01 3.049395054529e-01 1.030790e+00
0.850000 7.075000 9.792292594622e-01 3.053787520991e-01 1.025742e+00
0.850000 7.100000 9.738772659314e-01 3.067485699022e-01 1.021044e+00
0.850000 7.125000 9.686971536159e-01 3.090305644005e-01 1.016796e+00
0.850000 7.150000 9.637861412900e-01 3.121940884215e-01 1.013089e+00
0.850000 7.175000 9.592363845038e-01 3.161967889788e-01 1.010007e+00
0.850000 7.200000 9.551333255829e-01 3.209854459221e-01 1.007627e+00
0.850000 7.225000 9.515542003900e-01 3.264970798098e-01 1.006010e+00
0.850000 7.250000 9.485667526274e-01 3.326602931607e-01 1.005207e+00
0.850000 7.275000 9.462281963001e-01 3.393967983175e-01 1.005255e+00
0.850000 7.300000 9.445844542601e-01 3.466230776433e-01 1.006175e+00
0.850000 7.325000 9.436696867541e-01 3.542521182201e-01 1.007972e+00
0.850000 7.350000 9.435061099598e-01 3.621951637537e-01 1.010638e+00
0.850000 7.375000 9.441040918810e-01 3.703634306387e-01 1.014151e+00
0.850000 7.400000 9.454625027272e-01 3.786697423220e-01 1.018474e+00
0.850000 7.425000 9.475692896783e-01 3.870300451816e-01 1.023562e+00
0.850000 7.450000 9.504022419753e-01 3.953647789155e-01 1.029358e+00
0.850000 7.475000 9.539299113665e-01 4.036000838106e-01 1.035797e+00
0.850000 7.500000 9.581126544813e-01 4.116688352988e-01 1.042809e+00
0.850000 7.525000 9.629037668923e-01 4.195115023355e-01 1.050321e+00
0.850000 7.550000 9.682506824792e-01 4.270768301538e-01 1.058255e+00
0.850000 7.575000 9.740962153763e-01 4.343223500329e-01 1.066536e+00
0.850000 7.600000 9.803798245640e-01 4.412147194008e-01 1.075088e+00
0.850000 7.625000 9.870388826876e-01 4.477298955554e-01 1.083839e+00
0.850000 7.650000 9.940099309387e-01 4.538531463154e-01 1.092721e+00
0.850000 7.675000 1.001229901117e+00 4.595789016655e-01 1.101669e+00
0.850000 7.700000 1.008637284893e+00 4.649104523823e-01 1.110626e+00
0.850000 7.725000 1.016173229545e+00 4.698595048480e-01 1.119543e+00
0.850000 7.750000 1.023782539724e+00 4.744456055484e-01 1.128375e+00
0.850000 7.775000 1.031414566708e+00 4.786954535957e-01 1.137086e+00
0.850000 7.800000 1.039023970415e+00 4.826421242432e-01 1.145650e+00
0.850000 7.825000 1.046571345030e+00 4.863242299341e-01 1.154046e+00
0.850000 7.850000 1.054023706142e+00 4.897850471697e-01 1.162263e+00
0.850000 7.875000 1.061354844932e+00 4.930716368275e-01 1.170296e+00
0.850000 7.900000 1.068545562256e+00 4.962339822755e-01 1.178150e+00
0.850000 7.925000 1.075583801524e+00 4.993241638883e-01 1.185835e+00
0.850000 7.950000 1.082464702997e+00 5.023955809427e-01 1.193370e+00
0.850000 7.975000 1.089190603012e+00 5.055022232542e-01 1.200778e+00
0.850000 8.000000 1.095770999365e+00 5.086979864728e-01 1.208093e+00
0.850000 8.025000 1.102222498838e+00 5.120360178165e-01 1.215350e+00
0.850000 8.050000 1.108568755270e+00 5.155680742838e-01 1.222594e+00
0.850000 8.075000 1.114840397663e+00 5.193438737885e-01 1.229873e+00
0.850000 8.100000 1.121074938829e+00 5.234104215437e-01 1.237242e+00
0.850000 8.125000 1.127316647307e+00 5.278112992425e-01 1.244760e+00
0.850000 8.150000 1.133616359922e+00 5.325859125009e-01 1.252491e+00
0.850000 8.175000 1.140031210265e+00 5.377687016008e-01 1.260502e+00
0.850000 8.200000 1.146624250011e+00 5.433883304769e-01 1.268865e+00
0.850000 8.225000 1.153463945235e+00 5.494668777552e-01 1.277651e+00
0.850000 8.250000 1.160623538178e+00 5.560190601566e-01 1.286936e+00
0.850000 8.275000 1.168180275156e+00 5.630515217974e-01 1.296793e+00
0.850000 8.300000 1.176214512260e+00 5.705622222686e-01 1.307296e+00
0.850000 8.325000 1.184808720539e+00 5.785399519104e-01 1.318514e+00
0.850000 8.350000 1.194046420407e+00 5.869639949165e-01 1.330516e+00
0.850000 8.375000 1.204011079680e+00 5.958039508232e-01 1.343363e+00
0.850000 8.400000 1.214785010634e+00 6.050197138987e-01 1.357111e+00
0.850000 8.425000 1.226448298475e+00 6.145615993589e-01 1.371810e+00
0.850000 8.450000 1.239077787129e+00 6.243705966513e-01 1.387499e+00
0.850000 8.475000 1.252746139349e+00 6.343787243268e-01 1.404211e+00
0.850000 8.500000 1.267520977864e+00 6.445094589781e-01 1.421971e+00
0.850000 8.525000 1.283464104288e+00 6.546782125547e-01 1.440793e+00
0.850000 8.550000 1.300630784034e+00 6.647928376602e-01 1.460681e+00
0.850000 8.575000 1.319069079735e+00 6.747541483947e-01 1.481633e+00
0.850000 8.600000 1.338819213396e+00 6.844564537144e-01 1.503635e+00
0.850000 8.625000 1.359912938966e+00 6.937881097530e-01 1.526665e+00
0.850000 8.650000 1.382372911897e+00 7.026321057707e-01 1.550692e+00
0.850000 8.675000 1.406212049937e+00 7.108667041812e-01 1.575679e+00
0.850000 8.700000 1.431432888681e+00 7.183661577072e-01 1.601577e+00
0.850000 8.725000 1.458026945058e+00 7.250015257810e-01 1.628333e+00
0.850000 8.750000 1.485974110789e+00 7.306416080099e-01 1.655885e+00
0.850000 8.775000 1.515242104642e+00 7.351540054717e-01 1.684164e+00
0.850000 8.800000 1.545786016441e+00 7.384063116665e-01 1.713096e+00
0.850000 8.825000 1.577547976815e+00 7.402674253035e-01 1.742600e+00
0.850000 8.850000 1.610456984695e+00 7.406089677510e-01 1.772589e+00
0.850000 8.875000 1.644428920030e+00 7.393067799361e-01 1.802976e+00
0.850000 8.900000 1.679366762853e+00 7.362424673667e-01 1.833665e+00
0.850000 8.925000 1.715161032571e+00 7.313049580406e-01 1.864560e+00
0.850000 8.950000 1.751690453941e+00 7.243920362622e-01 1.895564e+00
0.850000 8.975000 1.788822849481e+00 7.154118153800e-01 1.926578e+00
0.850000 9.000000 1.826416252227e+00 7.042841135892e-01 1.957502e+00
0.850000 9.025000 1.864320228076e+00 6.909416985766e-01 1.988238e+00
0.850000 9.050000 1.902377393081e+00 6.753313682931e-01 2.018691e+00
0.850000 9.075000 1.940425107461e+00 6.574148361888e-01 2.048766e+00
0.850000 9.100000 1.978297324313e+00 6.371693897864e-01 2.078376e+00
0.850000 9.125000 2.015826566189e+00 6.145882917530e-01 2.107433e+00
0.850000 9.150000 2.052845996725e+00 5.896808932937e-01 2.135861e+00
0.850000 9.175000 2.089191546945e+00 5.624724315139e-01 2.163584e+00
0.850000 9.200000 2.124704047236e+00 5.330034862582e-01 2.190539e+00
0.850000 9.225000 2.159231306833e+00 5.013290786370e-01 2.216667e+00
0.850000 9.250000 2.192630073991e+00 4.675174034606e-01 2.241919e+00
0.850000 9.275000 2.224767803204e+00 4.316482012670e-01 2.266255e+00
0.850000 9.300000 2.255524152044e+00 3.938107921356e-01 2.289645e+00
0.850000 9.325000 2.284792130743e+00 3.541018121559e-01 2.312069e+00
0.850000 9.350000 2.312478833333e+00 3.126227129181e-01 2.333515e+00
0.850000 9.375000 2.338505690353e+00 2.694771031062e-01 2.353981e+00
0.850000 9.400000 2.362808199768e+00 2.247680274102e-01 2.373475e+00
0.850000 9.425000 2.385335113853e+00 1.785952899012e-01 2.392012e+00
0.850000 9.450000 2.406047084184e+00 1.310529353675e-01 2.409614e+00
0.850000 9.475000 2.424914792763e+00 8.222700203803e-02 2.426309e+00
0.850000 9.500000 2.441916622678e+00 3.219365237440e-02 2.442129e+00
0.850000 9.525000 2.457035944714e+00 -1.898222439474e-02 2.457109e+00
0.850000 9.550000 2.470258115240e+00 -7.124786256839e-02 2.471285e+00
0.850000 9.575000 2.481567294213e+00 -1.245628696557e-01 2.484692e+00
0.850000 9.600000 2.490943199737e+00 -1.788988459251e-01 2.497359e+00
0.850000 9.625000 2.498357917100e+00 -2.342383682950e-01 2.509315e+00
0.850000 9.650000 2.503772876285e+00 -2.905733554129e-01 2.520578e+00
0.850000 9.675000 2.507136103722e+00 -3.479028502001e-01 2.531159e+00
0.850000 9.700000 2.508379842863e+00 -4.062302718271e-01 2.541061e+00
0.850000 9.725000 2.507418625580e+00 -4.655602008284e-01 2.550273e+00
0.850000 9.750000 2.504147863806e+00 -5.258947692261e-01 2.558774e+00
0.850000 9.775000 2.498443019300e+00 -5.872297329400e-01 2.566526e+00
0.850000 9.800000 2.490159399456e+00 -6.495503075555e-01 2.573482e+00
0.850000 9.825000 2.479132618778e+00 -7.128268518582e-01 2.579578e+00
0.850000 9.850000 2.465179758424e+00 -7.770104875081e-01 2.584735e+00
0.850000 9.875000 2.448101249247e+00 -8.420287484533e-01 2.588863e+00
0.850000 9.900000 2.427683495715e+00 -9.077813603836e-01 2.591855e+00
0.850000 9.925000 2.403702248012e+00 -9.741362582996e-01 2.593593e+00
0.850000 9.950000 2.375926716329e+00 -1.040925958204e+00 2.593946e+00
0.850000 9.975000 2.344124404493e+00 -1.107944405708e+00 2.592771e+00
0.850000 10.000000 2.308066619603e+00 -1.174944428416e+00 2.589916e+00
0.850000 10.025000 2.267534590969e+00 -1.241635918877e+00 2.585222e+00
0.850000 10.050000 2.222326106622e+00 -1.307684869343e+00 2.578521e+00
0.850000 10.075000 2.172262550732e+00 -1.372713367984e+00 2.569643e+00
0.850000 10.100000 2.117196202316e+00 -1.436300648455e+00 2.558413e+00
0.850000 10.125000 2.057017636636e+00 -1.497985261451e+00 2.544657e+00
0.850000 10.150000 1.991663057141e+00 -1.557268409614e+00 2.528202e+00
0.850000 10.175000 1.921121378741e+00 -1.613618457570e+00 2.508879e+00
0.850000 10.200000 1.845440882878e+00 -1.666476599306e+00 2.486523e+00
0.850000 10.225000 1.764735270590e+00 -1.715263637461e+00 2.460979e+00
0.850000 10.250000 1.679188950273e+00 -1.759387805276e+00 2.432102e+00
0.850000 10.275000 1.589061410097e+00 -1.798253542872e+00 2.399757e+00
0.850000 10.300000 1.494690538815e+00 -1.831271125380e+00 2.363822e+00
0.850000 10.325000 1.396494770758e+00 -1.857867030441e+00 2.324192e+00
0.850000 10.350000 1.294973939510e+00 -1.877494924936e+00 2.280777e+00
0.850000 10.375000 1.190708729083e+00 -1.889647142996e+00 2.233507e+00
0.850000 10.400000 1.084358611771e+00 -1.893866516541e+00 2.182330e+00
0.850000 10.425000 9.766581596209e-01 -1.889758403038e+00 2.127216e+00
0.850000 10.450000 8.684116144983e-01 -1.877002730504e+00 2.068158e+00
0.850000 10.475000 7.604856038678e-01 -1.855365846051e+00 2.005174e+00
0.850000 10.500000 6.537999000584e-01 -1.824711911667e+00 1.938305e+00
0.850000 10.525000 5.493161446254e-01 -1.785013541602e+00 1.867625e+00
0.850000 10.550000 4.480245004210e-01 -1.736361323646e+00 1.793231e+00
0.850000 10.575000 3.509282550038e-01 -1.678971817348e+00 1.715254e+00
0.850000 10.600000 2.590264810534e-01 -1.613193582631e+00 1.633857e+00
0.850000 10.625000 1.732949611631e-01 -1.539510770030e+00 1.549234e+00
0.850000 10.650000 9.466570188123e-02 -1.458543806219e+00 1.461613e+00
0.850000 10.675000 2.400548864080e-02 -1.371046742085e+00 1.371257e+00
0.850000 10.700000 -3.790593955774e-02 -1.277900900031e+00 1.278463e+00
0.850000 10.725000 -9.039739966978e-02 -1.180104564190e+00 1.183562e+00
0.850000 10.750000 -1.329266666235e-01 -1.078758600791e+00 1.086917e+00
0.850000 10.775000 -1.650989132095e-01 -9.750480709156e-01 9.889269e-01
0.850000 10.800000 -1.866823130882e-01 -8.702200961695e-01 8.900187e-01
0.850000 10.825000 -1.976199624729e-01 -7.655584477998e-01 7.906538e-01
0.850000 10.850000 -1.980373610973e-01 -6.623555376127e-01 6.913275e-01
0.850000 10.875000 -1.882448330619e-01 -5.618826794811e-01 5.925776e-01
0.850000 10.900000 -1.687344589049e-01 -4.653596478719e-01 4.950060e-01
0.850000 10.925000 -1.401713229474e-01 -3.739246706029e-01 3.993340e-01
0.850000 10.950000 -1.033791419752e-01 -2.886060453858e-01 3.065627e-01
0.850000 10.975000 -5.932061656695e-02 -2.102965559130e-01 2.185030e-01
0.850000 11.000000 -9.073116970072e-03 -1.397317801533e-01 1.400260e-01
0.850000 11.025000 4.619943733041e-02 -7.747323324092e-02 9.020249e-02
0.850000 11.050000 1.052774389156e-01 -2.389707714751e-02 1.079556e-01
0.850000 11.075000 1.669179790893e-01 2.081112862432e-02 1.682103e-01
0.850000 11.100000 2.298874618652e-01 5.665545071845e-02 2.367659e-01
0.850000 11.125000 2.929931389251e-01 8.382249782004e-02 3.047477e-01
0.850000 11.150000 3.551123260763e-01 1.026686418645e-01 3.696561e-01
0.850000 11.175000 4.152181992864e-01 1.137022260441e-01 4.305048e-01
0.850000 11.200000 4.724012667549e-01 1.175616650524e-01 4.868097e-01
0.850000 11.225000 5.258858583614e-01 1.149905084262e-01 5.383110e-01
0.850000 11.250000 5.750412476591e-01 1.068106352558e-01 5.848769e-01
0.850000 11.275000 6.193873050359e-01 9.389477380615e-02 6.264638e-01
0.850000 11.300000 6.585948543316e-01 7.713949417052e-02 6.630970e-01
0.850000 11.325000 6.924811511407e-01 5.743971268043e-02 6.948593e-01
0.850000 11.350000 7.210011042873e-01 3.566558472220e-02 7.218827e-01
0.850000 11.375000 7.442350116387e-01 1.264246253510e-02 7.443424e-01
0.850000 11.400000 7.623736714370e-01 -1.086562676885e-02 7.624511e-01
0.850000 11.425000 7.757017596767e-01 -3.416875315673e-02 7.764539e-01
0.850000 11.450000 7.845803365424e-01 -5.666008913030e-02 7.866236e-01
0.850000 11.475000 7.894292685751e-01 -7.782131964029e-02 7.932558e-01
0.850000 11.500000 7.907102392311e-01 -9.722477850484e-02 7.966651e-01
0.850000 11.525000 7.889108819332e-01 -1.145327417175e-01 7.971814e-01
0.850000 11.550000 7.845304202961e-01 -1.294943714872e-01 7.951458e-01
0.850000 11.575000 7.780670528700e-01 -1.419408253295e-01 7.909080e-01
0.850000 11.600000 7.700071856334e-01 -1.517790273886e-01 7.848235e-01
0.850000 11.625000 7.608165029692e-01 -1.589845523505e-01 7.772502e-01
0.850000 11.650000 7.509327822152e-01 -1.635940052868e-01 7.685461e-01
0.850000 11.675000 7.407602999996e-01 -1.656972033933e-01 7.590661e-01
0.850000 11.700000 7.306656492600e-01 -1.654293871052e-01 7.491590e-01
0.850000 11.725000 7.209747803986e-01 -1.629636161966e-01 7.391629e-01
0.850000 11.750000 7.119710929186e-01 -1.585034468307e-01 7.294012e-01
0.850000 11.775000 7.038944286755e-01 -1.522759413244e-01 7.201773e-01
0.850000 11.800000 6.969408480607e-01 -1.445250344350e-01 7.117682e-01
0.850000 11.825000 6.912631002043e-01 -1.355052669501e-01 7.044192e-01
0.850000 11.850000 6.869717231186e-01 -1.254758963463e-01 6.983368e-01
0.850000 11.875000 6.841367267229e-01 -1.146954013408e-01 6.936844e-01
0.850000 11.900000 6.827898197371e-01 -1.034164080767e-01 6.905772e-01
0.850000 11.925000 6.829271409515e-01 -9.188107651285e-02 6.890803e-01
0.850000 11.950000 6.845124480811e-01 -8.031699319956e-02 6.892083e-01
0.850000 11.975000 6.874807058103e-01 -6.893361898635e-02 6.909280e-01
0.850000 12.000000 6.917420015439e-01 -5.791933653164e-02 6.941626e-01
0.850000 12.025000 6.971857054460e-01 -4.743913312270e-02 6.987978e-01
0.850000 12.050000 7.036847826449e-01 -3.763294053065e-02 7.046904e-01
0.850000 12.075000 7.111001612639e-01 -2.861463725699e-02 7.116757e-01
0.850000 12.100000 7.192850605794e-01 -2.047170158744e-02 7.195763e-01
0.850000 12.125000 7.280891886289e-01 -1.326548816640e-02 7.282100e-01
0.850000 12.150000 7.373627269039e-01 -7.032087676779e-03 7.373963e-01
0.850000 12.175000 7.469600299349e-01 -1.783719326577e-03 7.469622e-01
0.850000 12.200000 7.567429781490e-01 2.489400826731e-03 7.567471e-01
0.850000 12.225000 7.665839321716e-01 5.816776772725e-03 7.666060e-01
0.850000 12.250000 7.763682450680e-01 8.244998271628e-03 7.764120e-01
0.850000 12.275000 7.859962957835e-01 9.834821201510e-03 7.860578e-01
0.850000 12.300000 7.953850127414e-01 1.065803118946e-02 7.954564e-01
0.850000 12.325000 8.044688621669e-01 1.079416338537e-02 8.045413e-01
0.850000 12.350000 8.132002824135e-01 1.032715684083e-02 8.132659e-01
0.850000 12.375000 8.215495545799e-01 9.342028463944e-03 8.216027e-01
0.850000 12.400000 8.295041118758e-01 7.921657807830e-03 8.295419e-01
0.850000 12.425000 8.370673058991e-01 6.143778549398e-03 8.370899e-01
0.850000 12.450000 8.442566669168e-01 4.078273753296e-03 8.442665e-01
0.850000 12.475000 8.511017163545e-01 1.784868383236e-03 8.511036e-01
0.850000 12.500000 8.576414113930e-01 -6.886970823493e-04 8.576417e-01
0.850000 12.525000 8.639213217475e-01 -3.307944126765e-03 8.639277e-01
0.850000 12.550000 8.699906551702e-01 -6.052339121107e-03 8.700117e-01
0.850000 12.575000 8.758992588617e-01 -8.915363196632e-03 8.759446e-01
0.850000 12.600000 8.816947272060e-01 -1.190398079912e-02 8.817751e-01
0.850000 12.625000 8.874197411041e-01 -1.503754962654e-02 8.875471e-01
0.850000 12.650000 8.931097506173e-01 -1.834624369213e-02 8.932982e-01
0.850000 12.675000 8.987910914535e-01 -2.186908582154e-02 8.990571e-01
0.850000 12.700000 9.044795986900e-01 -2.565170381763e-02 9.048433e-01
0.850000 12.725000 9.101797503030e-01 -2.974393429266e-02 9.106656e-01
0.850000 12.750000 9.158843411989e-01 -3.419739909952e-02 9.165226e-01
0.850000 12.775000 9.215746582109e-01 -3.906317161081e-02 9.224022e-01
0.850000 12.800000 9.272211003699e-01 -4.438963485605e-02 9.282830e-01
0.850000 12.825000 9.327841685543e-01 -5.022061251078e-02 9.341351e-01
0.850000 12.850000 9.382157355822e-01 -5.659382911530e-02 9.399211e-01
0.850000 12.875000 9.434605022770e-01 -6.353973008029e-02 9.455977e-01
0.850000 12.900000 9.484575466220e-01 -7.108066725037e-02 9.511173e-01
0.850000 12.925000 9.531418807644e-01 -7.923043392254e-02 9.564292e-01
0.850000 12.950000 9.574459428312e-01 -8.799411557040e-02 9.614810e-01
0.850000 12.975000 9.613009655133e-01 -9.736820981446e-02 9.662195e-01
0.850000 13.000000 9.646381795542e-01 -1.073409614330e-01 9.705920e-01
0.850000 13.025000 9.673898261059e-01 -1.178928549905e-01 9.745470e-01
0.850000 13.050000 9.694899664221e-01 -1.289972081167e-01 9.780343e-01
0.850000 13.075000 9.708750899276e-01 -1.406208116361e-01 9.810059e-01
0.850000 13.100000 9.714845321568e-01 -1.527245676480e-01 9.834160e-01
0.850000 13.125000 9.712607226684e-01 -1.652640825666e-01 9.852206e-01
0.850000 13.150000 9.701492901026e-01 -1.781901785764e-01 9.863779e-01
0.850000 13.175000 9.680990575899e-01 -1.914492938254e-01 9.868478e-01
0.850000 13.200000 9.650619669113e-01 -2.049837491241e-01 9.865916e-01
0.850000 13.225000 9.609929742975e-01 -2.187318672396e-01 9.855715e-01
0.850000 13.250000 9.558499642207e-01 -2.326279404176e-01 9.837504e-01
0.850000 13.275000 9.495937294601e-01 -2.466020526900e-01 9.810916e-01
0.850000 13.300000 9.421880653953e-01 -2.605797757383e-01 9.775583e-01
0.850000 13.325000 9.336000231778e-01 -2.744817701159e-01 9.731132e-01
0.850000 13.350000 9.238003594802e-01 -2.882233366220e-01 9.677189e-01
0.850000 13.375000 9.127642096911e-01 -3.017139744315e-01 9.613375e-01
0.850000 13.400000 9.004719967656e-01 -3.148570118642e-01 9.539312e-01
0.850000 13.425000 8.869105701963e-01 -3.275493811066e-01 9.454623e-01
0.850000 13.450000 8.720745497793e-01 -3.396816086594e-01 9.358940e-01
0.850000 13.475000 8.559678286412e-01 -3.511380880755e-01 9.251913e-01
0.850000 13.500000 8.386051711177e-01 -3.617976904962e-01 9.133215e-01
0.850000 13.525000 8.200138253537e-01 -3.715347520795e-01 9.002559e-01
0.850000 13.550000 8.002350595334e-01 -3.802204566903e-01 8.859705e-01
0.850000 13.575000 7.793255256601e-01 -3.877246087777e-01 8.704474e-01
0.850000 13.600000 7.573583563343e-01 -3.939177671124e-01 8.536761e-01
0.850000 13.625000 7.344239080482e-01 -3.986736869770e-01 8.356549e-01
0.850000 13.650000 7.106300783246e-01 -4.018719983731e-01 8.163922e-01
0.850000 13.675000 6.861021423704e-01 -4.034010322947e-01 7.959074e-01
0.850000 13.700000 6.609820760842e-01 -4.031606970631e-01 7.742324e-01
0.850000 13.725000 6.354273545057e-01 -4.010653024341e-01 7.514129e-01
0.850000 13.750000 6.096092363722e-01 -3.970462303539e-01 7.275089e-01
0.850000 13.775000 5.837105649885e-01 -3.910543570164e-01 7.025963e-01
0.850000 13.800000 5.579231322065e-01 -3.830621400758e-01 6.767679e-01
0.850000 13.825000 5.324446655614e-01 -3.730652961665e-01 6.501346e-01
0.850000 13.850000 5.074755087331e-01 -3.610840060825e-01 6.228267e-01
0.850000 13.875000 4.832150730519e-01 -3.471635971467e-01 5.949953e-01
0.850000 13.900000 4.598581436108e-01 -3.313746640282e-01 5.668145e-01
0.850000 13.925000 4.375911285198e-01 -3.138126005566e-01 5.384834e-01
0.850000 13.950000 4.165883445974e-01 -2.945965264631e-01 5.102283e-01
0.850000 13.975000 3.970084375634e-01 -2.738676052311e-01 4.823061e-01
0.850000 14.000000 3.789910393297e-01 -2.517867632877e-01 4.550064e-01
0.850000 14.025000 3.626537684485e-01 -2.285318373631e-01 4.286544e-01
0.850000 14.050000 3.480896809275e-01 -2.042941963669e-01 4.036119e-01
0.850000 14.075000 3.353652759459e-01 -1.792749063688e-01 3.802754e-01
0.850000 14.100000 3.245191529672e-01 -1.536805313325e-01 3.590688e-01
0.850000 14.125000 3.155614021123e-01 -1.277186865553e-01 3.404278e-01
0.850000 14.150000 3.084737877636e-01 -1.015934841741e-01 3.247727e-01
0.850000 14.175000 3.032107563137e-01 -7.550102812569e-02 3.124695e-01
0.850000 14.200000 2.997012637910e-01 -4.962512708912e-02 3.037820e-01
0.850000 14.225000 2.978513797304e-01 -2.413339601416e-02 2.988275e-01
0.850000 14.250000 2.975475828279e-01 8.260916921693e-04 2.975487e-01
0.850000 14.275000 2.986606248787e-01 2.512745898033e-02 2.997158e-01
0.850000 14.300000 3.010498057032e-01 4.866887505852e-02 3.049584e-01
0.850000 14.325000 3.045674764324e-01 7.137352794183e-02 3.128187e-01
0.850000 14.350000 3.090635742723e-01 9.318969306506e-02 3.228074e-01
0.850000 14.375000 3.143899904067e-01 1.140899201349e-01 3.344512e-01
0.850000 14.400000 3.204045845023e-01 1.340694081681e-01 3.473236e-01
0.850000 14.425000 3.269746836169e-01 1.531436815325e-01 3.610615e-01
0.850000 14.450000 3.339799381928e-01 1.713457142761e-01 3.753691e-01
0.850000 14.475000 3.413144502479e-01 1.887226734071e-01 3.900151e-01
0.850000 14.500000 3.488881352121e-01 2.053324624639e-01 4.048263e-01
0.850000 14.525000 3.566273251172e-01 2.212402443416e-01 4.196788e-01
0.850000 14.550000 3.644746632731e-01 2.365151078306e-01 4.344896e-01
0.850000 14.575000 3.723883758961e-01 2.512270176901e-01 4.492083e-01
0.850000 14.600000 3.803410320710e-01 2.654441561985e-01 4.638102e-01
0.850000 14.625000 3.883179186617e-01 2.792307283565e-01 4.782892e-01
0.850000 14.650000 3.963151612395e-01 2.926452666831e-01 4.926530e-01
0.850000 14.675000 4.043377167658e-01 3.057394379982e-01 5.069177e-01
0.850000 14.700000 4.123973504729e-01 3.185573262019e-01 5.211049e-01
0.850000 14.725000 4.205106905850e-01 3.311351435053e-01 5.352380e-01
0.850000 14.750000 4.286974328250e-01 3.435013085246e-01 5.493402e-01
0.850000 14.775000 4.369787446289e-01 3.556768228943e-01 5.634327e-01
0.850000 14.800000 4.453758987213e-01 3.676758776050e-01 5.775338e-01
0.850000 14.825000 4.539091487153e-01 3.795066245895e-01 5.916577e-01
0.850000 14.850000 4.625968464572e-01 3.911720564082e-01 6.058147e-01
0.850000 14.875000 4.714547920106e-01 4.026709454764e-01 6.200109e-01
0.850000 14.900000 4.804958019453e-01 4.139988026881e-01 6.342486e-01
0.850000 14.925000 4.897294790600e-01 4.251488225009e-01 6.485264e-01
0.850000 14.950000 4.991621656959e-01 4.361127870986e-01 6.628403e-01
0.850000 14.975000 5.087970624021e-01 4.468819061467e-01 6.771838e-01
0.850000 15.000000 5.186344930396e-01 4.574475713475e-01 6.915490e-01
0.850000 15.025000 5.286722960738e-01 4.678020071489e-01 7.059271e-01
0.850000 15.050000 5.389063197341e-01 4.779388012704e-01 7.203093e-01
0.850000 15.075000 5.493309962598e-01 4.878533017804e-01 7.346873e-01
0.850000 15.100000 5.599399681469e-01 4.975428715916e-01 7.490539e-01
0.850000 15.125000 5.707267378294e-01 5.070069964148e-01 7.634036e-01
0.850000 15.150000 5.816853121209e-01 5.162472480669e-01 7.777333e-01
0.850000 15.175000 5.928108143632e-01 5.252671109415e-01 7.920418e-01
0.850000 15.200000 6.041000405585e-01 5.340716846791e-01 8.063308e-01
0.850000 15.225000 6.155519404968e-01 5.426672799172e-01 8.206046e-01
0.850000 15.250000 6.271680103375e-01 5.510609259464e-01 8.348700e-01
0.850000 15.275000 6.389525884393e-01 5.592598089771e-01 8.491360e-01
0.850000 15.300000 6.509130505685e-01 5.672706577390e-01 8.634140e-01
0.850000 15.325000 6.630599032037e-01 5.750990898965e-01 8.777172e-01
0.850000 15.350000 6.754067740635e-01 5.827489291611e-01 8.920598e-01
0.850000 15.375000 6.879702971970e-01 5.902215000852e-01 9.064571e-01
0.850000 15.400000 7.007698864333e-01 5.975149063182e-01 9.209248e-01
0.850000 15.425000 7.138273865789e-01 6.046232994179e-01 9.354779e-01
0.850000 15.450000 7.271665876431e-01 6.115361494842e-01 9.501304e-01
0.850000 15.475000 7.408125849152e-01 6.182375358061e-01 9.648943e-01
0.850000 15.500000 7.547909681123e-01 6.247054846860e-01 9.797787e-01
0.850000 15.525000 7.691268270064e-01 6.309113914592e-01 9.947891e-01
0.850000 15.550000 7.838435693543e-01 6.368195729221e-01 1.009926e+00
0.850000 15.575000 7.989615593956e-01 6.423870032557e-01 1.025183e+00
0.850000 15.600000 8.144966008416e-01 6.475632895192e-01 1.040549e+00
0.850000 15.625000 8.304583057295e-01 6.522909406730e-01 1.056004e+00
0.850000 15.650000 8.468484079598e-01 6.565059762264e-01 1.071519e+00
0.850000 15.675000 8.636590957311e-01 6.601389070227e-01 1.087056e+00
0.850000 15.700000 8.808714485525e-01 6.631161021401e-01 1.102569e+00
0.850000 15.725000 8.984540704282e-01 6.653615338218e-01 1.118001e+00
0.850000 15.750000 9.163620102037e-01 6.667988686733e-01 1.133287e+00
0.850000 15.775000 9.345360526426e-01 6.673538502423e-01 1.148355e+00
0.850000 15.800000 9.529024500583e-01 6.669568976736e-01 1.163123e+00
0.850000 15.825000 9.713731454575e-01 6.655458292389e-01 1.177505e+00
0.850000 15.850000 9.898465159046e-01 6.630686094689e-01 1.191409e+00
0.850000 15.875000 1.008208641223e+00 6.594860149561e-01 1.204743e+00
0.850000 15.900000 1.026335080301e+00 6.547741164722e-01 1.217412e+00
0.850000 15.925000 1.044093116943e+00 6.489264829958e-01 1.229323e+00
0.850000 15.950000 1.061344420759e+00 6.419560251527e-01 1.240387e+00
0.850000 15.975000 1.077948056613e+00 6.338964097162e-01 1.250519e+00
0.850000 16.000000 1.093763768639e+00 6.248029914613e-01 1.259642e+00
0.850000 16.025000 1.108655461081e+00 6.147532223120e-01 1.267690e+00
0.850000 16.050000 1.122494796970e+00 6.038465093672e-01 1.274608e+00
0.850000 16.075000 1.135164835506e+00 5.922035026609e-01 1.280353e+00
0.850000 16.100000 1.146563628532e+00 5.799648007226e-01 1.284900e+00
0.850000 16.125000 1.156607694553e+00 5.672890680810e-01 1.288238e+00
0.850000 16.150000 1.165235284738e+00 5.543505651597e-01 1.290379e+00
0.850000 16.175000 1.172409349478e+00 5.413360991175e-01 1.291351e+00
0.850000 16.200000 1.178120107018e+00 5.284414155251e-01 1.291208e+00
0.850000 16.225000 1.182387109032e+00 5.158670664126e-01 1.290023e+00
0.850000 16.250000 1.185260693701e+00 5.038138105784e-01 1.287894e+00
0.850000 16.275000 1.186822716892e+00 4.924776267359e-01 1.284945e+00
0.850000 16.300000 1.187186458552e+00 4.820444478782e-01 1.281319e+00
0.850000 16.325000 1.186495615874e+00 4.726847541589e-01 1.277185e+00
0.850000 16.350000 1.184922318032e+00 4.645481890607e-01 1.272732e+00
0.850000 16.375000 1.182664129238e+00 4.577583867875e-01 1.268163e+00
0.850000 16.400000 1.179940046519e+00 4.524082148287e-01 1.263698e+00
0.850000 16.425000 1.176985543910e+00 4.485556420538e-01 1.259562e+00
0.850000 16.450000 1.174046763059e+00 4.462204377031e-01 1.255985e+00
0.850000 16.475000 1.171373998166e+00 4.453818893634e-01 1.253189e+00
0.850000 16.500000 1.169214667448e+00 4.459776985858e-01 1.251383e+00
0.850000 16.525000 1.167806000468e+00 4.479041723772e-01 1.250755e+00
0.850000 16.550000 1.167367698044e+00 4.510177794611e-01 1.251465e+00
0.850000 16.575000 1.168094836830e+00 4.551380847467e-01 1.253633e+00
0.850000 16.600000 1.170151292917e+00 4.600520171103e-01 1.257339e+00
0.850000 16.625000 1.173663947636e+00 4.655193677648e-01 1.262614e+00
0.850000 16.650000 1.178717914819e+00 4.712793624034e-01 1.269441e+00
0.850000 16.675000 1.185352993586e+00 4.770581028082e-01 1.277750e+00
0.850000 16.700000 1.193561506200e+00 4.825766349779e-01 1.287427e+00
0.850000 16.725000 1.203287629288e+00 4.875593726653e-01 1.298312e+00
0.850000 16.750000 1.214428271112e+00 4.917425884325e-01 1.310209e+00
0.850000 16.775000 1.226835490396e+00 4.948826792218e-01 1.322889e+00
0.850000 16.800000 1.240320395645e+00 4.967639197186e-01 1.336102e+00
0.850000 16.825000 1.254658410247e+00 4.972054337981e-01 1.349585e+00
0.850000 16.850000 1.269595739561e+00 4.960671410802e-01 1.363069e+00
0.850000 16.875000 1.284856833476e+00 4.932544709005e-01 1.376284e+00
0.850000 16.900000 1.300152602561e+00 4.887216784823e-01 1.388973e+00
0.850000 16.925000 1.315189119331e+00 4.824736463051e-01 1.400894e+00
0.850000 16.950000 1.329676518909e+00 4.745661060228e-01 1.411826e+00
0.850000 16.975000 1.343337806329e+00 4.651042710489e-01 1.421576e+00
0.850000 17.000000 1.355917281266e+00 4.542399252084e-01 1.429981e+00
0.850000 17.025000 1.367188305114e+00 4.421670666149e-01 1.436912e+00
0.850000 17.050000 1.376960159838e+00 4.291162560321e-01 1.442276e+00
0.850000 17.075000 1.385083782095e+00 4.153478632791e-01 1.446019e+00
0.850000 17.100000 1.391456198322e+00 4.011444417186e-01 1.448125e+00
0.850000 17.125000 1.396023535192e+00 3.868024878220e-01 1.448619e+00
0.850000 17.150000 1.398782532561e+00 3.726238589448e-01 1.447564e+00
0.850000 17.175000 1.399780540296e+00 3.589071271395e-01 1.445061e+00
0.850000 17.200000 1.399114033449e+00 3.459391401099e-01 1.441247e+00
0.850000 17.225000 1.396925729403e+00 3.339870430701e-01 1.436297e+00
0.850000 17.250000 1.393400433686e+00 3.232909887970e-01 1.430413e+00
0.850000 17.275000 1.388759776276e+00 3.140577295926e-01 1.423828e+00
0.850000 17.300000 1.383256026347e+00 3.064552466191e-01 1.416796e+00
0.850000 17.325000 1.377165190265e+00 3.006085316387e-01 1.409592e+00
0.850000 17.350000 1.370779605625e+00 2.965965959630e-01 1.402500e+00
0.850000 17.375000 1.364400244418e+00 2.944507433628e-01 1.395811e+00
0.850000 17.400000 1.358328932408e+00 2.941541092116e-01 1.389814e+00
0.850000 17.425000 1.352860681431e+00 2.956424379698e-01 1.384788e+00
0.850000 17.450000 1.348276318113e+00 2.988060453094e-01 1.380990e+00
0.850000 17.475000 1.344835577906e+00 3.034928892226e-01 1.378655e+00
0.850000 17.500000 1.342770818257e+00 3.095126554355e-01 1.377981e+00
0.850000 17.525000 1.342281489385e+00 3.166417453330e-01 1.379123e+00
0.850000 17.550000 1.343529485387e+00 3.246290384379e-01 1.382192e+00
0.850000 17.575000 1.346635481355e+00 3.332022857332e-01 1.387246e+00
0.850000 17.600000 1.351676343000e+00 3.420749747032e-01 1.394290e+00
0.850000 17.625000 1.358683672814e+00 3.509534924795e-01 1.403278e+00
0.850000 17.650000 1.367643530422e+00 3.595444010483e-01 1.414115e+00
0.850000 17.675000 1.378497334237e+00 3.675616296754e-01 1.426659e+00
0.850000 17.700000 1.391143917227e+00 3.747333863204e-01 1.440731e+00
0.850000 17.725000 1.405442672897e+00 3.808085935030e-01 1.456120e+00
0.850000 17.750000 1.421217690292e+00 3.855626661264e-01 1.472589e+00
0.850000 17.775000 1.438262741437e+00 3.888024697576e-01 1.489888e+00
0.850000 17.800000 1.456346953872e+00 3.903703275018e-01 1.507758e+00
0.850000 17.825000 1.475220977448e+00 3.901469806833e-01 1.525940e+00
0.850000 17.850000 1.494623440494e+00 3.880534508915e-01 1.544178e+00
0.850000 17.875000 1.514287487311e+00 3.840517957291e-01 1.562230e+00
0.850000 17.900000 1.533947197174e+00 3.781447945247e-01 1.579869e+00
0.850000 17.925000 1.553343703921e+00 3.703746400252e-01 1.596889e+00
0.850000 17.950000 1.572230863114e+00 3.608207446696e-01 1.613103e+00
0.850000 17.975000 1.590380348018e+00 3.495967932026e-01 1.628351e+00
0.850000 18.000000 1.607586093020e+00 3.368471858059e-01 1.642498e+00
0.850000 18.025000 1.623668040127e+00 3.227430174776e-01 1.655434e+00
0.850000 18.050000 1.638475177620e+00 3.074777310782e-01 1.667076e+00
0.850000 18.075000 1.651887886961e+00 2.912625653021e-01 1.677369e+00
0.850000 18.100000 1.663819632981e+00 2.743218976344e-01 1.686282e+00
0.850000 18.125000 1.674218042353e+00 2.568885592237e-01 1.693812e+00
0.850000 18.150000 1.683065416857e+00 2.391991767261e-01 1.699978e+00
0.850000 18.175000 1.690378722389e+00 2.214895782267e-01 1.704828e+00
0.850000 18.200000 1.696209084248e+00 2.039902883005e-01 1.708431e+00
0.850000 18.225000 1.700640806764e+00 1.869221321174e-01 1.710883e+00
0.850000 18.250000 1.703789923506e+00 1.704919701544e-01 1.712299e+00
0.850000 18.275000 1.705802275675e+00 1.548885924911e-01 1.712820e+00
0.850000 18.300000 1.706851112742e+00 1.402788129889e-01 1.712606e+00
0.850000 18.325000 1.707134211890e+00 1.268038165163e-01 1.711837e+00
0.850000 18.350000 1.706870521515e+00 1.145758243051e-01 1.710712e+00
0.850000 18.375000 1.706296348037e+00 1.036751511920e-01 1.709443e+00
0.850000 18.400000 1.705661123017e+00 9.414773215466e-02 1.708257e+00
0.850000 18.425000 1.705222806959e+00 8.600319313898e-02 1.707390e+00
0.850000 18.450000 1.705243004966e+00 7.921353248752e-02 1.707082e+00
0.850000 18.475000 1.705981885513e+00 7.371246492976e-02 1.707574e+00
0.850000 18.500000 1.707693005176e+00 6.939546136450e-02 1.709102e+00
0.850000 18.525000 1.710618148339e+00 6.612049630460e-02 1.711896e+00
0.850000 18.550000 1.714982291025e+00 6.370949279720e-02 1.716165e+00
0.850000 18.575000 1.720988792614e+00 6.195043373524e-02 1.722103e+00
0.850000 18.600000 1.728814909000e+00 6.060009028904e-02 1.729877e+00
0.850000 18.625000 1.738607707107e+00 5.938730375841e-02 1.739622e+00
0.850000 18.650000 1.750480444925e+00 5.801674701871e-02 1.751442e+00
0.850000 18.675000 1.764509464857e+00 5.617308589539e-02 1.765403e+00
0.850000 18.700000 1.780731632204e+00 5.352545883094e-02 1.781536e+00
0.850000 18.725000 1.799142335967e+00 4.973219444713e-02 1.799830e+00
0.850000 18.750000 1.819694056170e+00 4.444569026150e-02 1.820237e+00
0.850000 18.775000 1.842295490822e+00 3.731738124960e-02 1.842673e+00
0.850000 18.800000 1.866811226252e+00 2.800273363411e-02 1.867021e+00
0.850000 18.825000 1.893061926840e+00 1.616620698145e-02 1.893131e+00
0.850000 18.850000 1.920825013951e+00 1.486136347695e-03 1.920826e+00
0.850000 18.875000 1.949835799398e+00 -1.634050412737e-02 1.949904e+00
0.850000 18.900000 1.979789036313e+00 -3.759348412571e-02 1.980146e+00
0.850000 18.925000 2.010340850443e+00 -6.252486303444e-02 2.011313e+00
0.850000 18.950000 2.041111018308e+00 -9.135470354307e-02 2.043154e+00
0.850000 18.975000 2.071685565876e+00 -1.242669465640e-01 2.075409e+00
0.850000 19.000000 2.101619672720e+00 -1.614054318822e-01 2.107809e+00
0.850000 19.025000 2.130440881840e+00 -2.028700431990e-01 2.140078e+00
0.850000 19.050000 2.157652633599e+00 -2.487129556001e-01 2.171940e+00
0.850000 19.075000 2.182738162111e+00 -2.989349693814e-01 2.203113e+00
0.850000 19.100000 2.205164811754e+00 -3.534819275996e-01 2.233316e+00
0.850000 19.125000 2.224388847749e+00 -4.122412359521e-01 2.262266e+00
0.850000 19.150000 2.239860845143e+00 -4.750385319862e-01 2.289681e+00
0.850000 19.175000 2.251031742518e+00 -5.416345846072e-01 2.315278e+00
0.850000 19.200000 2.257359638126e+00 -6.117225418476e-01 2.338777e+00
0.850000 19.225000 2.258317385745e+00 -6.849256816297e-01 2.359898e+00
0.850000 19.250000 2.253401015135e+00 -7.607958531084e-01 2.378366e+00
0.850000 19.275000 2.242138958536e+00 -8.388128214150e-01 2.393908e+00
0.850000 19.300000 2.224102012498e+00 -9.183847429106e-01 2.406254e+00
0.850000 19.325000 2.198913906507e+00 -9.988499988477e-01 2.415145e+00
0.850000 19.350000 2.166262290447e+00 -1.079480601194e+00 2.420324e+00
0.850000 19.375000 2.125909895848e+00 -1.159487355073e+00 2.421550e+00
0.850000 19.400000 2.077705575337e+00 -1.238026918882e+00 2.418589e+00
0.850000 19.425000 2.021594883916e+00 -1.314210847871e+00 2.411223e+00
0.850000 19.450000 1.957629837330e+00 -1.387116642704e+00 2.399251e+00
0.850000 19.475000 1.885977468101e+00 -1.455800754790e+00 2.382492e+00
0.850000 19.500000 1.806926799218e+00 -1.519313428258e+00 2.360783e+00
0.850000 19.525000 1.720893868270e+00 -1.576715187405e+00 2.333989e+00
0.850000 19.550000 1.628424459681e+00 -1.627094710557e+00 2.302000e+00
0.850000 19.575000 1.530194238098e+00 -1.669587768023e+00 2.264733e+00
0.850000 19.600000 1.427006020383e+00 -1.703396843850e+00 2.222140e+00
0.850000 19.625000 1.319783976197e+00 -1.727811008515e+00 2.174203e+00
0.850000 19.650000 1.209564607433e+00 -1.742225562439e+00 2.120942e+00
0.850000 19.675000 1.097484425397e+00 -1.746160928357e+00 2.062414e+00
0.850000 19.700000 9.847643226429e-01 -1.739280234829e+00 1.998714e+00
0.850000 19.725000 8.726907250417e-01 -1.721405005552e+00 1.929980e+00
0.850000 19.750000 7.625937101629e-01 -1.692528352343e+00 1.856395e+00
0.850000 19.775000 6.558223902921e-01 -1.652825068136e+00 1.778183e+00
0.850000 19.800000 5.537179812701e-01 -1.602658034995e+00 1.695617e+00
0.850000 19.825000 4.575851083233e-01 -1.542580406319e+00 1.609018e+00
0.850000 19.850000 3.686620317370e-01 -1.473333097215e+00 1.518757e+00
0.850000 19.875000 2.880906007897e-01 -1.395837225786e+00 1.425257e+00
0.850000 19.900000 2.168868542754e-01 -1.311181292508e+00 1.328998e+00
0.850000 19.925000 1.559132694577e-01 -1.220603063305e+00 1.230521e+00
0.850000 19.950000 1.058537075302e-01 -1.125466329444e+00 1.130433e+00
0.850000 19.975000 6.719210272245e-02 -1.027232945457e+00 1.029428e+00
0.850000 20.000000 4.019588643110e-02 -9.274307829796e-01 9.283014e-01
0.850000 20.025000 2.490502287666e-02 -8.276184690805e-01 8.279931e-01
0.850000 20.050000 2.112735881920e-02 -7.293479861869e-01 7.296539e-01
0.850000 20.075000 2.844076161089e-02 -6.341263804886e-01 6.347638e-01
0.850000 20.100000 4.620224710268e-02 -5.433779416662e-01 5.453386e-01
0.850000 20.125000 7.356399586940e-02 -4.584082664500e-01 4.642734e-01
0.850000 20.150000 1.094958406925e-01 -3.803715937356e-01 3.958180e-01
0.850000 20.175000 1.528135002678e-01 -3.102426967770e-01 3.458359e-01
0.850000 20.200000 2.022115543053e-01 -2.487944411822e-01 3.206060e-01
0.850000 20.225000 2.562999229649e-01 -1.965818747587e-01 3.230079e-01
0.850000 20.250000 3.136424454063e-01 -1.539334206976e-01 3.493810e-01
0.850000 20.275000 3.727960601539e-01 -1.209494174434e-01 3.919256e-01
0.850000 20.300000 4.323490804691e-01 -9.750790794110e-02 4.432082e-01
0.850000 20.325000 4.909571312966e-01 -8.327724988404e-02 4.979699e-01
0.850000 20.350000 5.473754647394e-01 -7.773481835848e-02 5.528676e-01
0.850000 20.375000 6.004865869085e-01 -8.019082153328e-02 6.058174e-01
0.850000 20.400000 6.493223943037e-01 -8.981606324848e-02 6.555048e-01
0.850000 20.425000 6.930803134087e-01 -1.056723727946e-01 7.010898e-01
0.850000 20.450000 7.311332423556e-01 -1.267443852423e-01 7.420377e-01
0.850000 20.475000 7.630333880974e-01 -1.519713929610e-01 7.780201e-01
0.850000 20.500000 7.885103583850e-01 -1.802780926817e-01 8.088565e-01
0.850000 20.525000 8.074640902286e-01 -2.106032104473e-01 8.344771e-01
0.850000 20.550000 8.199533651480e-01 -2.419251838649e-01 8.548984e-01
0.850000 20.575000 8.261807710234e-01 -2.732843004827e-01 8.702063e-01
0.850000 20.600000 8.264750203701e-01 -3.038009161155e-01 8.805430e-01
0.850000 20.625000 8.212715295170e-01 -3.326895922119e-01 8.860978e-01
0.850000 20.650000 8.110921103360e-01 -3.592691841410e-01 8.870991e-01
0.850000 20.675000 7.965245363260e-01 -3.829690731991e-01 8.838080e-01
0.850000 20.700000 7.782026298806e-01 -4.033318585996e-01 8.765135e-01
0.850000 20.725000 7.567873895455e-01 -4.200129098903e-01 8.655276e-01
0.850000 20.750000 7.329495461639e-01 -4.327772267667e-01 8.511822e-01
0.850000 20.775000 7.073538144123e-01 -4.414940664826e-01 8.338264e-01
0.850000 20.800000 6.806449984472e-01 -4.461297853704e-01 8.138239e-01
0.850000 20.825000 6.534360215977e-01 -4.467393077788e-01 7.915520e-01
0.850000 20.850000 6.262978821854e-01 -4.434565906037e-01 7.674000e-01
0.850000 20.875000 5.997514901254e-01 -4.364844015941e-01 7.417685e-01
0.850000 20.900000 5.742613097220e-01 -4.260836806345e-01 7.150688e-01
0.850000 20.925000 5.502307194191e-01 -4.125627096533e-01 6.877222e-01
0.850000 20.950000 5.279989950050e-01 -3.962662814151e-01 6.601590e-01
0.850000 20.975000 5.078398245301e-01 -3.775650313633e-01 6.328164e-01
0.850000 21.000000 4.899612670092e-01 -3.568450795961e-01 6.061357e-01
0.850000 21.025000 4.745070695613e-01 -3.344981206095e-01 5.805566e-01
0.850000 21.050000 4.615592566131e-01 -3.109120944651e-01 5.565099e-01
0.850000 21.075000 4.511418987765e-01 -2.864625720113e-01 5.344060e-01
0.850000 21.100000 4.432259575839e-01 -2.615049860813e-01 5.146204e-01
0.850000 21.125000 4.377350858475e-01 -2.363678378075e-01 4.974754e-01
0.850000 21.150000 4.345522431178e-01 -2.113470002786e-01 4.832217e-01
0.850000 21.175000 4.335269631695e-01 -1.867012292539e-01 4.720201e-01
0.850000 21.200000 4.344830875793e-01 -1.626489715757e-01 4.639291e-01
0.850000 21.225000 4.372267583977e-01 -1.393665360168e-01 4.589012e-01
0.850000 21.250000 4.415544457306e-01 -1.169876588195e-01 4.567893e-01
0.850000 21.275000 4.472607747386e-01 -9.560445799696e-02 4.573646e-01
0.850000 21.300000 4.541459128367e-01 -7.526972793611e-02 4.603412e-01
0.850000 21.325000 4.620222831000e-01 -5.600048076388e-02 4.654037e-01
0.850000 21.350000 4.707203849565e-01 -3.778259550542e-02 4.722343e-01
0.850000 21.375000 4.800935285221e-01 -2.057639268116e-02 4.805343e-01
0.850000 21.400000 4.900213241212e-01 -4.322913217928e-03 4.900404e-01
0.850000 21.425000 5.004118127098e-01 1.104935111522e-02 5.005338e-01
0.850000 21.450000 5.112021744622e-01 2.561755080361e-02 5.118437e-01
0.850000 21.475000 5.223580094672e-01 3.945768126371e-02 5.238462e-01
0.850000 21.500000 5.338712435937e-01 5.263817955942e-02 5.364600e-01
0.850000 21.525000 5.457567710333e-01 6.521418488193e-02 5.496393e-01
0.850000 21.550000 5.580479996187e-01 7.722270488094e-02 5.633657e-01
0.850000 21.575000 5.707915126464e-01 8.867889050720e-02 5.776391e-01
0.850000 21.600000 5.840410988603e-01 9.957357272072e-02 5.924685e-01
0.850000 21.625000 5.978514283225e-01 1.098721578241e-01 6.078637e-01
0.850000 21.650000 6.122716646985e-01 1.195149173868e-01 6.238272e-01
0.850000 21.675000 6.273393035090e-01 1.284186470591e-01 6.403483e-01
0.850000 21.700000 6.430745115191e-01 1.364796093389e-01 6.573975e-01
0.850000 21.725000 6.594752158569e-01 1.435776215842e-01 6.749238e-01
0.850000 21.750000 6.765131546261e-01 1.495811047601e-01 6.928525e-01
0.850000 21.775000 6.941310560981e-01 1.543528724272e-01 7.110856e-01
0.850000 21.800000 7.122410637616e-01 1.577564143880e-01 7.295029e-01
0.850000 21.825000 7.307244722499e-01 1.596624155349e-01 7.479641e-01
0.850000 21.850000 7.494327869912e-01 1.599552474151e-01 7.663127e-01
0.850000 21.875000 7.681900704709e-01 1.585391769420e-01 7.843792e-01
0.850000 21.900000 7.867964918964e-01 1.553440522636e-01 8.019853e-01
0.850000 21.925000 8.050329560117e-01 1.503302486138e-01 8.189489e-01
0.850000 21.950000 8.226666514786e-01 1.434926855908e-01 8.350872e-01
0.850000 21.975000 8.394573299916e-01 1.348637604444e-01 8.502216e-01
0.850000 22.000000 8.551641042148e-01 1.245150785399e-01 8.641815e-01
0.850000 22.025000 8.695525357499e-01 1.125579013513e-01 8.768072e-01
0.850000 22.050000 8.824017737251e-01 9.914227346414e-02 8.879539e-01
0.850000 22.075000 8.935115003937e-01 8.445483253300e-02 8.974940e-01
0.850000 22.100000 9.027084426473e-01 6.871534931345e-02 9.053200e-01
0.850000 22.125000 9.098522180003e-01 5.217208798479e-02 9.113468e-01
0.850000 22.150000 9.148403007441e-01 3.509611894715e-02 9.155133e-01
0.850000 22.175000 9.176119189110e-01 1.777475579023e-02 9.177841e-01
0.850000 22.200000 9.181507253781e-01 5.043235978393e-04 9.181509e-01
0.850000 22.225000 9.164861264795e-01 -1.641750462032e-02 9.166332e-01
0.850000 22.250000 9.126931979285e-01 -3.269954458996e-02 9.132788e-01
0.850000 22.275000 9.068911691916e-01 -4.806483909762e-02 9.081640e-01
0.850000 22.300000 8.992405116959e-01 -6.225802457561e-02 9.013931e-01
0.850000 22.325000 8.899387209306e-01 -7.505206209259e-02 8.930978e-01
0.850000 22.350000 8.792149349357e-01 -8.625409014702e-02 8.834357e-01
0.850000 22.375000 8.673235790598e-01 -9.571018908736e-02 8.725885e-01
0.850000 22.400000 8.545372666373e-01 -1.033088892964e-01 8.607594e-01
0.850000 22.425000 8.411392151199e-01 -1.089833055319e-01 8.481701e-01
0.850000 22.450000 8.274154555654e-01 -1.127118355403e-01 8.350571e-01
0.850000 22.475000 8.136471192366e-01 -1.145174194017e-01 8.216665e-01
0.850000 22.500000 8.001030781892e-01 -1.144654140850e-01 8.082495e-01
0.850000 22.525000 7.870331976514e-01 -1.126601924733e-01 7.950557e-01
0.850000 22.550000 7.746624279170e-01 -1.092406250782e-01 7.823269e-01
0.850000 22.575000 7.631859241355e-01 -1.043746435917e-01 7.702901e-01
0.850000 22.600000 7.527653359328e-01 -9.825311670729e-02 7.591504e-01
0.850000 22.625000 7.435263576010e-01 -9.108328917096e-02 7.490845e-01
0.850000 22.650000 7.355575760943e-01 -8.308204435383e-02 7.402348e-01
0.850000 22.675000 7.289106006453e-01 -7.446924876198e-02 7.327048e-01
0.850000 22.700000 7.236014066808e-01 -6.546142434483e-02 7.265564e-01
0.850000 22.725000 7.196127798694e-01 -5.626597208215e-02 7.218091e-01
0.850000 22.750000 7.168977053094e-01 -4.707613930953e-02 7.184417e-01
0.850000 22.775000 7.153835135287e-01 -3.806688498986e-02 7.163956e-01
0.850000 22.800000 7.149765703185e-01 -2.939175327240e-02 7.155804e-01
0.850000 22.825000 7.155672823662e-01 -2.118081799170e-02 7.158807e-01
0.850000 22.850000 7.170351858026e-01 -1.353971117786e-02 7.171630e-01
0.850000 22.875000 7.192538904043e-01 -6.549699261364e-03 7.192837e-01
0.850000 22.900000 7.220956681737e-01 -2.687236059456e-04 7.220957e-01
0.850000 22.925000 7.254355008006e-01 5.266720503506e-03 7.254546e-01
0.850000 22.950000 7.291544350389e-01 1.003902814079e-02 7.292235e-01
0.850000 22.975000 7.331421367589e-01 1.404644127429e-02 7.332767e-01
0.850000 23.000000 7.372985813106e-01 1.729972362661e-02 7.375015e-01
0.850000 23.025000 7.415348674089e-01 1.981876571361e-02 7.417997e-01
0.850000 23.050000 7.457731912446e-01 2.162932592339e-02 7.460868e-01
0.850000 23.075000 7.499460640737e-01 2.276009593524e-02 7.502914e-01
0.850000 23.100000 7.539948973090e-01 2.324025064372e-02 7.543530e-01
0.850000 23.125000 7.578681116351e-01 2.309760576020e-02 7.582200e-01
0.850000 23.150000 7.615189488975e-01 2.235746278207e-02 7.618471e-01
0.850000 23.175000 7.649031761673e-01 2.104217388943e-02 7.651926e-01
0.850000 23.200000 7.679768699905e-01 1.917141165567e-02 7.682161e-01
0.850000 23.225000 7.706944557666e-01 1.676308335451e-02 7.708767e-01
0.850000 23.250000 7.730071536978e-01 1.383478997698e-02 7.731309e-01
0.850000 23.275000 7.748619507361e-01 1.040569822139e-02 7.749318e-01
0.850000 23.300000 7.762011799149e-01 6.498671402740e-03 7.762284e-01
0.850000 23.325000 7.769627471588e-01 2.142493382862e-03 7.769657e-01
0.850000 23.350000 7.770810039557e-01 -2.625981632251e-03 7.770854e-01
0.850000 23.375000 7.764882247980e-01 -7.759911888903e-03 7.765270e-01
0.850000 23.400000 7.751166133031e-01 -1.320092458500e-02 7.752290e-01
0.850000 23.425000 7.729007321258e-01 -1.887806292594e-02 7.731312e-01
0.850000 23.450000 7.697802302585e-01 -2.470731144936e-02 7.701766e-01
0.850000 23.475000 7.657027275609e-01 -3.059175537759e-02 7.663136e-01
0.850000 23.500000 7.606267102773e-01 -3.642239693746e-02 7.614982e-01
0.850000 23.525000 7.545242923548e-01 -4.207961958408e-02 7.556968e-01
0.850000 23.550000 7.473837047382e-01 -4.743526121276e-02 7.488875e-01
0.850000 23.575000 7.392113875119e-01 -5.235523070891e-02 7.410631e-01
0.850000 23.600000 7.300335767558e-01 -5.670257920283e-02 7.322323e-01
0.850000 23.625000 7.198972983684e-01 -6.034091853358e-02 7.224217e-01
0.850000 23.650000 7.088707040385e-01 -6.313806488201e-02 7.116770e-01
0.850000 23.675000 6.970427093306e-01 -6.496977542233e-02 7.000640e-01
0.850000 23.700000 6.845219198548e-01 -6.572344027081e-02 6.876699e-01
0.850000 23.725000 6.714348581197e-01 -6.530159110080e-02 6.746029e-01
0.850000 23.750000 6.579235302537e-01 -6.362509169330e-02 6.609928e-01
0.850000 23.775000 6.441423975697e-01 -6.063588451514e-02 6.469901e-01
0.850000 23.800000 6.302548420368e-01 -5.629918117706e-02 6.327644e-01
0.850000 23.825000 6.164292361028e-01 -5.060500316173e-02 6.185029e-01
0.850000 23.850000 6.028347448964e-01 -4.356900208849e-02 6.044071e-01
0.850000 23.875000 5.896370015874e-01 -3.523251526413e-02 5.906887e-01
0.850000 23.900000 5.769938036856e-01 -2.566184128465e-02 5.775642e-01
0.850000 23.925000 5.650509786903e-01 -1.494675064939e-02 5.652486e-01
0.850000 23.950000 5.539385614858e-01 -3.198276168963e-03 5.539478e-01
0.850000 23.975000 5.437674134150e-01 9.454144247757e-03 5.438496e-01
0.850000 24.000000 5.346263946867e-01 2.286607560636e-02 5.351152e-01
0.850000 24.025000 5.265801787771e-01 3.688192849972e-02 5.278702e-01
0.850000 24.050000 5.196677711919e-01 5.133910686411e-02 5.221976e-01
0.850000 24.075000 5.139017670064e-01 6.607232421539e-02 5.181318e-01
0.850000 24.100000 5.092683536805e-01 8.091795116058e-02 5.156568e-01
0.850000 24.125000 5.057280393325e-01 9.571826234549e-02 5.147066e-01
0.850000 24.150000 5.032170632645e-01 1.103254614594e-01 5.151690e-01
0.850000 24.175000 5.016494260054e-01 1.246053773148e-01 5.168933e-01
0.850000 24.200000 5.009194609980e-01 1.384407410556e-01 5.196981e-01
0.850000 24.225000 5.009048593945e-01 1.517339729384e-01 5.233822e-01
0.850000 24.250000 5.014700529736e-01 1.644094257403e-01 5.277335e-01
0.850000 24.275000 5.024698574068e-01 1.764150497916e-01 5.325394e-01
0.850000 24.300000 5.037532783103e-01 1.877234613442e-01 5.375941e-01
0.850000 24.325000 5.051673850177e-01 1.983324111660e-01 5.427060e-01
0.850000 24.350000 5.065611612195e-01 2.082646638912e-01 5.477028e-01
0.850000 24.375000 5.077892470951e-01 2.175673108702e-01 5.524359e-01
0.850000 24.400000 5.087154941048e-01 2.263105502349e-01 5.567835e-01
0.850000 24.425000 5.092162611471e-01 2.345859777757e-01 5.606530e-01
0.850000 24.450000 5.091833893920e-01 2.425044410033e-01 5.639824e-01
0.850000 24.475000 5.085268028420e-01 2.501935163071e-01 5.667418e-01
0.850000 24.500000 5.071766925526e-01 2.577946751138e-01 5.689343e-01
0.850000 24.525000 5.050852542852e-01 2.654602089860e-01 5.705964e-01
0.850000 24.550000 5.022279617910e-01 2.733499852980e-01 5.717982e-01
0.850000 24.575000 4.986043703150e-01 2.816281041887e-01 5.726436e-01
0.850000 24.600000 4.942384565075e-01 2.904595238502e-01 5.732699e-01
0.850000 24.625000 4.891785108852e-01 3.000067151250e-01 5.738464e-01
0.850000 24.650000 4.834966065232e-01 3.104263983953e-01 5.745725e-01
0.850000 24.675000 4.772876722263e-01 3.218664067808e-01 5.756748e-01
0.850000 24.700000 4.706681997915e-01 3.344627107853e-01 5.774027e-01
0.850000 24.725000 4.637746133664e-01 3.483366319823e-01 5.800218e-01
0.850000 24.750000 4.567613249923e-01 3.635922681582e-01 5.838067e-01
0.850000 24.775000 4.497984953205e-01 3.803141503898e-01 5.890310e-01
0.850000 24.800000 4.430695136066e-01 3.985651541602e-01 5.959570e-01
0.850000 24.825000 4.367682079682e-01 4.183846916327e-01 6.048241e-01
0.850000 24.850000 4.310957969758e-01 4.397872197994e-01 6.158380e-01
0.850000 24.875000 4.262575980586e-01 4.627611080393e-01 6.291609e-01
0.850000 24.900000 4.224595175330e-01 4.872679168827e-01 6.449047e-01
0.850000 24.925000 4.199043611885e-01 5.132421454871e-01 6.631268e-01
0.850000 24.950000 4.187880224617e-01 5.405915065374e-01 6.838294e-01
0.850000 24.975000 4.192956257018e-01 5.691977823748e-01 7.069618e-01
0.850000 25.000000 4.215977227516e-01 5.989183040951e-01 7.324260e-01
0.850000 25.025000 4.258466595062e-01 6.295880758886e-01 7.600832e-01
0.850000 25.050000 4.321732427313e-01 6.610225406380e-01 7.897623e-01
0.850000 25.075000 4.406838438727e-01 6.930209512875e-01 8.212675e-01
0.850000 25.100000 4.514580741406e-01 7.253702779814e-01 8.543866e-01
0.850000 25.125000 4.645471528267e-01 7.578495463178e-01 8.888982e-01
0.850000 25.150000 4.799730686269e-01 7.902344702877e-01 9.245781e-01
0.850000 25.175000 4.977286026859e-01 8.223022175697e-01 9.612048e-01
0.850000 25.200000 5.177782440856e-01 8.538361273802e-01 9.985642e-01
0.850000 25.225000 5.400599862081e-01 8.846301938263e-01 1.036453e+00
0.850000 25.250000 5.644879489311e-01 9.144931316215e-01 1.074683e+00
0.850000 25.275000 5.909557301491e-01 9.432518559779e-01 1.113083e+00
0.850000 25.300000 6.193403536806e-01 9.707542334258e-01 1.151497e+00
0.850000 25.325000 6.495066516555e-01 9.968709932749e-01 1.189794e+00
0.850000 25.350000 6.813118996850e-01 1.021496727965e+00 1.227861e+00
0.850000 25.375000 7.146105133218e-01 1.044549951820e+00 1.265604e+00
0.850000 25.400000 7.492586144288e-01 1.065972228951e+00 1.302953e+00
0.850000 25.425000 7.851182851877e-01 1.085726419781e+00 1.339855e+00
0.850000 25.450000 8.220613441463e-01 1.103794129994e+00 1.376280e+00
0.850000 25.475000 8.599725010233e-01 1.120172474353e+00 1.412211e+00
0.850000 25.500000 8.987517731066e-01 1.134870290316e+00 1.447648e+00
0.850000 25.525000 9.383160741913e-01 1.147903952751e+00 1.482606e+00
0.850000 25.550000 9.785999157964e-01 1.159292951893e+00 1.517108e+00
0.850000 25.575000 1.019555188958e+00 1.169055402889e+00 1.551188e+00
0.850000 25.600000 1.061150022856e+00 1.177203657548e+00 1.584881e+00
0.850000 25.625000 1.103366743964e+00 1.183740188048e+00 1.618227e+00
0.850000 25.650000 1.146198986572e+00 1.188653908574e+00 1.651263e+00
0.850000 25.675000 1.189648032820e+00 1.191917094026e+00 1.684022e+00
0.850000 25.700000 1.233718488018e+00 1.193483044572e+00 1.716526e+00
0.850000 25.725000 1.278413424744e+00 1.193284630075e+00 1.748791e+00
0.850000 25.750000 1.323729156524e+00 1.191233828358e+00 1.780814e+00
0.850000 25.775000 1.369649827438e+00 1.187222345116e+00 1.812578e+00
0.850000 25.800000 1.416142026291e+00 1.181123370556e+00 1.844047e+00
0.850000 25.825000 1.463149650840e+00 1.172794488715e+00 1.875168e+00
0.850000 25.850000 1.510589257073e+00 1.162081710676e+00 1.905863e+00
0.850000 25.875000 1.558346128552e+00 1.148824554094e+00 1.936037e+00
0.850000 25.900000 1.606271289955e+00 1.132862040979e+00 1.965575e+00
0.850000 25.925000 1.654179666285e+00 1.114039436157e+00 1.994341e+00
0.850000 25.950000 1.701849554699e+00 1.092215503560e+00 2.022184e+00
0.850000 25.975000 1.749023530513e+00 1.067270019465e+00 2.048938e+00
0.850000 26.000000 1.795410854485e+00 1.039111253920e+00 2.074428e+00
0.850000 26.025000 1.840691387515e+00 1.007683116110e+00 2.098469e+00
0.850000 26.050000 1.884520954683e+00 9.729716578148e-01 2.120871e+00
0.850000 26.075000 1.926538036525e+00 9.350106419716e-01 2.141447e+00
0.850000 26.100000 1.966371605105e+00 8.938859101906e-01 2.160011e+00
0.850000 26.125000 2.003649869062e+00 8.497383227004e-01 2.176389e+00
0.850000 26.150000 2.038009648010e+00 8.027650944161e-01 2.190414e+00
0.850000 26.175000 2.069106064533e+00 7.532194090981e-01 2.201940e+00
0.850000 26.200000 2.096622222764e+00 7.014082569478e-01 2.210837e+00
0.850000 26.225000 2.120278536558e+00 6.476885064881e-01 2.216998e+00
0.850000 26.250000 2.139841377441e+00 5.924612863639e-01 2.220345e+00
0.850000 26.275000 2.155130731891e+00 5.361648142573e-01 2.220824e+00
0.850000 26.300000 2.166026587895e+00 4.792658663081e-01 2.218415e+00
0.850000 26.325000 2.172473810636e+00 4.222501295919e-01 2.213128e+00
0.850000 26.350000 2.174485314962e+00 3.656117210419e-01 2.205008e+00
0.850000 26.375000 2.172143396314e+00 3.098421877655e-01 2.194131e+00
0.850000 26.400000 2.165599140476e+00 2.554193253260e-01 2.180610e+00
0.850000 26.425000 2.155069894221e+00 2.027961616913e-01 2.164591e+00
0.850000 26.450000 2.140834842104e+00 1.523904548557e-01 2.146252e+00
0.850000 26.475000 2.123228797610e+00 1.045750413035e-01 2.125803e+00
0.850000 26.500000 2.102634377801e+00 5.966935044109e-02 2.103481e+00
0.850000 26.525000 2.079472787636e+00 1.793236696027e-02 2.079550e+00
0.850000 26.550000 2.054193491120e+00 -2.044272071625e-02 2.054295e+00
0.850000 26.575000 2.027263089271e+00 -5.533200138236e-02 2.028018e+00
0.850000 26.600000 1.999153757462e+00 -8.668232886892e-02 2.001032e+00
0.850000 26.625000 1.970331615008e+00 -1.145107627185e-01 1.973656e+00
0.850000 26.650000 1.941245406456e+00 -1.389019801759e-01 1.946208e+00
0.850000 26.675000 1.912315865822e+00 -1.600037515116e-01 1.918998e+00
0.850000 26.700000 1.883926111703e+00 -1.780206420360e-01 1.892318e+00
0.850000 26.725000 1.856413383256e+00 -1.932061699609e-01 1.866440e+00
0.850000 26.750000 1.830062375841e+00 -2.058537061978e-01 1.841604e+00
0.850000 26.775000 1.805100372775e+00 -2.162864473828e-01 1.818012e+00
0.850000 26.800000 1.781694299048e+00 -2.248468245208e-01 1.795826e+00
0.850000 26.825000 1.759949747286e+00 -2.318857250343e-01 1.775160e+00
0.850000 26.850000 1.739911949571e+00 -2.377519050192e-01 1.756081e+00
0.850000 26.875000 1.721568594464e+00 -2.427819513279e-01 1.738603e+00
0.850000 26.900000 1.704854320488e+00 -2.472911208322e-01 1.722696e+00
0.850000 26.925000 1.689656658403e+00 -2.515653388134e-01 1.708281e+00
0.850000 26.950000 1.675823147460e+00 -2.558545824085e-01 1.695242e+00
0.850000 26.975000 1.663169317270e+00 -2.603678114815e-01 1.683426e+00
0.850000 27.000000 1.651487207948e+00 -2.652695414564e-01 1.672656e+00
0.850000 27.025000 1.640554097137e+00 -2.706780838840e-01 1.662734e+00
0.850000 27.050000 1.630141112717e+00 -2.766654140371e-01 1.653452e+00
0.850000 27.075000 1.620021433504e+00 -2.832585635747e-01 1.644599e+00
0.850000 27.100000 1.609977815078e+00 -2.904423827726e-01 1.635966e+00
0.850000 27.125000 1.599809222102e+00 -2.981634730729e-01 1.627357e+00
0.850000 27.150000 1.589336399483e+00 -3.063350581816e-01 1.618589e+00
0.850000 27.175000 1.578406269883e+00 -3.148425416396e-01 1.609501e+00
0.850000 27.200000 1.566895101635e+00 -3.235494909808e-01 1.599951e+00
0.850000 27.225000 1.554710446293e+00 -3.323037930392e-01 1.589827e+00
0.850000 27.250000 1.541791896354e+00 -3.409437409061e-01 1.579039e+00
0.850000 27.275000 1.528110758579e+00 -3.493038390247e-01 1.567525e+00
0.850000 27.300000 1.513668775091e+00 -3.572201471829e-01 1.555249e+00
0.850000 27.325000 1.498496051196e+00 -3.645350243792e-01 1.542198e+00
0.850000 27.350000 1.482648365020e+00 -3.711011771647e-01 1.528386e+00
0.850000 27.375000 1.466204039020e+00 -3.767849613006e-01 1.513843e+00
0.850000 27.400000 1.449260547846e+00 -3.814689276904e-01 1.498624e+00
0.850000 27.425000 1.431931021866e+00 -3.850536409474e-01 1.482799e+00
0.850000 27.450000 1.414340782875e+00 -3.874588294728e-01 1.466453e+00
0.850000 27.475000 1.396624020245e+00 -3.886239479539e-01 1.449685e+00
0.850000 27.500000 1.378920684916e+00 -3.885082458430e-01 1.432606e+00
0.850000 27.525000 1.361373647876e+00 -3.870904386358e-01 1.415336e+00
0.850000 27.550000 1.344126141864e+00 -3.843680734110e-01 1.398004e+00
0.850000 27.575000 1.327319482308e+00 -3.803566677092e-01 1.380742e+00
0.850000 27.600000 1.311091047597e+00 -3.750886836249e-01 1.363690e+00
0.850000 27.625000 1.295572490639e+00 -3.686123795798e-01 1.346990e+00
0.850000 27.650000 1.280888153156e+00 -3.609905633623e-01 1.330785e+00
0.850000 27.675000 1.267153660518e+00 -3.522992542086e-01 1.315216e+00
0.850000 27.700000 1.254474686318e+00 -3.426262510481e-01 1.300423e+00
0.850000 27.725000 1.242945890041e+00 -3.320695998941e-01 1.286540e+00
0.850000 27.750000 1.232650045509e+00 -3.207359562013e-01 1.273695e+00
0.850000 27.775000 1.223657389623e+00 -3.087388473974e-01 1.262005e+00
0.850000 27.800000 1.216025227945e+00 -2.961968553305e-01 1.251579e+00
0.850000 27.825000 1.209797834243e+00 -2.832317560273e-01 1.242510e+00
0.850000 27.850000 1.205006674289e+00 -2.699666723150e-01 1.234878e+00
0.850000 27.875000 1.201670970112e+00 -2.565243108223e-01 1.228746e+00
0.850000 27.900000 1.199798600505e+00 -2.430253660596e-01 1.224164e+00
0.850000 27.925000 1.199387308764e+00 -2.295871785888e-01 1.221163e+00
0.850000 27.950000 1.200426161808e+00 -2.163227303625e-01 1.219762e+00
0.850000 27.975000 1.202897178862e+00 -2.033400476622e-01 1.219963e+00
0.850000 28.000000 1.206777025562e+00 -1.907420611748e-01 1.221758e+00
0.850000 28.025000 1.212038653157e+00 -1.786269449650e-01 1.225131e+00
0.850000 28.050000 1.218652754496e+00 -1.670889235337e-01 1.230054e+00
0.850000 28.075000 1.226588909800e+00 -1.562195013823e-01 1.236497e+00
0.850000 28.100000 1.235816306196e+00 -1.461090353291e-01 1.244423e+00
0.850000 28.125000 1.246303935179e+00 -1.368485389799e-01 1.253795e+00
0.850000 28.150000 1.258020200175e+00 -1.285315836281e-01 1.264569e+00
0.850000 28.175000 1.270931900449e+00 -1.212561423104e-01 1.276703e+00
0.850000 28.200000 1.285002595522e+00 -1.151262149954e-01 1.290149e+00
0.850000 28.225000 1.300190393532e+00 -1.102530734460e-01 1.304857e+00
0.850000 28.250000 1.316445245577e+00 -1.067559740902e-01 1.320767e+00
0.850000 28.275000 1.333705863704e+00 -1.047622056257e-01 1.337814e+00
0.850000 28.300000 1.351896411393e+00 -1.044063640618e-01 1.355922e+00
0.850000 28.325000 1.370923140634e+00 -1.058287802691e-01 1.375002e+00
0.850000 28.350000 1.390671168111e+00 -1.091730625026e-01 1.394950e+00
0.850000 28.375000 1.411001593882e+00 -1.145827574852e-01 1.415646e+00
0.850000 28.400000 1.431749168581e+00 -1.221971771474e-01 1.436954e+00
0.850000 28.425000 1.452720709441e+00 -1.321464827198e-01 1.458719e+00
0.850000 28.450000 1.473694450608e+00 -1.445461621441e-01 1.480766e+00
0.850000 28.475000 1.494420489384e+00 -1.594910792529e-01 1.502907e+00
0.850000 28.500000 1.514622456839e+00 -1.770493120469e-01 1.524935e+00
0.850000 28.525000 1.534000498931e+00 -1.972560307730e-01 1.546631e+00
0.850000 28.550000 1.552235603528e+00 -2.201076921436e-01 1.567764e+00
0.850000 28.575000 1.568995250536e+00 -2.455568416681e-01 1.588095e+00
0.850000 28.600000 1.583940298806e+00 -2.735078194665e-01 1.607381e+00
0.850000 28.625000 1.596732956919e+00 -3.038136541871e-01 1.625380e+00
0.850000 28.650000 1.607045618960e+00 -3.362744034297e-01 1.641851e+00
0.850000 28.675000 1.614570284507e+00 -3.706371568563e-01 1.656565e+00
0.850000 28.700000 1.619028228711e+00 -4.065978605551e-01 1.669304e+00
0.850000 28.725000 1.620179547474e+00 -4.438050498994e-01 1.679864e+00
0.850000 28.750000 1.617832178196e+00 -4.818654961332e-01 1.688069e+00
0.850000 28.775000 1.611849991252e+00 -5.203516832362e-01 1.693761e+00
0.850000 28.800000 1.602159563143e+00 -5.588109412263e-01 1.696816e+00
0.850000 28.825000 1.588755279543e+00 -5.967759753730e-01 1.697140e+00
0.850000 28.850000 1.571702474137e+00 -6.337764533282e-01 1.694674e+00
0.850000 28.875000 1.551138384647e+00 -6.693512490454e-01 1.689397e+00
0.850000 28.900000 1.527270796647e+00 -7.030608978186e-01 1.681324e+00
0.850000 28.925000 1.500374343848e+00 -7.344997938675e-01 1.670513e+00
0.850000 28.950000 1.470784534541e+00 -7.633076621633e-01 1.657059e+00
0.850000 28.975000 1.438889672153e+00 -7.891798595661e-01 1.641100e+00
0.850000 29.000000 1.405120927720e+00 -8.118761051610e-01 1.622809e+00
0.850000 29.025000 1.369940898741e+00 -8.312273029069e-01 1.602397e+00
0.850000 29.050000 1.333831048630e+00 -8.471401972062e-01 1.580111e+00
0.850000 29.075000 1.297278461497e+00 -8.595996889756e-01 1.556227e+00
0.850000 29.100000 1.260762367256e+00 -8.686687312088e-01 1.531048e+00
0.850000 29.125000 1.224740892541e+00 -8.744858140060e-01 1.504897e+00
0.850000 29.150000 1.189638475171e+00 -8.772601353285e-01 1.478115e+00
0.850000 29.175000 1.155834346317e+00 -8.772646318181e-01 1.451050e+00
0.850000 29.200000 1.123652438276e+00 -8.748271114020e-01 1.424050e+00
0.850000 29.225000 1.093353019821e+00 -8.703197845602e-01 1.397454e+00
0.850000 29.250000 1.065126298786e+00 -8.641475334430e-01 1.371585e+00
0.850000 29.275000 1.039088165569e+00 -8.567352876102e-01 1.346737e+00
0.850000 29.300000 1.015278183913e+00 -8.485148926382e-01 1.323166e+00
0.850000 29.325000 9.936598684953e-01 -8.399118641216e-01 1.301081e+00
0.850000 29.350000 9.741232238905e-01 -8.313324156564e-01 1.280636e+00
0.850000 29.375000 9.564894573496e-01 -8.231511361513e-01 1.261923e+00
0.850000 29.400000 9.405177193236e-01 -8.156996700307e-01 1.244966e+00
0.850000 29.425000 9.259136715222e-01 -8.092567241798e-01 1.229721e+00
0.850000 29.450000 9.123396332398e-01 -8.040396883414e-01 1.216077e+00
0.850000 29.475000 8.994260135850e-01 -8.001981116289e-01 1.203862e+00
0.850000 29.500000 8.867837011001e-01 -7.978092274832e-01 1.192847e+00
0.850000 29.525000 8.740170540631e-01 -7.968756636205e-01 1.182758e+00
0.850000 29.550000 8.607371155688e-01 -7.973254134119e-01 1.173284e+00
0.850000 29.575000 8.465746680976e-01 -7.990140821004e-01 1.164093e+00
0.850000 29.600000 8.311927433226e-01 -8.017293569747e-01 1.154838e+00
0.850000 29.625000 8.142982145560e-01 -8.051975868699e-01 1.145175e+00
0.850000 29.650000 7.956521213899e-01 -8.090922950207e-01 1.134765e+00
0.850000 29.675000 7.750784080913e-01 -8.130443921107e-01 1.123293e+00
0.850000 29.700000 7.524707983730e-01 -8.166538048827e-01 1.110466e+00
0.850000 29.725000 7.277975780835e-01 -8.195021911961e-01 1.096026e+00
0.850000 29.750000 7.011041129703e-01 -8.211663759249e-01 1.079751e+00
0.850000 29.775000 6.725129897297e-01 -8.212321143005e-01 1.061459e+00
0.850000 29.800000 6.422217339092e-01 -8.193077708026e-01 1.041016e+00
0.850000 29.825000 6.104981268427e-01 -8.150374929574e-01 1.018329e+00
0.850000 29.850000 5.776732146428e-01 -8.081134609811e-01 9.933548e-01
0.850000 29.875000 5.441321743218e-01 -7.982868067513e-01 9.660961e-01
0.850000 29.900000 5.103032740784e-01 -7.853768199023e-01 9.366035e-01
0.850000 29.925000 4.766452350768e-01 -7.692780958070e-01 9.049748e-01
0.850000 29.950000 4.436333685197e-01 -7.499653305804e-01 8.713544e-01
0.850000 29.975000 4.117449218237e-01 -7.274955325766e-01 8.359328e-01
0.850000 30.000000 3.814441179651e-01 -7.020074980143e-01 7.989456e-01
0.850000 30.025000 3.531674089447e-01 -6.737184894663e-01 7.606733e-01
0.850000 30.050000 3.273094839847e-01 -6.429181579599e-01 7.214397e-01
0.850000 30.075000 3.042105718842e-01 -6.099598590747e-01 6.816121e-01
0.850000 30.100000 2.841455519456e-01 -5.752496261391e-01 6.416002e-01
0.850000 30.125000 2.673153371322e-01 -5.392331737552e-01 6.018554e-01
0.850000 30.150000 2.538409162653e-01 -5.023814058379e-01 5.628697e-01
0.850000 30.175000 2.437603405993e-01 -4.651749872796e-01 5.251732e-01
0.850000 30.200000 2.370288175286e-01 -4.280886005031e-01 4.893286e-01
0.850000 30.225000 2.335219360078e-01 -3.915755416813e-01 4.559209e-01
0.850000 30.250000 2.330419017784e-01 -3.560533119291e-01 4.255379e-01
0.850000 30.275000 2.353265142882e-01 -3.218908239426e-01 3.987383e-01
0.850000 30.300000 2.400604805399e-01 -2.893977745232e-01 3.760055e-01
0.850000 30.325000 2.468885432108e-01 -2.588166309133e-01 3.576870e-01
0.850000 30.350000 2.554298095600e-01 -2.303175492392e-01 3.439339e-01
0.850000 30.375000 2.652926105625e-01 -2.039963942106e-01 3.346561e-01
0.850000 30.400000 2.760892007441e-01 -1.798758699056e-01 3.295157e-01
0.850000 30.425000 2.874496299735e-01 -1.579096122770e-01 3.279676e-01
0.850000 30.450000 2.990341776767e-01 -1.379889454110e-01 3.293363e-01
0.850000 30.475000 3.105438333657e-01 -1.199518752321e-01 3.329053e-01
0.850000 30.500000 3.217284283083e-01 -1.035937944091e-01 3.379953e-01
0.850000 30.525000 3.323921629058e-01 -8.867930654818e-02 3.440183e-01
0.850000 30.550000 3.423964230379e-01 -7.495454953760e-02 3.505046e-01
0.850000 30.575000 3.516599260616e-01 -6.215940741643e-02 3.571113e-01
0.850000 30.600000 3.601563736332e-01 -5.003904481767e-02 3.636159e-01
0.850000 30.625000 3.679099056938e-01 -3.835427286057e-02 3.699037e-01
0.850000 30.650000 3.749887413942e-01 -2.689035334894e-02 3.759517e-01
0.850000 30.675000 3.814974543578e-01 -1.546396105459e-02 3.818107e-01
0.850000 30.700000 3.875683599574e-01 -3.928143033026e-03 3.875883e-01
0.850000 30.725000 3.933524921509e-01 7.824769077667e-03 3.934303e-01
0.850000 30.750000 3.990106199527e-01 1.986223042934e-02 3.995047e-01
0.850000 30.775000 4.047047036540e-01 3.221238283733e-02 4.059846e-01
0.850000 30.800000 4.105901243432e-01 4.486655586148e-02 4.130342e-01
0.850000 30.825000 4.168089435934e-01 5.778309154629e-02 4.207952e-01
0.850000 30.850000 4.234843697042e-01 7.089218714835e-02 4.293771e-01
0.850000 30.875000 4.307165283833e-01 8.410144277180e-02 4.388505e-01
0.850000 30.900000 4.385795639650e-01 9.730181139675e-02 4.492434e-01
0.850000 30.925000 4.471200357131e-01 1.103736736761e-01 4.605417e-01
0.850000 30.950000 4.563565245971e-01 1.231927949801e-01 4.726920e-01
0.850000 30.975000 4.662803300620e-01 1.356359633289e-01 4.856073e-01
0.850000 31.000000 4.768571134309e-01 1.475861502027e-01 4.991737e-01
0.850000 31.025000 4.880293335064e-01 1.589370784632e-01 5.132579e-01
0.850000 31.050000 4.997193188106e-01 1.695971201519e-01 5.277145e-01
0.850000 31.075000 5.118328274610e-01 1.794924799746e-01 5.423932e-01
0.850000 31.100000 5.242629575411e-01 1.885696467961e-01 5.571446e-01
0.850000 31.125000 5.368942856175e-01 1.967971151504e-01 5.718257e-01
0.850000 31.150000 5.496071266621e-01 2.041663919327e-01 5.863036e-01
0.850000 31.175000 5.622818232202e-01 2.106923108505e-01 6.004599e-01
0.850000 31.200000 5.748029838135e-01 2.164126800577e-01 6.141929e-01
0.850000 31.225000 5.870635992558e-01 2.213872880849e-01 6.274201e-01
0.850000 31.250000 5.989689702816e-01 2.256962912880e-01 6.400802e-01
0.850000 31.275000 6.104403805225e-01 2.294380041801e-01 6.521344e-01
0.850000 31.300000 6.214184458412e-01 2.327261137522e-01 6.635679e-01
0.850000 31.325000 6.318660651402e-01 2.356863416225e-01 6.743907e-01
0.850000 31.350000 6.417708902755e-01 2.384525847014e-01 6.846382e-01
0.850000 31.375000 6.511472251800e-01 2.411625767527e-01 6.943717e-01
0.850000 31.400000 6.600372585870e-01 2.439531300034e-01 7.036777e-01
0.850000 31.425000 6.685115327490e-01 2.469550374587e-01 7.126671e-01
0.850000 31.450000 6.766685541409e-01 2.502877418452e-01 7.214737e-01
0.850000 31.475000 6.846334628971e-01 2.540539045454e-01 7.302509e-01
0.850000 31.500000 6.925556967912e-01 2.583340353659e-01 7.391684e-01
0.850000 31.525000 7.006056133909e-01 2.631813689579e-01 7.484067e-01
0.850000 31.550000 7.089700702944e-01 2.686171934415e-01 7.581515e-01
0.850000 31.575000 7.178470069128e-01 2.746268485634e-01 7.685859e-01
0.850000 31.600000 7.274391200756e-01 2.811566121798e-01 7.798825e-01
0.850000 31.625000 7.379467770466e-01 2.881116831947e-01 7.921955e-01
0.850000 31.650000 7.495603600205e-01 2.953554453423e-01 8.056523e-01
0.850000 31.675000 7.624522822243e-01 3.027101593961e-01 8.203456e-01
0.850000 31.700000 7.767689537873e-01 3.099591825885e-01 8.363281e-01
0.850000 31.725000 7.926230023489e-01 3.168507553561e-01 8.536074e-01
0.850000 31.750000 8.100860663553e-01 3.231033299551e-01 8.721440e-01
0.850000 31.775000 8.291824765127e-01 3.284123467131e-01 8.918510e-01
0.850000 31.800000 8.498841223132e-01 3.324582956718e-01 9.125960e-01
0.850000 31.825000 8.721067664626e-01 3.349158382106e-01 9.342049e-01
0.850000 31.850000 8.957080220421e-01 3.354637086086e-01 9.564668e-01
0.850000 31.875000 9.204871478343e-01 3.337950725514e-01 9.791403e-01
0.850000 31.900000 9.461867496805e-01 3.296279905742e-01 1.001960e+00
0.850000 31.925000 9.724964035735e-01 3.227156206911e-01 1.024644e+00
0.850000 31.950000 9.990581431389e-01 3.128557962898e-01 1.046898e+00
0.850000 31.975000 1.025473683679e+00 2.998996321845e-01 1.068427e+00
0.850000 32.000000 1.051313190107e+00 2.837588421273e-01 1.088935e+00
0.850000 32.025000 1.076125339303e+00 2.644114931384e-01 1.108133e+00
0.850000 32.050000 1.099448380525e+00 2.419059734585e-01 1.125747e+00
0.850000 32.075000 1.120821861559e+00 2.163630093443e-01 1.141514e+00
0.850000 32.100000 1.139798663922e+00 1.879756290155e-01 1.155195e+00
0.850000 32.125000 1.155956977752e+00 1.570070376657e-01 1.166571e+00
0.850000 32.150000 1.168911845809e+00 1.237864336867e-01 1.175448e+00
0.850000 32.175000 1.178325915991e+00 8.870286145641e-02 1.181660e+00
0.850000 32.200000 1.183919062524e+00 5.219725868978e-02 1.185069e+00
0.850000 32.225000 1.185476567005e+00 1.475291503019e-02 1.185568e+00
0.850000 32.250000 1.182855591431e+00 -2.311538820809e-02 1.183081e+00
0.850000 32.275000 1.175989725439e+00 -6.087324100776e-02 1.177564e+00
0.850000 32.300000 1.164891448556e+00 -9.797911662346e-02 1.169005e+00
0.850000 32.325000 1.149652413986e+00 -1.338971517167e-01 1.157423e+00
0.850000 32.350000 1.130441531735e+00 -1.681097987780e-01 1.142873e+00
0.850000 32.375000 1.107500903541e+00 -2.001299535733e-01 1.125438e+00
0.850000 32.400000 1.081139737319e+00 -2.295121737021e-01 1.105233e+00
0.850000 32.425000 1.051726441597e+00 -2.558626329725e-01 1.082402e+00
0.850000 32.450000 1.019679167217e+00 -2.788474999061e-01 1.057119e+00
0.850000 32.475000 9.854551208861e-01 -2.981994861349e-01 1.029585e+00
0.850000 32.500000 9.495390197816e-01 -3.137223796203e-01 1.000023e+00
0.850000 32.525000 9.124310855324e-01 -3.252934555195e-01 9.686828e-01
0.850000 32.550000 8.746349875622e-01 -3.328637404084e-01 9.358337e-01
0.850000 32.575000 8.366461390604e-01 -3.364561891916e-01 9.017647e-01
0.850000 32.600000 7.989407238466e-01 -3.361619139493e-01 8.667820e-01
0.850000 32.625000 7.619657905662e-01 -3.321346758881e-01 8.312071e-01
0.850000 32.650000 7.261306943623e-01 -3.245839116435e-01 7.953744e-01
0.850000 32.675000 6.918000988482e-01 -3.137666103813e-01 7.596294e-01
0.850000 32.700000 6.592886768872e-01 -2.999783864152e-01 7.243263e-01
0.850000 32.725000 6.288575717567e-01 -2.835441025084e-01 6.898254e-01
0.850000 32.750000 6.007126051468e-01 -2.648083919594e-01 6.564900e-01
0.850000 32.775000 5.750041491938e-01 -2.441264043622e-01 6.246819e-01
0.850000 32.800000 5.518285198536e-01 -2.218550629992e-01 5.947557e-01
0.850000 32.825000 5.312307010216e-01 -1.983450742074e-01 5.670510e-01
0.850000 32.850000 5.132081745977e-01 -1.739338743454e-01 5.418816e-01
0.850000 32.875000 4.977156118523e-01 -1.489396418680e-01 5.195227e-01
0.850000 32.900000 4.846701756942e-01 -1.236564440772e-01 5.001961e-01
0.850000 32.925000 4.739571906220e-01 -9.835053362778e-02 4.840540e-01
0.850000 32.950000 4.654359554441e-01 -7.325776149991e-02 4.711659e-01
0.850000 32.975000 4.589455009342e-01 -4.858203297867e-02 4.615097e-01
0.850000 33.000000 4.543101278428e-01 -2.449470251384e-02 4.549700e-01
0.850000 33.025000 4.513445973993e-01 -1.134782774314e-03 4.513460e-01
0.850000 33.050000 4.498588839770e-01 2.139016731174e-02 4.503671e-01
0.850000 33.075000 4.496624355741e-01 4.300261191219e-02 4.517140e-01
0.850000 33.100000 4.505679201037e-01 6.365319443382e-02 4.550420e-01
0.850000 33.125000 4.523944625786e-01 8.331859625161e-02 4.600030e-01
0.850000 33.150000 4.549703989688e-01 1.019991954950e-01 4.662638e-01
0.850000 33.175000 4.581355861338e-01 1.197166022812e-01 4.735190e-01
0.850000 33.200000 4.617433137332e-01 1.365111250063e-01 4.814999e-01
0.850000 33.225000 4.656618637344e-01 1.524392017811e-01 4.899782e-01
0.850000 33.250000 4.697757569976e-01 1.675708135879e-01 4.987677e-01
0.850000 33.275000 4.739867157069e-01 1.819868826961e-01 5.077230e-01
0.850000 33.300000 4.782143568048e-01 1.957766523356e-01 5.167373e-01
0.850000 33.325000 4.823966169569e-01 2.090350421211e-01 5.257396e-01
0.850000 33.350000 4.864898958927e-01 2.218599782169e-01 5.346908e-01
0.850000 33.375000 4.904688941779e-01 2.343497071024e-01 5.435803e-01
0.850000 33.400000 4.943261152026e-01 2.466001158570e-01 5.524219e-01
0.850000 33.425000 4.980710007053e-01 2.587020984588e-01 5.612499e-01
0.850000 33.450000 5.017286751887e-01 2.707390246402e-01 5.701151e-01
0.850000 33.475000 5.053382871342e-01 2.827843831644e-01 5.790801e-01
0.850000 33.500000 5.089509533526e-01 2.948996827920e-01 5.882150e-01
0.850000 33.525000 5.126273357106e-01 3.071326997851e-01 5.975929e-01
0.850000 33.550000 5.164349049180e-01 3.195161591063e-01 6.072854e-01
0.850000 33.575000 5.204449716463e-01 3.320669267375e-01 6.173584e-01
0.850000 33.600000 5.247295883981e-01 3.447857727759e-01 6.278681e-01
0.850000 33.625000 5.293584437199e-01 3.576577400042e-01 6.388579e-01
0.850000 33.650000 5.343958813510e-01 3.706531221137e-01 6.503558e-01
0.850000 33.675000 5.398981791066e-01 3.837290219700e-01 6.623730e-01
0.850000 33.700000 5.459112148255e-01 3.968314259997e-01 6.749031e-01
0.850000 33.725000 5.524686296274e-01 4.098976988803e-01 6.879228e-01
0.850000 33.750000 5.595905729410e-01 4.228593760615e-01 7.013927e-01
0.850000 33.775000 5.672830810873e-01 4.356451126783e-01 7.152599e-01
0.850000 33.800000 5.755381041017e-01 4.481836379287e-01 7.294605e-01
0.850000 33.825000 5.843341568597e-01 4.604065649500e-01 7.439225e-01
0.850000 33.850000 5.936375335381e-01 4.722509176820e-01 7.585687e-01
0.850000 33.875000 6.034039919203e-01 4.836612572544e-01 7.733205e-01
0.850000 33.900000 6.135807885876e-01 4.945913193742e-01 7.881002e-01
0.850000 33.925000 6.241089295054e-01 5.050051086214e-01 8.028338e-01
0.850000 33.950000 6.349254939944e-01 5.148774327181e-01 8.174528e-01
0.850000 33.975000 6.459658937700e-01 5.241938967671e-01 8.318961e-01
0.850000 34.000000 6.571659419977e-01 5.329504113746e-01 8.461106e-01
0.850000 34.025000 6.684636287237e-01 5.411522970425e-01 8.600520e-01
0.850000 34.050000 6.798005266415e-01 5.488130883880e-01 8.736845e-01
0.850000 34.075000 6.911227825637e-01 5.559531544462e-01 8.869806e-01
0.850000 34.100000 7.023816827241e-01 5.625982550941e-01 8.999205e-01
0.850000 34.125000 7.135338117079e-01 5.687781487648e-01 9.124906e-01
0.850000 34.150000 7.245408532641e-01 5.745253539662e-01 9.246831e-01
0.850000 34.175000 7.353691047486e-01 5.798741480321e-01 9.364944e-01
0.850000 34.200000 7.459887942200e-01 5.848598626792e-01 9.479242e-01
0.850000 34.225000 7.563732995245e-01 5.895185091572e-01 9.589748e-01
0.850000 34.250000 7.664983717934e-01 5.938867379142e-01 9.696500e-01
0.850000 34.275000 7.763414618303e-01 5.980021105165e-01 9.799554e-01
0.850000 34.300000 7.858812374399e-01 6.019036366555e-01 9.898976e-01
0.850000 34.325000 7.950973636784e-01 6.056325077953e-01 9.994851e-01
0.850000 34.350000 8.039705973773e-01 6.092329424936e-01 1.008729e+00
0.850000 34.375000 8.124832233255e-01 6.127530474970e-01 1.017642e+00
0.850000 34.400000 8.206198335708e-01 6.162455939683e-01 1.026243e+00
0.850000 34.425000 8.283684248546e-01 6.197686099365e-01 1.034557e+00
0.850000 34.450000 8.357217637429e-01 6.233856982859e-01 1.042612e+00
0.850000 34.475000 8.426789460621e-01 6.271660040065e-01 1.050450e+00
0.850000 34.500000 8.492470582568e-01 6.311837743530e-01 1.058118e+00
0.850000 34.525000 8.554428345960e-01 6.355174800113e-01 1.065676e+00
0.850000 34.550000 8.612941968555e-01 6.402484929829e-01 1.073194e+00
0.850000 34.575000 8.668415629915e-01 6.454593460242e-01 1.080755e+00
0.850000 34.600000 8.721388187250e-01 6.512316272247e-01 1.088452e+00
0.850000 34.625000 8.772538607166e-01 6.576435896875e-01 1.096389e+00
0.850000 34.650000 8.822686413891e-01 6.647675783372e-01 1.104678e+00
0.850000 34.675000 8.872786721784e-01 6.726673918814e-01 1.113438e+00
0.850000 34.700000 8.923919722714e-01 6.813957065573e-01 1.122793e+00
0.850000 34.725000 8.977274815817e-01 6.909916886899e-01 1.132865e+00
0.850000 34.750000 9.034129874895e-01 7.014789151340e-01 1.143778e+00
0.850000 34.775000 9.095826423948e-01 7.128637049239e-01 1.155645e+00
0.850000 34.800000 9.163741713553e-01 7.251339431488e-01 1.168572e+00
0.850000 34.825000 9.239258843696e-01 7.382584510322e-01 1.182652e+00
0.850000 34.850000 9.323736152604e-01 7.521869266529e-01 1.197959e+00
0.850000 34.875000 9.418477083591e-01 7.668504511065e-01 1.214552e+00
0.850000 34.900000 9.524701658287e-01 7.821625275423e-01 1.232468e+00
0.850000 34.925000 9.643520536996e-01 7.980205974307e-01 1.251724e+00
0.850000 34.950000 9.775912453306e-01 8.143079611457e-01 1.272314e+00
0.850000 34.975000 9.922705591621e-01 8.308960193032e-01 1.294214e+00
0.850000 35.000000 1.008456325532e+00 8.476467473408e-01 1.317380e+00
0.850000 35.025000 1.026197397016e+00 8.644153179038e-01 1.341751e+00
0.850000 35.050000 1.045524599898e+00 8.810527924326e-01 1.367251e+00
0.850000 35.075000 1.066450611999e+00 8.974088132008e-01 1.393793e+00
0.850000 35.100000 1.088970244586e+00 9.133342380343e-01 1.421280e+00
0.850000 35.125000 1.113061103077e+00 9.286836701934e-01 1.449606e+00
0.850000 35.150000 1.138684601777e+00 9.433178438845e-01 1.478665e+00
0.850000 35.175000 1.165787310531e+00 9.571058305666e-01 1.508347e+00
0.850000 35.200000 1.194302614171e+00 9.699270321952e-01 1.538544e+00
0.850000 35.225000 1.224152667397e+00 9.816729251339e-01 1.569150e+00
0.850000 35.250000 1.255250626695e+00 9.922485134884e-01 1.600066e+00
0.850000 35.275000 1.287503136135e+00 1.001573444511e+00 1.631200e+00
0.850000 35.300000 1.320813034882e+00 1.009582733147e+00 1.662469e+00
0.850000 35.325000 1.355082241328e+00 1.016227039481e+00 1.693802e+00
0.850000 35.350000 1.390214752602e+00 1.021472443416e+00 1.725139e+00
0.850000 35.375000 1.426119680319e+00 1.025299666536e+00 1.756433e+00
0.850000 35.400000 1.462714225428e+00 1.027702702553e+00 1.787654e+00
0.850000 35.425000 1.499926478834e+00 1.028686835021e+00 1.818784e+00
0.850000 35.450000 1.537697921877e+00 1.028266043764e+00 1.849823e+00
0.850000 35.475000 1.575985493414e+00 1.026459828486e+00 1.880784e+00
0.850000 35.500000 1.614763089324e+00 1.023289508041e+00 1.911696e+00
0.850000 35.525000 1.654022366510e+00 1.018774084970e+00 1.942599e+00
0.850000 35.550000 1.693772737105e+00 1.012925795418e+00 1.973546e+00
0.850000 35.575000 1.734040459406e+00 1.005745492598e+00 2.004600e+00
0.850000 35.600000 1.774866759293e+00 9.972180360386e-01 2.035828e+00
0.850000 35.625000 1.816304948745e+00 9.873078774681e-01 2.067303e+00
0.850000 35.650000 1.858416545124e+00 9.759550464417e-01 2.099095e+00
0.850000 35.675000 1.901266435090e+00 9.630717438063e-01 2.131272e+00
0.850000 35.700000 1.944917168818e+00 9.485397483301e-01 2.163892e+00
0.850000 35.725000 1.989422512335e+00 9.322088310070e-01 2.197001e+00
0.850000 35.750000 2.034820426779e+00 9.138963524780e-01 2.230628e+00
0.850000 35.775000 2.081125681925e+00 8.933881917336e-01 2.264780e+00
0.850000 35.800000 2.128322345744e+00 8.704411189316e-01 2.299440e+00
0.850000 35.825000 2.176356420548e+00 8.447866821796e-01 2.334565e+00
0.850000 35.850000 2.225128917839e+00 8.161366282048e-01 2.370080e+00
0.850000 35.875000 2.274489676399e+00 7.841898210228e-01 2.405880e+00
0.850000 35.900000 2.324232230098e+00 7.486405624982e-01 2.441827e+00
0.850000 35.925000 2.374090021653e+00 7.091881561398e-01 2.477751e+00
0.850000 35.950000 2.423734235314e+00 6.655474929890e-01 2.513452e+00
0.850000 35.975000 2.472773484483e+00 6.174603790395e-01 2.548699e+00
0.850000 36.000000 2.520755539996e+00 5.647072703138e-01 2.583235e+00
0.850000 36.025000 2.567171221949e+00 5.071190379275e-01 2.616780e+00
0.850000 36.050000 2.611460504710e+00 4.445883541502e-01 2.649035e+00
0.850000 36.075000 2.653020803654e+00 3.770802744212e-01 2.679684e+00
0.850000 36.100000 2.691217326684e+00 3.046415914043e-01 2.708405e+00
0.850000 36.125000 2.725395287896e+00 2.274085566647e-01 2.734866e+00
0.850000 36.150000 2.754893698899e+00 1.456126034382e-01 2.758739e+00
0.850000 36.175000 2.779060379731e+00 5.958375925424e-02 2.779699e+00
0.850000 36.200000 2.797267769829e+00 -3.024849226594e-02 2.797431e+00
0.850000 36.225000 2.808929073518e+00 -1.233570582777e-01 2.811636e+00
0.850000 36.250000 2.813514246310e+00 -2.191218587862e-01 2.822034e+00
0.850000 36.275000 2.810565319440e+00 -3.168371948897e-01 2.828368e+00
0.850000 36.300000 2.799710570798e+00 -4.157217386967e-01 2.830407e+00
0.850000 36.325000 2.780677080065e+00 -5.149309293313e-01 2.827953e+00
0.850000 36.350000 2.753301252649e+00 -6.135714765146e-01 2.820840e+00
0.850000 36.375000 2.717536958607e+00 -7.107176016871e-01 2.808937e+00
0.850000 36.400000 2.673461006090e+00 -8.054285889394e-01 2.792151e+00
0.850000 36.425000 2.621275750629e+00 -8.967671757841e-01 2.770429e+00
0.850000 36.450000 2.561308728546e+00 -9.838182878640e-01 2.743757e+00
0.850000 36.475000 2.494009291489e+00 -1.065707612137e+00 2.712161e+00
0.850000 36.500000 2.419942306749e+00 -1.141619509420e+00 2.675708e+00
0.850000 36.525000 2.339779071766e+00 -1.210813788405e+00 2.634509e+00
0.850000 36.550000 2.254285668920e+00 -1.272640898076e+00 2.588710e+00
0.850000 36.575000 2.164309056338e+00 -1.326555142280e+00 2.538500e+00
0.850000 36.600000 2.070761250440e+00 -1.372125577300e+00 2.484106e+00
0.850000 36.625000 1.974602005036e+00 -1.409044318843e+00 2.425790e+00
0.850000 36.650000 1.876820428971e+00 -1.437132056941e+00 2.363854e+00
0.850000 36.675000 1.778416008729e+00 -1.456340653834e+00 2.298628e+00
0.850000 36.700000 1.680379513777e+00 -1.466752778850e+00 2.230480e+00
0.850000 36.725000 1.583674260371e+00 -1.468578613489e+00 2.159803e+00
0.850000 36.750000 1.489218194403e+00 -1.462149736929e+00 2.087020e+00
0.850000 36.775000 1.397867226176e+00 -1.447910375045e+00 2.012580e+00
0.850000 36.800000 1.310400210794e+00 -1.426406262366e+00 1.936952e+00
0.850000 36.825000 1.227505918528e+00 -1.398271424546e+00 1.860627e+00
0.850000 36.850000 1.149772281954e+00 -1.364213237139e+00 1.784112e+00
0.850000 36.875000 1.077678142886e+00 -1.324996153768e+00 1.707924e+00
0.850000 36.900000 1.011587654319e+00 -1.281424522413e+00 1.632593e+00
0.850000 36.925000 9.517474231391e-01 -1.234324922552e+00 1.558647e+00
0.850000 36.950000 8.982864101272e-01 -1.184528458487e+00 1.486616e+00
0.850000 36.975000 8.512185367474e-01 -1.132853436347e+00 1.417014e+00
0.850000 37.000000 8.104478846481e-01 -1.080088834894e+00 1.350340e+00
0.850000 37.025000 7.757763148152e-01 -1.026978954643e+00 1.287057e+00
0.850000 37.050000 7.469132794303e-01 -9.742095970213e-01 1.227585e+00
0.850000 37.075000 7.234875510723e-01 -9.223960863366e-01 1.172284e+00
0.850000 37.100000 7.050605510467e-01 -8.720734028598e-01 1.121438e+00
0.850000 37.125000 6.911409215149e-01 -8.236886458059e-01 1.075239e+00
0.850000 37.150000 6.811999549715e-01 -7.775959905315e-01 1.033774e+00
0.850000 37.175000 6.746874700983e-01 -7.340542449769e-01 9.970150e-01
0.850000 37.200000 6.710477060145e-01 -6.932270462955e-01 9.648154e-01
0.850000 37.225000 6.697347987617e-01 -6.551856701450e-01 9.369167e-01
0.850000 37.250000 6.702274060562e-01 -6.199143530085e-01 9.129614e-01
0.850000 37.275000 6.720420605679e-01 -5.873179536113e-01 8.925149e-01
0.850000 37.300000 6.747448597764e-01 -5.572317050585e-01 8.750930e-01
0.850000 37.325000 6.779611428868e-01 -5.294327375541e-01 8.601920e-01
0.850000 37.350000 6.813828627993e-01 -5.036529858165e-01 8.473187e-01
0.850000 37.375000 6.847734331941e-01 -4.795930393370e-01 8.360168e-01
0.850000 37.400000 6.879699158234e-01 -4.569364512364e-01 8.258895e-01
0.850000 37.425000 6.908825083724e-01 -4.353639962250e-01 8.166152e-01
0.850000 37.450000 6.934913949408e-01 -4.145673629470e-01 8.079582e-01
0.850000 37.475000 6.958411246243e-01 -3.942617827271e-01 7.997732e-01
0.850000 37.500000 6.980327835483e-01 -3.741971360947e-01 7.920058e-01
0.850000 37.525000 7.002143165548e-01 -3.541671396787e-01 7.846875e-01
0.850000 37.550000 7.025694312798e-01 -3.340162969163e-01 7.779272e-01
0.850000 37.575000 7.053055749713e-01 -3.136443928890e-01 7.718994e-01
0.850000 37.600000 7.086415094819e-01 -2.930084217193e-01 7.668290e-01
0.850000 37.625000 7.127950201448e-01 -2.721219487346e-01 7.629725e-01
0.850000 37.650000 7.179712789290e-01 -2.510520229829e-01 7.605984e-01
0.850000 37.675000 7.243523421572e-01 -2.299138626421e-01 7.599649e-01
0.850000 37.700000 7.320882004340e-01 -2.088636307673e-01 7.612996e-01
0.850000 37.725000 7.412897168338e-01 -1.880896968510e-01 7.647798e-01
0.850000 37.750000 7.520236934320e-01 -1.678028370881e-01 7.705176e-01
0.850000 37.775000 7.643102011964e-01 -1.482258605694e-01 7.785506e-01
0.850000 37.800000 7.781221996549e-01 -1.295831587936e-01 7.888384e-01
0.850000 37.825000 7.933873661802e-01 -1.120906621230e-01 8.012664e-01
0.850000 37.850000 8.099919553464e-01 -9.594665060828e-02 8.156548e-01
0.850000 37.875000 8.277864211997e-01 -8.132381054053e-02 8.317716e-01
0.850000 37.900000 8.465924632283e-01 -6.836285556358e-02 8.493481e-01
0.850000 37.925000 8.662111031268e-01 -5.716794623816e-02 8.680955e-01
0.850000 37.950000 8.864313660257e-01 -4.780404904297e-02 8.877194e-01
0.850000 37.975000 9.070391275149e-01 -4.029627951826e-02 9.079338e-01
0.850000 38.000000 9.278256964337e-01 -3.463117921909e-02 9.284718e-01
0.850000 38.025000 9.485957319389e-01 -3.075978672244e-02 9.490943e-01
0.850000 38.050000 9.691741399114e-01 -2.860228317397e-02 9.695961e-01
0.850000 38.075000 9.894116555719e-01 -2.805392626546e-02 9.898093e-01
0.850000 38.100000 1.009188892895e+00 -2.899193597728e-02 1.009605e+00
0.850000 38.125000 1.028418723100e+00 -3.128296295092e-02 1.028894e+00
0.850000 38.150000 1.047046929835e+00 -3.479075713089e-02 1.047625e+00
0.850000 38.175000 1.065051173188e+00 -3.938366046399e-02 1.065779e+00
0.850000 38.200000 1.082438373940e+00 -4.494157204538e-02 1.083371e+00
0.850000 38.225000 1.099240699372e+00 -5.136207517692e-02 1.100440e+00
0.850000 38.250000 1.115510389029e+00 -5.856547040826e-02 1.117047e+00
0.850000 38.275000 1.131313700440e+00 -6.649852301523e-02 1.133266e+00
0.850000 38.300000 1.146724279326e+00 -7.513680322502e-02 1.149183e+00
0.850000 38.325000 1.161816266045e+00 -8.448556828541e-02 1.164884e+00
0.850000 38.350000 1.176657440683e+00 -9.457920276080e-02 1.180452e+00
0.850000 38.375000 1.191302685593e+00 -1.054792932979e-01 1.195963e+00
0.850000 38.400000 1.205788009241e+00 -1.172714634491e-01 1.211477e+00
0.850000 38.425000 1.220125332833e+00 -1.300611309742e-01 1.227038e+00
0.850000 38.450000 1.234298195448e+00 -1.439683736906e-01 1.242666e+00
0.850000 38.475000 1.248258488211e+00 -1.591221009708e-01 1.258360e+00
0.850000 38.500000 1.261924286927e+00 -1.756537282409e-01 1.274091e+00
0.850000 38.525000 1.275178818035e+00 -1.936905440355e-01 1.289805e+00
0.850000 38.550000 1.287870566105e+00 -2.133489466509e-01 1.305423e+00
0.850000 38.575000 1.299814512454e+00 -2.347277136642e-01 1.320839e+00
0.850000 38.600000 1.310794482592e+00 -2.579014556827e-01 1.335925e+00
0.850000 38.625000 1.320566572878e+00 -2.829143980288e-01 1.350532e+00
0.850000 38.650000 1.328863620998e+00 -3.097746319221e-01 1.364492e+00
0.850000 38.675000 1.335400677397e+00 -3.384489800792e-01 1.377622e+00
0.850000 38.700000 1.339881422563e+00 -3.688586291812e-01 1.389726e+00
0.850000 38.725000 1.342005455784e+00 -4.008756908208e-01 1.400600e+00
0.850000 38.750000 1.341476353339e+00 -4.343208599893e-01 1.410033e+00
0.850000 38.775000 1.338010358183e+00 -4.689623420561e-01 1.417814e+00
0.850000 38.800000 1.331345520707e+00 -5.045162118168e-01 1.423734e+00
0.850000 38.825000 1.321251063869e+00 -5.406483484471e-01 1.427587e+00
0.850000 38.850000 1.307536700194e+00 -5.769780560282e-01 1.429180e+00
0.850000 38.875000 1.290061587489e+00 -6.130834301450e-01 1.428331e+00
0.850000 38.900000 1.268742579582e+00 -6.485084679330e-01 1.424876e+00
0.850000 38.925000 1.243561412656e+00 -6.827718445183e-01 1.418669e+00
0.850000 38.950000 1.214570470427e+00 -7.153771972472e-01 1.409591e+00
0.850000 38.975000 1.181896794856e+00 -7.458246756305e-01 1.397546e+00
0.850000 39.000000 1.145744054035e+00 -7.736234354523e-01 1.382470e+00
0.850000 39.025000 1.106392244139e+00 -7.983046859403e-01 1.364329e+00
0.850000 39.050000 1.064194985185e+00 -8.194348447433e-01 1.343125e+00
0.850000 39.075000 1.019574366411e+00 -8.366283211989e-01 1.318893e+00
0.850000 39.100000 9.730134009475e-01 -8.495594371006e-01 1.291707e+00
0.850000 39.125000 9.250462550950e-01 -8.579730073628e-01 1.261677e+00
0.850000 39.150000 8.762465187778e-01 -8.616931404219e-01 1.228952e+00
0.850000 39.175000 8.272138747177e-01 -8.606298780366e-01 1.193720e+00
0.850000 39.200000 7.785595996958e-01 -8.547833731372e-01 1.156205e+00
0.850000 39.225000 7.308913879498e-01 -8.442453982151e-01 1.116670e+00
0.850000 39.250000 6.847980217426e-01 -8.291980804580e-01 1.075415e+00
0.850000 39.275000 6.408344261738e-01 -8.099098682072e-01 1.032774e+00
0.850000 39.300000 5.995076344225e-01 -7.867288411489e-01 9.891166e-01
0.850000 39.325000 5.612641569372e-01 -7.600735792040e-01 9.448435e-01
0.850000 39.350000 5.264791956812e-01 -7.304218981587e-01 9.003869e-01
0.850000 39.375000 4.954480750911e-01 -6.982978401881e-01 8.562060e-01
0.850000 39.400000 4.683801780710e-01 -6.642573718272e-01 8.127840e-01
0.850000 39.425000 4.453955815295e-01 -6.288732885835e-01 7.706224e-01
0.850000 39.450000 4.265244852689e-01 -5.927198528696e-01 7.302328e-01
0.850000 39.475000 4.117094240577e-01 -5.563576994572e-01 6.921261e-01
0.850000 39.500000 4.008101491796e-01 -5.203195299764e-01 6.567962e-01
0.850000 39.525000 3.936109663334e-01 -4.850970853795e-01 6.246989e-01
0.850000 39.550000 3.898302251725e-01 -4.511298336842e-01 5.962262e-01
0.850000 39.575000 3.891315756572e-01 -4.187957412026e-01 5.716758e-01
0.850000 39.600000 3.911365412008e-01 -3.884044111257e-01 5.512221e-01
0.850000 39.625000 3.954379114814e-01 -3.601927767682e-01 5.348925e-01
0.850000 39.650000 4.016134313348e-01 -3.343234317441e-01 5.225567e-01
0.850000 39.675000 4.092392582019e-01 -3.108855703099e-01 5.139325e-01
0.850000 39.700000 4.179026800010e-01 -2.898984030358e-01 5.086096e-01
0.850000 39.725000 4.272136276937e-01 -2.713168111231e-01 5.060872e-01
0.850000 39.750000 4.368145805895e-01 -2.550389122943e-01 5.058180e-01
0.850000 39.775000 4.463885446254e-01 -2.409151370694e-01 5.072503e-01
0.850000 39.800000 4.556648803157e-01 -2.287583604618e-01 5.098636e-01
0.850000 39.825000 4.644228626455e-01 -2.183546036286e-01 5.131933e-01
0.850000 39.850000 4.724929640624e-01 -2.094738143408e-01 5.168451e-01
0.850000 39.875000 4.797559578402e-01 -2.018802543325e-01 5.205011e-01
0.850000 39.900000 4.861400365567e-01 -1.953420640717e-01 5.239186e-01
0.850000 39.925000 4.916162239857e-01 -1.896396382701e-01 5.269248e-01
0.850000 39.950000 4.961924240852e-01 -1.845725242370e-01 5.294090e-01
0.850000 39.975000 4.999064950198e-01 -1.799646448743e-01 5.313133e-01
0.850000 40.000000 5.028187577976e-01 -1.756677430635e-01 5.326217e-01
0.850000 40.025000 5.050043481481e-01 -1.715630387712e-01 5.333510e-01
0.850000 40.050000 5.065457981750e-01 -1.675611790937e-01 5.335404e-01
0.850000 40.075000 5.075261937220e-01 -1.636006401105e-01 5.332429e-01
0.850000 40.100000 5.080231978809e-01 -1.596448042372e-01 5.325167e-01
0.850000 40.125000 5.081041647940e-01 -1.556779853024e-01 5.314184e-01
0.850000 40.150000 5.078224952500e-01 -1.517007045460e-01 5.299970e-01
0.850000 40.175000 5.072153108714e-01 -1.477245339777e-01 5.282896e-01
0.850000 40.200000 5.063024509176e-01 -1.437668198472e-01 5.263184e-01
0.850000 40.225000 5.050867283480e-01 -1.398455799477e-01 5.240891e-01
0.850000 40.250000 5.035553226629e-01 -1.359748362734e-01 5.215909e-01
0.850000 40.275000 5.016821383307e-01 -1.321606017158e-01 5.187980e-01
0.850000 40.300000 4.994309208780e-01 -1.283976887870e-01 5.156716e-01
0.850000 40.325000 4.967588988871e-01 -1.246674526550e-01 5.121634e-01
0.850000 40.350000 4.936207096028e-01 -1.209365229302e-01 5.082195e-01
0.850000 40.375000 4.899723684723e-01 -1.171565214640e-01 5.037843e-01
0.850000 40.400000 4.857750581066e-01 -1.132647096403e-01 4.988049e-01
0.850000 40.425000 4.809985387440e-01 -1.091854608359e-01 4.932353e-01
0.850000 40.450000 4.756240187040e-01 -1.048324142612e-01 4.870401e-01
0.850000 40.475000 4.696463674032e-01 -1.001111373324e-01 4.801978e-01
0.850000 40.500000 4.630756026428e-01 -9.492210667183e-02 4.727042e-01
0.850000 40.525000 4.559376350114e-01 -8.916381379516e-02 4.645743e-01
0.850000 40.550000 4.482743020286e-01 -8.273581076807e-02 4.558454e-01
0.850000 40.575000 4.401427696103e-01 -7.554153297360e-02 4.465783e-01
0.850000 40.600000 4.316144152667e-01 -6.749076902505e-02 4.368593e-01
0.850000 40.625000 4.227733332534e-01 -5.850168925776e-02 4.268018e-01
0.850000 40.650000 4.137146145611e-01 -4.850239075947e-02 4.165480e-01
0.850000 40.675000 4.045425530276e-01 -3.743196456585e-02 4.062706e-01
0.850000 40.700000 3.953689130755e-01 -2.524113516165e-02 3.961738e-01
0.850000 40.725000 3.863113660502e-01 -1.189255959023e-02 3.864944e-01
0.850000 40.750000 3.774921635348e-01 2.639100412676e-03 3.775014e-01
0.850000 40.775000 3.690370711789e-01 1.836720754872e-02 3.694939e-01
0.850000 40.800000 3.610745400721e-01 3.529315666086e-02 3.627953e-01
0.850000 40.825000 3.537350495075e-01 5.340625666983e-02 3.577439e-01
0.850000 40.850000 3.471505199323e-01 7.268341446507e-02 3.546778e-01
0.850000 40.875000 3.414536721703e-01 9.308859117548e-02 3.539154e-01
0.850000 40.900000 3.367772016817e-01 1.145720501867e-01 3.557325e-01
0.850000 40.925000 3.332526462720e-01 1.370694662746e-01 3.603406e-01
0.850000 40.950000 3.310088521011e-01 1.605010106832e-01 3.678688e-01
0.850000 40.975000 3.301699841348e-01 1.847705625881e-01 3.783548e-01
0.850000 41.000000 3.308530797218e-01 2.097652185871e-01 3.917464e-01
0.850000 41.025000 3.331652028467e-01 2.353552754248e-01 4.079107e-01
0.850000 41.050000 3.372003160109e-01 2.613948455021e-01 4.266513e-01
0.850000 41.075000 3.430360405377e-01 2.877232301509e-01 4.477258e-01
0.850000 41.100000 3.507305186038e-01 3.141671243777e-01 4.708640e-01
0.850000 41.125000 3.603196165609e-01 3.405436626913e-01 4.957824e-01
0.850000 41.150000 3.718147156183e-01 3.666642440283e-01 5.221962e-01
0.850000 41.175000 3.852013209140e-01 3.923390008065e-01 5.498272e-01
0.850000 41.200000 4.004386835411e-01 4.173817092378e-01 5.784104e-01
0.850000 41.225000 4.174605742573e-01 4.416148813786e-01 6.076981e-01
0.850000 41.250000 4.361772761578e-01 4.648747393022e-01 6.374630e-01
0.850000 41.275000 4.564787816807e-01 4.870157522705e-01 6.675007e-01
0.850000 41.300000 4.782390930266e-01 5.079144212174e-01 6.976315e-01
0.850000 41.325000 5.013214408904e-01 5.274720218170e-01 7.277018e-01
0.850000 41.350000 5.255841606828e-01 5.456160666101e-01 7.575854e-01
0.850000 41.375000 5.508869038906e-01 5.623003152073e-01 7.871836e-01
0.850000 41.400000 5.770968195748e-01 5.775032451116e-01 8.164256e-01
0.850000 41.425000 6.040943205610e-01 5.912249888485e-01 8.452674e-01
0.850000 41.450000 6.317780524334e-01 6.034828398972e-01 8.736905e-01
0.850000 41.475000 6.600687111877e-01 6.143055241894e-01 9.016995e-01
0.850000 41.500000 6.889114059915e-01 6.237265197764e-01 9.293189e-01
0.850000 41.525000 7.182763341980e-01 6.317767793314e-01 9.565891e-01
0.850000 41.550000 7.481576226775e-01 6.384772639798e-01 9.835614e-01
0.850000 41.575000 7.785702878989e-01 6.438317292120e-01 1.010293e+00
0.850000 41.600000 8.095453716395e-01 6.478202122048e-01 1.036839e+00
0.850000 41.625000 8.411234141026e-01 6.503936539447e-01 1.063250e+00
0.850000 41.650000 8.733465259470e-01 6.514700495950e-01 1.089563e+00
0.850000 41.675000 9.062494099324e-01 6.509324582707e-01 1.115796e+00
0.850000 41.700000 9.398497567588e-01 6.486291216474e-01 1.141945e+00
0.850000 41.725000 9.741384941549e-01 6.443758434261e-01 1.167975e+00
0.850000 41.750000 1.009070400228e+00 6.379606732332e-01 1.193824e+00
0.850000 41.775000 1.044555599459e+00 6.291508242732e-01 1.219396e+00
0.850000 41.800000 1.080452441672e+00 6.177016394917e-01 1.244561e+00
0.850000 41.825000 1.116562221163e+00 6.033673118086e-01 1.269159e+00
0.850000 41.850000 1.152626126596e+00 5.859129655747e-01 1.292997e+00
0.850000 41.875000 1.188324725025e+00 5.651276237680e-01 1.315859e+00
0.850000 41.900000 1.223280179354e+00 5.408375228198e-01 1.337505e+00
0.850000 41.925000 1.257061282387e+00 5.129191976470e-01 1.357678e+00
0.850000 41.950000 1.289191267683e+00 4.813117455998e-01 1.376109e+00
0.850000 41.975000 1.319158233419e+00 4.460276905389e-01 1.392523e+00
0.850000 42.000000 1.346427895943e+00 4.071619067368e-01 1.406645e+00
0.850000 42.025000 1.370458280299e+00 3.648981251460e-01 1.418205e+00
0.850000 42.050000 1.390715860343e+00 3.195126290416e-01 1.426947e+00
0.850000 42.075000 1.406692585421e+00 2.713748484621e-01 1.432630e+00
0.850000 42.100000 1.417923177018e+00 2.209446788521e-01 1.435034e+00
0.850000 42.125000 1.424002049381e+00 1.687664740322e-01 1.433968e+00
0.850000 42.150000 1.424599203963e+00 1.154597920533e-01 1.429270e+00
0.850000 42.175000 1.419474468671e+00 6.170709965615e-02 1.420815e+00
0.850000 42.200000 1.408489498322e+00 8.238762170625e-03 1.408514e+00
0.850000 42.225000 1.391617020915e+00 -4.418424363393e-02 1.392318e+00
0.850000 42.250000 1.368946902702e+00 -9.478935994832e-02 1.372225e+00
0.850000 42.275000 1.340688710871e+00 -1.428126093088e-01 1.348274e+00
0.850000 42.300000 1.307170572378e+00 -1.875192169623e-01 1.320552e+00
0.850000 42.325000 1.268834257359e+00 -2.282239895441e-01 1.289196e+00
0.850000 42.350000 1.226226551386e+00 -2.643107355962e-01 1.254389e+00
0.850000 42.375000 1.179987118136e+00 -2.952500296433e-01 1.216364e+00
0.850000 42.400000 1.130833187977e+00 -3.206146641775e-01 1.175405e+00
0.850000 42.425000 1.079541533482e+00 -3.400922025766e-01 1.131845e+00
0.850000 42.450000 1.026928304862e+00 -3.534941393661e-01 1.086066e+00
0.850000 42.475000 9.738273915490e-01 -3.607612899211e-01 1.038503e+00
0.850000 42.500000 9.210680460395e-01 -3.619651661503e-01 9.896389e-01
0.850000 42.525000 8.694525482333e-01 -3.573052431742e-01 9.400079e-01
0.850000 42.550000 8.197346997952e-01 -3.471021787252e-01 8.901937e-01
0.850000 42.575000 7.725999164276e-01 -3.317872052220e-01 8.408290e-01
0.850000 42.600000 7.286476309734e-01 -3.118880669128e-01 7.925917e-01
0.850000 42.625000 6.883766333106e-01 -2.880120136029e-01 7.461992e-01
0.850000 42.650000 6.521738572351e-01 -2.608264810604e-01 7.023967e-01
0.850000 42.675000 6.203069849694e-01 -2.310381797381e-01 6.619361e-01
0.850000 42.700000 5.929210831911e-01 -1.993713728313e-01 6.255432e-01
0.850000 42.725000 5.700393183707e-01 -1.665461484525e-01 5.938707e-01
0.850000 42.750000 5.515676323315e-01 -1.332574774559e-01 5.674367e-01
0.850000 42.775000 5.373031000089e-01 -1.001557990471e-01 5.465581e-01
0.850000 42.800000 5.269455486697e-01 -6.782979376168e-02 5.312932e-01
0.850000 42.825000 5.201118985341e-01 -3.679189276233e-02 5.214116e-01
0.850000 42.850000 5.163525944627e-01 -7.466940323025e-03 5.164066e-01
0.850000 42.875000 5.151694407941e-01 1.981571935915e-02 5.155504e-01
0.850000 42.900000 5.160341280503e-01 4.482661096920e-02 5.179775e-01
0.850000 42.925000 5.184067504160e-01 6.743698066950e-02 5.227746e-01
0.850000 42.950000 5.217536539608e-01 8.761629852240e-02 5.290591e-01
0.850000 42.975000 5.255640231700e-01 1.054266979437e-01 5.360339e-01
0.850000 43.000000 5.293647019068e-01 1.210147390720e-01 5.430208e-01
0.850000 43.025000 5.327328481636e-01 1.346009580885e-01 5.494740e-01
0.850000 43.050000 5.353061334314e-01 1.464677138619e-01 5.549824e-01
0.850000 43.075000 5.367903110490e-01 1.569458671638e-01 5.592637e-01
0.850000 43.100000 5.369640880675e-01 1.664008278484e-01 5.621563e-01
0.850000 43.125000 5.356813374574e-01 1.752184845540e-01 5.636098e-01
0.850000 43.150000 5.328707785484e-01 1.837914930951e-01 5.636760e-01
0.850000 43.175000 5.285333311098e-01 1.925063474742e-01 5.624999e-01
0.850000 43.200000 5.227374112164e-01 2.017315950402e-01 5.603124e-01
0.850000 43.225000 5.156124845380e-01 2.118074882046e-01 5.574214e-01
0.850000 43.250000 5.073412251338e-01 2.230372923642e-01 5.542028e-01
0.850000 43.275000 4.981506458181e-01 2.356803959143e-01 5.510892e-01
0.850000 43.300000 4.883025705421e-01 2.499472957400e-01 5.485554e-01
0.850000 43.325000 4.780838109823e-01 2.659964622986e-01 5.470999e-01
0.850000 43.350000 4.677963897183e-01 2.839330240951e-01 5.472215e-01
0.850000 43.375000 4.577481222014e-01 3.038091536279e-01 5.493936e-01
0.850000 43.400000 4.482438304969e-01 3.256259872524e-01 5.540350e-01
0.850000 43.425000 4.395774151295e-01 3.493368712840e-01 5.614842e-01
0.850000 43.450000 4.320249591245e-01 3.748516972645e-01 5.719785e-01
0.850000 43.475000 4.258389827527e-01 4.020420715689e-01 5.856421e-01
0.850000 43.500000 4.212439110103e-01 4.307470589266e-01 6.024861e-01
0.850000 43.525000 4.184327611886e-01 4.607792458930e-01 6.224175e-01
0.850000 43.550000 4.175650076936e-01 4.919308880999e-01 6.452570e-01
0.850000 43.575000 4.187655380874e-01 5.239799328041e-01 6.707604e-01
0.850000 43.600000 4.221245802460e-01 5.566957437507e-01 6.986410e-01
0.850000 43.625000 4.276984570801e-01 5.898443960491e-01 7.285893e-01
0.850000 43.650000 4.355110131807e-01 6.231934516630e-01 7.602894e-01
0.850000 43.675000 4.455555569202e-01 6.565161681848e-01 7.934313e-01
0.850000 43.700000 4.577971709948e-01 6.895951319159e-01 8.277196e-01
0.850000 43.725000 4.721752624025e-01 7.222253384671e-01 8.628783e-01
0.850000 43.750000 4.886062470990e-01 7.542167683117e-01 8.986540e-01
0.850000 43.775000 5.069862923837e-01 7.853965199820e-01 9.348170e-01
0.850000 43.800000 5.271940687067e-01 8.156105696844e-01 9.711613e-01
0.850000 43.825000 5.490934894615e-01 8.447252236875e-01 1.007504e+00
0.850000 43.850000 5.725364403025e-01 8.726283201651e-01 1.043685e+00
0.850000 43.875000 5.973655170034e-01 8.992302220634e-01 1.079565e+00
0.850000 43.900000 6.234168019357e-01 9.244646240087e-01 1.115026e+00
0.850000 43.925000 6.505227136252e-01 9.482891763510e-01 1.149971e+00
0.850000 43.950000 6.785149618555e-01 9.706859100210e-01 1.184320e+00
0.850000 43.975000 7.072276331835e-01 9.916614285196e-01 1.218016e+00
0.850000 44.000000 7.365004195484e-01 1.011246819227e+00 1.251021e+00
0.850000 44.025000 7.661819870319e-01 1.029497226053e+00 1.283316e+00
0.850000 44.050000 7.961334638860e-01 1.046491019665e+00 1.314904e+00
0.850000 44.075000 8.262320076840e-01 1.062328500292e+00 1.345809e+00
0.850000 44.100000 8.563743917204e-01 1.077130071376e+00 1.376076e+00
0.850000 44.125000 8.864805313317e-01 1.091033830188e+00 1.405775e+00
0.850000 44.150000 9.164968523195e-01 1.104192533814e+00 1.434994e+00
0.850000 44.175000 9.463993868647e-01 1.116769915829e+00 1.463847e+00
0.850000 44.200000 9.761964681125e-01 1.128936350390e+00 1.492467e+00
0.850000 44.225000 1.005930884046e+00 1.140863886357e+00 1.521009e+00
0.850000 44.250000 1.035681345614e+00 1.152720704087e+00 1.549645e+00
0.850000 44.275000 1.065563124705e+00 1.164665080860e+00 1.578566e+00
0.850000 44.300000 1.095727725892e+00 1.176838986469e+00 1.607971e+00
0.850000 44.325000 1.126361472953e+00 1.189361466370e+00 1.638069e+00
0.850000 44.350000 1.157682917895e+00 1.202322003806e+00 1.669074e+00
0.850000 44.375000 1.189939016523e+00 1.215774081715e+00 1.701194e+00
0.850000 44.400000 1.223400059832e+00 1.229729187200e+00 1.734630e+00
0.850000 44.425000 1.258353403019e+00 1.244151513018e+00 1.769567e+00
0.850000 44.450000 1.295096091071e+00 1.258953609704e+00 1.806167e+00
0.850000 44.475000 1.333926538399e+00 1.273993226753e+00 1.844565e+00
0.850000 44.500000 1.375135475870e+00 1.289071551269e+00 1.884862e+00
0.850000 44.525000 1.418996427674e+00 1.303933008125e+00 1.927120e+00
0.850000 44.550000 1.465756018833e+00 1.318266728762e+00 1.971362e+00
0.850000 44.575000 1.515624438277e+00 1.331709729356e+00 2.017565e+00
0.850000 44.600000 1.568766389836e+00 1.343851767118e+00 2.065663e+00
0.850000 44.625000 1.625292853054e+00 1.354241770679e+00 2.115549e+00
0.850000 44.650000 1.685253947396e+00 1.362395671776e+00 2.167072e+00
0.850000 44.675000 1.748633149015e+00 1.367805405390e+00 2.220047e+00
0.850000 44.700000 1.815343051483e+00 1.369948798364e+00 2.274254e+00
0.850000 44.725000 1.885222794907e+00 1.368300035193e+00 2.329444e+00
0.850000 44.750000 1.958037216189e+00 1.362340376055e+00 2.385347e+00
0.850000 44.775000 2.033477701860e+00 1.351568806471e+00 2.441674e+00
0.850000 44.800000 2.111164658593e+00 1.335512319216e+00 2.498121e+00
0.850000 44.825000 2.190651459333e+00 1.313735564857e+00 2.554380e+00
0.850000 44.850000 2.271429678131e+00 1.285849654303e+00 2.610135e+00
0.850000 44.875000 2.352935396266e+00 1.251519950929e+00 2.665072e+00
0.850000 44.900000 2.434556346915e+00 1.210472747148e+00 2.718880e+00
0.850000 44.925000 2.515639664954e+00 1.162500776459e+00 2.771254e+00
0.850000 44.950000 2.595500021144e+00 1.107467563636e+00 2.821897e+00
0.850000 44.975000 2.673427943577e+00 1.045310659774e+00 2.870521e+00
0.850000 45.000000 2.748698161203e+00 9.760438434313e-01 2.916848e+00
0.850000 45.025000 2.820577841406e+00 8.997583929259e-01 2.960612e+00
0.850000 45.050000 2.888334633218e+00 8.166235476383e-01 3.001558e+00
0.850000 45.075000 2.951244466890e+00 7.268862782539e-01 3.039442e+00
0.850000 45.100000 3.008599097146e+00 6.308704781875e-01 3.074031e+00
0.850000 45.125000 3.059713409341e+00 5.289756721361e-01 3.105102e+00
0.850000 45.150000 3.103932533614e+00 4.216753142702e-01 3.132444e+00
0.850000 45.175000 3.140638830603e+00 3.095147195324e-01 3.155854e+00
0.850000 45.200000 3.169258822570e+00 1.931086384615e-01 3.175137e+00
0.850000 45.225000 3.189270145051e+00 7.313845060599e-02 3.190109e+00
0.850000 45.250000 3.200208585833e+00 -4.965108427661e-02 3.200594e+00
0.850000 45.275000 3.201675259926e+00 -1.744556124176e-01 3.206425e+00
0.850000 45.300000 3.193343941034e+00 -3.004156354936e-01 3.207444e+00
0.850000 45.325000 3.174968532315e+00 -4.266217737575e-01 3.203503e+00
0.850000 45.350000 3.146390612831e+00 -5.521210090817e-01 3.194466e+00
0.850000 45.375000 3.107546942629e+00 -6.759240786571e-01 3.180208e+00
0.850000 45.400000 3.058476751334e+00 -7.970141808277e-01 3.160619e+00
0.850000 45.425000 2.999328575621e+00 -9.143571295755e-01 3.135605e+00
0.850000 45.450000 2.930366353989e+00 -1.026913052208e+00 3.105092e+00
0.850000 45.475000 2.851974437421e+00 -1.133649665677e+00 3.069026e+00
0.850000 45.500000 2.764661136568e+00 -1.233557091568e+00 3.027377e+00
0.850000 45.525000 2.669060404888e+00 -1.325664080636e+00 2.980146e+00
0.850000 45.550000 2.565931256911e+00 -1.409055418441e+00 2.927361e+00
0.850000 45.575000 2.456154545048e+00 -1.482890179357e+00 2.869087e+00
0.850000 45.600000 2.340726769022e+00 -1.546420392978e+00 2.805426e+00
0.850000 45.625000 2.220750669935e+00 -1.599009591683e+00 2.736524e+00
0.850000 45.650000 2.097422464531e+00 -1.640150627781e+00 2.662569e+00
0.850000 45.675000 1.972015701596e+00 -1.669482090279e+00 2.583799e+00
0.850000 45.700000 1.845861866315e+00 -1.686802620829e+00 2.500502e+00
0.850000 45.725000 1.720328013514e+00 -1.692082430761e+00 2.413021e+00
0.850000 45.750000 1.596791868840e+00 -1.685471359554e+00 2.321758e+00
0.850000 45.775000 1.476614989718e+00 -1.667302890682e+00 2.227171e+00
0.850000 45.800000 1.361114716051e+00 -1.638093652805e+00 2.129785e+00
0.850000 45.825000 1.251535755511e+00 -1.598538079400e+00 2.030189e+00
0.850000 45.850000 1.149022331821e+00 -1.549498072957e+00 1.929040e+00
0.850000 45.875000 1.054591869888e+00 -1.491987713568e+00 1.827072e+00
0.850000 45.900000 9.691111941751e-01 -1.427153257310e+00 1.725092e+00
0.850000 45.925000 8.932761731760e-01 -1.356248877276e+00 1.623993e+00
0.850000 45.950000 8.275956530430e-01 -1.280608798869e+00 1.524754e+00
0.850000 45.975000 7.723803890017e-01 -1.201616660249e+00 1.428445e+00
0.850000 46.000000 7.277375088595e-01 -1.120673078371e+00 1.336230e+00
0.850000 46.025000 6.935708354478e-01 -1.039162511715e+00 1.249360e+00
0.850000 46.050000 6.695871633385e-01 -9.584205749090e-01 1.169152e+00
0.850000 46.075000 6.553083404396e-01 -8.797029726843e-01 1.096953e+00
0.850000 46.100000 6.500887592514e-01 -8.041571779814e-01 1.034062e+00
0.850000 46.125000 6.531376284135e-01 -7.327978816773e-01 9.816219e-01
0.850000 46.150000 6.635451854811e-01 -6.664870924059e-01 9.404771e-01
0.850000 46.175000 6.803118385634e-01 -6.059195705086e-01 9.110229e-01
0.850000 46.200000 7.023790979661e-01 -5.516140493971e-01 8.930926e-01
0.850000 46.225000 7.286610873494e-01 -5.039104421540e-01 8.859304e-01
0.850000 46.250000 7.580754122511e-01 -4.629729645961e-01 8.882693e-01
0.850000 46.275000 7.895722137970e-01 -4.287988429501e-01 8.984947e-01
0.850000 46.300000 8.221603448955e-01 -4.012320296646e-01 9.148414e-01
0.850000 46.325000 8.549297693154e-01 -3.799811388319e-01 9.355697e-01
0.850000 46.350000 8.870694913713e-01 -3.646406455605e-01 9.590908e-01
0.850000 46.375000 9.178805630588e-01 -3.547142810591e-01 9.840361e-01
0.850000 46.400000 9.467839718014e-01 -3.496395032968e-01 1.009281e+00
0.850000 46.425000 9.733234696925e-01 -3.488119340090e-01 1.033938e+00
0.850000 46.450000 9.971636483979e-01 -3.516087244140e-01 1.057338e+00
0.850000 46.475000 1.018083778023e+00 -3.574099380135e-01 1.078998e+00
0.850000 46.500000 1.035968100811e+00 -3.656172093535e-01 1.098593e+00
0.850000 46.525000 1.050793392274e+00 -3.756691397719e-01 1.115927e+00
0.850000 46.550000 1.062614667962e+00 -3.870531102405e-01 1.130911e+00
0.850000 46.575000 1.071549922413e+00 -3.993134120124e-01 1.143534e+00
0.850000 46.600000 1.077764741168e+00 -4.120558030586e-01 1.153849e+00
0.850000 46.625000 1.081457533969e+00 -4.249487791091e-01 1.161952e+00
0.850000 46.650000 1.082846007766e+00 -4.377219921608e-01 1.167971e+00
0.850000 46.675000 1.082155344066e+00 -4.501623496800e-01 1.172052e+00
0.850000 46.700000 1.079608380061e+00 -4.621083814921e-01 1.174350e+00
0.850000 46.725000 1.075417929915e+00 -4.734434694393e-01 1.175020e+00
0.850000 46.750000 1.069781233503e+00 -4.840885018941e-01 1.174212e+00
0.850000 46.775000 1.062876394495e+00 -4.939944486419e-01 1.172065e+00
0.850000 46.800000 1.054860574489e+00 -5.031352610795e-01 1.168707e+00
0.850000 46.825000 1.045869648439e+00 -5.115013987051e-01 1.164250e+00
0.850000 46.850000 1.036018998840e+00 -5.190941760594e-01 1.158790e+00
0.850000 46.875000 1.025405129103e+00 -5.259210241606e-01 1.152410e+00
0.850000 46.900000 1.014107804793e+00 -5.319916747363e-01 1.145177e+00
0.850000 46.925000 1.002192477845e+00 -5.373152095346e-01 1.137144e+00
0.850000 46.950000 9.897128057051e-01 -5.418978733360e-01 1.128355e+00
0.850000 46.975000 9.767131366402e-01 -5.457415280382e-01 1.118840e+00
0.850000 47.000000 9.632308875083e-01 -5.488426240643e-01 1.108622e+00
0.850000 47.025000 9.492987855234e-01 -5.511915802784e-01 1.097716e+00
0.850000 47.050000 9.349469775505e-01 -5.527724893016e-01 1.086132e+00
0.850000 47.075000 9.202050277143e-01 -5.535630959682e-01 1.073876e+00
0.850000 47.100000 9.051038270545e-01 -5.535350271288e-01 1.060950e+00
0.850000 47.125000 8.896774297196e-01 -5.526542764601e-01 1.047355e+00
0.850000 47.150000 8.739648120975e-01 -5.508819649194e-01 1.033095e+00
0.850000 47.175000 8.580115283519e-01 -5.481754039999e-01 1.018175e+00
0.850000 47.200000 8.418712122972e-01 -5.444894845145e-01 1.002605e+00
0.850000 47.225000 8.256068552524e-01 -5.397783991720e-01 9.864012e-01
0.850000 47.250000 8.092917757405e-01 -5.339976847349e-01 9.695910e-01
0.850000 47.275000 7.930101917843e-01 -5.271065419169e-01 9.522114e-01
0.850000 47.300000 7.768573113573e-01 -5.190703616248e-01 9.343133e-01
0.850000 47.325000 7.609388712370e-01 -5.098633580004e-01 9.159632e-01
0.850000 47.350000 7.453700782486e-01 -4.994711850251e-01 8.972447e-01
0.850000 47.375000 7.302739378826e-01 -4.878933967472e-01 8.782596e-01
0.850000 47.400000 7.157789912424e-01 -4.751456033820e-01 8.591292e-01
0.850000 47.425000 7.020165195529e-01 -4.612611777243e-01 8.399935e-01
0.850000 47.450000 6.891173132092e-01 -4.462923788794e-01 8.210113e-01
0.850000 47.475000 6.772081368381e-01 -4.303107828898e-01 8.023579e-01
0.850000 47.500000 6.664080505035e-01 -4.134069413761e-01 7.842225e-01
0.850000 47.525000 6.568247678224e-01 -3.956892282171e-01 7.668042e-01
0.850000 47.550000 6.485512425688e-01 -3.772818784573e-01 7.503068e-01
0.850000 47.575000 6.416626750777e-01 -3.583222705827e-01 7.349325e-01
0.850000 47.600000 6.362141177495e-01 -3.389575502505e-01 7.208749e-01
0.850000 47.625000 6.322388351906e-01 -3.193407375908e-01 7.083110e-01
0.850000 47.650000 6.297475397119e-01 -2.996264983361e-01 6.973937e-01
0.850000 47.675000 6.287285785043e-01 -2.799667884804e-01 6.882449e-01
0.850000 47.700000 6.291490969821e-01 -2.605066004404e-01 6.809495e-01
0.850000 47.725000 6.309571464131e-01 -2.413800438390e-01 6.755525e-01
0.850000 47.750000 6.340846464112e-01 -2.227069848546e-01 6.720578e-01
0.850000 47.775000 6.384510579327e-01 -2.045904442783e-01 6.704305e-01
0.850000 47.800000 6.439675739360e-01 -1.871149167195e-01 6.706014e-01
0.850000 47.825000 6.505415964992e-01 -1.703457236014e-01 6.724746e-01
0.850000 47.850000 6.580812440725e-01 -1.543294535091e-01 6.759353e-01
0.850000 47.875000 6.664996230091e-01 -1.390954787669e-01 6.808592e-01
0.850000 47.900000 6.757186047791e-01 -1.246584711107e-01 6.871211e-01
0.850000 47.925000 6.856718743712e-01 -1.110217765511e-01 6.946019e-01
0.850000 47.950000 6.963070549740e-01 -9.818145441460e-02 7.031949e-01
0.850000 47.975000 7.075867666318e-01 -8.613074205759e-02 7.128096e-01
0.850000 48.000000 7.194885385792e-01 -7.486467792974e-02 7.233730e-01
0.850000 48.025000 7.320035621379e-01 -6.438460345548e-02 7.348296e-01
0.850000 48.050000 7.451343387607e-01 -5.470226922929e-02 7.471396e-01
0.850000 48.075000 7.588913414938e-01 -4.584329256113e-02 7.602747e-01
0.850000 48.100000 7.732888637367e-01 -3.784974951894e-02 7.742146e-01
0.850000 48.125000 7.883402734639e-01 -3.078173234324e-02 7.889410e-01
0.850000 48.150000 8.040529218482e-01 -2.471775883083e-02 8.044328e-01
0.850000 48.175000 8.204229714996e-01 -1.975398008296e-02 8.206608e-01
0.850000 48.200000 8.374304114358e-01 -1.600219306509e-02 8.375833e-01
0.850000 48.225000 8.550345146136e-01 -1.358672133248e-02 8.551425e-01
0.850000 48.250000 8.731699712499e-01 -1.264027834459e-02 8.732615e-01
0.850000 48.275000 8.917438996603e-01 -1.329897114485e-02 8.918431e-01
0.850000 48.300000 9.106338983727e-01 -1.569663681468e-02 9.107692e-01
0.850000 48.325000 9.296872612175e-01 -1.995872975988e-02 9.299015e-01
0.850000 48.350000 9.487214328813e-01 -2.619599487553e-02 9.490830e-01
0.850000 48.375000 9.675257374916e-01 -3.449817060224e-02 9.681406e-01
0.850000 48.400000 9.858643682036e-01 -4.492796756675e-02 9.868876e-01
0.850000 48.425000 1.003480581999e+00 -5.751556347947e-02 1.005128e+00
0.850000 48.450000 1.020102001381e+00 -7.225384356911e-02 1.022658e+00
0.850000 48.475000 1.035446883742e+00 -8.909459806743e-02 1.039273e+00
0.850000 48.500000 1.049231180332e+00 -1.079458638663e-01 1.054769e+00
0.850000 48.525000 1.061176171085e+00 -1.286705660949e-01 1.068949e+00
0.850000 48.550000 1.071016430185e+00 -1.510865767662e-01 1.081621e+00
0.850000 48.575000 1.078507852146e+00 -1.749682619273e-01 1.092608e+00
0.850000 48.600000 1.083435451247e+00 -2.000495366095e-01 1.101750e+00
0.850000 48.625000 1.085620640512e+00 -2.260283897155e-01 1.108901e+00
0.850000 48.650000 1.084927701872e+00 -2.525727810078e-01 1.113939e+00
0.850000 48.675000 1.081269177910e+00 -2.793277524599e-01 1.116766e+00
0.850000 48.700000 1.074609948111e+00 -3.059235398326e-01 1.117307e+00
0.850000 48.725000 1.064969798098e+00 -3.319844210551e-01 1.115515e+00
0.850000 48.750000 1.052424347272e+00 -3.571379993323e-01 1.111371e+00
0.850000 48.775000 1.037104265645e+00 -3.810245937865e-01 1.104882e+00
0.850000 48.800000 1.019192780912e+00 -4.033064009701e-01 1.096088e+00
0.850000 48.825000 9.989215475888e-01 -4.236760976338e-01 1.085056e+00
0.850000 48.850000 9.765650171197e-01 -4.418645783574e-01 1.071879e+00
0.850000 48.875000 9.524335071133e-01 -4.576475593600e-01 1.056679e+00
0.850000 48.900000 9.268652159247e-01 -4.708508292623e-01 1.039606e+00
0.850000 48.925000 9.002174634261e-01 -4.813539851689e-01 1.020830e+00
0.850000 48.950000 8.728574588373e-01 -4.890925541863e-01 1.000546e+00
0.850000 48.975000 8.451529021202e-01 -4.940584624055e-01 9.789674e-01
0.850000 49.000000 8.174627180457e-01 -4.962988719177e-01 9.563252e-01
0.850000 49.025000 7.901282038111e-01 -4.959134588496e-01 9.328627e-01
0.850000 49.050000 7.634648448431e-01 -4.930502499673e-01 9.088328e-01
0.850000 49.075000 7.377550220336e-01 -4.879001714748e-01 8.844937e-01
0.850000 49.100000 7.132417997927e-01 -4.806904915810e-01 8.601030e-01
0.850000 49.125000 6.901239499382e-01 -4.716773594037e-01 8.359130e-01
0.850000 49.150000 6.685523327837e-01 -4.611376584160e-01 8.121639e-01
0.850000 49.175000 6.486277240939e-01 -4.493604045932e-01 7.890771e-01
0.850000 49.200000 6.304001442922e-01 -4.366379290448e-01 7.668488e-01
0.850000 49.225000 6.138697132999e-01 -4.232570929095e-01 7.456424e-01
0.850000 49.250000 5.989890192273e-01 -4.094907885527e-01 7.255829e-01
0.850000 49.275000 5.856669506083e-01 -3.955899845804e-01 7.067512e-01
0.850000 49.300000 5.737738991827e-01 -3.817765710940e-01 6.891806e-01
0.850000 49.325000 5.631481935709e-01 -3.682372536187e-01 6.728555e-01
0.850000 49.350000 5.536035746936e-01 -3.551187267679e-01 6.577129e-01
0.850000 49.375000 5.449374738066e-01 -3.425243297783e-01 6.436457e-01
0.850000 49.400000 5.369398068212e-01 -3.305123441276e-01 6.305099e-01
0.850000 49.425000 5.294019581927e-01 -3.190960381745e-01 6.181333e-01
0.850000 49.450000 5.221255983749e-01 -3.082454962219e-01 6.063253e-01
0.850000 49.475000 5.149309647703e-01 -2.978911920977e-01 5.948891e-01
0.850000 49.500000 5.076642406243e-01 -2.879291842308e-01 5.836319e-01
0.850000 49.525000 5.002036916072e-01 -2.782277253365e-01 5.723761e-01
0.850000 49.550000 4.924642665272e-01 -2.686350010353e-01 5.609686e-01
0.850000 49.575000 4.844004355516e-01 -2.589876440107e-01 5.492890e-01
0.850000 49.600000 4.760071235278e-01 -2.491196193393e-01 5.372554e-01
0.850000 49.625000 4.673186928799e-01 -2.388710470938e-01 5.248296e-01
0.850000 49.650000 4.584060341445e-01 -2.280965235421e-01 5.120196e-01
0.850000 49.675000 4.493719257704e-01 -2.166725237713e-01 4.988809e-01
0.850000 49.700000 4.403449212208e-01 -2.045035159033e-01 4.855155e-01
0.850000 49.725000 4.314721039702e-01 -1.915264878162e-01 4.720705e-01
0.850000 49.750000 4.229111137710e-01 -1.777136772157e-01 4.587330e-01
0.850000 49.775000 4.148218860715e-01 -1.630733992653e-01 4.457243e-01
0.850000 49.800000 4.073585578737e-01 -1.476489760632e-01 4.332911e-01
0.850000 49.825000 4.006619767573e-01 -1.315158817420e-01 4.216947e-01
0.850000 49.850000 3.948532063489e-01 -1.147773186755e-01 4.111969e-01
0.850000 49.875000 3.900283541378e-01 -9.755852754271e-02 4.020445e-01
0.850000 49.900000 3.862549608038e-01 -8.000020121901e-02 3.944527e-01
0.850000 49.925000 3.835700899665e-01 -6.225141546578e-02 3.885888e-01
0.850000 49.950000 3.819801501562e-01 -4.446250562799e-02 3.845592e-01
0.850000 49.975000 3.814623738929e-01 -2.677830734071e-02 3.824011e-01
0.850000 50.000000 3.819677789834e-01 -9.332141663590e-03 3.820818e-01
0.850000 50.025000 3.834253509076e-01 7.759136058539e-03 3.835039e-01
0.850000 50.050000 3.857471179107e-01 2.439878467832e-02 3.865180e-01
0.850000 50.075000 3.888337463370e-01 4.051237819867e-02 3.909385e-01
0.850000 50.100000 3.925802654561e-01 5.604851568342e-02 3.965611e-01
0.850000 50.125000 3.968815394952e-01 7.097809841270e-02 4.031784e-01
0.850000 50.150000 4.016371389616e-01 8.529232790210e-02 4.105937e-01
0.850000 50.175000 4.067553210442e-01 9.899966079586e-02 4.186297e-01
0.850000 50.200000 4.121559057391e-01 1.121220204385e-01 4.271344e-01
0.850000 50.225000 4.177719247997e-01 1.246906057210e-01 4.359829e-01
0.850000 50.250000 4.235500181133e-01 1.367416527590e-01 4.450763e-01
0.850000 50.275000 4.294496494632e-01 1.483124930675e-01 4.543386e-01
0.850000 50.300000 4.354413036207e-01 1.594382141214e-01 4.637129e-01
0.850000 50.325000 4.415039024890e-01 1.701491674121e-01 4.731558e-01
0.850000 50.350000 4.476217337592e-01 1.804694900715e-01 4.826328e-01
0.850000 50.375000 4.537812168850e-01 1.904167150294e-01 4.921137e-01
0.850000 50.400000 4.599678356307e-01 2.000024487835e-01 5.015689e-01
0.850000 50.425000 4.661635436671e-01 2.092340029565e-01 5.109670e-01
0.850000 50.450000 4.723449015658e-01 2.181167835095e-01 5.202736e-01
0.850000 50.475000 4.784821341063e-01 2.266571766101e-01 5.294513e-01
0.850000 50.500000 4.845392119520e-01 2.348656281198e-01 5.384609e-01
0.850000 50.525000 4.904749687064e-01 2.427595979735e-01 5.472640e-01
0.850000 50.550000 4.962451711304e-01 2.503660825846e-01 5.558259e-01
0.850000 50.575000 5.018053749150e-01 2.577234366464e-01 5.641188e-01
0.850000 50.600000 5.071143281764e-01 2.648822867850e-01 5.721255e-01
0.850000 50.625000 5.121376357299e-01 2.719054079137e-01 5.798427e-01
0.850000 50.650000 5.168513731975e-01 2.788665218050e-01 5.872835e-01
0.850000 50.675000 5.212453428168e-01 2.858480684293e-01 5.944795e-01
0.850000 50.700000 5.253256916925e-01 2.929380860526e-01 6.014813e-01
0.850000 50.725000 5.291166650470e-01 3.002264086099e-01 6.083587e-01
0.850000 50.750000 5.326613366970e-01 3.078004425425e-01 6.151985e-01
0.850000 50.775000 5.360212398974e-01 3.157408160371e-01 6.221021e-01
0.850000 50.800000 5.392749064875e-01 3.241171996143e-01 6.291815e-01
0.850000 50.825000 5.425154035137e-01 3.329845787925e-01 6.365545e-01
0.850000 50.850000 5.458470274196e-01 3.423802197920e-01 6.443393e-01
0.850000 50.875000 5.493813710354e-01 3.523215124608e-01 6.526487e-01
0.850000 50.900000 5.532330142667e-01 3.628048065979e-01 6.615845e-01
0.850000 50.925000 5.575151038999e-01 3.738052850564e-01 6.712328e-01
0.850000 50.950000 5.623350816940e-01 3.852778458103e-01 6.816596e-01
0.850000 50.975000 5.677907951419e-01 3.971589012890e-01 6.929081e-01
0.850000 51.000000 5.739671856886e-01 4.093689512374e-01 7.049974e-01
0.850000 51.025000 5.809336994752e-01 4.218157481452e-01 7.179223e-01
0.850000 51.050000 5.887425109198e-01 4.343978532025e-01 7.316551e-01
0.850000 51.075000 5.974275945906e-01 4.470083754602e-01 7.461476e-01
0.850000 51.100000 6.070046301247e-01 4.595386956626e-01 7.613346e-01
0.850000 51.125000 6.174716816539e-01 4.718819963187e-01 7.771383e-01
0.850000 51.150000 6.288105593562e-01 4.839364476159e-01 7.934716e-01
0.850000 51.175000 6.409887471065e-01 4.956079312723e-01 8.102430e-01
0.850000 51.200000 6.539617664379e-01 5.068122181531e-01 8.273600e-01
0.850000 51.225000 6.676758418729e-01 5.174765478423e-01 8.447325e-01
0.850000 51.250000 6.820707343937e-01 5.275405875640e-01 8.622758e-01
0.850000 51.275000 6.970826163790e-01 5.369567729235e-01 8.799129e-01
0.850000 51.300000 7.126468708966e-01 5.456900537611e-01 8.975763e-01
0.850000 51.325000 7.287007092943e-01 5.537170853918e-01 9.152089e-01
0.850000 51.350000 7.451855126243e-01 5.610249194876e-01 9.327649e-01
0.850000 51.375000 7.620488141462e-01 5.676092607523e-01 9.502098e-01
0.850000 51.400000 7.792458520853e-01 5.734723661238e-01 9.675198e-01
0.850000 51.425000 7.967406344118e-01 5.786206729834e-01 9.846814e-01
0.850000 51.450000 8.145064712503e-01 5.830622518132e-01 1.001690e+00
0.850000 51.475000 8.325259461803e-01 5.868041865501e-01 1.018547e+00
0.850000 51.500000 8.507903154318e-01 5.898499918348e-01 1.035262e+00
0.850000 51.525000 8.692983437812e-01 5.921971795631e-01 1.051845e+00
0.850000 51.550000 8.880546073037e-01 5.938350866888e-01 1.068308e+00
0.850000 51.575000 9.070673152000e-01 5.947430713800e-01 1.084661e+00
0.850000 51.600000 9.263457244887e-01 5.948891749642e-01 1.100913e+00
0.850000 51.625000 9.458972411582e-01 5.942293326030e-01 1.117063e+00
0.850000 51.650000 9.657243180872e-01 5.927071967779e-01 1.133104e+00
0.850000 51.675000 9.858212725860e-01 5.902546152498e-01 1.149019e+00
0.850000 51.700000 1.006171153985e+00 5.867927803563e-01 1.164777e+00
0.850000 51.725000 1.026742793913e+00 5.822340406164e-01 1.180338e+00
0.850000 51.750000 1.047488168792e+00 5.764843399214e-01 1.195644e+00
0.850000 51.775000 1.068340195995e+00 5.694462253138e-01 1.210628e+00
0.850000 51.800000 1.089211072728e+00 5.610223423655e-01 1.225205e+00
0.850000 51.825000 1.109991250776e+00 5.511193181620e-01 1.239279e+00
0.850000 51.850000 1.130549121657e+00 5.396519161742e-01 1.252743e+00
0.850000 51.875000 1.150731466037e+00 5.265473349947e-01 1.265478e+00
0.850000 51.900000 1.170364699235e+00 5.117495139759e-01 1.277357e+00
0.850000 51.925000 1.189256921412e+00 4.952233031752e-01 1.288246e+00
0.850000 51.950000 1.207200757041e+00 4.769583526776e-01 1.298007e+00
0.850000 51.975000 1.223976943541e+00 4.569725774432e-01 1.306500e+00
0.850000 52.000000 1.239358603769e+00 4.353150586273e-01 1.313586e+00
0.850000 52.025000 1.253116111762e+00 4.120682512265e-01 1.319129e+00
0.850000 52.050000 1.265022436311e+00 3.873493814198e-01 1.322997e+00
0.850000 52.075000 1.274858823489e+00 3.613109354357e-01 1.325070e+00
0.850000 52.100000 1.282420658289e+00 3.341401654371e-01 1.325237e+00
0.850000 52.125000 1.287523328447e+00 3.060575665652e-01 1.323400e+00
0.850000 52.150000 1.290007901651e+00 2.773143123989e-01 1.319479e+00
0.850000 52.175000 1.289746422177e+00 2.481886725669e-01 1.313409e+00
0.850000 52.200000 1.286646635386e+00 2.189814746290e-01 1.305148e+00
0.850000 52.225000 1.280655959407e+00 1.900107107291e-01 1.294675e+00
0.850000 52.250000 1.271764542547e+00 1.616054258352e-01 1.281991e+00
0.850000 52.275000 1.260007272197e+00 1.340990565122e-01 1.267123e+00
0.850000 52.300000 1.245464635092e+00 1.078224151781e-01 1.250123e+00
0.850000 52.325000 1.228262368031e+00 8.309653310266e-02 1.231070e+00
0.850000 52.350000 1.208569880684e+00 6.022558498049e-02 1.210070e+00
0.850000 52.375000 1.186597475578e+00 3.949011826996e-02 1.187254e+00
0.850000 52.400000 1.162592432705e+00 2.114080185686e-02 1.162785e+00
0.850000 52.425000 1.136834065344e+00 5.392891690744e-03 1.136847e+00
0.850000 52.450000 1.109627888061e+00 -7.578412933634e-03 1.109654e+00
0.850000 52.475000 1.081299066352e+00 -1.764157832680e-02 1.081443e+00
0.850000 52.500000 1.052185339242e+00 -2.471120000816e-02 1.052475e+00
0.850000 52.525000 1.022629621285e+00 -2.874924636879e-02 1.023034e+00
0.850000 52.550000 9.929724988733e-01 -2.976504489929e-02 9.934185e-01
0.850000 52.575000 9.635448380024e-01 -2.781401061574e-02 9.639462e-01
0.850000 52.600000 9.346607171465e-01 -2.299515269575e-02 9.349435e-01
0.850000 52.625000 9.066108900286e-01 -1.544743040488e-02 9.067425e-01
0.850000 52.650000 8.796569692269e-01 -5.345062751947e-03 8.796732e-01
0.850000 52.675000 8.540265028146e-01 7.108072430705e-03 8.540561e-01
0.850000 52.700000 8.299090926449e-01 2.168478560971e-02 8.301923e-01
0.850000 52.725000 8.074536744258e-01 3.814147908956e-02 8.083540e-01
0.850000 52.750000 7.867670464472e-01 5.622539593916e-02 7.887735e-01
0.850000 52.775000 7.679136960065e-01 7.568198734633e-02 7.716341e-01
0.850000 52.800000 7.509169308917e-01 9.626216208839e-02 7.570618e-01
0.850000 52.825000 7.357612787995e-01 1.177291803005e-01 7.451207e-01
0.850000 52.850000 7.223960718965e-01 1.398649611406e-01 7.358113e-01
0.850000 52.875000 7.107400888765e-01 1.624755909914e-01 7.290746e-01
0.850000 52.900000 7.006870851871e-01 1.853958456493e-01 7.247993e-01
0.850000 52.925000 6.921120060569e-01 2.084925759986e-01 7.228334e-01
0.850000 52.950000 6.848776489488e-01 2.316668506800e-01 7.229986e-01
0.850000 52.975000 6.788415241314e-01 2.548547992682e-01 7.251047e-01
0.850000 53.000000 6.738626556847e-01 2.780271529045e-01 7.289650e-01
0.850000 53.025000 6.698080711655e-01 3.011875332192e-01 7.344091e-01
0.850000 53.050000 6.665587462326e-01 3.243695916263e-01 7.412936e-01
0.850000 53.075000 6.640147997854e-01 3.476331466665e-01 7.495095e-01
0.850000 53.100000 6.620997738063e-01 3.710595044105e-01 7.589870e-01
0.850000 53.125000 6.607638777031e-01 3.947461740101e-01 7.696970e-01
0.850000 53.150000 6.599861266570e-01 4.188012060367e-01 7.816496e-01
0.850000 53.175000 6.597753542986e-01 4.433373848678e-01 7.948909e-01
0.850000 53.200000 6.601701290088e-01 4.684664984726e-01 8.094970e-01
0.850000 53.225000 6.612376476525e-01 4.942938906425e-01 8.255675e-01
0.850000 53.250000 6.630717184910e-01 5.209134736915e-01 8.432170e-01
0.850000 53.275000 6.657899747950e-01 5.484033460312e-01 8.625674e-01
0.850000 53.300000 6.695304814254e-01 5.768221210335e-01 8.837391e-01
0.850000 53.325000 6.744479079989e-01 6.062060335232e-01 9.068438e-01
0.850000 53.350000 6.807094444415e-01 6.365668501995e-01 9.319778e-01
0.850000 53.375000 6.884906283187e-01 6.678905721518e-01 9.592170e-01
0.850000 53.400000 6.979712392446e-01 7.001368830298e-01 9.886129e-01
0.850000 53.425000 7.093313949756e-01 7.332392666523e-01 1.020192e+00
0.850000 53.450000 7.227479577265e-01 7.671056939785e-01 1.053952e+00
0.850000 53.475000 7.383913291255e-01 8.016197622753e-01 1.089870e+00
0.850000 53.500000 7.564226794563e-01 8.366421596390e-01 1.127894e+00
0.850000 53.525000 7.769916229735e-01 8.720123262633e-01 1.167956e+00
0.850000 53.550000 8.002343177965e-01 9.075501901959e-01 1.209968e+00
0.850000 53.575000 8.262719379998e-01 9.430578697460e-01 1.253828e+00
0.850000 53.600000 8.552094389559e-01 9.783212567318e-01 1.299421e+00
0.850000 53.625000 8.871345166915e-01 1.013111423445e+00 1.346626e+00
0.850000 53.650000 9.221166497999e-01 1.047185830096e+00 1.395313e+00
0.850000 53.675000 9.602061098470e-01 1.080289346487e+00 1.445345e+00
0.850000 53.700000 1.001432834213e+00 1.112155139220e+00 1.496582e+00
0.850000 53.725000 1.045805074264e+00 1.142505510897e+00 1.548879e+00
0.850000 53.750000 1.093307761073e+00 1.171052807299e+00 1.602088e+00
0.850000 53.775000 1.143900569144e+00 1.197500529514e+00 1.656054e+00
0.850000 53.800000 1.197515703248e+00 1.221544797589e+00 1.710618e+00
0.850000 53.825000 1.254055481335e+00 1.242876308708e+00 1.765615e+00
0.850000 53.850000 1.313389833566e+00 1.261182915005e+00 1.820872e+00
0.850000 53.875000 1.375353879702e+00 1.276152914333e+00 1.876210e+00
0.850000 53.900000 1.439745780258e+00 1.287479102860e+00 1.931443e+00
0.850000 53.925000 1.506325077303e+00 1.294863584212e+00 1.986375e+00
0.850000 53.950000 1.574811745905e+00 1.298023269567e+00 2.040808e+00
0.850000 53.975000 1.644886165356e+00 1.296695941364e+00 2.094534e+00
0.850000 54.000000 1.716190190245e+00 1.290646694831e+00 2.147342e+00
0.850000 54.025000 1.788329456541e+00 1.279674521283e+00 2.199020e+00
0.850000 54.050000 1.860876999620e+00 1.263618759360e+00 2.249354e+00
0.850000 54.075000 1.933378193517e+00 1.242365118424e+00 2.298135e+00
0.850000 54.100000 2.005356948123e+00 1.215850974364e+00 2.345155e+00
0.850000 54.125000 2.076323028687e+00 1.184069652857e+00 2.390217e+00
0.850000 54.150000 2.145780294690e+00 1.147073447923e+00 2.433136e+00
0.850000 54.175000 2.213235597596e+00 1.104975172478e+00 2.473738e+00
0.850000 54.200000 2.278208032758e+00 1.057948099235e+00 2.511869e+00
0.850000 54.225000 2.340238212563e+00 1.006224220946e+00 2.547391e+00
0.850000 54.250000 2.398897217205e+00 9.500908340809e-01 2.580190e+00
0.850000 54.275000 2.453794886471e+00 8.898855253043e-01 2.610173e+00
0.850000 54.300000 2.504587139771e+00 8.259897112314e-01 2.637274e+00
0.850000 54.325000 2.550982050485e+00 7.588209454013e-01 2.661450e+00
0.850000 54.350000 2.592744452073e+00 6.888242591323e-01 2.682686e+00
0.850000 54.375000 2.629698914354e+00 6.164628428654e-01 2.700989e+00
0.850000 54.400000 2.661730995637e+00 5.422084003119e-01 2.716395e+00
0.850000 54.425000 2.688786746986e+00 4.665315185812e-01 2.728961e+00
0.850000 54.450000 2.710870515492e+00 3.898923934293e-01 2.738765e+00
0.850000 54.475000 2.728041161303e+00 3.127322303414e-01 2.745908e+00
0.850000 54.500000 2.740406865473e+00 2.354656102789e-01 2.750504e+00
0.850000 54.525000 2.748118759968e+00 1.584740649472e-01 2.752684e+00
0.850000 54.550000 2.751363655172e+00 8.210105208918e-02 2.752588e+00
0.850000 54.575000 2.750356171857e+00 6.648458763164e-03 2.750364e+00
0.850000 54.600000 2.745330602205e+00 -6.762530759916e-02 2.746163e+00
0.850000 54.625000 2.736532826750e+00 -1.405056512904e-01 2.740138e+00
0.850000 54.650000 2.724212600568e+00 -2.118206243683e-01 2.732435e+00
0.850000 54.675000 2.708616492667e+00 -2.814384126589e-01 2.723199e+00
0.850000 54.700000 2.689981718605e+00 -3.492636745157e-01 2.712561e+00
0.850000 54.725000 2.668531049902e+00 -4.152329797631e-01 2.700644e+00
0.850000 54.750000 2.644468918190e+00 -4.793096256004e-01 2.687555e+00
0.850000 54.775000 2.617978761286e+00 -5.414781179627e-01 2.673389e+00
0.850000 54.800000 2.589221587568e+00 -6.017385998403e-01 2.658225e+00
0.850000 54.825000 2.558335669249e+00 -6.601014826417e-01 2.642123e+00
0.850000 54.850000 2.525437219711e+00 -7.165824947946e-01 2.625133e+00
0.850000 54.875000 2.490621869391e+00 -7.711983068854e-01 2.607287e+00
0.850000 54.900000 2.453966732305e+00 -8.239628296020e-01 2.588603e+00
0.850000 54.925000 2.415532852864e+00 -8.748842154173e-01 2.569090e+00
0.850000 54.950000 2.375367840210e+00 -9.239625336556e-01 2.548741e+00
0.850000 54.975000 2.333508532721e+00 -9.711880374622e-01 2.527542e+00
0.850000 55.000000 2.289983584565e+00 -1.016539905551e+00 2.505470e+00
0.850000 55.025000 2.244815923586e+00 -1.059985325354e+00 2.482492e+00
0.850000 55.050000 2.198025088601e+00 -1.101478789133e+00 2.458571e+00
0.850000 55.075000 2.149629507190e+00 -1.140961500515e+00 2.433660e+00
0.850000 55.100000 2.099648815375e+00 -1.178360832817e+00 2.407708e+00
0.850000 55.125000 2.048106342500e+00 -1.213589837751e+00 2.380660e+00
0.850000 55.150000 1.995031884120e+00 -1.246546866713e+00 2.352452e+00
0.850000 55.175000 1.940464861198e+00 -1.277115429224e+00 2.323021e+00
0.850000 55.200000 1.884457916249e+00 -1.305164465951e+00 2.292299e+00
0.850000 55.225000 1.827080930002e+00 -1.330549249495e+00 2.260218e+00
0.850000 55.250000 1.768425361441e+00 -1.353113138549e+00 2.226711e+00
0.850000 55.275000 1.708608727806e+00 -1.372690395854e+00 2.191717e+00
0.850000 55.300000 1.647778958030e+00 -1.389110236001e+00 2.155180e+00
0.850000 55.325000 1.586118282644e+00 -1.402202196796e+00 2.117060e+00
0.850000 55.350000 1.523846273969e+00 -1.411802831761e+00 2.077329e+00
0.850000 55.375000 1.461221629727e+00 -1.417763607859e+00 2.035982e+00
0.850000 55.400000 1.398542306087e+00 -1.419959770639e+00 1.993039e+00
0.850000 55.425000 1.336143655078e+00 -1.418299818488e+00 1.948552e+00
0.850000 55.450000 1.274394305610e+00 -1.412735119070e+00 1.902604e+00
0.850000 55.475000 1.213689643515e+00 -1.403269114502e+00 1.855319e+00
0.850000 55.500000 1.154442887747e+00 -1.389965506004e+00 1.806860e+00
0.850000 55.525000 1.097073918525e+00 -1.372954790800e+00 1.757435e+00
0.850000 55.550000 1.041996178481e+00 -1.352438548115e+00 1.707292e+00
0.850000 55.575000 9.896021284195e-01 -1.328690938985e+00 1.656723e+00
0.850000 55.600000 9.402478838320e-01 -1.302056994683e+00 1.606057e+00
0.850000 55.625000 8.942377757153e-01 -1.272947416627e+00 1.555653e+00
0.850000 55.650000 8.518096601481e-01 -1.241829789582e+00 1.505895e+00
0.850000 55.675000 8.131218376141e-01 -1.209216310523e+00 1.457179e+00
0.850000 55.700000 7.782424300027e-01 -1.175648346540e+00 1.409897e+00
0.850000 55.725000 7.471419979545e-01 -1.141678344386e+00 1.364423e+00
0.850000 55.750000 7.196900641761e-01 -1.107849808876e+00 1.321092e+00
0.850000 55.775000 6.956560429921e-01 -1.074676234566e+00 1.280182e+00
0.850000 55.800000 6.747148692594e-01 -1.042620003223e+00 1.241892e+00
0.850000 55.825000 6.564573801787e-01 -1.012072338133e+00 1.206328e+00
0.850000 55.850000 6.404052434076e-01 -9.833354271045e-01 1.173485e+00
0.850000 55.875000 6.260299581608e-01 -9.566077838287e-01 1.143246e+00
0.850000 55.900000 6.127751980539e-01 -9.319738099336e-01 1.115378e+00
0.850000 55.925000 6.000815313866e-01 -9.093983494303e-01 1.089543e+00
0.850000 55.950000 5.874123621701e-01 -8.887267989322e-01 1.065312e+00
0.850000 55.975000 5.742797980704e-01 -8.696910608549e-01 1.042190e+00
0.850000 56.000000 5.602690818402e-01 -8.519213162539e-01 1.019643e+00
0.850000 56.025000 5.450602296844e-01 -8.349632658946e-01 9.971230e-01
0.850000 56.050000 5.284456080482e-01 -8.183001618477e-01 9.740995e-01
0.850000 56.075000 5.103423492233e-01 -8.013786479780e-01 9.500827e-01
0.850000 56.100000 4.907987502294e-01 -7.836371668863e-01 9.246462e-01
0.850000 56.125000 4.699941074405e-01 -7.645354923363e-01 8.974458e-01
0.850000 56.150000 4.482317950678e-01 -7.435838262783e-01 8.682331e-01
0.850000 56.175000 4.259257782442e-01 -7.203698701053e-01 8.368665e-01
0.850000 56.200000 4.035811373388e-01 -6.945823470423e-01 8.033196e-01
0.850000 56.225000 3.817695440009e-01 -6.660296164007e-01 7.676871e-01
0.850000 56.250000 3.611009463455e-01 -6.346522738164e-01 7.301900e-01
0.850000 56.275000 3.421929678919e-01 -6.005289608742e-01 6.911809e-01
0.850000 56.300000 3.256396837024e-01 -5.638749930388e-01 6.511499e-01
0.850000 56.325000 3.119814946524e-01 -5.250338322180e-01 6.107315e-01
0.850000 56.350000 3.016777708429e-01 -4.844618522054e-01 5.707125e-01
0.850000 56.375000 2.950837793733e-01 -4.427072433223e-01 5.320377e-01
0.850000 56.400000 2.924331592557e-01 -4.003842496198e-01 4.958071e-01
0.850000 56.425000 2.938268735352e-01 -3.581442041653e-01 4.632510e-01
0.850000 56.450000 2.992291779946e-01 -3.166450065709e-01 4.356629e-01
0.850000 56.475000 3.084707237909e-01 -2.765207601433e-01 4.142679e-01
0.850000 56.500000 3.212584868162e-01 -2.383532495968e-01 4.000241e-01
0.850000 56.525000 3.371918183239e-01 -2.026467979557e-01 3.934006e-01
0.850000 56.550000 3.557835659646e-01 -1.698078044851e-01 3.942292e-01
0.850000 56.575000 3.764849440937e-01 -1.401299522910e-01 4.017180e-01
0.850000 56.600000 3.987126533626e-01 -1.137857078307e-01 4.146311e-01
0.850000 56.625000 4.218766714241e-01 -9.082434137365e-02 4.315426e-01
0.850000 56.650000 4.454071607453e-01 -7.117630494440e-02 4.510583e-01
0.850000 56.675000 4.687790602281e-01 -5.466343885191e-02 4.719554e-01
0.850000 56.700000 4.915331321251e-01 -4.101416289097e-02 4.932413e-01
0.850000 56.725000 5.132925066410e-01 -2.988256226380e-02 5.141616e-01
0.850000 56.750000 5.337740819375e-01 -2.087011388010e-02 5.341819e-01
0.850000 56.775000 5.527944733353e-01 -1.354872203752e-02 5.529605e-01
0.850000 56.800000 5.702705387066e-01 -7.483743026892e-03 5.703196e-01
0.850000 56.825000 5.862148155188e-01 -2.255769243378e-03 5.862192e-01
0.850000 56.850000 6.007264702173e-01 2.519896989568e-03 6.007318e-01
0.850000 56.875000 6.139785685780e-01 7.176937301584e-03 6.140205e-01
0.850000 56.900000 6.262026174646e-01 1.198548939124e-02 6.263173e-01
0.850000 56.925000 6.376714006229e-01 1.714374558998e-02 6.379018e-01
0.850000 56.950000 6.486811354311e-01 2.277376676031e-02 6.490808e-01
0.850000 56.975000 6.595339201734e-01 2.892136052123e-02 6.601677e-01
0.850000 57.000000 6.705213322851e-01 3.555966579366e-02 6.714636e-01
0.850000 57.025000 6.819098895741e-01 4.259592133436e-02 6.832390e-01
0.850000 57.050000 6.939289124066e-01 4.988078007134e-02 6.957194e-01
0.850000 57.075000 7.067611392263e-01 5.721946549527e-02 7.090736e-01
0.850000 57.100000 7.205362636669e-01 6.438404928875e-02 7.234071e-01
0.850000 57.125000 7.353273903522e-01 7.112615590457e-02 7.387593e-01
0.850000 57.150000 7.511502573823e-01 7.718946271056e-02 7.551059e-01
0.850000 57.175000 7.679649529506e-01 8.232145483908e-02 7.723645e-01
0.850000 57.200000 7.856797652124e-01 8.628400253920e-02 7.904035e-01
0.850000 57.225000 8.041567494423e-01 8.886244620316e-02 8.090517e-01
0.850000 57.250000 8.232185732972e-01 8.987299160350e-02 8.281099e-01
0.850000 57.275000 8.426562062713e-01 8.916832774059e-02 8.473609e-01
0.850000 57.300000 8.622370483668e-01 8.664147615462e-02 8.665792e-01
0.850000 57.325000 8.817131398051e-01 8.222795949083e-02 8.855391e-01
0.850000 57.350000 9.008291521110e-01 7.590643625065e-02 9.040215e-01
0.850000 57.375000 9.193299249925e-01 6.769798751482e-02 9.218191e-01
0.850000 57.400000 9.369673775469e-01 5.766426105412e-02 9.387401e-01
0.850000 57.425000 9.535066817228e-01 4.590468101376e-02 9.546110e-01
0.850000 57.450000 9.687316370306e-01 3.255292059109e-02 9.692784e-01
0.850000 57.475000 9.824492258675e-01 1.777281473588e-02 9.826100e-01
0.850000 57.500000 9.944933574050e-01 1.753864018235e-03 9.944949e-01
0.850000 57.525000 1.004727824956e+00 -1.529354657982e-02 1.004844e+00
0.850000 57.550000 1.013048508324e+00 -3.314311555500e-02 1.013591e+00
0.850000 57.575000 1.019384850993e+00 -5.155770158573e-02 1.020688e+00
0.850000 57.600000 1.023700634877e+00 -7.029444495742e-02 1.026111e+00
0.850000 57.625000 1.025994065772e+00 -8.910987576395e-02 1.029856e+00
0.850000 57.650000 1.026297173724e+00 -1.077649495835e-01 1.031940e+00
0.850000 57.675000 1.024674526961e+00 -1.260299435637e-01 1.032396e+00
0.850000 57.700000 1.021221258071e+00 -1.436891335817e-01 1.031280e+00
0.850000 57.725000 1.016060408137e+00 -1.605451588502e-01 1.028666e+00
0.850000 57.750000 1.009339609095e+00 -1.764229668322e-01 1.024642e+00
0.850000 57.775000 1.001227146226e+00 -1.911732214240e-01 1.019315e+00
0.850000 57.800000 9.919074701169e-01 -2.046750536447e-01 1.012804e+00
0.850000 57.825000 9.815762584555e-01 -2.168380385629e-01 1.005242e+00
0.850000 57.850000 9.704351600068e-01 -2.276032961917e-01 9.967686e-01
0.850000 57.875000 9.586863830104e-01 -2.369436379978e-01 9.875332e-01
0.850000 57.900000 9.465273148914e-01 -2.448627139662e-01 9.776869e-01
0.850000 57.925000 9.341453768044e-01 -2.513931563482e-01 9.673811e-01
0.850000 57.950000 9.217133227141e-01 -2.565937630240e-01 9.567632e-01
0.850000 57.975000 9.093851868295e-01 -2.605458128694e-01 9.459733e-01
0.850000 58.000000 8.972930644819e-01 -2.633486542861e-01 9.351403e-01
0.850000 58.025000 8.855448801551e-01 -2.651147526142e-01 9.243785e-01
0.850000 58.050000 8.742232535143e-01 -2.659644191093e-01 9.137852e-01
0.850000 58.075000 8.633855219834e-01 -2.660204705371e-01 9.034387e-01
0.850000 58.100000 8.530649195382e-01 -2.654030818111e-01 8.933972e-01
0.850000 58.125000 8.432728492895e-01 -2.642250929067e-01 8.836990e-01
0.850000 58.150000 8.340021258870e-01 -2.625880148275e-01 8.743638e-01
0.850000 58.175000 8.252310065957e-01 -2.605789479989e-01 8.653945e-01
0.850000 58.200000 8.169277807718e-01 -2.582685813682e-01 8.567810e-01
0.850000 58.225000 8.090556496635e-01 -2.557103838674e-01 8.485039e-01
0.850000 58.250000 8.015776046694e-01 -2.529410346521e-01 8.405390e-01
0.850000 58.275000 7.944610043096e-01 -2.499820681962e-01 8.328621e-01
0.850000 58.300000 7.876815592287e-01 -2.468426387908e-01 8.254535e-01
0.850000 58.325000 7.812264606121e-01 -2.435232403571e-01 8.183021e-01
0.850000 58.350000 7.750964295572e-01 -2.400201557444e-01 8.114087e-01
0.850000 58.375000 7.693065213554e-01 -2.363303585842e-01 8.047885e-01
0.850000 58.400000 7.638855866173e-01 -2.324565535335e-01 7.984718e-01
0.850000 58.425000 7.588743673177e-01 -2.284120199389e-01 7.925039e-01
0.850000 58.450000 7.543222862062e-01 -2.242249212842e-01 7.869428e-01
0.850000 58.475000 7.502830683246e-01 -2.199417590518e-01 7.818562e-01
0.850000 58.500000 7.468094092269e-01 -2.156296846041e-01 7.773162e-01
0.850000 58.525000 7.439469715719e-01 -2.113774351395e-01 7.733935e-01
0.850000 58.550000 7.417280461471e-01 -2.072947275191e-01 7.701504e-01
0.850000 58.575000 7.401652516670e-01 -2.035100237054e-01 7.676333e-01
0.850000 58.600000 7.392456672103e-01 -2.001666699160e-01 7.658661e-01
0.850000 58.625000 7.389257901721e-01 -1.974175040105e-01 7.648431e-01
0.850000 58.650000 7.391276903411e-01 -1.954181173978e-01 7.645247e-01
0.850000 58.675000 7.397366874579e-01 -1.943190440627e-01 7.648335e-01
0.850000 58.700000 7.406008167468e-01 -1.942572254545e-01 7.656536e-01
0.850000 58.725000 7.415322668266e-01 -1.953471616076e-01 7.668315e-01
0.850000 58.750000 7.423108804125e-01 -1.976722021722e-01 7.681795e-01
0.850000 58.775000 7.426897044818e-01 -2.012764529682e-01 7.694805e-01
0.850000 58.800000 7.424024678462e-01 -2.061577721073e-01 7.704949e-01
0.850000 58.825000 7.411727556195e-01 -2.122623035386e-01 7.709684e-01
0.850000 58.850000 7.387245473616e-01 -2.194809451091e-01 7.706399e-01
0.850000 58.875000 7.347936942257e-01 -2.276480740987e-01 7.692499e-01
0.850000 58.900000 7.291398355132e-01 -2.365427581136e-01 7.665490e-01
0.850000 58.925000 7.215582014398e-01 -2.458925668133e-01 7.623053e-01
0.850000 58.950000 7.118907207063e-01 -2.553799748905e-01 7.563117e-01
0.850000 58.975000 7.000358517165e-01 -2.646512147214e-01 7.483919e-01
0.850000 59.000000 6.859565868032e-01 -2.733273046037e-01 7.384066e-01
0.850000 59.025000 6.696861400395e-01 -2.810168525190e-01 7.262575e-01
0.850000 59.050000 6.513309198146e-01 -2.873301230950e-01 7.118922e-01
0.850000 59.075000 6.310705044076e-01 -2.918937639748e-01 6.953071e-01
0.850000 59.100000 6.091544775470e-01 -2.943655235648e-01 6.765502e-01
0.850000 59.125000 5.858961349857e-01 -2.944482605525e-01 6.557241e-01
0.850000 59.150000 5.616632346467e-01 -2.919025505658e-01 6.329871e-01
0.850000 59.175000 5.368661229444e-01 -2.865572388641e-01 6.085559e-01
0.850000 59.200000 5.119437189540e-01 -2.783173697557e-01 5.827066e-01
0.850000 59.225000 4.873479666216e-01 -2.671690407904e-01 5.557763e-01
0.850000 59.250000 4.635274642982e-01 -2.531808774628e-01 5.281650e-01
0.850000 59.275000 4.409110429762e-01 -2.365019945940e-01 5.003356e-01
0.850000 59.300000 4.198920841960e-01 -2.173564941608e-01 4.728141e-01
0.850000 59.325000 4.008143426867e-01 -1.960347350815e-01 4.461858e-01
0.850000 59.350000 3.839599674415e-01 -1.728817866038e-01 4.210859e-01
0.850000 59.375000 3.695403013183e-01 -1.482836318364e-01 3.981810e-01
0.850000 59.400000 3.576898896941e-01 -1.226518110465e-01 3.781343e-01
0.850000 59.425000 3.484639523160e-01 -9.640727689679e-02 3.615543e-01
0.850000 59.450000 3.418393805611e-01 -6.996426983599e-02 3.489257e-01
0.850000 59.475000 3.377191275420e-01 -4.371500859942e-02 3.405367e-01
0.850000 59.500000 3.359396739429e-01 -1.801592907832e-02 3.364224e-01
0.850000 59.525000 3.362810906157e-01 6.823900921279e-03 3.363503e-01
0.850000 59.550000 3.384790905644e-01 3.055170554032e-02 3.398551e-01
0.850000 59.575000 3.422383762299e-01 5.297694575644e-02 3.463144e-01
0.850000 59.600000 3.472465478905e-01 7.397414918552e-02 3.550385e-01
0.850000 59.625000 3.531878468073e-01 9.348267063419e-02 3.653501e-01
0.850000 59.650000 3.597560600089e-01 1.115035988684e-01 3.766397e-01
0.850000 59.675000 3.666660063962e-01 1.280941709329e-01 3.883968e-01
0.850000 59.700000 3.736631473699e-01 1.433601683682e-01 4.002203e-01
0.850000 59.725000 3.805310085900e-01 1.574468437701e-01 4.118171e-01
0.850000 59.750000 3.870962509588e-01 1.705289587249e-01 4.229937e-01
0.850000 59.775000 3.932313767075e-01 1.828005061773e-01 4.336438e-01
0.850000 59.800000 3.988551899739e-01 1.944646459552e-01 4.437364e-01
0.850000 59.825000 4.039312418769e-01 2.057243084082e-01 4.533023e-01
0.850000 59.850000 4.084645719578e-01 2.167738267106e-01 4.624221e-01
0.850000 59.875000 4.124971080853e-01 2.277918530731e-01 4.712144e-01
0.850000 59.900000 4.161021057632e-01 2.389357075686e-01 4.798242e-01
0.850000 59.925000 4.193779982220e-01 2.503372091870e-01 4.884124e-01
0.850000 59.950000 4.224419959861e-01 2.620999540075e-01 4.971455e-01
0.850000 59.975000 4.254237255086e-01 2.742979396643e-01 5.061864e-01
0.850000 60.000000 4.284591383345e-01 2.869753907060e-01 5.156861e-01
0.850000 60.025000 4.316848622540e-01 3.001476156674e-01 5.257760e-01
0.850000 60.050000 4.352331102308e-01 3.138027212071e-01 5.365631e-01
0.850000 60.075000 4.392272162012e-01 3.279040174152e-01 5.481255e-01
0.850000 60.100000 4.437778318881e-01 3.423929663389e-01 5.605102e-01
0.850000 60.125000 4.489797963504e-01 3.571925476455e-01 5.737328e-01
0.850000 60.150000 4.549096790203e-01 3.722109363499e-01 5.877787e-01
0.850000 60.175000 4.616239949492e-01 3.873454038923e-01 6.026053e-01
0.850000 60.200000 4.691580943771e-01 4.024863631495e-01 6.181461e-01
0.850000 60.225000 4.775257336703e-01 4.175214793809e-01 6.343146e-01
0.850000 60.250000 4.867193374546e-01 4.323397633224e-01 6.510095e-01
0.850000 60.275000 4.967109593789e-01 4.468355515984e-01 6.681196e-01
0.850000 60.300000 5.074539394461e-01 4.609122662215e-01 6.855287e-01
0.850000 60.325000 5.188852385541e-01 4.744858324781e-01 7.031207e-01
0.850000 60.350000 5.309284063994e-01 4.874876262444e-01 7.207837e-01
0.850000 60.375000 5.434971089501e-01 4.998668205412e-01 7.384145e-01
0.850000 60.400000 5.564991089151e-01 5.115920088957e-01 7.559217e-01
0.850000 60.425000 5.698405601475e-01 5.226520007915e-01 7.732292e-01
0.850000 60.450000 5.834304479680e-01 5.330557119908e-01 7.902781e-01
0.850000 60.475000 5.971849849991e-01 5.428311086343e-01 8.070288e-01
0.850000 60.500000 6.110317587145e-01 5.520232066910e-01 8.234619e-01
0.850000 60.525000 6.249134242314e-01 5.606911748864e-01 8.395781e-01
0.850000 60.550000 6.387907447450e-01 5.689046367009e-01 8.553982e-01
0.850000 60.575000 6.526448023863e-01 5.767393123560e-01 8.709612e-01
0.850000 60.600000 6.664782333496e-01 5.842721820736e-01 8.863223e-01
0.850000 60.625000 6.803153814256e-01 5.915763848507e-01 9.015496e-01
0.850000 60.650000 6.942013116203e-01 5.987160905783e-01 9.167205e-01
0.850000 60.675000 7.081996780928e-01 6.057415961468e-01 9.319172e-01
0.850000 60.700000 7.223894957490e-01 6.126848973285e-01 9.472219e-01
0.850000 60.725000 7.368609199905e-01 6.195559773575e-01 9.627116e-01
0.850000 60.750000 7.517101918463e-01 6.263400303209e-01 9.784529e-01
0.850000 60.775000 7.670339535505e-01 6.329958032670e-01 9.944972e-01
0.850000 60.800000 7.829231802249e-01 6.394551962823e-01 1.010877e+00
0.850000 60.825000 7.994570044130e-01 6.456242060817e-01 1.027600e+00
0.850000 60.850000 8.166967297713e-01 6.513852377638e-01 1.044651e+00
0.850000 60.875000 8.346803364281e-01 6.566007436696e-01 1.061987e+00
0.850000 60.900000 8.534177720689e-01 6.611180805961e-01 1.079536e+00
0.850000 60.925000 8.728872988672e-01 6.647754102668e-01 1.097205e+00
0.850000 60.950000 8.930331269991e-01 6.674084065951e-01 1.114873e+00
0.850000 60.975000 9.137645114749e-01 6.688574806943e-01 1.132403e+00
0.850000 61.000000 9.349564223701e-01 6.689751944997e-01 1.149640e+00
0.850000 61.025000 9.564518221043e-01 6.676335096072e-01 1.166420e+00
0.850000 61.050000 9.780655011749e-01 6.647305120972e-01 1.182573e+00
0.850000 61.075000 9.995893403061e-01 6.601962682976e-01 1.197931e+00
0.850000 61.100000 1.020798787553e+00 6.539975009668e-01 1.212330e+00
0.850000 61.125000 1.041460268724e+00 6.461408291248e-01 1.225617e+00
0.850000 61.150000 1.061339193532e+00 6.366743851584e-01 1.237657e+00
0.850000 61.175000 1.080208182315e+00 6.256877059214e-01 1.248333e+00
0.850000 61.200000 1.097855122017e+00 6.133098852988e-01 1.257551e+00
0.850000 61.225000 1.114090666937e+00 5.997060682760e-01 1.265245e+00
0.850000 61.250000 1.128754829396e+00 5.850724548878e-01 1.271376e+00
0.850000 61.275000 1.141722356121e+00 5.696300606024e-01 1.275934e+00
0.850000 61.300000 1.152906654449e+00 5.536175425908e-01 1.278939e+00
0.850000 61.325000 1.162262113630e+00 5.372834449057e-01 1.280440e+00
0.850000 61.350000 1.169784755042e+00 5.208782373223e-01 1.280512e+00
0.850000 61.375000 1.175511234922e+00 5.046465216074e-01 1.279256e+00
0.850000 61.400000 1.179516308413e+00 4.888197561189e-01 1.276794e+00
0.850000 61.425000 1.181908938850e+00 4.736098072937e-01 1.273269e+00
0.850000 61.450000 1.182827297013e+00 4.592035784698e-01 1.268837e+00
0.850000 61.475000 1.182432938341e+00 4.457588972329e-01 1.263665e+00
0.850000 61.500000 1.180904470304e+00 4.334017672121e-01 1.257924e+00
0.850000 61.525000 1.178431027031e+00 4.222250141321e-01 1.251788e+00
0.850000 61.550000 1.175205855139e+00 4.122882837629e-01 1.245428e+00
0.850000 61.575000 1.171420285801e+00 4.036192852745e-01 1.239005e+00
0.850000 61.600000 1.167258326623e+00 3.962161205450e-01 1.232672e+00
0.850000 61.625000 1.162892056490e+00 3.900505002202e-01 1.226563e+00
0.850000 61.650000 1.158477951055e+00 3.850716217902e-01 1.220799e+00
0.850000 61.675000 1.154154209551e+00 3.812104735521e-01 1.215481e+00
0.850000 61.700000 1.150039098534e+00 3.783843302101e-01 1.210688e+00
0.850000 61.725000 1.146230277586e+00 3.765012194823e-01 1.206481e+00
0.850000 61.750000 1.142805028241e+00 3.754641624451e-01 1.202903e+00
0.850000 61.775000 1.139821271760e+00 3.751750212493e-01 1.199979e+00
0.850000 61.800000 1.137319234942e+00 3.755378239697e-01 1.197716e+00
0.850000 61.825000 1.135323606103e+00 3.764614754533e-01 1.196112e+00
0.850000 61.850000 1.133846015853e+00 3.778618029673e-01 1.195151e+00
0.850000 61.875000 1.132887678615e+00 3.796629242635e-01 1.194813e+00
0.850000 61.900000 1.132442040455e+00 3.817979616090e-01 1.195071e+00
0.850000 61.925000 1.132497295487e+00 3.842091568245e-01 1.195896e+00
0.850000 61.950000 1.133038655663e+00 3.868474681541e-01 1.197258e+00
0.850000 61.975000 1.134050285617e+00 3.896717488355e-01 1.199131e+00
0.850000 62.000000 1.135516843648e+00 3.926476188927e-01 1.201487e+00
0.850000 62.025000 1.137424600049e+00 3.957461456481e-01 1.204305e+00
0.850000 62.050000 1.139762132944e+00 3.989424449741e-01 1.207565e+00
0.850000 62.075000 1.142520627712e+00 4.022143050025e-01 1.211251e+00
0.850000 62.100000 1.145693827323e+00 4.055409180656e-01 1.215351e+00
0.850000 62.125000 1.149277696353e+00 4.089017866548e-01 1.219852e+00
0.850000 62.150000 1.153269870122e+00 4.122758470048e-01 1.224746e+00
0.850000 62.175000 1.157668962373e+00 4.156408316507e-01 1.230022e+00
0.850000 62.200000 1.162473800516e+00 4.189728719753e-01 1.235671e+00
0.850000 62.225000 1.167682647898e+00 4.222463251013e-01 1.241682e+00
0.850000 62.250000 1.173292459407e+00 4.254337978467e-01 1.248042e+00
0.850000 62.275000 1.179298202011e+00 4.285063345065e-01 1.254736e+00
0.850000 62.300000 1.185692257592e+00 4.314337349226e-01 1.261745e+00
0.850000 62.325000 1.192463913687e+00 4.341849739041e-01 1.269050e+00
0.850000 62.350000 1.199598939978e+00 4.367287011442e-01 1.276624e+00
0.850000 62.375000 1.207079245576e+00 4.390338104082e-01 1.284442e+00
0.850000 62.400000 1.214882614406e+00 4.410700758953e-01 1.292472e+00
0.850000 62.425000 1.222982522798e+00 4.428088601328e-01 1.300679e+00
0.850000 62.450000 1.231348053147e+00 4.442238999165e-01 1.309027e+00
0.850000 62.475000 1.239943928393e+00 4.452921735151e-01 1.317477e+00
0.850000 62.500000 1.248730701590e+00 4.459948433782e-01 1.325986e+00
0.850000 62.525000 1.257665140750e+00 4.463182545511e-01 1.334512e+00
0.850000 62.550000 1.266700849252e+00 4.462549514504e-01 1.343010e+00
0.850000 62.575000 1.275789155185e+00 4.458046568742e-01 1.351436e+00
0.850000 62.600000 1.284880288282e+00 4.449751398732e-01 1.359750e+00
0.850000 62.625000 1.293924841298e+00 4.437828863201e-01 1.367913e+00
0.850000 62.650000 1.302875485256e+00 4.422534803659e-01 1.375890e+00
0.850000 62.675000 1.311688877446e+00 4.404216085706e-01 1.383654e+00
0.850000 62.700000 1.320327670638e+00 4.383306124955e-01 1.391186e+00
0.850000 62.725000 1.328762505309e+00 4.360315400034e-01 1.398475e+00
0.850000 62.750000 1.336973847216e+00 4.335816792114e-01 1.405522e+00
0.850000 62.775000 1.344953523592e+00 4.310425996085e-01 1.412338e+00
0.850000 62.800000 1.352705814738e+00 4.284777688897e-01 1.418945e+00
0.850000 62.825000 1.360247975041e+00 4.259498575235e-01 1.425380e+00
0.850000 62.850000 1.367610088091e+00 4.235178815864e-01 1.431686e+00
0.850000 62.875000 1.374834203050e+00 4.212343638147e-01 1.437918e+00
0.850000 62.900000 1.381972750830e+00 4.191427095458e-01 1.444136e+00
0.850000 62.925000 1.389086294860e+00 4.172749956862e-01 1.450407e+00
0.850000 62.950000 1.396240727762e+00 4.156503557736e-01 1.456796e+00
0.850000 62.975000 1.403504077055e+00 4.142741127708e-01 1.463368e+00
0.850000 63.000000 1.410943125332e+00 4.131377651044e-01 1.470185e+00
0.850000 63.025000 1.418620079152e+00 4.122198736829e-01 1.477298e+00
0.850000 63.050000 1.426589532977e+00 4.114878323253e-01 1.484749e+00
0.850000 63.075000 1.434895968182e+00 4.109004361349e-01 1.492570e+00
0.850000 63.100000 1.443572001982e+00 4.104110971188e-01 1.500779e+00
0.850000 63.125000 1.452637558454e+00 4.099714989641e-01 1.509381e+00
0.850000 63.150000 1.462100076051e+00 4.095354380202e-01 1.518373e+00
0.850000 63.175000 1.471955797061e+00 4.090625689744e-01 1.527739e+00
0.850000 63.200000 1.482192108934e+00 4.085217641027e-01 1.537460e+00
0.850000 63.225000 1.492790830615e+00 4.078938055837e-01 1.547515e+00
0.850000 63.250000 1.503732264256e+00 4.071731610254e-01 1.557883e+00
0.850000 63.275000 1.514999769208e+00 4.063686415037e-01 1.568553e+00
0.850000 63.300000 1.526584565486e+00 4.055028061780e-01 1.579523e+00
0.850000 63.325000 1.538490441769e+00 4.046100540188e-01 1.590805e+00
0.850000 63.350000 1.550738030856e+00 4.037334265323e-01 1.602432e+00
0.850000 63.375000 1.563368324841e+00 4.029202304181e-01 1.614455e+00
0.850000 63.400000 1.576445132808e+00 4.022166703125e-01 1.626947e+00
0.850000 63.425000 1.590056234343e+00 4.016617539444e-01 1.640003e+00
0.850000 63.450000 1.604313049796e+00 4.012807903223e-01 1.653737e+00
0.850000 63.475000 1.619348729194e+00 4.010788420071e-01 1.668279e+00
0.850000 63.500000 1.635314651280e+00 4.010345121130e-01 1.683770e+00
0.850000 63.525000 1.652375416915e+00 4.010944437265e-01 1.700359e+00
0.850000 63.550000 1.670702511362e+00 4.011688835903e-01 1.718192e+00
0.850000 63.575000 1.690466892013e+00 4.011286142828e-01 1.737407e+00
0.850000 63.600000 1.711830826759e+00 4.008034922435e-01 1.758126e+00
0.850000 63.625000 1.734939358735e+00 3.999827466898e-01 1.780450e+00
0.850000 63.650000 1.759911802261e+00 3.984171016072e-01 1.804446e+00
0.850000 63.675000 1.786833680187e+00 3.958226853395e-01 1.830150e+00
0.850000 63.700000 1.815749493988e+00 3.918865958858e-01 1.857558e+00
0.850000 63.725000 1.846656675788e+00 3.862739010921e-01 1.886624e+00
0.850000 63.750000 1.879501008593e+00 3.786357771186e-01 1.917261e+00
0.850000 63.775000 1.914173721403e+00 3.686184308880e-01 1.949344e+00
0.850000 63.800000 1.950510374715e+00 3.558724162674e-01 1.982709e+00
0.850000 63.825000 1.988291555187e+00 3.400619418042e-01 2.017163e+00
0.850000 63.850000 2.027245302323e+00 3.208737804618e-01 2.052482e+00
0.850000 63.875000 2.067051101217e+00 2.980254277880e-01 2.088425e+00
0.850000 63.900000 2.107345199341e+00 2.712722116328e-01 2.124733e+00
0.850000 63.925000 2.147726946957e+00 2.404131296665e-01 2.161141e+00
0.850000 63.950000 2.187765823264e+00 2.052952753535e-01 2.197377e+00
0.850000 63.975000 2.227008795942e+00 1.658168028860e-01 2.233173e+00
0.850000 64.000000 2.264987670544e+00 1.219284707097e-01 2.268267e+00
0.850000 64.025000 2.301226116933e+00 7.363388592771e-02 2.302404e+00
0.850000 64.050000 2.335246110087e+00 2.098864284978e-02 2.335340e+00
0.850000 64.075000 2.366573588201e+00 -3.590139602872e-02 2.366846e+00
0.850000 64.100000 2.394743207460e+00 -9.688239220514e-02 2.396702e+00
0.850000 64.125000 2.419302155229e+00 -1.617550967202e-01 2.424704e+00
0.850000 64.150000 2.439813066322e+00 -2.302773950647e-01 2.450656e+00
0.850000 64.175000 2.455856165741e+00 -3.021665636560e-01 2.474376e+00
0.850000 64.200000 2.467030831169e+00 -3.771010150934e-01 2.495686e+00
0.850000 64.225000 2.472956825751e+00 -4.547213705181e-01 2.514416e+00
0.850000 64.250000 2.473275493107e+00 -5.346307716102e-01 2.530400e+00
0.850000 64.275000 2.467651229490e+00 -6.163944283293e-01 2.543471e+00
0.850000 64.300000 2.455773550904e+00 -6.995384876039e-01 2.553464e+00
0.850000 64.325000 2.437360054442e+00 -7.835483985754e-01 2.560209e+00
0.850000 64.350000 2.412160532735e+00 -8.678670373568e-01 2.563535e+00
0.850000 64.375000 2.379962438332e+00 -9.518929339435e-01 2.563264e+00
0.850000 64.400000 2.340597811908e+00 -1.034979011137e+00 2.559215e+00
0.850000 64.425000 2.293951686403e+00 -1.116432295156e+00 2.551203e+00
0.850000 64.450000 2.239971861298e+00 -1.195515085065e+00 2.539041e+00
0.850000 64.475000 2.178679811666e+00 -1.271448068467e+00 2.522544e+00
0.850000 64.500000 2.110182360746e+00 -1.343415839956e+00 2.501527e+00
0.850000 64.525000 2.034683609871e+00 -1.410575213296e+00 2.475815e+00
0.850000 64.550000 1.952496493932e+00 -1.472066616537e+00 2.445245e+00
0.850000 64.575000 1.864053223565e+00 -1.527028721505e+00 2.409670e+00
0.850000 64.600000 1.769913797104e+00 -1.574616288088e+00 2.368968e+00
0.850000 64.625000 1.670771725765e+00 -1.614021005058e+00 2.323046e+00
0.850000 64.650000 1.567456123686e+00 -1.644494891322e+00 2.271846e+00
0.850000 64.675000 1.460929377378e+00 -1.665375596011e+00 2.215353e+00
0.850000 64.700000 1.352279731251e+00 -1.676112716516e+00 2.153605e+00
0.850000 64.725000 1.242708307864e+00 -1.676294056340e+00 2.086693e+00
0.850000 64.750000 1.133510319824e+00 -1.665670585744e+00 2.014771e+00
0.850000 64.775000 1.026050516547e+00 -1.644178763945e+00 1.938067e+00
0.850000 64.800000 9.217332304792e-01 -1.611958846169e+00 1.856880e+00
0.850000 64.825000 8.219677265524e-01 -1.569367843235e+00 1.771594e+00
0.850000 64.850000 7.281298950972e-01 -1.516985932186e+00 1.682682e+00
0.850000 64.875000 6.415216391932e-01 -1.455615334582e+00 1.590712e+00
0.850000 64.900000 5.633295692262e-01 -1.386270979259e+00 1.496358e+00
0.850000 64.925000 4.945848079345e-01 -1.310162636734e+00 1.400407e+00
0.850000 64.950000 4.361258093646e-01 -1.228668635016e+00 1.303776e+00
0.850000 64.975000 3.885660905978e-01 -1.143301718122e+00 1.207527e+00
0.850000 65.000000 3.522686578582e-01 -1.055668061697e+00 1.112892e+00
0.850000 65.025000 3.273286781525e-01 -9.674208855496e-01 1.021297e+00
0.850000 65.050000 3.135656113412e-01 -8.802104710569e-01 9.343949e-01
0.850000 65.075000 3.105255908635e-01 -7.956326752202e-01 8.540828e-01
0.850000 65.100000 3.174943467900e-01 -7.151782096920e-01 7.824848e-01
0.850000 65.125000 3.335204308472e-01 -6.401850060752e-01 7.218537e-01
0.850000 65.150000 3.574479619551e-01 -5.717959095259e-01 6.743290e-01
0.850000 65.175000 3.879575967298e-01 -5.109237314797e-01 6.415249e-01
0.850000 65.200000 4.236139756874e-01 -4.582253585295e-01 6.240347e-01
0.850000 65.225000 4.629175326156e-01 -4.140861760813e-01 6.210958e-01
0.850000 65.250000 5.043583063087e-01 -3.786155479852e-01 6.306560e-01
0.850000 65.275000 5.464692776776e-01 -3.516535281638e-01 6.498376e-01
0.850000 65.300000 5.878767794732e-01 -3.327884022272e-01 6.755348e-01
0.850000 65.325000 6.273456893453e-01 -3.213841020699e-01 7.048761e-01
0.850000 65.350000 6.638174092161e-01 -3.166160388301e-01 7.354585e-01
0.850000 65.375000 6.964390358573e-01 -3.175134896271e-01 7.654033e-01
0.850000 65.400000 7.245826129383e-01 -3.230063752636e-01 7.933178e-01
0.850000 65.425000 7.478538922942e-01 -3.319740958174e-01 8.182251e-01
0.850000 65.450000 7.660905876408e-01 -3.432940561213e-01 8.394913e-01
0.850000 65.475000 7.793506430358e-01 -3.558876117517e-01 8.567633e-01
0.850000 65.500000 7.878915288567e-01 -3.687613877693e-01 8.699184e-01
0.850000 65.525000 7.921419921703e-01 -3.810422488217e-01 8.790234e-01
0.850000 65.550000 7.926680044993e-01 -3.920046060045e-01 8.843021e-01
0.850000 65.575000 7.901348540614e-01 -4.010892046736e-01 8.861070e-01
0.850000 65.600000 7.852674154587e-01 -4.079130179448e-01 8.848943e-01
0.850000 65.625000 7.788105995126e-01 -4.122703430319e-01 8.811996e-01
0.850000 65.650000 7.714918487934e-01 -4.141256344628e-01 8.756139e-01
0.850000 65.675000 7.639873159136e-01 -4.135989863861e-01 8.687582e-01
0.850000 65.700000 7.568930620472e-01 -4.109454779702e-01 8.612568e-01
0.850000 65.725000 7.507022654392e-01 -4.065298099632e-01 8.537098e-01
0.850000 65.750000 7.457890579457e-01 -4.007977820049e-01 8.466641e-01
0.850000 65.775000 7.423992351828e-01 -3.942461906982e-01 8.405871e-01
0.850000 65.800000 7.406477336875e-01 -3.873926747260e-01 8.358422e-01
0.850000 65.825000 7.405224541001e-01 -3.807469068393e-01 8.326714e-01
0.850000 65.850000 7.418937460446e-01 -3.747843478791e-01 8.311857e-01
0.850000 65.875000 7.445286666751e-01 -3.699235514597e-01 8.313642e-01
0.850000 65.900000 7.481089847827e-01 -3.665077562653e-01 8.330636e-01
0.850000 65.925000 7.522518256486e-01 -3.647912421110e-01 8.360356e-01
0.850000 65.950000 7.565318346602e-01 -3.649306703018e-01 8.399493e-01
0.850000 65.975000 7.605037734720e-01 -3.669813903323e-01 8.444177e-01
0.850000 66.000000 7.637245426976e-01 -3.708984828477e-01 8.490235e-01
0.850000 66.025000 7.657737402834e-01 -3.765421294081e-01 8.533425e-01
0.850000 66.050000 7.662720050880e-01 -3.836867566901e-01 8.569646e-01
0.850000 66.075000 7.648965514330e-01 -3.920332976310e-01 8.595097e-01
0.850000 66.100000 7.613934640107e-01 -4.012238440769e-01 8.606396e-01
0.850000 66.125000 7.555864861218e-01 -4.108579325741e-01 8.600670e-01
0.850000 66.150000 7.473821916699e-01 -4.205097039090e-01 8.575596e-01
0.850000 66.175000 7.367715777205e-01 -4.297452040017e-01 8.529439e-01
0.850000 66.200000 7.238282460233e-01 -4.381391446204e-01 8.461047e-01
0.850000 66.225000 7.087034559314e-01 -4.452905128109e-01 8.369852e-01
0.850000 66.250000 6.916184258005e-01 -4.508365036645e-01 8.255844e-01
0.850000 66.275000 6.728543340710e-01 -4.544643478814e-01 8.119549e-01
0.850000 66.300000 6.527405243937e-01 -4.559207095738e-01 7.961997e-01
0.850000 66.325000 6.316414514555e-01 -4.550184370226e-01 7.784682e-01
0.850000 66.350000 6.099429162866e-01 -4.516405561365e-01 7.589529e-01
0.850000 66.375000 5.880381329291e-01 -4.457414998161e-01 7.378850e-01
0.850000 66.400000 5.663141440913e-01 -4.373456633977e-01 7.155298e-01
0.850000 66.425000 5.451390638110e-01 -4.265434642926e-01 6.921820e-01
0.850000 66.450000 5.248505725862e-01 -4.134851608498e-01 6.681602e-01
0.850000 66.475000 5.057460274440e-01 -3.983727498444e-01 6.438011e-01
0.850000 66.500000 4.880744786325e-01 -3.814503129229e-01 6.194522e-01
0.850000 66.525000 4.720308085989e-01 -3.629932193847e-01 5.954638e-01
0.850000 66.550000 4.577521300215e-01 -3.432966159071e-01 5.721797e-01
0.850000 66.575000 4.453165000264e-01 -3.226636435846e-01 5.499260e-01
0.850000 66.600000 4.347439291329e-01 -3.013938195450e-01 5.289995e-01
0.850000 66.625000 4.259995875077e-01 -2.797720050948e-01 5.096548e-01
0.850000 66.650000 4.189990390939e-01 -2.580583554820e-01 4.920918e-01
0.850000 66.675000 4.136152673899e-01 -2.364796085446e-01 4.764454e-01
0.850000 66.700000 4.096871963758e-01 -2.152220212609e-01 4.627787e-01
0.850000 66.725000 4.070293577535e-01 -1.944262051011e-01 4.510814e-01
0.850000 66.750000 4.054423129412e-01 -1.741840437846e-01 4.412749e-01
0.850000 66.775000 4.047234069870e-01 -1.545378016085e-01 4.332239e-01
0.850000 66.800000 4.046774137366e-01 -1.354814484226e-01 4.267541e-01
0.850000 66.825000 4.051266291447e-01 -1.169641407316e-01 4.216731e-01
0.850000 66.850000 4.059199842504e-01 -9.889571013911e-02 4.177935e-01
0.850000 66.875000 4.069407821584e-01 -8.115392396789e-02 4.149539e-01
0.850000 66.900000 4.081127146930e-01 -6.359320248436e-02 4.130376e-01
0.850000 66.925000 4.094038834329e-01 -4.605440719397e-02 4.119861e-01
0.850000 66.950000 4.108286345722e-01 -2.837525958290e-02 4.118074e-01
0.850000 66.975000 4.124471141714e-01 -1.040091352239e-02 4.125782e-01
0.850000 67.000000 4.143625553648e-01 8.005809451505e-03 4.144399e-01
0.850000 67.025000 4.167164164928e-01 2.695500259254e-02 4.175873e-01
0.850000 67.050000 4.196815929094e-01 4.652151987356e-02 4.222522e-01
0.850000 67.075000 4.234540191926e-01 6.673847274075e-02 4.286809e-01
0.850000 67.100000 4.282430569362e-01 8.759268600029e-02 4.371094e-01
0.850000 67.125000 4.342611213848e-01 1.090223258469e-01 4.477372e-01
0.850000 67.150000 4.417130344416e-01 1.309168070922e-01 4.607056e-01
0.850000 67.175000 4.507856002393e-01 1.531189763862e-01 4.760810e-01
0.850000 67.200000 4.616378825685e-01 1.754294601843e-01 4.938472e-01
0.850000 67.225000 4.743926228219e-01 1.976129665632e-01 5.139059e-01
0.850000 67.250000 4.891291761351e-01 2.194062440049e-01 5.360844e-01
0.850000 67.275000 5.058782666255e-01 2.405273319493e-01 5.601484e-01
0.850000 67.300000 5.246187753286e-01 2.606856896711e-01 5.858173e-01
0.850000 67.325000 5.452766819701e-01 2.795927627109e-01 6.127795e-01
0.850000 67.350000 5.677261891613e-01 2.969725389896e-01 6.407072e-01
0.850000 67.375000 5.917929691950e-01 3.125716579769e-01 6.692682e-01
0.850000 67.400000 6.172593925482e-01 3.261686631707e-01 6.981369e-01
0.850000 67.425000 6.438715254732e-01 3.375820276410e-01 7.270022e-01
0.850000 67.450000 6.713476226019e-01 3.466766315427e-01 7.555742e-01
0.850000 67.475000 6.993877893398e-01 3.533684268660e-01 7.835895e-01
0.850000 67.500000 7.276844475350e-01 3.576270864889e-01 8.108155e-01
0.850000 67.525000 7.559332058973e-01 3.594765008583e-01 8.370534e-01
0.850000 67.550000 7.838437136400e-01 3.589930560189e-01 8.621409e-01
0.850000 67.575000 8.111500621284e-01 3.563017013195e-01 8.859545e-01
0.850000 67.600000 8.376202960254e-01 3.515698940151e-01 9.084102e-01
0.850000 67.625000 8.630646043278e-01 3.449995908286e-01 9.294650e-01
0.850000 67.650000 8.873417851541e-01 3.368175421503e-01 9.491162e-01
0.850000 67.675000 9.103636186694e-01 3.272642306316e-01 9.674005e-01
0.850000 67.700000 9.320968423267e-01 3.165818788846e-01 9.843925e-01
0.850000 67.725000 9.525625029341e-01 3.050020260194e-01 1.000201e+00
0.850000 67.750000 9.718325608404e-01 2.927332340845e-01 1.014964e+00
0.850000 67.775000 9.900237408137e-01 2.799495269246e-01 1.028843e+00
0.850000 67.800000 1.007288758001e+00 2.667801794939e-01 1.042018e+00
0.850000 67.825000 1.023805189648e+00 2.533014601351e-01 1.054675e+00
0.850000 67.850000 1.039762406214e+00 2.395308782127e-01 1.066996e+00
0.850000 67.875000 1.055347109966e+00 2.254244034650e-01 1.079154e+00
0.850000 67.900000 1.070728145445e+00 2.108770028420e-01 1.091296e+00
0.850000 67.925000 1.086041334794e+00 1.957266895949e-01 1.103537e+00
0.850000 67.950000 1.101375143614e+00 1.797621048890e-01 1.115949e+00
0.850000 67.975000 1.116757993285e+00 1.627334634929e-01 1.128552e+00
0.850000 68.000000 1.132147999882e+00 1.443665031630e-01 1.141315e+00
0.850000 68.025000 1.147425837274e+00 1.243788940854e-01 1.154147e+00
0.850000 68.050000 1.162391295312e+00 1.024984020654e-01 1.166902e+00
0.850000 68.075000 1.176763938950e+00 7.848196795698e-02 1.179378e+00
0.850000 68.100000 1.190188079253e+00 5.213477522600e-02 1.191329e+00
0.850000 68.125000 1.202242053085e+00 2.332833410029e-02 1.202468e+00
0.850000 68.150000 1.212451586903e+00 -7.983381889144e-03 1.212478e+00
0.850000 68.175000 1.220306803727e+00 -4.175065258425e-02 1.221021e+00
0.850000 68.200000 1.225282233213e+00 -7.781837951542e-02 1.227751e+00
0.850000 68.225000 1.226859013426e+00 -1.159207539089e-01 1.232323e+00
0.850000 68.250000 1.224548338470e+00 -1.556806865900e-01 1.234405e+00
0.850000 68.275000 1.217915115357e+00 -1.966142500393e-01 1.233683e+00
0.850000 68.300000 1.206600750673e+00 -2.381401552002e-01 1.229876e+00
0.850000 68.325000 1.190343994575e+00 -2.795940530537e-01 1.222739e+00
0.850000 68.350000 1.168998826065e+00 -3.202472240651e-01 1.212071e+00
0.850000 68.375000 1.142548466699e+00 -3.593290073803e-01 1.197720e+00
0.850000 68.400000 1.111114755619e+00 -3.960521351714e-01 1.179590e+00
0.850000 68.425000 1.074962301280e+00 -4.296399837471e-01 1.157642e+00
0.850000 68.450000 1.034497037380e+00 -4.593546386386e-01 1.131897e+00
0.850000 68.475000 9.902590442970e-01 -4.845246012070e-01 1.102441e+00
0.850000 68.500000 9.429097438738e-01 -5.045709433339e-01 1.069425e+00
0.850000 68.525000 8.932138250661e-01 -5.190307468861e-01 1.033065e+00
0.850000 68.550000 8.420165005927e-01 -5.275767466652e-01 9.936443e-01
0.850000 68.575000 7.902169197179e-01 -5.300322283384e-01 9.515130e-01
0.850000 68.600000 7.387387590027e-01 -5.263804132494e-01 9.070895e-01
0.850000 68.625000 6.884991708933e-01 -5.167677845261e-01 8.608601e-01
0.850000 68.650000 6.403773798074e-01 -5.015010656962e-01 8.133797e-01
0.850000 68.675000 5.951842688209e-01 -4.810378438087e-01 7.652723e-01
0.850000 68.700000 5.536342911042e-01 -4.559711214030e-01 7.172312e-01
0.850000 68.725000 5.163209657223e-01 -4.270083713282e-01 6.700175e-01
0.850000 68.750000 4.836970774336e-01 -3.949459400714e-01 6.244559e-01
0.850000 68.775000 4.560604987012e-01 -3.606398832919e-01 5.814227e-01
0.850000 68.800000 4.335462972184e-01 -3.249745068962e-01 5.418218e-01
0.850000 68.825000 4.161254956943e-01 -2.888300152886e-01 5.065404e-01
0.850000 68.850000 4.036105276540e-01 -2.530507254866e-01 4.763781e-01
0.850000 68.875000 3.956671014097e-01 -2.184152856326e-01 4.519488e-01
0.850000 68.900000 3.918318634476e-01 -1.856102377818e-01 4.335705e-01
0.850000 68.925000 3.915349617368e-01 -1.552080915393e-01 4.211759e-01
0.850000 68.950000 3.941263671272e-01 -1.276508360647e-01 4.142829e-01
0.850000 68.975000 3.989046326272e-01 -1.032395267902e-01 4.120477e-01
0.850000 69.000000 4.051466675716e-01 -8.213025736568e-02 4.133875e-01
0.850000 69.025000 4.121370832075e-01 -6.433648702004e-02 4.171285e-01
0.850000 69.050000 4.191957291949e-01 -4.973736009643e-02 4.221361e-01
0.850000 69.075000 4.257021823475e-01 -3.809134901952e-02 4.274030e-01
0.850000 69.100000 4.311161595848e-01 -2.905429349513e-02 4.320941e-01
0.850000 69.125000 4.349930917581e-01 -2.220071304112e-02 4.355593e-01
0.850000 69.150000 4.369943953802e-01 -1.704714815162e-02 4.373268e-01
0.850000 69.175000 4.368922947649e-01 -1.307624328281e-02 4.370879e-01
0.850000 69.200000 4.345693565213e-01 -9.760322439423e-03 4.346789e-01
0.850000 69.225000 4.300131815770e-01 -6.583319829026e-03 4.300636e-01
0.850000 69.250000 4.233069393135e-01 -3.060103135026e-03 4.233180e-01
0.850000 69.275000 4.146166101158e-01 1.247549390743e-03 4.146185e-01
0.850000 69.300000 4.041759175526e-01 6.718802294526e-03 4.042318e-01
0.850000 69.325000 3.922699756071e-01 1.366566475157e-02 3.925079e-01
0.850000 69.350000 3.792186513184e-01 2.232889985374e-02 3.798755e-01
0.850000 69.375000 3.653605552761e-01 3.287766605693e-02 3.668369e-01
0.850000 69.400000 3.510384323169e-01 4.541242057582e-02 3.539637e-01
0.850000 69.425000 3.365865463926e-01 5.997046981316e-02 3.418874e-01
0.850000 69.450000 3.223204527946e-01 7.653346383114e-02 3.312821e-01
0.850000 69.475000 3.085293442394e-01 9.503610212355e-02 3.228347e-01
0.850000 69.500000 2.954709605850e-01 1.153753436753e-01 3.171980e-01
0.850000 69.525000 2.833688791067e-01 1.374194885819e-01 3.149318e-01
0.850000 69.550000 2.724118643947e-01 1.610166111321e-01 3.164405e-01
0.850000 69.575000 2.627548615510e-01 1.860019627499e-01 3.219268e-01
0.850000 69.600000 2.545211670054e-01 2.122041139165e-01 3.313783e-01
0.850000 69.625000 2.478053074793e-01 2.394497535505e-01 3.445920e-01
0.850000 69.650000 2.426761952147e-01 2.675671998446e-01 3.612256e-01
0.850000 69.675000 2.391801992066e-01 2.963887878516e-01 3.808589e-01
0.850000 69.700000 2.373438681201e-01 3.257523786410e-01 4.030468e-01
0.850000 69.725000 2.371761497127e-01 3.555022783412e-01 4.273575e-01
0.850000 69.750000 2.386700623937e-01 3.854898620799e-01 4.533937e-01
0.850000 69.775000 2.418038761566e-01 4.155741703140e-01 4.808025e-01
0.850000 69.800000 2.465419431384e-01 4.456226888488e-01 5.092765e-01
0.850000 69.825000 2.528353754448e-01 4.755124468630e-01 5.385516e-01
0.850000 69.850000 2.606227953544e-01 5.051314788629e-01 5.684031e-01
0.850000 69.875000 2.698313794136e-01 5.343806066931e-01 5.986415e-01
0.850000 69.900000 2.803783851183e-01 5.631754161809e-01 6.291094e-01
0.850000 69.925000 2.921732915023e-01 5.914482381432e-01 6.596789e-01
0.850000 69.950000 3.051206098854e-01 6.191499018106e-01 6.902501e-01
0.850000 69.975000 3.191233366805e-01 6.462510142266e-01 7.207497e-01
0.850000 70.000000 3.340869355767e-01 6.727425330082e-01 7.511302e-01
0.850000 70.025000 3.499236604661e-01 6.986354403666e-01 7.813693e-01
0.850000 70.050000 3.665569709546e-01 7.239593891990e-01 8.114686e-01
0.850000 70.075000 3.839257551974e-01 7.487602709995e-01 8.414517e-01
0.850000 70.100000 4.019880638192e-01 7.730967424368e-01 8.713627e-01
0.850000 70.125000 4.207240748571e-01 7.970358342398e-01 9.012629e-01
0.850000 70.150000 4.401380514026e-01 8.206478441956e-01 9.312274e-01
0.850000 70.175000 4.602591168457e-01 8.440007783224e-01 9.613406e-01
0.850000 70.200000 4.811407513089e-01 8.671546450072e-01 9.916923e-01
0.850000 70.225000 5.028589996181e-01 8.901559226912e-01 1.022372e+00
0.850000 70.250000 5.255094680365e-01 9.130325116146e-01 1.053465e+00
0.850000 70.275000 5.492032662678e-01 9.357894457092e-01 1.085047e+00
0.850000 70.300000 5.740621161548e-01 9.584055857806e-01 1.117179e+00
0.850000 70.325000 6.002128939279e-01 9.808314451983e-01 1.149907e+00
0.850000 70.350000 6.277818956931e-01 1.002988221219e+00 1.183256e+00
0.850000 70.375000 6.568891152640e-01 1.024768025977e+00 1.217232e+00
0.850000 70.400000 6.876428008575e-01 1.046035238053e+00 1.251816e+00
0.850000 70.425000 7.201345159833e-01 1.066628834404e+00 1.286970e+00
0.850000 70.450000 7.544348750209e-01 1.086365517744e+00 1.322634e+00
0.850000 70.475000 7.905900614085e-01 1.105043428971e+00 1.358732e+00
0.850000 70.500000 8.286191723123e-01 1.122446228520e+00 1.395169e+00
0.850000 70.525000 8.685123740260e-01 1.138347343452e+00 1.431834e+00
0.850000 70.550000 9.102298022341e-01 1.152514205629e+00 1.468607e+00
0.850000 70.575000 9.537011044123e-01 1.164712346446e+00 1.505357e+00
0.850000 70.600000 9.988255002298e-01 1.174709260253e+00 1.541945e+00
0.850000 70.625000 1.045472230424e+00 1.182277996830e+00 1.578225e+00
0.850000 70.650000 1.093481274246e+00 1.187200488103e+00 1.614047e+00
0.850000 70.675000 1.142664237965e+00 1.189270651802e+00 1.649256e+00
0.850000 70.700000 1.192805348776e+00 1.188297341718e+00 1.683697e+00
0.850000 70.725000 1.243662526094e+00 1.184107228928e+00 1.717209e+00
0.850000 70.750000 1.294968541564e+00 1.176547700041e+00 1.749631e+00
0.850000 70.775000 1.346432316523e+00 1.165489847718e+00 1.780799e+00
0.850000 70.800000 1.397740437796e+00 1.150831606851e+00 1.810550e+00
0.850000 70.825000 1.448558996960e+00 1.132501058841e+00 1.838717e+00
0.850000 70.850000 1.498535872719e+00 1.110459889076e+00 1.865136e+00
0.850000 70.875000 1.547303579531e+00 1.084706941548e+00 1.889640e+00
0.850000 70.900000 1.594482797777e+00 1.055281772523e+00 1.912066e+00
0.850000 70.925000 1.639686681428e+00 1.022268064785e+00 1.932254e+00
0.850000 70.950000 1.682526009044e+00 9.857967280019e-01 1.950048e+00
0.850000 70.975000 1.722615203983e+00 9.460484813751e-01 1.965302e+00
0.850000 71.000000 1.759579201122e+00 9.032556943471e-01 1.977875e+00
0.850000 71.025000 1.793061082164e+00 8.577032517344e-01 1.987643e+00
0.850000 71.050000 1.822730341746e+00 8.097282130966e-01 1.994494e+00
0.850000 71.075000 1.848291584872e+00 7.597180540057e-01 1.998338e+00
0.850000 71.100000 1.869493395837e+00 7.081073102266e-01 1.999105e+00
0.850000 71.125000 1.886137063552e+00 6.553724951487e-01 1.996754e+00
0.850000 71.150000 1.898084802000e+00 6.020252256599e-01 1.991271e+00
0.850000 71.175000 1.905267071893e+00 5.486035706527e-01 1.982677e+00
0.850000 71.200000 1.907688594472e+00 4.956617267561e-01 1.971029e+00
0.850000 71.225000 1.905432654609e+00 4.437582238297e-01 1.956424e+00
0.850000 71.250000 1.898663320749e+00 3.934429630502e-01 1.939000e+00
0.850000 71.275000 1.887625265270e+00 3.452434869450e-01 1.918938e+00
0.850000 71.300000 1.872640950505e+00 2.996509666516e-01 1.896464e+00
0.850000 71.325000 1.854105050933e+00 2.571064600061e-01 1.871846e+00
0.850000 71.350000 1.832476106944e+00 2.179880381268e-01 1.845396e+00
0.850000 71.375000 1.808265544119e+00 1.825993923129e-01 1.817462e+00
0.850000 71.400000 1.782024336626e+00 1.511605131788e-01 1.788424e+00
0.850000 71.425000 1.754327735233e+00 1.238009779525e-01 1.758691e+00
0.850000 71.450000 1.725758610069e+00 1.005562901379e-01 1.728686e+00
0.850000 71.475000 1.696890066372e+00 8.136759124815e-02 1.698840e+00
0.850000 71.500000 1.668268069335e+00 6.608491258660e-02 1.669576e+00
0.850000 71.525000 1.640394854870e+00 5.447396391140e-02 1.641299e+00
0.850000 71.550000 1.613713901787e+00 4.622627493606e-02 1.614376e+00
0.850000 71.575000 1.588597195324e+00 4.097232582234e-02 1.589125e+00
0.850000 71.600000 1.565335422884e+00 3.829713539557e-02 1.565804e+00
0.850000 71.625000 1.544131613967e+00 3.775763161969e-02 1.544593e+00
0.850000 71.650000 1.525098574046e+00 3.890101759994e-02 1.525595e+00
0.850000 71.675000 1.508260275391e+00 4.128327581143e-02 1.508825e+00
0.850000 71.700000 1.493557167242e+00 4.448692867565e-02 1.494220e+00
0.850000 71.725000 1.480855164937e+00 4.813719745733e-02 1.481637e+00
0.850000 71.750000 1.469957884560e+00 5.191577311560e-02 1.470874e+00
0.850000 71.775000 1.460621517926e+00 5.557152861312e-02 1.461678e+00
0.850000 71.800000 1.452571602317e+00 5.892765590429e-02 1.453766e+00
0.850000 71.825000 1.445520838664e+00 6.188489374058e-02 1.446845e+00
0.850000 71.850000 1.439187056686e+00 6.442071414533e-02 1.440628e+00
0.850000 71.875000 1.433310418868e+00 6.658454448358e-02 1.434856e+00
0.850000 71.900000 1.427668997420e+00 6.848930668944e-02 1.429311e+00
0.850000 71.925000 1.422091946756e+00 7.029974401278e-02 1.423828e+00
0.850000 71.950000 1.416469623418e+00 7.221816824673e-02 1.418309e+00
0.850000 71.975000 1.410760168155e+00 7.446838807499e-02 1.412724e+00
0.850000 72.000000 1.404992251723e+00 7.727866532381e-02 1.407116e+00
0.850000 72.025000 1.399263886434e+00 8.086458634686e-02 1.401599e+00
0.850000 72.050000 1.393737408361e+00 8.541272898560e-02 1.396352e+00
0.850000 72.075000 1.388630929418e+00 9.106595267435e-02 1.391614e+00
0.850000 72.100000 1.384206733815e+00 9.791104399649e-02 1.387665e+00
0.850000 72.125000 1.380757240658e+00 1.059693183443e-01 1.384818e+00
0.850000 72.150000 1.378589266243e+00 1.151906181962e-01 1.383393e+00
0.850000 72.175000 1.378007390808e+00 1.254509692326e-01 1.383706e+00
0.850000 72.200000 1.379297262317e+00 1.365539672395e-01 1.386040e+00
0.850000 72.225000 1.382709654031e+00 1.482357819104e-01 1.390633e+00
0.850000 72.250000 1.388446035418e+00 1.601734882794e-01 1.397654e+00
0.850000 72.275000 1.396646321854e+00 1.719962816377e-01 1.407197e+00
0.850000 72.300000 1.407379344040e+00 1.832990049526e-01 1.419266e+00
0.850000 72.325000 1.420636431144e+00 1.936573246552e-01 1.433775e+00
0.850000 72.350000 1.436328341070e+00 2.026438346247e-01 1.450553e+00
0.850000 72.375000 1.454285606398e+00 2.098443504109e-01 1.469347e+00
0.850000 72.400000 1.474262204258e+00 2.148736750638e-01 1.489839e+00
0.850000 72.425000 1.495942310915e+00 2.173901711624e-01 1.511655e+00
0.850000 72.450000 1.518949773975e+00 2.171085558276e-01 1.534387e+00
0.850000 72.475000 1.542859832199e+00 2.138104404129e-01 1.557604e+00
0.850000 72.500000 1.567212538235e+00 2.073522571884e-01 1.580870e+00
0.850000 72.525000 1.591527294692e+00 1.976703443717e-01 1.603756e+00
0.850000 72.550000 1.615317898617e+00 1.847830912686e-01 1.625853e+00
0.850000 72.575000 1.638107501670e+00 1.687901706811e-01 1.646781e+00
0.850000 72.600000 1.659442929994e+00 1.498690006975e-01 1.666197e+00
0.850000 72.625000 1.678907864925e+00 1.282686783100e-01 1.683801e+00
0.850000 72.650000 1.696134458738e+00 1.043017100387e-01 1.699338e+00
0.850000 72.675000 1.710813043808e+00 7.833392819057e-02 1.712605e+00
0.850000 72.700000 1.722699684464e+00 5.077302494906e-02 1.723448e+00
0.850000 72.725000 1.731621414092e+00 2.205616050020e-02 1.731762e+00
0.850000 72.750000 1.737479092174e+00 -7.362893093477e-03 1.737495e+00
0.850000 72.775000 1.740247903702e+00 -3.702662203557e-02 1.740642e+00
0.850000 72.800000 1.739975604258e+00 -6.648623131206e-02 1.741245e+00
0.850000 72.825000 1.736778685939e+00 -9.531331160249e-02 1.739392e+00
0.850000 72.850000 1.730836700437e+00 -1.231103791771e-01 1.735209e+00
0.850000 72.875000 1.722385024759e+00 -1.495200146070e-01 1.728863e+00
0.850000 72.900000 1.711706391177e+00 -1.742323916213e-01 1.720551e+00
0.850000 72.925000 1.699121525299e+00 -1.969910567857e-01 1.710503e+00
0.850000 72.950000 1.684979244477e+00 -2.175968911940e-01 1.698971e+00
0.850000 72.975000 1.669646363010e+00 -2.359102543455e-01 1.686230e+00
0.850000 73.000000 1.653497731565e+00 -2.518513750678e-01 1.672568e+00
0.850000 73.025000 1.636906707148e+00 -2.653991120343e-01 1.658282e+00
0.850000 73.050000 1.620236308605e+00 -2.765882547046e-01 1.643675e+00
0.850000 73.075000 1.603831263608e+00 -2.855055724029e-01 1.629045e+00
0.850000 73.100000 1.588011099312e+00 -2.922848433868e-01 1.614686e+00
0.850000 73.125000 1.573064373593e+00 -2.971011066264e-01 1.600875e+00
0.850000 73.150000 1.559244090460e+00 -3.001643769720e-01 1.587873e+00
0.850000 73.175000 1.546764294884e+00 -3.017130507136e-01 1.575916e+00
0.850000 73.200000 1.535797801671e+00 -3.020072053881e-01 1.565210e+00
0.850000 73.225000 1.526474981922e+00 -3.013219678290e-01 1.555931e+00
0.850000 73.250000 1.518883510095e+00 -2.999410910906e-01 1.548216e+00
0.850000 73.275000 1.513068964612e+00 -2.981508472975e-01 1.542165e+00
0.850000 73.300000 1.509036174231e+00 -2.962343126628e-01 1.537838e+00
0.850000 73.325000 1.506751209204e+00 -2.944660953559e-01 1.535256e+00
0.850000 73.350000 1.506143927842e+00 -2.931075381941e-01 1.534399e+00
0.850000 73.375000 1.507111002792e+00 -2.924024169266e-01 1.535214e+00
0.850000 73.400000 1.509519364180e+00 -2.925731508053e-01 1.537611e+00
0.850000 73.425000 1.513210006363e+00 -2.938175438929e-01 1.541471e+00
0.850000 73.450000 1.518002109636e+00 -2.963060811115e-01 1.546650e+00
0.850000 73.475000 1.523697426889e+00 -3.001798099228e-01 1.552985e+00
0.850000 73.500000 1.530084878079e+00 -3.055488441792e-01 1.560295e+00
0.850000 73.525000 1.536945283300e+00 -3.124915287451e-01 1.568391e+00
0.850000 73.550000 1.544056150146e+00 -3.210543001907e-01 1.577081e+00
0.850000 73.575000 1.551196415013e+00 -3.312522691344e-01 1.586171e+00
0.850000 73.600000 1.558151023652e+00 -3.430705335266e-01 1.595472e+00
0.850000 73.625000 1.564715225833e+00 -3.564662100237e-01 1.604806e+00
0.850000 73.650000 1.570698454524e+00 -3.713711440709e-01 1.614004e+00
0.850000 73.675000 1.575927662694e+00 -3.876952304489e-01 1.622916e+00
0.850000 73.700000 1.580250001425e+00 -4.053302471265e-01 1.631405e+00
0.850000 73.725000 1.583534741101e+00 -4.241540786637e-01 1.639356e+00
0.850000 73.750000 1.585674362224e+00 -4.440351831762e-01 1.646673e+00
0.850000 73.775000 1.586584772311e+00 -4.648371406148e-01 1.653277e+00
0.850000 73.800000 1.586204638643e+00 -4.864231108762e-01 1.659112e+00
0.850000 73.825000 1.584493861424e+00 -5.086600284581e-01 1.664138e+00
0.850000 73.850000 1.581431246392e+00 -5.314223658626e-01 1.668333e+00
0.850000 73.875000 1.577011468629e+00 -5.545953102092e-01 1.671688e+00
0.850000 73.900000 1.571241449061e+00 -5.780772157172e-01 1.674208e+00
0.850000 73.925000 1.564136291180e+00 -6.017812179994e-01 1.675907e+00
0.850000 73.950000 1.555714947319e+00 -6.256359236442e-01 1.676803e+00
0.850000 73.975000 1.545995801040e+00 -6.495851197198e-01 1.676921e+00
0.850000 74.000000 1.534992364600e+00 -6.735864821248e-01 1.676282e+00
0.850000 74.025000 1.522709297512e+00 -6.976092987665e-01 1.674904e+00
0.850000 74.050000 1.509138953407e+00 -7.216312630221e-01 1.672798e+00
0.850000 74.075000 1.494258656748e+00 -7.456344342716e-01 1.669964e+00
0.850000 74.100000 1.478028897622e+00 -7.696005046302e-01 1.666390e+00
0.850000 74.125000 1.460392610609e+00 -7.935055530305e-01 1.662046e+00
0.850000 74.150000 1.441275671999e+00 -8.173145076353e-01 1.656888e+00
0.850000 74.175000 1.420588707811e+00 -8.409755728734e-01 1.650852e+00
0.850000 74.200000 1.398230253612e+00 -8.644149054234e-01 1.643856e+00
0.850000 74.225000 1.374091246942e+00 -8.875318413483e-01 1.635799e+00
0.850000 74.250000 1.348060766495e+00 -9.101949815423e-01 1.626568e+00
0.850000 74.275000 1.320032861858e+00 -9.322394323904e-01 1.616031e+00
0.850000 74.300000 1.289914247442e+00 -9.534654715428e-01 1.604050e+00
0.850000 74.325000 1.257632568528e+00 -9.736388645063e-01 1.590475e+00
0.850000 74.350000 1.223144890588e+00 -9.924929971108e-01 1.575159e+00
0.850000 74.375000 1.186446019577e+00 -1.009732913869e+00 1.557952e+00
0.850000 74.400000 1.147576234466e+00 -1.025041266059e+00 1.538714e+00
0.850000 74.425000 1.106628006680e+00 -1.038086080264e+00 1.517316e+00
0.850000 74.450000 1.063751296014e+00 -1.048530163085e+00 1.493647e+00
0.850000 74.475000 1.019157049180e+00 -1.056041865917e+00 1.467619e+00
0.850000 74.500000 9.731185843895e-01 -1.060306850370e+00 1.439170e+00
0.850000 74.525000 9.259706208568e-01 -1.061040424563e+00 1.408271e+00
0.850000 74.550000 8.781058025192e-01 -1.057999967171e+00 1.374930e+00
0.850000 74.575000 8.299686663840e-01 -1.050996922462e+00 1.339195e+00
0.850000 74.600000 7.820471133196e-01 -1.039907837535e+00 1.301156e+00
0.850000 74.625000 7.348615480988e-01 -1.024683923063e+00 1.260951e+00
0.850000 74.650000 6.889519616848e-01 -1.005358650984e+00 1.218770e+00
0.850000 74.675000 6.448633280068e-01 -9.820529554796e-01 1.174852e+00
0.850000 74.700000 6.031297761490e-01 -9.549776757437e-01 1.129490e+00
0.850000 74.725000 5.642580737456e-01 -9.244329682237e-01 1.083034e+00
0.850000 74.750000 5.287110156041e-01 -8.908045198907e-01 1.035890e+00
0.850000 74.775000 4.968913506081e-01 -8.545565099043e-01 9.885180e-01
0.850000 74.800000 4.691268974637e-01 -8.162213917893e-01 9.414337e-01
0.850000 74.825000 4.456574937358e-01 -7.763866984929e-01 8.952022e-01
0.850000 74.850000 4.266243910410e-01 -7.356792044449e-01 8.504306e-01
0.850000 74.875000 4.120626508594e-01 -6.947469073564e-01 8.077555e-01
0.850000 74.900000 4.018970095365e-01 -6.542394125727e-01 7.678219e-01
0.850000 74.925000 3.959415680822e-01 -6.147874083321e-01 7.312546e-01
0.850000 74.950000 3.939035241185e-01 -5.769820047680e-01 6.986188e-01
0.850000 74.975000 3.953910032808e-01 -5.413547663686e-01 6.703723e-01
0.850000 75.000000 3.999248709234e-01 -5.083592906684e-01 6.468146e-01
0.850000 75.025000 4.069542194235e-01 -4.783551700451e-01 6.280409e-01
0.850000 75.050000 4.158750407807e-01 -4.515951150781e-01 6.139138e-01
0.850000 75.075000 4.260514189527e-01 -4.282159157569e-01 6.040602e-01
0.850000 75.100000 4.368384225619e-01 -4.082337723824e-01 5.978985e-01
0.850000 75.125000 4.476057572582e-01 -3.915443458662e-01 5.946914e-01
0.850000 75.150000 4.577611581228e-01 -3.779276649352e-01 5.936115e-01
0.850000 75.175000 4.667724740957e-01 -3.670577960278e-01 5.938080e-01
0.850000 75.200000 4.741874237355e-01 -3.585169432154e-01 5.944646e-01
0.850000 75.225000 4.796500864083e-01 -3.518134145870e-01 5.948419e-01
0.850000 75.250000 4.829133330710e-01 -3.464026829131e-01 5.943064e-01
0.850000 75.275000 4.838465899793e-01 -3.417105960776e-01 5.923459e-01
0.850000 75.300000 4.824385569591e-01 -3.371576688920e-01 5.885765e-01
0.850000 75.325000 4.787947562732e-01 -3.321833217213e-01 5.827437e-01
0.850000 75.350000 4.731300532619e-01 -3.262689283957e-01 5.747203e-01
0.850000 75.375000 4.657565494430e-01 -3.189585973769e-01 5.645031e-01
0.850000 75.400000 4.570674863421e-01 -3.098767329138e-01 5.522085e-01
0.850000 75.425000 4.475179991021e-01 -2.987415995159e-01 5.380696e-01
0.850000 75.450000 4.376037105368e-01 -2.853743323835e-01 5.224323e-01
0.850000 75.475000 4.278382497748e-01 -2.697030845233e-01 5.057522e-01
0.850000 75.500000 4.187308101038e-01 -2.517622624698e-01 4.885895e-01
0.850000 75.525000 4.107648274230e-01 -2.316870605872e-01 4.716001e-01
0.850000 75.550000 4.043787674751e-01 -2.097037432593e-01 4.555193e-01
0.850000 75.575000 3.999498641204e-01 -1.861163309876e-01 4.411340e-01
0.850000 75.600000 3.977814628604e-01 -1.612905092778e-01 4.292374e-01
0.850000 75.625000 3.980944063217e-01 -1.356356901800e-01 4.205665e-01
0.850000 75.650000 4.010226654568e-01 -1.095862110766e-01 4.157263e-01
0.850000 75.675000 4.066131859854e-01 -8.358265305593e-02 4.151149e-01
0.850000 75.700000 4.148296976343e-01 -5.805420470616e-02 4.188723e-01
0.850000 75.725000 4.255600360454e-01 -3.340289218939e-02 4.268689e-01
0.850000 75.750000 4.386263637816e-01 -9.990351246106e-03 4.387401e-01
0.850000 75.775000 4.537975551055e-01 1.187235863745e-02 4.539528e-01
0.850000 75.800000 4.708029338650e-01 3.193159218758e-02 4.718846e-01
0.850000 75.825000 4.893465268794e-01 4.999450480155e-02 4.918938e-01
0.850000 75.850000 5.091210159924e-01 6.592908221456e-02 5.133720e-01
0.850000 75.875000 5.298206373481e-01 7.966109207079e-02 5.357759e-01
0.850000 75.900000 5.511523812061e-01 9.116839630838e-02 5.586418e-01
0.850000 75.925000 5.728449826917e-01 1.004731918480e-01 5.815894e-01
0.850000 75.950000 5.946553548178e-01 1.076328379224e-01 6.043176e-01
0.850000 75.975000 6.163722903931e-01 1.127299775023e-01 6.265962e-01
0.850000 76.000000 6.378174389661e-01 1.158626657890e-01 6.482555e-01
0.850000 76.025000 6.588437384211e-01 1.171351811157e-01 6.691754e-01
0.850000 76.050000 6.793316383117e-01 1.166501155857e-01 6.892741e-01
0.850000 76.075000 6.991835842983e-01 1.145022293585e-01 7.084973e-01
0.850000 76.100000 7.183173322922e-01 1.107744107922e-01 7.268086e-01
0.850000 76.125000 7.366587210948e-01 1.055359234958e-01 7.441800e-01
0.850000 76.150000 7.541345496313e-01 9.884295100677e-02 7.605845e-01
0.850000 76.175000 7.706661781840e-01 9.074128129817e-02 7.759899e-01
0.850000 76.200000 7.861644039572e-01 8.127081783448e-02 7.903540e-01
0.850000 76.225000 8.005260544064e-01 7.047147199021e-02 8.036219e-01
0.850000 76.250000 8.136326042285e-01 5.838989253214e-02 8.157251e-01
0.850000 76.275000 8.253509632941e-01 4.508642864153e-02 8.265815e-01
0.850000 76.300000 8.355364143053e-01 3.064170801371e-02 8.360981e-01
0.850000 76.325000 8.440375127633e-01 1.516224216207e-02 8.441737e-01
0.850000 76.350000 8.507026100999e-01 -1.215454934080e-03 8.507035e-01
0.850000 76.375000 8.553875348267e-01 -1.832263666501e-02 8.555838e-01
0.850000 76.400000 8.579638757121e-01 -3.595824222883e-02 8.587171e-01
0.850000 76.425000 8.583272621048e-01 -5.389106310385e-02 8.600174e-01
0.850000 76.450000 8.564050331712e-01 -7.186408953032e-02 8.594149e-01
0.850000 76.475000 8.521627300263e-01 -8.960080751313e-02 8.568603e-01
0.850000 76.500000 8.456089289973e-01 -1.068130736553e-01 8.523283e-01
0.850000 76.525000 8.367980537230e-01 -1.232100809639e-01 8.458201e-01
0.850000 76.550000 8.258309489321e-01 -1.385078520278e-01 8.373656e-01
0.850000 76.575000 8.128531580805e-01 -1.524386619893e-01 8.270235e-01
0.850000 76.600000 7.980510081496e-01 -1.647598043939e-01 8.148811e-01
0.850000 76.625000 7.816457554981e-01 -1.752611666199e-01 8.010534e-01
0.850000 76.650000 7.638861754555e-01 -1.837711731233e-01 7.856806e-01
0.850000 76.675000 7.450400761352e-01 -1.901607762722e-01 7.689251e-01
0.850000 76.700000 7.253852771855e-01 -1.943453160574e-01 7.509686e-01
0.850000 76.725000 7.052006134529e-01 -1.962842201492e-01 7.320078e-01
0.850000 76.750000 6.847575017799e-01 -1.959786630493e-01 7.122503e-01
0.850000 76.775000 6.643125494460e-01 -1.934674365207e-01 6.919110e-01
0.850000 76.800000 6.441015910443e-01 -1.888213936626e-01 6.712081e-01
0.850000 76.825000 6.243354249501e-01 -1.821369086781e-01 6.503603e-01
0.850000 76.850000 6.051973906014e-01 -1.735288390001e-01 6.295841e-01
0.850000 76.875000 5.868427937565e-01 -1.631234842945e-01 6.090926e-01
0.850000 76.900000 5.694000587448e-01 -1.510520091015e-01 5.890952e-01
0.850000 76.925000 5.529733735397e-01 -1.374447362812e-01 5.697987e-01
0.850000 76.950000 5.376465027055e-01 -1.224266329262e-01 5.514091e-01
0.850000 76.975000 5.234873802921e-01 -1.061142064881e-01 5.341341e-01
0.850000 77.000000 5.105530626390e-01 -8.861391499774e-02 5.181861e-01
0.850000 77.025000 4.988946204302e-01 -7.002208007675e-02 5.037846e-01
0.850000 77.050000 4.885615785542e-01 -5.042618323454e-02 4.911570e-01
0.850000 77.075000 4.796055676746e-01 -2.990733196462e-02 4.805371e-01
0.850000 77.100000 4.720829275740e-01 -8.543608257163e-03 4.721602e-01
0.850000 77.125000 4.660560928241e-01 1.358603760104e-02 4.662541e-01
0.850000 77.150000 4.615936890555e-01 3.639770850108e-02 4.630265e-01
0.850000 77.175000 4.587693658795e-01 5.979865473964e-02 4.626502e-01
0.850000 77.200000 4.576594835608e-01 8.368387051172e-02 4.652475e-01
0.850000 77.225000 4.583398489448e-01 1.079334725767e-01 4.708769e-01
0.850000 77.250000 4.608817571532e-01 1.324110743075e-01 4.795255e-01
0.850000 77.275000 4.653476358922e-01 1.569632899949e-01 4.911068e-01
0.850000 77.300000 4.717866071481e-01 1.814204202625e-01 5.054661e-01
0.850000 77.325000 4.802302764539e-01 2.055982857717e-01 5.223904e-01
0.850000 77.350000 4.906890342291e-01 2.293010987808e-01 5.416223e-01
0.850000 77.375000 5.031491096687e-01 2.523251955570e-01 5.628739e-01
0.850000 77.400000 5.175705591875e-01 2.744634011735e-01 5.858408e-01
0.850000 77.425000 5.338863031555e-01 2.955097646474e-01 6.102136e-01
0.850000 77.450000 5.520022517387e-01 3.152643881859e-01 6.356871e-01
0.850000 77.475000 5.717984882634e-01 3.335380795835e-01 6.619676e-01
0.850000 77.500000 5.931314116286e-01 3.501565803403e-01 6.887775e-01
0.850000 77.525000 6.158366822257e-01 3.649641614226e-01 7.158587e-01
0.850000 77.550000 6.397327721420e-01 3.778264303717e-01 7.429743e-01
0.850000 77.575000 6.646248925369e-01 3.886322535883e-01 7.699099e-01
0.850000 77.600000 6.903090603273e-01 3.972947615546e-01 7.964733e-01
0.850000 77.625000 7.165760727342e-01 4.037514679168e-01 8.224941e-01
0.850000 77.650000 7.432151807608e-01 4.079635913388e-01 8.478226e-01
0.850000 77.675000 7.700172891322e-01 4.099147179736e-01 8.723283e-01
0.850000 77.700000 7.967775575938e-01 4.096089791218e-01 8.958984e-01
0.850000 77.725000 8.232973330695e-01 4.070689409257e-01 9.184354e-01
0.850000 77.750000 8.493853999254e-01 4.023334095555e-01 9.398552e-01
0.850000 77.775000 8.748585922755e-01 3.954553461809e-01 9.600846e-01
0.850000 77.800000 8.995418638087e-01 3.865000619851e-01 9.790597e-01
0.850000 77.825000 9.232679533585e-01 3.755438265363e-01 9.967231e-01
0.850000 77.850000 9.458768152591e-01 3.626729757369e-01 1.013023e+00
0.850000 77.875000 9.672150002255e-01 3.479835518257e-01 1.027909e+00
0.850000 77.900000 9.871351736589e-01 3.315814514613e-01 1.041337e+00
0.850000 77.925000 1.005495943698e+00 3.135830029661e-01 1.053260e+00
0.850000 77.950000 1.022162141738e+00 2.941158445577e-01 1.063635e+00
0.850000 77.975000 1.037005655441e+00 2.733199357447e-01 1.072420e+00
0.850000 78.000000 1.049906861307e+00 2.513485073949e-01 1.079574e+00
0.850000 78.025000 1.060756644326e+00 2.283687448785e-01 1.085061e+00
0.850000 78.050000 1.069458930599e+00 2.045620047184e-01 1.088847e+00
0.850000 78.075000 1.075933599671e+00 1.801233887293e-01 1.090907e+00
0.850000 78.100000 1.080119591733e+00 1.552605397811e-01 1.091221e+00
0.850000 78.125000 1.081977985175e+00 1.301915778314e-01 1.089783e+00
0.850000 78.150000 1.081494796365e+00 1.051421602234e-01 1.086594e+00
0.850000 78.175000 1.078683248746e+00 8.034172182458e-02 1.081671e+00
0.850000 78.200000 1.073585274136e+00 5.601902295537e-02 1.075046e+00
0.850000 78.225000 1.066272045463e+00 3.239720035203e-02 1.066764e+00
0.850000 78.250000 1.056843395483e+00 9.688572747069e-03 1.056888e+00
0.850000 78.275000 1.045426046973e+00 -1.191050732598e-02 1.045494e+00
0.850000 78.300000 1.032170661547e+00 -3.222444454498e-02 1.032674e+00
0.850000 78.325000 1.017247800577e+00 -5.110252788094e-02 1.018531e+00
0.850000 78.350000 1.000842975675e+00 -6.842211582099e-02 1.003179e+00
0.850000 78.375000 9.831510408390e-01 -8.409065424079e-02 9.867407e-01
0.850000 78.400000 9.643702367147e-01 -9.804637434260e-02 9.693416e-01
0.850000 78.425000 9.446962339683e-01 -1.102576064015e-01 9.511087e-01
0.850000 78.450000 9.243165332440e-01 -1.207207420617e-01 9.321666e-01
0.850000 78.475000 9.034055616696e-01 -1.294569758106e-01 9.126339e-01
0.850000 78.500000 8.821207607041e-01 -1.365080467612e-01 8.926206e-01
0.850000 78.525000 8.605998901640e-01 -1.419312770461e-01 8.722251e-01
0.850000 78.550000 8.389596836593e-01 -1.457942560639e-01 8.515335e-01
0.850000 78.575000 8.172958885405e-01 -1.481695453703e-01 8.306183e-01
0.850000 78.600000 7.956846172361e-01 -1.491297742766e-01 8.095392e-01
0.850000 78.625000 7.741848356191e-01 -1.487434609832e-01 7.883443e-01
0.850000 78.650000 7.528417265947e-01 -1.470718307922e-01 7.670729e-01
0.850000 78.675000 7.316906012573e-01 -1.441668166931e-01 7.457581e-01
0.850000 78.700000 7.107609916962e-01 -1.400703255614e-01 7.244314e-01
0.850000 78.725000 6.900805524469e-01 -1.348147441277e-01 7.031260e-01
0.850000 78.750000 6.696784225408e-01 -1.284245521642e-01 6.818813e-01
0.850000 78.775000 6.495877550984e-01 -1.209188153750e-01 6.607463e-01
0.850000 78.800000 6.298472017475e-01 -1.123142555404e-01 6.397828e-01
0.850000 78.825000 6.105012378798e-01 -1.026285471700e-01 6.190673e-01
0.850000 78.850000 5.915993233057e-01 -9.188347243905e-02 5.986922e-01
0.850000 78.875000 5.731940018204e-01 -8.010758104031e-02 5.787647e-01
0.850000 78.900000 5.553381431563e-01 -6.733804742117e-02 5.594058e-01
0.850000 78.925000 5.380816132226e-01 -5.362149069661e-02 5.407468e-01
0.850000 78.950000 5.214677164904e-01 -3.901361604693e-02 5.229251e-01
0.850000 78.975000 5.055297830712e-01 -2.357764267660e-02 5.060793e-01
0.850000 79.000000 4.902882702228e-01 -7.381593523145e-03 4.903438e-01
0.850000 79.025000 4.757487140785e-01 9.505373196545e-03 4.758437e-01
0.850000 79.050000 4.619008052411e-01 2.701731928156e-02 4.626903e-01
0.850000 79.075000 4.487187766303e-01 4.509622698812e-02 4.509792e-01
0.850000 79.100000 4.361631904068e-01 6.369665876607e-02 4.407897e-01
0.850000 79.125000 4.241841007975e-01 8.278997574039e-02 4.321878e-01
0.850000 79.150000 4.127254595236e-01 1.023677300629e-01 4.252311e-01
0.850000 79.175000 4.017305283567e-01 1.224438909855e-01 4.199761e-01
0.850000 79.200000 3.911479763896e-01 1.430556349149e-01 4.164873e-01
0.850000 79.225000 3.809382739139e-01 1.642625207460e-01 4.148447e-01
0.850000 79.250000 3.710799547578e-01 1.861439771283e-01 4.151505e-01
0.850000 79.275000 3.615753071497e-01 2.087951409188e-01 4.175310e-01
0.850000 79.300000 3.524550703704e-01 2.323211985688e-01 4.221347e-01
0.850000 79.325000 3.437817595452e-01 2.568304873903e-01 4.291245e-01
0.850000 79.350000 3.356513111699e-01 2.824267049745e-01 4.386646e-01
0.850000 79.375000 3.281928331619e-01 3.092006468044e-01 4.509053e-01
0.850000 79.400000 3.215663500437e-01 3.372219398554e-01 4.659652e-01
0.850000 79.425000 3.159585500926e-01 3.665312606150e-01 4.839163e-01
0.850000 79.450000 3.115766601987e-01 3.971335179206e-01 5.047723e-01
0.850000 79.475000 3.086406888595e-01 4.289924443355e-01 5.284823e-01
0.850000 79.500000 3.073743814409e-01 4.620269760909e-01 5.549306e-01
0.850000 79.525000 3.079953183029e-01 4.961097140836e-01 5.839400e-01
0.850000 79.550000 3.107046502362e-01 5.310676516267e-01 6.152806e-01
0.850000 79.575000 3.156770026265e-01 5.666852344197e-01 6.486788e-01
0.850000 79.600000 3.230510871025e-01 6.027096912895e-01 6.838282e-01
0.850000 79.625000 3.329215360315e-01 6.388584480213e-01 7.204005e-01
0.850000 79.650000 3.453324218521e-01 6.748283185718e-01 7.580552e-01
0.850000 79.675000 3.602728425146e-01 7.103060653925e-01 7.964491e-01
0.850000 79.700000 3.776748506784e-01 7.449798399415e-01 8.352444e-01
0.850000 79.725000 3.974138838025e-01 7.785509609434e-01 8.741164e-01
0.850000 79.750000 4.193117221409e-01 8.107454651064e-01 9.127598e-01
0.850000 79.775000 4.431418699265e-01 8.413248743745e-01 9.508955e-01
0.850000 79.800000 4.686371299351e-01 8.700956647522e-01 9.882749e-01
0.850000 79.825000 4.954990309681e-01 8.969169915266e-01 1.024685e+00
0.850000 79.850000 5.234086784004e-01 9.217063194878e-01 1.059952e+00
0.850000 79.875000 5.520385350556e-01 9.444427180964e-01 1.093946e+00
0.850000 79.900000 5.810646065836e-01 9.651677028101e-01 1.126581e+00
0.850000 79.925000 6.101785032817e-01 9.839836268200e-01 1.157818e+00
0.850000 79.950000 6.390988776939e-01 1.001049744188e+00 1.187665e+00
0.850000 79.975000 6.675817909495e-01 1.016576168553e+00 1.216179e+00
0.850000 80.000000 6.954296354759e-01 1.030816035262e+00 1.243465e+00
0.850000 80.025000 7.224983309311e-01 1.044056234886e+00 1.269668e+00
0.850000 80.050000 7.487026067344e-01 1.056607120600e+00 1.294980e+00
0.850000 80.075000 7.740192811875e-01 1.068791600938e+00 1.319629e+00
0.850000 80.100000 7.984885372096e-01 1.080934015298e+00 1.343876e+00
0.850000 80.125000 8.222132727077e-01 1.093349155947e+00 1.368008e+00
0.850000 80.150000 8.453566656260e-01 1.106331752503e+00 1.392335e+00
0.850000 80.175000 8.681381377390e-01 1.120146678522e+00 1.417178e+00
0.850000 80.200000 8.908279270456e-01 1.135020080815e+00 1.442860e+00
0.850000 80.225000 9.137404877178e-01 1.151131575730e+00 1.469703e+00
0.850000 80.250000 9.372269318989e-01 1.168607607026e+00 1.498011e+00
0.850000 80.275000 9.616667131248e-01 1.187516020251e+00 1.528070e+00
0.850000 80.300000 9.874587311140e-01 1.207861879884e+00 1.560130e+00
0.850000 80.325000 1.015012016428e+00 1.229584537981e+00 1.594405e+00
0.850000 80.350000 1.044736134806e+00 1.252555955068e+00 1.631064e+00
0.850000 80.375000 1.077031437628e+00 1.276580273111e+00 1.670226e+00
0.850000 80.400000 1.112279278704e+00 1.301394643336e+00 1.711956e+00
0.850000 80.425000 1.150832318751e+00 1.326671315141e+00 1.756266e+00
0.850000 80.450000 1.193005046846e+00 1.352020993106e+00 1.803114e+00
0.850000 80.475000 1.239064660916e+00 1.376997464592e+00 1.852405e+00
0.850000 80.500000 1.289222464551e+00 1.401103488915e+00 1.903992e+00
0.850000 80.525000 1.343625952051e+00 1.423797919803e+00 1.957685e+00
0.850000 80.550000 1.402351764806e+00 1.444504006081e+00 2.013252e+00
0.850000 80.575000 1.465399707163e+00 1.462618782688e+00 2.070423e+00
0.850000 80.600000 1.532688006746e+00 1.477523427045e+00 2.128898e+00
0.850000 80.625000 1.604049991565e+00 1.488594417299e+00 2.188353e+00
0.850000 80.650000 1.679232333627e+00 1.495215291729e+00 2.248442e+00
0.850000 80.675000 1.757894976721e+00 1.496788775584e+00 2.308803e+00
0.850000 80.700000 1.839612825777e+00 1.492749015313e+00 2.369066e+00
0.850000 80.725000 1.923879228594e+00 1.482573642653e+00 2.428855e+00
0.850000 80.750000 2.010111230339e+00 1.465795383767e+00 2.487791e+00
0.850000 80.775000 2.097656529459e+00 1.442012932322e+00 2.545499e+00
0.850000 80.800000 2.185802013499e+00 1.410900819989e+00 2.601609e+00
0.850000 80.825000 2.273783707126e+00 1.372218042682e+00 2.655763e+00
0.850000 80.850000 2.360797924798e+00 1.325815234523e+00 2.707610e+00
0.850000 80.875000 2.446013388767e+00 1.271640222254e+00 2.756819e+00
0.850000 80.900000 2.528584050681e+00 1.209741838397e+00 2.803072e+00
0.850000 80.925000 2.607662342640e+00 1.140271919539e+00 2.846071e+00
0.850000 80.950000 2.682412581190e+00 1.063485464273e+00 2.885540e+00
0.850000 80.975000 2.752024254854e+00 9.797389712146e-01 2.921220e+00
0.850000 81.000000 2.815724941186e+00 8.894870192129e-01 2.952879e+00
0.850000 81.025000 2.872792621645e+00 7.932771875841e-01 2.980306e+00
0.850000 81.050000 2.922567189571e+00 6.917434429592e-01 3.003316e+00
0.850000 81.075000 2.964460976449e+00 5.855981404268e-01 3.021747e+00
0.850000 81.100000 2.997968152050e+00 4.756228002159e-01 3.035462e+00
0.850000 81.125000 3.022672883065e+00 3.626578278623e-01 3.044351e+00
0.850000 81.150000 3.038256160866e+00 2.475913467648e-01 3.048328e+00
0.850000 81.175000 3.044501230687e+00 1.313473089938e-01 3.047333e+00
0.850000 81.200000 3.041297571388e+00 1.487304502080e-02 3.041334e+00
0.850000 81.225000 3.028643386986e+00 -1.008735922949e-01 3.030323e+00
0.850000 81.250000 3.006646579110e+00 -2.149373377464e-01 3.014319e+00
0.850000 81.275000 2.975524174833e+00 -3.263787265698e-01 2.993371e+00
0.850000 81.300000 2.935600188722e+00 -4.342872550205e-01 2.967550e+00
0.850000 81.325000 2.887301903557e+00 -5.377943257510e-01 2.936960e+00
0.850000 81.350000 2.831154563162e+00 -6.360858032069e-01 2.901731e+00
0.850000 81.375000 2.767774484925e+00 -7.284139900054e-01 2.862021e+00
0.850000 81.400000 2.697860620359e+00 -8.141088205566e-01 2.818018e+00
0.850000 81.425000 2.622184619973e+00 -8.925880554913e-01 2.769940e+00
0.850000 81.450000 2.541579493673e+00 -9.633662524754e-01 2.718033e+00
0.850000 81.475000 2.456926998649e+00 -1.026062288292e+00 2.662573e+00
0.850000 81.500000 2.369143931183e+00 -1.080405215882e+00 2.603866e+00
0.850000 81.525000 2.279167544381e+00 -1.126238259848e+00 2.542247e+00
0.850000 81.550000 2.187940357116e+00 -1.163520785332e+00 2.478077e+00
0.850000 81.575000 2.096394657266e+00 -1.192328117791e+00 2.411746e+00
0.850000 81.600000 2.005437031308e+00 -1.212849143449e+00 2.343668e+00
0.850000 81.625000 1.915933270067e+00 -1.225381679764e+00 2.274282e+00
0.850000 81.650000 1.828694004842e+00 -1.230325668924e+00 2.204047e+00
0.850000 81.675000 1.744461418796e+00 -1.228174311605e+00 2.133438e+00
0.850000 81.700000 1.663897355410e+00 -1.219503319359e+00 2.062945e+00
0.850000 81.725000 1.587573110576e+00 -1.204958518818e+00 1.993066e+00
0.850000 81.750000 1.515961149711e+00 -1.185242086534e+00 1.924302e+00
0.850000 81.775000 1.449428939026e+00 -1.161097728105e+00 1.857146e+00
0.850000 81.800000 1.388235024002e+00 -1.133295138347e+00 1.792081e+00
0.850000 81.825000 1.332527431234e+00 -1.102614090948e+00 1.729563e+00
0.850000 81.850000 1.282344414790e+00 -1.069828507429e+00 1.670012e+00
0.850000 81.875000 1.237617517114e+00 -1.035690848137e+00 1.613801e+00
0.850000 81.900000 1.198176868197e+00 -1.000917154611e+00 1.561238e+00
0.850000 81.925000 1.163758605563e+00 -9.661730551306e-01 1.512556e+00
0.850000 81.950000 1.134014260756e+00 -9.320610253741e-01 1.467899e+00
0.850000 81.975000 1.108521924295e+00 -8.991091750936e-01 1.427312e+00
0.850000 82.000000 1.086798968718e+00 -8.677618097772e-01 1.390735e+00
0.850000 82.025000 1.068316077122e+00 -8.383719928971e-01 1.358001e+00
0.850000 82.050000 1.052512291159e+00 -8.111963080546e-01 1.328842e+00
0.850000 82.075000 1.038810757744e+00 -7.863919891303e-01 1.302897e+00
0.850000 82.100000 1.026634818405e+00 -7.640165481274e-01 1.279727e+00
0.850000 82.125000 1.015424051061e+00 -7.440299826098e-01 1.258835e+00
0.850000 82.150000 1.004649844156e+00 -7.262995859451e-01 1.239690e+00
0.850000 82.175000 9.938300610363e-01 -7.106073133964e-01 1.221745e+00
0.850000 82.200000 9.825423426569e-01 -6.966595762624e-01 1.204460e+00
0.850000 82.225000 9.704356033386e-01 -6.840992470181e-01 1.187323e+00
0.850000 82.250000 9.572393010324e-01 -6.725195646144e-01 1.169867e+00
0.850000 82.275000 9.427701131996e-01 -6.614795359793e-01 1.151682e+00
0.850000 82.300000 9.269357230105e-01 -6.505203436098e-01 1.132425e+00
0.850000 82.325000 9.097355174457e-01 -6.391821968255e-01 1.111833e+00
0.850000 82.350000 8.912581161956e-01 -6.270210125920e-01 1.089723e+00
0.850000 82.375000 8.716757830985e-01 -6.136242869843e-01 1.065999e+00
0.850000 82.400000 8.512359134459e-01 -5.986255251737e-01 1.040651e+00
0.850000 82.425000 8.302499325214e-01 -5.817166392314e-01 1.013760e+00
0.850000 82.450000 8.090800740659e-01 -5.626577996424e-01 9.854919e-01
0.850000 82.475000 7.881246225220e-01 -5.412843362258e-01 9.561010e-01
0.850000 82.500000 7.678022910908e-01 -5.175104225227e-01 9.259252e-01
0.850000 82.525000 7.485364612298e-01 -4.913294375262e-01 8.953834e-01
0.850000 82.550000 7.307400227116e-01 -4.628110707456e-01 8.649711e-01
0.850000 82.575000 7.148015237358e-01 -4.320954103666e-01 8.352531e-01
0.850000 82.600000 7.010732678065e-01 -3.993844183699e-01 8.068529e-01
0.850000 82.625000 6.898618812175e-01 -3.649313396636e-01 7.804385e-01
0.850000 82.650000 6.814217280716e-01 -3.290287043678e-01 7.567004e-01
0.850000 82.675000 6.759513775679e-01 -2.919956549350e-01 7.363231e-01
0.850000 82.700000 6.735931416672e-01 -2.541653569337e-01 7.199498e-01
0.850000 82.725000 6.744355124288e-01 -2.158732312304e-01 7.081416e-01
0.850000 82.750000 6.785181500212e-01 -1.774466765228e-01 7.013374e-01
0.850000 82.775000 6.858389169334e-01 -1.391968386801e-01 6.998220e-01
0.850000 82.800000 6.963623321213e-01 -1.014128343029e-01 7.037081e-01
0.850000 82.825000 7.100287394115e-01 -6.435866025782e-02 7.129396e-01
0.850000 82.850000 7.267634531344e-01 -2.827283065008e-02 7.273132e-01
0.850000 82.875000 7.464851630560e-01 6.629409078112e-03 7.465146e-01
0.850000 82.900000 7.691129488616e-01 4.015162111049e-02 7.701603e-01
0.850000 82.925000 7.945713668830e-01 7.210995288238e-02 7.978368e-01
0.850000 82.950000 8.227932203212e-01 1.023257591105e-01 8.291316e-01
0.850000 82.975000 8.537197981847e-01 1.306177506230e-01 8.636541e-01
0.850000 83.000000 8.872985549718e-01 1.567943805683e-01 9.010456e-01
0.850000 83.025000 9.234783894155e-01 1.806471569073e-01 9.409813e-01
0.850000 83.050000 9.622028531231e-01 2.019455008974e-01 9.831665e-01
0.850000 83.075000 1.003401766767e+00 2.204336603512e-01 1.027330e+00
0.850000 83.100000 1.046981832704e+00 2.358300426278e-01 1.073213e+00
0.850000 83.125000 1.092816901578e+00 2.478291666491e-01 1.120566e+00
0.850000 83.150000 1.140738573038e+00 2.561062581551e-01 1.169134e+00
0.850000 83.175000 1.190527787099e+00 2.603243406712e-01 1.218657e+00
0.850000 83.200000 1.241907996492e+00 2.601435182967e-01 1.268862e+00
0.850000 83.225000 1.294540408132e+00 2.552320158434e-01 1.319461e+00
0.850000 83.250000 1.348021652663e+00 2.452784449899e-01 1.370155e+00
0.850000 83.275000 1.401884095704e+00 2.300047069303e-01 1.420627e+00
0.850000 83.300000 1.455598854207e+00 2.091789241225e-01 1.470552e+00
0.850000 83.325000 1.508581437394e+00 1.826278145653e-01 1.519596e+00
0.850000 83.350000 1.560199803911e+00 1.502479769261e-01 1.567418e+00
0.850000 83.375000 1.609784522879e+00 1.120156367874e-01 1.613677e+00
0.850000 83.400000 1.656640651865e+00 6.799450451907e-02 1.658035e+00
0.850000 83.425000 1.700060901532e+00 1.834150430272e-02 1.700160e+00
0.850000 83.450000 1.739339644594e+00 -3.668975784738e-02 1.739727e+00
0.850000 83.475000 1.773787342198e+00 -9.674782011634e-02 1.776424e+00
0.850000 83.500000 1.802744998627e+00 -1.613844349915e-01 1.809954e+00
0.850000 83.525000 1.825598308157e+00 -2.300577711515e-01 1.840037e+00
0.850000 83.550000 1.841791218193e+00 -3.021375954255e-01 1.866409e+00
0.850000 83.575000 1.850838692485e+00 -3.769122661125e-01 1.888827e+00
0.850000 83.600000 1.852338510403e+00 -4.535973715729e-01 1.907068e+00
0.850000 83.625000 1.845981977023e+00 -5.313458654118e-01 1.920932e+00
0.850000 83.650000 1.831563440704e+00 -6.092595754995e-01 1.930239e+00
0.850000 83.675000 1.808988518295e+00 -6.864019915026e-01 1.934835e+00
0.850000 83.700000 1.778280914114e+00 -7.618122574375e-01 1.934591e+00
0.850000 83.725000 1.739587690574e+00 -8.345203056304e-01 1.929401e+00
0.850000 83.750000 1.693182810799e+00 -9.035630612316e-01 1.919191e+00
0.850000 83.775000 1.639468733531e+00 -9.680016188517e-01 1.903913e+00
0.850000 83.800000 1.578975805333e+00 -1.026939243807e+00 1.883552e+00
0.850000 83.825000 1.512359172453e+00 -1.079539981194e+00 1.858127e+00
0.850000 83.850000 1.440392931824e+00 -1.125047570149e+00 1.827694e+00
0.850000 83.875000 1.363961263645e+00 -1.162804264093e+00 1.792346e+00
0.850000 83.900000 1.284046341342e+00 -1.192269058091e+00 1.752222e+00
0.850000 83.925000 1.201712900422e+00 -1.213034730848e+00 1.707503e+00
0.850000 83.950000 1.118089465555e+00 -1.224843030927e+00 1.658422e+00
0.850000 83.975000 1.034346381799e+00 -1.227597284491e+00 1.605262e+00
0.850000 84.000000 9.516709653349e-01 -1.221371684116e+00 1.548362e+00
0.850000 84.025000 8.712402726012e-01 -1.206416542793e+00 1.488120e+00
0.850000 84.050000 7.941921734858e-01 -1.183158869256e+00 1.424993e+00
0.850000 84.075000 7.215955915881e-01 -1.152197742884e+00 1.359507e+00
0.850000 84.100000 6.544209289113e-01 -1.114294137649e+00 1.292253e+00
0.850000 84.125000 5.935118101315e-01 -1.070355060291e+00 1.223894e+00
0.850000 84.150000 5.395593501192e-01 -1.021412119827e+00 1.155165e+00
0.850000 84.175000 4.930801570544e-01 -9.685949215634e-01 1.086878e+00
0.850000 84.200000 4.543992246398e-01 -9.130999641629e-01 1.019917e+00
0.850000 84.225000 4.236387368875e-01 -8.561559954372e-01 9.552345e-01
0.850000 84.250000 4.007136086222e-01 -7.989870331506e-01 8.938410e-01
0.850000 84.275000 3.853343201144e-01 -7.427744624029e-01 8.367774e-01
0.850000 84.300000 3.770172860869e-01 -6.886197641544e-01 7.850727e-01
0.850000 84.325000 3.751026433680e-01 -6.375094957509e-01 7.396758e-01
0.850000 84.350000 3.787789672939e-01 -5.902841237881e-01 7.013621e-01
0.850000 84.375000 3.871140569351e-01 -5.476121973473e-01 6.706239e-01
0.850000 84.400000 3.990905870370e-01 -5.099711467213e-01 6.475677e-01
0.850000 84.425000 4.136451334805e-01 -4.776357066795e-01 6.318530e-01
0.850000 84.450000 4.297088602151e-01 -4.506746078596e-01 6.227016e-01
0.850000 84.475000 4.462480261805e-01 -4.289557742775e-01 6.189833e-01
0.850000 84.500000 4.623024425147e-01 -4.121598329176e-01 6.193539e-01
0.850000 84.525000 4.770200885557e-01 -3.998013093759e-01 6.224060e-01
0.850000 84.550000 4.896862777944e-01 -3.912564789619e-01 6.267968e-01
0.850000 84.575000 4.997460426891e-01 -3.857964917851e-01 6.313359e-01
0.850000 84.600000 5.068187639796e-01 -3.826241162400e-01 6.350327e-01
0.850000 84.625000 5.107044839566e-01 -3.809122660716e-01 6.371132e-01
0.850000 84.650000 5.113817880017e-01 -3.798424035488e-01 6.370177e-01
0.850000 84.675000 5.089975863502e-01 -3.786409495102e-01 6.343875e-01
0.850000 84.700000 5.038495500658e-01 -3.766119768101e-01 6.290477e-01
0.850000 84.725000 4.963623253426e-01 -3.731647061782e-01 6.209891e-01
0.850000 84.750000 4.870589461690e-01 -3.678346454354e-01 6.103513e-01
0.850000 84.775000 4.765290704210e-01 -3.602975919809e-01 5.974063e-01
0.850000 84.800000 4.653957686703e-01 -3.503761288175e-01 5.825433e-01
0.850000 84.825000 4.542825957388e-01 -3.380386592321e-01 5.662533e-01
0.850000 84.850000 4.437825768455e-01 -3.233914185089e-01 5.491129e-01
0.850000 84.875000 4.344305541202e-01 -3.066642494047e-01 5.317639e-01
0.850000 84.900000 4.266800817330e-01 -2.881912125915e-01 5.148884e-01
0.850000 84.925000 4.208857490927e-01 -2.683873103822e-01 4.991759e-01
0.850000 84.950000 4.172914737735e-01 -2.477227244601e-01 4.852821e-01
0.850000 84.975000 4.160249614944e-01 -2.266960048971e-01 4.737804e-01
0.850000 85.000000 4.170982006470e-01 -2.058076030973e-01 4.651104e-01
0.850000 85.025000 4.204135616862e-01 -1.855350249828e-01 4.595333e-01
0.850000 85.050000 4.257748214289e-01 -1.663107059695e-01 4.571033e-01
0.850000 85.075000 4.329022386808e-01 -1.485034916202e-01 4.576654e-01
0.850000 85.100000 4.414506756868e-01 -1.324043637900e-01 4.608792e-01
0.850000 85.125000 4.510296903202e-01 -1.182167976596e-01 4.662649e-01
0.850000 85.150000 4.612245134740e-01 -1.060518849057e-01 4.732600e-01
0.850000 85.175000 4.716168685869e-01 -9.592812467588e-02 4.812740e-01
0.850000 85.200000 4.818046773210e-01 -8.777557661334e-02 4.897349e-01
0.850000 85.225000 4.914198176947e-01 -8.144389554346e-02 4.981230e-01
0.850000 85.250000 5.001432487750e-01 -7.671362950939e-02 5.059923e-01
0.850000 85.275000 5.077169800757e-01 -7.331006310174e-02 5.129824e-01
0.850000 85.300000 5.139525357360e-01 -7.091882602274e-02 5.188224e-01
0.850000 85.325000 5.187357361382e-01 -6.920246074411e-02 5.233314e-01
0.850000 85.350000 5.220277868799e-01 -6.781715023682e-02 5.264145e-01
0.850000 85.375000 5.238628220317e-01 -6.642884389345e-02 5.280578e-01
0.850000 85.400000 5.243421913930e-01 -6.472808356822e-02 5.283223e-01
0.850000 85.425000 5.236259066695e-01 -6.244291867686e-02 5.273360e-01
0.850000 85.450000 5.219217662402e-01 -5.934940607808e-02 5.252853e-01
0.850000 85.475000 5.194727598659e-01 -5.527931335675e-02 5.224057e-01
0.850000 85.500000 5.165434110107e-01 -5.012477924249e-02 5.189697e-01
0.850000 85.525000 5.134057433907e-01 -4.383982787014e-02 5.152741e-01
0.850000 85.550000 5.103255584843e-01 -3.643877952086e-02 5.116248e-01
0.850000 85.575000 5.075496812794e-01 -2.799174394126e-02 5.083210e-01
0.850000 85.600000 5.052947727946e-01 -1.861751742032e-02 5.056376e-01
0.850000 85.625000 5.037382214095e-01 -8.474325387870e-03 5.038095e-01
0.850000 85.650000 5.030115137484e-01 2.251047652191e-03 5.030166e-01
0.850000 85.675000 5.031963542136e-01 1.335512507203e-02 5.033735e-01
0.850000 85.700000 5.043236561686e-01 2.462994291693e-02 5.049247e-01
0.850000 85.725000 5.063753743121e-01 3.587492424066e-02 5.076446e-01
0.850000 85.750000 5.092889949860e-01 4.690778095875e-02 5.114446e-01
0.850000 85.775000 5.129643574445e-01 5.757386263176e-02 5.161852e-01
0.850000 85.800000 5.172723528423e-01 6.775346564551e-02 5.216907e-01
0.850000 85.825000 5.220649465569e-01 7.736673832074e-02 5.277664e-01
0.850000 85.850000 5.271858999392e-01 8.637596103341e-02 5.342151e-01
0.850000 85.875000 5.324815344609e-01 9.478513734738e-02 5.408519e-01
0.850000 85.900000 5.378108871628e-01 1.026369932285e-01 5.475170e-01
0.850000 85.925000 5.430546516078e-01 1.100076368352e-01 5.540849e-01
0.850000 85.950000 5.481223809879e-01 1.169992714507e-01 5.604703e-01
0.850000 85.975000 5.529575450093e-01 1.237314698353e-01 5.666317e-01
0.850000 86.000000 5.575401727913e-01 1.303316019758e-01 5.725708e-01
0.850000 86.025000 5.618869715945e-01 1.369250541230e-01 5.783299e-01
0.850000 86.050000 5.660489756897e-01 1.436258817150e-01 5.839862e-01
0.850000 86.075000 5.701069403952e-01 1.505285015147e-01 5.896446e-01
0.850000 86.100000 5.741648425376e-01 1.577009510543e-01 5.954283e-01
0.850000 86.125000 5.783419703497e-01 1.651801310538e-01 6.014681e-01
0.850000 86.150000 5.827641746140e-01 1.729693061302e-01 6.078918e-01
0.850000 86.175000 5.875549022482e-01 1.810379802030e-01 6.148134e-01
0.850000 86.200000 5.928266397081e-01 1.893240963910e-01 6.223239e-01
0.850000 86.225000 5.986733557109e-01 1.977383485253e-01 6.304841e-01
0.850000 86.250000 6.051644531488e-01 2.061702442451e-01 6.393201e-01
0.850000 86.275000 6.123406240287e-01 2.144954387339e-01 6.488215e-01
0.850000 86.300000 6.202118569468e-01 2.225837724518e-01 6.589433e-01
0.850000 86.325000 6.287576843532e-01 2.303074023180e-01 6.696101e-01
0.850000 86.350000 6.379295885501e-01 2.375484172260e-01 6.807227e-01
0.850000 86.375000 6.476553235178e-01 2.442053757562e-01 6.921659e-01
0.850000 86.400000 6.578447665017e-01 2.501982932296e-01 7.038174e-01
0.850000 86.425000 6.683967997616e-01 2.554717302827e-01 7.155558e-01
0.850000 86.450000 6.792066477945e-01 2.599957865913e-01 7.272685e-01
0.850000 86.475000 6.901730645907e-01 2.637649697192e-01 7.388578e-01
0.850000 86.500000 7.012047815848e-01 2.667950775640e-01 7.502451e-01
0.850000 86.525000 7.122256887719e-01 2.691183905285e-01 7.613739e-01
0.850000 86.550000 7.231783242603e-01 2.707776041548e-01 7.722094e-01
0.850000 86.575000 7.340253833688e-01 2.718190341252e-01 7.827380e-01
0.850000 86.600000 7.447491167406e-01 2.722856854733e-01 7.929633e-01
0.850000 86.625000 7.553486555734e-01 2.722107920646e-01 8.029012e-01
0.850000 86.650000 7.658354679911e-01 2.716123999739e-01 8.125745e-01
0.850000 86.675000 7.762273011722e-01 2.704894920194e-01 8.220057e-01
0.850000 86.700000 7.865410878040e-01 2.688200365537e-01 8.312106e-01
0.850000 86.725000 7.967853836912e-01 2.665612004816e-01 8.401915e-01
0.850000 86.750000 8.069529497323e-01 2.636518054030e-01 8.489319e-01
0.850000 86.775000 8.170140931340e-01 2.600169387418e-01 8.573919e-01
0.850000 86.800000 8.269113401936e-01 2.555744709565e-01 8.655060e-01
0.850000 86.825000 8.365559300438e-01 2.502430867328e-01 8.731824e-01
0.850000 86.850000 8.458265020187e-01 2.439513221868e-01 8.803038e-01
0.850000 86.875000 8.545702075303e-01 2.366470188701e-01 8.867311e-01
0.850000 86.900000 8.626063207029e-01 2.283065634567e-01 8.923080e-01
0.850000 86.925000 8.697322612148e-01 2.189432810959e-01 8.968670e-01
0.850000 86.950000 8.757317883260e-01 2.086143894033e-01 9.002367e-01
0.850000 86.975000 8.803849864098e-01 1.974259953050e-01 9.022498e-01
0.850000 87.000000 8.834795474284e-01 1.855357225758e-01 9.027511e-01
0.850000 87.025000 8.848227706752e-01 1.731526866842e-01 9.016059e-01
0.850000 87.050000 8.842536486200e-01 1.605346771520e-01 8.987079e-01
0.850000 87.075000 8.816543914340e-01 1.479825575169e-01 8.939873e-01
0.850000 87.100000 8.769607613544e-01 1.358320407855e-01 8.874179e-01
0.850000 87.125000 8.701706391456e-01 1.244431362960e-01 8.790239e-01
0.850000 87.150000 8.613503247892e-01 1.141876855277e-01 8.688862e-01
0.850000 87.175000 8.506381781633e-01 1.054355041713e-01 8.571476e-01
0.850000 87.200000 8.382453271555e-01 9.853972168047e-02 8.440174e-01
0.850000 87.225000 8.244533040772e-01 9.382195491980e-02 8.297746e-01
0.850000 87.250000 8.096086100698e-01 9.155796818456e-02 8.147693e-01
0.850000 87.275000 7.941143449974e-01 9.196445785387e-02 7.994217e-01
0.850000 87.300000 7.784191711649e-01 9.518755756239e-02 7.842175e-01
0.850000 87.325000 7.630039974666e-01 1.012935914552e-01 7.696983e-01
0.850000 87.350000 7.483668714456e-01 1.102625122233e-01 7.564462e-01
0.850000 87.375000 7.350066461497e-01 1.219843514640e-01 7.450604e-01
0.850000 87.400000 7.234060435151e-01 1.362588874113e-01 7.361269e-01
0.850000 87.425000 7.140147643072e-01 1.527986046696e-01 7.301811e-01
0.850000 87.450000 7.072332955331e-01 1.712348879791e-01 7.276677e-01
0.850000 87.475000 7.033980401272e-01 1.911272629656e-01 7.289022e-01
0.850000 87.500000 7.027683421998e-01 2.119753767782e-01 7.340415e-01
0.850000 87.525000 7.055159069529e-01 2.332333054455e-01 7.430683e-01
0.850000 87.550000 7.117170212378e-01 2.543256868773e-01 7.557927e-01
0.850000 87.575000 7.213478731613e-01 2.746651118878e-01 7.718702e-01
0.850000 87.600000 7.342831520779e-01 2.936701624826e-01 7.908312e-01
0.850000 87.625000 7.502979889507e-01 3.107834677797e-01 8.121166e-01
0.850000 87.650000 7.690731764020e-01 3.254891530124e-01 8.351148e-01
0.850000 87.675000 7.902034924946e-01 3.373290847210e-01 8.591929e-01
0.850000 87.700000 8.132088463072e-01 3.459173632403e-01 8.837236e-01
0.850000 87.725000 8.375478699690e-01 3.509525791006e-01 9.081047e-01
0.850000 87.750000 8.626335033057e-01 3.522274297776e-01 9.317729e-01
0.850000 87.775000 8.878500552299e-01 3.496353840592e-01 9.542131e-01
0.850000 87.800000 9.125711813123e-01 3.431741799646e-01 9.749639e-01
0.850000 87.825000 9.361781899784e-01 3.329460457002e-01 9.936210e-01
0.850000 87.850000 9.580780804323e-01 3.191546388992e-01 1.009838e+00
0.850000 87.875000 9.777207235567e-01 3.020988049738e-01 1.023329e+00
0.850000 87.900000 9.946146224261e-01 2.821633585419e-01 1.033864e+00
0.850000 87.925000 1.008340731400e+00 2.598071903337e-01 1.041274e+00
0.850000 87.950000 1.018563871720e+00 2.355490933499e-01 1.045445e+00
0.850000 87.975000 1.025041356581e+00 2.099517836961e-01 1.046322e+00
0.850000 88.000000 1.027628528892e+00 1.836046605323e-01 1.043902e+00
0.850000 88.025000 1.026281018851e+00 1.571059027651e-01 1.038236e+00
0.850000 88.050000 1.021053643730e+00 1.310445342264e-01 1.029429e+00
0.850000 88.075000 1.012095995626e+00 1.059831010276e-01 1.017630e+00
0.850000 88.100000 9.996448900715e-01 8.244159198062e-02 1.003039e+00
0.850000 88.125000 9.840139739848e-01 6.088319373987e-02 9.858957e-01
0.850000 88.150000 9.655809096165e-01 4.170240620228e-02 9.664810e-01
0.850000 88.175000 9.447726553371e-01 2.521595181755e-02 9.451091e-01
0.850000 88.200000 9.220494481120e-01 1.165679764926e-02 9.221231e-01
0.850000 88.225000 8.978881505287e-01 1.171475906953e-03 8.978889e-01
0.850000 88.250000 8.727656527052e-01 -6.179256526623e-03 8.727875e-01
0.850000 88.275000 8.471430133845e-01 -1.041652880038e-02 8.472071e-01
0.850000 88.300000 8.214509840981e-01 -1.163649223855e-02 8.215334e-01
0.850000 88.325000 7.960774868298e-01 -1.000087082033e-02 7.961403e-01
0.850000 88.350000 7.713575127671e-01 -5.725428252154e-03 7.713788e-01
0.850000 88.375000 7.475657832467e-01 9.330599822833e-04 7.475664e-01
0.850000 88.400000 7.249123713827e-01 9.690687498039e-03 7.249771e-01
0.850000 88.425000 7.035413327256e-01 2.025049042007e-02 7.038327e-01
0.850000 88.450000 6.835322448346e-01 3.231607064576e-02 6.842957e-01
0.850000 88.475000 6.649044177440e-01 4.560417808315e-02 6.664665e-01
0.850000 88.500000 6.476234180544e-01 5.985574270577e-02 6.503836e-01
0.850000 88.525000 6.316094552400e-01 7.484495277236e-02 6.360285e-01
0.850000 88.550000 6.167471143282e-01 9.038609735345e-02 6.233351e-01
0.850000 88.575000 6.028958866495e-01 1.063380211308e-01 6.122019e-01
0.850000 88.600000 5.899009499119e-01 1.226061689517e-01 6.025076e-01
0.850000 88.625000 5.776036782467e-01 1.391423190529e-01 5.941267e-01
0.850000 88.650000 5.658514181301e-01 1.559422105554e-01 5.869462e-01
0.850000 88.675000 5.545061417956e-01 1.730413576177e-01 5.808790e-01
0.850000 88.700000 5.434516796776e-01 1.905094061583e-01 5.758763e-01
0.850000 88.725000 5.325993309746e-01 2.084434277696e-01 5.719359e-01
0.850000 88.750000 5.218917502199e-01 2.269605595701e-01 5.691064e-01
0.850000 88.775000 5.113051020345e-01 2.461903900152e-01 5.674880e-01
0.850000 88.800000 5.008495612262e-01 2.662674620668e-01 5.672289e-01
0.850000 88.825000 4.905683074309e-01 2.873242203873e-01 5.685178e-01
0.850000 88.850000 4.805352201441e-01 3.094846726366e-01 5.715723e-01
0.850000 88.875000 4.708515200523e-01 3.328589708619e-01 5.766249e-01
0.850000 88.900000 4.616416258510e-01 3.575390515878e-01 5.839068e-01
0.850000 88.925000 4.530485030081e-01 3.835954063372e-01 5.936315e-01
0.850000 88.950000 4.452287736124e-01 4.110749912274e-01 6.059796e-01
0.850000 88.975000 4.383478365201e-01 4.400002276839e-01 6.210870e-01
0.850000 89.000000 4.325752167610e-01 4.703689982655e-01 6.390370e-01
0.850000 89.025000 4.280803251179e-01 5.021555035810e-01 6.598583e-01
0.850000 89.050000 4.250287655258e-01 5.353118192081e-01 6.835263e-01
0.850000 89.075000 4.235792821000e-01 5.697699757589e-01 7.099699e-01
0.850000 89.100000 4.238813917221e-01 6.054443806405e-01 7.390794e-01
0.850000 89.125000 4.260737046356e-01 6.422344059726e-01 7.707164e-01
0.850000 89.150000 4.302828966533e-01 6.800269824312e-01 8.047236e-01
0.850000 89.175000 4.366232642440e-01 7.186990618930e-01 8.409329e-01
0.850000 89.200000 4.451967694888e-01 7.581198406705e-01 8.791734e-01
0.850000 89.225000 4.560934666340e-01 7.981526675437e-01 9.192763e-01
0.850000 89.250000 4.693921961045e-01 8.386565941882e-01 9.610796e-01
0.850000 89.275000 4.851614350700e-01 8.794875574325e-01 1.004430e+00
0.850000 89.300000 5.034602049818e-01 9.204992106510e-01 1.049186e+00
0.850000 89.325000 5.243389542397e-01 9.615434434882e-01 1.095216e+00
0.850000 89.350000 5.478403561544e-01 1.002470643541e+00 1.142399e+00
0.850000 89.375000 5.739999860279e-01 1.043129759853e+00 1.190628e+00
0.850000 89.400000 6.028468638523e-01 1.083368226160e+00 1.239803e+00
0.850000 89.425000 6.344038682244e-01 1.123031792709e+00 1.289833e+00
0.850000 89.450000 6.686880404788e-01 1.161964300824e+00 1.340636e+00
0.850000 89.475000 7.057108042347e-01 1.200007416575e+00 1.392137e+00
0.850000 89.500000 7.454781238943e-01 1.237000321648e+00 1.444267e+00
0.850000 89.525000 7.879906163809e-01 1.272779343605e+00 1.496962e+00
0.850000 89.550000 8.332436148165e-01 1.307177496885e+00 1.550164e+00
0.850000 89.575000 8.812271629764e-01 1.340023902147e+00 1.603816e+00
0.850000 89.600000 9.319258979423e-01 1.371143056318e+00 1.657866e+00
0.850000 89.625000 9.853187585176e-01 1.400353939293e+00 1.712263e+00
0.850000 89.650000 1.041378441768e+00 1.427468965028e+00 1.766957e+00
0.850000 89.675000 1.100070522355e+00 1.452292812953e+00 1.821897e+00
0.850000 89.700000 1.161352151283e+00 1.474621207789e+00 1.877031e+00
0.850000 89.725000 1.225170263579e+00 1.494239748486e+00 1.932303e+00
0.850000 89.750000 1.291459248458e+00 1.510922916765e+00 1.987651e+00
0.850000 89.775000 1.360138069658e+00 1.524433418916e+00 2.043006e+00
0.850000 89.800000 1.431106865897e+00 1.534522027910e+00 2.098291e+00
0.850000 89.825000 1.504243108662e+00 1.540928094185e+00 2.153417e+00
0.850000 89.850000 1.579397443151e+00 1.543380881073e+00 2.208285e+00
0.850000 89.875000 1.656389384088e+00 1.541601854518e+00 2.262778e+00
0.850000 89.900000 1.735003077209e+00 1.535308017435e+00 2.316766e+00
0.850000 89.925000 1.814983365983e+00 1.524216328896e+00 2.370105e+00
0.850000 89.950000 1.896032418438e+00 1.508049190386e+00 2.422633e+00
0.850000 89.975000 1.977807169207e+00 1.486540919599e+00 2.474172e+00
0.850000 90.000000 2.059917816069e+00 1.459445070853e+00 2.524528e+00
0.850000 90.025000 2.141927579151e+00 1.426542404609e+00 2.573495e+00
0.850000 90.050000 2.223353886158e+00 1.387649260704e+00 2.620853e+00
0.850000 90.075000 2.303671091421e+00 1.342626054196e+00 2.666373e+00
0.850000 90.100000 2.382314773830e+00 1.291385591403e+00 2.709816e+00
0.850000 90.125000 2.458687592987e+00 1.233900898265e+00 2.750937e+00
0.850000 90.150000 2.532166618417e+00 1.170212263257e+00 2.789492e+00
0.850000 90.175000 2.602111987527e+00 1.100433221908e+00 2.825233e+00
0.850000 90.200000 2.667876697597e+00 1.024755246854e+00 2.857917e+00
0.850000 90.225000 2.728817298060e+00 9.434509535030e-01 2.887307e+00
0.850000 90.250000 2.784305223133e+00 8.568756828324e-01 2.913176e+00
0.850000 90.275000 2.833738491933e+00 7.654673759679e-01 2.935305e+00
0.850000 90.300000 2.876553502555e+00 6.697447061321e-01 2.953493e+00
0.850000 90.325000 2.912236656462e+00 5.703034793380e-01 2.967553e+00
0.850000 90.350000 2.940335567030e+00 4.678113534556e-01 2.977318e+00
0.850000 90.375000 2.960469628216e+00 3.630009548438e-01 2.982641e+00
0.850000 90.400000 2.972339742457e+00 2.566614925660e-01 2.983401e+00
0.850000 90.425000 2.975737028184e+00 1.496289834303e-01 2.979497e+00
0.850000 90.450000 2.970550344188e+00 4.277520885545e-02 2.970858e+00
0.850000 90.475000 2.956772479084e+00 -6.300447024053e-02 2.957444e+00
0.850000 90.500000 2.934504858963e+00 -1.668043084137e-01 2.939242e+00
0.850000 90.525000 2.903960626032e+00 -2.677222385228e-01 2.916275e+00
0.850000 90.550000 2.865465937883e+00 -3.648746438131e-01 2.888603e+00
0.850000 90.575000 2.819459334216e+00 -4.574116554760e-01 2.856322e+00
0.850000 90.600000 2.766489019384e+00 -5.445327576320e-01 2.819570e+00
0.850000 90.625000 2.707207919374e+00 -6.255024391750e-01 2.778530e+00
0.850000 90.650000 2.642366394437e+00 -6.996655837113e-01 2.733429e+00
0.850000 90.675000 2.572802527071e+00 -7.664622388610e-01 2.684544e+00
0.850000 90.700000 2.499429960934e+00 -8.254413595833e-01 2.632205e+00
0.850000 90.725000 2.423223339855e+00 -8.762730828280e-01 2.576794e+00
0.850000 90.750000 2.345201485513e+00 -9.187590687260e-01 2.518747e+00
0.850000 90.775000 2.266408553833e+00 -9.528404422362e-01 2.458559e+00
0.850000 90.800000 2.187893518014e+00 -9.786028931238e-01 2.396777e+00
0.850000 90.825000 2.110688433351e+00 -9.962785440409e-01 2.334004e+00
0.850000 90.850000 2.035786037703e+00 -1.006244276873e+00 2.270892e+00
0.850000 90.875000 1.964117323368e+00 -1.009016314558e+00 2.208137e+00
0.850000 90.900000 1.896529773851e+00 -1.005240984991e+00 2.146470e+00
0.850000 90.925000 1.833766986150e+00 -9.956817388528e-01 2.086644e+00
0.850000 90.950000 1.776450391648e+00 -9.812026460574e-01 2.029417e+00
0.850000 90.975000 1.725063744602e+00 -9.627487465580e-01 1.975533e+00
0.850000 91.000000 1.679940967636e+00 -9.413237708866e-01 1.925693e+00
0.850000 91.025000 1.641257832272e+00 -9.179658648830e-01 1.880529e+00
0.850000 91.050000 1.609027815587e+00 -8.937220438605e-01 1.840573e+00
0.850000 91.075000 1.583102319816e+00 -8.696221582535e-01 1.806227e+00
0.850000 91.100000 1.563175279505e+00 -8.466531725523e-01 1.777734e+00
0.850000 91.125000 1.548792020590e+00 -8.257345417088e-01 1.755162e+00
0.850000 91.150000 1.539362086850e+00 -8.076954168095e-01 1.738392e+00
0.850000 91.175000 1.534175619718e+00 -7.932543296297e-01 1.727121e+00
0.850000 91.200000 1.532422773439e+00 -7.830019007509e-01 1.720875e+00
0.850000 91.225000 1.533215572743e+00 -7.773869963921e-01 1.719035e+00
0.850000 91.250000 1.535611575542e+00 -7.767066335575e-01 1.720865e+00
0.850000 91.275000 1.538638687015e+00 -7.810998096007e-01 1.725551e+00
0.850000 91.300000 1.541320480098e+00 -7.905453176389e-01 1.732233e+00
0.850000 91.325000 1.542701405356e+00 -8.048635083661e-01 1.740038e+00
0.850000 91.350000 1.541871314192e+00 -8.237218743941e-01 1.748109e+00
0.850000 91.375000 1.537988766996e+00 -8.466442656595e-01 1.755624e+00
0.850000 91.400000 1.530302646385e+00 -8.730234918658e-01 1.761816e+00
0.850000 91.425000 1.518171640986e+00 -9.021370268579e-01 1.765983e+00
0.850000 91.450000 1.501081204783e+00 -9.331654956212e-01 1.767496e+00
0.850000 91.475000 1.478657630624e+00 -9.652135922963e-01 1.765805e+00
0.850000 91.500000 1.450678905889e+00 -9.973330426577e-01 1.760438e+00
0.850000 91.525000 1.417082047150e+00 -1.028547183569e+00 1.751009e+00
0.850000 91.550000 1.377966643679e+00 -1.057876683363e+00 1.737209e+00
0.850000 91.575000 1.333594382429e+00 -1.084365871395e+00 1.718815e+00
0.850000 91.600000 1.284384384696e+00 -1.107109084940e+00 1.695681e+00
0.850000 91.625000 1.230904261324e+00 -1.125276381918e+00 1.667745e+00
0.850000 91.650000 1.173856891528e+00 -1.138137915168e+00 1.635022e+00
0.850000 91.675000 1.114063050397e+00 -1.145086225701e+00 1.597610e+00
0.850000 91.700000 1.052440149592e+00 -1.145655696397e+00 1.555685e+00
0.850000 91.725000 9.899775097737e-01 -1.139538421292e+00 1.509504e+00
0.850000 91.750000 9.277087444339e-01 -1.126595794876e+00 1.459405e+00
0.850000 91.775000 8.666819938462e-01 -1.106865214559e+00 1.405805e+00
0.850000 91.800000 8.079288940385e-01 -1.080561418781e+00 1.349208e+00
0.850000 91.825000 7.524332879901e-01 -1.048072151302e+00 1.290198e+00
0.850000 91.850000 7.011007738384e-01 -1.009948043954e+00 1.229446e+00
0.850000 91.875000 6.547302283384e-01 -9.668868375147e-01 1.167708e+00
0.850000 91.900000 6.139884357842e-01 -9.197123027106e-01 1.105827e+00
0.850000 91.925000 5.793888885665e-01 -8.693484680127e-01 1.044729e+00
0.850000 91.950000 5.512757043003e-01 -8.167899939192e-01 9.854191e-01
0.850000 91.975000 5.298134284263e-01 -7.630697406934e-01 9.289659e-01
0.850000 92.000000 5.149832664441e-01 -7.092247444323e-01 8.764745e-01
0.850000 92.025000 5.065860259619e-01 -6.562619329499e-01 8.290411e-01
0.850000 92.050000 5.042517580470e-01 -6.051249687827e-01 7.876840e-01
0.850000 92.075000 5.074557847046e-01 -5.566635953536e-01 7.532501e-01
0.850000 92.100000 5.155405009758e-01 -5.116067814472e-01 7.263081e-01
0.850000 92.125000 5.277420628604e-01 -4.705408101779e-01 7.070505e-01
0.850000 92.150000 5.432208322293e-01 -4.338932472792e-01 6.952354e-01
0.850000 92.175000 5.610942617064e-01 -4.019234594550e-01 6.901951e-01
0.850000 92.200000 5.804707781607e-01 -3.747200498813e-01 6.909135e-01
0.850000 92.225000 6.004831715574e-01 -3.522052506907e-01 6.961527e-01
0.850000 92.250000 6.203200209194e-01 -3.341459792761e-01 7.045924e-01
0.850000 92.275000 6.392537910185e-01 -3.201709451864e-01 7.149509e-01
0.850000 92.300000 6.566644073945e-01 -3.097929055746e-01 7.260715e-01
0.850000 92.325000 6.720573542174e-01 -3.024349263734e-01 7.369722e-01
0.850000 92.350000 6.850756260897e-01 -2.974593276937e-01 7.468672e-01
0.850000 92.375000 6.955051847155e-01 -2.941978857924e-01 7.551688e-01
0.850000 92.400000 7.032739057385e-01 -2.919818363257e-01 7.614772e-01
0.850000 92.425000 7.084443303350e-01 -2.901702755739e-01 7.655666e-01
0.850000 92.450000 7.112008409934e-01 -2.881756839504e-01 7.673668e-01
0.850000 92.475000 7.118321436271e-01 -2.854854906381e-01 7.669465e-01
0.850000 92.500000 7.107101439337e-01 -2.816788466660e-01 7.644945e-01
0.850000 92.525000 7.082664437789e-01 -2.764380598727e-01 7.603021e-01
0.850000 92.550000 7.049677470702e-01 -2.695544505752e-01 7.547444e-01
0.850000 92.575000 7.012914527822e-01 -2.609286921377e-01 7.482603e-01
0.850000 92.600000 6.977026292854e-01 -2.505659873302e-01 7.413314e-01
0.850000 92.625000 6.946334172860e-01 -2.385666826106e-01 7.344587e-01
0.850000 92.650000 6.924657108129e-01 -2.251131245366e-01 7.281378e-01
0.850000 92.675000 6.915177319724e-01 -2.104537056592e-01 7.228330e-01
0.850000 92.700000 6.920348624367e-01 -1.948851262272e-01 7.189523e-01
0.850000 92.725000 6.941848399454e-01 -1.787339123180e-01 7.168252e-01
0.850000 92.750000 6.980571876403e-01 -1.623381845476e-01 7.166851e-01
0.850000 92.775000 7.036665317494e-01 -1.460305721953e-01 7.186595e-01
0.850000 92.800000 7.109592899234e-01 -1.301230263429e-01 7.227691e-01
0.850000 92.825000 7.198230855534e-01 -1.148941154194e-01 7.289348e-01
0.850000 92.850000 7.300981659338e-01 -1.005792011112e-01 7.369936e-01
0.850000 92.875000 7.415900735079e-01 -8.736370537159e-02 7.467183e-01
0.850000 92.900000 7.540828355870e-01 -7.537950228628e-02 7.578410e-01
0.850000 92.925000 7.673519920034e-01 -6.470431165089e-02 7.700751e-01
0.850000 92.950000 7.811768634197e-01 -5.536384135703e-02 7.831363e-01
0.850000 92.975000 7.953515658126e-01 -4.733632708228e-02 7.967590e-01
0.850000 93.000000 8.096943893211e-01 -4.055905137898e-02 8.107096e-01
0.850000 93.025000 8.240552734349e-01 -3.493638843339e-02 8.247955e-01
0.850000 93.050000 8.383212181070e-01 -3.034891176148e-02 8.388704e-01
0.850000 93.075000 8.524195665268e-01 -2.666311472838e-02 8.528365e-01
0.850000 93.100000 8.663191768075e-01 -2.374132212053e-02 8.666444e-01
0.850000 93.125000 8.800295656560e-01 -2.145140916718e-02 8.802910e-01
0.850000 93.150000 8.935981579582e-01 -1.967598714285e-02 8.938148e-01
0.850000 93.175000 9.071058142338e-01 -1.832075781979e-02 9.072908e-01
0.850000 93.200000 9.206608361437e-01 -1.732177980816e-02 9.208238e-01
0.850000 93.225000 9.343916719391e-01 -1.665142689964e-02 9.345400e-01
0.850000 93.250000 9.484385620715e-01 -1.632285202773e-02 9.485790e-01
0.850000 93.275000 9.629443826252e-01 -1.639280154843e-02 9.630839e-01
0.850000 93.300000 9.780449623238e-01 -1.696265527001e-02 9.781920e-01
0.850000 93.325000 9.938591680688e-01 -1.817760037122e-02 9.940254e-01
0.850000 93.350000 1.010479073634e+00 -2.022388440630e-02 1.010681e+00
0.850000 93.375000 1.027960544596e+00 -2.332413591967e-02 1.028225e+00
0.850000 93.400000 1.046314587396e+00 -2.773079200170e-02 1.046682e+00
0.850000 93.425000 1.065499818659e+00 -3.371773067747e-02 1.066033e+00
0.850000 93.450000 1.085416409440e+00 -4.157027157075e-02 1.086212e+00
0.850000 93.475000 1.105901844987e+00 -5.157377900830e-02 1.107104e+00
0.850000 93.500000 1.126728811396e+00 -6.400117482973e-02 1.128545e+00
0.850000 93.525000 1.147605474480e+00 -7.909974005645e-02 1.150328e+00
0.850000 93.550000 1.168178352447e+00 -9.707765103475e-02 1.172205e+00
0.850000 93.575000 1.188037902861e+00 -1.180907521525e-01 1.193893e+00
0.850000 93.600000 1.206726847308e+00 -1.422301091058e-01 1.215080e+00
0.850000 93.625000 1.223751146899e+00 -1.695109095326e-01 1.235435e+00
0.850000 93.650000 1.238593421999e+00 -1.998632777212e-01 1.254615e+00
0.850000 93.675000 1.250728485351e+00 -2.331255439009e-01 1.272269e+00
0.850000 93.700000 1.259640534852e+00 -2.690404542697e-01 1.288052e+00
0.850000 93.725000 1.264841437309e+00 -3.072547246574e-01 1.301626e+00
0.850000 93.750000 1.265889434349e+00 -3.473222293544e-01 1.312672e+00
0.850000 93.775000 1.262407523540e+00 -3.887109796543e-01 1.320897e+00
0.850000 93.800000 1.254100718280e+00 -4.308138883545e-01 1.326035e+00
0.850000 93.825000 1.240771375044e+00 -4.729631429099e-01 1.327858e+00
0.850000 93.850000 1.222331800830e+00 -5.144478288890e-01 1.326179e+00
0.850000 93.875000 1.198813419936e+00 -5.545342659638e-01 1.320856e+00
0.850000 93.900000 1.170371888142e+00 -5.924883510290e-01 1.311798e+00
0.850000 93.925000 1.137287692242e+00 -6.275990577584e-01 1.298963e+00
0.850000 93.950000 1.099961958911e+00 -6.592021293860e-01 1.282366e+00
0.850000 93.975000 1.058907411875e+00 -6.867029311887e-01 1.262080e+00
0.850000 94.000000 1.014734650342e+00 -7.095974088439e-01 1.238231e+00
0.850000 94.025000 9.681341624167e-01 -7.274901338834e-01 1.211002e+00
0.850000 94.050000 9.198547213531e-01 -7.401085101819e-01 1.180633e+00
0.850000 94.075000 8.706790252408e-01 -7.473123645963e-01 1.147413e+00
0.850000 94.100000 8.213976181335e-01 -7.490983455308e-01 1.111684e+00
0.850000 94.125000 7.727822594397e-01 -7.455987966217e-01 1.073830e+00
0.850000 94.150000 7.255599779217e-01 -7.370750467506e-01 1.034271e+00
0.850000 94.175000 6.803890491895e-01 -7.239053471799e-01 9.934627e-01
0.850000 94.200000 6.378380674704e-01 -7.065679747691e-01 9.518801e-01
0.850000 94.225000 5.983691444291e-01 -6.856202890790e-01 9.100114e-01
0.850000 94.250000 5.623260654161e-01 -6.616747630715e-01 8.683456e-01
0.850000 94.275000 5.299279767851e-01 -6.353731861049e-01 8.273589e-01
0.850000 94.300000 5.012688809884e-01 -6.073603507696e-01 7.875005e-01
0.850000 94.325000 4.763228965427e-01 -5.782585725126e-01 7.491772e-01
0.850000 94.350000 4.549549172694e-01 -5.486443484001e-01 7.127374e-01
0.850000 94.375000 4.369360000467e-01 -5.190283394084e-01 6.784567e-01
0.850000 94.400000 4.219625426377e-01 -4.898396654358e-01 6.465255e-01
0.850000 94.425000 4.096781010073e-01 -4.614152449896e-01 6.170415e-01
0.850000 94.450000 3.996965535447e-01 -4.339946079846e-01 5.900073e-01
0.850000 94.475000 3.916252579540e-01 -4.077202795358e-01 5.653372e-01
0.850000 94.500000 3.850868700797e-01 -3.826434964894e-01 5.428701e-01
0.850000 94.525000 3.797386016468e-01 -3.587346989073e-01 5.223906e-01
0.850000 94.550000 3.752878790020e-01 -3.358979571068e-01 5.036551e-01
0.850000 94.575000 3.715036152057e-01 -3.139882700678e-01 4.864191e-01
0.850000 94.600000 3.682226063340e-01 -2.928305181528e-01 4.704653e-01
0.850000 94.625000 3.653508892554e-01 -2.722387822522e-01 4.556262e-01
0.850000 94.650000 3.628602300431e-01 -2.520347570949e-01 4.418021e-01
0.850000 94.675000 3.607802267592e-01 -2.320640868139e-01 4.289710e-01
0.850000 94.700000 3.591867860648e-01 -2.122096282131e-01 4.171907e-01
0.850000 94.725000 3.581879512279e-01 -1.924008883524e-01 4.065916e-01
0.850000 94.750000 3.579082051560e-01 -1.726191703446e-01 3.973609e-01
0.850000 94.775000 3.584724368495e-01 -1.528982737304e-01 3.897183e-01
0.850000 94.800000 3.599907399377e-01 -1.333209109436e-01 3.838851e-01
0.850000 94.825000 3.625451106598e-01 -1.140112966864e-01 3.800494e-01
0.850000 94.850000 3.661789386618e-01 -9.512462174890e-02 3.783328e-01
0.850000 94.875000 3.708899513790e-01 -7.683431943513e-02 3.787649e-01
0.850000 94.900000 3.766269997416e-01 -5.931815838010e-02 3.812696e-01
0.850000 94.925000 3.832907803302e-01 -4.274424271568e-02 3.856668e-01
0.850000 94.950000 3.907382988278e-01 -2.725796781115e-02 3.916879e-01
0.850000 94.975000 3.987906129332e-01 -1.297087172221e-02 3.990015e-01
0.850000 95.000000 4.072431688384e-01 4.785089182923e-05 4.072432e-01
0.850000 95.025000 4.158778792807e-01 1.177662952414e-02 4.160446e-01
0.850000 95.050000 4.244759936386e-01 2.224330664419e-02 4.250584e-01
0.850000 95.075000 4.328307866510e-01 3.152341646806e-02 4.339772e-01
0.850000 95.100000 4.407591414679e-01 3.973519580936e-02 4.425466e-01
0.850000 95.125000 4.481112187383e-01 4.703180197136e-02 4.505726e-01
0.850000 95.150000 4.547775752610e-01 5.359140154858e-02 4.579243e-01
0.850000 95.175000 4.606933084576e-01 5.960592641255e-02 4.645333e-01
0.850000 95.200000 4.658390390892e-01 6.526936123078e-02 4.703893e-01
0.850000 95.225000 4.702387855956e-01 7.076642797119e-02 4.755338e-01
0.850000 95.250000 4.739550109555e-01 7.626246953062e-02 4.800514e-01
0.850000 95.275000 4.770813205336e-01 8.189521424188e-02 4.840593e-01
0.850000 95.300000 4.797334434896e-01 8.776893691426e-02 4.876962e-01
0.850000 95.325000 4.820392313181e-01 9.395133456500e-02 4.911096e-01
0.850000 95.350000 4.841284497669e-01 1.004732221306e-01 4.944444e-01
0.850000 95.375000 4.861231241451e-01 1.073309416375e-01 4.978309e-01
0.850000 95.400000 4.881291267282e-01 1.144911831183e-01 5.013764e-01
0.850000 95.425000 4.902295763151e-01 1.218977505266e-01 5.051575e-01
0.850000 95.450000 4.924804648215e-01 1.294796816663e-01 5.092170e-01
0.850000 95.475000 4.949087470366e-01 1.371600547957e-01 5.135636e-01
0.850000 95.500000 4.975129412673e-01 1.448647893268e-01 5.181746e-01
0.850000 95.525000 5.002661044344e-01 1.525307733002e-01 5.230027e-01
0.850000 95.550000 5.031208780621e-01 1.601127218839e-01 5.279836e-01
0.850000 95.575000 5.060161624107e-01 1.675882818307e-01 5.330461e-01
0.850000 95.600000 5.088848730368e-01 1.749610370914e-01 5.381219e-01
0.850000 95.625000 5.116621726935e-01 1.822612296327e-01 5.431550e-01
0.850000 95.650000 5.142935538893e-01 1.895441753057e-01 5.481103e-01
0.850000 95.675000 5.167421727726e-01 1.968865159412e-01 5.529799e-01
0.850000 95.700000 5.189948996519e-01 2.043805952426e-01 5.577877e-01
0.850000 95.725000 5.210666494206e-01 2.121273686178e-01 5.625909e-01
0.850000 95.750000 5.230026786385e-01 2.202283489899e-01 5.674789e-01
0.850000 95.775000 5.248786760806e-01 2.287771473118e-01 5.725702e-01
0.850000 95.800000 5.267986206964e-01 2.378511859079e-01 5.780052e-01
0.850000 95.825000 5.288905257231e-01 2.475041451760e-01 5.839379e-01
0.850000 95.850000 5.313003213702e-01 2.577596521606e-01 5.905252e-01
0.850000 95.875000 5.341842433901e-01 2.686066374947e-01 5.979150e-01
0.850000 95.900000 5.377001847868e-01 2.799966812452e-01 6.062340e-01
0.850000 95.925000 5.419985284592e-01 2.918435453796e-01 6.155770e-01
0.850000 95.950000 5.472130072294e-01 3.040249586911e-01 6.259978e-01
0.850000 95.975000 5.534521338631e-01 3.163865870031e-01 6.375027e-01
0.850000 96.000000 5.607917086602e-01 3.287479949739e-01 6.500481e-01
0.850000 96.025000 5.692688489686e-01 3.409102928136e-01 6.635411e-01
0.850000 96.050000 5.788778980085e-01 3.526650676034e-01 6.778438e-01
0.850000 96.075000 5.895684652665e-01 3.638041292816e-01 6.927802e-01
0.850000 96.100000 6.012457338302e-01 3.741295587727e-01 7.081450e-01
0.850000 96.125000 6.137730480751e-01 3.834635316536e-01 7.237138e-01
0.850000 96.150000 6.269766748916e-01 3.916574049897e-01 7.392532e-01
0.850000 96.175000 6.406525194272e-01 3.985995958205e-01 7.545312e-01
0.850000 96.200000 6.545744778048e-01 4.042218441818e-01 7.693264e-01
0.850000 96.225000 6.685040290372e-01 4.085035373268e-01 7.834365e-01
0.850000 96.250000 6.822006098710e-01 4.114738699754e-01 7.966859e-01
0.850000 96.275000 6.954322816533e-01 4.132117224989e-01 8.089314e-01
0.850000 96.300000 7.079861883384e-01 4.138432492979e-01 8.200675e-01
0.850000 96.325000 7.196783189581e-01 4.135372777780e-01 8.300301e-01
0.850000 96.350000 7.303621246384e-01 4.124987192098e-01 8.387992e-01
0.850000 96.375000 7.399355969331e-01 4.109602819669e-01 8.464000e-01
0.850000 96.400000 7.483464875355e-01 4.091728515591e-01 8.529038e-01
0.850000 96.425000 7.555954353880e-01 4.073949578041e-01 8.584260e-01
0.850000 96.450000 7.617368616239e-01 4.058817856223e-01 8.631240e-01
0.850000 96.475000 7.668775913502e-01 4.048742014290e-01 8.671934e-01
0.850000 96.500000 7.711732596648e-01 4.045882619284e-01 8.708616e-01
0.850000 96.525000 7.748226535046e-01 4.052056470749e-01 8.743808e-01
0.850000 96.550000 7.780602270970e-01 4.068654155603e-01 8.780189e-01
0.850000 96.575000 7.811471035905e-01 4.096574215489e-01 8.820488e-01
0.850000 96.600000 7.843609359807e-01 4.136176582074e-01 8.867365e-01
0.850000 96.625000 7.879850443447e-01 4.187257100490e-01 8.923293e-01
0.850000 96.650000 7.922972719461e-01 4.249044058081e-01 8.990432e-01
0.850000 96.675000 7.975590089396e-01 4.320216703849e-01 9.070519e-01
0.850000 96.700000 8.040048189627e-01 4.398944824547e-01 9.164774e-01
0.850000 96.725000 8.118330714670e-01 4.482947577509e-01 9.273840e-01
0.850000 96.750000 8.211979327367e-01 4.569569008525e-01 9.397743e-01
0.850000 96.775000 8.322030036019e-01 4.655867041794e-01 9.535894e-01
0.850000 96.800000 8.448968151484e-01 4.738712249554e-01 9.687128e-01
0.850000 96.825000 8.592703092763e-01 4.814892414189e-01 9.849758e-01
0.850000 96.850000 8.752563432854e-01 4.881218798446e-01 1.002166e+00
0.850000 96.875000 8.927311715893e-01 4.934630141152e-01 1.020037e+00
0.850000 96.900000 9.115177779104e-01 4.972290685264e-01 1.038317e+00
0.850000 96.925000 9.313908622195e-01 4.991678998949e-01 1.056720e+00
0.850000 96.950000 9.520832318435e-01 4.990664934340e-01 1.074956e+00
0.850000 96.975000 9.732933080843e-01 4.967572739883e-01 1.092734e+00
0.850000 97.000000 9.946934395883e-01 4.921229052771e-01 1.109775e+00
0.850000 97.025000 1.015938711417e+00 4.850995198722e-01 1.125812e+00
0.850000 97.050000 1.036675952705e+00 4.756783871217e-01 1.140599e+00
0.850000 97.075000 1.056552673114e+00 4.639060812646e-01 1.153912e+00
0.850000 97.100000 1.075225695263e+00 4.498832547595e-01 1.165549e+00
0.850000 97.125000 1.092369292502e+00 4.337621509459e-01 1.175338e+00
0.850000 97.150000 1.107682684388e+00 4.157430055445e-01 1.183133e+00
0.850000 97.175000 1.120896781831e+00 3.960694896155e-01 1.188815e+00
0.850000 97.200000 1.131780106836e+00 3.750233400414e-01 1.192296e+00
0.850000 97.225000 1.140143835798e+00 3.529183108901e-01 1.193516e+00
0.850000 97.250000 1.145845929741e+00 3.300935640871e-01 1.192445e+00
0.850000 97.275000 1.148794320199e+00 3.069066045621e-01 1.189084e+00
0.850000 97.300000 1.148949117725e+00 2.837258567915e-01 1.183463e+00
0.850000 97.325000 1.146323804247e+00 2.609229787907e-01 1.175644e+00
0.850000 97.350000 1.140985364376e+00 2.388650172047e-01 1.165720e+00
0.850000 97.375000 1.133053308192e+00 2.179065228258e-01 1.153817e+00
0.850000 97.400000 1.122697542584e+00 1.983817678121e-01 1.140090e+00
0.850000 97.425000 1.110135062478e+00 1.805972310281e-01 1.124729e+00
0.850000 97.450000 1.095625458859e+00 1.648245423079e-01 1.107954e+00
0.850000 97.475000 1.079465277254e+00 1.512940956664e-01 1.090016e+00
0.850000 97.500000 1.061981306691e+00 1.401895512621e-01 1.071194e+00
0.850000 97.525000 1.043522932046e+00 1.316434426372e-01 1.051794e+00
0.850000 97.550000 1.024453737678e+00 1.257340869346e-01 1.032141e+00
0.850000 97.575000 1.005142602475e+00 1.224839604544e-01 1.012578e+00
0.850000 97.600000 9.859545702512e-01 1.218596508189e-01 9.934567e-01
0.850000 97.625000 9.672418102305e-01 1.237734326626e-01 9.751290e-01
0.850000 97.650000 9.493349956776e-01 1.280864402154e-01 9.579369e-01
0.850000 97.675000 9.325354222055e-01 1.346133327025e-01 9.422012e-01
0.850000 97.700000 9.171081597307e-01 1.431282731441e-01 9.282096e-01
0.850000 97.725000 9.032764845216e-01 1.533719740885e-01 9.162049e-01
0.850000 97.750000 8.912177730569e-01 1.650595107407e-01 9.063740e-01
0.850000 97.775000 8.810609619949e-01 1.778885675372e-01 8.988397e-01
0.850000 97.800000 8.728855941923e-01 1.915477716201e-01 8.936553e-01
0.850000 97.825000 8.667223859302e-01 2.057247771895e-01 8.908032e-01
0.850000 97.850000 8.625551719690e-01 2.201137976653e-01 8.901975e-01
0.850000 97.875000 8.603240189727e-01 2.344223353261e-01 8.916901e-01
0.850000 97.900000 8.599292493860e-01 2.483769261976e-01 8.950807e-01
0.850000 97.925000 8.612360906608e-01 2.617277957072e-01 9.001272e-01
0.850000 97.950000 8.640796606090e-01 2.742524014310e-01 9.065583e-01
0.850000 97.975000 8.682700183935e-01 2.857579163059e-01 9.140845e-01
0.850000 98.000000 8.735970500234e-01 2.960827725503e-01 9.224082e-01
0.850000 98.025000 8.798350132081e-01 3.050974377015e-01 9.312326e-01
0.850000 98.050000 8.867466335848e-01 3.127046256016e-01 9.402679e-01
0.850000 98.075000 8.940867163053e-01 3.188391545440e-01 9.492363e-01
0.850000 98.100000 9.016053069675e-01 3.234676518328e-01 9.578744e-01
0.850000 98.125000 9.090504973744e-01 3.265882703974e-01 9.659362e-01
0.850000 98.150000 9.161710188340e-01 3.282305323909e-01 9.731930e-01
0.850000 98.175000 9.227187941968e-01 3.284553519392e-01 9.794350e-01
0.850000 98.200000 9.284516267838e-01 3.273552206047e-01 9.844714e-01
0.850000 98.225000 9.331361888968e-01 3.250544713898e-01 9.881313e-01
0.850000 98.250000 9.365514358673e-01 3.217094770046e-01 9.902654e-01
0.850000 98.275000 9.384925166602e-01 3.175085917839e-01 9.907471e-01
0.850000 98.300000 9.387751836409e-01 3.126716191283e-01 9.894758e-01
0.850000 98.325000 9.372406283265e-01 3.074485811320e-01 9.863796e-01
0.850000 98.350000 9.337605936355e-01 3.021175857683e-01 9.814193e-01
0.850000 98.375000 9.282425434950e-01 2.969816291767e-01 9.745934e-01
0.850000 98.400000 9.206346144605e-01 2.923642337815e-01 9.659425e-01
0.850000 98.425000 9.109300371725e-01 2.886039027129e-01 9.555552e-01
0.850000 98.450000 8.991707025147e-01 2.860474613782e-01 9.435736e-01
0.850000 98.475000 8.854495609179e-01 2.850424508786e-01 9.301990e-01
0.850000 98.500000 8.699115839493e-01 2.859288275502e-01 9.156973e-01
0.850000 98.525000 8.527530834927e-01 2.890303005697e-01 9.004034e-01
0.850000 98.550000 8.342192716711e-01 2.946456981478e-01 8.847247e-01
0.850000 98.575000 8.146000484684e-01 3.030407865506e-01 8.691415e-01
0.850000 98.600000 7.942241165373e-01 3.144409708847e-01 8.542043e-01
0.850000 98.625000 7.734516356743e-01 3.290252802698e-01 8.405267e-01
0.850000 98.650000 7.526657342935e-01 3.469219830498e-01 8.287705e-01
0.850000 98.675000 7.322632835567e-01 3.682060928144e-01 8.196251e-01
0.850000 98.700000 7.126454042482e-01 3.928989182154e-01 8.137770e-01
0.850000 98.725000 6.942082111410e-01 4.209696858223e-01 8.118747e-01
0.850000 98.750000 6.773343006920e-01 4.523391339571e-01 8.144891e-01
0.850000 98.775000 6.623854540131e-01 4.868848458448e-01 8.220775e-01
0.850000 98.800000 6.496969593532e-01 5.244479718983e-01 8.349562e-01
0.850000 98.825000 6.395738604771e-01 5.648408924191e-01 8.532877e-01
0.850000 98.850000 6.322893153509e-01 6.078553010306e-01 8.770849e-01
0.850000 98.875000 6.280851113451e-01 6.532701516006e-01 9.062300e-01
0.850000 98.900000 6.271742379904e-01 7.008589107362e-01 9.405056e-01
0.850000 98.925000 6.297452760973e-01 7.503955950923e-01 9.796288e-01
0.850000 98.950000 6.359682326596e-01 8.016591459477e-01 1.023285e+00
0.850000 98.975000 6.460013434979e-01 8.544357984498e-01 1.071157e+00
0.850000 99.000000 6.599982877393e-01 9.085192329948e-01 1.122945e+00
0.850000 99.025000 6.781152156253e-01 9.637084429488e-01 1.178378e+00
0.850000 99.050000 7.005169870591e-01 1.019803406751e+00 1.237224e+00
0.850000 99.075000 7.273820533387e-01 1.076598803172e+00 1.299288e+00
0.850000 99.100000 7.589054866433e-01 1.133876146229e+00 1.364409e+00
0.850000 99.125000 7.952997664469e-01 1.191394831952e+00 1.432454e+00
0.850000 99.150000 8.367930624063e-01 1.248882675347e+00 1.503307e+00
0.850000 99.175000 8.836249009990e-01 1.306026567041e+00 1.576863e+00
0.850000 99.200000 9.360392587798e-01 1.362463892208e+00 1.653021e+00
0.850000 99.225000 9.942752787402e-01 1.417775328899e+00 1.731667e+00
0.850000 99.250000 1.058555948304e+00 1.471479580952e+00 1.812676e+00
0.850000 99.275000 1.129075199378e+00 1.523030506561e+00 1.895899e+00
0.850000 99.300000 1.205983985493e+00 1.571816983873e+00 1.981163e+00
0.850000 99.325000 1.289375953291e+00 1.617165717431e+00 2.068264e+00
0.850000 99.350000 1.379273352605e+00 1.658347042836e+00 2.156968e+00
0.850000 99.375000 1.475613820618e+00 1.694583640690e+00 2.247009e+00
0.850000 99.400000 1.578238633009e+00 1.725061933556e+00 2.338092e+00
0.850000 99.425000 1.686882942546e+00 1.748945819058e+00 2.429894e+00
0.850000 99.450000 1.801168429062e+00 1.765392294776e+00 2.522066e+00
0.850000 99.475000 1.920598671161e+00 1.773568460796e+00 2.614239e+00
0.850000 99.500000 2.044557427215e+00 1.772669346129e+00 2.706025e+00
0.850000 99.525000 2.172309889088e+00 1.761935996069e+00 2.797025e+00
0.850000 99.550000 2.303006854142e+00 1.740673277240e+00 2.886829e+00
0.850000 99.575000 2.435691656108e+00 1.708266902066e+00 2.975024e+00
0.850000 99.600000 2.569309608557e+00 1.664199239757e+00 3.061194e+00
0.850000 99.625000 2.702719649719e+00 1.608063560641e+00 3.144926e+00
0.850000 99.650000 2.834707836137e+00 1.539576448284e+00 3.225812e+00
0.850000 99.675000 2.964002315248e+00 1.458588202911e+00 3.303451e+00
0.850000 99.700000 3.089289411901e+00 1.365091143931e+00 3.377452e+00
0.850000 99.725000 3.209230488077e+00 1.259225793784e+00 3.447435e+00
0.850000 99.750000 3.322479274577e+00 1.141284985637e+00 3.513033e+00
0.850000 99.775000 3.427699423460e+00 1.011715980923e+00 3.573890e+00
0.850000 99.800000 3.523582085239e+00 8.711207077690e-01 3.629667e+00
0.850000 99.825000 3.608863370165e+00 7.202542381887e-01 3.680035e+00
0.850000 99.850000 3.682341603586e+00 5.600216113208e-01 3.724683e+00
0.850000 99.875000 3.742894326728e+00 3.914730845834e-01 3.763311e+00
0.850000 99.900000 3.789495023158e+00 2.157978572660e-01 3.795634e+00
0.850000 99.925000 3.821229564460e+00 3.431626567146e-02 3.821384e+00
0.850000 99.950000 3.837312364824e+00 -1.515296002525e-01 3.840303e+00
0.850000 99.975000 3.837102212113e+00 -3.401869572496e-01 3.852153e+00
0.850000 100.000000 3.820117702808e+00 -5.300052073237e-01 3.856709e+00
