t,delta,L,is_record_point_C1_1,is_record_point_C1_zeta,Lstar_C1_1,Lstar_C1_zeta,L_ann,inside_hypotheses,inside_hypotheses_zeta_C1,reflection_ok,deltaL,deltaL_ge_25,n_zeros_used,U_row,U_kopt,k_opt,tail_bound_at_U_row,tail_le_1e_10,U_contract_k3,c_deltaL,main_term,N_Z,W_Zprime,W_Z,W_Zrep,near_gamma,near_term,W_Zdouble_minus_Zprime_bound_log10,clause6_bound,sep_over_clause6,W_Z_negative,bal3,clause4_bound_C1_1,clause4_over_N,clause4_asserted,density_model,N_over_model,E_minus_bound_log10,E_minus_est_log10,E_minus_over_main_bound_log10,log10_exp_minus_L,E_minus_direct,refl_online_bound_log10,refl_online_est_log10,N_Z_center_mean,N_Z_center_median,N_Z_center_min,N_Z_center_max,center_mean_over_model
100000.0,0.05,4.0,False,False,903.3126173387944,2631.21138328282,10.411694642536942,False,False,True,0.2,False,905,294.09628542887503,147.04814271443752,10,6.788351899772344e-16,True,19775.787215604018,1.0007907889709289,-0.0050079110164452725,2.7705729434971125,2.7705729434971125,2.765565032480667,2.6810713000034623,99999.70094858819,0.0844937324772046,-93.49212074970583,0.0027629272951891198,1.8125381095496709,False,False,12.523867606035475,4.520316866383391,False,2.5127862381320623,1.1025899861488744,-93.40526185332516,-545.3000963010581,-91.10491845679228,-1.737177927613007,,-90.83412220216312,-542.6708747180669,2.5895206483202453,2.586059772600553,1.9329066799757255,3.211691506281841,1.0305375797685143
100000.0,0.05,6.0,False,False,903.3126173387944,2631.21138328282,10.411694642536942,False,False,True,0.30000000000000004,False,905,294.09628542887503,91.31429858133318,9,1.909520683076547e-18,True,8790.204730972353,1.001779896358129,-0.00501781480373652,0.8271493316810045,0.8271493316810045,0.8221315168772679,0.7434821230395069,99999.70094858819,0.07864939383776105,-118.27969547097156,0.002904585606820708,1.7275492903199032,False,False,5.5669431912041185,6.730275873995443,False,0.7445292557428332,1.1109695492835125,-118.14940712640058,-668.9830268230588,-115.849921754842,-2.6057668914195107,,-115.62046207477287,-666.3680768841758,0.7721825808221116,0.7654496212320342,0.4097305087357067,1.0771705629780512,1.037142026140649
100000.0,0.05,8.0,False,False,903.3126173387944,2631.21138328282,10.411694642536942,False,False,True,0.4,False,905,294.09628542887503,65.24097498908247,9,1.0766829631863117e-20,True,4945.158125071562,1.0031658068972553,-0.005031708180639108,0.24744848965034166,0.24744848965034166,0.24241678146970255,0.17137010951740955,99999.70094858819,0.071046671952293,-139.19949702551645,0.0030535068954004253,1.647845691201319,False,False,3.131843482027422,12.656547172516143,False,0.3140982797665078,0.787805937155365,-139.02577923275513,-773.2104742063304,-136.72749467854425,-3.474355855226014,,-136.53902401459996,-770.6104945634322,0.32264765648370713,0.3315052538911222,0.12270895551462237,0.5156295928406273,1.0272187950967282
100000.0,0.05,10.0,False,False,903.3126173387944,2631.21138328282,10.411694642536942,False,False,True,0.5,False,905,294.09628542887503,50.38498191349341,9,1.939850378957802e-22,True,3165.408446018974,1.004949682300694,-0.00504961931978133,0.13684276920877073,0.13684276920877073,0.1317931498889894,0.06959887608655578,99999.70094858819,0.06219427380243361,-157.64308518622815,0.0032100635417193542,1.5730589921832776,False,False,2.0046596574123576,14.649364880609797,False,0.16081831924045198,0.8509153052654808,-157.4259379452765,-865.0117865531773,-155.12919658407833,-4.3429448190325175,,-154.98137002903624,-862.427432861181,0.16334173797587306,0.16090273516419915,0.04159242563173558,0.3199760369447872,1.01569111496339
100000.0,0.05,12.0,False,False,903.3126173387944,2631.21138328282,10.411694642536942,False,False,True,0.6000000000000001,False,905,294.09628542887503,40.87739190603119,9,7.287294592114699e-24,True,2198.60794576426,1.0071330183655594,-0.005071584583410612,0.08183404676479744,0.08183404676479744,0.07676246218138683,0.024107255946732995,99999.70094858819,0.052655206234653834,-174.32562977681323,0.0033746470189400086,1.502848906847632,False,False,1.392318775712069,17.013930396400767,False,0.09306615696785416,0.8793104758055457,-174.06505308767126,-947.9897025212755,-171.77019676067562,-5.211533782839021,,-171.66267108746877,-945.4215898710987,0.09507922037864838,0.09545777741657327,0.022658626002983056,0.1866346365705613,1.0216304559721914
100000.0,0.05,14.0,False,False,903.3126173387944,2631.21138328282,10.411694642536942,False,False,True,0.7000000000000001,False,905,294.09628542887503,34.312086494745905,9,4.545530005428111e-25,True,1615.6439737333483,1.0097176466026059,-0.005097648629303526,0.05587069581375147,0.05587069581375147,0.050773047184447945,0.007778793834171568,99999.70094858819,0.042994253350276374,-189.67257552318907,0.0035476688714831442,1.4369009098564474,False,False,1.0230703922332285,18.311395219484986,False,0.058607259198415446,0.9533067503566527,-189.36856938585677,-1024.2834776236305,-187.07593928297402,-6.080122746645525,,-187.00837259562445,-1021.7321837478577,0.059644311119594444,0.06072165446795796,0.012444331869836957,0.10551991393872581,1.017694939762804
100000.0,0.05,16.0,False,False,903.3126173387944,2631.21138328282,10.411694642536942,False,False,True,0.8,False,905,294.09628542887503,29.48321725212668,8,4.529392729530828e-24,True,1237.2690182391725,1.0127057362312821,-0.005127864540978717,0.03936581182609249,0.03936581182609249,0.03423794728511377,0.0005094460814889434,99999.70094858819,0.033728501203624826,-203.96141328476412,0.003729561744103177,1.37492415806935,False,False,0.7833970523832807,19.90044193281513,False,0.03926228497081347,1.0026368015859488,-203.6139776992415,-1095.2865048217297,-201.32391424346628,-6.948711710452028,,-201.295965854935,-1092.7525732774616,0.038646568011733766,0.03984383435027912,0.0035697119895292165,0.07890756227486377,0.9843178521184538
100000.0,0.05,18.0,False,False,903.3126173387944,2631.21138328282,10.411694642536942,False,False,True,0.9,False,905,294.09628542887503,25.77471127389348,8,6.88113099504526e-25,True,977.8502892728663,1.0160997965434215,-0.005162293982677914,0.03425980663839643,0.03425980663839643,0.029097512655718517,0.003811170018993909,99999.70094858819,0.025286342636724607,-217.38504641069017,0.003920780463725423,1.3166495881212479,False,False,0.6190662019828134,18.069751779888897,False,0.027575157620104936,1.242415623162848,-216.99418137697722,-1161.9663942580353,-214.70702411012178,-7.817300674258532,,-214.71835452065483,-1159.450337380936,0.02635035677965495,0.027232396176884312,0.0026054271567244134,0.058660260155080114,0.9555831789858206
100000.0,0.05,20.0,False,False,903.3126173387944,2631.21138328282,10.411694642536942,False,False,True,1.0,False,905,294.09628542887503,22.883484447601727,8,1.2752639361443457e-25,True,792.2852352468918,1.0199026796385429,-0.005201007379669402,0.023475553526173153,0.023475553526173153,0.01827454614650375,0.0002955119766875781,99999.70094858819,0.017979034169816173,-230.08401969715047,0.004121803176750321,1.2618281748644626,False,False,0.5015130227915933,21.3632033098794,False,0.020102289905056497,1.1678049434690598,-229.64972521524717,-1225.0275132419688,-227.36581268523955,-8.685889638065035,,-227.416083610936,-1222.5298148251036,0.018854010890345337,0.018497029313113776,0.0012463793765854188,0.04238987726654141,0.9379036407987942
100000.0,0.05,22.0,False,False,903.3126173387944,2631.21138328282,10.411694642536942,False,False,True,1.1,False,905,294.09628542887503,20.572173627163394,8,2.775729322871816e-26,True,654.9848551102347,1.024117583534192,-0.005244084124519565,0.013027543021960825,0.013027543021960825,0.007783458897441259,-0.004203588034398911,99999.70094858819,0.01198704693184017,-242.16449163724198,0.004333132544668489,1.2102293365043533,False,False,0.4145308358967939,31.819571441676292,False,0.015103147937683319,0.8625713709296505,-241.68676770714833,-1285.0015119367215,-239.40643735708508,-9.554478601871539,,-239.49531178558308,-1282.5226296385995,0.01405655308474539,0.013973270578726856,0.0007493103463271219,0.03499655818323252,0.9307035290089024
100000.0,0.05,24.0,False,False,903.3126173387944,2631.21138328282,10.411694642536942,False,False,True,1.2000000000000002,False,905,294.09628542887503,18.686234565239875,8,6.899538351673228e-27,True,550.5542033487587,1.0287480556552326,-0.0052916128100721094,0.008144166811754673,0.008144166811754673,0.002852554001682564,-0.004508884984218853,99999.70094858819,0.007361438985901417,-253.70897549131658,0.004555297000976274,1.161639473548713,False,False,0.3483690902001755,42.77528914282133,False,0.01163326962098177,0.7000754798174583,-253.18782211303267,-1342.301370080767,-250.9114101721685,-10.423067565678043,,-251.03855243364887,-1339.8417375835568,0.010872654693789318,0.010667044350729727,0.0009457818348531235,0.03086416071965254,0.9346172699530143
100000.0,0.05,26.0,False,False,903.3126173387944,2631.21138328282,10.411694642536942,False,False,True,1.3,False,905,294.09628542887503,17.12094079135641,8,1.9172825673685524e-27,True,469.2806922272847,1.0337979967064643,-0.005343691489971496,0.004938079679670706,0.004938079679670706,-0.0004056118103007902,-0.004444186263580251,99999.70094858819,0.0040385744532794605,-264.783116309042,0.004788852072534742,1.11586062986136,True,False,0.2968760701188798,60.11974074478216,False,0.009149881613589667,0.5396878220081589,-264.21853348256775,-1397.2554678902256,-261.94637485941723,-11.291656529484547,,-262.1114507063825,-1394.815496833483,0.008585627782537544,0.008668326960593194,0.0002522689921261829,0.0254215672395564,0.9383321167550324
100000.0,0.05,28.0,False,False,903.3126173387944,2631.21138328282,10.411694642536942,False,False,True,1.4000000000000001,False,905,294.09628542887503,15.802936378396954,8,5.858559934276445e-28,True,404.7911357187945,1.0392716649334397,-0.00540042796766762,0.0027805257251029124,0.0027805257251029124,-0.0026199022425647074,-0.00448489116498451,99999.70094858819,0.0018649889224198021,-275.44015772662766,0.005034381768676192,1.0727092651711394,True,False,0.25601506001088586,92.0743360507518,False,0.007325907399801931,0.37954693846909515,-274.8321454519631,-1450.130025771083,-272.5645736296808,-12.16024549329105,,-272.7672503216321,-1447.7101074860846,0.006881045985056591,0.0068155828500850845,0.00028546523191708687,0.021005512297859547,0.9392755886107204
100000.0,0.05,30.0,False,False,903.3126173387944,2631.21138328282,10.411694642536942,False,False,True,1.5,False,905,294.09628542887503,14.679386962165365,8,1.9428482841650395e-28,True,352.7630317578575,1.0451736807768373,-0.005461940114943012,0.0012809745318472041,0.0012809745318472041,-0.004180965583095808,-0.004809206394922798,99999.70094858819,0.0006282408118269903,-285.72399391702766,0.005292500041531688,1.0320151293493967,True,True,0.22304816337606242,174.12380795301232,False,0.005956234045942666,0.21506450585496933,-285.0725521941727,-1501.1444263533187,-282.8098991283704,-13.028834457097554,,-283.0498455189525,-1498.7449334211778,0.005599328302296576,0.004793580972747068,0.00021483277798002145,0.017197000325351753,0.9400786233561104
100000.0,0.05,32.0,False,False,903.3126173387944,2631.21138328282,10.411694642536942,False,False,True,1.6,False,905,294.09628542887503,13.711322520874258,8,6.918927712094879e-29,True,310.18084234412635,1.0515090319262406,-0.005528356221112299,0.0003606255736977717,0.0003606255736977717,-0.005167730647414528,-0.005257016789045503,99999.70094858819,8.928614163097542e-05,-295.6713187250681,0.00556385232123117,0.9936202296413547,True,True,0.196065276863389,543.6810120063886,False,0.004907785621351684,0.07348030283328666,-294.9764475540228,-1550.4819978460173,-292.7190435731717,-13.897423420904056,,-292.99593019818707,-1548.1032855003086,0.004615256777027538,0.0034926618526316903,6.303930269451819e-05,0.01390536891369724,0.9403949424662157
100000.0,0.05,34.0,False,False,903.3126173387944,2631.21138328282,10.411694642536942,False,False,True,1.7000000000000002,False,905,294.09628542887503,12.869402253437455,8,2.6232226545202844e-29,True,274.8889380771828,1.0582830787796862,-0.005599815374157059,0.00010168842202542434,0.00010168842202542434,-0.005498126952131635,-0.00551038170949073,99999.70094858819,1.2254757359095846e-05,-305.31317843632905,0.005849117129814979,0.9573778828283088,True,True,0.1737009486114415,1708.1683947068473,False,0.004091652738664054,0.024852652099363187,-304.57487781709347,-1598.2978011295577,-302.32305152565203,-14.76601238471056,,-302.6365506908466,-1595.9402085217266,0.0038377359232514914,0.0029176943977694027,0.00010168842202542418,0.010922302460802408,0.9379427259275508
100000.0,0.05,36.0,False,False,903.3126173387944,2631.21138328282,10.411694642536942,False,False,True,1.8,False,905,294.09628542887503,12.13113536777491,8,1.0512768324620172e-29,True,245.3132856720316,1.0655015603158562,-0.0056764678751776215,0.0003156304499769444,0.0003156304499769444,-0.005360837425200677,-0.005549215857613546,99999.70094858819,0.00018837843241286916,-314.6761187870551,0.006149007777892376,0.9231518450157626,True,True,0.15495810681734942,490.94790071321864,False,0.003446894702513117,0.09156950740236408,-313.8943887196292,-1644.7243793398147,-311.64846690402453,-15.634601348517064,,-311.99825277186443,-1642.3882306833589,0.00320851159769644,0.0020689187615888956,0.00014181307379291643,0.008526101264753559,0.9308411989948887
100000.0,0.05,38.0,False,False,903.3126173387944,2631.21138328282,10.411694642536942,False,False,True,1.9000000000000001,False,905,294.09628542887503,11.479007351838225,8,4.4266862121078036e-30,True,220.28282553986418,1.0731706003863097,-0.005758475687667563,0.0006602332574648838,0.0006602332574648838,-0.005098242430202679,-0.00555028580109981,99999.70094858819,0.00045204337089713,-323.78304875005034,0.0064642741482896175,0.8908155123945661,True,True,0.13909492601490384,210.67543090602635,False,0.0029307901888112695,0.2252748286060951,-322.9578892344341,-1689.8760859454756,-320.71819677201614,-16.503190312323568,,-321.1039454468819,-1687.561691552842,0.002692122760087546,0.0014860003066226395,0.00017695348238709062,0.007148514900657979,0.9185655016743021
100000.0,0.05,40.0,False,False,903.3126173387944,2631.21138328282,10.411694642536942,False,False,True,2.0,False,905,294.09628542887503,10.899186395966472,8,1.9485676999173055e-30,True,198.9117237754189,1.0812967144356884,-0.0058460129232470745,0.0008255901496309866,0.0008255901496309866,-0.005020422773616088,-0.005708715984489755,99999.70094858819,0.0006882932108736666,-332.6539021592941,0.006795704571147614,0.8602511869140653,True,True,0.1255502480755813,152.07333582128905,False,0.002512786238132062,0.32855566347128207,-331.78531319548756,-1733.8523986238179,-329.5521729665652,-17.37177927613007,,-329.9735625779281,-1731.5600558481615,0.002285738308242238,0.0012122369378045168,8.288730476011437e-06,0.006139809968679973,0.909642958702844
100000.0,0.05,42.0,False,False,903.3126173387944,2631.21138328282,10.411694642536942,False,False,True,2.1,False,905,294.09628542887503,10.380611385388242,8,8.927825441510433e-31,True,180.5198935326039,1.0898868166583706,-0.005939266365628585,0.0008762880735516087,0.0008762880735516087,-0.005062978292076976,-0.005895355704149773,99999.70094858819,0.0008323774120727963,-341.30615216330546,0.007144127795157911,0.8313494013438635,True,True,0.11389324140378083,129.97237420129412,False,0.0021706392295709424,0.40370046832923934,-340.3941337513086,-1776.7404951074463,-338.1678665543644,-18.240368239936576,,-338.624577337614,-1774.4704891998456,0.0019663294977138126,0.0011120608974021636,2.9681974823897876e-05,0.005721996445047448,0.9058757765575284
100000.0,0.05,44.0,False,False,903.3126173387944,2631.21138328282,10.411694642536942,False,False,True,2.2,False,905,294.09628542887503,9.914336754922079,8,4.241801962215406e-31,True,164.57820382694393,1.0989482276006108,-0.006038436034732621,0.000879619846772571,0.000879619846772571,-0.0051588161879600495,-0.006021760307708675,99999.70094858819,0.000862944119748625,-349.75521664733384,0.007510415059866085,0.8040082986891925,True,True,0.10378869630457854,117.99267227244987,False,0.0018878934922104149,0.46592662690027065,-348.79976878714666,-1818.6172824685766,-346.5806932573178,-19.108957203743078,,-347.07240763197564,-1816.3698873599374,0.0017022762187738599,0.0011162319440050038,2.708831600152177e-05,0.0051795232440371,0.9016802196721239
100000.0,0.05,46.0,False,False,903.3126173387944,2631.21138328282,10.411694642536942,False,False,True,2.3000000000000003,False,905,294.09628542887503,9.493053884867754,8,2.083179443556225e-31,True,150.66998552434933,1.1084886822177644,-0.0061437357930243805,0.000833203307533761,0.000833203307533761,-0.00531053248549062,-0.006101630801063518,99999.70094858819,0.0007910983155728984,-358.014781605417,0.007895482274224421,0.7781330613686779,True,True,0.09497264257212201,113.98495626864008,False,0.0016521977402035421,0.5042999922219448,-357.01590429703947,-1859.551015235054,-354.80433682794006,-19.977546167549583,,-355.33073947305263,-1857.3264942507888,0.0014801579915792373,0.0008714985786407101,1.2715483513080234e-05,0.004667690213632521,0.8958721801646391
100000.0,0.05,48.0,False,False,903.3126173387944,2631.21138328282,10.411694642536942,False,False,True,2.4000000000000004,False,905,294.09628542887503,9.110736121037021,8,1.054510397945904e-31,True,138.46352107175727,1.118516338396783,-0.006255393996302736,0.0007022401445054941,0.0007022401445054941,-0.005553153851797242,-0.006200895732794406,99999.70094858819,0.0006477418809971643,-366.0970618902258,0.008300292306841373,0.7536353859666889,True,True,0.08723492399304639,124.22377825533711,False,0.0014541587026227212,0.48291850348860377,-365.054755133658,-1899.6025997945624,-362.8510098026085,-20.846135131356085,,-363.4117877291546,-1897.4012063091104,0.001293580856150262,0.0006681113940669646,7.126920050425209e-06,0.004238387834079584,0.8895733689982799
100000.0,0.05,50.0,False,False,903.3126173387944,2631.21138328282,10.411694642536942,False,False,True,2.5,False,905,294.09628542887503,8.762371837840996,8,5.488443173004977e-32,True,127.69207688966124,1.1290397859547654,-0.006373654191343913,0.000502617409449895,0.000502617409449895,-0.005871036781894018,-0.0063424488090808445,99999.70094858819,0.0004714120271868264,-374.0130135550799,0.008725857393654605,0.7304329997392347,True,True,0.08040655030800804,159.9756570231251,True,0.001286546553923616,0.3906717622592428,-372.92727735032173,-1938.8266563668178,-370.73166584703944,-21.71472409516259,,-371.3265084672184,-1936.6486344042248,0.0011321936001037133,0.0005516588298921516,1.607445699513763e-05,0.004027613928390349,0.8800253645317628
100000.0,0.05,52.0,False,False,903.3126173387944,2631.21138328282,10.411694642536942,False,False,True,2.6,False,905,294.09628542887503,8.443761173910547,8,2.9307192771776523e-32,True,118.13920431560928,1.1400680561249503,-0.006498775862982615,0.000309386653490471,0.000309386653490471,-0.006189389209492144,-0.006487717395419001,99999.70094858819,0.00029832818592685675,-381.7725083396435,0.009173241669048112,0.7084492153859258,True,True,0.07435038627380428,240.31542871998596,True,0.0011437352016987084,0.2705054920325623,-380.64334268669495,-1977.272391439129,-378.4561742454887,-22.583313058969093,,-379.084773438786,-1975.117976225141,0.0009893879725802197,0.00040133656601487366,7.433251990721269e-06,0.0037541930714899106,0.865049856916839
100000.0,0.05,54.0,False,False,903.3126173387944,2631.21138328282,10.411694642536942,False,False,True,2.7,False,905,294.09628542887503,8.147681772355055,7,3.5895399400990774e-29,True,109.62777824421964,1.1516106315421801,-0.006631035233404896,0.00016152386112409863,0.00016152386112409863,-0.006469511372280797,-0.00662518375255221,99999.70094858819,0.00015567238027141316,-389.38447823573193,0.009643563826742437,0.6876125209039899,True,True,0.06895420821469074,426.8979687262013,True,0.0010213021340779605,0.15815482581941692,-388.2118831345931,-2014.984320439508,-386.0334644700956,-23.451902022775595,,-386.69551464604405,-2012.8537389100034,0.0008657391884078237,0.00035271786621570404,6.560494851078941e-06,0.0034528618506002484,0.8476817579446455
100000.0,0.05,56.0,False,False,903.3126173387944,2631.21138328282,10.411694642536942,False,False,True,2.8000000000000003,False,905,294.09628542887503,7.869686177221862,7,2.1576317797817814e-29,True,102.01172543720017,1.1636774567404884,-0.0067707261166300575,7.17760658423034e-05,7.17760658423034e-05,-0.006698950050787754,-0.0067573533343096015,99999.70094858819,5.840328352184736e-05,-396.8570361750873,0.01013799991711169,0.667856201616446,True,True,0.0641254642568381,893.410129188828,True,0.0009157384249752413,0.07838053300454657,-395.6410116257581,-2052.0028709184453,-393.47164687221806,-24.3204909865821,,-394.16684502979496,-2049.8963421884528,0.0007610077650967223,0.0003406132278569599,3.597240963544464e-06,0.003130778976450414,0.8310318146989382
100000.0,0.05,58.0,False,False,903.3126173387944,2631.21138328282,10.411694642536942,False,False,True,2.9000000000000004,False,905,294.09628542887503,7.613372343421021,7,1.3203102083326223e-29,True,95.16971384556909,1.176278949176146,-0.006918160831374693,2.6959125820825354e-05,2.6959125820825354e-05,-0.0068912017055538675,-0.006900466734764056,99999.70094858819,9.265029210188588e-06,-404.1975774898747,0.010657786287922048,0.6491179917179151,True,True,0.05978727671830828,2217.700867441476,True,0.0008242359221393456,0.0327080209642545,-402.9381234923552,-2088.364889534693,-400.7781141465017,-25.189079950388603,,-401.50615993011667,-2086.282625331773,0.0006726952445382725,0.00030965295485532555,6.60522449398086e-06,0.0028172198001495292,0.81614405107734
100000.0,0.05,60.0,False,False,903.3126173387944,2631.21138328282,10.411694642536942,False,False,True,3.0,False,905,294.09628542887503,7.376385987717491,7,8.215017079108678e-30,True,89.00028906956595,1.1894260107901675,-0.00707367117572106,1.0711819734082027e-05,1.0711819734082027e-05,-0.007062959355986978,-0.007064149847900957,99999.70094858819,1.1904919139794446e-06,-411.41286576253225,0.011204222675845163,0.6313397529103888,True,True,0.05587536116557628,5216.2342676283515,True,0.0007445292557428332,0.014387372492696218,-410.1099823168224,-2124.1040709561908,-407.9596271843044,-26.05766891419511,,-408.72022293635126,-2122.0462760215205,0.0005975708252504566,0.00022518984713215437,2.8051821672630067e-06,0.002528471538662834,0.8026156402064376
100000.0,0.05,62.0,False,False,903.3126173387944,2631.21138328282,10.411694642536942,False,False,True,3.1,False,905,294.09628542887503,7.156695851256036,7,5.191589084736776e-30,True,83.4180907561206,1.2031300401249752,-0.007237609467255623,2.205115542629416e-05,2.205115542629416e-05,-0.007215558311829328,-0.0072366210510031725,99999.70094858819,2.1062739173843552e-05,-418.509105904079,0.011778675456476857,0.6144671779097035,True,True,0.052335629548674434,2373.373573262677,True,0.0006747772785423953,0.03267916115066509,-417.16279301017886,-2159.251322890381,-415.0223881555728,-26.92625787800161,,-415.815238965532,-2157.2181953505205,0.0005330271420117779,0.00021239201673652584,3.1041505620387326e-06,0.00229703987642558,0.7899304836748272
100000.0,0.05,64.0,False,False,903.3126173387944,2631.21138328282,10.411694642536942,False,False,True,3.2,False,905,294.09628542887503,6.952540708015444,7,3.3290645670182285e-30,True,78.35088332472066,1.2174029450106583,-0.007410349652603121,5.6635744636946195e-05,5.6635744636946195e-05,-0.007353713907966175,-0.007407502500352141,99999.70094858819,5.37885923859662e-05,-425.4920067091866,0.01238258106098779,0.5984495167933896,True,True,0.04912230917370309,867.3375707972641,True,0.0006134732026689605,0.09231983465707744,-424.10226436709615,-2193.835078497797,-421.972103067466,-27.794846841808113,,-422.796916817555,-2191.8268102097945,0.00047777714545900284,0.0001665503111940074,8.626970929131856e-07,0.0021614088450107446,0.7788068710750495
100000.0,0.05,66.0,False,False,903.3126173387944,2631.21138328282,10.411694642536942,False,False,True,3.3000000000000003,False,905,294.09628542887503,6.762386402882407,7,2.1641360037337425e-30,True,73.73720670752235,1.2322571558369773,-0.007592288490557183,9.241263595808869e-05,9.241263595808869e-05,-0.007499875854599095,-0.0075856915773007015,99999.70094858819,8.581572270160656e-05,-432.366834682995,0.013017449567949627,0.5832393243335638,True,True,0.04619645442944045,499.89326622380554,True,0.0005593758495438266,0.16520669605856525,-430.9336628927142,-2227.8815651719146,-428.81403559469885,-28.66343580561462,,-429.67052300208286,-2225.898342044112,0.00043073011878529805,0.000142898398585443,2.7978255547347967e-06,0.0020378499036703616,0.7700191546284314
100000.0,0.05,68.0,False,False,903.3126173387944,2631.21138328282,10.411694642536942,False,False,True,3.4000000000000004,False,905,294.09628542887503,6.584890782933811,7,1.4250580874362843e-30,True,69.52450343833563,1.2477056394280504,-0.0077838468133028015,0.00011273294163907473,0.00011273294163907473,-0.007671113871663727,-0.0077786373445471015,99999.70094858819,0.00010752347288337453,-439.13846058364004,0.013684868479318005,0.5687922266163215,True,True,0.043524760265873604,386.087328451184,True,0.0005114565923330067,0.22041546306959106,-437.6618593451689,-2261.4150369101476,-435.55305362556487,-29.53202476942112,,-436.4409282811474,-2259.457039200813,0.00039057854378816997,0.00014194566151374923,6.985658255462515e-07,0.0019020075343847054,0.7636592227828131
100000.0,0.05,70.0,False,False,903.3126173387944,2631.21138328282,10.411694642536942,False,False,True,3.5,False,905,294.09628542887503,6.41887488842769,7,9.498223528554646e-31,True,65.66761481898078,1.2637619135374374,-0.007985470870539028,0.00011679521366534342,0.00011679521366534342,-0.007868675656873684,-0.007982936452509375,99999.70094858819,0.00011426079563569088,-445.81139985034366,0.014386506690014329,0.5550667053928903,True,True,0.041078609474695,351.7148364692297,True,0.0004688580735873236,0.24910568942904343,-444.29136916368225,-2294.457976128276,-442.19366969348016,-30.400613733227626,,-443.1126480973052,-2292.5253787239726,0.00035561636161822246,0.00013910538723003424,1.4269892756391111e-06,0.001791511056803333,0.7584733667852471
100000.0,0.05,72.0,False,False,903.3126173387944,2631.21138328282,10.411694642536942,False,False,True,3.6,False,905,294.09628542887503,6.263299143892463,7,6.4035012893079205e-31,True,62.12756532259146,1.2804400619821412,-0.00819763376164415,0.00010677569635145227,0.00010677569635145227,-0.008090858065292698,-0.008196978505807926,99999.70094858819,0.00010612044051522749,-452.3898478711493,0.01512411866103237,0.5420238987390079,True,True,0.03883330256368197,363.69046412829874,True,0.0004308618378141396,0.24781887598388785,-450.82638773629753,-2327.0312696903566,-448.74007624812504,-31.269202697034128,,-449.68987784143036,-2325.1242423657404,0.00032426903450910735,0.00011881066874851756,1.4347280754899656e-07,0.0016860249874422622,0.7526056059041992
100000.0,0.05,74.0,False,False,903.3126173387944,2631.21138328282,10.411694642536942,False,False,True,3.7,False,905,294.09628542887503,6.117243570253783,7,4.364010479056646e-31,True,58.87057378166045,1.2977547504349003,-0.008420836961381753,8.796982113854538e-05,8.796982113854538e-05,-0.008332867140243208,-0.008419639602721808,99999.70094858819,8.677246247859977e-05,-458.8777108732741,0.01589954880650458,0.5296274167186901,True,True,0.03676743129781868,417.95505347126874,True,0.00039686277032074106,0.2216630727731123,-457.27082129023205,-2359.154363069627,-455.196176549148,-32.137791660840634,,-456.1765237431167,-2357.2730707302317,0.00029608777750623187,9.787077189746768e-05,2.0128496749629456e-07,0.0015885136901932538,0.7460709334537384
100000.0,0.05,76.0,False,False,903.3126173387944,2631.21138328282,10.411694642536942,False,False,True,3.8000000000000003,False,905,294.09628542887503,5.97989125128593,7,3.0046707102973848e-31,True,55.86724426461741,1.3157212428949938,-0.008655611945025739,6.457594450044487e-05,6.457594450044487e-05,-0.008591036000525293,-0.008652838902629422,99999.70094858819,6.180290210412899e-05,-465.27863308240285,0.01671473610569818,0.5178431708577783,True,True,0.034862366073529424,539.8661427753373,True,0.0003663487736014087,0.17626903419282133,-463.62831405117043,-2390.845395872089,-461.565611828749,-33.006380624647136,,-462.57623003001555,-2388.9899987814697,0.0002710039164002964,7.960365346663477e-05,9.863464107809982e-07,0.0015080312260248702,0.7397429333151023
100000.0,0.05,78.0,False,False,903.3126173387944,2631.21138328282,10.411694642536942,False,False,True,3.9000000000000004,False,905,294.09628542887503,5.850514449718792,7,2.088911097955666e-31,True,53.091900268803855,1.3343554188586841,-0.008902521919187674,3.9123519890687146e-05,3.9123519890687146e-05,-0.008863398399296988,-0.008900410665779098,99999.70094858819,3.701226648211051e-05,-471.59602068739855,0.01757171895147324,0.5066392163324052,True,True,0.033101834085408816,846.0852749930684,True,0.0003388845042070247,0.11544794584879152,-469.90227220797584,-2422.1213214047484,-467.85178525961396,-33.87496958845364,,-468.8924028925853,-2420.2919753972474,0.000248600250914902,7.944347458663093e-05,4.3300293466169386e-07,0.0014326474157712312,0.733584002303723
100000.0,0.05,80.0,False,False,903.3126173387944,2631.21138328282,10.411694642536942,False,False,True,4.0,False,905,294.09628542887503,5.728462892944648,7,1.465688572576403e-31,True,50.52203393560544,1.3536737912113446,-0.009162163665062477,1.7425255588656756e-05,1.7425255588656756e-05,-0.009144738409473819,-0.009161781521703178,99999.70094858819,1.7043112229358134e-05,-477.83306305805667,0.01847264024732663,0.49598560586857254,True,True,0.03147157036171879,1806.0894545619008,True,0.00031409827976650777,0.05547708061823905,-476.09588513044366,-2452.9980125260017,-474.0578831758185,-34.74355855226014,,-475.12823170188034,-2451.194869206272,0.00022846356612676616,7.703435728814633e-05,6.665130083737906e-07,0.001363653058339131,0.7273633153820512
100000.0,0.05,82.0,False,False,903.3126173387944,2631.21138328282,10.411694642536942,False,False,True,4.1000000000000005,False,905,294.09628542887503,5.613153844796972,7,1.0374438889979155e-31,True,48.137848126130706,1.3736935248642608,-0.00943516950126999,4.814107008042825e-06,4.814107008042825e-06,-0.009430355394261946,-0.00943491695670189,99999.70094858819,4.561562439942245e-06,-483.99275159123454,0.019419752765766938,0.48585425443223296,True,True,0.02995902762963172,6223.17442873202,True,0.00029167147756208555,0.016505237496244687,-482.2121442154311,-2483.4903556540257,-480.1868939220312,-35.61214751606665,,-481.2867078557106,-2481.713562584329,0.00021037622017109725,7.814587417985069e-05,4.4159942391495266e-07,0.0012921056981512644,0.7212780006105202
100000.0,0.05,84.0,False,False,903.3126173387944,2631.21138328282,10.411694642536942,False,False,True,4.2,False,905,294.09628542887503,5.504063655162272,7,7.404666138145206e-32,True,45.92187388634012,1.3944324561600983,-0.009722209373963423,1.028725555168431e-06,1.028725555168431e-06,-0.009721180648408255,-0.00972123522450773,99999.70094858819,5.4576099474838875e-08,-490.0778965015433,0.020415424781419132,0.4762188138652879,True,True,0.02855313394243435,27755.83225183845,True,0.0002713299036963678,0.0037914197482619835,-488.25385967754966,-2513.6123345131937,-486.24162464719683,-36.48073647987315,,-487.37064156936106,-2511.8620353894235,0.00019418334967014585,6.595352555915237e-05,7.011123116056023e-07,0.0012256712194245337,0.7156724969299627
100000.0,0.05,86.0,False,False,903.3126173387944,2631.21138328282,10.411694642536942,False,False,True,4.3,False,905,294.09628542887503,5.4007205382927355,7,5.327138792674297e-32,True,43.85864944337727,1.4159091130720287,-0.010023993082402096,3.237626416768618e-06,3.237626416768618e-06,-0.010020755455985327,-0.010022915833330594,99999.70094858819,2.1603773452673155e-06,-496.0911418241437,0.021462145992944735,0.4670545566923871,True,True,0.02724408928951096,8414.834135404202,True,0.0002528367301628347,0.012805206010548728,-494.2236755519596,-2543.3771049553125,-492.22471631023745,-37.34932544367965,,-493.3826768784113,-2541.653439772575,0.00017970205071885607,6.247757233795191e-05,2.3402737845747233e-07,0.0011734082060949858,0.7107434533072879
100000.0,0.05,88.0,False,False,903.3126173387944,2631.21138328282,10.411694642536942,False,False,True,4.4,False,905,294.09628542887503,5.302698377378028,7,3.8616389702975614e-32,True,41.934449676264386,1.438142736222579,-0.010341272648748833,9.010353843276177e-06,9.010353843276177e-06,-0.010332262294905557,-0.010340612669377847,99999.70094858819,8.350374472290021e-06,-502.0349788569784,0.02256253374858531,0.4583382683869554,True,True,0.026023194184531688,2888.1434222420744,True,0.00023598668652630186,0.03818161937822679,-500.12408313660404,-2572.797061991389,-498.1386571251026,-38.217914407486155,,-499.3253050809909,-2571.100167199927,0.00016669911040862568,5.2802027142009066e-05,1.2862531219248977e-07,0.0011325049208479262,0.7063920124580683
100000.0,0.05,90.0,False,False,903.3126173387944,2631.21138328282,10.411694642536942,False,False,True,4.5,False,905,294.09628542887503,5.2096113900343965,7,2.819620131407607e-32,True,40.13705719016001,1.4611533007493396,-0.010674844841453453,1.5878876136357325e-05,1.5878876136357325e-05,-0.010658965965317097,-0.010674705696983505,99999.70094858819,1.5739731666409062e-05,-507.91175823638287,0.02371933959089632,0.4500481474429645,True,True,0.02488270461207279,1567.0318477451754,True,0.00022060126096083948,0.071979988088899,-505.9574330678183,-2601.88390000273,-503.9857946391041,-39.08650337129266,,-505.20087681340846,-2600.2139086548855,0.00015496176657157646,4.983395058563947e-05,1.924257470389315e-07,0.001092749264296008,0.702451862227047
100000.0,0.05,92.0,False,False,903.3126173387944,2631.21138328282,10.411694642536942,False,False,True,4.6000000000000005,False,905,294.09628542887503,5.121109519013412,7,2.0730640254973546e-32,True,38.45556783952906,1.484961539045817,-0.01102555386222661,2.196261752197283e-05,2.196261752197283e-05,-0.011003591244704637,-0.011025409932026423,99999.70094858819,2.1818687321785692e-05,-513.7237008121548,0.024935456137036814,0.4421637126521329,True,True,0.023815708800048144,1084.374791675963,True,0.00020652471752544277,0.10634377223766037,-511.72594619539973,-2630.6486669608958,-509.768346610616,-39.95509233509917,,-511.01161292523955,-2629.0057088497606,0.00014432473104502785,3.768753153834226e-05,2.565376204671144e-07,0.0010490245404951946,0.69882546154432
100000.0,0.05,94.0,False,False,903.3126173387944,2631.21138328282,10.411694642536942,False,False,True,4.7,False,905,294.09628542887503,5.036874436245956,7,1.5342948186570023e-32,True,36.88022490060548,1.5095889644068616,-0.011394294207294906,2.547631037865783e-05,2.547631037865783e-05,-0.011368817896916248,-0.011393772228004253,99999.70094858819,2.4954331088004776e-05,-519.4729074648261,0.026213924311818945,0.43466571703488194,True,True,0.022816022143727976,895.5779626095917,True,0.0001936207767552132,0.13157839156314555,-517.4317233998809,-2659.101813369378,-515.4884108288821,-40.82368129890567,,-516.7596142966145,-2657.4860151597222,0.00013462508229909092,3.1830441949603004e-05,2.3080958421299187e-07,0.0010022243808662649,0.6953028727350469
100000.0,0.05,96.0,False,False,903.3126173387944,2631.21138328282,10.411694642536942,False,False,True,4.800000000000001,False,905,294.09628542887503,4.956616067563563,7,1.142767510655611e-32,True,35.40227716929622,1.535057895609337,-0.011782013714362834,2.5096971694192968e-05,2.5096971694192968e-05,-0.011756916742668641,-0.011781509372509335,99999.70094858819,2.459262984069485e-05,-525.1613679882454,0.027557940951604017,0.4275360679179138,True,True,0.021878097288615696,871.7425175913926,True,0.00018176983782784015,0.13807005603406594,-523.0767544751096,-2687.253236541765,-521.1479739990323,-41.69227026271217,,-522.4468707208148,-2685.6647218937755,0.00012574442498522408,3.2792987141078325e-05,2.231454458089929e-07,0.0009536856242464403,0.6917782756912647
100000.0,0.05,98.0,False,False,903.3126173387944,2631.21138328282,10.411694642536942,False,False,True,4.9,False,905,294.09628542887503,4.880069561037841,7,8.563402829122686e-33,True,34.0138571192131,1.5613914824599222,-0.01218971680749197,2.1325112583578517e-05,2.1325112583578517e-05,-0.012168391694908392,-0.0121895631428623,99999.70094858819,2.117144795390832e-05,-530.790969143993,0.028970866798058485,0.4207577526920554,True,True,0.020996946923339345,984.6113046787909,True,0.00017086664489333948,0.12480559091501063,-528.6629261826671,-2715.112320748263,-526.7489197988374,-42.56085922651867,,-528.075268958702,-2713.5512104345917,0.00011767336291650072,2.7430156527455693e-05,2.1520450037538405e-07,0.0009047467816912007,0.688685395502184
100000.0,0.05,100.0,False,False,903.3126173387944,2631.21138328282,10.411694642536942,False,False,True,5.0,False,905,294.09628542887503,4.806992634592609,7,6.45457465830466e-33,True,32.70787594312017,1.5886137323432645,-0.012618467952947987,1.5850169075071434e-05,1.5850169075071434e-05,-0.012602617783872916,-0.012618436867994944,99999.70094858819,1.5819084122028393e-05,-536.3635019800977,0.03045623490175869,0.41431476982137855,True,True,0.020168077269949184,1272.4203239994958,True,0.000160818319240452,0.09855947475344903,-534.1920295705814,-2742.6879736922165,-532.2930361996598,-43.42944819032518,,-533.646600057446,-2741.1543857087895,0.00011044909645284018,2.2500934480492937e-05,5.3249944659809303e-08,0.000863272483816852,0.6867942469147382
100000.0,0.05,102.0,False,False,903.3126173387944,2631.21138328282,10.411694642536942,False,False,True,5.1000000000000005,False,905,294.09628542887503,4.737163248952113,7,4.892392900138632e-33,True,31.477932856031096,1.6167495378050198,-0.01306939533996373,1.0116522074490025e-05,1.0116522074490025e-05,-0.01305927881788924,-0.013069227080939987,99999.70094858819,9.948263050746193e-06,-541.8806684945602,0.032017759456657593,0.40819206470883,True,True,0.019387430610580538,1916.4126236098646,True,0.0001515426940245946,0.06675691058288936,-539.6657666368535,-2769.9886597185346,-537.7820221321164,-44.298037154131684,,-539.1625660140587,-2768.482709389544,0.00010407410577376574,2.0123283224786896e-05,1.859153483851709e-07,0.0008310584051267474,0.6867642577139024
100000.0,0.05,104.0,False,False,903.3126173387944,2631.21138328282,10.411694642536942,False,False,True,5.2,False,905,294.09628542887503,4.670377560546321,7,3.728318398285283e-33,True,30.31823648747495,1.6458247052057287,-0.013543694801327623,5.120581284220966e-06,5.120581284220966e-06,-0.013538574220043401,-0.013543433807543697,99999.70094858819,4.859587500295354e-06,-547.3440877139833,0.03365934508750423,0.40237547005498964,True,True,0.01865133547407214,3642.4254276650377,True,0.00014296690021233855,0.03581655108011527,-545.0857564080864,-2797.0224301049134,-543.2174935667435,-45.166626117938186,,-544.6247858540353,-2795.5442301823687,9.84808492168101e-05,1.832568114851917e-05,1.0137144603417107e-07,0.0007997217563638657,0.68883671024932
100000.0,0.05,106.0,False,False,903.3126173387944,2631.21138328282,10.411694642536942,False,False,True,5.300000000000001,False,905,294.09628542887503,4.60644811605869,7,2.8559694130925242e-33,True,29.223536555785852,1.6758659844829147,-0.014042633989734446,1.6303264331690607e-06,1.6303264331690607e-06,-0.014041003663301277,-0.014042449361316985,99999.70094858819,1.445698015707707e-06,-552.7553012488602,0.035385096613439526,0.39685165037534326,True,True,0.017956463337581916,11014.02944358682,True,0.00013502616189912811,0.012074152225307295,-550.4535404947728,-2823.7969507430776,-548.6009890712216,-46.03521508174469,,-550.03480118665,-2822.3466115012725,9.353919266269881e-05,1.7418942977111355e-05,6.79027923349164e-08,0.0007691439871439467,0.6927486595714516
100000.0,0.05,108.0,False,False,903.3126173387944,2631.21138328282,10.411694642536942,False,False,True,5.4,False,905,294.09628542887503,4.545202256156303,7,2.1986642742798338e-33,True,28.18906431559925,1.7069011000602852,-0.014567556826935063,8.814535850520424e-08,8.814535850520424e-08,-0.014567468681576557,-0.014567516288016254,99999.70094858819,4.760643969572221e-08,-558.1157783795627,0.0371993293121821,0.391608050367845,True,True,0.017299790887243115,196264.34313295927,True,0.00012766276675974506,0.0006904547092504221,-555.7705881772852,-2850.3195274797404,-553.9339748982005,-46.90380404555119,,-555.3940812909544,-2848.8971568049637,8.907887203564758e-05,1.660254045156083e-05,8.814535850520274e-08,0.0007412215755757552,0.697767049051111
100000.0,0.05,110.0,False,False,903.3126173387944,2631.21138328282,10.411694642536942,False,False,True,5.5,False,905,294.09628542887503,4.486480700812235,7,1.700785892752369e-33,True,27.21048051433111,1.7389587829444775,-0.015119888243898694,4.945840062064591e-07,4.945840062064591e-07,-0.015119393659892488,-0.015119863549813713,99999.70094858819,4.698899212253358e-07,-563.4269207205994,0.039106579710470435,0.38663284684675403,True,True,0.016678567036863816,33722.4148528198,True,0.00012082518350146655,0.0040933851029529445,-561.0383010701314,-2876.5971293546536,-559.2178496512942,-47.7723930093577,,-560.7040277800411,-2875.2028328304455,8.491799069252967e-05,1.7045796854556183e-05,3.380759322884591e-08,0.0007145411830766389,0.7028169809607526
100000.0,0.05,112.0,False,False,903.3126173387944,2631.21138328282,10.411694642536942,False,False,True,5.6000000000000005,False,905,294.09628542887503,4.4301362926956145,7,1.32175380830033e-33,True,26.283829794733595,1.7720688040513868,-0.015701139231460565,2.2368991770140968e-06,2.2368991770140968e-06,-0.015698902332283552,-0.015701025159260654,99999.70094858819,2.122826977102165e-06,-568.6900665051094,0.04111161692774264,0.3819149039809533,True,True,0.016090284031217317,7193.119920896604,True,0.00011446730312190517,0.019541817759363547,-566.2580174064511,-2902.6364099451903,-564.4539485712162,-48.6409819731642,,-565.9659788855463,-2901.2702909334157,8.089520083134437e-05,1.6878372017499874e-05,6.764219562307398e-08,0.0006884290765070606,0.7067101139370144
100000.0,0.05,114.0,False,False,903.3126173387944,2631.21138328282,10.411694642536942,False,False,True,5.7,False,905,294.09628542887503,4.376032878510723,7,1.0317881363702123e-33,True,25.40550064693789,1.8062620088058008,-0.016312912222275835,4.368781829399028e-06,4.368781829399028e-06,-0.016308543440446438,-0.016312778482685697,99999.70094858819,4.235042239259826e-06,-573.9064945267222,0.043219454601419106,0.377443731595359,True,True,0.015532652065841828,3555.3737111149144,True,0.00010854778477078776,0.040247544789829275,-571.4310159798737,-2928.4437270026588,-569.6435474791828,-49.509570936970704,,-571.1812133995145,-2927.105886720664,7.6910900138685e-05,1.7604773874935677e-05,2.8230112881258162e-08,0.0006650580411270394,0.7085441706718567
100000.0,0.05,116.0,False,False,903.3126173387944,2631.21138328282,10.411694642536942,False,False,True,5.800000000000001,False,905,294.09628542887503,4.324044311029092,7,8.089134768891962e-34,True,24.572190151290844,1.841570353059785,-0.016956906826343706,6.1298008881275335e-06,6.1298008881275335e-06,-0.01695077702545558,-0.016956850194976995,99999.70094858819,6.073169521415942e-06,-579.0774277716847,0.045435363423607676,0.37320944631276126,True,True,0.01500357694263364,2447.6450730550196,True,0.0001030294902674182,0.05949559560294173,-576.5585197766458,-2954.025160544549,-574.7878664104883,-50.378159900777206,,-576.3509543065323,-2952.715698138636,7.294724804169956e-05,1.5267859570501157e-05,7.460689889347611e-08,0.000642836455737146,0.708022992760241
100000.0,0.05,118.0,False,False,903.3126173387944,2631.21138328282,10.411694642536942,False,False,True,5.9,False,905,294.09628542887503,4.274053556972419,7,6.368266071232946e-34,True,23.780872868019348,1.8780269403770569,-0.01763492594391005,7.119182998942882e-06,7.119182998942882e-06,-0.017627806760911108,-0.017634920970092147,99999.70094858819,7.114209181038583e-06,-584.2040367704989,0.04776488432057913,0.3692027353306533,True,True,0.01450114035320554,2036.9107459885206,True,9.787899398213303e-05,0.0727345338290096,-581.6416993272696,-2979.3865295485552,-579.8880729675012,-51.24674886458371,,-581.4763721353715,-2978.105542163993,6.905957259491448e-05,1.2647090007013865e-05,9.70551009304139e-08,0.0006207258834312514,0.7055607110910919
100000.0,0.05,120.0,False,False,903.3126173387944,2631.21138328282,10.411694642536942,False,False,True,6.0,False,905,294.09628542887503,4.22595189794575,7,5.033697943957255e-34,True,23.02877332552612,1.9156660607324674,-0.018348882281211253,7.171284229791311e-06,7.171284229791311e-06,-0.01834171099698146,-0.0183488478169623,99999.70094858819,7.136819980841453e-06,-589.287442695095,0.05021384230796918,0.3654148226434207,True,True,0.014023582442659407,1955.5189828346133,True,9.306615696785415e-05,0.07705576832046834,-586.6816758036755,-3004.5334073782146,-584.9452854181009,-52.11533782839022,,-586.558588056167,-3003.2809902259955,6.533245852719498e-05,1.221893741352001e-05,4.237940596578979e-08,0.0005987399235451018,0.7020001755284832
100000.0,0.05,903.3126173387944,True,False,903.3126173387944,2631.21138328282,10.411694642536942,True,False,True,45.16563086693972,True,137,44.28145830381741,2.1505732952748677,5,7.264169673412802e-28,True,2.0,2006614.65140583,-20132511796.182705,1.1935512384988649e-13,1.1935512384988649e-13,-20132511796.182705,-20132511796.182705,99999.70094858819,1.1935500943775625e-13,-1649.1189965195008,16052110.373818053,1254.197194471079,True,True,0.0002572136120695872,2155027817.5999045,True,2.1818319119714276e-07,5.470408751242498e-07,-1629.5038122623098,-8235.267760270506,-1639.8077102245393,-392.30368514382207,,-1645.9921144947962,-8247.606291575488,,,,,
100000.0,0.05,2631.21138328282,False,True,903.3126173387944,2631.21138328282,10.411694642536942,True,True,True,131.56056916414101,True,48,15.202123346735512,2.031919344809451,4,8.261347893705417e-24,True,2.0,4.450555630921391e+22,-9.903722711963051e+42,3.4462384415982956e-23,3.4462384415982956e-23,-9.903722711963051e+42,-9.903722711963051e+42,99999.70094858819,3.445870391553409e-23,-2828.1712490124573,9.246015575319422e+25,1.0711341151532622e+17,True,True,3.1803773980693454e-05,9.228547159361239e+17,True,8.828121483161272e-09,3.9037052765660725e-15,-2771.0352197884195,-14032.523716822609,-2814.0310182607304,-1142.7205844807509,,-2824.4084067721524,-14078.32604609098,,,,,
100000.0,0.1,4.0,False,False,396.20453422460173,1260.1539171966142,9.918575940511179,False,False,True,0.4,False,905,294.09628542887503,147.04814271443752,10,6.788351899772344e-16,True,19775.787215604018,1.0031658068972553,-0.020126832722556432,2.7705729434971125,2.7705729434971125,2.750446110774556,2.665952378297351,99999.70094858819,0.0844937324772046,-93.49212074970583,0.012214027581601701,1.647845691201319,False,False,12.523867606035475,4.520316866383391,False,2.5127862381320623,1.1025899861488744,-93.31840295694442,-545.2132374046774,-91.62217839406152,-1.737177927613007,,-90.83412220216312,-542.6708747180669,2.5895206483202453,2.586059772600553,1.9329066799757255,3.211691506281841,1.0305375797685143
100000.0,0.1,6.0,False,False,396.20453422460173,1260.1539171966142,9.918575940511179,False,False,True,0.6000000000000001,False,905,294.09628542887503,91.31429858133318,9,1.909520683076547e-18,True,8790.204730972353,1.0071330183655594,-0.020286338333642448,0.8271493316810045,0.8271493316810045,0.806862993347362,0.728213599509601,99999.70094858819,0.07864939383776105,-118.27969547097156,0.013498588075760034,1.502848906847632,False,False,5.5669431912041185,6.730275873995443,False,0.7445292557428332,1.1109695492835125,-118.0191187818295,-668.8527384784878,-116.32632244616184,-2.6057668914195107,,-115.62046207477287,-666.3680768841758,0.7721825808221116,0.7654496212320342,0.4097305087357067,1.0771705629780512,1.037142026140649
100000.0,0.1,8.0,False,False,396.20453422460173,1260.1539171966142,9.918575940511179,False,False,True,0.8,False,905,294.09628542887503,65.24097498908247,9,1.0766829631863117e-20,True,4945.158125071562,1.0127057362312821,-0.020511458163914868,0.24744848965034166,0.24744848965034166,0.2269370314864268,0.1558903595341338,99999.70094858819,0.071046671952293,-139.19949702551645,0.014918246976412707,1.37492415806935,False,False,3.131843482027422,12.656547172516143,False,0.3140982797665078,0.787805937155365,-138.85206143999375,-773.0367564135692,-137.16405797554648,-3.474355855226014,,-136.53902401459996,-770.6104945634322,0.32264765648370713,0.3315052538911222,0.12270895551462237,0.5156295928406273,1.0272187950967282
100000.0,0.1,10.0,False,False,396.20453422460173,1260.1539171966142,9.918575940511179,False,False,True,1.0,False,905,294.09628542887503,50.38498191349341,9,1.939850378957802e-22,True,3165.408446018974,1.0199026796385429,-0.02080402951867761,0.13684276920877073,0.13684276920877073,0.11603873969009312,0.0538444658876595,99999.70094858819,0.06219427380243361,-157.64308518622815,0.016487212707001285,1.2618281748644626,False,False,2.0046596574123576,14.649364880609797,False,0.16081831924045198,0.8509153052654808,-157.2087907043248,-864.7946393122256,-155.52693816564513,-4.3429448190325175,,-154.98137002903624,-862.427432861181,0.16334173797587306,0.16090273516419915,0.04159242563173558,0.3199760369447872,1.01569111496339
100000.0,0.1,12.0,False,False,396.20453422460173,1260.1539171966142,9.918575940511179,False,False,True,1.2000000000000002,False,905,294.09628542887503,40.87739190603119,9,7.287294592114699e-24,True,2198.60794576426,1.0287480556552326,-0.021166451240288438,0.08183404676479744,0.08183404676479744,0.060667595524509,0.00801238928985517,99999.70094858819,0.052655206234653834,-174.32562977681323,0.018221188003905094,1.161639473548713,False,False,1.392318775712069,17.013930396400767,False,0.09306615696785416,0.8793104758055457,-173.80447639852923,-947.7291258321334,-172.13012444899303,-5.211533782839021,,-171.66267108746877,-945.4215898710987,0.09507922037864838,0.09545777741657327,0.022658626002983056,0.1866346365705613,1.0216304559721914
100000.0,0.1,14.0,False,False,396.20453422460173,1260.1539171966142,9.918575940511179,False,False,True,1.4000000000000001,False,905,294.09628542887503,34.312086494745905,9,4.545530005428111e-25,True,1615.6439737333483,1.0392716649334397,-0.02160171187067048,0.05587069581375147,0.05587069581375147,0.03426898394308099,-0.008725269407195386,99999.70094858819,0.042994253350276374,-189.67257552318907,0.02013752707470477,1.0727092651711394,False,False,1.0230703922332285,18.311395219484986,False,0.058607259198415446,0.9533067503566527,-189.06456324852442,-1023.979471486298,-187.39905141757012,-6.080122746645525,,-187.00837259562445,-1021.7321837478577,0.059644311119594444,0.06072165446795796,0.012444331869836957,0.10551991393872581,1.017694939762804
100000.0,0.1,16.0,False,False,396.20453422460173,1260.1539171966142,9.918575940511179,False,False,True,1.6,False,905,294.09628542887503,29.48321725212668,8,4.529392729530828e-24,True,1237.2690182391725,1.0515090319262406,-0.022113424884449197,0.03936581182609249,0.03936581182609249,0.01725238694164329,-0.016476114261981537,99999.70094858819,0.033728501203624826,-203.96141328476412,0.02225540928492468,0.9936202296413547,False,False,0.7833970523832807,19.90044193281513,False,0.03926228497081347,1.0026368015859488,-203.2665421137188,-1094.939069236207,-201.61119812419565,-6.948711710452028,,-201.295965854935,-1092.7525732774616,0.038646568011733766,0.03984383435027912,0.0035697119895292165,0.07890756227486377,0.9843178521184538
100000.0,0.1,18.0,False,False,396.20453422460173,1260.1539171966142,9.918575940511179,False,False,True,1.8,False,905,294.09628542887503,25.77471127389348,8,6.88113099504526e-25,True,977.8502892728663,1.0655015603158562,-0.022705871500710486,0.03425980663839643,0.03425980663839643,0.011553935137685944,-0.013732407499038663,99999.70094858819,0.025286342636724607,-217.38504641069017,0.024596031111569504,0.9231518450157626,False,False,0.6190662019828134,18.069751779888897,False,0.027575157620104936,1.242415623162848,-216.6033163432642,-1161.5755292243223,-214.95945451898746,-7.817300674258532,,-214.71835452065483,-1159.450337380936,0.02635035677965495,0.027232396176884312,0.0026054271567244134,0.058660260155080114,0.9555831789858206
100000.0,0.1,20.0,False,False,396.20453422460173,1260.1539171966142,9.918575940511179,False,False,True,2.0,False,905,294.09628542887503,22.883484447601727,8,1.2752639361443457e-25,True,792.2852352468918,1.0812967144356884,-0.023384051692988298,0.023475553526173153,0.023475553526173153,9.150183318485522e-05,-0.017887532336631318,99999.70094858819,0.017979034169816173,-230.08401969715047,0.027182818284590456,0.8602511869140653,False,False,0.5015130227915933,21.3632033098794,False,0.020102289905056497,1.1678049434690598,-229.21543073334388,-1224.5932187600656,-227.58435049574948,-8.685889638065035,,-227.416083610936,-1222.5298148251036,0.018854010890345337,0.018497029313113776,0.0012463793765854188,0.04238987726654141,0.9379036407987942
100000.0,0.1,22.0,False,False,396.20453422460173,1260.1539171966142,9.918575940511179,False,False,True,2.2,False,905,294.09628542887503,20.572173627163394,8,2.775729322871816e-26,True,654.9848551102347,1.0989482276006108,-0.024153744138930483,0.013027543021960825,0.013027543021960825,-0.011126201116969658,-0.023113248048809827,99999.70094858819,0.01198704693184017,-242.16449163724198,0.03004166023946434,0.8040082986891925,True,False,0.4145308358967939,31.819571441676292,False,0.015103147937683319,0.8625713709296505,-241.2090437770547,-1284.5237880066277,-239.59202823855384,-9.554478601871539,,-239.49531178558308,-1282.5226296385995,0.01405655308474539,0.013973270578726856,0.0007493103463271219,0.03499655818323252,0.9307035290089024
100000.0,0.1,24.0,False,False,396.20453422460173,1260.1539171966142,9.918575940511179,False,False,True,2.4000000000000004,False,905,294.09628542887503,18.686234565239875,8,6.899538351673228e-27,True,550.5542033487587,1.118516338396783,-0.025021575985210945,0.008144166811754673,0.008144166811754673,-0.016877409173456273,-0.024238848159357687,99999.70094858819,0.007361438985901417,-253.70897549131658,0.03320116922736549,0.7536353859666889,True,True,0.3483690902001755,42.77528914282133,False,0.01163326962098177,0.7000754798174583,-252.66666873474864,-1341.780216702483,-251.06498339502713,-10.423067565678043,,-251.03855243364887,-1339.8417375835568,0.010872654693789318,0.010667044350729727,0.0009457818348531235,0.03086416071965254,0.9346172699530143
100000.0,0.1,26.0,False,False,396.20453422460173,1260.1539171966142,9.918575940511179,False,False,True,2.6,False,905,294.09628542887503,17.12094079135641,8,1.9172825673685524e-27,True,469.2806922272847,1.1400680561249503,-0.02599510345193046,0.004938079679670706,0.004938079679670706,-0.021057023772259754,-0.025095598225539216,99999.70094858819,0.0040385744532794605,-264.783116309042,0.03669296667619245,0.7084492153859258,True,True,0.2968760701188798,60.11974074478216,False,0.009149881613589667,0.5396878220081589,-263.65395065609346,-1396.6908850637512,-262.06884220621515,-11.291656529484547,,-262.1114507063825,-1394.815496833483,0.008585627782537544,0.008668326960593194,0.0002522689921261829,0.0254215672395564,0.9383321167550324
100000.0,0.1,28.0,False,False,396.20453422460173,1260.1539171966142,9.918575940511179,False,False,True,2.8000000000000003,False,905,294.09628542887503,15.802936378396954,8,5.858559934276445e-28,True,404.7911357187945,1.1636774567404884,-0.02708290446652023,0.0027805257251029124,0.0027805257251029124,-0.024302378741417316,-0.02616736766383712,99999.70094858819,0.0018649889224198021,-275.44015772662766,0.04055199966844676,0.667856201616446,True,True,0.25601506001088586,92.0743360507518,False,0.007325907399801931,0.37954693846909515,-274.2241331772984,-1449.5220134964184,-272.65682841508635,-12.16024549329105,,-272.7672503216321,-1447.7101074860846,0.006881045985056591,0.0068155828500850845,0.00028546523191708687,0.021005512297859547,0.9392755886107204
100000.0,0.1,30.0,False,False,396.20453422460173,1260.1539171966142,9.918575940511179,False,False,True,3.0,False,905,294.09628542887503,14.679386962165365,8,1.9428482841650395e-28,True,352.7630317578575,1.1894260107901675,-0.02829468470288424,0.0012809745318472041,0.0012809745318472041,-0.027013710171037035,-0.027641950982864028,99999.70094858819,0.0006282408118269903,-285.72399391702766,0.04481689070338065,0.6313397529103888,True,True,0.22304816337606242,174.12380795301232,False,0.005956234045942666,0.21506450585496933,-284.4211104713178,-1500.4929846304638,-282.8728153301277,-13.028834457097554,,-283.0498455189525,-1498.7449334211778,0.005599328302296576,0.004793580972747068,0.00021483277798002145,0.017197000325351753,0.9400786233561104
100000.0,0.1,32.0,False,False,396.20453422460173,1260.1539171966142,9.918575940511179,False,False,True,3.2,False,905,294.09628542887503,13.711322520874258,8,6.918927712094879e-29,True,310.18084234412635,1.2174029450106583,-0.029641398610412484,0.0003606255736977717,0.0003606255736977717,-0.02928077303671471,-0.029370059178345686,99999.70094858819,8.928614163097542e-05,-295.6713187250681,0.04953032424395116,0.5984495167933896,True,True,0.196065276863389,543.6810120063886,False,0.004907785621351684,0.07348030283328666,-294.28157638297756,-1549.787126674972,-292.75347507467535,-13.897423420904056,,-292.99593019818707,-1548.1032855003086,0.004615256777027538,0.0034926618526316903,6.303930269451819e-05,0.01390536891369724,0.9403949424662157
100000.0,0.1,34.0,False,False,396.20453422460173,1260.1539171966142,9.918575940511179,False,False,True,3.4000000000000004,False,905,294.09628542887503,12.869402253437455,8,2.6232226545202844e-29,True,274.8889380771828,1.2477056394280504,-0.031135387253211206,0.00010168842202542434,0.00010168842202542434,-0.031033698831185782,-0.031045953588544877,99999.70094858819,1.2254757359095846e-05,-305.31317843632905,0.05473947391727202,0.5687922266163215,True,True,0.1737009486114415,1708.1683947068473,False,0.004091652738664054,0.024852652099363187,-303.8365771978578,-1597.559500510322,-302.32983146958173,-14.76601238471056,,-302.6365506908466,-1595.9402085217266,0.0038377359232514914,0.0029176943977694027,0.00010168842202542418,0.010922302460802408,0.9379427259275508
100000.0,0.1,36.0,False,False,396.20453422460173,1260.1539171966142,9.918575940511179,False,False,True,3.6,False,905,294.09628542887503,12.13113536777491,8,1.0512768324620172e-29,True,245.3132856720316,1.2804400619821412,-0.0327905350465766,0.0003156304499769444,0.0003156304499769444,-0.03247490459659966,-0.03266328302901252,99999.70094858819,0.00018837843241286916,-314.6761187870551,0.06049647464412948,0.5420238987390079,True,True,0.15495810681734942,490.94790071321864,False,0.003446894702513117,0.09156950740236408,-313.11265865220327,-1643.942649272389,-311.62840715535873,-15.634601348517064,,-311.99825277186443,-1642.3882306833589,0.00320851159769644,0.0020689187615888956,0.00014181307379291643,0.008526101264753559,0.9308411989948887
100000.0,0.1,38.0,False,False,396.20453422460173,1260.1539171966142,9.918575940511179,False,False,True,3.8000000000000003,False,905,294.09628542887503,11.479007351838225,8,4.4266862121078036e-30,True,220.28282553986418,1.3157212428949938,-0.034622447780102955,0.0006602332574648838,0.0006602332574648838,-0.03396221452263807,-0.0344142578935352,99999.70094858819,0.00045204337089713,-323.78304875005034,0.06685894442279272,0.5178431708577783,True,True,0.13909492601490384,210.67543090602635,False,0.0029307901888112695,0.2252748286060951,-322.13272971881787,-1689.0509264298594,-320.6720874877244,-16.503190312323568,,-321.1039454468819,-1687.561691552842,0.002692122760087546,0.0014860003066226395,0.00017695348238709062,0.007148514900657979,0.9185655016743021
100000.0,0.1,40.0,False,False,396.20453422460173,1260.1539171966142,9.918575940511179,False,False,True,4.0,False,905,294.09628542887503,10.899186395966472,8,1.9485676999173055e-30,True,198.9117237754189,1.3536737912113446,-0.036648654660249906,0.0008255901496309866,0.0008255901496309866,-0.03582306451061892,-0.03651135772149259,99999.70094858819,0.0006882932108736666,-332.6539021592941,0.07389056098930652,0.49598560586857254,True,True,0.1255502480755813,152.07333582128905,False,0.002512786238132062,0.32855566347128207,-330.91672423168103,-1732.9838096600113,-329.48078226838385,-17.37177927613007,,-329.9735625779281,-1731.5600558481615,0.002285738308242238,0.0012122369378045168,8.288730476011437e-06,0.006139809968679973,0.909642958702844
100000.0,0.1,42.0,False,False,396.20453422460173,1260.1539171966142,9.918575940511179,False,False,True,4.2,False,905,294.09628542887503,10.380611385388242,8,8.927825441510433e-31,True,180.5198935326039,1.3944324561600983,-0.038888837495853694,0.0008762880735516087,0.0008762880735516087,-0.03801254942230208,-0.038844926834374884,99999.70094858819,0.0008323774120727963,-341.30615216330546,0.08166169912567653,0.4762188138652879,True,True,0.11389324140378083,129.97237420129412,False,0.0021706392295709424,0.40370046832923934,-339.4821153393117,-1775.8284766954494,-338.0719403002868,-18.240368239936576,,-338.624577337614,-1774.4704891998456,0.0019663294977138126,0.0011120608974021636,2.9681974823897876e-05,0.005721996445047448,0.9058757765575284
100000.0,0.1,44.0,False,False,396.20453422460173,1260.1539171966142,9.918575940511179,False,False,True,4.4,False,905,294.09628542887503,9.914336754922079,8,4.241801962215406e-31,True,164.57820382694393,1.438142736222579,-0.04136509059499533,0.000879619846772571,0.000879619846772571,-0.04048547074822276,-0.04134841486797138,99999.70094858819,0.000862944119748625,-349.75521664733384,0.09025013499434124,0.4583382683869554,True,True,0.10378869630457854,117.99267227244987,False,0.0018878934922104149,0.46592662690027065,-347.8443209269594,-1817.6618346083897,-346.46095490678596,-19.108957203743078,,-347.07240763197564,-1816.3698873599374,0.0017022762187738599,0.0011162319440050038,2.708831600152177e-05,0.0051795232440371,0.9016802196721239
100000.0,0.1,46.0,False,False,396.20453422460173,1260.1539171966142,9.918575940511179,False,False,True,4.6000000000000005,False,905,294.09628542887503,9.493053884867754,8,2.083179443556225e-31,True,150.66998552434933,1.484961539045817,-0.04410221544890644,0.000833203307533761,0.000833203307533761,-0.04326901214137268,-0.04406011045694558,99999.70094858819,0.0007910983155728984,-358.014781605417,0.09974182454814726,0.4421637126521329,True,True,0.09497264257212201,113.98495626864008,False,0.0016521977402035421,0.5042999922219448,-356.01702698866194,-1858.5521379266763,-354.66148739520617,-19.977546167549583,,-355.33073947305263,-1857.3264942507888,0.0014801579915792373,0.0008714985786407101,1.2715483513080234e-05,0.004667690213632521,0.8958721801646391
100000.0,0.1,48.0,False,False,396.20453422460173,1260.1539171966142,9.918575940511179,False,False,True,4.800000000000001,False,905,294.09628542887503,9.110736121037021,8,1.054510397945904e-31,True,138.46352107175727,1.535057895609337,-0.047128054857451335,0.0007022401445054941,0.0007022401445054941,-0.046425814712945844,-0.04707355659394301,99999.70094858819,0.0006477418809971643,-366.0970618902258,0.11023176380641607,0.4275360679179138,True,True,0.08723492399304639,124.22377825533711,False,0.0014541587026227212,0.48291850348860377,-364.0124483770901,-1898.5602930379944,-362.68572789234076,-20.846135131356085,,-363.4117877291546,-1897.4012063091104,0.001293580856150262,0.0006681113940669646,7.126920050425209e-06,0.004238387834079584,0.8895733689982799
100000.0,0.1,50.0,False,False,396.20453422460173,1260.1539171966142,9.918575940511179,False,False,True,5.0,False,905,294.09628542887503,8.762371837840996,8,5.488443173004977e-32,True,127.69207688966124,1.5886137323432645,-0.05047387181179195,0.000502617409449895,0.000502617409449895,-0.049971254402342055,-0.05044266642952888,99999.70094858819,0.0004714120271868264,-374.0130135550799,0.12182493960703476,0.41431476982137855,True,True,0.08040655030800804,159.9756570231251,True,0.001286546553923616,0.3906717622592428,-371.84154114556355,-1937.7409201620596,-370.54460776596994,-21.71472409516259,,-371.3265084672184,-1936.6486344042248,0.0011321936001037133,0.0005516588298921516,1.607445699513763e-05,0.004027613928390349,0.8800253645317628
100000.0,0.1,52.0,False,False,396.20453422460173,1260.1539171966142,9.918575940511179,False,False,True,5.2,False,905,294.09628542887503,8.443761173910547,8,2.9307192771776523e-32,True,118.13920431560928,1.6458247052057287,-0.05417477920531049,0.000309386653490471,0.000309386653490471,-0.05386539255182002,-0.054163720737746876,99999.70094858819,0.00029832818592685675,-381.7725083396435,0.13463738035001693,0.40237547005498964,True,True,0.07435038627380428,240.31542871998596,True,0.0011437352016987084,0.2705054920325623,-379.5141770337464,-1976.1432257861804,-378.2479741837316,-22.583313058969093,,-379.084773438786,-1975.117976225141,0.0009893879725802197,0.00040133656601487366,7.433251990721269e-06,0.0037541930714899106,0.865049856916839
100000.0,0.1,54.0,False,False,396.20453422460173,1260.1539171966142,9.918575940511179,False,False,True,5.4,False,905,294.09628542887503,8.147681772355055,7,3.5895399400990774e-29,True,109.62777824421964,1.7069011000602852,-0.05827022730774025,0.00016152386112409863,0.00016152386112409863,-0.05810870344661615,-0.058264375826887566,99999.70094858819,0.00015567238027141316,-389.38447823573193,0.1487973172487284,0.391608050367845,True,True,0.06895420821469074,426.8979687262013,True,0.0010213021340779605,0.15815482581941692,-387.0392880334542,-2013.8117253383696,-385.80473474569754,-23.451902022775595,,-386.69551464604405,-2012.8537389100034,0.0008657391884078237,0.00035271786621570404,6.560494851078941e-06,0.0034528618506002484,0.8476817579446455
100000.0,0.1,56.0,False,False,396.20453422460173,1260.1539171966142,9.918575940511179,False,False,True,5.6000000000000005,False,905,294.09628542887503,7.869686177221862,7,2.1576317797817814e-29,True,102.01172543720017,1.7720688040513868,-0.06280455692584226,7.17760658423034e-05,7.17760658423034e-05,-0.06273278085999996,-0.0627911841435218,99999.70094858819,5.840328352184736e-05,-396.8570361750873,0.16444646771097057,0.3819149039809533,True,True,0.0641254642568381,893.410129188828,True,0.0009157384249752413,0.07838053300454657,-394.4249870764289,-2050.786846369116,-393.222978232522,-24.3204909865821,,-394.16684502979496,-2049.8963421884528,0.0007610077650967223,0.0003406132278569599,3.597240963544464e-06,0.003130778976450414,0.8310318146989382
100000.0,0.1,58.0,False,False,396.20453422460173,1260.1539171966142,9.918575940511179,False,False,True,5.800000000000001,False,905,294.09628542887503,7.613372343421021,7,1.3203102083326223e-29,True,95.16971384556909,1.841570353059785,-0.06782762730537482,2.6959125820825354e-05,2.6959125820825354e-05,-0.067800668179554,-0.06780993320876419,99999.70094858819,9.265029210188588e-06,-404.1975774898747,0.1817414536944307,0.37320944631276126,True,True,0.05978727671830828,2217.700867441476,True,0.0008242359221393456,0.0327080209642545,-401.6786694948357,-2087.105435537173,-400.51007612000615,-25.189079950388603,,-401.50615993011667,-2086.282625331773,0.0006726952445382725,0.00030965295485532555,6.60522449398086e-06,0.0028172198001495292,0.81614405107734
100000.0,0.1,60.0,False,False,396.20453422460173,1260.1539171966142,9.918575940511179,False,False,True,6.0,False,905,294.09628542887503,7.376385987717491,7,8.215017079108678e-30,True,89.00028906956595,1.9156660607324674,-0.07339552912484501,1.0711819734082027e-05,1.0711819734082027e-05,-0.07338481730511093,-0.07338600779702491,99999.70094858819,1.1904919139794446e-06,-411.41286576253225,0.20085536923187672,0.3654148226434207,True,True,0.05587536116557628,5216.2342676283515,True,0.0007445292557428332,0.014387372492696218,-408.80709887111254,-2122.8011875104808,-407.6727684768659,-26.05766891419511,,-408.72022293635126,-2122.0462760215205,0.0005975708252504566,0.00022518984713215437,2.8051821672630067e-06,0.002528471538662834,0.8026156402064376
100000.0,0.1,62.0,False,False,396.20453422460173,1260.1539171966142,9.918575940511179,False,False,True,6.2,False,905,294.09628542887503,7.156695851256036,7,5.191589084736776e-30,True,83.4180907561206,1.9946352350256618,-0.07957139441611756,2.205115542629416e-05,2.205115542629416e-05,-0.07954934326069127,-0.0795704059998651,99999.70094858819,2.1062739173843552e-05,-418.509105904079,0.2219795128144164,0.35846278517892943,True,True,0.052335629548674434,2373.373573262677,True,0.0006747772785423953,0.03267916115066509,-415.81648011627874,-2157.9050099964807,-414.7172370850212,-26.92625787800161,,-415.815238965532,-2157.2181953505205,0.0005330271420117779,0.00021239201673652584,3.1041505620387326e-06,0.00229703987642558,0.7899304836748272
100000.0,0.1,64.0,False,False,396.20453422460173,1260.1539171966142,9.918575940511179,False,False,True,6.4,False,905,294.09628542887503,6.952540708015444,7,3.3290645670182285e-30,True,78.35088332472066,2.0787774886771784,-0.08642631694861994,5.6635744636946195e-05,5.6635744636946195e-05,-0.08636968120398299,-0.08642346979636896,99999.70094858819,5.37885923859662e-05,-425.4920067091866,0.24532530197109356,0.3522927160558574,True,True,0.04912230917370309,867.3375707972641,True,0.0006134732026689605,0.09231983465707744,-422.7125220250057,-2192.4453361557066,-421.6491680309715,-27.794846841808113,,-422.796916817555,-2191.8268102097945,0.00047777714545900284,0.0001665503111940074,8.626970929131856e-07,0.0021614088450107446,0.7788068710750495
100000.0,0.1,66.0,False,False,396.20453422460173,1260.1539171966142,9.918575940511179,False,False,True,6.6000000000000005,False,905,294.09628542887503,6.762386402882407,7,2.1641360037337425e-30,True,73.73720670752235,2.1684141505387515,-0.09404039856513394,9.241263595808869e-05,9.241263595808869e-05,-0.09394798592917585,-0.09403380165187745,99999.70094858819,8.581572270160656e-05,-432.366834682995,0.271126389206579,0.34685077627571637,True,True,0.04619645442944045,499.89326622380554,True,0.0005593758495438266,0.16520669605856525,-429.5004911024334,-2226.4483933816337,-428.47380556353147,-28.66343580561462,,-429.67052300208286,-2225.898342044112,0.00043073011878529805,0.000142898398585443,2.7978255547347967e-06,0.0020378499036703616,0.7700191546284314
100000.0,0.1,68.0,False,False,396.20453422460173,1260.1539171966142,9.918575940511179,False,False,True,6.800000000000001,False,905,294.09628542887503,6.584890782933811,7,1.4250580874362843e-30,True,69.52450343833563,2.2638897852530144,-0.10250393919545882,0.00011273294163907473,0.00011273294163907473,-0.10239120625381974,-0.10249872972670311,99999.70094858819,0.00010752347288337453,-439.13846058364004,0.2996410004739703,0.3420891634766895,True,True,0.043524760265873604,386.087328451184,True,0.0005114565923330067,0.22041546306959106,-436.1852581066978,-2259.9384356716764,-435.1959986622162,-29.53202476942112,,-436.4409282811474,-2259.457039200813,0.00039057854378816997,0.00014194566151374923,6.985658255462515e-07,0.0019020075343847054,0.7636592227828131
100000.0,0.1,70.0,False,False,396.20453422460173,1260.1539171966142,9.918575940511179,False,False,True,7.0,False,905,294.09628542887503,6.41887488842769,7,9.498223528554646e-31,True,65.66761481898078,2.3655738293566433,-0.11191879084274109,0.00011679521366534342,0.00011679521366534342,-0.11180199562907575,-0.11191625642471144,99999.70094858819,0.00011426079563569088,-445.81139985034366,0.33115451958692316,0.33796546392405213,True,True,0.041078609474695,351.7148364692297,True,0.0004688580735873236,0.24910568942904343,-442.77133847702083,-2292.937945441615,-441.8202414864642,-30.400613733227626,,-443.1126480973052,-2292.5253787239726,0.00035561636161822246,0.00013910538723003424,1.4269892756391111e-06,0.001791511056803333,0.7584733667852471
100000.0,0.1,72.0,False,False,396.20453422460173,1260.1539171966142,9.918575940511179,False,False,True,7.2,False,905,294.09628542887503,6.263299143892463,7,6.4035012893079205e-31,True,62.12756532259146,2.473862352534489,-0.12239989878574957,0.00010677569635145227,0.00010677569635145227,-0.12229312308939812,-0.12239924352991334,99999.70094858819,0.00010612044051522749,-452.3898478711493,0.36598234443677996,0.3344420861998522,True,True,0.03883330256368197,363.69046412829874,True,0.0004308618378141396,0.24781887598388785,-449.26292760144577,-2325.4678095555046,-448.35070866013103,-31.269202697034128,,-449.68987784143036,-2325.1242423657404,0.00032426903450910735,0.00011881066874851756,1.4347280754899656e-07,0.0016860249874422622,0.7526056059041992
100000.0,0.1,74.0,False,False,396.20453422460173,1260.1539171966142,9.918575940511179,False,False,True,7.4,False,905,294.09628542887503,6.117243570253783,7,4.364010479056646e-31,True,58.87057378166045,2.589179953442983,-0.13407705662622016,8.796982113854538e-05,8.796982113854538e-05,-0.13398908680508162,-0.13407585926756022,99999.70094858819,8.677246247859977e-05,-458.8777108732741,0.40447304360067404,0.33148576585635464,True,True,0.03676743129781868,417.95505347126874,True,0.00039686277032074106,0.2216630727731123,-455.66393170718993,-2357.5474734865847,-454.7912861745783,-32.137791660840634,,-456.1765237431167,-2357.2730707302317,0.00029608777750623187,9.787077189746768e-05,2.0128496749629456e-07,0.0015885136901932538,0.7460709334537384
100000.0,0.1,76.0,False,False,396.20453422460173,1260.1539171966142,9.918575940511179,False,False,True,7.6000000000000005,False,905,294.09628542887503,5.97989125128593,7,3.0046707102973848e-31,True,55.86724426461741,2.7119818002689327,-0.14709690569979844,6.457594450044487e-05,6.457594450044487e-05,-0.147032329755298,-0.14709413265740212,99999.70094858819,6.180290210412899e-05,-465.27863308240285,0.44701184493300844,0.3290671318158094,True,True,0.034862366073529424,539.8661427753373,True,0.0003663487736014087,0.17626903419282133,-461.977995019938,-2389.1950768408565,-461.1455985570324,-33.006380624647136,,-462.57623003001555,-2388.9899987814697,0.0002710039164002964,7.960365346663477e-05,9.863464107809982e-07,0.0015080312260248702,0.7397429333151023
100000.0,0.1,78.0,False,False,396.20453422460173,1260.1539171966142,9.918575940511179,False,False,True,7.800000000000001,False,905,294.09628542887503,5.850514449718792,7,2.088911097955666e-31,True,53.091900268803855,2.8427558269963025,-0.16162521383842865,3.9123519890687146e-05,3.9123519890687146e-05,-0.16158609031853796,-0.16162310258502008,99999.70094858819,3.701226648211051e-05,-471.59602068739855,0.494024491055302,0.3271603265926669,True,True,0.033101834085408816,846.0852749930684,True,0.0003388845042070247,0.11544794584879152,-468.20852372855313,-2420.4275729253254,-467.4170328410358,-33.87496958845364,,-468.8924028925853,-2420.2919753972474,0.000248600250914902,7.944347458663093e-05,4.3300293466169386e-07,0.0014326474157712312,0.733584002303723
100000.0,0.1,80.0,False,False,396.20453422460173,1260.1539171966142,9.918575940511179,False,False,True,8.0,False,905,294.09628542887503,5.728462892944648,7,1.465688572576403e-31,True,50.52203393560544,2.982025097223648,-0.17784947360943418,1.7425255588656756e-05,1.7425255588656756e-05,-0.17783204835384553,-0.1778490914660749,99999.70094858819,1.7043112229358134e-05,-477.83306305805667,0.5459815003314424,0.3257426735181856,True,True,0.03147157036171879,1806.0894545619008,True,0.00031409827976650777,0.05547708061823905,-474.35870720283054,-2451.260834598389,-473.60875978694975,-34.74355855226014,,-475.12823170188034,-2451.194869206272,0.00022846356612676616,7.703435728814633e-05,6.665130083737906e-07,0.001363653058339131,0.7273633153820512
100000.0,0.1,82.0,False,False,396.20453422460173,1260.1539171966142,9.918575940511179,False,False,True,8.200000000000001,False,905,294.09628542887503,5.613153844796972,7,1.0374438889979155e-31,True,48.137848126130706,3.130350348313626,-0.19598186606374482,4.814107008042825e-06,4.814107008042825e-06,-0.1959770519567368,-0.19598161351917673,99999.70094858819,4.561562439942245e-06,-483.99275159123454,0.6034028759736201,0.3247943850905889,True,True,0.02995902762963172,6223.17442873202,True,0.00029167147756208555,0.016505237496244687,-480.43153683962777,-2481.7097482782224,-479.72375272816384,-35.61214751606665,,-481.2867078557106,-2481.713562584329,0.00021037622017109725,7.814587417985069e-05,4.4159942391495266e-07,0.0012921056981512644,0.7212780006105202
100000.0,0.1,84.0,False,False,396.20453422460173,1260.1539171966142,9.918575940511179,False,False,True,8.4,False,905,294.09628542887503,5.504063655162272,7,7.404666138145206e-32,True,45.92187388634012,3.2883327296690315,-0.21626264282025173,1.028725555168431e-06,1.028725555168431e-06,-0.21626161409469657,-0.21626166867079605,99999.70094858819,5.4576099474838875e-08,-490.0778965015433,0.6668633104092516,0.3242983073810615,True,True,0.02855313394243435,27755.83225183845,True,0.0002713299036963678,0.0037914197482619835,-486.4298228535559,-2511.7882976892,-485.7648043595035,-36.48073647987315,,-487.37064156936106,-2511.8620353894235,0.00019418334967014585,6.595352555915237e-05,7.011123116056023e-07,0.0012256712194245337,0.7156724969299627
100000.0,0.1,86.0,False,False,396.20453422460173,1260.1539171966142,9.918575940511179,False,False,True,8.6,False,905,294.09628542887503,5.4007205382927355,7,5.327138792674297e-32,True,43.85864944337727,3.456616750023281,-0.23896398713083025,3.237626416768618e-06,3.237626416768618e-06,-0.23896074950441348,-0.23896290988175875,99999.70094858819,2.1603773452673155e-06,-496.0911418241437,0.7369979369959581,0.3242396961175494,True,True,0.02724408928951096,8414.834135404202,True,0.0002528367301628347,0.012805206010548728,-492.35620927977556,-2541.5096386831283,-491.73454173566586,-37.34932544367965,,-493.3826768784113,-2541.653439772575,0.00017970205071885607,6.247757233795191e-05,2.3402737845747233e-07,0.0011734082060949858,0.7107434533072879
100000.0,0.1,88.0,False,False,396.20453422460173,1260.1539171966142,9.918575940511179,False,False,True,8.8,False,905,294.09628542887503,5.302698377378028,7,3.8616389702975614e-32,True,41.934449676264386,3.6358934498135076,-0.26439442356793547,9.010353843276177e-06,9.010353843276177e-06,-0.2643854132140922,-0.2643937635885645,99999.70094858819,8.350374472290021e-06,-502.0349788569784,0.8145086866496816,0.32460602066193917,True,True,0.026023194184531688,2888.1434222420744,True,0.00023598668652630186,0.03818161937822679,-498.2131874162297,-2570.886166271014,-497.6354397072883,-38.217914407486155,,-499.3253050809909,-2571.100167199927,0.00016669911040862568,5.2802027142009066e-05,1.2862531219248977e-07,0.0011325049208479262,0.7063920124580683
100000.0,0.1,90.0,False,False,396.20453422460173,1260.1539171966142,9.918575940511179,False,False,True,9.0,False,905,294.09628542887503,5.2096113900343965,7,2.819620131407607e-32,True,40.13705719016001,3.826903815978791,-0.2929038563350607,1.5878876136357325e-05,1.5878876136357325e-05,-0.29288797745892436,-0.2929037171905908,99999.70094858819,1.5739731666409062e-05,-507.91175823638287,0.9001713130052182,0.3253867926064011,True,True,0.02488270461207279,1567.0318477451754,True,0.00022060126096083948,0.071979988088899,-504.0031078992535,-2599.9295748341656,-503.46983298883885,-39.08650337129266,,-505.20087681340846,-2600.2139086548855,0.00015496176657157646,4.983395058563947e-05,1.924257470389315e-07,0.001092749264296008,0.702451862227047
100000.0,0.1,92.0,False,False,396.20453422460173,1260.1539171966142,9.918575940511179,False,False,True,9.200000000000001,False,905,294.09628542887503,5.121109519013412,7,2.0730640254973546e-32,True,38.45556783952906,4.030442457901989,-0.3248893281291806,2.196261752197283e-05,2.196261752197283e-05,-0.3248673655116586,-0.3248891841989804,99999.70094858819,2.1818687321785692e-05,-513.7237008121548,0.9948431564193388,0.32657341615388835,True,True,0.023815708800048144,1084.374791675963,True,0.00020652471752544277,0.10634377223766037,-509.7281915786447,-2628.6509123441406,-509.23992702464426,-39.95509233509917,,-511.01161292523955,-2629.0057088497606,0.00014432473104502785,3.768753153834226e-05,2.565376204671144e-07,0.0010490245404951946,0.69882546154432
100000.0,0.1,94.0,False,False,396.20453422460173,1260.1539171966142,9.918575940511179,False,False,True,9.4,False,905,294.09628542887503,5.036874436245956,7,1.5342948186570023e-32,True,36.88022490060548,4.247361564699482,-0.3608016052257286,2.547631037865783e-05,2.547631037865783e-05,-0.36077612891535,-0.36080108324643795,99999.70094858819,2.4954331088004776e-05,-519.4729074648261,1.0994717245212355,0.3281590578264662,True,True,0.022816022143727976,895.5779626095917,True,0.0001936207767552132,0.13157839156314555,-515.3905393349354,-2657.0606293044325,-514.9478077960091,-40.82368129890567,,-516.7596142966145,-2657.4860151597222,0.00013462508229909092,3.1830441949603004e-05,2.3080958421299187e-07,0.0010022243808662649,0.6953028727350469
100000.0,0.1,96.0,False,False,396.20453422460173,1260.1539171966142,9.918575940511179,False,False,True,9.600000000000001,False,905,294.09628542887503,4.956616067563563,7,1.142767510655611e-32,True,35.40227716929622,4.478575165667955,-0.40115271029075505,2.5096971694192968e-05,2.5096971694192968e-05,-0.4011276133190609,-0.40115220594890155,99999.70094858819,2.459262984069485e-05,-525.1613679882454,1.21510417518735,0.33013853337217247,True,True,0.021878097288615696,871.7425175913926,True,0.00018176983782784015,0.13807005603406594,-520.992140961974,-2685.1686230286296,-520.5954506927275,-41.69227026271217,,-522.4468707208148,-2685.6647218937755,0.00012574442498522408,3.2792987141078325e-05,2.231454458089929e-07,0.0009536856242464403,0.6917782756912647
100000.0,0.1,98.0,False,False,396.20453422460173,1260.1539171966142,9.918575940511179,False,False,True,9.8,False,905,294.09628542887503,4.880069561037841,7,8.563402829122686e-33,True,34.0138571192131,4.72506371743073,-0.4465245426756063,2.1325112583578517e-05,2.1325112583578517e-05,-0.44650321756302275,-0.44652438901097663,99999.70094858819,2.117144795390832e-05,-530.790969143993,1.3428977968493554,0.3325082100240402,True,True,0.020996946923339345,984.6113046787909,True,0.00017086664489333948,0.12480559091501063,-526.534883221341,-2712.9842777869367,-526.1847285556869,-42.56085922651867,,-528.075268958702,-2713.5512104345917,0.00011767336291650072,2.7430156527455693e-05,2.1520450037538405e-07,0.0009047467816912007,0.688685395502184
100000.0,0.1,100.0,False,False,396.20453422460173,1260.1539171966142,9.918575940511179,False,False,True,10.0,False,905,294.09628542887503,4.806992634592609,7,6.45457465830466e-33,True,32.70787594312017,4.9878790431985625,-0.4975787469915882,1.5850169075071434e-05,1.5850169075071434e-05,-0.49756289682251315,-0.49757871590663516,99999.70094858819,1.5819084122028393e-05,-536.3635019800977,1.4841315910257662,0.3352659225100678,True,True,0.020168077269949184,1272.4203239994958,True,0.000160818319240452,0.09855947475344903,-532.0205571610651,-2740.5165012827,-531.7174189831871,-43.42944819032518,,-533.646600057446,-2741.1543857087895,0.00011044909645284018,2.2500934480492937e-05,5.3249944659809303e-08,0.000863272483816852,0.6867942469147382
100000.0,0.1,102.0,False,False,396.20453422460173,1260.1539171966142,9.918575940511179,False,False,True,10.200000000000001,False,905,294.09628542887503,4.737163248952113,7,4.892392900138632e-33,True,31.477932856031096,5.268149651582862,-0.5550680150294526,1.0116522074490025e-05,1.0116522074490025e-05,-0.5550578985073781,-0.5550678467704289,99999.70094858819,9.948263050746193e-06,-541.8806684945602,1.6402190729990187,0.3384109014258394,True,True,0.019387430610580538,1916.4126236098646,True,0.0001515426940245946,0.06675691058288936,-537.4508647791469,-2767.7737578608276,-537.1952109816248,-44.298037154131684,,-539.1625660140587,-2768.482709389544,0.00010407410577376574,2.0123283224786896e-05,1.859153483851709e-07,0.0008310584051267474,0.6867642577139024
100000.0,0.1,104.0,False,False,396.20453422460173,1260.1539171966142,9.918575940511179,False,False,True,10.4,False,905,294.09628542887503,4.670377560546321,7,3.728318398285283e-33,True,30.31823648747495,5.567086464584827,-0.619849034083272,5.120581284220966e-06,5.120581284220966e-06,-0.6198439135019878,-0.619848773089488,99999.70094858819,4.859587500295354e-06,-547.3440877139833,1.8127224187515125,0.3419437127666708,True,True,0.01865133547407214,3642.4254276650377,True,0.00014296690021233855,0.03581655108011527,-542.8274251021893,-2794.764098799016,-542.6197110309649,-45.166626117938186,,-544.6247858540353,-2795.5442301823687,9.84808492168101e-05,1.832568114851917e-05,1.0137144603417107e-07,0.0007997217563638657,0.68883671024932
100000.0,0.1,106.0,False,False,396.20453422460173,1260.1539171966142,9.918575940511179,False,False,True,10.600000000000001,False,905,294.09628542887503,4.60644811605869,7,2.8559694130925242e-33,True,29.223536555785852,5.8859889867458985,-0.6928973270418803,1.6303264331690607e-06,1.6303264331690607e-06,-0.6928956967154472,-0.6928971424134629,99999.70094858819,1.445698015707707e-06,-552.7553012488602,2.003368099747919,0.3458662075776622,True,True,0.017956463337581916,11014.02944358682,True,0.00013502616189912811,0.012074152225307295,-548.1517797406855,-2821.49518998899,-547.9924486266643,-46.03521508174469,,-550.03480118665,-2822.3466115012725,9.353919266269881e-05,1.7418942977111355e-05,6.79027923349164e-08,0.0007691439871439467,0.6927486595714516
100000.0,0.1,108.0,False,False,396.20453422460173,1260.1539171966142,9.918575940511179,False,False,True,10.8,False,905,294.09628542887503,4.545202256156303,7,2.1986642742798338e-33,True,28.18906431559925,6.226251949996952,-0.775324266896817,8.814535850520424e-08,8.814535850520424e-08,-0.7753241787514585,-0.7753242263578982,99999.70094858819,4.760643969572221e-08,-558.1157783795627,2.214064162041872,0.35018148082113,True,True,0.017299790887243115,196264.34313295927,True,0.00012766276675974506,0.0006904547092504221,-553.4253979750075,-2847.9743372774624,-553.3148813521854,-46.90380404555119,,-555.3940812909544,-2848.8971568049637,8.907887203564758e-05,1.660254045156083e-05,8.814535850520274e-08,0.0007412215755757552,0.697767049051111
100000.0,0.1,110.0,False,False,396.20453422460173,1260.1539171966142,9.918575940511179,False,False,True,11.0,False,905,294.09628542887503,4.486480700812235,7,1.700785892752369e-33,True,27.21048051433111,6.5893724715020845,-0.86839659136379,4.945840062064591e-07,4.945840062064591e-07,-0.8683960967797838,-0.868396566669705,99999.70094858819,4.698899212253358e-07,-563.4269207205994,2.4469193226422044,0.3548938386845088,True,True,0.016678567036863816,33722.4148528198,True,0.00012082518350146655,0.0040933851029529445,-558.6496814196635,-2874.208509704186,-558.5883995297536,-47.7723930093577,,-560.7040277800411,-2875.2028328304455,8.491799069252967e-05,1.7045796854556183e-05,3.380759322884591e-08,0.0007145411830766389,0.7028169809607526
100000.0,0.1,112.0,False,False,396.20453422460173,1260.1539171966142,9.918575940511179,False,False,True,11.200000000000001,False,905,294.09628542887503,4.4301362926956145,7,1.32175380830033e-33,True,26.283829794733595,6.976957764773925,-0.9735587930287835,2.2368991770140968e-06,2.2368991770140968e-06,-0.9735565561296065,-0.9735586789565835,99999.70094858819,2.122826977102165e-06,-568.6900665051094,2.7042640742615283,0.3600087736604051,True,True,0.016090284031217317,7193.119920896604,True,0.00011446730312190517,0.019541817759363547,-563.8259683077929,-2900.204360846532,-563.8143304914014,-48.6409819731642,,-565.9659788855463,-2901.2702909334157,8.089520083134437e-05,1.6878372017499874e-05,6.764219562307398e-08,0.0006884290765070606,0.7067101139370144
100000.0,0.1,114.0,False,False,396.20453422460173,1260.1539171966142,9.918575940511179,False,False,True,11.4,False,905,294.09628542887503,4.376032878510723,7,1.0317881363702123e-33,True,25.40550064693789,7.390733447559901,-1.0924588178576133,4.368781829399028e-06,4.368781829399028e-06,-1.092454449075784,-1.0924586841180233,99999.70094858819,4.235042239259826e-06,-573.9064945267222,2.9886740096706035,0.36553294682614734,True,True,0.015532652065841828,3555.3737111149144,True,0.00010854778477078776,0.040247544789829275,-568.955537433025,-2925.96824845581,-568.9939425074873,-49.509570936970704,,-571.1812133995145,-2927.105886720664,7.6910900138685e-05,1.7604773874935677e-05,2.8230112881258162e-08,0.0006650580411270394,0.7085441706718567
100000.0,0.1,116.0,False,False,396.20453422460173,1260.1539171966142,9.918575940511179,False,False,True,11.600000000000001,False,905,294.09628542887503,4.324044311029092,7,8.089134768891962e-34,True,24.572190151290844,7.83255249348233,-1.2269775712631257,6.1298008881275335e-06,6.1298008881275335e-06,-1.2269714414622375,-1.226977514631759,99999.70094858819,6.073169521415942e-06,-579.0774277716847,3.30299559909649,0.37147417683473644,True,True,0.01500357694263364,2447.6450730550196,True,0.0001030294902674182,0.05949559560294173,-574.0396117816068,-2951.50625254951,-574.1284484056495,-50.378159900777206,,-576.3509543065323,-2952.715698138636,7.294724804169956e-05,1.5267859570501157e-05,7.460689889347611e-08,0.000642836455737146,0.708022992760241
100000.0,0.1,118.0,False,False,396.20453422460173,1260.1539171966142,9.918575940511179,False,False,True,11.8,False,905,294.09628542887503,4.274053556972419,7,6.368266071232946e-34,True,23.780872868019348,8.30440487818101,-1.3792628076151316,7.119182998942882e-06,7.119182998942882e-06,-1.3792556884321328,-1.3792628026413138,99999.70094858819,7.114209181038583e-06,-584.2040367704989,3.65037467865329,0.37784143520411845,True,True,0.01450114035320554,2036.9107459885206,True,9.787899398213303e-05,0.0727345338290096,-579.0793618840404,-2976.824192105326,-579.2190089094784,-51.24674886458371,,-581.4763721353715,-2978.105542163993,6.905957259491448e-05,1.2647090007013865e-05,9.70551009304139e-08,0.0006207258834312514,0.7055607110910919
100000.0,0.1,120.0,False,False,396.20453422460173,1260.1539171966142,9.918575940511179,False,False,True,12.0,False,905,294.09628542887503,4.22595189794575,7,5.033697943957255e-34,True,23.02877332552612,8.808427974778652,-1.5517680677372634,7.171284229791311e-06,7.171284229791311e-06,-1.5517608964530336,-1.5517680332730144,99999.70094858819,7.136819980841453e-06,-589.287442695095,4.0342879349273515,0.38464484755850903,True,True,0.014023582442659407,1955.5189828346133,True,9.306615696785415e-05,0.07705576832046834,-584.075908912256,-3001.927640486795,-584.2667357229739,-52.11533782839022,,-586.558588056167,-3003.2809902259955,6.533245852719498e-05,1.221893741352001e-05,4.237940596578979e-08,0.0005987399235451018,0.7020001755284832
100000.0,0.1,396.20453422460173,True,False,396.20453422460173,1260.1539171966142,9.918575940511179,True,False,True,39.62045342246017,True,312,100.95795616847906,2.465608411278135,6,1.1301365030529733e-31,True,3.0314693460351263,212050.43927857792,-899307775.9647574,1.1339861216607599e-09,1.1339861216607599e-09,-899307775.9647574,-899307775.9647574,99999.70094858819,1.1339292277360825e-09,-1085.8082887379005,4013027.5934545407,224.09708256967278,True,True,0.0013069880933840804,1152560.9250578424,True,2.5856943995402645e-06,0.0004385615414808425,-1068.6013444460214,-5449.1440375484735,-1077.5552527946265,-172.0694429187926,,-1082.9252258694098,-5460.944978263645,,,,,
100000.0,0.1,1260.1539171966142,False,True,396.20453422460173,1260.1539171966142,9.918575940511179,True,True,True,126.01539171966142,True,98,31.742154235401262,2.0937532078404253,5,3.0924024211829457e-28,True,2.0,3.6691768683586666e+21,-2.692571778259663e+41,6.441004707634495e-16,6.441004707634495e-16,-2.692571778259663e+41,-2.692571778259663e+41,99999.70094858819,6.441002586050567e-16,-1951.2640135647137,2.3115038938298216e+25,1.1648571241636404e+16,True,True,0.00013385831591985114,207822105394.81436,True,8.036459076920323e-08,8.014729678811197e-09,-1896.536224305988,-9695.545241482649,-1937.9663915954834,-547.2778925872568,,-1947.986394835987,-9741.969448309386,,,,,
100000.0,0.25,4.0,False,False,129.1605102698677,474.7402634586727,9.302368129979172,False,False,True,1.0,False,905,294.09628542887503,147.04814271443752,10,6.788351899772344e-16,True,19775.787215604018,1.0199026796385429,-0.13002518449173503,2.7705729434971125,2.7705729434971125,2.6405477590053774,2.5560540265281726,99999.70094858819,0.0844937324772046,-93.49212074970583,0.10304507941875801,1.2618281748644626,False,False,12.523867606035475,4.520316866383391,False,2.5127862381320623,1.1025899861488744,-93.0578262678019,-544.9526607155349,-92.17185374646631,-1.737177927613007,,-90.83412220216312,-542.6708747180669,2.5895206483202453,2.586059772600553,1.9329066799757255,3.211691506281841,1.0305375797685143
100000.0,0.25,6.0,False,False,129.1605102698677,474.7402634586727,9.302368129979172,False,False,True,1.5,False,905,294.09628542887503,91.31429858133318,9,1.909520683076547e-18,True,8790.204730972353,1.0451736807768373,-0.13654850287357526,0.8271493316810045,0.8271493316810045,0.6906008288074292,0.6119514349696682,99999.70094858819,0.07864939383776105,-118.27969547097156,0.13231250103829217,1.0320151293493964,False,False,5.5669431912041185,6.730275873995443,False,0.7445292557428332,1.1109695492835125,-117.62825374811602,-668.4618734447744,-116.7635406909857,-2.6057668914195107,,-115.62046207477287,-666.3680768841758,0.7721825808221116,0.7654496212320342,0.4097305087357067,1.0771705629780512,1.037142026140649
100000.0,0.25,8.0,False,False,129.1605102698677,474.7402634586727,9.302368129979172,False,False,True,2.0,False,905,294.09628542887503,65.24097498908247,9,1.0766829631863117e-20,True,4945.158125071562,1.0812967144356884,-0.14615032308117684,0.24744848965034166,0.24744848965034166,0.10129816656916482,0.03025149461687182,99999.70094858819,0.071046671952293,-139.19949702551645,0.16989261427869032,0.8602511869140654,False,False,3.131843482027422,12.656547172516143,False,0.3140982797665078,0.787805937155365,-138.33090806170927,-772.5156030352847,-137.49570784145894,-3.474355855226014,,-136.53902401459996,-770.6104945634322,0.32264765648370713,0.3315052538911222,0.12270895551462237,0.5156295928406273,1.0272187950967282
100000.0,0.25,10.0,False,False,129.1605102698677,474.7402634586727,9.302368129979172,False,False,True,2.5,False,905,294.09628542887503,50.38498191349341,9,1.939850378957802e-22,True,3165.408446018974,1.1290397859547654,-0.15934135478359782,0.13684276920877073,0.13684276920877073,-0.02249858557482709,-0.0846928593772607,99999.70094858819,0.06219427380243361,-157.64308518622815,0.2181464348413651,0.7304329997392347,True,False,2.0046596574123576,14.649364880609797,False,0.16081831924045198,0.8509153052654808,-156.55734898146935,-864.1431975893702,-155.7596774868591,-4.3429448190325175,,-154.98137002903624,-862.427432861181,0.16334173797587306,0.16090273516419915,0.04159242563173558,0.3199760369447872,1.01569111496339
100000.0,0.25,12.0,False,False,129.1605102698677,474.7402634586727,9.302368129979172,False,False,True,3.0,False,905,294.09628542887503,40.87739190603119,9,7.287294592114699e-24,True,2198.60794576426,1.1894260107901675,-0.17684177939302645,0.08183404676479744,0.08183404676479744,-0.09500773262822901,-0.14766293886288284,99999.70094858819,0.052655206234653834,-174.32562977681323,0.28010556689612903,0.6313397529103887,True,False,1.392318775712069,17.013930396400767,False,0.09306615696785416,0.8793104758055457,-173.0227463311028,-946.947395764707,-172.27033120725682,-5.211533782839021,,-171.66267108746877,-945.4215898710987,0.09507922037864838,0.09545777741657327,0.022658626002983056,0.1866346365705613,1.0216304559721914
100000.0,0.25,14.0,False,False,129.1605102698677,474.7402634586727,9.302368129979172,False,False,True,3.5,False,905,294.09628542887503,34.312086494745905,9,4.545530005428111e-25,True,1615.6439737333483,1.2637619135374374,-0.19963677176347566,0.05587069581375147,0.05587069581375147,-0.14376607594972418,-0.18676032930000058,99999.70094858819,0.042994253350276374,-189.67257552318907,0.35966266725035817,0.5550667053928903,True,True,1.0230703922332285,18.311395219484986,False,0.058607259198415446,0.9533067503566527,-188.15254483652703,-1023.0674530743007,-187.45278537499698,-6.080122746645525,,-187.00837259562445,-1021.7321837478577,0.059644311119594444,0.06072165446795796,0.012444331869836957,0.10551991393872581,1.017694939762804
100000.0,0.25,16.0,False,False,129.1605102698677,474.7402634586727,9.302368129979172,False,False,True,4.0,False,905,294.09628542887503,29.48321725212668,8,4.529392729530828e-24,True,1237.2690182391725,1.3536737912113446,-0.22905409162656187,0.03936581182609249,0.03936581182609249,-0.18968827980046937,-0.2234167810040942,99999.70094858819,0.033728501203624826,-203.96141328476412,0.46181600618316565,0.4959856058685726,True,True,0.7833970523832807,19.90044193281513,False,0.03926228497081347,1.0026368015859488,-202.22423535715043,-1093.8967624796385,-201.58417341119733,-6.948711710452028,,-201.295965854935,-1092.7525732774616,0.038646568011733766,0.03984383435027912,0.0035697119895292165,0.07890756227486377,0.9843178521184538
100000.0,0.25,18.0,False,False,129.1605102698677,474.7402634586727,9.302368129979172,False,False,True,4.5,False,905,294.09628542887503,25.77471127389348,8,6.88113099504526e-25,True,977.8502892728663,1.4611533007493396,-0.26687112103633626,0.03425980663839643,0.03425980663839643,-0.23261131439793983,-0.25789765703466444,99999.70094858819,0.025286342636724607,-217.38504641069017,0.5929834897724079,0.4500481474429645,True,True,0.6190662019828134,18.069751779888897,False,0.027575157620104936,1.242415623162848,-215.43072124212486,-1160.402934123183,-214.85702282208268,-7.817300674258532,,-214.71835452065483,-1159.450337380936,0.02635035677965495,0.027232396176884312,0.0026054271567244134,0.058660260155080114,0.9555831789858206
100000.0,0.25,20.0,False,False,129.1605102698677,474.7402634586727,9.302368129979172,False,False,True,5.0,False,905,294.09628542887503,22.883484447601727,8,1.2752639361443457e-25,True,792.2852352468918,1.5886137323432645,-0.3154616988236997,0.023475553526173153,0.023475553526173153,-0.29198614529752653,-0.3099651794673427,99999.70094858819,0.017979034169816173,-230.08401969715047,0.7614058725439671,0.41431476982137866,True,True,0.5015130227915933,21.3632033098794,False,0.020102289905056497,1.1678049434690598,-227.91254728763354,-1223.2903353143552,-227.411493925384,-8.685889638065035,,-227.416083610936,-1222.5298148251036,0.018854010890345337,0.018497029313113776,0.0012463793765854188,0.04238987726654141,0.9379036407987942
100000.0,0.25,22.0,False,False,129.1605102698677,474.7402634586727,9.302368129979172,False,False,True,5.5,False,905,294.09628542887503,20.572173627163394,8,2.775729322871816e-26,True,654.9848551102347,1.7389587829444775,-0.3779972060974673,0.013027543021960825,0.013027543021960825,-0.3649696630755065,-0.37695671000734665,99999.70094858819,0.01198704693184017,-242.16449163724198,0.9776644927617607,0.38663284684675403,True,True,0.4145308358967939,31.819571441676292,False,0.015103147937683319,0.8625713709296505,-239.7758719867734,-1283.0906162163465,-239.35336057660817,-9.554478601871539,,-239.49531178558308,-1282.5226296385995,0.01405655308474539,0.013973270578726856,0.0007493103463271219,0.03499655818323252,0.9307035290089024
100000.0,0.25,24.0,False,False,129.1605102698677,474.7402634586727,9.302368129979172,False,False,True,6.0,False,905,294.09628542887503,18.686234565239875,8,6.899538351673228e-27,True,550.5542033487587,1.9156660607324674,-0.4587220570302812,0.008144166811754673,0.008144166811754673,-0.4505778902185265,-0.4579393292044279,99999.70094858819,0.007361438985901417,-253.70897549131658,1.2553460576992292,0.3654148226434207,True,True,0.3483690902001755,42.77528914282133,False,0.01163326962098177,0.7000754798174583,-251.1032085998964,-1340.2167565676307,-250.76475822299378,-10.423067565678043,,-251.03855243364887,-1339.8417375835568,0.010872654693789318,0.010667044350729727,0.0009457818348531235,0.03086416071965254,0.9346172699530143
100000.0,0.25,26.0,False,False,129.1605102698677,474.7402634586727,9.302368129979172,False,False,True,6.5,False,905,294.09628542887503,17.12094079135641,8,1.9172825673685524e-27,True,469.2806922272847,2.122888046464401,-0.56333170722768,0.004938079679670706,0.004938079679670706,-0.5583936275480093,-0.5624322020012887,99999.70094858819,0.0040385744532794605,-264.783116309042,1.6118962448245664,0.34948385110791746,True,True,0.2968760701188798,60.11974074478216,False,0.009149881613589667,0.5396878220081589,-261.9602021766702,-1394.997136584328,-261.71096637293743,-11.291656529484547,,-262.1114507063825,-1394.815496833483,0.008585627782537544,0.008668326960593194,0.0002522689921261829,0.0254215672395564,0.9383321167550324
100000.0,0.25,28.0,False,False,129.1605102698677,474.7402634586727,9.302368129979172,False,False,True,7.0,False,905,294.09628542887503,15.802936378396954,8,5.858559934276445e-28,True,404.7911357187945,2.3655738293566433,-0.6994924427671316,0.0027805257251029124,0.0027805257251029124,-0.6967119170420287,-0.6985769059644485,99999.70094858819,0.0018649889224198021,-275.44015772662766,2.0697157474182695,0.3379654639240521,True,True,0.25601506001088586,92.0743360507518,False,0.007325907399801931,0.37954693846909515,-272.4000963533042,-1447.6979766724241,-272.2448793800917,-12.16024549329105,,-272.7672503216321,-1447.7101074860846,0.006881045985056591,0.0068155828500850845,0.00028546523191708687,0.021005512297859547,0.9392755886107204
100000.0,0.25,30.0,False,False,129.1605102698677,474.7402634586727,9.302368129979172,False,False,True,7.5,False,905,294.09628542887503,14.679386962165365,8,1.9428482841650395e-28,True,352.7630317578575,2.649615645043352,-0.8775578833073122,0.0012809745318472041,0.0012809745318472041,-0.876276908775465,-0.876905149587292,99999.70094858819,0.0006282408118269903,-285.72399391702766,2.657567625003924,0.33021093237693866,True,True,0.22304816337606242,174.12380795301232,False,0.005956234045942666,0.21506450585496933,-282.46678530275256,-1498.5386594618985,-282.410061074696,-13.028834457097554,,-283.0498455189525,-1498.7449334211778,0.005599328302296576,0.004793580972747068,0.00021483277798002145,0.017197000325351753,0.9400786233561104
100000.0,0.25,32.0,False,False,129.1605102698677,474.7402634586727,9.302368129979172,False,False,True,8.0,False,905,294.09628542887503,13.711322520874258,8,6.918927712094879e-29,True,310.18084234412635,2.982025097223648,-1.1115592100589633,0.0003606255736977717,0.0003606255736977717,-1.1111985844852654,-1.1112878706268965,99999.70094858819,8.928614163097542e-05,-295.6713187250681,3.4123843770715148,0.32574267351818553,True,True,0.196065276863389,543.6810120063886,False,0.004907785621351684,0.07348030283328666,-292.19696286984134,-1547.702513161836,-292.2428954713046,-13.897423420904056,,-292.99593019818707,-1548.1032855003086,0.004615256777027538,0.0034926618526316903,6.303930269451819e-05,0.01390536891369724,0.9403949424662157
100000.0,0.25,34.0,False,False,129.1605102698677,474.7402634586727,9.302368129979172,False,False,True,8.5,False,905,294.09628542887503,12.869402253437455,8,2.6232226545202844e-29,True,274.8889380771828,3.371144974320063,-1.4205773047354273,0.00010168842202542434,0.00010168842202542434,-1.4204756163134018,-1.420487871070761,99999.70094858819,1.2254757359095846e-05,-305.31317843632905,4.381588271667991,0.3242151513689896,True,True,0.1737009486114415,1708.1683947068473,False,0.004091652738664054,0.024852652099363187,-301.6216753401507,-1595.344598652615,-301.77414021221637,-14.76601238471056,,-302.6365506908466,-1595.9402085217266,0.0038377359232514914,0.0029176943977694027,0.00010168842202542418,0.010922302460802408,0.9379427259275508
100000.0,0.25,36.0,False,False,129.1605102698677,474.7402634586727,9.302368129979172,False,False,True,9.0,False,905,294.09628542887503,12.13113536777491,8,1.0512768324620172e-29,True,245.3132856720316,3.826903815978791,-1.830649102094129,0.0003156304499769444,0.0003156304499769444,-1.830333471644152,-1.8305218500765648,99999.70094858819,0.00018837843241286916,-314.6761187870551,5.626070706282613,0.325386792606401,True,True,0.15495810681734942,490.94790071321864,False,0.003446894702513117,0.09156950740236408,-310.7674684499251,-1641.5974590701107,-311.0300735568545,-15.634601348517064,,-311.99825277186443,-1642.3882306833589,0.00320851159769644,0.0020689187615888956,0.00014181307379291643,0.008526101264753559,0.9308411989948887
100000.0,0.25,38.0,False,False,129.1605102698677,474.7402634586727,9.302368129979172,False,False,True,9.5,False,905,294.09628542887503,11.479007351838225,8,4.4266862121078036e-30,True,220.28282553986418,4.361121887861767,-2.377423015098373,0.0006602332574648838,0.0006602332574648838,-2.3767627818409083,-2.3772148252118055,99999.70094858819,0.00045204337089713,-323.78304875005034,7.224017782949229,0.329099828728243,True,True,0.13909492601490384,210.67543090602635,False,0.0029307901888112695,0.2252748286060951,-319.65725117196877,-1686.5754478830104,-320.03335763463,-16.503190312323568,,-321.1039454468819,-1687.561691552842,0.002692122760087546,0.0014860003066226395,0.00017695348238709062,0.007148514900657979,0.9185655016743021
100000.0,0.25,40.0,False,False,129.1605102698677,474.7402634586727,9.302368129979172,False,False,True,10.0,False,905,294.09628542887503,10.899186395966472,8,1.9485676999173055e-30,True,198.9117237754189,4.9878790431985625,-3.1098671686974257,0.0008255901496309866,0.0008255901496309866,-3.109041578547795,-3.1097298717586686,99999.70094858819,0.0006882932108736666,-332.6539021592941,9.275822443911037,0.3352659225100678,True,True,0.1255502480755813,152.07333582128905,False,0.002512786238132062,0.32855566347128207,-328.3109573402609,-1730.3780427685913,-328.80369917972706,-17.37177927613007,,-329.9735625779281,-1731.5600558481615,0.002285738308242238,0.0012122369378045168,8.288730476011437e-06,0.006139809968679973,0.909642958702844
100000.0,0.25,42.0,False,False,129.1605102698677,474.7402634586727,9.302368129979172,False,False,True,10.5,False,905,294.09628542887503,10.380611385388242,8,8.927825441510433e-31,True,180.5198935326039,5.7239571544478345,-4.0954606882443185,0.0008762880735516087,0.0008762880735516087,-4.094584400170767,-4.09541677758284,99999.70094858819,0.0008323774120727963,-341.30615216330546,11.910391778664374,0.3438560850349779,True,True,0.11389324140378083,129.97237420129412,False,0.0021706392295709424,0.40370046832923934,-336.74606010332064,-1773.0924214594584,-337.35836286487717,-18.240368239936576,,-338.624577337614,-1774.4704891998456,0.0019663294977138126,0.0011120608974021636,2.9681974823897876e-05,0.005721996445047448,0.9058757765575284
100000.0,0.25,44.0,False,False,129.1605102698677,474.7402634586727,9.302368129979172,False,False,True,11.0,False,905,294.09628542887503,9.914336754922079,8,4.241801962215406e-31,True,164.57820382694393,6.5893724715020845,-5.4274786960236865,0.000879619846772571,0.000879619846772571,-5.426599076176914,-5.427462020296662,99999.70094858819,0.000862944119748625,-349.75521664733384,15.293245766513774,0.3548938386845088,True,True,0.10378869630457854,117.99267227244987,False,0.0018878934922104149,0.46592662690027065,-344.9779773463974,-1814.7954910278272,-345.7125754738315,-19.108957203743078,,-347.07240763197564,-1816.3698873599374,0.0017022762187738599,0.0011162319440050038,2.708831600152177e-05,0.0051795232440371,0.9016802196721239
100000.0,0.25,46.0,False,False,129.1605102698677,474.7402634586727,9.302368129979172,False,False,True,11.5,False,905,294.09628542887503,9.493053884867754,8,2.083179443556225e-31,True,150.66998552434933,7.608016505659712,-7.235239393798827,0.000833203307533761,0.000833203307533761,-7.234406190491294,-7.235197288806867,99999.70094858819,0.0007910983155728984,-358.014781605417,19.636916267855888,0.3684508960117304,True,True,0.09497264257212201,113.98495626864008,False,0.0016521977402035421,0.5042999922219448,-353.0203950635289,-1855.5555060015436,-353.8798479688092,-19.977546167549583,,-355.33073947305263,-1857.3264942507888,0.0014801579915792373,0.0008714985786407101,1.2715483513080234e-05,0.004667690213632521,0.8958721801646391
100000.0,0.25,48.0,False,False,129.1605102698677,474.7402634586727,9.302368129979172,False,False,True,12.0,False,905,294.09628542887503,9.110736121037021,8,1.054510397945904e-31,True,138.46352107175727,8.808427974778652,-9.698550423357894,0.0007022401445054941,0.0007022401445054941,-9.697848183213388,-9.698495925094385,99999.70094858819,0.0006477418809971643,-366.0970618902258,25.214299593295944,0.384644847558509,True,True,0.08723492399304639,124.22377825533711,False,0.0014541587026227212,0.48291850348860377,-360.8855281073861,-1895.4333727682906,-361.8722349354481,-20.846135131356085,,-363.4117877291546,-1897.4012063091104,0.001293580856150262,0.0006681113940669646,7.126920050425209e-06,0.004238387834079584,0.8895733689982799
100000.0,0.25,50.0,False,False,129.1605102698677,474.7402634586727,9.302368129979172,False,False,True,12.5,False,905,294.09628542887503,8.762371837840996,8,5.488443173004977e-32,True,127.69207688966124,10.224723125422361,-13.068120373943353,0.000502617409449895,0.000502617409449895,-13.067617756533902,-13.068089168561091,99999.70094858819,0.0004714120271868264,-374.0130135550799,32.375801541771374,0.40363851245760873,True,True,0.08040655030800804,159.9756570231251,True,0.001286546553923616,0.3906717622592428,-368.58433253128857,-1934.4837115477849,-369.70054565751275,-21.71472409516259,,-371.3265084672184,-1936.6486344042248,0.0011321936001037133,0.0005516588298921516,1.607445699513763e-05,0.004027613928390349,0.8800253645317628
100000.0,0.25,52.0,False,False,129.1605102698677,474.7402634586727,9.302368129979172,False,False,True,13.0,False,905,294.09628542887503,8.443761173910547,8,2.9307192771776523e-32,True,118.13920431560928,11.897717556352049,-17.69446038134097,0.000309386653490471,0.000309386653490471,-17.69415099468748,-17.694449322873407,99999.70094858819,0.00029832818592685675,-381.7725083396435,41.57135206527261,0.42564072377435036,True,True,0.07435038627380428,240.31542871998596,True,0.0011437352016987084,0.2705054920325623,-376.1266800749005,-1972.7557288273347,-377.3745173976254,-22.583313058969093,,-379.084773438786,-1975.117976225141,0.0009893879725802197,0.00040133656601487366,7.433251990721269e-06,0.0037541930714899106,0.865049856916839
100000.0,0.25,54.0,False,False,129.1605102698677,474.7402634586727,9.302368129979172,False,False,True,13.5,False,905,294.09628542887503,8.147681772355055,7,3.5895399400990774e-29,True,109.62777824421964,13.876279728853373,-24.068892389173378,0.00016152386112409863,0.00016152386112409863,-24.068730865312254,-24.068886537692524,99999.70094858819,0.00015567238027141316,-389.38447823573193,53.37867265788447,0.45090840949598254,True,True,0.06895420821469074,426.8979687262013,True,0.0010213021340779605,0.15815482581941692,-383.5215027300373,-2010.2939400349526,-384.90295883525465,-23.451902022775595,,-386.69551464604405,-2012.8537389100034,0.0008657391884078237,0.00035271786621570404,6.560494851078941e-06,0.0034528618506002484,0.8476817579446455
100000.0,0.25,56.0,False,False,129.1605102698677,474.7402634586727,9.302368129979172,False,False,True,14.0,False,905,294.09628542887503,7.869686177221862,7,2.1576317797817814e-29,True,102.01172543720017,16.21896493708543,-32.88185295380083,7.17760658423034e-05,7.17760658423034e-05,-32.881781177734986,-32.88183958101851,99999.70094858819,5.840328352184736e-05,-396.8570361750873,68.53957240177866,0.47974989924138367,True,True,0.0641254642568381,893.410129188828,True,0.0009157384249752413,0.07838053300454657,-390.77691342844105,-2047.1387727211284,-392.2938697113035,-24.3204909865821,,-394.16684502979496,-2049.8963421884528,0.0007610077650967223,0.0003406132278569599,3.597240963544464e-06,0.003130778976450414,0.8310318146989382
100000.0,0.25,58.0,False,False,129.1605102698677,474.7402634586727,9.302368129979172,False,False,True,14.5,False,905,294.09628542887503,7.613372343421021,7,1.3203102083326223e-29,True,95.16971384556909,18.99598896045795,-45.10594957323004,2.6959125820825354e-05,2.6959125820825354e-05,-45.10592261410422,-45.10593187913343,99999.70094858819,9.265029210188588e-06,-404.1975774898747,88.00655301279347,0.5125294427413037,True,True,0.05978727671830828,2217.700867441476,True,0.0008242359221393456,0.0327080209642545,-397.90030750227686,-2083.327073544614,-399.5545413323235,-25.189079950388603,,-401.50615993011667,-2086.282625331773,0.0006726952445382725,0.00030965295485532555,6.60522449398086e-06,0.0028172198001495292,0.81614405107734
100000.0,0.25,60.0,False,False,129.1605102698677,474.7402634586727,9.302368129979172,False,False,True,15.0,False,905,294.09628542887503,7.376385987717491,7,8.215017079108678e-30,True,89.00028906956595,22.2916133386534,-62.11450315500377,1.0711819734082027e-05,1.0711819734082027e-05,-62.114492443184034,-62.11449363367595,99999.70094858819,1.1904919139794446e-06,-411.41286576253225,113.00265090350395,0.5496729736724941,True,True,0.05587536116557628,5216.2342676283515,True,0.0007445292557428332,0.014387372492696218,-404.8984485339828,-2118.892537173351,-406.69164154969553,-26.05766891419511,,-408.72022293635126,-2122.0462760215205,0.0005975708252504566,0.00022518984713215437,2.8051821672630067e-06,0.002528471538662834,0.8026156402064376
100000.0,0.25,62.0,False,False,129.1605102698677,474.7402634586727,9.302368129979172,False,False,True,15.5,False,905,294.09628542887503,7.156695851256036,7,5.191589084736776e-30,True,83.4180907561206,26.207029697698886,-85.85105069700892,2.205115542629416e-05,2.205115542629416e-05,-85.85102864585349,-85.85104970859267,99999.70094858819,2.1062739173843552e-05,-418.509105904079,145.09827591319106,0.5916751950131482,True,True,0.052335629548674434,2373.373573262677,True,0.0006747772785423953,0.03267916115066509,-411.7775414345779,-2153.8660713147797,-413.71128704926554,-26.92625787800161,,-415.815238965532,-2157.2181953505205,0.0005330271420117779,0.00021239201673652584,3.1041505620387326e-06,0.00229703987642558,0.7899304836748272
100000.0,0.25,64.0,False,False,129.1605102698677,474.7402634586727,9.302368129979172,False,False,True,16.0,False,905,294.09628542887503,6.952540708015444,7,3.3290645670182285e-30,True,78.35088332472066,30.863849422894766,-119.0721501498902,5.6635744636946195e-05,5.6635744636946195e-05,-119.07209351414556,-119.07214730273796,99999.70094858819,5.37885923859662e-05,-425.4920067091866,186.30987419010802,0.6391081023885542,True,True,0.04912230917370309,867.3375707972641,True,0.0006134732026689605,0.09231983465707744,-418.54329499873387,-2188.2761091294346,-420.61910519472065,-27.794846841808113,,-422.796916817555,-2191.8268102097945,0.00047777714545900284,0.0001665503111940074,8.626970929131856e-07,0.0021614088450107446,0.7788068710750495
100000.0,0.25,66.0,False,False,129.1605102698677,474.7402634586727,9.302368129979172,False,False,True,16.5,False,905,294.09628542887503,6.762386402882407,7,2.1641360037337425e-30,True,73.73720670752235,36.408327967846176,-165.69579317678125,9.241263595808869e-05,9.241263595808869e-05,-165.6957007641453,-165.69578657986798,99999.70094858819,8.581572270160656e-05,-432.366834682995,239.22661383999414,0.6926311020211416,True,True,0.04619645442944045,499.89326622380554,True,0.0005593758495438266,0.16520669605856525,-425.20097573159063,-2222.148878010791,-427.4202872139188,-28.66343580561462,,-429.67052300208286,-2225.898342044112,0.00043073011878529805,0.000142898398585443,2.7978255547347967e-06,0.0020378499036703616,0.7700191546284314
100000.0,0.25,68.0,False,False,129.1605102698677,474.7402634586727,9.302368129979172,False,False,True,17.0,False,905,294.09628542887503,6.584890782933811,7,1.4250580874362843e-30,True,69.52450343833563,43.01648112132034,-231.30220600761365,0.00011273294163907473,0.00011273294163907473,-231.30209327467202,-231.3022007981449,99999.70094858819,0.00010752347288337453,-439.13846058364004,307.1730525186959,0.7530029216789308,True,True,0.043524760265873604,386.087328451184,True,0.0005114565923330067,0.22041546306959106,-431.75545439128405,-2255.5086319562624,-434.11963416608825,-29.53202476942112,,-436.4409282811474,-2259.457039200813,0.00039057854378816997,0.00014194566151374923,6.985658255462515e-07,0.0019020075343847054,0.7636592227828131
100000.0,0.25,70.0,False,False,129.1605102698677,474.7402634586727,9.302368129979172,False,False,True,17.5,False,905,294.09628542887503,6.41887488842769,7,9.498223528554646e-31,True,65.66761481898078,50.90028474226487,-323.85487335545525,0.00011679521366534342,0.00011679521366534342,-323.8547565602416,-323.85487082103725,99999.70094858819,0.00011426079563569088,-445.81139985034366,394.418006755564,0.8210955580335878,True,True,0.041078609474695,351.7148364692297,True,0.0004688580735873236,0.24910568942904343,-438.2112464170361,-2288.37785338163,-440.7215968537215,-30.400613733227626,,-443.1126480973052,-2292.5253787239726,0.00035561636161822246,0.00013910538723003424,1.4269892756391111e-06,0.001791511056803333,0.7584733667852471
100000.0,0.25,72.0,False,False,129.1605102698677,474.7402634586727,9.302368129979172,False,False,True,18.0,False,905,294.09628542887503,6.263299143892463,7,6.4035012893079205e-31,True,62.12756532259146,60.31519118531445,-454.7402859651292,0.00010677569635145227,0.00010677569635145227,-454.74017918943287,-454.74028530987334,99999.70094858819,0.00010612044051522749,-452.3898478711493,506.4427454734615,0.8979105536204356,True,True,0.03883330256368197,363.69046412829874,True,0.0004308618378141396,0.24781887598388785,-444.57254719689007,-2320.777429150949,-447.23031062744735,-31.269202697034128,,-449.68987784143036,-2325.1242423657404,0.00032426903450910735,0.00011881066874851756,1.4347280754899656e-07,0.0016860249874422622,0.7526056059041992
100000.0,0.25,74.0,False,False,129.1605102698677,474.7402634586727,9.302368129979172,False,False,True,18.5,False,905,294.09628542887503,6.117243570253783,7,4.364010479056646e-31,True,58.87057378166045,71.56924654839972,-640.2696314382031,8.796982113854538e-05,8.796982113854538e-05,-640.2695434683819,-640.2696302408444,99999.70094858819,8.677246247859977e-05,-458.8777108732741,650.2853572850452,0.9845979526762559,True,True,0.03676743129781868,417.95505347126874,True,0.00039686277032074106,0.2216630727731123,-450.84326295806324,-2352.7268047374578,-453.64962586139984,-32.137791660840634,,-456.1765237431167,-2357.2730707302317,0.00029608777750623187,9.787077189746768e-05,2.0128496749629456e-07,0.0015885136901932538,0.7460709334537384
100000.0,0.25,76.0,False,False,129.1605102698677,474.7402634586727,9.302368129979172,False,False,True,19.0,False,905,294.09628542887503,5.97989125128593,7,3.0046707102973848e-31,True,55.86724426461741,85.03415503062786,-903.8509402216066,6.457594450044487e-05,6.457594450044487e-05,-903.8508756456621,-903.8509374485642,99999.70094858819,6.180290210412899e-05,-465.27863308240285,834.9829268538671,1.082478349140895,True,True,0.034862366073529424,539.8661427753373,True,0.0003663487736014087,0.17626903419282133,-457.0270379262404,-2384.244119747159,-459.98313474036956,-33.006380624647136,,-462.57623003001555,-2388.9899987814697,0.0002710039164002964,7.960365346663477e-05,9.863464107809982e-07,0.0015080312260248702,0.7397429333151023
100000.0,0.25,78.0,False,False,129.1605102698677,474.7402634586727,9.302368129979172,False,False,True,19.5,False,905,294.09628542887503,5.850514449718792,7,2.088911097955666e-31,True,53.091900268803855,101.15871260369511,-1279.135641954623,3.9123519890687146e-05,3.9123519890687146e-05,-1279.1356028311031,-1279.1356398433695,99999.70094858819,3.701226648211051e-05,-471.59602068739855,1072.1393005806865,1.19306851382262,True,True,0.033101834085408816,846.0852749930684,True,0.0003388845042070247,0.11544794584879152,-463.12727829028444,-2415.346327487057,-466.2341948906106,-33.87496958845364,,-468.8924028925853,-2420.2919753972474,0.000248600250914902,7.944347458663093e-05,4.3300293466169386e-07,0.0014326474157712312,0.733584002303723
100000.0,0.25,80.0,False,False,129.1605102698677,474.7402634586727,9.302368129979172,False,False,True,20.0,False,905,294.09628542887503,5.728462892944648,7,1.465688572576403e-31,True,50.52203393560544,120.48512495095821,-1814.5831668060016,1.7425255588656756e-05,1.7425255588656756e-05,-1814.583149380746,-1814.5831664238583,99999.70094858819,1.7043112229358134e-05,-477.83306305805667,1376.6541121754199,1.3181111731388768,True,True,0.03147157036171879,1806.0894545619008,True,0.00031409827976650777,0.05547708061823905,-469.14717341999096,-2446.049300815549,-472.4059502977671,-34.74355855226014,,-475.12823170188034,-2451.194869206272,0.00022846356612676616,7.703435728814633e-05,6.665130083737906e-07,0.001363653058339131,0.7273633153820512
100000.0,0.25,82.0,False,False,129.1605102698677,474.7402634586727,9.302368129979172,False,False,True,20.5,False,905,294.09628542887503,5.613153844796972,7,1.0374438889979155e-31,True,48.137848126130706,143.66883798678333,-2580.091876059075,4.814107008042825e-06,4.814107008042825e-06,-2580.091871244968,-2580.0918758065304,99999.70094858819,4.561562439942245e-06,-483.99275159123454,1767.658870020936,1.459609611230314,True,True,0.02995902762963172,6223.17442873202,True,0.00029167147756208555,0.016505237496244687,-475.0897147122172,-2476.3679261508114,-478.5013498835118,-35.61214751606665,,-481.2867078557106,-2481.713562584329,0.00021037622017109725,7.814587417985069e-05,4.4159942391495266e-07,0.0012921056981512644,0.7212780006105202
100000.0,0.25,84.0,False,False,129.1605102698677,474.7402634586727,9.302368129979172,False,False,True,21.0,False,905,294.09628542887503,5.504063655162272,7,7.404666138145206e-32,True,45.92187388634012,171.50264785945086,-3676.6447778503507,1.028725555168431e-06,1.028725555168431e-06,-3676.6447768216253,-3676.6447768762014,99999.70094858819,5.4576099474838875e-08,-490.0778965015433,2269.7189171404148,1.6198678832366173,True,True,0.02855313394243435,27755.83225183845,True,0.0002713299036963678,0.0037914197482619835,-480.95771238157437,-2506.3161872172186,-484.52316405374086,-36.48073647987315,,-487.37064156936106,-2511.8620353894235,0.00019418334967014585,6.595352555915237e-05,7.011123116056023e-07,0.0012256712194245337,0.7156724969299627
100000.0,0.25,86.0,False,False,129.1605102698677,474.7402634586727,9.302368129979172,False,False,True,21.5,False,905,294.09628542887503,5.4007205382927355,7,5.327138792674297e-32,True,43.85864944337727,204.94602683529246,-5250.359239446552,3.237626416768618e-06,3.237626416768618e-06,-5250.359236208926,-5250.359238369303,99999.70094858819,2.1603773452673155e-06,-496.0911418241437,2914.3767783452704,1.8015375631793258,True,True,0.02724408928951096,8414.834135404202,True,0.0002528367301628347,0.012805206010548728,-486.7538104632231,-2535.9072398665758,-490.47399948289035,-37.34932544367965,,-493.3826768784113,-2541.653439772575,0.00017970205071885607,6.247757233795191e-05,2.3402737845747233e-07,0.0011734082060949858,0.7107434533072879
100000.0,0.25,88.0,False,False,129.1605102698677,474.7402634586727,9.302368129979172,False,False,True,22.0,False,905,294.09628542887503,5.302698377378028,7,3.8616389702975614e-32,True,41.934449676264386,245.16080881741755,-7512.977772501295,9.010353843276177e-06,9.010353843276177e-06,-7512.977763490941,-7512.977771841315,99999.70094858819,8.350374472290021e-06,-502.0349788569784,3742.1338571998635,2.007672108801327,True,True,0.026023194184531688,2888.1434222420744,True,0.00023598668652630186,0.03818161937822679,-492.48050025510616,-2565.153479109891,-496.35631235906715,-38.217914407486155,,-499.3253050809909,-2571.100167199927,0.00016669911040862568,5.2802027142009066e-05,1.2862531219248977e-07,0.0011325049208479262,0.7063920124580683
100000.0,0.25,90.0,False,False,129.1605102698677,474.7402634586727,9.302368129979172,False,False,True,22.5,False,905,294.09628542887503,5.2096113900343965,7,2.819620131407607e-32,True,40.13705719016001,293.55463200674535,-10771.79024657696,1.5878876136357325e-05,1.5878876136357325e-05,-10771.790230698085,-10771.790246437817,99999.70094858819,1.5739731666409062e-05,-507.91175823638287,4804.99498529236,2.2417901120705435,True,True,0.02488270461207279,1567.0318477451754,True,0.00022060126096083948,0.071979988088899,-498.14013239355904,-2594.066599328471,-502.1724202815921,-39.08650337129266,,-505.20087681340846,-2600.2139086548855,0.00015496176657157646,4.983395058563947e-05,1.924257470389315e-07,0.001092749264296008,0.702451862227047
100000.0,0.25,92.0,False,False,129.1605102698677,474.7402634586727,9.302368129979172,False,False,True,23.0,False,905,294.09628542887503,5.121109519013412,7,2.0730640254973546e-32,True,38.45556783952906,351.8338468448394,-15473.381973204738,2.196261752197283e-05,2.196261752197283e-05,-15473.38195124212,-15473.381973060808,99999.70094858819,2.1818687321785692e-05,-513.7237008121548,6169.735688172531,2.5079489228148666,True,True,0.023815708800048144,1084.374791675963,True,0.00020652471752544277,0.10634377223766037,-503.73492772837926,-2622.6576484938746,-507.92451297496655,-39.95509233509917,,-511.01161292523955,-2629.0057088497606,0.00014432473104502785,3.768753153834226e-05,2.565376204671144e-07,0.0010490245404951946,0.69882546154432
100000.0,0.25,94.0,False,False,129.1605102698677,474.7402634586727,9.302368129979172,False,False,True,23.5,False,905,294.09628542887503,5.036874436245956,7,1.5342948186570023e-32,True,36.88022490060548,422.0679777521548,-22267.672230474178,2.547631037865783e-05,2.547631037865783e-05,-22267.672204997867,-22267.672229952197,99999.70094858819,2.4954331088004776e-05,-519.4729074648261,7922.0974378589635,2.8108303899493907,True,True,0.022816022143727976,895.5779626095917,True,0.0001936207767552132,0.13157839156314555,-509.266987140099,-2650.937077109596,-513.6146619601731,-40.82368129890567,,-516.7596142966145,-2657.4860151597222,0.00013462508229909092,3.1830441949603004e-05,2.3080958421299187e-07,0.0010022243808662649,0.6953028727350469
100000.0,0.25,96.0,False,False,129.1605102698677,474.7402634586727,9.302368129979172,False,False,True,24.0,False,905,294.09628542887503,4.956616067563563,7,1.142767510655611e-32,True,35.40227716929622,506.7682930902382,-32101.762860199196,2.5096971694192968e-05,2.5096971694192968e-05,-32101.762835102225,-32101.762859694856,99999.70094858819,2.459262984069485e-05,-525.1613679882454,10172.174463687745,3.155840766867978,True,True,0.021878097288615696,871.7425175913926,True,0.00018176983782784015,0.13807005603406594,-514.7383004225666,-2678.914782489222,-519.244829304798,-41.69227026271217,,-522.4468707208148,-2685.6647218937755,0.00012574442498522408,3.2792987141078325e-05,2.231454458089929e-07,0.0009536856242464403,0.6917782756912647
100000.0,0.25,98.0,False,False,129.1605102698677,474.7402634586727,9.302368129979172,False,False,True,24.5,False,905,294.09628542887503,4.880069561037841,7,8.563402829122686e-33,True,34.0138571192131,608.9836086380901,-46357.62944873382,2.1325112583578517e-05,2.1325112583578517e-05,-46357.629427408705,-46357.62944858015,99999.70094858819,2.117144795390832e-05,-530.790969143993,13061.33055435706,3.5492271829281297,True,True,0.020996946923339345,984.6113046787909,True,0.00017086664489333948,0.12480559091501063,-520.1507543373626,-2706.600148902958,-524.8168755570689,-42.56085922651867,,-528.075268958702,-2713.5512104345917,0.00011767336291650072,2.7430156527455693e-05,2.1520450037538405e-07,0.0009047467816912007,0.688685395502184
100000.0,0.25,100.0,False,False,129.1605102698677,474.7402634586727,9.302368129979172,False,False,True,25.0,True,905,294.09628542887503,4.806992634592609,7,6.45457465830466e-33,True,32.70787594312017,732.4171495243579,-67054.36011467321,1.5850169075071434e-05,1.5850169075071434e-05,-67054.36009882305,-67054.36011464213,99999.70094858819,1.5819084122028393e-05,-536.3635019800977,16771.080407554655,3.9982135011688387,True,True,0.020168077269949184,1272.4203239994958,True,0.000160818319240452,0.09855947475344903,-525.5061399325158,-2734.002084054151,-530.3325669550044,-43.42944819032518,,-533.646600057446,-2741.1543857087895,0.00011044909645284018,2.2500934480492937e-05,5.3249944659809303e-08,0.000863272483816852,0.6867942469147382
100000.0,0.25,102.0,False,False,129.1605102698677,474.7402634586727,9.302368129979172,False,False,True,25.5,True,905,294.09628542887503,4.737163248952113,7,4.892392900138632e-33,True,31.477932856031096,881.5691533001784,-97145.52150629918,1.0116522074490025e-05,1.0116522074490025e-05,-97145.52149618266,-97145.52150613091,99999.70094858819,9.948263050746193e-06,-541.8806684945602,21534.49350861398,4.511158874827501,True,True,0.019387430610580538,1916.4126236098646,True,0.0001515426940245946,0.06675691058288936,-530.8061592060266,-2761.1290522877075,-535.7935819900675,-44.298037154131684,,-539.1625660140587,-2768.482709389544,0.00010407410577376574,2.0123283224786896e-05,1.859153483851709e-07,0.0008310584051267474,0.6867642577139024
100000.0,0.25,104.0,False,False,129.1605102698677,474.7402634586727,9.302368129979172,False,False,True,26.0,True,905,294.09628542887503,4.670377560546321,7,3.728318398285283e-33,True,30.31823648747495,1061.9109486916723,-140956.85786890594,5.120581284220966e-06,5.120581284220966e-06,-140956.85786378535,-140956.85786864493,99999.70094858819,4.859587500295354e-06,-547.3440877139833,27650.83700055753,5.097742895307791,True,True,0.01865133547407214,3642.4254276650377,True,0.00014296690021233855,0.03581655108011527,-536.052431184498,-2787.989104881325,-541.2015173946253,-45.166626117938186,,-544.6247858540353,-2795.5442301823687,9.84808492168101e-05,1.832568114851917e-05,1.0137144603417107e-07,0.0007997217563638657,0.68883671024932
100000.0,0.25,106.0,False,False,129.1605102698677,474.7402634586727,9.302368129979172,False,False,True,26.5,True,905,294.09628542887503,4.60644811605869,7,2.8559694130925242e-33,True,29.223536555785852,1280.0975348236375,-204831.21233269424,1.6303264331690607e-06,1.6303264331690607e-06,-204831.2123310639,-204831.2123325096,99999.70094858819,1.445698015707707e-06,-552.7553012488602,35504.3775014057,5.76918190790937,True,True,0.017956463337581916,11014.02944358682,True,0.00013502616189912811,0.012074152225307295,-541.2464974784233,-2814.5899077267286,-546.5578936138863,-46.03521508174469,,-550.03480118665,-2822.3466115012725,9.353919266269881e-05,1.7418942977111355e-05,6.79027923349164e-08,0.0007691439871439467,0.6927486595714516
100000.0,0.25,108.0,False,False,129.1605102698677,474.7402634586727,9.302368129979172,False,False,True,27.0,True,905,294.09628542887503,4.545202256156303,7,2.1986642742798338e-33,True,28.18906431559925,1544.22726882293,-298079.7322220407,8.814535850520424e-08,8.814535850520424e-08,-298079.7322219526,-298079.7322220002,99999.70094858819,4.760643969572221e-08,-558.1157783795627,45588.52311548133,6.538481877707864,True,True,0.017299790887243115,196264.34313295927,True,0.00012766276675974506,0.0006904547092504221,-546.3898273681742,-2840.9387666706293,-551.8641598155809,-46.90380404555119,,-555.3940812909544,-2848.8971568049637,8.907887203564758e-05,1.660254045156083e-05,8.814535850520274e-08,0.0007412215755757552,0.697767049051111
100000.0,0.25,110.0,False,False,129.1605102698677,474.7402634586727,9.302368129979172,False,False,True,27.5,True,905,294.09628542887503,4.486480700812235,7,1.700785892752369e-33,True,27.21048051433111,1864.1592126911469,-434386.1962826596,4.945840062064591e-07,4.945840062064591e-07,-434386.196282165,-434386.1962826349,99999.70094858819,4.698899212253358e-07,-563.4269207205994,58536.82238953465,7.42073413879603,True,True,0.016678567036863816,33722.4148528198,True,0.00012082518350146655,0.0040933851029529445,-551.4838224682592,-2867.042650752782,-557.1216984842564,-47.7723930093577,,-560.7040277800411,-2875.2028328304455,8.491799069252967e-05,1.7045796854556183e-05,3.380759322884591e-08,0.0007145411830766389,0.7028169809607526
100000.0,0.25,112.0,False,False,129.1605102698677,474.7402634586727,9.302368129979172,False,False,True,28.0,True,905,294.09628542887503,4.4301362926956145,7,1.32175380830033e-33,True,26.283829794733595,2251.9010756182643,-633882.3067963369,2.2368991770140968e-06,2.2368991770140968e-06,-633882.3067941,-633882.3067962228,99999.70094858819,2.122826977102165e-06,-568.6900665051094,75162.76776029855,8.433461482124367,True,True,0.016090284031217317,7193.119920896604,True,0.00011446730312190517,0.019541817759363547,-556.5298210118176,-2892.908213550557,-562.3318296415389,-48.6409819731642,,-565.9659788855463,-2901.2702909334157,8.089520083134437e-05,1.6878372017499874e-05,6.764219562307398e-08,0.0006884290765070606,0.7067101139370144
100000.0,0.25,114.0,False,False,129.1605102698677,474.7402634586727,9.302368129979172,False,False,True,28.5,True,905,294.09628542887503,4.376032878510723,7,1.0317881363702123e-33,True,25.40550064693789,2722.083616945244,-926217.4022052129,4.368781829399028e-06,4.368781829399028e-06,-926217.402200844,-926217.4022050791,99999.70094858819,4.235042239259826e-06,-573.9064945267222,96510.90419282128,9.597023361782027,True,True,0.015532652065841828,3555.3737111149144,True,0.00010854778477078776,0.040247544789829275,-561.5291017924789,-2918.5418128152637,-567.495814728941,-49.509570936970704,,-571.1812133995145,-2927.105886720664,7.6910900138685e-05,1.7604773874935677e-05,2.8230112881258162e-08,0.0006650580411270394,0.7085441706718567
100000.0,0.25,116.0,False,False,129.1605102698677,474.7402634586727,9.302368129979172,False,False,True,29.0,True,905,294.09628542887503,4.324044311029092,7,8.089134768891962e-34,True,24.572190151290844,3292.540972659138,-1355103.2570798977,6.1298008881275335e-06,6.1298008881275335e-06,-1355103.257073768,-1355103.257079841,99999.70094858819,6.073169521415942e-06,-579.0774277716847,123922.45397109805,10.935090563942053,True,True,0.01500357694263364,2447.6450730550196,True,0.0001030294902674182,0.05949559560294173,-566.4828877964898,-2943.949528564393,-572.6148601856274,-50.378159900777206,,-576.3509543065323,-2952.715698138636,7.294724804169956e-05,1.5267859570501157e-05,7.460689889347611e-08,0.000642836455737146,0.708022992760241
100000.0,0.25,118.0,False,False,129.1605102698677,474.7402634586727,9.302368129979172,False,False,True,29.5,True,905,294.09628542887503,4.274053556972419,7,6.368266071232946e-34,True,23.780872868019348,3985.0207883806943,-1985048.8354782863,7.119182998942882e-06,7.119182998942882e-06,-1985048.835471167,-1985048.8354782814,99999.70094858819,7.114209181038583e-06,-584.2040367704989,159119.58059720663,12.475201530999598,True,True,0.01450114035320554,2036.9107459885206,True,9.787899398213303e-05,0.0727345338290096,-571.3923495543522,-2969.137179775638,-577.690120749944,-51.24674886458371,,-581.4763721353715,-2978.105542163993,6.905957259491448e-05,1.2647090007013865e-05,9.70551009304139e-08,0.0006207258834312514,0.7055607110910919
100000.0,0.25,120.0,False,False,129.1605102698677,474.7402634586727,9.302368129979172,False,False,True,30.0,True,905,294.09628542887503,4.22595189794575,7,5.033697943957255e-34,True,23.02877332552612,4826.053473639366,-2911349.016303323,7.171284229791311e-06,7.171284229791311e-06,-2911349.016296152,-2911349.0163032888,99999.70094858819,7.136819980841453e-06,-589.287442695095,204313.58577950692,14.24941471804631,True,True,0.014023582442659407,1955.5189828346133,True,9.306615696785415e-05,0.07705576832046834,-576.2586082379968,-2994.110339812536,-582.7227025103434,-52.11533782839022,,-586.558588056167,-3003.2809902259955,6.533245852719498e-05,1.221893741352001e-05,4.237940596578979e-08,0.0005987399235451018,0.7020001755284832
100000.0,0.25,129.1605102698677,True,False,129.1605102698677,474.7402634586727,9.302368129979172,True,False,True,32.290127567466925,True,905,294.09628542887503,4.027108343047994,7,1.7982919358971705e-34,True,20.01854749073045,11685.537837762182,-17068974.319721457,7.703313459589499e-07,7.703313459589499e-07,-17068974.319720685,-17068974.319721438,99999.70094858819,7.527952291516665e-07,-612.0476808231931,642084.414952724,26.583691991617997,True,True,0.012111950577390139,15723.040015089262,True,7.463564022714163e-05,0.010321226475911103,-598.0242566006895,-3105.897119711836,-605.2564640256901,-56.09369689001183,,-609.3133905129778,-3115.9954666964627,,,,,
100000.0,0.25,474.7402634586727,False,True,129.1605102698677,474.7402634586727,9.302368129979172,True,True,True,118.68506586466818,True,259,84.25659898442993,2.3660137622911526,6,6.838171635201954e-32,True,2.4168155601999137,1.3691270981347289e+20,-2.3431362635585293e+39,2.4289291502360318e-12,2.4289291502360318e-12,-2.3431362635585293e+39,-2.3431362635585293e+39,99999.70094858819,2.4275314731780183e-12,-1190.3332087994988,3.6984062301277005e+24,633552973297263.9,True,True,0.0009139601598983206,376281111.29116565,True,1.5030288593127479e-06,1.6160229626905812e-06,-1138.7889396101489,-5932.30976684461,-1178.158737155592,-206.17707675739751,,-1187.409491582462,-5978.1069514918045,,,,,
