t,delta,L,is_record_point_C1_1,is_record_point_C1_zeta,Lstar_C1_1,Lstar_C1_zeta,L_ann,inside_hypotheses,inside_hypotheses_zeta_C1,reflection_ok,deltaL,deltaL_ge_25,n_zeros_used,U_row,U_kopt,k_opt,tail_bound_at_U_row,tail_le_1e_10,U_contract_k3,c_deltaL,main_term,N_Z,W_Zprime,W_Z,W_Zrep,near_gamma,near_term,W_Zdouble_minus_Zprime_bound_log10,clause6_bound,sep_over_clause6,W_Z_negative,bal3,clause4_bound_C1_1,clause4_over_N,clause4_asserted,density_model,N_over_model,E_minus_bound_log10,E_minus_est_log10,E_minus_over_main_bound_log10,log10_exp_minus_L,E_minus_direct,refl_online_bound_log10,refl_online_est_log10,E_minus_direct_M,E_minus_direct_dps
1000.0,0.05,4.0,False,False,862.4810430070509,2590.3798089510756,5.857845612114087,False,False,True,0.2,False,459,285.59407337278884,142.79703668639442,9,2.7443876577643615e-15,True,16903.352599310965,1.0007907889709289,-0.0050079110164452725,1.374198331198026,1.374198331198026,1.3691904201815805,1.3269277036366747,999.7915715574129,0.04226271654490579,0.5787979861219014,0.0027629272951891198,1.8125381095496709,False,False,7.820679396414562,5.691084917558075,False,1.3167396871578887,1.0436370564360815,0.6656568827739865,-51.89059060024738,2.966000279306863,-1.737177927613007,4.476302957983493e-53,3.01329721715965,-47.03308987017959,4454,44
1000.0,0.05,6.0,False,False,862.4810430070509,2590.3798089510756,5.857845612114087,False,False,True,0.30000000000000004,False,459,285.59407337278884,88.6450465599608,9,1.886682549166733e-18,True,7553.023252403636,1.001779896358129,-0.00501781480373652,0.3282914441626562,0.3282914441626562,0.3232736293589197,0.2824470400064743,999.7915715574129,0.04082658935244539,-1.7630618942732195,0.002904585606820708,1.7275492903199032,False,False,3.5314901761540938,10.757180057377223,False,0.39014509249122625,0.8414598837227177,-1.63277354943081,-64.45752034880132,0.6667118221277684,-2.6057668914195107,1.8435498916286252e-65,0.7408403560678242,-58.82473993141947,6270,51
1000.0,0.05,8.0,False,False,862.4810430070509,2590.3798089510756,5.857845612114087,False,False,True,0.4,False,459,285.59407337278884,63.407777210988485,9,1.078681927206083e-20,True,4268.921814903285,1.0031658068972553,-0.005031708180639108,0.061212383494277475,0.061212383494277475,0.056180675313638365,0.017294718626119577,999.7915715574129,0.03888595668751879,-3.7557297103035223,0.0030535068954004253,1.647845691201319,False,False,2.014523593765751,32.910392942860675,False,0.1645924608947361,0.3719027175456439,-3.582011917270787,-75.00984587817842,-1.2837273630599153,-3.474355855226014,8.688410546051342e-77,-1.1800161444610762,-68.71712803670957,8042,56
1000.0,0.05,10.0,False,False,862.4810430070509,2590.3798089510756,5.857845612114087,False,False,True,0.5,False,459,285.59407337278884,49.02129693563779,9,1.9677131826111912e-22,True,2743.916821113326,1.004949682300694,-0.00504961931978133,0.06434873925889227,0.06434873925889227,0.05929911993911094,0.022792547221978827,999.7915715574129,0.03650657271713211,-5.521949416284251,0.0032100635417193542,1.5730589921832776,False,False,1.305572395737464,20.28901281942441,False,0.08427133997810488,0.7635898429479248,-5.304802175061192,-84.28171912705267,-3.0080608138630174,-4.3429448190325175,2.8519462893812755e-85,-2.8743714119727066,-77.40550162233282,9786,61
1000.0,0.05,12.0,False,False,862.4810430070509,2590.3798089510756,5.857845612114087,False,False,True,0.6000000000000001,False,459,285.59407337278884,39.80988143104963,9,7.475194078760175e-24,True,1913.0144988512056,1.0071330183655594,-0.005071584583410612,0.05071663470469265,0.05071663470469265,0.04564505012128203,0.011877771082744546,999.7915715574129,0.03376727903853749,-7.125705978953062,0.0033746470189400086,1.502848906847632,False,False,0.9169836102955272,18.08052950742573,False,0.04876813656140328,1.039954328393008,-6.865129289539675,-92.6473189026555,-4.570272962544043,-5.211533782839021,-9.963372253911105e-95,-4.4072115047944465,-85.2431500895259,11508,65
1000.0,0.05,14.0,False,False,862.4810430070509,2590.3798089510756,5.857845612114087,False,False,True,0.7000000000000001,False,459,285.59407337278884,33.392506183565985,8,3.7469240694839876e-23,True,1410.590524701681,1.0097176466026059,-0.005097648629303526,0.03390029829486831,0.03390029829486831,0.028802649665564787,-0.00195356258566233,999.7915715574129,0.030756212251227117,-8.605443772973633,0.0035476688714831442,1.4369009098564474,False,False,0.6806974183345859,20.079393178603006,False,0.030711129729630058,1.1038440654353834,-8.301437635369922,-100.32798807552103,-6.008807532487163,-6.080122746645525,6.804951610865244e-102,-5.8174215289180715,-92.43863954106502,13216,69
1000.0,0.05,16.0,False,False,862.4810430070509,2590.3798089510756,5.857845612114087,False,False,True,0.8,False,459,285.59407337278884,28.654344148921474,8,4.466024004758248e-24,True,1083.6336343274165,1.0127057362312821,-0.005127864540978717,0.03029270876110104,0.03029270876110104,0.025164844220122325,-0.002401818413393952,999.7915715574129,0.027566662633516276,-9.986427355239899,0.003729561744103177,1.37492415806935,False,False,0.5261232835678125,17.367984082143522,False,0.02057405761184201,1.4723740611898146,-9.638991769445862,-107.4674934203795,-7.348928313670648,-6.948711710452028,3.171470929421107e-109,-7.130445126334085,-99.12723776956189,14910,72
1000.0,0.05,18.0,False,False,862.4810430070509,2590.3798089510756,5.857845612114087,False,False,True,0.9,False,459,285.59407337278884,25.072971073552026,8,6.8435717208233315e-25,True,858.9141812405617,1.0160997965434215,-0.005162293982677914,0.026453300994154997,0.026453300994154997,0.021291007011477084,-0.0030018183597619397,999.7915715574129,0.024292825371239023,-11.286325454095362,0.003920780463725423,1.3166495881212479,False,False,0.4193576849918288,15.852754447714794,False,0.014449818240415788,1.8307012970007999,-10.895460420111,-114.16545176594278,-8.60830315325556,-7.817300674258532,-5.704584728472384e-116,-8.364000166362615,-105.40256485876961,16596,76
1000.0,0.05,20.0,False,False,862.4810430070509,2590.3798089510756,5.857845612114087,False,False,True,1.0,False,459,285.59407337278884,22.279541662900655,8,1.278476651738168e-25,True,697.7957203666964,1.0199026796385429,-0.005201007379669402,0.02197408974541972,0.02197408974541972,0.01677308236575032,-0.004252603252871209,999.7915715574129,0.021025685618621528,-12.518074644513566,0.004121803176750321,1.2618281748644626,False,False,0.3424517990277831,15.584345153553574,False,0.01053391749726311,2.0860320722208963,-12.083780162338881,-120.49424977322175,-9.799867632331253,-8.685889638065035,8.680687665337528e-122,-9.531006200320913,-111.33258674922487,18272,79
1000.0,0.05,22.0,False,False,862.4810430070509,2590.3798089510756,5.857845612114087,False,False,True,1.1,False,459,285.59407337278884,20.045401481011176,8,2.8035104373159816e-26,True,578.3212596703081,1.024117583534192,-0.005244084124519565,0.018279339367236774,0.018279339367236774,0.01303525524271721,-0.004814007404029799,999.7915715574129,0.017849262646747008,-13.691486999851882,0.004333132544668489,1.2102293365043533,False,False,0.285171697284115,15.600766064623015,False,0.007914288127169879,2.309663114801634,-13.21376306948687,-126.50844326428928,-10.933432719423603,-9.554478601871539,5.97989480011459e-128,-10.641224900341527,-116.96848798246984,19942,82
1000.0,0.05,24.0,False,False,862.4810430070509,2590.3798089510756,5.857845612114087,False,False,True,1.2000000000000002,False,459,285.59407337278884,18.22163936644702,8,7.017278118815757e-27,True,487.25967733539426,1.0287480556552326,-0.0052916128100721094,0.015251974766131335,0.015251974766131335,0.009960361956059226,-0.00487704602808065,999.7915715574129,0.014837407984139876,-14.814216297406361,0.004555297000976274,1.161639473548713,False,False,0.24133081806871623,15.822922721103467,False,0.00609601707017541,2.501957358477749,-14.293062918851025,-132.25035713252325,-12.016650977986867,-10.423067565678043,8.106799529903288e-134,-11.702243773579243,-122.34995200866653,21604,85
1000.0,0.05,26.0,False,False,862.4810430070509,2590.3798089510756,5.857845612114087,False,False,True,1.3,False,459,285.59407337278884,16.70732094999395,8,1.9627882564748494e-27,True,416.25053332877025,1.0337979967064643,-0.005343691489971496,0.012368375235548052,0.012368375235548052,0.0070246837455765565,-0.0050266265774919295,999.7915715574129,0.012051310323068486,-15.892370562763839,0.004788852072534742,1.11586062986136,False,False,0.2070079545710282,16.736875347706533,False,0.004794682520374652,2.579602545734686,-15.327787736018175,-137.75360925354775,-13.055629112867662,-11.291656529484547,-5.00009656355608e-140,-12.720098259807697,-127.5084808748316,23262,88
1000.0,0.05,28.0,False,False,862.4810430070509,2590.3798089510756,5.857845612114087,False,False,True,1.4000000000000001,False,459,285.59407337278884,15.431728931281448,8,6.034648576270374e-28,True,359.7996311871578,1.0392716649334397,-0.00540042796766762,0.009603653925026066,0.009603653925026066,0.0042032259573584465,-0.005334583437838692,999.7915715574129,0.009537809395197138,-16.930917482949493,0.005034381768676192,1.0727092651711394,False,False,0.17961852875047687,18.70314467313433,False,0.0038388912162037572,2.501673890755109,-16.322905208013506,-143.04542786081362,-14.055333385731235,-12.16024549329105,3.2700429409350196e-144,-13.699682387989977,-132.46957655415284,24914,90
1000.0,0.05,30.0,False,False,862.4810430070509,2590.3798089510756,5.857845612114087,False,False,True,1.5,False,459,285.59407337278884,14.343916841007193,8,2.0129170431543175e-28,True,314.17519999915305,1.0451736807768373,-0.005461940114943012,0.007451597404673601,0.007451597404673601,0.001989657289730589,-0.005338908578538414,999.7915715574129,0.007328565868269003,-17.933962419625015,0.005292500041531688,1.0320151293493967,False,False,0.15740196680151014,21.12325160009161,False,0.00312116073992981,2.387444295752988,-17.282520696498704,-148.14823176722544,-15.019867630696345,-13.028834457097554,1.1901561806406168e-149,-14.645029630656003,-137.25422736255672,26562,93
1000.0,0.05,32.0,False,False,862.4810430070509,2590.3798089510756,5.857845612114087,False,False,True,1.6,False,459,285.59407337278884,13.406297961638797,8,7.208058485698595e-29,True,276.7701468509423,1.0515090319262406,-0.005528356221112299,0.0055445813598272815,0.0055445813598272815,1.622513871498213e-05,-0.0054238535033060255,999.7915715574129,0.005440078642021008,-18.904944818759063,0.00556385232123117,0.9936202296413547,False,False,0.1391248502766526,25.092038739780794,False,0.0025717572014802514,2.155950552655567,-18.210073647442425,-153.0807411899843,-15.952669666591323,-13.897423420904056,-8.567566055700311e-155,-15.5595107898354,-141.8799522026245,28208,95
1000.0,0.05,34.0,False,False,862.4810430070509,2590.3798089510756,5.857845612114087,False,False,True,1.7000000000000002,False,459,285.59407337278884,12.59056615324628,8,2.7471751403135695e-29,True,245.71827055585194,1.0582830787796862,-0.005599815374157059,0.003880716056424731,0.003880716056424731,-0.0017190993177323278,-0.0055935879882137544,999.7915715574129,0.003874488670481427,-19.84678053287656,0.005849117129814979,0.9573778828283088,True,False,0.12390188056361362,31.92758211683318,False,0.0021440906772365377,1.809958924604105,-19.1084799133696,-157.85877908224225,-16.856653621928196,-14.76601238471056,-2.1273592375501254e-159,-16.445977011936122,-146.36155345418084,29848,98
1000.0,0.05,36.0,False,False,862.4810430070509,2590.3798089510756,5.857845612114087,False,False,True,1.8,False,459,285.59407337278884,11.875018554932728,8,1.106445448162351e-29,True,219.6550741380747,1.0655015603158562,-0.0056764678751776215,0.0026716771101891875,0.0026716771101891875,-0.003004790764988434,-0.00562585390125371,999.7915715574129,0.002621063136265276,-20.76196723044001,0.006149007777892376,0.9231518450157626,True,False,0.11108405604201423,41.57839868386944,False,0.0018062272800519735,1.4791478014396455,-19.98023716274272,-162.49586223792545,-17.73431534713802,-15.634601348517064,,-17.30686543950477,-150.71167207471223,,
1000.0,0.05,38.0,False,False,862.4810430070509,2590.3798089510756,5.857845612114087,False,False,True,1.9000000000000001,False,459,285.59407337278884,11.242750277131375,8,4.6811536190126306e-30,True,197.56408777944844,1.0731706003863097,-0.005758475687667563,0.0016898969090287357,0.0016898969090287357,-0.004068578778638828,-0.005726797082700732,999.7915715574129,0.0016582183040619043,-21.65266396817353,0.0064642741482896175,0.8908155123945661,True,True,0.10018667366664426,59.28567188410701,False,0.00153578036116972,1.1003506437220187,-20.82750445228592,-167.00364587451713,-18.587811989867944,-16.503190312323568,,-18.144278770223238,-154.94120491776764,,
1000.0,0.05,40.0,False,False,862.4810430070509,2590.3798089510756,5.857845612114087,False,False,True,2.0,False,459,285.59407337278884,10.68040786073385,8,2.0699447452271515e-30,True,178.67545816367542,1.0812967144356884,-0.0058460129232470745,0.0009571469966866293,0.0009571469966866293,-0.004888865926560446,-0.00584478159891098,999.7915715574129,0.0009559156723505353,-22.5207522745503,0.006795704571147614,0.8602511869140653,True,True,0.09084171880960587,94.90884798685475,False,0.0013167396871578887,0.7269067728584829,-21.652163310472364,-171.3922637718401,-19.419023081550005,-17.37177927613007,,-18.960046186225988,-159.05962388393056,,
1000.0,0.05,42.0,False,False,862.4810430070509,2590.3798089510756,5.857845612114087,False,False,True,2.1,False,459,285.59407337278884,10.177310290803351,8,9.525181282947952e-31,True,162.39742691037924,1.0898868166583706,-0.005939266365628585,0.000500179318248485,0.000500179318248485,-0.0054390870473801,-0.005917342177021824,999.7915715574129,0.0004782551296417239,-23.367883742306898,0.007144127795157911,0.8313494013438635,True,True,0.08276563037194094,165.47191647541024,False,0.0011374492492455576,0.4397377013350193,-22.455865330038634,-175.67059247057608,-20.229598133094502,-18.240368239936576,,-19.755770719820667,-163.07522372597575,,
1000.0,0.05,44.0,False,False,862.4810430070509,2590.3798089510756,5.857845612114087,False,False,True,2.2,False,459,285.59407337278884,9.724817470974077,8,4.5444777795706735e-31,True,148.2690454086606,1.0989482276006108,-0.006038436034732621,0.00019494641591472786,0.00019494641591472786,-0.005843489618817893,-0.006029580314802472,999.7915715574129,0.00018609069598457892,-24.19551760478869,0.007510415059866085,0.8040082986891925,True,True,0.07573701191799778,388.5016893623023,False,0.0009892860158962349,0.19705768886070615,-23.240069744330103,-179.84645927453698,-21.020994214501286,-19.108957203743078,,-20.53286657089591,-166.99531707859407,,
1000.0,0.05,46.0,False,False,862.4810430070509,2590.3798089510756,5.857845612114087,False,False,True,2.3000000000000003,False,459,285.59407337278884,9.315868800444207,8,2.240752304671713e-31,True,135.92692149609718,1.1084886822177644,-0.0061437357930243805,4.17152821649092e-05,4.17152821649092e-05,-0.006102020510859472,-0.006141528633281669,999.7915715574129,3.950812242219744e-05,-25.004950759761847,0.007895482274224421,0.7781330613686779,True,True,0.06958092645456333,1667.9960638764335,False,0.0008657777181937297,0.0481824390814073,-24.006073451112933,-183.9268080073272,-21.79450598201354,-19.977546167549583,,-21.292588863437125,-170.82638982857753,,
1000.0,0.05,48.0,False,False,862.4810430070509,2590.3798089510756,5.857845612114087,False,False,False,2.4000000000000004,False,459,285.59407337278884,8.944640882636765,8,1.1386345216345836e-31,True,125.08143160628345,1.118516338396783,-0.006255393996302736,8.642545008760857e-06,8.642545008760857e-06,-0.006246751451293975,-0.006246778778144209,999.7915715574129,2.7326850233946466e-08,-25.797342018330433,0.008300292306841373,0.7536353859666889,True,True,0.06415764021026166,7423.466137026273,False,0.0007620021337719263,0.011341890823822344,-24.75503526149119,-187.91783255759364,-22.55128993044171,-20.846135131356085,,-22.03605763244705,-174.57422625561992,,
1000.0,0.05,50.0,False,False,862.4810430070509,2590.3798089510756,5.857845612114087,False,False,False,2.5,False,459,285.59407337278884,8.595607163040604,7,1.0767972414903893e-28,True,115.49943868742312,1.1290397859547654,-0.006373654191343913,3.532047719826311e-05,3.532047719826311e-05,-0.00633833371414565,-0.006370757629687975,999.7915715574129,3.242391554232478e-05,-26.573731882075148,0.008725857393654605,0.7304329997392347,True,True,0.05935442960411905,1680.4537852347535,True,0.000674170719824839,0.05239099854031033,-25.487995677045586,-191.8250855468445,-23.292384173763278,-21.71472409516259,,-22.764277351878665,-178.244010833759,,
1000.0,0.05,52.0,False,False,862.4810430070509,2590.3798089510756,5.857845612114087,False,False,False,2.6,False,459,285.59407337278884,8.276561449623422,7,6.241241378793031e-29,True,106.99155833110878,1.1400680561249503,-0.006498775862982615,0.00010794367453433718,0.00010794367453433718,-0.006390832188448278,-0.006496932201514699,999.7915715574129,0.0001061000130664219,-27.33505881747933,0.009173241669048112,0.7084492153859258,True,True,0.05507953335900624,510.26179715130314,True,0.0005993353150468315,0.1801056467461834,-26.20589316425944,-195.6535675587577,-24.018724723053186,-22.583313058969093,,-23.4781529763883,-181.84041180144158,,
1000.0,0.05,54.0,False,False,862.4810430070509,2590.3798089510756,5.857845612114087,False,False,False,2.7,False,459,285.59407337278884,7.984144653060324,7,3.692786990038439e-29,True,99.40265429944863,1.1516106315421801,-0.006631035233404896,0.00019908768305040598,0.00019908768305040598,-0.00643194755035449,-0.006627919826393142,999.7915715574129,0.0001959722760386518,-28.082172757769683,0.009643563826742437,0.6876125209039899,True,True,0.05125763030206492,257.46258892915677,True,0.0005351784533487329,0.3720024261153812,-26.90957765635947,-199.40780101727833,-24.73115899186199,-23.451902022775595,,-24.178503228516554,-185.36765033762353,,
1000.0,0.05,56.0,False,False,862.4810430070509,2590.3798089510756,5.857845612114087,False,False,False,2.8000000000000003,False,459,285.59407337278884,7.715266127774672,7,2.2270623696415813e-29,True,92.60465988253361,1.1636774567404884,-0.0067707261166300575,0.00028435269218468915,0.00028435269218468915,-0.006486373424445369,-0.006769254789421175,999.7915715574129,0.0002828813649758063,-28.815846388889074,0.01013799991711169,0.667856201616446,True,True,0.04782641778300355,168.1940037759162,True,0.00047986140202546966,0.5925725448732727,-27.599821839288538,-203.09189182249813,-25.430457085748497,-24.3204909865821,,-24.866071688154996,-188.82955826197397,,
1000.0,0.05,58.0,False,False,862.4810430070509,2590.3798089510756,5.857845612114087,False,False,False,2.9000000000000004,False,459,285.59407337278884,7.467287764963452,7,1.3671702763257613e-29,True,86.49109638216531,1.176278949176146,-0.006918160831374693,0.00035443148299447004,0.00035443148299447004,-0.006563729348380223,-0.006917289027499694,999.7915715574129,0.00035355967911947076,-29.53678464878063,0.010657786287922048,0.6491179917179151,True,True,0.04473399449727216,126.21337732001115,True,0.00043191264493267905,0.8206091837151798,-28.277330650989764,-206.70958113560314,-26.117321305136254,-25.189079950388603,,-25.541536112850395,-192.2296265030089,,
1000.0,0.05,60.0,False,False,862.4810430070509,2590.3798089510756,5.857845612114087,False,False,False,3.0,False,459,285.59407337278884,7.237944907120068,7,8.532995792407182e-30,True,80.97284500249394,1.1894260107901675,-0.00707367117572106,0.00040149527006287937,0.00040149527006287937,-0.006672175905658181,-0.0070723966196886865,999.7915715574129,0.0004002207140305059,-30.245632774205905,0.011204222675845163,0.6313397529103888,True,True,0.04193683834390469,104.451637343914,True,0.00039014509249122627,1.0290921961857264,-28.942749328224718,-210.26428917108962,-26.792394195706695,-26.05766891419511,,-26.205516322128474,-195.5710460773181,,
1000.0,0.05,62.0,False,False,862.4810430070509,2590.3798089510756,5.857845612114087,False,False,False,3.1,False,459,285.59407337278884,7.025283180480286,7,5.408754641894097e-30,True,75.97485484219906,1.2031300401249752,-0.007237609467255623,0.00042070258413983363,0.00042070258413983363,-0.006816906883115789,-0.007236759397013902,999.7915715574129,0.0004198525138981133,-30.942983157818365,0.011778675456476857,0.6144671779097035,True,True,0.03939822937632941,93.64865076092373,True,0.00035359395445816216,1.189790093511375,-29.596670263646857,-213.75915245394202,-27.4562654090408,-26.92625787800161,,-26.858580907323084,-198.85674294700826,,
1000.0,0.05,64.0,False,False,862.4810430070509,2590.3798089510756,5.857845612114087,False,False,False,3.2,False,459,285.59407337278884,6.827607645776635,7,3.47842764676172e-30,True,71.43355730158639,1.2174029450106583,-0.007410349652603121,0.00041356412853195813,0.00041356412853195813,-0.0069967855240711625,-0.00741009412834047,999.7915715574129,0.0004133086042693075,-31.629381223808227,0.01238258106098779,0.5984495167933896,True,True,0.03708700915123473,89.67656184999332,True,0.0003214696501850314,1.2864795426066473,-30.23963888144639,-217.19705569536794,-28.109477581816208,-27.794846841808113,,-27.501252973929027,-202.08940783703156,,
1000.0,0.05,66.0,False,False,862.4810430070509,2590.3798089510756,5.857845612114087,False,False,False,3.3000000000000003,False,459,285.59407337278884,6.6434415657673735,7,2.267624677281678e-30,True,67.29481874949472,1.2322571558369773,-0.007592288490557183,0.0003850040831643473,0.0003850040831643473,-0.007207284407392836,-0.007591576876018082,999.7915715574129,0.00038429246862524554,-32.305330488633764,0.013017449567949627,0.5832393243335638,True,True,0.034976596785773466,90.84733984715417,True,0.00029312178248777334,1.3134611829143286,-30.872158698081602,-220.58065920751173,-28.752531400066257,-28.66343580561462,,-28.134015081712224,-205.27152187524763,,
1000.0,0.05,68.0,False,False,862.4810430070509,2590.3798089510756,5.857845612114087,False,False,False,3.4000000000000004,False,459,285.59407337278884,6.471492742275644,7,1.4973012094678568e-30,True,63.51230703703892,1.2477056394280504,-0.0077838468133028015,0.000338712712416265,0.000338712712416265,-0.007445134100886536,-0.00778346080056052,999.7915715574129,0.0003383266996739829,-32.97129694094595,0.013684868479318005,0.5687922266163215,True,True,0.03304420268029268,97.5582004128697,True,0.0002680113346545672,1.2637999540311344,-31.494695702203455,-223.9124225971356,-29.385889982599423,-29.53202476942112,,-28.757313515463483,-208.40537874877697,,
1000.0,0.05,70.0,False,False,862.4810430070509,2590.3798089510756,5.857845612114087,False,False,False,3.5,False,459,285.59407337278884,6.310625857177608,7,1.0006333423660513e-30,True,60.046178897140116,1.2637619135374374,-0.007985470870539028,0.0002818657817847649,0.0002818657817847649,-0.007703605088754263,-0.007985391684656618,999.7915715574129,0.00028178659590235493,-33.62771284947479,0.014386506690014329,0.5550667053928903,True,True,0.031270195728983055,110.94002092407669,True,0.00024568903783704047,1.1472460646442013,-32.10768216254198,-227.1946253374431,-30.0099826923399,-30.400613733227626,,-29.371561994027598,-211.49310393811612,,
1000.0,0.05,72.0,False,False,862.4810430070509,2590.3798089510756,5.857845612114087,False,False,False,3.6,False,459,285.59407337278884,6.1598396099461254,7,6.763535733269353e-31,True,56.86201812572527,1.2804400619821412,-0.00819763376164415,0.00022149975405591336,0.00022149975405591336,-0.007976134007588237,-0.008197195786754388,999.7915715574129,0.00022106177916615105,-34.274980087677754,0.01512411866103237,0.5420238987390079,True,True,0.029637590657734837,133.8041695985513,True,0.00022577841000649668,0.9810493131275918,-32.71151995255462,-230.4293847064427,-30.625208464382144,-31.269202697034128,,-29.977144905365186,-214.53667148659292,,
1000.0,0.05,74.0,False,False,862.4810430070509,2590.3798089510756,5.857845612114087,False,False,False,3.7,False,459,285.59407337278884,6.018247713143879,7,4.6209908838276446e-31,True,53.92997121773425,1.2977547504349003,-0.008420836961381753,0.00016200591806648764,0.00016200591806648764,-0.008258831043315266,-0.008420721257775397,999.7915715574129,0.00016189021446013217,-34.9134730480978,0.01589954880650458,0.5296274167186901,True,True,0.028131630078331048,173.64569402202798,True,0.00020796236150401968,0.7790155723123785,-33.30658346478434,-233.6186714924531,-31.231938723700285,-32.137791660840634,,-30.574420139647682,-217.53791868041606,,
1000.0,0.05,76.0,False,False,862.4810430070509,2590.3798089510756,5.857845612114087,False,False,False,3.8000000000000003,False,459,285.59407337278884,5.88506301073032,7,3.189407999881373e-31,True,51.22403956167378,1.3157212428949938,-0.008655611945025739,0.00010896837639153088,0.00010896837639153088,-0.008546643568634209,-0.008655532286292667,999.7915715574129,0.00010888871765845933,-35.543541206705456,0.01671473610569818,0.5178431708577783,True,True,0.02673944174570838,245.38717223455478,True,0.000191972545146215,0.5676247939961186,-33.89322217520167,-236.7643237972703,-31.83051995278027,-33.006380624647136,,-31.163721579805706,-220.49855894887727,,
1000.0,0.05,78.0,False,False,862.4810430070509,2590.3798089510756,5.857845612114087,False,False,False,3.9000000000000004,False,459,285.59407337278884,5.759584139336452,7,2.2226405828097106e-31,True,48.72149658806506,1.3343554188586841,-0.008902521919187674,6.551733008366849e-05,6.551733008366849e-05,-0.008837004589104006,-0.00890228902627611,999.7915715574129,6.528443717210451e-05,-36.165511387301756,0.01757171895147324,0.5066392163324052,True,True,0.025449755918809196,388.44311705481203,True,0.00017758083408795007,0.3689437005978915,-34.47176290760764,-239.86805921121794,-32.42127595924576,-33.87496958845364,,-31.745361298840617,-223.4201932414896,,
1000.0,0.05,80.0,False,False,862.4810430070509,2590.3798089510756,5.857845612114087,False,False,False,4.0,False,459,285.59407337278884,5.641184272095355,7,1.5631497412434108e-31,True,46.402405270344296,1.3536737912113446,-0.009162163665062477,3.2857790315590634e-05,3.2857790315590634e-05,-0.009129305874746885,-0.00916214031488122,999.7915715574129,3.2834440134332854e-05,-36.77968976780186,0.01847264024732663,0.49598560586857254,True,True,0.02425267105635238,738.1102266285014,True,0.00016459246089473609,0.19963119900494466,-35.042511839917424,-242.93148558877903,-33.00450988529229,-34.74355855226014,,-32.31963150503307,-226.304320096187,,
1000.0,0.05,82.0,False,False,862.4810430070509,2590.3798089510756,5.857845612114087,False,False,False,4.1000000000000005,False,459,285.59407337278884,5.529301577144132,7,1.108939404194196e-31,True,44.249216696758964,1.3736935248642608,-0.00943516950126999,1.1986625783764943e-05,1.1986625783764943e-05,-0.009423182875486224,-0.009435089490178562,999.7915715574129,1.1906614692336913e-05,-37.38636366349538,0.019419752765766938,0.48585425443223296,True,True,0.023139458612144653,1930.4397275407941,True,0.0001528404622286837,0.0784257362806863,-35.60575628742062,-245.95611061648898,-33.58050599402067,-35.61214751606665,,-32.88680626953181,-229.15234457802302,,
1000.0,0.05,84.0,False,False,862.4810430070509,2590.3798089510756,5.857845612114087,False,False,False,4.2,False,459,285.59407337278884,5.423431095090513,7,7.93247742833306e-32,True,42.24643450321322,1.3944324561600983,-0.009722209373963423,1.7883385499175394e-06,1.7883385499175394e-06,-0.009720421035413505,-0.009722106418638842,999.7915715574129,1.6853832253350392e-06,-37.985803116872894,0.020415424781419132,0.4762188138652879,True,True,0.022102399635603304,12359.180892579008,True,0.0001421811561556947,0.012577887240973263,-36.16176629260781,-248.94335033450005,-34.149531262254975,-36.48073647987315,,-33.44714306536593,-231.96558623944782,,
1000.0,0.05,86.0,False,False,862.4810430070509,2590.3798089510756,5.857845612114087,False,False,False,4.3,False,459,285.59407337278884,5.323117796408813,7,5.719188910104323e-32,True,40.38033309485834,1.4159091130720287,-0.010023993082402096,4.7365139504890656e-07,4.7365139504890656e-07,-0.010023519431007048,-0.010023979953505636,999.7915715574129,4.6052249858998884e-07,-38.57826231907598,0.021462145992944735,0.4670545566923871,True,True,0.021134647380887793,44620.68010737211,True,0.00013249044105881382,0.003574985419805856,-36.71079604662057,-251.89453674833584,-34.711836804898404,-37.34932544367965,,-34.0008841424508,-234.74528622992793,,
1000.0,0.05,88.0,False,False,862.4810430070509,2590.3798089510756,5.857845612114087,False,False,False,4.4,False,459,285.59407337278884,5.227950624502133,7,4.154579336362517e-32,True,38.63872001873635,1.438142736222579,-0.010341272648748833,6.009996137130777e-06,6.009996137130777e-06,-0.010335262652611702,-0.010341219242016484,999.7915715574129,5.956589404781369e-06,-39.163980884278104,0.02256253374858531,0.4583382683869554,True,True,0.02023011129140229,3366.077253597091,True,0.00012366075198702936,0.048600675966786605,-37.25308516363236,-254.81092464679614,-35.26765915213094,-38.217914407486155,,-34.548257759461386,-237.49261366341676,,
1000.0,0.05,90.0,False,False,862.4810430070509,2590.3798089510756,5.857845612114087,False,False,False,4.5,False,459,285.59407337278884,5.137557365747657,7,3.0397633086897497e-32,True,37.010734750611775,1.4611533007493396,-0.010674844841453453,1.570867167470779e-05,1.570867167470779e-05,-0.010659136169778744,-0.010674799731568943,999.7915715574129,1.5663561790198223e-05,-39.74318499518739,0.02371933959089632,0.4500481474429645,True,True,0.019383358635806182,1233.9272878823313,True,0.00011559854592332631,0.13588987256921872,-37.78885982635133,-257.69369772489944,-35.81722139763712,-39.08650337129266,,-35.08947929037717,-240.20867133619956,,
1000.0,0.05,92.0,False,False,862.4810430070509,2590.3798089510756,5.857845612114087,False,False,False,4.6000000000000005,False,459,285.59407337278884,5.051600216275061,7,2.2394189579310218e-32,True,35.48667765222355,1.484961539045817,-0.01102555386222661,2.714931786620901e-05,2.714931786620901e-05,-0.0109984045443604,-0.011025540081581986,999.7915715574129,2.713553722158485e-05,-40.3160884352606,0.024935456137036814,0.4421637126521329,True,True,0.01858953078678772,684.71446974824,True,0.00010822221477421622,0.2508664041190672,-38.31833381823421,-260.543974096518,-36.36073423345045,-39.95509233509917,,-35.624752220943215,-242.89450087430623,,
1000.0,0.05,94.0,False,False,862.4810430070509,2590.3798089510756,5.857845612114087,False,False,False,4.7,False,459,285.59407337278884,4.969771938071318,7,1.6606780087459162e-32,True,34.05786403476127,1.5095889644068616,-0.011394294207294906,3.825999528198628e-05,3.825999528198628e-05,-0.01135603421201292,-0.01139426692512418,999.7915715574129,3.823271311126123e-05,-40.88289352103566,0.026213924311818945,0.43466571703488194,True,True,0.017844271699440768,466.39503136170737,True,0.00010146034594707443,0.3770930891753922,-38.84170945581894,-263.362811269438,-36.898396884820166,-40.82368129890567,,-36.15426904814714,-245.5510873785264,,
1000.0,0.05,96.0,False,False,862.4810430070509,2590.3798089510756,5.857845612114087,False,False,False,4.800000000000001,False,459,285.59407337278884,4.891792515450694,7,1.239280928185579e-32,True,32.71649920135967,1.535057895609337,-0.011782013714362834,4.731676766078238e-05,4.731676766078238e-05,-0.011734696946702051,-0.01178198829124282,999.7915715574129,4.7291344540768364e-05,-41.4437919461538,0.027557940951604017,0.4275360679179138,True,True,0.01714366659584933,362.31694266932226,True,9.525026672149078e-05,0.4967625738953082,-39.359178432746766,-266.15121064554927,-37.43039795666946,-41.69227026271217,,-36.67821209400846,-248.17936362567588,,
1000.0,0.05,98.0,False,False,862.4810430070509,2590.3798089510756,5.857845612114087,False,False,False,4.9,False,459,285.59407337278884,4.817406237895517,7,9.304124934687938e-33,True,31.455571089595878,1.5613914824599222,-0.01218971680749197,5.3223697894473584e-05,5.3223697894473584e-05,-0.012136493109597498,-0.012189709022987128,999.7915715574129,5.321591338963125e-05,-41.99896554708994,0.028970866798058485,0.4207577526920554,True,True,0.01648418922201315,309.7152184858761,True,8.953682136918384e-05,0.5944336316677838,-39.870922585492565,-268.91012160040924,-37.95691620166286,-42.56085922651867,,-37.1967542434533,-250.78021387684004,,
1000.0,0.05,100.0,False,False,862.4810430070509,2590.3798089510756,5.857845612114087,False,False,False,5.0,False,459,285.59407337278884,4.746379147473716,7,7.025815903179748e-33,True,30.268757735393717,1.5886137323432645,-0.012618467952947987,5.5511531469127826e-05,5.5511531469127826e-05,-0.012562956421478859,-0.012618452857231613,999.7915715574129,5.549643575275235e-05,-42.548586999293455,0.03045623490175869,0.41431476982137855,True,True,0.015862656332077032,285.7542552379209,True,8.427133997810488e-05,0.6587237307909268,-40.377114589505766,-271.64044518924845,-38.478121218584185,-43.42944819032518,,-37.71005961475702,-253.35447733660948,,
1000.0,0.05,102.0,False,False,862.4810430070509,2590.3798089510756,5.857845612114087,False,False,False,5.1000000000000005,False,459,285.59407337278884,4.678496799028585,7,5.33499224052562e-33,True,29.15034726387706,1.6167495378050198,-0.01306939533996373,5.417681231187063e-05,5.417681231187063e-05,-0.01301521852765186,-0.013069379495334679,999.7915715574129,5.416096768281868e-05,-43.0928204513203,0.032017759456657593,0.40819206470883,True,True,0.015276188287965467,281.9691236174542,True,7.941076582357547e-05,0.6822351069152719,-40.87791859334229,-274.34303752038755,-38.99417408860518,-44.298037154131684,,-38.218284169938784,-255.9029513016122,,
1000.0,0.05,104.0,False,False,862.4810430070509,2590.3798089510756,5.857845612114087,False,False,False,5.2,False,459,285.59407337278884,4.613562289550117,7,4.072796871461075e-33,True,28.095168504877666,1.6458247052057287,-0.013543694801327623,4.968044237152519e-05,4.968044237152519e-05,-0.013494014358956098,-0.013543692822557608,999.7915715574129,4.967846360151132e-05,-43.631822103580056,0.03365934508750423,0.40237547005498964,True,True,0.014722174851569412,296.337434789179,True,7.491691438085394e-05,0.6631405308414801,-41.37349079741172,-277.01871283182885,-39.50522795606896,-45.166626117938186,,-38.72157627155541,-258.4263940317782,,
1000.0,0.05,106.0,False,False,862.4810430070509,2590.3798089510756,5.857845612114087,False,False,False,5.300000000000001,False,459,285.59407337278884,4.551394519918743,7,3.125252747074136e-33,True,27.098530649857093,1.6758659844829147,-0.014042633989734446,4.2841272585752823e-05,4.2841272585752823e-05,-0.013999792717148693,-0.014042622692519956,999.7915715574129,4.282997537126178e-05,-44.16574073750098,0.035385096613439526,0.39685165037534326,True,True,0.014198245400593468,331.415117797299,True,7.075584205258777e-05,0.6054803581294668,-41.86397998314232,-279.6682463023281,-40.01142855959114,-46.03521508174469,,-39.22007719153883,-260.9255273736009,,
1000.0,0.05,108.0,False,False,862.4810430070509,2590.3798089510756,5.857845612114087,False,False,False,5.4,False,459,285.59407337278884,4.491826657832871,7,2.4100577401765058e-33,True,26.156170627669464,1.7069011000602852,-0.014567556826935063,3.4574635693896467e-05,3.4574635693896467e-05,-0.014532982191241167,-0.014567548970568861,999.7915715574129,3.456677932769543e-05,-44.69471820021051,0.0371993293121821,0.391608050367845,True,True,0.013702242925086015,396.30910492875853,True,6.689730666859161e-05,0.5168315051184162,-42.34952799766151,-282.29237662442296,-40.51291471857686,-46.90380404555119,,-39.71392157703232,-263.40103916107853,,
1000.0,0.05,110.0,False,False,862.4810430070509,2590.3798089510756,5.857845612114087,False,False,False,5.5,False,459,285.59407337278884,4.434704775407683,7,1.8674144999706015e-33,True,25.264207090416242,1.7389587829444775,-0.015119888243898694,2.5873271725313902e-05,2.5873271725313902e-05,-0.015094014972173381,-0.01511988759871248,999.7915715574129,2.5872626539098125e-05,-45.21888984922063,0.039106579710470435,0.38663284684675403,True,True,0.0132322012650662,511.4235805021935,True,6.331430501735904e-05,0.40864812017158153,-42.830270198481315,-284.8918083635993,-41.00981877964402,-47.7723930093577,,-40.203237877586524,-265.85358541693506,,
1000.0,0.05,112.0,False,False,862.4810430070509,2590.3798089510756,5.857845612114087,False,False,False,5.6000000000000005,False,459,285.59407337278884,4.37988663883667,7,1.4536181004103323e-33,True,24.419100076724362,1.7720688040513868,-0.015701139231460565,1.765281918939191e-05,1.765281918939191e-05,-0.015683486412271172,-0.015701130750740328,999.7915715574129,1.764433846915591e-05,-45.738384961081344,0.04111161692774264,0.3819149039809533,True,True,0.012786325134886919,724.3219905957341,True,5.998267525318371e-05,0.29429863064427003,-43.306335862151705,-287.4672141249228,-41.50226702691681,-48.6409819731642,,-40.688148737562884,-268.2837923740536,,
1000.0,0.05,114.0,False,False,862.4810430070509,2590.3798089510756,5.857845612114087,False,False,False,5.7,False,459,285.59407337278884,4.3272406307783715,7,1.1365421312615262e-33,True,23.617615565318296,1.8062620088058008,-0.016312912222275835,1.0603579617715584e-05,1.0603579617715584e-05,-0.01630230864265812,-0.016312909575785173,999.7915715574129,1.0600933127053127e-05,-46.253327107509335,0.043219454601419106,0.377443731595359,True,True,0.012362972550485149,1165.9244327104516,True,5.688075411739704e-05,0.1864177045865232,-43.777848560389366,-290.01923654599784,-41.9903800596984,-49.509570936970704,,-41.168771357147435,-270.6922583347464,,
1000.0,0.05,116.0,False,False,862.4810430070509,2590.3798089510756,5.857845612114087,False,False,False,5.800000000000001,False,459,285.59407337278884,4.276644788880272,7,8.92440713083864e-34,True,22.856794252484107,1.841570353059785,-0.016956906826343706,5.228434043044005e-06,5.228434043044005e-06,-0.016951678392300662,-0.016956905317334355,999.7915715574129,5.226925033693541e-06,-46.763834502102576,0.045435363423607676,0.37320944631276126,True,True,0.011960639334219135,2287.6140801913275,True,5.398908061658488e-05,0.0968424352356518,-44.24492650679229,-292.5484901329677,-42.47427314063482,-50.378159900777206,,-41.645217824991136,-273.07955538348074,,
1000.0,0.05,118.0,False,False,862.4810430070509,2590.3798089510756,5.857845612114087,False,False,False,5.9,False,459,285.59407337278884,4.2279859461705716,7,7.036687442495464e-34,True,22.133923987515264,1.8780269403770569,-0.01763492594391005,1.7560501618007123e-06,1.7560501618007123e-06,-0.01763316989374825,-0.017634920829713407,999.7915715574129,1.7509359651587922e-06,-47.270020320405585,0.04776488432057913,0.3692027353306533,True,True,0.011577945420773032,6593.174655614975,True,5.1290139192727154e-05,0.03423757840083454,-44.70768287690497,-295.05556295440397,-42.9540565171365,-51.24674886458371,,-42.11759542515632,-275.4462309669318,,
1000.0,0.05,120.0,False,False,862.4810430070509,2590.3798089510756,5.857845612114087,False,False,False,6.0,False,459,285.59407337278884,4.181158961009915,7,5.570469986273238e-34,True,21.446515384156196,1.9156660607324674,-0.018348882281211253,1.575197012236447e-07,1.575197012236447e-07,-0.01834872476151003,-0.01834888151197456,999.7915715574129,1.5675046453124563e-07,-47.771992995788224,0.05021384230796918,0.3654148226434207,True,True,0.01121362272838832,71188.69983423434,True,4.876813656140328e-05,0.0032299717055072185,-45.166226104097284,-297.54101820629967,-43.42983571852263,-52.11533782839022,,-42.58600692075481,-277.79280935370906,,
1000.0,0.05,862.4810430070509,True,False,862.4810430070509,2590.3798089510756,5.857845612114087,False,False,False,43.12405215035255,True,75,46.37783093821924,2.1591002526448957,5,7.612610079513241e-28,True,2.0,873128.0981155562,-3811763378.5944424,5.092379620312941e-12,5.092379620312941e-12,-3811763378.5944424,-3811763378.5944424,999.7915715574129,5.092379620301861e-12,-149.18553832480094,5783742.532402448,659.0479014651287,True,True,0.00026124392662182146,51300952.81580113,True,1.3135034713978874e-07,3.8769441658904864e-05,-130.45700043832332,-788.4723892927994,-140.0381263715907,-374.5707577241234,,-136.90131319991144,-747.928847867128,,
1000.0,0.05,2590.3798089510756,False,True,862.4810430070509,2590.3798089510756,5.857845612114087,False,False,False,129.5189904475538,True,25,15.441750997973239,2.03252092784638,4,8.289635008022288e-24,True,2.0,1.7743402761670338e+22,-1.5741417078142532e+42,4.095306567218333e-19,4.095306567218333e-19,-1.5741417078142532e+42,-1.5741417078142532e+42,999.7915715574129,4.0953065539550766e-19,-268.26037380432103,3.331435698663808e+25,4.725115086104226e+16,True,True,3.1788475293062274e-05,77621723236837.06,True,4.848300846506394e-09,8.446890357823698e-11,-212.01099095099704,-1342.9747687118909,-254.20803477695628,-1124.9876570610518,,-247.38975274163994,-1296.5368101505182,,
1000.0,0.1,4.0,False,False,375.7887470587298,1239.7381300307422,5.580406316774825,False,False,True,0.4,False,459,285.59407337278884,142.79703668639442,9,2.7443876577643615e-15,True,16903.352599310965,1.0031658068972553,-0.020126832722556432,1.374198331198026,1.374198331198026,1.3540714984754696,1.3118087819305637,999.7915715574129,0.04226271654490579,0.5787979861219014,0.012214027581601701,1.647845691201319,False,False,7.820679396414562,5.691084917558075,False,1.3167396871578887,1.0436370564360815,0.7525157799689377,-51.80373170305243,2.448740342851847,-1.737177927613007,4.447398615381018e-53,3.01329721715965,-47.03308987017959,4454,44
1000.0,0.1,6.0,False,False,375.7887470587298,1239.7381300307422,5.580406316774825,False,False,True,0.6000000000000001,False,459,285.59407337278884,88.6450465599608,9,1.886682549166733e-18,True,7553.023252403636,1.0071330183655594,-0.020286338333642448,0.3282914441626562,0.3282914441626562,0.30800510582901375,0.2671785164765684,999.7915715574129,0.04082658935244539,-1.7630618942732195,0.013498588075760034,1.502848906847632,False,False,3.5314901761540938,10.757180057377223,False,0.39014509249122625,0.8414598837227177,-1.5024852040455314,-64.32723200341606,0.19031113162213886,-2.6057668914195107,1.925727535188854e-65,0.7408403560678242,-58.82473993141947,6270,51
1000.0,0.1,8.0,False,False,375.7887470587298,1239.7381300307422,5.580406316774825,False,False,True,0.8,False,459,285.59407337278884,63.407777210988485,9,1.078681927206083e-20,True,4268.921814903285,1.0127057362312821,-0.020511458163914868,0.061212383494277475,0.061212383494277475,0.04070092533036261,0.0018149686428438165,999.7915715574129,0.03888595668751879,-3.7557297103035223,0.014918246976412707,1.37492415806935,False,False,2.014523593765751,32.910392942860675,False,0.1645924608947361,0.3719027175456439,-3.408294123695184,-74.83612808460282,-1.720290659247932,-3.474355855226014,3.4350171691919606e-77,-1.1800161444610762,-68.71712803670957,8042,56
1000.0,0.1,10.0,False,False,375.7887470587298,1239.7381300307422,5.580406316774825,False,False,True,1.0,False,459,285.59407337278884,49.02129693563779,9,1.9677131826111912e-22,True,2743.916821113326,1.0199026796385429,-0.02080402951867761,0.06434873925889227,0.06434873925889227,0.04354470974021466,0.00703813702308255,999.7915715574129,0.03650657271713211,-5.521949416284251,0.016487212707001285,1.2618281748644626,False,False,1.305572395737464,20.28901281942441,False,0.08427133997810488,0.7635898429479248,-5.087654933295263,-84.06457188528674,-3.4058023946155975,-4.3429448190325175,3.342688779996704e-85,-2.8743714119727066,-77.40550162233282,9786,61
1000.0,0.1,12.0,False,False,375.7887470587298,1239.7381300307422,5.580406316774825,False,False,True,1.2000000000000002,False,459,285.59407337278884,39.80988143104963,9,7.475194078760175e-24,True,1913.0144988512056,1.0287480556552326,-0.021166451240288438,0.05071663470469265,0.05071663470469265,0.02955018346440421,-0.00421709557413328,999.7915715574129,0.03376727903853749,-7.125705978953062,0.018221188003905094,1.161639473548713,False,False,0.9169836102955272,18.08052950742573,False,0.04876813656140328,1.039954328393008,-6.604552599583423,-92.38674221269925,-4.930200650047228,-5.211533782839021,-4.613616835408219e-94,-4.4072115047944465,-85.2431500895259,11508,65
1000.0,0.1,14.0,False,False,375.7887470587298,1239.7381300307422,5.580406316774825,False,False,True,1.4000000000000001,False,459,285.59407337278884,33.392506183565985,8,3.7469240694839876e-23,True,1410.590524701681,1.0392716649334397,-0.02160171187067048,0.03390029829486831,0.03390029829486831,0.012298586424197833,-0.018457625827029284,999.7915715574129,0.030756212251227117,-8.605443772973633,0.02013752707470477,1.0727092651711394,False,False,0.6806974183345859,20.079393178603006,False,0.030711129729630058,1.1038440654353834,-7.997431497223344,-100.02398193737444,-6.331919666269035,-6.080122746645525,3.643253749225205e-102,-5.8174215289180715,-92.43863954106502,13216,69
1000.0,0.1,16.0,False,False,375.7887470587298,1239.7381300307422,5.580406316774825,False,False,True,1.6,False,459,285.59407337278884,28.654344148921474,8,4.466024004758248e-24,True,1083.6336343274165,1.0515090319262406,-0.022113424884449197,0.03029270876110104,0.03029270876110104,0.008179283876651844,-0.019387378756864432,999.7915715574129,0.027566662633516276,-9.986427355239899,0.02225540928492468,0.9936202296413547,False,False,0.5261232835678125,17.367984082143522,False,0.02057405761184201,1.4723740611898146,-9.291556183108957,-107.1200578340426,-7.636212193585818,-6.948711710452028,-7.120378761595568e-110,-7.130445126334085,-99.12723776956189,14910,72
1000.0,0.1,18.0,False,False,375.7887470587298,1239.7381300307422,5.580406316774825,False,False,True,1.8,False,459,285.59407337278884,25.072971073552026,8,6.8435717208233315e-25,True,858.9141812405617,1.0655015603158562,-0.022705871500710486,0.026453300994154997,0.026453300994154997,0.003747429493444511,-0.02054539587779451,999.7915715574129,0.024292825371239023,-11.286325454095362,0.024596031111569504,0.9231518450157626,False,False,0.4193576849918288,15.852754447714794,False,0.014449818240415788,1.8307012970007999,-10.504595385583771,-113.77458673141554,-8.86073356130703,-7.817300674258532,-2.7730282909643413e-115,-8.364000166362615,-105.40256485876961,16596,76
1000.0,0.1,20.0,False,False,375.7887470587298,1239.7381300307422,5.580406316774825,False,False,True,2.0,False,459,285.59407337278884,22.279541662900655,8,1.278476651738168e-25,True,697.7957203666964,1.0812967144356884,-0.023384051692988298,0.02197408974541972,0.02197408974541972,-0.001409961947568577,-0.022435647566190105,999.7915715574129,0.021025685618621528,-12.518074644513566,0.027182818284590456,0.8602511869140653,True,False,0.3424517990277831,15.584345153553574,False,0.01053391749726311,2.0860320722208963,-11.649485679621327,-120.0599552905042,-10.018405442026932,-8.685889638065035,1.3108280983457745e-121,-9.531006200320913,-111.33258674922487,18272,79
1000.0,0.1,22.0,False,False,375.7887470587298,1239.7381300307422,5.580406316774825,False,False,True,2.2,False,459,285.59407337278884,20.045401481011176,8,2.8035104373159816e-26,True,578.3212596703081,1.0989482276006108,-0.024153744138930483,0.018279339367236774,0.018279339367236774,-0.005874404771693709,-0.023723667418440716,999.7915715574129,0.017849262646747008,-13.691486999851882,0.03004166023946434,0.8040082986891925,True,False,0.285171697284115,15.600766064623015,False,0.007914288127169879,2.309663114801634,-12.736039138578992,-126.0307193333814,-11.119023600078139,-9.554478601871539,7.686874981216191e-128,-10.641224900341527,-116.96848798246984,19942,82
1000.0,0.1,24.0,False,False,375.7887470587298,1239.7381300307422,5.580406316774825,False,False,True,2.4000000000000004,False,459,285.59407337278884,18.22163936644702,8,7.017278118815757e-27,True,487.25967733539426,1.118516338396783,-0.025021575985210945,0.015251974766131335,0.015251974766131335,-0.00976960121907961,-0.024607009203219486,999.7915715574129,0.014837407984139876,-14.814216297406361,0.03320116922736549,0.7536353859666889,True,False,0.24133081806871623,15.822922721103467,False,0.00609601707017541,2.501957358477749,-13.771909539752821,-131.72920375342505,-12.170224200031303,-10.423067565678043,8.334167217074685e-134,-11.702243773579243,-122.34995200866653,21604,85
1000.0,0.1,26.0,False,False,375.7887470587298,1239.7381300307422,5.580406316774825,False,False,True,2.6,False,459,285.59407337278884,16.70732094999395,8,1.9627882564748494e-27,True,416.25053332877025,1.1400680561249503,-0.02599510345193046,0.012368375235548052,0.012368375235548052,-0.013626728216382408,-0.025678038539450894,999.7915715574129,0.012051310323068486,-15.892370562763839,0.03669296667619245,0.7084492153859258,True,False,0.2070079545710282,16.736875347706533,False,0.004794682520374652,2.579602545734686,-14.763204908729646,-137.18902642625923,-13.178096458851357,-11.291656529484547,-7.322161722759395e-139,-12.720098259807697,-127.5084808748316,23262,88
1000.0,0.1,28.0,False,False,375.7887470587298,1239.7381300307422,5.580406316774825,False,False,True,2.8000000000000003,False,459,285.59407337278884,15.431728931281448,8,6.034648576270374e-28,True,359.7996311871578,1.1636774567404884,-0.02708290446652023,0.009603653925026066,0.009603653925026066,-0.017479250541494164,-0.027017059936691304,999.7915715574129,0.009537809395197138,-16.930917482949493,0.04055199966844676,0.667856201616446,True,False,0.17961852875047687,18.70314467313433,False,0.0038388912162037572,2.501673890755109,-15.714892932534653,-142.43741558533475,-14.147588170322576,-12.16024549329105,9.48602351413763e-144,-13.699682387989977,-132.46957655415284,24914,90
1000.0,0.1,30.0,False,False,375.7887470587298,1239.7381300307422,5.580406316774825,False,False,True,3.0,False,459,285.59407337278884,14.343916841007193,8,2.0129170431543175e-28,True,314.17519999915305,1.1894260107901675,-0.02829468470288424,0.007451597404673601,0.007451597404673601,-0.02084308729821064,-0.028171653166479644,999.7915715574129,0.007328565868269003,-17.933962419625015,0.04481689070338065,0.6313397529103888,True,True,0.15740196680151014,21.12325160009161,False,0.00312116073992981,2.387444295752988,-16.631078972829524,-147.49679004355627,-15.082783831639466,-13.028834457097554,2.63261307168596e-149,-14.645029630656003,-137.25422736255672,26562,93
1000.0,0.1,32.0,False,False,375.7887470587298,1239.7381300307422,5.580406316774825,False,False,True,3.2,False,459,285.59407337278884,13.406297961638797,8,7.208058485698595e-29,True,276.7701468509423,1.2174029450106583,-0.029641398610412484,0.0055445813598272815,0.0055445813598272815,-0.0240968172505852,-0.02953689589260621,999.7915715574129,0.005440078642021008,-18.904944818759063,0.04953032424395116,0.5984495167933896,True,True,0.1391248502766526,25.092038739780794,False,0.0025717572014802514,2.155950552655567,-17.51520247558292,-152.3858700181248,-15.987101167280702,-13.897423420904056,-7.037233162423085e-154,-15.5595107898354,-141.8799522026245,28208,95
1000.0,0.1,34.0,False,False,375.7887470587298,1239.7381300307422,5.580406316774825,False,False,True,3.4000000000000004,False,459,285.59407337278884,12.59056615324628,8,2.7471751403135695e-29,True,245.71827055585194,1.2477056394280504,-0.031135387253211206,0.003880716056424731,0.003880716056424731,-0.027254671196786474,-0.031129159867267903,999.7915715574129,0.003874488670481427,-19.84678053287656,0.05473947391727202,0.5687922266163215,True,True,0.12390188056361362,31.92758211683318,False,0.0021440906772365377,1.809958924604105,-18.37017929331977,-157.1204784621924,-16.8634335650437,-14.76601238471056,-1.6413739077765649e-158,-16.445977011936122,-146.36155345418084,29848,98
1000.0,0.1,36.0,False,False,375.7887470587298,1239.7381300307422,5.580406316774825,False,False,True,3.6,False,459,285.59407337278884,11.875018554932728,8,1.106445448162351e-29,True,219.6550741380747,1.2804400619821412,-0.0327905350465766,0.0026716771101891875,0.0026716771101891875,-0.03011885793638741,-0.03273992107265269,999.7915715574129,0.002621063136265276,-20.76196723044001,0.06049647464412948,0.5420238987390079,True,True,0.11108405604201423,41.57839868386944,False,0.0018062272800519735,1.4791478014396455,-19.198507094502563,-161.71413216968529,-17.714255597658052,-15.634601348517064,,-17.30686543950477,-150.71167207471223,,
1000.0,0.1,38.0,False,False,375.7887470587298,1239.7381300307422,5.580406316774825,False,False,True,3.8000000000000003,False,459,285.59407337278884,11.242750277131375,8,4.6811536190126306e-30,True,197.56408777944844,1.3157212428949938,-0.034622447780102955,0.0016898969090287357,0.0016898969090287357,-0.03293255087107422,-0.03459076917513612,999.7915715574129,0.0016582183040619043,-21.65266396817353,0.06685894442279272,0.5178431708577783,True,True,0.10018667366664426,59.28567188410701,False,0.00153578036116972,1.1003506437220187,-20.002344935855437,-166.17848635808664,-18.541702704762,-16.503190312323568,,-18.144278770223238,-154.94120491776764,,
1000.0,0.1,40.0,False,False,375.7887470587298,1239.7381300307422,5.580406316774825,False,False,True,4.0,False,459,285.59407337278884,10.68040786073385,8,2.0699447452271515e-30,True,178.67545816367542,1.3536737912113446,-0.036648654660249906,0.0009571469966866293,0.0009571469966866293,-0.03569150766356328,-0.03664742333591381,999.7915715574129,0.0009559156723505353,-22.5207522745503,0.07389056098930652,0.49598560586857254,True,True,0.09084171880960587,94.90884798685475,False,0.0013167396871578887,0.7269067728584829,-20.783574345851555,-170.5236748072193,-19.347632382554384,-17.37177927613007,,-18.960046186225988,-159.05962388393056,,
1000.0,0.1,42.0,False,False,375.7887470587298,1239.7381300307422,5.580406316774825,False,False,True,4.2,False,459,285.59407337278884,10.177310290803351,8,9.525181282947952e-31,True,162.39742691037924,1.3944324561600983,-0.038888837495853694,0.000500179318248485,0.000500179318248485,-0.03838865817760521,-0.03886691330724693,999.7915715574129,0.0004782551296417239,-23.367883742306898,0.08166169912567653,0.4762188138652879,True,True,0.08276563037194094,165.47191647541024,False,0.0011374492492455576,0.4397377013350193,-21.543846917227505,-174.75857405776497,-20.133671878202634,-18.240368239936576,,-19.755770719820667,-163.07522372597575,,
1000.0,0.1,44.0,False,False,375.7887470587298,1239.7381300307422,5.580406316774825,False,False,True,4.4,False,459,285.59407337278884,9.724817470974077,8,4.5444777795706735e-31,True,148.2690454086606,1.438142736222579,-0.04136509059499533,0.00019494641591472786,0.00019494641591472786,-0.0411701441790806,-0.04135623487506518,999.7915715574129,0.00018609069598457892,-24.19551760478869,0.09025013499434124,0.4583382683869554,True,True,0.07573701191799778,388.5016893623023,False,0.0009892860158962349,0.19705768886070615,-22.284621883328647,-178.89101141353552,-20.901255863155185,-19.108957203743078,,-20.53286657089591,-166.99531707859407,,
1000.0,0.1,46.0,False,False,375.7887470587298,1239.7381300307422,5.580406316774825,False,False,True,4.6000000000000005,False,459,285.59407337278884,9.315868800444207,8,2.240752304671713e-31,True,135.92692149609718,1.484961539045817,-0.04410221544890644,4.17152821649092e-05,4.17152821649092e-05,-0.04406050016674153,-0.04410000828916373,999.7915715574129,3.950812242219744e-05,-25.004950759761847,0.09974182454814726,0.4421637126521329,True,True,0.06958092645456333,1667.9960638764335,False,0.0008657777181937297,0.0481824390814073,-23.00719614192115,-182.9279306981354,-21.651656548465358,-19.977546167549583,,-21.292588863437125,-170.82638982857753,,
1000.0,0.1,48.0,False,False,375.7887470587298,1239.7381300307422,5.580406316774825,False,False,False,4.800000000000001,False,459,285.59407337278884,8.944640882636765,8,1.1386345216345836e-31,True,125.08143160628345,1.535057895609337,-0.047128054857451335,8.642545008760857e-06,8.642545008760857e-06,-0.04711941231244257,-0.047119439639292805,999.7915715574129,2.7326850233946466e-08,-25.797342018330433,0.11023176380641607,0.4275360679179138,True,True,0.06415764021026166,7423.466137026273,False,0.0007620021337719263,0.011341890823822344,-23.712728504109087,-186.87552580021153,-22.38600801935974,-20.846135131356085,,-22.03605763244705,-174.57422625561992,,
1000.0,0.1,50.0,False,False,375.7887470587298,1239.7381300307422,5.580406316774825,False,False,False,5.0,False,459,285.59407337278884,8.595607163040604,7,1.0767972414903893e-28,True,115.49943868742312,1.5886137323432645,-0.05047387181179195,3.532047719826311e-05,3.532047719826311e-05,-0.050438551334593684,-0.05047097525013601,999.7915715574129,3.242391554232478e-05,-26.573731882075148,0.12182493960703476,0.41431476982137855,True,True,0.05935442960411905,1680.4537852347535,True,0.000674170719824839,0.05239099854031033,-24.402259471473155,-190.73934934127206,-23.105326091879537,-21.71472409516259,,-22.764277351878665,-178.244010833759,,
1000.0,0.1,52.0,False,False,375.7887470587298,1239.7381300307422,5.580406316774825,False,False,False,5.2,False,459,285.59407337278884,8.276561449623422,7,6.241241378793031e-29,True,106.99155833110878,1.6458247052057287,-0.05417477920531049,0.00010794367453433718,0.00010794367453433718,-0.05406683553077615,-0.054172935543842574,999.7915715574129,0.0001061000130664219,-27.33505881747933,0.13463738035001693,0.40237547005498964,True,True,0.05507953335900624,510.26179715130314,True,0.0005993353150468315,0.1801056467461834,-25.076727510496685,-194.5244019049949,-23.81052466048188,-22.583313058969093,,-23.4781529763883,-181.84041180144158,,
1000.0,0.1,54.0,False,False,375.7887470587298,1239.7381300307422,5.580406316774825,False,False,False,5.4,False,459,285.59407337278884,7.984144653060324,7,3.692786990038439e-29,True,99.40265429944863,1.7069011000602852,-0.05827022730774025,0.00019908768305040598,0.00019908768305040598,-0.05807113962468984,-0.058267111900728495,999.7915715574129,0.0001959722760386518,-28.082172757769683,0.1487973172487284,0.391608050367845,True,True,0.05125763030206492,257.46258892915677,True,0.0005351784533487329,0.3720024261153812,-25.736982554406392,-198.23520591532522,-24.502429266649703,-23.451902022775595,,-24.178503228516554,-185.36765033762353,,
1000.0,0.1,56.0,False,False,375.7887470587298,1239.7381300307422,5.580406316774825,False,False,False,5.6000000000000005,False,459,285.59407337278884,7.715266127774672,7,2.2270623696415813e-29,True,92.60465988253361,1.7720688040513868,-0.06280455692584226,0.00028435269218468915,0.00028435269218468915,-0.06252020423365758,-0.06280308559863337,999.7915715574129,0.0002828813649758063,-28.815846388889074,0.16444646771097057,0.3819149039809533,True,True,0.04782641778300355,168.1940037759162,True,0.00047986140202546966,0.5925725448732727,-26.38379728914513,-201.87586727235472,-25.181788445238197,-24.3204909865821,,-24.866071688154996,-188.82955826197397,,
1000.0,0.1,58.0,False,False,375.7887470587298,1239.7381300307422,5.580406316774825,False,False,False,5.800000000000001,False,459,285.59407337278884,7.467287764963452,7,1.3671702763257613e-29,True,86.49109638216531,1.841570353059785,-0.06782762730537482,0.00035443148299447004,0.00035443148299447004,-0.06747319582238036,-0.06782675550149983,999.7915715574129,0.00035355967911947076,-29.53678464878063,0.1817414536944307,0.37320944631276126,True,True,0.04473399449727216,126.21337732001115,True,0.00043191264493267905,0.8206091837151798,-27.01787665265603,-205.4501271372694,-25.849283277826526,-25.189079950388603,,-25.541536112850395,-192.2296265030089,,
1000.0,0.1,60.0,False,False,375.7887470587298,1239.7381300307422,5.580406316774825,False,False,False,6.0,False,459,285.59407337278884,7.237944907120068,7,8.532995792407182e-30,True,80.97284500249394,1.9156660607324674,-0.07339552912484501,0.00040149527006287937,0.00040149527006287937,-0.07299403385478213,-0.07339425456881264,999.7915715574129,0.0004002207140305059,-30.245632774205905,0.20085536923187672,0.3654148226434207,True,True,0.04193683834390469,104.451637343914,True,0.00039014509249122627,1.0290921961857264,-27.639865881700658,-208.96140572456557,-26.505535487453972,-26.05766891419511,,-26.205516322128474,-195.5710460773181,,
1000.0,0.1,62.0,False,False,375.7887470587298,1239.7381300307422,5.580406316774825,False,False,False,6.2,False,459,285.59407337278884,7.025283180480286,7,5.408754641894097e-30,True,75.97485484219906,1.9946352350256618,-0.07957139441611756,0.00042070258413983363,0.00042070258413983363,-0.07915069183197773,-0.07957054434587583,999.7915715574129,0.0004198525138981133,-30.942983157818365,0.2219795128144164,0.35846278517892943,True,True,0.03939822937632941,93.64865076092373,True,0.00035359395445816216,1.189790093511375,-28.250357368932473,-212.41283955922765,-27.151114337674954,-26.92625787800161,,-26.858580907323084,-198.85674294700826,,
1000.0,0.1,64.0,False,False,375.7887470587298,1239.7381300307422,5.580406316774825,False,False,False,6.4,False,459,285.59407337278884,6.827607645776635,7,3.47842764676172e-30,True,71.43355730158639,2.0787774886771784,-0.08642631694861994,0.00041356412853195813,0.00041356412853195813,-0.08601275282008798,-0.08642606142435728,999.7915715574129,0.0004133086042693075,-31.629381223808227,0.24532530197109356,0.3522927160558574,True,True,0.03708700915123473,89.67656184999332,True,0.0003214696501850314,1.2864795426066473,-28.84989653854168,-215.8073133524632,-27.786542544507483,-27.794846841808113,,-27.501252973929027,-202.08940783703156,,
1000.0,0.1,66.0,False,False,375.7887470587298,1239.7381300307422,5.580406316774825,False,False,False,6.6000000000000005,False,459,285.59407337278884,6.6434415657673735,7,2.267624677281678e-30,True,67.29481874949472,2.1684141505387515,-0.09404039856513394,0.0003850040831643473,0.0003850040831643473,-0.09365539448196959,-0.09403968695059484,999.7915715574129,0.00038429246862524554,-32.305330488633764,0.271126389206579,0.34685077627571637,True,True,0.034976596785773466,90.84733984715417,True,0.00029312178248777334,1.3134611829143286,-29.438986906986568,-219.1474874164167,-28.412301368084638,-28.66343580561462,,-28.134015081712224,-205.27152187524763,,
1000.0,0.1,68.0,False,False,375.7887470587298,1239.7381300307422,5.580406316774825,False,False,False,6.800000000000001,False,459,285.59407337278884,6.471492742275644,7,1.4973012094678568e-30,True,63.51230703703892,2.2638897852530144,-0.10250393919545882,0.000338712712416265,0.000338712712416265,-0.10216522648304255,-0.10250355318271653,999.7915715574129,0.0003383266996739829,-32.97129694094595,0.2996410004739703,0.3420891634766895,True,True,0.03304420268029268,97.5582004128697,True,0.0002680113346545672,1.2637999540311344,-30.018094462918096,-222.43582135785022,-29.028835018436485,-29.53202476942112,,-28.757313515463483,-208.40537874877697,,
1000.0,0.1,70.0,False,False,375.7887470587298,1239.7381300307422,5.580406316774825,False,False,False,7.0,False,459,285.59407337278884,6.310625857177608,7,1.0006333423660513e-30,True,60.046178897140116,2.3655738293566433,-0.11191879084274109,0.0002818657817847649,0.0002818657817847649,-0.11163692506095632,-0.11191871165685868,999.7915715574129,0.00028178659590235493,-33.62771284947479,0.33115451958692316,0.33796546392405213,True,True,0.031270195728983055,110.94002092407669,True,0.00024568903783704047,1.1472460646442013,-30.587651475066288,-225.67459464996742,-29.636554484509656,-30.400613733227626,,-29.371561994027598,-211.49310393811612,,
1000.0,0.1,72.0,False,False,375.7887470587298,1239.7381300307422,5.580406316774825,False,False,False,7.2,False,459,285.59407337278884,6.1598396099461254,7,6.763535733269353e-31,True,56.86201812572527,2.473862352534489,-0.12239989878574957,0.00022149975405591336,0.00022149975405591336,-0.12217839903169365,-0.12239946081085981,999.7915715574129,0.00022106177916615105,-34.274980087677754,0.36598234443677996,0.3344420861998522,True,True,0.029637590657734837,133.8041695985513,True,0.00022577841000649668,0.9810493131275918,-31.148059816888612,-228.86592457077668,-30.2358408755739,-31.269202697034128,,-29.977144905365186,-214.53667148659292,,
1000.0,0.1,74.0,False,False,375.7887470587298,1239.7381300307422,5.580406316774825,False,False,False,7.4,False,459,285.59407337278884,6.018247713143879,7,4.6209908838276446e-31,True,53.92997121773425,2.589179953442983,-0.13407705662622016,0.00016200591806648764,0.00016200591806648764,-0.13391505070815368,-0.1340769409226138,999.7915715574129,0.00016189021446013217,-34.9134730480978,0.40447304360067404,0.33148576585635464,True,True,0.028131630078331048,173.64569402202798,True,0.00020796236150401968,0.7790155723123785,-31.699693880928006,-232.0117819085968,-30.82704834831637,-32.137791660840634,,-30.574420139647682,-217.53791868041606,,
1000.0,0.1,76.0,False,False,375.7887470587298,1239.7381300307422,5.580406316774825,False,False,False,7.6000000000000005,False,459,285.59407337278884,5.88506301073032,7,3.189407999881373e-31,True,51.22403956167378,2.7119818002689327,-0.14709690569979844,0.00010896837639153088,0.00010896837639153088,-0.1469879373234069,-0.14709682604106536,999.7915715574129,0.00010888871765845933,-35.543541206705456,0.44701184493300844,0.3290671318158094,True,True,0.02673944174570838,245.38717223455478,True,0.000191972545146215,0.5676247939961186,-32.242903143155004,-235.11400476522363,-31.41050668024938,-33.006380624647136,,-31.163721579805706,-220.49855894887727,,
1000.0,0.1,78.0,False,False,375.7887470587298,1239.7381300307422,5.580406316774825,False,False,False,7.800000000000001,False,459,285.59407337278884,5.759584139336452,7,2.2226405828097106e-31,True,48.72149658806506,2.8427558269963025,-0.16162521383842865,6.551733008366849e-05,6.551733008366849e-05,-0.16155969650834498,-0.16162498094551708,999.7915715574129,6.528443717210451e-05,-36.165511387301756,0.494024491055302,0.3271603265926669,True,True,0.025449755918809196,388.44311705481203,True,0.00017758083408795007,0.3689437005978915,-32.77801442737066,-238.17431073098095,-31.986523539853312,-33.87496958845364,,-31.745361298840617,-223.4201932414896,,
1000.0,0.1,80.0,False,False,375.7887470587298,1239.7381300307422,5.580406316774825,False,False,False,8.0,False,459,285.59407337278884,5.641184272095355,7,1.5631497412434108e-31,True,46.402405270344296,2.982025097223648,-0.17784947360943418,3.2857790315590634e-05,3.2857790315590634e-05,-0.1778166158191186,-0.17784945025925292,999.7915715574129,3.2834440134332854e-05,-36.77968976780186,0.5459815003314424,0.3257426735181856,True,True,0.02425267105635238,738.1102266285014,True,0.00016459246089473609,0.19963119900494466,-33.305333911490116,-241.19430766035168,-32.55538649560929,-34.74355855226014,,-32.31963150503307,-226.304320096187,,
1000.0,0.1,82.0,False,False,375.7887470587298,1239.7381300307422,5.580406316774825,False,False,False,8.200000000000001,False,459,285.59407337278884,5.529301577144132,7,1.108939404194196e-31,True,44.249216696758964,3.130350348313626,-0.19598186606374482,1.1986625783764943e-05,1.1986625783764943e-05,-0.19596987943796104,-0.1959817860526534,999.7915715574129,1.1906614692336913e-05,-37.38636366349538,0.6034028759736201,0.3247943850905889,True,True,0.023139458612144653,1930.4397275407941,True,0.0001528404622286837,0.0784257362806863,-33.82514891080299,-244.17550323987132,-33.11736479933909,-35.61214751606665,,-32.88680626953181,-229.15234457802302,,
1000.0,0.1,84.0,False,False,375.7887470587298,1239.7381300307422,5.580406316774825,False,False,False,8.4,False,459,285.59407337278884,5.423431095090513,7,7.93247742833306e-32,True,42.24643450321322,3.2883327296690315,-0.21626264282025173,1.7883385499175394e-06,1.7883385499175394e-06,-0.21626085448170182,-0.21626253986492716,999.7915715574129,1.6853832253350392e-06,-37.985803116872894,0.6668633104092516,0.3242983073810615,True,True,0.022102399635603304,12359.180892579008,True,0.0001421811561556947,0.012577887240973263,-34.337729467799846,-247.1193135096921,-33.67271097374744,-36.48073647987315,,-33.44714306536593,-231.96558623944782,,
1000.0,0.1,86.0,False,False,375.7887470587298,1239.7381300307422,5.580406316774825,False,False,False,8.6,False,459,285.59407337278884,5.323117796408813,7,5.719188910104323e-32,True,40.38033309485834,3.456616750023281,-0.23896398713083025,4.7365139504890656e-07,4.7365139504890656e-07,-0.2389635134794352,-0.23896397400193378,999.7915715574129,4.6052249858998884e-07,-38.57826231907598,0.7369979369959581,0.3242396961175494,True,True,0.021134647380887793,44620.68010737211,True,0.00013249044105881382,0.003574985419805856,-34.84332977362229,-250.02707047533755,-34.2216622295126,-37.34932544367965,,-34.0008841424508,-234.74528622992793,,
1000.0,0.1,88.0,False,False,375.7887470587298,1239.7381300307422,5.580406316774825,False,False,False,8.8,False,459,285.59407337278884,5.227950624502133,7,4.154579336362517e-32,True,38.63872001873635,3.6358934498135076,-0.26439442356793547,6.009996137130777e-06,6.009996137130777e-06,-0.2643884135717983,-0.2643943701612031,999.7915715574129,5.956589404781369e-06,-39.163980884278104,0.8145086866496816,0.32460602066193917,True,True,0.02023011129140229,3366.077253597091,True,0.00012366075198702936,0.048600675966786605,-35.342189442443754,-252.90002892560753,-34.76444173350239,-38.217914407486155,,-34.548257759461386,-237.49261366341676,,
1000.0,0.1,90.0,False,False,375.7887470587298,1239.7381300307422,5.580406316774825,False,False,False,9.0,False,459,285.59407337278884,5.137557365747657,7,3.0397633086897497e-32,True,37.010734750611775,3.826903815978791,-0.2929038563350607,1.570867167470779e-05,1.570867167470779e-05,-0.292888147663386,-0.2929038112251762,999.7915715574129,1.5663561790198223e-05,-39.74318499518739,0.9001713130052182,0.3253867926064011,True,True,0.019383358635806182,1233.9272878823313,True,0.00011559854592332631,0.13588987256921872,-35.83453465697239,-255.73937255552045,-35.30125974655775,-39.08650337129266,,-35.08947929037717,-240.20867133619956,,
1000.0,0.1,92.0,False,False,375.7887470587298,1239.7381300307422,5.580406316774825,False,False,False,9.200000000000001,False,459,285.59407337278884,5.051600216275061,7,2.2394189579310218e-32,True,35.48667765222355,4.030442457901989,-0.3248893281291806,2.714931786620901e-05,2.714931786620901e-05,-0.3248621788113144,-0.32488931434853596,999.7915715574129,2.713553722158485e-05,-40.3160884352606,0.9948431564193388,0.32657341615388835,True,True,0.01858953078678772,684.71446974824,True,0.00010822221477421622,0.2508664041190672,-36.320579200664945,-258.54621947894873,-35.83231464666451,-39.95509233509917,,-35.624752220943215,-242.89450087430623,,
1000.0,0.1,94.0,False,False,375.7887470587298,1239.7381300307422,5.580406316774825,False,False,False,9.4,False,459,285.59407337278884,4.969771938071318,7,1.6606780087459162e-32,True,34.05786403476127,4.247361564699482,-0.3608016052257286,3.825999528198628e-05,3.825999528198628e-05,-0.3607633452304466,-0.3608015779435579,999.7915715574129,3.823271311126123e-05,-40.88289352103566,1.0994717245212355,0.3281590578264662,True,True,0.017844271699440768,466.39503136170737,True,0.00010146034594707443,0.3770930891753922,-36.80052539005936,-261.3216272036784,-36.35779385113305,-40.82368129890567,,-36.15426904814714,-245.5510873785264,,
1000.0,0.1,96.0,False,False,375.7887470587298,1239.7381300307422,5.580406316774825,False,False,False,9.600000000000001,False,459,285.59407337278884,4.891792515450694,7,1.239280928185579e-32,True,32.71649920135967,4.478575165667955,-0.40115271029075505,4.731676766078238e-05,4.731676766078238e-05,-0.40110539352309427,-0.40115268486763506,999.7915715574129,4.7291344540768364e-05,-41.4437919461538,1.21510417518735,0.33013853337217247,True,True,0.01714366659584933,362.31694266932226,True,9.525026672149078e-05,0.4967625738953082,-37.274564918796855,-264.06659713159934,-36.87787464955036,-41.69227026271217,,-36.67821209400846,-248.17936362567588,,
1000.0,0.1,98.0,False,False,375.7887470587298,1239.7381300307422,5.580406316774825,False,False,False,9.8,False,459,285.59407337278884,4.817406237895517,7,9.304124934687938e-33,True,31.455571089595878,4.72506371743073,-0.4465245426756063,5.3223697894473584e-05,5.3223697894473584e-05,-0.44647131897771186,-0.4465245348911015,999.7915715574129,5.321591338963125e-05,-41.99896554708994,1.3428977968493554,0.3325082100240402,True,True,0.01648418922201315,309.7152184858761,True,8.953682136918384e-05,0.5944336316677838,-37.74287962335233,-266.782078638269,-37.39272495769819,-42.56085922651867,,-37.1967542434533,-250.78021387684004,,
1000.0,0.1,100.0,False,False,375.7887470587298,1239.7381300307422,5.580406316774825,False,False,False,10.0,False,459,285.59407337278884,4.746379147473716,7,7.025815903179748e-33,True,30.268757735393717,4.9878790431985625,-0.4975787469915882,5.5511531469127826e-05,5.5511531469127826e-05,-0.49752323546011906,-0.4975787318958718,999.7915715574129,5.549643575275235e-05,-42.548586999293455,1.4841315910257662,0.3352659225100678,True,True,0.015862656332077032,285.7542552379209,True,8.427133997810488e-05,0.6587237307909268,-38.2056421791752,-269.4689727789179,-37.90250400129728,-43.42944819032518,,-37.71005961475702,-253.35447733660948,,
1000.0,0.1,102.0,False,False,375.7887470587298,1239.7381300307422,5.580406316774825,False,False,False,10.200000000000001,False,459,285.59407337278884,4.678496799028585,7,5.33499224052562e-33,True,29.15034726387706,5.268149651582862,-0.5550680150294526,5.417681231187063e-05,5.417681231187063e-05,-0.5550138382171407,-0.5550679991848235,999.7915715574129,5.416096768281868e-05,-43.0928204513203,1.6402190729990187,0.3384109014258394,True,True,0.015276188287965467,281.9691236174542,True,7.941076582357547e-05,0.6822351069152719,-38.6630167348214,-272.1281356618666,-38.40736293729931,-44.298037154131684,,-38.218284169938784,-255.9029513016122,,
1000.0,0.1,104.0,False,False,375.7887470587298,1239.7381300307422,5.580406316774825,False,False,False,10.4,False,459,285.59407337278884,4.613562289550117,7,4.072796871461075e-33,True,28.095168504877666,5.567086464584827,-0.619849034083272,4.968044237152519e-05,4.968044237152519e-05,-0.6197993536409004,-0.6198490321045019,999.7915715574129,4.967846360151132e-05,-43.631822103580056,1.8127224187515125,0.3419437127666708,True,True,0.014722174851569412,296.337434789179,True,7.491691438085394e-05,0.6631405308414801,-39.115159490700506,-274.7603815251177,-38.907445419476105,-45.166626117938186,,-38.72157627155541,-258.4263940317782,,
1000.0,0.1,106.0,False,False,375.7887470587298,1239.7381300307422,5.580406316774825,False,False,False,10.600000000000001,False,459,285.59407337278884,4.551394519918743,7,3.125252747074136e-33,True,27.098530649857093,5.8859889867458985,-0.6928973270418803,4.2841272585752823e-05,4.2841272585752823e-05,-0.6928544857692945,-0.6928973157446658,999.7915715574129,4.282997537126178e-05,-44.16574073750098,2.003368099747919,0.3458662075776622,True,True,0.014198245400593468,331.415117797299,True,7.075584205258777e-05,0.6054803581294668,-39.56221922824078,-277.3664855474266,-39.40288811421959,-46.03521508174469,,-39.22007719153883,-260.9255273736009,,
1000.0,0.1,108.0,False,False,375.7887470587298,1239.7381300307422,5.580406316774825,False,False,False,10.8,False,459,285.59407337278884,4.491826657832871,7,2.4100577401765058e-33,True,26.156170627669464,6.226251949996952,-0.775324266896817,3.4574635693896467e-05,3.4574635693896467e-05,-0.7752896922611231,-0.7753242590404508,999.7915715574129,3.456677932769543e-05,-44.69471820021051,2.214064162041872,0.35018148082113,True,True,0.013702242925086015,396.30910492875853,True,6.689730666859161e-05,0.5168315051184162,-40.00433779456965,-279.94718642133114,-39.893821171747526,-46.90380404555119,,-39.71392157703232,-263.40103916107853,,
1000.0,0.1,110.0,False,False,375.7887470587298,1239.7381300307422,5.580406316774825,False,False,False,11.0,False,459,285.59407337278884,4.434704775407683,7,1.8674144999706015e-33,True,25.264207090416242,6.5893724715020845,-0.86839659136379,2.5873271725313902e-05,2.5873271725313902e-05,-0.8683707180920647,-0.8683965907186038,999.7915715574129,2.5872626539098125e-05,-45.21888984922063,2.4469193226422044,0.3548938386845088,True,True,0.0132322012650662,511.4235805021935,True,6.331430501735904e-05,0.40864812017158153,-40.44165054719913,-282.5031887123171,-40.3803686572892,-47.7723930093577,,-40.203237877586524,-265.85358541693506,,
1000.0,0.1,112.0,False,False,375.7887470587298,1239.7381300307422,5.580406316774825,False,False,False,11.200000000000001,False,459,285.59407337278884,4.37988663883667,7,1.4536181004103323e-33,True,24.419100076724362,6.976957764773925,-0.9735587930287835,1.765281918939191e-05,1.765281918939191e-05,-0.973541140209594,-0.9735587845480632,999.7915715574129,1.764433846915591e-05,-45.738384961081344,2.7042640742615283,0.3600087736604051,True,True,0.012786325134886919,724.3219905957341,True,5.998267525318371e-05,0.29429863064427003,-40.87428676267919,-285.0351650254503,-40.862648946287656,-48.6409819731642,,-40.688148737562884,-268.2837923740536,,
1000.0,0.1,114.0,False,False,375.7887470587298,1239.7381300307422,5.580406316774825,False,False,False,11.4,False,459,285.59407337278884,4.3272406307783715,7,1.1365421312615262e-33,True,23.617615565318296,7.390733447559901,-1.0924588178576133,1.0603579617715584e-05,1.0603579617715584e-05,-1.0924482142779957,-1.0924588152111228,999.7915715574129,1.0600933127053127e-05,-46.253327107509335,2.9886740096706035,0.36553294682614734,True,True,0.012362972550485149,1165.9244327104516,True,5.688075411739704e-05,0.1864177045865232,-41.302370012726534,-287.543757998335,-41.34077508718886,-49.509570936970704,,-41.168771357147435,-270.6922583347464,,
1000.0,0.1,116.0,False,False,375.7887470587298,1239.7381300307422,5.580406316774825,False,False,False,11.600000000000001,False,459,285.59407337278884,4.276644788880272,7,8.92440713083864e-34,True,22.856794252484107,7.83255249348233,-1.2269775712631257,5.228434043044005e-06,5.228434043044005e-06,-1.2269723428290826,-1.2269775697541163,999.7915715574129,5.226925033693541e-06,-46.763834502102576,3.30299559909649,0.37147417683473644,True,True,0.011960639334219135,2287.6140801913275,True,5.398908061658488e-05,0.0968424352356518,-41.72601851093912,-290.0295821371146,-41.814855134981784,-50.378159900777206,,-41.645217824991136,-273.07955538348074,,
1000.0,0.1,118.0,False,False,375.7887470587298,1239.7381300307422,5.580406316774825,False,False,False,11.8,False,459,285.59407337278884,4.2279859461705716,7,7.036687442495464e-34,True,22.133923987515264,8.30440487818101,-1.3792628076151316,1.7560501618007123e-06,1.7560501618007123e-06,-1.37926105156497,-1.379262802500935,999.7915715574129,1.7509359651587922e-06,-47.270020320405585,3.65037467865329,0.37784143520411845,True,True,0.011577945420773032,6593.174655614975,True,5.1290139192727154e-05,0.03423757840083454,-42.14534543286148,-292.49322551036045,-42.28499245829949,-51.24674886458371,,-42.11759542515632,-275.4462309669318,,
1000.0,0.1,120.0,False,False,375.7887470587298,1239.7381300307422,5.580406316774825,False,False,False,12.0,False,459,285.59407337278884,4.181158961009915,7,5.570469986273238e-34,True,21.446515384156196,8.808427974778652,-1.5517680677372634,1.575197012236447e-07,1.575197012236447e-07,-1.551767910217562,-1.5517680669680267,999.7915715574129,1.5675046453124563e-07,-47.771992995788224,4.0342879349273515,0.38464484755850903,True,True,0.01121362272838832,71188.69983423434,True,4.876813656140328e-05,0.0032299717055072185,-42.56045921186347,-294.93525131406585,-42.75128602258139,-52.11533782839022,,-42.58600692075481,-277.79280935370906,,
1000.0,0.1,375.7887470587298,True,False,375.7887470587298,1239.7381300307422,5.580406316774825,False,False,False,37.578874705872984,True,171,106.44278284828107,2.4924832478963292,6,1.1524371403535356e-31,True,3.1625734549805844,93725.53442231103,-175689516.05495623,1.6931047901903076e-08,1.6931047901903076e-08,-175689516.0549562,-175689516.05495623,999.7915715574129,1.6931046325453533e-08,-94.10508237865773,1445935.6331006116,121.50576556316967,True,True,0.0012760001731905223,75364.51261514048,True,1.5879930098025864e-06,0.010661915888413063,-77.78478445667767,-516.1411126269502,-86.02953030323086,-163.2029792089432,,-85.72793120567965,-493.2544363357999,,
1000.0,0.1,1239.7381300307422,False,True,375.7887470587298,1239.7381300307422,5.580406316774825,False,False,False,123.97381300307423,True,52,32.264878389283794,2.095173563120702,5,3.0411775046683954e-28,True,2.0,1.466464057405577e+21,-4.3010336633248563e+40,9.35610887022276e-14,9.35610887022276e-14,-4.3010336633248563e+40,-4.3010336633248563e+40,999.7915715574129,9.356108870221381e-14,-181.47083515787705,8.328589246659518e+24,5164180314271041.0,True,True,0.00013049913224734425,1394801343.7795448,True,4.422725885206615e-08,2.115462073179259e-06,-127.62969226905057,-914.0564209981611,-168.26326511075348,-538.4114288774074,,-166.87122545457697,-896.8576030487271,,
1000.0,0.25,4.0,False,False,120.99419540351897,466.573948592324,5.23371441473535,False,False,True,1.0,False,459,285.59407337278884,142.79703668639442,9,2.7443876577643615e-15,True,16903.352599310965,1.0199026796385429,-0.13002518449173503,1.374198331198026,1.374198331198026,1.2441731467062909,1.201910430161385,999.7915715574129,0.04226271654490579,0.5787979861219014,0.10304507941875801,1.2618281748644626,False,False,7.820679396414562,5.691084917558075,False,1.3167396871578887,1.0436370564360815,1.0130924748110044,-51.54315500821036,1.8990649961465946,-1.737177927613007,4.231529813881789e-53,3.01329721715965,-47.03308987017959,4454,44
1000.0,0.25,6.0,False,False,120.99419540351897,466.573948592324,5.23371441473535,False,False,True,1.5,False,459,285.59407337278884,88.6450465599608,9,1.886682549166733e-18,True,7553.023252403636,1.0451736807768373,-0.13654850287357526,0.3282914441626562,0.3282914441626562,0.19174294128908095,0.15091635193663558,999.7915715574129,0.04082658935244539,-1.7630618942732195,0.13231250103829217,1.0320151293493964,False,False,3.5314901761540938,10.757180057377223,False,0.39014509249122625,0.8414598837227177,-1.1116201646324904,-63.936366964003014,-0.24690710750216893,-2.6057668914195107,2.611278931402087e-65,0.7408403560678242,-58.82473993141947,6270,51
1000.0,0.25,8.0,False,False,120.99419540351897,466.573948592324,5.23371441473535,False,False,True,2.0,False,459,285.59407337278884,63.407777210988485,9,1.078681927206083e-20,True,4268.921814903285,1.0812967144356884,-0.14615032308117684,0.061212383494277475,0.061212383494277475,-0.08493793958689937,-0.12382389627441816,999.7915715574129,0.03888595668751879,-3.7557297103035223,0.16989261427869032,0.8602511869140654,True,False,2.014523593765751,32.910392942860675,False,0.1645924608947361,0.3719027175456439,-2.8871407397111675,-74.3149747006188,-2.0519405194608473,-3.474355855226014,-4.591825688158701e-76,-1.1800161444610762,-68.71712803670957,8042,56
1000.0,0.25,10.0,False,False,120.99419540351897,466.573948592324,5.23371441473535,False,False,True,2.5,False,459,285.59407337278884,49.02129693563779,9,1.9677131826111912e-22,True,2743.916821113326,1.1290397859547654,-0.15934135478359782,0.06434873925889227,0.06434873925889227,-0.09499261552470555,-0.13149918824183765,999.7915715574129,0.03650657271713211,-5.521949416284251,0.2181464348413651,0.7304329997392347,True,False,1.305572395737464,20.28901281942441,False,0.08427133997810488,0.7635898429479248,-4.4362132047402705,-83.41313015673174,-3.638541710130001,-4.3429448190325175,8.758454959591357e-85,-2.8743714119727066,-77.40550162233282,9786,61
1000.0,0.25,12.0,False,False,120.99419540351897,466.573948592324,5.23371441473535,False,False,True,3.0,False,459,285.59407337278884,39.80988143104963,9,7.475194078760175e-24,True,1913.0144988512056,1.1894260107901675,-0.17684177939302645,0.05071663470469265,0.05071663470469265,-0.1261251446883338,-0.1598924237268713,999.7915715574129,0.03376727903853749,-7.125705978953062,0.28010556689612903,0.6313397529103887,True,True,0.9169836102955272,18.08052950742573,False,0.04876813656140328,1.039954328393008,-5.822822526457454,-91.60501213957328,-5.070407402611471,-5.211533782839021,-5.2177363027040156e-93,-4.4072115047944465,-85.2431500895259,11508,65
1000.0,0.25,14.0,False,False,120.99419540351897,466.573948592324,5.23371441473535,False,False,True,3.5,False,459,285.59407337278884,33.392506183565985,8,3.7469240694839876e-23,True,1410.590524701681,1.2637619135374374,-0.19963677176347566,0.03390029829486831,0.03390029829486831,-0.16573647346860734,-0.19649268571983447,999.7915715574129,0.030756212251227117,-8.605443772973633,0.35966266725035817,0.5550667053928903,True,True,0.6806974183345859,20.079393178603006,False,0.030711129729630058,1.1038440654353834,-7.0854130795264,-99.1119635196775,-6.385653617996359,-6.080122746645525,-4.786138340269282e-101,-5.8174215289180715,-92.43863954106502,13216,69
1000.0,0.25,16.0,False,False,120.99419540351897,466.573948592324,5.23371441473535,False,False,True,4.0,False,459,285.59407337278884,28.654344148921474,8,4.466024004758248e-24,True,1083.6336343274165,1.3536737912113446,-0.22905409162656187,0.03029270876110104,0.03029270876110104,-0.19876138286546083,-0.22632804549897712,999.7915715574129,0.027566662633516276,-9.986427355239899,0.46181600618316565,0.4959856058685726,True,True,0.5261232835678125,17.367984082143522,False,0.02057405761184201,1.4723740611898146,-8.24924942084104,-106.07775107177468,-7.6091874748879444,-6.948711710452028,-7.873697009263424e-108,-7.130445126334085,-99.12723776956189,14910,72
1000.0,0.25,18.0,False,False,120.99419540351897,466.573948592324,5.23371441473535,False,False,True,4.5,False,459,285.59407337278884,25.072971073552026,8,6.8435717208233315e-25,True,858.9141812405617,1.4611533007493396,-0.26687112103633626,0.026453300994154997,0.026453300994154997,-0.24041782004218126,-0.26471064541342026,999.7915715574129,0.024292825371239023,-11.286325454095362,0.5929834897724079,0.4500481474429645,True,True,0.4193576849918288,15.852754447714794,False,0.014449818240415788,1.8307012970007999,-9.332000278744877,-112.60199162457664,-8.758301858702707,-7.817300674258532,-5.747241094783219e-114,-8.364000166362615,-105.40256485876961,16596,76
1000.0,0.25,20.0,False,False,120.99419540351897,466.573948592324,5.23371441473535,False,False,True,5.0,False,459,285.59407337278884,22.279541662900655,8,1.278476651738168e-25,True,697.7957203666964,1.5886137323432645,-0.3154616988236997,0.02197408974541972,0.02197408974541972,-0.29348760907828,-0.3145132946969015,999.7915715574129,0.021025685618621528,-12.518074644513566,0.7614058725439671,0.41431476982137866,True,True,0.3424517990277831,15.584345153553574,False,0.01053391749726311,2.0860320722208963,-10.346602228211456,-118.75707183909432,-9.845548865961915,-8.685889638065035,1.5557027055012854e-120,-9.531006200320913,-111.33258674922487,18272,79
1000.0,0.25,22.0,False,False,120.99419540351897,466.573948592324,5.23371441473535,False,False,True,5.5,False,459,285.59407337278884,20.045401481011176,8,2.8035104373159816e-26,True,578.3212596703081,1.7389587829444775,-0.3779972060974673,0.018279339367236774,0.018279339367236774,-0.35971786673023054,-0.3775671293769775,999.7915715574129,0.017849262646747008,-13.691486999851882,0.9776644927617607,0.38663284684675403,True,True,0.285171697284115,15.600766064623015,False,0.007914288127169879,2.309663114801634,-11.302867342598145,-124.59754753740057,-10.88035593243289,-9.554478601871539,7.1153072558586704e-127,-10.641224900341527,-116.96848798246984,19942,82
1000.0,0.25,24.0,False,False,120.99419540351897,466.573948592324,5.23371441473535,False,False,True,6.0,False,459,285.59407337278884,18.22163936644702,8,7.017278118815757e-27,True,487.25967733539426,1.9156660607324674,-0.4587220570302812,0.015251974766131335,0.015251974766131335,-0.44347008226414986,-0.4583074902482897,999.7915715574129,0.014837407984139876,-14.814216297406361,1.2553460576992292,0.3654148226434207,True,True,0.24133081806871623,15.822922721103467,False,0.00609601707017541,2.501957358477749,-12.208449399201,-130.16574361287323,-11.869999022298389,-10.423067565678043,3.5556605214267254e-133,-11.702243773579243,-122.34995200866653,21604,85
1000.0,0.25,26.0,False,False,120.99419540351897,466.573948592324,5.23371441473535,False,False,True,6.5,False,459,285.59407337278884,16.70732094999395,8,1.9627882564748494e-27,True,416.25053332877025,2.122888046464401,-0.56333170722768,0.012368375235548052,0.012368375235548052,-0.550963331992132,-0.5630146423152005,999.7915715574129,0.012051310323068486,-15.892370562763839,1.6118962448245664,0.34948385110791746,True,True,0.2070079545710282,16.736875347706533,False,0.004794682520374652,2.579602545734686,-13.06945642360685,-135.49527794113644,-12.820220619874119,-11.291656529484547,-4.716946140690046e-137,-12.720098259807697,-127.5084808748316,23262,88
1000.0,0.25,28.0,False,False,120.99419540351897,466.573948592324,5.23371441473535,False,False,True,7.0,False,459,285.59407337278884,15.431728931281448,8,6.034648576270374e-28,True,359.7996311871578,2.3655738293566433,-0.6994924427671316,0.009603653925026066,0.009603653925026066,-0.6898887888421056,-0.6994265982373027,999.7915715574129,0.009537809395197138,-16.930917482949493,2.0697157474182695,0.3379654639240521,True,True,0.17961852875047687,18.70314467313433,False,0.0038388912162037572,2.501673890755109,-13.890856102840878,-140.61337875564098,-13.735639129628321,-12.16024549329105,5.5195901414494325e-142,-13.699682387989977,-132.46957655415284,24914,90
1000.0,0.25,30.0,False,False,120.99419540351897,466.573948592324,5.23371441473535,False,False,True,7.5,False,459,285.59407337278884,14.343916841007193,8,2.0129170431543175e-28,True,314.17519999915305,2.649615645043352,-0.8775578833073122,0.007451597404673601,0.007451597404673601,-0.8701062859026386,-0.8774348517709076,999.7915715574129,0.007328565868269003,-17.933962419625015,2.657567625003924,0.33021093237693866,True,True,0.15740196680151014,21.12325160009161,False,0.00312116073992981,2.387444295752988,-14.676753798564775,-145.5424648692915,-14.620029570508201,-13.028834457097554,1.7532507635650288e-147,-14.645029630656003,-137.25422736255672,26562,93
1000.0,0.25,32.0,False,False,120.99419540351897,466.573948592324,5.23371441473535,False,False,True,8.0,False,459,285.59407337278884,13.406297961638797,8,7.208058485698595e-29,True,276.7701468509423,2.982025097223648,-1.1115592100589633,0.0055445813598272815,0.0055445813598272815,-1.106014628699136,-1.111454707341157,999.7915715574129,0.005440078642021008,-18.904944818759063,3.4123843770715148,0.32574267351818553,True,True,0.1391248502766526,25.092038739780794,False,0.0025717572014802514,2.155950552655567,-15.430588956747199,-150.30125649928908,-15.47652155821045,-13.897423420904056,-9.279710932272708e-152,-15.5595107898354,-141.8799522026245,28208,95
1000.0,0.25,34.0,False,False,120.99419540351897,466.573948592324,5.23371441473535,False,False,True,8.5,False,459,285.59407337278884,12.59056615324628,8,2.7471751403135695e-29,True,245.71827055585194,3.371144974320063,-1.4205773047354273,0.003880716056424731,0.003880716056424731,-1.4166965886790026,-1.420571077349484,999.7915715574129,0.003874488670481427,-19.84678053287656,4.381588271667991,0.3242151513689896,True,True,0.12390188056361362,31.92758211683318,False,0.0021440906772365377,1.809958924604105,-16.15527742991307,-154.90557659878573,-16.307742301978728,-14.76601238471056,-2.853830641446223e-156,-16.445977011936122,-146.36155345418084,29848,98
1000.0,0.25,36.0,False,False,120.99419540351897,466.573948592324,5.23371441473535,False,False,True,9.0,False,459,285.59407337278884,11.875018554932728,8,1.106445448162351e-29,True,219.6550741380747,3.826903815978791,-1.830649102094129,0.0026716771101891875,0.0026716771101891875,-1.8279774249839398,-1.830598488120205,999.7915715574129,0.002621063136265276,-20.76196723044001,5.626070706282613,0.325386792606401,True,True,0.11108405604201423,41.57839868386944,False,0.0018062272800519735,1.4791478014396455,-16.853316886524894,-159.3689419617076,-17.115921993454332,-15.634601348517064,-7.663239628114919e-161,-17.30686543950477,-150.71167207471223,31486,100
1000.0,0.25,38.0,False,False,120.99419540351897,466.573948592324,5.23371441473535,False,False,True,9.5,False,459,285.59407337278884,11.242750277131375,8,4.6811536190126306e-30,True,197.56408777944844,4.361121887861767,-2.377423015098373,0.0016898969090287357,0.0016898969090287357,-2.3757331181893444,-2.3773913364934063,999.7915715574129,0.0016582183040619043,-21.65266396817353,7.224017782949229,0.329099828728243,True,True,0.10018667366664426,59.28567188410701,False,0.00153578036116972,1.1003506437220187,-17.52686638330679,-163.703007805538,-17.902972845968065,-16.503190312323568,,-18.144278770223238,-154.94120491776764,,
1000.0,0.25,40.0,False,False,120.99419540351897,466.573948592324,5.23371441473535,False,False,True,10.0,False,459,285.59407337278884,10.68040786073385,8,2.0699447452271515e-30,True,178.67545816367542,4.9878790431985625,-3.1098671686974257,0.0009571469966866293,0.0009571469966866293,-3.1089100217007393,-3.1098659373730895,999.7915715574129,0.0009559156723505353,-22.5207522745503,9.275822443911037,0.3352659225100678,True,True,0.09084171880960587,94.90884798685475,False,0.0013167396871578887,0.7269067728584829,-18.177807448731933,-167.91790791009967,-18.67054928819809,-17.37177927613007,,-18.960046186225988,-159.05962388393056,,
1000.0,0.25,42.0,False,False,120.99419540351897,466.573948592324,5.23371441473535,False,False,True,10.5,False,459,285.59407337278884,10.177310290803351,8,9.525181282947952e-31,True,162.39742691037924,5.7239571544478345,-4.0954606882443185,0.000500179318248485,0.000500179318248485,-4.09496050892607,-4.095438764055712,999.7915715574129,0.0004782551296417239,-23.367883742306898,11.910391778664374,0.3438560850349779,True,True,0.08276563037194094,165.47191647541024,False,0.0011374492492455576,0.4397377013350193,-18.807791675536905,-172.02251881607435,-19.42009443709342,-18.240368239936576,,-19.755770719820667,-163.07522372597575,,
1000.0,0.25,44.0,False,False,120.99419540351897,466.573948592324,5.23371441473535,False,False,True,11.0,False,459,285.59407337278884,9.724817470974077,8,4.5444777795706735e-31,True,148.2690454086606,6.5893724715020845,-5.4274786960236865,0.00019494641591472786,0.00019494641591472786,-5.4272837496077715,-5.427469840303757,999.7915715574129,0.00018609069598457892,-24.19551760478869,15.293245766513774,0.3548938386845088,True,True,0.07573701191799778,388.5016893623023,False,0.0009892860158962349,0.19705768886070615,-19.418278297067072,-176.02466782727393,-20.15287642450122,-19.108957203743078,,-20.53286657089591,-166.99531707859407,,
1000.0,0.25,46.0,False,False,120.99419540351897,466.573948592324,5.23371441473535,False,False,True,11.5,False,459,285.59407337278884,9.315868800444207,8,2.240752304671713e-31,True,135.92692149609718,7.608016505659712,-7.235239393798827,4.17152821649092e-05,4.17152821649092e-05,-7.235197678516663,-7.235237186639084,999.7915715574129,3.950812242219744e-05,-25.004950759761847,19.636916267855888,0.3684508960117304,True,True,0.06958092645456333,1667.9960638764335,False,0.0008657777181937297,0.0481824390814073,-20.0105642110886,-179.93129876730285,-20.870017116368924,-19.977546167549583,,-21.292588863437125,-170.82638982857753,,
1000.0,0.25,48.0,False,False,120.99419540351897,466.573948592324,5.23371441473535,False,False,False,12.0,False,459,285.59407337278884,8.944640882636765,8,1.1386345216345836e-31,True,125.08143160628345,8.808427974778652,-9.698550423357894,8.642545008760857e-06,8.642545008760857e-06,-9.698541780812885,-9.698541808139735,999.7915715574129,2.7326850233946466e-08,-25.797342018330433,25.214299593295944,0.384644847558509,True,True,0.06415764021026166,7423.466137026273,False,0.0007620021337719263,0.011341890823822344,-20.585808228705563,-183.748605524808,-21.57251505676756,-20.846135131356085,,-22.03605763244705,-174.57422625561992,,
1000.0,0.25,50.0,False,False,120.99419540351897,466.573948592324,5.23371441473535,False,False,False,12.5,False,459,285.59407337278884,8.595607163040604,7,1.0767972414903893e-28,True,115.49943868742312,10.224723125422361,-13.068120373943353,3.532047719826311e-05,3.532047719826311e-05,-13.068085053466154,-13.068117477381698,999.7915715574129,3.242391554232478e-05,-26.573731882075148,32.375801541771374,0.40363851245760873,True,True,0.05935442960411905,1680.4537852347535,True,0.000674170719824839,0.05239099854031033,-21.145050851498652,-187.48214072129755,-22.26126397772282,-21.71472409516259,,-22.764277351878665,-178.244010833759,,
1000.0,0.25,52.0,False,False,120.99419540351897,466.573948592324,5.23371441473535,False,False,False,13.0,False,459,285.59407337278884,8.276561449623422,7,6.241241378793031e-29,True,106.99155833110878,11.897717556352049,-17.69446038134097,0.00010794367453433718,0.00010794367453433718,-17.694352437666435,-17.694458537679502,999.7915715574129,0.0001061000130664219,-27.33505881747933,41.57135206527261,0.42564072377435036,True,True,0.05507953335900624,510.26179715130314,True,0.0005993353150468315,0.1801056467461834,-21.689230545951204,-191.13690494044945,-22.937067868676117,-22.583313058969093,,-23.4781529763883,-181.84041180144158,,
1000.0,0.25,54.0,False,False,120.99419540351897,466.573948592324,5.23371441473535,False,False,False,13.5,False,459,285.59407337278884,7.984144653060324,7,3.692786990038439e-29,True,99.40265429944863,13.876279728853373,-24.068892389173378,0.00019908768305040598,0.00019908768305040598,-24.068693301490327,-24.068889273766366,999.7915715574129,0.0001959722760386518,-28.082172757769683,53.37867265788447,0.45090840949598254,True,True,0.05125763030206492,257.46258892915677,True,0.0005351784533487329,0.3720024261153812,-22.219197245289937,-194.71742060620878,-23.6006533505073,-23.451902022775595,,-24.178503228516554,-185.36765033762353,,
1000.0,0.25,56.0,False,False,120.99419540351897,466.573948592324,5.23371441473535,False,False,False,14.0,False,459,285.59407337278884,7.715266127774672,7,2.2270623696415813e-29,True,92.60465988253361,16.21896493708543,-32.88185295380083,0.00028435269218468915,0.00028435269218468915,-32.88156860110865,-32.88185148247362,999.7915715574129,0.0002828813649758063,-28.815846388889074,68.53957240177866,0.47974989924138367,True,True,0.04782641778300355,168.1940037759162,True,0.00047986140202546966,0.5925725448732727,-22.735723635457703,-198.2277936186673,-24.252679918320137,-24.3204909865821,,-24.866071688154996,-188.82955826197397,,
1000.0,0.25,58.0,False,False,120.99419540351897,466.573948592324,5.23371441473535,False,False,False,14.5,False,459,285.59407337278884,7.467287764963452,7,1.3671702763257613e-29,True,86.49109638216531,18.99598896045795,-45.10594957323004,0.00035443148299447004,0.00035443148299447004,-45.105595141747045,-45.105948701426165,999.7915715574129,0.00035355967911947076,-29.53678464878063,88.00655301279347,0.5125294427413037,True,True,0.04473399449727216,126.21337732001115,True,0.00043191264493267905,0.8206091837151798,-23.23951465439763,-201.671765139011,-24.893748484444266,-25.189079950388603,,-25.541536112850395,-192.2296265030089,,
1000.0,0.25,60.0,False,False,120.99419540351897,466.573948592324,5.23371441473535,False,False,False,15.0,False,459,285.59407337278884,7.237944907120068,7,8.532995792407182e-30,True,80.97284500249394,22.2916133386534,-62.11450315500377,0.00040149527006287937,0.00040149527006287937,-62.114101659733706,-62.11450188044773,999.7915715574129,0.0004002207140305059,-30.245632774205905,113.00265090350395,0.5496729736724941,True,True,0.04193683834390469,104.451637343914,True,0.00039014509249122627,1.0290921961857264,-23.73121553887128,-205.05275538173618,-25.524408554584,-26.05766891419511,,-26.205516322128474,-195.5710460773181,,
1000.0,0.25,62.0,False,False,120.99419540351897,466.573948592324,5.23371441473535,False,False,False,15.5,False,459,285.59407337278884,7.025283180480286,7,5.408754641894097e-30,True,75.97485484219906,26.207029697698886,-85.85105069700892,0.00042070258413983363,0.00042070258413983363,-85.85062999442478,-85.85104984693868,999.7915715574129,0.0004198525138981133,-30.942983157818365,145.09827591319106,0.5916751950131482,True,True,0.03939822937632941,93.64865076092373,True,0.00035359395445816216,1.189790093511375,-24.211418681532116,-208.3739008718273,-26.145164296219743,-26.92625787800161,,-26.858580907323084,-198.85674294700826,,
1000.0,0.25,64.0,False,False,120.99419540351897,466.573948592324,5.23371441473535,False,False,False,16.0,False,459,285.59407337278884,6.827607645776635,7,3.47842764676172e-30,True,71.43355730158639,30.863849422894766,-119.0721501498902,0.00041356412853195813,0.00041356412853195813,-119.07173658576167,-119.07214989436595,999.7915715574129,0.0004133086042693075,-31.629381223808227,186.30987419010802,0.6391081023885542,True,True,0.03708700915123473,89.67656184999332,True,0.0003214696501850314,1.2864795426066473,-24.68066950657035,-211.63808632049188,-26.756479702557144,-27.794846841808113,,-27.501252973929027,-202.08940783703156,,
1000.0,0.25,66.0,False,False,120.99419540351897,466.573948592324,5.23371441473535,False,False,False,16.5,False,459,285.59407337278884,6.6434415657673735,7,2.267624677281678e-30,True,67.29481874949472,36.408327967846176,-165.69579317678125,0.0003850040831643473,0.0003850040831643473,-165.69540817269808,-165.6957924651667,999.7915715574129,0.00038429246862524554,-32.305330488633764,239.22661383999414,0.6926311020211416,True,True,0.034976596785773466,90.84733984715417,True,0.00029312178248777334,1.3134611829143286,-25.13947153044426,-214.8479720398744,-27.358783012772452,-28.66343580561462,,-28.134015081712224,-205.27152187524763,,
1000.0,0.25,68.0,False,False,120.99419540351897,466.573948592324,5.23371441473535,False,False,False,17.0,False,459,285.59407337278884,6.471492742275644,7,1.4973012094678568e-30,True,63.51230703703892,43.01648112132034,-231.30220600761365,0.000338712712416265,0.000338712712416265,-231.30186729490123,-231.3022056216009,999.7915715574129,0.0003383266996739829,-32.97129694094595,307.1730525186959,0.7530029216789308,True,True,0.03304420268029268,97.5582004128697,True,0.0002680113346545672,1.2637999540311344,-25.58829074180482,-218.00601763673694,-27.95247051660901,-29.53202476942112,,-28.757313515463483,-208.40537874877697,,
1000.0,0.25,70.0,False,False,120.99419540351897,466.573948592324,5.23371441473535,False,False,False,17.5,False,459,285.59407337278884,6.310625857177608,7,1.0006333423660513e-30,True,60.046178897140116,50.90028474226487,-323.85487335545525,0.0002818657817847649,0.0002818657817847649,-323.85459148967345,-323.85487327626936,999.7915715574129,0.00028178659590235493,-33.62771284947479,394.418006755564,0.8210955580335878,True,True,0.031270195728983055,110.94002092407669,True,0.00024568903783704047,1.1472460646442013,-26.027559409382032,-221.11450258428314,-28.53790984606748,-30.400613733227626,,-29.371561994027598,-211.49310393811612,,
1000.0,0.25,72.0,False,False,120.99419540351897,466.573948592324,5.23371441473535,False,False,False,18.0,False,459,285.59407337278884,6.1598396099461254,7,6.763535733269353e-31,True,56.86201812572527,60.31519118531445,-454.7402859651292,0.00022149975405591336,0.00022149975405591336,-454.74006446537516,-454.7402855271543,999.7915715574129,0.00022106177916615105,-34.274980087677754,506.4427454734615,0.8979105536204356,True,True,0.029637590657734837,133.8041695985513,True,0.00022577841000649668,0.9810493131275918,-26.457679406633375,-224.17554416052144,-29.115442837190663,-31.269202697034128,,-29.977144905365186,-214.53667148659292,,
1000.0,0.25,74.0,False,False,120.99419540351897,466.573948592324,5.23371441473535,False,False,False,18.5,False,459,285.59407337278884,6.018247713143879,7,4.6209908838276446e-31,True,53.92997121773425,71.56924654839972,-640.2696314382031,0.00016200591806648764,0.00016200591806648764,-640.2694694322851,-640.2696313224994,999.7915715574129,0.00016189021446013217,-34.9134730480978,650.2853572850452,0.9845979526762559,True,True,0.028131630078331048,173.64569402202798,True,0.00020796236150401968,0.7790155723123785,-26.879025126101798,-227.19111315377054,-29.6853880294384,-32.137791660840634,,-30.574420139647682,-217.53791868041606,,
1000.0,0.25,76.0,False,False,120.99419540351897,466.573948592324,5.23371441473535,False,False,False,19.0,False,459,285.59407337278884,5.88506301073032,7,3.189407999881373e-31,True,51.22403956167378,85.03415503062786,-903.8509402216066,0.00010896837639153088,0.00010896837639153088,-903.8508312532302,-903.8509401419478,999.7915715574129,0.00010888871765845933,-35.543541206705456,834.9829268538671,1.082478349140895,True,True,0.02673944174570838,245.38717223455478,True,0.000191972545146215,0.5676247939961186,-27.291946043757825,-230.16304766582644,-30.24804285788702,-33.006380624647136,,-31.163721579805706,-220.49855894887727,,
1000.0,0.25,78.0,False,False,120.99419540351897,466.573948592324,5.23371441473535,False,False,False,19.5,False,459,285.59407337278884,5.759584139336452,7,2.2226405828097106e-31,True,48.72149658806506,101.15871260369511,-1279.135641954623,6.551733008366849e-05,6.551733008366849e-05,-1279.135576437293,-1279.13564172173,999.7915715574129,6.528443717210451e-05,-36.165511387301756,1072.1393005806865,1.19306851382262,True,True,0.025449755918809196,388.44311705481203,True,0.00017758083408795007,0.3689437005978915,-27.6967689834025,-233.09306528701282,-30.80368558372862,-33.87496958845364,,-31.745361298840617,-223.4201932414896,,
1000.0,0.25,80.0,False,False,120.99419540351897,466.573948592324,5.23371441473535,False,False,False,20.0,False,459,285.59407337278884,5.641184272095355,7,1.5631497412434108e-31,True,46.402405270344296,120.48512495095821,-1814.5831668060016,3.2857790315590634e-05,3.2857790315590634e-05,-1814.5831339482113,-1814.5831667826515,999.7915715574129,3.2834440134332854e-05,-36.77968976780186,1376.6541121754199,1.3181111731388768,True,True,0.02425267105635238,738.1102266285014,True,0.00016459246089473609,0.19963119900494466,-28.09380012295098,-235.98277387181255,-31.352577000727127,-34.74355855226014,,-32.31963150503307,-226.304320096187,,
1000.0,0.25,82.0,False,False,120.99419540351897,466.573948592324,5.23371441473535,False,False,False,20.5,False,459,285.59407337278884,5.529301577144132,7,1.108939404194196e-31,True,44.249216696758964,143.66883798678333,-2580.091876059075,1.1986625783764943e-05,1.1986625783764943e-05,-2580.091864072449,-2580.091875979064,999.7915715574129,1.1906614692336913e-05,-37.38636366349538,1767.658870020936,1.459609611230314,True,True,0.023139458612144653,1930.4397275407941,True,0.0001528404622286837,0.0784257362806863,-28.483326777692874,-238.83368110676122,-31.89496194898751,-35.61214751606665,,-32.88680626953181,-229.15234457802302,,
1000.0,0.25,84.0,False,False,120.99419540351897,466.573948592324,5.23371441473535,False,False,False,21.0,False,459,285.59407337278884,5.423431095090513,7,7.93247742833306e-32,True,42.24643450321322,171.50264785945086,-3676.6447778503507,1.7883385499175394e-06,1.7883385499175394e-06,-3676.644776062012,-3676.6447777473954,999.7915715574129,1.6853832253350392e-06,-37.985803116872894,2269.7189171404148,1.6198678832366173,True,True,0.022102399635603304,12359.180892579008,True,0.0001421811561556947,0.012577887240973263,-28.86561899011876,-241.647203032011,-32.43107066228523,-36.48073647987315,,-33.44714306536593,-231.96558623944782,,
1000.0,0.25,86.0,False,False,120.99419540351897,466.573948592324,5.23371441473535,False,False,False,21.5,False,459,285.59407337278884,5.323117796408813,7,5.719188910104323e-32,True,40.38033309485834,204.94602683529246,-5250.359239446552,4.7365139504890656e-07,4.7365139504890656e-07,-5250.359238972901,-5250.359239433424,999.7915715574129,4.6052249858998884e-07,-38.57826231907598,2914.3767783452704,1.8015375631793258,True,True,0.021134647380887793,44620.68010737211,True,0.00013249044105881382,0.003574985419805856,-29.240930951370224,-244.4246716530855,-32.96111997103747,-37.34932544367965,,-34.0008841424508,-234.74528622992793,,
1000.0,0.25,88.0,False,False,120.99419540351897,466.573948592324,5.23371441473535,False,False,False,22.0,False,459,285.59407337278884,5.227950624502133,7,4.154579336362517e-32,True,38.63872001873635,245.16080881741755,-7512.977772501295,6.009996137130777e-06,6.009996137130777e-06,-7512.977766491298,-7512.977772447888,999.7915715574129,5.956589404781369e-06,-39.163980884278104,3742.1338571998635,2.007672108801327,True,True,0.02023011129140229,3366.077253597091,True,0.00012366075198702936,0.048600675966786605,-29.60950227562072,-247.16734175878452,-33.485314379581695,-38.217914407486155,,-34.548257759461386,-237.49261366341676,,
1000.0,0.25,90.0,False,False,120.99419540351897,466.573948592324,5.23371441473535,False,False,False,22.5,False,459,285.59407337278884,5.137557365747657,7,3.0397633086897497e-32,True,37.010734750611775,293.55463200674535,-10771.79024657696,1.570867167470779e-05,1.570867167470779e-05,-10771.790230868288,-10771.790246531851,999.7915715574129,1.5663561790198223e-05,-39.74318499518739,4804.99498529236,2.2417901120705435,True,True,0.019383358635806182,1233.9272878823313,True,0.00011559854592332631,0.13588987256921872,-29.97155914557838,-249.87639704412643,-34.00384703361147,-39.08650337129266,,-35.08947929037717,-240.20867133619956,,
1000.0,0.25,92.0,False,False,120.99419540351897,466.573948592324,5.23371441473535,False,False,False,23.0,False,459,285.59407337278884,5.051600216275061,7,2.2394189579310218e-32,True,35.48667765222355,351.8338468448394,-15473.381973204738,2.714931786620901e-05,2.714931786620901e-05,-15473.38194605542,-15473.381973190957,999.7915715574129,2.713553722158485e-05,-40.3160884352606,6169.735688172531,2.5079489228148666,True,True,0.01858953078678772,684.71446974824,True,0.00010822221477421622,0.2508664041190672,-30.327315344699965,-252.55295562298377,-34.51690059128727,-39.95509233509917,,-35.624752220943215,-242.89450087430623,,
1000.0,0.25,94.0,False,False,120.99419540351897,466.573948592324,5.23371441473535,False,False,False,23.5,False,459,285.59407337278884,4.969771938071318,7,1.6606780087459162e-32,True,34.05786403476127,422.0679777521548,-22267.672230474178,3.825999528198628e-05,3.825999528198628e-05,-22267.672192214184,-22267.672230446897,999.7915715574129,3.823271311126123e-05,-40.88289352103566,7922.0974378589635,2.8108303899493907,True,True,0.017844271699440768,466.39503136170737,True,0.00010146034594707443,0.3770930891753922,-30.676973189523398,-255.19807500314243,-35.02464800959749,-40.82368129890567,,-36.15426904814714,-245.5510873785264,,
1000.0,0.25,96.0,False,False,120.99419540351897,466.573948592324,5.23371441473535,False,False,False,24.0,False,459,285.59407337278884,4.891792515450694,7,1.239280928185579e-32,True,32.71649920135967,506.7682930902382,-32101.762860199196,4.731676766078238e-05,4.731676766078238e-05,-32101.76281288243,-32101.762860173774,999.7915715574129,4.7291344540768364e-05,-41.4437919461538,10172.174463687745,3.155840766867978,True,True,0.01714366659584933,362.31694266932226,True,9.525026672149078e-05,0.4967625738953082,-31.020724373689916,-257.8127565864924,-35.52725325592143,-41.69227026271217,,-36.67821209400846,-248.17936362567588,,
1000.0,0.25,98.0,False,False,120.99419540351897,466.573948592324,5.23371441473535,False,False,False,24.5,False,459,285.59407337278884,4.817406237895517,7,9.304124934687938e-33,True,31.455571089595878,608.9836086380901,-46357.62944873382,5.3223697894473584e-05,5.3223697894473584e-05,-46357.62939551012,-46357.62944872603,999.7915715574129,5.321591338963125e-05,-41.99896554708994,13061.33055435706,3.5492271829281297,True,True,0.01648418922201315,309.7152184858761,True,8.953682136918384e-05,0.5944336316677838,-31.35875073367442,-260.3979497485911,-36.02487195338064,-42.56085922651867,,-37.1967542434533,-250.78021387684004,,
1000.0,0.25,100.0,False,False,120.99419540351897,466.573948592324,5.23371441473535,False,False,False,25.0,True,459,285.59407337278884,4.746379147473716,7,7.025815903179748e-33,True,30.268757735393717,732.4171495243579,-67054.36011467321,5.5511531469127826e-05,5.5511531469127826e-05,-67054.36005916169,-67054.36011465812,999.7915715574129,5.549643575275235e-05,-42.548586999293455,16771.080407554655,3.9982135011688387,True,True,0.015862656332077032,285.7542552379209,True,8.427133997810488e-05,0.6587237307909268,-31.691224944926315,-262.954555544669,-36.51765196741488,-43.42944819032518,,-37.71005961475702,-253.35447733660948,,
1000.0,0.25,102.0,False,False,120.99419540351897,466.573948592324,5.23371441473535,False,False,False,25.5,True,459,285.59407337278884,4.678496799028585,7,5.33499224052562e-33,True,29.15034726387706,881.5691533001784,-97145.52150629918,5.417681231187063e-05,5.417681231187063e-05,-97145.52145212237,-97145.52150628333,999.7915715574129,5.416096768281868e-05,-43.0928204513203,21534.49350861398,4.511158874827501,True,True,0.015276188287965467,281.9691236174542,True,7.941076582357547e-05,0.6822351069152719,-32.01831115600153,-265.48343008304676,-37.00573394004249,-44.298037154131684,,-38.218284169938784,-255.9029513016122,,
1000.0,0.25,104.0,False,False,120.99419540351897,466.573948592324,5.23371441473535,False,False,False,26.0,True,459,285.59407337278884,4.613562289550117,7,4.072796871461075e-33,True,28.095168504877666,1061.9109486916723,-140956.85786890594,4.968044237152519e-05,4.968044237152519e-05,-140956.8578192255,-140956.85786890396,999.7915715574129,4.967846360151132e-05,-43.631822103580056,27650.83700055753,5.097742895307791,True,True,0.014722174851569412,296.337434789179,True,7.491691438085394e-05,0.6631405308414801,-32.34016556730966,-267.9853876017268,-37.489251777436905,-45.166626117938186,,-38.72157627155541,-258.4263940317782,,
1000.0,0.25,106.0,False,False,120.99419540351897,466.573948592324,5.23371441473535,False,False,False,26.5,True,459,285.59407337278884,4.551394519918743,7,3.125252747074136e-33,True,27.098530649857093,1280.0975348236375,-204831.21233269424,4.2841272585752823e-05,4.2841272585752823e-05,-204831.21228985296,-204831.21233268295,999.7915715574129,4.282997537126178e-05,-44.16574073750098,35504.3775014057,5.76918190790937,True,True,0.014198245400593468,331.415117797299,True,7.075584205258777e-05,0.6054803581294668,-32.65693696027896,-270.46120327946477,-37.96833309574202,-46.03521508174469,,-39.22007719153883,-260.9255273736009,,
1000.0,0.25,108.0,False,False,120.99419540351897,466.573948592324,5.23371441473535,False,False,False,27.0,True,459,285.59407337278884,4.491826657832871,7,2.4100577401765058e-33,True,26.156170627669464,1544.22726882293,-298079.7322220407,3.4574635693896467e-05,3.4574635693896467e-05,-298079.73218746606,-298079.73222203285,999.7915715574129,3.456677932769543e-05,-44.69471820021051,45588.52311548133,6.538481877707864,True,True,0.013702242925086015,396.30910492875853,True,6.689730666859161e-05,0.5168315051184162,-32.96876718203686,-272.91161580879833,-38.44309962944362,-46.90380404555119,,-39.71392157703232,-263.40103916107853,,
1000.0,0.25,110.0,False,False,120.99419540351897,466.573948592324,5.23371441473535,False,False,False,27.5,True,459,285.59407337278884,4.434704775407683,7,1.8674144999706015e-33,True,25.264207090416242,1864.1592126911469,-434386.1962826596,2.5873271725313902e-05,2.5873271725313902e-05,-434386.19625678635,-434386.19628265896,999.7915715574129,2.5872626539098125e-05,-45.21888984922063,58536.82238953465,7.42073413879603,True,True,0.0132322012650662,511.4235805021935,True,6.331430501735904e-05,0.40864812017158153,-33.27579159009536,-275.3373297552133,-38.91366760609254,-47.7723930093577,,-40.203237877586524,-265.85358541693506,,
1000.0,0.25,112.0,False,False,120.99419540351897,466.573948592324,5.23371441473535,False,False,False,28.0,True,459,285.59407337278884,4.37988663883667,7,1.4536181004103323e-33,True,24.419100076724362,2251.9010756182643,-633882.3067963369,1.765281918939191e-05,1.765281918939191e-05,-633882.306778684,-633882.3067963284,999.7915715574129,1.764433846915591e-05,-45.738384961081344,75162.76776029855,8.433461482124367,True,True,0.012786325134886919,724.3219905957341,True,5.998267525318371e-05,0.29429863064427003,-33.57813946100444,-277.73901772377553,-39.38014809072568,-48.6409819731642,,-40.688148737562884,-268.2837923740536,,
1000.0,0.25,114.0,False,False,120.99419540351897,466.573948592324,5.23371441473535,False,False,False,28.5,True,459,285.59407337278884,4.3272406307783715,7,1.1365421312615262e-33,True,23.617615565318296,2722.083616945244,-926217.4022052129,1.0603579617715584e-05,1.0603579617715584e-05,-926217.4021946093,-926217.4022052102,999.7915715574129,1.0600933127053127e-05,-46.253327107509335,96510.90419282128,9.597023361782027,True,True,0.012362972550485149,1165.9244327104516,True,5.688075411739704e-05,0.1864177045865232,-33.87593436648081,-280.1173223520893,-39.842647302942936,-49.509570936970704,,-41.168771357147435,-270.6922583347464,,
1000.0,0.25,116.0,False,False,120.99419540351897,466.573948592324,5.23371441473535,False,False,False,29.0,True,459,285.59407337278884,4.276644788880272,7,8.92440713083864e-34,True,22.856794252484107,3292.540972659138,-1355103.2570798977,5.228434043044005e-06,5.228434043044005e-06,-1355103.2570746692,-1355103.2570798963,999.7915715574129,5.226925033693541e-06,-46.763834502102576,123922.45397109805,10.935090563942053,True,True,0.011960639334219135,2287.6140801913275,True,5.398908061658488e-05,0.0968424352356518,-34.16929452012243,-282.4728581462978,-40.30126690926012,-50.378159900777206,,-41.645217824991136,-273.07955538348074,,
1000.0,0.25,118.0,False,False,120.99419540351897,466.573948592324,5.23371441473535,False,False,False,29.5,True,459,285.59407337278884,4.2279859461705716,7,7.036687442495464e-34,True,22.133923987515264,3985.0207883806943,-1985048.8354782863,1.7560501618007123e-06,1.7560501618007123e-06,-1985048.8354765303,-1985048.8354782811,999.7915715574129,1.7509359651587922e-06,-47.270020320405585,159119.58059720663,12.475201530999598,True,True,0.011577945420773032,6593.174655614975,True,5.1290139192727154e-05,0.03423757840083454,-34.45833309747381,-284.8062131749728,-40.75610429306556,-51.24674886458371,,-42.11759542515632,-275.4462309669318,,
1000.0,0.25,120.0,False,False,120.99419540351897,466.573948592324,5.23371441473535,False,False,False,30.0,True,459,285.59407337278884,4.181158961009915,7,5.570469986273238e-34,True,21.446515384156196,4826.053473639366,-2911349.016303323,1.575197012236447e-07,1.575197012236447e-07,-2911349.016303166,-2911349.0163033223,999.7915715574129,1.5675046453124563e-07,-47.771992995788224,204313.58577950692,14.24941471804631,True,True,0.01121362272838832,71188.69983423434,True,4.876813656140328e-05,0.0032299717055072185,-34.743158531904825,-287.11795063410716,-41.20725280425147,-52.11533782839022,,-42.58600692075481,-277.79280935370906,,
1000.0,0.25,120.99419540351897,True,False,120.99419540351897,466.573948592324,5.23371441473535,False,False,False,30.248548850879743,True,459,285.59407337278884,4.158532450369648,7,4.966789400612673e-34,True,21.117285478379316,5309.172486602971,-3523414.0615627468,2.3543833241186466e-09,2.3543833241186466e-09,-3523414.0615627444,-3523414.0615627463,999.7915715574129,1.9037368524778767e-09,-48.01998710805881,231349.70129609777,15.229818935677947,True,True,0.011038989641890174,4688696.835729828,True,4.757582104344098e-05,4.9486972005567364e-05,-34.88320924975494,-288.25923412871003,-41.43017293298308,-52.547111406072084,,-42.817408072014324,-278.9519663052022,,
1000.0,0.25,466.573948592324,False,True,120.99419540351897,466.573948592324,5.23371441473535,False,False,False,116.643487148081,True,139,85.73131894886528,2.3698781088280567,6,6.405252650653364e-32,True,2.412296218306417,5.491595476213254e+19,-3.769702609295734e+38,2.7455691875922654e-09,2.7455691875922654e-09,-3.769702609295734e+38,-3.769702609295734e+38,999.7915715574129,2.7455691829960897e-09,-106.31321596603075,1.332574279465527e+24,282888741542249.94,True,True,0.000844544189749148,307602.5887694979,True,8.296949397757201e-07,0.003309130929898689,-55.65559314088046,-542.7860033858934,-94.23190023107665,-202.63049127345778,,-97.07678969539724,-549.7911561722308,,
