t,delta,L,is_record_point_C1_1,is_record_point_C1_zeta,Lstar_C1_1,Lstar_C1_zeta,L_ann,inside_hypotheses,inside_hypotheses_zeta_C1,reflection_ok,deltaL,deltaL_ge_25,n_zeros_used,U_row,U_kopt,k_opt,tail_bound_at_U_row,tail_le_1e_10,U_contract_k3,c_deltaL,main_term,N_Z,W_Zprime,W_Z,W_Zrep,near_gamma,near_term,W_Zdouble_minus_Zprime_bound_log10,clause6_bound,sep_over_clause6,W_Z_negative,bal3,clause4_bound_C1_1,clause4_over_N,clause4_asserted,density_model,N_over_model,E_minus_bound_log10,E_minus_est_log10,E_minus_over_main_bound_log10,log10_exp_minus_L,E_minus_direct,refl_online_bound_log10,refl_online_est_log10,N_Z_center_mean,N_Z_center_median,N_Z_center_min,N_Z_center_max,center_mean_over_model
10000.0,0.05,4.0,False,False,885.4635301093854,2613.3622960534103,8.174578220691387,False,False,True,0.2,False,681,290.3444806961711,145.17224034808555,9,2.7492084472105518e-15,True,18377.960810472385,1.0007907889709289,-0.0050079110164452725,1.9384066681627168,1.9384066681627168,1.9333987571462714,1.9291402522745127,10000.065345414536,0.004258504871758608,-20.5207522745503,0.0027629272951891198,1.8125381095496709,False,False,10.051342651622544,5.18536322470946,False,1.9147629626449756,1.0123481109562933,-20.433893378166935,-170.1739938395347,-18.133549981634058,-1.737177927613007,,-17.969637687992364,-167.24216312572122,1.8879465654702468,1.9021739581255688,1.1459192268841873,2.4877095298297114,0.9859949259005482
10000.0,0.05,6.0,False,False,885.4635301093854,2613.3622960534103,8.174578220691387,False,False,True,0.30000000000000004,False,681,290.3444806961711,90.02337640968167,9,1.8633554426815644e-18,True,8173.120044925021,1.001779896358129,-0.00501781480373652,0.6945973723535687,0.6945973723535687,0.6895795575498321,0.6853354133043202,10000.065345414536,0.004244144245511937,-28.245632774205905,0.002904585606820708,1.7275492903199032,False,False,4.474785889005332,6.44227298736101,False,0.5673371741170298,1.2243114042978043,-28.115344429632216,-209.4368842724971,-25.815859058073638,-2.6057668914195107,,-25.68365885758735,-206.352420719954,0.5589890325468179,0.5773093854091003,0.19678049707692155,0.8731132126761281,0.985285396496
10000.0,0.05,8.0,False,False,885.4635301093854,2613.3622960534103,8.174578220691387,False,False,True,0.4,False,681,290.3444806961711,64.33320047091996,9,1.0522447055541555e-20,True,4600.35252817267,1.0031658068972553,-0.005031708180639108,0.2248048814296186,0.2248048814296186,0.2197731732489795,0.21554906446530195,10000.065345414536,0.004224108783677549,-34.77968976780187,0.0030535068954004253,1.647845691201319,False,False,2.5212336136976328,11.21520848508343,False,0.23934537033062195,0.939248923507826,-34.60597197503785,-242.49494572389943,-32.30768742082698,-3.474355855226014,,-32.20675199291217,-239.27716266000556,0.23696926580341393,0.2371973200523068,0.043767419653219855,0.4126724079076516,0.9900724859481269
10000.0,0.05,10.0,False,False,885.4635301093854,2613.3622960534103,8.174578220691387,False,False,True,0.5,False,681,290.3444806961711,49.69518055643452,9,1.898640827291106e-22,True,2946.181784773168,1.004949682300694,-0.00504961931978133,0.08323572482769388,0.08323572482769388,0.07818610550791255,0.07398763801962414,10000.065345414536,0.0041984674882884114,-40.54858699929346,0.0032100635417193542,1.5730589921832776,False,False,1.6162158553698989,19.417333827699878,False,0.12254482960927844,0.6792267376198768,-40.33143975833912,-271.5947703580818,-38.03469839714095,-4.3429448190325175,,-37.964658119637065,-268.25810724001195,0.12163561260821859,0.12426935854889716,0.02653620154519394,0.2621939250189583,0.9925805355969828
10000.0,0.05,12.0,False,False,885.4635301093854,2613.3622960534103,8.174578220691387,False,False,True,0.6000000000000001,False,681,290.3444806961711,40.32686647703426,9,7.142908108428182e-24,True,2047.3559215253345,1.0071330183655594,-0.005071584583410612,0.04173149563014672,0.04173149563014672,0.036659911046736104,0.032492602557501,10000.065345414536,0.004167308489235102,-45.77199299578823,0.0033746470189400086,1.502848906847632,False,False,1.1241688506208514,26.93813949502339,False,0.07091714676462872,0.5884542389818918,-45.51141630664357,-297.8862084088459,-43.21655997964793,-5.211533782839021,,-43.1770844452496,-294.4419739273951,0.07084356534820173,0.07457194067836807,0.009896296356032544,0.1479294344056517,0.9989624312344205
10000.0,0.05,14.0,False,False,885.4635301093854,2613.3622960534103,8.174578220691387,False,False,True,0.7000000000000001,False,681,290.3444806961711,33.857575940138545,9,4.4618633231453305e-25,True,1505.2339891306533,1.0097176466026059,-0.005097648629303526,0.017767234766577832,0.017767234766577832,0.012669586137274307,0.008538847528357176,10000.065345414536,0.00413073860891713,-50.58095531899762,0.0035476688714831442,1.4369009098564474,False,False,0.8272206764092004,46.55877446755505,False,0.04465919446402276,0.39784046666786693,-50.27694918166262,-322.0513871535005,-47.98431907877986,-6.080122746645525,,-47.975100608339694,-318.5087468070177,0.044932857112410865,0.04734898301354016,0.002900127426426476,0.09972940837950878,1.0061278008184533
10000.0,0.05,16.0,False,False,885.4635301093854,2613.3622960534103,8.174578220691387,False,False,True,0.8,False,681,290.3444806961711,29.040572505665114,8,4.3386549547063174e-24,True,1153.2737497759147,1.0127057362312821,-0.005127864540978717,0.010704241751363025,0.010704241751363025,0.0055763772103843085,0.0014874943748230153,10000.065345414536,0.004088882835561293,-55.06112830594328,0.003729561744103177,1.37492415806935,False,False,0.6343223018819825,59.25896636267683,False,0.029918171291327744,0.35778395835529625,-54.71369272041796,-344.5342998986854,-52.42362926464275,-6.948711710452028,,-52.444374530217324,-340.9008786532244,0.031025707182929036,0.031772157184185905,0.0017858301953728943,0.06926268083713964,1.037018836506305
10000.0,0.05,18.0,False,False,885.4635301093854,2613.3622960534103,8.174578220691387,False,False,True,0.9,False,681,290.3444806961711,25.394288816291038,8,6.600497288671921e-25,True,911.9011655255248,1.0160997965434215,-0.005162293982677914,0.009726367294515887,0.009726367294515887,0.004564073311837973,0.0005221896034430266,10000.065345414536,0.0040418837083949465,-59.27215491488038,0.003920780463725423,1.3166495881212479,False,False,0.5019573747374791,51.60789835897958,False,0.02101248793026036,0.46288508656363425,-58.88128988116474,-365.6431015343899,-56.5941326143093,-7.817300674258532,,-56.64455790535287,-361.92537392401,0.022212507470825534,0.021711274135008566,0.0006621556199582695,0.057284274059958444,1.0571098265254448
10000.0,0.05,20.0,False,False,885.4635301093854,2613.3622960534103,8.174578220691387,False,False,True,1.0,False,681,290.3444806961711,22.551478022225815,8,1.2249220016611886e-25,True,739.1990564652592,1.0199026796385429,-0.005201007379669402,0.009080464332749805,0.009080464332749805,0.0038794569530804027,-0.00011044366530861289,10000.065345414536,0.0039899006183890156,-63.25754817947206,0.004121803176750321,1.2618281748644626,False,False,0.4071959834283802,44.843079440307704,False,0.015318103701159805,0.5927929794640495,-62.82325369756611,-385.6020140147047,-60.53934116755848,-8.685889638065035,,-60.61916951812826,-381.80556883101383,0.016413593151347196,0.015610404834224443,0.0004582508250139298,0.04636351648245818,1.0715159964679208
10000.0,0.05,22.0,False,False,885.4635301093854,2613.3622960534103,8.174578220691387,False,False,True,1.1,False,681,290.3444806961711,20.278795562471643,8,2.6697286685201824e-26,True,611.3823958235871,1.024117583534192,-0.005244084124519565,0.008163897592064118,0.008163897592064118,0.002919813467544553,-0.0010132955612420615,10000.065345414536,0.003933109028786614,-67.05021207802018,0.004333132544668489,1.2102293365043533,False,False,0.33702317640066676,41.28214159965418,False,0.0115087180324266,0.7093663750438387,-66.57248814792389,-404.5802165434351,-64.29215779786063,-9.554478601871539,,-64.4011171549916,-400.70994343724675,0.012341020682810356,0.012045167759406984,0.0010475863897563076,0.037342745705402886,1.0723193189752922
10000.0,0.05,24.0,False,False,885.4635301093854,2613.3622960534103,8.174578220691387,False,False,True,1.2000000000000002,False,681,290.3444806961711,18.424312145318353,8,6.644803097107199e-27,True,514.1396018264402,1.0287480556552326,-0.0052916128100721094,0.006381220399571725,0.006381220399571725,0.0010896075894996152,-0.002782092030605567,10000.065345414536,0.003871699620105182,-70.67574628453977,0.004555297000976274,1.161639473548713,False,False,0.2836054752091084,44.44376740664569,False,0.00886464334557859,0.7198507769355977,-70.15459290625314,-422.7090849796461,-67.87818096538899,-10.423067565678043,,-68.0160029808189,-418.76931023582455,0.009358719741156391,0.00921611270928523,0.000235181250359368,0.027660545965667846,1.0557356202970345
10000.0,0.05,26.0,False,False,885.4635301093854,2613.3622960534103,8.174578220691387,False,False,True,1.3,False,681,290.3444806961711,16.885072293131415,8,1.8488895605894556e-27,True,438.44034804162317,1.0337979967064643,-0.005343691489971496,0.0044392389629064576,0.0044392389629064576,-0.0009044525270650383,-0.004710329891804877,10000.065345414536,0.0038058773647398386,-74.15453407363111,0.004788852072534742,1.11586062986136,True,False,0.241998655260237,54.51354551587277,False,0.006972282066982159,0.6366981312946094,-73.58995124715416,-440.09305475717457,-71.31779262400364,-11.291656529484547,,-71.48421183911262,-436.0876427391898,0.007325327607757657,0.007500051513745178,0.00019841000256088842,0.023920333705305892,1.0506355791954223
10000.0,0.05,28.0,False,False,885.4635301093854,2613.3622960534103,8.174578220691387,False,False,True,1.4000000000000001,False,681,290.3444806961711,15.588959849657202,8,5.656782023170764e-28,True,378.3583297015408,1.0392716649334397,-0.00540042796766762,0.003813190754302081,0.003813190754302081,-0.0015872372133655388,-0.005323097750065597,10000.065345414536,0.003735860536700058,-77.5031200639108,0.005034381768676192,1.0727092651711394,True,False,0.2089570333045439,54.798473710971955,False,0.005582399308002845,0.6830738082163967,-76.89510778924354,-456.8167727134297,-74.62753596696126,-12.16024549329105,,-74.8222892561709,-452.7492033827055,0.005917255496408241,0.0048358369484961345,5.102477628979615e-05,0.020846324661790736,1.059984277356396
10000.0,0.05,30.0,False,False,885.4635301093854,2613.3622960534103,8.174578220691387,False,False,True,1.5,False,681,290.3444806961711,14.484032862695285,8,1.8782888695121387e-28,True,329.8735900137473,1.0451736807768373,-0.005461940114943012,0.004334148188976383,0.004334148188976383,-0.0011277919259666293,-0.0047896715883449775,10000.065345414536,0.003661879662378348,-80.7351525130749,0.005292500041531688,1.0320151293493967,True,False,0.18227833874003277,42.05632359402145,False,0.004538697392936239,0.9549321784972481,-80.08371079021731,-472.94997882370757,-77.82105772441496,-13.028834457097554,,-78.04388391413882,-468.82340813261646,0.0049313151852421605,0.003520902407526917,0.00017898814718410034,0.018205014893869536,1.0865045096236134
10000.0,0.05,32.0,False,False,885.4635301093854,2613.3622960534103,8.174578220691387,False,False,True,1.6,False,681,290.3444806961711,13.531979148402524,8,6.697283339246279e-29,True,290.181278714284,1.0515090319262406,-0.005528356221112299,0.004404411731809151,0.004404411731809151,-0.0011239444893031483,-0.004708120907878992,10000.065345414536,0.003584176418575844,-83.86204745853914,0.00556385232123117,0.9936202296413547,True,False,0.16042552903383195,36.42382656353877,False,0.003739771411415968,1.1777221779824063,-83.1671762874912,-488.5509408811576,-80.9097723066401,-13.897423420904056,,-81.16041191664678,-484.36824861930694,0.004175278139837924,0.002722414708253316,1.9050282110518088e-05,0.015676238341826704,1.1164527668970716
10000.0,0.05,34.0,False,False,885.4635301093854,2613.3622960534103,8.174578220691387,False,False,True,1.7000000000000002,False,681,290.3444806961711,12.703952895340274,8,2.542278374054106e-29,True,257.2761039262275,1.0582830787796862,-0.005599815374157059,0.003958217629070494,0.003958217629070494,-0.0016415977450865652,-0.005144600229380087,10000.065345414536,0.0035030024842935214,-86.89346894680298,0.005849117129814979,0.9573778828283088,True,False,0.14229939463975178,35.95037160025177,False,0.003117871707950296,1.2695254968244492,-86.15516832756472,-503.66893417887536,-83.90334203612332,-14.76601238471056,,-84.1815371080628,-499.4327624401165,0.003552836633604439,0.0023413076375763254,6.357774386685023e-05,0.013276508010628664,1.1395069991318183
10000.0,0.05,36.0,False,False,885.4635301093854,2613.3622960534103,8.174578220691387,False,False,True,1.8,False,681,290.3444806961711,11.97784250518536,8,1.02005836649128e-29,True,229.69361090719838,1.0655015603158562,-0.0056764678751776215,0.0036027062917257263,0.0036027062917257263,-0.0020737615834518952,-0.005492379936489252,10000.065345414536,0.0034186183530373567,-89.83768402686701,0.006149007777892376,0.9231518450157626,True,False,0.12709695441794497,35.27818926284564,False,0.002626560991282545,1.3716438733701481,-89.05595395943844,-518.3460719552498,-86.81003214383374,-15.634601348517064,,-87.11552613285176,-514.0588564674767,0.0030300050151419997,0.001923961275027695,5.237347839747775e-05,0.011174151167419377,1.1536016202168804
10000.0,0.05,38.0,False,False,885.4635301093854,2613.3622960534103,8.174578220691387,False,False,True,1.9000000000000001,False,681,290.3444806961711,11.336428575294098,8,4.300300177810493e-30,True,206.34411831696335,1.0731706003863097,-0.005758475687667563,0.0034336788611548474,0.0034336788611548474,-0.002324796826512716,-0.005656088939092439,10000.065345414536,0.0033312921125797233,-92.70183026118382,0.0064642741482896175,0.8908155123945661,True,False,0.11422054696832974,33.264772737050315,False,0.002233285274990495,1.5375012317535033,-91.87667074556492,-532.6186829982441,-89.63697828314695,-16.503190312323568,,-89.96951599572402,-528.282678935858,0.0025874435866002294,0.0015313971487911813,3.3829317164939546e-05,0.009301060249006697,1.158581760949121
10000.0,0.05,40.0,False,False,885.4635301093854,2613.3622960534103,8.174578220691387,False,False,True,2.0,False,681,290.3444806961711,10.76611220636598,8,1.8951342143076864e-30,True,186.40323897949457,1.0812967144356884,-0.0058460129232470745,0.0033245577271179805,0.0033245577271179805,-0.002521455196129094,-0.005762753395395745,10000.065345414536,0.0032412981992666506,-95.49212074970583,0.006795704571147614,0.8602511869140653,True,False,0.10321788639800511,31.047103064588224,False,0.0019147629626449756,1.7362763913740904,-94.62353178589662,-546.5183662336296,-92.39039155697427,-17.37177927613007,,-92.74971912291883,-542.1356697045378,0.0022018092298533593,0.0012692373590479816,4.191834983117625e-05,0.007611048304367462,1.1499121681421443
10000.0,0.05,42.0,False,False,885.4635301093854,2613.3622960534103,8.174578220691387,False,False,True,2.1,False,681,290.3444806961711,10.256018419314874,8,8.692949059701965e-31,True,169.2379759035838,1.0898868166583706,-0.005939266365628585,0.0032637915093543185,0.0032637915093543185,-0.0026754748562742665,-0.0058243909903345145,10000.065345414536,0.003148916134060248,-98.21400363538004,0.007144127795157911,0.8313494013438635,True,False,0.09374158903422421,28.72168420242299,False,0.00165404423940825,1.9732189935391151,-97.30198522338048,-560.0728103040947,-95.07571802643635,-18.240368239936576,,-95.4615828962257,-555.6453764026039,0.001867258262554557,0.0010378117519794041,5.466653815916215e-05,0.0061769359345963185,1.1289046677630499
10000.0,0.05,44.0,False,False,885.4635301093854,2613.3622960534103,8.174578220691387,False,False,True,2.2,False,681,290.3444806961711,9.797352086267786,8,4.134866847106133e-31,True,154.35576954398303,1.0989482276006108,-0.006038436034732621,0.0031893353576466325,0.0031893353576466325,-0.002849100677085988,-0.005903529924643605,10000.065345414536,0.0030544292475576168,-100.87228786782461,0.007510415059866085,0.8040082986891925,True,False,0.0855212638583426,26.814760527863584,False,0.001438589754053325,2.2169873994031044,-99.91684000763473,-573.3064391401166,-97.69776447780592,-19.108957203743078,,-98.10991543874269,-568.8360972422018,0.001582605981965438,0.0009087604903745222,3.7035981667800563e-06,0.0049589999323906234,1.1001093101812642
10000.0,0.05,46.0,False,False,885.4635301093854,2613.3622960534103,8.174578220691387,False,False,True,2.3000000000000003,False,681,290.3444806961711,9.382927415190348,8,2.0329206445314203e-31,True,141.36869729828013,1.1084886822177644,-0.0061437357930243805,0.003052803113594791,0.003052803113594791,-0.0030909326794295896,-0.006049056080661076,10000.065345414536,0.002958123401231486,-103.47124356136518,0.007895482274224421,0.7781330613686779,True,False,0.0783438988083455,25.662938582400947,False,0.001258987729198636,2.424807679053349,-102.47236625298498,-586.2409266504233,-100.26079878388559,-19.977546167549583,,-100.69898599015458,-581.7293934716321,0.0013473615704469337,0.0007716564298117162,9.140609357577245e-06,0.004335583791111124,1.0701943626603485
10000.0,0.05,48.0,False,False,885.4635301093854,2613.3622960534103,8.174578220691387,False,False,True,2.4000000000000004,False,681,290.3444806961711,9.006818967195667,8,1.0301970525491122e-31,True,129.96788588111335,1.118516338396783,-0.006255393996302736,0.002897076061548051,0.002897076061548051,-0.003358317934754685,-0.0062186036468489005,10000.065345414536,0.002860285712094215,-106.01468295335266,0.008300292306841373,0.7536353859666889,True,False,0.07203983958386846,24.86639565320008,False,0.0011080804181973238,2.6144998268818322,-104.97237619678214,-598.8956115697058,-102.76863086573266,-20.846135131356085,,-103.23260587861117,-594.3445023906756,0.0011581344307191178,0.0006541732796721722,9.901220591257607e-06,0.004005051755441961,1.0451718230010998
10000.0,0.05,50.0,False,False,885.4635301093854,2613.3622960534103,8.174578220691387,False,False,True,2.5,False,681,290.3444806961711,8.663870707737608,7,1.0045327820556358e-28,True,119.90493754258196,1.1290397859547654,-0.006373654191343913,0.00276816271139724,0.00276816271139724,-0.0036054914799466733,-0.006366694767842877,10000.065345414536,0.002761203287896204,-108.50602635928108,0.008725857393654605,0.7304329997392347,True,False,0.0664726098289949,24.013259609093794,True,0.0009803586368742276,2.823622506375056,-107.42029015452023,-611.287835160744,-105.22467865123792,-21.71472409516259,,-105.71419448657349,-606.6986735390592,0.0010048824348303984,0.0004995542515434656,1.3247646001738375e-06,0.003616334133117992,1.0250151291922744
10000.0,0.05,52.0,False,False,885.4635301093854,2613.3622960534103,8.174578220691387,False,False,True,2.6,False,681,290.3444806961711,8.34008553453782,7,5.807887774733289e-29,True,110.97825583792333,1.1400680561249503,-0.006498775862982615,0.0026815451079614436,0.0026815451079614436,-0.0038172307550211715,-0.006478392734854394,10000.065345414536,0.0026611619798332224,-110.9483563898911,0.009173241669048112,0.7084492153859258,True,False,0.061531415175710084,22.94625400595529,True,0.0008715352583727699,3.0768062246478878,-109.81919073693992,-623.4332186114232,-107.63202229573366,-22.583313058969093,,-108.14683347644426,-618.8074448332051,0.0008777977700712157,0.00034083414691565535,9.360396680943828e-06,0.003348853792535255,1.0071856091171096
10000.0,0.05,54.0,False,False,885.4635301093854,2613.3622960534103,8.174578220691387,False,False,True,2.7,False,681,290.3444806961711,8.043400069077187,7,3.4282045423156e-29,True,103.0228475813455,1.1516106315421801,-0.006631035233404896,0.0026040649780178894,0.0026040649780178894,-0.004026970255387006,-0.006587415414942935,10000.065345414536,0.002560445159555929,-113.34446288732433,0.009643563826742437,0.6876125209039899,True,False,0.057125551779170926,21.937068491529203,True,0.0007782402937133468,3.3460937438649996,-112.17186778618283,-635.3458927878282,-109.99344912168534,-23.451902022775595,,-110.53331173352262,-630.6848712623851,0.00076972471504492,0.00022270028715634795,4.731108296745229e-06,0.0030928320171990853,0.9890579057172754
10000.0,0.05,56.0,False,False,885.4635301093854,2613.3622960534103,8.174578220691387,False,False,True,2.8000000000000003,False,681,290.3444806961711,7.7706632319991265,7,2.0627897328807477e-29,True,95.9026264774295,1.1636774567404884,-0.0067707261166300575,0.0024961427902503905,0.0024961427902503905,-0.0042745833263796666,-0.006733915853430358,10000.065345414536,0.002459332527050691,-115.69688045164973,0.01013799991711169,0.667856201616446,True,False,0.05318018567248809,21.304945326125967,True,0.0006977999135003556,3.5771612205124166,-114.48085590231791,-647.0386899781884,-112.31149114877788,-24.3204909865821,,-112.87616289796645,-642.3437157402849,0.0006778457888641927,0.00021338926504500008,6.663077869911104e-06,0.002827962599785672,0.9714042317144072
10000.0,0.05,58.0,False,False,885.4635301093854,2613.3622960534103,8.174578220691387,False,False,True,2.9000000000000004,False,681,290.3444806961711,7.519185920056867,7,1.2635638513638202e-29,True,89.50454084228599,1.176278949176146,-0.006918160831374693,0.0023708395535841412,0.0023708395535841412,-0.004547321277790551,-0.006905420233486104,10000.065345414536,0.002358098955695553,-118.00791999880147,0.010657786287922048,0.6491179917179151,True,False,0.04963313181690016,20.93483371401779,True,0.0006280742835360123,3.774775716395341,-116.74846600127931,-658.5233050412246,-114.5884566554258,-25.189079950388603,,-115.17769692707887,-653.7956094952092,0.000601813800935223,0.00016573819136029097,6.800730353464234e-07,0.002622843833159549,0.9581888905672992
10000.0,0.05,60.0,False,False,885.4635301093854,2613.3622960534103,8.174578220691387,False,False,True,3.0,False,681,290.3444806961711,7.286660196282059,7,7.869865184936507e-30,True,83.73404752387366,1.1894260107901675,-0.00707367117572106,0.002260311877708794,0.002260311877708794,-0.004813359298012266,-0.0070703726785033595,10000.065345414536,0.002257013380491093,-120.27969547097157,0.011204222675845163,0.6313397529103888,True,True,0.04643237106175915,20.54246209103947,True,0.0005673371741170298,3.984071520126652,-118.97681202525911,-669.8104317219173,-116.82645689274109,-26.05766891419511,,-117.44002680917883,-665.0511877380225,0.0005396197789661187,0.0001662731293528348,1.6896959145165396e-06,0.002469188815267903,0.9511447576231032
10000.0,0.05,62.0,False,False,885.4635301093854,2613.3622960534103,8.174578220691387,False,False,True,3.1,False,681,290.3444806961711,7.07109475638838,7,4.9784128748835225e-30,True,78.511590511301,1.2031300401249752,-0.007237609467255623,0.0021635073410550027,0.0021635073410550027,-0.00507410212620062,-0.007230439861326203,10000.065345414536,0.002156337735125583,-122.51414657980713,0.011778675456476857,0.6144671779097035,True,True,0.04353411790972071,20.12201072009857,True,0.0005141856165002788,4.207638781848013,-121.16783368590433,-680.9098786571868,-119.02742883129827,-26.92625787800161,,-119.66509130957442,-676.1202051112787,0.0004883693901820521,0.00014493509562062018,1.0902211239126448e-06,0.002293885277678544,0.9497920099478071
10000.0,0.05,64.0,False,False,885.4635301093854,2613.3622960534103,8.174578220691387,False,False,True,3.2,False,681,290.3444806961711,6.870762988818239,7,3.195500570067144e-30,True,73.76983718970457,1.2174029450106583,-0.007410349652603121,0.002067277965156092,0.002067277965156092,-0.0053430716874470294,-0.007399397630606819,10000.065345414536,0.0020563259431597898,-124.71305827980326,0.01238258106098779,0.5984495167933896,True,True,0.040901303718632674,19.785101185241135,True,0.000467471426426996,4.422255240190459,-123.32331593771015,-691.830668651711,-121.19315463807997,-27.794846841808113,,-121.85467444616359,-687.0116344844968,0.00044551611713168214,0.00013368591048097068,2.742834667414823e-06,0.0021272242880183644,0.953033900995567
10000.0,0.05,66.0,False,False,885.4635301093854,2613.3622960534103,8.174578220691387,False,False,True,3.3000000000000003,False,681,290.3444806961711,6.684160865005101,7,2.0793219756126946e-30,True,69.45149149663996,1.2322571558369773,-0.007592288490557183,0.001969099410819856,0.001969099410819856,-0.005623189079737327,-0.007580412047949585,10000.065345414536,0.0019572229682122575,-126.87807752885023,0.013017449567949627,0.5832393243335638,True,True,0.038502376286149435,19.553292268833978,True,0.0004262488160158,4.619600892326857,-125.44490573856677,-702.5811240813537,-123.32527844055143,-28.66343580561462,,-124.01042225172664,-697.7337519407174,0.0004088520296789543,0.00012865591735692567,2.696154469520676e-06,0.0020002658139866717,0.9591863116490138
10000.0,0.05,68.0,False,False,885.4635301093854,2613.3622960534103,8.174578220691387,False,False,True,3.4000000000000004,False,681,290.3444806961711,6.509972565970547,7,1.3705182709635593e-30,True,65.50755033857071,1.2477056394280504,-0.0077838468133028015,0.0018678955912078692,0.0018678955912078692,-0.005915951222094932,-0.007775215149688759,10000.065345414536,0.0018592639275938265,-129.01072778411285,0.013684868479318005,0.5687922266163215,True,True,0.03631034256627406,19.43917140614593,True,0.000389733963493787,4.7927452215430195,-127.53412654563905,-713.1689407222128,-125.42532082603502,-29.53202476942112,,-126.13385727117407,-708.2942102423146,0.00037635964501234637,0.00014437515640781817,1.7659947087837397e-06,0.0018989575719388842,0.9656834668409549
10000.0,0.05,70.0,False,False,885.4635301093854,2613.3622960534103,8.174578220691387,False,False,True,3.5,False,681,290.3444806961711,6.347042244265455,7,9.14333002943399e-31,True,61.89590347385621,1.2637619135374374,-0.007985470870539028,0.0017656832680436186,0.0017656832680436186,-0.006219787602495409,-0.007982460875879402,10000.065345414536,0.0017626732733839936,-131.11242159644956,0.014386506690014329,0.5550667053928903,True,True,0.034301999811523036,19.42704019024303,True,0.000357273555712182,4.942104557735712,-129.59239090978548,-723.6012518665372,-127.4946914395834,-30.400613733227626,,-128.22639115702455,-718.7001026290981,0.0003469113221352903,0.00013638254281884336,4.1430743568419454e-07,0.0018195386538624773,0.9709963600405974
10000.0,0.05,72.0,False,False,885.4635301093854,2613.3622960534103,8.174578220691387,False,False,True,3.6,False,681,290.3444806961711,6.19435068670556,7,6.169984236528643e-31,True,58.58020165212356,1.2804400619821412,-0.00819763376164415,0.0016683998465298144,0.0016683998465298144,-0.006529233915114336,-0.008196897959579324,10000.065345414536,0.0016676640444649882,-133.18447159966792,0.01512411866103237,0.5420238987390079,True,True,0.032457313904925296,19.454157810212482,True,0.00032832012391031815,5.081625295029262,-131.62101146481348,-733.8846842430684,-129.534699976641,-31.269202697034128,,-130.2893356594665,-728.9580184594928,0.00032002683570457504,0.00012643549831240663,8.062121878010906e-07,0.0017368095334384544,0.9747402379513951
10000.0,0.05,74.0,False,False,885.4635301093854,2613.3622960534103,8.174578220691387,False,False,True,3.7,False,681,290.3444806961711,6.050995918313848,7,4.208737023109283e-31,True,55.52893583393409,1.2977547504349003,-0.008420836961381753,0.001577291406159862,0.001577291406159862,-0.0068435455552218905,-0.008417982747757461,10000.065345414536,0.0015744371925355692,-135.22810013784047,0.01589954880650458,0.5296274167186901,True,True,0.030758913529092862,19.50109752007067,True,0.0003024125659123804,5.215694002004067,-133.62121055479574,-744.0254069868831,-131.54656581371168,-32.137791660840634,,-132.3239122542708,-739.0740919342674,0.0002951780727349596,0.00010500055308842259,1.470567869541175e-07,0.0016475559698231129,0.9760774055284566
10000.0,0.05,76.0,False,False,885.4635301093854,2613.3622960534103,8.174578220691387,False,False,True,3.8000000000000003,False,681,290.3444806961711,5.916176996001747,7,2.9003964222440197e-31,True,52.71468366873676,1.3157212428949938,-0.008655611945025739,0.0014883069944907749,0.0014883069944907749,-0.007167304950534964,-0.008650485935154438,10000.065345414536,0.0014831809846194745,-137.24444773150648,0.01671473610569818,0.5178431708577783,True,True,0.029191676138868854,19.614015285103733,True,0.0002791606593738119,5.331363659296448,-135.5941287002714,-754.0291746862628,-133.53142647785,-33.006380624647136,,-134.33126060941817,-749.0540449256688,0.00027189651744861405,9.781007663256011e-05,4.7664963445584456e-07,0.0015517510560468246,0.973978633158798
10000.0,0.05,78.0,False,False,885.4635301093854,2613.3622960534103,8.174578220691387,False,False,True,3.9000000000000004,False,681,290.3444806961711,5.789180399339513,7,2.0182270937603123e-31,True,50.11348938533888,1.3343554188586841,-0.008902521919187674,0.0013983442716491966,0.0013983442716491966,-0.007504177647538478,-0.008898248131605085,10000.065345414536,0.0013940704840666087,-139.23458054949427,0.01757171895147324,0.5066392163324052,True,True,0.0277423871726673,19.839454228212443,True,0.00025823266914748737,5.415055640580256,-137.54083207006886,-763.9013653592889,-135.49034512170698,-33.87496958845364,,-136.31244605720525,-758.9032247607556,0.0002499881883714097,8.530446336421756e-05,3.558095261265065e-07,0.0014487407329372537,0.9680734401139273
10000.0,0.05,80.0,False,False,885.4635301093854,2613.3622960534103,8.174578220691387,False,False,True,4.0,False,681,290.3444806961711,5.669368547899525,7,1.417348353512551e-31,True,47.70435076416228,1.3536737912113446,-0.009162163665062477,0.0013087109731081163,0.0013087109731081163,-0.00785345269195436,-0.009160719803476916,10000.065345414536,0.0013072671115225568,-141.19949702551645,0.01847264024732663,0.49598560586857254,True,True,0.026399458057622106,20.172107210902993,True,0.00023934537033062196,5.467876697595262,-139.46231909790075,-773.6470140714761,-137.4243171432756,-34.74355855226014,,-138.2684662110073,-768.626637666955,0.0002295780333586778,7.116763756429417e-05,2.8456864327213227e-07,0.0013521626302817392,0.9591914522580823
10000.0,0.05,82.0,False,False,885.4635301093854,2613.3622960534103,8.174578220691387,False,False,True,4.1000000000000005,False,681,290.3444806961711,5.5561700692636755,7,1.0041062603710835e-31,True,45.46879256621132,1.3736935248642608,-0.00943516950126999,0.001223034474165788,0.001223034474165788,-0.008212135027104201,-0.009435053313921499,10000.065345414536,0.0012229182868172977,-143.14013373624414,0.019419752765766938,0.48585425443223296,True,True,0.025152691692106644,20.565807606742148,True,0.00022225596989538463,5.502819450660729,-141.35952636043808,-783.270842790754,-139.33427606703813,-35.61214751606665,,-140.20025684342352,-778.2289784733774,0.00021089417351068517,6.3079812129439e-05,3.003925149436355e-07,0.0012862929757283435,0.9488796796322392
10000.0,0.05,84.0,False,False,885.4635301093854,2613.3622960534103,8.174578220691387,False,False,True,4.2,False,681,290.3444806961711,5.449071515577318,7,7.172922236926663e-32,True,43.390510157889636,1.3944324561600983,-0.009722209373963423,0.001142221632979028,0.001142221632979028,-0.008579987740984396,-0.009721144893185445,10000.065345414536,0.0011411571522010502,-145.05737063919491,0.020415424781419132,0.4762188138652879,True,True,0.023993086482416687,21.005631297527014,True,0.00020675552992603126,5.524503423863287,-143.23333381519856,-792.7772869820341,-141.22109878484574,-36.48073647987315,,-142.10869712415735,-787.7146570677697,0.00019396859724904328,4.153104463823043e-05,5.01637725716599e-07,0.0012215447221721317,0.93815433772648
10000.0,0.05,86.0,False,False,885.4635301093854,2613.3622960534103,8.174578220691387,False,False,True,4.3,False,681,290.3444806961711,5.347610284463675,7,5.164826729988588e-32,True,41.45507043251678,1.4159091130720287,-0.010023993082402096,0.0010640891213944102,0.0010640891213944102,-0.008959903961007685,-0.010022006337845266,10000.065345414536,0.0010621023768375795,-146.95203575365937,0.021462145992944735,0.4670545566923871,True,True,0.02291267185413358,21.53266243724794,True,0.00019266358561082427,5.523042239771475,-145.08456948147267,-802.170519366248,-143.0856102397505,-37.34932544367965,,-143.99461430087052,-797.0878220319865,0.00017866885055693163,3.847922977915034e-05,3.2629984063678455e-07,0.0011709659801174444,0.9273618052444966
10000.0,0.05,88.0,False,False,885.4635301093854,2613.3622960534103,8.174578220691387,False,False,True,4.4,False,681,290.3444806961711,5.251368545874957,7,3.747141805913028e-32,True,39.64965973623391,1.438142736222579,-0.010341272648748833,0.0009875984145514237,0.0009875984145514237,-0.009353674234197409,-0.010339532276154034,10000.065345414536,0.0009858580419566253,-148.824909355397,0.02256253374858531,0.4583382683869554,True,True,0.021904369588583876,22.179429680973154,True,0.00017982371925666564,5.492036415628834,-146.91401363501996,-811.454471204819,-144.92858762351852,-38.217914407486155,,-145.85878789375337,-806.3523818152233,0.00016484448777058776,3.3438817014816594e-05,1.243810021269753e-07,0.0011194004897511095,0.9167004689481606
10000.0,0.05,90.0,False,False,885.4635301093854,2613.3622960534103,8.174578220691387,False,False,True,4.5,False,681,290.3444806961711,5.159968012818879,7,2.738302857205955e-32,True,37.96287054031326,1.4611533007493396,-0.010674844841453453,0.0009134895516223759,0.0009134895516223759,-0.009761355289831077,-0.010673868895401978,10000.065345414536,0.0009125136055709013,-150.67672774545343,0.02371933959089632,0.4500481474429645,True,True,0.020961876450821544,22.94703471275925,True,0.0001680999034420829,5.434206283985817,-148.72240257688608,-820.6328514174492,-146.75076414817187,-39.08650337129266,,-147.70195346417358,-815.512023751422,0.0001524105665152574,3.247991634103484e-05,1.2771469058023566e-07,0.0010685513894703698,0.906666591678138
10000.0,0.05,92.0,False,False,885.4635301093854,2613.3622960534103,8.174578220691387,False,False,True,4.6000000000000005,False,681,290.3444806961711,5.073065422954504,7,2.014938504072476e-32,True,36.38452019903448,1.484961539045817,-0.01102555386222661,0.0008424575316371545,0.0008424575316371545,-0.010183096330589456,-0.011025240275772157,10000.065345414536,0.0008421439451827025,-152.50818664479283,0.024935456137036814,0.4421637126521329,True,True,0.02007956445185109,23.83451236150778,True,0.0001573734661498295,5.353237443693853,-150.51043202803515,-829.7091637968382,-148.5528324432514,-39.95509233509917,,-149.52480600910525,-824.5702311831919,0.00014133600353743384,2.6961666360240714e-05,1.1390660848802124e-07,0.0010198023835814012,0.898092969515414
10000.0,0.05,94.0,False,False,885.4635301093854,2613.3622960534103,8.174578220691387,False,False,True,4.7,False,681,290.3444806961711,4.9903486213914885,7,1.4924918689834653e-32,True,34.90549639343324,1.5095889644068616,-0.011394294207294906,0.0007750138881372918,0.0007750138881372918,-0.010619280319157615,-0.011394089795601263,10000.065345414536,0.0007748094764436487,-154.31994425918205,0.026213924311818945,0.43466571703488194,True,True,0.019252395779838557,24.841355844745898,True,0.00014754056135114383,5.252886942003514,-152.27876019423405,-838.6867225468586,-150.33544762323527,-40.82368129890567,,-151.32800302578133,-833.530298917678,0.00013155592341201826,2.719329012286816e-05,9.738480817605387e-08,0.0009735878457342176,0.8916593661245301
10000.0,0.05,96.0,False,False,885.4635301093854,2613.3622960534103,8.174578220691387,False,False,True,4.800000000000001,False,681,290.3444806961711,4.911533153871606,7,1.1125282989053143e-32,True,33.517624862518616,1.535057895609337,-0.011782013714362834,0.0007112087586510933,0.0007112087586510933,-0.01107080495571174,-0.011781361301003344,10000.065345414536,0.0007105563452916043,-156.11262405265637,0.027557940951604017,0.4275360679179138,True,True,0.01847584998456829,25.978096810295643,True,0.00013851005227466547,5.134708614799784,-154.02801053951805,-847.5686663395263,-152.09923006344073,-41.69227026271217,,-153.11216728490658,-842.395347208757,0.00012294521657524164,2.532995183115928e-05,1.7696425944301468e-07,0.0009363537585032443,0.88762667081694
10000.0,0.05,98.0,False,False,885.4635301093854,2613.3622960534103,8.174578220691387,False,False,True,4.9,False,681,290.3444806961711,4.836359294800234,7,8.343448964341255e-33,True,32.21355582270266,1.5613914824599222,-0.01218971680749197,0.0006503462720698932,0.0006503462720698932,-0.011539370535422077,-0.012188787226096086,10000.065345414536,0.000649416690674009,-157.88681726274118,0.028970866798058485,0.4207577526920554,True,True,0.017745861438033587,27.28678890024671,True,0.00013020173313126168,4.994912559376246,-155.7587743014125,-856.3579710597611,-153.8447679175828,-42.56085922651867,,-154.87788934560788,-851.1683344337345,0.00011534639562301905,2.243699760625387e-05,5.291881240126514e-08,0.0009000133295965335,0.8859052245236524
10000.0,0.05,100.0,False,False,885.4635301093854,2613.3622960534103,8.174578220691387,False,False,True,5.0,False,681,290.3444806961711,4.764589447057175,7,6.293743417898677e-33,True,30.986666117190314,1.5886137323432645,-0.012618467952947987,0.00059202052846668,0.00059202052846668,-0.012026447424481307,-0.0126178563990607,10000.065345414536,0.0005914089745793925,-159.64308518622818,0.03045623490175869,0.41431476982137855,True,True,0.017058765445925266,28.814482987789443,True,0.00012254482960927845,4.831052687855346,-157.4716127767092,-865.05746138461,-155.57261940578763,-43.42944819032518,,-156.62572984092722,-859.8520686104887,0.00010860076048203234,1.81953123173819e-05,2.935176053083811e-08,0.0008645596078895816,0.8862125054830519
10000.0,0.05,102.0,False,False,885.4635301093854,2613.3622960534103,8.174578220691387,False,False,True,5.1000000000000005,False,681,290.3444806961711,4.696005860718273,7,4.774205186644263e-33,True,29.830974653697186,1.6167495378050198,-0.01306939533996373,0.0005366734415914245,0.0005366734415914245,-0.012532721898372306,-0.01306926027411326,10000.065345414536,0.0005365383757409555,-161.38196126058605,0.032017759456657593,0.40819206470883,True,True,0.016411251668413902,30.579586013700993,True,0.00011547672992408505,4.647459639221133,-159.16705940287673,-873.6698213246173,-157.28331489813962,-44.298037154131684,,-158.3562215589385,-868.449217882114,0.00010256085683016054,1.5665081537147405e-05,9.109655247220697e-08,0.000831122883222863,0.8881517245732932
10000.0,0.05,104.0,False,False,885.4635301093854,2613.3622960534103,8.174578220691387,False,False,True,5.2,False,681,290.3444806961711,4.630408626207218,7,3.641055926917342e-33,True,28.741069107141765,1.6458247052057287,-0.013543694801327623,0.00048483468534655437,0.00048483468534655437,-0.013058860115981069,-0.013543657359030998,10000.065345414536,0.0004847972430499299,-163.10395296290682,0.03365934508750423,0.40237547005498964,True,True,0.01580032373829244,32.589095243873786,True,0.00010894190729659624,4.450396522126086,-160.8456216570072,-882.1976038388137,-158.97735881566445,-45.166626117938186,,-160.06987134139376,-876.9623200799833,9.708084005442863e-05,1.1014698803000062e-05,4.749631155653396e-08,0.0007987664414259122,0.8911248431709972
10000.0,0.05,106.0,False,False,885.4635301093854,2613.3622960534103,8.174578220691387,False,False,True,5.300000000000001,False,681,290.3444806961711,4.567613904321227,7,2.791250642076722e-33,True,27.712042204104524,1.6758659844829147,-0.014042633989734446,0.0004364490518967484,0.0004364490518967484,-0.013606184937837697,-0.014042350542261389,10000.065345414536,0.00043616560442369173,-164.80954354556889,0.035385096613439526,0.39685165037534326,True,True,0.015223264151339401,34.879819500537714,True,0.00010289100197585796,4.241858311372607,-162.50778279147895,-890.6432396209232,-160.65523136792777,-46.03521508174469,,-161.76716181908125,-885.3937914623373,9.203724890081015e-05,1.1387746795481216e-05,1.0216140772285447e-07,0.0007670094684534891,0.8945121257775825
10000.0,0.05,108.0,False,False,885.4635301093854,2613.3622960534103,8.174578220691387,False,False,True,5.4,False,681,290.3444806961711,4.50745236131268,7,2.1504607794535698e-33,True,26.73943618361953,1.7069011000602852,-0.014567556826935063,0.0003910529189581578,0.0003910529189581578,-0.014176503907976905,-0.014567115634592748,10000.065345414536,0.0003906117266158444,-166.49919362545828,0.0371993293121821,0.391608050367845,True,True,0.014677603656323325,37.53354838886604,True,9.728003671416834e-05,4.019868126768531,-164.154003423178,-899.0090451424568,-162.31739014409337,-46.90380404555119,,-163.44855300073968,-893.7459347136418,8.736018277173964e-05,1.1793044680426924e-05,2.6260776876690685e-08,0.0007356838731055211,0.8980278556886695
10000.0,0.05,110.0,False,False,885.4635301093854,2613.3622960534103,8.174578220691387,False,False,True,5.5,False,681,290.3444806961711,4.449767781982262,7,1.6647385436634185e-33,True,25.819194256619344,1.7389587829444775,-0.015119888243898694,0.0003484027430514728,0.0003484027430514728,-0.014771485500847222,-0.015119578222081164,10000.065345414536,0.00034809272123394316,-168.17334264157455,0.039106579710470435,0.38663284684675403,True,True,0.014161094497174625,40.64576063077228,True,9.20697442594128e-05,3.7841176366236478,-165.78472299110396,-907.2972300280966,-163.96427157226668,-47.7723930093577,,-165.1144837303563,-902.0209462797351,8.301540800739418e-05,9.49493715051893e-06,9.9700802580785e-09,0.0007047471155666057,0.9016578537841117
10000.0,0.05,112.0,False,False,885.4635301093854,2613.3622960534103,8.174578220691387,False,False,True,5.6000000000000005,False,681,290.3444806961711,4.394415837724198,7,1.2946944007013178e-33,True,24.94761807382319,1.7720688040513868,-0.015701139231460565,0.0003086614561278548,0.0003086614561278548,-0.015392477775332711,-0.015701032967378778,10000.065345414536,0.0003085551920460681,-169.83241019410596,0.04111161692774264,0.3819149039809533,True,True,0.013671686962840815,44.29347005081737,True,8.722498918754445e-05,3.538681506330654,-167.40036109544502,-915.5099038298862,-165.59629226021013,-48.6409819731642,,-166.76537302593488,-910.2209231049452,7.897013902932768e-05,9.922606338776235e-06,7.104007056024703e-08,0.0006744095620451458,0.9053614080654361
10000.0,0.05,114.0,False,False,885.4635301093854,2613.3622960534103,8.174578220691387,False,False,True,5.7,False,681,290.3444806961711,4.34126298980256,7,1.0114027452928056e-33,True,24.1213303667447,1.8062620088058008,-0.016312912222275835,0.0002719747017819084,0.0002719747017819084,-0.016040937520493927,-0.016312873439004717,10000.065345414536,0.0002719359185107901,-171.47679727654716,0.043219454601419106,0.377443731595359,True,True,0.013207508785441562,48.561534212224,True,8.27142694440924e-05,3.2881231208327297,-169.00131872969592,-923.649082259062,-167.21385022900495,-49.509570936970704,,-168.40162131130808,-918.3478688297108,7.517455852154635e-05,1.1865655422006974e-05,1.666876497671981e-08,0.0006447147702605864,0.9088463094310198
10000.0,0.05,116.0,False,False,885.4635301093854,2613.3622960534103,8.174578220691387,False,False,True,5.800000000000001,False,681,290.3444806961711,4.290185510943572,7,7.935041800278511e-34,True,23.337242054921095,1.841570353059785,-0.016956906826343706,0.00023825994940617683,0.00023825994940617683,-0.01671864687693753,-0.01695680944729398,10000.065345414536,0.0002381625703564513,-173.1068874111215,0.045435363423607676,0.37320944631276126,True,True,0.012766846997911318,53.58368886474858,True,7.850928544200154e-05,3.034799617201847,-170.58797941607992,-931.716692927666,-168.81732604992246,-50.378159900777206,,-170.0236115512575,-926.403699500582,7.157484413829432e-05,1.163680662731876e-05,5.251760950904183e-09,0.0006244511923778203,0.9116736158701888
10000.0,0.05,118.0,False,False,885.4635301093854,2613.3622960534103,8.174578220691387,False,False,True,5.9,False,681,290.3444806961711,4.241068610694876,7,6.251419006923636e-34,True,22.592523219320608,1.8780269403770569,-0.01763492594391005,0.0002073387035563148,0.0002073387035563148,-0.017427587240353735,-0.017634741688318946,10000.065345414536,0.00020715444796521053,-174.72304769662537,0.04776488432057913,0.3692027353306533,True,True,0.012348131921042633,59.55536380446589,True,7.458456658743009e-05,2.7799143045668386,-172.16071025339346,-939.7145806462622,-170.40708389362499,-51.24674886458371,,-171.63171029905897,-934.3902488386843,6.813529331399145e-05,1.086262335519203e-05,4.941311704101605e-09,0.0006080395406734035,0.9135307266835341
10000.0,0.05,120.0,False,False,885.4635301093854,2613.3622960534103,8.174578220691387,False,False,True,6.0,False,681,290.3444806961711,4.19380565200399,7,4.944832559121872e-34,True,21.88457743108838,1.9156660607324674,-0.018348882281211253,0.00017901214866454952,0.00017901214866454952,-0.018169870132546704,-0.018348693375831407,10000.065345414536,0.00017882324328470555,-176.32562977681323,0.05021384230796918,0.3654148226434207,True,True,0.01194992299887402,66.75481573748917,True,7.091714676462873e-05,2.524243526867824,-173.719862885391,-947.6445123189952,-171.98347249981634,-52.11533782839022,,-173.22626866457327,-942.3092731076714,6.483109667097947e-05,8.066219305377711e-06,2.5587848113701168e-08,0.0005916463754531069,0.9141808381850355
10000.0,0.05,885.4635301093854,True,False,885.4635301093854,2613.3622960534103,8.174578220691387,False,False,False,44.27317650546927,True,106,45.174079608968896,2.153511932127932,5,7.185108801916444e-28,True,2.0,1393838.447079437,-9713928082.784086,1.4589249453928124e-08,1.4589249453928124e-08,-9713928082.784086,-9713928082.784086,10000.065345414536,1.4589249449952123e-08,-505.6469382527353,10273966.2563076,945.4895841049037,True,True,0.0002510233056827931,17206.04658077223,True,1.7651554458478427e-07,0.08265135792004193,-486.41934200007864,-2565.4706598974576,-496.40673688392167,-384.5519250530799,,-500.5829888253608,-2565.297068417213,,,,,
10000.0,0.05,2613.3622960534103,False,True,885.4635301093854,2613.3622960534103,8.174578220691387,False,False,False,130.66811480267052,True,36,15.30595281810192,2.0320907795230667,4,8.15964826286562e-24,True,2.0,2.977031799895274e+22,-4.431359168793849e+42,1.1696116920062171e-12,1.1696116920062171e-12,-4.431359168793849e+42,-4.431359168793849e+42,10000.065345414536,1.1696116920056846e-12,-880.3539029459796,5.917804563633174e+25,7.48818099878794e+16,True,True,3.1359811340963214e-05,26812156.167122617,True,6.865878741186836e-09,0.0001703513470154933,-823.6054617264765,-4384.335774279042,-866.2519986782015,-1134.9688243900084,,-872.7939567065109,-4408.404230132521,,,,,
10000.0,0.1,4.0,False,False,387.27999060989714,1251.2293735819096,7.787413831013013,False,False,True,0.4,False,681,290.3444806961711,145.17224034808555,9,2.7492084472105518e-15,True,18377.960810472385,1.0031658068972553,-0.020126832722556432,1.9384066681627168,1.9384066681627168,1.9182798354401605,1.9140213305684017,10000.065345414536,0.004258504871758608,-20.5207522745503,0.012214027581601701,1.647845691201319,False,False,10.051342651622544,5.18536322470946,False,1.9147629626449756,1.0123481109562933,-20.34703448177814,-170.08713494314588,-18.650809918895234,-1.737177927613007,,-17.969637687992364,-167.24216312572122,1.8879465654702468,1.9021739581255688,1.1459192268841873,2.4877095298297114,0.9859949259005482
10000.0,0.1,6.0,False,False,387.27999060989714,1251.2293735819096,7.787413831013013,False,False,True,0.6000000000000001,False,681,290.3444806961711,90.02337640968167,9,1.8633554426815644e-18,True,8173.120044925021,1.0071330183655594,-0.020286338333642448,0.6945973723535687,0.6945973723535687,0.6743110340199262,0.6700668897744143,10000.065345414536,0.004244144245511937,-28.245632774205905,0.013498588075760034,1.502848906847632,False,False,4.474785889005332,6.44227298736101,False,0.5673371741170298,1.2243114042978043,-27.985056085053095,-209.30659592791798,-26.292259749385426,-2.6057668914195107,,-25.68365885758735,-206.352420719954,0.5589890325468179,0.5773093854091003,0.19678049707692155,0.8731132126761281,0.985285396496
10000.0,0.1,8.0,False,False,387.27999060989714,1251.2293735819096,7.787413831013013,False,False,True,0.8,False,681,290.3444806961711,64.33320047091996,9,1.0522447055541555e-20,True,4600.35252817267,1.0127057362312821,-0.020511458163914868,0.2248048814296186,0.2248048814296186,0.20429342326570374,0.2000693144820262,10000.065345414536,0.004224108783677549,-34.77968976780187,0.014918246976412707,1.37492415806935,False,False,2.5212336136976328,11.21520848508343,False,0.23934537033062195,0.939248923507826,-34.4322541822684,-242.32122793113,-32.74425071782115,-3.474355855226014,,-32.20675199291217,-239.27716266000556,0.23696926580341393,0.2371973200523068,0.043767419653219855,0.4126724079076516,0.9900724859481269
10000.0,0.1,10.0,False,False,387.27999060989714,1251.2293735819096,7.787413831013013,False,False,True,1.0,False,681,290.3444806961711,49.69518055643452,9,1.898640827291106e-22,True,2946.181784773168,1.0199026796385429,-0.02080402951867761,0.08323572482769388,0.08323572482769388,0.06243169530901627,0.058233227820727866,10000.065345414536,0.0041984674882884114,-40.54858699929346,0.016487212707001285,1.2618281748644626,False,False,1.6162158553698989,19.417333827699878,False,0.12254482960927844,0.6792267376198768,-40.114292517379354,-271.377623117122,-38.43243997869969,-4.3429448190325175,,-37.964658119637065,-268.25810724001195,0.12163561260821859,0.12426935854889716,0.02653620154519394,0.2621939250189583,0.9925805355969828
10000.0,0.1,12.0,False,False,387.27999060989714,1251.2293735819096,7.787413831013013,False,False,True,1.2000000000000002,False,681,290.3444806961711,40.32686647703426,9,7.142908108428182e-24,True,2047.3559215253345,1.0287480556552326,-0.021166451240288438,0.04173149563014672,0.04173149563014672,0.020565044389858282,0.016397735900623177,10000.065345414536,0.004167308489235102,-45.77199299578823,0.018221188003905094,1.161639473548713,False,False,1.1241688506208514,26.93813949502339,False,0.07091714676462872,0.5884542389818918,-45.25083961749347,-297.62563171969583,-43.576487667957274,-5.211533782839021,,-43.1770844452496,-294.4419739273951,0.07084356534820173,0.07457194067836807,0.009896296356032544,0.1479294344056517,0.9989624312344205
10000.0,0.1,14.0,False,False,387.27999060989714,1251.2293735819096,7.787413831013013,False,False,True,1.4000000000000001,False,681,290.3444806961711,33.857575940138545,9,4.4618633231453305e-25,True,1505.2339891306533,1.0392716649334397,-0.02160171187067048,0.017767234766577832,0.017767234766577832,-0.003834477104092647,-0.007965215713009777,10000.065345414536,0.00413073860891713,-50.58095531899762,0.02013752707470477,1.0727092651711394,True,False,0.8272206764092004,46.55877446755505,False,0.04465919446402276,0.39784046666786693,-49.97294304432221,-321.74738101616015,-48.3074312133679,-6.080122746645525,,-47.975100608339694,-318.5087468070177,0.044932857112410865,0.04734898301354016,0.002900127426426476,0.09972940837950878,1.0061278008184533
10000.0,0.1,16.0,False,False,387.27999060989714,1251.2293735819096,7.787413831013013,False,False,True,1.6,False,681,290.3444806961711,29.040572505665114,8,4.3386549547063174e-24,True,1153.2737497759147,1.0515090319262406,-0.022113424884449197,0.010704241751363025,0.010704241751363025,-0.011409183133086172,-0.015498065968647466,10000.065345414536,0.004088882835561293,-55.06112830594328,0.02225540928492468,0.9936202296413547,True,False,0.6343223018819825,59.25896636267683,False,0.029918171291327744,0.35778395835529625,-54.36625713488721,-344.1868643131546,-52.710913145364074,-6.948711710452028,,-52.444374530217324,-340.9008786532244,0.031025707182929036,0.031772157184185905,0.0017858301953728943,0.06926268083713964,1.037018836506305
10000.0,0.1,18.0,False,False,387.27999060989714,1251.2293735819096,7.787413831013013,False,False,True,1.8,False,681,290.3444806961711,25.394288816291038,8,6.600497288671921e-25,True,911.9011655255248,1.0655015603158562,-0.022705871500710486,0.009726367294515887,0.009726367294515887,-0.012979504206194599,-0.017021387914589545,10000.065345414536,0.0040418837083949465,-59.27215491488038,0.024596031111569504,0.9231518450157626,True,False,0.5019573747374791,51.60789835897958,False,0.02101248793026036,0.46288508656363425,-58.49042484744366,-365.25223650066886,-56.84656302316692,-7.817300674258532,,-56.64455790535287,-361.92537392401,0.022212507470825534,0.021711274135008566,0.0006621556199582695,0.057284274059958444,1.0571098265254448
10000.0,0.1,20.0,False,False,387.27999060989714,1251.2293735819096,7.787413831013013,False,False,True,2.0,False,681,290.3444806961711,22.551478022225815,8,1.2249220016611886e-25,True,739.1990564652592,1.0812967144356884,-0.023384051692988298,0.009080464332749805,0.009080464332749805,-0.014303587360238493,-0.01829348797862751,10000.065345414536,0.0039899006183890156,-63.25754817947206,0.027182818284590456,0.8602511869140653,True,False,0.4071959834283802,44.843079440307704,False,0.015318103701159805,0.5927929794640495,-62.38895921565471,-385.1677195327933,-60.75787897806031,-8.685889638065035,,-60.61916951812826,-381.80556883101383,0.016413593151347196,0.015610404834224443,0.0004582508250139298,0.04636351648245818,1.0715159964679208
10000.0,0.1,22.0,False,False,387.27999060989714,1251.2293735819096,7.787413831013013,False,False,True,2.2,False,681,290.3444806961711,20.278795562471643,8,2.6697286685201824e-26,True,611.3823958235871,1.0989482276006108,-0.024153744138930483,0.008163897592064118,0.008163897592064118,-0.015989846546866367,-0.01992295557565298,10000.065345414536,0.003933109028786614,-67.05021207802018,0.03004166023946434,0.8040082986891925,True,False,0.33702317640066676,41.28214159965418,False,0.0115087180324266,0.7093663750438387,-66.09476421782217,-404.10249261333337,-64.47774867932132,-9.554478601871539,,-64.4011171549916,-400.70994343724675,0.012341020682810356,0.012045167759406984,0.0010475863897563076,0.037342745705402886,1.0723193189752922
10000.0,0.1,24.0,False,False,387.27999060989714,1251.2293735819096,7.787413831013013,False,False,True,2.4000000000000004,False,681,290.3444806961711,18.424312145318353,8,6.644803097107199e-27,True,514.1396018264402,1.118516338396783,-0.025021575985210945,0.006381220399571725,0.006381220399571725,-0.018640355585639222,-0.022512055205744404,10000.065345414536,0.003871699620105182,-70.67574628453977,0.03320116922736549,0.7536353859666889,True,True,0.2836054752091084,44.44376740664569,False,0.00886464334557859,0.7198507769355977,-69.6334395279611,-422.1879316013541,-68.03175418823959,-10.423067565678043,,-68.0160029808189,-418.76931023582455,0.009358719741156391,0.00921611270928523,0.000235181250359368,0.027660545965667846,1.0557356202970345
10000.0,0.1,26.0,False,False,387.27999060989714,1251.2293735819096,7.787413831013013,False,False,True,2.6,False,681,290.3444806961711,16.885072293131415,8,1.8488895605894556e-27,True,438.44034804162317,1.1400680561249503,-0.02599510345193046,0.0044392389629064576,0.0044392389629064576,-0.021555864489024003,-0.02536174185376384,10000.065345414536,0.0038058773647398386,-74.15453407363111,0.03669296667619245,0.7084492153859258,True,True,0.241998655260237,54.51354551587277,False,0.006972282066982159,0.6366981312946094,-73.0253684206718,-439.5284719306922,-71.4402599707935,-11.291656529484547,,-71.48421183911262,-436.0876427391898,0.007325327607757657,0.007500051513745178,0.00019841000256088842,0.023920333705305892,1.0506355791954223
10000.0,0.1,28.0,False,False,387.27999060989714,1251.2293735819096,7.787413831013013,False,False,True,2.8000000000000003,False,681,290.3444806961711,15.588959849657202,8,5.656782023170764e-28,True,378.3583297015408,1.1636774567404884,-0.02708290446652023,0.003813190754302081,0.003813190754302081,-0.02326971371221815,-0.027005574248918206,10000.065345414536,0.003735860536700058,-77.5031200639108,0.04055199966844676,0.667856201616446,True,True,0.2089570333045439,54.798473710971955,False,0.005582399308002845,0.6830738082163967,-76.28709551457084,-456.20876043875705,-74.71979075235876,-12.16024549329105,,-74.8222892561709,-452.7492033827055,0.005917255496408241,0.0048358369484961345,5.102477628979615e-05,0.020846324661790736,1.059984277356396
10000.0,0.1,30.0,False,False,387.27999060989714,1251.2293735819096,7.787413831013013,False,False,True,3.0,False,681,290.3444806961711,14.484032862695285,8,1.8782888695121387e-28,True,329.8735900137473,1.1894260107901675,-0.02829468470288424,0.004334148188976383,0.004334148188976383,-0.02396053651390786,-0.027622416176286205,10000.065345414536,0.003661879662378348,-80.7351525130749,0.04481689070338065,0.6313397529103888,True,True,0.18227833874003277,42.05632359402145,False,0.004538697392936239,0.9549321784972481,-79.43226906735428,-472.2985371008446,-77.88397392616423,-13.028834457097554,,-78.04388391413882,-468.82340813261646,0.0049313151852421605,0.003520902407526917,0.00017898814718410034,0.018205014893869536,1.0865045096236134
10000.0,0.1,32.0,False,False,387.27999060989714,1251.2293735819096,7.787413831013013,False,False,True,3.2,False,681,290.3444806961711,13.531979148402524,8,6.697283339246279e-29,True,290.181278714284,1.2174029450106583,-0.029641398610412484,0.004404411731809151,0.004404411731809151,-0.025236986878603332,-0.028821163297179177,10000.065345414536,0.003584176418575844,-83.86204745853914,0.04953032424395116,0.5984495167933896,True,True,0.16042552903383195,36.42382656353877,False,0.003739771411415968,1.1777221779824063,-82.47230511643788,-487.85606971010424,-80.94420380813567,-13.897423420904056,,-81.16041191664678,-484.36824861930694,0.004175278139837924,0.002722414708253316,1.9050282110518088e-05,0.015676238341826704,1.1164527668970716
10000.0,0.1,34.0,False,False,387.27999060989714,1251.2293735819096,7.787413831013013,False,False,True,3.4000000000000004,False,681,290.3444806961711,12.703952895340274,8,2.542278374054106e-29,True,257.2761039262275,1.2477056394280504,-0.031135387253211206,0.003958217629070494,0.003958217629070494,-0.027177169624140712,-0.030680172108434232,10000.065345414536,0.0035030024842935214,-86.89346894680298,0.05473947391727202,0.5687922266163215,True,True,0.14229939463975178,35.95037160025177,False,0.003117871707950296,1.2695254968244492,-85.41686770832106,-502.93063355963164,-83.91012198004499,-14.76601238471056,,-84.1815371080628,-499.4327624401165,0.003552836633604439,0.0023413076375763254,6.357774386685023e-05,0.013276508010628664,1.1395069991318183
10000.0,0.1,36.0,False,False,387.27999060989714,1251.2293735819096,7.787413831013013,False,False,True,3.6,False,681,290.3444806961711,11.97784250518536,8,1.02005836649128e-29,True,229.69361090719838,1.2804400619821412,-0.0327905350465766,0.0036027062917257263,0.0036027062917257263,-0.029187828754850872,-0.03260644710788823,10000.065345414536,0.0034186183530373567,-89.83768402686701,0.06049647464412948,0.5420238987390079,True,True,0.12709695441794497,35.27818926284564,False,0.002626560991282545,1.3716438733701481,-88.27422389200446,-517.5643418878159,-86.78997239515995,-15.634601348517064,,-87.11552613285176,-514.0588564674767,0.0030300050151419997,0.001923961275027695,5.237347839747775e-05,0.011174151167419377,1.1536016202168804
10000.0,0.1,38.0,False,False,387.27999060989714,1251.2293735819096,7.787413831013013,False,False,True,3.8000000000000003,False,681,290.3444806961711,11.336428575294098,8,4.300300177810493e-30,True,206.34411831696335,1.3157212428949938,-0.034622447780102955,0.0034336788611548474,0.0034336788611548474,-0.031188768918948107,-0.034520061031527834,10000.065345414536,0.0033312921125797233,-92.70183026118382,0.06685894442279272,0.5178431708577783,True,True,0.11422054696832974,33.264772737050315,False,0.002233285274990495,1.5375012317535033,-91.0515112299406,-531.7935234826198,-89.59086899884717,-16.503190312323568,,-89.96951599572402,-528.282678935858,0.0025874435866002294,0.0015313971487911813,3.3829317164939546e-05,0.009301060249006697,1.158581760949121
10000.0,0.1,40.0,False,False,387.27999060989714,1251.2293735819096,7.787413831013013,False,False,True,4.0,False,681,290.3444806961711,10.76611220636598,8,1.8951342143076864e-30,True,186.40323897949457,1.3536737912113446,-0.036648654660249906,0.0033245577271179805,0.0033245577271179805,-0.03332409693313192,-0.03656539513239858,10000.065345414536,0.0032412981992666506,-95.49212074970583,0.07389056098930652,0.49598560586857254,True,True,0.10321788639800511,31.047103064588224,False,0.0019147629626449756,1.7362763913740904,-93.75494282208197,-545.649777269815,-92.3190008587848,-17.37177927613007,,-92.74971912291883,-542.1356697045378,0.0022018092298533593,0.0012692373590479816,4.191834983117625e-05,0.007611048304367462,1.1499121681421443
10000.0,0.1,42.0,False,False,387.27999060989714,1251.2293735819096,7.787413831013013,False,False,True,4.2,False,681,290.3444806961711,10.256018419314874,8,8.692949059701965e-31,True,169.2379759035838,1.3944324561600983,-0.038888837495853694,0.0032637915093543185,0.0032637915093543185,-0.035625045986499376,-0.03877396212055963,10000.065345414536,0.003148916134060248,-98.21400363538004,0.08166169912567653,0.4762188138652879,True,True,0.09374158903422421,28.72168420242299,False,0.00165404423940825,1.9732189935391151,-96.38996681137553,-559.1607918920896,-94.97979177235067,-18.240368239936576,,-95.4615828962257,-555.6453764026039,0.001867258262554557,0.0010378117519794041,5.466653815916215e-05,0.0061769359345963185,1.1289046677630499
10000.0,0.1,44.0,False,False,387.27999060989714,1251.2293735819096,7.787413831013013,False,False,True,4.4,False,681,290.3444806961711,9.797352086267786,8,4.134866847106133e-31,True,154.35576954398303,1.438142736222579,-0.04136509059499533,0.0031893353576466325,0.0031893353576466325,-0.0381757552373487,-0.04123018448490631,10000.065345414536,0.0030544292475576168,-100.87228786782461,0.09025013499434124,0.4583382683869554,True,True,0.0855212638583426,26.814760527863584,False,0.001438589754053325,2.2169873994031044,-98.96139214743943,-572.3509912799212,-97.57802612726596,-19.108957203743078,,-98.10991543874269,-568.8360972422018,0.001582605981965438,0.0009087604903745222,3.7035981667800563e-06,0.0049589999323906234,1.1001093101812642
10000.0,0.1,46.0,False,False,387.27999060989714,1251.2293735819096,7.787413831013013,False,False,True,4.6000000000000005,False,681,290.3444806961711,9.382927415190348,8,2.0329206445314203e-31,True,141.36869729828013,1.484961539045817,-0.04410221544890644,0.003052803113594791,0.003052803113594791,-0.04104941233531165,-0.04400753573654313,10000.065345414536,0.002958123401231486,-103.47124356136518,0.09974182454814726,0.4421637126521329,True,True,0.0783438988083455,25.662938582400947,False,0.001258987729198636,2.424807679053349,-101.47348894459937,-585.2420493420377,-100.11794935114358,-19.977546167549583,,-100.69898599015458,-581.7293934716321,0.0013473615704469337,0.0007716564298117162,9.140609357577245e-06,0.004335583791111124,1.0701943626603485
10000.0,0.1,48.0,False,False,387.27999060989714,1251.2293735819096,7.787413831013013,False,False,True,4.800000000000001,False,681,290.3444806961711,9.006818967195667,8,1.0301970525491122e-31,True,129.96788588111335,1.535057895609337,-0.047128054857451335,0.002897076061548051,0.002897076061548051,-0.044230978795903285,-0.0470912645079975,10000.065345414536,0.002860285712094215,-106.01468295335266,0.11023176380641607,0.4275360679179138,True,True,0.07203983958386846,24.86639565320008,False,0.0011080804181973238,2.6144998268818322,-103.93006944020618,-597.8533048131299,-102.60334895545684,-20.846135131356085,,-103.23260587861117,-594.3445023906756,0.0011581344307191178,0.0006541732796721722,9.901220591257607e-06,0.004005051755441961,1.0451718230010998
10000.0,0.1,50.0,False,False,387.27999060989714,1251.2293735819096,7.787413831013013,False,False,True,5.0,False,681,290.3444806961711,8.663870707737608,7,1.0045327820556358e-28,True,119.90493754258196,1.5886137323432645,-0.05047387181179195,0.00276816271139724,0.00276816271139724,-0.04770570910039471,-0.050466912388290916,10000.065345414536,0.002761203287896204,-108.50602635928108,0.12182493960703476,0.41431476982137855,True,True,0.0664726098289949,24.013259609093794,True,0.0009803586368742276,2.823622506375056,-106.33455394975395,-610.2020989559777,-105.03762057016034,-21.71472409516259,,-105.71419448657349,-606.6986735390592,0.0010048824348303984,0.0004995542515434656,1.3247646001738375e-06,0.003616334133117992,1.0250151291922744
10000.0,0.1,52.0,False,False,387.27999060989714,1251.2293735819096,7.787413831013013,False,False,True,5.2,False,681,290.3444806961711,8.34008553453782,7,5.807887774733289e-29,True,110.97825583792333,1.6458247052057287,-0.05417477920531049,0.0026815451079614436,0.0026815451079614436,-0.051493234097349044,-0.05415439607718227,10000.065345414536,0.0026611619798332224,-110.9483563898911,0.13463738035001693,0.40237547005498964,True,True,0.061531415175710084,22.94625400595529,True,0.0008715352583727699,3.0768062246478878,-108.69002508398333,-622.3040529584665,-107.42382223396852,-22.583313058969093,,-108.14683347644426,-618.8074448332051,0.0008777977700712157,0.00034083414691565535,9.360396680943828e-06,0.003348853792535255,1.0071856091171096
10000.0,0.1,54.0,False,False,387.27999060989714,1251.2293735819096,7.787413831013013,False,False,True,5.4,False,681,290.3444806961711,8.043400069077187,7,3.4282045423156e-29,True,103.0228475813455,1.7069011000602852,-0.05827022730774025,0.0026040649780178894,0.0026040649780178894,-0.05566616232972236,-0.05822660748927829,10000.065345414536,0.002560445159555929,-113.34446288732433,0.1487973172487284,0.391608050367845,True,True,0.057125551779170926,21.937068491529203,True,0.0007782402937133468,3.3460937438649996,-110.99927268503589,-634.1732976866812,-109.76471939727921,-23.451902022775595,,-110.53331173352262,-630.6848712623851,0.00076972471504492,0.00022270028715634795,4.731108296745229e-06,0.0030928320171990853,0.9890579057172754
10000.0,0.1,56.0,False,False,387.27999060989714,1251.2293735819096,7.787413831013013,False,False,True,5.6000000000000005,False,681,290.3444806961711,7.7706632319991265,7,2.0627897328807477e-29,True,95.9026264774295,1.7720688040513868,-0.06280455692584226,0.0024961427902503905,0.0024961427902503905,-0.06030841413559187,-0.06276774666264257,10000.065345414536,0.002459332527050691,-115.69688045164973,0.16444646771097057,0.3819149039809533,True,True,0.05318018567248809,21.304945326125967,True,0.0006977999135003556,3.5771612205124166,-113.26483135298065,-645.8226654288512,-112.06282250907373,-24.3204909865821,,-112.87616289796645,-642.3437157402849,0.0006778457888641927,0.00021338926504500008,6.663077869911104e-06,0.002827962599785672,0.9714042317144072
10000.0,0.1,58.0,False,False,387.27999060989714,1251.2293735819096,7.787413831013013,False,False,True,5.800000000000001,False,681,290.3444806961711,7.519185920056867,7,1.2635638513638202e-29,True,89.50454084228599,1.841570353059785,-0.06782762730537482,0.0023708395535841412,0.0023708395535841412,-0.06545678775179069,-0.06781488670748624,10000.065345414536,0.002358098955695553,-118.00791999880147,0.1817414536944307,0.37320944631276126,True,True,0.04963313181690016,20.93483371401779,True,0.0006280742835360123,3.774775716395341,-115.48901200375174,-657.2638510436971,-114.32041862892223,-25.189079950388603,,-115.17769692707887,-653.7956094952092,0.000601813800935223,0.00016573819136029097,6.800730353464234e-07,0.002622843833159549,0.9581888905672992
10000.0,0.1,60.0,False,False,387.27999060989714,1251.2293735819096,7.787413831013013,False,False,True,6.0,False,681,290.3444806961711,7.286660196282059,7,7.869865184936507e-30,True,83.73404752387366,1.9156660607324674,-0.07339552912484501,0.002260311877708794,0.002260311877708794,-0.07113521724713621,-0.07339223062762731,10000.065345414536,0.002257013380491093,-120.27969547097157,0.20085536923187672,0.3654148226434207,True,True,0.04643237106175915,20.54246209103947,True,0.0005673371741170298,3.984071520126652,-117.67392857954121,-668.5075482761995,-116.53959818529452,-26.05766891419511,,-117.44002680917883,-665.0511877380225,0.0005396197789661187,0.0001662731293528348,1.6896959145165396e-06,0.002469188815267903,0.9511447576231032
10000.0,0.1,62.0,False,False,387.27999060989714,1251.2293735819096,7.787413831013013,False,False,True,6.2,False,681,290.3444806961711,7.07109475638838,7,4.9784128748835225e-30,True,78.511590511301,1.9946352350256618,-0.07957139441611756,0.0021635073410550027,0.0021635073410550027,-0.07740788707506256,-0.07956422481018814,10000.065345414536,0.002156337735125583,-122.51414657980713,0.2219795128144164,0.35846278517892943,True,True,0.04353411790972071,20.12201072009857,True,0.0005141856165002788,4.207638781848013,-119.82152079199612,-679.5635657632786,-118.7222777607386,-26.92625787800161,,-119.66509130957442,-676.1202051112787,0.0004883693901820521,0.00014493509562062018,1.0902211239126448e-06,0.002293885277678544,0.9497920099478071
10000.0,0.1,64.0,False,False,387.27999060989714,1251.2293735819096,7.787413831013013,False,False,True,6.4,False,681,290.3444806961711,6.870762988818239,7,3.195500570067144e-30,True,73.76983718970457,2.0787774886771784,-0.08642631694861994,0.002067277965156092,0.002067277965156092,-0.08435903898346385,-0.08641536492662363,10000.065345414536,0.0020563259431597898,-124.71305827980326,0.24532530197109356,0.3522927160558574,True,True,0.040901303718632674,19.785101185241135,True,0.000467471426426996,4.422255240190459,-121.9335735956116,-690.4409263096123,-120.8702196015774,-27.794846841808113,,-121.85467444616359,-687.0116344844968,0.00044551611713168214,0.00013368591048097068,2.742834667414823e-06,0.0021272242880183644,0.953033900995567
10000.0,0.1,66.0,False,False,387.27999060989714,1251.2293735819096,7.787413831013013,False,False,True,6.6000000000000005,False,681,290.3444806961711,6.684160865005101,7,2.0793219756126946e-30,True,69.45149149663996,2.1684141505387515,-0.09404039856513394,0.001969099410819856,0.001969099410819856,-0.09207129915431408,-0.09402852212252634,10000.065345414536,0.0019572229682122575,-126.87807752885023,0.271126389206579,0.34685077627571637,True,True,0.038502376286149435,19.553292268833978,True,0.0004262488160158,4.619600892326857,-124.0117339482779,-701.1479522910648,-122.98504840937596,-28.66343580561462,,-124.01042225172664,-697.7337519407174,0.0004088520296789543,0.00012865591735692567,2.696154469520676e-06,0.0020002658139866717,0.9591863116490138
10000.0,0.1,68.0,False,False,387.27999060989714,1251.2293735819096,7.787413831013013,False,False,True,6.800000000000001,False,681,290.3444806961711,6.509972565970547,7,1.3705182709635593e-30,True,65.50755033857071,2.2638897852530144,-0.10250393919545882,0.0018678955912078692,0.0018678955912078692,-0.10063604360425095,-0.10249530753184477,10000.065345414536,0.0018592639275938265,-129.01072778411285,0.2996410004739703,0.3420891634766895,True,True,0.03631034256627406,19.43917140614593,True,0.000389733963493787,4.7927452215430195,-126.05752530715985,-711.6923394837337,-125.06826586267825,-29.53202476942112,,-126.13385727117407,-708.2942102423146,0.00037635964501234637,0.00014437515640781817,1.7659947087837397e-06,0.0018989575719388842,0.9656834668409549
10000.0,0.1,70.0,False,False,387.27999060989714,1251.2293735819096,7.787413831013013,False,False,True,7.0,False,681,290.3444806961711,6.347042244265455,7,9.14333002943399e-31,True,61.89590347385621,2.3655738293566433,-0.11191879084274109,0.0017656832680436186,0.0017656832680436186,-0.11015310757469747,-0.11191578084808146,10000.065345414536,0.0017626732733839936,-131.11242159644956,0.33115451958692316,0.33796546392405213,True,True,0.034301999811523036,19.42704019024303,True,0.000357273555712182,4.942104557735712,-128.07236022311594,-722.0812211798676,-127.1212632325593,-30.400613733227626,,-128.22639115702455,-718.7001026290981,0.0003469113221352903,0.00013638254281884336,4.1430743568419454e-07,0.0018195386538624773,0.9709963600405974
10000.0,0.1,72.0,False,False,387.27999060989714,1251.2293735819096,7.787413831013013,False,False,True,7.2,False,681,290.3444806961711,6.19435068670556,7,6.169984236528643e-31,True,58.58020165212356,2.473862352534489,-0.12239989878574957,0.0016683998465298144,0.0016683998465298144,-0.12073149893921975,-0.12239916298368474,10000.065345414536,0.0016676640444649882,-133.18447159966792,0.36598234443677996,0.3344420861998522,True,True,0.032457313904925296,19.454157810212482,True,0.00032832012391031815,5.081625295029262,-130.05755132995364,-732.3212241082085,-129.14533238863893,-31.269202697034128,,-130.2893356594665,-728.9580184594928,0.00032002683570457504,0.00012643549831240663,8.062121878010906e-07,0.0017368095334384544,0.9747402379513951
10000.0,0.1,74.0,False,False,387.27999060989714,1251.2293735819096,7.787413831013013,False,False,True,7.4,False,681,290.3444806961711,6.050995918313848,7,4.208737023109283e-31,True,55.52893583393409,2.589179953442983,-0.13407705662622016,0.001577291406159862,0.001577291406159862,-0.1324997652200603,-0.13407420241259588,10000.065345414536,0.0015744371925355692,-135.22810013784047,0.40447304360067404,0.33148576585635464,True,True,0.030758913529092862,19.50109752007067,True,0.0003024125659123804,5.215694002004067,-132.01432097174555,-742.4185174038329,-131.1416754391339,-32.137791660840634,,-132.3239122542708,-739.0740919342674,0.0002951780727349596,0.00010500055308842259,1.470567869541175e-07,0.0016475559698231129,0.9760774055284566
10000.0,0.1,76.0,False,False,387.27999060989714,1251.2293735819096,7.787413831013013,False,False,True,7.6000000000000005,False,681,290.3444806961711,5.916176996001747,7,2.9003964222440197e-31,True,52.71468366873676,2.7119818002689327,-0.14709690569979844,0.0014883069944907749,0.0014883069944907749,-0.14560859870530768,-0.14709177968992715,10000.065345414536,0.0014831809846194745,-137.24444773150648,0.44701184493300844,0.3290671318158094,True,True,0.029191676138868854,19.614015285103733,True,0.0002791606593738119,5.331363659296448,-133.94380966903088,-752.3788556550223,-133.11141320612526,-33.006380624647136,,-134.33126060941817,-749.0540449256688,0.00027189651744861405,9.781007663256011e-05,4.7664963445584456e-07,0.0015517510560468246,0.973978633158798
10000.0,0.1,78.0,False,False,387.27999060989714,1251.2293735819096,7.787413831013013,False,False,True,7.800000000000001,False,681,290.3444806961711,5.789180399339513,7,2.0182270937603123e-31,True,50.11348938533888,2.8427558269963025,-0.16162521383842865,0.0013983442716491966,0.0013983442716491966,-0.16022686956677945,-0.16162094005084607,10000.065345414536,0.0013940704840666087,-139.23458054949427,0.494024491055302,0.3271603265926669,True,True,0.0277423871726673,19.839454228212443,True,0.00025823266914748737,5.415055640580256,-135.84708359063802,-762.207616879858,-135.05559270312068,-33.87496958845364,,-136.31244605720525,-758.9032247607556,0.0002499881883714097,8.530446336421756e-05,3.558095261265065e-07,0.0014487407329372537,0.9680734401139273
10000.0,0.1,80.0,False,False,387.27999060989714,1251.2293735819096,7.787413831013013,False,False,True,8.0,False,681,290.3444806961711,5.669368547899525,7,1.417348353512551e-31,True,47.70435076416228,2.982025097223648,-0.17784947360943418,0.0013087109731081163,0.0013087109731081163,-0.17654076263632607,-0.1778480297478486,10000.065345414536,0.0013072671115225568,-141.19949702551645,0.5459815003314424,0.3257426735181856,True,True,0.026399458057622106,20.172107210902993,True,0.00023934537033062196,5.467876697595262,-137.72514117027958,-771.9098361438549,-136.97519375439876,-34.74355855226014,,-138.2684662110073,-768.626637666955,0.0002295780333586778,7.116763756429417e-05,2.8456864327213227e-07,0.0013521626302817392,0.9591914522580823
10000.0,0.1,82.0,False,False,387.27999060989714,1251.2293735819096,7.787413831013013,False,False,True,8.200000000000001,False,681,290.3444806961711,5.5561700692636755,7,1.0041062603710835e-31,True,45.46879256621132,3.130350348313626,-0.19598186606374482,0.001223034474165788,0.001223034474165788,-0.19475883158957902,-0.19598174987639633,10000.065345414536,0.0012229182868172977,-143.14013373624414,0.6034028759736201,0.3247943850905889,True,True,0.025152691692106644,20.565807606742148,True,0.00022225596989538463,5.502819450660729,-139.57891898462663,-781.4902354149425,-138.87113487316273,-35.61214751606665,,-140.20025684342352,-778.2289784733774,0.00021089417351068517,6.3079812129439e-05,3.003925149436355e-07,0.0012862929757283435,0.9488796796322392
10000.0,0.1,84.0,False,False,387.27999060989714,1251.2293735819096,7.787413831013013,False,False,True,8.4,False,681,290.3444806961711,5.449071515577318,7,7.172922236926663e-32,True,43.390510157889636,3.2883327296690315,-0.21626264282025173,0.001142221632979028,0.001142221632979028,-0.2151204211872727,-0.21626157833947376,10000.065345414536,0.0011411571522010502,-145.05737063919491,0.6668633104092516,0.3242983073810615,True,True,0.023993086482416687,21.005631297527014,True,0.00020675552992603126,5.524503423863287,-141.40929699119675,-790.9532501580322,-140.74427849714434,-36.48073647987315,,-142.10869712415735,-787.7146570677697,0.00019396859724904328,4.153104463823043e-05,5.01637725716599e-07,0.0012215447221721317,0.93815433772648
10000.0,0.1,86.0,False,False,387.27999060989714,1251.2293735819096,7.787413831013013,False,False,True,8.6,False,681,290.3444806961711,5.347610284463675,7,5.164826729988588e-32,True,41.45507043251678,3.456616750023281,-0.23896398713083025,0.0010640891213944102,0.0010640891213944102,-0.23789989800943584,-0.2389620003862734,10000.065345414536,0.0010621023768375795,-146.95203575365937,0.7369979369959581,0.3242396961175494,True,True,0.02291267185413358,21.53266243724794,True,0.00019266358561082427,5.523042239771475,-143.21710320928054,-800.3030530940559,-142.59543566517084,-37.34932544367965,,-143.99461430087052,-797.0878220319865,0.00017866885055693163,3.847922977915034e-05,3.2629984063678455e-07,0.0011709659801174444,0.9273618052444966
10000.0,0.1,88.0,False,False,387.27999060989714,1251.2293735819096,7.787413831013013,False,False,True,8.8,False,681,290.3444806961711,5.251368545874957,7,3.747141805913028e-32,True,39.64965973623391,3.6358934498135076,-0.26439442356793547,0.0009875984145514237,0.0009875984145514237,-0.26340682515338404,-0.26439268319534065,10000.065345414536,0.0009858580419566253,-148.824909355397,0.8145086866496816,0.32460602066193917,True,True,0.021904369588583876,22.179429680973154,True,0.00017982371925666564,5.492036415628834,-145.00311791463753,-809.5435754844366,-144.42537020569617,-38.217914407486155,,-145.85878789375337,-806.3523818152233,0.00016484448777058776,3.3438817014816594e-05,1.243810021269753e-07,0.0011194004897511095,0.9167004689481606
10000.0,0.1,90.0,False,False,387.27999060989714,1251.2293735819096,7.787413831013013,False,False,True,9.0,False,681,290.3444806961711,5.159968012818879,7,2.738302857205955e-32,True,37.96287054031326,3.826903815978791,-0.2929038563350607,0.0009134895516223759,0.0009134895516223759,-0.29199036678343837,-0.29290288038900925,10000.065345414536,0.0009125136055709013,-150.67672774545343,0.9001713130052182,0.3253867926064011,True,True,0.020961876450821544,22.94703471275925,True,0.0001680999034420829,5.434206283985817,-146.7680774083133,-818.6785262488764,-146.23480249789867,-39.08650337129266,,-147.70195346417358,-815.512023751422,0.0001524105665152574,3.247991634103484e-05,1.2771469058023566e-07,0.0010685513894703698,0.906666591678138
10000.0,0.1,92.0,False,False,387.27999060989714,1251.2293735819096,7.787413831013013,False,False,True,9.200000000000001,False,681,290.3444806961711,5.073065422954504,7,2.014938504072476e-32,True,36.38452019903448,4.030442457901989,-0.3248893281291806,0.0008424575316371545,0.0008424575316371545,-0.32404687059754345,-0.3248890145427261,10000.065345414536,0.0008421439451827025,-152.50818664479283,0.9948431564193388,0.32657341615388835,True,True,0.02007956445185109,23.83451236150778,True,0.0001573734661498295,5.353237443693853,-148.51267741127205,-827.7114091800751,-148.0244128572716,-39.95509233509917,,-149.52480600910525,-824.5702311831919,0.00014133600353743384,2.6961666360240714e-05,1.1390660848802124e-07,0.0010198023835814012,0.898092969515414
10000.0,0.1,94.0,False,False,387.27999060989714,1251.2293735819096,7.787413831013013,False,False,True,9.4,False,681,290.3444806961711,4.9903486213914885,7,1.4924918689834653e-32,True,34.90549639343324,4.247361564699482,-0.3608016052257286,0.0007750138881372918,0.0007750138881372918,-0.36002659133759135,-0.360801400814035,10000.065345414536,0.0007748094764436487,-154.31994425918205,1.0994717245212355,0.3281590578264662,True,True,0.019252395779838557,24.841355844745898,True,0.00014754056135114383,5.252886942003514,-150.23757612928063,-836.6455384819051,-149.7948445903543,-40.82368129890567,,-151.32800302578133,-833.530298917678,0.00013155592341201826,2.719329012286816e-05,9.738480817605387e-08,0.0009735878457342176,0.8916593661245301
10000.0,0.1,96.0,False,False,387.27999060989714,1251.2293735819096,7.787413831013013,False,False,True,9.600000000000001,False,681,290.3444806961711,4.911533153871606,7,1.1125282989053143e-32,True,33.517624862518616,4.478575165667955,-0.40115271029075505,0.0007112087586510933,0.0007112087586510933,-0.40044150153210395,-0.40115205787739555,10000.065345414536,0.0007105563452916043,-156.11262405265637,1.21510417518735,0.33013853337217247,True,True,0.01847584998456829,25.978096810295643,True,0.00013851005227466547,5.134708614799784,-151.94339702637427,-845.4840528263826,-151.54670675712777,-41.69227026271217,,-153.11216728490658,-842.395347208757,0.00012294521657524164,2.532995183115928e-05,1.7696425944301468e-07,0.0009363537585032443,0.88762667081694
10000.0,0.1,98.0,False,False,387.27999060989714,1251.2293735819096,7.787413831013013,False,False,True,9.8,False,681,290.3444806961711,4.836359294800234,7,8.343448964341255e-33,True,32.21355582270266,4.72506371743073,-0.4465245426756063,0.0006503462720698932,0.0006503462720698932,-0.4458741964035364,-0.44652361309421046,10000.065345414536,0.000649416690674009,-157.88681726274118,1.3428977968493554,0.3325082100240402,True,True,0.017745861438033587,27.28678890024671,True,0.00013020173313126168,4.994912559376246,-153.63073134007843,-854.229928098427,-153.28057667442428,-42.56085922651867,,-154.87788934560788,-851.1683344337345,0.00011534639562301905,2.243699760625387e-05,5.291881240126514e-08,0.0009000133295965335,0.8859052245236524
10000.0,0.1,100.0,False,False,387.27999060989714,1251.2293735819096,7.787413831013013,False,False,True,10.0,False,681,290.3444806961711,4.764589447057175,7,6.293743417898677e-33,True,30.986666117190314,4.9878790431985625,-0.4975787469915882,0.00059202052846668,0.00059202052846668,-0.49698672646312153,-0.4975781354377009,10000.065345414536,0.0005914089745793925,-159.64308518622818,1.4841315910257662,0.3352659225100678,True,True,0.017058765445925266,28.814482987789443,True,0.00012254482960927845,4.831052687855346,-155.30014036718478,-862.8859889750856,-154.99700218930687,-43.42944819032518,,-156.62572984092722,-859.8520686104887,0.00010860076048203234,1.81953123173819e-05,2.935176053083811e-08,0.0008645596078895816,0.8862125054830519
10000.0,0.1,102.0,False,False,387.27999060989714,1251.2293735819096,7.787413831013013,False,False,True,10.200000000000001,False,681,290.3444806961711,4.696005860718273,7,4.774205186644263e-33,True,29.830974653697186,5.268149651582862,-0.5550680150294526,0.0005366734415914245,0.0005366734415914245,-0.5545313415878611,-0.5550678799636021,10000.065345414536,0.0005365383757409555,-161.38196126058605,1.6402190729990187,0.3384109014258394,True,True,0.016411251668413902,30.579586013700993,True,0.00011547672992408505,4.647459639221133,-156.952157545162,-871.4549194669025,-156.69650374763992,-44.298037154131684,,-158.3562215589385,-868.449217882114,0.00010256085683016054,1.5665081537147405e-05,9.109655247220697e-08,0.000831122883222863,0.8881517245732932
10000.0,0.1,104.0,False,False,387.27999060989714,1251.2293735819096,7.787413831013013,False,False,True,10.4,False,681,290.3444806961711,4.630408626207218,7,3.641055926917342e-33,True,28.741069107141765,5.567086464584827,-0.619849034083272,0.00048483468534655437,0.00048483468534655437,-0.6193641993979254,-0.6198489966409754,10000.065345414536,0.0004847972430499299,-163.10395296290682,1.8127224187515125,0.3419437127666708,True,True,0.01580032373829244,32.589095243873786,True,0.00010894190729659624,4.450396522126086,-158.58729035110215,-879.9392725329086,-158.37957627987774,-45.166626117938186,,-160.06987134139376,-876.9623200799833,9.708084005442863e-05,1.1014698803000062e-05,4.749631155653396e-08,0.0007987664414259122,0.8911248431709972
10000.0,0.1,106.0,False,False,387.27999060989714,1251.2293735819096,7.787413831013013,False,False,True,10.600000000000001,False,681,290.3444806961711,4.567613904321227,7,2.791250642076722e-33,True,27.712042204104524,5.8859889867458985,-0.6928973270418803,0.0004364490518967484,0.0004364490518967484,-0.6924608779899836,-0.6928970435944073,10000.065345414536,0.00043616560442369173,-164.80954354556889,2.003368099747919,0.3458662075776622,True,True,0.015223264151339401,34.879819500537714,True,0.00010289100197585796,4.241858311372607,-160.20602203738355,-888.3414788668277,-160.04669092336235,-46.03521508174469,,-161.76716181908125,-885.3937914623373,9.203724890081015e-05,1.1387746795481216e-05,1.0216140772285447e-07,0.0007670094684534891,0.8945121257775825
10000.0,0.1,108.0,False,False,387.27999060989714,1251.2293735819096,7.787413831013013,False,False,True,10.8,False,681,290.3444806961711,4.50745236131268,7,2.1504607794535698e-33,True,26.73943618361953,6.226251949996952,-0.775324266896817,0.0003910529189581578,0.0003910529189581578,-0.7749332139778589,-0.7753238257044747,10000.065345414536,0.0003906117266158444,-166.49919362545828,2.214064162041872,0.35018148082113,True,True,0.014677603656323325,37.53354838886604,True,9.728003671416834e-05,4.019868126768531,-161.8088132208923,-896.6638549401711,-161.69829659807016,-46.90380404555119,,-163.44855300073968,-893.7459347136418,8.736018277173964e-05,1.1793044680426924e-05,2.6260776876690685e-08,0.0007356838731055211,0.8980278556886695
10000.0,0.1,110.0,False,False,387.27999060989714,1251.2293735819096,7.787413831013013,False,False,True,11.0,False,681,290.3444806961711,4.449767781982262,7,1.6647385436634185e-33,True,25.819194256619344,6.5893724715020845,-0.86839659136379,0.0003484027430514728,0.0003484027430514728,-0.8680481886207385,-0.8683962813419724,10000.065345414536,0.00034809272123394316,-168.17334264157455,2.4469193226422044,0.3548938386845088,True,True,0.014161094497174625,40.64576063077228,True,9.20697442594128e-05,3.7841176366236478,-163.39610334062792,-904.9086103776206,-163.33482145071798,-47.7723930093577,,-165.1144837303563,-902.0209462797351,8.301540800739418e-05,9.49493715051893e-06,9.9700802580785e-09,0.0007047471155666057,0.9016578537841117
10000.0,0.1,112.0,False,False,387.27999060989714,1251.2293735819096,7.787413831013013,False,False,True,11.200000000000001,False,681,290.3444806961711,4.394415837724198,7,1.2946944007013178e-33,True,24.94761807382319,6.976957764773925,-0.9735587930287835,0.0003086614561278548,0.0003086614561278548,-0.9732501315726556,-0.9735586867647017,10000.065345414536,0.0003085551920460681,-169.83241019410596,2.7042640742615283,0.3600087736604051,True,True,0.013671686962840815,44.29347005081737,True,8.722498918754445e-05,3.538681506330654,-164.96831199677868,-913.0778547312199,-164.95667418038715,-48.6409819731642,,-166.76537302593488,-910.2209231049452,7.897013902932768e-05,9.922606338776235e-06,7.104007056024703e-08,0.0006744095620451458,0.9053614080654361
10000.0,0.1,114.0,False,False,387.27999060989714,1251.2293735819096,7.787413831013013,False,False,True,11.4,False,681,290.3444806961711,4.34126298980256,7,1.0114027452928056e-33,True,24.1213303667447,7.390733447559901,-1.0924588178576133,0.0002719747017819084,0.0002719747017819084,-1.0921868431558315,-1.0924587790743423,10000.065345414536,0.0002719359185107901,-171.47679727654716,2.9886740096706035,0.36553294682614734,True,True,0.013207508785441562,48.561534212224,True,8.27142694440924e-05,3.2881231208327297,-166.52584018283923,-921.1736037122052,-166.56424525730156,-49.509570936970704,,-168.40162131130808,-918.3478688297108,7.517455852154635e-05,1.1865655422006974e-05,1.666876497671981e-08,0.0006447147702605864,0.9088463094310198
10000.0,0.1,116.0,False,False,387.27999060989714,1251.2293735819096,7.787413831013013,False,False,True,11.600000000000001,False,681,290.3444806961711,4.290185510943572,7,7.935041800278511e-34,True,23.337242054921095,7.83255249348233,-1.2269775712631257,0.00023825994940617683,0.00023825994940617683,-1.2267393113137195,-1.226977473884076,10000.065345414536,0.0002381625703564513,-173.1068874111215,3.30299559909649,0.37147417683473644,True,True,0.012766846997911318,53.58368886474858,True,7.850928544200154e-05,3.034799617201847,-168.0690714210329,-929.197784932619,-168.15790804507557,-50.378159900777206,,-170.0236115512575,-926.403699500582,7.157484413829432e-05,1.163680662731876e-05,5.251760950904183e-09,0.0006244511923778203,0.9116736158701888
10000.0,0.1,118.0,False,False,387.27999060989714,1251.2293735819096,7.787413831013013,False,False,True,11.8,False,681,290.3444806961711,4.241068610694876,7,6.251419006923636e-34,True,22.592523219320608,8.30440487818101,-1.3792628076151316,0.0002073387035563148,0.0002073387035563148,-1.3790554689115753,-1.3792626233595406,10000.065345414536,0.00020715444796521053,-174.72304769662537,3.65037467865329,0.37784143520411845,True,True,0.012348131921042633,59.55536380446589,True,7.458456658743009e-05,2.7799143045668386,-169.59837281015612,-937.1522432030249,-169.73801983559412,-51.24674886458371,,-171.63171029905897,-934.3902488386843,6.813529331399145e-05,1.086262335519203e-05,4.941311704101605e-09,0.0006080395406734035,0.9135307266835341
10000.0,0.1,120.0,False,False,387.27999060989714,1251.2293735819096,7.787413831013013,False,False,True,12.0,False,681,290.3444806961711,4.19380565200399,7,4.944832559121872e-34,True,21.88457743108838,8.808427974778652,-1.5517680677372634,0.00017901214866454952,0.00017901214866454952,-1.551589055588599,-1.5517678788318836,10000.065345414536,0.00017882324328470555,-176.32562977681323,4.0342879349273515,0.38464484755850903,True,True,0.01194992299887402,66.75481573748917,True,7.091714676462873e-05,2.524243526867824,-171.11409599396336,-945.0387454275676,-171.3049228046813,-52.11533782839022,,-173.22626866457327,-942.3092731076714,6.483109667097947e-05,8.066219305377711e-06,2.5587848113701168e-08,0.0005916463754531069,0.9141808381850355
10000.0,0.1,387.27999060989714,True,False,387.27999060989714,1251.2293735819096,7.787413831013013,True,False,True,38.72799906098972,True,243,103.28444786679299,2.4744735774420645,6,1.0864841791802523e-31,True,3.053975004006712,148283.8827577688,-439762197.71439445,5.006784880729055e-09,5.006784880729055e-09,-439762197.71439445,-439762197.71439445,10000.065345414536,5.005909888310316e-09,-329.0383935384189,2568491.564076908,171.21418807246147,True,True,0.0012332432420727644,246314.40564172744,True,2.109695686844096e-06,0.0023732261064716535,-312.2190372510659,-1692.036278730622,-320.8622551454185,-168.19356287342148,,-325.0817336142054,-1695.6497164451114,,,,,
10000.0,0.1,1251.2293735819096,False,True,387.27999060989714,1251.2293735819096,7.787413831013013,False,False,False,125.12293735819097,True,75,31.96855895853173,2.0940357151244173,5,2.9949446394702246e-28,True,2.0,2.457008349407351e+21,-1.207378005811487e+41,1.196183836727937e-10,1.196183836727937e-10,-1.207378005811487e+41,-1.207378005811487e+41,10000.065345414536,1.1961838366867717e-10,-604.1187011803368,1.4794511409083034e+25,8160986006406551.0,True,True,0.00012915134201051213,1079694.7596599788,True,6.255819343163521e-08,0.001912113779364728,-549.7784999261373,-3018.3812608545336,-590.8603431864061,-543.4020125418857,,-598.4121444884979,-3049.842852136885,,,,,
10000.0,0.25,4.0,False,False,125.59069282398589,471.1704460127909,7.303607964596681,False,False,True,1.0,False,681,290.3444806961711,145.17224034808555,9,2.7492084472105518e-15,True,18377.960810472385,1.0199026796385429,-0.13002518449173503,1.9384066681627168,1.9384066681627168,1.8083814836709817,1.804122978799223,10000.065345414536,0.004258504871758608,-20.5207522745503,0.10304507941875801,1.2618281748644626,False,False,10.051342651622544,5.18536322470946,False,1.9147629626449756,1.0123481109562933,-20.08645779257919,-169.82655825394693,-19.2004852712436,-1.737177927613007,,-17.969637687992364,-167.24216312572122,1.8879465654702468,1.9021739581255688,1.1459192268841873,2.4877095298297114,0.9859949259005482
10000.0,0.25,6.0,False,False,125.59069282398589,471.1704460127909,7.303607964596681,False,False,True,1.5,False,681,290.3444806961711,90.02337640968167,9,1.8633554426815644e-18,True,8173.120044925021,1.0451736807768373,-0.13654850287357526,0.6945973723535687,0.6945973723535687,0.5580488694799934,0.5538047252344815,10000.065345414536,0.004244144245511937,-28.245632774205905,0.13231250103829217,1.0320151293493964,False,False,4.474785889005332,6.44227298736101,False,0.5673371741170298,1.2243114042978043,-27.594191051283172,-208.91573089414808,-26.72947799415285,-2.6057668914195107,,-25.68365885758735,-206.352420719954,0.5589890325468179,0.5773093854091003,0.19678049707692155,0.8731132126761281,0.985285396496
10000.0,0.25,8.0,False,False,125.59069282398589,471.1704460127909,7.303607964596681,False,False,True,2.0,False,681,290.3444806961711,64.33320047091996,9,1.0522447055541555e-20,True,4600.35252817267,1.0812967144356884,-0.14615032308117684,0.2248048814296186,0.2248048814296186,0.07865455834844176,0.07443044956476422,10000.065345414536,0.004224108783677549,-34.77968976780187,0.16989261427869032,0.8602511869140654,False,False,2.5212336136976328,11.21520848508343,False,0.23934537033062195,0.939248923507826,-33.9111008039275,-241.80007455278906,-33.07590058367718,-3.474355855226014,,-32.20675199291217,-239.27716266000556,0.23696926580341393,0.2371973200523068,0.043767419653219855,0.4126724079076516,0.9900724859481269
10000.0,0.25,10.0,False,False,125.59069282398589,471.1704460127909,7.303607964596681,False,False,True,2.5,False,681,290.3444806961711,49.69518055643452,9,1.898640827291106e-22,True,2946.181784773168,1.1290397859547654,-0.15934135478359782,0.08323572482769388,0.08323572482769388,-0.07610562995590393,-0.08030409744419234,10000.065345414536,0.0041984674882884114,-40.54858699929346,0.2181464348413651,0.7304329997392347,True,False,1.6162158553698989,19.417333827699878,False,0.12254482960927844,0.6792267376198768,-39.46285079446747,-270.72618139421013,-38.6651792998572,-4.3429448190325175,,-37.964658119637065,-268.25810724001195,0.12163561260821859,0.12426935854889716,0.02653620154519394,0.2621939250189583,0.9925805355969828
10000.0,0.25,12.0,False,False,125.59069282398589,471.1704460127909,7.303607964596681,False,False,True,3.0,False,681,290.3444806961711,40.32686647703426,9,7.142908108428182e-24,True,2047.3559215253345,1.1894260107901675,-0.17684177939302645,0.04173149563014672,0.04173149563014672,-0.13511028376287973,-0.13927759225211483,10000.065345414536,0.004167308489235102,-45.77199299578823,0.28010556689612903,0.6313397529103887,True,True,1.1241688506208514,26.93813949502339,False,0.07091714676462872,0.5884542389818918,-44.469109550010614,-296.84390165221294,-43.71669442616463,-5.211533782839021,,-43.1770844452496,-294.4419739273951,0.07084356534820173,0.07457194067836807,0.009896296356032544,0.1479294344056517,0.9989624312344205
10000.0,0.25,14.0,False,False,125.59069282398589,471.1704460127909,7.303607964596681,False,False,True,3.5,False,681,290.3444806961711,33.857575940138545,9,4.4618633231453305e-25,True,1505.2339891306533,1.2637619135374374,-0.19963677176347566,0.017767234766577832,0.017767234766577832,-0.18186953699689784,-0.18600027560581495,10000.065345414536,0.00413073860891713,-50.58095531899762,0.35966266725035817,0.5550667053928903,True,True,0.8272206764092004,46.55877446755505,False,0.04465919446402276,0.39784046666786693,-49.06092463226838,-320.83536260410625,-48.36116517073834,-6.080122746645525,,-47.975100608339694,-318.5087468070177,0.044932857112410865,0.04734898301354016,0.002900127426426476,0.09972940837950878,1.0061278008184533
10000.0,0.25,16.0,False,False,125.59069282398589,471.1704460127909,7.303607964596681,False,False,True,4.0,False,681,290.3444806961711,29.040572505665114,8,4.3386549547063174e-24,True,1153.2737497759147,1.3536737912113446,-0.22905409162656187,0.010704241751363025,0.010704241751363025,-0.21834984987519884,-0.22243873271076015,10000.065345414536,0.004088882835561293,-55.06112830594328,0.46181600618316565,0.4959856058685726,True,True,0.6343223018819825,59.25896636267683,False,0.029918171291327744,0.35778395835529625,-53.32395037826241,-343.1445575565298,-52.68388843230932,-6.948711710452028,,-52.444374530217324,-340.9008786532244,0.031025707182929036,0.031772157184185905,0.0017858301953728943,0.06926268083713964,1.037018836506305
10000.0,0.25,18.0,False,False,125.59069282398589,471.1704460127909,7.303607964596681,False,False,True,4.5,False,681,290.3444806961711,25.394288816291038,8,6.600497288671921e-25,True,911.9011655255248,1.4611533007493396,-0.26687112103633626,0.009726367294515887,0.009726367294515887,-0.2571447537418204,-0.2611866374502153,10000.065345414536,0.0040418837083949465,-59.27215491488038,0.5929834897724079,0.4500481474429645,True,True,0.5019573747374791,51.60789835897958,False,0.02101248793026036,0.46288508656363425,-57.31782974624789,-364.0796413994731,-56.74413132620572,-7.817300674258532,,-56.64455790535287,-361.92537392401,0.022212507470825534,0.021711274135008566,0.0006621556199582695,0.057284274059958444,1.0571098265254448
10000.0,0.25,20.0,False,False,125.59069282398589,471.1704460127909,7.303607964596681,False,False,True,5.0,False,681,290.3444806961711,22.551478022225815,8,1.2249220016611886e-25,True,739.1990564652592,1.5886137323432645,-0.3154616988236997,0.009080464332749805,0.009080464332749805,-0.3063812344909499,-0.3103711351093389,10000.065345414536,0.0039899006183890156,-63.25754817947206,0.7614058725439671,0.41431476982137866,True,True,0.4071959834283802,44.843079440307704,False,0.015318103701159805,0.5927929794640495,-61.08607576988795,-383.86483608702656,-60.585022407638405,-8.685889638065035,,-60.61916951812826,-381.80556883101383,0.016413593151347196,0.015610404834224443,0.0004582508250139298,0.04636351648245818,1.0715159964679208
10000.0,0.25,22.0,False,False,125.59069282398589,471.1704460127909,7.303607964596681,False,False,True,5.5,False,681,290.3444806961711,20.278795562471643,8,2.6697286685201824e-26,True,611.3823958235871,1.7389587829444775,-0.3779972060974673,0.008163897592064118,0.008163897592064118,-0.3698333085054032,-0.37376641753418977,10000.065345414536,0.003933109028786614,-67.05021207802018,0.9776644927617607,0.38663284684675403,True,True,0.33702317640066676,41.28214159965418,False,0.0115087180324266,0.7093663750438387,-64.66159242748445,-402.6693208229957,-64.2390810173192,-9.554478601871539,,-64.4011171549916,-400.70994343724675,0.012341020682810356,0.012045167759406984,0.0010475863897563076,0.037342745705402886,1.0723193189752922
10000.0,0.25,24.0,False,False,125.59069282398589,471.1704460127909,7.303607964596681,False,False,True,6.0,False,681,290.3444806961711,18.424312145318353,8,6.644803097107199e-27,True,514.1396018264402,1.9156660607324674,-0.4587220570302812,0.006381220399571725,0.006381220399571725,-0.45234083663070945,-0.45621253625081465,10000.065345414536,0.003871699620105182,-70.67574628453977,1.2553460576992292,0.3654148226434207,True,True,0.2836054752091084,44.44376740664569,False,0.00886464334557859,0.7198507769355977,-68.06997939305239,-420.62447146644536,-67.73152901614978,-10.423067565678043,,-68.0160029808189,-418.76931023582455,0.009358719741156391,0.00921611270928523,0.000235181250359368,0.027660545965667846,1.0557356202970345
10000.0,0.25,26.0,False,False,125.59069282398589,471.1704460127909,7.303607964596681,False,False,True,6.5,False,681,290.3444806961711,16.885072293131415,8,1.8488895605894556e-27,True,438.44034804162317,2.122888046464401,-0.56333170722768,0.0044392389629064576,0.0044392389629064576,-0.5588924682647736,-0.5626983456295134,10000.065345414536,0.0038058773647398386,-74.15453407363111,1.6118962448245664,0.34948385110791746,True,True,0.241998655260237,54.51354551587277,False,0.006972282066982159,0.6366981312946094,-71.3316199411921,-437.83472345121254,-71.08238413745937,-11.291656529484547,,-71.48421183911262,-436.0876427391898,0.007325327607757657,0.007500051513745178,0.00019841000256088842,0.023920333705305892,1.0506355791954223
10000.0,0.25,28.0,False,False,125.59069282398589,471.1704460127909,7.303607964596681,False,False,True,7.0,False,681,290.3444806961711,15.588959849657202,8,5.656782023170764e-28,True,378.3583297015408,2.3655738293566433,-0.6994924427671316,0.003813190754302081,0.003813190754302081,-0.6956792520128295,-0.6994151125495296,10000.065345414536,0.003735860536700058,-77.5031200639108,2.0697157474182695,0.3379654639240521,True,True,0.2089570333045439,54.798473710971955,False,0.005582399308002845,0.6830738082163967,-74.46305869052019,-454.3847236147064,-74.30784171730762,-12.16024549329105,,-74.8222892561709,-452.7492033827055,0.005917255496408241,0.0048358369484961345,5.102477628979615e-05,0.020846324661790736,1.059984277356396
10000.0,0.25,30.0,False,False,125.59069282398589,471.1704460127909,7.303607964596681,False,False,True,7.5,False,681,290.3444806961711,14.484032862695285,8,1.8782888695121387e-28,True,329.8735900137473,2.649615645043352,-0.8775578833073122,0.004334148188976383,0.004334148188976383,-0.8732237351183358,-0.8768856147807141,10000.065345414536,0.003661879662378348,-80.7351525130749,2.657567625003924,0.33021093237693866,True,True,0.18227833874003277,42.05632359402145,False,0.004538697392936239,0.9549321784972481,-77.47794389873265,-470.344211932223,-77.42121967067608,-13.028834457097554,,-78.04388391413882,-468.82340813261646,0.0049313151852421605,0.003520902407526917,0.00017898814718410034,0.018205014893869536,1.0865045096236134
10000.0,0.25,32.0,False,False,125.59069282398589,471.1704460127909,7.303607964596681,False,False,True,8.0,False,681,290.3444806961711,13.531979148402524,8,6.697283339246279e-29,True,290.181278714284,2.982025097223648,-1.1115592100589633,0.004404411731809151,0.004404411731809151,-1.1071547983271541,-1.11073897474573,10000.065345414536,0.003584176418575844,-83.86204745853914,3.4123843770715148,0.32574267351818553,True,True,0.16042552903383195,36.42382656353877,False,0.003739771411415968,1.1777221779824063,-80.38769160324526,-485.7714561969117,-80.43362420470851,-13.897423420904056,,-81.16041191664678,-484.36824861930694,0.004175278139837924,0.002722414708253316,1.9050282110518088e-05,0.015676238341826704,1.1164527668970716
10000.0,0.25,34.0,False,False,125.59069282398589,471.1704460127909,7.303607964596681,False,False,True,8.5,False,681,290.3444806961711,12.703952895340274,8,2.542278374054106e-29,True,257.2761039262275,3.371144974320063,-1.4205773047354273,0.003958217629070494,0.003958217629070494,-1.4166190871063569,-1.4201220895906503,10000.065345414536,0.0035030024842935214,-86.89346894680298,4.381588271667991,0.3242151513689896,True,True,0.14229939463975178,35.95037160025177,False,0.003117871707950296,1.2695254968244492,-83.20196585055747,-500.7157317018681,-83.35443072262312,-14.76601238471056,,-84.1815371080628,-499.4327624401165,0.003552836633604439,0.0023413076375763254,6.357774386685023e-05,0.013276508010628664,1.1395069991318183
10000.0,0.25,36.0,False,False,125.59069282398589,471.1704460127909,7.303607964596681,False,False,True,9.0,False,681,290.3444806961711,11.97784250518536,8,1.02005836649128e-29,True,229.69361090719838,3.826903815978791,-1.830649102094129,0.0036027062917257263,0.0036027062917257263,-1.8270463958024032,-1.8304650141554406,10000.065345414536,0.0034186183530373567,-89.83768402686701,5.626070706282613,0.325386792606401,True,True,0.12709695441794497,35.27818926284564,False,0.002626560991282545,1.3716438733701481,-85.92903368966988,-515.2191516854814,-86.19163879659932,-15.634601348517064,,-87.11552613285176,-514.0588564674767,0.0030300050151419997,0.001923961275027695,5.237347839747775e-05,0.011174151167419377,1.1536016202168804
10000.0,0.25,38.0,False,False,125.59069282398589,471.1704460127909,7.303607964596681,False,False,True,9.5,False,681,290.3444806961711,11.336428575294098,8,4.300300177810493e-30,True,206.34411831696335,4.361121887861767,-2.377423015098373,0.0034336788611548474,0.0034336788611548474,-2.3739893362372184,-2.377320628349798,10000.065345414536,0.0033312921125797233,-92.70183026118382,7.224017782949229,0.329099828728243,True,True,0.11422054696832974,33.264772737050315,False,0.002233285274990495,1.5375012317535033,-88.57603268303507,-529.3180449357143,-88.95213914569634,-16.503190312323568,,-89.96951599572402,-528.282678935858,0.0025874435866002294,0.0015313971487911813,3.3829317164939546e-05,0.009301060249006697,1.158581760949121
10000.0,0.25,40.0,False,False,125.59069282398589,471.1704460127909,7.303607964596681,False,False,True,10.0,False,681,290.3444806961711,10.76611220636598,8,1.8951342143076864e-30,True,186.40323897949457,4.9878790431985625,-3.1098671686974257,0.0033245577271179805,0.0033245577271179805,-3.106542610970308,-3.1097839091695745,10000.065345414536,0.0032412981992666506,-95.49212074970583,9.275822443911037,0.3352659225100678,True,True,0.10321788639800511,31.047103064588224,False,0.0019147629626449756,1.7362763913740904,-91.14917593060545,-543.0440103783385,-91.6419177700716,-17.37177927613007,,-92.74971912291883,-542.1356697045378,0.0022018092298533593,0.0012692373590479816,4.191834983117625e-05,0.007611048304367462,1.1499121681421443
10000.0,0.25,42.0,False,False,125.59069282398589,471.1704460127909,7.303607964596681,False,False,True,10.5,False,681,290.3444806961711,10.256018419314874,8,8.692949059701965e-31,True,169.2379759035838,5.7239571544478345,-4.0954606882443185,0.0032637915093543185,0.0032637915093543185,-4.092196896734964,-4.0953458128690245,10000.065345414536,0.003148916134060248,-98.21400363538004,11.910391778664374,0.3438560850349779,True,True,0.09374158903422421,28.72168420242299,False,0.00165404423940825,1.9732189935391151,-93.65391157532804,-556.4247366560422,-94.26621433688456,-18.240368239936576,,-95.4615828962257,-555.6453764026039,0.001867258262554557,0.0010378117519794041,5.466653815916215e-05,0.0061769359345963185,1.1289046677630499
10000.0,0.25,44.0,False,False,125.59069282398589,471.1704460127909,7.303607964596681,False,False,True,11.0,False,681,290.3444806961711,9.797352086267786,8,4.134866847106133e-31,True,154.35576954398303,6.5893724715020845,-5.4274786960236865,0.0031893353576466325,0.0031893353576466325,-5.42428936066604,-5.427343789913597,10000.065345414536,0.0030544292475576168,-100.87228786782461,15.293245766513774,0.3548938386845088,True,True,0.0855212638583426,26.814760527863584,False,0.001438589754053325,2.2169873994031044,-96.09504856682096,-569.4846476993029,-96.82964669425512,-19.108957203743078,,-98.10991543874269,-568.8360972422018,0.001582605981965438,0.0009087604903745222,3.7035981667800563e-06,0.0049589999323906234,1.1001093101812642
10000.0,0.25,46.0,False,False,125.59069282398589,471.1704460127909,7.303607964596681,False,False,True,11.5,False,681,290.3444806961711,9.382927415190348,8,2.0329206445314203e-31,True,141.36869729828013,7.608016505659712,-7.235239393798827,0.003052803113594791,0.003052803113594791,-7.232186590685233,-7.235144714086464,10000.065345414536,0.002958123401231486,-103.47124356136518,19.636916267855888,0.3684508960117304,True,True,0.0783438988083455,25.662938582400947,False,0.001258987729198636,2.424807679053349,-98.47685701940992,-582.2454174168482,-99.33630992469024,-19.977546167549583,,-100.69898599015458,-581.7293934716321,0.0013473615704469337,0.0007716564298117162,9.140609357577245e-06,0.004335583791111124,1.0701943626603485
10000.0,0.25,48.0,False,False,125.59069282398589,471.1704460127909,7.303607964596681,False,False,True,12.0,False,681,290.3444806961711,9.006818967195667,8,1.0301970525491122e-31,True,129.96788588111335,8.808427974778652,-9.698550423357894,0.002897076061548051,0.002897076061548051,-9.695653347296346,-9.69851363300844,10000.065345414536,0.002860285712094215,-106.01468295335266,25.214299593295944,0.384644847558509,True,True,0.07203983958386846,24.86639565320008,False,0.0011080804181973238,2.6144998268818322,-100.80314917044578,-594.7263845433695,-101.78985599850778,-20.846135131356085,,-103.23260587861117,-594.3445023906756,0.0011581344307191178,0.0006541732796721722,9.901220591257607e-06,0.004005051755441961,1.0451718230010998
10000.0,0.25,50.0,False,False,125.59069282398589,471.1704460127909,7.303607964596681,False,False,True,12.5,False,681,290.3444806961711,8.663870707737608,7,1.0045327820556358e-28,True,119.90493754258196,10.224723125422361,-13.068120373943353,0.00276816271139724,0.00276816271139724,-13.065352211231955,-13.068113414519852,10000.065345414536,0.002761203287896204,-108.50602635928108,32.375801541771374,0.40363851245760873,True,True,0.0664726098289949,24.013259609093794,True,0.0009803586368742276,2.823622506375056,-103.07734533542256,-606.9448903416463,-104.19355846164673,-21.71472409516259,,-105.71419448657349,-606.6986735390592,0.0010048824348303984,0.0004995542515434656,1.3247646001738375e-06,0.003616334133117992,1.0250151291922744
10000.0,0.25,52.0,False,False,125.59069282398589,471.1704460127909,7.303607964596681,False,False,True,13.0,False,681,290.3444806961711,8.34008553453782,7,5.807887774733289e-29,True,110.97825583792333,11.897717556352049,-17.69446038134097,0.0026815451079614436,0.0026815451079614436,-17.69177883623301,-17.694439998212843,10000.065345414536,0.0026611619798332224,-110.9483563898911,41.57135206527261,0.42564072377435036,True,True,0.061531415175710084,22.94625400595529,True,0.0008715352583727699,3.0768062246478878,-105.30252812508097,-618.9165559995643,-106.55036544780587,-22.583313058969093,,-108.14683347644426,-618.8074448332051,0.0008777977700712157,0.00034083414691565535,9.360396680943828e-06,0.003348853792535255,1.0071856091171096
10000.0,0.25,54.0,False,False,125.59069282398589,471.1704460127909,7.303607964596681,False,False,True,13.5,False,681,290.3444806961711,8.043400069077187,7,3.4282045423156e-29,True,103.0228475813455,13.876279728853373,-24.068892389173378,0.0026040649780178894,0.0026040649780178894,-24.06628832419536,-24.068848769354915,10000.065345414536,0.002560445159555929,-113.34446288732433,53.37867265788447,0.45090840949598254,True,True,0.057125551779170926,21.937068491529203,True,0.0007782402937133468,3.3460937438649996,-107.48148738156256,-630.6555123832079,-108.86294348677993,-23.451902022775595,,-110.53331173352262,-630.6848712623851,0.00076972471504492,0.00022270028715634795,4.731108296745229e-06,0.0030928320171990853,0.9890579057172754
10000.0,0.25,56.0,False,False,125.59069282398589,471.1704460127909,7.303607964596681,False,False,True,14.0,False,681,290.3444806961711,7.7706632319991265,7,2.0627897328807477e-29,True,95.9026264774295,16.21896493708543,-32.88185295380083,0.0024961427902503905,0.0024961427902503905,-32.87935681101058,-32.881816143537634,10000.065345414536,0.002459332527050691,-115.69688045164973,68.53957240177866,0.47974989924138367,True,True,0.05318018567248809,21.304945326125967,True,0.0006977999135003556,3.5771612205124166,-109.61675770493635,-642.1745917808068,-111.13371398779879,-24.3204909865821,,-112.87616289796645,-642.3437157402849,0.0006778457888641927,0.00021338926504500008,6.663077869911104e-06,0.002827962599785672,0.9714042317144072
10000.0,0.25,58.0,False,False,125.59069282398589,471.1704460127909,7.303607964596681,False,False,True,14.5,False,681,290.3444806961711,7.519185920056867,7,1.2635638513638202e-29,True,89.50454084228599,18.99598896045795,-45.10594957323004,0.0023708395535841412,0.0023708395535841412,-45.10357873367646,-45.10593683263215,10000.065345414536,0.002358098955695553,-118.00791999880147,88.00655301279347,0.5125294427413037,True,True,0.04963313181690016,20.93483371401779,True,0.0006280742835360123,3.774775716395341,-111.71065001113645,-653.4854890510818,-113.36488384118309,-25.189079950388603,,-115.17769692707887,-653.7956094952092,0.000601813800935223,0.00016573819136029097,6.800730353464234e-07,0.002622843833159549,0.9581888905672992
10000.0,0.25,60.0,False,False,125.59069282398589,471.1704460127909,7.303607964596681,False,False,True,15.0,False,681,290.3444806961711,7.286660196282059,7,7.869865184936507e-30,True,83.73404752387366,22.2916133386534,-62.11450315500377,0.002260311877708794,0.002260311877708794,-62.11224284312606,-62.11449985650655,10000.065345414536,0.002257013380491093,-120.27969547097157,113.00265090350395,0.5496729736724941,True,True,0.04643237106175915,20.54246209103947,True,0.0005673371741170298,3.984071520126652,-113.76527824235494,-664.5988979390132,-115.55847125806766,-26.05766891419511,,-117.44002680917883,-665.0511877380225,0.0005396197789661187,0.0001662731293528348,1.6896959145165396e-06,0.002469188815267903,0.9511447576231032
10000.0,0.25,62.0,False,False,125.59069282398589,471.1704460127909,7.303607964596681,False,False,True,15.5,False,681,290.3444806961711,7.07109475638838,7,4.9784128748835225e-30,True,78.511590511301,26.207029697698886,-85.85105069700892,0.0021635073410550027,0.0021635073410550027,-85.84888718966786,-85.85104352740298,10000.065345414536,0.002156337735125583,-122.51414657980713,145.09827591319106,0.5916751950131482,True,True,0.04353411790972071,20.12201072009857,True,0.0005141856165002788,4.207638781848013,-115.78258211023888,-675.5246270815214,-117.7163277249265,-26.92625787800161,,-119.66509130957442,-676.1202051112787,0.0004883693901820521,0.00014493509562062018,1.0902211239126448e-06,0.002293885277678544,0.9497920099478071
10000.0,0.25,64.0,False,False,125.59069282398589,471.1704460127909,7.303607964596681,False,False,True,16.0,False,681,290.3444806961711,6.870762988818239,7,3.195500570067144e-30,True,73.76983718970457,30.863849422894766,-119.0721501498902,0.002067277965156092,0.002067277965156092,-119.07008287192505,-119.07213919786821,10000.065345414536,0.0020563259431597898,-124.71305827980326,186.30987419010802,0.6391081023885542,True,True,0.040901303718632674,19.785101185241135,True,0.000467471426426996,4.422255240190459,-117.76434656928338,-686.2716992832842,-119.84015676527017,-27.794846841808113,,-121.85467444616359,-687.0116344844968,0.00044551611713168214,0.00013368591048097068,2.742834667414823e-06,0.0021272242880183644,0.953033900995567
10000.0,0.25,66.0,False,False,125.59069282398589,471.1704460127909,7.303607964596681,False,False,True,16.5,False,681,290.3444806961711,6.684160865005101,7,2.0793219756126946e-30,True,69.45149149663996,36.408327967846176,-165.69579317678125,0.001969099410819856,0.001969099410819856,-165.69382407737044,-165.69578130033864,10000.065345414536,0.0019572229682122575,-126.87807752885023,239.22661383999414,0.6926311020211416,True,True,0.038502376286149435,19.553292268833978,True,0.0004262488160158,4.619600892326857,-119.7122185773787,-696.8484369201657,-121.9315300597069,-28.66343580561462,,-124.01042225172664,-697.7337519407174,0.0004088520296789543,0.00012865591735692567,2.696154469520676e-06,0.0020002658139866717,0.9591863116490138
10000.0,0.25,68.0,False,False,125.59069282398589,471.1704460127909,7.303607964596681,False,False,True,17.0,False,681,290.3444806961711,6.509972565970547,7,1.3705182709635593e-30,True,65.50755033857071,43.01648112132034,-231.30220600761365,0.0018678955912078692,0.0018678955912078692,-231.30033811202244,-231.30219737595004,10000.065345414536,0.0018592639275938265,-129.01072778411285,307.1730525186959,0.7530029216789308,True,True,0.03631034256627406,19.43917140614593,True,0.000389733963493787,4.7927452215430195,-121.62772159168969,-707.2625357682634,-123.99190136649388,-29.53202476942112,,-126.13385727117407,-708.2942102423146,0.00037635964501234637,0.00014437515640781817,1.7659947087837397e-06,0.0018989575719388842,0.9656834668409549
10000.0,0.25,70.0,False,False,125.59069282398589,471.1704460127909,7.303607964596681,False,False,True,17.5,False,681,290.3444806961711,6.347042244265455,7,9.14333002943399e-31,True,61.89590347385621,50.90028474226487,-323.85487335545525,0.0017656832680436186,0.0017656832680436186,-323.8531076721872,-323.8548703454606,10000.065345414536,0.0017626732733839936,-131.11242159644956,394.418006755564,0.8210955580335878,True,True,0.034301999811523036,19.42704019024303,True,0.000357273555712182,4.942104557735712,-123.5122681630748,-717.5211291198265,-126.02261859976024,-30.400613733227626,,-128.22639115702455,-718.7001026290981,0.0003469113221352903,0.00013638254281884336,4.1430743568419454e-07,0.0018195386538624773,0.9709963600405974
10000.0,0.25,72.0,False,False,125.59069282398589,471.1704460127909,7.303607964596681,False,False,True,18.0,False,681,290.3444806961711,6.19435068670556,7,6.169984236528643e-31,True,58.58020165212356,60.31519118531445,-454.7402859651292,0.0016683998465298144,0.0016683998465298144,-454.73861756528265,-454.7402852293271,10000.065345414536,0.0016676640444649882,-133.18447159966792,506.4427454734615,0.8979105536204356,True,True,0.032457313904925296,19.454157810212482,True,0.00032832012391031815,5.081625295029262,-125.36717092534151,-727.6308437035964,-128.0249343558988,-31.269202697034128,,-130.2893356594665,-728.9580184594928,0.00032002683570457504,0.00012643549831240663,8.062121878010906e-07,0.0017368095334384544,0.9747402379513951
10000.0,0.25,74.0,False,False,125.59069282398589,471.1704460127909,7.303607964596681,False,False,True,18.5,False,681,290.3444806961711,6.050995918313848,7,4.208737023109283e-31,True,55.52893583393409,71.56924654839972,-640.2696314382031,0.001577291406159862,0.001577291406159862,-640.2680541467969,-640.2696285839894,10000.065345414536,0.0015744371925355692,-135.22810013784047,650.2853572850452,0.9845979526762559,True,True,0.030758913529092862,19.50109752007067,True,0.0003024125659123804,5.215694002004067,-127.19365222256245,-737.5978486546499,-130.00001512589904,-32.137791660840634,,-132.3239122542708,-739.0740919342674,0.0002951780727349596,0.00010500055308842259,1.470567869541175e-07,0.0016475559698231129,0.9760774055284566
10000.0,0.25,76.0,False,False,125.59069282398589,471.1704460127909,7.303607964596681,False,False,True,19.0,False,681,290.3444806961711,5.916176996001747,7,2.9003964222440197e-31,True,52.71468366873676,85.03415503062786,-903.8509402216066,0.0014883069944907749,0.0014883069944907749,-903.8494519146121,-903.8509350955967,10000.065345414536,0.0014831809846194745,-137.24444773150648,834.9829268538671,1.082478349140895,True,True,0.029191676138868854,19.614015285103733,True,0.0002791606593738119,5.331363659296448,-128.99285257527683,-747.4278985612683,-131.948949389406,-33.006380624647136,,-134.33126060941817,-749.0540449256688,0.00027189651744861405,9.781007663256011e-05,4.7664963445584456e-07,0.0015517510560468246,0.973978633158798
10000.0,0.25,78.0,False,False,125.59069282398589,471.1704460127909,7.303607964596681,False,False,True,19.5,False,681,290.3444806961711,5.789180399339513,7,2.0182270937603123e-31,True,50.11348938533888,101.15871260369511,-1279.135641954623,0.0013983442716491966,0.0013983442716491966,-1279.1342436103514,-1279.1356376808353,10000.065345414536,0.0013940704840666087,-139.23458054949427,1072.1393005806865,1.19306851382262,True,True,0.0277423871726673,19.839454228212443,True,0.00025823266914748737,5.415055640580256,-130.765838152313,-757.126371441533,-133.8727547526391,-33.87496958845364,,-136.31244605720525,-758.9032247607556,0.0002499881883714097,8.530446336421756e-05,3.558095261265065e-07,0.0014487407329372537,0.9680734401139273
10000.0,0.25,80.0,False,False,125.59069282398589,471.1704460127909,7.303607964596681,False,False,True,20.0,False,681,290.3444806961711,5.669368547899525,7,1.417348353512551e-31,True,47.70435076416228,120.48512495095821,-1814.5831668060016,0.0013087109731081163,0.0013087109731081163,-1814.5818580950286,-1814.58316536214,10000.065345414536,0.0013072671115225568,-141.19949702551645,1376.6541121754199,1.3181111731388768,True,True,0.026399458057622106,20.172107210902993,True,0.00023934537033062196,5.467876697595262,-132.51360738738356,-766.6983023609589,-135.7723842651597,-34.74355855226014,,-138.2684662110073,-768.626637666955,0.0002295780333586778,7.116763756429417e-05,2.8456864327213227e-07,0.0013521626302817392,0.9591914522580823
10000.0,0.25,82.0,False,False,125.59069282398589,471.1704460127909,7.303607964596681,False,False,True,20.5,False,681,290.3444806961711,5.5561700692636755,7,1.0041062603710835e-31,True,45.46879256621132,143.66883798678333,-2580.091876059075,0.001223034474165788,0.001223034474165788,-2580.0906530246007,-2580.0918759428873,10000.065345414536,0.0012229182868172977,-143.14013373624414,1767.658870020936,1.459609611230314,True,True,0.025152691692106644,20.565807606742148,True,0.00022225596989538463,5.502819450660729,-134.2370968571596,-776.1484132874756,-137.64873202845425,-35.61214751606665,,-140.20025684342352,-778.2289784733774,0.00021089417351068517,6.3079812129439e-05,3.003925149436355e-07,0.0012862929757283435,0.9488796796322392
10000.0,0.25,84.0,False,False,125.59069282398589,471.1704460127909,7.303607964596681,False,False,True,21.0,False,681,290.3444806961711,5.449071515577318,7,7.172922236926663e-32,True,43.390510157889636,171.50264785945086,-3676.6447778503507,0.001142221632979028,0.001142221632979028,-3676.6436356287177,-3676.64477678587,10000.065345414536,0.0011411571522010502,-145.05737063919491,2269.7189171404148,1.6198678832366173,True,True,0.023993086482416687,21.005631297527014,True,0.00020675552992603126,5.524503423863287,-135.9371865191588,-785.4811396859943,-139.50263819132525,-36.48073647987315,,-142.10869712415735,-787.7146570677697,0.00019396859724904328,4.153104463823043e-05,5.01637725716599e-07,0.0012215447221721317,0.93815433772648
10000.0,0.25,86.0,False,False,125.59069282398589,471.1704460127909,7.303607964596681,False,False,True,21.5,False,681,290.3444806961711,5.347610284463675,7,5.164826729988588e-32,True,41.45507043251678,204.94602683529246,-5250.359239446552,0.0010640891213944102,0.0010640891213944102,-5250.358175357431,-5250.359237459807,10000.065345414536,0.0010621023768375795,-146.95203575365937,2914.3767783452704,1.8015375631793258,True,True,0.02291267185413358,21.53266243724794,True,0.00019266358561082427,5.523042239771475,-137.6147043926716,-794.7006542774469,-141.33489341233883,-37.34932544367965,,-143.99461430087052,-797.0878220319865,0.00017866885055693163,3.847922977915034e-05,3.2629984063678455e-07,0.0011709659801174444,0.9273618052444966
10000.0,0.25,88.0,False,False,125.59069282398589,471.1704460127909,7.303607964596681,False,False,True,22.0,False,681,290.3444806961711,5.251368545874957,7,3.747141805913028e-32,True,39.64965973623391,245.16080881741755,-7512.977772501295,0.0009875984145514237,0.0009875984145514237,-7512.97678490288,-7512.977770760922,10000.065345414536,0.0009858580419566253,-148.824909355397,3742.1338571998635,2.007672108801327,True,True,0.021904369588583876,22.179429680973154,True,0.00017982371925666564,5.492036415628834,-139.2704307534576,-803.8108883232567,-143.14624285741857,-38.217914407486155,,-145.85878789375337,-806.3523818152233,0.00016484448777058776,3.3438817014816594e-05,1.243810021269753e-07,0.0011194004897511095,0.9167004689481606
10000.0,0.25,90.0,False,False,125.59069282398589,471.1704460127909,7.303607964596681,False,False,True,22.5,False,681,290.3444806961711,5.159968012818879,7,2.738302857205955e-32,True,37.96287054031326,293.55463200674535,-10771.79024657696,0.0009134895516223759,0.0009134895516223759,-10771.789333087409,-10771.790245601014,10000.065345414536,0.0009125136055709013,-150.67672774545343,4804.99498529236,2.2417901120705435,True,True,0.020961876450821544,22.94703471275925,True,0.0001680999034420829,5.434206283985817,-140.9051019025624,-812.8155507431255,-144.9373897905955,-39.08650337129266,,-147.70195346417358,-815.512023751422,0.0001524105665152574,3.247991634103484e-05,1.2771469058023566e-07,0.0010685513894703698,0.906666591678138
10000.0,0.25,92.0,False,False,125.59069282398589,471.1704460127909,7.303607964596681,False,False,True,23.0,False,681,290.3444806961711,5.073065422954504,7,2.014938504072476e-32,True,36.38452019903448,351.8338468448394,-15473.381973204738,0.0008424575316371545,0.0008424575316371545,-15473.381130747206,-15473.381972891151,10000.065345414536,0.0008421439451827025,-152.50818664479283,6169.735688172531,2.5079489228148666,True,True,0.02007956445185109,23.83451236150778,True,0.0001573734661498295,5.353237443693853,-142.51941356095017,-821.7181453297533,-146.70899880753748,-39.95509233509917,,-149.52480600910525,-824.5702311831919,0.00014133600353743384,2.6961666360240714e-05,1.1390660848802124e-07,0.0010198023835814012,0.898092969515414
10000.0,0.25,94.0,False,False,125.59069282398589,471.1704460127909,7.303607964596681,False,False,True,23.5,False,681,290.3444806961711,4.9903486213914885,7,1.4924918689834653e-32,True,34.90549639343324,422.0679777521548,-22267.672230474178,0.0007750138881372918,0.0007750138881372918,-22267.67145546029,-22267.672230269767,10000.065345414536,0.0007748094764436487,-154.31994425918205,7922.0974378589635,2.8108303899493907,True,True,0.019252395779838557,24.841355844745898,True,0.00014754056135114383,5.252886942003514,-144.11402393438777,-830.5219862870123,-148.46169875446188,-40.82368129890567,,-151.32800302578133,-833.530298917678,0.00013155592341201826,2.719329012286816e-05,9.738480817605387e-08,0.0009735878457342176,0.8916593661245301
10000.0,0.25,96.0,False,False,125.59069282398589,471.1704460127909,7.303607964596681,False,False,True,24.0,False,681,290.3444806961711,4.911533153871606,7,1.1125282989053143e-32,True,33.517624862518616,506.7682930902382,-32101.762860199196,0.0007112087586510933,0.0007112087586510933,-32101.762148990438,-32101.762859546783,10000.065345414536,0.0007105563452916043,-156.11262405265637,10172.174463687745,3.155840766867978,True,True,0.01847584998456829,25.978096810295643,True,0.00013851005227466547,5.134708614799784,-145.68955648691045,-839.2302122869188,-150.19608536914197,-41.69227026271217,,-153.11216728490658,-842.395347208757,0.00012294521657524164,2.532995183115928e-05,1.7696425944301468e-07,0.0009363537585032443,0.88762667081694
10000.0,0.25,98.0,False,False,125.59069282398589,471.1704460127909,7.303607964596681,False,False,True,24.5,False,681,290.3444806961711,4.836359294800234,7,8.343448964341255e-33,True,32.21355582270266,608.9836086380901,-46357.62944873382,0.0006503462720698932,0.0006503462720698932,-46357.628798387545,-46357.62944780423,10000.065345414536,0.000649416690674009,-157.88681726274118,13061.33055435706,3.5492271829281297,True,True,0.017745861438033587,27.28678890024671,True,0.00013020173313126168,4.994912559376246,-147.24660245604363,-847.8457992143922,-151.91272367574985,-42.56085922651867,,-154.87788934560788,-851.1683344337345,0.00011534639562301905,2.243699760625387e-05,5.291881240126514e-08,0.0009000133295965335,0.8859052245236524
10000.0,0.25,100.0,False,False,125.59069282398589,471.1704460127909,7.303607964596681,False,False,True,25.0,True,681,290.3444806961711,4.764589447057175,7,6.293743417898677e-33,True,30.986666117190314,732.4171495243579,-67054.36011467321,0.00059202052846668,0.00059202052846668,-67054.35952265268,-67054.36011406165,10000.065345414536,0.0005914089745793925,-159.64308518622818,16771.080407554655,3.9982135011688387,True,True,0.017058765445925266,28.814482987789443,True,0.00012254482960927845,4.831052687855346,-148.78572313857902,-856.3715717464798,-153.61215016106758,-43.42944819032518,,-156.62572984092722,-859.8520686104887,0.00010860076048203234,1.81953123173819e-05,2.935176053083811e-08,0.0008645596078895816,0.8862125054830519
10000.0,0.25,102.0,False,False,125.59069282398589,471.1704460127909,7.303607964596681,False,False,True,25.5,True,681,290.3444806961711,4.696005860718273,7,4.774205186644263e-33,True,29.830974653697186,881.5691533001784,-97145.52150629918,0.0005366734415914245,0.0005366734415914245,-97145.52096962574,-97145.5215061641,10000.065345414536,0.0005365383757409555,-161.38196126058605,21534.49350861398,4.511158874827501,True,True,0.016411251668413902,30.579586013700993,True,0.00011547672992408505,4.647459639221133,-150.30745197198524,-864.8102138937259,-155.29487475602622,-44.298037154131684,,-158.3562215589385,-868.449217882114,0.00010256085683016054,1.5665081537147405e-05,9.109655247220697e-08,0.000831122883222863,0.8881517245732932
10000.0,0.25,104.0,False,False,125.59069282398589,471.1704460127909,7.303607964596681,False,False,True,26.0,True,681,290.3444806961711,4.630408626207218,7,3.641055926917342e-33,True,28.741069107141765,1061.9109486916723,-140956.85786890594,0.00048483468534655437,0.00048483468534655437,-140956.85738407125,-140956.85786886848,10000.065345414536,0.0004847972430499299,-163.10395296290682,27650.83700055753,5.097742895307791,True,True,0.01580032373829244,32.589095243873786,True,0.00010894190729659624,4.450396522126086,-151.81229643335442,-873.1642786151609,-156.96138264348167,-45.166626117938186,,-160.06987134139376,-876.9623200799833,9.708084005442863e-05,1.1014698803000062e-05,4.749631155653396e-08,0.0007987664414259122,0.8911248431709972
10000.0,0.25,106.0,False,False,125.59069282398589,471.1704460127909,7.303607964596681,False,False,True,26.5,True,681,290.3444806961711,4.567613904321227,7,2.791250642076722e-33,True,27.712042204104524,1280.0975348236375,-204831.21233269424,0.0004364490518967484,0.0004364490518967484,-204831.2118962452,-204831.2123324108,10000.065345414536,0.00043616560442369173,-164.80954354556889,35504.3775014057,5.76918190790937,True,True,0.015223264151339401,34.879819500537714,True,0.00010289100197585796,4.241858311372607,-153.30073977506487,-881.4361966045091,-158.61213591052794,-46.03521508174469,,-161.76716181908125,-885.3937914623373,9.203724890081015e-05,1.1387746795481216e-05,1.0216140772285447e-07,0.0007670094684534891,0.8945121257775825
10000.0,0.25,108.0,False,False,125.59069282398589,471.1704460127909,7.303607964596681,False,False,True,27.0,True,681,290.3444806961711,4.50745236131268,7,2.1504607794535698e-33,True,26.73943618361953,1544.22726882293,-298079.7322220407,0.0003910529189581578,0.0003910529189581578,-298079.7318309878,-298079.7322215995,10000.065345414536,0.0003906117266158444,-166.49919362545828,45588.52311548133,6.538481877707864,True,True,0.014677603656323325,37.53354838886604,True,9.728003671416834e-05,4.019868126768531,-154.77324261400264,-889.6282843332814,-160.2475750614094,-46.90380404555119,,-163.44855300073968,-893.7459347136418,8.736018277173964e-05,1.1793044680426924e-05,2.6260776876690685e-08,0.0007356838731055211,0.8980278556886695
10000.0,0.25,110.0,False,False,125.59069282398589,471.1704460127909,7.303607964596681,False,False,True,27.5,True,681,290.3444806961711,4.449767781982262,7,1.6647385436634185e-33,True,25.819194256619344,1864.1592126911469,-434386.1962826596,0.0003484027430514728,0.0003484027430514728,-434386.19593425683,-434386.1962823496,10000.065345414536,0.00034809272123394316,-168.17334264157455,58536.82238953465,7.42073413879603,True,True,0.014161094497174625,40.64576063077228,True,9.20697442594128e-05,3.7841176366236478,-156.23024438916727,-897.7427514261598,-161.86812040516446,-47.7723930093577,,-165.1144837303563,-902.0209462797351,8.301540800739418e-05,9.49493715051893e-06,9.9700802580785e-09,0.0007047471155666057,0.9016578537841117
10000.0,0.25,112.0,False,False,125.59069282398589,471.1704460127909,7.303607964596681,False,False,True,28.0,True,681,290.3444806961711,4.394415837724198,7,1.2946944007013178e-33,True,24.94761807382319,2251.9010756182643,-633882.3067963369,0.0003086614561278548,0.0003086614561278548,-633882.3064876754,-633882.3067962306,10000.065345414536,0.0003085551920460681,-169.83241019410596,75162.76776029855,8.433461482124367,True,True,0.013671686962840815,44.29347005081737,True,8.722498918754445e-05,3.538681506330654,-157.67216470074703,-905.7817074351881,-163.4741733304683,-48.6409819731642,,-166.76537302593488,-910.2209231049452,7.897013902932768e-05,9.922606338776235e-06,7.104007056024703e-08,0.0006744095620451458,0.9053614080654361
10000.0,0.25,114.0,False,False,125.59069282398589,471.1704460127909,7.303607964596681,False,False,True,28.5,True,681,290.3444806961711,4.34126298980256,7,1.0114027452928056e-33,True,24.1213303667447,2722.083616945244,-926217.4022052129,0.0002719747017819084,0.0002719747017819084,-926217.4019332381,-926217.4022051741,10000.065345414536,0.0002719359185107901,-171.47679727654716,96510.90419282128,9.597023361782027,True,True,0.013207508785441562,48.561534212224,True,8.27142694440924e-05,3.2881231208327297,-159.0994045422366,-913.7471680716026,-165.06611747869874,-49.509570936970704,,-168.40162131130808,-918.3478688297108,7.517455852154635e-05,1.1865655422006974e-05,1.666876497671981e-08,0.0006447147702605864,0.9088463094310198
10000.0,0.25,116.0,False,False,125.59069282398589,471.1704460127909,7.303607964596681,False,False,True,29.0,True,681,290.3444806961711,4.290185510943572,7,7.935041800278511e-34,True,23.337242054921095,3292.540972659138,-1355103.2570798977,0.00023825994940617683,0.00023825994940617683,-1355103.2568416377,-1355103.2570798004,10000.065345414536,0.0002381625703564513,-173.1068874111215,123922.45397109805,10.935090563942053,True,True,0.012766846997911318,53.58368886474858,True,7.850928544200154e-05,3.034799617201847,-160.51234743585934,-921.6410609474452,-166.64431982499704,-50.378159900777206,,-170.0236115512575,-926.403699500582,7.157484413829432e-05,1.163680662731876e-05,5.251760950904183e-09,0.0006244511923778203,0.9116736158701888
10000.0,0.25,118.0,False,False,125.59069282398589,471.1704460127909,7.303607964596681,False,False,True,29.5,True,681,290.3444806961711,4.241068610694876,7,6.251419006923636e-34,True,22.592523219320608,3985.0207883806943,-1985048.8354782863,0.0002073387035563148,0.0002073387035563148,-1985048.8352709475,-1985048.835478102,10000.065345414536,0.00020715444796521053,-174.72304769662537,159119.58059720663,12.475201530999598,True,True,0.012348131921042633,59.55536380446589,True,7.458456658743009e-05,2.7799143045668386,-161.9113604804116,-929.4652308732803,-168.20913167600335,-51.24674886458371,,-171.63171029905897,-934.3902488386843,6.813529331399145e-05,1.086262335519203e-05,4.941311704101605e-09,0.0006080395406734035,0.9135307266835341
10000.0,0.25,120.0,False,False,125.59069282398589,471.1704460127909,7.303607964596681,False,False,True,30.0,True,681,290.3444806961711,4.19380565200399,7,4.944832559121872e-34,True,21.88457743108838,4826.053473639366,-2911349.016303323,0.00017901214866454952,0.00017901214866454952,-2911349.016124311,-2911349.016303134,10000.065345414536,0.00017882324328470555,-176.32562977681323,204313.58577950692,14.24941471804631,True,True,0.01194992299887402,66.75481573748917,True,7.091714676462873e-05,2.524243526867824,-163.29679531964783,-937.2214447532521,-169.76088959199447,-52.11533782839022,,-173.22626866457327,-942.3092731076714,6.483109667097947e-05,8.066219305377711e-06,2.5587848113701168e-08,0.0005916463754531069,0.9141808381850355
10000.0,0.25,125.59069282398589,True,False,125.59069282398589,471.1704460127909,7.303607964596681,True,False,True,31.397673205996472,True,681,290.3444806961711,4.070708405805259,7,2.6198736080420423e-34,True,20.081177409840844,8267.763212558239,-8544488.567366416,0.00011301686654559684,0.00011301686654559684,-8544488.5672534,-8544488.567366397,10000.065345414536,0.00011299858746770746,-180.7361805998704,410958.65025230445,20.791601690633843,True,True,0.010934737930587256,96.75315078900739,True,6.186181011410549e-05,1.8269246621968338,-167.10034438183672,-958.5563649413424,-174.0320304548598,-54.5433448718634,,-177.61458667471123,-964.1015057963419,,,,,
10000.0,0.25,471.1704460127909,False,True,125.59069282398589,471.1704460127909,7.303607964596681,True,True,True,117.79261150319772,True,199,84.89496813413064,2.3658980655078787,6,6.360444978904625e-32,True,2.3942651182004275,9.18237499152232e+19,-1.0539501310616815e+39,3.5112939982485676e-07,3.5112939982485676e-07,-1.0539501310616815e+39,-1.0539501310616815e+39,10000.065345414536,3.5112939536771783e-07,-364.55004382534133,2.3671218254532762e+24,445245411422735.9,True,True,0.0008451062219692858,2406.822733701093,True,1.1715501049299085e-06,0.29971351489560416,-313.3933626404612,-1833.8922963890443,-352.41618270264973,-204.62672473924908,,-360.3772713776404,-1870.6033327737655,,,,,
