t,delta,L,is_record_point_C1_1,is_record_point_C1_zeta,Lstar_C1_1,Lstar_C1_zeta,L_ann,inside_hypotheses,inside_hypotheses_zeta_C1,reflection_ok,deltaL,deltaL_ge_25,n_zeros_used,U_row,U_kopt,k_opt,tail_bound_at_U_row,tail_le_1e_10,U_contract_k3,c_deltaL,main_term,N_Z,W_Zprime,W_Z,W_Zrep,near_gamma,near_term,W_Zdouble_minus_Zprime_bound_log10,clause6_bound,sep_over_clause6,W_Z_negative,bal3,clause4_bound_C1_1,clause4_over_N,clause4_asserted,density_model,N_over_model,E_minus_bound_log10,E_minus_est_log10,E_minus_over_main_bound_log10,log10_exp_minus_L,E_minus_direct,refl_online_bound_log10,refl_online_est_log10,N_Z_center_mean,N_Z_center_median,N_Z_center_min,N_Z_center_max,center_mean_over_model
1000000.0,0.05,4.0,False,False,917.8981507961095,2645.7969167401343,12.590423251015308,False,False,True,0.2,False,1133,297.2197569201164,148.6098784600582,10,6.796774509373568e-16,True,21013.021391766197,1.0007907889709289,-0.0050079110164452725,3.4586360804725427,3.4586360804725427,3.4536281694560973,3.4120903883594673,999999.7934171272,0.04153778109662978,-330.65390215929415,0.0027629272951891198,1.8125381095496709,False,False,15.024724373300137,4.344118324020767,False,3.110809513619149,1.1118122357960545,-330.56704326291344,-1732.6341286912436,-328.2666998663806,-1.737177927613007,,-327.9004466553251,-1729.9614262461143,3.0384863655543217,3.0199495232560682,2.419457665198227,3.570463862106259,0.976751020032504
1000000.0,0.05,6.0,False,False,917.8981507961095,2645.7969167401343,12.590423251015308,False,False,True,0.30000000000000004,False,1133,297.2197569201164,92.40417312967305,9,1.9527466445388426e-18,True,9339.712659806475,1.001779896358129,-0.00501781480373652,0.9669033815702424,0.9669033815702424,0.9618855667665058,0.9217346531780231,999999.7934171272,0.04015091358848283,-409.41286576253225,0.002904585606820708,1.7275492903199032,False,False,6.677733545010847,6.9063090193833725,False,0.9217213373686368,1.0490192017585194,-409.28257741796125,-2123.2766660573293,-406.98309204640265,-2.6057668914195107,,-406.65928093329234,-2120.644222876642,0.8948740620349005,0.8946883314042826,0.6402182609186353,1.2294231673729954,0.9708726767567507
1000000.0,0.05,8.0,False,False,917.8981507961095,2645.7969167401343,12.590423251015308,False,False,True,0.4,False,1133,297.2197569201164,66.01213812507052,9,1.1009148520313157e-20,True,5254.046390857549,1.0031658068972553,-0.005031708180639108,0.4719157671541557,0.4719157671541557,0.4668840589735166,0.4286083920013262,999999.7934171272,0.03827566697219035,-475.83306305805667,0.0030535068954004253,1.647845691201319,False,False,3.756269137684068,7.959617794370171,False,0.38885118920239364,1.2136153373277396,-475.6593452652953,-2452.5614726608537,-473.36106071108446,-3.474355855226014,,-473.0793487182321,-2449.9692974750537,0.387377707832337,0.39496067469606166,0.2247904889639633,0.5752651845183444,0.9962106805611703
1000000.0,0.05,10.0,False,False,917.8981507961095,2645.7969167401343,12.590423251015308,False,False,True,0.5,False,1133,297.2197569201164,50.9745729050632,9,1.9832551241000366e-22,True,3362.9628205388326,1.004949682300694,-0.00504961931978133,0.25129928436203747,0.25129928436203747,0.24624966504225615,0.21027516340249353,999999.7934171272,0.03597450163976262,-534.3635019800977,0.0032100635417193542,1.5730589921832776,False,False,2.404040415471195,9.566443539917861,False,0.19909180887162556,1.2622281438212022,-534.1463547391461,-2742.6422988607815,-531.8496133779479,-4.3429448190325175,,-531.6096580168659,-2740.0904004821746,0.20179486229255075,0.19976630349225466,0.08961816484356515,0.30891417241274105,1.0135769192928883
1000000.0,0.05,12.0,False,False,917.8981507961095,2645.7969167401343,12.590423251015308,False,False,True,0.6000000000000001,False,1133,297.2197569201164,41.35079413368334,9,7.449399128819847e-24,True,2335.7055199313027,1.0071330183655594,-0.005071584583410612,0.09748166744169315,0.09748166744169315,0.09241008285828253,0.059087677368260816,999999.7934171272,0.03332240549002171,-587.287442695095,0.0033746470189400086,1.502848906847632,False,False,1.6694920682399692,17.12621574962846,False,0.1152151671710796,0.8460836349518592,-587.026866005953,-3004.878597580492,-584.7320096789574,-5.211533782839021,,-584.5334690328152,-3002.3669848279565,0.11794641902373633,0.11899986883777643,0.02318566592690755,0.1883686978959824,1.0237056623682295
1000000.0,0.05,14.0,False,False,917.8981507961095,2645.7969167401343,12.590423251015308,False,False,True,0.7000000000000001,False,1133,297.2197569201164,34.7052665333238,9,4.646052545248913e-25,True,1716.3005482838264,1.0097176466026059,-0.005097648629303526,0.05662328371234993,0.05662328371234993,0.0515256350830464,0.021122287848698892,999999.7934171272,0.030403347234347514,-635.9618633209601,0.0035476688714831442,1.4369009098564474,False,False,1.2265799676032452,21.662112953998808,False,0.07255532393280814,0.7804152837190484,-635.6578571836278,-3246.0174684007384,-633.3652270807451,-6.080122746645525,,-633.2077599060805,-3243.546150067988,0.07471082872905302,0.07549631825621517,0.018222858853693857,0.13555672962109788,1.029708430469431
1000000.0,0.05,16.0,False,False,917.8981507961095,2645.7969167401343,12.590423251015308,False,False,True,0.8,False,1133,297.2197569201164,29.862988485398667,9,4.1998536542713215e-26,True,1314.2821087286106,1.0127057362312821,-0.005127864540978717,0.03948768290132022,0.03948768290132022,0.03435981836034151,0.0070534233799546325,999999.7934171272,0.027306394980386874,-681.2712071459881,0.003729561744103177,1.37492415806935,False,False,0.9391112852277678,23.7823851952673,False,0.048606398650299205,0.8123968036680937,-680.9237715604655,-3470.454569602101,-678.6337081046903,-6.948711710452028,,-678.5169739393494,-3468.023554441911,0.04991226843029934,0.05080240650749241,0.0109185334735873,0.09984684609961354,1.0268662113684923
1000000.0,0.05,18.0,False,False,917.8981507961095,2645.7969167401343,12.590423251015308,False,False,True,0.9,False,1133,297.2197569201164,26.108353981206605,8,7.182701796367035e-25,True,1038.659049329829,1.0160997965434215,-0.005162293982677914,0.031094121964931984,0.031094121964931984,0.02593182798225407,0.0018101053141936522,999999.7934171272,0.024121722668060418,-723.8299715603009,0.003920780463725423,1.3166495881212479,False,False,0.7420225429966677,23.863756109065317,False,0.03413782730994951,0.9108406836386322,-723.4391065265879,-3681.242891939819,-721.1519492597325,-7.817300674258532,,-721.0756085327413,-3678.8521886553717,0.03487591617851471,0.035437589979242144,0.003446568911757861,0.06598128191392855,1.0216208507314724
1000000.0,0.05,20.0,False,False,917.8981507961095,2645.7969167401343,12.590423251015308,False,False,True,1.0,False,1133,297.2197569201164,23.17634672653864,8,1.3309847251041043e-25,True,841.5071097718117,1.0199026796385429,-0.005201007379669402,0.029171667318688647,0.029171667318688647,0.023970659939019243,0.003033932371674498,999999.7934171272,0.020936727567344746,-764.0856633104479,0.004121803176750321,1.2618281748644626,False,False,0.6010452959705472,20.60373476100529,False,0.024886476108953195,1.1721895535139186,-763.6513688285446,-3880.6051556541106,-761.3674562985369,-8.685889638065035,,-761.3311704400834,-3878.2547728939635,0.02478469170160266,0.0256272483260483,0.003996282603491744,0.05220399296141248,0.995910051430949
1000000.0,0.05,22.0,False,False,917.8981507961095,2645.7969167401343,12.590423251015308,False,False,True,1.1,False,1133,297.2197569201164,20.83243976062077,8,2.89664445846174e-26,True,695.6366851491287,1.024117583534192,-0.005244084124519565,0.02517433962041808,0.02517433962041808,0.019930255495898514,0.002097787248547113,999999.7934171272,0.0178324682473514,-802.3761734881213,0.004333132544668489,1.2102293365043533,False,False,0.4967374636164285,19.731896490883166,False,0.01869757784294004,1.3463957648355815,-801.8984495580277,-4070.219244725492,-799.6181192079644,-9.554478601871539,,-799.6215507585626,-4067.9091910805646,0.018350725256265972,0.01837363471991297,0.0015210639309757672,0.03968787911016448,0.9814493305182288
1000000.0,0.05,24.0,False,False,917.8981507961095,2645.7969167401343,12.590423251015308,False,False,True,1.2000000000000002,False,1133,297.2197569201164,18.91990732112277,8,7.199184440440176e-27,True,584.6900470369777,1.0287480556552326,-0.0052916128100721094,0.02067094842617512,0.02067094842617512,0.015379335616103012,0.0004987301096168791,999999.7934171272,0.014880605506486132,-838.964049233047,0.004555297000976274,1.161639473548713,False,False,0.417402336696988,20.192703696577443,False,0.01440189589638495,1.4352935596044532,-838.4428958547632,-4251.388648549308,-836.166483913899,-10.423067565678043,,-836.2092966321726,-4249.118932551064,0.014078979637207497,0.014015681317315424,0.0013803620099490477,0.03342282567932774,0.9775782118201182
1000000.0,0.05,26.0,False,False,917.8981507961095,2645.7969167401343,12.590423251015308,False,False,True,1.3,False,1133,297.2197569201164,17.332544716623083,8,2.0002979113840784e-27,True,498.34730525467637,1.0337979967064643,-0.005343691489971496,0.015375290332156557,0.015375290332156557,0.01003159884218506,-0.002109392102793561,999999.7934171272,0.012140990944978622,-874.0581075472236,0.004788852072534742,1.11586062986136,False,False,0.3556605902806318,23.13195930595129,False,0.011327481160197175,1.3573441539839137,-873.4935247207494,-4425.149922923806,-871.2213660975989,-11.291656529484547,,-871.303225066305,-4422.920553043191,0.010910655131208754,0.010149217081398522,0.00039393838790999973,0.027969992423060395,0.9632022315381926
1000000.0,0.05,28.0,False,False,917.8981507961095,2645.7969167401343,12.590423251015308,False,False,True,1.4000000000000001,False,1133,297.2197569201164,15.995960649860956,8,6.111457952541361e-28,True,429.83684871025264,1.0392716649334397,-0.00540042796766762,0.010536120541214328,0.010536120541214328,0.005135692573546708,-0.0045243095465927015,999999.7934171272,0.00966000212013941,-907.8276756472582,0.005034381768676192,1.0727092651711394,False,False,0.30667011692248014,29.106549770655455,False,0.009069415491601018,1.161719909179549,-907.2196633725936,-4592.3434742945565,-904.9520915503113,-12.16024549329105,,-905.0726632803184,-4590.154458941426,0.00852138100160682,0.0083155899064551,0.00047604674958816497,0.023083761585048622,0.9395733395937457
1000000.0,0.05,30.0,False,False,917.8981507961095,2645.7969167401343,12.590423251015308,False,False,True,1.5,False,1133,297.2197569201164,14.8565750732603,8,2.0264613909093094e-28,True,374.5660002260037,1.0451736807768373,-0.005461940114943012,0.007787381336300557,0.007787381336300557,0.0023254412213575453,-0.0051442317686350245,999999.7934171272,0.00746967298999257,-940.4123174390159,0.005292500041531688,1.0320151293493967,False,False,0.26714687094462675,34.30509684935199,False,0.007373770698949094,1.0560921479983654,-939.760875716161,-4753.661896915453,-937.4982226503586,-13.028834457097554,,-937.6571751823438,-4751.513244438336,0.0067780958992910275,0.00659890663143106,0.00033928722334782544,0.018725656492575023,0.9192170703459817
1000000.0,0.05,32.0,False,False,917.8981507961095,2645.7969167401343,12.590423251015308,False,False,True,1.6,False,1133,297.2197569201164,13.874867985941489,8,7.215789160511122e-29,True,329.33077226165113,1.0515090319262406,-0.005528356221112299,0.0062774961917688755,0.0062774961917688755,0.0007491399706565762,-0.004838477298245614,999999.7934171272,0.00558761726890219,-971.9286807091784,0.00556385232123117,0.9936202296413547,False,False,0.23479980036979786,37.4034158200956,False,0.006075799831287401,1.033196676335984,-971.2338095381332,-4909.683994755063,-968.9764055572821,-13.897423420904056,,-969.1734085609569,-4907.5757134411515,0.00552271437685533,0.005001554879103154,0.00048513867504469134,0.015970380641696404,0.9089691119210427
1000000.0,0.05,34.0,False,False,917.8981507961095,2645.7969167401343,12.590423251015308,False,False,True,1.7000000000000002,False,1133,297.2197569201164,13.021084525128257,8,2.735431812488628e-29,True,291.8408487599428,1.0582830787796862,-0.005599815374157059,0.005095143291079716,0.005095143291079716,-0.000504672083077343,-0.004522366043709747,999999.7934171272,0.004017693960632404,-1002.4754429685859,0.005849117129814979,0.9573778828283088,True,False,0.20799118239870074,40.8214588906341,False,0.005065433769377813,1.0058651485844128,-1001.7371423493503,-5060.899352093202,-999.4853160579089,-14.76601238471056,,-999.720040928599,-5058.831450168507,0.0046394567067165205,0.004141139681125775,0.0001328403095242302,0.014776486250631188,0.9159051165101671
1000000.0,0.05,36.0,False,False,917.8981507961095,2645.7969167401343,12.590423251015308,False,False,True,1.8,False,1133,297.2197569201164,12.272416521790829,8,1.0961087151228768e-29,True,260.4238667555295,1.0655015603158562,-0.0056764678751776215,0.0036436031882325632,0.0036436031882325632,-0.0020328646869450582,-0.004784186614479982,999999.7934171272,0.002751321927534924,-1032.1369640102812,0.006149007777892376,0.9231518450157626,True,False,0.18552516795755092,50.918049626459286,False,0.004267228413743689,0.8538570788705421,-1031.3552339428552,-5207.726476510372,-1029.1093121272504,-15.634601348517064,,-1029.3814320796805,-5205.6989621400035,0.003978481922556288,0.0034571234520664983,0.00027029529777135395,0.013609200410206763,0.932333950004312
1000000.0,0.05,38.0,False,False,917.8981507961095,2645.7969167401343,12.590423251015308,False,False,True,1.9000000000000001,False,1133,297.2197569201164,11.611102322075407,8,4.61488808429971e-30,True,233.8356241288237,1.0731706003863097,-0.005758475687667563,0.002215718470785032,0.002215718470785032,-0.0035427572168825316,-0.0053120737679559,999999.7934171272,0.001769316551073368,-1060.9860359700995,0.0064642741482896175,0.8908155123945661,True,False,0.16651206927914364,75.15037288114866,False,0.0036282951026320445,0.610677579444324,-1060.1608764544833,-5350.526457180058,-1057.9211839920654,-16.503190312323568,,-1058.2303741512171,-5348.539338468575,0.0034535431507936734,0.002905525031064584,9.09888211264506e-05,0.01236780097121947,0.9518363454748755
1000000.0,0.05,40.0,False,False,917.8981507961095,2645.7969167401343,12.590423251015308,False,False,True,2.0,False,1133,297.2197569201164,11.023114950074747,8,2.031159055354153e-30,True,211.13496934195803,1.0812967144356884,-0.0058460129232470745,0.0012041195128901937,0.0012041195128901937,-0.004641893410356881,-0.005685991646869225,999999.7934171272,0.0010440982365123447,-1089.0859893458519,0.006795704571147614,0.8602511869140653,True,True,0.15027889871958566,124.80397262135385,False,0.0031108095136191494,0.3870759387929568,-1088.2174003820453,-5489.613423239026,-1085.984260153123,-17.37177927613007,,-1086.3301976420457,-5487.666708230862,0.003015894892558729,0.00262348281883867,9.023409109004683e-05,0.011117994689215847,0.9694887711237595
1000000.0,0.05,42.0,False,False,917.8981507961095,2645.7969167401343,12.590423251015308,False,False,True,2.1,False,1133,297.2197569201164,10.497237227235603,8,9.30508238513959e-31,True,191.59935398558616,1.0898868166583706,-0.005939266365628585,0.0006566464266189539,0.0006566464266189539,-0.005282619939009631,-0.005824730684552147,999999.7934171272,0.0005421107455425157,-1116.492330259907,0.007144127795157911,0.8313494013438635,True,True,0.13630898379245665,207.58353090308606,False,0.002687234219733635,0.24435771984328267,-1115.5803118479103,-5625.2626734399455,-1113.3540446509662,-18.240368239936576,,-1113.7364086754337,-5623.356370119883,0.002646280545163555,0.002157408398934105,5.376359831720479e-05,0.009852512293892834,0.9847599162479631
1000000.0,0.05,44.0,False,False,917.8981507961095,2645.7969167401343,12.590423251015308,False,False,True,2.2,False,1133,297.2197569201164,10.024397379899987,8,4.420497189231803e-31,True,174.66661657666236,1.0989482276006108,-0.006038436034732621,0.0003912967959508895,0.0003912967959508895,-0.005647139238781731,-0.005873426471893522,999999.7934171272,0.0002262872331117905,-1143.254030512599,0.007510415059866085,0.8040082986891925,True,True,0.12420033905728264,317.4069921923681,False,0.002337197230367505,0.1674213844115164,-1142.2985826524116,-5757.717081121686,-1140.0795071225828,-19.108957203743078,,-1140.497979052507,-5755.8511974153525,0.0023380417790087563,0.0017970932963314503,0.00012563186948103095,0.008599565740297308,1.0003613510363087
1000000.0,0.05,46.0,False,False,917.8981507961095,2645.7969167401343,12.590423251015308,False,False,True,2.3000000000000003,False,1133,297.2197569201164,9.597183680073126,8,2.1706695212879034e-31,True,159.89408257690886,1.1084886822177644,-0.0061437357930243805,0.00023969417744345437,0.00023969417744345437,-0.005904041615580926,-0.0059624542937587845,999999.7934171272,5.841267817785856e-05,-1169.4145563939944,0.007895482274224421,0.7781330613686779,True,True,0.11363642011649362,474.08919702816434,False,0.0020454077512084487,0.11718650098096113,-1168.4156790856168,-5887.192201663328,-1166.2041116165174,-19.977546167549583,,-1166.6583750640357,-5885.366745437731,0.0020777285014075184,0.0015930555806875665,2.3943430969734178e-05,0.007490607455629103,1.0158016171494286
1000000.0,0.05,48.0,False,False,917.8981507961095,2645.7969167401343,12.590423251015308,False,False,True,2.4000000000000004,False,1133,297.2197569201164,9.209484455348774,8,1.098662468953734e-31,True,146.9293348748307,1.118516338396783,-0.006255393996302736,0.0001618704401178467,0.0001618704401178467,-0.00609352355618489,-0.006094775181933183,999999.7934171272,1.2516257482937451e-06,-1195.0126981440264,0.008300292306841373,0.7536353859666889,True,True,0.10436522268439402,644.7454063163905,False,0.0018002369870481188,0.08991618397046079,-1193.9703913874587,-6013.880389912995,-1191.7666460564092,-20.846135131356085,,-1192.256386950579,-6012.095368977064,0.001853438687205632,0.0013558007110012317,4.7933834553978045e-05,0.006544379800185577,1.0295526092066074
1000000.0,0.05,50.0,False,False,917.8981507961095,2645.7969167401343,12.590423251015308,False,False,True,2.5,False,1133,297.2197569201164,8.856217384630606,8,5.717538379363186e-32,True,135.48899845964152,1.1290397859547654,-0.006373654191343913,0.00013211092244895225,0.00013211092244895225,-0.0062415432688949606,-0.006261880954295668,999999.7934171272,2.0337685400706597e-05,-1220.0832453347216,0.008725857393654605,0.7304329997392347,True,True,0.09618411228403018,728.0557163711863,True,0.0015927344709730045,0.08294598054893948,-1218.9975091299634,-6137.9541525031245,-1216.801897626681,-21.71472409516259,,-1217.3268042847246,-6136.2095746082705,0.0016621355878092107,0.001140844713836005,5.3198738952052856e-05,0.0059856602814678545,1.043573563642287
1000000.0,0.05,52.0,False,False,917.8981507961095,2645.7969167401343,12.590423251015308,False,False,True,2.6,False,1133,297.2197569201164,8.533123365108828,8,3.052676122812967e-32,True,125.34312297533067,1.1400680561249503,-0.006498775862982615,0.00014961918408007633,0.00014961918408007633,-0.006349156678902539,-0.0064345102163201945,999999.7934171272,8.535353741765584e-05,-1244.6575417763286,0.009173241669048112,0.7084492153859258,True,True,0.08892865676861744,594.3666737349854,True,0.001415935145024647,0.10566810535483384,-1243.5283761233802,-6259.568901963097,-1241.341207682174,-22.583313058969093,,-1241.900970877227,-6257.864774803786,0.0014998792337584947,0.0010548139865608768,5.97809473656993e-06,0.005647811536367773,1.0592852638970174
1000000.0,0.05,54.0,False,False,917.8981507961095,2645.7969167401343,12.590423251015308,False,False,True,2.7,False,1133,297.2197569201164,8.236607735798284,8,1.668933913885156e-32,True,116.30353658444932,1.1516106315421801,-0.006631035233404896,0.000204736223967334,0.000204736223967334,-0.006426299009437562,-0.00659736358231436,999999.7934171272,0.0001710645728767983,-1268.7639452174562,0.009643563826742437,0.6876125209039899,True,True,0.08246429857400146,402.7831371314085,True,0.0012643639744425745,0.16192823277616475,-1267.5913501163172,-6378.86523814232,-1265.4129314518198,-23.451902022775595,,-1266.0072444771524,-6377.2015693566445,0.001357610983234156,0.0010017559784633854,4.171631602872981e-05,0.005349629687879015,1.0737501310354018
1000000.0,0.05,56.0,False,False,917.8981507961095,2645.7969167401343,12.590423251015308,False,False,True,2.8000000000000003,False,1133,297.2197569201164,7.963616681202736,8,9.326870209316719e-33,True,108.21505759376822,1.1636774567404884,-0.0067707261166300575,0.0002899811281770576,0.0002899811281770576,-0.006480744988453,-0.0067385480550545065,999999.7934171272,0.00025780306660150645,-1292.4282110741617,0.01013799991711169,0.667856201616446,True,True,0.07668007044915869,264.43124396129366,True,0.0011336769364501272,0.2557881516802071,-1291.2121865248325,-6495.97085247266,-1289.0428217712924,-24.3204909865821,,-1289.671380500972,-6494.347649642921,0.001230713440165982,0.0008226096311530022,3.158684779210626e-05,0.005098631571712556,1.0855944939831839
1000000.0,0.05,58.0,False,False,917.8981507961095,2645.7969167401343,12.590423251015308,False,False,True,2.9000000000000004,False,1133,297.2197569201164,7.705297466890216,7,1.404305576817946e-29,True,100.94878963340551,1.176278949176146,-0.006918160831374693,0.00037790858340164247,0.00037790858340164247,-0.00654025224797305,-0.006871782772318579,999999.7934171272,0.0003315305243455287,-1315.6738149922005,0.010657786287922048,0.6491179917179151,True,True,0.0714838010590986,189.1563309191244,True,0.0010203975607426788,0.3703542598892418,-1314.4143609946811,-6611.002128588219,-1312.2543516488277,-25.189079950388603,,-1312.916854594818,-6609.419399241498,0.0011183809913653058,0.0007087031078353962,1.5307281402587563e-05,0.004859702572881492,1.0960247597527688
1000000.0,0.05,60.0,False,False,917.8981507961095,2645.7969167401343,12.590423251015308,False,False,True,3.0,False,1133,297.2197569201164,7.464369555227225,7,8.73657262743111e-30,True,94.39695439402342,1.1894260107901675,-0.00707367117572106,0.00043028244937709303,0.00043028244937709303,-0.006643388726343967,-0.00702692027614187,999999.7934171272,0.0003835315497979028,-1338.522225753415,0.011204222675845163,0.6313397529103888,True,True,0.06679842004018677,155.24318999505752,True,0.0009217213373686367,0.4668248763834402,-1337.2193423077051,-6724.065496461781,-1335.0689871751872,-26.05766891419511,,-1335.7651355408784,-6722.523248070522,0.0010185171505416358,0.000687162522870076,1.4057250136911385e-05,0.00460767045274745,1.1050163528266963
1000000.0,0.05,62.0,False,False,917.8981507961095,2645.7969167401343,12.590423251015308,False,False,True,3.1,False,1133,297.2197569201164,7.241026170037579,7,5.520520279782435e-30,True,88.46887177139823,1.2031300401249752,-0.007237609467255623,0.0004422024175278364,0.0004422024175278364,-0.006795407049727787,-0.007205218833251225,999999.7934171272,0.00040981178352343894,-1360.9931375614558,0.011778675456476857,0.6144671779097035,True,True,0.06255908352609298,141.47159998770226,True,0.0008353689405845118,0.5293498429788701,-1359.6468246675556,-6835.258584920141,-1357.5064198129496,-26.92625787800161,,-1358.235917543119,-6833.756824902732,0.000928894725643989,0.0005761434972612559,1.2194004179298077e-05,0.004339739361943364,1.1119574603695903
1000000.0,0.05,64.0,False,False,917.8981507961095,2645.7969167401343,12.590423251015308,False,False,True,3.2,False,1133,297.2197569201164,7.033476704608107,7,3.539558476087698e-30,True,83.087805209756,1.2174029450106583,-0.007410349652603121,0.00042665070461507374,0.00042665070461507374,-0.006983698947988047,-0.007393983287957647,999999.7934171272,0.00041028433996959985,-1383.104668861052,0.01238258106098779,0.5984495167933896,True,True,0.05871091834761737,137.60886297044004,True,0.0007594749789109251,0.5617705868689499,-1381.7149265189616,-6944.671208058539,-1379.5847652193315,-27.794846841808113,,-1380.3473190465595,-6943.209943779878,0.0008491371104501287,0.0005131278368079378,1.6763296294698068e-05,0.004066674433063493,1.118058045398385
1000000.0,0.05,66.0,False,False,917.8981507961095,2645.7969167401343,12.590423251015308,False,False,True,3.3000000000000003,False,1133,297.2197569201164,6.840161412677193,7,2.300693119449857e-30,True,78.18846578702357,1.2322571558369773,-0.007592288490557183,0.0003996533455861295,0.0003996533455861295,-0.0071926351449710536,-0.007580468664131678,999999.7934171272,0.00038783351916062435,-1404.873533401952,0.013017449567949627,0.5832393243335638,True,True,0.05520723727673003,138.1378083943308,True,0.0006925028830718534,0.577114341839732,-1403.440361611671,-7052.386213907647,-1401.3207343136557,-28.66343580561462,,-1402.1160538012152,-7050.965452679718,0.0007786462027794949,0.0004598260951787628,2.549873177397715e-06,0.0037981839604263384,1.1243941676105678
1000000.0,0.05,68.0,False,False,917.8981507961095,2645.7969167401343,12.590423251015308,False,False,True,3.4000000000000004,False,1133,297.2197569201164,6.659715754313456,7,1.5147957445068844e-30,True,73.71502239979891,1.2477056394280504,-0.0077838468133028015,0.00036157790613473417,0.00036157790613473417,-0.007422268907168067,-0.00776961072122147,999999.7934171272,0.00034734181405340274,-1426.3151881413507,0.013684868479318005,0.5687922266163215,True,True,0.052008116165924045,143.83654333830992,True,0.0006331792211722266,0.571051440167813,-1424.8385869028796,-7158.480218158233,-1422.7297811832755,-29.53202476942112,,-1423.557578764528,-7157.099967240673,0.000715897536676821,0.00039895175342747485,8.530015157730703e-06,0.003544929861146335,1.1306396557856955
1000000.0,0.05,70.0,False,False,917.8981507961095,2645.7969167401343,12.590423251015308,False,False,True,3.5,False,1133,297.2197569201164,6.490941106014676,7,1.0095116989563454e-30,True,69.61950407437142,1.2637619135374374,-0.007985470870539028,0.00030904235908716515,0.00030904235908716515,-0.0076764285114518625,-0.007971185826567488,999999.7934171272,0.000294757315115626,-1447.4439617062017,0.014386506690014329,0.5550667053928903,True,True,0.049079251484362596,158.81075859416356,True,0.0005804425914624652,0.5324253658032082,-1445.9239310195403,-7263.024241416531,-1443.8262315493382,-30.400613733227626,,-1444.6862225636798,-7261.684508017188,0.000659734218543989,0.0003507551649996943,1.4827315875153984e-05,0.003311082230215668,1.1366054597781032
1000000.0,0.05,72.0,False,False,917.8981507961095,2645.7969167401343,12.590423251015308,False,False,True,3.6,False,1133,297.2197569201164,6.3327805543836115,7,6.805092418898891e-31,True,65.86050851303952,1.2804400619821412,-0.00819763376164415,0.0002481545945716936,0.0002481545945716936,-0.007949479167072455,-0.008185744043908856,999999.7934171272,0.0002362648768364002,-1468.2731664501523,0.01512411866103237,0.5420238987390079,True,True,0.046391036833335904,186.94409794590047,True,0.0005334035517179611,0.46522861306875235,-1466.7097063153008,-7366.084265053924,-1464.6233948271283,-31.269202697034128,,-1465.51529755253,-7364.7850563294205,0.0006094484153298267,0.0003025869285725455,5.725560598062367e-06,0.0030931824077176013,1.1425653491937648
1000000.0,0.05,74.0,False,False,917.8981507961095,2645.7969167401343,12.590423251015308,False,False,True,3.7,False,1133,297.2197569201164,6.184298777972125,7,4.637137373149589e-31,True,62.4021515847834,1.2977547504349003,-0.008420836961381753,0.00018688777185485353,0.00018688777185485353,-0.0082339491895269,-0.008411556650832902,999999.7934171272,0.0001776074613060032,-1488.8151965953498,0.01589954880650458,0.5296274167186901,True,True,0.04391781175370489,234.99564106213262,True,0.0004913129747291018,0.3803843608199009,-1487.2083070123076,-7467.721718011238,-1485.1336622712236,-32.137791660840634,,-1486.0571979534222,-7466.463041067513,0.0005641361888347902,0.0002517079122426828,9.107032599180767e-07,0.0028840093342791836,1.1482216384491806
1000000.0,0.05,76.0,False,False,917.8981507961095,2645.7969167401343,12.590423251015308,False,False,True,3.8000000000000003,False,1133,297.2197569201164,6.04466523777867,7,3.192337545219459e-31,True,59.21320772238986,1.3157212428949938,-0.008655611945025739,0.00013145340905360047,0.00013145340905360047,-0.008524158535972139,-0.008647744154960106,999999.7934171272,0.00012358561898796814,-1509.081614514591,0.01671473610569818,0.5178431708577783,True,True,0.04163724704490063,316.7452814245611,True,0.00045353688782900556,0.2898406118250774,-1507.4312954833586,-7567.993904759329,-1505.3685932609371,-33.006380624647136,,-1506.3234861393378,-7566.775766652186,0.0005230572698033083,0.00024239536654829891,8.056646860365897e-06,0.00267742060362253,1.1532849561743115
1000000.0,0.05,78.0,False,False,917.8981507961095,2645.7969167401343,12.590423251015308,False,False,True,3.9000000000000004,False,1133,297.2197569201164,5.913140061634234,7,2.219114538033589e-31,True,56.26640258225172,1.3343554188586841,-0.008902521919187674,8.386314870606445e-05,8.386314870606445e-05,-0.008818658770481609,-0.008896403534909171,999999.7934171272,7.774476442756117e-05,-1529.0832268598076,0.01757171895147324,0.5066392163324052,True,True,0.039529838962579354,471.361254287377,True,0.00041953633926656203,0.19989483831764113,-1527.3894783803848,-7666.954382882771,-1525.338991432023,-33.87496958845364,,-1526.3249687623784,-7665.776790618427,0.00048597407662685066,0.00025821827252326627,2.7816079427854435e-06,0.0024746208964154847,1.1583599110304386
1000000.0,0.05,80.0,False,False,917.8981507961095,2645.7969167401343,12.590423251015308,False,False,True,4.0,False,1133,297.2197569201164,5.7890621344058495,7,1.5568594106696625e-31,True,53.53782790563026,1.3536737912113446,-0.009162163665062477,4.653801273804282e-05,4.653801273804282e-05,-0.009115625652324435,-0.009157868881253537,999999.7934171272,4.224322892910367e-05,-1548.8301519602167,0.01847264024732663,0.49598560586857254,True,True,0.03757849079912398,807.4794901675117,True,0.00038885118920239367,0.11968077771216533,-1547.0929740326037,-7764.653297350286,-1545.0549720779786,-34.74355855226014,,-1546.0717641519216,-7763.5162578858935,0.0004525636254989791,0.00022206453662650374,5.499885634332012e-07,0.0022782010597882296,1.163847862796232
1000000.0,0.05,82.0,False,False,917.8981507961095,2645.7969167401343,12.590423251015308,False,False,True,4.1000000000000005,False,1133,297.2197569201164,5.6718390040866264,7,1.101844574662161e-31,True,51.00645503590705,1.3736935248642608,-0.00943516950126999,2.1703688689297707e-05,2.1703688689297707e-05,-0.009413465812580691,-0.009431346018361531,999999.7934171272,1.7880205780840174e-05,-1568.3318796835183,0.019419752765766938,0.48585425443223296,True,True,0.03576816501036188,1648.0223948291105,True,0.00036108698522878646,0.060106538250184076,-1566.5512723077152,-7861.137677393988,-1564.5260220143152,-35.61214751606665,,-1565.573362175817,-7860.04119763817,0.00042230066345874494,0.00019776355734523994,4.064215018672774e-06,0.002091263580083238,1.169526127315758
1000000.0,0.05,84.0,False,False,917.8981507961095,2645.7969167401343,12.590423251015308,False,False,True,4.2,False,1133,297.2197569201164,5.560938290387156,7,7.863381060301518e-32,True,48.65372852986229,1.3944324561600983,-0.009722209373963423,8.416422214484673e-06,8.416422214484673e-06,-0.009713792951748939,-0.009718045416599508,999999.7934171272,4.252464850569996e-06,-1587.597324765383,0.020415424781419132,0.4762188138652879,True,True,0.034085592615407764,4049.8910043683904,True,0.0003359042774667044,0.025056013808335408,-1585.7732879413893,-7956.451700985846,-1583.7610529110364,-36.48073647987315,,-1584.8386775698755,-7955.395787799212,0.0003948315073297557,0.00014437267254514605,1.5578727872292656e-06,0.0019170434553445095,1.1754286379067986
1000000.0,0.05,86.0,False,False,917.8981507961095,2645.7969167401343,12.590423251015308,False,False,True,4.3,False,1133,297.2197569201164,5.455880342536865,7,5.656477510392737e-32,True,46.46322513952328,1.4159091130720287,-0.010023993082402096,4.1515341320734485e-06,4.1515341320734485e-06,-0.010019841548270023,-0.01001984407046813,999999.7934171272,2.522198107326229e-09,-1606.6348744577654,0.021462145992944735,0.4670545566923871,True,True,0.032519029341329136,7833.015051013873,True,0.00031300987471484515,0.013263268885224576,-1604.7674081855814,-8050.636931131748,-1602.7684489438593,-37.34932544367965,,-1603.876097586183,-8049.621591327408,0.00036999017968507465,0.0001403320421989645,5.779194087246754e-07,0.0017561181164168897,1.1820399596726432
1000000.0,0.05,88.0,False,False,917.8981507961095,2645.7969167401343,12.590423251015308,False,False,True,4.4,False,1133,297.2197569201164,5.356231940474002,7,4.099888315735475e-32,True,44.42036641750119,1.438142736222579,-0.010341272648748833,6.35804480323728e-06,6.35804480323728e-06,-0.010334914603945596,-0.010338033435772125,999999.7934171272,3.1188318265295783e-06,-1625.4524312187036,0.02256253374858531,0.4583382683869554,True,True,0.03105805011263913,4884.842915360635,True,0.00029214965379593813,0.021762972232300754,-1623.5415354983293,-8143.73252756893,-1621.5561094868278,-38.217914407486155,,-1622.693524682902,-8142.7577679130145,0.0003476447817653889,0.0001236964743458979,3.6280185283183714e-06,0.0016058821492963454,1.189954453987521
1000000.0,0.05,90.0,False,False,917.8981507961095,2645.7969167401343,12.590423251015308,False,False,True,4.5,False,1133,297.2197569201164,5.261600871322224,7,2.993224957543487e-32,True,42.512175521287176,1.4611533007493396,-0.010674844841453453,1.3475610182363574e-05,1.3475610182363574e-05,-0.01066136923127109,-0.010672619420697612,999999.7934171272,1.1250189426522312e-05,-1644.057451060077,0.02371933959089632,0.4500481474429645,True,True,0.029693375146405382,2203.4902126559787,True,0.0002731026184795961,0.04934266195389978,-1642.1031258915125,-8235.775436925542,-1640.1314874627983,-39.08650337129266,,-1641.298414872028,-8234.841264137687,0.0003276060000232593,0.0001224014097996785,2.359962013800757e-06,0.0014639289194928761,1.1995710690988313
1000000.0,0.05,92.0,False,False,917.8981507961095,2645.7969167401343,12.590423251015308,False,False,True,4.6000000000000005,False,1133,297.2197569201164,5.171631243190834,7,2.2004421713027525e-32,True,40.72707061529742,1.484961539045817,-0.01102555386222661,2.367633597815095e-05,2.367633597815095e-05,-0.011001877526248458,-0.011023878806795678,999999.7934171272,2.2001280547218955e-05,-1662.4569780812049,0.024935456137036814,0.4421637126521329,True,True,0.028416722217560666,1200.2162092894885,True,0.0002556759689010561,0.09260289920838607,-1660.4592234644501,-8326.80056396141,-1658.5016238796663,-39.95509233509917,,-1659.6978122529902,-8325.90698471527,0.00030960364288302897,0.00011609169419479979,2.933321149931389e-07,0.0013294789097271474,1.210921950208165
1000000.0,0.05,94.0,False,False,917.8981507961095,2645.7969167401343,12.590423251015308,False,False,True,4.7,False,1133,297.2197569201164,5.085999422546607,7,1.6283758156655099e-32,True,39.0546887090941,1.5095889644068616,-0.011394294207294906,3.464970049507131e-05,3.464970049507131e-05,-0.011359644506799835,-0.011392827849500537,999999.7934171272,3.3183342700703004e-05,-1680.6576756419697,0.026213924311818945,0.43466571703488194,True,True,0.027220680688441815,785.5964207342506,True,0.00023970099215928257,0.14455384678610927,-1678.6164915770241,-8416.840926140894,-1676.6731790060253,-40.82368129890567,,-1677.8983801857744,-8415.987947064614,0.00029323584336865755,0.00011138037210801116,7.971470556089722e-07,0.0012023133841052567,1.2233401319165202
1000000.0,0.05,96.0,False,False,917.8981507961095,2645.7969167401343,12.590423251015308,False,False,True,4.800000000000001,False,1133,297.2197569201164,5.00441050095259,7,1.2126972209790689e-32,True,37.48573491314376,1.535057895609337,-0.011782013714362834,4.450203993939946e-05,4.450203993939946e-05,-0.011737511674423435,-0.011780513983671723,999999.7934171272,4.300230924828942e-05,-1698.6658545667015,0.027557940951604017,0.4275360679179138,True,True,0.026098603713861045,586.4585926712742,True,0.00022502962338101485,0.19776080709182745,-1696.5812410535657,-8505.927793478848,-1694.6524605774885,-41.69227026271217,,-1695.9064294948091,-8505.115421155559,0.0002780699908246355,8.86758864943704e-05,5.55390334776203e-07,0.001088158932415394,1.2357039337608184
1000000.0,0.05,98.0,False,False,917.8981507961095,2645.7969167401343,12.590423251015308,False,False,True,4.9,False,1133,297.2197569201164,4.926595212828342,7,9.086353632188023e-33,True,36.01185300561039,1.5613914824599222,-0.01218971680749197,5.1806312305060846e-05,5.1806312305060846e-05,-0.01213791049518691,-0.012188086112936524,999999.7934171272,5.017561774961411e-05,-1716.4874987173628,0.028970866798058485,0.4207577526920554,True,True,0.025044515685255377,483.4259489033122,True,0.00021153155665541734,0.24491056145089868,-1714.3594557560368,-8594.090815339092,-1712.4454493722071,-42.56085922651867,,-1713.7279440421487,-8593.319056307384,0.00026377592353626705,8.942448215221638e-05,4.7328707846646397e-07,0.0010235919366611407,1.2469814324959336
1000000.0,0.05,100.0,False,False,917.8981507961095,2645.7969167401343,12.590423251015308,False,False,True,5.0,False,1133,297.2197569201164,4.8523072388122035,7,6.847936805241792e-33,True,34.62551393526756,1.5886137323432645,-0.012618467952947987,5.55524424880592e-05,5.55524424880592e-05,-0.012562915510459929,-0.01261689273857793,999999.7934171272,5.3977228118002706e-05,-1734.128288229857,0.03045623490175869,0.41431476982137855,True,True,0.024053032500596414,432.9788470734932,True,0.00019909180887162556,0.27902927198717364,-1731.9568158203406,-8681.358135643144,-1730.057822449419,-43.42944819032518,,-1731.368603963785,-8680.626996397537,0.00025015575439341737,9.303982440588198e-05,7.432446959592471e-07,0.0009609968066909378,1.2564844119464396
1000000.0,0.05,102.0,False,False,917.8981507961095,2645.7969167401343,12.590423251015308,False,False,True,5.1000000000000005,False,1133,297.2197569201164,4.781320839888702,7,5.1899406016245095e-33,True,33.31991947520047,1.6167495378050198,-0.01306939533996373,5.532897418851465e-05,5.532897418851465e-05,-0.013014066365775215,-0.013068283951295787,999999.7934171272,5.421758552057075e-05,-1751.5936206692909,0.032017759456657593,0.40819206470883,True,True,0.023119292668339324,417.8514604223133,True,0.00018760865812510416,0.2949169550139808,-1749.3787188115843,-8767.756497758142,-1747.4949743068473,-44.298037154131684,,-1748.8338068249068,-8767.06598474955,0.00023713126495659713,8.855820545452262e-05,6.109010177085087e-07,0.0009003372629785238,1.263967597905154
1000000.0,0.05,104.0,False,False,917.8981507961095,2645.7969167401343,12.590423251015308,False,False,True,5.2,False,1133,297.2197569201164,4.713428776144665,7,3.954604800597863e-33,True,32.08891871929408,1.6458247052057287,-0.013543694801327623,5.170815607655693e-05,5.170815607655693e-05,-0.013491986645251065,-0.013543157402068356,999999.7934171272,5.117075681729016e-05,-1768.8886303275485,0.03365934508750423,0.40237547005498964,True,True,0.022238897595012172,430.0849088891546,True,0.00017699189312808086,0.2921498559210174,-1766.6302990216516,-8853.311340172075,-1764.7620361803088,-45.166626117938186,,-1766.1286869174776,-8852.66145980826,0.00022475756120900742,9.116242105735106e-05,5.24673596973823e-07,0.0008412914956329451,1.2698748922153218
1000000.0,0.05,106.0,False,False,917.8981507961095,2645.7969167401343,12.590423251015308,False,False,True,5.300000000000001,False,1133,297.2197569201164,4.648440471199983,7,3.028954657684176e-33,True,30.926935501641598,1.6758659844829147,-0.014042633989734446,4.585299092207642e-05,4.585299092207642e-05,-0.01399678099881237,-0.014042245468370925,999999.7934171272,4.5464469558555264e-05,-1786.0182058587568,0.035385096613439526,0.39685165037534326,True,True,0.021407859683593475,466.8803332802098,True,0.0001671613218223983,0.274303830707879,-1783.7164451046694,-8938.046883926341,-1781.8638936811183,-46.03521508174469,,-1783.2581328956985,-8937.437642572375,0.00021314301623075917,7.276570231352896e-05,1.3742254547131128e-07,0.0007863006126957372,1.275073766509303
1000000.0,0.05,108.0,False,False,917.8981507961095,2645.7969167401343,12.590423251015308,False,False,True,5.4,False,1133,297.2197569201164,4.58618038931113,7,2.331564072796236e-33,True,29.82890513595154,1.7069011000602852,-0.014567556826935063,3.8630680615812714e-05,3.8630680615812714e-05,-0.01452892614631925,-0.014566876364828887,999999.7934171272,3.795021850963631e-05,-1802.987006424333,0.0371993293121821,0.391608050367845,True,True,0.020622557096464388,533.8388236427537,True,0.0001580454968053218,0.24442759456409843,-1800.6418162220557,-9021.986212657392,-1798.805202942971,-46.90380404555119,,-1800.226803921059,-9021.417616636096,0.00020232943891239586,6.601642237596966e-05,2.3343793716856875e-07,0.0007415643032751919,1.280197430500803
1000000.0,0.05,110.0,False,False,917.8981507961095,2645.7969167401343,12.590423251015308,False,False,True,5.5,False,1133,297.2197569201164,4.526486597096857,7,1.8033805607170545e-33,True,28.79021913188746,1.7389587829444775,-0.015119888243898694,3.0488929186360294e-05,3.0488929186360294e-05,-0.015089399314712334,-0.015118969428172277,999999.7934171272,2.95701134599425e-05,-1819.799476498742,0.039106579710470435,0.38663284684675403,True,True,0.019879694222537908,652.0299253878488,True,0.0001495806227435203,0.20382940401737995,-1817.4108568482743,-9105.151345996941,-1815.590405429437,-47.7723930093577,,-1817.0391444680895,-9104.623401589324,0.0001922532490217578,6.85248243433336e-05,4.017895786290866e-07,0.0007195578105886403,1.2852817797891274
1000000.0,0.05,112.0,False,False,917.8981507961095,2645.7969167401343,12.590423251015308,False,False,True,5.6000000000000005,False,1133,297.2197569201164,4.469209485968934,7,1.4013212332776034e-33,True,27.80667675915304,1.7720688040513868,-0.015701139231460565,2.1990005890183507e-05,2.1990005890183507e-05,-0.01567914922557038,-0.015700384256790885,999999.7934171272,2.123503122050305e-05,-1836.4598594692877,0.04111161692774264,0.3819149039809533,True,True,0.019176267041106875,872.0446523239584,True,0.0001417096170562659,0.1551765246917036,-1834.0278103706294,-9187.563306992135,-1832.2237415353945,-48.6409819731642,,-1833.6993979241593,-9187.076020437838,0.0001827874879171929,6.723643695116888e-05,1.5381404710578382e-07,0.0006984284365838294,1.2898735577319147
1000000.0,0.05,114.0,False,False,917.8981507961095,2645.7969167401343,12.590423251015308,False,False,True,5.7,False,1133,297.2197569201164,4.4142106348135055,7,1.0937728633808079e-33,True,26.874442506828508,1.8062620088058008,-0.016312912222275835,1.4094106946975194e-05,1.4094106946975194e-05,-0.01629881811532886,-0.01631254344762953,999999.7934171272,1.3725332300670204e-05,-1852.9722101478865,0.043219454601419106,0.377443731595359,True,True,0.01850953270130137,1313.2816978711653,True,0.00013438130009748312,0.10488145997062852,-1850.496731601038,-9269.242184130613,-1848.709263100347,-49.509570936970704,,-1850.211619101245,-9268.79556162832,0.00017382350244480083,6.2171206968514e-05,1.882880466723158e-07,0.0006765134619240433,1.2935096052702681
1000000.0,0.05,116.0,False,False,917.8981507961095,2645.7969167401343,12.590423251015308,False,False,True,5.800000000000001,False,1133,297.2197569201164,4.361361795379079,7,8.57409430488662e-34,True,25.990008631962922,1.841570353059785,-0.016956906826343706,7.768551304006254e-06,7.768551304006254e-06,-0.0169491382750397,-0.016956759676318347,999999.7934171272,7.6214012786462135e-06,-1869.3404062993397,0.045435363423607676,0.37320944631276126,True,True,0.017876982740803835,2301.199031997722,True,0.00012754969509283485,0.06090607506628728,-1866.8214983043008,-9350.207188488846,-1865.0508449381434,-50.378159900777206,,-1866.5796857642074,-9349.801236196723,0.00016530043531640654,4.703245412611788e-05,1.6631297643743027e-07,0.0006536919203831784,1.2959688786091998
1000000.0,0.05,118.0,False,False,917.8981507961095,2645.7969167401343,12.590423251015308,False,False,True,5.9,False,1133,297.2197569201164,4.310543985281258,7,6.7492737595286e-34,True,25.150162113310632,1.8780269403770569,-0.01763492594391005,3.474929571677466e-06,3.474929571677466e-06,-0.017631451014338374,-0.017634718084245275,999999.7934171272,3.2670699069022327e-06,-1885.56815927899,0.04776488432057913,0.3692027353306533,True,True,0.017276319454626543,4971.703482982154,True,0.00012117342137683596,0.02867732488027072,-1883.0058218357608,-9430.476706464453,-1881.2521954759923,-51.24674886458371,,-1882.8073092684438,-9430.111430500561,0.00015718321279694706,5.1800584801840503e-05,2.532717596194427e-07,0.0006302186982176769,1.297175659570795
1000000.0,0.05,120.0,False,False,917.8981507961095,2645.7969167401343,12.590423251015308,False,False,True,6.0,False,1133,297.2197569201164,4.261646675610104,7,5.334242337775077e-34,True,24.351955427843595,1.9156660607324674,-0.018348882281211253,1.1429916957606413e-06,1.1429916957606413e-06,-0.018347739289515493,-0.018348504330760105,999999.7934171272,7.650412446118146e-07,-1901.659023862432,0.05021384230796918,0.3654148226434207,True,True,0.01670543499751022,14615.534880498883,True,0.00011521516717107959,0.00992049678722808,-1899.0532569710124,-9510.068348502484,-1897.3168665854378,-52.11533782839022,,-1898.8980443896019,-9509.743754945186,0.00014945479881470076,4.5368092268640445e-05,2.936612516457408e-07,0.0006064774040472185,1.2971798981359786
1000000.0,0.05,917.8981507961095,True,False,917.8981507961095,2645.7969167401343,12.590423251015308,True,False,True,45.89490753980547,True,165,43.5778195710573,2.1501593309270204,5,8.013722501954182e-28,True,2.0,2704503.853559953,-36571705469.603195,1.5831874228787458e-12,1.5831874228787458e-12,-36571705469.603195,-36571705469.603195,999999.7934171272,1.583177607737466e-12,-5297.464925168036,23114928.514437135,1582.168227202659,True,True,0.0002867978444581378,181152174.60270542,True,2.574363727706394e-07,6.149820267586167e-06,-5277.533020076039,-26294.647912656084,-5288.096165289557,-398.63810183994923,,-5294.653421424763,-26310.826068382823,,,,,
1000000.0,0.05,2645.7969167401343,False,True,917.8981507961095,2645.7969167401343,12.590423251015308,True,True,True,132.2898458370067,True,57,15.118318321000876,2.0322886781332308,4,9.033592666008018e-24,True,2.0,6.182570701758476e+22,-1.911209024112115e+43,2.3335539166478414e-19,2.3335539166478414e-19,-1.911209024112115e+43,-1.911209024112115e+43,999999.7934171272,2.33355390209384e-19,-9009.45503149629,1.3314198824315735e+26,1.4354667895011994e+17,True,True,3.48228848012161e-05,149226827598821.03,True,1.0749391349674305e-08,2.1708707411778673e-11,-8952.002281437446,-44620.20132734409,-8995.28358962479,-1149.0550011768776,,-9006.541111423881,-44672.765923712905,,,,,
1000000.0,0.1,4.0,False,False,403.4973009532591,1267.4466839252716,11.994115600373062,False,False,True,0.4,False,1133,297.2197569201164,148.6098784600582,10,6.796774509373568e-16,True,21013.021391766197,1.0031658068972553,-0.020126832722556432,3.4586360804725427,3.4586360804725427,3.438509247749986,3.396971466653356,999999.7934171272,0.04153778109662978,-330.65390215929415,0.012214027581601701,1.647845691201319,False,False,15.024724373300137,4.344118324020767,False,3.110809513619149,1.1118122357960545,-330.4801843665328,-1732.547269794863,-328.7839598036499,-1.737177927613007,,-327.9004466553251,-1729.9614262461143,3.0384863655543217,3.0199495232560682,2.419457665198227,3.570463862106259,0.976751020032504
1000000.0,0.1,6.0,False,False,403.4973009532591,1267.4466839252716,11.994115600373062,False,False,True,0.6000000000000001,False,1133,297.2197569201164,92.40417312967305,9,1.9527466445388426e-18,True,9339.712659806475,1.0071330183655594,-0.020286338333642448,0.9669033815702424,0.9669033815702424,0.9466170432365999,0.9064661296481171,999999.7934171272,0.04015091358848283,-409.41286576253225,0.013498588075760034,1.502848906847632,False,False,6.677733545010847,6.9063090193833725,False,0.9217213373686368,1.0490192017585194,-409.15228907339025,-2123.1463777127583,-407.4594927377226,-2.6057668914195107,,-406.65928093329234,-2120.644222876642,0.8948740620349005,0.8946883314042826,0.6402182609186353,1.2294231673729954,0.9708726767567507
1000000.0,0.1,8.0,False,False,403.4973009532591,1267.4466839252716,11.994115600373062,False,False,True,0.8,False,1133,297.2197569201164,66.01213812507052,9,1.1009148520313157e-20,True,5254.046390857549,1.0127057362312821,-0.020511458163914868,0.4719157671541557,0.4719157671541557,0.4514043089902408,0.41312864201805044,999999.7934171272,0.03827566697219035,-475.83306305805667,0.014918246976412707,1.37492415806935,False,False,3.756269137684068,7.959617794370171,False,0.38885118920239364,1.2136153373277396,-475.4856274725341,-2452.387754868092,-473.7976240080868,-3.474355855226014,,-473.0793487182321,-2449.9692974750537,0.387377707832337,0.39496067469606166,0.2247904889639633,0.5752651845183444,0.9962106805611703
1000000.0,0.1,10.0,False,False,403.4973009532591,1267.4466839252716,11.994115600373062,False,False,True,1.0,False,1133,297.2197569201164,50.9745729050632,9,1.9832551241000366e-22,True,3362.9628205388326,1.0199026796385429,-0.02080402951867761,0.25129928436203747,0.25129928436203747,0.23049525484335986,0.19452075320359724,999999.7934171272,0.03597450163976262,-534.3635019800977,0.016487212707001285,1.2618281748644626,False,False,2.404040415471195,9.566443539917861,False,0.19909180887162556,1.2622281438212022,-533.9292074981945,-2742.4251516198296,-532.2473549595148,-4.3429448190325175,,-531.6096580168659,-2740.0904004821746,0.20179486229255075,0.19976630349225466,0.08961816484356515,0.30891417241274105,1.0135769192928883
1000000.0,0.1,12.0,False,False,403.4973009532591,1267.4466839252716,11.994115600373062,False,False,True,1.2000000000000002,False,1133,297.2197569201164,41.35079413368334,9,7.449399128819847e-24,True,2335.7055199313027,1.0287480556552326,-0.021166451240288438,0.09748166744169315,0.09748166744169315,0.07631521620140472,0.042992810711382994,999999.7934171272,0.03332240549002171,-587.287442695095,0.018221188003905094,1.161639473548713,False,False,1.6694920682399692,17.12621574962846,False,0.1152151671710796,0.8460836349518592,-586.7662893168111,-3004.61802089135,-585.0919373672749,-5.211533782839021,,-584.5334690328152,-3002.3669848279565,0.11794641902373633,0.11899986883777643,0.02318566592690755,0.1883686978959824,1.0237056623682295
1000000.0,0.1,14.0,False,False,403.4973009532591,1267.4466839252716,11.994115600373062,False,False,True,1.4000000000000001,False,1133,297.2197569201164,34.7052665333238,9,4.646052545248913e-25,True,1716.3005482838264,1.0392716649334397,-0.02160171187067048,0.05662328371234993,0.05662328371234993,0.03502157184167945,0.004618224607331939,999999.7934171272,0.030403347234347514,-635.9618633209601,0.02013752707470477,1.0727092651711394,False,False,1.2265799676032452,21.662112953998808,False,0.07255532393280814,0.7804152837190484,-635.3538510462955,-3245.713462263406,-633.6883392153412,-6.080122746645525,,-633.2077599060805,-3243.546150067988,0.07471082872905302,0.07549631825621517,0.018222858853693857,0.13555672962109788,1.029708430469431
1000000.0,0.1,16.0,False,False,403.4973009532591,1267.4466839252716,11.994115600373062,False,False,True,1.6,False,1133,297.2197569201164,29.862988485398667,9,4.1998536542713215e-26,True,1314.2821087286106,1.0515090319262406,-0.022113424884449197,0.03948768290132022,0.03948768290132022,0.017374258016871025,-0.009932136963515848,999999.7934171272,0.027306394980386874,-681.2712071459881,0.02225540928492468,0.9936202296413547,False,False,0.9391112852277678,23.7823851952673,False,0.048606398650299205,0.8123968036680937,-680.5763359749428,-3470.1071340165786,-678.9209919854197,-6.948711710452028,,-678.5169739393494,-3468.023554441911,0.04991226843029934,0.05080240650749241,0.0109185334735873,0.09984684609961354,1.0268662113684923
1000000.0,0.1,18.0,False,False,403.4973009532591,1267.4466839252716,11.994115600373062,False,False,True,1.8,False,1133,297.2197569201164,26.108353981206605,8,7.182701796367035e-25,True,1038.659049329829,1.0655015603158562,-0.022705871500710486,0.031094121964931984,0.031094121964931984,0.008388250464221498,-0.01573347220383892,999999.7934171272,0.024121722668060418,-723.8299715603009,0.024596031111569504,0.9231518450157626,False,False,0.7420225429966677,23.863756109065317,False,0.03413782730994951,0.9108406836386322,-723.0482414928751,-3680.852026906106,-721.4043796685984,-7.817300674258532,,-721.0756085327413,-3678.8521886553717,0.03487591617851471,0.035437589979242144,0.003446568911757861,0.06598128191392855,1.0216208507314724
1000000.0,0.1,20.0,False,False,403.4973009532591,1267.4466839252716,11.994115600373062,False,False,True,2.0,False,1133,297.2197569201164,23.17634672653864,8,1.3309847251041043e-25,True,841.5071097718117,1.0812967144356884,-0.023384051692988298,0.029171667318688647,0.029171667318688647,0.005787615625700349,-0.015149111941644398,999999.7934171272,0.020936727567344746,-764.0856633104479,0.027182818284590456,0.8602511869140653,False,False,0.6010452959705472,20.60373476100529,False,0.024886476108953195,1.1721895535139186,-763.2170743466414,-3880.1708611722074,-761.5859941090471,-8.685889638065035,,-761.3311704400834,-3878.2547728939635,0.02478469170160266,0.0256272483260483,0.003996282603491744,0.05220399296141248,0.995910051430949
1000000.0,0.1,22.0,False,False,403.4973009532591,1267.4466839252716,11.994115600373062,False,False,True,2.2,False,1133,297.2197569201164,20.83243976062077,8,2.89664445846174e-26,True,695.6366851491287,1.0989482276006108,-0.024153744138930483,0.02517433962041808,0.02517433962041808,0.0010205954814875955,-0.016811872765863805,999999.7934171272,0.0178324682473514,-802.3761734881213,0.03004166023946434,0.8040082986891925,False,False,0.4967374636164285,19.731896490883166,False,0.01869757784294004,1.3463957648355815,-801.4207256279341,-4069.741520795398,-799.8037100894333,-9.554478601871539,,-799.6215507585626,-4067.9091910805646,0.018350725256265972,0.01837363471991297,0.0015210639309757672,0.03968787911016448,0.9814493305182288
1000000.0,0.1,24.0,False,False,403.4973009532591,1267.4466839252716,11.994115600373062,False,False,True,2.4000000000000004,False,1133,297.2197569201164,18.91990732112277,8,7.199184440440176e-27,True,584.6900470369777,1.118516338396783,-0.025021575985210945,0.02067094842617512,0.02067094842617512,-0.004350627559035824,-0.019231233065521956,999999.7934171272,0.014880605506486132,-838.964049233047,0.03320116922736549,0.7536353859666889,True,False,0.417402336696988,20.192703696577443,False,0.01440189589638495,1.4352935596044532,-837.9217424764792,-4250.867495171024,-836.3200571367577,-10.423067565678043,,-836.2092966321726,-4249.118932551064,0.014078979637207497,0.014015681317315424,0.0013803620099490477,0.03342282567932774,0.9775782118201182
1000000.0,0.1,26.0,False,False,403.4973009532591,1267.4466839252716,11.994115600373062,False,False,True,2.6,False,1133,297.2197569201164,17.332544716623083,8,2.0002979113840784e-27,True,498.34730525467637,1.1400680561249503,-0.02599510345193046,0.015375290332156557,0.015375290332156557,-0.010619813119773903,-0.022760804064752525,999999.7934171272,0.012140990944978622,-874.0581075472236,0.03669296667619245,0.7084492153859258,True,False,0.3556605902806318,23.13195930595129,False,0.011327481160197175,1.3573441539839137,-872.928941894275,-4424.585340097332,-871.3438334443968,-11.291656529484547,,-871.303225066305,-4422.920553043191,0.010910655131208754,0.010149217081398522,0.00039393838790999973,0.027969992423060395,0.9632022315381926
1000000.0,0.1,28.0,False,False,403.4973009532591,1267.4466839252716,11.994115600373062,False,False,True,2.8000000000000003,False,1133,297.2197569201164,15.995960649860956,8,6.111457952541361e-28,True,429.83684871025264,1.1636774567404884,-0.02708290446652023,0.010536120541214328,0.010536120541214328,-0.016546783925305904,-0.02620678604544531,999999.7934171272,0.00966000212013941,-907.8276756472582,0.04055199966844676,0.667856201616446,True,False,0.30667011692248014,29.106549770655455,False,0.009069415491601018,1.161719909179549,-906.611651097929,-4591.735462019891,-905.0443463357169,-12.16024549329105,,-905.0726632803184,-4590.154458941426,0.00852138100160682,0.0083155899064551,0.00047604674958816497,0.023083761585048622,0.9395733395937457
1000000.0,0.1,30.0,False,False,403.4973009532591,1267.4466839252716,11.994115600373062,False,False,True,3.0,False,1133,297.2197569201164,14.8565750732603,8,2.0264613909093094e-28,True,374.5660002260037,1.1894260107901675,-0.02829468470288424,0.007787381336300557,0.007787381336300557,-0.020507303366583685,-0.027976976356576255,999999.7934171272,0.00746967298999257,-940.4123174390159,0.04481689070338065,0.6313397529103888,True,True,0.26714687094462675,34.30509684935199,False,0.007373770698949094,1.0560921479983654,-939.1094339933061,-4753.010455192598,-937.5611388521161,-13.028834457097554,,-937.6571751823438,-4751.513244438336,0.0067780958992910275,0.00659890663143106,0.00033928722334782544,0.018725656492575023,0.9192170703459817
1000000.0,0.1,32.0,False,False,403.4973009532591,1267.4466839252716,11.994115600373062,False,False,True,3.2,False,1133,297.2197569201164,13.874867985941489,8,7.215789160511122e-29,True,329.33077226165113,1.2174029450106583,-0.029641398610412484,0.0062774961917688755,0.0062774961917688755,-0.023363902418643608,-0.0289515196875458,999999.7934171272,0.00558761726890219,-971.9286807091784,0.04953032424395116,0.5984495167933896,True,True,0.23479980036979786,37.4034158200956,False,0.006075799831287401,1.033196676335984,-970.5389383670878,-4908.989123584019,-969.0108370587856,-13.897423420904056,,-969.1734085609569,-4907.5757134411515,0.00552271437685533,0.005001554879103154,0.00048513867504469134,0.015970380641696404,0.9089691119210427
1000000.0,0.1,34.0,False,False,403.4973009532591,1267.4466839252716,11.994115600373062,False,False,True,3.4000000000000004,False,1133,297.2197569201164,13.021084525128257,8,2.735431812488628e-29,True,291.8408487599428,1.2477056394280504,-0.031135387253211206,0.005095143291079716,0.005095143291079716,-0.02604024396213149,-0.030057937922763893,999999.7934171272,0.004017693960632404,-1002.4754429685859,0.05473947391727202,0.5687922266163215,True,True,0.20799118239870074,40.8214588906341,False,0.005065433769377813,1.0058651485844128,-1000.9988417301148,-5060.161051473966,-999.4920960018387,-14.76601238471056,,-999.720040928599,-5058.831450168507,0.0046394567067165205,0.004141139681125775,0.0001328403095242302,0.014776486250631188,0.9159051165101671
1000000.0,0.1,36.0,False,False,403.4973009532591,1267.4466839252716,11.994115600373062,False,False,True,3.6,False,1133,297.2197569201164,12.272416521790829,8,1.0961087151228768e-29,True,260.4238667555295,1.2804400619821412,-0.0327905350465766,0.0036436031882325632,0.0036436031882325632,-0.029146931858344036,-0.03189825378587896,999999.7934171272,0.002751321927534924,-1032.1369640102812,0.06049647464412948,0.5420238987390079,True,True,0.18552516795755092,50.918049626459286,False,0.004267228413743689,0.8538570788705421,-1030.5735038754294,-5206.944746442947,-1029.089252378585,-15.634601348517064,,-1029.3814320796805,-5205.6989621400035,0.003978481922556288,0.0034571234520664983,0.00027029529777135395,0.013609200410206763,0.932333950004312
1000000.0,0.1,38.0,False,False,403.4973009532591,1267.4466839252716,11.994115600373062,False,False,True,3.8000000000000003,False,1133,297.2197569201164,11.611102322075407,8,4.61488808429971e-30,True,233.8356241288237,1.3157212428949938,-0.034622447780102955,0.002215718470785032,0.002215718470785032,-0.03240672930931792,-0.03417604586039129,999999.7934171272,0.001769316551073368,-1060.9860359700995,0.06685894442279272,0.5178431708577783,True,True,0.16651206927914364,75.15037288114866,False,0.0036282951026320445,0.610677579444324,-1059.3357169388669,-5349.701297664442,-1057.8750747077734,-16.503190312323568,,-1058.2303741512171,-5348.539338468575,0.0034535431507936734,0.002905525031064584,9.09888211264506e-05,0.01236780097121947,0.9518363454748755
1000000.0,0.1,40.0,False,False,403.4973009532591,1267.4466839252716,11.994115600373062,False,False,True,4.0,False,1133,297.2197569201164,11.023114950074747,8,2.031159055354153e-30,True,211.13496934195803,1.3536737912113446,-0.036648654660249906,0.0012041195128901937,0.0012041195128901937,-0.035444535147359714,-0.03648863338387206,999999.7934171272,0.0010440982365123447,-1089.0859893458519,0.07389056098930652,0.49598560586857254,True,True,0.15027889871958566,124.80397262135385,False,0.0031108095136191494,0.3870759387929568,-1087.348811418239,-5488.744834275219,-1085.9128694549418,-17.37177927613007,,-1086.3301976420457,-5487.666708230862,0.003015894892558729,0.00262348281883867,9.023409109004683e-05,0.011117994689215847,0.9694887711237595
1000000.0,0.1,42.0,False,False,403.4973009532591,1267.4466839252716,11.994115600373062,False,False,True,4.2,False,1133,297.2197569201164,10.497237227235603,8,9.30508238513959e-31,True,191.59935398558616,1.3944324561600983,-0.038888837495853694,0.0006566464266189539,0.0006566464266189539,-0.03823219106923474,-0.03877430181477726,999999.7934171272,0.0005421107455425157,-1116.492330259907,0.08166169912567653,0.4762188138652879,True,True,0.13630898379245665,207.58353090308606,False,0.002687234219733635,0.24435771984328267,-1114.6682934359133,-5624.350655027948,-1113.2581183968884,-18.240368239936576,,-1113.7364086754337,-5623.356370119883,0.002646280545163555,0.002157408398934105,5.376359831720479e-05,0.009852512293892834,0.9847599162479631
1000000.0,0.1,44.0,False,False,403.4973009532591,1267.4466839252716,11.994115600373062,False,False,True,4.4,False,1133,297.2197569201164,10.024397379899987,8,4.420497189231803e-31,True,174.66661657666236,1.438142736222579,-0.04136509059499533,0.0003912967959508895,0.0003912967959508895,-0.04097379379904444,-0.04120008103215623,999999.7934171272,0.0002262872331117905,-1143.254030512599,0.09025013499434124,0.4583382683869554,True,True,0.12420033905728264,317.4069921923681,False,0.002337197230367505,0.1674213844115164,-1141.3431347922246,-5756.761633261498,-1139.9597687720511,-19.108957203743078,,-1140.497979052507,-5755.8511974153525,0.0023380417790087563,0.0017970932963314503,0.00012563186948103095,0.008599565740297308,1.0003613510363087
1000000.0,0.1,46.0,False,False,403.4973009532591,1267.4466839252716,11.994115600373062,False,False,True,4.6000000000000005,False,1133,297.2197569201164,9.597183680073126,8,2.1706695212879034e-31,True,159.89408257690886,1.484961539045817,-0.04410221544890644,0.00023969417744345437,0.00023969417744345437,-0.043862521271462986,-0.04392093394964085,999999.7934171272,5.841267817785856e-05,-1169.4145563939944,0.09974182454814726,0.4421637126521329,True,True,0.11363642011649362,474.08919702816434,False,0.0020454077512084487,0.11718650098096113,-1167.4168017772395,-5886.19332435495,-1166.0612621837836,-19.977546167549583,,-1166.6583750640357,-5885.366745437731,0.0020777285014075184,0.0015930555806875665,2.3943430969734178e-05,0.007490607455629103,1.0158016171494286
1000000.0,0.1,48.0,False,False,403.4973009532591,1267.4466839252716,11.994115600373062,False,False,True,4.800000000000001,False,1133,297.2197569201164,9.209484455348774,8,1.098662468953734e-31,True,146.9293348748307,1.535057895609337,-0.047128054857451335,0.0001618704401178467,0.0001618704401178467,-0.04696618441733349,-0.04696743604308178,999999.7934171272,1.2516257482937451e-06,-1195.0126981440264,0.11023176380641607,0.4275360679179138,True,True,0.10436522268439402,644.7454063163905,False,0.0018002369870481188,0.08991618397046079,-1192.9280846308907,-6012.838083156428,-1191.6013641461413,-20.846135131356085,,-1192.256386950579,-6012.095368977064,0.001853438687205632,0.0013558007110012317,4.7933834553978045e-05,0.006544379800185577,1.0295526092066074
1000000.0,0.1,50.0,False,False,403.4973009532591,1267.4466839252716,11.994115600373062,False,False,True,5.0,False,1133,297.2197569201164,8.856217384630606,8,5.717538379363186e-32,True,135.48899845964152,1.5886137323432645,-0.05047387181179195,0.00013211092244895225,0.00013211092244895225,-0.050341760889342994,-0.050362098574743705,999999.7934171272,2.0337685400706597e-05,-1220.0832453347216,0.12182493960703476,0.41431476982137855,True,True,0.09618411228403018,728.0557163711863,True,0.0015927344709730045,0.08294598054893948,-1217.9117729252052,-6136.868416298366,-1216.6148395456116,-21.71472409516259,,-1217.3268042847246,-6136.2095746082705,0.0016621355878092107,0.001140844713836005,5.3198738952052856e-05,0.0059856602814678545,1.043573563642287
1000000.0,0.1,52.0,False,False,403.4973009532591,1267.4466839252716,11.994115600373062,False,False,True,5.2,False,1133,297.2197569201164,8.533123365108828,8,3.052676122812967e-32,True,125.34312297533067,1.6458247052057287,-0.05417477920531049,0.00014961918408007633,0.00014961918408007633,-0.054025160021230416,-0.05411051355864807,999999.7934171272,8.535353741765584e-05,-1244.6575417763286,0.13463738035001693,0.40237547005498964,True,True,0.08892865676861744,594.3666737349854,True,0.001415935145024647,0.10566810535483384,-1242.3992104704316,-6258.439736310149,-1241.1330076204167,-22.583313058969093,,-1241.900970877227,-6257.864774803786,0.0014998792337584947,0.0010548139865608768,5.97809473656993e-06,0.005647811536367773,1.0592852638970174
1000000.0,0.1,54.0,False,False,403.4973009532591,1267.4466839252716,11.994115600373062,False,False,True,5.4,False,1133,297.2197569201164,8.236607735798284,8,1.668933913885156e-32,True,116.30353658444932,1.7069011000602852,-0.05827022730774025,0.000204736223967334,0.000204736223967334,-0.058065491083772916,-0.058236555656649716,999999.7934171272,0.0001710645728767983,-1268.7639452174562,0.1487973172487284,0.391608050367845,True,True,0.08246429857400146,402.7831371314085,True,0.0012643639744425745,0.16192823277616475,-1266.4187550151785,-6377.692643041181,-1265.1842017274219,-23.451902022775595,,-1266.0072444771524,-6377.2015693566445,0.001357610983234156,0.0010017559784633854,4.171631602872981e-05,0.005349629687879015,1.0737501310354018
1000000.0,0.1,56.0,False,False,403.4973009532591,1267.4466839252716,11.994115600373062,False,False,True,5.6000000000000005,False,1133,297.2197569201164,7.963616681202736,8,9.326870209316719e-33,True,108.21505759376822,1.7720688040513868,-0.06280455692584226,0.0002899811281770576,0.0002899811281770576,-0.0625145757976652,-0.0627723788642667,999999.7934171272,0.00025780306660150645,-1292.4282110741617,0.16444646771097057,0.3819149039809533,True,True,0.07668007044915869,264.43124396129366,True,0.0011336769364501272,0.2557881516802071,-1289.9961619755034,-6494.7548279233315,-1288.7941531315964,-24.3204909865821,,-1289.671380500972,-6494.347649642921,0.001230713440165982,0.0008226096311530022,3.158684779210626e-05,0.005098631571712556,1.0855944939831839
1000000.0,0.1,58.0,False,False,403.4973009532591,1267.4466839252716,11.994115600373062,False,False,True,5.800000000000001,False,1133,297.2197569201164,7.705297466890216,7,1.404305576817946e-29,True,100.94878963340551,1.841570353059785,-0.06782762730537482,0.00037790858340164247,0.00037790858340164247,-0.06744971872197318,-0.06778124924631872,999999.7934171272,0.0003315305243455287,-1315.6738149922005,0.1817414536944307,0.37320944631276126,True,True,0.0714838010590986,189.1563309191244,True,0.0010203975607426788,0.3703542598892418,-1313.1549069971616,-6609.7426745907005,-1311.986313622332,-25.189079950388603,,-1312.916854594818,-6609.419399241498,0.0011183809913653058,0.0007087031078353962,1.5307281402587563e-05,0.004859702572881492,1.0960247597527688
1000000.0,0.1,60.0,False,False,403.4973009532591,1267.4466839252716,11.994115600373062,False,False,True,6.0,False,1133,297.2197569201164,7.464369555227225,7,8.73657262743111e-30,True,94.39695439402342,1.9156660607324674,-0.07339552912484501,0.00043028244937709303,0.00043028244937709303,-0.07296524667546792,-0.07334877822526582,999999.7934171272,0.0003835315497979028,-1338.522225753415,0.20085536923187672,0.3654148226434207,True,True,0.06679842004018677,155.24318999505752,True,0.0009217213373686367,0.4668248763834402,-1335.9164588619954,-6722.762613016072,-1334.7821284677486,-26.05766891419511,,-1335.7651355408784,-6722.523248070522,0.0010185171505416358,0.000687162522870076,1.4057250136911385e-05,0.00460767045274745,1.1050163528266963
1000000.0,0.1,62.0,False,False,403.4973009532591,1267.4466839252716,11.994115600373062,False,False,True,6.2,False,1133,297.2197569201164,7.241026170037579,7,5.520520279782435e-30,True,88.46887177139823,1.9946352350256618,-0.07957139441611756,0.0004422024175278364,0.0004422024175278364,-0.07912919199858973,-0.07953900378211316,999999.7934171272,0.00040981178352343894,-1360.9931375614558,0.2219795128144164,0.35846278517892943,True,True,0.06255908352609298,141.47159998770226,True,0.0008353689405845118,0.5293498429788701,-1358.3005117736554,-6833.912272026241,-1357.2012687423978,-26.92625787800161,,-1358.235917543119,-6833.756824902732,0.000928894725643989,0.0005761434972612559,1.2194004179298077e-05,0.004339739361943364,1.1119574603695903
1000000.0,0.1,64.0,False,False,403.4973009532591,1267.4466839252716,11.994115600373062,False,False,True,6.4,False,1133,297.2197569201164,7.033476704608107,7,3.539558476087698e-30,True,83.087805209756,2.0787774886771784,-0.08642631694861994,0.00042665070461507374,0.00042665070461507374,-0.08599966624400486,-0.08640995058397447,999999.7934171272,0.00041028433996959985,-1383.104668861052,0.24532530197109356,0.3522927160558574,True,True,0.05871091834761737,137.60886297044004,True,0.0007594749789109251,0.5617705868689499,-1380.3251841768713,-6943.281465716449,-1379.261830182837,-27.794846841808113,,-1380.3473190465595,-6943.209943779878,0.0008491371104501287,0.0005131278368079378,1.6763296294698068e-05,0.004066674433063493,1.118058045398385
1000000.0,0.1,66.0,False,False,403.4973009532591,1267.4466839252716,11.994115600373062,False,False,True,6.6000000000000005,False,1133,297.2197569201164,6.840161412677193,7,2.300693119449857e-30,True,78.18846578702357,2.1684141505387515,-0.09404039856513394,0.0003996533455861295,0.0003996533455861295,-0.09364074521954781,-0.09402857873870843,999999.7934171272,0.00038783351916062435,-1404.873533401952,0.271126389206579,0.34685077627571637,True,True,0.05520723727673003,138.1378083943308,True,0.0006925028830718534,0.577114341839732,-1402.0071898213905,-7050.953042117367,-1400.9805042824885,-28.66343580561462,,-1402.1160538012152,-7050.965452679718,0.0007786462027794949,0.0004598260951787628,2.549873177397715e-06,0.0037981839604263384,1.1243941676105678
1000000.0,0.1,68.0,False,False,403.4973009532591,1267.4466839252716,11.994115600373062,False,False,True,6.800000000000001,False,1133,297.2197569201164,6.659715754313456,7,1.5147957445068844e-30,True,73.71502239979891,2.2638897852530144,-0.10250393919545882,0.00036157790613473417,0.00036157790613473417,-0.10214236128932408,-0.10248970310337749,999999.7934171272,0.00034734181405340274,-1426.3151881413507,0.2996410004739703,0.3420891634766895,True,True,0.052008116165924045,143.83654333830992,True,0.0006331792211722266,0.571051440167813,-1423.3619856644084,-7157.003616919763,-1422.3727262199268,-29.53202476942112,,-1423.557578764528,-7157.099967240673,0.000715897536676821,0.00039895175342747485,8.530015157730703e-06,0.003544929861146335,1.1306396557856955
1000000.0,0.1,70.0,False,False,403.4973009532591,1267.4466839252716,11.994115600373062,False,False,True,7.0,False,1133,297.2197569201164,6.490941106014676,7,1.0095116989563454e-30,True,69.61950407437142,2.3655738293566433,-0.11191879084274109,0.00030904235908716515,0.00030904235908716515,-0.11160974848365393,-0.11190450579876955,999999.7934171272,0.000294757315115626,-1447.4439617062017,0.33115451958692316,0.33796546392405213,True,True,0.049079251484362596,158.81075859416356,True,0.0005804425914624652,0.5324253658032082,-1444.403900332879,-7261.5042107298705,-1443.4528033423223,-30.400613733227626,,-1444.6862225636798,-7261.684508017188,0.000659734218543989,0.0003507551649996943,1.4827315875153984e-05,0.003311082230215668,1.1366054597781032
1000000.0,0.1,72.0,False,False,403.4973009532591,1267.4466839252716,11.994115600373062,False,False,True,7.2,False,1133,297.2197569201164,6.3327805543836115,7,6.805092418898891e-31,True,65.86050851303952,2.473862352534489,-0.12239989878574957,0.0002481545945716936,0.0002481545945716936,-0.12215174419117787,-0.12238800906801428,999999.7934171272,0.0002362648768364002,-1468.2731664501523,0.36598234443677996,0.3344420861998522,True,True,0.046391036833335904,186.94409794590047,True,0.0005334035517179611,0.46522861306875235,-1465.1462461804488,-7364.520804919073,-1464.234027239134,-31.269202697034128,,-1465.51529755253,-7364.7850563294205,0.0006094484153298267,0.0003025869285725455,5.725560598062367e-06,0.0030931824077176013,1.1425653491937648
1000000.0,0.1,74.0,False,False,403.4973009532591,1267.4466839252716,11.994115600373062,False,False,True,7.4,False,1133,297.2197569201164,6.184298777972125,7,4.637137373149589e-31,True,62.4021515847834,2.589179953442983,-0.13407705662622016,0.00018688777185485353,0.00018688777185485353,-0.1338901688543653,-0.13406777631567132,999999.7934171272,0.0001776074613060032,-1488.8151965953498,0.40447304360067404,0.33148576585635464,True,True,0.04391781175370489,234.99564106213262,True,0.0004913129747291018,0.3803843608199009,-1485.6014174292657,-7466.114828428196,-1484.728771896654,-32.137791660840634,,-1486.0571979534222,-7466.463041067513,0.0005641361888347902,0.0002517079122426828,9.107032599180767e-07,0.0028840093342791836,1.1482216384491806
1000000.0,0.1,76.0,False,False,403.4973009532591,1267.4466839252716,11.994115600373062,False,False,True,7.6000000000000005,False,1133,297.2197569201164,6.04466523777867,7,3.192337545219459e-31,True,59.21320772238986,2.7119818002689327,-0.14709690569979844,0.00013145340905360047,0.00013145340905360047,-0.14696545229074484,-0.14708903790973282,999999.7934171272,0.00012358561898796814,-1509.081614514591,0.44701184493300844,0.3290671318158094,True,True,0.04163724704490063,316.7452814245611,True,0.00045353688782900556,0.2898406118250774,-1505.7809764521264,-7566.343585728095,-1504.948579989221,-33.006380624647136,,-1506.3234861393378,-7566.775766652186,0.0005230572698033083,0.00024239536654829891,8.056646860365897e-06,0.00267742060362253,1.1532849561743115
1000000.0,0.1,78.0,False,False,403.4973009532591,1267.4466839252716,11.994115600373062,False,False,True,7.800000000000001,False,1133,297.2197569201164,5.913140061634234,7,2.219114538033589e-31,True,56.26640258225172,2.8427558269963025,-0.16162521383842865,8.386314870606445e-05,8.386314870606445e-05,-0.16154135068972258,-0.16161909545415015,999999.7934171272,7.774476442756117e-05,-1529.0832268598076,0.494024491055302,0.3271603265926669,True,True,0.039529838962579354,471.361254287377,True,0.00041953633926656203,0.19989483831764113,-1525.695729900962,-7665.260634403349,-1524.9042390134448,-33.87496958845364,,-1526.3249687623784,-7665.776790618427,0.00048597407662685066,0.00025821827252326627,2.7816079427854435e-06,0.0024746208964154847,1.1583599110304386
1000000.0,0.1,80.0,False,False,403.4973009532591,1267.4466839252716,11.994115600373062,False,False,True,8.0,False,1133,297.2197569201164,5.7890621344058495,7,1.5568594106696625e-31,True,53.53782790563026,2.982025097223648,-0.17784947360943418,4.653801273804282e-05,4.653801273804282e-05,-0.17780293559669613,-0.17784517882562523,999999.7934171272,4.224322892910367e-05,-1548.8301519602167,0.5459815003314424,0.3257426735181856,True,True,0.03757849079912398,807.4794901675117,True,0.00038885118920239367,0.11968077771216533,-1545.3557961049908,-7762.916119422674,-1544.60584868911,-34.74355855226014,,-1546.0717641519216,-7763.5162578858935,0.0004525636254989791,0.00022206453662650374,5.499885634332012e-07,0.0022782010597882296,1.163847862796232
1000000.0,0.1,82.0,False,False,403.4973009532591,1267.4466839252716,11.994115600373062,False,False,True,8.200000000000001,False,1133,297.2197569201164,5.6718390040866264,7,1.101844574662161e-31,True,51.00645503590705,3.130350348313626,-0.19598186606374482,2.1703688689297707e-05,2.1703688689297707e-05,-0.19596016237505554,-0.19597804258083637,999999.7934171272,1.7880205780840174e-05,-1568.3318796835183,0.6034028759736201,0.3247943850905889,True,True,0.03576816501036188,1648.0223948291105,True,0.00036108698522878646,0.060106538250184076,-1564.7706649319116,-7859.357070018185,-1564.0628808204476,-35.61214751606665,,-1565.573362175817,-7860.04119763817,0.00042230066345874494,0.00019776355734523994,4.064215018672774e-06,0.002091263580083238,1.169526127315758
1000000.0,0.1,84.0,False,False,403.4973009532591,1267.4466839252716,11.994115600373062,False,False,True,8.4,False,1133,297.2197569201164,5.560938290387156,7,7.863381060301518e-32,True,48.65372852986229,3.2883327296690315,-0.21626264282025173,8.416422214484673e-06,8.416422214484673e-06,-0.21625422639803724,-0.21625847886288782,999999.7934171272,4.252464850569996e-06,-1587.597324765383,0.6668633104092516,0.3242983073810615,True,True,0.034085592615407764,4049.8910043683904,True,0.0003359042774667044,0.025056013808335408,-1583.9492511173955,-7954.627664161852,-1583.284232623343,-36.48073647987315,,-1584.8386775698755,-7955.395787799212,0.0003948315073297557,0.00014437267254514605,1.5578727872292656e-06,0.0019170434553445095,1.1754286379067986
1000000.0,0.1,86.0,False,False,403.4973009532591,1267.4466839252716,11.994115600373062,False,False,True,8.6,False,1133,297.2197569201164,5.455880342536865,7,5.656477510392737e-32,True,46.46322513952328,3.456616750023281,-0.23896398713083025,4.1515341320734485e-06,4.1515341320734485e-06,-0.23895983559669817,-0.2389598381188963,999999.7934171272,2.522198107326229e-09,-1606.6348744577654,0.7369979369959581,0.3242396961175494,True,True,0.032519029341329136,7833.015051013873,True,0.00031300987471484515,0.013263268885224576,-1602.8999419133975,-8048.7694648595625,-1602.2782743692878,-37.34932544367965,,-1603.876097586183,-8049.621591327408,0.00036999017968507465,0.0001403320421989645,5.779194087246754e-07,0.0017561181164168897,1.1820399596726432
1000000.0,0.1,88.0,False,False,403.4973009532591,1267.4466839252716,11.994115600373062,False,False,True,8.8,False,1133,297.2197569201164,5.356231940474002,7,4.099888315735475e-32,True,44.42036641750119,3.6358934498135076,-0.26439442356793547,6.35804480323728e-06,6.35804480323728e-06,-0.2643880655231322,-0.2643911843549588,999999.7934171272,3.1188318265295783e-06,-1625.4524312187036,0.8145086866496816,0.32460602066193917,True,True,0.03105805011263913,4884.842915360635,True,0.00029214965379593813,0.021762972232300754,-1621.630639777955,-8141.8216318485565,-1621.0528920690135,-38.217914407486155,,-1622.693524682902,-8142.7577679130145,0.0003476447817653889,0.0001236964743458979,3.6280185283183714e-06,0.0016058821492963454,1.189954453987521
1000000.0,0.1,90.0,False,False,403.4973009532591,1267.4466839252716,11.994115600373062,False,False,True,9.0,False,1133,297.2197569201164,5.261600871322224,7,2.993224957543487e-32,True,42.512175521287176,3.826903815978791,-0.2929038563350607,1.3475610182363574e-05,1.3475610182363574e-05,-0.29289038072487833,-0.2929016309143049,999999.7934171272,1.1250189426522312e-05,-1644.057451060077,0.9001713130052182,0.3253867926064011,True,True,0.029693375146405382,2203.4902126559787,True,0.0002731026184795961,0.04934266195389978,-1640.1488007229477,-8233.821111756977,-1639.6155258125332,-39.08650337129266,,-1641.298414872028,-8234.841264137687,0.0003276060000232593,0.0001224014097996785,2.359962013800757e-06,0.0014639289194928761,1.1995710690988313
1000000.0,0.1,92.0,False,False,403.4973009532591,1267.4466839252716,11.994115600373062,False,False,True,9.200000000000001,False,1133,297.2197569201164,5.171631243190834,7,2.2004421713027525e-32,True,40.72707061529742,4.030442457901989,-0.3248893281291806,2.367633597815095e-05,2.367633597815095e-05,-0.3248656517932024,-0.32488765307374967,999999.7934171272,2.2001280547218955e-05,-1662.4569780812049,0.9948431564193388,0.32657341615388835,True,True,0.028416722217560666,1200.2162092894885,True,0.0002556759689010561,0.09260289920838607,-1658.461468847695,-8324.802809344656,-1657.9732042936946,-39.95509233509917,,-1659.6978122529902,-8325.90698471527,0.00030960364288302897,0.00011609169419479979,2.933321149931389e-07,0.0013294789097271474,1.210921950208165
1000000.0,0.1,94.0,False,False,403.4973009532591,1267.4466839252716,11.994115600373062,False,False,True,9.4,False,1133,297.2197569201164,5.085999422546607,7,1.6283758156655099e-32,True,39.0546887090941,4.247361564699482,-0.3608016052257286,3.464970049507131e-05,3.464970049507131e-05,-0.3607669555252336,-0.3608001388679343,999999.7934171272,3.3183342700703004e-05,-1680.6576756419697,1.0994717245212355,0.3281590578264662,True,True,0.027220680688441815,785.5964207342506,True,0.00023970099215928257,0.14455384678610927,-1676.575307512079,-8414.79974207595,-1676.1325759731526,-40.82368129890567,,-1677.8983801857744,-8415.987947064614,0.00029323584336865755,0.00011138037210801116,7.971470556089722e-07,0.0012023133841052567,1.2233401319165202
1000000.0,0.1,96.0,False,False,403.4973009532591,1267.4466839252716,11.994115600373062,False,False,True,9.600000000000001,False,1133,297.2197569201164,5.00441050095259,7,1.2126972209790689e-32,True,37.48573491314376,4.478575165667955,-0.40115271029075505,4.450203993939946e-05,4.450203993939946e-05,-0.40110820825081567,-0.4011512105600639,999999.7934171272,4.300230924828942e-05,-1698.6658545667015,1.21510417518735,0.33013853337217247,True,True,0.026098603713861045,586.4585926712742,True,0.00022502962338101485,0.19776080709182745,-1694.4966275404302,-8503.843179965712,-1694.0999372711838,-41.69227026271217,,-1695.9064294948091,-8505.115421155559,0.0002780699908246355,8.86758864943704e-05,5.55390334776203e-07,0.001088158932415394,1.2357039337608184
1000000.0,0.1,98.0,False,False,403.4973009532591,1267.4466839252716,11.994115600373062,False,False,True,9.8,False,1133,297.2197569201164,4.926595212828342,7,9.086353632188023e-33,True,36.01185300561039,4.72506371743073,-0.4465245426756063,5.1806312305060846e-05,5.1806312305060846e-05,-0.44647273636330126,-0.4465229119810509,999999.7934171272,5.017561774961411e-05,-1716.4874987173628,1.3428977968493554,0.3325082100240402,True,True,0.025044515685255377,483.4259489033122,True,0.00021153155665541734,0.24491056145089868,-1712.2314127947109,-8591.962772377767,-1711.8812581290567,-42.56085922651867,,-1713.7279440421487,-8593.319056307384,0.00026377592353626705,8.942448215221638e-05,4.7328707846646397e-07,0.0010235919366611407,1.2469814324959336
1000000.0,0.1,100.0,False,False,403.4973009532591,1267.4466839252716,11.994115600373062,False,False,True,10.0,False,1133,297.2197569201164,4.8523072388122035,7,6.847936805241792e-33,True,34.62551393526756,4.9878790431985625,-0.4975787469915882,5.55524424880592e-05,5.55524424880592e-05,-0.49752319454910016,-0.49757717177721816,999999.7934171272,5.3977228118002706e-05,-1734.128288229857,1.4841315910257662,0.3352659225100678,True,True,0.024053032500596414,432.9788470734932,True,0.00019909180887162556,0.27902927198717364,-1729.7853434108245,-8679.186663233628,-1729.4822052329466,-43.42944819032518,,-1731.368603963785,-8680.626996397537,0.00025015575439341737,9.303982440588198e-05,7.432446959592471e-07,0.0009609968066909378,1.2564844119464396
1000000.0,0.1,102.0,False,False,403.4973009532591,1267.4466839252716,11.994115600373062,False,False,True,10.200000000000001,False,1133,297.2197569201164,4.781320839888702,7,5.1899406016245095e-33,True,33.31991947520047,5.268149651582862,-0.5550680150294526,5.532897418851465e-05,5.532897418851465e-05,-0.5550126860552641,-0.5550669036407846,999999.7934171272,5.421758552057075e-05,-1751.5936206692909,1.6402190729990187,0.3384109014258394,True,True,0.023119292668339324,417.8514604223133,True,0.00018760865812510416,0.2949169550139808,-1747.1638169538776,-8765.541595900437,-1746.9081631563554,-44.298037154131684,,-1748.8338068249068,-8767.06598474955,0.00023713126495659713,8.855820545452262e-05,6.109010177085087e-07,0.0009003372629785238,1.263967597905154
1000000.0,0.1,104.0,False,False,403.4973009532591,1267.4466839252716,11.994115600373062,False,False,True,10.4,False,1133,297.2197569201164,4.713428776144665,7,3.954604800597863e-33,True,32.08891871929408,5.567086464584827,-0.619849034083272,5.170815607655693e-05,5.170815607655693e-05,-0.6197973259271954,-0.6198484966840127,999999.7934171272,5.117075681729016e-05,-1768.8886303275485,1.8127224187515125,0.3419437127666708,True,True,0.022238897595012172,430.0849088891546,True,0.00017699189312808086,0.2921498559210174,-1764.3719677157546,-8851.053008866178,-1764.1642536445302,-45.166626117938186,,-1766.1286869174776,-8852.66145980826,0.00022475756120900742,9.116242105735106e-05,5.24673596973823e-07,0.0008412914956329451,1.2698748922153218
1000000.0,0.1,106.0,False,False,403.4973009532591,1267.4466839252716,11.994115600373062,False,False,True,10.600000000000001,False,1133,297.2197569201164,4.648440471199983,7,3.028954657684176e-33,True,30.926935501641598,5.8859889867458985,-0.6928973270418803,4.585299092207642e-05,4.585299092207642e-05,-0.6928514740509583,-0.6928969385205168,999999.7934171272,4.5464469558555264e-05,-1786.0182058587568,2.003368099747919,0.3458662075776622,True,True,0.021407859683593475,466.8803332802098,True,0.0001671613218223983,0.274303830707879,-1781.414684350582,-8935.745123172253,-1781.255353236561,-46.03521508174469,,-1783.2581328956985,-8937.437642572375,0.00021314301623075917,7.276570231352896e-05,1.3742254547131128e-07,0.0007863006126957372,1.275073766509303
1000000.0,0.1,108.0,False,False,403.4973009532591,1267.4466839252716,11.994115600373062,False,False,True,10.8,False,1133,297.2197569201164,4.58618038931113,7,2.331564072796236e-33,True,29.82890513595154,6.226251949996952,-0.775324266896817,3.8630680615812714e-05,3.8630680615812714e-05,-0.7752856362162012,-0.7753235864347108,999999.7934171272,3.795021850963631e-05,-1802.987006424333,2.214064162041872,0.35018148082113,True,True,0.020622557096464388,533.8388236427537,True,0.0001580454968053218,0.24442759456409843,-1798.296626019778,-9019.641022455115,-1798.1861093969558,-46.90380404555119,,-1800.226803921059,-9021.417616636096,0.00020232943891239586,6.601642237596966e-05,2.3343793716856875e-07,0.0007415643032751919,1.280197430500803
1000000.0,0.1,110.0,False,False,403.4973009532591,1267.4466839252716,11.994115600373062,False,False,True,11.0,False,1133,297.2197569201164,4.526486597096857,7,1.8033805607170545e-33,True,28.79021913188746,6.5893724715020845,-0.86839659136379,3.0488929186360294e-05,3.0488929186360294e-05,-0.8683661024346037,-0.8683956725480636,999999.7934171272,2.95701134599425e-05,-1819.799476498742,2.4469193226422044,0.3548938386845088,True,True,0.019879694222537908,652.0299253878488,True,0.0001495806227435203,0.20382940401737995,-1815.0222371978064,-9102.762726346473,-1814.9609553078965,-47.7723930093577,,-1817.0391444680895,-9104.623401589324,0.0001922532490217578,6.85248243433336e-05,4.017895786290866e-07,0.0007195578105886403,1.2852817797891274
1000000.0,0.1,112.0,False,False,403.4973009532591,1267.4466839252716,11.994115600373062,False,False,True,11.200000000000001,False,1133,297.2197569201164,4.469209485968934,7,1.4013212332776034e-33,True,27.80667675915304,6.976957764773925,-0.9735587930287835,2.1990005890183507e-05,2.1990005890183507e-05,-0.9735368030228932,-0.9735580380541138,999999.7934171272,2.123503122050305e-05,-1836.4598594692877,2.7042640742615283,0.3600087736604051,True,True,0.019176267041106875,872.0446523239584,True,0.0001417096170562659,0.1551765246917036,-1831.5957612719715,-9185.131257893478,-1831.5841234555799,-48.6409819731642,,-1833.6993979241593,-9187.076020437838,0.0001827874879171929,6.723643695116888e-05,1.5381404710578382e-07,0.0006984284365838294,1.2898735577319147
1000000.0,0.1,114.0,False,False,403.4973009532591,1267.4466839252716,11.994115600373062,False,False,True,11.4,False,1133,297.2197569201164,4.4142106348135055,7,1.0937728633808079e-33,True,26.874442506828508,7.390733447559901,-1.0924588178576133,1.4094106946975194e-05,1.4094106946975194e-05,-1.0924447237506663,-1.092458449082967,999999.7934171272,1.3725332300670204e-05,-1852.9722101478865,2.9886740096706035,0.36553294682614734,True,True,0.01850953270130137,1313.2816978711653,True,0.00013438130009748312,0.10488145997062852,-1848.0212530541894,-9266.766705583765,-1848.0596581286518,-49.509570936970704,,-1850.211619101245,-9268.79556162832,0.00017382350244480083,6.2171206968514e-05,1.882880466723158e-07,0.0006765134619240433,1.2935096052702681
1000000.0,0.1,116.0,False,False,403.4973009532591,1267.4466839252716,11.994115600373062,False,False,True,11.600000000000001,False,1133,297.2197569201164,4.361361795379079,7,8.57409430488662e-34,True,25.990008631962922,7.83255249348233,-1.2269775712631257,7.768551304006254e-06,7.768551304006254e-06,-1.2269698027118217,-1.2269774241131004,999999.7934171272,7.6214012786462135e-06,-1869.3404062993397,3.30299559909649,0.37147417683473644,True,True,0.017876982740803835,2301.199031997722,True,0.00012754969509283485,0.06090607506628728,-1864.3025903092619,-9347.688280493805,-1864.3914269333045,-50.378159900777206,,-1866.5796857642074,-9349.801236196723,0.00016530043531640654,4.703245412611788e-05,1.6631297643743027e-07,0.0006536919203831784,1.2959688786091998
1000000.0,0.1,118.0,False,False,403.4973009532591,1267.4466839252716,11.994115600373062,False,False,True,11.8,False,1133,297.2197569201164,4.310543985281258,7,6.7492737595286e-34,True,25.150162113310632,8.30440487818101,-1.3792628076151316,3.474929571677466e-06,3.474929571677466e-06,-1.37925933268556,-1.3792625997554668,999999.7934171272,3.2670699069022327e-06,-1885.56815927899,3.65037467865329,0.37784143520411845,True,True,0.017276319454626543,4971.703482982154,True,0.00012117342137683596,0.02867732488027072,-1880.4434843925314,-9427.914369021224,-1880.5831314179695,-51.24674886458371,,-1882.8073092684438,-9430.111430500561,0.00015718321279694706,5.1800584801840503e-05,2.532717596194427e-07,0.0006302186982176769,1.297175659570795
1000000.0,0.1,120.0,False,False,403.4973009532591,1267.4466839252716,11.994115600373062,False,False,True,12.0,False,1133,297.2197569201164,4.261646675610104,7,5.334242337775077e-34,True,24.351955427843595,8.808427974778652,-1.5517680677372634,1.1429916957606413e-06,1.1429916957606413e-06,-1.5517669247455677,-1.5517676897868122,999999.7934171272,7.650412446118146e-07,-1901.659023862432,4.0342879349273515,0.38464484755850903,True,True,0.01670543499751022,14615.534880498883,True,0.00011521516717107959,0.00992049678722808,-1896.4474900795929,-9507.462581611066,-1896.6383168903108,-52.11533782839022,,-1898.8980443896019,-9509.743754945186,0.00014945479881470076,4.5368092268640445e-05,2.936612516457408e-07,0.0006064774040472185,1.2971798981359786
1000000.0,0.1,403.4973009532591,True,False,403.4973009532591,1267.4466839252716,11.994115600373062,True,False,True,40.34973009532592,True,378,99.13325294989662,2.462611596805048,6,1.2607739877237984e-31,True,3.0665206689073288,284290.35436715116,-1616420111.7240078,8.313694271937753e-09,8.313694271937753e-09,-1616420111.7240078,-1616420111.7240078,999999.7934171272,8.312615688440475e-09,-3504.9294922260533,5778732.1286093015,279.7188164721199,True,True,0.0014799424984278165,178012.6199039157,True,3.0306200380659977e-06,0.0027432321331984496,-3487.405827099368,-17428.581991914834,-3496.6143813447243,-175.23665126685614,,-3502.1503036179306,-17442.833325384814,,,,,
1000000.0,0.1,1267.4466839252716,False,True,403.4973009532591,1267.4466839252716,11.994115600373062,True,True,True,126.74466839252716,True,120,31.559512922563606,2.09472732632483,5,3.470931493190308e-28,True,2.0,5.092655767396366e+21,-5.187028553039095e+41,1.9380424730817654e-14,1.9380424730817654e-14,-5.187028553039095e+41,-5.187028553039095e+41,999999.7934171272,1.9380412001537326e-14,-6228.82024849122,3.328549706078956e+25,1.5583449282929394e+16,True,True,0.00015070171840011207,7775976042.489654,True,9.778321089323765e-08,1.9819787623846517e-07,-6173.775738397689,-30867.074429626467,-6215.49065703635,-550.4451009353204,,-6225.987295566726,-30918.09291467716,,,,,
1000000.0,0.25,4.0,False,False,132.07761696133065,477.65737015013565,11.248961481707035,False,False,True,1.0,False,1133,297.2197569201164,148.6098784600582,10,6.796774509373568e-16,True,21013.021391766197,1.0199026796385429,-0.13002518449173503,3.4586360804725427,3.4586360804725427,3.3286108959808076,3.2870731148841776,999999.7934171272,0.04153778109662978,-330.65390215929415,0.10304507941875801,1.2618281748644626,False,False,15.024724373300137,4.344118324020767,False,3.110809513619149,1.1118122357960545,-330.2196076773908,-1732.2866931057213,-329.3336351560552,-1.737177927613007,,-327.9004466553251,-1729.9614262461143,3.0384863655543217,3.0199495232560682,2.419457665198227,3.570463862106259,0.976751020032504
1000000.0,0.25,6.0,False,False,132.07761696133065,477.65737015013565,11.248961481707035,False,False,True,1.5,False,1133,297.2197569201164,92.40417312967305,9,1.9527466445388426e-18,True,9339.712659806475,1.0451736807768373,-0.13654850287357526,0.9669033815702424,0.9669033815702424,0.8303548786966671,0.7902039651081844,999999.7934171272,0.04015091358848283,-409.41286576253225,0.13231250103829217,1.0320151293493964,False,False,6.677733545010847,6.9063090193833725,False,0.9217213373686368,1.0490192017585194,-408.7614240396773,-2122.7555126790458,-407.896710982547,-2.6057668914195107,,-406.65928093329234,-2120.644222876642,0.8948740620349005,0.8946883314042826,0.6402182609186353,1.2294231673729954,0.9708726767567507
1000000.0,0.25,8.0,False,False,132.07761696133065,477.65737015013565,11.248961481707035,False,False,True,2.0,False,1133,297.2197569201164,66.01213812507052,9,1.1009148520313157e-20,True,5254.046390857549,1.0812967144356884,-0.14615032308117684,0.4719157671541557,0.4719157671541557,0.3257654440729788,0.2874897771007885,999999.7934171272,0.03827566697219035,-475.83306305805667,0.16989261427869032,0.8602511869140654,False,False,3.756269137684068,7.959617794370171,False,0.38885118920239364,1.2136153373277396,-474.9644740942502,-2451.8666014898085,-474.12927387399986,-3.474355855226014,,-473.0793487182321,-2449.9692974750537,0.387377707832337,0.39496067469606166,0.2247904889639633,0.5752651845183444,0.9962106805611703
1000000.0,0.25,10.0,False,False,132.07761696133065,477.65737015013565,11.248961481707035,False,False,True,2.5,False,1133,297.2197569201164,50.9745729050632,9,1.9832551241000366e-22,True,3362.9628205388326,1.1290397859547654,-0.15934135478359782,0.25129928436203747,0.25129928436203747,0.09195792957843965,0.05598342793867703,999999.7934171272,0.03597450163976262,-534.3635019800977,0.2181464348413651,0.7304329997392347,False,False,2.404040415471195,9.566443539917861,False,0.19909180887162556,1.2622281438212022,-533.2777657753396,-2741.7737098969747,-532.4800942807293,-4.3429448190325175,,-531.6096580168659,-2740.0904004821746,0.20179486229255075,0.19976630349225466,0.08961816484356515,0.30891417241274105,1.0135769192928883
1000000.0,0.25,12.0,False,False,132.07761696133065,477.65737015013565,11.248961481707035,False,False,True,3.0,False,1133,297.2197569201164,41.35079413368334,9,7.449399128819847e-24,True,2335.7055199313027,1.1894260107901675,-0.17684177939302645,0.09748166744169315,0.09748166744169315,-0.0793601119513333,-0.11268251744135502,999999.7934171272,0.03332240549002171,-587.287442695095,0.28010556689612903,0.6313397529103887,True,False,1.6694920682399692,17.12621574962846,False,0.1152151671710796,0.8460836349518592,-585.9845592493853,-3003.8362908239246,-585.2321441255393,-5.211533782839021,,-584.5334690328152,-3002.3669848279565,0.11794641902373633,0.11899986883777643,0.02318566592690755,0.1883686978959824,1.0237056623682295
1000000.0,0.25,14.0,False,False,132.07761696133065,477.65737015013565,11.248961481707035,False,False,True,3.5,False,1133,297.2197569201164,34.7052665333238,9,4.646052545248913e-25,True,1716.3005482838264,1.2637619135374374,-0.19963677176347566,0.05662328371234993,0.05662328371234993,-0.14301348805112574,-0.17341683528547325,999999.7934171272,0.030403347234347514,-635.9618633209601,0.35966266725035817,0.5550667053928903,True,True,1.2265799676032452,21.662112953998808,False,0.07255532393280814,0.7804152837190484,-634.4418326342987,-3244.801443851409,-633.7420731727688,-6.080122746645525,,-633.2077599060805,-3243.546150067988,0.07471082872905302,0.07549631825621517,0.018222858853693857,0.13555672962109788,1.029708430469431
1000000.0,0.25,16.0,False,False,132.07761696133065,477.65737015013565,11.248961481707035,False,False,True,4.0,False,1133,297.2197569201164,29.862988485398667,9,4.1998536542713215e-26,True,1314.2821087286106,1.3536737912113446,-0.22905409162656187,0.03948768290132022,0.03948768290132022,-0.18956640872524166,-0.21687280370562853,999999.7934171272,0.027306394980386874,-681.2712071459881,0.46181600618316565,0.4959856058685726,True,True,0.9391112852277678,23.7823851952673,False,0.048606398650299205,0.8123968036680937,-679.534029218375,-3469.0648272600106,-678.893967272422,-6.948711710452028,,-678.5169739393494,-3468.023554441911,0.04991226843029934,0.05080240650749241,0.0109185334735873,0.09984684609961354,1.0268662113684923
1000000.0,0.25,18.0,False,False,132.07761696133065,477.65737015013565,11.248961481707035,False,False,True,4.5,False,1133,297.2197569201164,26.108353981206605,8,7.182701796367035e-25,True,1038.659049329829,1.4611533007493396,-0.26687112103633626,0.031094121964931984,0.031094121964931984,-0.23577699907140426,-0.2598987217394647,999999.7934171272,0.024121722668060418,-723.8299715603009,0.5929834897724079,0.4500481474429645,True,True,0.7420225429966677,23.863756109065317,False,0.03413782730994951,0.9108406836386322,-721.8756463917363,-3679.679431804967,-721.3019479716941,-7.817300674258532,,-721.0756085327413,-3678.8521886553717,0.03487591617851471,0.035437589979242144,0.003446568911757861,0.06598128191392855,1.0216208507314724
1000000.0,0.25,20.0,False,False,132.07761696133065,477.65737015013565,11.248961481707035,False,False,True,5.0,False,1133,297.2197569201164,23.17634672653864,8,1.3309847251041043e-25,True,841.5071097718117,1.5886137323432645,-0.3154616988236997,0.029171667318688647,0.029171667318688647,-0.28629003150501103,-0.30722675907235575,999999.7934171272,0.020936727567344746,-764.0856633104479,0.7614058725439671,0.41431476982137866,True,True,0.6010452959705472,20.60373476100529,False,0.024886476108953195,1.1721895535139186,-761.9141909009317,-3878.867977726498,-761.4131375386821,-8.685889638065035,,-761.3311704400834,-3878.2547728939635,0.02478469170160266,0.0256272483260483,0.003996282603491744,0.05220399296141248,0.995910051430949
1000000.0,0.25,22.0,False,False,132.07761696133065,477.65737015013565,11.248961481707035,False,False,True,5.5,False,1133,297.2197569201164,20.83243976062077,8,2.89664445846174e-26,True,695.6366851491287,1.7389587829444775,-0.3779972060974673,0.02517433962041808,0.02517433962041808,-0.3528228664770492,-0.3706553347244006,999999.7934171272,0.0178324682473514,-802.3761734881213,0.9776644927617607,0.38663284684675403,True,True,0.4967374636164285,19.731896490883166,False,0.01869757784294004,1.3463957648355815,-799.9875538376534,-4068.308349005117,-799.5650424274882,-9.554478601871539,,-799.6215507585626,-4067.9091910805646,0.018350725256265972,0.01837363471991297,0.0015210639309757672,0.03968787911016448,0.9814493305182288
1000000.0,0.25,24.0,False,False,132.07761696133065,477.65737015013565,11.248961481707035,False,False,True,6.0,False,1133,297.2197569201164,18.91990732112277,8,7.199184440440176e-27,True,584.6900470369777,1.9156660607324674,-0.4587220570302812,0.02067094842617512,0.02067094842617512,-0.43805110860410607,-0.4529317141105922,999999.7934171272,0.014880605506486132,-838.964049233047,1.2553460576992292,0.3654148226434207,True,True,0.417402336696988,20.192703696577443,False,0.01440189589638495,1.4352935596044532,-836.3582823416275,-4249.304035036172,-836.0198319647249,-10.423067565678043,,-836.2092966321726,-4249.118932551064,0.014078979637207497,0.014015681317315424,0.0013803620099490477,0.03342282567932774,0.9775782118201182
1000000.0,0.25,26.0,False,False,132.07761696133065,477.65737015013565,11.248961481707035,False,False,True,6.5,False,1133,297.2197569201164,17.332544716623083,8,2.0002979113840784e-27,True,498.34730525467637,2.122888046464401,-0.56333170722768,0.015375290332156557,0.015375290332156557,-0.5479564168955234,-0.5600974078405021,999999.7934171272,0.012140990944978622,-874.0581075472236,1.6118962448245664,0.34948385110791746,True,True,0.3556605902806318,23.13195930595129,False,0.011327481160197175,1.3573441539839137,-871.2351934148525,-4422.891591617909,-870.9859576111197,-11.291656529484547,,-871.303225066305,-4422.920553043191,0.010910655131208754,0.010149217081398522,0.00039393838790999973,0.027969992423060395,0.9632022315381926
1000000.0,0.25,28.0,False,False,132.07761696133065,477.65737015013565,11.248961481707035,False,False,True,7.0,False,1133,297.2197569201164,15.995960649860956,8,6.111457952541361e-28,True,429.83684871025264,2.3655738293566433,-0.6994924427671316,0.010536120541214328,0.010536120541214328,-0.6889563222259173,-0.6986163243460567,999999.7934171272,0.00966000212013941,-907.8276756472582,2.0697157474182695,0.3379654639240521,True,True,0.30667011692248014,29.106549770655455,False,0.009069415491601018,1.161719909179549,-904.7876142739353,-4589.911425195897,-904.6323973007228,-12.16024549329105,,-905.0726632803184,-4590.154458941426,0.00852138100160682,0.0083155899064551,0.00047604674958816497,0.023083761585048622,0.9395733395937457
1000000.0,0.25,30.0,False,False,132.07761696133065,477.65737015013565,11.248961481707035,False,False,True,7.5,False,1133,297.2197569201164,14.8565750732603,8,2.0264613909093094e-28,True,374.5660002260037,2.649615645043352,-0.8775578833073122,0.007787381336300557,0.007787381336300557,-0.8697705019710117,-0.8772401749610043,999999.7934171272,0.00746967298999257,-940.4123174390159,2.657567625003924,0.33021093237693866,True,True,0.26714687094462675,34.30509684935199,False,0.007373770698949094,1.0560921479983654,-937.1551088247414,-4751.056130024033,-937.0983845966848,-13.028834457097554,,-937.6571751823438,-4751.513244438336,0.0067780958992910275,0.00659890663143106,0.00033928722334782544,0.018725656492575023,0.9192170703459817
1000000.0,0.25,32.0,False,False,132.07761696133065,477.65737015013565,11.248961481707035,False,False,True,8.0,False,1133,297.2197569201164,13.874867985941489,8,7.215789160511122e-29,True,329.33077226165113,2.982025097223648,-1.1115592100589633,0.0062774961917688755,0.0062774961917688755,-1.1052817138671944,-1.1108693311360966,999999.7934171272,0.00558761726890219,-971.9286807091784,3.4123843770715148,0.32574267351818553,True,True,0.23479980036979786,37.4034158200956,False,0.006075799831287401,1.033196676335984,-968.4543248539524,-4906.904510070883,-968.5002574554156,-13.897423420904056,,-969.1734085609569,-4907.5757134411515,0.00552271437685533,0.005001554879103154,0.00048513867504469134,0.015970380641696404,0.9089691119210427
1000000.0,0.25,34.0,False,False,132.07761696133065,477.65737015013565,11.248961481707035,False,False,True,8.5,False,1133,297.2197569201164,13.021084525128257,8,2.735431812488628e-29,True,291.8408487599428,3.371144974320063,-1.4205773047354273,0.005095143291079716,0.005095143291079716,-1.4154821614443476,-1.41949985540498,999999.7934171272,0.004017693960632404,-1002.4754429685859,4.381588271667991,0.3242151513689896,True,True,0.20799118239870074,40.8214588906341,False,0.005065433769377813,1.0058651485844128,-998.7839398724083,-5057.9461496162585,-998.936404744474,-14.76601238471056,,-999.720040928599,-5058.831450168507,0.0046394567067165205,0.004141139681125775,0.0001328403095242302,0.014776486250631188,0.9159051165101671
1000000.0,0.25,36.0,False,False,132.07761696133065,477.65737015013565,11.248961481707035,False,False,True,9.0,False,1133,297.2197569201164,12.272416521790829,8,1.0961087151228768e-29,True,260.4238667555295,3.826903815978791,-1.830649102094129,0.0036436031882325632,0.0036436031882325632,-1.8270054989058964,-1.8297568208334312,999999.7934171272,0.002751321927534924,-1032.1369640102812,5.626070706282613,0.325386792606401,True,True,0.18552516795755092,50.918049626459286,False,0.004267228413743689,0.8538570788705421,-1028.228313673152,-5204.599556240668,-1028.4909187800813,-15.634601348517064,,-1029.3814320796805,-5205.6989621400035,0.003978481922556288,0.0034571234520664983,0.00027029529777135395,0.013609200410206763,0.932333950004312
1000000.0,0.25,38.0,False,False,132.07761696133065,477.65737015013565,11.248961481707035,False,False,True,9.5,False,1133,297.2197569201164,11.611102322075407,8,4.61488808429971e-30,True,233.8356241288237,4.361121887861767,-2.377423015098373,0.002215718470785032,0.002215718470785032,-2.375207296627588,-2.3769766131786616,999999.7934171272,0.001769316551073368,-1060.9860359700995,7.224017782949229,0.329099828728243,True,True,0.16651206927914364,75.15037288114866,False,0.0036282951026320445,0.610677579444324,-1056.8602383920186,-5347.225819117593,-1057.2363448546798,-16.503190312323568,,-1058.2303741512171,-5348.539338468575,0.0034535431507936734,0.002905525031064584,9.09888211264506e-05,0.01236780097121947,0.9518363454748755
1000000.0,0.25,40.0,False,False,132.07761696133065,477.65737015013565,11.248961481707035,False,False,True,10.0,False,1133,297.2197569201164,11.023114950074747,8,2.031159055354153e-30,True,211.13496934195803,4.9878790431985625,-3.1098671686974257,0.0012041195128901937,0.0012041195128901937,-3.1086630491845355,-3.109707147421048,999999.7934171272,0.0010440982365123447,-1089.0859893458519,9.275822443911037,0.3352659225100678,True,True,0.15027889871958566,124.80397262135385,False,0.0031108095136191494,0.3870759387929568,-1084.7430445268194,-5486.1390673838,-1085.2357863662855,-17.37177927613007,,-1086.3301976420457,-5487.666708230862,0.003015894892558729,0.00262348281883867,9.023409109004683e-05,0.011117994689215847,0.9694887711237595
1000000.0,0.25,42.0,False,False,132.07761696133065,477.65737015013565,11.248961481707035,False,False,True,10.5,False,1133,297.2197569201164,10.497237227235603,8,9.30508238513959e-31,True,191.59935398558616,5.7239571544478345,-4.0954606882443185,0.0006566464266189539,0.0006566464266189539,-4.094804041817699,-4.095346152563242,999999.7934171272,0.0005421107455425157,-1116.492330259907,11.910391778664374,0.3438560850349779,True,True,0.13630898379245665,207.58353090308606,False,0.002687234219733635,0.24435771984328267,-1111.932238199923,-5621.6145997919575,-1112.5445409614795,-18.240368239936576,,-1113.7364086754337,-5623.356370119883,0.002646280545163555,0.002157408398934105,5.376359831720479e-05,0.009852512293892834,0.9847599162479631
1000000.0,0.25,44.0,False,False,132.07761696133065,477.65737015013565,11.248961481707035,False,False,True,11.0,False,1133,297.2197569201164,10.024397379899987,8,4.420497189231803e-31,True,174.66661657666236,6.5893724715020845,-5.4274786960236865,0.0003912967959508895,0.0003912967959508895,-5.4270873992277355,-5.427313686460847,999999.7934171272,0.0002262872331117905,-1143.254030512599,15.293245766513774,0.3548938386845088,True,True,0.12420033905728264,317.4069921923681,False,0.002337197230367505,0.1674213844115164,-1138.476791211663,-5753.895289680937,-1139.2113893390972,-19.108957203743078,,-1140.497979052507,-5755.8511974153525,0.0023380417790087563,0.0017970932963314503,0.00012563186948103095,0.008599565740297308,1.0003613510363087
1000000.0,0.25,46.0,False,False,132.07761696133065,477.65737015013565,11.248961481707035,False,False,True,11.5,False,1133,297.2197569201164,9.597183680073126,8,2.1706695212879034e-31,True,159.89408257690886,7.608016505659712,-7.235239393798827,0.00023969417744345437,0.00023969417744345437,-7.234999699621384,-7.235058112299562,999999.7934171272,5.841267817785856e-05,-1169.4145563939944,19.636916267855888,0.3684508960117304,True,True,0.11363642011649362,474.08919702816434,False,0.0020454077512084487,0.11718650098096113,-1164.4201698521072,-5883.196692429818,-1165.2796227573874,-19.977546167549583,,-1166.6583750640357,-5885.366745437731,0.0020777285014075184,0.0015930555806875665,2.3943430969734178e-05,0.007490607455629103,1.0158016171494286
1000000.0,0.25,48.0,False,False,132.07761696133065,477.65737015013565,11.248961481707035,False,False,True,12.0,False,1133,297.2197569201164,9.209484455348774,8,1.098662468953734e-31,True,146.9293348748307,8.808427974778652,-9.698550423357894,0.0001618704401178467,0.0001618704401178467,-9.698388552917775,-9.698389804543524,999999.7934171272,1.2516257482937451e-06,-1195.0126981440264,25.214299593295944,0.384644847558509,True,True,0.10436522268439402,644.7454063163905,False,0.0018002369870481188,0.08991618397046079,-1189.8011643611874,-6009.711162886724,-1190.7878711892495,-20.846135131356085,,-1192.256386950579,-6012.095368977064,0.001853438687205632,0.0013558007110012317,4.7933834553978045e-05,0.006544379800185577,1.0295526092066074
1000000.0,0.25,50.0,False,False,132.07761696133065,477.65737015013565,11.248961481707035,False,False,True,12.5,False,1133,297.2197569201164,8.856217384630606,8,5.717538379363186e-32,True,135.48899845964152,10.224723125422361,-13.068120373943353,0.00013211092244895225,0.00013211092244895225,-13.067988263020904,-13.068008600706305,999999.7934171272,2.0337685400706597e-05,-1220.0832453347216,32.375801541771374,0.40363851245760873,True,True,0.09618411228403018,728.0557163711863,True,0.0015927344709730045,0.08294598054893948,-1214.654564310931,-6133.611207684092,-1215.7707774371552,-21.71472409516259,,-1217.3268042847246,-6136.2095746082705,0.0016621355878092107,0.001140844713836005,5.3198738952052856e-05,0.0059856602814678545,1.043573563642287
1000000.0,0.25,52.0,False,False,132.07761696133065,477.65737015013565,11.248961481707035,False,False,True,13.0,False,1133,297.2197569201164,8.533123365108828,8,3.052676122812967e-32,True,125.34312297533067,11.897717556352049,-17.69446038134097,0.00014961918408007633,0.00014961918408007633,-17.694310762156892,-17.694396115694307,999999.7934171272,8.535353741765584e-05,-1244.6575417763286,41.57135206527261,0.42564072377435036,True,True,0.08892865676861744,594.3666737349854,True,0.001415935145024647,0.10566810535483384,-1239.0117135115863,-6255.052239351303,-1240.2595508343113,-22.583313058969093,,-1241.900970877227,-6257.864774803786,0.0014998792337584947,0.0010548139865608768,5.97809473656993e-06,0.005647811536367773,1.0592852638970174
1000000.0,0.25,54.0,False,False,132.07761696133065,477.65737015013565,11.248961481707035,False,False,True,13.5,False,1133,297.2197569201164,8.236607735798284,8,1.668933913885156e-32,True,116.30353658444932,13.876279728853373,-24.068892389173378,0.000204736223967334,0.000204736223967334,-24.06868765294941,-24.068858717522286,999999.7934171272,0.0001710645728767983,-1268.7639452174562,53.37867265788447,0.45090840949598254,True,True,0.08246429857400146,402.7831371314085,True,0.0012643639744425745,0.16192823277616475,-1262.9009697117622,-6374.174857737765,-1264.2824258169796,-23.451902022775595,,-1266.0072444771524,-6377.2015693566445,0.001357610983234156,0.0010017559784633854,4.171631602872981e-05,0.005349629687879015,1.0737501310354018
1000000.0,0.25,56.0,False,False,132.07761696133065,477.65737015013565,11.248961481707035,False,False,True,14.0,False,1133,297.2197569201164,7.963616681202736,8,9.326870209316719e-33,True,108.21505759376822,16.21896493708543,-32.88185295380083,0.0002899811281770576,0.0002899811281770576,-32.881562972672654,-32.88182077573926,999999.7934171272,0.00025780306660150645,-1292.4282110741617,68.53957240177866,0.47974989924138367,True,True,0.07668007044915869,264.43124396129366,True,0.0011336769364501272,0.2557881516802071,-1286.348088327516,-6491.1067542753435,-1287.8650446103784,-24.3204909865821,,-1289.671380500972,-6494.347649642921,0.001230713440165982,0.0008226096311530022,3.158684779210626e-05,0.005098631571712556,1.0855944939831839
1000000.0,0.25,58.0,False,False,132.07761696133065,477.65737015013565,11.248961481707035,False,False,True,14.5,False,1133,297.2197569201164,7.705297466890216,7,1.404305576817946e-29,True,100.94878963340551,18.99598896045795,-45.10594957323004,0.00037790858340164247,0.00037790858340164247,-45.10557166464664,-45.10590319517099,999999.7934171272,0.0003315305243455287,-1315.6738149922005,88.00655301279347,0.5125294427413037,True,True,0.0714838010590986,189.1563309191244,True,0.0010203975607426788,0.3703542598892418,-1309.3765450046035,-6605.964312598142,-1311.0307788346502,-25.189079950388603,,-1312.916854594818,-6609.419399241498,0.0011183809913653058,0.0007087031078353962,1.5307281402587563e-05,0.004859702572881492,1.0960247597527688
1000000.0,0.25,60.0,False,False,132.07761696133065,477.65737015013565,11.248961481707035,False,False,True,15.0,False,1133,297.2197569201164,7.464369555227225,7,8.73657262743111e-30,True,94.39695439402342,22.2916133386534,-62.11450315500377,0.00043028244937709303,0.00043028244937709303,-62.11407287255439,-62.11445640410419,999999.7934171272,0.0003835315497979028,-1338.522225753415,113.00265090350395,0.5496729736724941,True,True,0.06679842004018677,155.24318999505752,True,0.0009217213373686367,0.4668248763834402,-1332.0078085248663,-6718.853962678942,-1333.801001540579,-26.05766891419511,,-1335.7651355408784,-6722.523248070522,0.0010185171505416358,0.000687162522870076,1.4057250136911385e-05,0.00460767045274745,1.1050163528266963
1000000.0,0.25,62.0,False,False,132.07761696133065,477.65737015013565,11.248961481707035,False,False,True,15.5,False,1133,297.2197569201164,7.241026170037579,7,5.520520279782435e-30,True,88.46887177139823,26.207029697698886,-85.85105069700892,0.0004422024175278364,0.0004422024175278364,-85.85060849459138,-85.85101830637491,999999.7934171272,0.00040981178352343894,-1360.9931375614558,145.09827591319106,0.5916751950131482,True,True,0.06255908352609298,141.47159998770226,True,0.0008353689405845118,0.5293498429788701,-1354.2615730919554,-6829.873333344541,-1356.195318706643,-26.92625787800161,,-1358.235917543119,-6833.756824902732,0.000928894725643989,0.0005761434972612559,1.2194004179298077e-05,0.004339739361943364,1.1119574603695903
1000000.0,0.25,64.0,False,False,132.07761696133065,477.65737015013565,11.248961481707035,False,False,True,16.0,False,1133,297.2197569201164,7.033476704608107,7,3.539558476087698e-30,True,83.087805209756,30.863849422894766,-119.0721501498902,0.00042665070461507374,0.00042665070461507374,-119.0717234991856,-119.07213378352556,999999.7934171272,0.00041028433996959985,-1383.104668861052,186.30987419010802,0.6391081023885542,True,True,0.05871091834761737,137.60886297044004,True,0.0007594749789109251,0.5617705868689499,-1376.1559571506,-6939.112238690177,-1378.2317673465868,-27.794846841808113,,-1380.3473190465595,-6943.209943779878,0.0008491371104501287,0.0005131278368079378,1.6763296294698068e-05,0.004066674433063493,1.118058045398385
1000000.0,0.25,66.0,False,False,132.07761696133065,477.65737015013565,11.248961481707035,False,False,True,16.5,False,1133,297.2197569201164,6.840161412677193,7,2.300693119449857e-30,True,78.18846578702357,36.408327967846176,-165.69579317678125,0.0003996533455861295,0.0003996533455861295,-165.69539352343565,-165.69578135695483,999999.7934171272,0.00038783351916062435,-1404.873533401952,239.22661383999414,0.6926311020211416,True,True,0.05520723727673003,138.1378083943308,True,0.0006925028830718534,0.577114341839732,-1397.7076744505482,-7046.653526746524,-1399.9269859328765,-28.66343580561462,,-1402.1160538012152,-7050.965452679718,0.0007786462027794949,0.0004598260951787628,2.549873177397715e-06,0.0037981839604263384,1.1243941676105678
1000000.0,0.25,68.0,False,False,132.07761696133065,477.65737015013565,11.248961481707035,False,False,True,17.0,False,1133,297.2197569201164,6.659715754313456,7,1.5147957445068844e-30,True,73.71502239979891,43.01648112132034,-231.30220600761365,0.00036157790613473417,0.00036157790613473417,-231.3018444297075,-231.30219177152156,999999.7934171272,0.00034734181405340274,-1426.3151881413507,307.1730525186959,0.7530029216789308,True,True,0.052008116165924045,143.83654333830992,True,0.0006331792211722266,0.571051440167813,-1418.9321819489953,-7152.57381320435,-1421.2963617237995,-29.53202476942112,,-1423.557578764528,-7157.099967240673,0.000715897536676821,0.00039895175342747485,8.530015157730703e-06,0.003544929861146335,1.1306396557856955
1000000.0,0.25,70.0,False,False,132.07761696133065,477.65737015013565,11.248961481707035,False,False,True,17.5,False,1133,297.2197569201164,6.490941106014676,7,1.0095116989563454e-30,True,69.61950407437142,50.90028474226487,-323.85487335545525,0.00030904235908716515,0.00030904235908716515,-323.85456431309615,-323.8548590704113,999999.7934171272,0.000294757315115626,-1447.4439617062017,394.418006755564,0.8210955580335878,True,True,0.049079251484362596,158.81075859416356,True,0.0005804425914624652,0.5324253658032082,-1439.8438082728946,-7256.944118669886,-1442.3541587095801,-30.400613733227626,,-1444.6862225636798,-7261.684508017188,0.000659734218543989,0.0003507551649996943,1.4827315875153984e-05,0.003311082230215668,1.1366054597781032
1000000.0,0.25,72.0,False,False,132.07761696133065,477.65737015013565,11.248961481707035,False,False,True,18.0,False,1133,297.2197569201164,6.3327805543836115,7,6.805092418898891e-31,True,65.86050851303952,60.31519118531445,-454.7402859651292,0.0002481545945716936,0.0002481545945716936,-454.74003781053466,-454.7402740754115,999999.7934171272,0.0002362648768364002,-1468.2731664501523,506.4427454734615,0.8979105536204356,True,True,0.046391036833335904,186.94409794590047,True,0.0005334035517179611,0.46522861306875235,-1460.455865775894,-7359.830424514519,-1463.1136292064512,-31.269202697034128,,-1465.51529755253,-7364.7850563294205,0.0006094484153298267,0.0003025869285725455,5.725560598062367e-06,0.0030931824077176013,1.1425653491937648
1000000.0,0.25,74.0,False,False,132.07761696133065,477.65737015013565,11.248961481707035,False,False,True,18.5,False,1133,297.2197569201164,6.184298777972125,7,4.637137373149589e-31,True,62.4021515847834,71.56924654839972,-640.2696314382031,0.00018688777185485353,0.00018688777185485353,-640.2694445504312,-640.2696221578925,999999.7934171272,0.0001776074613060032,-1488.8151965953498,650.2853572850452,0.9845979526762559,True,True,0.04391781175370489,234.99564106213262,True,0.0004913129747291018,0.3803843608199009,-1480.7807486801396,-7461.294159679071,-1483.5871115834761,-32.137791660840634,,-1486.0571979534222,-7466.463041067513,0.0005641361888347902,0.0002517079122426828,9.107032599180767e-07,0.0028840093342791836,1.1482216384491806
1000000.0,0.25,76.0,False,False,132.07761696133065,477.65737015013565,11.248961481707035,False,False,True,19.0,False,1133,297.2197569201164,6.04466523777867,7,3.192337545219459e-31,True,59.21320772238986,85.03415503062786,-903.8509402216066,0.00013145340905360047,0.00013145340905360047,-903.8508087681976,-903.8509323538166,999999.7934171272,0.00012358561898796814,-1509.081614514591,834.9829268538671,1.082478349140895,True,True,0.04163724704490063,316.7452814245611,True,0.00045353688782900556,0.2898406118250774,-1500.8300193584291,-7561.3926286343985,-1503.7861161725584,-33.006380624647136,,-1506.3234861393378,-7566.775766652186,0.0005230572698033083,0.00024239536654829891,8.056646860365897e-06,0.00267742060362253,1.1532849561743115
1000000.0,0.25,78.0,False,False,132.07761696133065,477.65737015013565,11.248961481707035,False,False,True,19.5,False,1133,297.2197569201164,5.913140061634234,7,2.219114538033589e-31,True,56.26640258225172,101.15871260369511,-1279.135641954623,8.386314870606445e-05,8.386314870606445e-05,-1279.1355580914742,-1279.1356358362386,999999.7934171272,7.774476442756117e-05,-1529.0832268598076,1072.1393005806865,1.19306851382262,True,True,0.039529838962579354,471.361254287377,True,0.00041953633926656203,0.19989483831764113,-1520.6144844626942,-7660.179388965081,-1523.7214010630203,-33.87496958845364,,-1526.3249687623784,-7665.776790618427,0.00048597407662685066,0.00025821827252326627,2.7816079427854435e-06,0.0024746208964154847,1.1583599110304386
1000000.0,0.25,80.0,False,False,132.07761696133065,477.65737015013565,11.248961481707035,False,False,True,20.0,False,1133,297.2197569201164,5.7890621344058495,7,1.5568594106696625e-31,True,53.53782790563026,120.48512495095821,-1814.5831668060016,4.653801273804282e-05,4.653801273804282e-05,-1814.5831202679888,-1814.5831625112178,999999.7934171272,4.224322892910367e-05,-1548.8301519602167,1376.6541121754199,1.3181111731388768,True,True,0.03757849079912398,807.4794901675117,True,0.00038885118920239367,0.11968077771216533,-1540.1442623221517,-7757.7045856398345,-1543.403039199928,-34.74355855226014,,-1546.0717641519216,-7763.5162578858935,0.0004525636254989791,0.00022206453662650374,5.499885634332012e-07,0.0022782010597882296,1.163847862796232
1000000.0,0.25,82.0,False,False,132.07761696133065,477.65737015013565,11.248961481707035,False,False,True,20.5,False,1133,297.2197569201164,5.6718390040866264,7,1.101844574662161e-31,True,51.00645503590705,143.66883798678333,-2580.091876059075,2.1703688689297707e-05,2.1703688689297707e-05,-2580.091854355386,-2580.091872235592,999999.7934171272,1.7880205780840174e-05,-1568.3318796835183,1767.658870020936,1.459609611230314,True,True,0.03576816501036188,1648.0223948291105,True,0.00036108698522878646,0.060106538250184076,-1559.4288428045018,-7854.015247890776,-1562.8404779757964,-35.61214751606665,,-1565.573362175817,-7860.04119763817,0.00042230066345874494,0.00019776355734523994,4.064215018672774e-06,0.002091263580083238,1.169526127315758
1000000.0,0.25,84.0,False,False,132.07761696133065,477.65737015013565,11.248961481707035,False,False,True,21.0,False,1133,297.2197569201164,5.560938290387156,7,7.863381060301518e-32,True,48.65372852986229,171.50264785945086,-3676.6447778503507,8.416422214484673e-06,8.416422214484673e-06,-3676.6447694339286,-3676.6447736863934,999999.7934171272,4.252464850569996e-06,-1587.597324765383,2269.7189171404148,1.6198678832366173,True,True,0.034085592615407764,4049.8910043683904,True,0.0003359042774667044,0.025056013808335408,-1578.4771406454147,-7949.155553689872,-1582.0425923175812,-36.48073647987315,,-1584.8386775698755,-7955.395787799212,0.0003948315073297557,0.00014437267254514605,1.5578727872292656e-06,0.0019170434553445095,1.1754286379067986
1000000.0,0.25,86.0,False,False,132.07761696133065,477.65737015013565,11.248961481707035,False,False,True,21.5,False,1133,297.2197569201164,5.455880342536865,7,5.656477510392737e-32,True,46.46322513952328,204.94602683529246,-5250.359239446552,4.1515341320734485e-06,4.1515341320734485e-06,-5250.359235295018,-5250.35923529754,999999.7934171272,2.522198107326229e-09,-1606.6348744577654,2914.3767783452704,1.8015375631793258,True,True,0.032519029341329136,7833.015051013873,True,0.00031300987471484515,0.013263268885224576,-1597.2975430968456,-8043.167066043012,-1601.017732116513,-37.34932544367965,,-1603.876097586183,-8049.621591327408,0.00036999017968507465,0.0001403320421989645,5.779194087246754e-07,0.0017561181164168897,1.1820399596726432
1000000.0,0.25,88.0,False,False,132.07761696133065,477.65737015013565,11.248961481707035,False,False,True,22.0,False,1133,297.2197569201164,5.356231940474002,7,4.099888315735475e-32,True,44.42036641750119,245.16080881741755,-7512.977772501295,6.35804480323728e-06,6.35804480323728e-06,-7512.97776614325,-7512.977769262082,999999.7934171272,3.1188318265295783e-06,-1625.4524312187036,3742.1338571998635,2.007672108801327,True,True,0.03105805011263913,4884.842915360635,True,0.00029214965379593813,0.021762972232300754,-1615.897952616832,-8136.0889446874335,-1619.773764720793,-38.217914407486155,,-1622.693524682902,-8142.7577679130145,0.0003476447817653889,0.0001236964743458979,3.6280185283183714e-06,0.0016058821492963454,1.189954453987521
1000000.0,0.25,90.0,False,False,132.07761696133065,477.65737015013565,11.248961481707035,False,False,True,22.5,False,1133,297.2197569201164,5.261600871322224,7,2.993224957543487e-32,True,42.512175521287176,293.55463200674535,-10771.79024657696,1.3475610182363574e-05,1.3475610182363574e-05,-10771.79023310135,-10771.79024435154,999999.7934171272,1.1250189426522312e-05,-1644.057451060077,4804.99498529236,2.2417901120705435,True,True,0.029693375146405382,2203.4902126559787,True,0.0002731026184795961,0.04934266195389978,-1634.285825217254,-8227.958136251284,-1638.318113105287,-39.08650337129266,,-1641.298414872028,-8234.841264137687,0.0003276060000232593,0.0001224014097996785,2.359962013800757e-06,0.0014639289194928761,1.1995710690988313
1000000.0,0.25,92.0,False,False,132.07761696133065,477.65737015013565,11.248961481707035,False,False,True,23.0,False,1133,297.2197569201164,5.171631243190834,7,2.2004421713027525e-32,True,40.72707061529742,351.8338468448394,-15473.381973204738,2.367633597815095e-05,2.367633597815095e-05,-15473.381949528402,-15473.381971529683,999999.7934171272,2.2001280547218955e-05,-1662.4569780812049,6169.735688172531,2.5079489228148666,True,True,0.028416722217560666,1200.2162092894885,True,0.0002556759689010561,0.09260289920838607,-1652.4682049974301,-8318.80954549439,-1656.6577902440174,-39.95509233509917,,-1659.6978122529902,-8325.90698471527,0.00030960364288302897,0.00011609169419479979,2.933321149931389e-07,0.0013294789097271474,1.210921950208165
1000000.0,0.25,94.0,False,False,132.07761696133065,477.65737015013565,11.248961481707035,False,False,True,23.5,False,1133,297.2197569201164,5.085999422546607,7,1.6283758156655099e-32,True,39.0546887090941,422.0679777521548,-22267.672230474178,3.464970049507131e-05,3.464970049507131e-05,-22267.672195824478,-22267.67222900782,999999.7934171272,3.3183342700703004e-05,-1680.6576756419697,7922.0974378589635,2.8108303899493907,True,True,0.027220680688441815,785.5964207342506,True,0.00023970099215928257,0.14455384678610927,-1670.4517553172432,-8408.676189881115,-1674.7994301373174,-40.82368129890567,,-1677.8983801857744,-8415.987947064614,0.00029323584336865755,0.00011138037210801116,7.971470556089722e-07,0.0012023133841052567,1.2233401319165202
1000000.0,0.25,96.0,False,False,132.07761696133065,477.65737015013565,11.248961481707035,False,False,True,24.0,False,1133,297.2197569201164,5.00441050095259,7,1.2126972209790689e-32,True,37.48573491314376,506.7682930902382,-32101.762860199196,4.450203993939946e-05,4.450203993939946e-05,-32101.762815697155,-32101.762858699465,999999.7934171272,4.300230924828942e-05,-1698.6658545667015,10172.174463687745,3.155840766867978,True,True,0.026098603713861045,586.4585926712742,True,0.00022502962338101485,0.19776080709182745,-1688.2427870010233,-8497.589339426306,-1692.749315883255,-41.69227026271217,,-1695.9064294948091,-8505.115421155559,0.0002780699908246355,8.86758864943704e-05,5.55390334776203e-07,0.001088158932415394,1.2357039337608184
1000000.0,0.25,98.0,False,False,132.07761696133065,477.65737015013565,11.248961481707035,False,False,True,24.5,False,1133,297.2197569201164,4.926595212828342,7,9.086353632188023e-33,True,36.01185300561039,608.9836086380901,-46357.62944873382,5.1806312305060846e-05,5.1806312305060846e-05,-46357.62939692751,-46357.62944710312,999999.7934171272,5.017561774961411e-05,-1716.4874987173628,13061.33055435706,3.5492271829281297,True,True,0.025044515685255377,483.4259489033122,True,0.00021153155665541734,0.24491056145089868,-1705.847283910733,-8585.578643493789,-1710.5134051304392,-42.56085922651867,,-1713.7279440421487,-8593.319056307384,0.00026377592353626705,8.942448215221638e-05,4.7328707846646397e-07,0.0010235919366611407,1.2469814324959336
1000000.0,0.25,100.0,False,False,132.07761696133065,477.65737015013565,11.248961481707035,False,False,True,25.0,True,1133,297.2197569201164,4.8523072388122035,7,6.847936805241792e-33,True,34.62551393526756,732.4171495243579,-67054.36011467321,5.55524424880592e-05,5.55524424880592e-05,-67054.36005912077,-67054.360113098,999999.7934171272,5.3977228118002706e-05,-1734.128288229857,16771.080407554655,3.9982135011688387,True,True,0.024053032500596414,432.9788470734932,True,0.00019909180887162556,0.27902927198717364,-1723.2709261822756,-8672.672246005079,-1728.0973532047642,-43.42944819032518,,-1731.368603963785,-8680.626996397537,0.00025015575439341737,9.303982440588198e-05,7.432446959592471e-07,0.0009609968066909378,1.2564844119464396
1000000.0,0.25,102.0,False,False,132.07761696133065,477.65737015013565,11.248961481707035,False,False,True,25.5,True,1133,297.2197569201164,4.781320839888702,7,5.1899406016245095e-33,True,33.31991947520047,881.5691533001784,-97145.52150629918,5.532897418851465e-05,5.532897418851465e-05,-97145.5214509702,-97145.52150518779,999999.7934171272,5.421758552057075e-05,-1751.5936206692909,21534.49350861398,4.511158874827501,True,True,0.023119292668339324,417.8514604223133,True,0.00018760865812510416,0.2949169550139808,-1740.519111380758,-8758.896890327318,-1745.506534164799,-44.298037154131684,,-1748.8338068249068,-8767.06598474955,0.00023713126495659713,8.855820545452262e-05,6.109010177085087e-07,0.0009003372629785238,1.263967597905154
1000000.0,0.25,104.0,False,False,132.07761696133065,477.65737015013565,11.248961481707035,False,False,True,26.0,True,1133,297.2197569201164,4.713428776144665,7,3.954604800597863e-33,True,32.08891871929408,1061.9109486916723,-140956.85786890594,5.170815607655693e-05,5.170815607655693e-05,-140956.85781719777,-140956.85786836853,999999.7934171272,5.117075681729016e-05,-1768.8886303275485,27650.83700055753,5.097742895307791,True,True,0.022238897595012172,430.0849088891546,True,0.00017699189312808086,0.2921498559210174,-1757.596973798064,-8844.278014948488,-1762.7460600081913,-45.166626117938186,,-1766.1286869174776,-8852.66145980826,0.00022475756120900742,9.116242105735106e-05,5.24673596973823e-07,0.0008412914956329451,1.2698748922153218
1000000.0,0.25,106.0,False,False,132.07761696133065,477.65737015013565,11.248961481707035,False,False,True,26.5,True,1133,297.2197569201164,4.648440471199983,7,3.028954657684176e-33,True,30.926935501641598,1280.0975348236375,-204831.21233269424,4.585299092207642e-05,4.585299092207642e-05,-204831.21228684124,-204831.21233230573,999999.7934171272,4.5464469558555264e-05,-1786.0182058587568,35504.3775014057,5.76918190790937,True,True,0.021407859683593475,466.8803332802098,True,0.0001671613218223983,0.274303830707879,-1774.5094020883207,-8928.839840909992,-1779.8207982237839,-46.03521508174469,,-1783.2581328956985,-8937.437642572375,0.00021314301623075917,7.276570231352896e-05,1.3742254547131128e-07,0.0007863006126957372,1.275073766509303
1000000.0,0.25,108.0,False,False,132.07761696133065,477.65737015013565,11.248961481707035,False,False,True,27.0,True,1133,297.2197569201164,4.58618038931113,7,2.331564072796236e-33,True,29.82890513595154,1544.22726882293,-298079.7322220407,3.8630680615812714e-05,3.8630680615812714e-05,-298079.73218341003,-298079.73222136026,999999.7934171272,3.795021850963631e-05,-1802.987006424333,45588.52311548133,6.538481877707864,True,True,0.020622557096464388,533.8388236427537,True,0.0001580454968053218,0.24442759456409843,-1791.2610554129453,-9012.605451848282,-1796.7353878603521,-46.90380404555119,,-1800.226803921059,-9021.417616636096,0.00020232943891239586,6.601642237596966e-05,2.3343793716856875e-07,0.0007415643032751919,1.280197430500803
1000000.0,0.25,110.0,False,False,132.07761696133065,477.65737015013565,11.248961481707035,False,False,True,27.5,True,1133,297.2197569201164,4.526486597096857,7,1.8033805607170545e-33,True,28.79021913188746,1864.1592126911469,-434386.1962826596,3.0488929186360294e-05,3.0488929186360294e-05,-434386.19625217066,-434386.1962817408,999999.7934171272,2.95701134599425e-05,-1819.799476498742,58536.82238953465,7.42073413879603,True,True,0.019879694222537908,652.0299253878488,True,0.0001495806227435203,0.20382940401737995,-1807.8563782464028,-9095.596867395068,-1813.4942542623999,-47.7723930093577,,-1817.0391444680895,-9104.623401589324,0.0001922532490217578,6.85248243433336e-05,4.017895786290866e-07,0.0007195578105886403,1.2852817797891274
1000000.0,0.25,112.0,False,False,132.07761696133065,477.65737015013565,11.248961481707035,False,False,True,28.0,True,1133,297.2197569201164,4.469209485968934,7,1.4013212332776034e-33,True,27.80667675915304,2251.9010756182643,-633882.3067963369,2.1990005890183507e-05,2.1990005890183507e-05,-633882.3067743469,-633882.306795582,999999.7934171272,2.123503122050305e-05,-1836.4598594692877,75162.76776029855,8.433461482124367,True,True,0.019176267041106875,872.0446523239584,True,0.0001417096170562659,0.1551765246917036,-1824.2996139759969,-9177.835110597503,-1830.1016226057181,-48.6409819731642,,-1833.6993979241593,-9187.076020437838,0.0001827874879171929,6.723643695116888e-05,1.5381404710578382e-07,0.0006984284365838294,1.2898735577319147
1000000.0,0.25,114.0,False,False,132.07761696133065,477.65737015013565,11.248961481707035,False,False,True,28.5,True,1133,297.2197569201164,4.4142106348135055,7,1.0937728633808079e-33,True,26.874442506828508,2722.083616945244,-926217.4022052129,1.4094106946975194e-05,1.4094106946975194e-05,-926217.4021911188,-926217.402204844,999999.7934171272,1.3725332300670204e-05,-1852.9722101478865,96510.90419282128,9.597023361782027,True,True,0.01850953270130137,1313.2816978711653,True,0.00013438130009748312,0.10488145997062852,-1840.5948174136438,-9259.340269943219,-1846.5615303501058,-49.509570936970704,,-1850.211619101245,-9268.79556162832,0.00017382350244480083,6.2171206968514e-05,1.882880466723158e-07,0.0006765134619240433,1.2935096052702681
1000000.0,0.25,116.0,False,False,132.07761696133065,477.65737015013565,11.248961481707035,False,False,True,29.0,True,1133,297.2197569201164,4.361361795379079,7,8.57409430488662e-34,True,25.990008631962922,3292.540972659138,-1355103.2570798977,7.768551304006254e-06,7.768551304006254e-06,-1355103.257072129,-1355103.2570797505,999999.7934171272,7.6214012786462135e-06,-1869.3404062993397,123922.45397109805,10.935090563942053,True,True,0.017876982740803835,2301.199031997722,True,0.00012754969509283485,0.06090607506628728,-1856.7458663241455,-9340.13155650869,-1862.8778387132832,-50.378159900777206,,-1866.5796857642074,-9349.801236196723,0.00016530043531640654,4.703245412611788e-05,1.6631297643743027e-07,0.0006536919203831784,1.2959688786091998
1000000.0,0.25,118.0,False,False,132.07761696133065,477.65737015013565,11.248961481707035,False,False,True,29.5,True,1133,297.2197569201164,4.310543985281258,7,6.7492737595286e-34,True,25.150162113310632,3985.0207883806943,-1985048.8354782863,3.474929571677466e-06,3.474929571677466e-06,-1985048.8354748113,-1985048.8354780783,999999.7934171272,3.2670699069022327e-06,-1885.56815927899,159119.58059720663,12.475201530999598,True,True,0.017276319454626543,4971.703482982154,True,0.00012117342137683596,0.02867732488027072,-1872.756472062844,-9420.227356691536,-1879.054243258436,-51.24674886458371,,-1882.8073092684438,-9430.111430500561,0.00015718321279694706,5.1800584801840503e-05,2.532717596194427e-07,0.0006302186982176769,1.297175659570795
1000000.0,0.25,120.0,False,False,132.07761696133065,477.65737015013565,11.248961481707035,False,False,True,30.0,True,1133,297.2197569201164,4.261646675610104,7,5.334242337775077e-34,True,24.351955427843595,4826.053473639366,-2911349.016303323,1.1429916957606413e-06,1.1429916957606413e-06,-2911349.01630218,-2911349.016302945,999999.7934171272,7.650412446118146e-07,-1901.659023862432,204313.58577950692,14.24941471804631,True,True,0.01670543499751022,14615.534880498883,True,0.00011521516717107959,0.00992049678722808,-1888.6301894053345,-9499.645280936807,-1895.0942836776812,-52.11533782839022,,-1898.8980443896019,-9509.743754945186,0.00014945479881470076,4.5368092268640445e-05,2.936612516457408e-07,0.0006064774040472185,1.2971798981359786
1000000.0,0.25,132.07761696133065,True,False,132.07761696133065,477.65737015013565,11.248961481707035,True,False,True,33.01940424033266,True,1133,297.2197569201164,4.001801479534286,7,1.393257737276698e-34,True,20.276910721862322,15522.826471249566,-30119767.70706578,9.659251528370025e-06,9.659251528370025e-06,-30119767.70705612,-30119767.707065564,999999.7934171272,9.441436700625067e-06,-1996.1038883574238,924597.1405774815,32.57609869770275,True,True,0.013790888634695596,1427.7388464510536,True,8.641034100715659e-05,0.11178351359092584,-1981.7637433001144,-9965.74202955672,-1989.242594918243,-57.360580229237236,,-1993.342127368435,-9977.135352281699,,,,,
1000000.0,0.25,477.65737015013565,False,True,132.07761696133065,477.65737015013565,11.248961481707035,True,True,True,119.41434253753391,True,319,83.74203456219536,2.369432917942216,6,7.867039372492767e-32,True,2.474852795686478,1.8979077938344506e+20,-4.502567492371939e+39,2.5519167679409898e-09,2.5519167679409898e-09,-4.502567492371939e+39,-4.502567492371939e+39,999999.7934171272,2.5517648545567186e-09,-3815.3554051056026,5.325679529726308e+24,845444692501678.0,True,True,0.0010565133901751652,414007.7777801552,True,1.826854430730333e-06,0.0013968911397723102,-3763.4944150814467,-18930.13426068267,-3803.147875312954,-207.44396009662293,,-3812.5715005643997,-18978.645003790763,,,,,
