2
5
11
17
29
37
53
67
83
101
127
149
173
197
227
257
293
331
367
401
443
487
541
577
631
677
733
787
853
907
967
1031
1091
1163
1229
1297
1373
1447
1523
1601
1693
1777
1861
1949
2027
2129
2213
2309
2411
2503
2609
2707
2819
2917
3037
3137
3251
3371
3491
3607
3727
3847
3989
4099
4229
4357
4493
4637
4783
4903
5051
5189
5333
5477
5639
5779
5939
6089
6247
6421
6563
6733
6899
7057
7229
7411
7573
7753
7927
8101
8287
8467
8663
8837
9029
9221
9413
9613
9803
10007
10211
10427
10613
10831
11027
11239
11467
11677
11887
12101
12323
12547
12781
13001
13229
13457
13691
13931
14173
14401
14653
14887
15131
15377
15629
15877
16139
16411
16649
16901
17167
17431
17707
17957
18229
18503
18773
19051
19333
19603
19889
20173
20477
20743
21031
21317
21611
21911
22229
22501
22807
23117
23417
23719
24029
24337
24659
24967
25301
25601
25931
26249
26573
26903
27239
27581
27893
28229
28571
28901
29243
29587
29947
30293
30631
30977
31333
31687
32051
32401
32771
33149
33493
33857
34231
34603
34981
35353
35729
36107
36493
36871
37253
37643
38039
38431
38821
39209
39607
40009
40423
40813
41213
41617
42043
42437
42853
43271
43691
44101
44531
44953
45377
45817
46229
46663
47093
47527
47963
48407
48847
49297
49739
50177
50627
51109
51539
51991
52453
52901
53377
53831
54293
54767
55229
55697
56171
56659
57131
57601
58099
58567
59051
59539
60029
60521
61027
61507
62003
62501
63029
63521
64013
64553
65027
65537
66067
66569
67103
67601
68141
68659
69191
69697
70229
70769
71293
71837
72367
72901
73453
73999
74531
75079
75629
76207
76733
77291
77849
78401
78977
79531
80107
80657
81233
81799
82373
82963
83537
84121
84691
85297
85853
86441
87037
87623
88211
88807
89413
90001
90617
91229
91811
92419
93047
93637
94253
94873
95483
96137
96731
97367
97973
98597
99233
99859
100493
101141
101771
102407
103043
103687
104347
104987
105649
106277
106937
107599
108247
108907
109567
110233
110899
111577
112237
112901
113591
114259
114941
115601
116293
116969
117659
118343
119027
119723
120413
121123
121843
122501
123203
123911
124633
125329
126031
126739
127453
128173
128903
129607
130337
131059
131771
132499
133241
133963
134699
135427
136163
136943
137653
138389
139133
139883
140627
141397
142151
142897
143651
144407
145177
145931
146701
147457
148229
148997
149771
150551
151337
152111
152897
153689
154459
155251
156041
156817
157627
158407
159209
160001
160807
161611
162413
163223
164039
164837
165653
166471
167309
168109
168937
169751
170579
171401
172243
173059
173891
174737
175573
176401
177257
178091
178931
179779
180629
181499
182333
183191
184043
184901
185767
186629
187507
188359
189229
190097
190979
191861
192737
193601
194483
195389
196271
197137
198031
198929
199811
200713
201611
202519
203417
204311
205211
206123
207029
207941
208877
209767
210709
211619
212557
213449
214373
215297
216233
217157
218107
219031
219971
220901
221849
222787
223747
224677
225629
226601
227531
228509
229459
230431
231367
232333
233293
234259
235231
236207
237173
238151
239137
240101
241093
242069
243073
244043
245029
246017
247031
248021
249017
250007
251003
252013
253013
254021
255043
256049
257053
258067
259099
260111
261127
262147
263171
264211
265231
266261
267299
268343
269377
270407
271451
272507
273551
274579
275641
276707
277741
278801
279847
280909
281971
283027
284093
285161
286243
287297
288383
289453
290527
291619
292693
293767
294859
295937
297049
298153
299213
300317
301403
302507
303613
304709
305821
306919
308027
309137
310273
311371
312509
313603
314723
315851
316991
318103
319237
320377
321509
322627
323767
324901
326057
327193
328331
329489
330641
331777
332933
334093
335249
336403
337583
338731
339907
341057
342233
343411
344587
345749
346933
348149
349291
350503
351653
352837
354031
355261
356441
357611
358811
360007
361211
362407
363611
364829
366029
367243
368453
369673
370883
372107
373327
374557
375773
377011
378229
379459
380707
381937
383171
384403
385657
386887
388133
389381
390647
391879
393137
394393
395657
396919
398171
399433
400703
401957
403241
404497
405781
407047
408337
409609
410899
412171
413461
414737
416071
417317
418631
419921
421207
422537
423803
425107
426421
427717
429043
430343
431657
432979
434293
435619
436957
438253
439573
440903
442229
443561
444893
446227
447569
448907
450257
451601
452953
454277
455627
456979
458333
459691
461051
462401
463763
465133
466517
467867
469229
470597
471997
473351
474737
476101
477497
478871
480287
481639
483031
484417
485819
487211
488603
490001
491417
492839
494213
495617
497041
498439
499853
501271
502687
504103
505523
506963
508373
509797
511237
512657
514093
515539
516973
518411
519863
521299
522737
524189
525641
527081
528559
529987
531457
532907
534367
535849
537307
538763
540233
541699
543187
544651
546137
547601
549089
550577
552053
553543
555029
556519
558017
559511
561019
562501
564013
565507
567011
568523
570029
571541
573101
574597
576089
577601
579133
580663
582173
583697
585251
586769
588293
589829
591377
592903
594449
596009
597539
599087
600631
602179
603731
605309
606847
608401
609979
611531
613097
614657
616229
617801
619373
620947
622529
624119
625697
627269
628861
630451
632029
633623
635249
636809
638423
640007
641623
643213
644837
646421
648029
649639
651251
652871
654491
656113
657743
659353
660973
662617
664243
665857
667501
669127
670763
672439
674057
675713
677333
678989
680633
682277
683933
685591
687277
688907
690583
692239
693943
695561
697259
698899
700571
702257
703943
705613
707293
708979
710663
712339
714029
715727
717413
719119
720829
722509
724211
725909
727613
729329
731033
732749
734471
736181
737887
739601
741337
743047
744791
746497
748249
749971
751691
753427
755171
756919
758671
760411
762187
763879
765649
767381
769147
770897
772649
774427
776173
777977
779693
781481
783227
785003
786803
788549
790327
792101
793889
795667
797473
799259
801037
802829
804611
806447
808211
810013
811819
813613
815411
817237
819029
820837
822667
824477
826283
828101
829949
831751
833593
835399
837257
839071
840907
842729
844601
846401
848251
850093
851953
853793
855641
857513
859361
861191
863047
864901
866777
868639
870491
872369
874229
876097
877997
879859
881729
883613
885487
887377
889261
891151
893029
894917
896837
898717
900607
902501
904441
906313
908213
910121
912031
913943
915851
917767
919691
921601
923539
925447
927373
929303
931237
933157
935093
937031
938963
940903
942847
944803
946733
948707
950633
952583
954539
956503
958459
960419
962363
964333
966293
968263
970231
972197
974177
976147
978149
980107
982087
984083
986053
988051
990037
992021
994013
996011
998009
1000003
1002017
1004027
1006021
1008017
1010033
1012043
1014061
1016069
1018091
1020101
1022123
1024151
1026197
1028201
1030241
1032259
1034309
1036327
1038383
1040407
1042451
1044509
1046557
1048583
1050631
1052693
1054733
1056793
1058861
1060937
1062977
1065037
1067137
1069171
1071227
1073297
1075391
1077449
1079527
1081631
1083689
1085767
1087861
1089941
1092041
1094123
1096219
1098311
1100419
1102523
1104613
1106741
1108817
1110917
1113029
1115189
1117253
1119389
1121509
1123601
1125739
1127849
1129991
1132123
1134239
1136357
1138519
1140637
1142773
1144901
1147043
1149191
1151333
1153483
1155629
1157791
1159967
1162093
1164253
1166401
1168619
1170727
1172893
1175071
1177237
1179403
1181573
1183753
1185929
1188149
1190291
1192469
1194659
1196837
1199039
1201217
1203421
1205609
1207841
1210003
1212221
1214407
1216619
1218821
1221029
1223237
1225459
1227683
1229897
1232171
1234333
1236553
1238771
1240999
1243271
1245479
1247693
1249939
1252177
1254427
1256659
1258889
1261133
1263377
1265639
1267883
1270141
1272409
1274671
1276903
1279163
1281431
1283701
1285969
1288247
1290503
1292783
1295051
1297333
1299601
1301887
1304167
1306451
1308737
1311029
1313317
1315621
1317917
1320211
1322501
1324819
1327111
1329437
1331719
1334057
1336337
1338653
1340981
1343299
1345621
1347937
1350247
1352597
1354901
1357333
1359563
1361903
1364239
1366577
1368907
1371259
1373591
1375937
1378277
1380629
1382977
1385333
1387691
1390043
1392407
1394777
1397131
1399493
1401857
1404229
1406609
1408987
1411369
1413749
1416109
1418491
1420879
1423259
1425649
1428029
1430419
1432813
1435219
1437607
1440011
1442411
1444811
1447213
1449619
1452047
1454441
1456867
1459277
1461683
1464101
1466533
1468949
1471397
1473803
1476227
1478663
1481099
1483529
1486003
1488413
1490843
1493291
1495751
1498213
1500643
1503091
1505563
1507993
1510469
1512923
1515377
1517837
1520291
1522769
1525229
1527703
1530173
1532647
1535123
1537607
1540087
1542571
1545059
1547537
1550027
1552517
1555013
1557509
1560007
1562513
1565009
1567513
1570043
1572521
1575029
1577539
1580053
1582573
1585093
1587611
1590131
1592653
1595173
1597699
1600241
1602761
1605299
1607831
1610369
1612903
1615447
1617989
1620539
1623077
1625629
1628177
1630763
1633319
1635863
1638431
1640971
1643539
1646101
1648697
1651229
1653853
1656383
1658957
1661549
1664101
1666711
1669279
1671907
1674437
1677031
1679627
1682237
1684829
1687421
1690009
1692629
1695209
1697827
1700423
1703041
1705637
1708283
1710869
1713493
1716103
1718723
1721347
1723973
1726597
1729229
1731857
1734497
1737161
1739767
1742401
1745057
1747699
1750351
1752977
1755629
1758283
1760947
1763603
1766243
1768903
1771607
1774247
1776913
1779571
1782239
1784903
1787573
1790263
1792927
1795601
1798289
1800973
1803667
1806341
1809029
1811723
1814413
1817131
1819819
1822501
1825207
1827929
1830613
1833317
1836031
1838741
1841473
1844179
1846903
1849609
1852327
1855093
1857773
1860503
1863229
1865957
1868693
1871437
1874177
1876949
1879643
1882403
1885151
1887877
1890631
1893377
1896133
1898887
1901651
1904407
1907189
1909927
1912693
1915469
1918237
1921013
1923781
1926569
1929329
1932107
1934887
1937699
1940453
1943237
1946029
1948847
1951627
1954411
1957243
1960009
1962809
1965619
1968427
1971241
1974029
1976837
1979683
1982467
1985287
1988101
1990927
1993757
1996573
1999423
2002229
2005057
2007899
2010727
2013589
2016401
2019257
2022101
2024933
2027783
2030627
2033497
2036339
2039197
2042059
2044901
2047781
2050639
2053507
2056357
2059231
2062129
2064971
2067851
2070737
2073601
2076539
2079401
2082253
2085143
2088061
2090923
2093813
2096713
2099611
2102519
2105407
2108317
2111231
2114141
2117039
2119937
2122853
2125771
2128697
2131601
2134529
2137451
2140387
2143313
2146231
2149171
2152093
2155057
2157989
2160913
2163851
2166797
2169749
2172679
2175629
2178581
2181539
2184491
2187457
2190403
2193371
2196331
2199299
2202269
2205233
2208203
2211179
2214161
2217143
2220151
2223101
2226089
2229083
2232037
2235031
2238023
2241011
2244091
2247019
2250013
2253023
2256013
2259029
2262017
2265049
2268043
2271053
2274089
2277083
2280107
2283137
2286149
2289179
2292221
2295233
2298293
2301293
2304343
2307367
2310421
2313461
2316487
2319533
2322577
2325629
2328691
2331733
2334793
2337851
2340911
2343967
2347031
2350093
2353159
2356259
2359303
2362411
2365457
2368523
2371609
2374699
2377769
2380853
2383943
2387039
2390117
2393233
2396309
2399407
2402501
2405621
2408723
2411821
2414921
2418037
2421137
2424259
2427371
2430487
2433631
2436739
2439881
2442971
2446097
2449231
2452357
2455499
2458633
2461769
2464901
2468047
2471201
2474383
2477521
2480663
2483777
2486951
2490091
2493259
2496401
2499577
2502733
2505901
2509061
2512229
2515397
2518577
2521747
2524927
2528129
2531293
2534471
2537653
2540849
2544029
2547247
2550437
2553611
2556803
2560021
2563207
2566411
2569649
2572859
2576033
2579249
2582491
2585707
2588893
2592103
2595323
2598553
2601773
2604997
2608237
2611457
2614691
2617957
2621167
2624411
2627657
2630891
2634131
2637379
2640643
2643889
2647133
2650387
2653681
2656909
2660173
2663429
2666693
2669959
2673227
2676523
2679773
2683049
2686337
2689601
2692891
2696167
2699453
2702737
2706029
2709319
2712613
2715913
2719207
2722507
2725817
2729107
2732437
2735717
2739031
2742343
2745661
2748971
2752307
2755601
2758937
2762251
2765579
2768897
2772227
2775559
2778901
2782279
2785577
2788927
2792249
2795593
2798933
2802277
2805631
2808977
2812331
2815691
2819051
2822411
2825773
2829133
2832491
2835857
2839271
2842597
2845979
2849351
2852743
2856107
2859491
2862883
2866261
2869649
2873029
2876443
2879819
2883229
2886607
2890001
2893409
2896813
2900237
2903623
2907029
2910449
2913863
2917289
2920691
2924111
2927531
2930947
2934401
2937817
2941231
2944657
2948119
2951537
2954977
2958413
2961851
2965289
2968733
2972183
2975639
2979091
2982557
2985991
2989447
2992903
2996377
2999827
3003307
3006761
3010279
3013697
3017171
3020651
3024137
3027617
3031103
3034573
3038071
3041551
3045041
3048523
3052033
3055513
3059003
3062509
3066017
3069529
3073013
3076529
3080029
3083537
3087053
3090587
3094099
3097631
3101141
3104669
3108173
3111721
3115237
3118757
3122299
3125831
3129383
3132907
3136447
3139991
3143533
3147077
3150643
3154187
3157751
3161293
3164851
3168449
3171967
3175531
3179107
3182657
3186229
3189799
3193381
3196951
3200543
3204101
3207689
3211279
3214867
3218437
3222031
3225647
3229231
3232813
3236407
3240019
3243613
3247207
3250811
3254423
3258029
3261641
3265331
3268871
3272491
3276103
3279737
3283349
3286991
3290641
3294233
3297857
3301499
3305147
3308777
3312451
3316057
3319703
3323399
3326977
3330641
3334297
3337931
3341599
3345247
3348913
3352571
3356237
3359899
3363571
3367253
3370907
3374599
3378253
3381923
3385609
3389299
3392993
3396661
3400361
3404033
3407743
3411433
3415123
3418829
3422501
3426217
3429961
3433613
3437321
3441041
3444739
3448453
3452179
3455887
3459601
3463333
3467053
3470821
3474503
3478229
3481967
3485701
3489457
3493163
3496901
3500671
3504407
3508139
3511891
3515639
3519377
3523141
3526909
3530647
3534407
3538187
3541939
3545693
3549457
3553229
3556999
3560779
3564551
3568337
3572113
3575893
3579679
3583529
3587237
3591047
3594821
3598613
3602437
3606209
3610003
3613807
3617609
3621461
3625229
3629027
3632879
3636667
3640471
3644297
3648101
3651929
3655747
3659587
3663419
3667231
3671069
3674897
3678743
3682571
3686401
3690251
3694091
3697933
3701779
3705629
3709487
3713387
3717209
3721049
3724907
3728779
3732629
3736501
3740371
3744227
3748099
3752009
3755849
3759727
3763601
3767483
3771377
3775297
3779159
3783041
3786919
3790889
3794711
3798629
3802511
3806423
3810319
3814211
3818123
3822029
3825947
3829853
3833777
3837689
3841603
3845537
3849467
3853379
3857297
3861233
3865157
3869101
3873041
3876973
3880901
3884843
3888823
3892741
3896677
3900649
3904591
3908537
3912487
3916453
3920401
3924409
3928361
3932303
3936271
3940231
3944219
3948173
3952163
3956143
3960101
3964087
3968071
3972071
3976043
3980027
3984031
3988021
3992011
3996007
4000037
4004009
4008013
4012013
4016021
4020031
4024037
4028069
4032071
4036091
4040119
4044179
4048171
4052173
4056209
4060237
4064299
4068301
4072337
4076363
4080403
4084517
4088521
4092547
4096579
4100627
4104677
4108757
4112807
4116857
4120903
4124971
4129031
4133113
4137157
4141243
4145299
4149373
4153447
4157563
4161607
4165699
4169771
4173853
4177939
4182037
4186123
4190231
4194319
4198409
4202501
4206611
4210709
4214851
4218917
4223027
4227137
4231261
4235377
4239491
4243607
4247729
4251847
4255987
4260097
4264237
4268401
4272497
4276627
4280767
4284919
4289053
4293187
4297361
4301477
4305629
4309787
4313977
4318087
4322243
4326401
4330567
4334731
4338913
4343057
4347227
4351397
4355573
4359749
4363927
4368107
4372289
4376467
4380683
4384837
4389029
4393217
4397431
4401641
4405829
4410019
4414217
4418417
4422617
4426843
4431029
4435237
4439453
4443689
4447889
4452131
4456327
4460549
4464781
4469027
4473241
4477457
4481707
4485931
4490179
4494401
4498651
4502887
4507133
4511383
4515629
4519877
4524139
4528399
4532653
4536913
4541183
4545433
4549691
4553963
4558243
4562497
4566781
4571053
4575323
4579609
4583899
4588193
4592453
4596833
4601029
4605323
4609621
4613911
4618213
4622509
4626827
4631111
4635437
4639717
4644053
4648349
4652677
4656973
4661291
4665653
4669949
4674251
4678631
4682903
4687229
4691567
4695913
4700231
4704577
4708919
4713251
4717589
4721933
4726277
4730647
4734979
4739363
4743691
4748047
4752409
4756769
4761137
4765499
4769867
4774249
4778603
4782971
4787347
4791737
4796111
4800487
4804867
4809251
4813639
4818043
4822421
4826813
4831237
4835617
4840027
4844417
4848839
4853243
4857637
4862027
4866443
4870861
4875271
4879687
4884101
4888523
4892977
4897379
4901801
4906229
4910663
4915093
4919527
4923967
4928461
4932853
4937287
4941731
4946177
4950629
4955081
4959533
4964009
4968473
4972909
4977367
4981861
4986299
4990759
4995227
4999703
5004193
5008657
5013133
5017603
5022097
5026589
5031071
5035543
5040031
5044531
5049047
5053507
5058013
5062529
5067047
5071511
5076017
5080529
5085049
5089541
5094059
5098567
5103083
5107601
5112127
5116667
5121173
5125699
5130253
5134757
5139301
5143837
5148371
5152909
5157457
5161993
5166541
5171087
5175637
5180213
5184733
5189291
5193847
5198423
5202971
5207549
5212091
5216663
5221231
5225797
5230387
5234987
5239523
5244103
5248687
5253277
5257877
5262437
5267039
5271619
5276233
5280809
5285417
5290007
5294603
5299213
5303819
5308417
5313041
5317639
5322253
5326889
5331493
5336101
5340743
5345359
5349983
5354597
5359231
5363861
5368541
5373127
5377769
5382401
5387059
5391689
5396341
5400979
5405641
5410277
5414951
5419597
5424257
5428901
5433569
5438227
5442893
5447579
5452231
5456897
5461613
5466257
5470943
5475637
5480287
5484979
5489683
5494339
5499031
5503721
5508469
5513107
5517823
5522519
5527213
5531927
5536613
5541317
5546027
5550739
5555461
5560169
5564887
5569601
5574343
5579053
5583791
5588501
5593229
5597959
5602693
5607439
5612177
5616907
5621653
5626391
5631169
5635921
5640629
5645383
5650133
5654911
5659651
5664401
5669189
5673929
5678713
5683463
5688247
5693021
5697793
5702563
5707357
5712121
5716897
5721689
5726459
5731259
5736067
5740829
5745629
5750441
5755207
5760011
5764817
5769649
5774411
5779217
5784047
5788837
5793653
5798467
5803283
5808107
5812927
5817751
5822573
5827399
5832257
5837063
5841907
5846747
5851589
5856401
5861249
5866097
5870939
5875781
5880629
5885483
5890337
5895203
5900047
5904901
5909767
5914627
5919491
5924383
5929283
5934107
5938993
5943851
5948753
5953603
5958499
5963381
5968253
5973139
5978047
5982931
5987819
5992717
5997611
6002509
6007403
6012313
6017213
6022117
6027037
6031937
6036857
6041809
6046697
6051601
6056543
6061459
6066383
6071297
6076229
6081181
6086117
6091027
6095977
6100901
6105877
6110789
6115741
6120689
6125653
6130603
6135533
6140521
6145457
6150409
6155417
6160331
6165307
6170317
6175229
6180199
6185171
6190147
6195143
6200107
6205091
6210067
6215051
6220043
6225029
6230017
6235013
6240007
6245011
6250009
6255013
6260017
6265019
6270023
6275053
6280039
6285077
6290077
6295087
6300103
6305129
6310151
6315191
6320219
6325229
6330257
6335297
6340343
6345377
6350411
6355457
6360503
6365543
6370583
6375631
6380681
6385733
6390799
6395861
6400921
6405979
6411049
6416117
6421157
6426227
6431297
6436379
6441467
6446533
6451609
6456691
6461773
6466853
6471953
6477049
6482123
6487223
6492323
6497441
6502501
6507619
6512711
6517831
6522931
6528031
6533143
6538267
6543367
6548489
6553621
6558733
6563857
6568973
6574109
6579227
6584359
6589493
6594659
6599779
6604901
6610049
6615199
6620351
6625481
6630641
6635777
6640939
6646153
6651251
6656437
6661583
6666749
6671891
6677071
6682231
6687427
6692573
6697751
6702923
6708113
6713321
6718469
6723667
6728837
6734029
6739231
6744431
6749621
6754817
6760001
6765211
6770419
6775627
6780817
6786037
6791287
6796453
6801703
6806893
6812161
6817331
6822581
6827797
6833011
6838241
6843461
6848701
6853937
6859169
6864427
6869647
6874909
6880141
6885377
6890633
6895901
6901163
6906401
6911647
6916919
6922163
6927461
6932693
6937961
6943241
6948517
6953773
6959083
6964343
6969607
6974887
6980167
6985481
6990749
6996037
7001317
7006621
7011913
7017203
7022507
7027807
7033111
7038419
7043717
7049039
7054361
7059683
7064971
7070291
7075603
7080923
7086251
7091587
7096897
7102229
7107557
7112909
7118231
7123579
7128907
7134251
7139603
7144967
7150279
7155649
7160977
7166339
7171691
7177061
7182433
7187767
7193149
7198523
7203857
7209229
7214611
7219973
7225349
7230731
7236121
7241491
7246867
7252253
7257659
7263031
7268423
7273811
7279211
7284617
7290001
7295461
7300819
7306213
7311659
7317029
7322437
7327861
7333279
7338689
7344121
7349527
7354973
7360411
7365803
7371227
7376659
7382093
7387543
7392967
7398403
7403843
7409291
7414739
7420181
7425631
7431089
7436587
7441997
7447459
7452901
7458379
7463843
7469303
7474759
7480229
7485697
7491199
7496651
7502129
7507613
7513123
7518571
7524071
7529573
7535027
7540517
7546031
7551517
7557019
7562519
7568021
7573507
7579027
7584517
7590031
7595557
7601051
7606579
7612091
7617601
7623127
7628657
7634189
7639699
7645237
7650757
7656301
7661827
7667377
7672901
7678453
7683989
7689533
7695097
7700629
7706177
7711733
7717313
7722851
7728401
7733983
7739531
7745119
7750661
7756241
7761799
7767401
7772951
7778539
7784159
7789687
7795273
7800851
7806437
7812037
7817639
7823219
7828841
7834427
7840013
7845611
7851227
7856819
7862417
7868027
7873651
7879253
7884869
7890503
7896139
7901741
7907351
7912991
7918613
7924229
7929863
7935491
7941139
7946777
7952407
7958047
7963693
7969331
7974977
7980629
7986317
7991939
7997621
8003251
8008907
8014579
8020237
8025893
8031557
8037229
8042897
8048581
8054261
8059937
8065613
8071307
8076973
8082653
8088349
8094043
8099723
8105423
8111123
8116813
8122501
8128213
8133913
8139611
8145323
8151043
8156749
8162467
8168179
8173903
8179607
8185369
8191049
8196779
8202497
8208251
8213969
8219711
8225429
8231177
8236919
8242667
8248391
8254139
8259887
8265629
8271377
8277149
8282887
8288647
8294411
8300167
8305931
8311697
8317457
8323229
8329037
8334773
8340593
8346341
8352101
8357903
8363669
8369461
8375251
8381047
8386817
8392619
8398409
8404219
8410001
8415809
8421619
8427413
8433233
8439043
8444851
8450653
8456467
8462291
8468123
8473951
8479747
8485579
8491409
8497243
8503057
8508893
8514743
8520571
8526403
8532247
8538107
8543957
8549777
8555629
8561477
8567341
8573189
8579071
8584909
8590783
8596631
8602507
8608357
8614231
8620109
8625973
8631851
8637749
8643619
8649491
8655371
8661251
8667137
8673029
8678927
8684821
8690713
8696603
8702503
8708411
8714311
8720227
8726141
8732027
8737943
8743853
8749771
8755699
8761601
8767537
8773469
8779391
8785297
8791229
8797169
8803097
8809037
8814983
8820907
8826863
8832793
8838733
8844677
8850641
8856593
8862541
8868521
8874461
8880413
8886379
8892337
8898301
8904263
8910233
8916197
8922187
8928149
8934127
8940109
8946083
8952067
8958067
8964079
8970037
8976029
8982013
8988013
8994017
9000011
9006013
9012007
9018011
9024049
9030031
9036047
9042053
9048077
9054091
9060109
9066131
9072191
9078217
9084211
9090229
9096257
9102307
9108331
9114377
9120403
9126473
9132491
9138533
9144581
9150637
9156677
9162737
9168793
9174863
9180917
9186971
9193027
9199093
9205187
9211231
9217303
9223373
9229457
9235529
9241643
9247687
9253789
9259853
9265943
9272033
9278117
9284237
9290329
9296407
9302521
9308603
9314707
9320833
9326917
9333029
9339139
9345269
9351379
9357533
9363631
9369727
9375871
9381997
9388103
9394241
9400361
9406511
9412631
9418777
9424907
9431069
9437189
9443333
9449477
9455681
9461779
9467951
9474107
9480257
9486409
9492563
9498739
9504899
9511067
9517237
9523399
9529573
9535753
9541927
9548111
9554309
9560483
9566651
9572837
9579043
9585239
9591419
9597613
9603809
9610033
9616207
9622421
9628639
9634819
9641029
9647237
9653453
9659711
9665891
9672101
9678323
9684557
9690773
9697003
9703231
9709477
9715697
9721927
9728167
9734411
9740651
9746897
9753151
9759401
9765629
9771893
9778159
9784417
9790667
9796933
9803173
9809447
9815713
9821957
9828239
9834497
9840781
9847051
9853367
9859601
9865903
9872171
9878467
9884741
9891029
9897319
9903623
9909917
9916211
9922529
9928813
9935111
9941431
9947719
9954029
9960337
9966667
9972973
9979283
9985601
9991939
9998249
10004573
10010941
10017229
10023593
10029913
10036231
10042579
10048943
10055263
10061587
10067957
10074277
10080641
10087003
10093331
10099699
10106077
10112407
10118831
10125131
10131491
10137857
10144231
10150603
10157023
10163353
10169743
10176109
10182493
10188877
10195271
10201643
10208027
10214417
10220827
10227209
10233617
10240033
10246403
10252817
10259237
10265617
10272043
10278461
10284877
10291277
10297687
10304111
10310581
10316987
10323371
10329797
10336241
10342687
10349113
10355537
10362007
10368401
10374853
10381291
10387739
10394227
10400639
10407097
10413541
10419991
10426463
10432907
10439369
10445849
10452313
10458803
10465249
10471709
10478203
10484651
10491133
10497601
10504097
10510579
10517063
10523567
10530041
10536517
10543033
10549507
10556003
10562507
10569007
10575529
10582043
10588517
10595041
10601543
10608079
10614587
10621097
10627619
10634123
10640647
10647181
10653719
10660229
10666757
10673293
10679831
10686391
10692911
10699459
10705993
10712543
10719077
10725629
10732193
10738751
10745291
10751843
10758401
10764973
10771547
10778093
10784671
10791227
10797811
10804373
10810951
10817531
10824101
10830691
10837283
10843871
10850447
10857029
10863623
10870213
10876823
10883419
10890023
10896607
10903229
10909817
10916417
10923079
10929637
10936259
10942873
10949483
10956131
10962727
10969373
10975981
10982597
10989229
10995871
11002499
11009137
11015777
11022437
11029043
11035697
11042347
11049001
11055647
11062277
11068943
11075609
11082257
11088907
11095571
11102227
11108897
11115557
11122229
11128903
11135587
11142247
11148947
11155601
11162287
11168999
11175653
11182343
11189027
11195759
11202431
11209123
11215811
11222501
11229217
11235907
11242619
11249321
11256041
11262737
11269457
11276183
11282893
11289601
11296331
11303057
11309773
11316521
11323231
11329979
11336693
11343469
11350177
11356903
11363663
11370389
11377151
11383877
11390641
11397383
11404139
11410909
11417701
11424433
11431177
11437931
11444717
11451467
11458231
11465023
11471771
11478559
11485339
11492101
11498909
11505667
11512481
11519239
11526041
11532823
11539613
11546411
11553247
11560019
11566811
11573621
11580419
11587229
11594039
11600839
11607653
11614469
11621303
11628121
11634967
11641757
11648597
11655409
11662229
11669069
11675897
11682751
11689571
11696413
11703247
11710103
11716933
11723843
11730637
11737483
11744339
11751193
11758073
11764967
11771783
11778629
11785493
11792393
11799257
11806097
11812981
11819887
11826733
11833609
11840489
11847373
11854261
11861141
11868037
11874917
11881811
11888719
11895607
11902507
11909411
11916313
11923211
11930129
11937041
11943941
11950853
11957779
11964713
11971607
11978539
11985451
11992373
11999303
12006229
12013189
12020119
12027049
12033971
12040907
12047851
12054793
12061747
12068677
12075631
12082627
12089551
12096523
12103447
12110401
12117367
12124327
12131293
12138263
12145241
12152209
12159181
12166159
12173143
12180101
12187117
12194089
12201061
12208061
12215033
12222047
12229013
12236047
12243019
12250009
12257009
12264011
12271019
12278017
12285037
12292067
12299069
12306137
12313097
12320117
12327127
12334151
12341171
12348209
12355253
12362257
12369317
12376337
12383369
12390401
12397453
12404531
12411557
12418579
12425629
12432683
12439751
12446789
12453851
12460901
12467969
12475027
12482111
12489157
12496229
12503297
12510373
12517481
12524539
12531637
12538723
12545773
12552877
12559949
12567073
12574141
12581227
12588307
12595403
12602503
12609607
12616733
12623813
12630941
12638027
12645163
12652253
12659389
12666503
12673607
12680737
12687847
12694987
12702103
12709237
12716359
12723509
12730631
12737773
12744929
12752053
12759209
12766333
12773513
12780629
12787781
12794941
12802091
12809281
12816409
12823607
12830729
12837893
12845069
12852233
12859411
12866573
12873781
12880927
12888121
12895283
12902489
12909653
12916843
12924031
12931223
12938461
12945607
12952817
12960019
12967219
12974411
12981611
12988819
12996043
13003247
13010477
13017671
13024889
13032133
13039331
13046581
13053791
13061003
13068227
13075487
13082711
13089941
13097177
13104437
13111643
13118887
13126147
13133377
13140649
13147949
13155133
13162393
13169657
13176929
13184177
13191449
13198697
13205981
13213229
13220521
13227811
13235063
13242329
13249609
13256897
13264171
13271459
13278737
13286029
13293341
13300619
13307927
13315223
13322501
13329803
13337113
13344427
13351733
13359029
13366387
13373651
13380967
13388321
13395601
13402937
13410247
13417571
13424899
13432229
13439633
13446899
13454237
13461587
13468901
13476247
13483607
13490947
13498279
13505641
13512979
13520333
13527691
13535057
13542413
13549769
13557149
13564517
13571867
13579249
13586597
13593971
13601363
13608739
13616107
13623503
13630867
13638253
13645691
13653049
13660441
13667827
13675217
13682621
13690031
13697429
13704829
13712219
13719631
13727039
13734443
13741859
13749283
13756697
13764109
13771553
13778951
13786379
13793803
13801261
13808657
13816163
13823531
13830983
13838413
13845857
13853293
13860731
13868189
13875637
13883119
13890553
13897997
13905461
13912901
13920367
13927841
13935293
13942757
13950229
13957703
13965179
13972669
13980149
13987613
13995089
14002579
14010071
14017541
14025047
14032517
14040023
14047519
14055007
14062507
14070019
14077507
14085013
14092517
14100041
14107537
14115067
14122579
14130097
14137621
14145181
14152651
14160191
14167697
14175233
14182771
14190299
14197837
14205377
14212903
14220533
14227991
14235539
14243077
14250647
14258177
14265731
14273293
14280883
14288441
14295973
14303533
14311097
14318657
14326231
14333821
14341373
14348951
14356523
14364101
14371691
14379283
14386873
14394437
14402027
14409643
14417213
14424811
14432413
14440001
14447617
14455211
14462813
14470429
14478029
14485637
14493251
14500867
14508503
14516107
14523737
14531351
14538989
14546617
14554237
14561863
14569501
14577127
14584763
14592407
14600051
14607689
14615347
14622997
14630633
14638277
14646011
14653589
14661253
14668933
14676583
14684231
14691931
14699561
14707229
14714923
14722573
14730251
14737937
14745617
14753287
14760973
14768653
14776339
14784031
14791729
14799451
14807113
14814809
14822501
14830219
14837909
14845613
14853323
14861029
14868739
14876453
14884171
14891909
14899603
14907323
14915093
14922773
14930507
14938267
14945969
14953699
14961467
14969167
14976901
14984647
14992409
15000131
15007901
15015647
15023389
15031151
15038893
15046643
15054419
15062167
15069931
15077701
15085457
15093233
15101027
15108791
15116551
15124327
15132101
15139921
15147667
15155461
15163237
15171077
15178831
15186623
15194419
15202211
15210001
15217819
15225607
15233423
15241223
15249029
15256849
15264659
15272471
15280289
15288101
15295939
15303749
15311579
15319399
15327227
15335059
15342893
15350747
15358591
15366457
15374297
15382091
15389939
15397777
15405659
15413507
15421333
15429187
15437053
15444931
15452771
15460631
15468529
15476389
15484243
15492101
15499987
15507883
15515741
15523619
15531487
15539399
15547261
15555139
15563029
15570917
15578819
15586723
15594617
15602513
15610417
15618307
15626249
15634139
15642031
15649951
15657857
15665773
15673703
15681623
15689533
15697453
15705383
15713303
15721241
15729157
15737101
15745027
15752963
15760907
15768913
15776809
15784751
15792701
15800639
15808601
15816533
15824491
15832447
15840449
15848377
15856367
15864293
15872257
15880247
15888203
15896171
15904153
15912131
15920123
15928091
15936103
15944053
15952037
15960047
15968021
15976027
15984019
15992017
16000057
16008011
16016009
16024027
16032019
16040053
16048037
16056067
16064071
16072093
16080139
16088131
16096187
16104197
16112203
16120229
16128317
16136297
16144327
16152379
16160447
16168447
16176487
16184533
16192577
16200629
16208677
16216741
16224797
16232869
16240907
16248977
16257029
16265113
16273157
16281247
16289309
16297399
16305449
16313527
16321619
16329689
16337767
16345853
16353959
16362043
16370117
16378237
16386319
16394419
16402513
16410629
16418707
16426831
16434959
16443041
16451137
16459271
16467397
16475491
16483609
16491731
16499849
16507991
16516099
16524247
16532363
16540493
16548673
16556777
16564901
16573049
16581197
16589341
16597481
16605629
16613791
16621949
16630087
16638247
16646401
16654567
16662739
16670939
16679077
16687247
16695397
16703579
16711769
16719947
16728109
16736297
16744477
16752653
16760839
16769033
16777259
16785413
16793669
16801819
16810007
16818209
16826417
16834619
16842821
16851047
16859239
16867457
16875673
16883897
16892119
16900337
16908569
16916777
16924997
16933243
16941473
16949707
16957949
16966163
16974401
16982681
16990889
16999181
17007377
17015639
17023879
17032139
17040389
17048651
17056957
17065163
17073437
17081693
17089979
17098231
17106497
17114771
17123053
17131327
17139601
17147887
17156173
17164453
17172761
17181049
17189317
17197613
17205913
17214221
17222503
17230849
17239109
17247413
17255717
17264041
17272337
17280667
17288969
17297297
17305621
17313929
17322257
17330597
17338901
17347237
17355577
17363893
17372227
17380567
17388901
17397251
17405621
17413943
17422277
17430643
17438977
17447351
17455717
17464043
17472401
17480767
17489137
17497507
17505857
17514239
17522599
17530979
17539381
17547727
17556103
17564483
17572913
17581261
17589643
17598029
17606423
17614813
17623223
17631611
17640013
17648461
17656817
17665213
17673631
17682031
17690437
17698859
17707267
17715697
17724121
17732531
17740963
17749387
17757829
17766227
17774681
17783111
17791547
17799967
17808403
17816849
17825303
17833733
17842189
17850653
17859077
17867533
17876011
17884457
17892907
17901427
17909833
17918333
17926763
17935237
17943713
17952173
17960647
17969129
17977621
17986093
17994589
18003067
18011557
18020027
18028519
18037021
18045541
18054007
18062501
18071087
18079531
18088027
18096541
18105041
18113569
18122053
18130583
18139087
18147601
18156133
18164647
18173171
18181729
18190241
18198757
18207307
18215843
18224417
18232931
18241451
18249997
18258547
18267079
18275633
18284219
18292777
18301331
18309847
18318437
18326977
18335543
18344093
18352661
18361229
18369803
18378379
18386947
18395527
18404137
18412687
18421297
18429857
18438437
18447061
18455623
18464231
18472823
18481427
18490001
18498617
18507227
18515813
18524423
18533027
18541639
18550261
18558871
18567487
18576101
18584743
18593363
18602027
18610607
18619241
18627863
18636517
18645127
18653773
18662411
18671047
18679693
18688349
18696983
18705629
18714281
18722941
18731597
18740257
18748901
18757591
18766303
18774893
18783563
18792269
18800897
18809597
18818251
18826937
18835601
18844283
18852971
18861673
18870343
18879037
18887741
18896411
18905111
18913819
18922511
18931207
18939937
18948623
18957361
18966037
18974741
18983467
18992209
19000889
19009607
19018331
19027069
19035791
19044497
19053227
19061957
19070693
19079429
19088171
19096901
19105673
19114391
19123133
19131877
19140629
19149391
19158157
19166893
19175669
19184411
19193171
19201937
19210693
19219457
19228229
19237027
19245773
19254551
19263331
19272103
19280887
19289681
19298467
19307311
19316039
19324847
19333619
19342417
19351217
19360009
19368821
19377613
19386449
19395217
19404031
19412843
19421651
19430471
19439317
19448101
19456937
19465753
19474577
19483397
19492237
19501061
19509899
19518727
19527583
19536403
19545247
19554107
19562957
19571803
19580633
19589501
19598333
19607197
19616063
19624931
19633771
19642627
19651493
19660373
19669229
19678103
19687001
19695847
19704743
19713619
19722487
19731391
19740251
19749137
19758031
19766969
19775831
19784707
19793621
19802507
19811411
19820327
19829213
19838123
19847027
19855937
19864903
19873801
19882693
19891631
19900537
19909447
19918429
19927301
19936247
19945171
19954093
19963037
19971979
19980907
19989859
19998809
20007737
20016677
20025637
20034589
20043559
20052521
20061449
20070433
20079373
20088331
20097293
20106283
20115247
20124197
20133193
20142163
20151127
20160139
20169109
20178077
20187059
20196049
20205041
20214017
20223023
20232011
20241017
20250007
20259011
20268011
20277011
20286017
20295047
20304049
20313067
20322073
20331107
20340101
20349127
20358161
20367181
20376199
20385247
20394263
20403293
20412349
20421367
20430409
20439449
20448511
20457533
20466577
20475641
20484683
20493731
20502803
20511851
20520901
20529973
20539031
20548097
20557157
20566241
20575301
20584373
20593453
20602523
20611601
20620687
20629783
20638853
20647943
20657027
20666143
20675227
20684309
20693423
20702519
20711609
20720717
20729861
20738917
20748037
20757151
20766253
20775383
20784493
20793607
20802757
20811853
20820977
20830133
20839243
20848357
20857511
20866639
20875781
20884907
20894059
20903189
20912341
20921479
20930627
20939783
20948959
20958089
20967259
20976407
20985583
20994749
21003893
21013061
21022249
21031421
21040601
21049759
21058931
21068101
21077299
21086467
21095653
21104843
21114031
21123287
21132481
21141607
21150803
21160001
21169219
21178411
21187619
21196817
21206117
21215237
21224479
21233689
21242917
21252107
21261337
21270547
21279781
21288997
21298241
21307457
21316693
21325943
21335173
21344417
21353711
21362893
21372133
21381379
21390631
21399901
21409133
21418403
21427643
21436927
21446177
21455429
21464711
21473987
21483233
21492533
21501811
21511079
21520361
21529609
21538883
21548167
21557453
21566737
21576059
21585337
21594613
21603917
21613213
21622501
21631817
21641107
21650411
21659719
21669029
21678343
21687691
21696967
21706313
21715621
21724931
21734261
21743587
21752921
21762233
21771557
21780907
21790247
21799567
21808921
21818267
21827591
21836939
21846281
21855649
21864989
21874367
21883699
21893051
21902407
21911767
21921167
21930497
21939859
21949229
21958609
21967987
21977363
21986737
21996103
22005499
22014871
22024259
22033651
22043027
22052431
22061821
22071209
22080613
22090001
22099403
22108811
22118227
22127617
22137041
22146451
22155863
22165271
22174693
22184117
22193531
22202959
22212373
22221799
22231241
22240657
22250099
22259527
22268989
22278407
22287847
22297291
22306787
22316197
22325629
22335077
22344541
22354001
22363487
22372907
22382363
22391843
22401299
22410757
22420241
22429697
22439189
22448663
22458127
22467607
22477087
22486567
22496053
22505551
22515043
22524547
22534013
22543517
22553023
22562521
22572029
22581509
22591021
22600517
22610033
22619539
22629053
22638569
22648147
22657639
22667123
22676653
22686179
22695727
22705261
22714763
22724311
22733827
22743373
22752929
22762447
22771997
22781533
22791103
22800629
22810189
22819777
22829297
22838843
22848401
22857973
22867531
22877093
22886657
22896233
22905797
22915381
22924949
22934533
22944121
22953709
22963279
22972853
22982437
22992043
23001617
23011211
23020831
23030407
23040023
23049613
23059207
23068817
23078437
23088071
23097667
23107261
23116867
23126483
23136121
23145791
23155367
23164987
23174609
23184241
23193887
23203493
23213131
23222767
23232403
23242067
23251693
23261341
23271007
23280637
23290291
23299951
23309597
23319253
23328971
23338597
23348233
23357899
23367557
23377243
23386901
23396579
23406259
23415929
23425663
23435311
23444977
23454661
23464367
23474029
23483729
23493433
23503147
23512817
23522501
23532221
23541983
23551651
23561323
23571029
23580749
23590471
23600167
23609909
23619611
23629343
23639047
23648771
23658527
23668231
23677967
23687701
23697433
23707171
23716907
23726653
23736443
23746147
23755891
23765633
23775377
23785163
23794889
23804659
23814409
23824181
23833937
23843719
23853463
23863243
23872997
23882779
23892569
23902331
23912107
23921899
23931683
23941453
23951237
23961031
23970827
23980643
23990411
24000203
24010031
24019811
24029609
24039437
24049217
24059033
24068843
24078679
24088469
24098287
24108101
24117971
24127771
24137573
24147413
24157247
24167083
24176891
24186749
24196591
24206401
24216253
24226087
24235949
24245779
24255643
24265487
24275333
24285187
24295081
24304919
24314791
24324647
24334507
24344401
24354241
24364097
24374033
24383861
24393737
24403633
24413483
24423389
24433271
24443137
24453043
24462923
24472831
24482707
24492623
24502529
24512407
24522307
24532223
24542117
24552037
24561937
24571853
24581783
24591683
24601609
24611527
24621463
24631417
24641333
24651229
24661163
24671093
24681031
24691001
24700939
24710863
24720797
24730751
24740687
24750631
24760579
24770531
24780517
24790453
24800411
24810367
24820333
24830369
24840313
24850229
24860201
24870193
24880147
24890143
24900101
24910087
24920081
24930077
24940049
24950027
24960031
24970021
24980009
24990037
25000009
25010003
25020019
25030013
25040017
25050041
25060039
25070057
25080067
25090097
25100123
25110131
25120171
25130173
25140197
25150283
25160257
25170293
25180471
25190393
25200407
25210519
25220491
25230547
25240583
25250651
25260689
25270753
25280789
25290877
25300901
25310963
25321099
25331101
25341161
25351289
25361311
25371371
25381451
25391533
25401611
25411697
25421771
25431851
25441937
25452029
25462121
25472221
25482313
25492427
25502507
25512637
25522741
25532821
25542917
25553027
25563137
25573271
25583377
25593493
25603603
25613759
25623853
25633973
25644119
25654229
25664363
25674511
25684627
25694789
25704919
25715047
25725187
25735357
25745479
25755661
25765777
25775947
25786091
25796249
25806401
25816579
25826753
25836901
25847071
25857263
25867397
25877573
25887751
25897943
25908109
25918283
25928479
25938659
25948847
25959067
25969243
25979423
25989629
25999807
26010007
26020207
26030419
26040613
26050841
26061031
26071307
26081477
26091671
26101883
26112103
26122331
26132549
26142773
26152999
26163239
26173463
26183693
26193943
26204203
26214401
26224643
26234899
26245133
26255381
26265637
26275877
26286137
26296393
26306681
26316907
26327177
26337427
26347693
26357993
26368229
26378501
26388779
26399047
26409337
26419607
26429891
26440171
26450477
26460739
26471033
26481361
26491613
26501921
26512207
26522513
26532829
26543117
26553413
26563717
26574049
26584361
26594669
26604973
26615297
26625611
26635979
26646281
26656571
26666917
26677237
26687579
26697899
26708233
26718569
26728901
26739259
26749601
26759939
26770279
26780629
26790977
26801347
26811691
26822087
26832401
26842799
26853133
26863513
26873863
26884261
26894599
26905037
26915363
26925727
26936113
26946523
26956871
26967257
26977637
26988089
26998421
27008819
27019249
27029603
27040001
27050431
27060851
27071227
27081617
27092027
27102457
27112861
27123281
27133693
27144107
27154531
27164953
27175373
27185813
27196231
27206713
27217093
27227537
27237967
27248407
27258853
27269317
27279731
27290183
27300631
27311077
27321583
27331991
27342461
27352937
27363367
27373831
27384337
27394777
27405229
27415697
27426181
27436663
27447127
27457609
27468101
27478567
27489053
27499609
27510031
27520517
27531013
27541519
27552067
27562511
27573023
27583513
27594011
27604517
27615101
27625537
27636061
27646571
27657107
27667603
27678163
27688657
27699179
27709697
27720233
27730763
27741319
27751849
27762379
27772933
27783443
27794021
27804547
27815093
27825649
27836213
27846733
27857293
27867857
27878423
27888989
27899527
27910121
27920693
27931271
27941801
27952391
27962951
27973531
27984127
27994691
28005269
28015907
28026437
28037041
28047631
28058213
28068841
28079407
28090003
28100603
28111219
28121827
28132417
28143061
28153639
28164263
28174873
28185503
28196117
28206749
28217363
28227989
28238597
28249229
28259873
28270523
28281151
28291777
28302403
28313063
28323689
28334333
28344989
28355627
28366279
28376941
28387627
28398247
28408907
28419577
28430263
28440899
28451567
28462229
28472947
28483579
28494289
28504933
28515601
28526287
28536971
28547689
28558337
28569041
28579723
28590437
28601107
28611823
28622519
28633223
28643917
28654657
28665331
28676027
28686767
28697489
28708181
28718897
28729601
28740329
28751053
28761779
28772503
28783301
28793981
28804691
28815443
28826177
28836901
28847677
28858387
28869157
28879883
28890643
28901387
28912151
28922911
28933649
28944437
28955167
28965949
28976707
28987457
28998227
29009009
29019787
29030569
29041333
29052143
29062889
29073673
29084483
29095259
29106029
29116819
29127619
29138407
29149223
29160029
29170807
29181617
29192411
29203217
29214061
29224849
29235659
29246467
29257297
29268119
29278937
29289749
29300581
29311441
29322239
29333107
29343907
29354749
29365571
29376401
29387273
29398097
29408957
29419777
29430637
29441479
29452331
29463209
29474051
29484901
29495773
29506651
29517497
29528363
29539241
29550109
29561009
29571853
29582731
29593639
29604503
29615387
29626279
29637151
29648039
29658917
29669833
29680723
29691611
29702503
29713417
29724307
29735213
29746127
29757031
29767951
29778851
29789783
29800691
29811619
29822531
29833457
29844377
29855299
29866231
29877157
29888107
29899031
29909969
29920949
29931887
29942789
29953741
29964677
29975639
29986577
29997533
30008497
30019471
30030419
30041369
30052327
30063353
30074263
30085301
30096197
30107177
30118147
30129133
30140101
30151123
30162113
30173051
30184087
30195029
30206039
30217037
30228041
30239003
30250001
30261017
30272017
30283013
30294023
30305039
30316037
30327067
30338071
30349087
30360101
30371137
30382151
30393173
30404201
30415283
30426271
30437311
30448337
30459371
30470449
30481447
30492491
30503573
30514577
30525637
30536687
30547739
30558799
30569843
30580933
30591989
30603031
30614113
30625171
30636257
30647297
30658387
30669461
30680527
30691603
30702701
30713773
30724861
30735961
30747029
30758129
30769217
30780311
30791407
30802501
30813613
30824711
30835811
30846919
30858029
30869173
30880253
30891391
30902483
30913601
30924727
30935873
30946999
30958097
30969233
30980357
30991501
31002649
31013779
31024909
31036051
31047193
31058347
31069477
31080671
31091783
31102949
31114093
31125247
31136407
31147601
31158763
31169909
31181057
31192237
31203397
31214591
31225751
31236923
31248101
31259287
31270471
31281661
31292851
31304029
31315231
31326413
31337611
31348813
31360027
31371203
31382423
31393619
31404833
31416031
31427239
31438471
31449673
31460917
31472107
31483327
31494553
31505783
31517011
31528229
31539467
31550699
31561927
31573163
31584401
31595653
31606903
31618133
31629383
31640659
31651883
31663133
31674403
31685663
31696909
31708199
31719437
31730693
31741961
31753261
31764503
31775773
31787053
31798331
31809611
31820897
31832167
31843457
31854751
31866049
31877323
31888643
31899911
31911211
31922509
31933807
31945139
31956433
31967731
31979029
31990337
32001653
32012971
32024339
32035607
32046929
32058283
32069573
32080897
32092231
32103571
32114893
32126231
32137577
32148911
32160257
32171597
32182961
32194339
32205637
32216981
32228333
32239687
32251049
32262403
32273771
32285137
32296493
32307881
32319239
32330611
32341987
32353361
32364727
32376131
32387507
32398871
32410271
32421643
32433043
32444441
32455847
32467207
32478613
32490001
32501407
32512807
32524253
32535623
32547037
32558443
32569861
32581277
32592683
32604101
32615549
32626967
32638391
32649839
32661229
32672663
32684143
32695529
32706967
32718407
32729843
32741297
32752747
32764177
32775647
32787077
32798531
32809999
32821447
32832907
32844367
32855831
32867291
32878757
32890229
32901703
32913211
32924653
32936129
32947613
32959097
32970617
32982073
32993551
33005029
33016573
33028019
33039527
33051017
33062531
33074029
33085513
33097037
33108521
33120047
33131537
33143053
33154579
33166109
33177601
33189139
33200663
33212189
33223717
33235229
33246809
33258343
33269839
33281363
33292927
33304457
33315991
33327589
33339077
33350627
33362179
33373757
33385291
33396859
33408439
33419963
33431527
33443099
33454693
33466243
33477817
33489377
33500953
33512533
33524107
33535693
33547277
33558851
33570443
33582037
33593627
33605219
33616859
33628403
33640003
33651623
33663209
33674831
33686417
33698033
33709639
33721253
33732883
33744493
33756109
33767743
33779351
33790997
33802597
33814229
33825877
33837527
33849133
33860767
33872411
33884057
33895691
33907331
33918977
33930629
33942281
33953951
33965621
33977249
33988901
34000591
34012229
34023893
34035557
34047227
34058909
34070579
34082249
34093967
34105607
34117297
34128977
34140679
34152341
34164047
34175761
34187411
34199119
34210837
34222501
34234229
34245929
34257611
34269341
34281031
34292737
34304461
34316167
34327901
34339603
34351327
34363051
34374803
34386509
34398283
34409957
34421693
34433429
34445167
34456913
34468657
34480399
34492189
34503877
34515631
34527377
34539143
34550891
34562651
34574401
34586191
34597951
34609693
34621471
34633229
34645001
34656781
34668581
34680367
34692107
34703897
34715669
34727453
34739261
34751027
34762829
34774633
34786463
34798271
34810003
34821811
34833637
34845413
34857233
34869031
34880843
34892657
34904473
34916291
34928107
34939937
34951747
34963573
34975427
34987229
34999079
35010907
35022727
35034563
35046421
35058251
35070089
35081933
35093803
35105657
35117483
35129357
35141213
35153089
35164901
35176763
35188631
35200493
35212361
35224243
35236109
35247991
35259863
35271737
35283613
35295493
35307373
35319257
35331137
35343037
35354959
35366813
35378711
35390633
35402519
35414419
35426311
35438213
35450123
35462029
35473957
35485859
35497807
35509687
35521601
35533541
35545459
35557397
35569297
35581237
35593183
35605117
35617027
35628977
35640901
35652857
35664803
35676731
35688691
35700649
35712581
35724539
35736509
35748451
35760409
35772371
35784341
35796301
35808257
35820229
35832217
35844197
35856193
35868127
35880101
35892091
35904103
35916059
35928097
35940031
35952017
35964023
35976007
35988019
36000007
36012017
36024017
36036029
36048029
36060047
36072037
36084067
36096077
36108179
36120101
36132127
36144151
36156179
36168199
36180239
36192257
36204299
36216347
36228391
36240403
36252467
36264497
36276557
36288583
36300679
36312691
36324737
36336793
36348859
36360901
36372967
36385039
36397093
36409169
36421237
36433303
36445403
36457451
36469523
36481631
36493697
36505771
36517883
36529939
36542047
36554117
36566213
36578359
36590413
36602521
36614647
36626713
36638813
36650927
36663037
36675151
36687253
36699389
36711487
36723601
36735739
36747853
36759973
36772103
36784261
36796379
36808517
36820627
36832777
36844921
36857077
36869201
36881353
36893491
36905629
36917789
36929953
36942089
36954251
36966403
36978563
36990727
37002893
37015061
37027247
37039403
37051591
37063753
37075937
37088111
37100299
37112497
37124663
37136839
37149037
37161217
37173427
37185623
37197833
37210009
37222217
37234409
37246619
37258853
37271029
37283243
37295459
37307681
37319899
37332101
37344347
37356547
37368803
37381007
37393229
37405481
37417727
37429933
37442191
37454401
37466647
37478911
37491133
37503379
37515641
37527877
37540141
37552387
37564661
37576901
37589173
37601461
37613699
37625957
37638233
37650521
37662791
37675067
37687337
37699601
37711889
37724189
37736467
37748743
37761067
37773331
37785677
37797911
37810217
37822517
37834813
37847111
37859429
37871719
37884047
37896337
37908653
37920973
37933303
37945613
37957937
37970249
37982587
37994897
38007241
38019557
38031911
38044229
38056567
38068907
38081243
38093593
38105939
38118293
38130649
38142977
38155333
38167693
38180071
38192417
38204773
38217131
38229491
38241869
38254231
38266607
38278973
38291353
38303729
38316101
38328533
38340877
38353253
38365643
38378029
38390441
38402843
38415233
38427607
38440013
38452411
38464823
38477213
38489623
38502049
38514439
38526869
38539273
38551691
38564107
38576537
38588959
38601379
38613823
38626243
38638657
38651101
38663587
38675983
38688401
38700863
38713303
38725733
38738191
38750629
38763091
38775533
38787989
38800459
38812903
38825407
38837831
38850293
38862757
38875229
38887697
38900179
38912651
38925127
38937601
38950097
38962571
38975059
38987549
39000037
39012581
39025027
39037511
39050009
39062503
39075019
39087527
39100031
39112517
39125027
39137551
39150061
39162569
39175091
39187639
39200123
39212683
39225191
39237707
39250231
39262757
39275293
39287869
39300407
39312943
39325513
39338023
39350537
39363091
39375629
39388187
39400733
39413287
39425857
39438403
39450989
39463531
39476093
39488711
39501299
39513821
39526373
39538949
39551531
39564113
39576683
39589267
39601853
39614447
39627031
39639619
39652229
39664817
39677413
39690037
39702629
39715217
39727817
39740423
39753031
39765637
39778253
39790889
39803503
39816113
39828749
39841393
39853973
39866597
39879227
39891889
39904511
39917131
39929779
39942439
39955051
39967687
39980341
39992987
40005643
40018283
40030931
40043603
40056253
40068913
40081607
40094227
40106903
40119601
40132247
40144901
40157591
40170287
40182931
40195601
40208299
40220987
40233667
40246363
40259029
40271719
40284443
40297109
40309817
40322501
40335209
40347929
40360627
40373321
40386037
40398751
40411487
40424177
40436909
40449601
40462339
40475051
40487779
40500517
40513237
40525957
40538737
40551431
40564163
40576919
40589651
40602389
40615139
40627889
40640647
40653383
40666133
40678889
40691647
40704407
40717207
40729937
40742701
40755461
40768267
40781003
40793777
40806553
40819333
40832137
40844891
40857667
40870507
40883257
40896059
40908841
40921619
40934407
40947227
40960001
40972807
40985611
40998421
41011219
41024041
41036909
41049667
41062481
41075299
41088121
41100953
41113753
41126609
41139403
41152229
41165099
41177891
41190733
41203579
41216401
41229277
41242099
41254933
41267801
41280647
41293501
41306339
41319193
41332043
41344909
41357773
41370649
41383499
41396357
41409289
41422099
41434979
41447891
41460751
41473609
41486483
41499389
41512259
41525147
41538031
41550931
41563853
41576723
41589641
41602507
41615407
41628317
41641213
41654147
41667047
41679947
41692909
41705767
41718713
41731601
41744533
41757451
41770387
41783303
41796229
41809169
41822093
41835043
41847977
41860909
41873849
41886787
41899763
41912687
41925643
41938597
41951543
41964491
41977447
41990401
42003371
42016363
42029293
42042263
42055231
42068207
42081197
42094147
42107129
42120119
42133093
42146089
42159059
42172043
42185063
42198041
42211063
42224033
42237007
42250009
42263009
42276011
42289033
42302077
42315043
42328049
42341053
42354071
42367097
42380119
42393133
42406193
42419177
42432197
42445279
42458321
42471307
42484331
42497369
42510407
42523451
42536489
42549541
42562607
42575653
42588697
42601751
42614797
42627863
42640901
42653977
42667039
42680093
42693163
42706249
42719297
42732377
42745453
42758549
42771601
42784697
42797773
42810881
42823939
42837061
42850117
42863213
42876307
42889421
42902501
42915611
42928727
42941831
42954943
42968047
42981139
42994271
43007369
43020517
43033603
43046747
43059869
43072979
43086101
43099237
43112369
43125493
43138663
43151767
43164907
43178053
43191191
43204331
43217491
43230631
43243777
43256933
43270103
43283257
43296403
43309577
43322729
43335899
43349063
43362233
43375403
43388593
43401751
43414927
43428101
43441283
43454471
43467661
43480867
43494043
43507307
43520417
43533629
43546807
43560007
43573207
43586441
43599613
43612817
43626043
43639241
43652461
43665689
43678883
43692127
43705357
43718551
43731773
43744997
43758229
43771471
43784711
43797959
43811177
43824457
43837643
43850899
43864159
43877387
43890629
43903891
43917149
43930387
43943687
43956907
43970191
43983463
43996703
44009963
44023241
44036497
44049781
44063057
44076323
44089627
44102887
44116181
44129453
44142793
44156027
44169317
44182639
44195917
44209229
44222509
44235803
44249129
44262433
44275729
44289031
44302339
44315701
44328967
44342293
44355607
44368937
44382251
44395573
44408899
44422249
44435579
44448917
44462233
44475577
44488903
44502253
44515633
44528941
44542279
44555639
44568983
44582339
44595703
44609051
44622419
44635793
44649127
44662493
44675879
44689247
44702599
44715971
44729351
44742743
44756113
44769497
44782883
44796263
44809643
44823041
44836427
44849821
44863207
44876609
44890003
44903431
44916847
44930213
44943617
44957039
44970469
44983859
44997311
45010699
45024101
45037523
45050947
45064373
45077797
45091231
45104671
45118091
45131531
45144997
45158411
45171871
45185291
45198731
45212177
45225629
45239083
45252533
45265991
45279467
45292937
45306367
45319849
45333313
45346757
45360257
45373703
45387179
45400657
45414137
45427633
45441083
45454567
45468061
45481549
45495029
45508543
45522017
45535507
45549017
45562507
45576007
45589541
45603013
45616541
45630029
45643541
45657071
45670579
45684091
45697609
45711157
45724649
45738221
45751697
45765227
45778781
45792293
45805843
45819373
45832907
45846443
45859993
45873533
45887113
45900641
45914177
45927751
45941299
45954847
45968401
45981973
45995527
46009111
46022657
46036231
46049797
46063379
46076959
46090529
46104103
46117703
46131271
46144859
46158443
46172029
46185641
46199239
46212827
46226413
46240001
46253629
46267211
46280813
46294447
46308047
46321637
46335283
46348889
46362509
46376111
46389727
46403347
46416983
46430603
46444247
46457893
46471493
46485133
46498783
46512443
46526047
46539709
46553333
46566977
46580657
46594277
46607933
46621637
46635271
46648909
46662563
46676233
46689917
46703561
46717249
46730903
46744573
46758277
46771931
46785653
46799293
46813001
46826651
46840357
46854029
46867727
46881413
46895119
46908803
46922501
46936223
46949909
46963633
46977317
46991033
47004751
47018507
47032187
47045897
47059613
47073343
47087057
47100787
47114503
47128231
47141957
47155709
47169433
47183173
47196923
47210663
47224391
47238133
47251877
47265671
47279383
47293153
47306887
47320657
47334407
47348167
47361931
47375717
47389457
47403263
47417009
47430787
47444557
47458351
47472107
47485891
47499671
47513461
47527243
47541029
47554849
47568611
47582443
47596231
47610007
47623879
47637637
47651447
47665231
47679029
47692847
47706683
47720467
47734301
47748101
47761933
47775779
47789597
47803409
47817269
47831059
47844913
47858731
47872589
47886409
47900263
47914099
47927951
47941787
47955629
47969477
47983357
47997203
48011053
48024901
48038779
48052633
48066517
48080371
48094243
48108121
48121973
48135847
48149753
48163627
48177487
48191383
48205253
48219137
48233027
48246929
48260833
48274771
48288623
48302521
48316421
48330311
48344213
48358127
48372053
48385937
48399851
48413777
48427697
48441643
48455531
48469451
48483377
48497357
48511231
48525173
48539137
48553073
48566989
48580901
48594853
48608809
48622733
48636689
48650627
48664597
48678533
48692509
48706451
48720401
48734369
48748361
48762313
48776257
48790243
48804211
48818171
48832249
48846139
48860101
48874087
48888071
48902107
48916061
48930031
48944017
48958027
48972017
48986023
49000027
49014019
49028011
49042033
49056037
49070051
49084069
49098053
49112071
49126093
49140101
49154129
49168159
49182187
49196197
49210253
49224257
49238303
49252327
49266377
49280423
49294457
49308491
49322531
49336603
49350689
49364681
49378751
49392793
49406843
49420909
49434977
49449041
49463119
49477187
49491229
49505299
49519387
49533481
49547549
49561627
49575751
49589773
49603859
49617937
49632041
49646141
49660229
49674311
49688411
49702501
49716617
49730731
49744813
49758923
49773067
49787183
49801259
49815373
49829513
49843627
49857733
49871869
49885991
49900141
49914229
49928357
49942493
49956637
49970797
49984903
49999069
50013193
50027347
50041507
50055641
50069779
50083931
50098093
50112247
50126429
50140567
50154733
50168893
50183071
50197229
50211409
50225587
50239753
50253923
50268131
50282291
50296487
50310707
50324843
50339027
50353223
50367419
50381629
50395811
50410001
50424221
50438413
50452613
50466839
50481029
50495267
50509453
50523673
50537897
50552107
50566367
50580547
50594773
50608997
50623291
50637469
50651717
50665931
50680183
50694421
50708657
50722901
50737133
50751391
50765633
50779907
50794157
50808431
50822677
50836901
50851169
50865427
50879693
50893961
50908261
50922499
50936771
50951059
50965331
50979613
50993893
51008171
51022451
51036763
51051029
51065321
51079621
51093937
51108217
51122501
51136807
51151109
51165467
51179719
51194041
51208343
51222659
51236981
51251287
51265601
51279929
51294263
51308581
51322897
51337267
51351563
51365893
51380233
51394579
51408919
51423247
51437623
51451931
51466301
51480643
51494983
51509333
51523709
51538043
51552419
51566771
51581129
51595499
51609881
51624227
51638603
51652981
51667351
51681739
51696101
51710489
51724879
51739267
51753649
51768029
51782443
51796819
51811213
51825619
51840007
51854417
51868807
51883211
51897631
51912053
51926461
51940853
51955283
51969683
51984109
51998533
52012951
52027379
52041799
52056233
52070657
52085119
52099559
52113973
52128407
52142851
52157291
52171733
52186187
52200641
52215091
52229587
52244029
52258457
52272917
52287371
52301861
52316309
52330771
52345229
52359709
52374191
52388647
52403171
52417601
52432103
52446571
52461107
52475537
52490051
52504523
52519013
52533517
52548011
52562509
52577053
52591507
52606027
52620521
52635041
52649567
52664069
52678573
52693097
52707601
52722167
52736653
52751173
52765721
52780229
52794769
52809313
52823831
52838369
52852907
52867459
52882009
52896533
52911091
52925633
52940179
52954751
52969291
52983851
52998409
53012969
53027551
53042107
53056669
53071231
53085797
53100379
53114959
53129551
53144111
53158687
53173271
53187853
53202439
53217091
53231621
53246239
53260807
53275421
53290021
53304607
53319223
53333821
53348417
53363029
53377679
53392271
53406869
53421493
53436109
53450753
53465351
53479997
53494657
53509231
53523857
53538539
53553127
53567779
53582407
53597051
53611697
53626351
53641031
53655629
53670277
53684933
53699599
53714299
53728907
53743577
53758231
53772893
53787571
53802247
53816929
53831573
53846263
53860949
53875607
53890283
53905003
53919667
53934359
53949067
53963731
53978413
53993119
54007819
54022511
54037211
54051913
54066619
54081323
54096061
54110759
54125521
54140171
54154907
54169613
54184327
54199073
54213773
54228497
54243227
54257963
54272693
54287437
54302177
54316903
54331657
54346387
54361183
54375883
54390643
54405391
54420131
54434899
54449663
54464411
54479171
54493927
54508691
54523457
54538229
54553013
54567787
54582547
54597329
54612119
54626917
54641677
54656461
54671251
54686039
54700853
54715613
54730433
54745211
54760003
54774803
54789607
54804419
54819217
54834077
54848861
54863651
54878477
54893303
54908101
54922943
54937747
54952577
54967397
54982243
54997099
55011911
55026731
55041587
55056401
55071251
55086091
55100933
55115783
55130627
55145491
55160351
55175191
55190071
55204913
55219763
55234643
55249499
55264357
55279271
55294133
55308971
55323859
55338733
55353607
55368487
55383371
55398263
55413167
55428047
55442927
55457813
55472743
55487629
55502507
55517417
55532311
55547263
55562161
55577047
55591937
55606853
55621777
55636729
55651601
55666531
55681447
55696373
55711379
55726247
55741157
55756093
55771069
55785979
55800911
55815853
55830787
55845733
55860677
55875629
55890599
55905539
55920539
55935463
55950403
55965379
55980341
55995301
56010259
56025241
56040199
56055191
56070149
56085137
56100101
56115083
56130071
56145053
56160047
56175029
56190031
56205041
56220007
56235059
56250011
56265029
56280017
56295013
56310017
56325037
56340043
56355053
56370073
56385089
56400103
56415157
56430149
56445187
56460199
56475233
56490257
56505329
56520337
56535377
56550401
56565473
56580523
56595541
56610577
56625637
56640679
56655733
56670799
56685859
56700913
56715977
56731033
56746097
56761169
56776271
56791297
56806403
56821483
56836523
56851609
56866687
56881771
56896883
56911993
56927041
56942177
56957213
56972323
56987419
57002501
57017647
57032711
57047819
57062921
57078059
57093151
57108269
57123401
57138539
57153611
57168733
57183923
57198971
57214103
57229229
57244367
57259537
57274627
57289763
57304963
57320059
57335191
57350351
57365489
57380633
57395831
57410933
57426133
57441247
57456431
57471571
57486763
57501893
57517067
57532229
57547423
57562577
57577783
57592949
57608113
57623287
57638501
57653671
57668867
57684037
57699217
57714431
57729613
57744803
57760007
57775213
57790423
57805651
57820817
57836029
57851251
57866503
57881669
57896929
57912103
57927323
57942559
57957773
57973031
57988253
58003469
58018691
58033957
58049177
58064417
58079689
58094891
58110133
58125377
58140637
58155899
58171133
58186399
58201643
58216913
58232171
58247459
58262707
58277963
58293227
58308553
58323779
58339049
58354367
58369613
58384883
58400183
58415453
58430777
58446053
58461349
58476629
58491929
58507247
58522507
58537849
58553113
58568413
58583719
58599049
58614337
58629661
58644967
58660291
58675621
58690927
58706251
58721581
58736941
58752229
58767563
58782901
58798241
58813583
58828919
58844249
58859597
58874953
58890277
58905653
58920991
58936333
58951723
58967047
58982423
58997777
59013133
59028491
59043863
59059237
59074619
59089991
59105353
59120749
59136107
59151509
59166883
59182271
59197639
59213029
59228431
59243831
59259217
59274647
59290009
59305429
59320813
59336213
59351623
59367041
59382439
59397869
59413271
59428687
59444129
59459527
59474953
59490377
59505799
59521229
59536657
59552107
59567561
59583001
59598401
59613847
59629291
59644733
59660203
59675633
59691113
59706539
59722009
59737453
59752907
59768377
59783837
59799293
59814757
59830237
59845703
59861171
59876651
59892211
59907613
59923111
59938579
59954057
59969537
59985059
60000541
60016037
60031511
60047017
60062533
60078023
60093529
60109019
60124517
60140027
60155549
60171073
60186587
60202111
60217603
60233123
60248647
60264173
60279701
60295241
60310771
60326303
60341849
60357373
60372901
60388457
60403991
60419531
60435077
60450631
60466181
60481739
60497309
60512849
60528401
60543983
60559537
60575093
60590659
60606229
60621809
60637373
60652967
60668527
60684103
60699689
60715273
60730853
60746443
60762049
60777617
60793219
60808807
60824431
60840007
60855617
60871219
60886817
60902417
60918043
60933637
60949253
60964867
60980483
60996101
61011733
61027357
61042979
61058653
61074229
61089859
61105493
61121129
61136791
61152401
61168097
61183687
61199377
61215023
61230649
61246321
61261943
61277617
61293277
61308911
61324567
61340273
61355891
61371571
61387241
61402897
61418611
61434323
61449931
61465603
61481297
61496983
61512653
61528339
61544027
61559731
61575421
61591109
61606819
61622503
61638233
61653923
61669667
61685317
61701043
61716737
61732453
61748179
61763887
61779607
61795337
61811059
61826813
61842497
61858231
61873991
61889701
61905433
61921169
61936939
61952647
61968397
61984147
61999897
62015627
62031379
62047133
62062927
62078659
62094419
62110207
62125949
62141713
62157461
62173229
62189003
62204773
62220551
62236333
62252107
62267897
62283667
62299493
62315243
62331043
62346821
62362621
62378431
62394217
62410081
62425813
62441641
62457419
62473259
62489047
62504837
62520677
62536477
62552291
62568101
62583959
62599751
62615593
62631407
62647229
62663077
62678897
62694727
62710573
62726407
62742247
62758103
62773933
62789803
62805643
62821481
62837363
62853211
62869057
62884903
62900801
62916629
62932537
62948363
62964227
62980147
62995973
63011873
63027733
63043639
63059489
63075371
63091261
63107137
63123089
63138917
63154823
63170707
63186677
63202519
63218411
63234307
63250237
63266141
63282029
63297937
63313867
63329771
63345701
63361603
63377527
63393461
63409373
63425309
63441233
63457171
63473101
63489029
63504967
63520903
63536857
63552799
63568733
63584687
63600629
63616583
63632557
63648503
63664451
63680423
63696371
63712349
63728293
63744283
63760243
63776201
63792191
63808153
63824129
63840103
63856087
63872087
63888079
63904039
63920029
63936029
63952013
63968027
63984007
64000031
64016011
64032053
64048013
64064051
64080061
64096111
64112071
64128073
64144099
64160113
64176127
64192147
64208171
64224197
64240247
64256281
64272311
64288361
64304381
64320407
64336453
64352489
64368539
64384583
64400659
64416691
64432733
64448801
64464847
64480901
64496987
64513069
64529119
64545157
64561303
64577311
64593371
64609463
64625537
64641607
64657711
64673771
64689883
64705943
64722029
64738151
64754219
64770317
64786411
64802537
64818643
64834711
64850827
64866937
64883029
64899143
64915273
64931371
64947499
64963609
64979723
64995851
65011981
65028097
65044237
65060363
65076491
65092661
65108767
65124907
65141057
65157199
65173333
65189483
65205641
65221789
65237957
65254087
65270299
65286401
65302571
65318749
65334911
65351081
65367283
65383421
65399573
65415761
65431931
65448109
65464307
65480473
65496653
65512847
65529049
65545219
65561413
65577647
65593841
65610001
65626229
65642413
65658647
65674823
65691047
65707273
65723459
65739673
65755883
65772103
65788339
65804561
65820773
65836997
65853233
65869457
65885707
65901931
65918173
65934413
65950649
65966903
65983133
65999383
66015637
66031879
66048181
66064393
66080659
66096913
66113189
66129451
66145693
66161983
66178279
66194503
66210779
66227047
66243343
66259651
66275887
66292189
66308467
66324743
66341029
66357337
66373613
66389909
66406237
66422513
66438809
66455107
66471467
66487721
66504041
66520351
66536669
66552971
66569309
66585611
66601967
66618247
66634573
66650921
66667261
66683567
66699949
66716297
66732569
66748909
66765269
66781601
66797953
66814277
66830627
66846977
66863339
66879689
66896143
66912401
66928831
66945163
66961507
66977857
66994231
67010599
67026977
67043369
67059731
67076117
67092491
67108879
67125263
67141637
67158037
67174417
67190831
67207211
67223603
67240007
67256407
67272827
67289219
67305629
67322027
67338437
67354853
67371287
67387717
67404101
67420541
67436951
67453381
67469803
67486229
67502671
67519139
67535527
67551971
67568441
67584859
67601309
67617791
67634179
67650629
67667077
67683541
67700011
67716487
67732901
67749371
67765829
67782293
67798793
67815229
67831703
67848191
67864661
67881127
67897607
67914097
67930571
67947091
67963547
67980037
67996519
68013037
68029541
68046007
68062513
68079023
68095529
68112061
68128517
68145031
68161543
68178113
68194579
68211097
68227603
68244167
68260649
68277191
68293699
68310247
68326763
68343293
68359829
68376379
68392901
68409457
68425997
68442533
68459081
68475689
68492189
68508731
68525287
68541859
68558411
68574967
68591527
68608097
68624671
68641241
68657801
68674387
68690953
68707537
68724101
68740687
68757277
68773867
68790451
68807029
68823617
68840257
68856841
68873417
68890009
68906603
68923213
68939869
68956417
68973041
68989639
69006251
69022867
69039527
69056129
69072767
69089357
69105977
69122611
69139229
69155897
69172513
69189163
69205789
69222403
69239077
69255701
69272339
69288977
69305629
69322307
69338953
69355591
69372253
69388927
69405587
69422233
69438907
69455587
69472261
69488921
69505577
69522253
69538927
69555613
69572311
69589019
69605651
69622349
69639061
69655777
69672419
69689143
69705803
69722501
69739207
69755909
69772613
69789329
69806039
69822751
69839489
69856183
69872923
69889607
69906323
69923047
69939787
69956533
69973229
69990029
70006691
70023433
70040197
70056913
70073659
70090393
70107143
70123883
70140643
70157377
70174183
70190891
70207651
70224403
70241167
70257947
70274707
70291483
70308239
70324997
70341779
70358573
70375337
70392137
70408901
70425673
70442503
70459247
70476037
70492837
70509617
70526413
70543211
70560011
70576823
70593617
70610443
70627223
70644047
70660841
70677667
70694467
70711283
70728107
70744931
70761749
70778621
70795399
70812251
70829069
70845917
70862731
70879573
70896401
70913243
70930087
70946951
70963777
70980629
70997483
71014331
71031193
71048051
71064907
71081767
71098661
71115493
71132357
71149249
71166107
71183027
71199851
71216741
71233607
71250499
71267377
71284261
71301161
71318033
71334919
71351837
71368711
71385607
71402519
71419409
71436317
71453231
71470117
71487037
71503951
71520859
71537771
71554699
71571629
71588533
71605447
71622371
71639299
71656231
71673163
71690111
71707043
71723963
71740919
71757853
71774873
71791781
71808683
71825639
71842597
71859551
71876509
71893453
71910407
71927377
71944333
71961299
71978287
71995241
72012217
72029179
72046147
72063137
72080111
72097097
72114067
72131053
72148049
72165029
72182023
72199013
72216013
72233027
72250001
72267023
72284011
72301093
72318019
72335027
72352061
72369053
72386081
72403087
72420113
72437147
72454147
72471181
72488263
72505229
72522283
72539303
72556327
72573367
72590429
72607453
72624491
72641531
72658583
72675649
72692681
72709733
72726821
72743851
72760903
72777979
72795059
72812093
72829217
72846227
72863317
72880373
72897491
72914537
72931601
72948703
72965771
72982859
72999943
73017031
73034123
73051211
73068311
73085413
73102501
73119611
73136741
73153841
73170917
73188029
73205141
73222267
73239371
73256483
73273637
73290731
73307867
73324981
73342163
73359277
73376363
73393513
73410677
73427803
73444919
73462061
73479187
73496333
73513481
73530659
73547777
73564937
73582109
73599247
73616437
73633583
73650727
73667897
73685057
73702247
73719409
73736591
73753759
73770923
73788107
73805287
73822471
73839671
73856897
73874039
73891229
73908413
73925609
73942823
73960057
73977227
73994407
74011621
74028827
74046053
74063257
74080451
74097671
74114897
74132101
74149351
74166571
74183773
74201003
74218253
74235503
74252693
74269931
74287163
74304403
74321657
74338889
74356141
74373407
74390629
74407877
74425139
74442397
74459653
74476907
74494163
74511427
74528711
74545957
74563249
74580511
74597777
74615053
74632339
74649607
74666887
74684171
74701457
74718781
74736037
74753321
74770649
74787917
74805221
74822507
74839811
74857121
74874413
74891731
74909027
74926337
74943653
74960981
74978287
74995621
75012929
75030253
75047591
75064909
75082237
75099559
75116911
75134299
75151567
75168901
75186247
75203591
75220933
75238297
75255659
75272999
75290357
75307703
75325049
75342401
75359773
75377153
75394499
75411857
75429227
75446599
75463981
75481363
75498727
75516121
75533483
75550877
75568253
75585637
75603041
75620449
75637813
75655213
75672607
75690023
75707417
75724811
75742217
75759637
75777047
75794437
75811859
75829267
75846691
75864121
75881527
75898967
75916387
75933817
75951233
75968723
75986101
76003541
76021009
76038401
76055843
76073303
76090753
76108183
76125631
76143079
76160533
76177987
76195477
76212907
76230367
76247827
76265291
76282763
76300241
76317781
76335173
76352657
76370149
76387603
76405093
76422581
76440073
76457581
76475053
76492519
76510037
76527511
76545013
76562501
76580011
76597519
76615031
76632533
76650029
76667543
76685069
76702567
76720103
76737601
76755139
76772659
76790177
76807699
76825237
76842761
76860317
76877831
76895383
76912919
76930453
76947989
76965557
76983077
77000629
77018189
77035753
77053297
77070863
77088419
77105981
77123549
77141101
77158657
77176237
77193797
77211371
77228951
77246537
77264101
77281691
77299273
77316851
77334451
77352029
77369639
77387221
77404807
77422409
77440043
77457659
77475227
77492873
77510423
77528053
77545639
77563259
77580869
77598491
77616107
77633723
77651383
77668991
77686603
77704241
77721857
77739491
77757151
77774773
77792411
77810053
77827703
77845331
77862997
77880637
77898299
77915933
77933599
77951249
77968903
77986591
78004271
78021941
78039583
78057229
78074911
78092579
78110261
78128003
78145609
78163313
78180997
78198667
78216343
78234029
78251717
78269419
78287113
78304813
78322513
78340237
78357949
78375611
78393317
78411049
78428741
78446477
78464171
78481883
78499609
78517333
78535063
78552779
78570509
78588227
78605959
78623747
78641449
78659177
78676921
78694667
78712393
78730133
78747881
78765647
78783377
78801131
78818921
78836669
78854401
78872177
78889963
78907691
78925463
78943229
78961009
78978797
78996557
79014323
79032103
79049891
79067693
79085459
79103237
79121033
79138823
79156643
79174409
79192277
79210003
79227809
79245613
79263413
79281233
79299037
79316843
79334657
79352473
79370293
79388129
79405933
79423759
79441573
79459423
79477243
79495099
79512907
79530727
79548577
79566427
79584251
79602091
79619933
79637827
79655627
79673491
79691347
79709213
79727051
79744921
79762769
79780633
79798507
79816367
79834243
79852103
79869971
79887893
79905731
79923601
79941509
79959437
79977253
79995143
80013049
80030927
80048821
80066743
80084611
80102513
80120419
80138347
80156213
80174161
80192039
80209951
80227859
80245769
80263751
80281603
80299523
80317451
80335391
80353297
80371237
80389187
80407121
80425027
80443001
80460911
80478847
80496797
80514751
80532677
80550629
80568577
80586559
80604509
80622457
80640403
80658371
80676359
80694307
80712259
80730233
80748257
80766173
80784199
80802143
80820139
80838097
80856067
80874077
80892043
80910073
80928017
80946029
80964007
80982019
81000001
81018013
81036019
81054031
81072029
81090041
81108043
81126061
81144083
81162121
81180101
81198151
81216199
81234221
81252203
81270229
81288257
81306299
81324403
81342377
81360401
81378449
81396503
81414533
81432577
81450631
81468679
81486731
81504791
81522869
81540929
81558973
81577037
81595103
81613159
81631267
81649307
81667403
81685451
81703537
81721609
81739699
81757771
81775871
81793963
81812033
81830117
81848213
81866321
81884419
81902507
81920617
81938711
81956851
81974917
81993029
82011143
82029257
82047367
82065493
82083611
82101739
82119853
82137973
82156103
82174231
82192361
82210501
82228639
82246777
82264907
82283057
82301189
82319333
82337491
82355629
82373783
82391941
82410103
82428253
82446431
82464563
82482811
82500893
82519061
82537229
82555409
82573583
82591787
82609927
82628107
82646303
82664473
82682657
82700851
82719029
82737227
82755443
82773611
82791817
82810019
82828217
82846411
82864631
82882829
82901051
82919279
82937453
82955671
82973909
82992103
83010341
83028553
83046787
83065001
83083229
83101463
83119691
83137931
83156191
83174401
83192647
83210887
83229131
83247377
83265647
83283877
83302157
83320387
83338649
83356907
83375177
83393437
83411693
83429971
83448241
83466503
83484787
83503051
83521337
83539613
83557883
83576183
83594473
83612743
83631047
83649329
83667611
83685913
83704211
83722511
83740807
83759111
83777413
83795717
83814037
83832377
83850653
83868977
83887289
83905607
83923949
83942263
83960609
83978897
83997241
84015563
84033923
84052231
84070583
84088903
84107249
84125593
84143953
84162301
84180641
84198979
84217351
84235757
84254059
84272401
84290819
84309133
84327517
84345887
84364249
84382621
84400973
84419353
84437741
84456103
84474491
84492883
84511279
84529639
84548039
84566431
84584821
84603217
84621637
84640027
84658411
84676817
84695213
84713617
84732047
84750439
84768857
84787273
84805687
84824107
84842557
84860959
84879373
84897797
84916283
84934757
84953129
84971567
84990001
85008403
85026857
85045309
85063739
85082183
85100627
85119079
85137541
85155989
85174447
85192909
85211363
85229843
85248299
85266761
85285237
85303709
85322173
85340687
85359149
85377601
85396093
85414573
85433057
85451539
85470029
85488517
85507013
85525507
85544047
85562569
85581007
85599511
85618019
85636541
85655047
85673561
85692083
85710587
85729099
85747601
85766147
85784651
85803181
85821709
85840253
85858757
85877293
85895851
85914391
85932901
85951469
85969991
85988543
86007083
86025631
86044177
86062741
86081287
86099903
86118401
86136979
86155543
86174093
86192699
86211241
86229811
86248381
86266979
86285531
86304133
86322683
86341267
86359853
86378437
86397037
86415619
86434217
86452811
86471423
86490007
86508607
86527211
86545813
86564419
86583053
86601643
86620271
86638883
86657521
86676101
86694733
86713349
86732027
86750597
86769233
86787859
86806493
86825153
86843821
86862431
86881063
86899691
86918333
86936977
86955641
86974291
86992949
87011591
87030283
87048919
87067567
87086231
87104903
87123559
87142243
87160897
87179629
87198269
87216923
87235601
87254309
87273007
87291661
87310357
87329041
87347719
87366421
87385121
87403831
87422519
87441203
87459919
87478613
87497323
87516041
87534737
87553469
87572207
87590917
87609617
87628337
87647051
87665779
87684517
87703237
87721973
87740693
87759433
87778169
87796913
87815669
87834389
87853177
87871877
87890657
87909379
87928133
87946889
87965651
87984419
88003163
88021933
88040707
88059463
88078229
88096997
88115771
88134577
88153327
88172143
88190911
88209679
88228451
88247239
88266037
88284851
88303619
88322453
88341217
88360031
88378817
88397611
88416413
88435271
88454033
88472837
88491659
88510511
88529297
88548133
88566931
88585747
88604587
88623413
88642231
88661063
88679911
88698739
88717589
88736411
88755257
88774097
88792937
88811777
88830659
88849477
88868341
88887191
88906049
88924931
88943831
88962631
88981513
89000357
89019251
89038097
89057051
89075851
89094767
89113603
89132497
89151367
89170267
89189143
89208029
89226919
89245817
89264711
89283619
89302517
89321437
89340313
89359271
89378119
89397037
89415947
89434853
89453773
89472689
89491601
89510527
89529449
89548373
89567299
89586227
89605169
89624099
89643049
89661967
89680909
89699861
89718793
89737733
89756677
89775661
89794577
89813531
89832493
89851453
89870423
89889379
89908331
89927293
89946281
89965231
89984197
90003181
90022169
90041173
90060107
90079117
90098081
90117073
90136037
90155033
90174023
90193039
90212009
90231013
90250007
90269009
90288043
90307027
90326023
90345029
90364067
90383081
90402083
90421103
90440111
90459139
90478169
90497189
90516203
90535229
90554267
90573317
90592339
90611393
90630401
90649453
90668503
90687539
90706591
90725669
90744697
90763763
90782807
90801857
90820901
90840017
90859031
90878131
90897161
90916237
90935389
90954371
90973451
90992537
91011611
91030703
91049839
91068853
91087939
91107031
91126117
91145269
91164329
91183409
91202509
91221607
91240741
91259827
91278917
91298027
91317139
91336253
91355377
91374487
91393637
91412731
91431881
91450979
91470097
91489231
91508371
91527493
91546657
91565779
91584923
91604047
91623199
91642333
91661483
91680653
91699787
91718933
91738117
91757249
91776407
91795573
91814729
91833893
91853119
91872227
91891399
91910579
91929757
91948931
91968109
91987297
92006471
92025653
92044853
92064041
92083217
92102411
92121611
92140837
92160001
92179207
92198417
92217647
92236829
92256029
92275247
92294483
92313667
92332921
92352121
92371333
92390561
92409803
92429009
92448287
92467483
92486701
92505929
92525171
92544409
92563651
92582887
92602151
92621381
92640631
92659907
92679137
92698391
92717659
92736901
92756177
92775479
92794697
92814041
92833249
92852503
92871773
92891047
92910331
92929621
92948897
92968207
92987513
93006751
93026027
93045319
93064649
93083909
93103207
93122501
93141803
93161113
93180433
93199721
93219053
93238357
93257653
93276973
93296293
93315613
93334933
93354257
93373573
93392927
93412243
93431557
93450901
93470249
93489569
93508901
93528247
93547603
93566939
93586291
93605627
93624997
93644357
93663701
93683059
93702407
93721781
93741127
93760493
93779863
93799229
93818603
93837973
93857399
93876763
93896111
93915487
93934889
93954281
93973723
93993041
94012417
94031827
94051211
94070609
94090021
94109417
94128829
94148221
94167631
94187053
94206439
94225853
94245287
94264691
94284119
94303523
94322947
94342373
94361797
94381241
94400659
94420093
94439531
94458967
94478429
94497847
94517299
94536731
94556177
94575629
94595087
94614557
94633993
94653443
94672939
94692379
94711831
94731311
94750771
94770253
94789729
94809173
94828649
94848139
94867609
94887109
94906573
94926059
94945537
94965041
94984543
95004017
95023529
95043019
95062507
95082047
95101529
95121023
95140531
95160031
95179541
95199053
95218583
95238083
95257601
95277137
95296667
95316187
95335703
95355229
95374787
95394337
95413837
95433367
95452901
95472479
95492011
95511547
95531083
95550629
95570203
95589743
95609287
95628931
95648417
95668007
95687533
95707091
95726669
95746229
95765797
95785397
95804957
95824523
95844121
95863711
95883269
95902867
95922451
95942027
95961623
95981261
96000809
96020413
96040031
96059603
96079241
96098813
96118417
96138041
96157637
96177269
96196871
96216503
96236113
96255737
96275351
96294973
96314599
96334241
96353867
96373499
96393139
96412769
96432407
96452051
96471707
96491363
96511027
96530663
96550277
96569933
96589601
96609251
96628913
96648577
96668227
96687893
96707593
96727231
96746899
96766573
96786251
96805937
96825629
96845291
96864991
96884677
96904337
96924043
96943729
96963437
96983119
97002803
97022537
97042219
97061911
97081627
97101341
97121033
97140761
97160467
97180207
97199929
97219601
97239347
97259047
97278781
97298501
97318253
97338019
97357699
97377431
97397171
97416931
97436657
97456417
97476143
97495877
97515629
97535377
97555147
97574903
97594643
97614401
97634177
97653943
97673713
97693481
97713227
97733047
97752773
97772551
97792337
97812103
97831883
97851667
97871453
97891237
97911061
97930817
97950613
97970417
97990219
98010001
98029817
98049607
98069429
98089217
98109031
98128841
98148691
98168471
98188289
98208113
98227931
98247763
98267641
98287433
98307241
98327069
98346901
98366729
98386573
98406419
98426267
98446093
98465963
98485817
98505629
98525503
98545331
98565191
98585059
98604907
98624777
98644639
98664493
98684359
98704301
98724121
98743979
98763851
98783767
98803613
98823521
98843383
98863253
98883139
98903033
98922937
98942819
98962727
98982607
99002503
99022447
99042313
99062221
99082153
99102041
99121937
99141863
99161767
99181699
99201689
99221533
99241469
99261373
99281321
99301247
99321163
99341107
99361027
99380977
99400901
99420847
99440801
99460747
99480721
99500629
99520579
99540533
99560519
99580447
99600401
99620407
99640327
99660293
99680281
99700241
99720197
99740171
99760147
99780137
99800101
99820087
99840067
99860107
99880051
99900029
99920021
99940013
99960011
99980003
100000007
100020023
100040011
100060013
100080031
100100051
100120037
100140059
100160069
100180109
100200119
100220129
100240159
100260217
100280197
100300243
100320257
100340299
100360331
100380373
100400437
100420447
100440497
100460551
100480577
100500629
100520681
100540747
100560799
100580849
100600909
100620991
100641041
100661101
100681183
100701233
100721317
100741373
100761449
100781531
100801607
100821683
100841771
100861883
100881941
100902029
100922131
100942223
100962317
100982411
101002501
101022637
101042719
101062817
101082923
101103031
101123137
101143253
101163373
101183491
101203607
101223737
101243851
101263979
101284129
101304233
101324371
101344519
101364643
101384771
101404921
101425061
101445191
101465341
101485477
101505631
101525783
101545957
101566097
101586281
101606413
101626579
101646763
101666899
101687057
101707241
101727397
101747587
101767747
101787937
101808103
101828327
101848471
101868673
101888851
101909029
101929237
101949451
101969611
101989829
102010033
102030217
102050407
102070621
102090839
102111029
102131269
102151451
102171673
102191909
102212107
102232381
102252551
102272803
102293003
102313229
102333457
102353707
102373933
102394163
102414407
102434659
102454889
102475171
102495401
102515639
102535877
102556159
102576391
102596647
102616901
102637169
102657479
102677693
102697981
102718229
102738499
102758791
102779051
102799331
102819611
102839899
102860203
102880489
102900757
102921031
102941323
102961739
102981911
103002203
103022501
103042811
103063109
103083419
103103731
103124027
103144339
103164667
103185001
103205299
103225601
103245931
103266257
103286581
103306901
103327249
103347557
103367897
103388239
103408579
103428929
103449253
103469627
103489933
103510289
103530653
103550987
103571333
103591703
103612049
103632407
103652803
103673131
103693517
103713881
103734227
103754647
103774981
103795357
103815773
103836133
103856497
103876889
103897271
103917641
103938031
103958447
103978873
103999219
104019611
104040011
104060443
104080807
104101219
104121623
104142061
104162447
104182867
104203273
104223689
104244131
104264539
104285009
104305379
104325803
104346227
104366657
104387099
104407547
104427977
104448431
104468867
104489321
104509739
104530183
104550643
104571083
104591549
104612017
104632483
104652907
104673367
104693843
104714303
104734759
104755249
104775703
104796179
104816651
104837129
104857601
104878127
104898583
104919091
104939561
104960027
104980517
105001019
105021509
105042017
105062509
105083009
105103507
105124037
105144521
105165031
105185537
105206083
105226567
105247117
105267607
105288137
105308647
105329173
105349703
105370231
105390797
105411307
105431827
105452363
105472901
105493447
105513997
105534547
105555101
105575633
105596177
105616747
105637309
105657857
105678403
105699001
105719533
105740093
105760657
105781289
105801799
105822391
105842993
105863531
105884123
105904691
105925271
105945859
105966437
105987041
106007641
106028231
106048819
106069451
106090003
106110619
106131209
106151819
106172459
106193029
106213649
106234259
106254881
106275487
106296109
106316737
106337351
106357981
106378609
106399229
106419871
106440491
106461127
106481801
106502419
106523077
106543693
106564333
106584977
106605641
106626277
106646959
106667599
106688269
106708909
106729583
106750253
106770893
106791577
106812227
106832911
106853573
106874279
106894927
106915619
106936301
106956977
106977653
106998343
107019043
107039719
107060419
107081111
107101811
107122501
107143213
107163911
107184631
107205331
107226059
107246743
107267453
107288177
107308891
107329601
107350337
107371063
107391799
107412559
107433247
107453963
107474753
107495429
107516179
107536907
107557643
107578403
107599133
107619881
107640629
107661377
107682163
107702891
107723653
107744431
107765167
107785943
107806691
107827457
107848231
107869001
107889787
107910553
107931323
107952107
107972903
107993681
108014461
108035243
108056041
108076831
108097637
108118429
108139211
108160037
108180811
108201649
108222419
108243251
108264029
108284843
108305653
108326497
108347293
108368107
108388997
108409747
108430583
108451397
108472229
108493057
108513893
108534739
108555563
108576407
108597253
108618089
108638939
108659777
108680629
108701477
108722333
108743189
108764059
108784901
108805769
108826631
108847493
108868387
108889237
108910117
108931037
108951847
108972739
108993623
109014487
109035383
109056251
109077167
109098037
109118941
109139837
109160707
109181609
109202507
109223417
109244321
109265231
109286131
109307087
109327943
109348861
109369781
109390693
109411637
109432537
109453451
109474433
109495301
109516237
109537177
109558117
109579027
109599979
109620919
109641869
109662803
109683781
109704697
109725631
109746587
109767533
109788491
109809467
109830419
109851373
109872341
109893299
109914271
109935229
109956199
109977221
109998149
110019131
110040101
110061089
110082073
110103061
110124043
110145029
110166031
110187017
110208017
110229019
110250013
110271011
110292019
110313023
110334017
110355043
110376037
110397059
110418073
110439083
110460113
110481131
110502149
110523191
110544281
110565239
110586257
110607293
110628337
110649391
110670401
110691461
110712521
110733541
110754583
110775629
110796683
110817731
110838797
110859871
110880901
110901971
110923051
110944117
110965159
110986229
111007319
111028373
111049481
111070549
111091609
111112709
111133783
111154867
111175979
111197027
111218119
111239221
111260311
111281437
111302501
111323617
111344711
111365899
111386921
111408041
111429137
111450263
111471379
111492487
111513601
111534727
111555869
111576973
111598099
111619237
111640363
111661493
111682633
111703769
111724909
111746051
111767209
111788363
111809507
111830647
111851791
111872933
111894089
111915247
111936401
111957569
111978739
111999913
112021087
112042237
112063409
112084571
112105771
112126939
112148107
112169297
112190501
112211651
112232837
112254073
112275223
112296421
112317617
112338829
112360043
112381223
112402429
112423621
112444823
112466041
112487261
112508471
112529687
112550903
112572137
112593343
112614563
112635773
112656997
112678229
112699459
112720691
112741931
112763191
112784407
112805669
112826929
112848137
112869389
112890641
112911881
112933141
112954447
112975657
112996951
113018167
113039429
113060707
113081957
113103233
113124509
113145793
113167051
113188349
113209601
113230883
113252203
113273467
113294743
113316037
113337331
113358613
113379941
113401217
113422511
113443817
113465111
113486419
113507717
113529049
113550347
113571673
113592967
113614283
113635631
113656927
113678249
113699623
113720903
113742229
113763557
113784919
113806243
113827589
113848951
113870279
113891629
113912947
113934277
113955631
113977001
113998331
114019691
114041051
114062407
114083777
114105133
114126503
114147863
114169267
114190633
114211987
114233389
114254737
114276101
114297499
114318959
114340253
114361649
114383041
114404429
114425869
114447239
114468611
114490001
114511403
114532811
114554233
114575623
114597059
114618443
114639853
114661291
114682717
114704119
114725551
114746959
114768371
114789809
114811283
114832673
114854149
114875543
114896993
114918421
114939899
114961313
114982739
115004179
115025657
115047077
115068553
115090021
115111483
115132903
115154393
115175843
115197307
115218757
115240231
115261703
115283173
115304647
115326131
115347607
115369097
115390571
115412057
115433537
115455037
115476527
115498013
115519511
115541003
115562521
115584017
115605569
115627067
115648537
115670053
115691549
115713061
115734581
115756087
115777631
115799141
115820657
115842173
115863697
115885241
115906759
115928297
115949861
115971389
115992901
116014463
116035987
116057549
116079079
116100631
116122217
116143757
116165293
116186849
116208401
116229991
116251537
116273117
116294657
116316241
116337811
116359381
116380949
116402527
116424101
116445683
116467313
116488861
116510441
116532029
116553617
116575219
116596819
116618407
116640023
116661617
116683207
116704811
116726417
116748059
116769641
116791319
116812873
116834537
116856119
116877727
116899369
116920997
116942597
116964227
116985859
117007493
117029149
117050767
117072409
117094051
117115697
117137341
117158981
117180631
117202291
117223949
117245603
117267247
117288929
117310573
117332261
117353893
117375589
117397261
117418897
117440591
117462269
117483979
117505601
117527287
117548987
117570653
117592337
117614033
117635717
117657451
117679127
117700823
117722503
117744229
117765917
117787619
117809317
117831037
117852739
117874451
117896179
117917897
117939611
117961331
117983053
118004791
118026509
118048243
118069957
118091713
118113427
118135163
118156931
118178647
118200403
118222187
118243883
118265629
118287401
118309157
118330889
118352651
118374407
118396193
118417969
118439729
118461461
118483229
118504999
118526773
118548611
118570337
118592101
118613899
118635689
118657453
118679237
118701029
118722817
118744649
118766413
118788217
118810033
118831829
118853617
118875439
118897237
118919033
118940849
118962673
118984469
119006317
119028199
119049977
119071747
119093573
119115397
119137231
119159081
119180899
119202737
119224579
119246411
119268251
119290111
119311937
119333779
119355637
119377481
119399359
119421193
119443057
119464907
119486767
119508643
119530507
119552401
119574229
119596097
119617973
119639851
119661749
119683639
119705489
119727389
119749261
119771161
119793029
119814949
119836823
119858719
119880611
119902543
119924407
119946317
119968213
119990141
120012029
120033959
120055879
120077813
120099691
120121601
120143531
120165449
120187381
120209303
120231233
120253157
120275101
120297031
120319007
120340901
120362861
120384827
120406739
120428683
120450653
120472579
120494537
120516491
120538459
120560437
120582373
120604327
120626321
120648257
120670229
120692213
120714193
120736153
120758153
120780119
120802109
120824069
120846053
120868093
120890039
120912023
120934013
120956009
120978007
121000003
121022009
121044031
121066021
121088029
121110037
121132051
121154071
121176071
121198157
121220101
121242137
121264147
121286173
121308221
121330277
121352263
121374307
121396333
121418383
121440409
121462447
121484497
121506563
121528577
121550633
121572677
121594747
121616797
121638851
121660927
121682969
121705033
121727093
121749157
121771229
121793317
121815371
121837451
121859527
121881629
121903699
121925777
121947853
121969963
121992029
122014121
122036219
122058319
122080421
122102503
122124671
122146709
122168821
122190923
122213027
122235137
122257271
122279411
122301493
122323603
122345761
122367857
122389979
122412127
122434261
122456401
122478497
122500633
122522789
122544911
122567047
122589217
122611331
122633477
122655647
122677777
122699959
122722097
122744257
122766403
122788571
122810729
122832923
122855081
122877233
122899411
122921581
122943767
122965943
122988113
123010301
123032491
123054661
123076847
123099029
123121217
123143429
123165643
123187807
123210019
123232211
123254423
123276611
123298823
123321041
123343247
123365479
123387679
123409901
123432103
123454339
123476599
123498811
123521039
123543253
123565457
123587729
123609947
123632209
123654457
123676669
123698909
123721159
123743401
123765641
123787889
123810131
123832399
123854657
123876901
123899173
123921443
123943693
123966047
123988229
124010531
124032781
124055059
124077329
124099607
124121891
124144169
124166459
124188739
124211029
124233353
124255613
124277953
124300207
124322519
124344853
124367129
124389457
124411717
124434029
124456369
124478663
124500997
124523291
124545607
124567957
124590247
124612603
124634899
124657241
124679561
124701947
124724261
124746581
124768901
124791283
124813627
124835933
124858309
124880627
124902983
124925347
124947721
124970051
124992409
125014801
125037149
125059499
125081863
125104237
125126641
125148973
125171351
125193737
125216107
125238511
125260867
125283259
125305639
125328043
125350471
125372813
125395211
125417623
125440001
125462413
125484809
125507227
125529617
125552027
125574467
125596871
125619269
125641727
125664167
125686531
125708953
125731427
125753809
125776241
125798669
125821117
125843561
125865973
125888423
125910899
125933293
125955743
125978179
126000643
126023081
126045533
126067987
126090473
126112927
126135371
126157873
126180317
126202759
126225233
126247697
126270187
126292679
126315131
126337609
126360121
126382579
126405067
126427537
126450031
126472517
126495059
126517543
126540031
126562511
126585013
126607511
126630011
126652549
126675047
126697537
126720067
126742573
126765083
126787631
126810133
126832661
126855199
126877741
126900233
126922759
126945319
126967891
126990377
127012901
127035443
127058021
127080539
127103089
127125629
127148179
127170731
127193323
127215857
127238407
127260977
127283543
127306093
127328681
127351229
127373797
127396393
127418957
127441529
127464107
127486687
127509301
127531867
127554463
127577029
127599677
127622219
127644821
127667417
127690033
127712617
127735207
127757813
127780423
127803031
127825661
127848251
127870867
127893529
127916111
127938739
127961359
127983991
128006611
128029241
128051873
128074493
128097149
128119777
128142401
128165047
128187713
128210351
128232991
128255639
128278307
128300933
128323597
128346247
128368901
128391619
128414239
128436901
128459561
128482231
128504897
128527577
128550259
128572949
128595617
128618291
128640997
128663653
128686367
128709029
128731717
128754433
128777107
128799851
128822501
128845229
128867917
128890613
128913353
128936039
128958749
128981453
129004193
129026893
129049603
129072323
129095047
129117809
129140497
129163253
129185977
129208691
129231461
129254201
129276937
129299647
129322387
129345137
129367877
129390641
129413393
129436133
129458899
129481657
129504407
129527183
129549947
129572699
129595517
129618227
129641011
129663803
129686551
129709357
129732139
129754883
129777667
129800459
129823277
129846029
129868829
129891613
129914413
129937211
129960001
129982817
130005607
130028429
130051217
130074037
130096843
130119659
130142473
130165307
130188109
130210937
130233769
130256587
130279411
130302233
130325057
130347907
130370753
130393573
130416409
130439251
130462091
130484933
130507807
130530649
130553491
130576333
130599193
130622057
130644911
130667767
130690627
130713491
130736369
130759247
130782097
130805009
130827847
130850729
130873619
130896497
130919387
130942261
130965167
130988047
131010923
131033813
131056711
131079643
131102519
131125409
131148331
131171213
131194153
131217049
131239937
131262871
131285779
131308687
131331617
131354567
131377501
131400397
131423309
131446247
131469167
131492129
131515031
131538019
131560903
131583857
131606801
131629733
131652683
131675627
131698583
131721539
131744507
131767501
131790401
131813387
131836337
131859313
131882263
131905229
131928227
131951173
131974177
131997127
132020137
132043111
132066071
132089057
132112061
132135041
132158021
132181013
132204031
132227089
132250007
132273013
132296009
132319027
132342019
132365027
132388079
132411067
132434083
132457093
132480109
132503123
132526157
132549181
132572197
132595231
132618287
132641291
132664333
132687419
132710401
132733451
132756493
132779539
132802597
132825659
132848689
132871747
132894793
132917843
132940937
132964019
132987031
133010099
133033181
133056241
133079321
133102381
133125451
133148527
133171603
133194689
133217767
133240867
133263943
133287031
133310159
133333223
133356319
133379431
133402513
133425613
133448717
133471841
133494929
133518031
133541153
133564261
133587397
133610539
133633601
133656727
133679873
133702991
133726129
133749331
133772357
133795507
133818683
133841767
133864903
133888061
133911191
133934369
133957489
133980659
134003791
134026967
134050087
134073287
134096407
134119589
134142731
134165929
134189059
134212241
134235397
134258581
134281747
134304923
134328127
134351291
134374469
134397677
134420857
134444033
134467217
134490427
134513609
134536837
134560001
134583221
134606413
134629619
134652841
134676037
134699251
134722451
134745671
134768897
134792101
134815333
134838569
134861773
134885027
134908229
134931509
134954707
134977939
135001183
135024413
135047659
135070889
135094133
135117401
135140653
135163877
135187139
135210391
135233653
135256903
135280183
135303431
135326699
135350027
135373241
135396509
135419803
135443047
135466327
135489617
135512917
135536173
135559451
135582757
135606049
135629341
135652663
135675913
135699251
135722501
135745817
135769121
135792427
135815723
135839029
135862339
135885653
135908977
135932287
135955609
135978949
136002263
136025599
136048901
136072229
136095563
136118891
136142231
136165573
136188907
136212253
136235587
136258939
136282277
136305641
136328993
136352339
136375697
136399049
136422401
136445773
136469131
136492537
136515859
136539229
136562599
136585979
136609349
136632733
136656109
136679497
136702877
136726259
136749653
136773037
136796419
136819811
136843229
136866623
136890011
136913407
136936829
136960247
136983619
137007047
137030441
137053853
137077271
137100683
137124107
137147531
137170973
137194373
137217803
137241263
137264663
137288101
137311553
137334979
137358401
137381887
137405287
137428741
137452247
137475643
137499101
137522563
137546009
137569493
137592913
137616371
137639833
137663299
137686777
137710229
137733737
137757187
137780693
137804137
137827607
137851117
137874619
137898077
137921543
137945051
137968531
137992027
138015517
138039019
138062501
138086009
138109511
138133013
138156527
138180037
138203543
138227053
138250571
138274109
138297613
138321143
138344669
138368171
138391703
138415229
138438757
138462307
138485849
138509369
138532907
138556447
138580007
138603539
138627091
138650627
138674189
138697759
138721301
138744847
138768403
138791963
138815531
138839093
138862663
138886261
138909809
138933371
138956947
138980549
139004101
139027687
139051273
139074853
139098439
139122037
139145647
139169227
139192811
139216403
139240001
139263613
139287221
139310849
139334417
139358039
139381639
139405267
139428889
139452491
139476101
139499779
139523381
139546991
139570597
139594241
139617857
139641499
139665151
139688767
139712411
139736057
139759727
139783339
139807021
139830629
139854287
139877957
139901599
139925243
139948901
139972579
139996229
140019907
140043571
140067227
140090911
140114581
140138263
140161933
140185609
140209331
140232991
140256653
140280341
140304089
140327767
140351413
140375149
140398807
140422507
140446219
140469911
140493611
140517319
140541029
140564747
140588473
140612167
140635889
140659609
140683327
140707057
140730773
140754521
140778257
140801957
140825761
140849431
140873219
140896907
140920669
140944387
140968141
140991889
141015631
141039391
141063137
141086887
141110699
141134407
141158189
141181933
141205699
141229463
141253253
141276997
141300779
141324551
141348329
141372107
141395887
141419671
141443459
141467237
141491033
141514819
141538613
141562423
141586213
141610019
141633827
141657611
141681437
141705259
141729041
141752843
141776659
141800471
141824317
141848101
141871927
141895759
141919597
141943409
141967229
141991063
142014913
142038733
142062589
142086403
142110247
142134103
142157989
142181777
142205627
142229489
142253333
142277209
142301053
142324907
142348763
142372649
142396517
142420357
142444249
142468111
142491971
142515859
142539731
142563611
142587491
142611389
142635277
142659151
142683031
142706917
142730821
142754719
142778611
142802551
142826413
142850321
142874231
142898137
142922027
142945939
142969859
142993769
143017697
143041603
143065541
143089447
143113393
143137307
143161229
143185177
143209097
143233067
143256989
143280901
143304851
143328791
143352743
143376689
143400643
143424607
143448589
143472491
143496481
143520401
143544367
143568329
143592299
143616281
143640227
143664253
143688173
143712161
143736149
143760101
143784097
143808097
143832077
143856047
143880041
143904017
143928011
143952013
143976031
144000001
144024059
144048019
144072011
144096049
144120029
144144053
144168053
144192109
144216089
144240119
144264157
144288169
144312191
144336197
144360239
144384257
144408293
144432329
144456379
144480403
144504473
144528491
144552553
144576577
144600629
144624709
144648731
144672799
144696857
144720907
144744967
144769033
144793111
144817159
144841231
144865297
144889387
144913451
144937523
144961613
144985693
145009783
145033907
145057949
145082033
145106167
145130263
145154323
145178413
145202557
145226621
145250719
145274813
145298921
145323029
145347151
145371253
145395379
145419511
145443601
145467731
145491887
145515973
145540097
145564229
145588363
145612499
145636639
145660763
145684907
145709063
145733233
145757363
145781483
145805629
145829843
145853941
145878097
145902247
145926413
145950577
145974737
145998901
146023057
146047229
146071399
146095571
146119763
146143927
146168101
146192297
146216467
146240651
146264837
146289047
146313217
146337421
146361613
146385809
146410003
146434219
146458409
146482613
146506883
146531029
146555239
146579453
146603689
146627939
146652131
146676329
146700607
146724779
146749007
146773241
146797459
146821699
146845931
146870177
146894401
146918689
146942933
146967131
146991389
147015637
147039877
147064147
147088387
147112643
147136933
147161171
147185461
147209693
147233981
147258239
147282511
147306781
147331091
147355339
147379601
147403909
147428173
147452453
147476737
147501031
147525319
147549617
147573949
147598211
147622511
147646823
147671123
147695413
147719717
147744029
147768347
147792719
147816967
147841283
147865631
147889967
147914251
147938597
147962911
147987239
148011569
148035893
148060249
148084567
148108903
148133243
148157623
148181941
148206293
148230637
148254991
148279337
148303691
148328071
148352411
148376779
148401157
148425491
148449857
148474231
148498631
148522991
148547359
148571723
148596121
148620509
148644869
148669253
148693637
148718027
148742437
148766831
148791211
148815613
148840009
148864403
148888823
148913263
148937669
148962031
148986451
149010857
149035273
149059697
149084147
149108537
149132981
149157409
149181797
149206241
149230673
149255131
149279549
149303989
149328409
149352877
149377301
149401739
149426177
149450633
149475089
149499551
149523991
149548471
149572903
149597363
149621839
149646311
149670757
149695289
149719727
149744173
149768653
149793143
149817631
149842109
149866571
149891099
149915539
149940047
149964523
149989013
150013529
150038023
150062533
150087013
150111509
150136031
150160523
150185027
150209537
150234061
150258569
150283093
150307627
150332141
150356659
150381173
150405709
150430243
150454781
150479299
150503833
150528373
150552911
150577459
150602003
150626533
150651079
150675659
150700177
150724751
150749293
150773849
150798469
150823009
150847537
150872143
150896659
150921227
150945827
150970381
150994979
151019537
151044149
151068703
151093289
151117859
151142437
151167047
151191629
151216213
151240807
151265419
151290001
151314659
151339217
151363811
151388437
151413037
151437659
151462253
151486873
151511501
151536109
151560733
151585367
151609993
151634597
151659229
151683863
151708499
151733137
151757791
151782467
151807049
151831699
151856347
151881001
151905631
151930283
151954931
151979593
152004299
152028913
152053571
152078317
152102903
152127557
152152249
152176897
152201587
152226247
152250947
152275603
152300293
152324971
152349653
152374337
152399047
152423741
152448437
152473117
152497817
152522537
152547203
152571911
152596643
152621317
152646029
152670737
152695453
152720171
152744897
152769601
152794357
152819047
152843791
152868517
152893229
152917967
152942707
152967467
152992181
153016921
153041659
153066427
153091139
153115883
153140657
153165391
153190133
153214889
153239651
153264413
153289183
153313933
153338701
153363467
153388237
153412997
153437773
153462557
153487333
153512101
153536899
153561739
153586457
153611267
153636053
153660817
153685613
153710407
153735217
153760003
153784817
153809633
153834463
153859217
153884041
153908851
153933667
153958487
153983299
154008109
154032929
154057747
154082581
154107403
154132229
154157057
154181897
154206737
154231579
154256449
154281269
154306099
154330973
154355797
154380683
154405487
154430357
154455221
154480049
154504907
154529803
154554637
154579499
154604357
154629227
154654099
154678987
154703849
154728737
154753609
154778501
154803373
154828273
154853141
154878029
154902919
154927811
154952711
154977619
155002501
155027459
155052341
155077229
155102117
155127041
155151949
155176897
155201777
155226691
155251601
155276549
155301463
155326393
155351299
155376227
155401163
155426113
155451029
155476037
155500949
155525861
155550797
155575733
155600693
155625703
155650639
155675543
155700499
155725499
155750407
155775379
155800357
155825303
155850257
155875229
155900197
155925193
155950177
155975159
156000101
156025091
156050071
156075083
156100073
156125069
156150053
156175043
156200017
156225031
156250027
156275003
156300007
156325019
156350087
156375041
156400037
156425051
156450079
156475087
156500111
156525139
156550153
156575171
156600221
156625253
156650261
156675373
156700331
156725369
156750413
156775469
156800509
156825547
156850583
156875669
156900691
156925789
156950837
156975883
157000927
157025969
157051039
157076149
157101167
157126241
157151317
157176377
157201463
157226527
157251607
157276687
157301773
157326887
157351951
157377029
157402117
157427227
157452307
157477451
157502503
157527679
157552723
157577813
157602941
157628027
157653143
157678259
157703389
157728491
157753613
157778729
157803847
157828981
157854097
157879229
157904399
157929493
157954627
157979777
158004901
158030057
158055193
158080339
158105483
158130667
158155787
158180951
158206109
158231261
158256403
158281579
158306767
158331893
158357063
158382247
158407429
158432587
158457749
158482931
158508101
158533289
158558467
158583703
158608889
158634029
158659247
158684437
158709611
158734813
158760013
158785229
158810429
158835613
158860831
158886031
158911241
158936489
158961701
158986897
159012107
159037339
159062569
159087781
159112997
159138229
159163483
159188741
159213937
159239233
159264401
159289661
159314899
159340151
159365377
159390631
159415897
159441133
159466399
159491659
159516901
159542177
159567431
159592703
159617957
159643291
159668497
159693799
159719057
159744341
159769609
159794893
159820181
159845453
159870743
159896057
159921379
159946613
159971909
159997237
160022507
160047827
160073107
160098413
160123739
160149029
160174363
160199693
160224991
160250297
160275607
160300937
160326253
160351571
160376899
160402261
160427563
160452917
160478233
160503569
160528913
160554253
160579631
160604947
160630279
160655647
160680979
160706333
160731707
160757071
160782407
160807763
160833137
160858507
160883857
160909237
160934623
160959989
160985369
161010739
161036119
161061493
161086879
161112251
161137637
161163031
161188429
161213861
161239213
161264627
161290009
161315461
161340811
161366267
161391619
161417033
161442439
161467861
161493287
161518703
161544101
161569537
161594957
161620421
161645807
161671243
161696659
161722117
161747533
161772971
161798407
161823847
161849293
161874733
161900177
161925637
161951081
161976547
162002003
162027443
162052901
162078373
162103831
162129329
162154777
162180233
162205709
162231193
162256657
162282137
162307603
162333107
162358571
162384059
162409537
162435029
162460531
162486031
162511507
162537007
162562507
162588053
162613513
162639067
162664531
162690067
162715537
162741053
162766579
162792121
162817607
162843169
162868697
162894197
162919697
162945227
162970757
162996299
163021853
163047413
163072907
163098449
163123997
163149541
163175081
163200637
163226177
163251749
163277339
163302851
163328411
163353979
163379561
163405091
163430671
163456247
163481803
163507373
163532987
163558523
163584107
163609687
163635287
163660877
163686487
163712039
163737619
163763239
163788827
163814407
163840007
163865609
163891249
163916843
163942421
163968029
163993639
164019299
164044873
164070497
164096131
164121733
164147363
164172971
164198623
164224253
164249857
164275493
164301149
164326769
164352401
164378047
164403703
164429339
164455043
164480647
164506289
164531951
164557597
164583271
164608919
164634577
164660227
164685923
164711593
164737229
164762947
164788571
164814257
164839981
164865619
164891327
164916971
164942651
164968337
164994029
165019781
165045421
165071113
165096839
165122509
165148259
165173923
165199627
165225317
165251027
165276773
165302461
165328171
165353891
165379607
165405353
165431047
165456787
165482503
165508237
165533969
165559699
165585439
165611179
165636907
165662663
165688403
165714139
165739877
165765631
165791377
165817153
165842891
165868691
165894401
165920171
165945931
165971717
165997459
166023229
166049003
166074809
166100551
166126333
166152113
166177897
166203671
166229467
166255267
166281091
166306817
166332679
166358417
166384213
166410029
166435823
166461629
166487411
166513231
166539041
166564883
166590691
166616479
166642297
166668101
166693927
166719757
166745573
166771433
166797227
166823077
166848911
166874731
166900583
166926401
166952249
166978109
167003933
167029789
167055649
167081477
167107363
167133209
167159071
167184911
167210777
167236631
167262499
167288389
167314229
167340127
167365973
167391853
167417729
167443603
167469517
167495369
167521261
167547139
167573059
167598919
167624813
167650727
167676659
167702503
167728453
167754313
167780213
167806127
167832043
167857957
167883853
167909767
167935717
167961631
167987549
168013451
168039383
168065297
168091283
168117161
168143093
168169037
168194977
168220901
168246847
168272857
168298747
168324679
168350653
168376609
168402547
168428531
168454457
168480413
168506389
168532327
168558293
168584263
168610241
168636197
168662171
168688171
168714127
168740107
168766093
168792119
168818081
168844057
168870029
168896033
168922021
168948007
168974021
169000033
169026031
169052017
169078043
169104029
169130029
169156051
169182059
169208071
169234097
169260131
169286123
169312151
169338181
169364213
169390237
169416307
169442297
169468331
169494379
169520423
169546453
169572509
169598549
169624583
169650653
169676693
169702733
169728791
169754867
169780909
169806983
169833047
169859093
169885159
169911227
169937309
169963393
169989473
170015533
170041643
170067691
170093779
170119889
170145947
170172043
170198123
170224237
170250307
170276417
170302519
170328607
170354747
170380831
170406923
170433047
170459137
170485253
170511401
170537501
170563609
170589751
170615857
170641973
170668097
170694253
170720357
170746517
170772647
170798767
170824903
170851049
170877199
170903377
170929487
170955643
170981777
171007933
171034103
171060247
171086417
171112577
171138739
171164899
171191063
171217273
171243427
171269603
171295769
171321923
171348101
171374299
171400499
171426667
171452863
171479027
171505223
171531427
171557629
171583817
171610001
171636211
171662411
171688619
171714863
171741029
171767237
171793487
171819667
171845941
171872101
171898351
171924551
171950771
171977021
172003243
172029469
172055701
172081957
172108163
172134409
172160663
172186909
172213159
172239383
172265629
172291879
172318169
172344391
172370657
172396901
172423177
172449451
172475741
172501999
172528241
172554497
172580777
172607051
172633343
172659611
172685921
172712171
172738457
172764751
172791037
172817339
172843637
172869937
172896203
172922507
172948807
172975123
173001419
173027719
173054039
173080343
173106653
173132977
173159291
173185603
173211943
173238259
173264573
173290919
173317241
173343587
173369899
173396239
173422583
173448959
173475271
173501591
173527943
173554307
173580697
173607017
173633333
173659691
173686057
173712401
173738767
173765131
173791507
173817859
173844233
173870617
173896993
173923363
173949733
173976149
174002519
174028867
174055279
174081643
174108037
174134431
174160823
174187213
174213617
174240007
174266419
174292843
174319237
174345623
174372031
174398449
174424867
174451267
174477689
174504119
174530533
174556951
174583429
174609811
174636227
174662659
174689101
174715537
174741989
174768409
174794857
174821329
174847741
174874177
174900631
174927089
174953557
174980033
175006451
175032917
175059373
175085837
175112309
175138783
175165247
175191721
175218179
175244647
175271149
175297607
175324087
175350569
175377061
175403539
175430027
175456517
175483013
175509539
175536017
175562537
175589009
175615513
175642013
175668517
175695043
175721551
175748059
175774603
175801111
175827607
175854127
175880681
175907183
175933717
175960229
175986757
176013323
176039827
176066377
176092921
176119451
176146021
176172553
176199077
176225639
176252179
176278769
176305343
176331851
176358407
176384963
176411531
176438099
176464657
176491241
176517797
176544383
176570951
176597527
176624113
176650697
176677271
176703859
176730439
176757043
176783627
176810273
176836823
176863409
176890009
176916613
176943211
176969827
176996429
177023027
177049673
177076259
177102881
177129487
177156101
177182741
177209353
177235987
177262601
177289291
177315863
177342491
177369139
177395773
177422411
177449047
177475703
177502331
177529007
177555647
177582281
177608947
177635593
177662263
177688937
177715579
177742261
177768931
177795577
177822251
177848897
177875591
177902293
177928931
177955633
177982283
178008977
178035659
178062337
178089047
178115719
178142443
178169107
178195841
178222501
178249217
178275961
178302617
178329331
178356029
178382749
178409453
178436171
178462883
178489601
178516369
178543049
178569803
178596499
178623227
178649963
178676711
178703431
178730173
178756909
178783651
178810391
178837133
178863907
178890629
178917377
178944133
178970963
178997653
179024449
179051219
179077933
179104727
179131471
179158267
179185003
179211787
179238551
179265349
179292101
179318899
179345669
179372507
179399237
179426029
179452829
179479613
179506423
179533217
179560079
179586809
179613673
179640451
179667221
179694037
179720851
179747651
179774471
179801317
179828111
179854933
179881763
179908571
179935433
179962259
179989063
180015911
180042739
180069563
180096401
180123247
180150109
180176933
180203789
180230627
180257479
180284333
180311207
180338047
180364901
180391763
180418627
180445493
180472379
180499243
180526097
180552973
180579907
180606733
180633611
180660499
180687389
180714299
180741149
180768041
180794923
180821813
180848719
180875603
180902531
180929417
180956309
180983221
181010149
181037047
181063973
181090867
181117771
181144699
181171603
181198579
181225459
181252373
181279321
181306247
181333157
181360093
181387027
181414007
181440971
181467859
181494793
181521737
181548721
181575629
181602583
181629541
181656499
181683457
181710407
181737383
181764343
181791293
181818269
181845239
181872209
181899181
181926161
181953133
181980101
182007101
182034089
182061067
182088041
182115047
182142043
182169011
182196013
182223011
182250011
182277031
182304007
182331041
182358047
182385037
182412037
182439073
182466073
182493083
182520103
182547143
182574151
182601173
182628221
182655241
182682257
182709299
182736341
182763367
182790401
182817457
182844499
182871541
182898587
182925629
182952689
182979767
183006787
183033847
183060919
183087967
183115039
183142097
183169157
183196229
183223303
183250387
183277447
183304529
183331651
183358723
183385793
183412861
183439939
183467027
183494117
183521213
183548311
183575417
183602501
183629609
183656719
183683821
183710927
183738047
183765161
183792251
183819373
183846491
183873611
183900751
183927853
183954983
183982103
184009237
184036379
184063499
184090633
184117777
184144907
184172047
184199201
184226353
184253479
184280627
184307777
184334963
184362097
184389251
184416431
184443593
184470733
184497893
184525079
184552261
184579411
184606571
184633747
184660939
184688107
184715299
184742473
184769677
184796861
184824071
184851221
184878427
184905631
184932821
184960021
184987207
185014409
185041631
185068843
185096029
185123243
185150453
185177683
185204897
185232107
185259331
185286547
185313839
185341003
185368259
185395471
185422697
185449949
185477167
185504401
185531651
185558899
185586139
185613397
185640641
185667883
185695141
185722403
185749651
185776933
185804209
185831461
185858719
185885981
185913269
185940523
185967787
185995091
186022373
186049603
186076949
186104173
186131459
186158761
186186029
186213329
186240619
186267911
186295229
186322501
186349819
186377111
186404411
186431723
186459041
186486337
186513659
186541037
186568289
186595601
186622937
186650257
186677581
186704899
186732289
186759557
186786907
186814247
186841607
186868921
186896243
186923609
186950941
186978277
187005647
187033037
187060421
187087741
187115083
187142401
187169767
187197133
187224509
187251871
187279231
187306597
187333973
187361351
187388731
187416127
187443499
187470869
187498271
187525669
187553029
187580441
187607867
187635209
187662611
187690031
187717433
187744807
187772237
187799641
187827037
187854449
187881853
187909283
187936687
187964113
187991539
188018947
188046371
188073803
188101231
188128667
188156141
188183531
188210977
188238437
188265853
188293297
188320733
188348177
188375641
188403079
188430577
188458001
188485457
188512931
188540381
188567843
188595299
188622779
188650229
188677703
188705173
188732651
188760133
188787617
188815093
188842571
188870057
188897609
188925031
188952523
188980049
189007519
189035017
189062509
189090007
189117529
189145027
189172517
189200041
189227537
189255091
189282589
189310103
189337613
189365123
189392647
189420229
189447703
189475249
189502769
189530291
189557843
189585371
189612911
189640453
189667993
189695549
189723089
189750637
189778207
189805747
189833297
189860843
189888409
189916007
189943549
189971167
189998671
190026247
190053797
190081379
190108969
190136549
190164131
190191689
190219277
190246883
190274443
190302041
190329619
190357213
190384813
190412429
190440011
190467611
190495211
190522811
190550453
190578029
190605637
190633253
190660901
190688489
190716107
190743727
190771351
190798987
190826621
190854227
190881869
190909513
190937141
190964771
190992401
191020073
191047691
191075341
191102981
191130631
191158283
191185949
191213593
191241257
191268901
191296577
191324227
191351911
191379563
191407259
191434913
191462573
191490259
191517923
191545619
191573287
191600977
191628653
191656343
191684039
191711717
191739419
191767109
191794817
191822531
191850203
191877913
191905619
191933317
191961031
191988743
192016459
192044201
192071909
192099623
192127333
192155071
192182789
192210527
192238231
192265979
192293701
192321433
192349177
192376901
192404717
192432391
192460133
192487927
192515639
192543427
192571133
192598891
192626659
192654401
192682207
192709967
192737707
192765467
192793231
192820997
192848779
192876553
192904331
192932123
192959927
192987703
193015451
193043243
193071029
193098887
193126657
193154407
193182233
193210001
193237819
193265623
193293421
193321237
193349053
193376849
193404697
193432469
193460287
193488103
193515937
193543751
193571579
193599401
193627241
193655071
193682891
193710731
193738583
193766453
193794247
193822087
193849937
193877777
193905631
193933499
193961359
193989197
194017049
194044913
194072797
194100653
194128499
194156393
194184229
194212127
194239979
194267861
194295727
194323601
194351489
194379391
194407261
194435147
194463037
194490929
194518823
194546711
194574619
194602543
194630407
194658311
194686213
194714129
194742029
194769941
194797853
194825767
194853713
194881637
194909527
194937451
194965391
194993297
195021251
195049159
195077117
195105047
195132991
195160909
195188857
195216793
195244757
195272687
195300643
195328583
195356533
195384491
195412471
195440411
195468379
195496333
195524297
195552257
195580237
195608209
195636173
195664153
195692129
195720103
195748097
195776083
195804053
195832037
195860057
195888047
195916033
195944011
195972011
196000001
196028017
196056031
196084013
196112023
196140029
196168039
196196051
196224097
196252087
196280101
196308137
196336157
196364173
196392199
196420267
196448257
196476341
196504333
196532377
196560401
196588517
196616501
196644571
196672607
196700641
196728677
196756733
196784821
196812853
196840913
196868999
196897033
196925107
196953157
196981249
197009297
197037377
197065447
197093527
197121601
197149691
197177791
197205871
197233943
197262049
197290123
197318237
197346337
197374409
197402503
197430613
197458717
197486819
197514973
197543051
197571151
197599253
197627377
197655509
197683609
197711743
197739851
197767981
197796101
197824243
197852359
197880499
197908631
197936771
197964913
197993051
198021203
198049351
198077521
198105653
198133783
198161933
198190123
198218263
198246403
198274577
198302737
198330917
198359099
198387239
198415397
198443573
198471751
198499937
198528137
198556283
198584467
198612671
198640843
198669041
198697243
198725411
198753673
198781813
198810023
198838229
198866411
198894623
198922817
198951031
198979241
199007453
199035713
199063883
199092121
199120333
199148549
199176779
199205011
199233257
199261507
199289737
199317953
199346171
199374401
199402661
199430939
199459153
199487381
199515629
199543901
199572137
199600409
199628657
199656913
199685183
199713431
199741733
199769989
199798231
199826521
199854773
199883081
199911323
199939631
199967899
199996169
200024459
200052737
200081029
200109323
200137627
200165929
200194213
200222507
200250851
200279119
200307439
200335747
200364053
200392337
200420659
200449037
200477317
200505611
200533939
200562253
200590589
200618909
200647231
200675557
200703931
200732237
200760563
200788927
200817263
200845607
200873957
200902291
200930629
200958983
200987341
201015739
201044059
201072401
201100771
201129197
201157507
201185861
201214231
201242597
201270977
201299359
201327751
201356101
201384503
201412873
201441269
201469637
201498049
201526417
201554849
201583231
201611609
201640001
201668437
201696829
201725263
201753653
201782039
201810439
201838853
201867269
201895697
201924101
201952579
201980951
202009397
202037833
202066253
202094663
202123093
202151533
202179973
202208401
202236847
202265333
202293757
202322221
202350637
202379077
202407533
202436009
202464497
202492909
202521367
202549873
202578301
202606787
202635263
202663711
202692187
202720649
202749149
202777607
202806083
202834579
202863077
202891547
202920031
202948591
202977017
203005507
203034067
203062537
203091017
203119513
203148037
203176553
203205043
203233571
203262061
203290579
203319121
203347603
203376137
203404657
203433193
203461697
203490239
203518771
203547299
203575873
203604391
203632901
203661463
203689987
203718607
203747099
203775629
203804179
203832743
203861293
203889859
203918441
203946991
203975539
204004093
204032663
204061229
204089819
204118373
204146947
204175537
204204101
204232723
204261283
204289853
204318437
204347131
204375659
204404219
204432821
204461407
204490003
204518609
204547271
204575821
204604451
204633031
204661669
204690257
204718873
204747527
204776119
204804739
204833407
204861977
204890611
204919229
204947863
204976591
205005131
205033771
205062409
205091099
205119701
205148341
205176989
205205629
205234279
205262977
205291613
205320253
205348901
205377563
205406231
205434913
205463561
205492241
205520911
205549607
205578257
205606927
205635629
205664293
205692983
205721651
205750343
205779053
205807733
205836437
205865117
205893833
205922503
205951217
205979923
206008633
206037323
206066033
206094737
206123461
206152169
206180911
206209637
206238337
206267093
206295779
206324519
206353237
206381963
206410727
206439439
206468173
206496911
206525647
206554391
206583191
206611877
206640667
206669413
206698153
206726887
206755643
206784401
206813179
206841953
206870693
206899481
206928251
206957017
206985781
207014551
207043363
207072109
207100891
207129691
207158453
207187241
207216067
207244847
207273611
207302419
207331207
207360007
207388807
207417619
207446423
207475223
207504041
207532837
207561661
207590489
207619309
207648101
207676927
207705761
207734603
207763397
207792229
207821101
207849893
207878747
207907571
207936427
207965249
207994091
208022939
208051799
208080641
208109477
208138349
208167187
208196071
208224943
208253789
208282663
208311511
208340381
208369241
208398107
208426993
208455881
208484743
208513603
208542493
208571381
208600261
208629143
208658027
208686923
208715821
208744709
208773611
208802509
208831453
208860307
208889221
208918121
208947043
208975957
209004853
209033767
209062697
209091607
209120539
209149471
209178371
209207303
209236229
209265157
209294117
209323027
209351963
209380903
209409847
209438819
209467747
209496697
209525633
209554577
209583581
209612549
209641451
209670413
209699389
209728357
209757293
209786257
209815237
209844197
209873179
209902153
209931131
209960141
209989111
210018089
210047069
210076037
210105037
210134017
210163039
210192007
210221003
210250003
210279059
210308011
210337081
210366017
210395033
210424037
210453053
210482113
210511099
210540151
210569179
210598151
210627181
210656213
210685231
210714271
210743293
210772327
210801379
210830437
210859463
210888497
210917533
210946621
210975629
211004719
211033759
211062823
211091849
211120937
211149971
211179043
211208093
211237211
211266227
211295299
211324381
211353449
211382569
211411619
211440703
211469801
211498867
211527937
211557037
211586189
211615259
211644361
211673419
211702501
211731607
211760711
211789847
211818923
211848029
211877153
211906273
211935377
211964491
211993601
212022787
212051849
212081011
212110109
212139229
212168357
212197543
212226631
212255767
212284903
212314049
212343217
212372339
212401489
212430643
212459777
212488949
212518093
212547259
212576401
212605577
212634739
212663909
212693059
212722291
212751431
212780573
212809781
212838947
212868109
212897303
212926477
212955703
212984879
213014027
213043223
213072413
213101627
213130817
213160033
213189203
213218413
213247627
213276827
213306029
213335237
213364469
213393671
213422897
213452111
213481327
213510551
213539773
213569033
213598249
213627467
213656719
213685943
213715163
213744431
213773647
213802889
213832189
213861407
213890627
213919897
213949187
213978389
214007683
214036903
214066163
214095437
214124731
214153957
214183237
214212497
214241791
214271081
214300327
214329611
214358891
214388189
214417453
214446751
214476037
214505323
214534627
214563907
214593257
214622531
214651807
214681163
214710427
214739719
214769059
214798361
214827703
214856977
214886291
214915601
214944937
214974259
215003587
215032913
215062277
215091577
215120911
215150263
215179571
215208943
215238253
215267621
215296931
215326277
215355629
215384999
215414341
215443699
215473067
215502409
215531773
215561167
215590541
215619907
215649253
215678621
215708027
215737349
215766731
215796107
215825497
215854897
215884259
215913637
215943029
215972429
216001811
216031217
216060653
216090011
216119411
216148811
216178213
216207679
216237029
216266441
216295853
216325301
216354709
216384121
216413531
216442981
216472379
216501797
216531229
216560657
216590093
216619547
216649019
216678403
216707851
216737291
216766769
216796211
216825629
216855091
216884537
216914021
216943451
216972911
217002391
217031849
217061309
217090763
217120259
217149703
217179181
217208657
217238129
217267613
217297097
217326569
217356053
217385551
217415053
217444517
217474031
217503521
217533053
217562599
217592033
217621507
217651067
217680523
217710043
217739539
217769053
217798579
217828087
217857611
217887151
217916683
217946173
217975699
218005243
218034767
218064293
218093857
218123369
218152931
218182469
218211997
218241557
218271077
218300669
218330209
218359751
218389289
218418853
218448409
218477983
218507537
218537153
218566669
218596247
218625821
218655397
218684959
218714557
218744101
218773699
218803267
218832881
218862439
218892041
218921621
218951219
218980813
219010403
219040007
219069611
219099211
219128839
219158419
219188041
219217657
219247253
219276877
219306487
219336121
219365723
219395347
219424973
219454597
219484231
219513869
219543517
219573131
219602771
219632411
219662089
219691691
219721349
219750977
219780637
219810277
219839947
219869591
219899249
219928909
219958567
219988231
220017901
220047559
220077227
220106911
220136597
220166251
220195931
220225609
220255289
220285049
220314659
220344353
220374041
220403719
220433429
220463129
220492819
220522501
220552219
220581923
220611619
220641349
220671029
220700813
220730459
220760171
220789883
220819607
220849351
220879049
220908781
220938499
220968263
220997963
221027711
221057429
221087179
221116919
221146649
221176387
221206169
221235881
221265637
221295383
221325131
221354897
221384651
221414437
221444173
221473933
221503717
221533469
221563241
221592997
221622773
221652547
221682341
221712109
221741929
221771687
221801453
221831303
221861039
221890819
221920613
221950423
221980207
222010013
222039821
222069607
222099413
222129253
222159029
222188851
222218653
222248627
222278291
222308111
222337937
222367757
222397573
222427397
222457243
222487079
222516929
222546743
222576587
222606403
222636263
222666097
222695947
222725791
222755629
222785477
222815353
222845201
222875047
222904907
222934781
222964631
222994537
223024367
223054267
223084097
223113973
223143857
223173767
223203601
223233529
223263371
223293277
223323193
223353029
223382927
223412857
223442729
223472617
223502501
223532411
223562309
223592249
223622129
223652029
223681949
223711853
223741789
223771693
223801603
223831549
223861459
223891391
223921337
223951249
223981159
224011097
224041043
224070983
224100949
224130853
224160799
224190731
224220679
224250629
224280599
224310533
224340497
224370463
224400433
224430431
224460329
224490317
224520277
224550233
224580227
224610173
224640151
224670133
224700103
224730097
224760127
224790053
224820047
224850029
224880017
224910019
224940011
224970047
225000011
225030007
225060013
225090031
225120019
225150043
225180047
225210061
225240073
225270103
225300107
225330151
225360151
225390203
225420203
225450227
225480263
225510323
225540331
225570379
225600407
225630451
225660497
225690551
225720581
225750631
225780683
225810773
225840817
225870847
225900901
225930977
225961027
225991091
226021163
226051249
226081301
226111387
226141459
226171523
226201627
226231693
226261769
226291853
226321961
226352053
226382129
226412233
226442327
226472413
226502501
226532641
226562731
226592819
226622941
226653073
226683139
226713251
226743367
226773563
226803617
226833743
226863851
226893971
226924099
226954237
226984367
227014507
227044637
227074777
227104901
227135053
227165219
227195351
227225477
227255641
227285833
227315971
227346089
227376251
227406401
227436607
227466731
227496947
227527093
227557271
227587397
227617571
227647781
227677939
227708161
227738317
227768477
227798653
227828879
227859059
227889257
227919413
227949613
227979823
228010031
228040217
228070463
228100627
228130817
228161039
228191237
228221453
228251677
228281909
228312107
228342343
228372553
228402793
228433039
228463241
228493483
228523721
228553939
228584179
228614417
228644681
228674891
228705133
228735461
228765631
228795883
228826141
228856393
228886667
228916901
228947171
228977429
229007699
229038001
229068239
229098503
229128793
229159067
229189327
229219607
229249927
229280167
229310479
229340743
229371031
229401371
229431619
229461913
229492223
229522511
229552823
229583119
229613411
229643723
229674041
229704337
229734653
229764991
229795297
229825619
229855957
229886269
229916573
229946909
229977227
230007587
230037901
230068273
230098591
230128909
230159261
230189591
230219939
230250277
230280629
230310979
230341367
230371727
230402047
230432401
230462767
230493127
230523499
230553859
230584253
230614597
230644987
230675369
230705731
230736119
230766577
230796883
230827283
230857643
230888039
230918417
230948821
230979209
231009641
231040009
231070429
231100813
231131221
231161617
231192043
231222487
231252863
231283267
231313699
231344101
231374543
231404947
231435389
231465797
231496229
231526661
231557111
231587527
231617963
231648407
231678857
231709297
231739757
231770177
231800633
231831077
231861533
231892021
231922459
231952921
231983387
232013843
232044301
232074781
232105229
232135703
232166171
232196647
232227131
232257659
232288087
232318571
232349053
232379551
232410029
232440517
232471027
232501543
232532057
232562507
232593017
232623527
232654021
232684523
232715027
232745537
232776059
232806571
232837097
232867601
232898123
232928677
232959193
232989697
233020289
233050771
233081291
233111833
233142449
233172911
233203447
233234009
233264543
233295107
233325647
233356199
233386739
233417297
233447857
233478431
233508983
233539543
233570093
233600663
233631241
233661803
233692399
233722949
233753549
233784107
233814683
233845273
233875949
233906443
233937083
233967623
233998211
234028807
234059407
234090007
234120629
234151237
234181811
234212437
234243067
234273649
234304271
234334871
234365539
234396101
234426737
234457351
234487973
234518597
234549229
234579887
234610501
234641129
234671777
234702401
234733061
234763721
234794347
234824981
234855641
234886277
234916939
234947621
234978253
235008911
235039583
235070239
235100891
235131569
235162253
235192921
235223581
235254277
235284971
235315603
235346291
235376983
235407659
235438351
235469029
235499717
235530443
235561127
235591813
235622507
235653203
235683919
235714621
235745351
235776067
235806751
235837463
235868173
235898921
235929611
235960337
235991071
236021803
236052503
236083357
236113967
236144723
236175437
236206237
236236901
236267711
236298397
236329133
236359883
236390657
236421401
236452171
236482889
236513687
236544403
236575169
236605927
236636713
236667491
236698229
236729027
236759777
236790553
236821367
236852113
236882887
236913667
236944469
236975237
237006037
237036851
237067613
237098441
237129203
237160003
237190861
237221639
237252413
237283223
237314029
237344851
237375673
237406471
237437323
237468107
237498923
237529777
237560573
237591413
237622279
237653069
237683899
237714809
237745579
237776419
237807247
237838091
237868937
237899813
237930631
237961481
237992383
238023193
238054057
238084933
238115827
238146653
238177517
238208359
238239251
238270103
238300973
238331851
238362743
238393609
238424519
238455367
238486253
238517177
238548031
238578961
238609831
238640749
238671613
238702517
238733413
238764319
238795213
238826131
238857049
238887967
238918861
238949797
238980683
239011613
239042567
239073463
239104373
239135297
239166247
239197181
239228111
239259049
239290001
239320901
239351867
239382811
239413781
239444717
239475647
239506577
239537533
239568491
239599453
239630401
239661391
239692357
239723291
239754259
239785229
239816201
239847187
239878189
239909123
239940119
239971097
240002083
240033067
240064051
240095047
240126023
240157019
240188021
240219017
240250033
240281029
240312011
240343013
240374023
240405037
240436057
240467099
240498077
240529099
240560101
240591151
240622147
240653227
240684209
240715243
240746257
240777293
240808333
240839381
240870439
240901457
240932501
240963539
240994577
241025627
241056703
241087793
241118833
241149851
241180903
241211969
241243033
241274107
241305173
241336241
241367297
241398379
241429471
241460579
241491631
241522693
241553773
241584851
241615939
241647031
241678121
241709219
241740313
241771421
241802501
241833607
241864717
241895813
241926941
241958039
241989151
242020277
242051377
242082493
242113601
242144731
242175851
242206981
242238107
242269231
242300381
242331493
242362643
242393777
242424901
242456063
242487187
242518361
242549491
242580661
242611807
242642951
242674087
242705249
242736401
242767571
242798737
242829907
242861057
242892233
242923397
242954627
242985749
243016933
243048109
243079297
243110467
243141683
243172861
243204043
243235241
243266503
243297619
243328819
243360011
243391219
243422479
243453611
243484837
243516029
243547247
243578473
243609671
243640949
243672113
243703333
243734549
243765779
243797003
243828253
243859459
243890701
243921947
243953207
243984407
244015643
244046893
244078151
244109377
244140683
244171883
244203137
244234409
244265663
244296911
244328171
244359457
244390693
244421977
244453241
244484501
244515781
244547047
244578331
244609601
244640917
244672199
244703461
244734751
244766057
244797317
244828657
244859911
244891249
244922507
244953811
244985131
245016433
245047717
245079067
245110337
245141653
245173003
245204339
245235623
245266943
245298247
245329619
245360897
245392237
245423569
245454893
245486243
245517577
245548931
245580271
245611589
245642933
245674277
245705633
245736977
245768339
245799691
245831059
245862401
245893771
245925143
245956523
245987873
246019259
246050603
246081971
246113353
246144727
246176111
246207517
246238877
246270251
246301651
246333091
246364429
246395813
246427211
246458603
246490009
246521419
246552811
246584227
246615631
246647029
246678457
246709861
246741269
246772699
246804101
246835543
246866987
246898381
246929801
246961249
246992657
247024147
247055539
247086971
247118413
247149901
247181303
247212731
247244183
247275629
247307077
247338577
247370003
247401443
247432903
247464377
247495867
247527341
247558781
247590263
247621721
247653179
247684651
247716199
247747601
247779101
247810567
247842071
247873537
247905061
247936537
247968011
247999511
248031041
248062511
248094013
248125543
248157017
248188517
248220029
248251547
248283053
248314589
248346083
248377603
248409127
248440667
248472181
248503699
248535241
248566763
248598313
248629841
248661367
248692909
248724449
248755993
248787541
248819093
248850629
248882203
248913767
248945311
248976851
249008411
249039971
249071533
249103093
249134657
249166277
249197803
249229433
249260969
249292529
249324109
249355693
249387283
249418903
249450451
249482039
249513617
249545237
249576827
249608407
249640007
249671603
249703211
249734827
249766417
249798037
249829639
249861253
249892873
249924487
249956107
249987733
250019351
250051013
250082621
250114229
250145867
250177493
250209137
250240763
250272401
250304053
250335689
250367333
250398991
250430627
250462297
250493939
250525603
250557253
250588939
250620563
250652263
250683893
250715561
250747241
250778909
250810591
250842271
250873933
250905617
250937299
250968979
251000657
251032337
251064029
251095721
251127449
251159107
251190809
251222507
251254217
251285927
251317637
251349331
251381047
251412737
251444477
251476171
251507917
251539609
251571329
251603057
251634793
251666507
251698229
251729977
251761693
251793449
251825177
251856919
251888653
251920393
251952131
251983891
252015629
252047399
252079153
252110917
252142687
252174407
252206197
252237929
252269741
252301481
252333239
252365033
252396797
252428549
252460331
252492101
252523919
252555683
252587471
252619267
252651041
252682817
252714617
252746407
252778241
252810007
252841843
252873613
252905417
252937219
252969029
253000841
253032701
253064467
253096309
253128103
253159927
253191781
253223591
253255397
253287227
253319069
253350899
253382749
253414583
253446443
253478261
253510087
253541941
253573777
253605629
253637539
253669349
253701199
253733071
253764937
253796779
253828637
253860491
253892363
253924241
253956097
253987997
254019851
254051729
254083607
254115497
254147371
254179259
254211137
254243053
254274919
254306821
254338723
254370619
254402531
254434403
254466337
254498213
254530117
254562031
254593943
254625851
254657789
254689691
254721641
254753549
254785457
254817383
254849327
254881247
254913167
254945101
254977043
255008969
255040909
255072847
255104791
255136733
255168679
255200633
255232603
255264587
255296491
255328477
255360401
255392363
255424327
255456329
255488263
255520253
255552257
255584183
255616159
255648157
255680111
255712097
255744077
255776057
255808073
255840029
255872077
255904013
255936007
255968021
256000001
256032013
256064033
256096019
256128017
256160111
256192043
256224103
256256071
256288091
256320107
256352137
256384153
256416197
256448201
256480247
256512271
256544291
256576363
256608383
256640407
256672457
256704509
256736561
256768579
256800647
256832677
256864763
256896791
256928897
256960901
256992971
257025029
257057117
257089159
257121259
257153311
257185373
257217449
257249527
257281627
257313689
257345789
257377853
257409941
257442071
257474117
257506211
257538313
257570477
257602517
257634617
257666729
257698813
257730919
257763029
257795143
257827259
257859377
257891527
257923637
257955751
257987861
258019987
258052103
258084227
258116359
258148493
258180631
258212771
258244919
258277067
258309193
258341371
258373481
258405649
258437789
258469961
258502093
258534247
258566417
258598567
258630727
258662897
258695057
258727229
258759433
258791623
258823787
258855937
258888107
258920287
258952481
258984653
259016839
259049047
259081231
259113457
259145609
259177811
259210019
259242211
259274441
259306633
259338829
259371037
259403239
259435459
259467673
259499893
259532101
259564343
259596559
259628771
259661023
259693249
259725457
259757731
259789927
259822183
259854407
259886651
259918891
259951147
259983379
260015659
260047897
260080147
260112403
260144663
260176901
260209163
260241427
260273693
260305957
260338231
260370499
260402801
260435089
260467367
260499607
260531893
260564189
260596459
260628769
260661031
260693333
260725649
260757911
260790221
260822537
260854823
260887127
260919433
260951723
260984039
261016337
261048661
261080969
261113317
261145613
261177923
261210259
261242573
261274901
261307261
261339571
261371899
261404239
261436573
261468919
261501269
261533599
261565933
261598279
261630637
261662981
261695347
261727691
261760043
261792403
261824779
261857147
261889493
261921857
261954229
261986617
262018993
262051381
262083737
262116131
262148489
262180871
262213267
262245667
262278053
262310441
262342811
262375219
262407623
262440007
262472423
262504811
262537241
262569631
262602049
262634483
262666853
262699277
262731701
262764107
262796531
262828949
262861387
262893817
262926227
262958681
262991101
263023529
263055979
263088401
263120843
263153309
263185751
263218177
263250653
263283077
263315539
263348009
263380463
263412901
263445373
263477827
263510293
263542759
263575231
263607719
263640193
263672653
263705129
263737601
263770121
263802577
263835059
263867537
263900051
263932519
263965021
263997509
264030073
264062501
264095009
264127511
264160027
264192517
264225107
264257549
264290053
264322589
264355087
264387601
264420181
264452681
264485171
264517741
264550241
264582761
264615293
264647839
264680369
264712909
264745447
264777991
264810551
264843079
264875627
264908207
264940747
264973333
265005893
265038413
265070977
265103533
265136101
265168661
265201229
265233803
265266373
265298947
265331593
265364117
265396687
265429267
265461871
265494443
265527037
265559617
265592213
265624811
265657417
265690003
265722643
265755209
265787833
265820417
265853051
265885649
265918273
265950871
265983511
266016133
266048723
266081371
266113987
266146597
266179241
266211859
266244499
266277127
266309773
266342411
266375047
266407699
266440357
266472979
266505653
266538287
266570963
266603587
266636261
266668901
266701571
266734271
266766917
266799613
266832229
266864909
266897573
266930263
266962973
266995667
267028283
267060967
267093653
267126361
267159047
267191731
267224423
267257113
267289811
267322507
267355211
267387907
267420617
267453331
267486031
267518759
267551503
267584197
267616897
267649607
267682339
267715051
267747787
267780497
267813233
267846013
267878693
267911437
267944179
267976909
268009667
268042387
268075133
268107877
268140661
268173379
268206131
268238897
268271677
268304401
268337183
268369949
268402697
268435459
268468229
268501003
268533781
268566559
268599341
268632109
268664917
268697683
268730467
268763237
268796051
268828817
268861627
268894411
268927229
268960019
268992803
269025607
269058431
269091217
269124043
269156837
269189651
269222483
269255303
269288191
269320949
269353787
269386583
269419399
269452231
269485057
269517943
269550733
269583577
269616427
269649271
269682089
269714947
269747827
269780657
269813503
269846333
269879209
269912053
269944907
269977787
270010627
270043519
270076361
270109241
270142097
270175051
270207853
270240749
270273607
270306493
270339371
270372259
270405203
270438029
270470917
270503833
270536713
270569737
270602561
270635413
270668329
270701219
270734137
270767027
270799979
270832853
270865783
270898687
270931607
270964559
270997451
271030391
271063301
271096249
271129169
271162123
271195027
271227973
271260911
271293851
271326829
271359743
271392691
271425641
271458611
271491557
271524551
271557449
271590409
271623383
271656337
271689311
271722259
271755229
271788227
271821227
271854179
271887149
271920107
271953103
271986073
272019073
272052043
272085029
272118029
272151031
272184007
272217019
272250001
272283017
272316043
272349023
272382023
272415037
272448047
272481073
272514071
272547091
272580101
272613167
272646161
272679217
272712227
272745227
272778281
272811311
272844349
272877389
272910403
272943443
272976499
273009533
273042589
273075643
273108709
273141731
273174827
273207871
273240901
273273977
273307033
273340091
273373171
273406249
273439297
273472373
273505447
273538547
273571603
273604697
273637783
273670861
273703939
273737029
273770129
273803267
273836309
273869413
273902533
273935633
273968707
274001821
274034921
274068071
274101187
274134253
274167371
274200499
274233611
274266737
274299847
274332973
274366117
274399267
274432391
274465511
274498633
274531787
274564903
274598063
274631197
274664363
274697519
274730639
274763789
274796947
274830113
274863257
274896469
274929617
274962761
274995899
275029061
275062231
275095409
275128571
275161751
275194961
275228101
275261293
275294473
275327659
275360843
275394047
275427221
275460421
275493623
275526817
275560003
275593237
275626433
275659649
275692819
275726041
275759269
275792453
275825681
275858887
275892119
275925323
275958547
275991773
276025003
276058243
276091481
276124697
276157939
276191171
276224401
276257693
276290893
276324131
276357383
276390659
276423883
276457141
276490393
276523657
276556919
276590177
276623441
276656693
276689971
276723253
276756497
276789809
276823051
276856331
276889601
276922883
276956171
276989459
277022783
277056049
277089343
277122613
277155997
277189229
277222501
277255831
277289107
277322417
277355759
277389043
277422367
277455653
277488971
277522283
277555613
277588967
277622263
277655603
277688911
277722229
277755587
277788943
277822231
277855577
277888903
277922243
277955611
277988999
278022281
278055643
278088977
278122331
278155711
278189081
278222407
278255773
278289157
278322493
278355881
278389247
278422601
278455973
278489347
278522753
278556121
278589527
278622889
278656271
278689639
278723059
278756431
278789837
278823211
278856619
278890021
278923417
278956813
278990219
279023617
279057043
279090439
279123857
279157297
279190727
279224119
279257543
279290951
279324371
279357803
279391247
279424687
279458107
279491533
279524977
279558401
279591847
279625303
279658741
279692191
279725639
279759079
279792533
279825989
279859499
279892909
279926363
279959831
279993323
280026757
280060229
280093721
280127171
280160659
280194133
280227601
280261087
280294603
280328131
280361539
280395029
280428517
280462027
280495513
280529017
280562507
280596007
280629551
280663051
280696517
280730033
280763543
280797061
280830569
280864117
280897607
280931143
280964653
280998173
281031713
281065241
281098789
281132297
281165837
281199379
281232901
281266451
281299987
281333537
281367083
281400629
281434193
281467783
281501293
281534849
281568401
281601997
281635547
281669099
281702657
281736239
281769809
281803387
281836967
281870527
281904101
281937757
281971279
282004871
282038437
282072059
282105619
282139223
282172867
282206461
282240017
282273611
282307217
282340813
282374453
282408037
282441647
282475267
282508867
282542489
282576131
282609739
282643351
282676973
282710611
282744227
282777857
282811517
282845141
282878767
282912407
282946049
282979691
283013351
283046999
283080631
283114283
283147957
283181611
283215259
283248919
283282567
283316227
283349917
283383559
283417237
283450913
283484581
283518269
283551943
283585633
283619293
283652969
283686653
283720343
283754027
283787717
283821427
283855109
283888817
283922519
283956221
283989917
284023627
284057317
284091043
284124749
284158453
284192173
284225891
284259607
284293337
284327047
284360777
284394497
284428237
284461979
284495741
284529449
284563193
284596901
284630653
284664389
284698151
284731883
284765633
284799391
284833139
284866931
284900653
284934401
284968169
285001931
285035747
285069461
285103229
285137071
285170783
285204551
285238351
285272111
285305897
285339697
285373453
285407257
285441029
285474817
285508633
285542443
285576209
285610027
285643849
285677611
285711473
285745217
285779029
285812837
285846683
285880477
285914323
285948107
285981947
286015783
286049573
286083397
286117283
286151059
286184923
286218727
286252573
286286417
286320271
286354087
286387987
286421791
286455641
286489477
286523371
286557197
286591051
286624907
286658783
286692629
286726523
286760363
286794229
286828109
286861973
286895857
286929733
286963643
286997509
287031373
287065253
287099147
287133037
287166959
287200819
287234707
287268649
287302501
287336419
287370311
287404223
287438117
287472049
287505943
287539871
287573789
287607707
287641619
287675527
287709449
287743381
287777299
287811233
287845157
287879107
287913049
287946983
287980937
288014861
288048791
288082733
288116677
288150649
288184597
288218537
288252487
288286447
288320443
288354373
288388337
288422291
288456269
288490249
288524237
288558181
288592151
288626123
288660107
288694097
288728087
288762109
288796037
288830041
288864029
288898039
288932011
288966023
289000001
289034027
289068011
289102027
289136027
289170029
289204049
289238057
289272073
289306097
289340101
289374131
289408177
289442183
289476199
289510231
289544273
289578307
289612331
289646363
289680401
289714457
289748521
289782533
289816591
289850641
289884701
289918753
289952791
289986877
290020949
290054971
290089039
290123123
290157169
290191247
290225311
290259373
290293469
290327539
290361641
290395687
290429767
290463863
290497939
290532083
290566127
290600237
290634313
290668409
290702519
290736619
290770709
290804821
290838943
290873041
290907139
290941271
290975371
291009497
291043601
291077747
291111907
291145979
291180151
291214243
291248389
291282499
291316633
291350779
291384901
291419081
291453187
291487337
291521497
291555629
291589783
291624017
291658091
291692243
291726451
291760639
291794731
291828893
291863071
291897233
291931397
291965573
291999749
292033927
292068149
292102289
292136473
292170709
292204859
292239029
292273271
292307423
292341613
292375817
292410023
292444211
292478411
292512611
292546823
292581053
292615261
292649453
292683683
292717907
292752193
292786339
292820579
292854781
292889017
292923227
292957459
292991717
293025937
293060171
293094413
293128657
293162911
293197133
293231377
293265647
293299891
293334137
293368391
293402671
293436911
293471177
293505451
293539717
293573963
293608229
293642497
293676827
293711051
293745337
293779639
293813917
293848187
293882461
293916743
293951123
293985319
294019613
294053933
294088243
294122501
294156827
294191123
294225427
294259789
294294031
294328339
294362659
294396983
294431297
294465617
294499937
294534259
294568597
294602897
294637261
294671593
294705899
294740233
294774581
294808909
294843271
294877621
294911983
294946339
294980629
295015009
295049369
295083689
295118063
295152409
295186763
295221139
295255511
295289857
295324229
295358603
295392971
295427347
295461731
295496141
295530493
295564889
295599251
295633649
295668053
295702417
295736821
295771291
295805633
295840003
295874413
295908841
295943227
295977631
296012071
296046469
296080859
296115307
296149687
296184107
296218553
296252977
296287393
296321803
296356237
296390657
296425109
296459531
296494019
296528411
296562857
296597309
296631757
296666179
296700629
296735093
296769533
296803993
296838449
296872931
296907371
296941831
296976301
297010787
297045239
297079703
297114203
297148667
297183127
297217619
297252083
297286567
297321061
297355547
297390047
297424531
297459017
297493519
297528013
297562519
297597011
297631519
297666011
297700517
297735077
297769567
297804053
297838603
297873097
297907607
297942131
297976667
298011191
298045697
298080239
298114759
298149317
298183849
298218421
298252909
298287443
298321987
298356559
298391081
298425637
298460179
298494733
298529291
298563847
298598411
298632967
298667533
298702099
298736663
298771247
298805803
298840387
298874951
298909537
298944131
298978697
299013293
299047873
299082437
299117059
299151673
299186233
299220821
299255419
299290039
299324611
299359241
299393813
299428439
299463029
299497637
299532251
299566903
299601499
299636123
299670739
299705377
299739989
299774621
299809243
299843857
299878493
299913143
299947771
299982401
300017051
300051707
300086341
300121001
300155641
300190277
300224963
300259607
300294251
300328909
300363563
300398251
300432929
300467581
300502229
300536911
300571571
300606247
300640961
300675611
300710317
300744979
300779663
300814399
300849037
300883717
300918439
300953111
300987803
301022503
301057249
301091909
301126613
301161347
301196057
301230737
301265491
301300171
301334897
301369609
301404343
301439057
301473787
301508507
301543273
301577957
301612693
301647487
301682177
301716913
301751647
301786391
301821181
301855891
301890653
301925483
301960159
301994897
302029711
302064407
302099173
302133983
302168717
302203523
302238227
302273063
302307823
302342549
302377331
302412109
302446919
302481667
302516471
302551237
302586041
302620819
302655649
302690407
302725217
302760037
302794819
302829647
302864447
302899231
302934031
302968837
303003677
303038479
303073283
303108103
303142927
303177761
303212617
303247421
303282241
303317081
303351943
303386731
303421603
303456403
303491249
303526129
303560953
303595777
303630631
303665477
303700333
303735203
303770063
303804923
303839771
303874663
303909491
303944369
303979229
304014101
304048981
304083853
304118753
304153607
304188491
304223377
304258277
304293167
304328027
304362937
304397813
304432717
304467619
304502501
304537421
304572319
304607269
304642147
304677053
304711943
304746863
304781779
304816691
304851623
304886531
304921451
304956389
304991317
305026231
305061157
305096111
305131031
305165983
305200919
305235859
305270837
305305739
305340691
305375627
305410607
305445533
305480551
305515451
305550407
305585431
305620379
305655347
305690267
305725237
305760209
305795173
305830181
305865167
305900113
305935087
305970073
306005081
306040039
306075041
306110023
306145033
306180023
306215003
306250069
306285019
306320017
306355019
306390037
306425047
306460043
306495053
306530071
306565087
306600101
306635123
306670163
306705229
306740201
306775229
306810263
306845293
306880333
306915397
306950429
306985447
307020499
307055549
307090577
307125653
307160683
307195783
307230787
307265867
307300921
307335967
307371047
307406123
307441187
307476283
307511299
307546387
307581457
307616527
307651637
307686737
307721783
307756879
307791941
307827043
307862123
307897211
307932319
307967411
308002501
308037629
308072719
308107823
308142941
308178029
308213153
308248261
308283373
308318489
308353613
308388737
308423849
308458987
308494139
308529227
308564363
308599523
308634637
308669807
308704901
308740051
308775193
308810339
308845489
308880643
308915797
308950931
308986087
309021247
309056441
309091577
309126731
309161891
309197093
309232243
309267403
309302599
309337759
309372923
309408101
309443287
309478573
309513653
309548843
309584057
309619223
309654421
309689609
309724837
309760001
309795293
309830413
309865657
309900817
309936041
309971243
310006457
310041689
310076953
310112119
310147351
310182571
310217771
310252997
310288241
310323479
310358707
310393949
310429181
310464403
310499663
310534907
310570151
310605397
310640653
310675921
310711147
310746389
310781663
310816937
310852193
310887439
310922699
310957957
310993237
311028511
311063783
311099053
311134331
311169611
311204893
311240177
311275463
311310787
311346043
311381321
311416627
311451911
311487203
311522507
311557823
311593199
311628419
311663717
311699071
311734351
311769671
311804971
311840303
311875631
311910947
311946247
311981599
312016907
312052241
312087577
312122891
312158227
312193571
312228901
312264269
312299591
312334933
312370277
312405641
312441023
312476341
312511687
312547049
312582419
312617791
312653141
312688507
312723899
312759233
312794597
312829997
312865351
312900733
312936101
312971507
313006871
313042253
313077637
313113037
313148417
313183831
313219217
313254611
313290011
313325437
313360819
313396217
313431617
313467031
313502461
313537883
313573319
313608719
313644109
313679549
313714969
313750373
313785799
313821251
313856677
313892093
313927531
313962967
313998401
314033861
314069293
314104753
314140181
314175643
314211089
314246557
314282039
314317447
314352917
314388367
314423833
314459293
314494759
314530231
314565701
314601173
314636653
314672123
314707663
314743129
314778577
314814067
314849573
314885029
314920547
314956021
314991539
315027007
315062519
315098029
315133523
315169037
315204529
315240031
315275551
315311081
315346567
315382087
315417631
315453161
315488647
315524171
315559697
315595253
315630767
315666301
315701843
315737363
315772903
315808459
315843989
315879547
315915101
315950629
315986201
316021733
316057303
316092851
316128419
316163963
316199551
316235113
316270697
316306241
316341799
316377389
316412951
316448533
316484137
316519691
316555307
316590871
316626439
316662061
316697617
316733233
316768807
316804409
316840003
316875619
316911293
316946813
316982417
317018029
317053651
317089291
317124923
317160491
317196101
317231723
317267347
317302991
317338621
317374247
317409863
317445497
317481133
317516767
317552413
317588053
317623693
317659351
317694977
317730631
317766341
317801933
317837587
317873251
317908901
317944573
317980277
318015913
318051581
318087229
318122941
318158573
318194269
318229927
318265613
318301289
318336971
318372653
318408359
318444029
318479737
318515441
318551113
318586831
318622501
318658229
318693931
318729611
318765319
318801037
318836737
318872461
318908197
318943883
318979601
319015349
319051063
319086773
319122577
319158233
319193983
319229693
319265449
319301167
319336903
319372643
319408391
319444157
319479899
319515689
319551391
319587143
319622887
319658653
319694447
319730171
319765973
319801721
319837481
319873297
319908997
319944773
319980553
320016329
320052101
320087891
320123677
320159491
320195261
320231027
320266829
320302621
320338441
320374211
320410019
320445809
320481631
320517413
320553217
320589041
320624849
320660651
320696477
320732311
320768111
320803927
320839769
320875609
320911421
320947271
320983063
321018911
321054751
321090569
321126431
321162251
321198091
321233933
321269821
321305639
321341479
321377351
321413231
321449047
321484901
321520763
321556633
321592501
321628361
321664237
321700097
321735977
321771871
321807781
321843601
321879499
321915371
321951251
321987151
322023041
322058917
322094873
322130717
322166627
322202501
322238407
322274327
322310221
322346117
322382087
322417939
322453897
322489787
322525691
322561633
322597531
322633447
322669379
322705297
322741229
322777183
322813109
322849039
322885007
322920929
322956859
322992827
323028731
323064683
323100641
323136587
323172569
323208493
323244457
323280409
323316419
323352343
323388313
323424263
323460259
323496197
323532173
323568151
323604131
323640103
323676091
323712089
323748053
323784061
323820031
323856017
323892017
323928019
323964013
324000029
324036007
324072059
324108013
324144059
324180041
324216041
324252083
324288071
324324097
324360109
324396167
324432149
324468217
324504197
324540233
324576269
324612319
324648343
324684449
324720413
324756451
324792491
324828533
324864587
324900629
324936679
324972737
325008787
325044851
325080913
325116977
325153051
325189129
325225157
325261229
325297327
325333373
325369489
325405529
325441601
325477697
325513787
325549883
325585973
325622027
325658117
325694221
325730311
325766423
325802507
325838627
325874713
325910821
325946917
325983079
326019139
326055277
326091377
326127521
326163601
326199739
326235851
326272021
326308111
326344229
326380357
326416501
326452631
326488763
326524901
326561063
326597191
326633339
326669479
326705633
326741777
326777933
326814101
326850247
326886401
326922581
326958757
326994893
327031063
327067231
327103429
327139577
327175769
327211957
327248149
327284297
327320471
327356651
327392837
327429031
327465221
327501431
327537649
327573809
327610001
327646217
327682409
327718621
327754837
327791041
327827261
327863453
327899669
327935891
327972103
328008337
328044551
328080791
328117007
328153247
328189481
328225727
328261943
328298189
328334401
328370663
328406891
328443149
328479383
328515653
328551887
328588159
328624441
328660669
328696909
328733179
328769453
328805707
328841983
328878247
328914503
328950803
328987051
329023327
329059733
329095901
329132171
329168453
329204737
329241037
329277317
329313629
329349941
329386207
329422579
329458807
329495123
329531471
329567731
329604047
329640341
329676667
329712973
329749319
329785609
329821951
329858251
329894597
329930897
329967271
330003577
330039893
330076259
330112609
330148913
330185267
330221587
330257951
330294277
330330643
330366977
330403343
330439687
330476057
330512411
330548767
330585127
330621517
330657883
330694229
330730607
330766999
330803353
330839753
330876103
330912487
330948869
330985253
331021643
331058059
331094417
331130869
331167229
331203643
331240033
331276411
331312811
331349219
331385623
331422029
331458481
331494907
331531303
331567699
331604107
331640563
331676957
331713373
331749809
331786243
331822657
331859131
331895527
331931989
331968409
332004889
332041309
332077741
332114201
332150633
332187109
332223539
332260007
332296451
332332901
332369371
332405831
332442311
332478767
332515241
332551711
332588173
332624657
332661163
332697613
332734091
332770583
332807071
332843579
332880029
332916539
332953013
332989511
333026009
333062503
333099043
333135511
333172031
333208541
333245053
333281539
333318053
333354587
333391099
333427639
333464141
333500669
333537181
333573701
333610237
333646793
333683299
333719833
333756377
333792911
333829499
333865991
333902531
333939077
333975641
334012177
334048733
334085293
334121849
334158401
334194967
334231531
334268113
334304669
334341229
334377821
334414393
334450951
334487561
334524101
334560689
334597303
334633879
334670443
334707041
334743631
334780223
334816813
334853419
334890011
334926629
334963247
334999843
335036419
335073041
335109647
335146267
335182871
335219491
335256127
335292731
335329367
335365991
335402647
335439229
335475887
335512549
335549129
335585791
335622401
335659043
335695697
335732359
335768977
335805637
335842277
335878951
335915677
335952247
335988929
336025579
336062261
336098911
336135557
336172231
336208921
336245573
336282259
336318929
336355619
336392291
336428987
336465653
336502337
336539041
336575731
336612431
336649111
336685813
336722521
336759229
336795911
336832621
336869327
336906041
336942761
336979481
337016189
337052887
337089601
337126327
337163053
337199771
337236499
337273229
337309957
337346699
337383433
337420169
337456913
337493657
337530397
337567141
337603897
337640629
337677377
337714183
337750901
337787699
337824407
337861169
337897927
337934717
337971457
338008241
338044997
338081773
338118551
338155339
338192111
338228893
338265701
338302453
338339273
338376037
338412817
338449621
338486417
338523217
338560003
338596831
338633621
338670457
338707231
338744033
338780837
338817653
338854471
338891309
338928101
338964929
339001769
339038587
339075413
339112231
339149059
339185909
339222731
339259577
339296417
339333251
339370091
339406931
339443779
339480637
339517481
339554353
339591211
339628043
339664901
339701767
339738647
339775493
339812381
339849229
339886121
339922981
339959869
339996733
340033619
340070491
340107377
340144271
340181137
340218049
340254919
340291813
340328713
340365659
340402501
340439413
340476313
340513211
340550123
340587043
340623953
340660907
340697767
340734697
340771619
340808527
340845469
340882387
340919297
340956227
340993181
341030093
341067037
341103989
341140927
341177843
341214793
341251763
341288683
341325641
341362579
341399537
341436503
341473469
341510401
341547383
341584351
341621297
341658277
341695231
341732197
341769191
341806163
341843129
341880127
341917097
341954071
341991073
342028069
342065033
342102029
342139069
342176011
342213007
342250009
342287017
342324011
342361051
342398039
342435031
342472043
342509059
342546097
342583097
342620107
342657143
342694153
342731189
342768199
342805247
342842261
342879347
342916339
342953381
342990449
343027459
343064489
343101541
343138577
343175627
343212697
343249733
343286789
343323847
343360921
343397987
343435031
343472117
343509161
343546241
343583351
343620383
343657463
343694531
343731601
343768693
343805783
343842869
343879951
343917037
343954139
343991213
344028361
344065411
344102527
344139617
344176717
344213813
344250937
344288027
344325139
344362261
344399369
344436511
344473631
344510731
344547851
344584973
344622101
344659261
344696357
344733491
344770627
344807777
344844923
344882051
344919191
344956331
344993479
345030641
345067777
345104933
345142099
345179267
345216437
345253627
345290753
345327901
345365057
345402251
345439397
345476587
345513757
345550927
345588109
345625327
345662467
345699689
345736883
345774029
345811223
345848413
345885613
345922807
345960001
345997213
346034413
346071613
346108837
346146037
346183261
346220461
346257677
346294889
346332101
346369333
346406579
346443793
346481021
346518233
346555471
346592707
346629961
346667183
346704401
346741649
346778891
346816147
346853407
346890679
346927909
346965197
347002399
347039647
347076907
347114213
347151439
347188711
347225987
347263229
347300509
347337797
347375051
347412361
347449603
347486891
347524189
347561483
347598737
347636087
347673329
347710613
347747909
347785223
347822507
347859833
347897107
347934439
347971739
348009037
348046339
348083651
348120989
348158323
348195613
348232961
348270257
348307579
348344929
348382297
348419557
348456937
348494227
348531629
348568903
348606257
348643601
348680971
348718277
348755633
348793033
348830393
348867719
348905069
348942439
348979781
349017169
349054493
349091857
349129241
349166651
349203997
349241377
349278733
349316131
349353523
349390871
349428301
349465637
349503053
349540423
349577843
349615207
349652603
349690001
349727431
349764871
349802213
349839641
349877057
349914437
349951871
349989293
350026709
350064103
350101523
350139037
350176381
350213807
350251229
350288717
350326139
350363593
350401013
350438401
350475901
350513291
350550731
350588191
350625637
350663087
350700563
350737991
350775443
350812927
350850377
350887829
350925299
350962769
351000233
351037751
351075173
351112649
351150133
351187601
351225101
351262573
351300071
351337543
351375083
351412519
351450017
351487519
351525017
351562511
351600013
351637523
351675013
351712549
351750031
351787543
351825053
351862631
351900091
351937601
351975131
352012667
352050211
352087699
352125253
352162771
352200293
352237829
352275389
352312921
352350469
352387993
352425533
352463093
352500637
352538201
352575731
352613347
352650853
352688407
352725977
352763527
352801091
352838671
352876241
352913819
352951387
352988953
353026537
353064133
353101699
353139271
353176861
353214437
353252071
353289649
353327237
353364821
353402431
353440007
353477611
353515207
353552813
353590421
353628049
353665679
353703283
353740889
353778493
353816147
353853743
353891353
353929063
353966597
354004279
354041873
354079493
354117151
354154777
354192403
354230069
354267703
354305333
354342979
354380629
354418283
354455957
354493589
354531271
354568901
354606563
354644231
354681893
354719581
354757237
354794917
354832571
354870247
354907957
354945623
354983297
355020997
355058657
355096337
355134071
355171721
355209419
355247107
355284817
355322531
355360207
355397921
355435627
355473317
355511047
355548757
355586477
355624169
355661897
355699609
355737341
355775059
355812773
355850501
355888229
355925963
355963691
356001439
356039171
356076953
356114651
356152403
356190181
356227889
356265673
356303443
356341133
356378887
356416657
356454407
356492173
356529931
356567801
356605463
356643227
356681021
356718793
356756549
356794327
356832109
356869883
356907667
356945453
356983247
357021109
357058829
357096629
357134447
357172213
357210043
357247817
357285613
357323419
357361243
357399037
357436841
357474659
357512489
357550283
357588103
357625987
357663751
357701579
357739409
357777229
357815111
357852899
357890737
357928567
357966421
358004243
358042093
358079941
358117807
358155641
358193489
358231333
358269199
358307051
358344949
358382819
358420627
358458497
358496381
358534259
358572113
358609987
358647859
358685731
358723601
358761497
358799407
358837253
358875149
358913053
358950919
358988827
359026729
359064617
359102521
359140417
359178331
359216219
359254123
359292067
359329939
359367863
359405771
359443697
359481613
359519561
359557483
359595413
359633299
359671237
359709157
359747111
359785033
359822963
359860901
359898859
359936791
359974733
360012683
360050629
360088637
360126563
360164491
360202457
360240401
360278389
360316357
360354299
360392257
360430229
360468203
360506183
360544147
360582139
360620119
360658121
360696103
360734063
360772037
360810029
360848017
360886021
360924013
360962029
361000001
361038017
361076017
361114021
361152041
361190029
361228061
361266053
361304071
361342087
361380143
361418149
361456157
361494173
361532257
361570249
361608257
361646291
361684343
361722367
361760423
361798447
361836499
361874533
361912597
361950643
361988687
362026757
362064803
362102861
362140901
362178979
362217029
362255099
362293163
362331239
362369333
362407379
362445449
362483573
362521603
362559719
362597771
362635873
362673943
362712029
362750117
362788273
362826307
362864407
362902531
362940629
362978711
363016817
363054917
363093037
363131147
363169253
363207367
363245483
363283601
363321733
363359873
363397973
363436147
363474233
363512371
363550501
363588649
363626779
363664907
363703051
363741227
363779341
363817501
363855673
363893791
363931957
363970111
364008371
364046407
364084571
364122727
364160899
364199057
364237241
364275407
364313603
364351759
364389937
364428121
364466293
364504523
364542653
364580849
364619029
364657219
364695433
364733617
364771819
364810001
364848221
364886479
364924619
364962839
365001031
365039239
365077469
365115671
365153927
365192111
365230343
365268569
365306803
365344999
365383231
365421467
365459729
365497939
365536169
365574401
365612677
365650889
365689133
365727377
365765627
365803897
365842153
365880391
365918669
365956901
365995163
366033427
366071711
366110029
366148241
366186497
366224783
366263059
366301343
366339601
366377887
366416191
366454477
366492769
366531031
366569321
366607627
366645949
366684221
366722501
366760811
366799117
366837421
366875741
366914027
366952343
366990661
367028983
367067291
367105603
367143929
367182301
367220573
367258919
367297253
367335557
367373947
367412231
367450591
367488941
367527283
367565617
367603931
367642279
367680629
367718983
367757347
367795693
367834043
367872409
367910801
367949177
367987493
368025869
368064241
368102611
368140991
368179349
368217737
368256103
368294483
368332871
368371273
368409637
368448029
368486423
368524841
368563207
368601619
368640017
368678407
368716811
368755223
368793619
368832029
368870441
368908853
368947291
368985707
369024113
369062527
369100969
369139373
369177799
369216257
369254713
369293131
369331531
369369967
369408421
369446879
369485287
369523733
369562177
369600629
369639121
369677531
369715993
369754477
369792901
369831373
369869839
369908303
369946769
369985247
370023697
370062179
370100657
370139149
370177609
370216097
370254569
370293059
370331551
370370053
370408541
370447043
370485509
370524017
370562503
370601039
370639513
370678027
370716517
370755031
370793543
370832053
370870579
370909087
370947673
370986131
371024651
371063171
371101699
371140271
371178791
371217299
371255827
371294377
371332919
371371471
371409991
371448533
371487119
371525659
371564177
371602733
371641289
371679853
371718407
371756971
371795551
371834129
371872661
371911249
371949803
371988391
372026953
372065527
372104101
372142709
372181267
372219851
372258437
372297047
372335633
372374227
372412841
372451403
372490033
372528623
372567211
372605839
372644417
372683029
372721681
372760273
372798869
372837503
372876107
372914743
372953363
372991973
373030703
373069309
373107859
373146497
373185151
373223777
373262437
373301051
373339693
373378333
373416977
373455629
373494299
373532941
373571633
373610249
373648937
373687583
373726253
373764893
373803557
373842239
373880929
373919597
373958251
373996933
374035601
374074289
374112971
374151653
374190353
374229029
374267731
374306411
374345123
374383829
374422513
374461231
374499907
374538707
374577347
374616079
374654767
374693453
374732167
374770883
374809619
374848339
374887069
374925787
374964497
375003227
375041959
375080723
375119441
375158177
375196901
375235657
375274391
375313153
375351887
375390637
375429403
375468157
375506891
375545689
375584401
375623173
375661927
375700723
375739471
375778229
375817009
375855773
375894553
375933353
375972109
376010927
376049669
376088459
376127239
376166027
376204819
376243613
376282447
376321213
376360001
376398811
376437637
376476427
376515247
376554041
376592851
376631653
376670467
376709287
376748123
376786931
376825759
376864577
376903409
376942243
376981057
377019911
377058727
377097563
377136401
377175257
377214121
377252957
377291779
377330659
377369501
377408333
377447197
377486111
377524981
377563783
377602633
377641559
377680357
377719253
377758111
377796971
377835853
377874743
377913611
377952493
377991373
378030253
378069151
378108041
378146917
378185813
378224731
378263629
378302503
378341413
378380309
378419227
378458117
378497029
378535939
378574891
378613769
378652697
378691667
378730529
378769453
378808393
378847309
378886237
378925163
378964121
379003061
379041973
379080907
379119869
379158797
379197751
379236703
379275643
379314619
379353593
379392583
379431461
379470401
379509367
379548329
379587311
379626271
379665227
379704271
379743187
379782199
379821131
379860101
379899097
379938071
379977061
380016037
380055037
380094019
380133011
380172011
380211011
380250019
380289029
380328019
380367017
380406029
380445031
380484037
380523067
380562089
380601107
380640101
380679127
380718193
380757191
380796203
380835253
380874281
380913317
380952331
380991371
381030413
381069461
381108491
381147541
381186577
381225701
381264679
381303739
381342823
381381853
381420917
381459971
381499033
381538121
381577159
381616309
381655297
381694373
381733447
381772537
381811603
381850697
381889771
381928853
381967967
382007033
382046183
382085227
382124311
382163449
382202519
382241609
382280711
382319863
382358981
382398053
382437137
382476253
382515407
382554499
382593611
382632737
382671851
382711001
382750111
382789247
382828361
382867519
382906631
382945763
382984913
383024051
383063189
383102341
383141491
383180639
383219777
383259011
383298101
383337259
383376431
383415577
383454739
383493917
383533061
383572237
383611421
383650583
383689753
383728927
383768123
383807309
383846479
383885659
383924843
383964079
384003223
384042413
384081611
384120811
384160001
384199223
384238409
384277651
384316831
384356057
384395287
384434471
384473669
384512911
384552107
384591341
384630557
384669773
384709007
384748277
384787471
384826691
384865951
384905201
384944401
384983653
385022893
385062133
385101419
385140629
385179877
385219171
385258397
385297657
385336927
385376207
385415497
385454701
385493957
385533263
385572497
385611781
385651087
385690337
385729627
385768891
385808201
385847461
385886741
385926049
385965329
386004611
386043913
386083219
386122507
386161889
386201129
386240429
386279827
386319061
386358361
386397659
386436971
386476309
386515607
386554937
386594249
386633647
386672911
386712233
386751557
386790941
386830237
386869589
386908903
386948267
386987647
387026933
387066293
387105643
387145009
387184381
387223693
387263047
387302407
387341783
387381151
387420499
387459899
387499253
387538603
387577973
387617353
387656723
387696143
387735487
387774883
387814267
387853651
387893027
387932429
387971813
388011229
388050631
388090013
388129421
388168829
388208221
388247669
388287047
388326437
388365851
388405267
388444697
388484111
388523557
388562983
388602419
388641809
388681253
388720681
388760101
388799531
388838993
388878407
388917853
388957291
388996739
389036183
389075639
389115109
389154541
389193991
389233477
389272913
389312377
389351873
389391319
389430761
389470231
389509697
389549201
389588653
389628133
389667601
389707093
389746597
389786077
389825539
389865037
389904539
389944019
389983507
390023063
390062507
390102049
390141509
390181013
390220531
390260027
390299551
390339083
390378619
390418109
390457603
390497137
390536669
390576187
390615713
390655229
390694763
390734291
390773861
390813377
390852907
390892459
390931993
390971543
391011107
391050629
391090181
391129733
391169293
391208861
391248401
391287971
391327561
391367101
391406677
391446239
391485821
391525391
391564993
391604533
391644103
391683703
391723289
391762867
391802471
391842047
391881617
391921217
391960819
392000417
392040001
392079613
392119213
392158853
392198431
392238047
392277653
392317259
392356871
392396509
392436113
392475731
392515349
392554997
392594603
392634233
392673863
392713511
392753131
392792789
392832431
392872043
392911693
392951347
392990993
393030641
393070283
393109933
393149611
393189253
393228911
393268619
393308233
393347893
393387563
393427249
393466903
393506621
393546281
393585947
393625607
393665299
393705029
393744721
393784337
393824087
393863731
393903439
393943111
393982843
394022521
394062211
394101913
394141613
394181321
394221029
394260743
394300471
394340171
394379897
394419653
394459379
394499047
394538779
394578511
394618253
394657969
394697707
394737437
394777171
394816901
394856669
394896389
394936133
394975877
395015627
395055389
395095153
395134903
395174693
395214403
395254163
395293931
395333699
395373467
395413229
395453011
395492789
395532547
395572363
395612137
395651899
395691713
395731517
395771263
395811029
395850817
395890613
395930413
395970217
396010007
396049807
396089609
396129431
396169217
396209027
396248849
396288671
396328489
396368293
396408119
396447929
396487769
396527581
396567421
396607231
396647057
396686897
396726731
396766571
396806413
396846287
396886093
396925931
396965837
397005667
397045477
397085333
397125187
397165051
397204901
397244791
397284631
397324507
397364371
397404263
397444111
397484011
397523849
397563739
397603627
397643501
397683367
397723303
397763137
397803037
397842917
397882829
397922713
397962613
398002523
398042417
398082329
398122229
398162137
398202031
398241953
398281883
398321773
398361701
398401651
398441531
398481449
398521433
398561323
398601233
398641157
398681099
398721047
398760997
398800903
398840887
398880793
398920757
398960701
399000649
399040601
399080531
399120497
399160451
399200407
399240389
399280363
399320297
399360257
399400231
399440203
399480217
399520151
399560153
399600101
399640093
399680077
399720089
399760037
399800047
399840029
399880021
399920009
399960007
400000009
400040021
400080013
400120013
400160029
400200041
400240081
400280057
400320073
400360087
400400113
400440191
400480159
400520207
400560197
400600253
400640281
400680299
400720351
400760377
400800403
400840463
400880489
400920557
400960579
401000627
401040677
401080753
401120791
401160847
401200927
401240977
401281037
401321093
401361167
401401243
401441297
401481433
401521457
401561527
401601611
401641687
401681771
401721851
401761939
401802029
401842121
401882219
401922319
401962411
402002543
402042607
402082739
402122837
402162947
402203041
402243139
402283261
402323473
402363523
402403619
402443791
402483863
402523981
402564161
402604291
402644357
402684497
402724633
402764773
402804923
402845059
402885187
402925349
402965533
403005643
403045777
403085933
403126111
403166261
403206421
403246567
403286729
403326929
403367089
403407239
403447397
403487587
403527763
403567933
403608103
403648283
403688471
403728659
403768847
403809031
403849217
403889477
403929619
403969831
404010001
404050253
404090417
404130611
404170817
404211029
404251249
404291471
404331673
404371883
404412103
404452327
404492567
404532797
404572999
404613247
404653481
404693699
404733937
404774177
404814401
404854649
404894911
404935151
404975381
405015659
405055879
405096143
405136393
405176669
405216919
405257183
405297457
405337747
405377969
405418259
405458497
405498787
405539081
405579329
405619637
405659909
405700187
405740477
405780821
405821029
405861317
405901621
405941909
405982211
406022537
406062841
406103107
406143421
406183733
406224029
406264337
406304651
406344971
406385297
406425601
406465931
406506251
406546573
406586897
406627253
406667567
406707907
406748263
406788583
406828943
406869257
406909621
406949947
406990301
407030627
407071009
407111389
407151691
407192077
407232473
407272777
407313227
407353519
407393867
407434229
407474597
407514979
407555353
407595743
407636147
407676487
407716873
407757253
407797661
407838037
407878421
407918839
407959231
407999681
408040007
408080419
408120833
408161239
408201641
408242033
408282437
408322853
408363283
408403687
408444109
408484537
408524959
408565387
408605797
408646229
408686659
408727091
408767531
408808039
408848417
408888847
408929293
408969733
409010179
409050637
409091083
409131563
409171993
409212497
409252903
409293397
409333831
409374307
409414763
409455257
409495753
409536181
409576669
409617139
409657601
409698097
409738603
409779079
409819537
409860097
409900531
409941011
409981519
410022013
410062501
410103013
410143507
410184017
410224523
410265041
410305537
410346061
410386577
410427119
410467633
410508149
410548661
410589187
410629699
410670233
410710757
410751301
410791861
410832379
410872921
410913449
410953987
410994541
411035101
411075641
411116227
411156737
411197357
411237857
411278401
411318979
411359527
411400091
411440671
411481249
411521809
411562373
411602957
411643553
411684109
411724693
411765271
411805859
411846443
411887027
411927641
411968213
412008833
412049413
412090001
412130623
412171219
412211837
412252427
412293059
412333637
412374251
412414867
412455497
412496107
412536731
412577353
412617971
412658599
412699229
412739863
412780499
412821127
412861781
412902461
412943053
412983707
413024341
413064989
413105677
413146301
413186951
413227649
413268269
413308967
413349569
413390227
413430907
413471599
413512241
413552899
413593571
413634251
413674927
413715619
413756309
413796967
413837653
413878357
413919031
413959747
414000449
414041119
414081817
414122531
414163213
414203981
414244619
414285317
414326039
414366749
414407467
414448171
414488887
414529673
414570361
414611047
414651781
414692497
414733271
414773963
414814691
414855473
414896171
414936913
414977653
415018397
415059149
415099877
415140631
415181387
415222163
415262891
415303661
415344401
415385167
415425943
415466707
415507457
415548227
415589003
415629779
415670579
415711327
415752107
415792901
415833667
415874479
415915277
415956041
415996853
416037613
416078423
416119241
416160001
416200849
416241629
416282413
416323247
416364029
416404837
416445671
416486491
416527303
416568107
416608931
416649767
416690591
416731397
416772233
416813069
416853893
416894743
416935567
416976431
417017287
417058111
417098939
417139787
417180637
417221503
417262361
417303203
417344069
417384917
417425773
417466639
417507491
417548377
417589229
417630119
417670973
417711869
417752737
417793601
417834497
417875387
417916277
417957139
417998029
418038919
418079813
418120727
418161613
418202507
418243417
418284311
418325221
418366163
418407029
418447961
418488919
418529767
418570693
418611643
418652527
418693453
418734401
418775317
418816241
418857167
418898099
418939051
418979969
419020907
419061869
419102791
419143783
419184713
419225657
419266577
419307571
419348543
419389463
419430419
419471387
419512337
419553301
419594257
419635231
419676209
419717183
419758147
419799131
419840107
419881097
419922073
419963057
420004043
420045091
420086021
420127091
420168043
420209021
420250001
420291023
420332023
420373013
420414019
420455027
420496039
420537053
420578077
420619091
420660113
420701179
420742169
420783193
420824197
420865259
420906271
420947323
420988349
421029377
421070413
421111469
421152493
421193551
421234589
421275629
421316689
421357751
421398787
421439867
421480931
421521983
421563029
421604111
421645171
421686227
421727297
421768379
421809461
421850543
421891621
421932743
421973777
422014861
422055973
422097041
422138141
422179217
422220373
422261461
422302511
422343611
422384713
422425853
422466953
422508077
422549137
422590277
422631367
422672483
422713609
422754749
422795851
422837029
422878097
422919229
422960359
423001507
423042649
423083779
423124907
423166067
423207227
423248341
423289483
423330629
423371779
423412937
423454091
423495257
423536417
423577571
423618739
423659893
423701063
423742243
423783401
423824573
423865789
423906941
423948101
423989297
424030469
424071671
424112861
424154033
424195217
424236419
424277621
424318813
424360019
424401227
424442407
424483627
424524839
424566031
424607263
424648451
424689667
424730899
424772107
424813331
424854589
424895777
424936999
424978237
425019457
425060767
425101951
425143223
425184401
425225663
425266901
425308139
425349377
425390627
425431913
425473183
425514407
425555653
425596901
425638183
425679427
425720693
425761981
425803253
425844521
425885771
425927057
425968331
426009607
426050897
426092237
426133451
426174737
426216029
426257329
426298633
426339967
426381203
426422527
426463823
426505109
426546427
426587717
426629033
426670337
426711667
426752981
426794293
426835639
426876929
426918253
426959579
427000909
427042229
427083581
427124897
427166239
427207591
427248901
427290313
427331587
427372949
427414307
427455629
427496981
427538339
427579687
427621069
427662491
427703767
427745147
427786507
427827857
427869241
427910599
427952009
427993351
428034757
428076107
428117483
428158891
428200273
428241661
428283077
428324441
428365831
428407207
428448611
428490019
428531413
428572811
428614211
428655673
428697037
428738437
428779861
428821273
428862703
428904109
428945527
428986949
429028393
429069803
429111259
429152663
429194093
429235549
429276977
429318403
429359849
429401299
429442751
429484201
429525643
429567079
429608533
429649999
429691459
429732907
429774377
429815839
429857333
429898757
429940237
429981701
430023173
430064651
430106147
430147639
430189091
430230587
430272071
430313549
430355033
430396559
430438051
430479521
430521041
430562501
430604023
430645519
430687039
430728517
430770029
430811587
430853053
430894567
430936087
430977601
431019157
431060659
431102209
431143709
431185241
431226787
431268293
431309863
431351369
431392903
431434447
431476009
431517557
431559133
431600629
431642179
431683789
431725297
431766847
431808409
431850011
431891531
431933111
431974679
432016237
432057799
432099373
432140953
432182539
432224113
432265699
432307277
432348859
432390443
432432031
432473633
432515219
432556807
432598409
432640003
432681647
432723229
432764851
432806419
432848057
432889651
432931253
432972887
433014493
433056109
433097737
433139393
433180997
433222597
433264229
433305863
433347511
433389133
433430771
433472437
433514087
433555693
433597369
433638977
433680631
433722287
433763951
433805591
433847243
433888901
433930589
433972241
434013907
434055569
434097229
434138951
434180597
434222263
434263967
434305607
434347289
434389061
434430679
434472343
434514037
434555729
434597437
434639113
434680817
434722511
434764207
434805919
434847629
434889331
434931031
434972789
435014453
435056177
435097961
435139631
435181333
435223049
435264793
435306497
435348229
435389987
435431707
435473431
435515203
435556921
435598661
435640399
435682133
435723881
435765643
435807391
435849143
435890893
435932663
435974411
436016197
436057933
436099693
436141457
436183243
436225021
436266781
436308563
436350347
436392119
436433891
436475681
436517461
436559281
436601027
436642837
436684643
436726421
436768231
436810009
436851809
436893617
436935413
436977251
437019031
437060863
437102671
437144473
437186293
437228119
437269949
437311783
437353661
437395403
437437267
437479093
437520899
437562739
437604611
437646403
437688263
437730101
437771953
437813791
437855641
437897521
437939393
437981197
438023099
438064903
438106789
438148631
438190499
438232387
438274231
438316103
438357977
438399847
438441727
438483611
438525499
438567373
438609251
438651137
438693049
438734927
438776831
438818713
438860633
438902507
438944411
438986341
439028221
439070117
439112039
439153943
439195853
439237783
439279693
439321621
439363531
439405459
439447381
439489331
439531229
439573201
439615091
439657033
439698967
439740907
439782859
439824811
439866731
439908697
439950649
439992577
440034559
440076517
440118467
440160401
440202377
440244349
440286299
440328263
440370241
440412197
440454193
440496149
440538127
440580169
440622137
440664067
440706067
440748037
440790037
440832031
440874011
440916011
440958041
441000023
441042011
441084011
441126019
441168019
441210043
441252037
441294053
441336073
441378097
441420121
441462127
441504163
441546173
441588221
441630239
441672263
441714311
441756347
441798377
441840401
441882451
441924491
441966541
442008587
442050671
442092727
442134733
442176793
442218859
442260901
442303013
442345063
442387091
442429159
442471231
442513327
442555381
442597469
442639537
442681601
442723709
442765769
442807861
442849943
442892029
442934131
442976213
443018311
443060407
443102503
443144609
443186707
443228831
443270917
443313037
443355163
443397257
443439371
443481487
443523607
443565761
443607851
443649979
443692147
443734237
443776373
443818517
443860657
443902769
443944909
443987077
444029219
444071357
444113497
444155629
444197801
444239933
444282107
444324259
444366401
444408563
444450823
444492899
444535103
444577229
444619397
444661577
444703769
444745927
444788111
444830291
444872489
444914651
444956851
444999047
445041229
445083427
445125607
445167839
445210009
445252259
445294427
445336621
445378819
445421057
445463261
445505491
445547671
445589909
445632113
445674337
445716547
445758793
445801087
445843253
445885459
445927711
445969949
446012179
446054407
446096657
446138897
446181137
446223383
446265629
446307887
446350139
446392393
446434657
446476903
446519179
446561431
446603699
446645957
446688227
446730497
446772787
446815049
446857349
446899601
446941897
446984189
447026467
447068749
447111079
447153319
447195611
447237929
447280213
447322523
447364807
447407119
447449413
447491719
447534077
447576373
447618659
447660973
447703283
447745619
447787961
447830281
447872573
447914923
447957239
447999571
448041899
448084253
448126639
448168913
448211243
448253591
448295951
448338281
448380637
448422977
448465331
448507729
448550051
448592401
448634773
448677137
448719517
448761871
448804231
448846609
448888987
448931347
448973783
449016103
449058487
449100877
449143291
449185657
449228047
449270449
449312813
449355229
449397617
449440007
449482403
449524807
449567219
449609617
449652029
449694457
449736869
449779273
449821711
449864101
449906533
449948951
449991371
450033799
450076271
450118681
450161119
450203581
450245977
450288407
450330871
450373289
450415753
450458209
450500627
450543077
450585547
450628021
450670447
450712903
450755377
450797827
450840307
450882763
450925229
450967697
451010177
451052663
451095149
451137647
451180091
451222573
451265053
451307539
451350047
451392523
451435013
451477529
451520011
451562533
451605041
451647529
451690013
451732537
451775033
451817537
451860067
451902601
451945099
451987609
452030123
452072657
452115179
452157697
452200241
452242757
452285311
452327903
452370377
452412911
452455501
452498003
452540533
452583083
452625631
452668189
452710813
452753291
452795843
452838427
452880973
452923553
452966093
453008663
453051251
453093803
453136423
453178949
453221563
453264107
453306697
453349279
453391877
453434437
453477029
453519617
453562211
453604813
453647443
453690059
453732611
453775219
453817813
453860419
453903029
453945659
453988277
454030891
454073497
454116101
454158751
454201351
454244017
454286621
454329257
454371919
454414511
454457131
454499767
454542409
454585069
454627709
454670341
454712981
454755643
454798291
454840979
454883593
454926247
454968929
455011603
455054227
455096893
455139569
455182241
455224921
455267587
455310263
455352941
455395621
455438311
455480981
455523683
455566337
455609029
455651717
455694419
455737109
455779823
455822501
455865203
455907923
455950637
455993323
456036029
456078767
456121453
456164173
456206893
456249631
456292367
456335107
456377771
456420499
456463229
456505967
456548693
456591437
456634177
456676907
456719647
456762389
456805133
456847877
456890639
456933377
456976139
457018949
457061653
457104463
457147181
457189949
457232693
457275457
457318243
457360997
457403789
457446569
457489327
457532129
457574927
457617673
457660493
457703261
457746049
457788829
457831639
457874419
457917211
457960033
458002807
458045639
458088451
458131259
458174039
458216873
458259661
458302483
458345287
458388101
458430937
458473747
458516581
458559407
458602237
458645069
458687891
458730733
458773573
458816411
458859281
458902123
458944949
458987803
459030659
459073477
459116381
459159191
459202049
459244913
459287767
459330629
459373517
459416369
459459227
459502097
459544993
459587867
459630737
459673609
459716503
459759409
459802283
459845147
459888043
459930917
459973823
460016723
460059617
460102529
460145423
460188367
460231217
460274119
460317061
460359937
460402867
460445767
460488683
460531601
460574561
460617457
460660423
460703297
460746239
460789163
460832101
460875031
460917973
460960921
461003863
461046791
461089751
461132677
461175653
461218591
461261531
461304497
461347489
461390417
461433367
461476331
461519309
461562281
461605259
461648197
461691179
461734151
461777149
461820103
461863099
461906069
461949079
461992073
462035069
462078041
462121027
462164009
462207013
462250007
462293003
462336023
462379019
462422039
462465041
462508049
462551057
462594073
462637117
462680111
462723127
462766153
462809183
462852197
462895231
462938279
462981371
463024333
463067377
463110407
463153447
463196491
463239547
463282607
463325627
463368679
463411747
463454837
463497847
463540933
463583971
463627027
463670101
463713191
463756229
463799299
463842371
463885451
463928537
463971631
464014687
464057777
464100851
464143961
464187029
464230121
464273219
464316313
464359439
464402501
464445617
464488721
464531849
464574917
464618051
464661143
464704271
464747389
464790499
464833637
464876723
464919863
464962973
465006119
465049231
465092357
465135491
465178639
465221819
465264901
465308069
465351191
465394333
465437491
465480637
465523777
465566939
465610129
465653267
465696437
465739597
465782743
465825901
465869059
465912247
465955403
465998587
466041761
466084939
466128119
466171283
466214591
466257653
466300847
466344029
466387223
466430413
466473611
466516871
466560001
466603219
466646407
466689611
466732867
466776031
466819237
466862453
466905667
466948897
466992103
467035351
467078551
467121779
467165003
467208251
467251469
467294699
467337953
467381179
467424413
467467661
467510887
467554141
467597399
467640653
467683897
467727131
467770397
467813657
467856919
467900171
467943439
467986691
468029963
468073231
468116497
468159773
468203051
468246323
468289607
468332911
468376189
468419461
468462739
468506041
468549337
468592627
468635917
468679217
468722509
468765859
468809111
468852427
468895723
468939043
468982387
469025651
469068973
469112333
469155607
469198927
469242247
469285571
469328897
469372231
469415603
469458949
469502227
469545569
469588913
469632257
469675597
469718933
469762291
469805627
469848997
469892377
469935703
469979047
470022451
470065787
470109139
470152519
470195881
470239229
470282639
470325983
470369359
470412727
470456159
470499487
470542867
470586271
470629667
470673037
470716423
470759857
470803217
470846707
470890099
470933453
470976817
471020219
471063641
471107027
471150473
471193907
471237311
471280699
471324143
471367549
471410963
471454393
471497797
471541249
471584671
471628097
471671587
471715007
471758407
471801851
471845291
471888743
471932179
471975649
472019077
472062553
472105999
472149463
472192909
472236389
472279867
472323317
472366759
472410247
472453697
472497197
472540669
472584127
472627613
472671097
472714601
472758059
472801559
472845041
472888523
472932011
472975507
473019047
473062523
473106019
473149507
473193059
473236537
473280037
473323553
473367061
473410571
473454083
473497631
473541127
473584649
473628179
473671721
473715241
473758777
473802349
473845831
473889389
473932909
473976457
474019991
474063587
474107093
474150629
474194177
474237733
474281323
474324889
474368407
474411983
474455537
474499213
474542657
474586243
474629801
474673387
474716951
474760553
474804103
474847697
474891271
474934853
474978467
475022033
475065641
475109227
475152823
475196411
475240021
475283609
475327207
475370821
475414417
475458037
475501643
475545253
475588877
475632497
475676101
475719731
475763381
475806971
475850597
475894241
475937867
475981501
476025149
476068763
476112407
476156047
476199697
476243333
476286997
476330653
476374309
476417939
476461597
476505251
476548901
476592577
476636239
476679893
476723561
476767231
476810921
476854597
476898259
476941937
476985601
477029297
477072977
477116677
477160349
477204029
477247739
477291427
477335141
477378883
477422527
477466229
477509917
477553621
477597349
477641039
477684737
477728473
477772177
477815887
477859631
477903323
477947051
477990781
478034519
478078229
478121989
478165691
478209427
478253179
478296901
478340647
478384391
478428163
478471933
478515637
478559429
478603171
478646887
478690649
478734401
478778213
478821953
478865693
478909493
478953227
478996997
479040781
479084561
479128327
479172103
479215883
479259689
479303471
479347237
479391049
479434817
479478617
479522419
479566211
479610017
479653807
479697607
479741413
479785247
479829037
479872837
479916653
479960483
480004307
480048103
480091957
480135749
480179591
480223397
480267233
480311057
480354911
480398747
480442577
480486437
480530251
480574097
480617933
480661777
480705649
480749497
480793331
480837209
480881047
480924901
480968771
481012643
481056503
481100369
481144231
481188109
481231999
481275853
481319731
481363601
481407523
481451389
481495279
481539181
481583027
481626919
481670873
481714741
481758617
481802537
481846507
481890307
481934227
481978117
482022031
482065937
482109911
482153801
482197687
482241653
482285533
482329451
482373389
482417297
482461229
482505167
482549107
482593043
482636971
482680903
482724881
482768807
482812739
482856707
482900647
482944589
482988563
483032503
483076453
483120401
483164399
483208333
483252299
483296267
483340229
483384197
483428177
483472159
483516127
483560101
483604127
483648073
483692051
483736051
483780029
483824017
483868013
483912043
483956003
484000007
484044053
484088021
484132021
484176029
484220041
484264049
484308067
484352087
484396091
484440119
484484129
484528147
484572247
484616213
484660243
484704271
484748291
484792327
484836377
484880413
484924463
484968487
485012537
485056589
485100667
485144701
485188777
485232809
485276843
485320909
485364973
485409061
485453117
485497157
485541253
485585339
485629381
485673449
485717543
485761631
485805707
485849773
485893871
485937937
485982037
486026131
486070219
486114319
486158411
486202511
486246641
486290723
486334819
486378917
486423037
486467153
486511271
486555367
486599489
486643601
486687727
486731849
486775999
486820123
486864233
486908369
486952493
486996673
487040779
487084903
487129043
487173209
487217333
487261477
487305641
487349789
487393939
487438087
487482253
487526443
487570579
487614733
487658909
487703071
487747229
487791401
487835597
487879757
487923929
487968121
488012297
488056469
488100659
488144843
488189057
488233219
488277457
488321611
488365819
488410007
488454269
488498411
488542619
488586823
488631029
488675249
488719453
488763683
488807897
488852107
488896337
488940563
488984801
489029033
489073229
489117457
489161737
489205931
489250183
489294413
489338657
489382889
489427181
489471449
489515627
489559883
489604139
489648389
489692653
489736903
489781177
489825439
489869693
489913969
489958267
490002497
490046771
490091099
490135339
490179607
490223891
490268173
490312469
490356739
490401029
490445339
490489639
490533907
490578211
490622501
490666807
490711129
490755413
490799731
490844027
490888337
490932661
490976971
491021317
491065609
491109947
491154253
491198593
491242933
491287241
491331557
491375897
491420257
491464573
491508949
491553269
491597599
491641961
491686277
491730653
491774989
491819353
491863709
491908069
491952401
491996801
492041153
492085493
492129863
492174229
492218609
492262987
492307351
492351733
492396103
492440483
492484933
492529283
492573649
492618029
492662441
492706813
492751219
492795617
492840109
492884429
492928811
492973213
493017617
493062043
493106441
493150873
493195267
493239697
493284107
493328527
493372949
493417373
493461797
493506241
493550663
493595101
493639561
493683977
493728439
493772843
493817293
493861733
493906181
493950637
493995091
494039537
494084009
494128447
494172907
494217371
494261843
494306303
494350757
494395229
494439721
494484173
494528651
494573147
494617609
494662087
494706571
494751067
494795551
494840039
494884529
494929027
494973529
495018011
495062501
495107047
495151519
495196019
495240521
495285041
495329537
495374059
495418601
495463123
495507611
495552133
495596653
495641173
495685703
495730229
495774787
495819299
495863833
495908363
495952901
495997493
496042021
496086607
496131109
496175629
496220183
496264751
496309313
496353857
496398403
496442987
496487539
496532123
496576687
496621241
496665847
496710377
496754959
496799549
496844111
496888723
496933301
496977857
497022457
497067031
497111617
497156213
497200807
497245429
497290009
497334703
497379229
497423827
497468423
497513089
497557639
497602253
497646893
497691487
497736101
497780749
497825351
497869987
497914597
497959229
498003881
498048491
498093137
498137779
498182417
498227053
498271693
498316331
498360979
498405641
498450283
498494981
498539597
498584267
498628919
498673579
498718229
498762907
498807623
498852227
498896911
498941591
498986251
499030957
499075601
499120379
499164977
499209653
499254337
499299029
499343717
499388429
499433111
499477807
499522501
499567259
499611907
499656613
499701329
499746031
499790737
499835461
499880167
499924883
499969669
500014331
500059069
500103781
500148511
500193263
500237957
500282693
500327453
500372207
500416907
500461651
500506397
500551151
500595899
500640641
500685389
500730143
500774903
500819701
500864417
500909183
500953939
500998699
501043463
501088241
501133019
501177793
501222551
501267323
501312109
501356887
501401671
501446489
501491251
501536033
501580823
501625633
501670423
501715211
501760043
501804811
501849617
501894427
501939233
501984031
502028851
502073669
502118471
502163309
502208107
502252939
502297781
502342583
502387397
502432237
502477091
502521893
502566731
502611581
502656437
502701247
502746089
502790947
502835777
502880639
502925513
502970357
503015203
503060059
503104939
503149763
503194649
503239493
503284387
503329261
503374129
503418973
503463869
503508749
503553619
503598517
503643367
503688253
503733173
503778031
503822923
503867843
503912723
503957603
504002501
504047417
504092321
504137213
504182131
504227027
504271967
504316859
504361799
504406697
504451601
504496537
504541451
504586373
504631301
504676231
504721157
504766109
504811093
504855977
504900911
504945901
504990803
505035733
505080677
505125671
505170587
505215547
505260491
505305473
505350401
505395367
505440329
505485301
505530293
505575229
505620197
505665217
505710157
505755127
505800131
505845089
505890109
505935061
505980037
506025029
506070029
506115019
506160007
506205013
506250007
506295017
506340017
506385041
506430083
506475029
506520071
506565077
506610073
506655137
506700101
506745133
506790161
506835187
506880203
506925247
506970259
507015319
507060349
507105367
507150407
507195457
507240491
507285533
507330589
507375641
507420689
507465757
507510791
507555907
507600923
507645967
507691031
507736129
507781159
507826229
507871297
507916373
507961453
508006531
508051601
508096709
508141771
508186871
508231937
508277053
508322119
508367219
508412323
508457407
508502509
508547603
508592719
508637813
508682929
508728037
508773137
508818319
508863367
508908539
508953619
508998739
509043859
509088973
509134133
509179259
509224363
509269531
509314651
509359777
509404919
509450057
509495209
509540359
509585509
509630629
509675809
509720947
509766091
509811251
509856409
509901593
509946733
509991899
510037063
510082241
510127417
510172571
510217789
510262931
510308119
510353297
510398467
510443663
510488843
510534043
510579271
510624463
510669683
510714859
510760007
510805219
510850429
510895631
510940823
510986039
511031267
511076473
511121669
511166917
511212109
511257323
511302577
511347773
511393007
511438231
511483457
511528711
511573927
511619177
511664407
511709651
511754917
511800143
511845377
511890661
511935877
511981147
512026423
512071643
512116901
512162173
512207431
512252693
512297987
512343241
512388557
512433773
512479057
512524343
512569613
512614913
512660171
512705483
512750743
512796071
512841323
512886611
512931917
512977237
513022511
513067813
513113113
513158423
513203741
513249049
513294337
513339653
513384979
513430301
513475609
513520933
513566269
513611587
513656911
513702269
513747569
513792893
513838249
513883609
513928913
513974257
514019641
514064953
514110287
514155643
514200979
514246339
514291691
514337051
514382423
514427777
514473149
514518497
514563877
514609231
514654597
514700023
514745347
514790741
514836121
514881509
514926869
514972261
515017637
515063053
515108423
515153813
515199221
515244617
515290001
515335439
515380841
515426221
515471617
515517031
515562449
515607853
515653267
515698691
515744123
515789567
515834953
515880383
515925799
515971249
516016681
516062093
516107531
516152983
516198413
516243857
516289307
516334733
516380239
516425641
516471077
516516541
516562003
516607457
516652919
516698383
516743833
516789293
516834763
516880241
516925741
516971179
517016653
517062131
517107611
517153099
517198571
517244051
517289543
517335053
517380553
517426043
517471531
517517051
517562509
517608029
517653511
517699037
517744523
517790027
517835543
517881059
517926589
517972097
518017609
518063141
518108653
518154209
518199719
518245243
518290757
518336327
518381839
518427409
518472917
518518457
518564029
518609557
518655089
518700643
518746199
518791733
518837311
518882851
518928401
518973991
519019559
519065111
519110693
519156233
519201799
519247373
519292973
519338527
519384101
519429683
519475283
519520853
519566483
519612061
519657617
519703237
519748813
519794447
519840017
519885671
519931207
519976811
520022417
520068037
520113647
520159253
520204891
520250483
520296103
520341769
520387349
520432973
520478599
520524227
520569943
520615507
520661129
520706789
520752409
520798049
520843691
520889381
520935017
520980631
521026279
521071933
521117603
521163287
521208901
521254571
521300233
521345893
521391557
521437249
521482903
521528597
521574247
521619929
521665603
521711297
521757029
521802653
521848339
521894041
521939753
521985427
522031109
522076823
522122501
522168223
522213907
522259649
522305317
522351031
522396737
522442457
522488173
522533897
522579637
522625357
522671047
522716783
522762503
522808229
522853979
522899711
522945469
522991193
523036919
523082671
523128401
523174147
523219903
523265641
523311407
523357151
523402889
523448647
523494449
523540169
523585943
523631699
523677457
523723231
523769011
523814773
523860563
523906343
523952101
523997899
524043671
524089453
524135239
524181059
524226883
524272621
524318411
524364221
524410001
524455823
524501611
524547431
524593217
524639107
524684837
524730691
524776501
524822297
524868109
524913971
524959763
525005599
525051403
525097231
525143063
525188921
525234733
525280571
525326411
525372257
525418111
525463949
525509813
525555647
525601493
525647333
525693191
525739051
525784901
525830771
525876641
525922499
525968371
526014239
526060099
526106027
526151851
526197739
526243621
526289501
526335377
526381253
526427141
526473083
526518919
526564867
526610731
526656673
526702529
526748441
526794311
526840241
526886147
526932067
526977949
527023879
527069779
527115691
527161601
527207531
527253451
527299379
527345297
527391233
527437187
527483101
527529059
527574973
527620909
527666857
527712817
527758757
527804677
527850641
527896609
527942533
527988493
528034457
528080431
528126407
528172357
528218309
528264257
528310231
528356201
528402181
528448157
528494137
528540121
528586109
528632089
528678083
528724051
528770027
528816031
528862039
528908011
528954007
529000057
529046009
529092013
529138013
529184021
529230029
529276039
529322089
529368067
529414091
529460119
529506137
529552169
529598177
529644223
529690243
529736257
529782311
529828331
529874393
529920463
529966499
530012489
530058541
530104607
530150633
530196721
530242763
530288791
530334869
530380919
530426977
530473037
530519107
530565181
530611297
530657297
530703373
530749459
530795567
530841629
530887733
530933779
530979851
531025951
531072043
531118117
531164213
531210311
531256417
531302509
531348619
531394709
531440839
531486953
531533039
531579161
531625253
531671383
531717497
531763601
531809723
531855859
531902009
531948101
531994247
532040359
532086493
532132661
532178783
532224911
532271057
532317193
532363343
532409489
532455653
532501843
532547963
532594099
532640257
532686421
532732597
532778731
532824899
532871057
532917239
532963397
533009579
533055767
533101939
533148107
533194289
533240483
533286653
533332847
533379043
533425219
533471423
533517661
533563897
533610001
533656229
533702443
533748613
533794831
533841029
533887253
533933483
533979679
534025927
534072101
534118339
534164549
534210779
534257021
534303239
534349463
534395707
534441959
534488179
534534401
534580643
534626887
534673187
534719401
534765629
534811961
534858143
534904393
534950693
534996929
535043183
535089437
535135697
535181957
535228247
535274497
535320781
535367059
535413337
535459601
535505897
535552211
535598471
535644737
535691027
535737343
535783621
535829969
535876219
535922503
535968833
536015131
536061419
536107729
536154029
536200339
536246663
536292973
536339291
536385601
536431927
536478247
536524577
536570897
536617229
536663557
536709893
536756243
536802599
536848903
536895311
536941597
536987933
537034327
537080627
537126977
537173333
537219719
537266063
537312403
537358769
537405151
537451531
537497867
537544229
537590597
537637013
537683347
537729727
537776111
537822499
537868883
537915253
537961637
538008043
538054459
538100819
538147217
538193609
538240013
538286423
538332811
538379213
538425619
538472041
538518451
538564867
538611277
538657739
538704107
538750523
538796959
538843381
538889801
538936247
538982669
539029109
539075527
539122013
539168407
539214853
539261291
539307733
539354177
539400637
539447093
539493541
539539991
539586449
539632931
539679389
539725847
539772313
539818759
539865229
539911699
539958173
540004721
540051151
540097603
540144091
540190591
540237053
540283559
540330041
540376519
540423029
540469529
540516029
540562567
540609037
540655513
540702011
540748613
540795029
540841547
540888053
540934591
540981083
541027607
541074143
541120649
541167181
541213703
541260241
541306757
541353317
541399843
541446511
541492907
541539451
541585987
541632571
541679077
541725631
541772197
541818757
541865329
541911859
541958423
542005031
542051533
542098097
542144741
542191231
542237819
542284381
542330951
542377523
542424109
542470759
542517281
542563907
542610461
542657029
542703619
542750237
542796811
542843407
542890001
542936623
542983223
543029813
543076421
543123043
543169637
543216263
543262873
543309509
543356123
543402737
543449363
543496021
543542611
543589271
543635929
543682493
543729163
543775783
543822403
543869047
543915703
543962357
544008977
544055663
544102277
544148947
544195637
544242253
544288903
544335569
544382261
544428917
544475557
544522249
544568897
544615619
544662259
544708979
544755623
544802341
544848973
544895671
544942379
544989037
545035781
545082427
545129107
545175809
545222507
545269217
545315909
545362619
545409329
545456027
545502739
545549467
545596193
545642939
545689657
545736337
545783053
545829773
545876509
545923229
545969971
546016703
546063431
546110171
546156901
546203653
546250387
546297131
546343883
546390629
546437387
546484139
546530893
546577651
546624431
546671171
546717971
546764707
546811457
546858233
546905057
546951781
546998561
547045351
547092109
547138957
547185673
547232461
547279237
547326083
547372831
547419617
547466429
547513217
547560017
547606819
547653607
547700423
547747229
547794031
547840847
547887653
547934479
547981309
548028113
548074957
548121751
548168611
548215397
548262251
548309071
548355959
548402737
548449567
548496407
548543273
548590099
548636939
548683777
548730643
548777483
548824349
548871199
548918047
548964907
549011803
549058633
549105521
549152363
549199253
549246097
549292979
549339863
549386731
549433601
549480517
549527371
549574253
549621143
549668051
549714917
549761813
549808711
549855619
549902513
549949483
549996319
550043213
550090139
550137041
550183981
550230859
550277771
550324699
550371637
550418587
550465471
550512407
550559309
550606229
550653157
550700093
550747037
550793963
550840907
550887847
550934789
550981733
551028683
551075633
551122577
551169557
551216509
551263469
551310407
551357377
551404363
551451301
551498267
551545249
551592199
551639183
551686153
551733151
551780137
551827091
551874073
551921059
551968061
552015031
552062039
552109013
552156029
552203039
552250043
552297017
552344027
552391027
552438031
552485053
552532051
552579089
552626069
552673091
552720101
552767143
552814183
552861181
552908261
552955237
553002283
553049291
553096331
553143379
553190413
553237471
553284491
553331533
553378583
553425637
553472683
553519739
553566787
553613917
553660903
553707967
553755109
553802099
553849169
553896263
553943321
553990387
554037493
554084567
554131621
554178701
554225783
554272871
554319967
554367053
554414117
554461217
554508323
554555423
554602501
554649607
554696707
554743811
554790923
554838029
554885137
554932267
554979437
555026491
555073637
555120773
555167863
555214973
555262151
555309229
555356369
555403529
555450641
555497791
555544939
555592049
555639187
555686359
555733483
555780629
555827777
555874937
555922111
555969259
556016429
556063567
556110733
556157893
556205071
556252231
556299409
556346611
556393781
556440931
556488139
556535311
556582469
556629673
556676863
556724027
556771247
556818413
556865629
556912831
556960003
557007203
557054429
557101667
557148817
557196043
557243243
557290451
557337667
557384897
557432129
557479331
557526583
557573771
557621017
557668249
557715463
557762749
557809927
557857163
557904437
557951659
557998913
558046157
558093379
558140629
558187879
558235163
558282419
558329711
558376913
558424171
558471439
558518711
558565963
558613261
558660523
558707791
558755051
558802327
558849631
558896887
558944171
558991463
559038757
559086071
559133327
559180627
559227919
559275251
559322501
559369807
559417121
559464461
559511773
559559047
559606337
559653701
559700971
559748291
559795637
559842949
559890263
559937603
559984903
560032237
560079563
560126891
560174233
560221573
560268901
560316257
560363597
560410931
560458291
560505677
560552983
560600333
560647697
560695067
560742409
560789771
560837141
560884523
560931857
560979229
561026617
561073973
561121381
561168737
561216107
561263491
561310909
561358253
561405653
561453037
561500417
561547891
561595211
561642619
561690029
561737411
561784819
561832213
561879641
561927031
561974453
562021877
562069289
562116697
562164173
562211527
562259017
562306417
562353809
562401227
562448657
562496117
562543529
562590967
562638467
562685887
562733309
562780747
562828181
562875629
562923077
562970537
563017997
563065453
563112917
563160373
563207837
563255291
563302771
563350237
563397733
563445187
563492651
563540179
563587631
563635109
563682607
563730053
563777551
563825027
563872523
563920037
563967511
564015017
564062507
564110003
564157543
564205049
564252539
564300041
564347603
564395063
564442591
564490097
564537613
564585191
564632657
564680189
564727721
564775279
564822757
564870329
564917827
564965381
565012909
565060451
565107989
565155553
565203091
565250639
565298177
565345769
565393319
565440847
565488421
565535963
565583531
565631093
565678657
565726243
565773797
565821409
565868957
565916537
565964101
566011697
566059271
566106907
566154439
566202029
566249657
566297213
566344811
566392423
566440003
566487619
566535247
566582833
566630419
566678039
566725637
566773253
566820869
566868493
566916137
566963723
567011363
567058991
567106597
567154229
567201857
567249511
567297127
567344783
567392417
567440053
567487721
567535379
567583001
567630641
567678301
567725987
567773627
567821249
567868909
567916577
567964247
568011907
568059563
568107227
568154911
568202587
568250269
568297931
568345637
568393349
568440967
568488667
568536347
568584067
568631719
568679411
568727123
568774819
568822517
568870207
568917913
568965643
569013317
569061029
569108747
569156477
569204171
569251889
569299613
569347351
569395051
569442781
569490517
569538227
569585957
569633693
569681443
569729189
569776927
569824681
569872399
569920163
569967877
570015629
570063383
570111137
570158959
570206657
570254407
570302171
570349957
570397693
570445501
570493237
570541001
570588787
570636551
570684329
570732101
570779899
570827669
570875467
570923263
570971047
571018867
571066649
571114409
571162231
571210001
571257833
571305607
571353413
571401241
571449041
571496843
571544653
571592471
571640299
571688123
571735933
571783757
571831573
571879397
571927249
571975057
572022959
572070773
572118563
572166403
572214257
572262113
572309951
572357789
572405641
572453491
572501341
572549207
572597101
572644901
572692777
572740627
572788499
572836357
572884243
572932097
572979977
573027853
573075731
573123613
573171491
573219373
573267311
573315137
573363041
573410917
573458813
573506707
573554603
573602501
573650417
573698317
573746213
573794141
573842029
573889963
573937907
573985781
574033693
574081601
574129529
574177453
574225381
574273313
574321243
574369163
574417099
574465027
574513001
574560923
574608851
574656787
574704763
574752701
574800641
574848607
574896559
574944523
574992449
575040437
575088377
575136329
575184317
575232283
575280227
575328199
575376181
575424191
575472169
575520131
575568089
575616089
575664053
575712041
575760037
575808031
575856053
575904047
575952029
576000011
576048047
576096007
576144029
576192017
576240031
576288059
576336071
576384091
576432083
576480103
576528137
576576163
576624199
576672197
576720229
576768271
576816301
576864329
576912379
576960409
577008461
577056497
577104557
577152599
577200721
577248731
577296739
577344791
577392847
577440901
577488971
577537027
577585093
577633169
577681241
577729303
577777391
577825471
577873561
577921607
577969687
578017771
578065871
578113957
578162069
578210123
578258243
578306329
578354407
578402501
578450603
578498707
578546833
578594927
578643067
578691163
578739251
578787373
578835497
578883601
578931733
578979857
579027979
579076163
579124267
579172357
579220501
579268663
579316763
579364901
579413071
579461189
579509339
579557497
579605627
579653791
579701939
579750089
579798269
579846437
579894563
579942731
579990893
580039073
580087231
580135397
580183573
580231753
580279933
580328131
580376287
580424549
580472653
580520873
580569043
580617217
580665419
580713673
580761821
580810037
580858207
580906411
580954613
581002859
581051059
581099243
581147453
581195683
581243891
581292113
581340323
581388551
581436773
581485013
581533273
581581471
581629703
581677931
581726177
581774411
581822653
581870897
581919139
581967377
582015649
582063941
582112171
582160391
582208661
582256907
582305177
582353441
582401707
582449957
582498229
582546521
582594787
582643049
582691349
582739621
582787883
582836201
582884453
582932747
582981031
583029329
583077619
583125929
583174219
583222513
583270811
583319111
583367417
583415719
583464043
583512337
583560671
583608967
583657289
583705667
583753987
583802251
583850587
583898929
583947271
583995563
584043947
584092237
584140589
584188907
584237257
584285609
584333947
584382283
584430661
584478977
584527367
584575699
584624059
584672411
584720779
584769131
584817503
584865857
584914229
584962601
585010999
585059347
585107729
585156109
585204497
585252881
585301253
585349673
585398057
585446417
585494849
585543281
585591607
585640009
585688451
585736829
585785243
585833623
585882029
585930461
585978863
586027291
586075709
586124117
586172567
586220959
586269419
586317803
586366247
586414669
586463099
586511533
586559969
586608427
586656853
586705291
586753757
586802207
586850629
586899083
586947533
586996001
587044453
587092903
587141369
587189831
587238347
587286757
587335247
587383721
587432173
587480657
587529169
587577607
587626099
587674567
587723053
587771543
587820041
587868521
587917021
587965513
588014029
588062513
588111023
588159521
588208013
588256519
588305083
588353543
588402053
588450589
588499127
588547601
588596131
588644657
588693173
588741709
588790231
588838759
588887333
588935827
588984413
589032901
589081447
589129993
589178531
589227091
589275629
589324189
589372739
589421293
589469861
589518403
589566973
589615529
589664111
589712657
589761257
589809809
589858387
589907023
589955537
590004133
590052709
590101279
590149867
590198443
590247043
590295631
590344217
590392841
590441413
590490029
590538607
590587213
590635841
590684443
590733053
590781661
590830267
590878903
590927527
590976143
591024739
591073369
591121991
591170621
591219227
591267889
591316543
591365153
591413777
591462409
591511051
591559687
591608359
591656977
591705637
591754277
591802933
591851591
591900247
591948911
591997577
592046269
592094917
592143577
592192241
592240933
592289683
592338277
592386923
592435603
592484327
592532989
592581673
592630373
592679029
592727771
592776413
592825171
592873837
592922503
592971263
593019919
593068621
593117321
593166061
593214737
593263453
593312171
593360893
593409611
593458343
593507053
593555777
593604497
593653237
593701957
593750693
593799431
593848207
593896907
593945657
593994403
594043139
594091889
594140663
594189391
594238157
594286897
594335659
594384443
594433187
594481931
594530701
594579457
594628231
594677021
594725771
594774547
594823337
594872107
594920897
594969691
595018469
595067243
595116037
595164827
595213621
595262411
595311209
595360013
595408811
595457627
595506437
595555253
595604029
595652839
595701697
595750489
595799293
595848133
595896929
595945751
595994579
596043401
596092229
596141059
596189903
596238749
596287591
596336407
596385259
596434109
596482951
596531779
596580631
596629483
596678347
596727191
596776051
596824913
596873779
596922653
596971493
597020357
597069271
597118117
597166987
597215869
597264749
597313601
597362501
597411383
597460271
597509137
597558043
597606917
597655819
597704711
597753649
597802511
597851417
597900307
597949223
597998123
598047041
598095941
598144853
598193779
598242707
598291601
598340531
598389461
598438417
598487299
598536229
598585171
598634129
598683037
598731967
598780901
598829849
598878799
598927741
598976687
599025629
599074589
599123563
599172493
599221453
599270411
599319379
599368327
599417303
599466317
599515229
599564219
599613241
599662157
599711183
599760101
599809129
599858071
599907059
599956037
600005039
600054017
600103027
600152011
600201047
600250003
600299017
600348037
600397027
600446039
600495031
600544103
600593099
600642071
600691087
600740113
600789131
600838171
600887173
600936211
600985261
601034267
601083313
601132333
601181363
601230403
601279463
601328489
601377571
601426577
601475659
601524697
601573733
601622789
601671877
601720949
601770049
601819037
601868129
601917157
601966229
602015311
602064383
602113459
602162527
602211607
602260691
602309767
602358851
602407979
602457091
602506139
602555231
602604349
602653427
602702521
602751613
602800717
602849831
602898953
602948029
602997137
603046259
603095377
603144497
603193631
603242737
603291853
603340993
603390097
603439229
603488381
603537497
603586639
603635789
603684911
603734051
603783233
603832343
603881489
603930629
603979799
604028951
604078103
604127257
604176403
604225591
604274731
604323911
604373083
604422227
604471403
604520593
604569767
604618939
604668101
604717283
604766471
604815707
604864889
604914059
604963217
605012417
605061607
605110811
605160001
605209217
605258417
605307611
605356823
605406031
605455237
605504461
605553667
605602889
605652121
605701333
605750573
605799797
605849017
605898233
605947469
605996701
606045931
606095177
606144437
606193663
606242887
606292139
606341381
606390679
606439913
606489137
606538399
606587669
606636917
606686167
606735433
606784691
606833963
606883229
606932507
606981827
607031063
607080373
607129603
607178903
607228183
607277479
607326743
607376027
607425341
607474633
607523911
607573231
607622503
607671803
607721123
607770419
607819733
607869043
607918343
607967653
608016973
608066321
608115611
608164951
608214307
608263571
608312909
608362229
608411563
608460899
608510239
608559587
608608907
608658263
608707591
608756947
608806277
608855641
608904977
608954341
609003701
609053057
609102413
609151771
609201127
609250511
609299861
609349249
609398599
609447983
609497353
609546757
609596111
609645493
609694873
609744269
609793669
609843037
609892421
609941863
609991223
610040609
610090001
610139429
610188809
610238221
610287647
610337027
610386449
610435853
610485277
610534693
610584109
610633531
610682977
610732379
610781803
610831231
610880707
610930091
610979531
611028983
611078411
611127851
611177311
611226739
611276179
611325641
611375077
611424547
611474011
611523443
611572901
611622377
611671873
611721293
611770763
611820233
611869697
611919181
611968673
612018131
612067613
612117089
612166571
612216067
612265541
612315029
612364537
612414053
612463507
612513007
612562537
612612019
612661507
612711017
612760537
612810047
612859543
612909053
612958571
613008101
613057619
613107161
613156667
613206233
613255751
613305233
613354769
613404313
613453829
613503367
613552931
613602443
613651991
613701559
613751101
613800647
613850207
613899743
613949311
613998857
614048417
614097971
614147539
614197117
614246663
614296271
614345807
614395387
614444951
614494571
614544127
614593699
614643269
614692873
614742437
614792033
614841629
614891219
614940839
614990407
615040001
615089609
615139207
615188813
615238417
615288083
615337643
615387307
615436889
615486511
615536113
615585781
615635347
615684973
615734621
615784291
615833861
615883493
615933187
615982789
616032401
616082059
616131689
616181347
616230991
616280627
616330331
616379977
616429603
616479247
616528903
616578569
616628237
616677923
616727567
616777243
616826921
616876573
616926259
616975927
617025631
617075309
617125013
617174651
617224337
617274041
617323723
617373433
617423113
617472829
617522567
617572211
617621911
617671619
617721323
617771039
617820743
617870497
617920201
617969887
618019603
618069329
618119057
618168779
618218509
618268229
618317963
618367691
618417433
618467167
618516917
618566647
618616387
618666131
618715927
618765691
618815377
618865139
618914887
618964657
619014439
619064239
619113961
619163719
619213523
619263259
619313017
619362781
619412557
619462331
619512151
619561927
619611667
619661467
619711289
619761031
619810819
619860611
619910407
619960207
620010007
620059831
620109613
620159429
620209223
620259037
620308837
620358671
620408471
620458297
620508149
620557939
620607749
620657579
620707397
620757233
620807069
620856923
620906729
620956573
621006437
621056251
621106091
621155933
621205777
621255631
621305501
621355331
621405217
621455053
621504901
621554789
621604667
621654493
621704371
621754249
621804097
621853979
621903857
621953747
622003619
622053491
622103369
622153307
622203143
622253039
622302929
622352833
622402733
622452619
622502519
622552421
622602347
622652213
622702133
622752029
622801939
622851857
622901779
622951691
623001611
623051543
623101481
623151383
623201309
623251231
623301157
623351101
623401027
623450977
623500963
623550847
623600797
623650757
623700677
623750629
623800577
623850533
623900503
623950469
624000401
624050363
624100343
624150301
624200257
624250243
624300199
624350171
624400169
624450139
624500111
624550109
624600073
624650071
624700039
624750029
624800017
624850067
624900011
624950057
625000027
625050029
625100011
625150033
625200077
625250029
625300043
625350067
625400071
625450087
625500103
625550143
625600169
625650173
625700197
625750289
625800313
625850299
625900349
625950379
626000449
626050457
626100491
626150549
626200577
626250629
626300699
626350741
626400811
626450861
626500913
626550983
626601037
626651099
626701169
626751247
626801297
626851409
626901479
626951537
627001649
627051683
627101791
627151853
627201977
627252097
627302129
627352249
627402317
627452411
627502507
627552643
627602747
627652813
627702931
627753037
627803153
627853267
627903379
627953503
628003619
628053737
628103857
628153993
628204099
628254229
628304387
628354499
628404649
628454767
628504913
628555043
628605191
628655333
628705501
628755629
628805791
628855963
628906111
628956253
629006407
629056567
629106733
629156903
629207071
629257231
629307407
629357609
629407759
629457923
629508101
629558291
629608477
629658661
629708837
629759069
629809231
629859413
629909617
629959823
630010001
630060227
630110441
630160621
630210851
630261041
630311239
630361451
630411707
630461891
630512101
630562357
630612547
630662771
630713029
630763307
630813467
630863719
630913939
630964171
631014401
631064647
631114903
631165141
631215419
631265627
631315879
631366133
631416413
631466777
631516913
631567193
631617433
631667693
631717963
631768237
631818511
631868779
631919063
631969357
632019611
632069887
632120207
632170453
632220749
632271103
632321329
632371633
632421929
632472241
632522551
632572817
632623109
632673413
632723723
632774027
632824343
632874653
632924969
632975303
633025639
633075931
633126253
633176573
633226903
633277259
633327577
633377911
633428231
633478589
633528943
633579253
633629597
633679961
633730277
633780643
633830993
633881341
633931691
633982061
634032401
634082777
634133191
634183493
634233863
634284241
634334611
634384979
634435357
634485767
634536107
634586507
634636901
634687259
634737637
634788029
634838419
634888823
634939289
634989629
635040001
635090411
635140811
635191241
635241643
635292071
635342447
635392861
635443267
635493697
635544101
635594543
635644957
635695381
635745811
635796253
635846657
635897107
635947531
635997979
636048419
636098849
636149309
636199771
636250183
636300641
636351103
636401539
636451993
636502463
636552907
636603367
636653833
636704297
636754757
636805249
636855697
636906181
636956657
637007143
637057613
637108091
637158569
637209073
637259593
637310039
637360531
637411037
637461523
637512013
637562501
637613003
637663573
637714087
637764521
637815043
637865537
637916053
637966607
638017141
638067607
638118157
638168647
638219189
638269741
638320261
638370767
638421317
638471843
638522369
638572969
638623483
638674021
638724553
638775077
638825651
638876209
638926741
638977303
639027863
639078413
639128977
639179537
639230113
639280679
639331237
639381811
639432371
639482953
639533537
639584111
639634693
639685283
639735851
639786529
639837047
639887617
639938219
639988859
640039427
640090013
640140617
640191221
640241873
640292431
640343027
640393657
640444261
640494913
640545497
640596113
640646729
640697359
640747973
640798601
640849241
640899869
640950529
641001139
641051771
641102401
641153069
641203687
641254349
641304977
641355629
641406281
641456947
641507593
641558243
641608901
641659687
641710253
641760901
641811601
641862259
641912927
641963617
642014273
642064931
642115627
642166303
642217003
642267653
642318343
642369031
642419717
642470419
642521111
642571843
642622501
642673243
642723959
642774611
642825319
642876037
642926741
642977459
643028167
643078939
643129603
643180327
643231067
643281791
643332499
643383229
643433977
643484789
643535429
643586171
643636919
643687651
643738391
643789171
643839893
643890641
643941421
643992131
644042897
644093663
644144401
644195173
644245993
644296693
644347523
644398231
644448997
644499809
644550553
644601341
644652109
644702899
644753671
644804491
644855243
644906047
644956847
645007651
645058411
645109207
645160007
645210803
645261613
645312431
645363241
645414037
645464843
645515657
645566503
645617299
645668119
645718937
645769757
645820573
645871399
645922237
645973061
646023899
646074743
646125577
646176407
646227247
646278109
646328971
646379803
646430639
646481509
646532333
646583237
646634047
646684903
646735769
646786633
646837507
646888357
646939243
646990117
647040971
647091917
647142761
647193607
647244487
647295377
647346251
647397143
647448037
647498923
647549821
647600713
647651603
647702509
647753411
647804321
647855233
647906117
647957033
648007949
648058861
648109769
648160687
648211601
648262529
648313487
648364391
648415301
648466237
648517157
648568111
648619043
648669997
648720967
648771859
648822791
648873733
648924701
648975631
649026593
649077547
649128497
649179449
649230401
649281383
649332337
649383307
649434257
649485233
649536233
649587173
649638149
649689133
649740109
649791091
649842077
649893053
649944037
649995029
650046029
650097013
650148007
650199007
650250001
650301013
650352011
650403053
650454029
650505043
650556047
650607059
650658079
650709089
650760101
650811131
650862169
650913173
650964203
651015247
651066263
651117301
651168337
651219367
651270401
651321497
651372521
651423541
651474587
651525631
651576713
651627733
651678793
651729853
651780911
651831967
651883039
651934109
651985231
652036267
652087327
652138379
652189453
652240529
652291631
652342687
652393769
652444889
652495939
652547047
652598117
652649213
652700309
652751413
652802539
652853609
652904713
652955827
653006917
653058037
653109137
653160251
653211371
653262487
653313601
653364731
653415857
653466971
653518123
653569229
653620367
653671531
653722661
653773789
653824931
653876053
653927189
653978341
654029479
654080633
654131789
654182941
654234109
654285259
654336413
654387571
654438731
654489911
654541067
654592231
654643417
654694577
654745753
654796957
654848113
654899303
654950467
655001651
655052837
655104029
655155223
655206479
655257619
655308839
655360001
655411231
655462411
655513613
655564849
655616029
655667261
655718467
655769683
655820897
655872103
655923341
655974551
656025793
656076997
656128267
656179471
656230699
656281933
656333189
656384411
656435723
656486911
656538131
656589407
656640629
656691877
656743159
656794393
656845681
656896907
656948183
656999443
657050701
657101983
657153251
657204503
657255787
657307067
657358327
657409619
657460901
657512189
657563477
657614777
657666047
657717323
657768611
657819923
657871217
657922541
657973807
658025107
658076411
658127731
658179061
658230389
658281653
658333001
658384289
658435621
658486943
658538263
658589579
658640951
658692259
658743563
658794907
658846231
658897567
658948903
659000261
659051609
659102953
659154281
659205629
659256977
659308357
659359693
659411059
659462437
659513819
659565139
659616497
659667871
659719241
659770603
659821973
659873351
659924729
659976103
660027517
660078871
660130259
660181661
660233081
660284419
660335827
660387227
660438607
660490003
660541421
660592897
660644219
660695617
660747029
660798451
660849851
660901279
660952709
661004137
661055531
661106947
661158383
661209797
661261273
661312661
661364183
661415527
661466983
661518409
661569871
661621291
661672751
661724177
661775659
661827079
661878563
661929991
661981499
662032907
662084389
662135833
662187299
662238761
662290247
662341697
662393189
662444681
662496127
662547607
662599097
662650589
662702057
662753537
662805067
662856533
662908079
662959537
663011017
663062557
663114043
663165553
663217013
663268517
663320027
663371537
663423071
663474577
663526093
663577729
663629129
663680651
663732221
663783779
663835279
663886787
663938291
663989831
664041383
664092907
664144463
664196003
664247533
664299079
664350641
664402183
664453747
664505291
664556897
664608403
664659967
664711529
664763111
664814663
664866233
664917797
664969379
665020991
665072537
665124101
665175691
665227267
665278909
665330461
665382031
665433647
665485217
665536811
665588431
665640013
665691617
665743213
665794813
665846479
665898067
665949637
666001261
666052867
666104497
666156109
666207739
666259367
666310973
666362603
666414239
666465859
666517493
666569129
666620771
666672407
666724057
666775693
666827347
666878987
666930703
666982279
667033937
667085591
667137293
667188901
667240571
667292239
667343903
667395563
667447237
667498927
667550573
667602251
667653923
667705627
667757291
667808969
667860653
667912351
667964027
668015743
668067437
668119163
668170831
668222561
668274209
668325907
668377621
668429317
668481067
668532791
668584463
668636167
668687927
668739613
668791351
668843051
668894789
668946503
668998237
669049987
669101707
669153427
669205193
669256927
669308657
669360407
669412147
669463901
669515647
669567397
669619133
669670889
669722707
669774439
669826181
669877969
669929707
669981457
670033229
670084997
670136777
670188581
670240369
670292107
670343897
670395707
670447499
670499239
670551029
670602817
670654613
670706411
670758211
670810001
670861813
670913623
670965433
671017267
671069041
671120839
671172679
671224483
671276293
671328131
671379937
671431763
671483587
671535409
671587271
671639063
671690909
671742727
671794589
671846411
671898251
671950087
672001933
672053777
672105641
672157487
672209333
672261197
672313067
672364907
672416803
672468661
672520507
672572357
672624241
672676117
672727981
672779851
672831737
672883621
672935489
672987373
673039259
673091143
673143049
673194953
673246837
673298707
673350619
673402501
673454423
673506359
673558211
673610153
673662079
673713941
673765853
673817789
673869689
673921637
673973581
674025463
674077379
674129299
674181227
674233169
674285137
674337043
674388971
674440909
674492849
674544797
674596757
674648683
674700643
674752579
674804531
674856521
674908447
674960411
675012379
675064331
675116293
675168259
675220237
675272201
675324179
675376151
675428123
675480109
675532097
675584093
675636053
675688067
675740047
675792071
675844021
675896021
675948041
676000007
676052011
676104019
676156073
676208021
676260043
676312057
676364069
676416133
676468109
676520107
676572131
676624153
676676183
676728203
676780229
676832257
676884301
676936327
676988363
677040479
677092453
677144581
677196577
677248577
677300633
677352701
677404751
677456831
677508847
677560903
677612983
677665061
677717141
677769173
677821237
677873299
677925407
677977451
678029537
678081617
678133699
678185771
678237853
678289943
678342043
678394127
678446267
678498319
678550417
678602501
678654611
678706729
678758849
678810931
678863033
678915151
678967313
679019371
679071499
679123607
679175723
679227847
679279973
679332097
679384231
679436357
679488493
679540627
679592783
679644907
679697047
679749193
679801351
679853483
679905631
679957781
680009933
680062111
680114243
680166433
680218573
680270743
680322899
680375077
680427229
680479421
680531591
680583751
680635937
680688131
680740283
680792501
680844707
680896837
680949083
681001219
681053447
681105613
681157861
681210001
681262217
681314437
681366611
681418823
681471031
681523247
681575497
681627673
681679931
681732109
681784339
681836611
681888773
681940997
681993227
682045459
682097707
682149943
682202173
682254401
682306649
682358891
682411139
682463377
682515637
682567883
682620131
682672387
682724657
682776917
682829179
682881427
682933717
682985957
683038253
683090521
683142793
683195053
683247343
683299601
683351897
683404187
683456483
683508737
683561057
683613323
683665621
683717933
683770211
683822519
683874817
683927113
683979419
684031717
684084041
684136339
684188663
684240979
684293293
684345601
684398009
684450251
684502583
684554903
684607229
684659567
684711901
684764251
684816569
684868937
684921257
684973621
685025947
685078321
685130627
685183001
685235333
685287749
685340053
685392413
685444763
685497161
685549493
685601863
685654237
685706603
685758977
685811359
685863751
685916113
685968509
686020877
686073253
686125637
686178037
686230427
686282813
686335207
686387609
686440009
686492447
686544809
686597221
686649619
686702039
686754511
686806871
686859289
686911691
686964181
687016537
687068951
687121373
687173843
687226231
687278671
687331109
687383527
687435989
687488437
687540851
687593287
687645731
687698177
687750629
687803093
687855557
687907991
687960467
688012921
688065407
688117847
688170337
688222763
688275229
688327699
688380239
688432649
688485137
688537607
688590101
688642567
688695113
688747547
688800071
688852537
688905011
688957541
689010107
689062571
689115013
689167517
689220019
689272517
689325029
689377537
689430061
689482571
689535083
689587667
689640137
689692649
689745181
689797721
689850241
689902757
689955359
690007853
690060367
690112919
690165449
690217991
690270577
690323077
690375677
690428183
690480733
690533287
690585869
690638423
690691009
690743533
690796097
690848657
690901231
690953801
691006417
691058957
691111541
691164119
691216697
691269349
691321867
691374487
691427047
691479617
691532213
691584821
691637431
691690007
691742629
691795207
691847837
691900427
691953083
692005651
692058329
692110901
692163487
692216117
692268737
692321359
692373971
692426599
692479253
692531921
692584493
692637173
692689763
692742419
692795063
692847689
692900339
692952979
693005641
693058279
693110941
693163613
693216263
693268913
693321611
693374237
693426893
693479573
693532253
693584929
693637577
693690251
693742963
693795601
693848297
693900979
693953657
694006343
694059049
694111721
694164413
694217141
694269803
694322507
694375219
694427911
694480621
694533347
694586033
694638743
694691479
694744181
694796897
694849609
694902337
694955059
695007779
695060519
695113247
695165957
695218717
695271463
695324173
695376901
695429677
695482391
695535149
695587877
695640667
695693381
695746133
695798891
695851643
695904421
695957189
696009929
696062723
696115477
696168251
696220997
696273841
696326549
696379373
696432151
696484903
696537671
696590467
696643243
696696037
696748831
696801617
696854447
696907241
696960013
697012871
697065661
697118413
697171231
697224037
697276843
697329683
697382501
697435289
697488137
697540931
697593751
697646597
697699441
697752239
697805057
697857893
697910737
697963627
698016427
698069243
698122091
698174987
698227781
698280631
698333491
698386369
698439187
698492059
698544907
698597771
698650643
698703491
698756417
698809231
698862103
698915017
698967847
699020723
699073601
699126487
699179399
699232271
699285143
699338041
699390947
699443821
699496711
699549637
699602503
699655409
699708329
699761219
699814139
699867037
699919943
699972851
700025773
700078697
700131611
700184539
700237453
700290377
700343321
700396231
700449157
700502123
700555027
700608001
700660903
700713851
700766819
700819753
700872677
700925647
700978601
701031553
701084497
701137469
701190401
701243363
701296333
701349293
701402267
701455253
701508209
701561173
701614153
701667157
701720111
701773087
701826119
701879071
701932051
701985061
702038017
702091037
702144007
702197071
702250001
702303013
702356009
702409061
702462017
702515029
702568037
702621079
702674083
702727087
702780101
702833137
702886183
702939187
702992203
703045237
703098271
703151291
703204339
703257419
703310411
703363499
703416503
703469561
703522591
703575667
703628687
703681751
703734809
703787869
703840927
703893973
703947029
704000149
704053157
704106251
704159317
704212393
704265449
704318557
704371607
704424683
704477797
704530873
704583937
704637053
704690141
704743339
704796331
704849413
704902529
704955649
705008729
705061817
705114923
705168043
705221141
705274267
705327373
705380503
705433633
705486737
705539867
705593047
705646127
705699229
705752363
705805501
705858667
705911803
705964939
706018057
706071187
706124339
706177499
706230659
706283791
706336949
706390093
706443247
706496423
706549567
706602749
706655897
706709071
706762241
706815451
706868573
706921753
706974923
707028103
707081327
707134469
707187653
707240843
707294039
707347261
707400479
707453629
707506829
707560031
707613209
707666447
707719651
707772817
707826029
707879239
707932451
707985667
708038893
708092107
708145351
708198577
708251779
708304997
708358243
708411463
708464717
708517933
708571217
708624403
708677663
708730909
708784177
708837407
708890641
708943897
708997147
709050403
709103663
709156909
709210163
709263431
709316693
709370029
709423261
709476529
709529771
709583047
709636327
709689611
709742921
709796173
709849451
709902737
709956043
710009383
710062621
710115907
710169227
710222501
710275837
710329111
710382433
710435743
710489053
710542337
710595653
710648969
710702297
710755609
710808949
710862277
710915573
710968897
711022289
711075569
711128897
711182257
711235583
711288901
711342253
711395591
711448931
711502301
711555631
711608987
711662339
711715687
711769057
711822401
711875777
711929129
711982529
712035899
712089227
712142603
712195993
712249399
712302757
712356107
712409519
712462897
712516253
712569661
712623029
712676477
712729873
712783213
712836629
712890011
712943411
712996811
713050211
713103631
713157031
713210447
713263853
713317273
713370683
713424161
713477537
713530957
713584423
713637797
713691233
713744657
713798119
713851531
713905009
713958407
714011863
714065299
714118793
714172189
714225679
714279101
714332533
714386011
714439457
714492901
714546377
714599849
714653297
714706771
714760229
714813709
714867199
714920651
714974129
715027603
715081097
715134571
715188109
715241543
715295041
715348523
715402013
715455527
715509007
715562503
715616021
715669529
715723037
715776527
715830041
715883537
715937059
715990577
716044099
716097623
716151127
716204653
716258177
716311721
716365231
716418763
716472299
716525833
716579377
716632901
716686447
716739997
716793541
716847091
716900651
716954201
717007741
717061297
717114917
717168401
717221971
717275549
717329113
717382663
717436231
717489803
717543373
717596951
717650561
717704123
717757693
717811291
717864853
717918451
717972037
718025639
718079213
718132823
718186433
718240007
718293607
718347209
718400827
718454447
718508029
718561687
718615253
718668917
718722503
718776101
718829723
718883351
718936979
718990607
719044231
719097889
719151523
719205127
719258767
719312443
719366051
719419693
719473331
719526991
719580647
719634277
719687951
719741621
719795261
719848919
719902627
719956231
720009907
720063569
720117239
720170897
720224591
720278257
720331943
720385609
720439337
720492989
720546653
720600341
720654041
720707731
720761413
720815111
720868807
720922507
720976211
721029913
721083613
721137337
721191041
721244753
721298467
721352167
721405891
721459601
721513339
721567061
721620773
721674509
721728257
721781993
721835693
721889459
721943177
721996909
722050643
722104403
722158139
722211877
722265629
722319419
722373133
722426899
722480653
722534401
722588177
722641939
722695717
722749477
722803247
722856997
722910821
722964553
723018323
723072121
723125899
723179669
723233453
723287281
723341027
723394817
723448613
723502499
723556237
723610031
723663821
723717607
723771431
723825217
723879031
723932899
723986677
724040491
724094291
724148111
724201937
724255769
724309589
724363397
724417241
724471073
724524919
724578761
724632577
724686419
724740293
724794089
724847941
724901803
724955663
725009477
725063333
725117191
725171053
725224931
725278781
725332627
725386507
725440357
725494241
725548097
725601971
725655851
725709737
725763601
725817497
725871373
725925251
725979139
726033029
726086947
726140837
726194737
726248623
726302519
726356419
726410369
726464237
726518161
726572057
726625973
726679853
726733801
726787709
726841627
726895523
726949459
727003373
727057319
727111243
727165189
727219093
727273031
727326979
727380917
727434857
727488787
727542763
727596713
727650647
727704581
727758541
727812493
727866443
727920407
727974383
728028337
728082293
728136257
728190241
728244203
728298187
728352179
728406127
728460101
728514091
728568097
728622053
728676037
728730097
728784031
728838031
728892029
728946017
729000007
729054013
729108011
729162017
729216023
729270041
729324047
729378059
729432071
729486119
729540113
729594149
729648167
729702173
729756197
729810239
729864259
729918311
729972337
730026373
730080427
730134463
730188509
730242563
730296577
730350631
730404737
730458733
730512787
730566847
730620911
730674983
730729031
730783099
730837171
730891237
730945307
730999393
731053457
731107523
731161643
731215697
731269783
731323871
731377981
731432033
731486117
731540219
731594309
731648443
731702507
731756609
731810767
731864831
731918933
731973031
732027143
732081269
732135367
732189533
732243607
732297757
732351863
732405979
732460097
732514229
732568357
732622507
732676631
732730771
732784901
732839069
732893197
732947351
733001483
733055633
733109791
733163957
733218089
733272251
733326403
733380577
733434733
733488971
733543067
733597229
733651409
733705571
733759781
733813987
733868111
733922311
733976527
734030659
734084851
734139037
734193217
734247461
734301629
734355827
734410043
734464219
734518427
734572627
734626859
734681033
734735269
734789467
734843689
734897939
734952103
735006329
735060577
735114781
735169007
735223231
735277457
735331717
735385933
735440171
735494401
735548659
735602899
735657173
735711377
735765629
735819883
735874133
735928423
735982661
736036901
736091173
736145453
736199701
736253993
736308229
736362521
736416787
736471121
736525331
736579601
736633883
736688213
736742491
736796741
736851047
736905317
736959649
737013929
737068207
737122501
737176829
737231107
737285413
737339717
737394041
737448347
737502677
737556977
737611291
737665601
737719979
737774249
737828573
737882903
737937247
737991563
738045901
738100273
738154567
738208903
738263243
738317597
738371941
738426281
738480637
738534977
738589339
738643721
738698057
738752429
738806767
738861199
738915553
738969857
739024229
739078609
739132973
739187359
739241773
739296121
739350487
739404877
739459277
739513637
739568029
739622423
739676843
739731263
739785619
739840037
739894403
739948813
740003233
740057621
740112029
740166443
740220857
740275271
740329687
740384101
740438551
740492957
740547377
740601833
740656249
740710657
740765131
740819537
740873963
740928401
740982883
741037289
741091753
741146177
741200639
741255083
741309553
741364069
741418451
741472913
741527363
741581851
741636293
741690787
741745243
741799697
741854171
741908659
741963137
742017611
742072091
742126573
742181071
742235537
742290047
742344521
742399033
742453513
742508023
742562501
742617013
742671551
742726013
742780573
742835033
742889573
742944073
742998569
743053093
743107663
743162153
743216671
743271209
743325743
743380237
743434771
743489291
743543849
743598371
743652929
743707457
743761987
743816551
743871101
743925629
743980183
744034777
744089287
744143843
744198437
744252973
744307537
744362117
744416657
744471241
744525797
744580373
744634963
744689527
744744107
744798683
744853279
744907871
744962441
745017041
745071617
745126219
745180811
745235411
745290017
745344641
745399217
745453811
745508459
745563029
745617641
745672283
745726867
745781527
745836137
745890731
745945357
745999987
746054597
746109229
746163857
746218493
746273149
746327839
746382431
746437049
746491699
746546363
746600977
746655631
746710297
746764937
746819597
746874253
746928907
746983571
747038267
747092911
747147559
747202229
747256919
747311581
747366253
747420923
747475657
747530309
747584983
747639707
747694349
747749027
747803741
747858431
747913123
747967811
748022521
748077217
748131907
748186633
748241321
748296041
748350773
748405451
748460213
748514891
748569629
748624333
748679069
748733801
748788527
748843231
748897997
748952717
749007487
749062201
749116903
749171669
749226407
749281133
749335903
749390671
749445379
749500223
749554891
749609681
749664431
749719169
749773961
749828719
749883457
749938229
749993047
750047773
750102571
750157327
750212117
750266911
750321713
750376489
750431261
750486091
750540821
750595613
750650429
750705287
750760019
750814819
750869621
750924413
750979223
751034027
751088857
751143667
751198477
751253299
751308109
751362977
751417759
751472597
751527419
751582229
751637069
751691893
751746727
751801607
751856447
751911253
751966087
752020991
752075809
752130641
752185507
752240341
752295199
752350043
752404909
752459777
752514641
752569511
752624359
752679247
752734097
752788979
752843863
752898787
752953601
753008491
753063383
753118253
753173149
753228029
753282923
753337817
753392719
753447619
753502501
753557407
753612323
753667223
753722141
753777029
753831959
753886867
753941767
753996707
754051633
754106531
754161449
754216403
754271303
754326233
754381157
754436099
754491041
754546019
754600901
754655873
754710787
754765751
754820687
754875629
754930609
754985531
755040541
755095447
755150419
755205371
755260327
755315291
755370263
755425241
755480207
755535191
755590159
755645159
755700107
755755127
755810117
755865073
755920049
755975027
756030017
756085067
756140039
756195029
756250007
756305009
756360043
756415019
756470027
756525037
756580051
756635053
756690073
756745097
756800137
756855161
756910169
756965177
757020197
757075237
757130293
757185313
757240327
757295387
757350439
757405447
757460491
757515559
757570577
757625633
757680719
757735733
757790791
757845853
757900907
757955987
758011027
758066129
758121163
758176249
758231339
758286383
758341459
758396539
758451623
758506699
758561773
758616851
758671961
758727061
758782127
758837213
758892331
758947403
759002549
759057617
759112793
759167833
759222949
759278027
759333139
759388261
759443407
759498491
759553601
759608737
759663859
759718979
759774097
759829241
759884393
759939497
759994633
760049767
760104911
760160057
760215187
760270333
760325483
760380671
760435783
760490947
760546093
760601263
760656419
760711577
760766729
760821949
760877077
760932229
760987417
761042609
761097749
761152927
761208113
761263289
761318471
761373659
761428853
761484041
761539231
761594411
761649613
761704883
761760011
761815207
761870407
761925617
761980897
762036029
762091237
762146459
762201677
762256883
762312119
762367327
762422569
762477811
762533017
762588259
762643457
762698707
762753967
762809183
762864407
762919643
762974897
763030133
763085383
763140647
763195877
763251143
763306393
763361663
763416947
763472167
763527463
763582711
763637957
763693289
763748501
763803791
763859059
763914331
763969603
764024887
764080189
764135467
764190751
764246071
764301319
764356613
764411917
764467213
764522537
764577833
764633143
764688427
764743723
764799031
764854357
764909669
764964971
765020287
765075607
765131009
765186263
765241573
765296927
765352229
765407561
765462911
765518231
765573569
765628907
765684247
765739609
765794963
765850291
765905627
765960977
766016347
766071701
766127053
766182409
766237763
766293149
766348501
766403867
766459247
766514599
766569983
766625359
766680767
766736101
766791517
766846909
766902251
766957649
767013097
767068429
767123813
767179219
767234603
767290003
767345417
767400817
767456219
767511617
767567117
767622463
767677853
767733287
767788729
767844101
767899579
767954947
768010379
768065807
768121267
768176663
768232163
768287563
768343039
768398431
768453853
768509297
768564743
768620183
768675671
768731077
768786553
768841991
768897449
768952901
769008397
769063831
769119301
769174873
769230269
769285721
769341247
769396669
769452149
769507603
769563103
769618567
769674053
769729559
769785031
769840571
769896011
769951531
770007011
770062507
770118007
770173513
770229023
770284553
770340041
770395543
770451053
770506571
770562113
770617607
770673139
770728649
770784197
770839753
770895289
770950769
771006323
771061829
771117383
771172933
771228461
771284011
771339553
771395089
771450643
771506209
771561751
771617309
771672877
771728401
771784001
771839539
771895093
771950687
772006229
772061813
772117387
772172959
772228531
772284101
772339703
772395271
772450859
772506439
772562027
772617617
772673227
772728811
772784407
772840001
772895621
772951253
773006827
773062417
773118043
773173637
773229251
773284879
773340487
773396101
773451769
773507351
773562997
773618597
773674247
773729921
773785499
773841137
773896769
773952401
774008047
774063721
774119347
774174991
774230629
774286277
774341977
774397607
774453269
774508919
774564563
774620227
774675911
774731621
774787241
774842897
774898633
774954247
775009993
775065619
775121287
775176971
775232663
775288337
775344043
775399721
775455413
775511111
775566817
775622513
775678207
775733909
775789613
775845331
775901033
775956737
776012477
776068193
776123903
776179603
776235359
776291071
776346773
776402509
776458229
776513999
776569733
776625457
776681167
776736901
776792647
776848399
776904181
776959877
777015661
777071417
777127139
777182899
777238663
777294443
777350179
777405943
777461701
777517459
777573253
777629009
777684829
777740549
777796399
777852109
777907927
777963689
778019479
778075247
778131041
778186859
778242613
778298413
778354219
778410019
778465861
778521643
778577417
778633223
778689047
778744843
778800661
778856467
778912283
778968107
779023939
779079773
779135647
779191403
779247229
779303071
779358893
779414729
779470577
779526413
779582273
779638103
779693953
779749777
779805659
779861497
779917337
779973193
780029051
780084917
780140771
780196643
780252497
780308357
780364237
780420097
780475987
780531859
780587737
780643603
780699509
780755369
780811253
780867151
780923051
780978959
781034819
781090753
781146623
781202501
781258417
781314307
781370273
781426133
781482067
781537937
781593859
781649819
781705699
781761611
781817527
781873453
781929373
781985297
782041229
782097187
782153137
782209037
782264993
782320927
782376923
782432797
782488747
782544739
782600629
782656687
782712551
782768509
782824447
782880409
782936381
782992339
783048293
783104281
783160237
783216199
783272173
783328151
783384127
783440107
783496093
783552089
783608053
783664039
783720031
783776017
783832043
783888029
783944081
784000001
784056019
784112027
784168013
784224029
784280033
784336037
784392073
784448107
784504099
784560137
784616149
784672151
784728179
784784207
784840267
784896257
784952291
785008327
785064383
785120417
785176451
785232541
785288551
785344577
785400631
785456687
785512753
785568803
785624843
785680901
785736967
785793031
785849117
785905157
785961251
786017299
786073423
786129469
786185531
786241613
786297689
786353767
786409853
786465937
786522031
786578119
786634229
786690319
786746437
786802531
786858623
786914719
786970819
787026923
787083029
787139149
787195271
787251389
787307489
787363607
787419727
787475851
787531981
787588097
787644233
787700377
787756513
787812643
787868789
787924913
787981067
788037197
788093351
788149489
788205637
788261779
788317951
788374091
788430277
788486407
788542571
788598749
788654891
788711113
788767289
788823397
788879573
788935751
788991923
789048103
789104293
789160507
789216683
789272843
789329041
789385243
789441421
789497617
789553823
789610001
789666253
789722429
789778621
789834827
789891101
789947261
790003463
790059679
790115951
790172129
790228333
790284563
790340773
790397011
790453229
790509523
790565701
790621933
790678181
790734407
790790699
790846891
790903133
790959401
791015639
791071901
791128139
791184389
791240663
791296931
791353207
791409469
791465693
791521963
791578243
791634511
791690773
791747063
791803343
791859613
791915939
791972173
792028459
792084793
792141071
792197317
792253687
792309919
792366221
792422503
792478811
792535111
792591439
792647741
792704027
792760357
792816721
792872981
792929321
792985607
793041929
793098253
793154573
793210897
793267259
793323569
793379911
793436249
793492589
793548901
793605251
793661593
793717933
793774277
793830629
793886981
793943341
793999697
794056069
794112401
794168773
794225141
794281507
794337877
794394257
794450597
794506981
794563349
794619757
794676107
794732483
794788871
794845291
794901697
794958049
795014419
795070867
795127211
795183679
795240007
795296449
795352853
795409229
795465617
795522053
795578437
795634909
795691277
795747697
795804127
795860563
795916967
795973393
796029799
796086253
796142671
796199113
796255531
796312001
796368409
796424899
796481339
796537769
796594189
796650649
796707083
796763543
796819997
796876447
796932901
796989377
797045857
797102291
797158763
797215247
797271707
797328173
797384659
797441137
797497609
797554111
797610587
797667077
797723557
797780033
797836519
797893051
797949563
798006007
798062519
798119029
798175513
798232021
798288521
798345043
798401557
798458051
798514567
798571091
798627601
798684127
798740647
798797179
798853723
798910243
798966767
799023317
799079837
799136389
799192931
799249453
799306009
799362563
799419079
799475627
799532221
799588739
799645289
799701863
799758403
799814971
799871537
799928111
799984693
800041259
800097829
800154371
800210947
800267579
800324153
800380699
800437271
800493851
800550437
800607043
800663627
800720227
800776813
800833457
800890019
800946607
801003209
801059821
801116443
801173039
801229643
801286253
801342869
801399509
801456107
801512737
801569347
801626011
801682631
801739231
801795881
801852509
801909127
801965767
802022401
802079093
802135723
802192357
802249081
802305631
802362287
802418933
802475591
802532333
802588901
802645579
802702273
802758899
802815557
802872229
802928911
802985621
803042257
803098957
803155603
803212307
803268967
803325683
803382361
803439061
803495747
803552417
803609113
803665813
803722529
803779267
803835919
803892623
803949347
804006029
804062737
804119467
804176171
804232903
804289621
804346331
804403063
804459779
804516499
804573227
804629957
804686711
804743431
804800167
804856903
804913657
804970393
805027147
805083887
805140641
805197391
805254137
805310887
805367653
805424401
805481207
805537933
805594703
805651489
805708231
805765001
805821799
805878583
805935329
805992137
806048899
806105669
806162543
806219257
806276041
806332843
806389643
806446409
806503249
806560063
806616803
806673611
806730413
806787229
806844091
806900837
806957653
807014503
807071299
807128111
807184943
807241759
807298577
807355397
807412231
807469079
807525893
807582733
807639563
807696419
807753281
807810127
807866933
807923791
807980651
808037513
808094333
808151191
808208059
808264901
808321777
808378633
808435513
808492361
808549229
808606109
808662973
808719851
808776733
808833611
808890487
808947389
809004253
809061137
809118041
809174923
809231821
809288707
809345609
809402501
809459419
809516317
809573221
809630119
809687059
809743981
809800853
809857787
809914723
809971651
810028567
810085447
810142373
810199321
810256277
810313171
810370117
810427027
810483979
810540901
810597857
810654797
810711731
810768691
810825629
810882581
810939581
810996517
811053443
811110439
811167389
811224331
811281307
811338287
811395229
811452199
811509199
811566163
811623143
811680127
811737083
811794073
811851083
811908037
811965041
812022041
812079017
812136007
812193013
812250001
812307007
812364043
812421011
812478097
812535037
812592037
812649059
812706067
812763143
812820101
812877137
812934181
812991203
813048211
813105239
813162281
813219307
813276337
813333373
813390407
813447461
813504541
813561559
813618593
813675677
813732677
813789733
813846793
813903847
813960911
814017973
814075033
814132097
814189199
814246267
814303307
814360381
814417447
814474537
814531657
814588703
814645771
814702853
814759963
814817057
814874119
814931311
814988309
815045447
815102501
815159623
815216707
815273813
815330921
815388029
815445139
815502253
815559379
815616509
815673601
815730739
815787853
815845021
815902099
815959273
816016361
816073493
816130639
816187763
816244903
816302051
816359191
816416369
816473503
816530629
816587831
816644951
816702113
816759247
816816401
816873571
816930827
816987893
817045057
817102283
817159457
817216649
817273757
817330933
817388111
817445309
817502467
817559669
817616851
817674031
817731227
817788421
817845629
817902817
817960001
818017217
818074421
818131619
818188823
818246041
818303243
818360461
818417693
818474887
818532101
818589349
818646547
818703803
818761007
818818241
818875459
818932693
818989937
819047179
819104423
819161647
819218903
819276131
819333407
819390629
819447877
819505187
819562391
819619649
819676919
819734171
819791429
819848747
819905959
819963239
820020497
820077787
820135079
820192333
820249607
820306901
820364201
820421509
820478749
820536029
820593353
820650637
820707911
820765213
820822531
820879811
820937107
820994429
821051717
821109031
821166337
821223661
821280989
821338291
821395649
821452949
821510269
821567587
821624917
821682229
821739559
821796893
821854259
821911603
821968909
822026243
822083597
822140933
822198301
822255649
822312979
822370357
822427687
822485089
822542453
822599801
822657131
822714493
822771857
822829237
822886601
822943981
823001371
823058737
823116121
823173493
823230883
823288253
823345657
823403033
823460431
823517839
823575211
823632701
823690061
823747411
823804837
823862213
823919627
823977043
824034443
824091857
824149267
824206741
824264107
824321539
824378953
824436397
824493799
824551243
824608691
824666093
824723561
824781037
824838403
824895853
824953319
825010777
825068177
825125627
825183127
825240569
825297989
825355463
825412901
825470363
825527849
825585301
825642773
825700237
825757729
825815189
825872651
825930137
825987607
826045117
826102567
826160051
826217537
826275029
826332517
826390021
826447591
826505033
826562521
826620007
826677521
826735033
826792541
826850027
826907551
826965053
827022571
827080117
827137657
827195123
827252663
827310191
827367703
827425231
827482757
827540291
827597831
827655407
827712901
827770451
827827991
827885551
827943079
828000637
828058223
828115751
828173299
828230857
828288407
828346033
828403549
828461093
828518707
828576227
828633803
828691379
828748951
828806551
828864107
828921689
828979267
829036853
829094449
829152029
829209617
829267223
829324813
829382423
829440037
829497607
829555213
829612813
829670441
829728047
829785647
829843279
829900873
829958483
830016101
830073733
830131363
830189039
830246603
830304247
830361859
830419501
830477129
830534851
830592419
830650061
830707687
830765339
830822983
830880643
830938301
830995931
831053599
831111247
831168911
831226597
831284227
831341947
831399577
831457241
831514909
831572579
831630253
831687929
831745601
831803293
831860971
831918673
831976391
832034051
832091731
832149421
832207109
832264817
832322501
832380209
832437911
832495619
832553341
832611049
832668751
832726511
832784171
832841921
832899653
832957327
833015047
833072831
833130499
833188229
833245981
833303693
833361479
833419187
833476909
833534687
833592457
833650133
833707879
833765633
833823391
833881157
833938891
833996677
834054401
834112171
834169933
834227711
834285461
834343283
834400997
834458797
834516547
834574333
834632129
834689909
834747677
834805453
834863291
834921029
834978827
835036613
835094423
835152209
835210031
835267837
835325627
835383449
835441219
835499029
835556849
835614653
835672499
835730293
835788101
835845937
835903751
835961591
836019413
836077243
836135087
836192891
836250731
836308567
836366407
836424247
836482109
836539939
836597777
836655641
836713477
836771339
836829209
836887049
836944943
837002779
837060649
837118493
837176357
837234239
837292097
837349991
837407849
837465731
837523619
837581491
837639371
837697291
837755141
837813071
837870937
837928837
837986713
838044611
838102513
838160459
838218319
838276253
838334137
838392083
838449949
838507853
838565789
838623683
838681601
838739549
838797467
838855403
838913303
838971281
839029157
839087107
839145029
839202967
839260907
839318911
839376787
839434733
839492699
839550629
839608591
839666539
839724491
839782453
839840429
839898427
839956333
840014311
840072269
840130229
840188207
840246179
840304147
840362123
840420121
840478097
840536071
840594061
840652037
840710033
840768037
840826033
840884063
840942007
841000001
841058021
841116011
841174049
841232017
841290077
841348049
841406099
841464083
841522127
841580101
841638143
841696151
841754183
841812211
841870231
841928257
841986293
842044363
842102369
842160409
842218463
842276503
842334539
842392583
842450629
842508679
842566757
842624801
842682847
842740939
842798969
842857027
842915119
842973199
843031253
843089327
843147433
843205459
843263527
843321629
843379727
843437767
843495857
843553951
843612061
843670127
843728243
843786323
843844403
843902519
843960641
844018717
844076837
844134917
844193057
844251143
844309259
844367369
844425487
844483621
844541723
844599863
844657991
844716113
844774237
844832363
844890547
844948633
845006783
845064911
845123077
845181203
845239349
845297501
845355631
845413787
845471951
845530093
845588251
845646401
845704633
845762741
845820917
845879059
845937227
845995411
846053587
846111803
846169949
846228101
846286291
846344467
846402653
846460837
846519043
846577217
846635417
846693643
846751819
846810007
846868223
846926407
846984623
847042837
847101037
847159267
847217473
847275713
847333891
847392113
847450327
847508551
847566791
847624997
847683229
847741501
847799723
847857937
847916219
847974431
848032649
848090899
848149139
848207377
848265641
848323877
848382137
848440409
848498657
848556911
848615179
848673461
848731703
848790031
848848243
848906501
848964773
849023057
849081349
849139601
849197887
849256201
849314483
849372743
849431059
849489317
849547669
849605909
849664223
849722507
849780803
849839147
849897427
849955723
850014029
850072411
850130681
850188967
850247287
850305619
850363957
850422257
850480571
850538911
850597271
850655557
850713911
850772233
850830581
850888903
850947259
851005607
851063947
851122297
851180647
851238979
851297341
851355691
851414051
851472409
851530777
851589149
851647493
851705857
851764229
851822599
851880971
851939353
851997733
852056123
852114503
852172877
852231251
852289637
852348031
852406417
852464819
852523211
852581621
852640013
852698417
852756811
852815213
852873617
852932053
852990449
853048853
853107271
853165711
853224121
853282553
853340951
853399381
853457821
853516249
853574671
853633093
853691551
853749973
853808443
853866851
853925297
853983731
854042179
854100629
854159093
854217541
854275987
854334443
854392907
854451373
854509829
854568311
854626757
854685263
854743699
854802197
854860663
854919161
854977601
855036113
855094571
855153077
855211547
855270061
855328547
855387017
855445519
855504007
855562501
855621007
855679507
855738029
855796531
855855041
855913561
855972067
856030573
856089119
856147601
856206133
856264649
856323187
856381697
856440241
856498763
856557293
856615847
856674383
856732909
856791443
856850003
856908553
856967087
857025707
857084177
857142751
857201291
857259853
857318411
857377009
857435633
857494091
857552687
857611247
857669801
857728379
857786999
857845531
857904109
857962687
858021277
858079861
858138443
858197033
858255617
858314221
858372839
858431411
858490033
858548609
858607213
858665827
858724439
858783031
858841651
858900283
858958883
859017491
859076107
859134733
859193369
859251983
859310609
859369229
859427909
859486547
859545131
859603763
859662413
859721089
859779691
859838339
859896979
859955627
860014277
860072947
860131669
860190269
860248931
860307587
860366239
860424913
860483557
860542231
860600927
860659571
860718269
860776979
860835601
860894299
860952971
861011651
861070339
861129041
861187727
861246473
861305111
861363809
861422501
861481207
861539989
861598631
861657331
861716027
861774743
861833459
861892183
861950897
862009639
862068341
862127053
862185791
862244497
862303237
862361957
862420703
862479433
862538177
862596901
862655657
862714387
862773133
862831883
862890661
862949389
863008141
863066891
863125651
863184409
863243167
863301947
863360723
863419499
863478251
863536997
863595851
863654551
863713337
863772103
863830921
863889707
863948467
864007241
864066029
864124817
864183611
864242429
864301211
864360001
864418843
864477631
864536437
864595219
864654059
864712859
864771653
864830479
864889283
864948103
865006927
865065749
865124597
865183421
865242227
865301057
865359893
865418737
865477579
865536433
865595243
865654087
865712951
865771783
865830629
865889483
865948339
866007187
866066093
866124901
866183771
866242691
866301493
866360377
866419231
866478113
866536973
866595869
866654741
866713619
866772541
866831423
866890253
866949137
867008029
867066923
867125827
867184711
867243617
867302563
867361421
867420329
867479227
867538123
867597041
867655939
867714863
867773813
867832697
867891611
867950543
868009451
868068379
868127297
868186271
868245163
868304131
868363051
868421969
868480961
868539851
868598837
868657753
868716683
868775647
868834633
868893539
868952509
869011463
869070401
869129381
869188351
869247293
869306279
869365241
869424197
869483231
869542189
869601127
869660117
869719093
869778079
869837051
869896037
869955029
870014021
870073021
870132013
870191009
870250001
870309019
870368027
870427037
870486031
870545029
870604057
870663061
870722081
870781091
870840121
870899129
870958159
871017187
871076303
871135231
871194263
871253291
871312327
871371367
871430407
871489457
871548497
871607551
871666603
871725637
871784677
871843741
871902809
871961843
872020927
872080009
872139041
872198123
872257159
872316233
872375299
872434379
872493463
872552533
872611633
872670709
872729783
872788859
872847977
872907029
872966141
873025213
873084323
873143413
873202511
873261607
873320711
873379817
873438953
873498053
873557137
873616253
873675371
873734509
873793637
873852743
873911849
873970991
874030099
874089241
874148357
874207511
874266671
874325797
874384909
874444069
874503187
874562341
874621511
874680641
874739783
874798943
874858111
874917283
874976411
875035649
875094751
875153891
875213071
875272243
875331397
875390597
875449781
875508941
875568101
875627317
875686477
875745679
875804873
875864029
875923273
875982421
876041651
876100807
876160001
876219217
876278453
876337613
876396841
876456043
876515243
876574463
876633689
876692891
876752113
876811339
876870559
876929791
876988997
877048231
877107479
877166713
877225927
877285163
877344401
877403651
877462897
877522147
877581377
877640627
877699883
877759139
877818397
877877687
877936901
877996183
878055463
878114707
878173979
878233297
878292509
878351777
878411047
878470331
878529607
878588911
878648189
878707481
878766781
878826029
878885317
878944613
879003971
879063223
879122539
879181817
879241109
879300451
879359737
879419041
879478363
879537661
879596969
879656287
879715619
879774941
879834271
879893587
879952919
880012229
880071557
880130891
880190231
880249567
880308941
880368259
880427609
880486939
880546301
880605631
880664987
880724381
880783721
880843043
880902409
880961773
881021137
881080511
881139859
881199227
881258611
881317991
881377361
881436739
881496101
881555491
881614889
881674253
881733731
881793037
881852467
881911829
881971217
882030607
882090007
882149413
882208807
882268213
882327619
882387083
882446437
882505927
882565273
882624697
882684119
882743539
882802961
882862373
882921799
882981233
883040671
883100093
883159559
883218979
883278413
883337843
883397293
883456753
883516187
883575631
883635083
883694531
883754009
883813453
883872919
883932373
883991831
884051291
884110763
884170277
884229701
884289173
884348651
884408123
884467669
884527093
884586617
884646067
884705537
884765029
884824553
884884061
884943511
885003011
885062501
885122003
885181511
885241031
885300529
885360037
885419581
885479099
885538573
885598093
885657623
885717163
885776659
885836173
885895697
885955241
886014761
886074307
886133839
886193369
886252901
886312477
886372001
886431563
886491077
886550671
886610191
886669733
886729289
886788937
886848407
886907977
886967533
887027101
887086693
887146231
887205811
887265371
887324957
887384591
887444113
887503693
887563267
887622851
887682437
887742043
887801623
887861237
887920823
887980411
888040009
888099607
888159247
888218827
888278437
888338047
888397651
888457259
888516899
888576509
888636127
888695767
888755353
888814973
888874603
888934237
888993883
889053499
889113131
889172807
889232467
889292051
889351703
889411331
889470979
889530667
889590277
889649989
889709609
889769291
889828913
889888631
889948231
890007913
890067571
890127233
890186911
890246593
890306317
890365933
890425607
890485283
890544973
890604677
890664343
890724053
890783759
890843423
890903201
890962817
891022501
891082207
891141907
891201613
891261323
891321049
891380753
891440453
891500167
891559909
891619601
891679337
891739061
891798797
891858497
891918241
891977987
892037711
892097441
892157173
892216903
892276663
892336391
892396171
892455899
892515661
892575377
892635157
892694911
892754659
892814413
892874167
892933927
892993691
893053471
893113231
893173009
893232787
893292553
893352331
893412109
893471897
893531671
893591453
893651237
893711047
893770831
893830633
893890463
893950207
894010003
894069829
894129611
894189421
894249217
894309067
894368843
894428651
894488467
894548287
894608111
894667987
894727751
894787603
894847397
894907231
894967061
895026907
895086757
895146641
895206409
895266247
895326101
895385957
895445783
895505627
895565507
895625351
895685237
895745077
895804909
895864769
895924691
895984499
896044361
896104229
896164099
896223971
896283847
896343739
896403617
896463511
896523389
896583251
896643149
896703053
896762917
896822813
896882729
896942611
897002503
897062429
897122309
897182239
897242179
897302033
897361937
897421873
897481787
897541699
897601631
897661537
897721453
897781393
897841309
897901243
897961219
898021109
898081027
898140979
898200929
898260871
898320793
898380731
898440679
898500653
898560583
898620539
898680491
898740461
898800403
898860373
898920329
898980331
899040277
899100227
899160203
899220173
899280149
899340131
899400121
899460113
899520067
899580067
899640061
899700049
899760031
899820011
899880017
899940043
900000011
900060013
900120007
900180059
900240017
900300043
900360037
900420061
900480079
900540083
900600119
900660149
900720157
900780203
900840313
900900239
900960289
901020311
901080347
901140371
901200401
901260443
901320487
901380541
901440619
901500631
901560703
901620739
901680811
901740859
901800929
901860979
901921039
901981103
902041157
902101267
902161297
902221379
902281451
902341523
902401603
902461723
902521769
902581859
902641963
902702029
902762131
902822251
902882311
902942419
903002521
903062617
903122711
903182831
903242971
903303043
903363143
903423259
903483389
903543497
903603611
903663797
903723869
903784003
903844111
903904237
903964357
904024493
904084627
904144771
904204907
904265051
904325189
904385359
904445497
904505669
904565887
904625957
904686089
904746277
904806401
904866577
904926727
904986919
905047063
905107249
905167411
905227573
905287759
905347939
905408131
905468327
905528473
905588701
905648867
905709067
905769217
905829439
905889667
905949809
906010051
906070237
906130409
906190619
906250817
906311047
906371239
906431473
906491687
906551951
906612103
906672323
906732571
906792823
906853007
906913243
906973469
907033703
907093933
907154177
907214443
907274647
907334887
907395131
907455379
907515629
907575887
907636157
907696397
907756643
907816901
907877207
907937453
907997729
908057971
908118229
908178497
908238781
908299097
908359327
908419601
908479933
908540189
908600461
908660813
908721071
908781329
908841671
908901907
908962207
909022507
909082813
909143111
909203411
909263749
909324077
909384397
909444749
909504971
909565289
909625609
909685937
909746263
909806593
909866921
909927241
909987601
910047907
910108231
910168591
910228919
910289249
910349597
910409957
910470317
910530629
910590997
910651333
910711717
910772081
910832423
910892771
910953149
911013497
911073871
911134241
911194601
911254973
911315359
911375743
911436101
911496511
911556883
911617253
911677651
911738027
911798441
911858837
911919209
911979623
912040001
912100417
912160811
912221227
912281639
912342037
912402487
912462851
912523277
912583703
912644111
912704563
912764989
912825377
912885811
912946241
913006663
913067131
913127539
913187981
913248407
913308859
913369333
913429739
913490191
913550629
913611079
913671533
913731989
913792463
913852939
913913369
913973849
914034337
914094767
914155237
914215697
914276203
914336663
914397151
914457611
914518093
914578583
914639087
914699549
914760037
914820521
914881013
914941519
915002003
915062539
915123017
915183551
915244087
915304517
915365027
915425557
915486053
915546581
915607123
915667603
915728131
915788663
915849223
915909739
915970241
916030757
916091299
916151839
916212379
916272901
916333459
916393999
916454533
916515097
916575629
916636177
916696733
916757297
916817843
916878419
916938977
916999537
917060093
917120683
917181233
917241821
917302381
917362951
917423623
917484121
917544721
917605279
917665927
917726443
917787037
917847617
917908213
917968811
918029447
918090023
918150613
918211211
918271841
918332449
918393031
918453643
918514297
918574883
918635489
918696131
918756763
918817369
918877979
918938633
918999227
919059859
919120507
919181147
919241767
919302431
919363073
919423691
919484387
919544999
919605629
919666277
919726931
919787593
919848263
919908929
919969573
920030231
920090893
920151559
920212247
920272907
920333587
920394253
920454937
920515601
920576291
920636971
920697689
920758343
920819051
920879723
920940413
921001141
921061811
921122507
921183227
921243919
921304633
921365317
921426031
921486737
921547477
921608201
921668897
921729619
921790333
921851083
921911777
921972497
922033241
922093961
922154699
922215433
922276213
922336951
922397657
922458461
922519139
922579891
922640639
922701383
922762133
922822897
922883651
922944419
923005169
923065939
923126713
923187457
923248241
923309003
923369779
923430569
923491367
923552117
923612891
923673671
923734451
923795281
923856061
923916817
923977627
924038447
924099229
924160007
924220813
924281627
924342421
924403223
924464039
924524851
924585691
924646493
924707297
924768127
924828929
924889753
924950591
925011403
925072237
925133057
925193909
925254727
925315579
925376423
925437287
925498099
925558957
925619801
925680629
925741493
925802369
925863209
925924061
925984909
926045767
926106631
926167499
926228431
926289227
926350099
926410993
926471857
926532751
926593621
926654503
926715389
926776261
926837143
926898041
926958917
927019831
927080741
927141637
927202531
927263417
927324319
927385223
927446119
927507103
927567947
927628859
927689773
927750727
927811603
927872591
927933449
927994391
928055299
928116229
928177157
928238099
928299041
928360009
928420901
928481863
928542827
928603747
928664741
928725673
928786577
928847551
928908523
928969501
929030407
929091377
929152339
929213293
929274293
929335237
929396201
929457187
929518147
929579129
929640139
929701093
929762077
929823071
929884069
929945041
930006019
930067013
930128029
930189011
930250001
930311021
930372013
930433019
930494039
930555029
930616039
930677063
930738113
930799201
930860107
930921127
930982147
931043171
931104221
931165229
931226293
931287347
931348337
931409363
931470439
931531453
931592509
931653539
931714601
931775653
931836683
931897741
931958789
932019857
932080907
932141971
932203073
932264107
932325157
932386237
932447311
932508371
932569453
932630533
932691601
932752687
932813767
932874853
932935973
932997059
933058121
933119227
933180317
933241403
933302537
933363653
933424741
933485851
933546937
933608033
933669157
933730267
933791377
933852497
933913637
933974753
934035887
934096979
934158119
934219249
934280363
934341533
934402633
934463773
934524917
934586069
934647187
934708343
934769483
934830661
934891781
934952933
935014109
935075269
935136401
935197567
935258741
935319899
935381059
935442247
935503417
935564603
935625767
935686931
935748109
935809309
935870477
935931671
935992847
936054037
936115231
936176413
936237613
936298807
936360001
936421229
936482419
936543623
936604871
936666067
936727243
936788453
936849671
936910901
936972103
937033327
937094549
937155773
937216999
937278241
937339511
937400693
937461929
937523177
937584407
937645651
937706911
937768141
937829381
937890637
937951877
938013157
938074391
938135647
938196943
938258291
938319433
938380727
938441969
938503273
938564513
938625797
938687069
938748329
938809637
938870887
938932193
938993467
939054737
939116041
939177347
939238613
939299909
939361211
939422503
939483821
939545197
939606427
939667723
939729029
939790351
939851699
939912973
939974297
940035631
940096939
940158251
940219573
940280909
940342229
940403567
940464919
940526261
940587581
940648909
940710247
940771631
940832933
940894303
940955647
941016977
941078431
941139701
941201087
941262401
941323769
941385127
941446501
941507867
941569241
941630623
941692007
941753347
941814791
941876119
941937509
941998877
942060269
942121667
942183079
942244417
942305813
942367211
942428621
942490037
942551437
942612829
942674219
942735623
942797027
942858467
942919889
942981283
943042729
943104109
943165523
943226953
943288391
943349833
943411229
943472669
943534093
943595531
943656979
943718401
943779853
943841303
943902731
943964179
944025629
944087077
944148547
944209991
944271457
944332903
944394383
944455829
944517323
944578759
944640227
944701697
944763173
944824679
944886181
944947603
945009083
945070597
945132059
945193553
945255049
945316553
945378011
945439511
945501031
945562507
945624007
945685511
945747017
945808559
945870053
945931573
945993053
946054579
946116103
946177621
946239139
946300687
946362181
946423727
946485227
946546759
946608307
946669831
946731389
946792927
946854463
946915999
946977541
947039081
947100631
947162213
947223733
947285323
947346847
947408411
947469977
947531549
947593091
947654711
947716279
947777827
947839379
947900963
947962559
948024149
948085709
948147283
948208861
948270467
948332027
948393617
948455213
948516809
948578413
948640009
948701623
948763243
948824857
948886417
948948029
949009637
949071259
949132879
949194497
949256141
949317737
949379359
949440991
949502623
949564289
949625867
949687561
949749161
949810801
949872421
949934047
949995721
950057333
950118979
950180639
950242277
950303983
950365597
950427259
950488901
950550583
950612231
950673901
950735587
950797229
950858897
950920601
950982283
951043957
951105607
951167293
951228973
951290653
951352343
951414029
951475727
951537437
951599113
951660863
951722501
951784217
951845933
951907637
951969329
952031027
952092749
952154453
952216207
952277897
952339631
952401323
952463059
952524787
952586513
952648241
952709957
952771741
952833433
952895171
952956929
953018683
953080393
953142131
953203891
953265629
953327381
953389133
953450887
953512667
953574403
953636209
953698019
953759707
953821469
953883247
953944997
954006773
954068573
954130351
954192157
954253897
954315671
954377461
954439237
954501047
954562841
954624611
954686423
954748241
954810041
954871811
954933613
954995467
955057217
955119049
955180847
955242661
955304507
955366283
955428127
955489949
955551791
955613587
955675439
955737227
955799077
955860931
955922729
955984573
956046407
956108249
956170087
956231933
956293777
956355629
956417479
956479331
956541197
956603099
956664913
956726767
956788627
956850509
956912357
956974231
957036127
957097993
957159859
957221731
957283601
957345523
957407369
957469273
957531139
957593033
957654949
957716861
957778739
957840659
957902503
957964411
958026371
958088233
958150117
958212041
958273951
958335857
958397789
958459709
958521607
958583533
958645463
958707439
958769351
958831249
958893157
958955113
959017027
959078977
959140909
959202877
959264863
959326741
959388721
959450633
959512607
959574547
959636507
959698447
959760409
959822417
959884339
959946311
960008281
960070271
960132197
960194177
960256151
960318127
960380101
960442103
960504067
960566051
960628037
960690041
960752017
960814033
960876013
960938009
961000009
961062007
961124011
961186013
961248047
961310029
961372057
961434053
961496099
961558123
961620103
961682159
961744153
961806187
961868197
961930237
961992271
962054297
962116327
962178379
962240401
962302457
962364607
962426533
962488577
962550679
962612701
962674763
962736791
962798849
962860991
962922973
962985029
963047123
963109157
963171241
963233389
963295379
963357481
963419533
963481601
963543703
963605789
963667853
963729941
963792083
963854137
963916243
963978311
964040419
964102543
964164631
964226707
964288811
964350931
964413031
964475137
964537253
964599403
964661497
964723603
964785727
964847857
964909991
964972097
965034227
965096357
965158507
965220631
965282767
965344927
965407049
965469209
965531377
965593493
965655653
965717791
965779931
965842091
965904307
965966413
966028601
966090743
966152899
966215123
966277231
966339401
966401573
966463759
966525983
966588137
966650297
966712529
966774667
966836851
966899029
966961217
967023419
967085629
967147859
967210021
967272211
967334453
967396613
967458823
967521043
967583249
967645453
967707683
967769939
967832123
967894331
967956551
968018773
968080999
968143249
968205461
968267761
968329933
968392169
968454401
968516651
968578889
968641139
968703389
968765627
968827889
968890183
968952401
969014659
969076903
969139169
969201449
969263707
969325993
969388247
969450527
969512777
969575083
969637327
969699697
969761899
969824171
969886451
969948743
970011073
970073317
970135613
970197911
970260223
970322503
970384861
970447111
970509431
970571729
970634047
970696357
970758661
970820969
970883317
970945603
971007931
971070251
971132587
971194909
971257237
971319563
971381891
971444237
971506573
971568901
971631247
971693609
971755963
971818313
971880629
971942977
972005339
972067693
972130063
972192503
972254797
972317167
972379501
972441913
972504229
972566597
972629039
972691361
972753737
972816101
972878537
972940877
973003277
973065641
973128041
973190419
973252817
973315247
973377607
973440001
973502417
973564811
973627211
973689631
973752029
973814459
973876921
973939319
974001683
974064103
974126563
974188973
974251373
974313797
974376229
974438669
974501113
974563547
974626001
974688419
974750849
974813353
974875751
974938199
975000661
975063077
975125531
975188003
975250481
975312901
975375383
975437863
975500291
975562759
975625249
975687697
975750179
975812647
975875129
975937621
976000099
976062589
976125053
976187543
976250029
976312531
976375027
976437533
976500011
976562567
976625009
976687511
976750037
976812517
976875037
976937539
977000069
977062627
977125087
977187643
977250133
977312717
977375171
977437697
977500231
977562809
977625301
977687839
977750369
977812921
977875517
977937991
978000559
978063103
978125641
978188207
978250747
978313313
978375847
978438407
978500981
978563533
978626119
978688673
978751229
978813817
978876377
978938951
979001549
979064117
979126691
979189271
979251853
979314451
979377031
979439639
979502233
979564823
979627409
979690057
979752611
979815217
979877827
979940419
980003041
980065637
980128307
980190899
980253517
980316133
980378741
980441347
980504029
980566603
980629249
980691883
980754491
980817157
980879791
980942453
981005059
981067693
981130331
981192977
981255641
981318281
981380941
981443591
981506299
981568909
981631577
981694229
981756901
981819589
981882229
981944903
982007597
982070269
982132961
982195619
982258297
982321001
982383653
982446359
982509037
982571731
982634417
982697123
982759823
982822517
982885229
982947923
983010647
983073317
983136053
983198837
983261471
983324171
983386883
983449601
983512331
983575079
983637779
983700517
983763229
983825963
983888707
983951443
984014173
984076903
984139649
984202391
984265171
984327907
984390637
984453439
984516161
984578897
984641653
984704401
984767167
984829931
984892771
984955457
985018261
985081033
985143773
985206553
985269347
985332133
985394897
985457677
985520461
985583267
985646041
985708873
985771637
985834427
985897229
985960013
986022833
986085623
986148419
986211223
986274041
986336839
986399651
986462497
986525297
986588111
986650961
986713751
986776573
986839411
986902243
986965069
987027901
987090733
987153571
987216457
987279247
987342121
987404933
987467807
987530659
987593479
987656333
987719189
987782057
987844927
987907769
987970661
988033507
988096357
988159243
988222111
988284977
988347847
988410737
988473601
988536499
988599373
988662263
988725161
988788029
988850957
988913831
988976707
989039609
989102519
989165407
989228311
989291227
989354129
989417029
989479943
989542859
989605781
989668699
989731601
989794523
989857447
989920429
989983297
990046261
990109157
990172097
990235049
990297967
990360901
990423857
990486787
990549731
990612677
990675683
990738577
990801541
990864487
990927449
990990431
991053407
991116341
991179317
991242257
991305233
991368197
991431179
991494181
991557137
991620103
991683107
991746083
991809109
991872047
991935037
991998053
992061023
992124011
992187037
992250001
992313029
992376019
992439037
992502037
992565029
992628059
992691071
992754079
992817083
992880127
992943169
993006173
993069191
993132209
993195241
993258271
993321331
993384347
993447379
993510403
993573463
993636529
993699533
993762577
993825629
993888683
993951779
994014821
994077857
994140907
994203971
994267033
994330093
994393217
994456231
994519297
994582373
994645489
994708523
994771607
994834691
994897769
994960861
995023973
995087029
995150119
995213237
995276327
995339431
995402501
995465657
995528707
995591813
995654927
995718037
995781139
995844263
995907371
995970491
996033631
996096767
996159883
996223003
996286111
996349253
996412379
996475531
996538633
996601787
996664901
996728063
996791197
996854351
996917483
996980629
997043797
997106939
997170101
997233247
997296437
997359617
997422731
997485899
997549057
997612229
997675403
997738579
997801771
997864937
997928123
997991287
998054471
998117663
998180839
998244041
998307257
998370413
998433617
998496823
998560007
998623211
998686411
998749639
998812831
998876051
998939273
999002453
999065671
999128903
999192107
999255331
999318553
999381793
999444997
999508247
999571477
999634703
999697961
999761183
999824407
999887653
999950891
