2
5
7
17
23
59
71
83
103
191
233
269
293
337
379
487
691
797
859
937
997
1051
1117
1213
1301
1451
1657
2069
2357
2579
2729
2879
3037
3187
3323
3461
3581
3709
3853
4007
4159
4349
4561
4793
5051
5419
5839
6373
7019
7607
8123
8573
8929
9257
9551
9857
10163
10457
10733
11057
11317
11617
11903
12157
12433
12659
12959
13229
13553
13841
14177
14543
14831
15199
15551
15907
16361
16843
17341
17863
18401
19157
19861
20663
21529
22453
23473
24421
25469
26407
27299
28163
28921
29717
30493
31181
31859
32479
33071
33629
34267
34819
35419
36011
36583
37087
37607
38231
38767
39301
39841
40427
40961
41491
41981
42457
42961
43597
44123
44687
45281
45841
46471
47059
47639
48247
48823
49429
50033
50671
51361
51971
52691
53359
54083
54787
55621
56369
57073
57847
58699
59513
60509
61507
62501
63541
64661
65717
66949
68099
69467
70853
72103
73597
75079
76631
78173
79841
81401
83059
84731
86389
88019
89753
91297
92801
94351
95791
97369
98869
100279
101653
103001
104399
105701
106963
108343
109547
110863
112087
113189
114547
115733
116849
117959
119129
120247
121333
122393
123503
124577
125683
126743
127843
128923
129953
131011
132109
133109
134207
135281
136277
137209
138283
139361
140401
141359
142391
143513
144593
145679
146683
147727
148853
149771
150847
151787
152839
153949
155009
156061
157211
158303
159463
160541
161591
162739
163853
165037
166219
167309
168541
169753
170827
172021
173177
174347
175709
176753
178091
179243
180347
181789
182981
184279
185569
186793
188189
189493
190889
192271
193619
195121
196579
198013
199489
201073
202613
204163
205763
207367
208907
210403
212099
213943
215689
217489
219313
221077
222953
224863
226769
228733
230539
232669
234833
237073
239273
241453
243643
245881
248137
250501
252881
255247
257861
260363
262957
265511
267863
270547
273131
275923
278617
281327
284111
286789
289717
292471
295313
298171
300973
303689
306367
309157
312047
314623
317353
319901
322559
325217
327827
330439
333161
335771
338293
340979
343579
346133
348563
351077
353567
355913
358499
361093
363491
365809
368141
370759
373187
375443
377771
380129
382549
384701
386987
389357
391441
393541
395719
398039
400157
402517
404783
407083
409121
411233
413411
415489
417631
419597
421727
423823
425899
428033
430019
432059
434011
435907
438133
440203
442193
444029
446129
448303
450299
452213
454451
456499
458533
460633
462677
464687
466649
468593
470489
472391
474389
476183
478339
480203
482213
484129
486397
488287
490183
492103
494167
495959
497993
499957
501931
504017
505919
507971
509989
511961
514001
516091
517861
519817
521789
523793
525773
527701
529807
531847
533887
535991
537919
540079
542081
544007
546233
548371
550337
552353
554447
556613
558661
560639
562789
564983
567067
569213
571201
573299
575479
577523
579637
581743
583873
586009
587987
590263
592577
594679
596839
599087
601283
603529
605641
607961
610187
612371
614687
616843
619139
621451
623869
626207
628721
631181
633461
635731
638147
640741
643273
645599
647963
650449
652903
655301
657947
660367
662899
665279
667867
670543
673093
675617
678421
680809
683513
686117
688733
691591
694207
696851
699641
702469
705073
707911
710603
713353
716383
719413
722173
724967
727933
730909
733921
736921
739799
742991
746303
749423
752503
755561
758899
761897
765137
768263
771461
774779
778163
781433
784753
788173
791563
794953
798257
801791
805313
809087
812477
816191
819811
823357
826849
830719
834367
838379
842161
845983
849883
853837
857713
861703
865537
869381
873541
877567
881471
885769
889871
894037
898171
902569
906767
910799
915283
919591
923917
928163
932579
937007
941471
945941
950519
955061
959759
964151
968689
973081
977897
982621
987143
991943
996637
1001177
1005701
1010201
1014863
1019533
1024151
1028777
1033499
1038253
1043089
1047713
1052551
1057393
1062253
1066981
1071529
1076171
1080847
1085677
1090577
1094843
1099649
1104307
1108729
1113197
1117939
1122757
1127507
1131997
1136587
1141279
1146097
1150739
1155379
1159789
1163993
1168639
1173239
1177751
1182031
1186517
1190953
1195459
1199953
1204613
1209437
1213673
1217977
1222633
1226959
1231453
1236233
1240553
1244909
1249139
1253737
1257953
1262203
1266323
1270571
1274929
1279319
1283543
1287749
1292089
1296409
1300639
1304837
1309129
1313329
1317541
1321753
1325791
1330031
1334239
1338451
1342361
1346603
1350883
1355021
1358983
1363139
1367161
1371187
1375373
1379141
1383359
1387261
1391353
1395463
1399063
1403189
1407271
1411183
1415339
1419533
1423469
1427291
1431217
1434991
1438849
1442797
1446701
1450573
1454533
1458319
1462163
1465943
1469957
1473919
1477789
1481551
1485383
1489249
1492919
1496647
1500713
1504471
1508113
1511779
1515719
1519499
1523453
1527287
1531129
1535179
1538807
1542599
1546537
1550233
1554083
1557707
1561499
1565293
1569203
1572841
1576669
1580489
1584343
1588187
1592051
1595731
1599583
1603093
1606763
1610537
1614461
1618187
1621819
1625699
1629109
1632871
1636367
1640461
1644197
1647911
1651609
1655231
1658999
1662761
1666531
1669937
1673827
1677451
1680979
1684999
1688623
1692413
1696157
1699703
1703269
1707161
1710767
1714651
1718393
1722067
1726003
1729633
1733353
1737257
1740811
1744663
1748333
1751773
1755511
1759379
1763459
1767149
1770871
1774523
1778261
1781837
1785613
1789481
1793123
1796843
1800451
1804399
1807921
1811603
1815377
1819381
1823099
1826563
1830307
1833919
1837967
1841929
1845521
1849241
1853081
1856651
1860377
1864151
1867769
1871591
1875449
1879187
1883047
1886783
1890527
1894229
1898123
1902157
1906117
1909769
1913489
1917239
1921123
1925087
1928629
1932439
1936489
1940293
1944079
1947851
1951891
1955671
1959751
1963513
1967639
1971833
1975957
1979741
1983523
1987523
1991503
1995391
1999061
2003081
2007029
2010881
2014723
2018677
2022617
2026729
2030573
2034457
2038577
2042597
2046719
2050823
2054933
2058857
2062943
2066899
2070911
2075189
2079251
2083423
2087483
2091619
2095759
2099941
2104013
2108059
2112169
2116441
2120473
2124839
2128831
2132989
2137199
2141467
2145361
2149781
2154007
2158033
2162197
2166581
2170829
2175161
2179327
2183807
2188117
2192341
2196619
2201203
2205611
2209793
2214257
2218807
2223281
2227513
2231839
2236111
2240701
2245183
2249557
2254177
2258357
2262889
2267197
2271443
2275747
2280503
2285359
2289871
2294377
2298983
2303513
2308169
2312749
2317589
2322283
2327029
2331751
2336281
2341033
2345753
2350589
2355307
2360021
2364643
2369383
2374213
2379203
2383817
2388563
2393431
2398211
2403119
2407963
2413097
2417801
2422559
2427599
2432669
2437693
2442767
2447681
2452531
2457569
2462519
2467519
2472697
2477911
2482993
2487949
2493329
2498333
2503453
2508619
2513723
2519113
2524183
2529349
2534527
2539829
2545253
2550703
2555881
2561239
2566667
2572043
2577187
2582323
2587829
2593309
2598689
2604293
2609947
2615329
2620927
2626567
2631989
2637587
2643227
2648623
2654297
2659637
2665321
2671561
2677133
2682983
2688731
2694281
2699989
2705827
2711591
2717327
2723243
2729351
2735357
2741411
2747321
2753407
2759459
2765351
2771389
2777501
2783663
2789821
2795981
2802017
2808119
2813731
2819951
2826059
2832457
2838247
2844607
2850949
2857433
2863879
2870269
2876777
2883233
2889637
2896261
2902777
2909161
2915837
2922259
2928943
2935571
2942099
2948969
2955539
2962319
2968841
2975639
2982281
2989009
2995831
3002537
3009371
3016067
3023257
3030151
3037231
3043973
3051089
3058267
3065483
3072161
3078899
3086003
3092723
3100099
3107249
3114329
3121199
3128579
3135607
3142949
3150247
3157163
3164761
3171787
3179063
3186367
3193471
3200597
3207803
3215137
3222467
3229823
3237061
3244693
3252203
3259723
3267067
3274699
3282161
3289661
3297263
3305147
3312539
3320281
3327791
3335669
3343013
3350833
3359021
3366659
3374377
3382013
3389527
3397267
3404741
3412477
3420409
3428059
3435907
3443441
3451061
3459187
3467357
3475243
3483611
3491651
3499589
3507649
3515363
3523603
3531757
3539779
3547757
3555883
3563779
3571471
3579817
3587611
3595699
3603563
3611189
3618913
3626683
3634663
3642817
3651239
3659347
3667429
3675361
3683107
3691043
3699011
3707111
3715087
3723029
3730679
3738607
3746983
3754787
3763363
3771583
3779459
3787507
3795923
3803861
3811711
3819521
3827627
3835621
3843533
3851641
3859517
3867779
3875951
3884051
3891917
3899827
3907987
3915971
3924071
3931783
3939931
3947759
3955759
3964123
3972173
3980051
3988381
3996431
4004653
4012451
4020617
4028341
4036117
4043777
4051631
4059659
4067797
4075609
4083637
4091459
4099171
4107247
4115249
4123489
4131443
4139591
4147639
4155269
4162757
4170739
4178771
4186313
4194181
4202047
4209797
4217713
4225373
4233457
4241371
4249313
4256839
4264661
4272601
4280399
4288457
4296473
4303891
4311913
4319461
4327357
4335281
4342889
4350803
4358687
4366477
4373731
4381667
4389403
4397077
4404859
4412713
4420001
4427393
4435091
4442231
4449811
4457399
4465009
4472591
4480183
4487381
4494977
4502623
4510349
4518023
4525841
4533313
4541071
4548611
4555897
4563457
4570847
4578493
4585967
4593377
4600991
4608407
4615927
4623347
4630709
4638241
4645919
4653301
4660993
4668427
4675609
4682849
4690069
4697383
4704773
4712377
4719667
4727189
4734203
4741721
4749083
4756663
4763981
4771267
4778759
4786193
4793669
4800911
4808003
4815529
4822567
4830197
4837213
4844531
4851731
4859137
4866283
4873321
4880797
4887893
4894697
4901473
4908793
4916279
4923473
4930703
4937993
4945001
4952231
4959469
4966243
4973557
4980419
4987589
4994513
5001809
5009269
5016443
5023703
5030591
5037919
5045057
5052401
5059199
5066497
5073721
5080661
5087639
5094833
5101783
5109259
5116427
5123281
5130547
5137393
5144483
5151577
5158711
5165801
5172703
5180101
5187173
5194381
5201311
5207971
5215183
5222023
5229151
5236213
5243143
5249831
5256847
5263939
5270851
5277919
5285201
5291941
5298941
5305771
5312971
5319949
5327017
5333831
5340787
5347619
5354803
5361641
5368817
5375683
5382413
5389313
5396519
5403539
5410513
5417381
5424281
5431123
5438129
5445113
5451833
5458799
5465531
5472683
5479931
5486711
5493857
5500543
5507317
5514521
5521567
5528701
5535379
5542309
5549393
5556479
5563367
5570107
5576983
5583943
5590987
5597831
5604827
5611511
5618497
5625667
5632387
5639287
5646539
5653387
5660341
5667247
5674219
5681231
5688037
5694719
5701291
5708231
5715041
5721697
5728579
5735729
5742523
5749421
5756161
5763253
5770379
5777227
5784223
5791207
5798101
5804873
5811527
5818619
5825591
5832397
5839523
5846303
5852753
5860039
5866951
5873611
5880697
5886997
5893897
5900731
5907479
5914067
5920693
5927503
5934311
5941171
5948119
5955011
5961863
5968909
5975969
5982953
5989639
5996677
6003659
6010093
6017021
6023777
6030383
6037819
6044683
6051607
6058439
6065407
6072317
6079159
6086449
6093041
6099917
6106679
6113509
6120427
6127447
6134363
6141077
6148309
6154769
6161693
6168527
6175397
6182401
6189569
6196607
6203089
6210097
6217261
6224353
6231227
6238157
6245111
6251881
6258757
6265549
6272471
6279503
6286057
6293057
6299591
6306211
6313427
6320287
6327127
6334051
6341201
6348263
6355087
6362227
6369163
6376441
6383537
6390733
6397697
6404639
6411521
6418543
6425483
6432619
6439919
6446777
6453677
6460651
6467597
6474821
6481843
6488887
6495889
6502609
6509771
6516739
6523787
6530717
6537733
6544831
6551957
6558931
6565873
6572831
6579913
6586523
6593729
6600761
6607721
6614579
6621529
6628813
6636059
6643123
6650351
6657571
6664739
6671767
6678967
6686237
6693341
6700327
6707273
6714193
6721303
6728201
6735397
6742709
6749627
6756593
6763709
6770977
6778217
6785369
6792943
6799921
6807013
6814099
6821161
6828397
6835583
6842783
6850141
6857003
6863873
6871003
6878233
6885199
6892289
6899777
6907027
6914339
6921403
6928951
6935993
6943187
6950351
6957337
6964631
6971911
6979279
6986731
6994121
7001287
7008563
7016101
7023173
7030357
7037489
7044623
7051721
7059113
7066859
7074167
7081553
7088903
7096181
7103171
7110497
7117987
7125527
7133443
7140863
7148153
7155611
7163053
7170421
7178141
7185473
7192897
7200287
7207831
7215401
7222771
7230479
7237817
7245257
7252657
7260329
7267529
7275193
7282657
7290061
7297457
7305307
7312957
7320337
7327897
7335481
7343321
7351111
7358363
7366081
7373633
7380917
7388813
7396619
7404307
7412179
7419623
7427051
7434803
7442507
7449811
7457693
7465681
7473709
7481009
7488629
7496851
7504501
7512601
7520113
7528289
7535783
7543273
7551001
7558709
7566739
7574617
7582649
7590311
7598033
7605517
7613131
7621513
7628809
7636873
7644853
7652657
7660427
7668449
7676363
7684301
7692037
7699781
7708039
7715861
7723517
7731721
7739959
7748177
7755959
7764013
7772209
7780181
7788497
7796549
7804597
7812461
7820507
7828621
7836713
7844437
7852319
7860563
7868689
7876717
7884593
7892557
7900969
7909117
7917311
7925663
7933661
7941883
7949891
7958593
7966703
7974937
7983167
7991303
7999727
8007917
8016373
8024729
8033177
8041619
8049913
8057837
8066083
8074537
8083321
8091751
8100377
8108963
8117189
8125253
8133841
8142569
8150977
8159213
8167499
8176367
8184317
8193131
8201729
8209933
8218319
8227159
8235433
8243813
8252549
8261369
8269999
8278631
8286881
8295787
8304343
8312957
8321603
8330401
8339203
8347483
8356213
8365283
8374063
8382709
8391337
8400167
8408993
8417891
8426641
8435711
8444831
8453717
8462371
8471597
8480231
8488981
8497681
8506643
8515511
8524247
8533067
8541889
8551063
8559713
8568979
8577403
8586497
8595607
8604539
8613349
8622413
8631781
8640679
8650039
8658829
8667961
8677289
8686273
8695501
8704691
8713603
8722643
8731817
8741137
8750509
8759689
8768581
8777999
8786963
8796521
8805931
8815283
8824859
8834153
8843729
8853017
8862563
8872223
8881529
8891149
8900399
8910071
8919343
8928523
8937997
8947639
8957089
8966897
8976589
8986121
8995411
9005387
9015271
9025013
9034721
9044521
9054371
9063991
9073657
9083383
9092933
9102661
9112541
9122543
9132499
9141871
9151741
9161807
9171763
9181279
9191167
9200923
9210961
9220621
9230297
9240229
9250243
9260023
9270211
9280163
9290363
9300199
9310307
9320453
9330751
9340741
9350597
9360697
9370609
9381187
9391147
9401489
9411869
9422027
9432559
9442847
9453209
9463631
9473767
9484513
9494557
9504839
9515101
9525673
9535943
9546431
9556759
9567553
9577669
9587393
9597997
9608749
9619289
9629687
9640447
9650609
9661319
9671731
9682171
9692999
9704039
9714511
9725467
9735787
9746279
9757379
9768139
9779101
9789953
9800467
9811213
9821723
9832553
9843979
9855107
9865651
9876871
9887921
9898571
9909797
9920783
9932009
9942587
9953927
9965191
9976217
9987533
9998743
10010081
10021061
10032151
10043009
10053931
10064933
10076351
10087291
10098703
10109929
10121161
10132537
10143583
10154827
10166339
10177859
10189313
10200991
10212541
10223903
10234937
10246703
10258091
10268963
10280693
10292159
10304033
10315693
10327019
10338373
10350203
10361641
10373117
10384961
10396279
10407883
10419403
10430957
10442891
10454497
10466179
10477573
10489447
10501151
10512811
10524653
10536689
10548311
10560227
10571767
10584011
10595723
10607911
10620139
10631771
10643653
10655563
10667639
10679161
10691081
10702963
10714807
10726783
10739107
10751173
10763461
10775971
10788307
10800407
10812427
10824929
10837091
10848949
10861139
10873337
10886179
10898183
10910287
10922683
10934863
10947029
10959451
10971871
10984241
10996663
11009179
11021869
11034367
11046697
11058877
11071493
11083679
11096119
11108543
11120869
11134213
11146871
11159167
11171621
11183797
11196463
11209291
11221919
11234809
11247493
11260153
11273113
11285849
11298433
11311301
11324167
11336849
11349757
11362543
11375411
11388527
11401163
11414237
11426927
11440097
11453069
11465549
11478097
11491343
11504249
11517581
11530319
11542621
11555587
11568727
11581783
11594669
11607559
11619967
11633107
11646773
11659387
11672429
11685941
11698913
11712049
11725277
11738267
11751349
11764721
11778479
11790971
11803949
11817269
11830513
11844319
11857543
11870291
11883601
11896933
11910193
11923447
11936621
11949709
11962619
11976241
11989493
12003191
12016261
12029939
12043363
12056677
12070021
12083557
12097213
12110573
12123731
12137449
12150221
12164101
12177569
12191087
12204769
12217957
12231419
12244909
12258601
12272023
12285673
12298961
12311977
12325363
12339511
12353189
12365839
12379429
12393097
12406687
12419881
12433571
12447107
12460603
12474503
12487973
12502169
12515761
12528911
12543071
12556571
12570619
12584261
12597889
12611089
12625027
12638419
12652217
12666347
12679753
12693413
12707269
12720457
12733997
12747523
12761213
12774847
12788603
12802243
12816109
12829673
12843343
12856891
12870551
12884813
12898619
12912677
12926743
12940579
12954377
12968303
12982283
12996121
13009463
13023119
13037399
13051229
13065433
13079279
13093651
13107247
13121291
13134911
13148783
13162783
13176589
13190141
13203797
13217467
13231333
13245467
13259447
13273297
13286849
13300909
13314517
13328587
13342243
13356197
13369639
13383463
13397399
13411441
13425403
13438979
13453481
13467407
13481261
13494979
13509179
13523119
13536973
13550897
13564847
13578581
13592177
13606009
13619483
13633493
13647421
13661017
13674569
13688357
13702607
13716251
13730089
13744259
13757441
13771711
13785437
13798879
13812977
13826843
13840847
13854121
13868219
13881737
13895489
13908967
13922621
13936667
13950499
13964807
13979027
13993073
14007137
14020931
14034283
14048501
14062277
14076109
14089843
14103641
14117329
14130911
14144567
14158621
14172463
14186537
14200811
14214587
14228449
14241967
14255737
14269397
14282881
14296657
14310523
14324393
14338063
14351503
14364887
14378557
14391907
14405861
14419481
14433401
14447327
14461123
14475217
14488567
14502577
14516431
14530171
14543747
14557579
14571391
14584579
14598127
14612183
14626501
14640071
14654207
14667559
14681203
14694763
14708567
14722223
14735909
14749663
14763251
14776259
14790071
14803799
14817563
14831171
14844469
14858443
14872051
14886059
14899721
14913721
14927729
14941019
14954011
14968559
14982307
14995663
15009517
15023191
15036629
15050149
15063761
15077329
15091057
15104699
15118487
15132043
15145681
15159311
15172253
15186341
15200083
15213883
15227501
15240761
15254119
15267419
15280753
15294277
15307879
15321283
15335191
15348533
15361763
15375923
15389519
15403573
15417163
15430729
15444251
15457843
15471353
15484951
15498173
15511343
15524449
15537757
15551231
15564319
15577949
15591019
15604607
15617957
15631339
15644939
15658243
15671353
15685193
15698393
15711739
15725191
15738643
15752117
15765521
15779123
15792703
15806269
15819619
15832919
15846109
15858779
15872089
15885253
15898823
15912227
15925381
15938581
15952207
15965317
15978803
15992069
16005529
16018997
16031941
16045529
16059361
16072339
16085543
16099001
16112321
16125511
16138799
16152079
16165627
16179253
16192403
16205261
16218157
16231661
16244629
16258007
16270777
16284431
16297481
16310449
16324151
16337693
16351007
16364317
16377659
16390799
16404109
16417061
16429991
16443127
16456709
16469839
16482811
16495537
16508809
16521983
16535333
16548911
16562101
16575703
16588343
16601173
16614137
16627397
16640413
16653419
16666549
16679647
16692631
16706069
16719149
16732193
16744771
16757849
16770967
16783933
16796581
16809913
16822529
16835867
16849061
16862173
16875137
16888589
16901477
16914467
16927487
16940563
16953191
16965737
16978513
16991729
17004557
17017267
17030149
17043353
17056709
17069281
17082133
17094943
17108213
17121257
17134223
17147419
17160631
17173861
17187259
17200501
17213561
17226449
17238961
17252141
17265103
17278057
17290979
17303267
17316269
17328511
17341297
17354371
17367739
17380457
17393423
17405837
17418407
17431529
17444411
17457373
17470279
17482643
17495351
17507617
17521069
17533853
17546569
17559473
17572117
17584757
17597717
17610977
17623673
17636189
17649209
17662399
17675789
17688371
17700983
17713907
17727077
17739643
17753129
17766059
17778577
17790901
17803991
17816693
17829797
17842817
17855863
17868001
17880803
17893879
17906689
17919689
17932357
17944907
17957113
17969519
17981993
17994829
18007747
18020567
18033733
18046669
18059221
18072557
18085513
18098161
18110597
18123709
18136493
18148951
18162037
18174803
18188123
18200771
18213599
18226141
18238349
18250747
18263369
18276109
18288733
18301391
18313849
18326081
18338809
18351923
18365147
18377873
18390601
18403279
18415597
18428741
18440999
18453881
18466633
18479849
18492497
18505561
18518209
18530899
18543571
18556207
18568873
18581551
18593857
18606253
18619093
18631637
18644251
18656273
18668821
18681961
18694919
18707747
18720539
18732877
18745087
18757733
18770399
18783049
18795811
18808697
18821399
18833929
18846691
18859013
18871331
18883999
18897323
18910223
18922747
18934781
18947189
18959869
18972827
18985229
18997669
19010479
19023371
19035671
19048199
19060913
19073669
19086103
19099021
19112117
19124219
19136639
19149439
19161851
19174489
19187459
19199669
19212679
19225469
19238081
19250557
19263043
19275799
19288459
19301143
19313183
19325711
19338379
19351229
19363441
19376293
19388221
19401043
19413187
19425773
19438217
19450481
19462871
19475927
19488743
19501423
19514023
19526743
19539319
19552207
19565081
19577933
19590997
19603249
19615681
19627691
19640479
19653419
19666061
19678457
19690991
19703231
19715753
19728623
19741067
19753373
19765877
19778471
19790861
19802971
19815539
19827947
19841167
19853287
19865803
19878553
19890713
19903967
19916213
19928339
19940941
19953383
19965521
19978667
19990849
20003497
20016067
20028389
20040803
20053307
20065939
20078183
20090813
20103373
20116073
20128741
20141713
20153983
20166481
20178611
20191117
20203933
20217137
20229871
20242031
20254583
20267033
20279899
20292511
20305199
20317361
20330407
20342969
20355541
20367629
20380121
20392763
20405351
20418439
20430941
20443957
20456309
20468849
20481469
20494211
20506391
20518873
20531657
20544079
20556797
20569183
20581607
20593933
20606879
20619539
20631619
20644627
20657149
20669729
20681719
20694101
20706341
20718661
20731267
20743897
20756347
20769143
20781697
20794237
20806823
20819921
20832901
20844781
20857843
20869967
20882431
20894869
20907767
20920337
20932987
20946127
20958383
20971381
20983357
20995883
21008287
21020603
21033391
21045767
21058243
21071111
21083809
21096653
21109117
21121403
21134369
21146789
21159923
21172423
21185249
21197569
21210367
21223369
21236101
21248663
21261187
21273487
21285521
21298073
21310753
21323531
21336187
21348629
21361303
21374113
21386623
21399043
21411617
21424787
21437249
21449887
21461789
21474251
21486467
21499409
21512507
21525419
21538067
21550589
21563329
21576197
21588583
21600991
21613321
21626197
21638987
21651859
21664507
21676883
21689597
21702157
21714479
21727429
21739801
21752039
21764893
21777751
21790099
21803167
21815639
21828199
21840883
21853547
21866249
21878797
21891227
21904199
21916511
21929233
21941449
21953849
21966883
21979631
21992077
22004921
22017841
22030171
22042619
22054957
22068049
22081253
22094297
22107149
22120099
22132687
22145327
22158413
22170997
22183619
22196971
22209821
22222909
22235737
22248689
22261367
22274011
22287107
22299707
22312393
22324583
22337921
22350899
22363787
22376261
22389547
22402223
22415059
22427707
22441073
22453883
22466519
22479271
22492073
22504891
22517587
22530251
22542803
22555343
22568171
22580969
22593301
22606387
22619257
22631599
22644829
22658057
22670689
22683391
22695857
22708541
22721393
22734109
22746943
22759697
22772689
22785739
22798931
22811627
22824679
22837891
22850089
22862893
22875899
22888457
22901183
22914191
22926859
22940003
22952731
22965959
22978831
22991833
23004379
23016881
23029609
23042479
23055299
23068411
23081249
23094779
23107633
23120609
23133973
23146699
23159351
23171593
23184937
23198533
23211677
23224391
23237471
23250607
23263337
23276051
23288743
23301841
23314297
23327321
23340649
23353283
23366263
23378939
23392717
23406013
23419259
23432159
23444867
23457727
23470553
23483489
23496713
23509951
23523187
23536111
23548879
23561999
23575151
23588759
23601257
23614363
23627369
23640613
23653583
23666387
23679343
23692631
23705777
23719411
23732549
23745797
23758789
23771981
23784869
23798179
23811451
23824103
23838043
23851481
23864483
23877653
23890409
23903527
23915989
23929537
23942533
23955961
23969291
23982677
23995453
24008323
24021623
24035147
24048119
24060961
24074201
24087409
24101239
24114241
24128077
24141379
24154019
24166631
24180157
24193177
24206729
24219803
24232781
24246037
24259111
24272543
24285301
24298639
24311633
24325247
24338389
24351907
24364841
24378461
24391387
24404563
24417529
24431167
24444779
24458537
24472213
24485101
24498673
24511651
24525049
24538387
24551381
24564919
24578131
24591937
24605657
24619139
24632143
24645683
24659191
24672449
24685357
24698563
24711917
24725033
24738851
24752281
24765967
24778657
24792193
24806251
24819427
24833461
24847127
24860167
24873571
24887243
24900779
24914261
24928271
24941947
24955537
24968719
24981937
24995629
25009037
25022401
25036411
25050331
25063567
25077037
25090409
25103957
25116977
25130557
25144783
25158961
25172201
25185821
25199731
25213597
25227427
25241701
25255609
25269241
25282501
25296743
25309759
25323407
25336849
25350827
25364777
25378597
25391969
25405631
25419353
25433537
25447259
25460623
25473757
25487633
25501787
25515967
25529381
25542739
25556561
25570673
25584161
25597553
25611823
25625581
25639013
25652573
25667069
25681261
25694959
25708559
25721789
25736297
25749863
25763587
25777163
25791127
25804847
25818263
25832263
25845889
25859891
25873907
25887643
25901549
25915553
25929439
25943089
25957417
25971419
25984867
25998949
26012933
26027047
26040793
26055013
26068843
26083201
26096711
26111117
26124731
26138573
26152831
26166761
26180813
26195227
26209439
26223193
26237077
26252033
26266223
26279899
26294143
26308091
26322431
26335877
26350481
26364487
26378581
26392621
26406089
26419769
26434141
26448967
26462957
26476753
26491061
26504857
26519177
26533219
26547293
26560967
26575529
26589533
26603989
26618461
26632457
26646457
26660951
26675279
26689217
26703893
26717623
26732599
26747027
26761967
26775989
26790289
26804527
26818699
26833481
26847859
26861867
26876257
26890319
26904803
26919043
26933363
26947891
26961889
26976223
26990861
27004997
27019393
27033709
27048673
27062983
27077131
27091237
27105539
27120329
27134551
27148757
27163009
27177737
27192499
27207253
27221837
27236527
27251197
27265759
27280973
27295223
27310037
27324991
27339139
27353983
27368533
27383399
27397813
27412439
27427007
27441083
27455903
27470587
27485461
27500743
27515009
27529553
27544159
27558917
27573421
27587837
27601883
27616991
27631661
27646559
27661399
27676489
27691597
27706079
27721151
27735101
27749353
27764717
27779681
27794861
27809363
27824513
27839549
27855029
27869747
27884291
27898993
27913687
27928441
27943411
27958243
27973027
27988099
28003273
28017889
28032523
28047469
28063157
28077961
28092919
28107841
28123187
28138171
28152721
28168079
28183291
28198853
28213469
28228159
28243021
28258423
28273111
28288439
28302803
28317967
28333031
28348321
28363901
28379083
28394363
28409569
28424831
28439857
28455013
28470499
28485767
28500287
28515139
28530703
28546123
28561219
28576727
28591583
28607233
28622239
28637513
28652651
28668023
28683271
28698889
28714421
28729903
28744951
28760437
28776239
28791601
28807241
28822993
28838263
28853659
28869013
28884263
28899721
28915223
28930301
28946387
28961687
28977457
28992791
29008373
29023789
29039183
29055053
29070917
29086423
29101889
29117281
29133113
29148919
29164777
29180471
29195869
29211419
29227421
29243611
29259299
29274563
29289839
29305139
29320853
29336311
29352067
29367361
29382877
29398937
29414909
29431477
29447309
29463209
29478997
29494589
29510809
29526283
29541877
29557753
29574179
29589863
29605489
29621257
29637539
29653387
29669033
29684969
29700397
29716109
29731553
29747951
29764597
29780711
29797069
29813153
29829157
29845069
29860403
29876237
29892133
29908163
29924177
29939933
29955529
29971687
29987549
30003689
30019193
30035359
30051739
30067703
30083393
30099581
30116309
30131887
30147701
30164461
30180749
30196919
30212929
30228881
30245123
30261563
30277981
30294001
30310199
30326497
30342187
30358547
30375439
30391457
30407513
30424159
30441539
30458161
30474403
30490951
30507619
30523751
30539777
30556597
30572933
30589231
30605563
30621713
30638347
30654023
30670103
30686923
30703399
30720161
30736729
30753491
30770149
30786913
30803671
30820183
30836569
30853313
30869723
30886111
30902621
30919169
30936229
30953327
30969997
30987193
31003979
31020659
31037473
31055117
31071991
31088927
31106377
31122737
31139177
31155979
31173271
31190387
31207157
31224341
31240793
31258109
31275199
31291171
31308437
31325501
31341977
31358983
31376291
31393127
31410343
31427359
31444649
31461893
31479289
31496593
31513891
31531001
31548521
31565029
31581863
31598771
31616327
31633087
31650433
31667767
31684297
31701493
31719223
31736533
31753933
31771241
31788371
31805629
31822667
31839919
31856651
31874173
31891577
31908781
31926049
31943627
31961107
31977947
31995619
32012867
32030981
32048539
32065637
32083081
32100821
32117219
32135249
32152333
32169889
32187643
32205517
32223209
32240743
32258137
32275613
32293249
32310623
32328379
32345899
32363503
32381507
32398511
32416487
32434139
32451751
32469403
32486731
32504579
32522381
32539693
32557901
32575307
32592953
32610637
32628269
32646371
32664481
32682203
32699731
32717591
32735617
32753293
32771693
32789641
32807519
32825981
32843807
32861701
32880131
32897581
32916101
32933317
32951239
32968823
32986867
33004981
33023267
33041951
33060191
33078217
33096641
33114073
33132271
33150503
33168497
33186611
33204979
33223279
33241459
33259103
33277679
33295441
33313639
33331667
33350153
33368113
33386137
33404353
33422827
33441137
33459539
33477553
33496109
33514907
33533807
33552109
33570091
33589019
33607237
33625909
33644671
33662971
33681671
33699889
33718199
33737147
33755461
33773599
33792103
33811033
33829069
33847817
33866149
33884593
33903427
33922139
33941113
33960481
33979199
33997837
34016837
34035731
34054507
34073639
34092239
34111039
34130149
34148999
34168333
34187701
34206481
34225253
34244459
34263461
34282189
34301081
34320697
34339421
34358957
34378577
34397257
34415879
34435207
34454177
34472947
34491949
34510999
34529471
34548817
34567903
34587031
34605881
34625219
34644227
34664627
34683809
34703017
34722151
34741459
34761457
34780021
34799029
34818257
34837931
34857149
34875683
34894987
34914167
34933211
34952677
34971613
34991399
35010907
35030407
35049887
35069651
35089079
35108459
35128217
35147557
35166451
35186351
35206009
35225341
35244557
35263777
35283733
35303483
35322509
35342227
35362241
35381707
35400751
35419921
35440063
35459503
35479747
35499329
35519123
35538571
35557957
35578009
35597893
35617553
35637347
35657023
35676527
35696539
35716931
35736517
35755789
35775749
35795159
35815697
35835391
35855011
35875387
35895677
35915839
35935423
35955797
35975843
35995493
36015011
36034681
36055223
36075497
36095203
36115003
36135223
36155089
36175871
36196169
36216487
36236203
36256147
36276161
36295723
36316453
36335639
36356029
36375953
36396691
36417187
36437483
36457793
36477619
36497731
36518101
36538609
36559049
36579629
36599443
36619987
36640631
36660629
36681769
36702293
36723173
36743963
36763289
36783641
36804247
36824131
36845843
36866237
36886831
36908609
36929323
36949597
36970027
36990157
37010747
37031419
37051739
37072303
37092947
37113047
37133119
37153343
37174547
37194889
37215649
37236929
37258093
37278851
37299991
37320557
37341449
37361861
37382743
37402921
37424579
37445657
37466509
37486961
37507523
37528219
37548727
37569991
37591349
37612231
37632967
37653701
37674127
37695503
37716743
37737499
37758733
37779947
37800901
37822493
37842719
37864157
37885873
37906663
37927949
37949291
37970137
37991867
38012449
38034119
38054923
38075663
38097091
38117839
38139011
38160251
38181019
38202121
38223613
38244589
38265673
38286637
38307323
38328637
38350337
38371799
38393009
38414891
38435809
38457217
38478523
38500129
38520857
38543123
38564611
38586409
38607749
38629403
38650949
38672537
38693821
38714759
38736169
38757559
38778823
38800037
38822051
38843333
38864323
38885921
38907749
38928779
38950259
38972599
38994149
39016057
39038053
39059729
39081431
39102913
39124321
39146119
39167431
39189569
39211721
39232769
39254597
39276911
39297389
39318857
39340667
39362287
39384577
39406231
39427711
39449747
39471659
39493631
39514879
39536999
39558679
39580979
39602873
39623741
39645689
39667757
39689539
39711829
39734099
39756169
39778049
39799987
39822701
39844439
39866557
39888829
39910729
39932887
39955733
39978017
40000123
40022107
40044629
40067087
40089239
40110901
40132759
40154971
40177061
40199581
40222057
40244353
40266913
40288081
40310167
40331999
40354261
40376383
40398377
40421471
40443853
40465913
40488269
40510727
40533037
40555607
40578553
40601101
40623679
40646113
40668553
40691267
40713241
40734553
40757011
40779203
40801307
40824167
40845899
40868479
40891463
40914641
40937297
40959973
40982401
41004911
41027047
41050151
41072891
41094973
41117533
41139929
41162599
41185003
41207669
41230303
41253139
41276041
41298839
41321629
41343571
41366687
41389363
41412439
41435399
41457593
41480531
41503009
41526137
41548499
41571913
41594887
41618243
41641427
41663983
41686789
41709023
41732023
41754901
41777441
41800123
41822639
41844923
41867893
41891153
41914049
41937647
41960381
41984023
42007333
42030347
42052853
42076147
42098741
42121969
42144559
42167231
42190091
42212839
42235937
42258589
42281081
42303311
42326707
42349687
42372457
42395627
42418847
42442187
42465263
42487519
42510547
42533573
42556699
42580331
42603623
42626609
42649853
42672503
42695929
42718789
42741947
42765161
42788173
42810763
42834359
42857473
42881077
42905063
42928141
42951157
42975001
42998077
43021789
43044907
43068343
43090913
43114157
43137329
43160479
43183501
43206739
43230119
43253563
43277081
43300561
43323713
43346861
43370123
43393151
43416379
43439839
43462817
43486061
43508753
43532407
43555363
43578233
43601959
43625891
43649491
43673447
43696883
43720231
43743607
43767023
43790237
43814279
43837273
43860737
43884103
43908197
43931803
43954279
43977071
44000603
44024171
44047517
44070847
44094859
44118409
44142229
44165489
44188943
44212061
44235859
44259469
44282239
44305589
44329573
44353249
44376823
44400547
44423579
44447177
44470747
44494663
44518147
44541319
44565161
44588221
44611199
44635139
44658139
44682181
44705561
44728811
44752363
44775461
44799011
44822737
44846993
44870473
44894329
44917681
44941543
44964631
44988571
45012251
45036161
45058751
45081749
45106093
45129251
45153193
45177553
45201523
45224609
45247711
45271553
45294541
45317777
45341689
45364513
45388477
45412621
45435931
45458807
45482303
45506401
45529963
45553561
45577481
45600661
45624091
45647923
45671833
45695521
45719197
45743059
45766033
45790273
45814661
45838753
45862043
45885709
45908809
45932287
45956147
45980567
46004003
46027837
46051513
46075241
46098931
46123177
46147201
46171247
46195133
46218377
46242191
46266287
46290637
46314263
46337849
46361977
46385627
46409413
46432949
46457267
46480969
46504729
46528291
46552267
46576417
46600109
46623121
46646891
46670549
46694387
46718123
46742569
46766477
46789927
46813523
46837369
46861631
46885493
46908403
46932829
46956457
46980529
47003899
47027951
47052433
47077013
47101013
47124611
47147983
47171561
47195189
47219191
47243321
47267503
47290879
47314517
47338507
47362883
47386403
47410457
47434447
47458717
47482447
47505863
47529899
47553557
47577619
47601643
47625871
47649887
47674369
47697931
47722201
47746247
47769793
47794007
47817859
47841589
47865203
47888639
47912713
47936953
47961091
47985391
48009443
48032899
48057599
48082039
48105329
48129281
48153247
48177037
48201133
48225731
48249811
48273439
48297407
48320843
48344767
48369091
48392623
48416713
48441247
48464939
48488801
48512333
48536069
48560669
48584629
48607921
48632141
48656801
48680179
48704147
48728567
48752909
48777263
48801047
48823777
48848237
48872051
48895853
48920161
48943787
48967459
48991667
49016021
49039927
49063457
49087481
49111379
49135631
49159511
49183643
49206611
49230341
49254397
49278371
49302641
49326341
49350181
49373971
49397707
49421293
49445453
49469489
49492577
49516099
49540313
49564037
49587247
49611269
49634903
49659059
49682923
49707277
49731377
49754533
49778977
49802789
49827227
49850467
49874633
49897531
49921777
49945837
49969847
49993589
50017943
50042323
50066227
50090167
50113709
50137049
50161253
50185699
50209487
50233297
50257819
50281379
50305187
50328871
50352353
50376791
50400853
50425079
50448617
50472413
50496361
50520011
50543891
50567221
50591113
50615231
50639087
50663279
50687209
50711189
50734793
50758021
50782049
50806417
50829787
50853431
50877259
50901563
50925337
50949617
50973887
50997413
51021827
51045847
51070199
51093839
51117259
51141367
51165509
51189319
51213233
51237163
51260747
51284729
51309133
51332777
51356561
51379651
51402881
51426811
51451157
51475777
51499303
51522817
51546643
51569879
51593917
51617381
51641771
51666001
51690391
51713903
51737759
51761189
51784987
51808283
51831371
51855341
51879043
51903223
51926887
51950869
51974537
51998311
52022459
52046321
52069571
52093403
52117537
52141367
52165889
52189211
52213261
52236739
52260977
52285171
52309409
52333007
52356593
52380227
52403801
52428121
52451599
52475429
52499171
52523287
52547149
52571041
52594937
52618421
52641361
52665407
52689437
52713247
52737253
52761239
52784051
52808149
52831663
52855849
52879193
52902917
52926817
52950643
52974587
52998041
53022131
53045519
53069713
53092943
53116841
53140697
53163739
53187539
53211929
53235467
53258801
53282689
53305573
53329651
53353057
53377573
53401319
53424911
53448761
53472823
53496869
53520547
53544341
53568439
53592547
53616287
53640337
53663473
53687069
53711159
53734243
53757997
53782097
53805743
53829553
53853599
53877221
53900051
53923757
53947819
53971111
53994569
54018397
54041987
54066079
54089251
54113231
54136493
54160217
54184157
54208459
54232469
54256351
54279821
54303181
54326711
54350249
54374147
54398321
54422429
54445739
54469559
54493471
54516953
54540007
54563779
54587447
54610771
54633847
54657107
54680753
54705067
54729013
54752759
54776011
54799861
54823229
54847259
54871133
54895639
54919091
54942677
54965623
54989029
55012723
55035787
55059223
55082051
55105397
55129577
55153009
55176631
55200407
55223921
55247039
55270967
55295029
55318261
55341929
55365529
55388653
55412519
55435621
55459171
55482893
55506949
55530841
55554383
55577651
55601461
55624753
55647961
55671391
55694777
55717957
55741109
55764161
55787647
55811453
55834979
55858139
55881997
55905677
55929061
55953133
55976441
55999511
56023139
56046857
56069939
56093039
56115959
56139163
56162591
56185177
56209009
56232199
56256671
56279609
56303021
56326723
56350097
56373773
56397503
56421347
56445247
56468857
56492171
56515721
56539177
56562391
56585951
56608679
56632553
56655617
56678711
56701243
56724379
56747653
56770751
56794063
56817301
56840617
56864471
56888473
56911373
56934863
56958193
56982209
57005071
57028393
57052321
57075419
57098567
57121643
57145157
57168493
57191977
57215527
57238939
57261811
57285269
57307961
57331039
57353683
57377347
57400633
57424349
57447853
57471527
57494809
57517949
57541067
57564301
57587869
57611473
57634897
57658243
57681577
57705379
57728681
57752161
57775457
57798581
57822257
57845789
57869093
57892049
57915577
57938977
57961963
57985723
58009177
58032463
58055533
58078451
58101647
58125523
58148491
58171921
58195517
58218409
58241993
58264667
58288039
58312039
58334797
58357813
58380821
58404329
58427753
58451249
58474693
58497889
58520159
58544119
58566617
58590047
58613047
58635937
58659241
58682879
58706399
58729043
58751899
58775413
58798073
58820339
58843787
58867001
58890301
58913479
58936469
58960379
58983599
59007253
59030089
59053303
59076889
59099699
59122963
59146771
59169791
59192513
59216411
59239799
59263637
59286233
59309501
59332613
59355763
59379227
59403299
59425621
59448863
59472211
59494969
59517979
59541071
59564251
59587813
59610511
59633179
59656939
59679757
59703139
59726179
59749799
59772463
59795317
59818501
59841233
59864111
59887391
59910527
59934317
59957323
59980807
60003331
60026521
60049687
60072697
60096181
60120017
60142717
60165473
60188809
60211831
60234283
60257083
60280967
60303869
60326551
60349633
60372041
60395453
60418307
60441053
60464717
60487351
60510869
60534007
60557489
60580361
60603847
60625639
60648239
60671707
60694577
60717911
60741101
60763369
60786371
60809467
60832061
60854491
60877783
60900727
60923761
60947011
60969817
60992917
61015709
61038503
61061779
61084861
61108459
61131199
61154623
61178203
61201391
61224103
61247423
61270289
61293317
61316779
61340393
61363439
61386217
61409209
61432477
61455349
61478101
61500721
61524031
61547153
61570429
61593487
61616531
61639771
61662749
61685699
61708663
61731521
61754267
61777673
61800889
61823533
61846777
61869109
61892107
61915801
61938109
61961063
61984253
62006779
62029523
62052923
62075471
62098189
62120879
62142907
62166469
62189849
62212993
62235947
62259037
62281987
62304763
62327249
62349689
62372753
62396143
62418529
62441591
62464439
62487671
62510587
62533301
62556743
62580481
62603111
62626093
62649287
62672153
62695253
62717617
62740331
62763341
62785661
62808799
62831443
62854531
62877461
62900389
62922767
62945681
62968649
62991629
63014543
63037747
63061027
63083269
63106189
63129329
63152387
63175069
63197929
63220567
63243293
63266033
63288653
63311737
63335197
63358259
63380719
63403121
63426229
63448249
63471097
63493891
63517591
63539849
63562579
63585143
63608021
63631483
63654163
63676777
63699967
63722977
63745469
63768127
63790453
63812783
63835669
63858637
63880879
63903793
63925991
63949183
63971797
63994921
64017959
64041017
64063721
64086227
64108427
64131563
64153997
64177963
64200091
64222751
64246177
64269059
64290679
64313929
64336763
64359623
64382441
64404883
64427567
64450657
64473341
64496441
64519177
64542109
64565227
64588499
64611649
64634723
64657609
64680227
64702903
64725581
64749319
64772219
64794817
64817981
64840439
64863871
64886573
64908659
64931969
64954759
64977163
65000021
65022623
65044481
65067689
65090521
65113879
65136853
65159639
65182783
65205593
65228351
65251411
65273963
65296573
65319101
65341751
65364703
65387929
65410669
65432701
65455303
65477143
65499587
65522761
65545787
65568781
65591479
65614649
65637217
65660591
65683379
65705699
65728913
65751397
65774627
65797477
65819701
65842507
65865131
65888131
65910577
65933033
65955787
65978347
66000679
66023413
66045943
66067901
66091001
66113911
66136673
66159763
66181897
66204209
66226813
66249167
66272611
66295253
66316697
66339379
66362147
66384599
66407189
66430009
66452993
66475679
66498391
66520763
66543419
66566593
66589291
66611383
66634157
66656801
66679433
66701879
66724907
66747613
66770387
66793211
66816121
66839221
66861541
66883897
66906859
66929857
66952577
66975581
66997753
67020887
67043521
67066243
67089221
67111381
67134511
67157777
67180199
67202827
67225381
67248091
67270603
67292791
67314761
67337563
67360549
67383347
67405777
67428401
67450949
67473409
67495973
67518683
67541009
67564177
67586291
67609229
67632427
67654963
67677209
67700183
67722467
67744661
67767599
67790839
67813531
67836313
67858751
67881707
67904201
67926527
67949281
67971511
67994617
68017423
68040149
68062487
68085617
68108561
68130833
68153831
68176597
68199361
68221807
68244481
68266819
68289841
68312359
68335523
68358187
68381329
68403773
68426333
68449879
68471771
68494163
68516963
68540231
68562899
68585311
68607983
68631127
68653789
68676371
68699083
68721487
68744537
68767219
68790077
68813321
68836091
68858627
68880989
68903603
68926601
68949589
68972333
68994421
69016439
69040019
69062303
69085171
69108367
69130447
69153583
69176147
69199373
69221683
69245327
69268673
69290833
69313487
69335771
69358171
69380771
69402601
69425417
69447773
69470221
69492953
69515749
69538247
69560731
69582661
69606071
69628717
69651343
69673619
69696437
69718807
69741733
69763723
69786527
69809413
69831901
69854677
69877723
69900997
69923551
69946003
69969313
69992651
70015039
70037797
70060531
70083757
70105793
70128973
70151527
70174007
70196249
70219939
70242313
70264319
70287307
70309409
70332253
70354987
70377779
70400437
70422613
70444903
70468061
70490027
70512721
70535887
70557941
70580669
70603063
70626089
70650163
70672843
70695433
70718149
70740557
70763131
70786777
70809839
70832623
70855289
70877707
70900493
70923617
70945649
70968433
70991111
71013923
71036677
71059921
71082379
71104837
71127521
71149489
71172779
71196077
71218663
71240731
71263831
71286563
71309317
71332049
71354837
71377571
71400577
71422499
71444599
71467061
71489447
71512513
71534927
71557823
71580599
71602831
71625179
71648261
71671213
71693813
71717483
71740069
71762819
71786879
71809363
71831999
71854319
71876963
71899847
71922463
71945239
71968271
71991211
72013937
72036499
72058901
72081473
72103957
72126449
72149333
72172033
72194323
72215999
72238757
72261901
72284123
72306391
72329233
72351977
72375119
72397579
72420149
72443489
72466343
72489061
72512339
72534379
72556909
72579641
72603281
72625843
72648949
72671747
72694211
72716537
72739759
72763049
72786157
72808313
72830831
72853147
72876341
72898781
72921613
72944041
72966851
72989563
73012363
73035023
73057459
73080307
73103201
73126463
73149191
73172639
73195517
73218427
73241317
73264123
73286977
73309403
73332121
73354667
73377467
73400311
73423811
73446661
73469807
73492403
73515271
73537573
73559951
73582669
73605437
73628609
73651447
73673629
73696327
73718759
73742101
73765061
73787993
73810873
73833337
73856369
73879181
73901521
73924343
73947631
73970087
73992811
74016121
74039179
74062409
74086393
74108711
74131763
74154407
74177671
74200549
74222639
74246059
74269253
74292143
74315321
74338057
74360609
74383171
74405741
74429207
74451467
74474629
74498147
74520731
74543489
74567371
74589791
74611679
74635349
74657927
74681447
74703997
74726837
74749853
74772109
74794729
74817679
74840581
74863939
74887271
74909033
74931841
74954729
74978117
75000881
75024529
75047773
75070271
75092777
75115477
75138409
75161483
75184091
75206783
75229169
75252077
75274831
75297787
75320603
75343441
75366281
75389323
75411517
75434209
75457313
75480131
75502937
75525643
75549391
75572509
75595211
75618509
75641233
75663829
75687041
75709741
75733087
75755363
75778609
75801373
75824447
75846623
75869551
75892277
75915349
75938581
75961021
75983549
76006247
76029367
76052401
76075733
76098797
76121791
76144441
76167503
76190561
76213481
76237397
76260161
76283503
76306837
76329863
76353007
76375471
76398277
76421413
76444409
76467851
76491059
76514699
76537271
76559999
76583207
76606567
76629401
76652591
76676461
76699369
76722617
76745797
76769453
76792103
76814957
76837597
76860919
76883951
76906519
76930093
76952657
76975621
76998433
77020753
77044657
77067623
77090513
77113627
77136551
77159521
77182153
77205563
77228311
77251487
77274947
77298281
77321429
77344151
77366701
77390437
77413379
77436617
77460037
77483293
77506259
77529247
77552539
77575507
77598463
77621647
77645017
77668471
77691851
77715193
77737321
77760857
77783939
77806961
77830427
77853707
77876581
77899279
77922167
77945579
77968573
77991821
78014711
78037903
78060751
78084367
78107203
78130177
78153781
78176291
78199733
78222853
78246269
78269777
78293549
78316681
78340391
78363287
78386261
78409703
78433679
78456883
78480217
78503791
78526649
78549269
78572537
78595109
78618619
78642401
78665233
78688487
78712009
78734641
78757573
78780901
78803587
78827153
78850799
78874591
78897601
78920713
78944623
78967069
78990343
79014391
79037279
79060271
79083247
79105787
79129879
79152893
79176257
79199591
79222861
79245919
79269497
79293199
79316513
79340141
79363369
79386509
79409459
79432153
79455793
79479061
79502497
79525879
79549081
79572397
79595891
79619257
79641931
79665239
79688677
79712221
79735027
79759259
79782481
79805899
79829363
79852933
79875727
79898831
79922617
79946017
79968829
79993301
80017237
80040517
80064059
80086969
80110109
80133377
80156743
80180753
80204129
80228017
80250613
80273719
80296681
80320151
80343349
80367271
80390549
80413169
80437061
80459971
80483701
80506399
80530147
80554181
80576959
80601043
80624723
80647997
80671399
80695091
80718733
80741797
80764609
80787977
80811343
80835103
80857957
80880923
80904773
80928203
80951681
80974997
80998193
81020573
81044189
81067403
81090553
81113719
81136753
81160213
81183719
81207389
81231091
81254177
81277787
81301697
81325609
81349123
81372653
81396031
81419021
81442159
81465677
81488947
81512927
81537031
81560513
81584131
81607853
81630827
81654823
81678097
81701869
81725921
81748993
81773023
81796987
81820399
81843427
81867293
81890647
81914341
81937777
81961547
81985151
82008319
82031687
82055317
82078681
82102123
82126013
82149283
82173241
82197617
82221611
82245277
82269349
82293359
82316933
82340407
82364003
82387769
82411501
82435109
82458877
82481827
82506527
82530299
82553413
82576889
82600313
82624723
82647913
82671851
82694917
82718299
82742629
82766713
82789907
82813223
82836443
82859759
82883249
82907287
82931159
82954789
82978811
83002369
83025643
83049479
83073659
83097991
83122019
83145833
83169503
83193629
83217991
83241941
83265823
83289299
83313299
83336719
83361107
83384929
83408837
83432647
83456363
83480359
83503837
83527813
83551981
83575517
83599189
83622673
83647721
83671589
83695561
83719481
83742863
83766337
83790277
83814163
83837477
83861263
83885093
83908817
83932237
83955373
83978953
84002623
84026633
84051139
84075799
84100201
84123989
84147893
84172211
84196499
84220579
84244691
84268543
84292529
84316283
84340093
84364139
84388019
84412357
84436439
84459677
84483151
84506951
84531289
84555937
84579601
84603443
84628463
84652453
84676633
84700489
84724693
84748319
84772417
84795721
84820873
84844813
84868549
84893377
84917347
84941573
84965329
84989503
85013627
85038427
85062689
85086539
85110539
85134733
85158659
85183103
85207141
85231789
85255421
85279669
85303973
85327507
85350989
85375967
85399829
85423399
85446887
85471403
85495609
85519207
85543319
85567519
85592099
85616591
85640663
85664429
85688737
85713799
85737401
85761343
85785923
85809793
85834127
85858307
85882067
85906199
85930583
85955143
85979039
86003387
86028011
86051699
86075783
86099831
86124047
86148949
86173469
86197739
86222083
86246597
86271041
86294911
86319067
86343703
86367877
86392027
86416843
86440339
86464619
86488747
86512799
86536843
86561039
86585887
86610817
86633879
86659007
86683483
86707717
86732189
86756629
86780791
86804717
86829497
86854199
86878067
86902091
86927059
86951519
86975969
87000533
87024191
87048839
87072943
87097457
87122899
87147187
87171157
87195931
87219883
87244159
87268609
87292937
87317801
87342181
87366847
87391639
87417377
87441569
87466091
87490693
87514831
87538861
87563569
87588269
87612529
87637009
87661757
87686399
87710731
87735913
87760637
87785281
87809833
87834277
87858671
87883087
87907361
87931969
87956857
87981119
88005221
88029701
88054333
88078073
88102669
88127693
88152917
88176769
88201493
88225883
88249289
88274093
88298351
88322909
88347943
88372457
88397653
88421741
88446403
88471741
88496783
88521947
88547243
88572551
88597543
88621457
88645783
88670849
88695979
88720343
88745311
88769909
88794653
88818839
88843421
88868071
88892599
88917211
88941431
88966429
88991099
89016241
89041067
89066239
89090821
89115097
89140489
89164601
89189069
89214031
89238659
89263231
89288137
89312969
89337707
89362991
89388461
89413073
89437841
89462983
89488313
89513453
89538193
89563451
89588537
89613383
89638279
89664191
89688961
89714579
89739737
89764679
89790497
89815591
89840423
89864837
89889959
89914673
89940233
89965517
89990083
90015067
90039449
90064397
90088979
90114319
90139073
90163849
90188123
90213401
90238697
90263749
90288623
90313183
90337501
90362567
90387889
90412991
90438529
90462727
90487577
90512309
90538229
90563149
90588629
90614311
90638819
90664913
90689639
90714451
90740149
90764749
90789791
90814963
90839603
90865297
90890453
90915683
90939781
90964877
90990701
91016323
91040783
91066463
91091629
91117231
91142159
91167701
91192691
91217219
91242061
91267247
91292081
91316989
91342831
91367359
91393277
91418683
91444387
91469779
91494517
91520479
91545127
91571071
91596509
91621493
91646897
91672019
91696547
91721671
91747001
91772531
91798261
91824079
91849969
91875457
91901071
91926931
91951361
91976393
92001953
92028029
92053021
92078159
92103631
92128769
92154259
92180107
92205299
92230637
92256299
92282023
92307287
92333207
92359369
92384489
92409887
92435467
92460677
92486263
92511593
92537743
92562523
92588791
92614309
92639149
92664967
92690209
92715517
92740993
92766697
92792153
92817251
92842747
92868857
92893973
92919181
92945357
92971211
92997739
93023741
93049981
93075701
93101089
93126647
93152447
93177937
93203087
93229237
93254867
93280841
93306413
93331937
93357247
93382613
93408893
93434741
93459871
93485279
93511091
93537079
93562841
93588977
93615059
93640717
93666667
93692407
93718829
93744359
93769843
93796771
93821747
93847807
93873457
93898787
93924223
93950473
93976513
94002301
94027411
94053227
94078403
94103819
94130249
94156219
94182553
94208173
94234237
94259981
94286033
94311781
94338373
94364251
94390097
94416221
94441993
94468037
94493857
94519409
94545343
94572053
94597801
94623713
94649371
94675837
94701403
94728133
94753661
94779731
94805467
94830793
94856579
94882303
94907963
94933403
94959097
94985159
95011253
95038259
95064029
95090327
95116481
95143039
95169197
95194777
95220709
95246761
95273357
95299261
95325521
95351563
95378221
95404159
95429759
95455931
95481181
95507459
95533517
95559361
95586167
95612809
95639281
95665547
95691703
95718569
95745319
95771633
95797733
95823817
95849711
95875889
95901791
95928341
95954377
95980069
96006277
96033083
96059849
96086413
96112381
96139327
96164777
96191411
96219191
96245641
96271667
96298091
96324353
96350783
96377269
96403247
96429413
96456397
96483061
96509591
96536467
96562733
96588967
96614873
96640861
96667001
96693209
96719881
96747137
96773153
96799567
96825583
96852739
96879037
96906353
96932959
96958789
96985277
97011413
97038167
97064221
97091041
97117733
97144843
97171741
97199077
97226573
97252249
97278959
97305487
97332217
97359349
97385957
97412113
97438889
97465183
97491439
97517327
97543571
97569809
97596461
97623041
97650199
97677031
97703873
97730351
97756909
97783801
97810393
97836407
97863769
97890959
97916909
97943401
97970227
97997513
98025001
98052223
98079017
98106049
98133421
98160511
98187389
98213993
98240557
98267419
98294219
98321359
98348191
98374391
98401687
98428667
98454943
98482367
98509003
98535443
98562389
98588953
98616127
98643263
98669867
98697481
98724919
98751547
98780197
98806969
98833841
98860973
98887979
98915827
98942969
98970931
98998073
99024353
99050683
99077507
99104963
99132667
99159311
99186719
99214679
99241267
99269017
99296657
99324221
99350651
99377989
99405043
99432659
99460133
99486323
99513629
99541397
99568471
99595261
99620813
99647903
99675799
99703477
99730349
99758513
99785443
99813047
99840463
99867659
99894527
99921947
99949153
99975979
100003381
100030883
100058143
100085563
100112879
100139773
100167377
100194499
100221323
100248613
100275961
100303381
100331113
100359071
100386263
100414199
100442183
100469437
100496897
100524013
100551289
100579139
100607189
100635011
100662307
100690427
100717679
100745399
100772879
100801121
100829059
100856303
100884059
100911089
100938293
100965649
100993511
101020627
101047823
101074999
101102539
101130529
101157607
101186053
101213243
101241047
101268019
101296093
101323771
101350723
101378857
101406763
101434681
101461889
101489231
101517071
101544787
101572607
101601337
101628727
101656153
101684501
101712323
101740651
101767849
101795783
101823467
101852227
101879563
101906921
101934319
101962009
101989633
102017507
102044993
102072833
102100567
102129019
102156631
102183847
102211597
102240241
102267313
102294859
102322529
102350113
102378257
102405983
102434131
102462083
102489949
102517717
102545617
102574033
102601769
102629647
102657923
102686029
102714529
102742151
102770539
102798811
102826751
102854417
102882259
102910711
102938767
102967373
102995939
103023787
103051577
103079293
103107467
103136213
103164409
103192763
103221193
103250039
103278037
103305833
103334411
103362131
103390237
103418011
103446041
103474177
103502447
103531333
103559231
103588417
103616497
103644911
103673819
103701691
103729679
103758503
103786651
103815469
103844309
103872169
103901033
103929167
103957507
103985593
104013307
104041031
104069071
104098177
104125949
104154289
104182721
104210849
104238649
104266531
104295013
104323939
104352973
104381113
104409509
104437999
104466689
104495071
104523527
104552237
104580871
104609161
104637437
104666843
104695939
104724733
104753183
104782159
104810957
104838919
104867221
104896667
104925127
104953799
104982139
105011219
105039887
105068519
105097477
105126137
105154619
105183433
105211229
105239999
105269581
105298463
105327307
105356203
105384359
105413453
105441649
105471049
105500039
105528901
105558533
105586699
105616249
105645097
105674203
105703189
105731939
105760547
105789679
105817993
105846907
105875989
105904933
105934391
105963313
105992323
106021471
106050713
106078937
106108531
106137347
106166681
106195547
106224133
106253891
106283491
106311449
106340551
106369723
106399429
106428353
106457249
106486357
106515151
106544149
106573157
106601983
106631527
106660573
106689827
106719203
106748311
106777841
106807777
106836251
106865581
106894933
106924687
106954037
106982507
107011703
107041189
107070647
107099857
107128873
107158201
107186953
107215777
107244191
107273879
107303527
107332591
107361707
107391337
107420543
107449247
107479147
107508727
107538407
107567893
107597341
107626733
107655409
107684587
107713891
107743271
107772793
107802517
107831621
107861251
107890889
107920751
107950813
107980801
108011069
108040679
108069791
108099161
108128897
108158341
108187907
108217643
108246773
108275689
108304871
108334543
108363653
108392993
108422399
108451933
108481223
108510517
108539689
108569239
108599191
108629107
108658811
108688703
108719441
108748481
108778309
108807389
108836911
108867323
108897541
108927251
108956873
108987269
109017179
109047311
109076713
109107017
109136453
109166219
109196057
109225871
109255249
109285223
109315511
109346323
109376209
109405561
109434761
109464247
109494431
109524491
109554253
109584037
109614473
109644133
109674211
109704563
109734917
109764637
109793863
109824293
109854139
109884329
109914523
109944179
109974077
110003879
110033941
110063971
110092711
110123329
110153597
110185147
110214821
110246099
110276311
110306611
110337743
110368963
110399327
110429027
110458589
110488969
110519813
110550007
110581213
110611073
110640701
110671051
110701699
110732123
110761769
110793031
110823379
110853667
110883701
110913767
110944277
110974289
111004321
111035567
111065663
111095953
111127087
111157313
111187127
111217991
111248897
111280523
111310957
111340813
111370873
111401359
111432599
111463967
111494303
111525053
111556153
111587657
111617941
111648403
111679291
111709489
111740029
111770947
111800863
111830881
111861851
111891883
111923879
111954449
111984997
112015441
112046237
112076281
112106273
112137197
112167971
112197551
112228741
112260089
112291117
112321373
112351903
112382953
112414261
112445449
112476737
112507643
112539043
112569101
112600627
112631371
112661953
112692907
112723747
112754371
112784773
112816303
112846543
112877987
112908493
112940083
112971569
113001961
113033341
113064191
113094869
113125211
113155109
113186483
113218367
113249117
113280737
113311901
113342731
113373859
113405209
113436929
113468027
113498611
113529919
113561467
113592949
113624479
113655821
113687521
113718469
113749807
113781931
113812813
113844023
113875763
113907617
113938613
113969519
114001297
114032759
114064183
114095759
114127141
114158263
114189137
114220529
114252389
114282937
114313973
114345271
114376501
114408221
114440279
114472229
114504059
114536269
114567889
114599623
114629923
114661009
114692983
114724507
114756757
114788281
114819883
114850969
114882653
114914419
114945781
114977957
115009249
115040633
115071199
115103761
115135789
115167047
115198861
115230163
115262351
115293883
115325261
115357499
115389269
115421849
115453363
115484947
115516391
115548379
115580273
115611469
115643141
115675201
115706909
115738813
115770167
115802543
115834723
115866691
115898747
115929389
115961023
115992599
116023969
116055761
116087381
116119253
116150693
116182789
116214991
116246891
116278769
116311441
116343181
116375041
116406853
116438177
116470979
116503327
116534857
116566999
116599013
116630671
116662453
116695037
116726809
116759453
116792047
116824397
116856743
116889247
116921237
116953211
116985139
117017053
117049381
117081409
117113783
117146101
117178387
117210833
117242857
117275363
117307037
117339487
117372163
117404779
117437273
117469207
117502103
117534793
117567083
117598093
117630967
117663157
117696079
117728867
117762037
117793387
117824873
117857351
117890519
117922423
117954709
117987601
118020011
118052269
118084621
118117897
118150567
118181741
118214693
118247581
118280317
118312193
118345937
118378657
118410671
118442977
118475347
118507967
118540801
118573801
118606079
118639189
118671997
118703821
118736477
118769509
118802923
118835579
118868647
118901747
118934801
118968583
119001107
119033527
119066741
119100461
119133139
119166031
119199413
119232647
119265457
119297669
119330669
119364121
119396663
119429239
119462261
119495317
119527699
119561111
119593867
119626259
119659609
119693213
119726221
119759093
119792021
119825257
119857711
119889919
119923511
119955799
119988829
120021787
120054101
120086359
120119903
120153379
120186613
120219823
120251633
120285443
120319453
120353209
120386659
120419503
120452737
120486061
120519601
120552277
120586451
120619399
120652943
120686051
120719633
120753299
120786937
120821117
120854641
120887551
120920537
120954013
120987049
121019963
121052977
121085753
121118359
121152403
121185817
121218913
121252837
121286227
121320691
121353263
121387187
121420823
121453621
121486663
121520821
121555111
121587229
121620673
121655627
121689697
121722103
121755749
121789609
121823239
121857049
121890473
121924183
121957763
121990933
122024081
122057629
122091181
122125153
122159137
122193179
122226173
122259883
122294743
122328121
122362067
122396147
122430137
122464427
122498963
122532563
122567449
122600323
122633569
122666899
122701283
122735297
122768323
122801963
122835199
122868929
122902411
122936971
122971697
123005497
123039841
123074233
123107513
123141301
123175249
123209291
123242969
123276421
123310049
123344797
123378839
123412343
123446087
123480131
123515173
123548917
123583373
123616319
123651193
123684853
123718813
123752779
123786521
123820649
123855001
123888901
123922823
123956909
123991199
124024559
124059161
124093787
124128913
124162469
124196629
124230479
124264211
124298093
124331971
124366601
124400879
124435079
124469669
124504097
124538581
124573921
124607927
124642039
124676953
124710731
124745249
124779139
124814009
124848571
124883069
124917607
124951877
124986107
125020691
125054939
125089633
125124569
125159527
125193643
125227601
125261953
125296361
125331251
125365937
125399717
125434321
125469731
125503757
125538811
125574067
125609213
125643593
125678999
125713187
125747527
125781599
125815631
125850877
125885449
125919727
125954483
125988727
126023747
126058253
126093041
126127597
126162173
126197597
126231697
126266947
126301561
126336053
126371431
126406349
126440863
126475499
126510221
126545789
126580277
126615157
126649811
126684823
126719693
126754781
126790049
126825331
126859871
126895019
126930967
126965549
127000519
127035071
127069609
127104037
127139083
127174633
127209937
127245163
127280437
127316053
127351283
127386869
127421611
127456297
127491359
127526453
127561507
127597157
127633039
127668577
127703497
127738063
127773593
127808689
127844077
127879459
127915003
127950187
127984799
128019407
128054809
128089769
128124593
128160707
128196143
128231281
128266631
128302921
128338807
128373731
128409271
128444989
128481037
128515879
128551151
128585627
128621189
128656819
128691569
128726863
128762209
128796791
128832299
128867243
128903077
128938339
128974007
129009019
129045353
129080891
129117721
129152759
129188209
129223201
129258863
129294787
129330287
129365297
129401281
129436141
129471571
129507197
129543251
129578831
129614939
129650251
129686933
129721547
129756713
129792191
129828613
129864613
129901319
129937169
129973973
130009441
130045457
130082027
130117657
130154071
130189771
130225687
130262183
130298039
130334117
130369573
130405459
130441163
130478041
130513153
130550473
130585759
130621643
130657481
130693627
130728349
130765081
130800583
130836803
130872493
130908229
130944767
130979813
131016143
131051489
131087617
131123879
131159551
131195509
131232389
131268391
131305079
131340823
131376001
131412143
131448701
131485153
131521283
131558173
131594291
131630479
131666299
131701831
131737391
131774171
131810587
131847559
131883893
131920601
131956631
131992781
132029759
132065749
132102757
132139349
132175261
132211433
132248003
132283651
132320519
132357539
132393889
132430219
132466493
132502961
132538519
132575123
132611923
132649261
132686383
132722203
132758767
132795557
132831911
132868279
132904897
132941453
132978247
133014247
133051019
133087321
133123181
133159867
133196501
133234337
133271767
133308163
133344557
133380811
133417859
133453433
133490531
133527257
133564861
133601659
133638611
133675253
133711763
133749463
133785877
133822399
133859477
133896463
133933663
133970797
134006909
134044037
134080229
134117513
134153993
134191403
134227741
134263891
134301067
134337557
134374193
134411941
134448091
134484403
134521589
134559331
134596409
134633407
134670581
134707597
134743691
134780453
134817587
134854331
134890783
134927389
134964407
135001609
135038399
135074999
135111481
135148711
135186481
135223391
135260287
135297971
135334951
135372163
135409727
135446653
135482987
135520829
135558337
135595721
135633247
135671323
135708247
135745759
135782629
135820877
135857369
135895141
135932387
135969787
136007107
136044397
136081697
136119677
136156789
136193177
136231133
136268501
136306529
136343393
136379993
136417219
136454081
136490251
136528421
136564847
136602511
136639519
136676237
136713989
136751257
136788437
136826023
136864447
136901761
136938953
136976647
137014337
137052037
137089483
137126929
137165069
137202881
137240413
137277631
137315411
137353169
137390459
137427181
137464549
137501123
137539123
137576123
137613379
137651317
137689133
137727853
137765359
137802761
137840959
137879191
137916469
137954239
137992957
138030443
138068261
138107159
138144103
138182267
138219959
138258947
138296803
138333823
138371339
138409097
138446543
138485423
138523037
138560339
138598051
138636419
138674357
138712349
138749783
138787637
138825649
138862909
138900259
138938867
138976171
139013621
139052113
139090099
139128151
139166221
139204561
139242893
139280627
139318307
139355947
139394111
139431041
139469269
139507663
139545713
139583623
139621403
139659319
139697417
139735303
139773281
139810637
139848931
139887767
139925441
139962629
140000767
140038813
140076281
140115221
140153131
140191297
140229797
140268703
140306783
140344327
140382841
140421427
140460143
140498227
140536663
140575343
140613089
140651107
140689499
140727221
140765869
140804299
140843347
140882279
140921491
140959639
140997809
141036419
141075139
141113033
141151313
141189991
141229057
141266563
141304333
141342193
141380221
141418547
141457643
141496153
141535309
141573217
141611311
141649721
141687919
141726133
141765121
141803369
141842839
141880913
141918827
141956929
141995647
142032991
142071637
142109887
142148983
142186613
142224461
142263133
142301651
142339979
142377553
142416067
142454903
142493503
142532639
142571677
142610269
142648223
142687697
142725503
142764367
142803211
142841771
142879277
142918319
142956607
142995361
143033497
143071849
143110589
143149429
143188819
143227729
143265523
143303911
143342503
143381431
143419777
143457829
143497163
143535251
143574001
143612737
143651983
143691329
143729549
143768011
143806807
143845733
143884331
143923391
143961473
144000949
144039373
144079037
144117487
144156347
144194837
144233407
144272363
144311059
144349991
144388357
144426823
144465773
144505441
144544243
144583601
144622447
144661063
144700261
144739289
144778883
144818417
144857177
144897031
144935611
144975421
145013657
145053047
145092443
145131433
145170541
145211021
145249381
145288697
145327367
145366363
145405829
145444631
145484447
145523453
145562537
145601749
145640939
145679701
145718537
145757239
145796869
145835797
145875469
145914751
145953817
145992239
146031181
146070161
146109043
146148217
146186813
146226533
146265293
146304647
146344067
146383487
146422709
146462917
146501527
146540951
146580143
146619877
146659103
146697731
146736833
146776327
146815871
146855521
146894851
146933249
146972173
147011533
147050129
147089011
147128593
147168391
147207583
147246769
147287017
147326279
147364859
147405641
147445219
147484373
147523223
147562141
147601981
147641257
147680333
147720823
147759947
147800071
147840089
147879367
147918187
147957473
147997277
148036849
148075859
148115141
148155079
148194719
148234487
148273991
148313189
148353371
148392649
148432523
148472473
148511549
148551097
148590703
148629907
148669333
148708873
148748387
148788007
148827853
148866589
148907023
148946887
148986067
149026151
149065837
149106161
149145901
149186099
149225501
149264579
149304473
149343893
149383691
149424029
149464363
149504417
149543453
149583431
149622589
149662757
149701859
149741087
149780951
149822107
149861207
149900731
149940437
149980609
150020659
150060709
150099907
150139133
150179737
150218857
150259169
150299161
150339227
150378919
150419653
150458969
150498431
150538117
150578429
150618599
150658553
150698917
150739111
150778723
150817787
150857953
150898043
150939611
150978757
151019509
151059023
151098989
151139383
151179557
151218941
151257851
151298363
151338227
151378541
151419239
151458397
151498793
151538599
151578197
151618759
151658501
151698947
151739083
151779197
151818809
151858867
151898953
151939807
151979161
152019367
152060147
152100799
152141207
152181091
152221697
152261671
152301917
152342107
152382179
152423123
152463299
152503469
152542769
152583833
152623481
152662127
152702533
152741899
152782463
152821567
152862383
152903213
152943697
152983451
153023687
153063083
153102889
153142897
153182881
153223981
153264383
153304201
153345139
153384697
153425087
153465457
153505949
153545453
153585869
153626423
153665833
153706613
153746083
153786251
153826363
153866369
153905447
153946421
153987481
154027721
154068727
154108853
154149563
154189421
154229843
154270889
154310813
154351409
154391033
154431881
154471579
154511993
154552171
154591849
154632461
154672081
154712347
154753661
154793963
154834619
154874813
154915249
154955401
154996349
155036977
155077357
155117059
155157421
155198419
155239027
155279261
155318909
155360237
155401187
155441599
155482003
155522233
155562091
155601893
155641931
155682433
155722913
155764913
155804893
155844509
155884837
155924957
155965267
156005869
156046547
156086963
156126583
156167191
156207757
156249053
156289339
156329273
156369377
156410503
156451387
156491249
156531439
156572341
156613283
156653947
156694403
156734687
156775279
156816169
156856577
156896353
156937189
156978047
157018607
157059863
157099667
157140733
157181923
157221679
157262939
157303043
157344167
157384439
157425413
157465487
157505917
157546451
157586837
157628069
157669279
157709549
157750211
157791169
157831559
157872329
157913177
157954019
157993727
158035061
158074817
158115437
158157977
158198371
158238463
158279461
158320493
158361173
158401447
158442287
158482847
158523727
158565079
158606843
158648219
158688883
158730133
158771399
158811781
158852623
158893157
158933353
158974177
159014423
159054713
159095371
159135539
159177173
159217843
159258769
159299717
159340319
159380483
159421819
159462301
159503807
159544009
159585259
159626881
159668281
159708881
159749069
159789731
159829261
159869569
159911107
159951581
159992401
160033117
160073941
160114931
160155613
160196161
160237027
160277609
160319239
160359833
160400939
160441843
160481449
160522529
160564199
160604573
160644767
160686083
160726541
160767899
160808941
160848301
160888963
160929869
160970737
161011813
161052581
161093473
161133899
161175337
161216303
161257183
161298913
161340499
161381569
161423611
161464367
161504929
161546023
161587633
161627957
161669159
161710231
161751461
161792681
161833619
161874497
161916023
161956999
161998201
162039331
162080231
162120487
162162463
162203033
162243421
162285491
162326537
162366671
162407447
162447619
162489403
162531431
162572237
162612617
162654287
162694771
162736451
162777679
162818651
162859471
162900013
162940367
162981761
163022903
163064107
163105381
163146323
163187953
163228811
163268669
163309337
163350931
163390979
163431797
163473073
163513951
163554893
163595837
163635907
163677601
163718627
163760423
163800727
163841819
163881541
163923143
163963279
164004037
164046527
164088343
164129807
164170663
164211787
164253241
164294587
164335271
164377231
164417651
164459167
164500169
164540933
164581343
164622587
164663677
164704691
164746399
164787691
164829227
164870669
164911949
164953181
164993603
165035621
165076771
165118321
165159209
165200809
165241367
165282683
165324407
165365357
165407381
165448541
165489119
165529933
165572083
165613381
165655409
165697003
165738409
165778841
165820181
165861581
165902831
165944071
165985123
166025467
166067647
166109353
166150423
166191551
166232167
166272637
166313597
166355129
166396411
166437451
166478251
166518127
166559929
166601341
166641971
166683193
166725007
166766473
166806779
166848911
166890667
166931839
166973221
167013961
167054659
167096407
167137231
167178499
167219359
167260547
167301503
167343047
167384821
167425507
167466997
167507723
167548879
167590763
167631389
167672971
167714731
167756053
167796667
167838493
167878729
167920013
167962231
168002453
168044171
168086143
168127451
168168463
168208631
168251143
168292387
168333631
168374597
168416117
168457307
168498697
168540319
168582367
168622079
168663023
168704429
168745903
168787301
168828929
168870391
168911579
168952607
168994327
169034989
169075993
169117147
169158779
169200793
169242223
169283053
169323841
169364683
169404799
169446023
169487609
169528819
169569613
169610657
169651777
169694309
169736173
169776821
169819187
169859741
169900649
169942309
169984769
170025571
170066867
170107403
170148697
170188783
170230447
170272469
170313379
170354939
170396221
170437753
170479237
170520893
170562229
170604257
170644931
170687863
170728709
170770451
170811929
170852783
170894371
170935753
170977043
171017261
171059131
171100147
171140729
171181651
171223537
171263909
171305221
171346333
171388627
171429311
171471173
171511603
171553051
171595439
171637129
171679477
171720193
171760847
171801793
171842701
171884591
171926401
171967769
172009501
172050811
172092251
172132997
172174931
172216223
172257517
172298647
172340353
172381031
172423189
172464079
172505897
172546681
172588817
172630279
172671197
172713071
172754761
172795963
172837541
172878617
172920947
172962593
173003899
173044453
173086033
173127319
173168837
173210101
173252549
173293537
173334443
173375899
173416561
173457521
173499457
173540071
173580739
173622529
173664539
173705449
173746747
173789381
173830463
173872381
173913941
173955557
173996881
174037951
174078761
174120229
174161683
174203833
174245221
174285899
174327551
174368869
174410567
174453017
174494407
174535897
174577499
174619321
174661481
174703703
174744263
174785293
174827767
174868651
174909541
174952147
174992771
175034641
175075963
175117409
175158883
175200673
175241317
175282171
175322857
175363927
175405367
175446533
175487579
175529149
175571063
175612009
175653889
175694741
175736609
175779047
175820839
175861223
175903099
175944647
175985741
176026801
176068007
176109293
176151821
176193257
176235047
176275789
176317627
176359511
176400379
176441557
176483617
176524781
176565589
176608049
176649323
176691527
176732981
176774131
176814061
176855317
176897741
176938639
176979923
177021457
177062381
177103441
177144817
177185759
177227599
177269737
177311543
177353039
177394141
177435809
177477193
177518053
177559927
177601141
177643469
177685181
177726089
177767503
177808853
177850061
177891019
177932537
177973253
178014379
178056101
178097111
178138439
178178863
178220311
178261981
178305199
178346759
178388227
178429949
178472039
178513843
178554463
178596073
178638413
178679339
178720933
178762189
178804133
178844857
178885439
178927393
178969291
179010607
179052541
179093363
179134597
179175761
179217739
179259251
179301037
179342203
179382869
179424527
179466013
179507761
179549099
179590031
179631359
179673001
179713801
179754431
179795779
179836607
179878219
179919359
179962369
180003101
180044539
180085967
180127307
180168797
180210169
180252283
180293999
180335741
180376699
180418859
180460193
180501901
180543773
180584947
180626909
180669341
180710953
180752123
180793297
180835513
180876887
180918251
180959939
181002181
181043011
181084367
181125863
181167709
181209221
181251221
181292011
181333813
181375651
181417393
181458883
181500611
181542343
181584443
181626461
181667441
181708271
181749331
181790867
181831981
181873639
181915681
181957219
181998811
182039801
182081677
182124053
182165513
182206909
182248579
182289907
182330927
182373097
182414861
182456909
182498177
182540023
182581073
182623073
182664179
182706479
182748043
182790497
182832241
182874047
182915927
182956603
182998339
183039853
183081361
183122531
183164453
183205037
183247679
183289273
183330341
183372151
183413089
183454781
183495409
183536701
183577649
183618781
183659803
183700411
183742087
183783569
183825671
183867317
183909023
183950587
183991243
184032799
184073809
184115917
184157497
184199021
184239647
184280599
184322251
184364071
184404751
184445467
184487189
184528297
184568773
184610969
184651669
184692821
184733629
184775053
184816123
184857887
184899343
184940039
184981789
185023603
185065921
185106707
185147869
185188481
185229599
185270893
185312623
185354339
185395967
185436763
185478037
185520029
185561183
185602609
185644729
185686451
185727863
185769313
185810299
185851907
185893327
185934811
185975761
186017159
186059183
186100273
186142081
186183661
186224849
186265657
186308009
186349637
186391019
186432247
186473513
186515029
186556781
186598561
186638117
186679687
186720797
186762727
186804473
186845441
186886367
186929021
186969919
187012183
187053289
187094851
187136039
187177141
187217867
187259291
187300511
187341991
187383019
187423001
187465037
187505863
187548143
187590409
187631657
187673989
187715327
187756711
187797619
187839277
187881247
187921511
187962323
188004233
188045119
188086669
188127701
188168899
188210977
188253391
188294539
188335897
188377403
188418743
188460397
188501707
188543851
188585759
188626861
188667821
188708827
188751193
188792503
188834159
188875261
188916401
188957599
188999087
189040471
189081289
189121679
189163349
189204161
189245993
189286667
189328717
189369931
189411137
189452083
189493639
189536173
189578171
189619967
189661099
189702767
189743231
189785003
189826513
189867523
189908497
189949841
189991117
190032277
190072793
190114261
190155577
190197233
190238843
190279877
190321133
190362709
190403309
190445561
190487389
190528453
190570349
190612241
190653143
190694221
190735327
190777393
190818307
190860667
190901831
190943251
190985363
191026883
191067847
191108999
191150801
191192467
191233387
191274821
191316121
191357809
191399569
191441339
191482579
191524273
191565611
191607653
191649499
191691293
191732581
191773591
191814839
191856667
191898673
191939701
191980279
192022879
192064913
192105659
192147847
192187781
192228709
192270283
192311659
192352813
192393209
192434867
192476111
192517723
192559621
192600487
192641483
192681449
192722749
192764287
192804631
192846431
192887347
192928649
192970139
193011073
193052143
193094353
193135517
193176989
193218611
193260289
193301789
193343251
193384127
193426183
193467517
193507747
193548571
193589519
193630873
193671139
193712227
193753871
193794911
193835531
193876967
193917931
193959053
194001047
194041789
194083159
194124127
194165827
194207011
194248349
194289707
194330117
194371789
194412739
194453059
194494873
194536543
194578157
194619947
194661179
194701603
194743361
194784259
194825231
194866247
194906557
194947829
194988679
195029441
195071033
195112219
195153289
195193987
195235529
195278051
195319811
195361753
195402943
195443659
195485753
195526451
195567227
195608549
195649483
195691271
195732569
195773509
195815357
195856819
195898057
195938971
195979879
196019753
196061737
196102651
196144877
196186313
196227727
196269707
196311989
196353257
196394749
196435819
196476389
196517729
196558237
196599647
196641667
196682933
196724147
196765813
196806611
196846877
196887877
196929527
196970927
197011747
197053411
197094763
197136557
197177581
197219081
197260067
197300329
197341367
197383103
197424719
197466461
197507837
197549243
197590681
197632621
197674241
197715821
197757191
197798203
197839739
197880989
197922367
197962907
198004549
198046357
198087779
198129059
198170701
198211511
198252407
198294281
198334583
198375587
198415969
198458027
198497993
198539333
198579757
198621271
198661807
198702997
198744869
198785491
198826799
198868651
198910423
198951503
198992879
199034257
199075271
199116241
199157689
199199137
199240729
199280573
199321649
199362629
199403329
199443631
199485479
199526933
199568071
199608523
199650001
199691711
199733227
199774909
199815971
199857269
199898857
199939093
199980037
200020549
200060891
200102041
200143189
200182979
200224151
200264413
200305993
200347663
200390027
200431481
200473121
200513129
200554507
200594321
200635987
200677889
200718061
200759879
200800969
200841877
200883289
200924123
200966107
201006761
201047801
201088919
201129241
201170611
201211447
201253313
201293863
201335627
201376303
201417089
201458479
201499577
201541631
201583457
201623243
201664601
201706291
201746647
201787447
201828791
201869971
201910483
201950941
201991259
202032991
202074167
202115911
202156727
202197571
202239307
202280473
202320929
202362151
202403087
202443853
202485643
202527497
202568573
202609367
202650373
202691779
202733353
202775387
202815493
202856299
202896871
202938587
202979773
203021033
203061847
203102063
203143007
203183693
203225059
203266619
203308099
203348399
203388791
203429263
203471237
203512339
203553601
203595529
203637019
203678021
203718679
203759593
203800577
203841301
203882527
203922673
203962669
204004247
204045053
204086059
204127531
204168817
204209947
204251051
204292457
204333607
204374927
204415621
204456431
204497089
204537611
204578293
204620173
204661213
204702247
204742583
204784007
204823961
204865103
204905531
204946739
204987929
205029403
205070681
205111481
205153547
205194071
205234961
205275407
205317139
205357223
205397917
205439551
205480073
205521241
205562239
205603327
205644667
205685989
205726837
205767299
205808501
205850011
205891073
205931989
205973197
206013727
206055127
206096047
206137103
206178589
206219257
206259527
206300557
206342023
206382301
206423677
206464381
206505493
206546909
206587463
206628647
206670091
206710859
206750969
206791913
206832361
206873393
206914843
206954849
206995891
207037511
207078673
207118963
207160651
207202033
207242677
207282797
207323761
207364847
207405613
207445627
207487013
207528017
207568817
207609401
207650717
207690839
207731917
207772403
207813313
207854501
207895741
207936857
207977699
208018873
208060777
208101899
208142107
208182511
208223341
208264477
208306031
208348537
208389611
208430063
208471261
208512341
208553383
208594669
208635197
208675933
208717697
208757869
208798189
208838681
208880047
208921049
208962007
209003027
209044819
209085883
209126573
209167229
209208073
209249941
209290663
209330701
209371321
209412701
209452879
209493181
209534839
209575637
209615437
209655913
209696111
209736311
209777629
209818459
209859733
209899751
209940763
209981741
210022529
210063731
210104903
210146089
210187067
210228113
210268571
210309809
210350297
210391421
210432907
210474281
210515323
210556319
210597551
210637573
210679153
210720397
210761143
210802309
210843397
210883693
210924617
210965899
211006469
211047601
211089409
211129423
211170247
211210591
211251959
211292551
211333091
211373369
211413883
211455311
211494863
211535741
211577381
211618063
211658683
211699679
211740181
211780579
211823041
211863181
211904309
211946263
211986139
212027311
212067523
212109503
212150431
212192081
212232929
212273311
212313587
212354111
212395831
212437097
212477521
212517577
212558317
212599693
212640503
212680723
212722723
212763457
212804621
212845643
212886899
212926523
212967149
213007489
213047959
213089059
213129703
213170197
213211549
213252829
213293557
213334333
213374957
213416473
213456511
213497173
213538697
213579563
213620801
213662747
213702763
213744779
213786017
213827123
213867187
213908641
213948601
213989599
214031039
214071817
214111979
214152709
214193533
214234409
214275791
214316197
214357453
214398719
214439321
214480489
214520741
214561783
214602211
214642609
214683487
214723079
214763749
214804511
214845143
214884727
214926433
214966333
215006879
215047303
215088127
215128709
215169469
215210209
215250751
215291507
215331511
215372981
215413937
215454479
215495387
215536337
215577539
215618111
215659541
215699821
215740703
215781701
215823317
215863657
215904431
215945641
215985713
216025951
216066881
216106789
216148133
216189439
216229603
216269927
216310903
216351859
216393139
216432641
216473863
216514877
216555569
216596999
216638707
216679339
216720527
216761287
216802837
216843001
216883417
216923767
216965387
217006121
217047421
217088279
217128851
217169401
217209683
217250611
217291219
217331311
217371131
217411829
217452671
217494089
217535603
217576369
217617347
217659067
217699373
217740041
217780049
217822727
217863731
217903927
217944439
217984867
218026099
218066677
218106211
218146723
218187349
218227459
218268023
218308903
218351141
218391293
218432917
218473499
218514299
218556049
218596271
218637113
218677819
218718971
218759581
218799509
218839763
218880943
218921653
218961641
219003107
219043969
219084121
219124489
219165577
219206609
219247031
219287137
219327781
219369019
219410531
219451391
219491567
219532693
219573373
219614069
219655211
219695741
219736073
219777193
219818329
219860183
219900427
219941243
219981967
220021889
220063037
220104323
220144283
220185419
220226249
220267363
220308769
220349527
220389691
220430281
220471469
220511953
220552499
220593283
220633927
220674283
220714979
220756777
220797229
220838221
220878737
220919551
220959749
221001031
221040397
221080721
221122691
221162971
221204383
221244019
221284363
221324387
221365553
221406407
221447483
221488481
221529149
221570047
221610799
221651383
221692039
221732449
221773217
221814251
221854643
221895143
221935079
221976869
222017113
222057053
222097321
222138199
222177971
222218011
222258847
222299771
222341099
222382037
222423353
222464101
222504673
222544937
222584797
222625433
222665381
222706027
222746957
222787699
222829237
222869797
222910861
222951083
222991471
223031647
223072403
223113193
223153369
223193639
223233589
223274203
223313939
223355549
223396009
223435853
223475969
223515833
223555817
223596991
223637017
223677901
223718653
223759589
223800497
223841867
223882873
223923523
223965419
224006687
224046283
224086867
224127821
224168339
224208953
224248243
224289001
224329627
224369867
224410231
224451419
224492039
224532691
224572937
224614007
224654383
224696107
224736839
224777911
224819321
224860381
224899861
224940523
224980559
225020981
225061561
225102133
225143089
225184621
225225181
225266653
225306911
225348307
225388831
225429599
225471307
225511843
225552511
225592753
225634069
225674909
225715627
225755791
225796763
225836539
225877459
225917591
225958069
225999017
226039379
226079831
226119979
226160383
226201277
226242097
226283081
226323347
226364357
226405061
226445407
226485731
226526711
226567577
226608653
226648937
226689487
226729729
226769471
226810559
226851511
226891493
226932367
226973119
227014219
227053597
227094713
227135081
227175887
227216491
227257091
227297669
227338171
227378561
227419223
227459839
227500601
227542031
227583373
227623691
227665787
227706757
227747677
227788079
227828149
227869739
227910539
227951483
227992337
228034237
228074569
228114193
228153907
228194177
228234781
228275953
228315959
228357433
228397877
228438391
228478391
228519607
228560113
228600859
228640639
228680791
228721279
228761587
228802207
228843479
228885037
228924797
228965507
229005187
229045469
229086493
229127009
229167637
229208443
229250159
229291367
229332209
229372867
229413271
229454143
229494451
229535707
229575781
229616939
229657289
229697339
229738247
229778453
229818607
229859837
229901041
229940791
229980593
230020649
230061413
230101679
230142713
230183827
230224343
230265247
230306009
230347097
230388049
230428151
230467999
230509141
230549779
230589127
230629649
230669713
230710427
230750719
230790649
230831989
230872069
230912953
230953049
230994131
231034523
231075899
231116069
231156551
231198083
231237613
231278263
231318859
231359131
231399227
231439447
231480397
231520769
231562691
231602933
231642583
231683731
231724387
231764873
231806059
231847471
231887069
231927827
231967403
232008947
232049549
232090427
232130887
232171607
232212359
232253009
232294061
232334693
232375679
232416473
232456397
232497787
232538497
232579483
232620251
232660697
232701839
232741109
232781819
232822363
232862843
232902521
232943251
232983469
233025379
233066419
233107319
233148347
233188867
233230337
233270579
233312239
233352499
233393579
233434261
233475301
233515879
233556529
233596169
233636003
233677513
233718937
233759483
233800321
233842163
233883227
233924077
233964961
234005477
234045899
234086191
234126679
234167173
234207751
234247823
234288913
234330133
234371279
234411743
234452123
234492977
234533723
234574511
234614453
234655469
234695647
234735713
234775901
234816299
234855791
234896513
234937403
234977609
235018169
235058783
235098691
235139693
235181201
235221527
235261693
235300889
235341389
235381511
235422947
235463363
235504433
235544077
235584799
235625323
235666489
235707727
235749257
235789591
235830979
235870771
235912099
235951921
235993151
236033071
236073421
236114663
236154959
236194087
236234591
236275517
236315873
236356793
236397823
236438753
236479351
236521001
236560799
236601203
236641519
236682323
236723191
236764097
236804341
236843977
236885149
236925517
236964769
237005759
237046501
237087041
237128149
237168047
237208613
237248399
237289471
237330253
237370489
237411067
237452251
237492847
237533099
237573053
237613099
237652963
237694367
237734899
237776447
237817651
237857611
237897557
237938219
237978067
238017931
238058251
238099021
238139717
238179811
238220777
238260851
238301267
238341799
238382413
238423177
238464637
238504633
238545389
238585597
238626547
238666889
238706893
238747433
238788577
238828379
238869479
238910863
238951663
238991653
239033419
239074597
239115329
239156189
239196733
239237239
239278129
239318879
239360263
239400809
239441161
239481503
239520823
239562341
239603011
239643653
239683999
239724347
239765927
239805773
239846857
239887183
239927993
239969129
240009977
240049193
240090161
240131041
240171611
240211879
240251761
240292453
240332647
240373433
240413819
240454541
240493843
240533987
240575389
240616091
240656671
240696263
240737369
240778231
240818197
240857761
240898747
240940229
240980801
241021867
241063007
241103761
241143769
241184261
241225249
241266239
241306861
241347971
241388533
241429831
241469909
241510481
241550951
241591201
241632761
241674107
241714777
241754911
241795447
241836613
241877837
241917857
241959071
241999441
242040419
242080931
242121829
242162273
242202679
242244077
242285077
242325679
242367397
242407801
242448823
242489263
242529629
242571193
242612263
242653507
242694371
242735153
242775853
242816929
242856959
242897861
242938679
242978903
243019603
243061001
243100229
243141839
243183091
243223147
243262801
243303311
243344473
243385697
243427003
243467407
243507703
243548867
243589513
243630229
243670393
243712169
243752599
243793603
243834953
243874181
243914711
243955487
243997189
244038551
244079881
244120411
244161133
244201109
244242161
244282789
244323179
244363771
244404091
244445441
244485893
244526393
244566827
244607117
244648007
244687657
244727947
244767977
244808533
244847563
244888261
244928821
244969129
245009783
245049803
245091683
245132003
245172461
245213303
245253887
245293747
245335427
245374669
245415983
245456503
245496863
245537093
245578831
245620651
245660201
245701633
245742737
245783953
245823847
245864027
245904961
245946091
245987479
246028213
246068939
246110873
246151553
246192497
246232747
246274499
246315313
246355243
246396119
246437179
246477113
246517729
246558883
246598757
246639257
246680033
246720959
246761353
246802643
246842777
246883807
246924239
246965339
247006703
247047407
247088441
247129049
247170307
247211183
247252997
247293499
247333747
247373507
247414129
247455059
247495033
247536911
247577479
247618487
247659199
247700417
247741517
247781917
247822259
247863533
247903973
247945571
247985761
248025611
248067307
248108929
248148913
248189509
248229571
248269943
248310401
248351297
248391419
248432263
248473739
248513849
248554403
248595331
248635379
248675827
248716217
248757997
248799311
248840159
248880991
248921891
248962823
249003457
249043913
249085099
249124801
249165757
249206231
249247147
249287827
249329081
249369139
249409423
249451129
249492797
249532853
249573407
249614579
249655597
249695939
249736007
249777329
249818293
249858937
249899827
249940819
249980771
250022393
250063733
250104749
250146139
250186429
250226107
250268149
250308529
250349069
250389121
250430267
250472213
250512403
250553203
250593559
250634467
250676053
250716083
250756691
250797959
250838999
250879709
250919573
250960561
251001251
251041561
251082941
251123291
251164733
251205193
251245789
251287207
251327257
251367791
251408347
251449537
251490149
251531569
251571829
251611873
251652949
251694931
251736959
251778257
251819807
251860891
251900801
251941873
251983057
252022759
252063527
252104591
252145541
252185797
252225863
252267419
252309229
252350213
252390461
252431059
252472489
252512609
252553159
252593987
252634997
252677297
252717683
252758659
252800173
252840139
252880921
252922067
252962777
253004069
253045003
253086149
253127327
253167589
253209133
253250141
253290001
253330369
253370987
253412347
253452803
253493381
253534909
253575359
253615981
253657013
253699157
253740271
253781771
253822199
253862387
253903303
253943609
253984043
254025257
254066279
254108131
254149279
254189653
254230001
254270713
254311727
254352517
254393201
254434067
254475017
254515967
254556301
254597839
254638051
254678687
254719631
254760829
254801731
254842727
254883173
254924363
254965411
255005921
255046453
255087853
255128917
255170287
255211309
255251933
255293639
255334819
255374593
255415351
255456221
255496529
255537907
255578611
255620003
255660061
255700847
255742673
255782467
255823949
255864599
255905137
255945787
255987187
256028623
256069679
256110301
256150507
256191931
256232989
256273561
256315901
256357403
256398383
256439641
256480481
256522817
256564601
256606201
256647023
256687423
256729097
256770523
256810643
256852417
256893487
256933331
256974301
257014519
257055137
257096071
257137499
257177909
257218739
257259371
257299829
257341849
257382701
257423941
257464903
257505847
257546213
257586467
257627659
257668343
257709667
257751919
257792251
257833201
257874613
257915311
257956411
257997191
258038273
258079721
258121309
258161633
258202291
258243397
258284189
258325369
258366113
258407441
258448867
258490073
258530381
258572081
258612331
258653579
258694619
258735497
258776671
258818099
258858161
258898681
258940603
258982187
259023671
259064521
259106069
259146761
259188023
259229713
259269217
259310041
259350431
259392071
259432507
259473947
259514951
259555889
259596151
259637941
259679621
259721311
259762847
259804609
259845359
259886491
259927883
259968971
260009791
260050591
260091757
260133281
260174329
260215573
260256637
260297461
260339029
260379853
260421829
260462611
260503423
260545099
260585261
260626183
260667389
260708797
260749123
260790437
260831111
260872181
260913041
260954483
260994553
261036487
261077977
261119081
261158917
261200117
261242369
261283753
261324787
261365831
261405943
261446711
261487147
261528251
261569377
261610759
261651829
261693181
261734783
261776729
261816913
261858397
261899003
261940201
261982363
262022687
262064141
262104173
262144621
262185899
262225979
262267129
262307767
262349069
262390309
262431049
262472383
262512953
262554889
262595111
262636729
262677809
262719239
262761341
262802867
262843201
262884131
262924927
262966057
263007631
263049209
263089679
263131483
263172641
263213381
263254529
263296949
263338463
263379829
263420887
263462461
263503781
263544943
263587673
263628919
263670749
263712017
263753311
263794397
263835661
263877473
263918609
263960077
264002059
264043691
264084941
264126781
264167359
264207971
264249221
264289651
264331313
264372769
264413491
264454643
264496747
264538039
264579871
264621377
264662161
264704221
264745171
264787067
264828241
264868913
264909703
264950057
264991939
265034039
265075037
265116001
265157471
265198139
265239679
265280401
265321613
265361609
265401791
265442927
265484203
265525109
265566107
265607467
265648429
265689607
265731413
265772609
265813307
265854383
265896487
265936999
265978043
266019263
266060657
266102153
266143609
266185081
266226991
266268137
266309027
266351149
266393503
266434811
266477371
266519531
266560507
266602157
266643841
266684731
266726219
266767243
266809351
266850931
266890961
266932339
266974459
267015863
267057359
267098437
267139799
267181601
267223321
267264601
267305833
267347543
267389069
267429991
267472453
267514003
267554389
267594893
267637751
267678857
267720407
267762569
267803539
267843949
267884681
267926159
267967829
268008997
268050749
268091429
268134259
268175461
268217293
268259227
268300673
268342259
268383187
268424413
268465199
268506341
268548043
268589221
268630123
268671959
268712441
268754627
268796219
268837993
268878881
268919479
268961027
269002127
269043601
269085743
269127427
269168063
269209289
269250269
269291677
269332663
269373781
269415613
269457689
269499467
269541313
269582881
269625443
269666779
269708809
269751403
269792339
269834993
269876599
269917871
269959561
270000541
270041663
270084901
270125743
270167147
270208847
270250403
270291691
270333529
270375461
270416903
270457949
270499079
270540293
270581569
270622501
270664003
270705959
270747859
270789647
270830821
270872369
270914353
270955177
270997579
271040219
271082741
271124369
271166053
271208981
271249861
271291913
271333171
271374377
271416221
271458137
271499869
271542511
271583597
271624007
271666141
271707103
271747991
271789361
271831463
271872151
271914079
271956043
271997741
272040007
272082233
272123473
272166007
272206747
272247947
272289547
272331457
272372393
272414057
272455349
272496307
272537959
272580167
272620087
272662163
272704253
272745973
272788519
272829833
272871349
272912891
272955097
272997107
273038749
273079957
273121151
273163283
273206107
273247781
273289019
273330571
273372107
273413339
273454411
273496547
273537581
273580651
273621833
273664067
273704819
273746323
273787441
273829459
273871571
273913229
273954349
273994393
274036909
274077733
274120787
274161809
274203509
274244753
274285849
274327411
274369619
274410623
274452379
274493591
274535243
274576349
274618681
274659863
274701607
274743473
274785757
274827643
274870507
274912357
274953607
274994191
275036221
275079307
275120653
275162281
275204723
275245687
275286959
275329169
275369987
275412209
275454073
275495471
275537177
275577637
275619647
275662151
275703287
275745599
275787077
275829577
275870453
275912621
275954629
275995711
276037987
276080257
276122963
276164851
276206261
276247721
276289567
276331823
276373423
276415877
276458059
276500573
276541799
276584377
276626527
276668437
276709417
276749857
276791089
276832559
276874277
276915943
276958109
276999553
277041619
277083791
277125571
277168127
277209941
277251463
277293169
277335859
277377031
277419301
277460801
277501937
277543913
277584913
277626389
277668269
277709273
277751651
277793777
277835683
277877933
277919921
277962283
278004781
278046179
278088319
278130001
278172589
278214029
278255447
278296873
278339251
278381401
278423879
278466553
278508917
278550257
278592553
278634809
278676707
278719291
278761807
278803487
278845607
278888839
278930027
278971169
279013697
279056047
279098311
279140437
279182227
279224663
279266513
279308459
279349853
279392413
279433339
279476759
279518243
279560761
279601417
279642761
279684781
279725857
279767407
279809261
279851581
279894623
279936989
279978679
280020443
280062187
280104413
280146439
280187861
280229893
280271297
280313339
280355563
280399193
280440791
280482197
280523611
280565347
280607213
280649339
280691311
280734211
280775923
280817729
280860707
280903397
280945547
280988329
281029993
281071733
281113871
281155429
281197729
281239397
281280833
281322719
281365459
281407391
281449169
281491159
281533139
281576149
281617961
281660371
281701183
281743853
281786047
281828333
281870293
281912149
281955017
281995957
282039091
282082357
282124663
282166513
282209419
282252013
282293629
282335821
282377299
282419633
282462223
282504091
282546139
282587951
282629999
282672433
282713701
282756211
282798667
282841687
282884167
282926629
282968963
283010857
283052797
283094969
283137887
283180613
283223581
283266169
283308413
283349623
283391957
283434029
283477297
283519409
283561379
283602457
283644059
283686059
283728563
283769803
283812643
283854691
283897147
283939237
283981807
284024803
284067473
284109929
284152241
284194663
284237227
284279509
284321761
284364037
284405663
284448407
284492431
284534837
284577221
284619529
284661703
284703707
284746013
284788643
284830339
284873123
284915999
284958407
285001247
285044093
285086579
285129443
285172319
285215863
285257867
285300623
285341857
285384401
285426367
285469381
285511459
285554429
285595979
285638663
285681217
285722869
285765881
285808087
285851081
285893317
285935791
285977459
286019333
286061779
286103221
286147447
286190221
286232087
286274741
286317797
286360463
286402453
286445693
286487683
286530239
286572173
286614901
286657333
286700471
286743563
286786321
286828109
286870729
286912609
286955849
286998457
287040361
287082293
287124001
287165693
287208289
287251369
287293381
287335471
287378057
287420951
287463881
287504989
287548007
287590673
287633603
287676667
287719291
287762053
287804263
287846491
287889103
287931551
287974523
288016733
288059011
288101621
288144281
288187957
288230221
288273497
288316271
288358633
288400813
288442943
288485209
288527059
288569971
288612803
288654341
288696619
288739531
288782177
288824803
288867149
288910241
288951931
288995449
289037341
289079899
289123517
289166693
289209901
289251419
289295117
289337333
289379737
289422181
289464437
289507117
289549801
289592531
289635179
289677413
289718809
289760761
289803697
289845943
289889077
289931639
289974383
290016971
290060437
290103403
290147549
290190541
290233001
290276191
290318867
290361389
290403667
290447221
290490383
290532881
290576347
290619509
290662961
290705959
290747869
290790853
290833003
290875021
290917997
290960113
291002441
291045467
291087871
291130639
291172919
291215597
291257987
291300749
291343901
291386891
291429433
291472477
291516349
291559363
291602189
291644923
291688321
291730871
291773641
291815423
291858283
291901021
291943819
291986153
292027867
292071001
292113553
292155167
292198471
292241419
292284197
292326907
292370093
292412207
292455907
292498607
292541791
292584269
292627333
292670369
292713403
292756411
292799153
292842479
292885447
292928423
292970893
293014847
293056873
293099171
293141851
293185357
293228669
293270977
293314471
293358323
293401331
293443967
293487791
293530091
293573257
293615887
293658601
293700683
293744557
293787187
293829799
293872951
293914849
293956781
294000647
294042547
294086599
294130247
294172883
294216073
294258319
294301043
294343999
294386843
294429437
294472337
294515411
294558169
294601309
294644261
294687749
294731303
294773579
294816611
294859189
294902779
294945229
294989069
295032337
295076501
295120313
295163641
295206937
295250737
295293709
295336837
295379477
295422767
295466011
295509307
295552589
295595809
295638337
295681231
295724549
295768453
295810189
295853809
295897813
295940779
295984163
296026309
296069117
296112571
296155619
296198611
296242049
296285513
296327651
296371051
296413519
296456603
296500289
296543309
296586289
296629423
296672419
296715803
296759479
296802301
296846461
296890021
296932631
296976371
297019259
297062783
297105779
297149081
297192541
297235177
297277009
297320291
297364019
297407381
297451171
297494663
297538691
297581707
297625099
297668563
297711949
297754181
297797579
297840899
297884711
297926711
297969709
298012343
298056197
298099799
298143509
298186873
298230853
298274447
298317169
298359847
298402583
298445821
298489109
298532497
298575551
298619843
298664057
298707397
298751923
298794649
298838993
298882391
298925843
298969861
299013173
299055871
299099413
299142127
299186089
299229913
299272891
299317111
299360233
299403523
299446451
299488639
299532913
299575609
299619757
299663713
299707003
299749993
299792149
299835799
299879219
299922899
299965907
300009547
300052619
300095599
300140123
300183599
300226483
300269377
300313759
300358021
300400579
300443581
300487399
300531061
300574363
300617971
300661583
300705113
300749069
300791593
300834767
300878287
300921431
300964757
301008427
301052471
301095713
301139639
301183847
301226993
301270139
301313249
301356917
301399997
301443559
301486511
301530881
301574191
301617731
301662139
301704709
301748543
301793117
301837037
301880273
301923653
301966961
302010403
302054873
302097737
302140703
302184937
302229581
302273063
302316757
302360393
302403809
302447597
302491517
302534899
302579051
302621771
302665343
302709137
302753513
302797403
302841899
302885747
302929651
302973059
303016297
303060347
303103949
303147323
303190729
303235411
303278009
303323173
303366131
303409901
303454507
303498313
303541297
303585307
303629657
303672829
303717517
303762259
303806771
303851017
303893833
303938179
303982541
304026287
304070779
304113883
304157071
304201727
304245509
304288891
304332913
304375679
304418879
304462871
304506071
304550159
304593517
304636973
304680457
304724939
304768003
304811951
304856059
304899317
304943491
304986937
305029877
305073617
305117707
305161783
305206567
305251127
305296231
305339501
305383777
305427313
305470679
305514863
305557673
305602861
305645741
305689513
305734097
305777081
305820883
305864987
305909627
305953867
305996759
306040789
306083207
306127229
306172357
306216913
306260557
306304099
306346883
306391381
306435137
306479203
306523627
306568181
306612941
306657277
306701093
306745111
306789121
306832583
306876601
306920641
306965497
307008677
307053193
307097227
307140979
307184993
307228127
307272599
307315441
307360139
307404283
307448243
307492331
307535989
307580051
307625503
307670239
307713943
307758389
307802021
307847269
307890983
307935361
307979447
308021737
308065573
308109731
308153369
308197507
308240473
308284909
308328767
308372989
308417843
308460799
308504563
308549237
308592769
308636689
308681701
308724967
308769029
308813567
308857849
308901479
308946607
308990761
309034667
309078659
309123443
309167471
309211673
309256187
309300401
309344437
309388997
309432953
309477457
309521299
309565447
309610589
309655429
309698531
309743033
309786889
309830623
309875537
309920069
309964507
310008661
310052411
310096403
310141529
310186297
310230443
310274821
310318733
310362893
310407739
310452029
310497997
310543111
310587247
310631381
310676081
310720447
310764581
310809089
310853293
310897529
310941737
310985903
311028703
311074237
311118307
311163401
311208263
311254169
311298563
311343583
311388089
311432113
311476387
311521069
311565757
311610433
311655353
311700581
311744347
311788699
311833889
311877871
311922101
311965571
312010241
312054889
312099077
312144113
312187943
312232667
312277561
312322363
312365749
312409949
312453853
312499093
312542917
312587537
312632543
312676339
312721139
312765953
312810821
312855307
312900023
312944899
312987919
313032077
313077493
313122401
313166281
313210517
313255681
313300811
313345763
313389481
313434533
313479869
313525127
313570111
313614031
313658459
313703249
313747193
313791851
313837373
313881697
313926383
313971961
314015887
314060183
314105291
314149541
314194801
314240111
314284889
314329163
314372743
314417087
314462411
314507539
314552759
314596603
314641703
314686187
314731639
314776337
314822047
314866121
314910901
314955499
315001039
315046301
315091067
315136093
315180973
315225907
315271289
315315673
315360517
315405983
315450463
315495421
315539671
315583283
315628553
315673361
315717373
315762703
315807697
315852763
315896773
315943163
315987107
316032599
316077613
316122757
316168337
316214279
316258753
316304531
316349261
316393123
316437347
316482247
316526887
316570981
316616539
316662193
316707529
316751257
316796243
316841177
316886051
316930519
316976369
317021459
317066833
317112517
317157331
317202311
317247499
317293043
317337557
317382643
317427973
317474159
317518811
317563657
317607187
317652073
317697227
317742853
317787859
317833057
317878307
317923327
317967761
318012833
318058577
318102637
318148261
318192851
318237781
318282883
318328627
318374333
318419753
318464779
318511097
318555779
318601051
318646459
318691837
318736949
318781597
318827167
318872153
318917899
318963389
319008797
319054639
319099747
319145549
319191293
319235443
319280987
319326803
319371293
319415507
319461287
319506701
319552369
319597783
319642507
319687931
319732727
319778047
319824389
319869317
319914409
319959623
320004989
320050571
320095757
320140621
320186609
320231579
320277079
320322967
320368283
320413097
320459071
320504053
320549687
320595071
320640227
320684731
320729051
320773841
320819309
320864413
320910281
320955857
321001487
321046937
321092081
321137483
321183229
321228703
321273881
321319667
321365113
321410443
321457303
321502991
321548021
321592717
321638881
321683867
321730811
321775403
321821807
321867577
321912727
321958787
322004107
322049857
322095217
322140037
322185991
322231619
322276859
322322599
322368341
322414013
322458757
322503761
322548713
322594061
322639781
322686209
322731317
322776893
322822813
322869097
322914703
322959869
323004907
323050583
323096063
323141801
323187673
323233991
323279507
323324459
323369951
323417071
323462147
323508013
323553683
323599769
323644117
323689477
323734373
323779847
323825179
323871277
323916899
323961437
324007609
324052381
324098821
324145361
324191323
324237101
324282883
324329861
324376267
324422723
324468049
324513337
324559129
324604211
324649891
324695653
324742237
324788089
324833251
324879389
324924811
324970073
325015993
325060969
325107539
325152601
325198043
325243747
325289803
325335281
325380659
325426267
325473209
325518671
325564861
325610893
325656193
325702147
325749451
325793957
325841689
325885991
325931387
325977677
326023879
326069327
326114837
326160559
326204779
326251187
326296577
326343263
326389597
326435831
326482147
326527009
326573081
326619311
326665763
326711881
326758373
326804899
326851037
326896849
326942321
326988317
327033647
327080591
327126047
327173089
327218147
327264547
327310661
327356989
327403103
327449677
327495503
327541153
327587371
327632849
327679139
327724571
327770431
327816569
327863033
327908437
327953891
327999409
328046281
328092647
328138439
328185577
328230269
328276271
328322993
328369753
328416289
328462429
328508371
328555459
328601971
328648091
328694629
328742069
328788247
328834673
328880723
328926601
328972307
329018909
329064487
329110559
329157547
329204219
329250043
329297119
329343109
329389363
329434603
329480101
329525377
329571811
329617891
329663443
329709533
329756087
329801621
329848381
329895469
329942167
329988629
330034699
330081151
330128651
330175193
330221473
330268117
330315679
330362057
330408703
330455149
330502547
330547403
330594079
330640969
330687311
330734279
330780587
330826943
330874259
330920677
330967319
331013531
331060277
331105783
331152527
331198753
331244933
331291729
331337107
331384093
331429573
331477001
331522447
331569899
331616029
331661731
331707949
331754567
331802189
331848571
331896239
331942861
331988963
332036641
332083261
332130109
332176517
332223013
332269319
332316053
332363309
332409647
332455499
332502629
332548921
332594893
332641427
332687651
332733493
332779609
332826283
332872409
332918389
332965403
333012131
333058931
333106237
333152819
333199283
333245329
333291961
333338521
333385733
333433817
333481279
333528229
333575383
333622117
333668417
333714181
333761179
333807391
333853907
333901187
333947843
333994511
334040207
334088701
334135111
334182623
334229899
334275919
334322683
334369667
334416581
334463257
334510013
334557173
334603289
334650289
334697413
334743281
334790083
334836889
334882979
334929503
334977053
335023883
335069513
335116993
335163793
335209517
335257421
335304017
335350583
335396839
335442659
335491129
335538631
335585407
335633141
335680451
335726861
335774863
335822353
335869447
335916601
335964257
336011191
336058207
336104507
336151121
336197513
336244723
336291029
336339023
336386779
336433963
336480241
336528197
336575513
336621899
336668477
336716503
336763363
336810347
336858127
336904663
336953041
337000259
337047041
337094089
337141393
337187101
337234129
337281089
337328861
337376539
337422809
337470197
337517891
337564873
337611107
337659493
337706917
337754041
337801753
337847791
337895777
337942739
337990649
338038049
338085469
338131609
338179571
338227657
338274487
338321987
338368831
338416207
338463337
338510693
338557943
338604911
338652791
338700617
338747809
338795087
338841187
338887903
338935453
338982107
339029279
339076303
339124073
339170939
339218801
339266293
339314351
339361637
339409549
339457033
339503729
339551561
339599207
339646493
339694343
339741131
339788587
339835849
339883433
339930599
339978011
340025771
340072373
340118927
340166017
340213957
340260953
340307741
340355207
340402943
340449569
340497617
340545553
340593013
340639417
340688657
340734983
340782487
340829527
340878479
340925393
340972729
341019529
341067647
341115631
341163659
341211439
341258837
341306653
341354107
341401777
341448649
341496137
341542627
341589697
341637463
341686001
341733311
341780917
341828731
341876723
341923913
341971589
342019801
342066643
342114803
342162239
342209921
342257351
342304351
342353017
342400207
342448241
342495827
342544421
342593201
342640663
342687899
342736817
342783989
342832199
342880561
342928171
342976339
343022971
343071803
343119107
343166591
343213699
343261411
343309217
343358167
343406113
343453289
343501597
343548599
343596527
343643353
343691639
343739141
343785947
343832833
343882079
343930549
343978517
344027339
344074919
344122771
344170507
344217871
344264953
344312363
344359273
344406943
344455297
344504491
344552083
344599477
344647909
344695613
344744579
344792573
344840989
344889053
344936017
344984677
345032537
345081041
345129523
345176659
345225313
345273419
345323551
345371153
345418883
345467449
345515431
345563381
345611429
345659261
345706549
345754729
345802271
345850151
345899387
345946219
345994661
346043267
346091663
346138783
346187893
346235377
346282613
346329623
346378169
346427233
346475653
346524457
346573013
346621309
346670173
346718191
346766593
346815223
346862959
346910453
346959017
347006441
347055931
347104609
347153341
347201131
347249053
347298451
347345909
347394049
347442757
347490391
347539487
347588251
347637391
347684329
347733613
347782507
347831131
347879293
347928569
347976569
348025133
348073469
348122417
348171457
348219499
348268957
348316321
348364817
348413731
348462529
348510847
348558523
348607643
348657181
348704383
348752221
348801301
348851057
348899399
348947717
348996749
349044893
349092941
349140431
349189279
349237643
349285901
349334191
349383143
349431059
349479971
349527847
349576757
349624267
349672991
349721621
349770527
349818719
349867033
349915231
349963093
350010851
350059321
350107783
350156731
350205673
350253889
350302111
350350879
350399447
350448479
350498207
350546551
350594599
350643367
350693599
350742221
350791963
350840779
350888927
350938199
350985931
351035593
351084497
351132839
351180659
351229433
351277489
351326869
351376261
351425611
351474709
351523363
351572729
351621349
351669503
351719309
351767797
351816607
351865519
351915517
351964201
352013489
352062167
352110757
352159627
352208599
352257547
352306991
352355657
352404907
352453019
352501649
352549919
352597787
352646323
352695467
352745663
352794151
352843013
352891523
352940641
352989817
353039371
353088089
353136671
353185153
353234887
353283299
353332757
353382233
353431811
353481571
353529851
353579491
353629343
353678203
353727001
353775431
353824529
353872451
353921807
353970479
354019867
354069577
354118477
354167101
354216229
354265099
354313697
354363733
354412343
354461567
354510521
354559757
354609323
354658103
354707459
354756673
354806509
354856277
354905149
354954001
355002623
355052381
355101239
355150381
355199041
355248799
355297781
355346561
355396091
355445513
355495661
355545353
355593863
355642477
355692443
355742461
355792253
355840879
355890097
355939849
355989031
356038159
356087903
356136367
356184971
356235067
356284771
356334301
356383543
356433421
356482157
356531491
356580769
356630731
356679731
356729297
356778899
356828053
356877613
356927551
356977321
357027569
357077473
357126193
357175237
357224921
357274649
357324841
357373777
357423373
357472943
357522899
357572473
357621599
357671399
357720703
357770177
357820703
357870113
357919567
357969581
358018261
358067803
358117523
358166881
358217329
358267303
358316341
358366507
358416683
358466497
358516463
358566071
358615403
358664753
358714591
358764743
358814273
358864061
358912361
358961041
359011357
359059999
359110229
359160749
359209597
359259697
359309927
359359543
359409137
359459531
359509729
359559073
359609099
359659649
359709991
359759863
359809921
359858497
359908891
359959181
360009077
360059729
360110731
360161339
360211477
360262159
360312217
360363119
360412891
360462943
360512627
360562337
360611893
360661927
360712769
360762397
360811663
360861223
360910853
360961729
361010527
361060493
361110767
361161161
361211351
361261031
361310987
361361479
361411231
361460413
361510769
361561399
361610969
361660121
361710563
361759819
361809949
361860599
361912297
361962221
362012303
362062429
362111479
362161853
362211467
362260727
362310889
362360881
362410901
362461637
362512333
362561609
362612401
362662373
362713159
362763749
362814601
362863607
362914327
362964731
363014623
363064159
363115033
363164717
363213553
363264061
363313553
363364709
363413749
363464081
363515057
363566219
363616321
363666773
363717047
363766789
363817543
363867431
363917999
363969077
364019501
364070149
364120103
364169549
364218989
364271489
364321597
364371719
364422757
364473763
364524683
364574933
364624963
364676759
364726507
364777397
364828549
364878677
364929343
364979221
365029667
365079487
365129789
365179819
365231351
365281739
365331949
365381683
365431699
365481733
365531869
365582069
365632577
365683763
365734189
365784547
365835143
365887103
365937643
365988137
366038969
366088343
366138119
366189181
366239777
366290453
366341621
366391811
366442249
366492589
366542749
366593063
366644567
366695837
366745837
366796351
366847463
366898003
366948529
366999551
367050389
367101359
367151359
367203131
367253741
367304351
367354963
367404991
367456121
367506779
367557271
367608151
367658309
367709077
367759529
367810409
367862281
367912463
367964171
368014573
368065801
368115877
368168131
368219179
368270699
368322131
368373199
368424137
368475229
368526349
368576993
368627977
368678773
368730217
368780089
368831423
368882827
368933107
368984621
369035999
369087167
369138839
369190259
369240517
369291641
369343529
369395347
369445543
369496639
369547159
369598267
369650987
369702101
369752923
369804209
369854519
369904529
369955681
370007107
370058093
370110421
370161037
370211797
370263073
370314577
370366099
370417519
370469329
370520329
370571779
370623619
370674181
370726567
370777903
370829749
370881073
370932103
370983953
371035543
371085881
371136851
371188303
371239259
371290861
371341771
371393863
371444581
371495783
371547619
371599463
371650633
371702423
371753507
371803613
371854981
371906281
371956811
372008557
372060203
372111679
372162803
372214231
372265703
372317069
372367997
372420413
372471881
372524071
372575999
372627883
372679031
372731159
372782339
372833999
372886069
372937673
372987767
373039717
373091959
373143811
373194847
373245953
373298287
373349621
373399927
373451917
373503677
373554589
373606249
373657397
373708483
373759601
373811437
373865249
373917307
373969573
374021201
374072333
374123723
374174653
374226317
374278297
374329447
374380813
374431669
374483099
374534207
374585683
374636677
374688889
374740109
374792477
374843969
374895247
374946853
374997659
375048031
375099773
375151457
375203321
375254639
375306839
375359227
375410753
375463211
375514159
375566167
375618863
375670871
375723059
375774379
375825157
375876763
375929761
375981581
376032967
376085383
376137901
376189199
376242101
376293767
376345213
376396639
376448339
376500437
376551121
376603463
376655551
376707311
376759211
376810439
376862737
376915139
376966319
377018471
377070917
377122709
377174477
377227057
377278417
377330507
377382323
377433709
377487151
377538631
377591177
377643173
377694827
377746601
377798263
377850379
377902157
377954243
378005143
378056141
378108139
378160357
378212363
378265333
378316727
378368701
378419999
378471517
378524621
378577627
378631007
378682907
378735631
378787267
378839137
378891281
378943931
378996403
379048591
379100933
379152791
379205201
379258403
379310153
379363571
379415683
379467691
379520377
379571779
379624247
379676651
379728017
379780367
379833019
379885921
379938787
379990757
380041813
380094917
380146681
380199923
380252461
380303663
380356843
380407639
380460203
380512519
380565169
380617147
380669413
380721079
380773301
380826143
380878867
380931373
380984273
381037369
381089333
381142481
381195151
381248479
381300449
381352217
381404693
381458039
381510119
381563081
381616379
381668543
381720727
381772969
381825733
381878963
381932527
381984763
382038749
382091657
382144157
382196821
382250261
382301399
382353211
382406699
382460777
382512677
382566143
382618349
382669421
382722619
382774619
382827611
382881029
382934483
382987403
383039113
383093141
383145563
383198113
383250467
383303593
383356937
383409913
383462713
383515729
383568851
383621659
383674607
383727191
383779933
383833297
383887583
383941751
383995043
384046513
384097459
384151093
384204883
384256601
384310609
384364207
384416477
384470413
384523961
384578351
384631097
384684533
384736889
384788939
384841753
384894143
384948077
385000999
385055201
385108261
385161709
385214633
385267439
385320409
385373693
385426589
385480307
385533461
385587017
385640399
385692871
385746391
385799201
385852963
385905911
385959031
386014183
386067347
386120447
386173429
386226839
386279489
386333509
386386771
386440529
386493167
386546263
386600909
386655083
386708227
386761367
386813501
386866549
386919389
386972851
387027061
387079939
387132523
387185341
387238613
387292313
387346273
387398647
387451501
387505603
387558331
387611597
387665513
387719029
387771577
387825293
387877817
387930427
387985327
388038029
388091849
388145753
388199491
388252651
388306153
388359901
388413449
388467683
388520557
388573357
388626541
388682537
388736759
388791041
388844047
388897709
388951159
389004719
389057519
389111189
389164751
389217013
389271313
389325061
389378399
389432567
389486689
389539421
389593469
389647469
389701009
389753933
389807447
389861837
389916187
389969663
390024623
390079003
390132887
390188083
390241367
390295229
390349691
390403703
390458339
390511481
390565183
390619409
390672263
390726373
390780053
390833813
390888439
390942833
390995621
391050379
391103987
391158433
391211741
391265179
391319101
391373519
391427177
391480253
391533491
391587199
391642813
391696883
391750453
391804657
391858927
391913021
391967803
392020801
392074183
392127677
392180519
392234497
392288531
392341511
392395561
392449457
392503477
392558371
392611693
392665517
392720011
392774563
392828671
392882783
392937583
392991173
393045977
393101497
393156209
393210577
393265627
393319679
393374021
393427523
393481523
393535913
393590557
393644947
393699149
393754247
393808153
393862043
393916441
393971309
394024591
394078459
394132919
394186411
394239743
394294811
394349489
394403879
394459259
394514221
394568063
394623529
394677649
394731473
394786151
394839163
394892879
394946957
395001767
395056553
395109899
395164369
395218301
395271419
395326409
395381383
395435653
395490899
395545357
395600417
395655349
395710499
395763881
395818559
395873173
395927089
395982863
396037531
396092819
396148261
396203861
396258427
396313067
396367799
396422197
396476687
396531263
396585793
396639809
396694681
396749767
396803819
396859583
396913789
396968263
397023349
397077971
397132781
397187639
397241473
397296209
397351697
397406201
397460023
397515659
397570531
397625911
397679389
397734121
397788649
397843079
397896859
397951943
398007271
398061757
398116133
398170873
398225761
398280433
398335087
398389829
398444539
398500261
398554883
398611009
398665297
398721073
398777153
398832103
398887283
398941691
398997257
399051383
399106681
399161767
399216203
399271819
399327109
399382177
399435833
399492007
399546139
399600653
399655213
399710669
399764221
399818513
399873403
399927859
399983699
400038391
400093399
400149439
400204109
400258751
400314559
400369181
400424147
400478927
400535549
400591463
400646261
400700813
400755947
400810913
400866163
400921127
400976131
401032279
401089081
401144171
401200223
401255989
401311853
401367391
401422849
401477033
401531749
401586727
401642279
401696483
401751319
401807737
401862553
401917903
401972839
402028103
402083533
402137929
402193901
402248741
402305339
402361139
402416141
402471031
402526009
402582109
402637549
402692561
402749497
402805171
402860807
402916399
402970999
403026131
403081249
403136443
403192513
403248493
403303721
403358243
403413011
403468027
403523969
403579427
403635941
403690423
403747489
403803083
403858199
403913473
403968883
404024339
404080069
404135813
404190791
404247367
404303659
404358623
404413781
404470811
404526041
404582491
404637691
404693431
404749003
404805001
404860639
404915591
404971121
405027841
405083443
405138359
405194261
405249293
405305731
405361337
405417613
405473543
405529367
405584251
405640607
405696257
405751453
405808027
405863599
405917059
405973409
406029163
406085597
406141247
406197199
406253279
406307927
406363891
406420187
406476799
406533727
406590271
406646549
406703879
406759763
406814927
406870661
406926701
406981439
407036717
407092501
407147957
407204297
407259857
407316257
407373457
407430173
407486813
407541877
407597611
407654297
407710111
407767309
407823349
407878337
407935181
407991323
408047033
408103039
408160759
408216749
408273401
408330079
408385751
408442147
408498659
408555337
408612079
408668237
408723617
408779719
408835513
408891887
408947741
409003909
409060199
409116853
409174589
409231099
409287301
409343111
409399537
409457417
409513189
409569569
409626233
409681639
409737749
409793353
409849799
409906751
409963121
410018551
410074997
410132167
410189161
410245001
410303099
410359513
410415799
410471819
410527697
410583713
410639821
410695939
410752571
410808361
410863231
410920817
410977319
411034853
411090649
411146927
411204271
411260219
411316363
411372847
411431113
411487049
411543709
411600109
411656389
411712661
411769643
411827123
411883699
411940429
411997667
412053949
412110593
412166927
412224221
412282229
412337711
412395439
412451827
412510001
412566139
412622831
412679431
412735597
412792817
412849069
412905557
412962311
413018227
413075149
413131541
413188967
413246593
413304127
413360047
413416879
413473919
413531161
413587693
413643883
413700527
413756537
413812901
413871217
413928727
413985347
414041809
414098437
414154847
414211939
414268627
414326153
414381767
414439189
414495409
414552601
414609187
414666613
414724997
414780677
414837949
414895843
414953387
415010411
415067837
415124783
415181443
415237201
415294897
415352071
415408769
415465033
415521937
415579573
415638017
415695439
415753397
415809931
415866697
415924151
415982309
416038457
416096099
416153519
416210657
416267573
416324677
416381807
416438837
416497099
416553647
416610949
416667557
416724593
416781439
416839811
416895691
416952631
417010819
417068059
417124997
417182939
417240013
417296287
417353711
417411101
417468277
417525851
417583211
417639973
417698153
417754409
417813223
417871141
417928471
417987377
418044607
418103261
418159501
418216181
418273969
418330567
418389221
418448201
418505393
418562141
418620421
418677509
418734637
418792613
418849979
418907623
418965611
419022937
419081381
419139521
419197049
419254951
419312759
419371319
419428441
419486317
419544197
419602199
419659763
419717357
419774701
419831663
419890351
419949097
420007697
420066407
420123901
420181919
420239353
420297127
420354661
420412417
420470683
420527663
420585391
420642251
420699161
420756821
420813769
420873239
420931157
420989893
421047167
421104703
421162813
421219819
421278167
421336807
421394867
421452011
421509191
421566967
421625899
421683187
421741687
421799089
421855963
421914631
421972003
422029961
422087447
422144993
422203051
422262161
422321357
422379697
422438339
422495231
422553301
422612527
422670179
422727157
422786597
422844529
422902261
422959861
423017923
423075691
423132467
423190549
423249061
423307889
423366127
423424013
423480559
423538981
423597151
423656111
423714827
423772571
423831181
423888599
423946513
424004869
424063573
424122551
424179577
424237657
424295923
424354757
424412467
424469933
424529089
424585817
424642511
424700779
424758533
424817279
424875761
424934413
424993187
425051537
425109709
425167723
425226619
425285173
425343731
425401187
425458753
425518733
425575573
425633629
425691901
425749529
425809129
425867303
425926379
425984239
426043231
426101471
426160129
426218369
426277031
426336173
426394091
426453367
426512083
426571001
426628921
426687971
426746183
426805697
426865667
426924293
426982541
427041371
427099901
427158341
427217521
427276229
427334653
427393457
427452943
427510751
427569067
427628657
427687049
427744589
427803653
427861607
427921213
427980103
428038861
428097283
428156297
428215651
428273603
428331403
428390201
428448283
428506237
428564867
428624239
428683337
428741659
428800777
428860147
428919481
428978491
429036203
429095959
429154771
429213973
429273563
429333013
429392317
429451063
429510373
429568661
429627101
429685603
429745289
429805003
429863417
429922531
429980893
430039163
430099603
430157933
430215959
430275107
430335193
430395223
430453909
430513801
430572089
430631683
430691509
430749467
430808437
430868267
430925393
430984819
431043427
431103089
431162129
431221481
431280121
431339873
431399677
431459219
431518301
431577677
431638127
431696677
431755147
431814157
431872993
431933027
431992973
432052157
432112099
432171737
432231119
432290317
432350011
432409031
432467933
432527233
432586313
432645097
432704981
432764909
432823777
432882689
432942583
433002281
433061861
433121981
433181491
433240099
433299733
433359413
433418933
433479437
433539331
433599499
433659427
433717607
433776529
433835383
433894441
433955689
434014589
434074031
434133113
434192261
434251687
434310133
434370683
434429263
434488553
434546617
434605841
434666447
434726147
434785937
434845211
434905529
434964443
435023507
435084227
435144317
435204391
435264253
435323521
435384251
435444727
435503947
435563197
435622189
435681817
435741077
435801547
435862247
435920549
435980141
436040719
436100657
436160897
436221211
436280407
436338631
436398037
436458157
436517387
436577429
436637611
436697423
436757527
436816613
436876679
436936837
436997807
437057639
437118221
437178293
437238239
437297947
437357071
437416981
437476441
437537699
437598277
437658157
437717263
437775977
437836459
437896757
437956691
438016333
438077729
438136663
438196469
438256727
438317381
438376583
438437249
438497797
438557359
438616687
438675929
438736547
438795859
438856321
438916213
438975571
439035427
439095469
439156009
439216243
439278139
439337879
439399243
439459261
439519403
439577701
439637267
439698499
439758679
439819727
439878811
439939769
440001719
440061851
440122499
440182333
440242639
440304041
440363849
440423507
440483711
440543123
440603117
440663291
440722703
440781479
440842583
440903033
440963417
441023113
441084269
441144967
441204551
441265049
441325349
441385619
441445751
441505973
441567167
441627859
441687913
441748319
441808949
441869837
441930607
441990251
442050247
442110479
442170769
442231487
442291051
442350347
442410929
442473169
442533809
442593061
442654627
442714309
442774253
442834193
442895071
442954777
443015791
443076631
443136781
443196773
443258567
443319103
443379061
443439553
443499101
443560297
443621371
443682979
443743159
443804783
443865239
443926537
443987441
444048277
444108809
444170281
444230737
444292451
444353621
444413833
444473639
444533377
444594707
444655441
444715819
444778051
444837233
444898507
444960433
445021103
445082327
445143133
445204283
445265771
445326659
445388509
445449383
445511161
445571459
445632233
445692811
445753213
445813547
445875433
445937677
445998857
446059177
446119231
446180981
446241767
446302403
446362187
446423443
446484499
446544829
446605531
446667563
446729099
446790121
446851037
446911727
446973587
447034823
447095731
447157181
447219449
447279587
447342673
447401573
447461221
447522787
447584339
447644809
447705593
447765697
447827747
447888887
447948773
448010737
448072433
448133237
448194301
448255651
448317211
448377337
448439507
448501297
448562057
448623521
448686367
448747633
448808873
448870739
448930873
448991957
449052689
449114899
449177251
449238281
449299439
449360003
449421827
449482507
449543707
449605727
449667077
449727337
449788411
449850937
449912237
449973949
450036779
450097909
450160871
450222193
450284239
450345397
450406199
450468197
450528709
450590279
450651961
450713827
450775079
450836839
450898631
450959521
451020191
451083013
451144007
451206391
451267259
451327573
451389803
451451617
451513157
451573813
451636139
451696841
451758077
451819531
451883329
451944329
452005717
452067659
452129351
452191123
452252809
452315287
452377171
452439259
452500267
452562907
452624773
452687009
452748431
452810311
452871673
452933387
452995793
453056873
453118079
453180127
453241487
453303427
453365999
453428683
453491039
453552607
453613597
453675337
453736319
453797867
453860377
453922013
453983141
454045583
454108231
454170709
454233011
454295407
454357763
454419353
454480381
454541839
454605169
454666117
454728401
454790333
454852087
454913663
454975897
455038637
455101181
455163691
455225261
455286001
455347303
455409433
455470837
455532877
455595709
455657549
455718877
455780483
455842757
455903863
455966759
456029069
456091661
456153749
456215059
456277361
456340747
456402263
456463253
456524339
456586589
456647459
456708979
456772033
456833947
456896417
456958753
457021571
457085059
457148177
457210283
457272901
457334741
457398581
457460677
457524187
457585633
457647919
457710793
457772927
457835123
457897889
457961263
458023889
458085673
458148553
458209907
458271797
458334529
458398001
458460841
458523389
458585857
458647793
458709947
458772833
458835571
458897111
458960651
459023921
459085591
459147503
459209659
459271997
459333781
459396247
459459223
459522403
459585143
459646631
459709331
459772751
459835177
459897953
459961511
460023617
460087483
460149331
460213339
460275467
460337639
460401311
460462097
460526167
460588699
460652861
460713689
460775611
460838263
460902241
460964701
461027789
461089231
461152711
461215453
461278471
461339833
461403377
461467273
461530847
461592419
461654477
461718911
461781667
461843419
461906009
461968901
462031589
462094183
462156691
462219767
462283553
462346457
462409841
462472037
462533791
462595799
462657607
462720073
462783011
462846529
462910183
462972193
463034147
463096849
463161169
463223549
463286753
463349119
463412237
463475867
463538123
463601057
463664189
463727477
463790317
463852657
463915631
463977491
464041421
464105783
464168801
464231953
464295101
464357203
464420387
464483221
464547971
464610859
464674519
464736557
464800837
464862667
464926687
464989913
465051943
465114907
465178709
465240917
465305219
465368201
465431173
465495013
465558689
465621487
465684833
465747599
465810809
465873743
465937279
465999731
466062847
466126313
466189583
466252211
466316393
466379227
466442531
466504943
466568537
466632451
466696039
466758823
466822861
466885777
466948477
467010793
467073461
467138977
467202583
467265737
467329637
467393137
467456147
467519641
467582041
467644087
467708401
467772281
467834831
467897821
467961209
468024497
468088289
468151813
468215953
468280193
468343949
468406541
468469933
468533431
468596747
468659959
468723529
468787603
468851443
468914143
468977671
469041281
469105661
469169039
469234133
469297559
469361969
469424491
469488109
469551461
469615639
469680661
469743817
469807901
469872461
469935443
469999001
470061701
470125969
470188249
470252063
470316571
470380303
470444311
470507729
470571089
470635037
470698337
470762077
470825351
470889737
470954531
471017819
471081913
471145067
471208901
471271897
471335899
471400981
471464017
471527633
471591187
471655553
471719579
471783859
471847097
471910289
471974023
472037549
472101053
472164943
472229567
472294321
472359403
472422437
472487129
472551701
472614941
472678289
472742981
472808143
472872223
472936213
473001121
473064461
473127553
473192023
473256587
473321617
473384957
473448281
473512801
473577229
473641661
473705719
473769749
473834797
473899529
473963297
474025789
474090103
474153877
474218483
474283247
474347677
474411871
474476957
474541121
474606109
474669863
474735883
474799841
474862693
474927197
474991651
475056017
475120819
475184707
475249771
475314457
475380067
475443611
475507829
475571059
475635443
475698931
475764293
475827617
475890343
475953899
476019529
476084627
476149717
476214143
476277877
476341337
476405989
476469997
476534743
476598049
476662933
476726707
476791313
476855779
476919263
476984903
477048821
477113129
477178123
477242827
477307097
477372001
477434761
477498953
477563399
477628199
477692179
477755647
477818959
477885437
477948649
478012471
478076591
478141073
478204717
478269527
478332857
478398757
478462687
478528783
478593043
478658639
478721807
478786241
478851551
478915991
478980433
479046397
479109809
479173039
479237593
479301341
479365697
479430403
479494361
479559673
479623817
479688641
479751847
479816929
479881561
479946671
480011879
480075199
480139729
480204811
480268577
480334831
480399541
480464653
480529139
480594733
480660071
480725359
480790441
480854111
480918787
480983791
481048591
481112941
481179079
481243523
481307353
481372909
481438799
481501571
481566049
481631659
481696909
481760861
481826837
481892423
481958401
482023067
482087611
482152093
482216821
482281837
482347141
482413069
482477563
482542129
482606491
482672521
482737867
482802427
482867831
482931611
482998421
483062341
483126997
483191593
483256057
483321737
483387337
483451519
483516031
483581599
483647509
483711089
483776533
483842297
483908731
483974063
484038523
484102807
484166791
484232779
484297091
484362407
484427653
484493153
484557847
484622639
484688489
484754267
484818241
484884187
484949719
485015653
485081759
485148137
485212219
485275927
485341531
485406109
485471929
485537411
485602043
485667719
485732987
485798317
485862943
485928073
485993369
486058303
486123917
486188939
486254653
486320707
486385951
486451333
486516083
486581189
486646201
486711677
486776119
486842483
486907867
486973511
487040137
487106801
487171931
487237607
487302269
487367717
487432643
487497721
487563851
487628689
487694237
487759837
487823299
487889089
487954279
488020937
488086817
488152967
488218361
488283347
488349233
488415527
488481439
488546741
488613019
488678893
488744183
488810501
488875781
488941547
489007507
489072743
489138449
489204377
489269569
489334471
489399311
489463591
489529199
489596713
489662669
489727919
489794117
489857947
489923747
489988327
490053659
490119463
490184507
490250741
490315603
490382069
490449151
490515409
490581493
490646087
490712699
490777109
490842899
490909147
490974857
491040721
491106289
491170679
491237297
491303327
491369521
491434477
491500027
491566601
491633473
491698699
491764529
491831411
491896961
491963807
492029347
492095047
492161003
492225757
492290153
492357347
492424817
492491123
492556843
492622589
492687901
492752987
492818737
492886153
492951061
493017053
493083121
493150711
493216487
493282793
493347473
493414127
493480643
493547123
493612241
493678301
493744439
493809731
493874831
493940071
494005147
494072237
494138539
494205367
494272043
494337197
494403499
494468983
494535557
494601439
494667421
494734283
494799509
494866147
494932663
494998489
495064819
495130609
495195817
495261589
495326999
495392501
495458981
495524723
495591227
495657787
495724381
495790811
495856967
495922547
495987337
496053449
496118561
496185517
496252787
496319597
496385867
496452031
496517579
496583167
496649653
496716167
496783691
496849051
496915879
496982201
497047721
497113453
497179121
497245057
497311961
497378251
497444053
497511293
497576957
497642869
497709791
497776457
497844229
497909983
497977189
498043657
498110143
498176233
498243049
498307637
498374729
498441331
498507641
498573787
498640523
498707843
498773369
498839767
498906931
498974071
499039951
499107253
499174813
499240201
499307191
499373297
499439971
499506587
499572629
499638397
499705579
499772017
499839773
499906751
499972939
500038613
500106203
500174063
500239393
500306171
500371633
500437919
500504723
500571079
500637719
500704643
500771177
500839121
500903791
500970559
501037501
501105337
501172459
501239701
501307171
501374063
501440803
501507821
501575731
501642763
501710089
501776347
501842909
501909101
501975967
502042843
502109639
502176953
502243757
502311413
502377467
502444529
502510201
502577321
502644977
502711813
502779961
502846823
502914787
502982999
503048839
503115367
503180473
503247887
503315269
503381819
503448229
503514841
503582773
503649623
503715689
503781799
503848003
503916041
503982631
504050291
504117221
504183091
504250489
504317423
504384869
504451637
504520187
504587339
504653431
504719791
504787981
504855011
504921497
504988129
505055437
505122647
505190813
505259033
505327003
505393769
505458901
505526423
505592933
505661581
505729139
505796251
505863433
505928627
505995271
506062199
506128613
506195933
506262719
506330731
506397809
506464631
506531071
506597639
506665693
506732903
506799607
506866721
506933431
507000929
507068747
507135329
507203293
507271801
507338987
507405781
507473017
507541523
507608861
507676231
507743111
507809707
507875399
507943171
508009921
508077221
508144927
508211897
508279729
508347487
508415333
508481921
508548463
508615447
508683281
508749817
508816849
508884031
508952891
509020243
509086901
509153683
509220671
509287661
509354621
509421013
509488643
509556659
509623307
509692549
509759413
509827933
509897249
509963557
510030193
510098063
510166021
510233303
510300961
510367439
510434923
510503363
510570419
510637931
510705967
510773953
510842039
510910811
510978709
511045967
511113583
511181921
511250801
511317377
511384787
511451617
511520047
511588409
511655083
511722577
511789801
511856491
511923169
511989791
512056933
512124203
512191613
512260499
512328409
512394809
512462473
512530237
512597947
512664709
512733029
512799731
512868637
512936779
513003899
513070487
513139069
513207031
513273983
513342187
513410243
513477427
513543791
513611621
513680117
513747749
513816337
513882931
513950959
514019459
514088167
514156193
514223617
514291469
514359071
514427359
514495601
514563433
514631921
514698893
514766797
514835137
514902979
514970149
515039011
515107391
515174141
515242471
515309387
515377327
515444959
515512951
515579873
515648299
515716009
515784421
515851841
515920183
515989139
516055717
516124733
516191579
516257869
516325219
516392951
516458797
516527243
516594769
516662143
516730757
516798479
516866711
516934403
517001963
517070387
517138667
517206653
517273391
517342129
517410211
517476901
517545673
517613171
517681891
517749277
517816051
517883813
517950931
518018791
518087179
518154239
518223473
518291203
518359297
518426411
518494663
518563739
518631349
518698447
518766331
518834599
518903123
518970601
519038327
519108179
519175681
519243841
519310691
519377207
519446539
519514757
519583109
519651031
519718453
519786367
519853597
519921461
519990173
520057627
520127081
520195747
520264391
520333157
520401709
520469959
520538423
520605329
520674013
520741673
520810201
520879279
520946947
521015683
521082983
521152421
521221231
521290223
521358619
521426797
521494409
521562529
521630189
521698963
521766031
521832737
521902201
521970481
522039541
522107741
522176461
522245357
522314599
522383399
522451499
522517829
522586283
522654929
522722483
522790663
522858277
522926641
522995419
523063721
523130981
523198523
523266241
523333859
523401997
523470449
523539853
523608121
523677229
523746031
523816193
523883797
523951397
524019229
524087273
524155253
524225239
524293801
524363153
524430911
524497409
524566571
524634463
524703731
524771701
524840947
524909233
524978101
525045839
525113419
525182041
525251869
525319189
525386399
525455893
525525419
525595253
525664189
525733277
525801373
525869777
525938359
526006627
526075103
526144309
526212107
526280939
526349269
526417247
526486673
526554079
526622051
526689269
526757743
526826897
526894829
526964003
527032687
527102453
527171509
527239967
527308673
527375873
527443747
527512627
527582227
527649937
527719331
527786209
527853317
527923043
527990923
528059531
528128761
528196871
528265883
528335233
528403451
528471569
528539519
528608477
528678047
528747631
528816781
528884911
528953441
529021343
529089893
529158743
529228061
529296679
529364963
529434109
529503049
529571411
529639387
529708541
529776869
529844743
529914563
529983491
530050223
530118541
530187701
530256949
530326541
530395049
530463491
530533151
530601751
530670583
530740811
530809729
530878823
530947601
531017177
531085067
531155693
531223367
531292187
531360799
531430441
531499481
531567433
531636113
531705701
531775379
531844363
531912349
531980849
532049983
532118101
532186913
532256411
532325477
532394923
532464001
532532387
532601221
532669933
532738411
532807441
532876207
532945601
533014061
533081951
533152187
533221427
533290091
533358559
533427731
533496449
533565953
533634533
533704559
533773453
533842151
533911753
533980511
534048859
534118493
534187609
534256829
534325819
534394573
534464269
534534139
534603001
534671587
534740281
534809831
534878921
534947719
535016057
535084349
535151987
535220377
535289473
535357633
535426613
535495403
535564019
535633121
535704023
535774201
535843943
535912667
535981793
536050159
536119109
536187857
536257199
536325563
536394811
536463553
536532617
536602039
536671271
536739967
536809991
536878787
536947531
537018721
537086569
537155219
537225083
537293843
537362051
537433469
537503383
537572471
537641443
537710429
537779993
537848237
537916213
537985787
538054589
538123903
538192973
538262497
538331509
538402589
538471933
538541467
538609979
538678867
538747747
538818661
538886807
538957261
539027077
539096599
539165269
539233483
539301887
539370707
539440327
539509813
539579059
539647429
539716673
539786209
539856209
539925917
539995847
540065821
540134431
540205187
540274781
540343651
540413857
540481741
540550859
540620081
540688627
540757957
540827941
540897047
540966497
541036057
541104943
541175329
541244191
541313917
541383379
541453841
541523153
541592879
541662967
541731997
541801807
541871933
541940677
542010281
542080171
542150647
542219147
542288939
542358643
542427443
542497301
542567429
542637349
542706809
542776193
542846071
542915869
542984551
543054767
543124781
543195013
543264607
543335173
543404293
543474227
543543019
543612911
543682367
543753389
543822701
543891923
543961591
544031003
544101007
544169761
544239257
544309433
544379683
544450343
544519837
544588801
544659019
544728403
544797499
544867049
544936423
545006081
545075117
545144711
545214179
545284769
545353771
545423873
545493521
545563633
545631367
545701393
545771203
545841467
545910881
545980163
546049781
546118567
546189559
546259733
546329471
546398317
546468269
546539141
546608603
546679051
546749023
546819653
546889313
546957547
547027703
547096003
547165373
547234393
547304207
547373201
547442717
547511099
547582267
547652921
547721821
547792019
547862501
547932113
548001737
548070511
548140321
548210581
548278859
548348533
548419247
548488709
548558903
548629153
548698091
548767963
548837623
548908187
548977727
549047557
549117419
549188161
549258533
549327619
549396941
549466991
549536261
549605711
549675701
549744401
549814987
549884963
549954511
550024747
550093987
550163281
550232927
550301387
550371641
550441387
550512013
550581293
550651837
550721153
550790249
550859497
550929781
550999457
551069131
551139101
551208451
551279413
551350277
551419523
551488937
551559413
551629691
551699783
551768801
551840137
551908081
551977693
552047539
552117019
552187127
552256321
552327119
552397331
552467611
552537101
552607417
552677441
552747607
552816283
552886577
552957091
553024057
553095071
553165307
553234991
553303417
553373789
553443677
553513141
553583587
553654499
553725691
553795433
553865033
553935677
554004953
554074819
554145071
554215853
554285269
554355773
554426681
554496583
554568461
554639713
554709119
554778871
554848529
554918869
554989033
555058853
555127957
555198239
555267199
555339721
555409817
555480397
555550381
555620489
555690361
555760637
555830629
555901501
555971803
556042339
556112269
556182317
556252009
556322449
556392293
556461817
556531589
556601041
556671803
556742779
556813783
556883983
556954553
557025013
557096263
557165467
557235331
557304173
557374813
557446007
557515921
557587159
557656943
557727493
557798387
557867573
557936803
558006613
558076507
558146587
558217171
558287629
558357719
558426611
558497959
558569147
558639707
558710233
558780109
558850099
558919499
558989311
559060189
559131491
559202803
559272941
559344679
559413479
559483733
559554343
559624337
559694027
559763669
559835489
559905653
559976801
560047679
560118389
560188637
560258123
560328341
560398187
560468449
560538299
560609821
560680073
560749253
560819263
560890313
560960837
561032651
561103549
561173801
561244661
561314779
561386039
561457199
561526781
561596743
561666437
561737101
561806797
561877949
561948053
562016471
562086713
562156333
562227139
562297709
562369139
562438651
562508333
562578707
562649093
562719809
562791521
562863437
562932043
563002373
563072423
563143271
563214299
563284277
563354509
563425711
563494753
563566139
563637017
563706469
563777521
563847589
563917801
563988479
564058931
564129583
564200141
564271529
564342223
564413539
564484931
564555529
564626203
564695629
564766157
564836243
564906907
564977047
565047971
565117697
565187773
565259011
565328359
565400261
565470931
565541629
565612637
565683247
565754179
565823549
565895147
565965053
566035549
566106319
566177099
566247119
566318171
566388913
566459191
566530157
566600953
566670187
566741093
566813623
566884847
566954111
567024181
567093937
567165091
567236269
567307387
567378871
567448957
567519131
567590017
567661099
567730441
567800897
567873071
567943679
568013399
568083317
568153699
568224143
568294577
568364809
568436741
568507087
568576769
568647847
568719121
568790473
568861229
568931119
569000587
569071541
569142151
569213327
569283823
569355821
569425891
569496833
569566867
569637521
569708023
569780269
569850901
569923009
569993549
570063407
570134503
570204319
570275669
570346289
570417241
570489767
570559133
570630131
570700579
570771547
570842953
570913313
570983969
571055729
571124531
571196663
571268639
571339073
571408949
571480463
571550929
571621429
571691647
571762747
571834121
571904899
571975303
572047339
572117477
572187457
572259319
572329273
572398369
572469013
572539999
572610037
572682029
572753417
572824261
572894011
572965381
573035819
573106427
573177467
573248059
573318553
573389783
573459863
573530341
573600997
573671981
573743041
573813239
573884981
573955519
574026263
574097911
574168037
574239847
574311193
574382747
574453349
574524487
574595743
574667657
574736941
574807853
574878379
574948547
575018947
575090897
575161733
575232059
575303539
575374747
575445491
575515951
575586839
575657993
575729873
575800657
575871607
575942441
576013483
576085313
576156577
576226957
576297941
576368887
576439529
576509707
576580643
576650267
576721487
576790741
576861569
576933827
577004741
577076473
577147031
577217533
577287917
577359949
577430587
577501583
577573753
577643537
577715687
577785457
577857953
577927159
577999441
578071841
578143031
578213627
578283793
578354657
578424383
578495153
578566201
578638561
578709893
578781283
578852647
578923291
578994499
579065341
579136333
579206809
579277493
579346919
579416923
579487379
579559363
579630607
579702623
579773921
579845131
579915803
579986513
580058099
580130959
580200827
580271737
580341317
580413517
580484501
580555043
580625963
580697119
580767757
580837919
580909921
580981123
581054387
581125681
581195777
581266951
581338697
581410019
581480531
581551207
581620861
581690701
581762411
581834191
581905559
581978273
582049541
582120631
582192847
582261331
582332953
582403853
582474847
582545581
582615577
582687793
582758483
582829249
582899761
582970181
583041097
583112081
583184383
583255429
583327099
583397027
583467449
583537319
583608763
583679827
583750793
583822787
583893703
583964959
584036137
584108617
584180117
584251643
584323757
584395223
584466821
584537237
584608033
584679451
584750443
584821639
584893973
584965603
585036721
585107153
585179261
585249901
585321301
585393659
585463751
585534409
585604751
585675737
585746507
585819589
585890951
585962581
586035589
586106533
586178413
586248983
586319411
586390223
586462781
586533347
586603637
586674247
586745891
586816721
586888199
586959257
587031349
587102563
587174197
587245567
587317373
587387011
587459359
587529739
587600831
587672387
587744327
587815567
587887163
587958001
588030407
588102857
588173863
588246887
588316189
588387529
588458347
588530167
588603017
588675389
588746713
588817613
588888799
588959099
589028779
589100647
589171007
589241839
589312547
589384801
589455199
589526683
589598231
589669387
589741423
589812061
589881751
589952879
590023813
590094839
590166427
590237621
590307787
590379971
590452729
590522719
590593147
590665199
590735711
590808203
590878633
590948023
591019171
591090613
591161113
591232793
591303917
591375061
591446767
591518287
591589597
591660241
591731779
591801577
591872399
591944761
592015477
592088267
592158863
592229179
592301869
592372691
592443571
592515481
592588021
592660729
592731499
592803163
592874453
592946227
593016709
593088901
593161169
593234129
593306867
593378101
593447983
593519863
593590549
593662747
593734247
593806043
593876611
593946443
594017183
594087449
594158113
594230267
594302377
594373553
594444803
594516739
594588383
594659969
594729731
594802217
594873581
594945773
595017173
595088089
595159519
595229629
595301437
595371883
595444319
595515649
595587079
595657379
595728769
595798919
595870577
595940467
596012309
596082653
596153743
596225291
596296469
596367337
596439209
596510443
596582827
596653891
596724691
596796793
596868409
596939831
597010859
597081827
597153467
597224879
597295163
597367721
597439873
597512173
597585979
597655831
597727927
597799193
597870697
597942451
598014343
598085897
598158713
598229789
598302329
598373057
598444163
598517401
598587607
598658633
598730221
598801867
598872763
598944869
599016967
599087899
599159861
599232911
599304283
599374511
599446607
599519993
599590997
599662079
599734321
599806037
599878567
599948623
600020633
600092719
600163063
600233483
600304009
600376619
600447763
600519019
600591119
600662233
600734551
600806081
600876043
600947993
601019743
601091807
601163509
601234567
601307701
601378867
601449649
601520629
601591957
601663567
601733987
601805329
601878259
601950091
602023099
602093309
602165219
602237117
602308831
602379289
602450197
602521499
602594011
602665003
602736653
602808589
602879819
602951821
603023381
603093349
603165733
603237143
603308623
603379661
603450191
603523363
603594259
603665819
603736883
603807143
603879179
603949943
604020689
604091869
604162051
604234339
604306349
604377091
604448077
604519079
604591241
604663289
604734817
604806779
604878397
604951229
605023423
605095837
605166889
605239477
605311219
605382497
605454533
605527037
605598991
605671247
605742493
605816149
605887813
605959337
606030541
606101747
606172493
606243439
606317489
606389359
606460537
606532349
606603157
606674713
606745871
606817417
606889021
606961571
607033703
607104881
607176239
607248437
607319641
607391531
607463147
607535249
607606693
607678439
607750921
607821869
607894069
607964971
608036711
608107789
608179697
608250679
608322991
608393939
608465009
608537437
608609389
608682083
608753317
608825291
608897983
608969653
609041803
609114349
609186133
609257983
609330179
609401711
609472931
609544109
609615763
609688349
609759259
609831613
609902719
609974861
610046123
610118111
610190387
610261177
610332979
610403713
610474817
610546073
610618079
610690387
610763849
610834573
610907369
610978429
611050987
611122429
611194477
611267627
611339849
611412119
611482427
611553277
611625197
611697703
611770409
611842109
611913041
611985343
612057437
612129541
612200377
612271193
612341731
612413563
612484511
612555899
612628477
612699641
612773593
612844751
612915827
612985861
613058309
613128773
613200541
613271059
613343789
613415533
613486739
613558657
613633157
613703747
613775609
613847783
613918931
613992007
614063969
614136113
614207171
614279051
614350741
614423267
614495227
614567959
614640473
614712167
614781919
614852411
614925013
614996209
615067417
615138179
615209297
615282917
615354953
615427003
615498307
615569569
615640757
615713179
615784891
615857401
615929401
616000813
616074293
616146907
616218607
616289417
616362167
616433227
616504927
616577041
616647557
616719617
616792723
616865087
616936753
617008543
617081833
617154347
617226047
617298193
617369639
617443979
617517431
617590517
617661617
617734067
617805911
617877157
617948651
618021473
618093209
618164777
618236693
618308161
618379427
618451061
618521767
618593231
618664793
618737447
618810329
618882437
618954419
619026433
619098317
619171087
619242749
619314523
619385329
619456711
619528787
619599713
619671127
619742699
619814197
619884779
619958639
620031409
620102407
620174719
620247469
620319853
620391017
620461939
620533363
620604977
620678119
620749483
620819483
620891389
620964163
621036763
621109267
621181681
621253027
621324937
621396527
621468703
621540233
621611699
621683833
621755699
621827917
621899857
621973477
622044289
622115287
622186679
622259893
622332041
622403773
622475039
622548131
622619983
622691701
622763989
622836743
622908281
622981687
623052173
623123731
623195669
623269151
623340017
623410681
623482711
623553509
623626193
623698931
623771261
623843593
623915881
623987029
624057949
624129997
624201397
624272777
624344711
624416641
624488741
624559717
624632053
624704687
624775909
624848143
624918643
624990923
625062967
625135639
625208081
625280483
625352477
625425259
625496749
625568051
625639879
625710991
625783127
625856419
625929287
626001007
626072567
626144803
626216477
626289113
626361121
626433329
626504579
626574917
626646793
626718259
626790907
626862239
626934769
627006911
627078799
627150679
627222613
627294079
627365621
627436367
627508621
627579493
627651121
627722591
627794459
627866329
627937571
628008727
628080857
628153249
628225267
628297447
628370459
628442047
628514413
628585691
628658449
628729043
628799933
628872997
628945853
629017699
629089037
629160751
629232941
629304329
629376157
629448541
629520439
629591749
629664949
629738069
629810617
629882437
629953783
630025727
630097561
630169381
630241553
630312083
630383531
630455411
630528401
630600793
630673091
630745069
630818113
630890963
630962551
631035887
631108703
631179257
631250729
631322071
631393871
631464817
631536803
631608919
631680323
631753267
631825279
631896847
631968731
632040973
632113081
632185867
632255879
632328331
632400619
632473553
632545789
632619133
632691649
632763221
632835617
632907599
632980031
633051821
633123497
633195049
633267889
633340403
633413129
633486517
633558571
633630649
633702227
633774503
633846097
633917257
633989767
634061147
634132703
634204367
634277269
634348703
634421509
634493777
634566029
634637243
634709899
634782427
634854569
634926133
634996337
635069363
635141603
635214379
635286623
635359631
635430493
635503819
635574253
635646749
635718583
635789909
635860999
635932523
636003961
636075409
636148577
636219151
636290783
636363463
636436019
636507653
636580103
636652517
636724339
636796177
636868003
636940481
637011041
637083383
637155179
637227809
637299937
637370453
637442237
637513451
637585457
637658303
637730669
637803611
637875419
637947329
638019881
638090489
638163193
638234953
638307889
638379199
638450447
638523019
638595901
638667343
638740397
638812739
638885263
638956831
639029129
639101783
639172993
639244357
639316121
639389689
639461573
639533891
639605731
639677603
639749069
639820981
639894071
639967271
640037903
640109971
640182113
640252441
640324229
640396417
640468333
640541221
640612319
640684073
640756681
640828061
640900277
640972253
641044003
641116097
641188987
641261239
641333501
641404493
641475827
641547419
641619193
641691803
641763943
641835973
641909197
641982031
642054991
642127001
642199879
642270913
642342461
642414769
642487691
642558769
642630449
642703181
642776051
642848957
642920147
642991637
643063261
643135583
643208393
643281007
643353241
643425901
643499501
643569733
643642079
643714909
643786621
643857917
643930961
644002637
644075917
644148229
644220439
644292757
644365751
644437747
644510161
644583593
644655301
644725891
644799359
644871683
644943487
645015937
645087019
645159733
645232649
645304327
645376331
645447511
645518017
645588997
645661339
645733087
645805603
645876923
645949607
646021681
646092649
646164907
646237979
646310809
646382557
646453579
646525703
646597201
646668689
646741283
646814461
646887841
646959629
647031821
647102663
647174533
647246591
647318491
647390789
647462483
647534347
647607271
647678219
647750197
647822459
647894581
647965561
648038063
648111671
648183629
648254851
648327461
648399181
648470033
648543241
648614641
648686341
648759557
648832469
648904343
648976583
649048019
649120777
649193173
649264387
649336841
649409107
649481743
649552213
649624721
649696121
649769303
649840943
649913353
649985741
650057077
650128277
650200583
650271907
650344003
650416337
650487283
650559817
650631853
650703871
650774741
650847433
650920513
650992259
651064159
651136819
651208669
651279971
651351721
651423467
651496709
651570047
651641429
651713863
651786197
651859319
651931307
652003801
652075009
652147187
652219693
652292237
652365397
652438231
652510043
652581311
652652747
652724603
652796093
652868417
652940623
653012411
653086211
653157667
653229881
653302121
653374537
653446331
653518529
653590547
653662501
653734087
653805379
653877313
653948923
654020581
654091859
654163007
654235787
654308077
654379889
654453577
654525749
654597401
654669641
654742031
654814397
654887293
654960893
655031917
655104293
655177337
655248149
655320587
655393931
655465981
655537733
655610513
655684633
655756459
655827869
655899289
655971863
656042389
656113903
656186563
656258843
656329757
656402377
656475761
656548069
656620037
656691403
656762713
656835631
656906681
656978317
657051251
657123749
657195509
657267157
657338879
657410591
657483059
657554749
657626117
657699113
657770759
657841603
657914827
657987221
658060483
658131871
658205407
658276181
658348463
658421111
658493461
658566151
658637383
658710193
658783487
658856221
658926683
658997851
659070743
659142403
659213617
659284631
659356463
659429053
659500613
659574329
659645689
659717243
659789519
659860801
659933993
660006433
660078547
660149587
660222821
660294473
660367171
660438749
660510797
660583039
660655001
660726883
660799001
660870929
660942827
661015001
661086017
661157911
661230719
661303283
661374541
661447343
661518787
661589783
661661513
661733999
661807303
661879859
661951679
662023273
662094967
662167591
662238529
662311337
662383499
662454853
662527007
662599451
662672203
662743423
662815411
662887571
662960567
663033883
663106627
663177709
663250031
663321233
663393217
663466337
663538189
663609673
663682021
663753451
663826283
663897901
663969071
664041737
664113679
664186829
664258159
664329811
664401853
664475843
664547539
664618949
664692191
664765207
664838219
664911503
664983661
665055073
665126087
665197727
665269261
665342939
665415313
665487919
665559157
665631767
665702161
665774401
665848357
665919197
665990719
666064099
666136819
666208349
666280193
666353101
666424819
666497417
666569377
666641501
666713081
666784873
666857137
666929867
667000979
667073969
667146377
667217797
667289669
667362643
667434133
667505177
667577381
667649363
667722967
667795333
667868417
667941793
668014057
668085443
668158787
668230097
668301371
668373613
668445047
668516567
668589517
668661659
668733977
668806549
668879543
668951489
669024119
669095923
669169063
669240907
669311887
669384887
669456937
669529349
669601843
669673289
669745913
669818483
669890101
669963053
670034951
670106443
670177147
670248641
670320737
670393403
670466227
670538677
670609327
670682561
670754237
670826279
670898101
670970137
671040817
671114303
671185841
671258009
671330669
671402617
671476231
671548543
671621303
671693917
671765819
671837857
671910619
671982203
672054241
672126073
672199433
672272401
672344851
672417301
672488723
672560527
672631283
672702803
672774533
672846353
672919061
672989831
673061527
673133639
673205873
673277861
673350281
673422557
673495013
673566869
673639559
673711517
673782973
673856471
673928329
674000381
674072767
674144711
674217953
674291083
674363077
674436401
674507423
674578651
674649977
674723513
674795273
674867477
674939443
675011837
675084107
675157201
675229109
675301889
675374179
675446683
675519067
675590527
675662381
675734749
675807911
675880267
675952807
676024231
676096469
676168127
676240547
676313087
676386127
676458019
676529923
676601719
676674821
676747069
676818787
676891429
676963741
677036123
677108671
677180221
677253029
677325953
677397923
677470771
677543203
677615503
677687557
677759437
677830157
677903069
677975563
678047597
678118201
678190439
678261659
678334693
678406901
678478813
678551149
678621959
678695417
678767813
678840557
678911741
678983971
679055723
679127171
679199069
679271867
679343011
679416779
679486933
679560181
679633027
679704049
679775867
679847141
679919489
679990991
680064443
680137123
680210417
680281957
680352851
680425409
680497201
680570887
680643839
680716979
680788907
680860813
680933401
681006637
681077237
681148757
681220999
681293909
681366317
681438713
681510989
681581473
681654209
681727271
681799451
681871243
681943279
682015703
682088591
682159559
682233949
682306997
682378841
682450999
682521379
682594273
682666367
682737967
682811513
682884427
682957091
683029447
683101007
683174017
683245879
683317891
683390657
683462369
683533777
683606291
683677537
683750101
683822669
683894369
683965669
684036559
684108421
684180979
684253067
684326099
684398059
684470273
684542087
684613723
684685549
684758447
684830203
684902551
684973307
685044421
685116067
685187933
685261301
685333877
685405661
685477759
685549577
685621537
685692983
685765163
685836647
685909229
685980847
686052923
686125483
686197427
686267969
686339957
686413121
686485123
686557169
686629169
686701229
686772187
686844247
686916661
686987383
687060379
687131897
687205691
687276077
687348287
687420973
687492809
687564953
687636329
687708709
687781499
687853739
687927137
687999773
688070863
688142953
688213571
688284851
688357559
688430167
688503097
688573937
688646851
688718867
688791163
688864489
688936837
689007281
689079767
689151851
689223113
689294791
689366449
689438929
689511359
689583281
689656147
689727589
689798731
689870429
689943253
690015181
690086269
690158303
690230609
690303749
690374849
690446023
690518047
690590389
690662309
690734153
690806143
690878501
690949643
691022369
691093391
691166521
691237577
691309441
691381567
691453943
691525001
691597483
691668667
691741847
691814873
691887467
691961077
692033249
692104759
692176481
692248699
692319493
692392709
692464931
692537077
692610593
692682013
692754661
692826509
692899237
692972569
693045709
693117379
693190577
693262931
693335779
693408451
693480043
693552521
693623629
693695881
693766951
693840821
693913007
693983831
694055707
694126621
694199039
694272451
694344491
694416673
694488139
694559963
694631617
694702847
694774231
694845397
694917611
694989233
695062201
695133883
695206859
695278237
695349659
695421107
695493811
695564819
695637143
695709019
695780881
695852083
695924149
695996827
696068083
696139559
696211751
696283459
696356851
696429263
696501263
696574783
696646829
696718367
696789839
696862667
696933911
697006319
697078477
697151509
697223129
697295639
697369139
697441333
697514431
697585687
697657847
697731467
697803401
697875523
697946471
698018281
698090947
698163967
698235961
698308981
698381933
698453869
698526109
698597747
698668757
698740723
698812321
698886259
698959249
699029939
699101483
699173483
699245663
699317947
699389633
699462587
699536209
699607879
699679051
699751873
699822803
699895387
699967633
700040227
700111717
700183657
700256131
700327877
700399769
700472263
700543937
700616549
700689499
700761749
700834291
700905787
700977749
701048981
701121383
701193319
701264491
701336081
701407673
701480671
701552381
701624233
701696173
701768371
701840369
701912111
701985601
702056401
702128767
702200489
702272587
702344333
702416381
702488593
702559973
702631933
702704971
702776863
702848933
702920899
702993859
703066261
703138243
703209181
703282319
703355231
703427149
703498801
703569989
703643407
703715477
703789043
703860097
703931029
704003413
704076577
704148241
704219119
704291347
704364061
704435701
704505707
704577229
704649563
704722639
704795437
704869603
704941837
705013117
705084901
705156737
705228793
705301913
705375071
705446843
705518141
705588749
705660541
705731783
705805343
705878227
705950867
706023443
706095737
706167467
706240181
706311349
706383737
706456183
706527571
706598351
706671529
706743041
706815073
706888297
706960273
707031587
707103479
707175943
707246887
707319979
707391733
707464453
707536429
707608399
707679283
707752457
707824853
707896393
707968363
708040919
708112423
708184067
708256123
708327749
708399541
708470701
708543191
708616021
708687919
708761089
708832247
708905731
708978113
709048559
709120681
709193081
709263479
709335401
709408391
709480921
709551841
709623427
709695841
709769293
709842317
709913887
709985519
710058407
710131307
710203537
710275261
710347447
710419729
710491181
710564839
710635879
710708963
710781283
710853659
710925797
710997713
711068417
711140953
711212423
711285031
711356363
711429127
711500137
711573053
711644189
711716689
711789821
711862421
711934739
712005727
712077901
712149209
712220011
712292863
712364503
712435453
712507793
712579729
712651333
712724879
712796753
712870289
712941673
713012851
713084441
713156083
713228017
713301107
713373811
713445371
713517113
713589803
713662139
713734391
713805691
713879321
713951351
714023677
714095357
714167087
714238829
714311467
714383063
714455501
714527483
714600973
714673919
714746477
714819257
714890203
714961999
715034269
715107707
715179793
715252469
715324837
715396523
715468067
715539739
715612673
715685063
715757551
715829113
715902179
715974121
716046043
716119021
716191433
716263259
716335079
716407189
716479171
716551091
716623723
716696713
716768047
716840153
716911831
716983237
717055021
717126923
717199321
717271787
717343553
717415141
717487399
717559487
717633011
717705013
717775403
717847357
717918671
717991049
718062937
718134091
718206877
718279909
718351553
718422833
718495709
718568899
718640647
718711769
718783711
718858211
718929859
719001793
719073227
719145023
719215897
719288357
719359099
719432143
719503703
719575253
719648317
719720717
719792057
719864083
719937511
720010427
720083479
720154319
720226993
720299341
720371233
720442127
720512693
720584591
720654911
720727841
720800669
720871897
720944047
721016911
721087907
721160647
721232737
721305089
721377539
721450441
721521401
721593947
721664677
721736597
721808837
721880993
721953413
722025559
722097179
722168893
722240843
722313659
722385023
722457521
722528803
722600587
722670593
722743633
722815433
722887597
722961331
723032363
723104461
723175273
723246749
723318389
723391511
723463729
723535303
723607763
723679589
723751937
723823511
723895397
723966983
724039583
724111331
724184393
724254989
724327567
724400227
724470811
724543951
724615439
724687247
724759177
724830199
724901323
724973827
725047969
725120267
725194061
725265757
725337427
725409623
725481961
725553329
725624771
725697067
725768711
725841437
725914333
725986031
726058477
726130409
726202699
726274403
726344557
726417851
726490459
726561809
726635263
726708539
726780167
726853583
726924613
726997181
727068697
727139573
727210787
727283327
727354729
727425421
727497619
727569049
727641403
727713409
727786313
727857607
727928881
728001811
728073883
728145997
728217533
728290567
728362097
728434957
728506613
728578559
728651009
728722277
728794817
728867563
728940011
729013321
729086779
729159623
729231509
729302351
729374881
729447073
729519823
729592573
729664787
729737171
729808489
729880369
729953011
730025453
730097909
730169459
730241641
730314887
730387481
730459463
730533311
730604233
730676263
730748353
730819567
730890647
730962499
731034433
731105917
731177663
731249047
731320439
731392489
731464813
731537581
731611633
731683679
731755247
731826869
731898071
731970523
732043883
732115669
732186647
732258011
732330383
732402119
732474577
732547063
732619003
732692399
732765013
732836941
732908599
732980543
733052503
733123819
733195373
733266953
733338443
733411253
733483097
733555631
733627459
733701457
733773017
733845509
733917923
733988111
734061269
734133893
734205187
734276057
734349787
734421353
734493217
734565709
734637931
734710423
734782417
734854453
734926121
734998867
735069833
735142501
735213553
735285877
735357787
735430721
735503789
735575551
735645623
735718409
735790007
735862489
735935413
736006111
736077491
736149787
736221911
736294579
736366009
736439579
736511719
736583681
736654861
736726369
736798873
736871011
736943813
737015249
737087573
737158621
737230981
737301661
737374753
737446561
737519197
737591399
737664023
737735707
737807797
737880037
737953351
738023711
738095609
738167929
738239903
738311137
738383159
738455261
738528389
738599857
738672647
738743669
738814273
738887153
738958943
739030829
739103941
739176103
739247909
739319969
739390963
739462567
739534717
739606697
739678327
739750471
739822339
739893659
739965689
740037197
740109863
740181251
740253289
740326043
740397613
740468749
740540953
740612863
740685551
740756843
740828027
740900393
740972059
741043741
741116897
741188249
741259063
741330721
741401663
741472631
741543997
741616103
741689171
741760801
741832103
741904433
741976691
742048141
742120879
742192403
742263967
742335431
742407551
742479817
742551169
742623881
742695913
742768841
742841273
742913113
742984427
743057773
743130079
743202721
743275807
743347289
743419169
743491097
743563571
743635027
743706967
743780249
743852957
743925121
743996419
744069167
744140773
744212251
744284309
744356323
744428459
744500609
744573391
744644939
744716299
744788741
744861379
744933071
745004303
745076873
745148683
745222853
745294439
745366967
745437701
745509689
745582219
745654337
745726679
745798343
745870781
745943183
746015323
746087207
746159543
746231879
746302573
746376073
746448817
746520427
746592823
746664559
746737531
746809237
746882581
746954869
747027133
747099053
747171769
747243881
747314563
747387899
747459149
747531217
747602599
747674953
747746509
747818353
747890347
747961777
748034137
748106497
748177783
748249189
748321229
748393577
748466431
748537949
748611187
748684273
748756711
748828763
748901801
748974841
749046607
749117329
749190307
749261431
749333483
749405263
749478511
749550881
749621849
749693911
749765381
749837047
749908871
749980261
750052859
750125251
750198469
750270253
750342793
750413927
750486287
750556843
750630527
750702097
750773447
750845357
750917941
750991537
751062727
751134389
751207321
751279873
751351099
751423201
751495709
751568327
751640191
751711517
751782589
751853897
751926751
751998487
752070107
752142571
752213851
752286319
752356991
752427647
752500433
752572229
752644391
752717569
752788963
752860627
752933627
753006521
753078653
753150199
753222677
753294583
753366527
753438557
753510827
753583427
753655381
753729001
753800447
753873199
753945757
754018207
754090423
754161959
754234703
754306589
754378789
754449757
754522259
754593557
754665841
754736393
754808777
754880881
754953313
755024597
755097433
755169319
755240293
755310139
755382293
755453863
755525663
755596213
755667937
755739643
755811151
755882047
755954483
756026263
756098611
756169789
756242257
756313291
756386101
756457379
756530389
756601861
756673669
756746191
756819113
756889993
756963593
757034813
757106731
757179233
757251059
757323929
757395857
757466867
757538567
757610603
757683191
757756217
757829203
757900721
757972001
758043929
758117947
758190119
758263159
758334991
758407511
758479357
758550613
758622419
758695661
758769463
758841929
758913893
758985053
759056689
759128113
759199943
759272933
759343973
759414949
759487013
759558727
759631261
759703591
759774689
759847447
759918517
759990697
760062931
760134589
760206371
760279711
760351649
760423229
760495259
760566853
760639283
760710959
760784107
760856017
760928281
760999259
761070509
761143763
761215787
761288453
761359897
761431471
761503163
761574557
761645539
761717119
761789309
761861699
761934227
762005789
762076873
762149119
762220051
762292439
762363781
762434957
762507077
762579241
762651959
762723449
762794581
762866119
762937639
763010299
763082261
763153847
763228387
763300883
763373207
763444039
763516879
763589513
763661453
763733813
763805821
763878163
763950931
764023657
764095793
764167721
764241067
764311747
764384623
764456873
764528917
764601899
764674579
764746243
764818669
764889793
764962351
765035351
765107353
765179081
765251173
765324739
765395971
765468793
765541937
765612643
765685139
765757169
765829279
765900997
765973697
766045661
766117567
766189651
766260631
766333223
766406321
766479271
766550767
766623349
766695047
766766821
766838407
766910819
766982717
767054293
767125217
767197451
767268097
767341651
767412817
767485309
767556773
767628283
767700691
767772521
767844619
767916509
767987569
768060043
768131603
768203867
768277273
768349093
768420397
768491701
768563153
768635267
768707801
768778039
768850609
768921943
768994669
769065833
769137713
769210159
769281941
769353203
769426037
769498313
769569701
769640867
769712483
769784117
769855397
769927307
770000477
770071193
770143349
770215177
770287741
770358713
770432557
770503501
770575811
770646647
770719343
770791771
770864359
770935787
771006827
771078839
771150763
771223001
771295279
771366017
771438509
771510419
771582557
771652907
771725653
771798353
771871291
771942499
772013519
772085819
772157537
772229609
772301489
772373479
772445029
772515967
772588237
772659157
772730939
772802389
772875349
772948577
773021443
773093047
773164451
773237771
773310379
773382739
773455253
773526577
773598389
773671363
773743709
773815541
773888249
773959517
774030781
774102551
774175559
774246667
774319549
774391213
774463691
774535309
774607723
774679973
774752233
774823607
774894823
774967577
775038577
775109417
775180613
775252183
775323911
775396073
775468511
775541111
775614247
775686203
775760597
775832647
775905521
775976899
776047651
776120689
776192419
776264861
776338891
776411059
776482393
776554661
776627161
776698633
776772287
776843521
776914141
776986061
777058453
777129629
777201787
777273899
777345403
777416083
777487933
777559799
777631889
777703253
777774617
777847703
777919799
777992519
778063673
778136147
778208461
778281017
778352581
778424071
778497301
778569761
778642471
778713479
778785479
778857301
778930687
779001913
779073539
779145397
779216887
779290543
779363621
779435039
779506619
779579419
779650951
779723137
779794853
779866391
779936669
780009889
780081649
780154261
780224689
780295883
780369493
780442129
780514117
780586421
780657749
780729959
780801097
780873829
780945019
781017277
781090111
781160837
781233169
781304401
781376161
781445879
781518149
781590461
781663609
781737127
781808627
781880909
781952341
782024303
782095439
782167361
782240671
782311723
782383417
782455493
782527363
782600759
782672003
782743069
782815223
782887177
782958727
783030779
783101797
783173683
783246271
783317791
783389473
783460849
783534049
783606287
783677369
783748717
783821683
783892787
783964613
784036439
784108453
784180393
784252793
784325869
784397753
784469963
784543181
784614983
784686341
784758341
784829651
784900927
784972561
785044201
785115907
785188457
785259731
785331763
785404927
785477647
785550391
785621099
785692301
785764003
785835623
785907281
785978327
786051349
786123167
786194447
786266267
786337991
786409523
786481417
786553561
786625909
786698483
786770143
786841397
786914501
786987197
787058273
787130299
787203073
787275227
787347611
787419929
787493039
787565179
787636351
787709009
787781383
787853441
787925123
787998023
788069857
788141119
788213897
788286571
788358299
788430901
788503589
788575607
788647469
788717707
788788961
788861147
788931953
789004501
789075943
789147461
789218867
789290933
789362389
789434383
789506849
789579613
789651113
789722431
789794209
789865163
789937163
790008431
790080091
790153003
790224739
790297993
790368893
790441151
790511803
790583219
790655639
790725863
790798321
790870741
790943729
791015867
791087189
791160299
791231101
791302999
791376323
791447857
791519777
791592083
791664989
791736457
791809199
791880631
791951819
792024007
792097459
792169453
792241753
792313961
792384667
792458287
792529187
792601157
792673073
792745391
792817243
792890233
792960691
793032727
793104881
793176661
793249519
793322423
793395409
793467989
793541093
793612453
793681991
793754033
793825807
793896757
793968937
794041679
794113399
794186357
794258081
794329759
794401771
794473397
794546551
794619041
794690947
794763667
794836963
794910841
794982031
795053257
795123613
795196861
795269161
795341429
795412517
795484253
795555931
795628019
795701519
795773917
795845059
795916769
795988691
796061083
796132283
796205497
796278047
796350407
796421623
796493543
796565741
796637837
796710097
796781417
796852751
796924043
796996643
797067611
797139293
797210693
797282641
797354093
797426207
797498041
797570203
797641409
797714023
797785631
797856581
797928721
798000871
798072593
798145063
798216907
798287117
798357829
798429847
798501799
798572981
798645313
798717373
798788143
798861883
798934519
799007329
799080817
799152413
799224737
799297673
799370333
799444343
799517221
799589477
799661659
799734209
799805429
799877501
799950743
800022079
800094271
800165467
800236807
800310733
800381587
800453257
800526347
800598727
800671591
800741831
800814061
800886241
800958359
801030299
801103477
801174679
801244121
801315901
801388309
801460669
801531217
801603317
801675991
801748771
801821599
801892829
801966043
802038491
802109953
802181507
802252597
802326289
802398301
802471097
802543561
802616783
802688429
802760813
802833599
802905023
802977853
803050579
803123249
803194541
803266943
803338721
803410639
803482063
803555029
803626991
803698999
803770973
803843371
803917031
803989441
804061211
804132937
804204439
804275897
804348473
804418627
804491789
804563297
804634517
804706351
804778123
804849203
804921349
804992327
805064297
805135339
805208597
805280921
805353317
805424401
805496893
805568527
805640179
805711867
805783841
805856717
805928603
806001751
806072557
806143781
806215231
806288443
806358809
806430293
806503277
806574203
806646419
806718467
806791409
806862829
806935307
807008011
807078721
807151783
807222571
807294791
807366341
807438571
807511603
807584699
807657133
807729851
807802027
807874369
807946147
808016701
808089641
808162889
808234351
808306399
808378297
808450217
808523333
808594643
808666099
808738487
808810991
808883641
808954591
809027171
809098513
809170559
809242957
809314609
809386087
809456443
809528917
809600147
809674153
809746477
809818843
809890577
809962691
810036257
810108373
810179243
810250081
810322433
810393979
810466187
810539687
810610817
810684233
810755417
810826909
810898139
810969697
811042097
811114819
811186423
811258897
811331441
811404131
811475473
811548347
811621619
811693639
811764787
811838243
811910839
811983941
812056351
812128253
812200531
812272379
812344081
812415563
812488181
812560877
812634023
812706953
812779493
812851139
812922937
812994569
813066383
813137779
813209981
813281881
813354653
813427711
813500203
813573773
813645331
813715333
813787277
813860849
813933793
814005583
814078063
814151087
814222319
814294241
814367557
814438259
814509133
814581613
814654033
814725451
814797371
814869901
814941781
815013649
815086421
815160253
815232623
815304221
815376547
815447371
815519483
815591221
815661761
815733979
815805283
815877061
815949317
816021397
816094183
816165839
816237469
816310049
816382417
816454417
816526351
816598241
816670583
816743237
816813979
816886547
816957671
817029091
817100923
817173713
817243747
817316081
817389113
817462049
817534453
817606529
817678619
817749593
817822309
817894681
817967539
818039759
818111029
818183851
818257903
818330287
818402527
818474317
818546527
818618639
818691169
818762377
818834491
818905553
818978579
819050257
819123209
819196309
819268493
819340999
819414091
819485507
819557129
819629227
819700061
819772531
819845911
819917629
819989983
820062823
820135319
820206901
820278629
820350901
820424453
820495853
820566317
820638449
820711477
820783091
820855201
820926713
820997693
821068931
821141771
821215273
821287781
821361181
821432387
821505143
821577443
821649659
821723519
821794409
821866739
821939021
822010999
822085087
822157307
822230401
822302447
822373061
822444599
822514531
822586669
822659083
822732439
822805213
822877519
822949469
823022227
823094851
823167067
823238503
823311817
823382873
823454473
823527149
823598089
823669933
823743079
823814051
823886573
823959527
824030927
824103487
824175761
824249149
824321969
824394341
824466803
824539033
824610691
824683697
824757331
824830057
824902723
824974207
825046351
825118607
825190657
825261517
825334057
825405611
825478067
825550571
825623129
825695081
825766853
825838219
825911843
825983833
826056461
826127921
826200649
826272899
826345033
826417063
826488367
826560551
826633499
826705441
826776943
826850543
826922461
826994803
827066347
827139431
827211901
827284391
827354881
827426939
827498839
827572441
827644591
827716489
827789401
827862929
827935457
828007307
828079157
828151867
828223367
828294373
828367087
828439111
828510539
828582259
828654751
828728107
828800341
828872591
828945121
829017109
829088573
829160219
829232461
829304383
829376591
829448219
829520621
829593917
829666441
829739167
829811711
829883969
829956697
830028649
830101199
830173297
830246047
830317849
830389601
830461453
830532863
830604433
830676397
830748857
830821429
830895049
830967601
831040909
831112187
831184297
831255419
831326941
831399887
831473011
831545713
831617471
831691111
831763799
831836059
831908173
831980089
832051813
832123937
832196251
832267927
832341353
832413469
832485751
832558099
832630363
832703309
832775137
832845641
832919147
832990321
833062697
833134381
833207483
833280971
833352697
833424733
833495723
833567201
833638301
833710711
833783609
833855809
833929099
834000809
834072919
834144671
834218857
834291079
834362647
834434819
834505663
834577703
834650591
834721249
834793933
834865877
834938477
835011241
835084193
835157287
835228577
835300001
835372453
835444417
835517407
835589561
835662767
835734451
835806757
835879489
835952077
836025217
836096543
836168521
836241127
836313293
836387113
836459387
836530699
836602801
836673671
836745779
836819371
836892083
836964907
837037049
837109279
837182393
837255047
837327509
837399569
837471461
837543899
837615593
837688139
837759311
837831887
837904901
837975571
838047989
838118651
838190383
838261199
838334317
838407733
838478077
838550759
838623713
838695643
838769377
838840927
838915057
838987817
839060491
839133133
839205373
839278213
839350921
839422613
839493937
839566177
839638907
839709149
839781197
839854667
839927441
839998561
840071093
840143599
840215479
840288017
840360769
840432611
840503407
840576743
840648899
840721559
840794719
840866267
840938311
841010561
841083563
841156171
841228771
841302659
841376629
841448929
841521251
841592447
841664497
841735861
841808101
841879471
841951529
842024783
842096327
842167999
842240101
842313499
842385521
842458531
842531743
842603389
842675579
842747111
842818679
842889449
842962223
843035273
843106897
843178849
843251203
843322411
843393847
843466087
843538849
843610571
843683473
843756013
843827773
843901427
843973601
844046669
844119373
844192231
844264441
844337191
844409861
844481587
844555307
844627793
844700797
844773439
844845289
844917169
844989611
845060807
845133701
845206027
845278453
845351623
845425241
845497403
845569883
845641781
845713871
845785729
845858263
845931137
846002089
846075583
846147661
846220769
846292553
846364621
846437797
846510103
846581353
846655807
846728137
846801191
846874097
846946277
847018517
847091389
847164581
847236451
847309543
847382447
847454477
847527479
847599007
847670717
847743679
847816709
847889249
847961897
848034491
848107811
848180497
848252687
848326019
848397317
848469367
848541259
848612041
848684519
848754421
848826571
848899351
848971171
849042791
849115009
849187897
849261899
849334303
849406769
849480001
849552229
849624247
849697721
849767981
849839663
849911137
849984029
850056689
850129037
850201747
850274617
850348397
850420939
850493417
850565129
850638127
850711369
850783211
850854559
850928821
851000789
851072737
851145523
851217151
851290567
851362717
851435381
851505953
851578771
851651531
851724217
851797487
851870471
851943637
852016247
852089071
852160601
852231883
852305011
852378341
852450671
852523247
852594929
852668317
852741103
852813497
852885893
852957601
853031369
853103753
853177201
853248841
853321583
853392779
853464397
853536643
853608377
853680679
853753253
853824821
853898203
853971721
854042261
854115187
854187281
854259223
854333237
854406127
854478461
854551199
854624167
854696807
854768207
854840431
854912029
854983639
855057079
855130229
855202151
855274549
855348239
855420143
855492283
855563801
855636637
855709609
855781669
855853703
855925591
855998183
856069993
856142213
856216321
856288739
856361243
856433891
856507901
856580129
856651571
856724669
856796477
856869157
856942433
857014783
857087927
857161637
857234117
857306873
857378381
857451449
857523967
857597761
857669497
857741407
857813189
857884673
857957059
858029617
858102901
858174859
858248123
858320017
858393259
858465319
858538019
858610603
858682883
858754277
858826453
858898583
858972383
859044727
859119073
859193051
859264499
859336631
859409791
859483111
859555777
859630099
859702489
859775107
859848331
859920889
859993223
860065379
860137723
860210401
860284553
860357933
860429393
860501459
860573873
860646931
860721083
860793047
860866717
860938817
861010877
861083603
861155693
861229063
861303083
861375497
861447737
861519053
861592049
861662903
861735107
861809209
861882499
861955049
862027031
862099213
862172999
862244687
862317149
862388743
862462259
862535447
862608191
862680031
862751833
862824667
862898117
862970401
863043659
863115697
863187361
863259359
863334397
863407943
863479399
863551109
863623561
863696731
863770043
863841899
863914253
863986369
864059551
864131857
864203939
864275537
864349067
864421099
864492301
864564839
864636379
864707929
864781759
864854873
864927667
865000907
865073549
865145441
865217767
865290067
865361759
865433563
865506659
865579399
865651387
865725587
865798019
865870847
865943993
866018003
866090171
866163307
866236691
866309669
866382703
866454697
866528087
866600957
866672999
866745563
866817661
866889577
866962867
867035369
867107411
867178801
867251951
867324163
867396007
867468179
867540329
867611599
867686213
867757733
867831773
867903587
867975323
868048171
868120411
868194049
868267951
868340849
868413739
868486051
868558429
868631051
868703833
868776439
868849067
868919869
868992583
869065783
869139589
869212691
869284909
869358011
869429777
869503291
869577157
869648371
869720707
869792701
869865317
869937181
870010189
870082877
870154529
870227311
870300461
870372733
870445229
870517771
870590197
870663499
870736187
870808327
870880741
870953869
871027681
871099751
871174049
871246303
871320101
871393807
871466591
871539169
871611599
871684091
871757521
871830731
871902277
871973881
872047067
872119223
872191841
872263373
872337247
872409991
872484397
872556983
872630513
872703037
872774879
872847499
872919323
872991773
873063487
873135611
873208313
873281707
873353081
873425831
873498959
873570899
873643571
873718283
873790537
873862859
873935399
874008803
874081987
874155251
874227547
874301149
874372999
874446059
874518079
874591009
874663241
874736843
874808017
874878493
874952059
875025121
875098717
875170811
875245373
875317567
875390123
875463289
875536247
875610887
875682953
875756653
875829527
875900807
875974291
876046459
876121303
876193183
876267349
876340919
876413599
876486029
876558433
876631421
876704417
876777241
876849581
876923081
876996181
877068901
877142933
877215917
877288259
877361477
877435799
877508459
877580791
877652911
877725263
877798771
877871083
877945097
878018003
878089727
878161981
878235557
878308271
878380357
878453717
878525821
878598823
878671487
878743363
878815937
878888749
878961379
879033301
879106141
879179699
879252679
879324223
879397969
879470819
879544153
879616883
879688451
879761833
879834173
879906949
879979939
880053599
880125773
880198481
880272047
880345787
880418701
880490983
880566397
880638643
880711399
880785463
880858579
880931197
881004031
881076649
881149531
881221951
881294969
881367203
881440387
881512727
881585281
881657263
881730769
881803061
881876701
881950049
882023477
882095369
882168293
882242107
882314551
882386711
882459463
882532307
882605011
882677153
882749597
882821729
882894401
882967873
883040297
883112701
883186663
883259833
883332701
883405993
883478623
883552451
883626209
883698481
883771583
883843313
883916387
883989577
884062099
884134631
884209133
884281381
884354479
884425621
884498663
884571511
884644471
884718187
884790713
884865173
884938499
885011207
885085067
885158291
885230891
885303829
885377749
885451241
885525233
885597319
885670327
885743959
885816301
885889909
885962351
886034417
886107839
886181323
886253611
886326557
886399733
886471741
886544629
886615577
886689649
886762531
886836089
886908937
886982597
887055419
887128133
887200843
887274683
887348389
887419717
887492231
887565191
887638951
887711233
887782453
887854369
887927587
888000221
888073321
888146447
888218579
888292303
888365839
888438401
888511999
888584467
888657431
888730907
888803239
888875321
888949553
889022741
889095437
889169053
889241359
889314409
889387633
889461409
889535261
889608701
889681301
889755287
889827941
889902127
889973563
890045243
890118029
890190883
890263729
890336989
890409979
890482451
890555177
890628467
890701733
890775833
890848681
890922353
890994991
891068147
891141443
891214547
891288329
891361943
891434429
891508249
891581749
891655043
891728521
891802447
891876617
891948641
892021211
892093597
892167923
892240507
892314419
892386997
892459991
892532573
892604711
892677557
892749547
892822087
892893829
892967237
893040377
893112653
893185633
893257487
893331073
893403031
893475553
893549807
893622553
893695483
893768611
893842051
893915353
893988917
894061801
894134491
894207161
894279929
894353567
894426821
894499933
894572417
894646411
894719279
894792341
894864847
894938467
895012337
895086587
895159649
895232287
895305071
895378171
895451987
895525369
895597733
895671551
895745171
895817641
895890887
895963261
896036441
896110543
896183851
896256811
896330107
896403617
896476687
896548501
896622599
896695973
896769409
896842937
896915069
896988419
897061777
897134593
897207937
897281069
897353801
897427403
897502127
897574693
897647089
897720407
897792671
897865799
897939787
898012909
898086473
898159357
898232483
898306067
898377749
898450271
898523149
898597177
898670909
898744081
898818139
898892101
898964357
899036711
899110813
899183741
899256983
899329741
899402599
899476009
899549731
899622653
899696207
899770031
899844307
899918479
899989933
900063049
900136637
900209663
900282917
900355381
900428119
900499729
900572867
900645761
900719773
900792511
900865423
900938569
901010237
901082737
901156513
901229971
901302461
901375967
901448927
901522781
901595927
901668587
901741697
901814701
901887491
901960243
902034761
902108497
902181829
902256361
902329807
902403133
902476903
902550163
902623951
902697881
902772341
902844977
902918873
902992771
903065773
903138541
903211367
903283471
903355721
903427801
903501223
903575831
903648391
903721523
903794629
903868169
903940721
904014911
904088351
904161953
904234127
904307023
904379639
904452739
904527607
904603937
904676209
904750843
904824317
904897417
904971433
905045159
905116609
905189009
905261923
905334713
905407819
905480441
905552183
905626067
905699713
905772653
905846069
905918677
905992817
906065339
906138257
906212357
906286631
906359851
906432763
906505363
906578117
906650963
906724277
906797329
906870583
906942521
907015481
907088659
907160741
907234963
907308559
907381331
907455011
907527833
907601207
907673731
907746881
907820293
907893167
907966789
908040811
908113153
908187697
908262059
908335609
908408143
908481803
908554373
908628709
908701597
908774543
908848183
908922851
908995753
909068233
909139853
909213223
909284329
909357893
909430843
909503447
909577261
909650197
909723187
909797351
909871351
909943631
910015531
910088479
910161061
910234747
910309303
910383223
910455901
910528571
910603007
910676729
910748759
910821917
910895603
910968529
911040901
911115173
911188657
911261563
911335553
911407891
911481013
911554421
911627903
911700737
911774233
911847779
911919329
911993023
912065779
912138889
912211693
912286127
912358921
912433411
912506797
912579293
912650867
912724217
912797819
912870797
912943417
913016053
913090117
913164859
913240103
913313629
913387907
913462009
913534169
913607711
913680503
913754353
913829641
913902709
913976351
914049263
914122639
914195021
914267771
914342419
914415659
914488097
914560939
914633659
914708143
914781167
914854399
914927863
915000631
915074299
915146717
915221257
915294719
915367979
915441343
915515401
915588127
915661189
915735157
915808099
915880879
915955141
916028917
916101079
916173647
916246129
916319447
916392989
916467311
916540403
916614887
916689187
916761361
916835221
916908989
916982609
917055773
917130001
917203123
917276159
917350087
917424317
917497883
917572133
917644727
917718337
917794217
917867449
917941627
918016219
918089533
918163567
918237611
918310507
918383779
918456151
918529021
918602549
918677057
918750047
918824017
918896663
918968293
919042177
919116361
919188877
919262243
919336241
919410091
919483771
919557797
919629883
919703233
919776271
919849537
919922473
919995631
920069063
920142043
920216107
920290619
920362997
920435819
920509547
920584109
920656679
920730449
920803753
920876291
920949751
921022253
921095473
921169597
921243941
921318443
921392867
921466571
921540041
921613909
921687287
921760241
921833113
921907043
921981107
922055117
922128223
922202423
922275553
922349027
922424149
922497143
922571621
922645649
922720229
922792889
922866677
922940423
923013697
923086973
923160727
923235431
923308499
923382157
923455571
923531311
923604013
923677319
923752057
923826089
923899103
923972807
924046507
924120163
924194081
924267233
924340273
924414943
924488029
924561233
924634871
924708497
924782647
924855851
924931279
925004137
925077259
925150189
925223777
925298063
925371277
925445639
925520209
925593817
925666853
925739809
925812397
925886389
925960561
926034619
926107841
926182067
926254829
926327351
926401123
926474377
926548913
926622559
926696629
926771437
926844229
926917939
926991529
927066223
927140551
927212941
927286531
927360589
927434579
927508801
927583639
927658463
927731851
927806863
927879857
927954109
928027349
928101509
928175113
928249067
928322321
928395907
928468721
928543463
928616641
928690363
928765219
928838927
928914209
928988867
929063533
929138747
929213177
929286467
929360903
929434061
929507483
929580611
929653903
929728927
929803139
929877301
929949721
930024127
930096581
930170719
930245443
930318989
930392831
930465553
930539173
930613279
930687533
930761219
930834379
930907891
930981907
931056103
931130591
931204343
931278259
931350991
931424827
931497991
931572589
931646017
931720249
931793333
931866907
931941707
932015353
932090651
932164381
932237569
932311091
932385073
932459279
932533247
932607127
932681203
932755793
932828003
932901269
932975143
933049157
933122441
933195937
933269243
933344023
933417299
933491563
933565429
933639017
933712697
933785663
933858697
933931213
934005799
934081703
934156591
934229581
934303199
934378481
934451993
934525237
934598453
934671733
934745753
934819591
934893391
934967927
935042083
935115127
935188183
935261713
935335517
935409499
935482843
935555837
935629861
935704013
935778157
935850989
935925421
935999431
936073981
936145939
936221743
936295279
936367787
936443173
936517987
936592567
936666307
936739871
936813833
936888677
936963337
937037401
937110929
937185679
937260217
937333373
937407463
937480927
937554853
937627711
937703413
937776547
937851331
937925893
937999481
938073589
938147033
938221091
938296049
938369317
938443381
938516479
938591209
938665223
938738989
938813147
938887837
938960443
939035621
939109841
939184067
939257063
939332159
939405853
939480853
939555329
939630781
939705157
939779063
939853363
939927623
940002269
940075361
940150147
940224191
940298297
940371851
940445453
940519603
940594261
940667053
940740341
940814123
940886333
940961471
941036347
941111071
941185039
941259491
941332291
941406733
941481269
941554157
941626981
941701381
941775017
941851151
941925781
942000827
942074213
942148631
942222101
942296743
942370777
942445411
942518791
942591491
942665821
942739823
942815453
942889517
942964271
943038599
943112591
943186243
943261247
943335077
943409903
943483909
943558211
943631159
943705417
943779563
943853189
943925777
943997783
944072081
944146031
944220061
944294051
944370061
944443693
944516879
944591437
944667011
944740751
944816083
944889383
944963473
945038293
945112699
945185581
945259951
945334961
945410387
945483841
945557467
945631451
945705197
945780113
945853549
945928183
946001687
946076357
946150129
946224283
946297871
946371707
946446877
946520077
946593821
946668497
946743869
946819729
946894379
946967149
947040487
947113589
947187799
947260441
947334701
947408621
947483567
947557343
947631353
947704753
947777639
947852083
947927273
948001031
948074983
948149803
948223663
948299137
948372329
948447809
948522187
948595177
948669727
948745283
948819043
948892751
948966791
949040977
949115633
949189127
949264549
949339253
949413659
949487743
949561117
949634827
949709179
949784659
949859147
949933507
950007323
950081647
950156833
950230951
950305813
950379779
950454719
950530073
950604049
950677687
950753389
950827123
950900393
950974649
951048083
951122231
951197921
951272551
951348347
951422831
951495473
951570593
951643877
951719179
951794267
951867881
951942419
952015751
952089673
952163477
952237373
952311973
952386907
952461563
952536383
952611613
952686731
952759861
952833611
952908317
952982909
953056483
953130707
953204797
953277929
953352919
953427053
953501057
953576083
953650409
953724253
953799967
953874223
953946593
954021193
954095323
954169273
954243691
954317071
954392473
954466759
954541921
954616133
954689959
954763819
954837869
954912617
954987751
955060829
955135121
955209767
955284493
955357217
955431973
955506467
955581113
955656497
955731187
955805651
955880873
955956497
956030939
956105719
956180509
956253967
956328647
956403143
956478689
956552579
956627299
956700967
956774821
956849827
956921983
956997109
957072967
957146207
957220301
957294913
957367727
957441523
957516617
957590483
957664321
957739151
957813431
957887311
957962329
958036999
958111603
958187161
958262561
958336409
958410883
958484057
958557689
958632611
958706669
958780499
958856237
958931599
959005283
959079241
959152343
959227783
959300971
959374529
959449573
959524343
959599363
959673707
959747713
959822911
959896657
959971169
960045601
960119947
960194467
960268391
960342169
960416903
960489553
960563453
960639241
960713543
960789287
960863257
960938081
961011917
961086541
961161067
961234543
961309627
961384007
961458359
961532437
961607893
961683637
961759079
961833799
961908881
961983439
962058593
962133031
962208337
962283137
962358583
962430691
962505413
962579173
962653009
962727481
962802629
962876977
962951669
963025627
963100043
963174521
963248903
963324493
963400601
963474497
963548459
963623473
963698447
963772591
963845749
963920513
963993913
964068671
964144481
964218901
964293089
964368331
964443377
964517999
964593283
964666957
964742357
964817107
964892629
964967261
965042171
965116963
965191861
965265397
965339399
965413931
965488343
965563003
965637397
965712871
965787749
965864257
965938643
966013837
966089071
966165169
966238393
966313451
966387473
966463117
966537773
966612037
966686723
966760979
966836149
966910391
966985351
967060103
967135343
967209857
967285087
967360217
967435307
967509649
967584809
967660007
967734091
967807081
967882229
967957327
968030461
968106569
968180881
968255441
968330347
968404837
968479637
968554463
968628889
968705477
968779439
968853841
968929937
969003703
969078293
969153641
969227423
969300491
969375559
969451261
969526309
969600449
969675011
969750281
969825457
969899789
969974273
970049711
970124713
970198093
970273277
970347773
970422461
970496249
970570663
970646689
970721839
970795337
970870843
970945337
971019941
971095289
971169571
971246561
971321627
971396551
971471381
971546531
971620957
971694943
971770043
971845267
971920687
971995361
972069853
972144023
972219673
972295333
972370873
972444541
972518773
972593827
972669253
972744893
972819721
972895457
972970543
973045393
973121143
973197437
973272233
973347983
973421783
973496201
973570069
973644923
973720457
973794389
973870181
973944899
974020469
974094931
974169941
974245529
974320063
974395571
974470793
974545963
974620417
974695837
974769827
974845513
974919097
974994073
975070141
975144013
975219313
975296213
975370559
975446687
975521249
975596837
975671663
975746861
975821563
975896851
975973373
976048553
976123699
976198763
976273891
976347991
976423429
976498807
976573489
976647491
976722613
976797797
976872461
976946549
977021879
977096221
977171177
977245937
977320819
977396621
977472283
977546639
977621191
977695841
977771549
977847187
977921897
977996527
978072811
978147551
978223121
978298109
978373709
978447361
978522343
978597049
978673079
978750251
978825817
978900947
978975469
979052069
979125671
979199209
979274129
979348933
979425019
979499669
979575349
979651531
979726613
979802177
979876441
979952899
980026483
980101739
980176991
980252839
980328553
980402173
980477473
980552203
980628721
980703377
980780587
980854681
980930087
981005183
981080417
981154913
981229679
981303679
981379769
981454057
981528941
981603197
981679579
981756371
981830921
981905891
981982049
982058251
982132981
982209071
982283629
982358683
982432631
982506913
982582387
982657931
982733407
982808747
982882951
982956551
983031857
983107207
983181497
983258123
983332799
983407331
983483173
983558699
983633809
983709037
983785123
983858417
983932949
984006671
984080753
984155827
984232111
984306977
984383111
984456953
984533003
984607993
984683009
984759851
984833879
984908741
984984211
985059553
985136287
985210973
985287203
985360367
985435499
985510871
985585219
985659869
985736539
985812557
985887739
985963079
986037641
986113253
986189521
986263489
986338699
986414771
986491123
986564933
986640199
986714611
986788787
986864251
986940821
987016127
987090619
987165923
987241457
987316819
987393049
987468773
987543803
987619837
987695483
987769117
987844339
987920209
987996011
988070371
988145731
988221629
988298291
988373473
988447589
988523533
988600061
988675603
988751537
988826087
988901299
988976141
989052037
989127913
989202233
989277001
989353363
989428907
989505301
989580103
989653633
989729879
989805269
989880929
989957041
990032971
990107023
990182107
990258487
990333769
990410101
990485107
990560663
990636239
990711109
990785821
990862099
990936797
991012483
991087337
991162457
991237189
991311907
991387247
991461481
991536257
991612997
991689107
991765387
991841303
991917643
991993313
992069873
992144969
992219989
992295611
992371027
992446421
992522759
992597731
992673937
992749057
992824051
992899357
992974643
993050521
993124969
993199733
993275083
993351397
993426769
993503201
993578809
993654481
993729929
993806003
993882157
993956801
994033307
994108867
994184677
994260017
994334563
994410299
994485929
994560313
994636327
994712363
994788007
994863169
994939021
995015561
995088971
995163431
995240003
995315611
995391659
995468107
995543303
995619409
995695433
995770571
995845621
995921053
995997391
996071887
996147241
996223619
996298757
996373751
996449969
996525151
996600541
996676453
996751181
996826577
996902891
996978911
997054081
997130077
997205953
997282313
997357453
997432603
997508893
997583597
997659541
997735121
997809751
997884941
997959691
998036341
998112083
998188481
998263151
998338499
998412419
998488363
998563369
998639137
998713483
998789437
998865389
998940703
999016217
999092957
999169163
999244679
999320677
999395321
999471379
999548519
999624763
999701569
999778957
999855497
999930341
